"score","method","mrts_k","dataset","quantile","value"
"brier",1,0,1,0.9,0.0224585070181818
"brier",1,0,1,0.91,0.0189658113181818
"brier",1,0,1,0.92,0.0188617100954545
"brier",1,0,1,0.93,0.0170698648863636
"brier",1,0,1,0.94,0.0171669323227273
"brier",1,0,1,0.95,0.0144018453909091
"brier",1,0,1,0.96,0.0126931419818182
"brier",1,0,1,0.97,0.00753071246363636
"brier",1,0,1,0.98,0.00394174278636364
"brier",1,0,1,0.99,0.00672453913636364
"brier",1,0,1,0.995,0.00570126587727273
"brier",1,0,2,0.9,0.02433372925
"brier",1,0,2,0.91,0.0227288688045455
"brier",1,0,2,0.92,0.0220320584818182
"brier",1,0,2,0.93,0.0181080788863636
"brier",1,0,2,0.94,0.0176707404090909
"brier",1,0,2,0.95,0.0170962912863636
"brier",1,0,2,0.96,0.0160087885636364
"brier",1,0,2,0.97,0.0108576031318182
"brier",1,0,2,0.98,0.00719300670909091
"brier",1,0,2,0.99,0.0038137831
"brier",1,0,2,0.995,0.00219771199090909
"brier",1,0,3,0.9,0.0207311465
"brier",1,0,3,0.91,0.0191972702136364
"brier",1,0,3,0.92,0.0187884981045455
"brier",1,0,3,0.93,0.0165857799227273
"brier",1,0,3,0.94,0.0132772479818182
"brier",1,0,3,0.95,0.0091651222
"brier",1,0,3,0.96,0.00829431701818182
"brier",1,0,3,0.97,0.00661156461818182
"brier",1,0,3,0.98,0.00262921961363636
"brier",1,0,3,0.99,0.00231325526818182
"brier",1,0,3,0.995,0.000981073572727273
"brier",1,0,4,0.9,0.0112625172227273
"brier",1,0,4,0.91,0.00842876301363636
"brier",1,0,4,0.92,0.00715641823181818
"brier",1,0,4,0.93,0.00863037404545455
"brier",1,0,4,0.94,0.0105486430772727
"brier",1,0,4,0.95,0.00623949136363636
"brier",1,0,4,0.96,0.00783245732272727
"brier",1,0,4,0.97,0.00731927272272727
"brier",1,0,4,0.98,0.00624370112272727
"brier",1,0,4,0.99,0.00340916383181818
"brier",1,0,4,0.995,0.00432954459090909
"brier",1,0,5,0.9,0.0273806842227273
"brier",1,0,5,0.91,0.02613809245
"brier",1,0,5,0.92,0.0227982648409091
"brier",1,0,5,0.93,0.0211800000727273
"brier",1,0,5,0.94,0.0198755611590909
"brier",1,0,5,0.95,0.0156419662181818
"brier",1,0,5,0.96,0.0144516431090909
"brier",1,0,5,0.97,0.0119426205409091
"brier",1,0,5,0.98,0.00818503041363636
"brier",1,0,5,0.99,0.00642002845
"brier",1,0,5,0.995,0.00372060736818182
"brier",1,0,6,0.9,0.0159712956136364
"brier",1,0,6,0.91,0.0139431869727273
"brier",1,0,6,0.92,0.0137501107727273
"brier",1,0,6,0.93,0.01091342625
"brier",1,0,6,0.94,0.0109930743863636
"brier",1,0,6,0.95,0.0100993464227273
"brier",1,0,6,0.96,0.00901092365
"brier",1,0,6,0.97,0.00991128386363636
"brier",1,0,6,0.98,0.00708875594090909
"brier",1,0,6,0.99,0.00716185843181818
"brier",1,0,6,0.995,0.00444969670909091
"brier",1,0,7,0.9,0.0186091514045455
"brier",1,0,7,0.91,0.0187831723136364
"brier",1,0,7,0.92,0.0167690280409091
"brier",1,0,7,0.93,0.0142674954909091
"brier",1,0,7,0.94,0.0138850567727273
"brier",1,0,7,0.95,0.0129121369
"brier",1,0,7,0.96,0.0117296341090909
"brier",1,0,7,0.97,0.00760527020454546
"brier",1,0,7,0.98,0.00363226352272727
"brier",1,0,7,0.99,0.00297264132727273
"brier",1,0,7,0.995,0.00351902665
"brier",1,0,8,0.9,0.0187031247
"brier",1,0,8,0.91,0.0169806743727273
"brier",1,0,8,0.92,0.0185996058227273
"brier",1,0,8,0.93,0.0183949798409091
"brier",1,0,8,0.94,0.0187090421409091
"brier",1,0,8,0.95,0.0154583110136364
"brier",1,0,8,0.96,0.0132672842227273
"brier",1,0,8,0.97,0.0109967593727273
"brier",1,0,8,0.98,0.00882479357727273
"brier",1,0,8,0.99,0.00302773370909091
"brier",1,0,8,0.995,0.00311629574545455
"brier",1,0,9,0.9,0.0269537314954545
"brier",1,0,9,0.91,0.0250662678272727
"brier",1,0,9,0.92,0.0207500204590909
"brier",1,0,9,0.93,0.0185134293272727
"brier",1,0,9,0.94,0.0172502427727273
"brier",1,0,9,0.95,0.0151093924136364
"brier",1,0,9,0.96,0.0131470324590909
"brier",1,0,9,0.97,0.0109530140318182
"brier",1,0,9,0.98,0.00785219190909091
"brier",1,0,9,0.99,0.00648278630454545
"brier",1,0,9,0.995,0.00386276074545455
"brier",1,0,10,0.9,0.0185309913409091
"brier",1,0,10,0.91,0.0164583997227273
"brier",1,0,10,0.92,0.0143309641227273
"brier",1,0,10,0.93,0.0115608440181818
"brier",1,0,10,0.94,0.00858989809545455
"brier",1,0,10,0.95,0.00857933822272727
"brier",1,0,10,0.96,0.00713439569545455
"brier",1,0,10,0.97,0.00423445187727273
"brier",1,0,10,0.98,0.000773017868181818
"brier",1,0,10,0.99,0.00384228869090909
"brier",1,0,10,0.995,0.00318677265
"brier",2,0,1,0.9,0.0214621835272727
"brier",2,0,1,0.91,0.0180052925863636
"brier",2,0,1,0.92,0.0180290817681818
"brier",2,0,1,0.93,0.0163938339363636
"brier",2,0,1,0.94,0.0166344749772727
"brier",2,0,1,0.95,0.0136592899545455
"brier",2,0,1,0.96,0.0123639777727273
"brier",2,0,1,0.97,0.0077854576
"brier",2,0,1,0.98,0.00359328802272727
"brier",2,0,1,0.99,0.00492261246818182
"brier",2,0,1,0.995,0.0040821997
"brier",2,0,2,0.9,0.0242664279409091
"brier",2,0,2,0.91,0.0224274695909091
"brier",2,0,2,0.92,0.0216160366863636
"brier",2,0,2,0.93,0.0177388909909091
"brier",2,0,2,0.94,0.0165868894545455
"brier",2,0,2,0.95,0.0154496822909091
"brier",2,0,2,0.96,0.0142314765909091
"brier",2,0,2,0.97,0.0107223744318182
"brier",2,0,2,0.98,0.00713203318181818
"brier",2,0,2,0.99,0.00373973294545455
"brier",2,0,2,0.995,0.00206224772727273
"brier",2,0,3,0.9,0.0198498741363636
"brier",2,0,3,0.91,0.0184144805454545
"brier",2,0,3,0.92,0.0182657106409091
"brier",2,0,3,0.93,0.0160429665136364
"brier",2,0,3,0.94,0.0126546164545455
"brier",2,0,3,0.95,0.00889714557272727
"brier",2,0,3,0.96,0.00767160975909091
"brier",2,0,3,0.97,0.00609189038181818
"brier",2,0,3,0.98,0.00289960265909091
"brier",2,0,3,0.99,0.00210484334090909
"brier",2,0,3,0.995,0.00113900079545455
"brier",2,0,4,0.9,0.0106103455227273
"brier",2,0,4,0.91,0.00821127035454546
"brier",2,0,4,0.92,0.00704758143636364
"brier",2,0,4,0.93,0.00826735948636364
"brier",2,0,4,0.94,0.00940868750909091
"brier",2,0,4,0.95,0.00603255265909091
"brier",2,0,4,0.96,0.00702625602272727
"brier",2,0,4,0.97,0.00657132446363636
"brier",2,0,4,0.98,0.00557322008636364
"brier",2,0,4,0.99,0.00348893184545455
"brier",2,0,4,0.995,0.00311277524545455
"brier",2,0,5,0.9,0.0250542402045455
"brier",2,0,5,0.91,0.0239817168272727
"brier",2,0,5,0.92,0.0213175256681818
"brier",2,0,5,0.93,0.0199901047545455
"brier",2,0,5,0.94,0.0187745449545455
"brier",2,0,5,0.95,0.01471565725
"brier",2,0,5,0.96,0.0136232419045455
"brier",2,0,5,0.97,0.0113668780409091
"brier",2,0,5,0.98,0.00829822677272727
"brier",2,0,5,0.99,0.00558542487272727
"brier",2,0,5,0.995,0.00309505774545455
"brier",2,0,6,0.9,0.0157322471545455
"brier",2,0,6,0.91,0.0136346270363636
"brier",2,0,6,0.92,0.0135100146363636
"brier",2,0,6,0.93,0.0103091504227273
"brier",2,0,6,0.94,0.00944827795454545
"brier",2,0,6,0.95,0.00854375896363636
"brier",2,0,6,0.96,0.00861000054090909
"brier",2,0,6,0.97,0.00934554690909091
"brier",2,0,6,0.98,0.00681985440909091
"brier",2,0,6,0.99,0.00540100585909091
"brier",2,0,6,0.995,0.00359044515909091
"brier",2,0,7,0.9,0.0176928844909091
"brier",2,0,7,0.91,0.0182268544136364
"brier",2,0,7,0.92,0.0166267552636364
"brier",2,0,7,0.93,0.0140802639954545
"brier",2,0,7,0.94,0.0133391979681818
"brier",2,0,7,0.95,0.0123152491318182
"brier",2,0,7,0.96,0.0101021399681818
"brier",2,0,7,0.97,0.00713670734090909
"brier",2,0,7,0.98,0.00293188341818182
"brier",2,0,7,0.99,0.00252878331363636
"brier",2,0,7,0.995,0.00275037036818182
"brier",2,0,8,0.9,0.0179158545727273
"brier",2,0,8,0.91,0.0166051756545455
"brier",2,0,8,0.92,0.0178972086909091
"brier",2,0,8,0.93,0.0174404813318182
"brier",2,0,8,0.94,0.0183133764590909
"brier",2,0,8,0.95,0.0154757880136364
"brier",2,0,8,0.96,0.0130264260318182
"brier",2,0,8,0.97,0.0103487260045455
"brier",2,0,8,0.98,0.00829415374090909
"brier",2,0,8,0.99,0.00364339678636364
"brier",2,0,8,0.995,0.00325730652727273
"brier",2,0,9,0.9,0.0265574345227273
"brier",2,0,9,0.91,0.0248153628863636
"brier",2,0,9,0.92,0.0203542970545455
"brier",2,0,9,0.93,0.0180759037227273
"brier",2,0,9,0.94,0.0171239247272727
"brier",2,0,9,0.95,0.0149614122409091
"brier",2,0,9,0.96,0.0130492624772727
"brier",2,0,9,0.97,0.01090403745
"brier",2,0,9,0.98,0.00837699943636364
"brier",2,0,9,0.99,0.00591481724090909
"brier",2,0,9,0.995,0.00321450445909091
"brier",2,0,10,0.9,0.0183741978727273
"brier",2,0,10,0.91,0.0166057086863636
"brier",2,0,10,0.92,0.0144804245954545
"brier",2,0,10,0.93,0.0115724339272727
"brier",2,0,10,0.94,0.00848170115454545
"brier",2,0,10,0.95,0.00868479648636364
"brier",2,0,10,0.96,0.00723043574090909
"brier",2,0,10,0.97,0.00422662865454545
"brier",2,0,10,0.98,0.000792400763636364
"brier",2,0,10,0.99,0.0033609516
"brier",2,0,10,0.995,0.00288622058181818
"brier",3,0,1,0.9,0.0215535203909091
"brier",3,0,1,0.91,0.0176608497772727
"brier",3,0,1,0.92,0.0176027670454545
"brier",3,0,1,0.93,0.0163487998045455
"brier",3,0,1,0.94,0.0167032030545455
"brier",3,0,1,0.95,0.0137836542090909
"brier",3,0,1,0.96,0.01223226195
"brier",3,0,1,0.97,0.00774293398181818
"brier",3,0,1,0.98,0.00364749347272727
"brier",3,0,1,0.99,0.00497278361363636
"brier",3,0,1,0.995,0.00405644597727273
"brier",3,0,2,0.9,0.0242231406136364
"brier",3,0,2,0.91,0.0227039572409091
"brier",3,0,2,0.92,0.0227092902545455
"brier",3,0,2,0.93,0.0189764937545455
"brier",3,0,2,0.94,0.0172874724909091
"brier",3,0,2,0.95,0.0162367142727273
"brier",3,0,2,0.96,0.0148774039727273
"brier",3,0,2,0.97,0.0108817567181818
"brier",3,0,2,0.98,0.00727246854090909
"brier",3,0,2,0.99,0.00376994687727273
"brier",3,0,2,0.995,0.00209730105454545
"brier",3,0,3,0.9,0.0203339899272727
"brier",3,0,3,0.91,0.01879827935
"brier",3,0,3,0.92,0.0187257137681818
"brier",3,0,3,0.93,0.0166440794318182
"brier",3,0,3,0.94,0.0131996463954545
"brier",3,0,3,0.95,0.00914838544090909
"brier",3,0,3,0.96,0.00751828701818182
"brier",3,0,3,0.97,0.00609721953636364
"brier",3,0,3,0.98,0.00288604617272727
"brier",3,0,3,0.99,0.00207825353636364
"brier",3,0,3,0.995,0.00114313517272727
"brier",3,0,4,0.9,0.0105545880727273
"brier",3,0,4,0.91,0.00834385792727273
"brier",3,0,4,0.92,0.00704480995
"brier",3,0,4,0.93,0.00802951119090909
"brier",3,0,4,0.94,0.00928541334090909
"brier",3,0,4,0.95,0.0060995405
"brier",3,0,4,0.96,0.00707591612272727
"brier",3,0,4,0.97,0.00655300184545455
"brier",3,0,4,0.98,0.00548055632272727
"brier",3,0,4,0.99,0.00341184024090909
"brier",3,0,4,0.995,0.00301965930909091
"brier",3,0,5,0.9,0.0258549182590909
"brier",3,0,5,0.91,0.0250099488227273
"brier",3,0,5,0.92,0.0216690972409091
"brier",3,0,5,0.93,0.0204831570727273
"brier",3,0,5,0.94,0.0185703679227273
"brier",3,0,5,0.95,0.0149561661363636
"brier",3,0,5,0.96,0.0136949592045455
"brier",3,0,5,0.97,0.01151688465
"brier",3,0,5,0.98,0.00832693655
"brier",3,0,5,0.99,0.00555767290454545
"brier",3,0,5,0.995,0.00308677429090909
"brier",3,0,6,0.9,0.0155566891227273
"brier",3,0,6,0.91,0.0135835528636364
"brier",3,0,6,0.92,0.0134232735590909
"brier",3,0,6,0.93,0.0101799011590909
"brier",3,0,6,0.94,0.00931275257272727
"brier",3,0,6,0.95,0.00853097254090909
"brier",3,0,6,0.96,0.00846881775909091
"brier",3,0,6,0.97,0.00912461281818182
"brier",3,0,6,0.98,0.00680964881363636
"brier",3,0,6,0.99,0.00553373401818182
"brier",3,0,6,0.995,0.00359052297272727
"brier",3,0,7,0.9,0.0181597335272727
"brier",3,0,7,0.91,0.0183110705954545
"brier",3,0,7,0.92,0.0168830389590909
"brier",3,0,7,0.93,0.0145993798727273
"brier",3,0,7,0.94,0.0136271882045455
"brier",3,0,7,0.95,0.0125308054318182
"brier",3,0,7,0.96,0.0102644253318182
"brier",3,0,7,0.97,0.00706929704545455
"brier",3,0,7,0.98,0.00307099204545455
"brier",3,0,7,0.99,0.00246219417727273
"brier",3,0,7,0.995,0.002709639
"brier",3,0,8,0.9,0.0182262195818182
"brier",3,0,8,0.91,0.0168434945363636
"brier",3,0,8,0.92,0.0185991892545455
"brier",3,0,8,0.93,0.0179829902090909
"brier",3,0,8,0.94,0.0187051430227273
"brier",3,0,8,0.95,0.0157844509863636
"brier",3,0,8,0.96,0.0130032618909091
"brier",3,0,8,0.97,0.0105898779954545
"brier",3,0,8,0.98,0.00826603558636364
"brier",3,0,8,0.99,0.00356296123181818
"brier",3,0,8,0.995,0.00320993872272727
"brier",3,0,9,0.9,0.026773177
"brier",3,0,9,0.91,0.0250560947727273
"brier",3,0,9,0.92,0.0206339931181818
"brier",3,0,9,0.93,0.0179494370090909
"brier",3,0,9,0.94,0.0169097168136364
"brier",3,0,9,0.95,0.0149276748363636
"brier",3,0,9,0.96,0.0129817636136364
"brier",3,0,9,0.97,0.0106642261318182
"brier",3,0,9,0.98,0.00818602425
"brier",3,0,9,0.99,0.00589345183636364
"brier",3,0,9,0.995,0.00322722968181818
"brier",3,0,10,0.9,0.0182972844181818
"brier",3,0,10,0.91,0.0162485854681818
"brier",3,0,10,0.92,0.0143734168272727
"brier",3,0,10,0.93,0.0116037103045455
"brier",3,0,10,0.94,0.00862944678636364
"brier",3,0,10,0.95,0.00859743670909091
"brier",3,0,10,0.96,0.00713153474090909
"brier",3,0,10,0.97,0.00408666820454545
"brier",3,0,10,0.98,0.000742850395454545
"brier",3,0,10,0.99,0.00335665975454545
"brier",3,0,10,0.995,0.00288674460909091
"brier",4,0,1,0.9,0.0215161772272727
"brier",4,0,1,0.91,0.0177135351090909
"brier",4,0,1,0.92,0.0178872082272727
"brier",4,0,1,0.93,0.0165600864863636
"brier",4,0,1,0.94,0.0168437790454545
"brier",4,0,1,0.95,0.0140005461909091
"brier",4,0,1,0.96,0.0125432818318182
"brier",4,0,1,0.97,0.00775696041363636
"brier",4,0,1,0.98,0.0035832927
"brier",4,0,1,0.99,0.00499337239090909
"brier",4,0,1,0.995,0.00406986928181818
"brier",4,0,2,0.9,0.0245559850681818
"brier",4,0,2,0.91,0.0226159269136364
"brier",4,0,2,0.92,0.0219344236727273
"brier",4,0,2,0.93,0.0176989744272727
"brier",4,0,2,0.94,0.0166351252090909
"brier",4,0,2,0.95,0.0158211729954545
"brier",4,0,2,0.96,0.0143595333181818
"brier",4,0,2,0.97,0.0106911927818182
"brier",4,0,2,0.98,0.00706272920909091
"brier",4,0,2,0.99,0.00376365863636364
"brier",4,0,2,0.995,0.00210632134090909
"brier",4,0,3,0.9,0.0199372713272727
"brier",4,0,3,0.91,0.0185282441636364
"brier",4,0,3,0.92,0.0183768286727273
"brier",4,0,3,0.93,0.0161224538590909
"brier",4,0,3,0.94,0.0127786350954545
"brier",4,0,3,0.95,0.00886768837727273
"brier",4,0,3,0.96,0.00759480006818182
"brier",4,0,3,0.97,0.00599334808181818
"brier",4,0,3,0.98,0.00290668771818182
"brier",4,0,3,0.99,0.00215837791818182
"brier",4,0,3,0.995,0.00111504452727273
"brier",4,0,4,0.9,0.0105616255636364
"brier",4,0,4,0.91,0.00822286507272727
"brier",4,0,4,0.92,0.00718127254090909
"brier",4,0,4,0.93,0.00828117566818182
"brier",4,0,4,0.94,0.00931738768636364
"brier",4,0,4,0.95,0.00611360888181818
"brier",4,0,4,0.96,0.00678420475454546
"brier",4,0,4,0.97,0.00662235042272727
"brier",4,0,4,0.98,0.00598114687727273
"brier",4,0,4,0.99,0.00343446752272727
"brier",4,0,4,0.995,0.00300658540454545
"brier",4,0,5,0.9,0.0256028333590909
"brier",4,0,5,0.91,0.02436319155
"brier",4,0,5,0.92,0.0215005854272727
"brier",4,0,5,0.93,0.0202849375636364
"brier",4,0,5,0.94,0.0189254025181818
"brier",4,0,5,0.95,0.0148281269045455
"brier",4,0,5,0.96,0.0138425843318182
"brier",4,0,5,0.97,0.0117413107409091
"brier",4,0,5,0.98,0.00826068731363636
"brier",4,0,5,0.99,0.00581311817727273
"brier",4,0,5,0.995,0.00330302352727273
"brier",4,0,6,0.9,0.0160330173636364
"brier",4,0,6,0.91,0.0138954532227273
"brier",4,0,6,0.92,0.0137052872272727
"brier",4,0,6,0.93,0.0100699708545455
"brier",4,0,6,0.94,0.00944532897727273
"brier",4,0,6,0.95,0.00866521184545455
"brier",4,0,6,0.96,0.00875636984090909
"brier",4,0,6,0.97,0.00923753057272727
"brier",4,0,6,0.98,0.00713279956818182
"brier",4,0,6,0.99,0.00579150351363636
"brier",4,0,6,0.995,0.00379698461363636
"brier",4,0,7,0.9,0.0183344433636364
"brier",4,0,7,0.91,0.0190135477409091
"brier",4,0,7,0.92,0.0169530355363636
"brier",4,0,7,0.93,0.0142250540136364
"brier",4,0,7,0.94,0.0135058150863636
"brier",4,0,7,0.95,0.0125586443318182
"brier",4,0,7,0.96,0.0100981884227273
"brier",4,0,7,0.97,0.00735643117727273
"brier",4,0,7,0.98,0.003189408
"brier",4,0,7,0.99,0.00243930456363636
"brier",4,0,7,0.995,0.00278350545909091
"brier",4,0,8,0.9,0.01893446835
"brier",4,0,8,0.91,0.0173989290681818
"brier",4,0,8,0.92,0.0188638984
"brier",4,0,8,0.93,0.0184131206181818
"brier",4,0,8,0.94,0.0190795021181818
"brier",4,0,8,0.95,0.0159209379272727
"brier",4,0,8,0.96,0.0134206153590909
"brier",4,0,8,0.97,0.01061221055
"brier",4,0,8,0.98,0.00824503834545454
"brier",4,0,8,0.99,0.00354125367727273
"brier",4,0,8,0.995,0.00328927402272727
"brier",4,0,9,0.9,0.0268531548727273
"brier",4,0,9,0.91,0.0252600478136364
"brier",4,0,9,0.92,0.0207007336136364
"brier",4,0,9,0.93,0.0181887524409091
"brier",4,0,9,0.94,0.0171603810181818
"brier",4,0,9,0.95,0.0150364314363636
"brier",4,0,9,0.96,0.0130076489318182
"brier",4,0,9,0.97,0.0107889312045455
"brier",4,0,9,0.98,0.00821116900909091
"brier",4,0,9,0.99,0.00603711590909091
"brier",4,0,9,0.995,0.00326754603636364
"brier",4,0,10,0.9,0.0180097181181818
"brier",4,0,10,0.91,0.0160911135454545
"brier",4,0,10,0.92,0.0142410400636364
"brier",4,0,10,0.93,0.0113685020545455
"brier",4,0,10,0.94,0.00861362160454545
"brier",4,0,10,0.95,0.0087982125
"brier",4,0,10,0.96,0.00731668473181818
"brier",4,0,10,0.97,0.00420808295909091
"brier",4,0,10,0.98,0.000764153886363636
"brier",4,0,10,0.99,0.00344161223181818
"brier",4,0,10,0.995,0.00281339852727273
"brier",5,0,1,0.9,0.0210663894636364
"brier",5,0,1,0.91,0.0173389685272727
"brier",5,0,1,0.92,0.0172830466454545
"brier",5,0,1,0.93,0.0161173333409091
"brier",5,0,1,0.94,0.0168666293818182
"brier",5,0,1,0.95,0.0141548701272727
"brier",5,0,1,0.96,0.01266557865
"brier",5,0,1,0.97,0.00776088131363636
"brier",5,0,1,0.98,0.00389753275909091
"brier",5,0,1,0.99,0.00515113390454545
"brier",5,0,1,0.995,0.00422511138636364
"brier",5,0,2,0.9,0.0244493881090909
"brier",5,0,2,0.91,0.0229217486045455
"brier",5,0,2,0.92,0.0225715648454545
"brier",5,0,2,0.93,0.0188741627318182
"brier",5,0,2,0.94,0.0172209653909091
"brier",5,0,2,0.95,0.0162322274681818
"brier",5,0,2,0.96,0.0148333744136364
"brier",5,0,2,0.97,0.0107863718545455
"brier",5,0,2,0.98,0.00721972650909091
"brier",5,0,2,0.99,0.00391249842272727
"brier",5,0,2,0.995,0.00222802603636364
"brier",5,0,3,0.9,0.0232135825954545
"brier",5,0,3,0.91,0.0217070481272727
"brier",5,0,3,0.92,0.0206335816227273
"brier",5,0,3,0.93,0.0172430536954545
"brier",5,0,3,0.94,0.0142084970863636
"brier",5,0,3,0.95,0.00969885421363636
"brier",5,0,3,0.96,0.00941315538636364
"brier",5,0,3,0.97,0.00717543136818182
"brier",5,0,3,0.98,0.00339984819545455
"brier",5,0,3,0.99,0.00299451751363636
"brier",5,0,3,0.995,0.00191625298636364
"brier",5,0,4,0.9,0.0136423703636364
"brier",5,0,4,0.91,0.0108837827090909
"brier",5,0,4,0.92,0.00849054073181818
"brier",5,0,4,0.93,0.00847930322272727
"brier",5,0,4,0.94,0.00904198671818182
"brier",5,0,4,0.95,0.00710107776818182
"brier",5,0,4,0.96,0.00807163193181818
"brier",5,0,4,0.97,0.00771809832727273
"brier",5,0,4,0.98,0.00511326453636364
"brier",5,0,4,0.99,0.00414929334545455
"brier",5,0,4,0.995,0.00306572211818182
"brier",5,0,5,0.9,0.0276903885409091
"brier",5,0,5,0.91,0.0265428610318182
"brier",5,0,5,0.92,0.0229255642318182
"brier",5,0,5,0.93,0.0213668678090909
"brier",5,0,5,0.94,0.0193013814863636
"brier",5,0,5,0.95,0.0152414208181818
"brier",5,0,5,0.96,0.0140899532090909
"brier",5,0,5,0.97,0.0116757330090909
"brier",5,0,5,0.98,0.00790043036818182
"brier",5,0,5,0.99,0.00578822261818182
"brier",5,0,5,0.995,0.00332082071818182
"brier",5,0,6,0.9,0.0204899654409091
"brier",5,0,6,0.91,0.0177930362
"brier",5,0,6,0.92,0.0164737487863636
"brier",5,0,6,0.93,0.0126681217227273
"brier",5,0,6,0.94,0.0105360868545455
"brier",5,0,6,0.95,0.0107730086454545
"brier",5,0,6,0.96,0.0111777863954545
"brier",5,0,6,0.97,0.0101792047
"brier",5,0,6,0.98,0.00771927636818182
"brier",5,0,6,0.99,0.00642821341818182
"brier",5,0,6,0.995,0.00442207471363636
"brier",5,0,7,0.9,0.0190200138772727
"brier",5,0,7,0.91,0.0195206873181818
"brier",5,0,7,0.92,0.0176846730545455
"brier",5,0,7,0.93,0.0156333634818182
"brier",5,0,7,0.94,0.0145075231181818
"brier",5,0,7,0.95,0.0133137450590909
"brier",5,0,7,0.96,0.0106209773954545
"brier",5,0,7,0.97,0.00689496960454545
"brier",5,0,7,0.98,0.00310724946818182
"brier",5,0,7,0.99,0.00254526085
"brier",5,0,7,0.995,0.00271235143636364
"brier",5,0,8,0.9,0.0183069884909091
"brier",5,0,8,0.91,0.0170047982909091
"brier",5,0,8,0.92,0.0188108133136364
"brier",5,0,8,0.93,0.0182391104863636
"brier",5,0,8,0.94,0.0189082384818182
"brier",5,0,8,0.95,0.0157489300318182
"brier",5,0,8,0.96,0.0130245350272727
"brier",5,0,8,0.97,0.0105585759454545
"brier",5,0,8,0.98,0.00828004235454546
"brier",5,0,8,0.99,0.00337195003636364
"brier",5,0,8,0.995,0.00320053831818182
"brier",5,0,9,0.9,0.0276712900727273
"brier",5,0,9,0.91,0.0261684631181818
"brier",5,0,9,0.92,0.0224954263909091
"brier",5,0,9,0.93,0.0204767838681818
"brier",5,0,9,0.94,0.0182282467818182
"brier",5,0,9,0.95,0.0153081641181818
"brier",5,0,9,0.96,0.0136834007818182
"brier",5,0,9,0.97,0.0115553961409091
"brier",5,0,9,0.98,0.00910910372727273
"brier",5,0,9,0.99,0.0062907052
"brier",5,0,9,0.995,0.00346319707272727
"brier",5,0,10,0.9,0.0198047958454545
"brier",5,0,10,0.91,0.0177809140863636
"brier",5,0,10,0.92,0.0156422272772727
"brier",5,0,10,0.93,0.01253979395
"brier",5,0,10,0.94,0.00996689961363636
"brier",5,0,10,0.95,0.00922572554090909
"brier",5,0,10,0.96,0.0073551132
"brier",5,0,10,0.97,0.00404939090909091
"brier",5,0,10,0.98,0.000836643763636364
"brier",5,0,10,0.99,0.00317221589545455
"brier",5,0,10,0.995,0.00325464373636364
"brier",1,3,1,0.9,0.02242210365
"brier",1,3,1,0.91,0.01895504905
"brier",1,3,1,0.92,0.0188713596727273
"brier",1,3,1,0.93,0.0171061184409091
"brier",1,3,1,0.94,0.0171583035090909
"brier",1,3,1,0.95,0.0143763923909091
"brier",1,3,1,0.96,0.0126797106363636
"brier",1,3,1,0.97,0.00750454854545455
"brier",1,3,1,0.98,0.00394720875909091
"brier",1,3,1,0.99,0.00671720770454545
"brier",1,3,1,0.995,0.00569008184090909
"brier",1,3,2,0.9,0.0243667589909091
"brier",1,3,2,0.91,0.0227896730727273
"brier",1,3,2,0.92,0.02201799675
"brier",1,3,2,0.93,0.0181570120090909
"brier",1,3,2,0.94,0.0176830166
"brier",1,3,2,0.95,0.0170768662772727
"brier",1,3,2,0.96,0.0160049520181818
"brier",1,3,2,0.97,0.0108845284727273
"brier",1,3,2,0.98,0.00720498277727273
"brier",1,3,2,0.99,0.00381789320909091
"brier",1,3,2,0.995,0.0021817157
"brier",1,3,3,0.9,0.0207170979681818
"brier",1,3,3,0.91,0.0191918154227273
"brier",1,3,3,0.92,0.0187561395272727
"brier",1,3,3,0.93,0.0165791009318182
"brier",1,3,3,0.94,0.0132834561818182
"brier",1,3,3,0.95,0.00920033149545454
"brier",1,3,3,0.96,0.00830149452727273
"brier",1,3,3,0.97,0.00661396305909091
"brier",1,3,3,0.98,0.00263828588181818
"brier",1,3,3,0.99,0.00230900786818182
"brier",1,3,3,0.995,0.000958042745454545
"brier",1,3,4,0.9,0.0112464812409091
"brier",1,3,4,0.91,0.00838243108181818
"brier",1,3,4,0.92,0.00714374091818182
"brier",1,3,4,0.93,0.00863466956818182
"brier",1,3,4,0.94,0.0105711109181818
"brier",1,3,4,0.95,0.00625840160454545
"brier",1,3,4,0.96,0.00780978082272727
"brier",1,3,4,0.97,0.00729657977727273
"brier",1,3,4,0.98,0.00624723786818182
"brier",1,3,4,0.99,0.00341827377272727
"brier",1,3,4,0.995,0.00432243050454545
"brier",1,3,5,0.9,0.0274159584136364
"brier",1,3,5,0.91,0.0261755800045455
"brier",1,3,5,0.92,0.0228003034181818
"brier",1,3,5,0.93,0.0211386000272727
"brier",1,3,5,0.94,0.0197981183909091
"brier",1,3,5,0.95,0.0156763068
"brier",1,3,5,0.96,0.0144992282136364
"brier",1,3,5,0.97,0.0119868582136364
"brier",1,3,5,0.98,0.00821347554545455
"brier",1,3,5,0.99,0.00643882948181818
"brier",1,3,5,0.995,0.00372256863181818
"brier",1,3,6,0.9,0.0159589509681818
"brier",1,3,6,0.91,0.0139213401772727
"brier",1,3,6,0.92,0.0137491975136364
"brier",1,3,6,0.93,0.0108908341590909
"brier",1,3,6,0.94,0.0109895234409091
"brier",1,3,6,0.95,0.0100913737863636
"brier",1,3,6,0.96,0.00903178473636364
"brier",1,3,6,0.97,0.00991093315909091
"brier",1,3,6,0.98,0.00705811783636364
"brier",1,3,6,0.99,0.00716179828636364
"brier",1,3,6,0.995,0.00446980600909091
"brier",1,3,7,0.9,0.0186478037590909
"brier",1,3,7,0.91,0.0187932900181818
"brier",1,3,7,0.92,0.0167432472181818
"brier",1,3,7,0.93,0.0142692454681818
"brier",1,3,7,0.94,0.0138603868318182
"brier",1,3,7,0.95,0.01290977845
"brier",1,3,7,0.96,0.0117304865181818
"brier",1,3,7,0.97,0.00762707245
"brier",1,3,7,0.98,0.00364427032727273
"brier",1,3,7,0.99,0.00296159434090909
"brier",1,3,7,0.995,0.0035244282
"brier",1,3,8,0.9,0.0187096436272727
"brier",1,3,8,0.91,0.0170064555772727
"brier",1,3,8,0.92,0.0186068524818182
"brier",1,3,8,0.93,0.0183976756045455
"brier",1,3,8,0.94,0.0187103501727273
"brier",1,3,8,0.95,0.0154345197636364
"brier",1,3,8,0.96,0.0132742604818182
"brier",1,3,8,0.97,0.0110456023090909
"brier",1,3,8,0.98,0.00885687347272727
"brier",1,3,8,0.99,0.00306312002727273
"brier",1,3,8,0.995,0.00314623587727273
"brier",1,3,9,0.9,0.0270076873545455
"brier",1,3,9,0.91,0.025106892
"brier",1,3,9,0.92,0.02079364535
"brier",1,3,9,0.93,0.0185518256636364
"brier",1,3,9,0.94,0.0173063540772727
"brier",1,3,9,0.95,0.0151373527409091
"brier",1,3,9,0.96,0.0132139884954545
"brier",1,3,9,0.97,0.0109448411090909
"brier",1,3,9,0.98,0.00789100015909091
"brier",1,3,9,0.99,0.0064833366
"brier",1,3,9,0.995,0.00383997279090909
"brier",1,3,10,0.9,0.0185373614136364
"brier",1,3,10,0.91,0.0164901916545455
"brier",1,3,10,0.92,0.0143335038
"brier",1,3,10,0.93,0.0115787618772727
"brier",1,3,10,0.94,0.00862800256818182
"brier",1,3,10,0.95,0.00857406773181818
"brier",1,3,10,0.96,0.00710270684090909
"brier",1,3,10,0.97,0.00421889603181818
"brier",1,3,10,0.98,0.000773344981818182
"brier",1,3,10,0.99,0.00383240221818182
"brier",1,3,10,0.995,0.00318286585909091
"brier",2,3,1,0.9,0.02144486935
"brier",2,3,1,0.91,0.0179172917636364
"brier",2,3,1,0.92,0.0179498321454545
"brier",2,3,1,0.93,0.0163846005181818
"brier",2,3,1,0.94,0.0165970370954545
"brier",2,3,1,0.95,0.01362510565
"brier",2,3,1,0.96,0.0123250108863636
"brier",2,3,1,0.97,0.00778999988181818
"brier",2,3,1,0.98,0.00358310657272727
"brier",2,3,1,0.99,0.00490630828181818
"brier",2,3,1,0.995,0.00408295148636364
"brier",2,3,2,0.9,0.0242231044863636
"brier",2,3,2,0.91,0.0224016450318182
"brier",2,3,2,0.92,0.0216037822227273
"brier",2,3,2,0.93,0.0177698096045455
"brier",2,3,2,0.94,0.0166734466318182
"brier",2,3,2,0.95,0.0155097141454545
"brier",2,3,2,0.96,0.0142705623909091
"brier",2,3,2,0.97,0.0107634947954545
"brier",2,3,2,0.98,0.00714086224545455
"brier",2,3,2,0.99,0.00376590145909091
"brier",2,3,2,0.995,0.00204305591818182
"brier",2,3,3,0.9,0.0198448426318182
"brier",2,3,3,0.91,0.0183921993227273
"brier",2,3,3,0.92,0.0182145924727273
"brier",2,3,3,0.93,0.0160189736681818
"brier",2,3,3,0.94,0.0126813490090909
"brier",2,3,3,0.95,0.00890121965
"brier",2,3,3,0.96,0.00768205859545455
"brier",2,3,3,0.97,0.00611245467272727
"brier",2,3,3,0.98,0.00291384113181818
"brier",2,3,3,0.99,0.00210162146363636
"brier",2,3,3,0.995,0.00113796441363636
"brier",2,3,4,0.9,0.01066343475
"brier",2,3,4,0.91,0.00824103322727273
"brier",2,3,4,0.92,0.00703121401363636
"brier",2,3,4,0.93,0.00823603784545455
"brier",2,3,4,0.94,0.00938613537272727
"brier",2,3,4,0.95,0.00606055864090909
"brier",2,3,4,0.96,0.00699534729090909
"brier",2,3,4,0.97,0.006546354
"brier",2,3,4,0.98,0.00553602956818182
"brier",2,3,4,0.99,0.00347335492727273
"brier",2,3,4,0.995,0.0031134776
"brier",2,3,5,0.9,0.0250766389272727
"brier",2,3,5,0.91,0.0239958003909091
"brier",2,3,5,0.92,0.0213197632636364
"brier",2,3,5,0.93,0.0199940726590909
"brier",2,3,5,0.94,0.0187542948863636
"brier",2,3,5,0.95,0.0147061500863636
"brier",2,3,5,0.96,0.0135981655318182
"brier",2,3,5,0.97,0.01136834295
"brier",2,3,5,0.98,0.00829479873636364
"brier",2,3,5,0.99,0.00558536920454545
"brier",2,3,5,0.995,0.00309261176363636
"brier",2,3,6,0.9,0.0157426665681818
"brier",2,3,6,0.91,0.0136240480409091
"brier",2,3,6,0.92,0.0134989437954545
"brier",2,3,6,0.93,0.0103034744636364
"brier",2,3,6,0.94,0.00944071576818182
"brier",2,3,6,0.95,0.00857217282272727
"brier",2,3,6,0.96,0.0085838216
"brier",2,3,6,0.97,0.00934454647727273
"brier",2,3,6,0.98,0.00682965118181818
"brier",2,3,6,0.99,0.00538405219090909
"brier",2,3,6,0.995,0.00357368678636364
"brier",2,3,7,0.9,0.0176200385181818
"brier",2,3,7,0.91,0.0181744674636364
"brier",2,3,7,0.92,0.0165819386636364
"brier",2,3,7,0.93,0.0140696693181818
"brier",2,3,7,0.94,0.0133229466545455
"brier",2,3,7,0.95,0.0123298853045455
"brier",2,3,7,0.96,0.0101243477454545
"brier",2,3,7,0.97,0.0071043742
"brier",2,3,7,0.98,0.00290857133181818
"brier",2,3,7,0.99,0.00251145167727273
"brier",2,3,7,0.995,0.00274009419090909
"brier",2,3,8,0.9,0.0179157514272727
"brier",2,3,8,0.91,0.0165952926863636
"brier",2,3,8,0.92,0.0179082665409091
"brier",2,3,8,0.93,0.0174695760681818
"brier",2,3,8,0.94,0.0183576529454545
"brier",2,3,8,0.95,0.0155327559
"brier",2,3,8,0.96,0.0130932422772727
"brier",2,3,8,0.97,0.0104133856
"brier",2,3,8,0.98,0.00835198063636364
"brier",2,3,8,0.99,0.00365339514545455
"brier",2,3,8,0.995,0.00328139700454545
"brier",2,3,9,0.9,0.0266402846636364
"brier",2,3,9,0.91,0.0248827211409091
"brier",2,3,9,0.92,0.0203626633636364
"brier",2,3,9,0.93,0.0180455732545455
"brier",2,3,9,0.94,0.0171014310863636
"brier",2,3,9,0.95,0.0149304045818182
"brier",2,3,9,0.96,0.0130343910409091
"brier",2,3,9,0.97,0.0109019629272727
"brier",2,3,9,0.98,0.00841157938181818
"brier",2,3,9,0.99,0.0059470894
"brier",2,3,9,0.995,0.00321705852272727
"brier",2,3,10,0.9,0.0184068586590909
"brier",2,3,10,0.91,0.0166713474318182
"brier",2,3,10,0.92,0.0145270795045455
"brier",2,3,10,0.93,0.0115802643954545
"brier",2,3,10,0.94,0.00846902659545455
"brier",2,3,10,0.95,0.00865474837727273
"brier",2,3,10,0.96,0.00723315558181818
"brier",2,3,10,0.97,0.00421206180454546
"brier",2,3,10,0.98,0.00078256605
"brier",2,3,10,0.99,0.00336671266818182
"brier",2,3,10,0.995,0.00289500123636364
"brier",3,3,1,0.9,0.0215540418590909
"brier",3,3,1,0.91,0.0177104645545455
"brier",3,3,1,0.92,0.0176490034409091
"brier",3,3,1,0.93,0.0163549949954545
"brier",3,3,1,0.94,0.0167165934545455
"brier",3,3,1,0.95,0.0137633492181818
"brier",3,3,1,0.96,0.0122276297772727
"brier",3,3,1,0.97,0.00773012854090909
"brier",3,3,1,0.98,0.00363507393636364
"brier",3,3,1,0.99,0.00497495145
"brier",3,3,1,0.995,0.00408326577727273
"brier",3,3,2,0.9,0.0242131761681818
"brier",3,3,2,0.91,0.0227246767363636
"brier",3,3,2,0.92,0.0226958444272727
"brier",3,3,2,0.93,0.0189819087454545
"brier",3,3,2,0.94,0.0173662922909091
"brier",3,3,2,0.95,0.0162787720681818
"brier",3,3,2,0.96,0.0149170098454545
"brier",3,3,2,0.97,0.0108945026954545
"brier",3,3,2,0.98,0.00726008396363636
"brier",3,3,2,0.99,0.00380048105909091
"brier",3,3,2,0.995,0.00210220875
"brier",3,3,3,0.9,0.0202357613363636
"brier",3,3,3,0.91,0.0187221243409091
"brier",3,3,3,0.92,0.0186598812909091
"brier",3,3,3,0.93,0.0166079069681818
"brier",3,3,3,0.94,0.0131075349227273
"brier",3,3,3,0.95,0.00905619832272727
"brier",3,3,3,0.96,0.00755927858636364
"brier",3,3,3,0.97,0.00607352678636364
"brier",3,3,3,0.98,0.00285382098181818
"brier",3,3,3,0.99,0.00206665725454545
"brier",3,3,3,0.995,0.00115003962272727
"brier",3,3,4,0.9,0.0104981231545455
"brier",3,3,4,0.91,0.00830382852272727
"brier",3,3,4,0.92,0.00702270575
"brier",3,3,4,0.93,0.00800468365
"brier",3,3,4,0.94,0.00929624327272727
"brier",3,3,4,0.95,0.00609575782272727
"brier",3,3,4,0.96,0.00711859633636364
"brier",3,3,4,0.97,0.00656212051363636
"brier",3,3,4,0.98,0.00547547970454545
"brier",3,3,4,0.99,0.00339888200909091
"brier",3,3,4,0.995,0.00301903590909091
"brier",3,3,5,0.9,0.0257610598727273
"brier",3,3,5,0.91,0.0248496224272727
"brier",3,3,5,0.92,0.0216666978772727
"brier",3,3,5,0.93,0.0204571189045455
"brier",3,3,5,0.94,0.0184989776409091
"brier",3,3,5,0.95,0.0148899854363636
"brier",3,3,5,0.96,0.0136589172181818
"brier",3,3,5,0.97,0.0114926403090909
"brier",3,3,5,0.98,0.00828919045909091
"brier",3,3,5,0.99,0.00553197022727273
"brier",3,3,5,0.995,0.00307229121818182
"brier",3,3,6,0.9,0.0156454624272727
"brier",3,3,6,0.91,0.0136789027045455
"brier",3,3,6,0.92,0.0134700494909091
"brier",3,3,6,0.93,0.0102236055363636
"brier",3,3,6,0.94,0.00936404981818182
"brier",3,3,6,0.95,0.00857220423636364
"brier",3,3,6,0.96,0.00846864318181818
"brier",3,3,6,0.97,0.00913527658181818
"brier",3,3,6,0.98,0.00678679679090909
"brier",3,3,6,0.99,0.00552591423181818
"brier",3,3,6,0.995,0.00356724761363636
"brier",3,3,7,0.9,0.0181295137318182
"brier",3,3,7,0.91,0.0183232906545455
"brier",3,3,7,0.92,0.0168731148727273
"brier",3,3,7,0.93,0.0146047370636364
"brier",3,3,7,0.94,0.0135924322272727
"brier",3,3,7,0.95,0.0125013828318182
"brier",3,3,7,0.96,0.0102370263272727
"brier",3,3,7,0.97,0.00701108661363636
"brier",3,3,7,0.98,0.00306745556363636
"brier",3,3,7,0.99,0.00248965544090909
"brier",3,3,7,0.995,0.00271030655
"brier",3,3,8,0.9,0.0181955303409091
"brier",3,3,8,0.91,0.0168554754636364
"brier",3,3,8,0.92,0.0186374485545455
"brier",3,3,8,0.93,0.0180163590772727
"brier",3,3,8,0.94,0.0186516892409091
"brier",3,3,8,0.95,0.0157854388636364
"brier",3,3,8,0.96,0.0129974422909091
"brier",3,3,8,0.97,0.0105634694727273
"brier",3,3,8,0.98,0.00820532066363636
"brier",3,3,8,0.99,0.00354533215909091
"brier",3,3,8,0.995,0.00320176288636364
"brier",3,3,9,0.9,0.0266730793636364
"brier",3,3,9,0.91,0.0250029089545455
"brier",3,3,9,0.92,0.0205311031545455
"brier",3,3,9,0.93,0.0178889111227273
"brier",3,3,9,0.94,0.0169176997454545
"brier",3,3,9,0.95,0.0148831424
"brier",3,3,9,0.96,0.0129362429272727
"brier",3,3,9,0.97,0.0107266745909091
"brier",3,3,9,0.98,0.00814522055909091
"brier",3,3,9,0.99,0.00593081746363636
"brier",3,3,9,0.995,0.00323446179090909
"brier",3,3,10,0.9,0.0182966818909091
"brier",3,3,10,0.91,0.0162515501363636
"brier",3,3,10,0.92,0.0143616003
"brier",3,3,10,0.93,0.0115908206727273
"brier",3,3,10,0.94,0.00858293758636364
"brier",3,3,10,0.95,0.0085702106
"brier",3,3,10,0.96,0.00713972955909091
"brier",3,3,10,0.97,0.00407746695
"brier",3,3,10,0.98,0.000752063918181818
"brier",3,3,10,0.99,0.00335198839090909
"brier",3,3,10,0.995,0.00288598245454545
"brier",4,3,1,0.9,0.0211481885590909
"brier",4,3,1,0.91,0.01774460995
"brier",4,3,1,0.92,0.0178555549090909
"brier",4,3,1,0.93,0.0166619367545455
"brier",4,3,1,0.94,0.0171553494954545
"brier",4,3,1,0.95,0.0141264972454545
"brier",4,3,1,0.96,0.0128821082272727
"brier",4,3,1,0.97,0.0082234703
"brier",4,3,1,0.98,0.00369416968636364
"brier",4,3,1,0.99,0.00505510413181818
"brier",4,3,1,0.995,0.00412240326818182
"brier",4,3,2,0.9,0.0241609625181818
"brier",4,3,2,0.91,0.0224590957727273
"brier",4,3,2,0.92,0.0217224333681818
"brier",4,3,2,0.93,0.0176815743818182
"brier",4,3,2,0.94,0.0165211132363636
"brier",4,3,2,0.95,0.0155294417545455
"brier",4,3,2,0.96,0.0143692716772727
"brier",4,3,2,0.97,0.0108699030318182
"brier",4,3,2,0.98,0.00717266840909091
"brier",4,3,2,0.99,0.00389441462272727
"brier",4,3,2,0.995,0.00198349641363636
"brier",4,3,3,0.9,0.0200392697954545
"brier",4,3,3,0.91,0.0185434444772727
"brier",4,3,3,0.92,0.01835458185
"brier",4,3,3,0.93,0.0160906195363636
"brier",4,3,3,0.94,0.0127157213
"brier",4,3,3,0.95,0.00883325145
"brier",4,3,3,0.96,0.00767444552727273
"brier",4,3,3,0.97,0.00644376889545455
"brier",4,3,3,0.98,0.00308395931818182
"brier",4,3,3,0.99,0.00215102335909091
"brier",4,3,3,0.995,0.00120469118181818
"brier",4,3,4,0.9,0.0105588219409091
"brier",4,3,4,0.91,0.00816030407727273
"brier",4,3,4,0.92,0.00727878229545455
"brier",4,3,4,0.93,0.00876481078636364
"brier",4,3,4,0.94,0.0106444218
"brier",4,3,4,0.95,0.00637737937727273
"brier",4,3,4,0.96,0.00750147792272727
"brier",4,3,4,0.97,0.00674406615909091
"brier",4,3,4,0.98,0.00554656866818182
"brier",4,3,4,0.99,0.00314307925
"brier",4,3,4,0.995,0.00295198322272727
"brier",4,3,5,0.9,0.0256887847090909
"brier",4,3,5,0.91,0.0246158722863636
"brier",4,3,5,0.92,0.0218176753818182
"brier",4,3,5,0.93,0.0203455899909091
"brier",4,3,5,0.94,0.01876472255
"brier",4,3,5,0.95,0.0147337957181818
"brier",4,3,5,0.96,0.0138063792272727
"brier",4,3,5,0.97,0.0116880267
"brier",4,3,5,0.98,0.00830761636363636
"brier",4,3,5,0.99,0.00591102491818182
"brier",4,3,5,0.995,0.00323388399090909
"brier",4,3,6,0.9,0.0160695108409091
"brier",4,3,6,0.91,0.0138140294045455
"brier",4,3,6,0.92,0.0135223484727273
"brier",4,3,6,0.93,0.0101178266318182
"brier",4,3,6,0.94,0.00935053173636364
"brier",4,3,6,0.95,0.00841927451818182
"brier",4,3,6,0.96,0.00829793780909091
"brier",4,3,6,0.97,0.00919156392272727
"brier",4,3,6,0.98,0.00674932536818182
"brier",4,3,6,0.99,0.00559135979545455
"brier",4,3,6,0.995,0.00379041376818182
"brier",4,3,7,0.9,0.0178668915545455
"brier",4,3,7,0.91,0.0183585060818182
"brier",4,3,7,0.92,0.0167866583045455
"brier",4,3,7,0.93,0.0146223105409091
"brier",4,3,7,0.94,0.01380526325
"brier",4,3,7,0.95,0.0127210629954545
"brier",4,3,7,0.96,0.0100360385181818
"brier",4,3,7,0.97,0.00747600351818182
"brier",4,3,7,0.98,0.00318126503181818
"brier",4,3,7,0.99,0.00239931619090909
"brier",4,3,7,0.995,0.00271364189090909
"brier",4,3,8,0.9,0.0182305459727273
"brier",4,3,8,0.91,0.0166744327909091
"brier",4,3,8,0.92,0.0181695705227273
"brier",4,3,8,0.93,0.0177560453727273
"brier",4,3,8,0.94,0.0185209326363636
"brier",4,3,8,0.95,0.0157819009545455
"brier",4,3,8,0.96,0.0131493931090909
"brier",4,3,8,0.97,0.0103358475136364
"brier",4,3,8,0.98,0.00807783237727273
"brier",4,3,8,0.99,0.00355444428181818
"brier",4,3,8,0.995,0.00320005558636364
"brier",4,3,9,0.9,0.02703818025
"brier",4,3,9,0.91,0.02521641845
"brier",4,3,9,0.92,0.0206381056181818
"brier",4,3,9,0.93,0.0182241552545455
"brier",4,3,9,0.94,0.0173259885863636
"brier",4,3,9,0.95,0.0151813076318182
"brier",4,3,9,0.96,0.0131262636727273
"brier",4,3,9,0.97,0.0107770282454545
"brier",4,3,9,0.98,0.0081061693
"brier",4,3,9,0.99,0.00591623109545455
"brier",4,3,9,0.995,0.00344749386818182
"brier",4,3,10,0.9,0.0178691930727273
"brier",4,3,10,0.91,0.0161712029409091
"brier",4,3,10,0.92,0.0141958006863636
"brier",4,3,10,0.93,0.0112426442454545
"brier",4,3,10,0.94,0.00825702023636364
"brier",4,3,10,0.95,0.00842406380454546
"brier",4,3,10,0.96,0.00728876857272727
"brier",4,3,10,0.97,0.00428152094545455
"brier",4,3,10,0.98,0.000760899831818182
"brier",4,3,10,0.99,0.00330834518636364
"brier",4,3,10,0.995,0.00287407754545455
"brier",5,3,1,0.9,0.0225034960090909
"brier",5,3,1,0.91,0.0191600938772727
"brier",5,3,1,0.92,0.0189642529181818
"brier",5,3,1,0.93,0.0171460885772727
"brier",5,3,1,0.94,0.0170948268318182
"brier",5,3,1,0.95,0.0147803117136364
"brier",5,3,1,0.96,0.0134778653954545
"brier",5,3,1,0.97,0.00773690385454545
"brier",5,3,1,0.98,0.00399135526818182
"brier",5,3,1,0.99,0.00534736723181818
"brier",5,3,1,0.995,0.00441384467727273
"brier",5,3,2,0.9,0.0246643765636364
"brier",5,3,2,0.91,0.0229410678045455
"brier",5,3,2,0.92,0.0226643470727273
"brier",5,3,2,0.93,0.0188235072318182
"brier",5,3,2,0.94,0.0170396278636364
"brier",5,3,2,0.95,0.0161076059318182
"brier",5,3,2,0.96,0.01461455295
"brier",5,3,2,0.97,0.0105614227772727
"brier",5,3,2,0.98,0.00704004960909091
"brier",5,3,2,0.99,0.00385818475
"brier",5,3,2,0.995,0.00221397908636364
"brier",5,3,3,0.9,0.0212322672090909
"brier",5,3,3,0.91,0.0194271222863636
"brier",5,3,3,0.92,0.0191195048136364
"brier",5,3,3,0.93,0.0171010899909091
"brier",5,3,3,0.94,0.0134500697681818
"brier",5,3,3,0.95,0.00890269907727273
"brier",5,3,3,0.96,0.00761668886818182
"brier",5,3,3,0.97,0.00613627055454545
"brier",5,3,3,0.98,0.00291866442272727
"brier",5,3,3,0.99,0.00216679688636364
"brier",5,3,3,0.995,0.00110778056818182
"brier",5,3,4,0.9,0.0104359710681818
"brier",5,3,4,0.91,0.00826876094090909
"brier",5,3,4,0.92,0.00725019050909091
"brier",5,3,4,0.93,0.00837335609090909
"brier",5,3,4,0.94,0.00980038715454546
"brier",5,3,4,0.95,0.00629231336818182
"brier",5,3,4,0.96,0.00712791375909091
"brier",5,3,4,0.97,0.00670512384545455
"brier",5,3,4,0.98,0.00504545985909091
"brier",5,3,4,0.99,0.00341572155
"brier",5,3,4,0.995,0.00296102415909091
"brier",5,3,5,0.9,0.026153202
"brier",5,3,5,0.91,0.0252120530863636
"brier",5,3,5,0.92,0.0218995875954545
"brier",5,3,5,0.93,0.0210344448045455
"brier",5,3,5,0.94,0.0191356615090909
"brier",5,3,5,0.95,0.0152645280545455
"brier",5,3,5,0.96,0.0139258501454545
"brier",5,3,5,0.97,0.0116587619409091
"brier",5,3,5,0.98,0.00841780667272727
"brier",5,3,5,0.99,0.00573154941363636
"brier",5,3,5,0.995,0.00324779328636364
"brier",5,3,6,0.9,0.0156348687863636
"brier",5,3,6,0.91,0.0137957640409091
"brier",5,3,6,0.92,0.0137806420136364
"brier",5,3,6,0.93,0.0104226420090909
"brier",5,3,6,0.94,0.00960713844545455
"brier",5,3,6,0.95,0.00928118966363636
"brier",5,3,6,0.96,0.00890229685454545
"brier",5,3,6,0.97,0.00986726995
"brier",5,3,6,0.98,0.00693026992272727
"brier",5,3,6,0.99,0.00554330007272727
"brier",5,3,6,0.995,0.00358161613636364
"brier",5,3,7,0.9,0.0181436529136364
"brier",5,3,7,0.91,0.0179642191681818
"brier",5,3,7,0.92,0.0168735527136364
"brier",5,3,7,0.93,0.0149896901681818
"brier",5,3,7,0.94,0.0142024179272727
"brier",5,3,7,0.95,0.0130898513636364
"brier",5,3,7,0.96,0.0104258652272727
"brier",5,3,7,0.97,0.00720658487727273
"brier",5,3,7,0.98,0.00327526228181818
"brier",5,3,7,0.99,0.00242353665454545
"brier",5,3,7,0.995,0.00270326504090909
"brier",5,3,8,0.9,0.0184296180181818
"brier",5,3,8,0.91,0.0170775984
"brier",5,3,8,0.92,0.0189148930909091
"brier",5,3,8,0.93,0.0184368235181818
"brier",5,3,8,0.94,0.0191302330227273
"brier",5,3,8,0.95,0.0160222028
"brier",5,3,8,0.96,0.0131106482681818
"brier",5,3,8,0.97,0.0105272445272727
"brier",5,3,8,0.98,0.00832605276363636
"brier",5,3,8,0.99,0.00334134676818182
"brier",5,3,8,0.995,0.00319887823181818
"brier",5,3,9,0.9,0.0275307074636364
"brier",5,3,9,0.91,0.0260771054181818
"brier",5,3,9,0.92,0.0223510609590909
"brier",5,3,9,0.93,0.0204203144590909
"brier",5,3,9,0.94,0.0185143321863636
"brier",5,3,9,0.95,0.0165830856636364
"brier",5,3,9,0.96,0.0142825485909091
"brier",5,3,9,0.97,0.0122325697818182
"brier",5,3,9,0.98,0.00897861835909091
"brier",5,3,9,0.99,0.00637331037727273
"brier",5,3,9,0.995,0.00324576286363636
"brier",5,3,10,0.9,0.0183432563227273
"brier",5,3,10,0.91,0.0163367718863636
"brier",5,3,10,0.92,0.0144534050818182
"brier",5,3,10,0.93,0.01148882595
"brier",5,3,10,0.94,0.00884816390454546
"brier",5,3,10,0.95,0.00865781805
"brier",5,3,10,0.96,0.00711722795
"brier",5,3,10,0.97,0.00395952841363636
"brier",5,3,10,0.98,0.000710893259090909
"brier",5,3,10,0.99,0.00404430121818182
"brier",5,3,10,0.995,0.00379368589545455
"brier",1,5,1,0.9,0.0225053032
"brier",1,5,1,0.91,0.0189960374681818
"brier",1,5,1,0.92,0.0187918803363636
"brier",1,5,1,0.93,0.0170013066045455
"brier",1,5,1,0.94,0.0171922798318182
"brier",1,5,1,0.95,0.0144244984272727
"brier",1,5,1,0.96,0.0129240211409091
"brier",1,5,1,0.97,0.00784062456818182
"brier",1,5,1,0.98,0.00394836307272727
"brier",1,5,1,0.99,0.00684995398181818
"brier",1,5,1,0.995,0.00575757080909091
"brier",1,5,2,0.9,0.0248189684318182
"brier",1,5,2,0.91,0.0231176231272727
"brier",1,5,2,0.92,0.0226532832136364
"brier",1,5,2,0.93,0.0191693720454545
"brier",1,5,2,0.94,0.01834206235
"brier",1,5,2,0.95,0.0176333611090909
"brier",1,5,2,0.96,0.0167106421727273
"brier",1,5,2,0.97,0.0110952626681818
"brier",1,5,2,0.98,0.00729753765
"brier",1,5,2,0.99,0.00389991095909091
"brier",1,5,2,0.995,0.00237018065454545
"brier",1,5,3,0.9,0.0209740044272727
"brier",1,5,3,0.91,0.0194500395
"brier",1,5,3,0.92,0.0191729970227273
"brier",1,5,3,0.93,0.0172796409318182
"brier",1,5,3,0.94,0.0140156426272727
"brier",1,5,3,0.95,0.00970925875909091
"brier",1,5,3,0.96,0.00825415406818182
"brier",1,5,3,0.97,0.00671171063636364
"brier",1,5,3,0.98,0.002680199
"brier",1,5,3,0.99,0.00228640139545455
"brier",1,5,3,0.995,0.000975425095454545
"brier",1,5,4,0.9,0.0114066245954545
"brier",1,5,4,0.91,0.00856069568636364
"brier",1,5,4,0.92,0.00718936550454545
"brier",1,5,4,0.93,0.00863571387727273
"brier",1,5,4,0.94,0.0105909022772727
"brier",1,5,4,0.95,0.00633548611363636
"brier",1,5,4,0.96,0.0077405551
"brier",1,5,4,0.97,0.00714152879545455
"brier",1,5,4,0.98,0.00623380142727273
"brier",1,5,4,0.99,0.00351299434545455
"brier",1,5,4,0.995,0.00429719843636364
"brier",1,5,5,0.9,0.0277389279772727
"brier",1,5,5,0.91,0.0265942300454545
"brier",1,5,5,0.92,0.0229832423272727
"brier",1,5,5,0.93,0.0220055436045455
"brier",1,5,5,0.94,0.0204069168681818
"brier",1,5,5,0.95,0.0159093437818182
"brier",1,5,5,0.96,0.0143746397636364
"brier",1,5,5,0.97,0.0119089272909091
"brier",1,5,5,0.98,0.00855838566818182
"brier",1,5,5,0.99,0.00649849813181818
"brier",1,5,5,0.995,0.00387222143181818
"brier",1,5,6,0.9,0.0157685464590909
"brier",1,5,6,0.91,0.0141445529772727
"brier",1,5,6,0.92,0.0139801133818182
"brier",1,5,6,0.93,0.0110384625636364
"brier",1,5,6,0.94,0.0112118712409091
"brier",1,5,6,0.95,0.0102893463863636
"brier",1,5,6,0.96,0.00919222074545455
"brier",1,5,6,0.97,0.00993523953636364
"brier",1,5,6,0.98,0.00704335578636364
"brier",1,5,6,0.99,0.00733426452727273
"brier",1,5,6,0.995,0.00442882014090909
"brier",1,5,7,0.9,0.0190307140363636
"brier",1,5,7,0.91,0.0190941290272727
"brier",1,5,7,0.92,0.0170153531636364
"brier",1,5,7,0.93,0.0145618547863636
"brier",1,5,7,0.94,0.0140171486727273
"brier",1,5,7,0.95,0.0132383455090909
"brier",1,5,7,0.96,0.0119452049590909
"brier",1,5,7,0.97,0.00768598072272727
"brier",1,5,7,0.98,0.00374020991363636
"brier",1,5,7,0.99,0.00298374921818182
"brier",1,5,7,0.995,0.003542567
"brier",1,5,8,0.9,0.0186262397318182
"brier",1,5,8,0.91,0.0170721742772727
"brier",1,5,8,0.92,0.01907194585
"brier",1,5,8,0.93,0.0186902264363636
"brier",1,5,8,0.94,0.0191343751863636
"brier",1,5,8,0.95,0.0158853751045455
"brier",1,5,8,0.96,0.0133720058363636
"brier",1,5,8,0.97,0.0110399939909091
"brier",1,5,8,0.98,0.00921869281363636
"brier",1,5,8,0.99,0.00289578535
"brier",1,5,8,0.995,0.00334810549545455
"brier",1,5,9,0.9,0.0274300771
"brier",1,5,9,0.91,0.0256103971636364
"brier",1,5,9,0.92,0.02163023765
"brier",1,5,9,0.93,0.01910310225
"brier",1,5,9,0.94,0.0177163732181818
"brier",1,5,9,0.95,0.0155445048590909
"brier",1,5,9,0.96,0.0137885039863636
"brier",1,5,9,0.97,0.0110834355590909
"brier",1,5,9,0.98,0.00797103380454546
"brier",1,5,9,0.99,0.00637097295909091
"brier",1,5,9,0.995,0.00356979777272727
"brier",1,5,10,0.9,0.0190960715954545
"brier",1,5,10,0.91,0.0169587630954545
"brier",1,5,10,0.92,0.0146781628136364
"brier",1,5,10,0.93,0.0115996531545455
"brier",1,5,10,0.94,0.00873919042727273
"brier",1,5,10,0.95,0.00854423552727273
"brier",1,5,10,0.96,0.00699738108636364
"brier",1,5,10,0.97,0.00415523777727273
"brier",1,5,10,0.98,0.000798500159090909
"brier",1,5,10,0.99,0.00385513456363636
"brier",1,5,10,0.995,0.00324274785
"brier",2,5,1,0.9,0.0210400794818182
"brier",2,5,1,0.91,0.0175500624272727
"brier",2,5,1,0.92,0.01746602445
"brier",2,5,1,0.93,0.0158861717454545
"brier",2,5,1,0.94,0.0164244355363636
"brier",2,5,1,0.95,0.0135696104318182
"brier",2,5,1,0.96,0.0123328476545455
"brier",2,5,1,0.97,0.00803005809545454
"brier",2,5,1,0.98,0.00361957470909091
"brier",2,5,1,0.99,0.00491510401818182
"brier",2,5,1,0.995,0.00408039608636364
"brier",2,5,2,0.9,0.0243048685136364
"brier",2,5,2,0.91,0.0223667168045455
"brier",2,5,2,0.92,0.0220963626954545
"brier",2,5,2,0.93,0.0183089580818182
"brier",2,5,2,0.94,0.0167565571318182
"brier",2,5,2,0.95,0.0155940195909091
"brier",2,5,2,0.96,0.0146168203772727
"brier",2,5,2,0.97,0.0107174059772727
"brier",2,5,2,0.98,0.0071414178
"brier",2,5,2,0.99,0.00383245505454545
"brier",2,5,2,0.995,0.00212478641818182
"brier",2,5,3,0.9,0.0196435728863636
"brier",2,5,3,0.91,0.0183033331227273
"brier",2,5,3,0.92,0.0181129975636364
"brier",2,5,3,0.93,0.0163277461727273
"brier",2,5,3,0.94,0.0130861554318182
"brier",2,5,3,0.95,0.00893995860454545
"brier",2,5,3,0.96,0.00743261110909091
"brier",2,5,3,0.97,0.00618957802272727
"brier",2,5,3,0.98,0.00272204576818182
"brier",2,5,3,0.99,0.00210958803636364
"brier",2,5,3,0.995,0.00117308742272727
"brier",2,5,4,0.9,0.0106471210363636
"brier",2,5,4,0.91,0.00807406309545454
"brier",2,5,4,0.92,0.00680361840909091
"brier",2,5,4,0.93,0.00788540743636364
"brier",2,5,4,0.94,0.00920424838181818
"brier",2,5,4,0.95,0.00608876685
"brier",2,5,4,0.96,0.00718241397727273
"brier",2,5,4,0.97,0.00659348891818182
"brier",2,5,4,0.98,0.00546973719545455
"brier",2,5,4,0.99,0.00332224395454545
"brier",2,5,4,0.995,0.00298956568181818
"brier",2,5,5,0.9,0.0250477180772727
"brier",2,5,5,0.91,0.0237706944409091
"brier",2,5,5,0.92,0.0207787242909091
"brier",2,5,5,0.93,0.0202337554318182
"brier",2,5,5,0.94,0.0186223133
"brier",2,5,5,0.95,0.0144437830954545
"brier",2,5,5,0.96,0.0132980969318182
"brier",2,5,5,0.97,0.0110622137090909
"brier",2,5,5,0.98,0.00825467275
"brier",2,5,5,0.99,0.00541556257727273
"brier",2,5,5,0.995,0.00313806776818182
"brier",2,5,6,0.9,0.0151275253363636
"brier",2,5,6,0.91,0.0134070007363636
"brier",2,5,6,0.92,0.0133660593090909
"brier",2,5,6,0.93,0.0101901795227273
"brier",2,5,6,0.94,0.00964160105909091
"brier",2,5,6,0.95,0.00867921485
"brier",2,5,6,0.96,0.0084077955
"brier",2,5,6,0.97,0.00907253987272727
"brier",2,5,6,0.98,0.00675328348181818
"brier",2,5,6,0.99,0.00567344958181818
"brier",2,5,6,0.995,0.00369239223636364
"brier",2,5,7,0.9,0.0176358839181818
"brier",2,5,7,0.91,0.0181821518636364
"brier",2,5,7,0.92,0.0166745532727273
"brier",2,5,7,0.93,0.0141422982590909
"brier",2,5,7,0.94,0.0132781692454545
"brier",2,5,7,0.95,0.0124990757636364
"brier",2,5,7,0.96,0.0100791484818182
"brier",2,5,7,0.97,0.00678333860909091
"brier",2,5,7,0.98,0.00294177173181818
"brier",2,5,7,0.99,0.00255762031363636
"brier",2,5,7,0.995,0.00269967873636364
"brier",2,5,8,0.9,0.0177354316318182
"brier",2,5,8,0.91,0.0165092568090909
"brier",2,5,8,0.92,0.0183111665818182
"brier",2,5,8,0.93,0.0176621723454545
"brier",2,5,8,0.94,0.0184244423
"brier",2,5,8,0.95,0.0155458820227273
"brier",2,5,8,0.96,0.0129703319045455
"brier",2,5,8,0.97,0.0102082661863636
"brier",2,5,8,0.98,0.00838707899090909
"brier",2,5,8,0.99,0.003437107
"brier",2,5,8,0.995,0.00322125749090909
"brier",2,5,9,0.9,0.0263253225136364
"brier",2,5,9,0.91,0.0248303743954545
"brier",2,5,9,0.92,0.0206584809772727
"brier",2,5,9,0.93,0.0182013317
"brier",2,5,9,0.94,0.0171703786090909
"brier",2,5,9,0.95,0.0151399209136364
"brier",2,5,9,0.96,0.0132436210636364
"brier",2,5,9,0.97,0.0107312690818182
"brier",2,5,9,0.98,0.00821850268181818
"brier",2,5,9,0.99,0.00591786907727273
"brier",2,5,9,0.995,0.00306609029545455
"brier",2,5,10,0.9,0.0185171677363636
"brier",2,5,10,0.91,0.0168212129136364
"brier",2,5,10,0.92,0.0145409499590909
"brier",2,5,10,0.93,0.0113245282045455
"brier",2,5,10,0.94,0.00847863069090909
"brier",2,5,10,0.95,0.0084139131
"brier",2,5,10,0.96,0.00696880493181818
"brier",2,5,10,0.97,0.00392186731818182
"brier",2,5,10,0.98,0.000751660095454545
"brier",2,5,10,0.99,0.00340177514545455
"brier",2,5,10,0.995,0.00289932768181818
"brier",3,5,1,0.9,0.0214470554545455
"brier",3,5,1,0.91,0.0176441487727273
"brier",3,5,1,0.92,0.0175389223590909
"brier",3,5,1,0.93,0.0161036564045455
"brier",3,5,1,0.94,0.0164743490727273
"brier",3,5,1,0.95,0.0135378674954545
"brier",3,5,1,0.96,0.0121617741090909
"brier",3,5,1,0.97,0.00775902811818182
"brier",3,5,1,0.98,0.00365027237272727
"brier",3,5,1,0.99,0.00499984410909091
"brier",3,5,1,0.995,0.00415060633181818
"brier",3,5,2,0.9,0.0243883945954545
"brier",3,5,2,0.91,0.0227534170818182
"brier",3,5,2,0.92,0.0227143314227273
"brier",3,5,2,0.93,0.0194577424318182
"brier",3,5,2,0.94,0.0174658051318182
"brier",3,5,2,0.95,0.0163255000272727
"brier",3,5,2,0.96,0.0150999683227273
"brier",3,5,2,0.97,0.0107596601090909
"brier",3,5,2,0.98,0.00723708927727273
"brier",3,5,2,0.99,0.00385068429545455
"brier",3,5,2,0.995,0.00218930213636364
"brier",3,5,3,0.9,0.0203340202136364
"brier",3,5,3,0.91,0.0187409896954545
"brier",3,5,3,0.92,0.0186190144909091
"brier",3,5,3,0.93,0.0168424994772727
"brier",3,5,3,0.94,0.0133543607227273
"brier",3,5,3,0.95,0.00900479390454545
"brier",3,5,3,0.96,0.00750322167272727
"brier",3,5,3,0.97,0.00618618328636364
"brier",3,5,3,0.98,0.00287929751818182
"brier",3,5,3,0.99,0.00207480920454545
"brier",3,5,3,0.995,0.00117830575909091
"brier",3,5,4,0.9,0.0105413565863636
"brier",3,5,4,0.91,0.00829681642272727
"brier",3,5,4,0.92,0.00686933572727273
"brier",3,5,4,0.93,0.00793609337727273
"brier",3,5,4,0.94,0.00915134462272727
"brier",3,5,4,0.95,0.00609571093181818
"brier",3,5,4,0.96,0.00708986239545455
"brier",3,5,4,0.97,0.00646191169090909
"brier",3,5,4,0.98,0.00535840914090909
"brier",3,5,4,0.99,0.00350817569090909
"brier",3,5,4,0.995,0.00304339924090909
"brier",3,5,5,0.9,0.0260136114318182
"brier",3,5,5,0.91,0.02500737565
"brier",3,5,5,0.92,0.0215537799545455
"brier",3,5,5,0.93,0.0207256536818182
"brier",3,5,5,0.94,0.0185478944818182
"brier",3,5,5,0.95,0.0147103867181818
"brier",3,5,5,0.96,0.01337988935
"brier",3,5,5,0.97,0.0112378005
"brier",3,5,5,0.98,0.00818666739545455
"brier",3,5,5,0.99,0.00550692151363636
"brier",3,5,5,0.995,0.00317840509545455
"brier",3,5,6,0.9,0.0154880289318182
"brier",3,5,6,0.91,0.0137623745636364
"brier",3,5,6,0.92,0.0135577295727273
"brier",3,5,6,0.93,0.0102472127181818
"brier",3,5,6,0.94,0.00942323729545455
"brier",3,5,6,0.95,0.0086550705
"brier",3,5,6,0.96,0.00857289605909091
"brier",3,5,6,0.97,0.00918628653181818
"brier",3,5,6,0.98,0.00675147475454545
"brier",3,5,6,0.99,0.00554417232272727
"brier",3,5,6,0.995,0.00358613109090909
"brier",3,5,7,0.9,0.0181070179272727
"brier",3,5,7,0.91,0.01827266155
"brier",3,5,7,0.92,0.0168735234272727
"brier",3,5,7,0.93,0.0146571901227273
"brier",3,5,7,0.94,0.0136860058181818
"brier",3,5,7,0.95,0.0126140029681818
"brier",3,5,7,0.96,0.0103674030409091
"brier",3,5,7,0.97,0.00705574876363636
"brier",3,5,7,0.98,0.00313648262272727
"brier",3,5,7,0.99,0.00248035594090909
"brier",3,5,7,0.995,0.00271234621363636
"brier",3,5,8,0.9,0.0182172127772727
"brier",3,5,8,0.91,0.0169586871454545
"brier",3,5,8,0.92,0.0188851572
"brier",3,5,8,0.93,0.0182889963545455
"brier",3,5,8,0.94,0.0190584607863636
"brier",3,5,8,0.95,0.0159480536090909
"brier",3,5,8,0.96,0.0131582495090909
"brier",3,5,8,0.97,0.0104436440681818
"brier",3,5,8,0.98,0.00826194341363636
"brier",3,5,8,0.99,0.00337776703181818
"brier",3,5,8,0.995,0.00319045277272727
"brier",3,5,9,0.9,0.0269951360772727
"brier",3,5,9,0.91,0.0254299195681818
"brier",3,5,9,0.92,0.0211977971727273
"brier",3,5,9,0.93,0.0184981167909091
"brier",3,5,9,0.94,0.0173218110272727
"brier",3,5,9,0.95,0.0153873055590909
"brier",3,5,9,0.96,0.0134313064590909
"brier",3,5,9,0.97,0.0107672686772727
"brier",3,5,9,0.98,0.00818770215909091
"brier",3,5,9,0.99,0.00607535852272727
"brier",3,5,9,0.995,0.00307807034545455
"brier",3,5,10,0.9,0.0186127404409091
"brier",3,5,10,0.91,0.0165300610409091
"brier",3,5,10,0.92,0.0144546817681818
"brier",3,5,10,0.93,0.0114731427045455
"brier",3,5,10,0.94,0.00854402467272727
"brier",3,5,10,0.95,0.00849891376818182
"brier",3,5,10,0.96,0.00707983901363636
"brier",3,5,10,0.97,0.00392100814090909
"brier",3,5,10,0.98,0.000709321831818182
"brier",3,5,10,0.99,0.00333250675
"brier",3,5,10,0.995,0.00285220602272727
"brier",4,5,1,0.9,0.0212964537727273
"brier",4,5,1,0.91,0.0174106365545455
"brier",4,5,1,0.92,0.0172789291636364
"brier",4,5,1,0.93,0.0158074397681818
"brier",4,5,1,0.94,0.0165127591136364
"brier",4,5,1,0.95,0.0138312194590909
"brier",4,5,1,0.96,0.0126704498045455
"brier",4,5,1,0.97,0.00842756162272727
"brier",4,5,1,0.98,0.00364018161363636
"brier",4,5,1,0.99,0.00503422590454545
"brier",4,5,1,0.995,0.00415872403636364
"brier",4,5,2,0.9,0.0246030508409091
"brier",4,5,2,0.91,0.0225802709454545
"brier",4,5,2,0.92,0.0226574482818182
"brier",4,5,2,0.93,0.01913354875
"brier",4,5,2,0.94,0.0174968753545455
"brier",4,5,2,0.95,0.0165390987590909
"brier",4,5,2,0.96,0.0151825126727273
"brier",4,5,2,0.97,0.0106588007227273
"brier",4,5,2,0.98,0.00684849179090909
"brier",4,5,2,0.99,0.00366131678181818
"brier",4,5,2,0.995,0.00222997632727273
"brier",4,5,3,0.9,0.0207583762772727
"brier",4,5,3,0.91,0.01938973785
"brier",4,5,3,0.92,0.01924441795
"brier",4,5,3,0.93,0.0173670945636364
"brier",4,5,3,0.94,0.0137457483
"brier",4,5,3,0.95,0.00925193800454545
"brier",4,5,3,0.96,0.00764621175454545
"brier",4,5,3,0.97,0.00638840005909091
"brier",4,5,3,0.98,0.00257875409090909
"brier",4,5,3,0.99,0.00220956223181818
"brier",4,5,3,0.995,0.00110803723636364
"brier",4,5,4,0.9,0.0110447404090909
"brier",4,5,4,0.91,0.00863576826818182
"brier",4,5,4,0.92,0.00757104037727273
"brier",4,5,4,0.93,0.00848698827727273
"brier",4,5,4,0.94,0.00909372890909091
"brier",4,5,4,0.95,0.00598929547272727
"brier",4,5,4,0.96,0.0072629077
"brier",4,5,4,0.97,0.00681866785909091
"brier",4,5,4,0.98,0.00569356784090909
"brier",4,5,4,0.99,0.00339893940909091
"brier",4,5,4,0.995,0.00307664170454545
"brier",4,5,5,0.9,0.0259219214272727
"brier",4,5,5,0.91,0.0247876300818182
"brier",4,5,5,0.92,0.0214939391181818
"brier",4,5,5,0.93,0.0210111798863636
"brier",4,5,5,0.94,0.0189801172454545
"brier",4,5,5,0.95,0.0147266153045455
"brier",4,5,5,0.96,0.0134599710272727
"brier",4,5,5,0.97,0.0115055498818182
"brier",4,5,5,0.98,0.00844426730909091
"brier",4,5,5,0.99,0.00559622093181818
"brier",4,5,5,0.995,0.00328719418636364
"brier",4,5,6,0.9,0.0152253654409091
"brier",4,5,6,0.91,0.0135277678045455
"brier",4,5,6,0.92,0.0136853235181818
"brier",4,5,6,0.93,0.0102591594545455
"brier",4,5,6,0.94,0.00979100585
"brier",4,5,6,0.95,0.00860967879090909
"brier",4,5,6,0.96,0.00844690105454545
"brier",4,5,6,0.97,0.00920195931818182
"brier",4,5,6,0.98,0.00681466349545455
"brier",4,5,6,0.99,0.00580438515909091
"brier",4,5,6,0.995,0.00380002062727273
"brier",4,5,7,0.9,0.0182557701636364
"brier",4,5,7,0.91,0.0186130403409091
"brier",4,5,7,0.92,0.0168872428136364
"brier",4,5,7,0.93,0.0142965578454545
"brier",4,5,7,0.94,0.0134772247090909
"brier",4,5,7,0.95,0.0125451374227273
"brier",4,5,7,0.96,0.0101381919772727
"brier",4,5,7,0.97,0.00677651969545455
"brier",4,5,7,0.98,0.00301429733181818
"brier",4,5,7,0.99,0.00252533936363636
"brier",4,5,7,0.995,0.00273757201818182
"brier",4,5,8,0.9,0.0180091754227273
"brier",4,5,8,0.91,0.0169021706681818
"brier",4,5,8,0.92,0.0189362035636364
"brier",4,5,8,0.93,0.0180947444454545
"brier",4,5,8,0.94,0.0189184816545455
"brier",4,5,8,0.95,0.0159262443045455
"brier",4,5,8,0.96,0.0132604228454545
"brier",4,5,8,0.97,0.0105416599545455
"brier",4,5,8,0.98,0.00803000725454545
"brier",4,5,8,0.99,0.00338362995454545
"brier",4,5,8,0.995,0.0032397422
"brier",4,5,9,0.9,0.0269252819590909
"brier",4,5,9,0.91,0.0254343220954545
"brier",4,5,9,0.92,0.0213751025863636
"brier",4,5,9,0.93,0.0189455886545455
"brier",4,5,9,0.94,0.0179456352272727
"brier",4,5,9,0.95,0.0157365811681818
"brier",4,5,9,0.96,0.0136570446772727
"brier",4,5,9,0.97,0.0106172214045455
"brier",4,5,9,0.98,0.00814791499090909
"brier",4,5,9,0.99,0.00596491499090909
"brier",4,5,9,0.995,0.00327156207272727
"brier",4,5,10,0.9,0.0183731579863636
"brier",4,5,10,0.91,0.0164295803272727
"brier",4,5,10,0.92,0.0143245249
"brier",4,5,10,0.93,0.0113033860772727
"brier",4,5,10,0.94,0.00870996550909091
"brier",4,5,10,0.95,0.00874403859545455
"brier",4,5,10,0.96,0.00732503799090909
"brier",4,5,10,0.97,0.00404973580454545
"brier",4,5,10,0.98,0.000749460977272727
"brier",4,5,10,0.99,0.00335004977727273
"brier",4,5,10,0.995,0.00289443427727273
"brier",5,5,1,0.9,0.02137877895
"brier",5,5,1,0.91,0.0175089817818182
"brier",5,5,1,0.92,0.0173959145409091
"brier",5,5,1,0.93,0.0161254198318182
"brier",5,5,1,0.94,0.0164548174818182
"brier",5,5,1,0.95,0.0136592531863636
"brier",5,5,1,0.96,0.0122700084
"brier",5,5,1,0.97,0.00792903699545455
"brier",5,5,1,0.98,0.00372891166818182
"brier",5,5,1,0.99,0.00520297635909091
"brier",5,5,1,0.995,0.00425362166363636
"brier",5,5,2,0.9,0.0250134659590909
"brier",5,5,2,0.91,0.0230815766181818
"brier",5,5,2,0.92,0.02280394625
"brier",5,5,2,0.93,0.0193445829045455
"brier",5,5,2,0.94,0.0173759923227273
"brier",5,5,2,0.95,0.0164178225045455
"brier",5,5,2,0.96,0.0149977590363636
"brier",5,5,2,0.97,0.0105624832363636
"brier",5,5,2,0.98,0.00705175978181818
"brier",5,5,2,0.99,0.00386613140909091
"brier",5,5,2,0.995,0.00229974998181818
"brier",5,5,3,0.9,0.0220042471772727
"brier",5,5,3,0.91,0.0204002889909091
"brier",5,5,3,0.92,0.0203837616954545
"brier",5,5,3,0.93,0.0184090756181818
"brier",5,5,3,0.94,0.0152686021318182
"brier",5,5,3,0.95,0.0107559976590909
"brier",5,5,3,0.96,0.00820756018636364
"brier",5,5,3,0.97,0.00781771219545455
"brier",5,5,3,0.98,0.00394443531363636
"brier",5,5,3,0.99,0.0029902512
"brier",5,5,3,0.995,0.00121240754090909
"brier",5,5,4,0.9,0.0110907018227273
"brier",5,5,4,0.91,0.00842274563636364
"brier",5,5,4,0.92,0.00688328142727273
"brier",5,5,4,0.93,0.00791146864090909
"brier",5,5,4,0.94,0.00926093168181818
"brier",5,5,4,0.95,0.00618873525909091
"brier",5,5,4,0.96,0.00713462712727273
"brier",5,5,4,0.97,0.00681457510454545
"brier",5,5,4,0.98,0.00598645749090909
"brier",5,5,4,0.99,0.00326421968181818
"brier",5,5,4,0.995,0.00296735987272727
"brier",5,5,5,0.9,0.02819417305
"brier",5,5,5,0.91,0.0268344843636364
"brier",5,5,5,0.92,0.0229478613909091
"brier",5,5,5,0.93,0.0216516031318182
"brier",5,5,5,0.94,0.0193545823181818
"brier",5,5,5,0.95,0.0148827760863636
"brier",5,5,5,0.96,0.0135852323590909
"brier",5,5,5,0.97,0.0113947590363636
"brier",5,5,5,0.98,0.00811884872727273
"brier",5,5,5,0.99,0.00564335999090909
"brier",5,5,5,0.995,0.00332100741818182
"brier",5,5,6,0.9,0.0175053257409091
"brier",5,5,6,0.91,0.0162093941454545
"brier",5,5,6,0.92,0.0156422495681818
"brier",5,5,6,0.93,0.0118672304818182
"brier",5,5,6,0.94,0.0106942862409091
"brier",5,5,6,0.95,0.0113557592227273
"brier",5,5,6,0.96,0.0121374208409091
"brier",5,5,6,0.97,0.0113015562863636
"brier",5,5,6,0.98,0.00847190790909091
"brier",5,5,6,0.99,0.00710397284545454
"brier",5,5,6,0.995,0.00447960384090909
"brier",5,5,7,0.9,0.0186199392136364
"brier",5,5,7,0.91,0.0186386873409091
"brier",5,5,7,0.92,0.0174026341409091
"brier",5,5,7,0.93,0.0156369391227273
"brier",5,5,7,0.94,0.0145178936727273
"brier",5,5,7,0.95,0.0132141345363636
"brier",5,5,7,0.96,0.0107834895909091
"brier",5,5,7,0.97,0.00703136981363636
"brier",5,5,7,0.98,0.00326185854090909
"brier",5,5,7,0.99,0.0028065129
"brier",5,5,7,0.995,0.00317924479090909
"brier",5,5,8,0.9,0.01961860005
"brier",5,5,8,0.91,0.0186559240636364
"brier",5,5,8,0.92,0.0206465129454545
"brier",5,5,8,0.93,0.02010754935
"brier",5,5,8,0.94,0.0205178441045455
"brier",5,5,8,0.95,0.0168142329863636
"brier",5,5,8,0.96,0.0151673896454545
"brier",5,5,8,0.97,0.0122813933045455
"brier",5,5,8,0.98,0.0088928403
"brier",5,5,8,0.99,0.0028490607
"brier",5,5,8,0.995,0.00364590538636364
"brier",5,5,9,0.9,0.0277870284
"brier",5,5,9,0.91,0.0263654882909091
"brier",5,5,9,0.92,0.0225841007090909
"brier",5,5,9,0.93,0.0199118466636364
"brier",5,5,9,0.94,0.0185707420863636
"brier",5,5,9,0.95,0.0166559397545455
"brier",5,5,9,0.96,0.0146176381590909
"brier",5,5,9,0.97,0.0109796984136364
"brier",5,5,9,0.98,0.00845284676363636
"brier",5,5,9,0.99,0.00663605180909091
"brier",5,5,9,0.995,0.00307002862272727
"brier",5,5,10,0.9,0.0209165095136364
"brier",5,5,10,0.91,0.0184505299818182
"brier",5,5,10,0.92,0.0160479629363636
"brier",5,5,10,0.93,0.01312142675
"brier",5,5,10,0.94,0.0102446317636364
"brier",5,5,10,0.95,0.00954789243181818
"brier",5,5,10,0.96,0.00732895619090909
"brier",5,5,10,0.97,0.00422278060454545
"brier",5,5,10,0.98,0.00102547470454545
"brier",5,5,10,0.99,0.00404266778181818
"brier",5,5,10,0.995,0.00312151780909091
"brier",1,8,1,0.9,0.0225342111545455
"brier",1,8,1,0.91,0.0190506771318182
"brier",1,8,1,0.92,0.0188403441136364
"brier",1,8,1,0.93,0.0170071393318182
"brier",1,8,1,0.94,0.0172342016954545
"brier",1,8,1,0.95,0.0144352956590909
"brier",1,8,1,0.96,0.0129407910954545
"brier",1,8,1,0.97,0.00788744363181818
"brier",1,8,1,0.98,0.00393792615909091
"brier",1,8,1,0.99,0.00684287874090909
"brier",1,8,1,0.995,0.00576428496818182
"brier",1,8,2,0.9,0.02493833755
"brier",1,8,2,0.91,0.0232394890272727
"brier",1,8,2,0.92,0.0228881641636364
"brier",1,8,2,0.93,0.0194303128772727
"brier",1,8,2,0.94,0.0185504864136364
"brier",1,8,2,0.95,0.0178667031954545
"brier",1,8,2,0.96,0.0169622427409091
"brier",1,8,2,0.97,0.0112429214772727
"brier",1,8,2,0.98,0.00735648675909091
"brier",1,8,2,0.99,0.00392538891818182
"brier",1,8,2,0.995,0.0023953575
"brier",1,8,3,0.9,0.0211276271454545
"brier",1,8,3,0.91,0.0196198349090909
"brier",1,8,3,0.92,0.0193580901727273
"brier",1,8,3,0.93,0.0175743202545455
"brier",1,8,3,0.94,0.0143109092454545
"brier",1,8,3,0.95,0.0100129275
"brier",1,8,3,0.96,0.00829842733636364
"brier",1,8,3,0.97,0.00674968808181818
"brier",1,8,3,0.98,0.00273805326818182
"brier",1,8,3,0.99,0.00226988293636364
"brier",1,8,3,0.995,0.000967675
"brier",1,8,4,0.9,0.0115406230863636
"brier",1,8,4,0.91,0.00862912278636364
"brier",1,8,4,0.92,0.00718956522272727
"brier",1,8,4,0.93,0.00864070888636364
"brier",1,8,4,0.94,0.0105917164863636
"brier",1,8,4,0.95,0.00635427759090909
"brier",1,8,4,0.96,0.00775166197727273
"brier",1,8,4,0.97,0.00710882922727273
"brier",1,8,4,0.98,0.00623628576363636
"brier",1,8,4,0.99,0.00353502448636364
"brier",1,8,4,0.995,0.00430140699545454
"brier",1,8,5,0.9,0.0278468193409091
"brier",1,8,5,0.91,0.0267188307409091
"brier",1,8,5,0.92,0.0230661193909091
"brier",1,8,5,0.93,0.0221872910272727
"brier",1,8,5,0.94,0.0205234742272727
"brier",1,8,5,0.95,0.0159863026227273
"brier",1,8,5,0.96,0.0143973839363636
"brier",1,8,5,0.97,0.0119658183590909
"brier",1,8,5,0.98,0.00863961821818182
"brier",1,8,5,0.99,0.00650914456818182
"brier",1,8,5,0.995,0.00387382419090909
"brier",1,8,6,0.9,0.0157819859636364
"brier",1,8,6,0.91,0.0142310007590909
"brier",1,8,6,0.92,0.0140703749136364
"brier",1,8,6,0.93,0.0110932068590909
"brier",1,8,6,0.94,0.0112654584181818
"brier",1,8,6,0.95,0.0103015997545455
"brier",1,8,6,0.96,0.00922676561818182
"brier",1,8,6,0.97,0.00996119683181818
"brier",1,8,6,0.98,0.00702148483181818
"brier",1,8,6,0.99,0.00732383585
"brier",1,8,6,0.995,0.00442971782272727
"brier",1,8,7,0.9,0.0192048957
"brier",1,8,7,0.91,0.0191777441909091
"brier",1,8,7,0.92,0.0170811857590909
"brier",1,8,7,0.93,0.0146511799318182
"brier",1,8,7,0.94,0.0141389283818182
"brier",1,8,7,0.95,0.0133507035681818
"brier",1,8,7,0.96,0.0119586686954545
"brier",1,8,7,0.97,0.00768150603636364
"brier",1,8,7,0.98,0.00374103599090909
"brier",1,8,7,0.99,0.00297168479545455
"brier",1,8,7,0.995,0.00353611278181818
"brier",1,8,8,0.9,0.0187314574818182
"brier",1,8,8,0.91,0.0172103319181818
"brier",1,8,8,0.92,0.0192876956590909
"brier",1,8,8,0.93,0.0189275692863636
"brier",1,8,8,0.94,0.0193824139227273
"brier",1,8,8,0.95,0.0160960745863636
"brier",1,8,8,0.96,0.0134808064454545
"brier",1,8,8,0.97,0.0111432166136364
"brier",1,8,8,0.98,0.00937949138181818
"brier",1,8,8,0.99,0.00292085336818182
"brier",1,8,8,0.995,0.00341161050454545
"brier",1,8,9,0.9,0.0275038111772727
"brier",1,8,9,0.91,0.0257480844727273
"brier",1,8,9,0.92,0.0218332877363636
"brier",1,8,9,0.93,0.0192351617636364
"brier",1,8,9,0.94,0.01785278535
"brier",1,8,9,0.95,0.0157105734863636
"brier",1,8,9,0.96,0.0139226831
"brier",1,8,9,0.97,0.0111344391045455
"brier",1,8,9,0.98,0.00803478710909091
"brier",1,8,9,0.99,0.00631699856818182
"brier",1,8,9,0.995,0.00353593925909091
"brier",1,8,10,0.9,0.0191408801909091
"brier",1,8,10,0.91,0.0169768331863636
"brier",1,8,10,0.92,0.0147281964227273
"brier",1,8,10,0.93,0.0116254440909091
"brier",1,8,10,0.94,0.00874087517727273
"brier",1,8,10,0.95,0.00856464668636364
"brier",1,8,10,0.96,0.00697206986363636
"brier",1,8,10,0.97,0.00418474125909091
"brier",1,8,10,0.98,0.000816836786363636
"brier",1,8,10,0.99,0.00385262964090909
"brier",1,8,10,0.995,0.00324527966818182
"brier",2,8,1,0.9,0.0211497621863636
"brier",2,8,1,0.91,0.0176246619
"brier",2,8,1,0.92,0.0175614483818182
"brier",2,8,1,0.93,0.0159537396363636
"brier",2,8,1,0.94,0.0164402894909091
"brier",2,8,1,0.95,0.0135740869045455
"brier",2,8,1,0.96,0.0123856403545455
"brier",2,8,1,0.97,0.00807931420454545
"brier",2,8,1,0.98,0.0036100774
"brier",2,8,1,0.99,0.00488114202727273
"brier",2,8,1,0.995,0.00405105107272727
"brier",2,8,2,0.9,0.0244849576545455
"brier",2,8,2,0.91,0.0225863926681818
"brier",2,8,2,0.92,0.0225267882272727
"brier",2,8,2,0.93,0.0187695613227273
"brier",2,8,2,0.94,0.0171233377409091
"brier",2,8,2,0.95,0.0158944843454545
"brier",2,8,2,0.96,0.0149323951
"brier",2,8,2,0.97,0.0109225117954545
"brier",2,8,2,0.98,0.00722807955454545
"brier",2,8,2,0.99,0.00391908134545455
"brier",2,8,2,0.995,0.00214514145909091
"brier",2,8,3,0.9,0.0199356745136364
"brier",2,8,3,0.91,0.01854595905
"brier",2,8,3,0.92,0.0183708878181818
"brier",2,8,3,0.93,0.0167788010363636
"brier",2,8,3,0.94,0.01345453895
"brier",2,8,3,0.95,0.00926882777727273
"brier",2,8,3,0.96,0.00749469532727273
"brier",2,8,3,0.97,0.00630902526363636
"brier",2,8,3,0.98,0.00273686884090909
"brier",2,8,3,0.99,0.0021098964
"brier",2,8,3,0.995,0.00117745462272727
"brier",2,8,4,0.9,0.0107689218363636
"brier",2,8,4,0.91,0.00817183535454545
"brier",2,8,4,0.92,0.00681556867727273
"brier",2,8,4,0.93,0.00787049379545455
"brier",2,8,4,0.94,0.00919783102727273
"brier",2,8,4,0.95,0.00611047880909091
"brier",2,8,4,0.96,0.00717341990454545
"brier",2,8,4,0.97,0.00654180700909091
"brier",2,8,4,0.98,0.00545360667272727
"brier",2,8,4,0.99,0.00332152422272727
"brier",2,8,4,0.995,0.00297216582727273
"brier",2,8,5,0.9,0.0253450074909091
"brier",2,8,5,0.91,0.0240677885181818
"brier",2,8,5,0.92,0.0209630235590909
"brier",2,8,5,0.93,0.0207041973590909
"brier",2,8,5,0.94,0.0189008117863636
"brier",2,8,5,0.95,0.0146131204727273
"brier",2,8,5,0.96,0.0134464762863636
"brier",2,8,5,0.97,0.0111865910545455
"brier",2,8,5,0.98,0.00842837034545455
"brier",2,8,5,0.99,0.00546293708181818
"brier",2,8,5,0.995,0.00316843891363636
"brier",2,8,6,0.9,0.0151932116136364
"brier",2,8,6,0.91,0.0135884432045455
"brier",2,8,6,0.92,0.0135253464409091
"brier",2,8,6,0.93,0.0102997467681818
"brier",2,8,6,0.94,0.00978188973636364
"brier",2,8,6,0.95,0.00868117191363636
"brier",2,8,6,0.96,0.0083977165
"brier",2,8,6,0.97,0.00900219377727273
"brier",2,8,6,0.98,0.00673195470909091
"brier",2,8,6,0.99,0.00569883155909091
"brier",2,8,6,0.995,0.00369943730454545
"brier",2,8,7,0.9,0.0177239257681818
"brier",2,8,7,0.91,0.01829052495
"brier",2,8,7,0.92,0.0167911034590909
"brier",2,8,7,0.93,0.0142402468
"brier",2,8,7,0.94,0.0133208479227273
"brier",2,8,7,0.95,0.0125706129363636
"brier",2,8,7,0.96,0.0100724931681818
"brier",2,8,7,0.97,0.00677004348636364
"brier",2,8,7,0.98,0.00295364987727273
"brier",2,8,7,0.99,0.00255672348181818
"brier",2,8,7,0.995,0.00270406524545455
"brier",2,8,8,0.9,0.0179493908318182
"brier",2,8,8,0.91,0.0167166620772727
"brier",2,8,8,0.92,0.0186483299636364
"brier",2,8,8,0.93,0.0180437261045455
"brier",2,8,8,0.94,0.01877936075
"brier",2,8,8,0.95,0.0158175917
"brier",2,8,8,0.96,0.0131278031181818
"brier",2,8,8,0.97,0.0103923077454545
"brier",2,8,8,0.98,0.00864184105909091
"brier",2,8,8,0.99,0.00344599083636364
"brier",2,8,8,0.995,0.00326483534545455
"brier",2,8,9,0.9,0.0265406752409091
"brier",2,8,9,0.91,0.0250812587363636
"brier",2,8,9,0.92,0.0209989058727273
"brier",2,8,9,0.93,0.0184042142772727
"brier",2,8,9,0.94,0.0172949674272727
"brier",2,8,9,0.95,0.0152232092863636
"brier",2,8,9,0.96,0.0133885941318182
"brier",2,8,9,0.97,0.0107547071
"brier",2,8,9,0.98,0.00831518295
"brier",2,8,9,0.99,0.0058778439
"brier",2,8,9,0.995,0.00305542396818182
"brier",2,8,10,0.9,0.0187016071818182
"brier",2,8,10,0.91,0.0170598592318182
"brier",2,8,10,0.92,0.0146947015772727
"brier",2,8,10,0.93,0.0113879786181818
"brier",2,8,10,0.94,0.00857365833181818
"brier",2,8,10,0.95,0.00850045629090909
"brier",2,8,10,0.96,0.00700229815
"brier",2,8,10,0.97,0.00396737564090909
"brier",2,8,10,0.98,0.000778158186363636
"brier",2,8,10,0.99,0.00338317645
"brier",2,8,10,0.995,0.00289265273181818
"brier",3,8,1,0.9,0.0214251678772727
"brier",3,8,1,0.91,0.0176298838272727
"brier",3,8,1,0.92,0.0174739269181818
"brier",3,8,1,0.93,0.0160361485681818
"brier",3,8,1,0.94,0.0164702795136364
"brier",3,8,1,0.95,0.0134842325
"brier",3,8,1,0.96,0.0121554750227273
"brier",3,8,1,0.97,0.00777714386818182
"brier",3,8,1,0.98,0.00364128286363636
"brier",3,8,1,0.99,0.00501531578636364
"brier",3,8,1,0.995,0.00414654919090909
"brier",3,8,2,0.9,0.0244086188090909
"brier",3,8,2,0.91,0.02275598875
"brier",3,8,2,0.92,0.0226518761818182
"brier",3,8,2,0.93,0.0193892535954545
"brier",3,8,2,0.94,0.0173821903318182
"brier",3,8,2,0.95,0.0162899012090909
"brier",3,8,2,0.96,0.0151113288636364
"brier",3,8,2,0.97,0.0108457664318182
"brier",3,8,2,0.98,0.00727378230909091
"brier",3,8,2,0.99,0.00385233295
"brier",3,8,2,0.995,0.00219737361818182
"brier",3,8,3,0.9,0.0203838125136364
"brier",3,8,3,0.91,0.0187999580181818
"brier",3,8,3,0.92,0.0187898898045455
"brier",3,8,3,0.93,0.0170663338818182
"brier",3,8,3,0.94,0.0135571839590909
"brier",3,8,3,0.95,0.00918539106818182
"brier",3,8,3,0.96,0.00747300622272727
"brier",3,8,3,0.97,0.00622419053636364
"brier",3,8,3,0.98,0.00284786155454545
"brier",3,8,3,0.99,0.00206383637272727
"brier",3,8,3,0.995,0.00117028987727273
"brier",3,8,4,0.9,0.0106272147681818
"brier",3,8,4,0.91,0.00833372848636364
"brier",3,8,4,0.92,0.00690699424090909
"brier",3,8,4,0.93,0.00793486194545455
"brier",3,8,4,0.94,0.00914575678636364
"brier",3,8,4,0.95,0.00609846917272727
"brier",3,8,4,0.96,0.0070799023
"brier",3,8,4,0.97,0.00643304065454545
"brier",3,8,4,0.98,0.00534222395909091
"brier",3,8,4,0.99,0.00351617472272727
"brier",3,8,4,0.995,0.00302982937727273
"brier",3,8,5,0.9,0.0260130450727273
"brier",3,8,5,0.91,0.0250296662636364
"brier",3,8,5,0.92,0.0215346480363636
"brier",3,8,5,0.93,0.0208156824681818
"brier",3,8,5,0.94,0.0186028278045455
"brier",3,8,5,0.95,0.0147415845772727
"brier",3,8,5,0.96,0.0133824572272727
"brier",3,8,5,0.97,0.0112504156454545
"brier",3,8,5,0.98,0.00820948425909091
"brier",3,8,5,0.99,0.00548391050454545
"brier",3,8,5,0.995,0.00316806526363636
"brier",3,8,6,0.9,0.0154488198636364
"brier",3,8,6,0.91,0.0137583608045455
"brier",3,8,6,0.92,0.0136041640818182
"brier",3,8,6,0.93,0.0102560391727273
"brier",3,8,6,0.94,0.00949036005454545
"brier",3,8,6,0.95,0.0086273412
"brier",3,8,6,0.96,0.00860292200909091
"brier",3,8,6,0.97,0.00919898325
"brier",3,8,6,0.98,0.00678547950909091
"brier",3,8,6,0.99,0.00556974987727273
"brier",3,8,6,0.995,0.00358127864545455
"brier",3,8,7,0.9,0.0180923178681818
"brier",3,8,7,0.91,0.0182548100681818
"brier",3,8,7,0.92,0.0168945824909091
"brier",3,8,7,0.93,0.0146195608
"brier",3,8,7,0.94,0.0136708394
"brier",3,8,7,0.95,0.0126040298909091
"brier",3,8,7,0.96,0.0103175336363636
"brier",3,8,7,0.97,0.00704365946363636
"brier",3,8,7,0.98,0.00314317813181818
"brier",3,8,7,0.99,0.00246643185
"brier",3,8,7,0.995,0.00269712327272727
"brier",3,8,8,0.9,0.0183100602636364
"brier",3,8,8,0.91,0.0171208843954545
"brier",3,8,8,0.92,0.0191630232045455
"brier",3,8,8,0.93,0.0185054402636364
"brier",3,8,8,0.94,0.0193402802545455
"brier",3,8,8,0.95,0.0160309512136364
"brier",3,8,8,0.96,0.0131924300863636
"brier",3,8,8,0.97,0.0104775308863636
"brier",3,8,8,0.98,0.00829501854090909
"brier",3,8,8,0.99,0.00336377320454545
"brier",3,8,8,0.995,0.00318532625909091
"brier",3,8,9,0.9,0.0271428464136364
"brier",3,8,9,0.91,0.0256524351136364
"brier",3,8,9,0.92,0.0215754600545455
"brier",3,8,9,0.93,0.0188477852318182
"brier",3,8,9,0.94,0.0174928744272727
"brier",3,8,9,0.95,0.0155170552409091
"brier",3,8,9,0.96,0.0136252807363636
"brier",3,8,9,0.97,0.0108505221227273
"brier",3,8,9,0.98,0.00826574574090909
"brier",3,8,9,0.99,0.00610928793636364
"brier",3,8,9,0.995,0.00304900794545455
"brier",3,8,10,0.9,0.0185855184818182
"brier",3,8,10,0.91,0.0165548579727273
"brier",3,8,10,0.92,0.0144646468
"brier",3,8,10,0.93,0.0114851594727273
"brier",3,8,10,0.94,0.00856078606818182
"brier",3,8,10,0.95,0.00852045274545454
"brier",3,8,10,0.96,0.00707994442727273
"brier",3,8,10,0.97,0.00389692485454545
"brier",3,8,10,0.98,0.000705342181818182
"brier",3,8,10,0.99,0.00333954777727273
"brier",3,8,10,0.995,0.00285639075
"brier",4,8,1,0.9,0.0219537746954545
"brier",4,8,1,0.91,0.0180810920863636
"brier",4,8,1,0.92,0.0178950260318182
"brier",4,8,1,0.93,0.0162953704909091
"brier",4,8,1,0.94,0.0165740495590909
"brier",4,8,1,0.95,0.0138308616181818
"brier",4,8,1,0.96,0.0128861318727273
"brier",4,8,1,0.97,0.00821403098636364
"brier",4,8,1,0.98,0.00373572999090909
"brier",4,8,1,0.99,0.00518733663181818
"brier",4,8,1,0.995,0.00431120350909091
"brier",4,8,2,0.9,0.0248099539863636
"brier",4,8,2,0.91,0.0226464827954545
"brier",4,8,2,0.92,0.0229440393227273
"brier",4,8,2,0.93,0.0195154250954545
"brier",4,8,2,0.94,0.0178392962545455
"brier",4,8,2,0.95,0.0167997084954545
"brier",4,8,2,0.96,0.0156260617909091
"brier",4,8,2,0.97,0.0109212458181818
"brier",4,8,2,0.98,0.00693372655454545
"brier",4,8,2,0.99,0.00373995635454545
"brier",4,8,2,0.995,0.0022465707
"brier",4,8,3,0.9,0.0210941034
"brier",4,8,3,0.91,0.0195680947909091
"brier",4,8,3,0.92,0.0193780945636364
"brier",4,8,3,0.93,0.0176165694954545
"brier",4,8,3,0.94,0.01392377935
"brier",4,8,3,0.95,0.00953761323181818
"brier",4,8,3,0.96,0.0076164267
"brier",4,8,3,0.97,0.0062917236
"brier",4,8,3,0.98,0.00279856245454545
"brier",4,8,3,0.99,0.00208323480454545
"brier",4,8,3,0.995,0.00116898179545455
"brier",4,8,4,0.9,0.0112579587363636
"brier",4,8,4,0.91,0.00864113719545455
"brier",4,8,4,0.92,0.00703810895454545
"brier",4,8,4,0.93,0.00811724917727273
"brier",4,8,4,0.94,0.00958305137272727
"brier",4,8,4,0.95,0.00632320127272727
"brier",4,8,4,0.96,0.00736478672272727
"brier",4,8,4,0.97,0.00675300620454545
"brier",4,8,4,0.98,0.00552947585
"brier",4,8,4,0.99,0.00345606857727273
"brier",4,8,4,0.995,0.00306449579090909
"brier",4,8,5,0.9,0.0260202654272727
"brier",4,8,5,0.91,0.0249247700818182
"brier",4,8,5,0.92,0.0216528241727273
"brier",4,8,5,0.93,0.0211983112727273
"brier",4,8,5,0.94,0.0190564630681818
"brier",4,8,5,0.95,0.0147009025227273
"brier",4,8,5,0.96,0.0135140237045455
"brier",4,8,5,0.97,0.0113779875363636
"brier",4,8,5,0.98,0.00837165122727273
"brier",4,8,5,0.99,0.00558182630909091
"brier",4,8,5,0.995,0.00326421421818182
"brier",4,8,6,0.9,0.0155161608636364
"brier",4,8,6,0.91,0.0139978915545455
"brier",4,8,6,0.92,0.0138323301681818
"brier",4,8,6,0.93,0.0103172229954545
"brier",4,8,6,0.94,0.0100020764409091
"brier",4,8,6,0.95,0.00877207873636364
"brier",4,8,6,0.96,0.00840552799090909
"brier",4,8,6,0.97,0.00910487577272727
"brier",4,8,6,0.98,0.0065240699
"brier",4,8,6,0.99,0.00566518417272727
"brier",4,8,6,0.995,0.00353720006363636
"brier",4,8,7,0.9,0.0184419850954545
"brier",4,8,7,0.91,0.0188478569590909
"brier",4,8,7,0.92,0.0172097126272727
"brier",4,8,7,0.93,0.014685787
"brier",4,8,7,0.94,0.0137831916909091
"brier",4,8,7,0.95,0.0127221932681818
"brier",4,8,7,0.96,0.0101083547045455
"brier",4,8,7,0.97,0.00690525489090909
"brier",4,8,7,0.98,0.00301427382272727
"brier",4,8,7,0.99,0.00242505315454545
"brier",4,8,7,0.995,0.00273989321363636
"brier",4,8,8,0.9,0.01819928055
"brier",4,8,8,0.91,0.0170098228272727
"brier",4,8,8,0.92,0.0189897106727273
"brier",4,8,8,0.93,0.0183486835
"brier",4,8,8,0.94,0.0190597650590909
"brier",4,8,8,0.95,0.0159476018136364
"brier",4,8,8,0.96,0.0131335712272727
"brier",4,8,8,0.97,0.0104253353454545
"brier",4,8,8,0.98,0.00859701557727273
"brier",4,8,8,0.99,0.00337435228181818
"brier",4,8,8,0.995,0.00325502162727273
"brier",4,8,9,0.9,0.0271768200954545
"brier",4,8,9,0.91,0.0256509748590909
"brier",4,8,9,0.92,0.0216294994272727
"brier",4,8,9,0.93,0.0189060233136364
"brier",4,8,9,0.94,0.0176944465681818
"brier",4,8,9,0.95,0.0156544476636364
"brier",4,8,9,0.96,0.0136623832909091
"brier",4,8,9,0.97,0.0106995429545455
"brier",4,8,9,0.98,0.00829397785909091
"brier",4,8,9,0.99,0.00603196470454545
"brier",4,8,9,0.995,0.00324200424090909
"brier",4,8,10,0.9,0.0186226588681818
"brier",4,8,10,0.91,0.0167117195636364
"brier",4,8,10,0.92,0.0146596328727273
"brier",4,8,10,0.93,0.0115849579
"brier",4,8,10,0.94,0.00865704987727273
"brier",4,8,10,0.95,0.00857551793636364
"brier",4,8,10,0.96,0.00713296018636364
"brier",4,8,10,0.97,0.00424922190454545
"brier",4,8,10,0.98,0.000762570777272727
"brier",4,8,10,0.99,0.00340335009090909
"brier",4,8,10,0.995,0.00284019261363636
"brier",5,8,1,0.9,0.0228222355
"brier",5,8,1,0.91,0.0197336350863636
"brier",5,8,1,0.92,0.0196411346909091
"brier",5,8,1,0.93,0.0176153973090909
"brier",5,8,1,0.94,0.0176613606818182
"brier",5,8,1,0.95,0.0145174254545455
"brier",5,8,1,0.96,0.013857174
"brier",5,8,1,0.97,0.00946434003636364
"brier",5,8,1,0.98,0.00401842419545455
"brier",5,8,1,0.99,0.00556404410909091
"brier",5,8,1,0.995,0.00457863645454545
"brier",5,8,2,0.9,0.0246787682454545
"brier",5,8,2,0.91,0.0229916901454545
"brier",5,8,2,0.92,0.0228959597090909
"brier",5,8,2,0.93,0.0196500004545455
"brier",5,8,2,0.94,0.0177435546090909
"brier",5,8,2,0.95,0.01679058215
"brier",5,8,2,0.96,0.0153398032954545
"brier",5,8,2,0.97,0.0106477208545455
"brier",5,8,2,0.98,0.00702820618181818
"brier",5,8,2,0.99,0.0038136424
"brier",5,8,2,0.995,0.00231550674545455
"brier",5,8,3,0.9,0.0235529655454545
"brier",5,8,3,0.91,0.0217843347863636
"brier",5,8,3,0.92,0.0215696870818182
"brier",5,8,3,0.93,0.0191179016818182
"brier",5,8,3,0.94,0.0159066567636364
"brier",5,8,3,0.95,0.0111289520409091
"brier",5,8,3,0.96,0.00838405615909091
"brier",5,8,3,0.97,0.00708726074090909
"brier",5,8,3,0.98,0.00433198695
"brier",5,8,3,0.99,0.00323971623636364
"brier",5,8,3,0.995,0.000947119140909091
"brier",5,8,4,0.9,0.0108823740863636
"brier",5,8,4,0.91,0.00835860854545455
"brier",5,8,4,0.92,0.00695784849545455
"brier",5,8,4,0.93,0.008372516
"brier",5,8,4,0.94,0.00939258094545455
"brier",5,8,4,0.95,0.00615270975909091
"brier",5,8,4,0.96,0.00703407796818182
"brier",5,8,4,0.97,0.00636838932272727
"brier",5,8,4,0.98,0.00525613528181818
"brier",5,8,4,0.99,0.00356636403181818
"brier",5,8,4,0.995,0.00295835267272727
"brier",5,8,5,0.9,0.0275640581090909
"brier",5,8,5,0.91,0.0260665757681818
"brier",5,8,5,0.92,0.0227225707
"brier",5,8,5,0.93,0.0221271781318182
"brier",5,8,5,0.94,0.0198852572818182
"brier",5,8,5,0.95,0.0150277424954545
"brier",5,8,5,0.96,0.0135903993727273
"brier",5,8,5,0.97,0.0114950183772727
"brier",5,8,5,0.98,0.00832807410454546
"brier",5,8,5,0.99,0.00565148320454545
"brier",5,8,5,0.995,0.00337724787272727
"brier",5,8,6,0.9,0.0184111703818182
"brier",5,8,6,0.91,0.0177668426227273
"brier",5,8,6,0.92,0.0171641265227273
"brier",5,8,6,0.93,0.0134242163409091
"brier",5,8,6,0.94,0.0122076555363636
"brier",5,8,6,0.95,0.0112250556227273
"brier",5,8,6,0.96,0.0132459829454545
"brier",5,8,6,0.97,0.0118308246181818
"brier",5,8,6,0.98,0.00928965293636364
"brier",5,8,6,0.99,0.00669897819090909
"brier",5,8,6,0.995,0.00446177775
"brier",5,8,7,0.9,0.0191672866409091
"brier",5,8,7,0.91,0.0193882902863636
"brier",5,8,7,0.92,0.0171381000909091
"brier",5,8,7,0.93,0.0143263250363636
"brier",5,8,7,0.94,0.0135240385272727
"brier",5,8,7,0.95,0.0126127338136364
"brier",5,8,7,0.96,0.0104494768545455
"brier",5,8,7,0.97,0.00669525802727273
"brier",5,8,7,0.98,0.00298392938181818
"brier",5,8,7,0.99,0.00251942610454545
"brier",5,8,7,0.995,0.00278942265
"brier",5,8,8,0.9,0.0200513865090909
"brier",5,8,8,0.91,0.0189657779727273
"brier",5,8,8,0.92,0.0209313658954545
"brier",5,8,8,0.93,0.0204928892227273
"brier",5,8,8,0.94,0.0219358036090909
"brier",5,8,8,0.95,0.0187216762090909
"brier",5,8,8,0.96,0.0162400673318182
"brier",5,8,8,0.97,0.0128617392045455
"brier",5,8,8,0.98,0.00929364589090909
"brier",5,8,8,0.99,0.0034763426
"brier",5,8,8,0.995,0.00395574566818182
"brier",5,8,9,0.9,0.0297222817363636
"brier",5,8,9,0.91,0.0283979674045455
"brier",5,8,9,0.92,0.0248069564954545
"brier",5,8,9,0.93,0.0221214828954545
"brier",5,8,9,0.94,0.0199502367136364
"brier",5,8,9,0.95,0.0179546111863636
"brier",5,8,9,0.96,0.0154340520454545
"brier",5,8,9,0.97,0.0116262193954545
"brier",5,8,9,0.98,0.00908591634545454
"brier",5,8,9,0.99,0.00662737032727273
"brier",5,8,9,0.995,0.00292995648181818
"brier",5,8,10,0.9,0.0216739777181818
"brier",5,8,10,0.91,0.0189817257772727
"brier",5,8,10,0.92,0.0161308255045455
"brier",5,8,10,0.93,0.0124897941772727
"brier",5,8,10,0.94,0.00951779002272727
"brier",5,8,10,0.95,0.00899614687727273
"brier",5,8,10,0.96,0.00703211148181818
"brier",5,8,10,0.97,0.00375379872272727
"brier",5,8,10,0.98,0.000672159672727273
"brier",5,8,10,0.99,0.00446365845
"brier",5,8,10,0.995,0.00338517928636364
"brier",1,10,1,0.9,0.0224121259590909
"brier",1,10,1,0.91,0.0189377415272727
"brier",1,10,1,0.92,0.0187578053818182
"brier",1,10,1,0.93,0.0169344084727273
"brier",1,10,1,0.94,0.0171384132318182
"brier",1,10,1,0.95,0.0142687527772727
"brier",1,10,1,0.96,0.0128663288727273
"brier",1,10,1,0.97,0.00782641547272727
"brier",1,10,1,0.98,0.00395009783636364
"brier",1,10,1,0.99,0.00686463483636364
"brier",1,10,1,0.995,0.00575846100909091
"brier",1,10,2,0.9,0.0249907936045455
"brier",1,10,2,0.91,0.0233216530227273
"brier",1,10,2,0.92,0.02297996545
"brier",1,10,2,0.93,0.0194639490590909
"brier",1,10,2,0.94,0.0185718357454545
"brier",1,10,2,0.95,0.0178844128409091
"brier",1,10,2,0.96,0.0169224762090909
"brier",1,10,2,0.97,0.0111798008
"brier",1,10,2,0.98,0.00731835957272727
"brier",1,10,2,0.99,0.00389679076363636
"brier",1,10,2,0.995,0.00240914405
"brier",1,10,3,0.9,0.0212556195863636
"brier",1,10,3,0.91,0.0197291475681818
"brier",1,10,3,0.92,0.0194199299590909
"brier",1,10,3,0.93,0.0175921596318182
"brier",1,10,3,0.94,0.0143296463909091
"brier",1,10,3,0.95,0.00986090882272727
"brier",1,10,3,0.96,0.00824465439090909
"brier",1,10,3,0.97,0.0067632518
"brier",1,10,3,0.98,0.00275547171818182
"brier",1,10,3,0.99,0.00229899735454545
"brier",1,10,3,0.995,0.000970481804545455
"brier",1,10,4,0.9,0.0115971853954545
"brier",1,10,4,0.91,0.00866621022272727
"brier",1,10,4,0.92,0.00720070288636364
"brier",1,10,4,0.93,0.0086434891
"brier",1,10,4,0.94,0.01062392185
"brier",1,10,4,0.95,0.00635019326818182
"brier",1,10,4,0.96,0.0076955435
"brier",1,10,4,0.97,0.00707085109090909
"brier",1,10,4,0.98,0.00624243865909091
"brier",1,10,4,0.99,0.00355706475909091
"brier",1,10,4,0.995,0.00429715258181818
"brier",1,10,5,0.9,0.0279260656818182
"brier",1,10,5,0.91,0.0267660135318182
"brier",1,10,5,0.92,0.0231334063772727
"brier",1,10,5,0.93,0.02218870005
"brier",1,10,5,0.94,0.0205047522727273
"brier",1,10,5,0.95,0.01589806955
"brier",1,10,5,0.96,0.0143660372136364
"brier",1,10,5,0.97,0.0119700518
"brier",1,10,5,0.98,0.00862205573181818
"brier",1,10,5,0.99,0.00652646919090909
"brier",1,10,5,0.995,0.00390151273636364
"brier",1,10,6,0.9,0.0156883655909091
"brier",1,10,6,0.91,0.0140628787590909
"brier",1,10,6,0.92,0.0139701764727273
"brier",1,10,6,0.93,0.01108440055
"brier",1,10,6,0.94,0.0112762318590909
"brier",1,10,6,0.95,0.0103227089863636
"brier",1,10,6,0.96,0.00925346722727273
"brier",1,10,6,0.97,0.00994570410909091
"brier",1,10,6,0.98,0.00708854443636364
"brier",1,10,6,0.99,0.00738404206818182
"brier",1,10,6,0.995,0.00445267542727273
"brier",1,10,7,0.9,0.0191447640272727
"brier",1,10,7,0.91,0.0192248874
"brier",1,10,7,0.92,0.0171249054136364
"brier",1,10,7,0.93,0.0146946858409091
"brier",1,10,7,0.94,0.0141519806454545
"brier",1,10,7,0.95,0.0133675343954545
"brier",1,10,7,0.96,0.0119616829909091
"brier",1,10,7,0.97,0.00764251774545455
"brier",1,10,7,0.98,0.00374975002727273
"brier",1,10,7,0.99,0.00300543166818182
"brier",1,10,7,0.995,0.00353926570454545
"brier",1,10,8,0.9,0.0189268999363636
"brier",1,10,8,0.91,0.0173931972772727
"brier",1,10,8,0.92,0.0194499850227273
"brier",1,10,8,0.93,0.0190432220863636
"brier",1,10,8,0.94,0.01943576775
"brier",1,10,8,0.95,0.0160683903181818
"brier",1,10,8,0.96,0.0134860278090909
"brier",1,10,8,0.97,0.0111504352772727
"brier",1,10,8,0.98,0.00937683437272727
"brier",1,10,8,0.99,0.00287861042272727
"brier",1,10,8,0.995,0.00343622020909091
"brier",1,10,9,0.9,0.0274509935045455
"brier",1,10,9,0.91,0.0256510376727273
"brier",1,10,9,0.92,0.0217522007681818
"brier",1,10,9,0.93,0.0191748251045455
"brier",1,10,9,0.94,0.01777625015
"brier",1,10,9,0.95,0.0156217189409091
"brier",1,10,9,0.96,0.0138593516681818
"brier",1,10,9,0.97,0.0110969377863636
"brier",1,10,9,0.98,0.00800688241818182
"brier",1,10,9,0.99,0.00633662989545455
"brier",1,10,9,0.995,0.00350105223636364
"brier",1,10,10,0.9,0.0191875785727273
"brier",1,10,10,0.91,0.0170127735454545
"brier",1,10,10,0.92,0.0147038086136364
"brier",1,10,10,0.93,0.0115454839272727
"brier",1,10,10,0.94,0.00873832797727273
"brier",1,10,10,0.95,0.00856216575909091
"brier",1,10,10,0.96,0.00695369572272727
"brier",1,10,10,0.97,0.00416597920909091
"brier",1,10,10,0.98,0.0008087766
"brier",1,10,10,0.99,0.00386782248181818
"brier",1,10,10,0.995,0.00324763107272727
"brier",2,10,1,0.9,0.0209048393545455
"brier",2,10,1,0.91,0.0174132586045455
"brier",2,10,1,0.92,0.0173304985545455
"brier",2,10,1,0.93,0.0157833984
"brier",2,10,1,0.94,0.0162568105545455
"brier",2,10,1,0.95,0.0133332584863636
"brier",2,10,1,0.96,0.0122047205545455
"brier",2,10,1,0.97,0.00801721394545454
"brier",2,10,1,0.98,0.00366405058181818
"brier",2,10,1,0.99,0.00490908672727273
"brier",2,10,1,0.995,0.00407612847272727
"brier",2,10,2,0.9,0.0245649490181818
"brier",2,10,2,0.91,0.0227967033318182
"brier",2,10,2,0.92,0.0227859363636364
"brier",2,10,2,0.93,0.0188729696363636
"brier",2,10,2,0.94,0.0171626774545455
"brier",2,10,2,0.95,0.0158413360863636
"brier",2,10,2,0.96,0.0148540764318182
"brier",2,10,2,0.97,0.0107962649909091
"brier",2,10,2,0.98,0.00719338018181818
"brier",2,10,2,0.99,0.00394470041363636
"brier",2,10,2,0.995,0.00217506110454545
"brier",2,10,3,0.9,0.0201635541409091
"brier",2,10,3,0.91,0.0187011533863636
"brier",2,10,3,0.92,0.0184617698954545
"brier",2,10,3,0.93,0.0168295301136364
"brier",2,10,3,0.94,0.0135417746818182
"brier",2,10,3,0.95,0.00910203528181818
"brier",2,10,3,0.96,0.00743351644090909
"brier",2,10,3,0.97,0.00631476716363636
"brier",2,10,3,0.98,0.00275220443636364
"brier",2,10,3,0.99,0.00208631996363636
"brier",2,10,3,0.995,0.00119571458636364
"brier",2,10,4,0.9,0.0108169834136364
"brier",2,10,4,0.91,0.00824889575454545
"brier",2,10,4,0.92,0.00678638794545455
"brier",2,10,4,0.93,0.00786033329545455
"brier",2,10,4,0.94,0.00923042512272727
"brier",2,10,4,0.95,0.00611773254090909
"brier",2,10,4,0.96,0.00714637173636364
"brier",2,10,4,0.97,0.00649283588636364
"brier",2,10,4,0.98,0.00543567514090909
"brier",2,10,4,0.99,0.00329988744545455
"brier",2,10,4,0.995,0.00296337658181818
"brier",2,10,5,0.9,0.0255965805727273
"brier",2,10,5,0.91,0.0242477377772727
"brier",2,10,5,0.92,0.0210542742045455
"brier",2,10,5,0.93,0.0207728522090909
"brier",2,10,5,0.94,0.0188328306272727
"brier",2,10,5,0.95,0.0145538682
"brier",2,10,5,0.96,0.0133895445772727
"brier",2,10,5,0.97,0.0111509760363636
"brier",2,10,5,0.98,0.00838141522727273
"brier",2,10,5,0.99,0.00547768232727273
"brier",2,10,5,0.995,0.00324105760909091
"brier",2,10,6,0.9,0.0150635813772727
"brier",2,10,6,0.91,0.0134012858045455
"brier",2,10,6,0.92,0.0134797814363636
"brier",2,10,6,0.93,0.0103009188772727
"brier",2,10,6,0.94,0.00974790002727273
"brier",2,10,6,0.95,0.00872241065454545
"brier",2,10,6,0.96,0.0084534491
"brier",2,10,6,0.97,0.00906949232727273
"brier",2,10,6,0.98,0.00679545759090909
"brier",2,10,6,0.99,0.00574174374090909
"brier",2,10,6,0.995,0.00371529220909091
"brier",2,10,7,0.9,0.0176863536227273
"brier",2,10,7,0.91,0.0183425787545455
"brier",2,10,7,0.92,0.0168027678727273
"brier",2,10,7,0.93,0.0142470575772727
"brier",2,10,7,0.94,0.0132810993454545
"brier",2,10,7,0.95,0.0125540189772727
"brier",2,10,7,0.96,0.0100635290318182
"brier",2,10,7,0.97,0.00672556868181818
"brier",2,10,7,0.98,0.00297086981818182
"brier",2,10,7,0.99,0.00256794015454545
"brier",2,10,7,0.995,0.00270430490909091
"brier",2,10,8,0.9,0.0181377677454545
"brier",2,10,8,0.91,0.0169409265727273
"brier",2,10,8,0.92,0.0189613703545455
"brier",2,10,8,0.93,0.0183167279545455
"brier",2,10,8,0.94,0.0190589843909091
"brier",2,10,8,0.95,0.0159709305363636
"brier",2,10,8,0.96,0.0132524624772727
"brier",2,10,8,0.97,0.0104162655318182
"brier",2,10,8,0.98,0.0086507504
"brier",2,10,8,0.99,0.00340161123636364
"brier",2,10,8,0.995,0.00326704282727273
"brier",2,10,9,0.9,0.0266248853409091
"brier",2,10,9,0.91,0.0249697260909091
"brier",2,10,9,0.92,0.0209629426727273
"brier",2,10,9,0.93,0.0183389413409091
"brier",2,10,9,0.94,0.0172647274272727
"brier",2,10,9,0.95,0.0152139356090909
"brier",2,10,9,0.96,0.0134170585954545
"brier",2,10,9,0.97,0.0107485542272727
"brier",2,10,9,0.98,0.00828610268636364
"brier",2,10,9,0.99,0.00590944740454545
"brier",2,10,9,0.995,0.00300489932727273
"brier",2,10,10,0.9,0.0187130423
"brier",2,10,10,0.91,0.01704144655
"brier",2,10,10,0.92,0.0147030678045455
"brier",2,10,10,0.93,0.0113301114
"brier",2,10,10,0.94,0.00852031626363636
"brier",2,10,10,0.95,0.00850052703636364
"brier",2,10,10,0.96,0.00700506622727273
"brier",2,10,10,0.97,0.00395288704545455
"brier",2,10,10,0.98,0.000758381304545455
"brier",2,10,10,0.99,0.00337603389545455
"brier",2,10,10,0.995,0.00289180607727273
"brier",3,10,1,0.9,0.0212043643136364
"brier",3,10,1,0.91,0.0174604742681818
"brier",3,10,1,0.92,0.0174068105045455
"brier",3,10,1,0.93,0.0160196075318182
"brier",3,10,1,0.94,0.0164013227045455
"brier",3,10,1,0.95,0.0133699077045455
"brier",3,10,1,0.96,0.0120558294590909
"brier",3,10,1,0.97,0.00775879132272727
"brier",3,10,1,0.98,0.00362260744090909
"brier",3,10,1,0.99,0.0050089526
"brier",3,10,1,0.995,0.00415301210454545
"brier",3,10,2,0.9,0.0244961629863636
"brier",3,10,2,0.91,0.0229519604136364
"brier",3,10,2,0.92,0.0229600614181818
"brier",3,10,2,0.93,0.0196519711863636
"brier",3,10,2,0.94,0.0175718313045455
"brier",3,10,2,0.95,0.0163650333772727
"brier",3,10,2,0.96,0.0151401388545455
"brier",3,10,2,0.97,0.0107483019954545
"brier",3,10,2,0.98,0.00726628763636364
"brier",3,10,2,0.99,0.0038541311
"brier",3,10,2,0.995,0.00221268592272727
"brier",3,10,3,0.9,0.0206012325318182
"brier",3,10,3,0.91,0.0189140160772727
"brier",3,10,3,0.92,0.0188611844772727
"brier",3,10,3,0.93,0.0171358519409091
"brier",3,10,3,0.94,0.0136572369
"brier",3,10,3,0.95,0.00911499034545455
"brier",3,10,3,0.96,0.00748327757727273
"brier",3,10,3,0.97,0.00621451931363636
"brier",3,10,3,0.98,0.00287740345
"brier",3,10,3,0.99,0.00207023238181818
"brier",3,10,3,0.995,0.00118567738636364
"brier",3,10,4,0.9,0.0107275152590909
"brier",3,10,4,0.91,0.00842567506818182
"brier",3,10,4,0.92,0.0069012657
"brier",3,10,4,0.93,0.00796308487272727
"brier",3,10,4,0.94,0.00922741211363636
"brier",3,10,4,0.95,0.00614436585454545
"brier",3,10,4,0.96,0.00701350055909091
"brier",3,10,4,0.97,0.00641901720909091
"brier",3,10,4,0.98,0.00535465767727273
"brier",3,10,4,0.99,0.0035294092
"brier",3,10,4,0.995,0.00302587404090909
"brier",3,10,5,0.9,0.0262350018
"brier",3,10,5,0.91,0.0251839417818182
"brier",3,10,5,0.92,0.0215755591772727
"brier",3,10,5,0.93,0.0208277341727273
"brier",3,10,5,0.94,0.0185786178409091
"brier",3,10,5,0.95,0.0146736982
"brier",3,10,5,0.96,0.0133431111136364
"brier",3,10,5,0.97,0.0112488221318182
"brier",3,10,5,0.98,0.00819983931818182
"brier",3,10,5,0.99,0.00552554720454545
"brier",3,10,5,0.995,0.00320827029090909
"brier",3,10,6,0.9,0.0154182411272727
"brier",3,10,6,0.91,0.0136992932
"brier",3,10,6,0.92,0.0136553668863636
"brier",3,10,6,0.93,0.0103139455636364
"brier",3,10,6,0.94,0.00955489040454545
"brier",3,10,6,0.95,0.00870306337272727
"brier",3,10,6,0.96,0.00868594250454545
"brier",3,10,6,0.97,0.00922422164090909
"brier",3,10,6,0.98,0.00683890996363636
"brier",3,10,6,0.99,0.00560728834090909
"brier",3,10,6,0.995,0.00360049996363636
"brier",3,10,7,0.9,0.0181999052409091
"brier",3,10,7,0.91,0.0183690810727273
"brier",3,10,7,0.92,0.0170006518818182
"brier",3,10,7,0.93,0.0147489685272727
"brier",3,10,7,0.94,0.0137388727954545
"brier",3,10,7,0.95,0.0126680185545455
"brier",3,10,7,0.96,0.0103970807227273
"brier",3,10,7,0.97,0.00704209830454545
"brier",3,10,7,0.98,0.00314969092727273
"brier",3,10,7,0.99,0.00246418061363636
"brier",3,10,7,0.995,0.00271271271818182
"brier",3,10,8,0.9,0.0185038894727273
"brier",3,10,8,0.91,0.0171631894545455
"brier",3,10,8,0.92,0.0192165471045455
"brier",3,10,8,0.93,0.0186057748454545
"brier",3,10,8,0.94,0.0194444807090909
"brier",3,10,8,0.95,0.0161020408409091
"brier",3,10,8,0.96,0.0132001458863636
"brier",3,10,8,0.97,0.0104523948590909
"brier",3,10,8,0.98,0.00834716138636364
"brier",3,10,8,0.99,0.00335449772727273
"brier",3,10,8,0.995,0.00319926149545455
"brier",3,10,9,0.9,0.0272446608045455
"brier",3,10,9,0.91,0.0256595776909091
"brier",3,10,9,0.92,0.0215994437454545
"brier",3,10,9,0.93,0.0187799915227273
"brier",3,10,9,0.94,0.0174258046045455
"brier",3,10,9,0.95,0.0154544529818182
"brier",3,10,9,0.96,0.0135114825636364
"brier",3,10,9,0.97,0.0107324281681818
"brier",3,10,9,0.98,0.00820282993181818
"brier",3,10,9,0.99,0.00607271652727273
"brier",3,10,9,0.995,0.00304272193181818
"brier",3,10,10,0.9,0.0187018916363636
"brier",3,10,10,0.91,0.0165500357863636
"brier",3,10,10,0.92,0.0144913733863636
"brier",3,10,10,0.93,0.0114246335409091
"brier",3,10,10,0.94,0.00851619974545455
"brier",3,10,10,0.95,0.008538852
"brier",3,10,10,0.96,0.00705605410454545
"brier",3,10,10,0.97,0.00390490678181818
"brier",3,10,10,0.98,0.000721616236363636
"brier",3,10,10,0.99,0.00333629818636364
"brier",3,10,10,0.995,0.00283959162272727
"brier",4,10,1,0.9,0.0214361054
"brier",4,10,1,0.91,0.0175526592363636
"brier",4,10,1,0.92,0.0176878503318182
"brier",4,10,1,0.93,0.0163946051909091
"brier",4,10,1,0.94,0.0171147949636364
"brier",4,10,1,0.95,0.0142028970272727
"brier",4,10,1,0.96,0.0128572262863636
"brier",4,10,1,0.97,0.00827696343636364
"brier",4,10,1,0.98,0.00352425081818182
"brier",4,10,1,0.99,0.00511964812272727
"brier",4,10,1,0.995,0.00418271855909091
"brier",4,10,2,0.9,0.0246831143136364
"brier",4,10,2,0.91,0.0228747209318182
"brier",4,10,2,0.92,0.0229713884636364
"brier",4,10,2,0.93,0.01938352035
"brier",4,10,2,0.94,0.0175201457
"brier",4,10,2,0.95,0.0164985475045455
"brier",4,10,2,0.96,0.0153194499772727
"brier",4,10,2,0.97,0.0108202604090909
"brier",4,10,2,0.98,0.00710374171363636
"brier",4,10,2,0.99,0.00380201799090909
"brier",4,10,2,0.995,0.00221089986363636
"brier",4,10,3,0.9,0.0210537693772727
"brier",4,10,3,0.91,0.0195599614590909
"brier",4,10,3,0.92,0.0192958217090909
"brier",4,10,3,0.93,0.0174325181954545
"brier",4,10,3,0.94,0.0138255710136364
"brier",4,10,3,0.95,0.00931182206818182
"brier",4,10,3,0.96,0.00754786768636364
"brier",4,10,3,0.97,0.00619921742272727
"brier",4,10,3,0.98,0.00279810334545455
"brier",4,10,3,0.99,0.00198841049090909
"brier",4,10,3,0.995,0.00118688033636364
"brier",4,10,4,0.9,0.0110871852090909
"brier",4,10,4,0.91,0.00849650942272727
"brier",4,10,4,0.92,0.00713695837272727
"brier",4,10,4,0.93,0.00797943182727273
"brier",4,10,4,0.94,0.00956397290454545
"brier",4,10,4,0.95,0.00628719635909091
"brier",4,10,4,0.96,0.00717632370909091
"brier",4,10,4,0.97,0.00664719043636364
"brier",4,10,4,0.98,0.00548795340909091
"brier",4,10,4,0.99,0.00332634271818182
"brier",4,10,4,0.995,0.00303887115
"brier",4,10,5,0.9,0.0259891071454545
"brier",4,10,5,0.91,0.0246522258454545
"brier",4,10,5,0.92,0.0213786696272727
"brier",4,10,5,0.93,0.0207087850227273
"brier",4,10,5,0.94,0.0186888566409091
"brier",4,10,5,0.95,0.0145670636181818
"brier",4,10,5,0.96,0.0135182863136364
"brier",4,10,5,0.97,0.0118736193
"brier",4,10,5,0.98,0.00865082202272727
"brier",4,10,5,0.99,0.00573870175909091
"brier",4,10,5,0.995,0.00326592959090909
"brier",4,10,6,0.9,0.0154848229818182
"brier",4,10,6,0.91,0.0137505561272727
"brier",4,10,6,0.92,0.0138318773954545
"brier",4,10,6,0.93,0.01038608185
"brier",4,10,6,0.94,0.00986009689545455
"brier",4,10,6,0.95,0.00882684700909091
"brier",4,10,6,0.96,0.00870417703636364
"brier",4,10,6,0.97,0.00939907205909091
"brier",4,10,6,0.98,0.00705475987272727
"brier",4,10,6,0.99,0.00604589425909091
"brier",4,10,6,0.995,0.00388219868181818
"brier",4,10,7,0.9,0.0182108630681818
"brier",4,10,7,0.91,0.0187204387
"brier",4,10,7,0.92,0.0169909190045455
"brier",4,10,7,0.93,0.0145830747636364
"brier",4,10,7,0.94,0.0136211909181818
"brier",4,10,7,0.95,0.0128385070363636
"brier",4,10,7,0.96,0.0101517197227273
"brier",4,10,7,0.97,0.00720841131818182
"brier",4,10,7,0.98,0.00316529214545455
"brier",4,10,7,0.99,0.00256481310454545
"brier",4,10,7,0.995,0.00284678570909091
"brier",4,10,8,0.9,0.0184249494227273
"brier",4,10,8,0.91,0.0172593691363636
"brier",4,10,8,0.92,0.0193211810454545
"brier",4,10,8,0.93,0.0185863556681818
"brier",4,10,8,0.94,0.0192969137863636
"brier",4,10,8,0.95,0.0162054397454545
"brier",4,10,8,0.96,0.0135494498409091
"brier",4,10,8,0.97,0.0108787565818182
"brier",4,10,8,0.98,0.00848055042272727
"brier",4,10,8,0.99,0.00337239600909091
"brier",4,10,8,0.995,0.00324280676363636
"brier",4,10,9,0.9,0.0271226929181818
"brier",4,10,9,0.91,0.0254961453818182
"brier",4,10,9,0.92,0.0215974487545455
"brier",4,10,9,0.93,0.0187079781954545
"brier",4,10,9,0.94,0.017545282
"brier",4,10,9,0.95,0.0155701138363636
"brier",4,10,9,0.96,0.0135932174772727
"brier",4,10,9,0.97,0.0106795565409091
"brier",4,10,9,0.98,0.0082885976
"brier",4,10,9,0.99,0.00603930650454545
"brier",4,10,9,0.995,0.00315610800909091
"brier",4,10,10,0.9,0.0188179317818182
"brier",4,10,10,0.91,0.0168374929363636
"brier",4,10,10,0.92,0.0147113293090909
"brier",4,10,10,0.93,0.0114158486727273
"brier",4,10,10,0.94,0.00863287441363636
"brier",4,10,10,0.95,0.00859681759090909
"brier",4,10,10,0.96,0.00714799942727273
"brier",4,10,10,0.97,0.00416168907272727
"brier",4,10,10,0.98,0.000758725031818182
"brier",4,10,10,0.99,0.00337074684090909
"brier",4,10,10,0.995,0.00285313777727273
"brier",5,10,1,0.9,0.0213269304318182
"brier",5,10,1,0.91,0.0173972222409091
"brier",5,10,1,0.92,0.0174882155227273
"brier",5,10,1,0.93,0.0161619503772727
"brier",5,10,1,0.94,0.0168460996
"brier",5,10,1,0.95,0.0139977604227273
"brier",5,10,1,0.96,0.0128833898227273
"brier",5,10,1,0.97,0.00812592155
"brier",5,10,1,0.98,0.00345364924545455
"brier",5,10,1,0.99,0.00510277913181818
"brier",5,10,1,0.995,0.00431497141363636
"brier",5,10,2,0.9,0.02482204535
"brier",5,10,2,0.91,0.0231328596954545
"brier",5,10,2,0.92,0.0229065522590909
"brier",5,10,2,0.93,0.0196830869090909
"brier",5,10,2,0.94,0.0177710038590909
"brier",5,10,2,0.95,0.0167495920227273
"brier",5,10,2,0.96,0.0153896312772727
"brier",5,10,2,0.97,0.0106726846545455
"brier",5,10,2,0.98,0.00718581549545455
"brier",5,10,2,0.99,0.00384738403181818
"brier",5,10,2,0.995,0.00229114105454545
"brier",5,10,3,0.9,0.0224116717136364
"brier",5,10,3,0.91,0.0210174898
"brier",5,10,3,0.92,0.0210405104
"brier",5,10,3,0.93,0.0190866369045455
"brier",5,10,3,0.94,0.0158966748909091
"brier",5,10,3,0.95,0.0109232189409091
"brier",5,10,3,0.96,0.00834209389090909
"brier",5,10,3,0.97,0.00720545410454545
"brier",5,10,3,0.98,0.00428297534090909
"brier",5,10,3,0.99,0.00290510744545455
"brier",5,10,3,0.995,0.00263712257727273
"brier",5,10,4,0.9,0.0109768102045455
"brier",5,10,4,0.91,0.00846909975
"brier",5,10,4,0.92,0.00699696330454545
"brier",5,10,4,0.93,0.00822774554090909
"brier",5,10,4,0.94,0.0100399234818182
"brier",5,10,4,0.95,0.00633566137272727
"brier",5,10,4,0.96,0.00746549345454545
"brier",5,10,4,0.97,0.00650169110454545
"brier",5,10,4,0.98,0.00542585150454545
"brier",5,10,4,0.99,0.00331895193181818
"brier",5,10,4,0.995,0.00318634491818182
"brier",5,10,5,0.9,0.0273802499272727
"brier",5,10,5,0.91,0.02584505825
"brier",5,10,5,0.92,0.0228189320090909
"brier",5,10,5,0.93,0.0221448921681818
"brier",5,10,5,0.94,0.0199975322272727
"brier",5,10,5,0.95,0.0151648493727273
"brier",5,10,5,0.96,0.0137450147590909
"brier",5,10,5,0.97,0.0112338212181818
"brier",5,10,5,0.98,0.00792154922727273
"brier",5,10,5,0.99,0.00561444063636364
"brier",5,10,5,0.995,0.00337001882272727
"brier",5,10,6,0.9,0.0160404836227273
"brier",5,10,6,0.91,0.0147890261
"brier",5,10,6,0.92,0.0147554147545455
"brier",5,10,6,0.93,0.0110373861727273
"brier",5,10,6,0.94,0.00994466362272727
"brier",5,10,6,0.95,0.00918863862727273
"brier",5,10,6,0.96,0.00906670765454545
"brier",5,10,6,0.97,0.00938767475454545
"brier",5,10,6,0.98,0.00696950520909091
"brier",5,10,6,0.99,0.00593387937727273
"brier",5,10,6,0.995,0.00381294567272727
"brier",5,10,7,0.9,0.0188786092409091
"brier",5,10,7,0.91,0.0187863301954545
"brier",5,10,7,0.92,0.0174695550090909
"brier",5,10,7,0.93,0.0154387125909091
"brier",5,10,7,0.94,0.0142759703863636
"brier",5,10,7,0.95,0.0129916597909091
"brier",5,10,7,0.96,0.0108036835727273
"brier",5,10,7,0.97,0.00712612423181818
"brier",5,10,7,0.98,0.00326440914090909
"brier",5,10,7,0.99,0.00254216254545455
"brier",5,10,7,0.995,0.00299289771363636
"brier",5,10,8,0.9,0.0206811446818182
"brier",5,10,8,0.91,0.0198021739590909
"brier",5,10,8,0.92,0.0218931484590909
"brier",5,10,8,0.93,0.0216071531454545
"brier",5,10,8,0.94,0.0228327923045455
"brier",5,10,8,0.95,0.0197929486954545
"brier",5,10,8,0.96,0.0162558584272727
"brier",5,10,8,0.97,0.0125342021363636
"brier",5,10,8,0.98,0.00930881065454545
"brier",5,10,8,0.99,0.00327743567272727
"brier",5,10,8,0.995,0.00405438911363636
"brier",5,10,9,0.9,0.0291309145727273
"brier",5,10,9,0.91,0.0274647762909091
"brier",5,10,9,0.92,0.0242008940954545
"brier",5,10,9,0.93,0.0213949927454545
"brier",5,10,9,0.94,0.0193404004818182
"brier",5,10,9,0.95,0.0174196274772727
"brier",5,10,9,0.96,0.0154834857545455
"brier",5,10,9,0.97,0.0110687691909091
"brier",5,10,9,0.98,0.00857848189545455
"brier",5,10,9,0.99,0.00681821342727273
"brier",5,10,9,0.995,0.00328227023181818
"brier",5,10,10,0.9,0.0247662033545455
"brier",5,10,10,0.91,0.0212143581590909
"brier",5,10,10,0.92,0.0181895179590909
"brier",5,10,10,0.93,0.0145100857318182
"brier",5,10,10,0.94,0.0113074769454545
"brier",5,10,10,0.95,0.0101232286909091
"brier",5,10,10,0.96,0.00789340929545455
"brier",5,10,10,0.97,0.00369778207272727
"brier",5,10,10,0.98,0.000803985654545455
"brier",5,10,10,0.99,0.00491144676363636
"brier",5,10,10,0.995,0.00359337788181818
"brier",1,12,1,0.9,0.0224151663318182
"brier",1,12,1,0.91,0.0189052299272727
"brier",1,12,1,0.92,0.0187235790454545
"brier",1,12,1,0.93,0.0169442705636364
"brier",1,12,1,0.94,0.0170829856727273
"brier",1,12,1,0.95,0.0142699905590909
"brier",1,12,1,0.96,0.0127967374818182
"brier",1,12,1,0.97,0.00782747305
"brier",1,12,1,0.98,0.00390745385
"brier",1,12,1,0.99,0.00690848391818182
"brier",1,12,1,0.995,0.00577360210454545
"brier",1,12,2,0.9,0.02511696145
"brier",1,12,2,0.91,0.0234030309772727
"brier",1,12,2,0.92,0.0230532208727273
"brier",1,12,2,0.93,0.0195471388181818
"brier",1,12,2,0.94,0.0185501066681818
"brier",1,12,2,0.95,0.0177835851227273
"brier",1,12,2,0.96,0.0167824746090909
"brier",1,12,2,0.97,0.0110589856681818
"brier",1,12,2,0.98,0.00724641854090909
"brier",1,12,2,0.99,0.00392908986363636
"brier",1,12,2,0.995,0.00245369963636364
"brier",1,12,3,0.9,0.0213436889590909
"brier",1,12,3,0.91,0.0197948813409091
"brier",1,12,3,0.92,0.0195450127318182
"brier",1,12,3,0.93,0.0177315092363636
"brier",1,12,3,0.94,0.0144470330909091
"brier",1,12,3,0.95,0.00998633183181818
"brier",1,12,3,0.96,0.00828105669545454
"brier",1,12,3,0.97,0.00678112413181818
"brier",1,12,3,0.98,0.00273860842727273
"brier",1,12,3,0.99,0.00229279715
"brier",1,12,3,0.995,0.000957979990909091
"brier",1,12,4,0.9,0.0114263681590909
"brier",1,12,4,0.91,0.00857703733636364
"brier",1,12,4,0.92,0.00714709790909091
"brier",1,12,4,0.93,0.00865486996818182
"brier",1,12,4,0.94,0.0106290773045455
"brier",1,12,4,0.95,0.00635829688636364
"brier",1,12,4,0.96,0.00768956130454545
"brier",1,12,4,0.97,0.00711320978636364
"brier",1,12,4,0.98,0.00622897339545455
"brier",1,12,4,0.99,0.00358505613181818
"brier",1,12,4,0.995,0.00429408179090909
"brier",1,12,5,0.9,0.0279285515227273
"brier",1,12,5,0.91,0.0267516765818182
"brier",1,12,5,0.92,0.0230789915
"brier",1,12,5,0.93,0.0221287662272727
"brier",1,12,5,0.94,0.0204200041136364
"brier",1,12,5,0.95,0.0158228833590909
"brier",1,12,5,0.96,0.0142907817772727
"brier",1,12,5,0.97,0.0119226262181818
"brier",1,12,5,0.98,0.00857000695454545
"brier",1,12,5,0.99,0.00657158812272727
"brier",1,12,5,0.995,0.00393084666363636
"brier",1,12,6,0.9,0.0156619446727273
"brier",1,12,6,0.91,0.0139397333636364
"brier",1,12,6,0.92,0.0138792245590909
"brier",1,12,6,0.93,0.0109581402954545
"brier",1,12,6,0.94,0.0112002586454545
"brier",1,12,6,0.95,0.0103164175636364
"brier",1,12,6,0.96,0.00927287997272727
"brier",1,12,6,0.97,0.0100454077909091
"brier",1,12,6,0.98,0.00719013265454545
"brier",1,12,6,0.99,0.00740889180909091
"brier",1,12,6,0.995,0.00443601666363636
"brier",1,12,7,0.9,0.0188767884090909
"brier",1,12,7,0.91,0.018988082
"brier",1,12,7,0.92,0.0169174307272727
"brier",1,12,7,0.93,0.0145183412818182
"brier",1,12,7,0.94,0.0140960338545455
"brier",1,12,7,0.95,0.0133315555772727
"brier",1,12,7,0.96,0.0120286944045455
"brier",1,12,7,0.97,0.00763165670909091
"brier",1,12,7,0.98,0.00370803411818182
"brier",1,12,7,0.99,0.00297188935909091
"brier",1,12,7,0.995,0.00353636364090909
"brier",1,12,8,0.9,0.0187006567409091
"brier",1,12,8,0.91,0.0171232092272727
"brier",1,12,8,0.92,0.0192757132863636
"brier",1,12,8,0.93,0.0188249498818182
"brier",1,12,8,0.94,0.01927421685
"brier",1,12,8,0.95,0.0160374913318182
"brier",1,12,8,0.96,0.0135119409727273
"brier",1,12,8,0.97,0.0111921728909091
"brier",1,12,8,0.98,0.00918256294545454
"brier",1,12,8,0.99,0.00282422720454545
"brier",1,12,8,0.995,0.00343136896363636
"brier",1,12,9,0.9,0.0274961671409091
"brier",1,12,9,0.91,0.0256215547318182
"brier",1,12,9,0.92,0.0216975235545455
"brier",1,12,9,0.93,0.0190855600681818
"brier",1,12,9,0.94,0.0177486739227273
"brier",1,12,9,0.95,0.0156126836227273
"brier",1,12,9,0.96,0.0138235538090909
"brier",1,12,9,0.97,0.0110347096909091
"brier",1,12,9,0.98,0.00799697887272727
"brier",1,12,9,0.99,0.00635093485909091
"brier",1,12,9,0.995,0.00350538184545455
"brier",1,12,10,0.9,0.0189631657954545
"brier",1,12,10,0.91,0.0168641115590909
"brier",1,12,10,0.92,0.0145842047136364
"brier",1,12,10,0.93,0.0114693931545455
"brier",1,12,10,0.94,0.00862397001363636
"brier",1,12,10,0.95,0.00845144275454545
"brier",1,12,10,0.96,0.00695425826363636
"brier",1,12,10,0.97,0.00413642855909091
"brier",1,12,10,0.98,0.000797231881818182
"brier",1,12,10,0.99,0.0038918091
"brier",1,12,10,0.995,0.00326074683636364
"brier",2,12,1,0.9,0.0208201299409091
"brier",2,12,1,0.91,0.0174080672727273
"brier",2,12,1,0.92,0.0172842326545455
"brier",2,12,1,0.93,0.0156903504818182
"brier",2,12,1,0.94,0.0160986376681818
"brier",2,12,1,0.95,0.0132669811954545
"brier",2,12,1,0.96,0.0120507374772727
"brier",2,12,1,0.97,0.00797101490454545
"brier",2,12,1,0.98,0.00366320579090909
"brier",2,12,1,0.99,0.00492025993636364
"brier",2,12,1,0.995,0.00411594762272727
"brier",2,12,2,0.9,0.0246447029909091
"brier",2,12,2,0.91,0.0227640887545455
"brier",2,12,2,0.92,0.0228381355318182
"brier",2,12,2,0.93,0.0189664293545455
"brier",2,12,2,0.94,0.0170712006272727
"brier",2,12,2,0.95,0.0157019209363636
"brier",2,12,2,0.96,0.0147497537363636
"brier",2,12,2,0.97,0.0106783629181818
"brier",2,12,2,0.98,0.00718822675909091
"brier",2,12,2,0.99,0.00396669934545455
"brier",2,12,2,0.995,0.00221025186818182
"brier",2,12,3,0.9,0.0200359789227273
"brier",2,12,3,0.91,0.0185409604409091
"brier",2,12,3,0.92,0.0183585740909091
"brier",2,12,3,0.93,0.0167063103045455
"brier",2,12,3,0.94,0.0135079471318182
"brier",2,12,3,0.95,0.00906113522727273
"brier",2,12,3,0.96,0.00740144559545455
"brier",2,12,3,0.97,0.00632502840909091
"brier",2,12,3,0.98,0.00272642844545455
"brier",2,12,3,0.99,0.00210475223181818
"brier",2,12,3,0.995,0.00117720548636364
"brier",2,12,4,0.9,0.0106145502818182
"brier",2,12,4,0.91,0.00815473984090909
"brier",2,12,4,0.92,0.00675035658181818
"brier",2,12,4,0.93,0.00778487803181818
"brier",2,12,4,0.94,0.00917504876363636
"brier",2,12,4,0.95,0.00614075713181818
"brier",2,12,4,0.96,0.0071429939
"brier",2,12,4,0.97,0.00650020890909091
"brier",2,12,4,0.98,0.00536479913636364
"brier",2,12,4,0.99,0.00335776149545455
"brier",2,12,4,0.995,0.00293566295
"brier",2,12,5,0.9,0.0255764532227273
"brier",2,12,5,0.91,0.0241262453409091
"brier",2,12,5,0.92,0.0209516531818182
"brier",2,12,5,0.93,0.0206922136454545
"brier",2,12,5,0.94,0.0186966924636364
"brier",2,12,5,0.95,0.0144439940727273
"brier",2,12,5,0.96,0.0132652228136364
"brier",2,12,5,0.97,0.0110556114681818
"brier",2,12,5,0.98,0.00830780575909091
"brier",2,12,5,0.99,0.00551436711818182
"brier",2,12,5,0.995,0.00327833345
"brier",2,12,6,0.9,0.01499753955
"brier",2,12,6,0.91,0.0133651162227273
"brier",2,12,6,0.92,0.0134937400954545
"brier",2,12,6,0.93,0.0102960506772727
"brier",2,12,6,0.94,0.00974736878636364
"brier",2,12,6,0.95,0.00880168172272727
"brier",2,12,6,0.96,0.00852115500454546
"brier",2,12,6,0.97,0.00909731099090909
"brier",2,12,6,0.98,0.00684066741363636
"brier",2,12,6,0.99,0.00584148248636364
"brier",2,12,6,0.995,0.00373928613181818
"brier",2,12,7,0.9,0.01747604745
"brier",2,12,7,0.91,0.0181296602363636
"brier",2,12,7,0.92,0.0166641932318182
"brier",2,12,7,0.93,0.0141713323818182
"brier",2,12,7,0.94,0.0132928992
"brier",2,12,7,0.95,0.0125297973772727
"brier",2,12,7,0.96,0.0100627040818182
"brier",2,12,7,0.97,0.00665052060909091
"brier",2,12,7,0.98,0.00299557994545455
"brier",2,12,7,0.99,0.00251724099090909
"brier",2,12,7,0.995,0.00269022592727273
"brier",2,12,8,0.9,0.0178020534636364
"brier",2,12,8,0.91,0.0165810604181818
"brier",2,12,8,0.92,0.0186441226590909
"brier",2,12,8,0.93,0.0179568155272727
"brier",2,12,8,0.94,0.0188128951863636
"brier",2,12,8,0.95,0.0158292566727273
"brier",2,12,8,0.96,0.0132187543772727
"brier",2,12,8,0.97,0.0104593532545455
"brier",2,12,8,0.98,0.00845577311363636
"brier",2,12,8,0.99,0.0032805501
"brier",2,12,8,0.995,0.00318091059090909
"brier",2,12,9,0.9,0.0266539699318182
"brier",2,12,9,0.91,0.0250061112
"brier",2,12,9,0.92,0.0210312568181818
"brier",2,12,9,0.93,0.0183150050318182
"brier",2,12,9,0.94,0.0172362844590909
"brier",2,12,9,0.95,0.0151958256363636
"brier",2,12,9,0.96,0.0134065634772727
"brier",2,12,9,0.97,0.0107115351772727
"brier",2,12,9,0.98,0.00827798465909091
"brier",2,12,9,0.99,0.00593652288181818
"brier",2,12,9,0.995,0.00296221066363636
"brier",2,12,10,0.9,0.0184644250090909
"brier",2,12,10,0.91,0.01689720015
"brier",2,12,10,0.92,0.0145796159272727
"brier",2,12,10,0.93,0.0112066850772727
"brier",2,12,10,0.94,0.00848017004545455
"brier",2,12,10,0.95,0.00840607402272727
"brier",2,12,10,0.96,0.00695840651363636
"brier",2,12,10,0.97,0.00379218080454545
"brier",2,12,10,0.98,0.000719606368181818
"brier",2,12,10,0.99,0.00338152141363636
"brier",2,12,10,0.995,0.00290203154545455
"brier",3,12,1,0.9,0.0213401029545455
"brier",3,12,1,0.91,0.0175092743272727
"brier",3,12,1,0.92,0.0174102879727273
"brier",3,12,1,0.93,0.0159966434909091
"brier",3,12,1,0.94,0.0163936415318182
"brier",3,12,1,0.95,0.01337754045
"brier",3,12,1,0.96,0.0120188296409091
"brier",3,12,1,0.97,0.00773300518636364
"brier",3,12,1,0.98,0.00367160303636364
"brier",3,12,1,0.99,0.00500827884545455
"brier",3,12,1,0.995,0.00415797885
"brier",3,12,2,0.9,0.0246115900636364
"brier",3,12,2,0.91,0.0230140858681818
"brier",3,12,2,0.92,0.0229182781545455
"brier",3,12,2,0.93,0.0195664569727273
"brier",3,12,2,0.94,0.0173844301636364
"brier",3,12,2,0.95,0.0162351933181818
"brier",3,12,2,0.96,0.0149708062772727
"brier",3,12,2,0.97,0.0107043479318182
"brier",3,12,2,0.98,0.00719994578181818
"brier",3,12,2,0.99,0.00384002680454545
"brier",3,12,2,0.995,0.00221649645454545
"brier",3,12,3,0.9,0.0205711033
"brier",3,12,3,0.91,0.0188648729772727
"brier",3,12,3,0.92,0.0187162079681818
"brier",3,12,3,0.93,0.0170411201136364
"brier",3,12,3,0.94,0.0135917329318182
"brier",3,12,3,0.95,0.00908888070454545
"brier",3,12,3,0.96,0.007455646
"brier",3,12,3,0.97,0.00618767761818182
"brier",3,12,3,0.98,0.00286662807727273
"brier",3,12,3,0.99,0.00204729284545455
"brier",3,12,3,0.995,0.00117134775454545
"brier",3,12,4,0.9,0.0105869295681818
"brier",3,12,4,0.91,0.00834002717272727
"brier",3,12,4,0.92,0.00689156892272727
"brier",3,12,4,0.93,0.00794564074090909
"brier",3,12,4,0.94,0.00920759075454545
"brier",3,12,4,0.95,0.00611755829090909
"brier",3,12,4,0.96,0.00702792546363636
"brier",3,12,4,0.97,0.00644284495909091
"brier",3,12,4,0.98,0.00535437608636364
"brier",3,12,4,0.99,0.00352334423181818
"brier",3,12,4,0.995,0.00301593794090909
"brier",3,12,5,0.9,0.02634194245
"brier",3,12,5,0.91,0.0252303834590909
"brier",3,12,5,0.92,0.0217037795909091
"brier",3,12,5,0.93,0.02101299255
"brier",3,12,5,0.94,0.0186597764090909
"brier",3,12,5,0.95,0.0147089625909091
"brier",3,12,5,0.96,0.0133615028954545
"brier",3,12,5,0.97,0.0112309649045455
"brier",3,12,5,0.98,0.00815394408181818
"brier",3,12,5,0.99,0.00550213591818182
"brier",3,12,5,0.995,0.00320116683181818
"brier",3,12,6,0.9,0.0152592814272727
"brier",3,12,6,0.91,0.0134534046636364
"brier",3,12,6,0.92,0.01350071
"brier",3,12,6,0.93,0.0102595874363636
"brier",3,12,6,0.94,0.00943683577727273
"brier",3,12,6,0.95,0.0086589457
"brier",3,12,6,0.96,0.00862142460909091
"brier",3,12,6,0.97,0.00928891863181818
"brier",3,12,6,0.98,0.00683961033636364
"brier",3,12,6,0.99,0.0056178571
"brier",3,12,6,0.995,0.00361329997727273
"brier",3,12,7,0.9,0.0180249903363636
"brier",3,12,7,0.91,0.0181787491772727
"brier",3,12,7,0.92,0.0168594462954545
"brier",3,12,7,0.93,0.0146445998590909
"brier",3,12,7,0.94,0.0137092972272727
"brier",3,12,7,0.95,0.0125703181136364
"brier",3,12,7,0.96,0.0103338715636364
"brier",3,12,7,0.97,0.00706921237727273
"brier",3,12,7,0.98,0.00314722422272727
"brier",3,12,7,0.99,0.00246325165
"brier",3,12,7,0.995,0.00273418069545455
"brier",3,12,8,0.9,0.0181746024136364
"brier",3,12,8,0.91,0.0168504252363636
"brier",3,12,8,0.92,0.0189307418590909
"brier",3,12,8,0.93,0.0182876661090909
"brier",3,12,8,0.94,0.0191555976090909
"brier",3,12,8,0.95,0.0159611650954545
"brier",3,12,8,0.96,0.0131140078681818
"brier",3,12,8,0.97,0.01042828205
"brier",3,12,8,0.98,0.00821498661363636
"brier",3,12,8,0.99,0.00331832853636364
"brier",3,12,8,0.995,0.00317124207727273
"brier",3,12,9,0.9,0.0270929054136364
"brier",3,12,9,0.91,0.0255016213909091
"brier",3,12,9,0.92,0.0214407049681818
"brier",3,12,9,0.93,0.0185799278227273
"brier",3,12,9,0.94,0.0172997943545455
"brier",3,12,9,0.95,0.0153312705
"brier",3,12,9,0.96,0.0134342072863636
"brier",3,12,9,0.97,0.010747358
"brier",3,12,9,0.98,0.00816753279545455
"brier",3,12,9,0.99,0.00608919182727273
"brier",3,12,9,0.995,0.00302016855454545
"brier",3,12,10,0.9,0.0185712798863636
"brier",3,12,10,0.91,0.0164773481636364
"brier",3,12,10,0.92,0.0143207192909091
"brier",3,12,10,0.93,0.0113504075318182
"brier",3,12,10,0.94,0.0084534986
"brier",3,12,10,0.95,0.00847860863636364
"brier",3,12,10,0.96,0.00708170831363636
"brier",3,12,10,0.97,0.00385288154090909
"brier",3,12,10,0.98,0.000691357327272727
"brier",3,12,10,0.99,0.00332145355
"brier",3,12,10,0.995,0.00285534173636364
"brier",4,12,1,0.9,0.0211123632
"brier",4,12,1,0.91,0.01751780695
"brier",4,12,1,0.92,0.0173680132
"brier",4,12,1,0.93,0.0161217517818182
"brier",4,12,1,0.94,0.0165500487909091
"brier",4,12,1,0.95,0.0137015140772727
"brier",4,12,1,0.96,0.0124062415181818
"brier",4,12,1,0.97,0.00820268818636364
"brier",4,12,1,0.98,0.00374246176363636
"brier",4,12,1,0.99,0.00502626835454546
"brier",4,12,1,0.995,0.00412215595
"brier",4,12,2,0.9,0.0246884549454545
"brier",4,12,2,0.91,0.0229159785954545
"brier",4,12,2,0.92,0.0229565121954545
"brier",4,12,2,0.93,0.0194134410181818
"brier",4,12,2,0.94,0.0175327084090909
"brier",4,12,2,0.95,0.0164918029909091
"brier",4,12,2,0.96,0.0153954861136364
"brier",4,12,2,0.97,0.0109086477545455
"brier",4,12,2,0.98,0.00706953653636364
"brier",4,12,2,0.99,0.00381599715
"brier",4,12,2,0.995,0.0022703483
"brier",4,12,3,0.9,0.0208724401727273
"brier",4,12,3,0.91,0.0193138521590909
"brier",4,12,3,0.92,0.0190979918909091
"brier",4,12,3,0.93,0.0173322426136364
"brier",4,12,3,0.94,0.0138635974863636
"brier",4,12,3,0.95,0.00923444951818182
"brier",4,12,3,0.96,0.00757390509545455
"brier",4,12,3,0.97,0.00627044607272727
"brier",4,12,3,0.98,0.00291011955909091
"brier",4,12,3,0.99,0.00205386300454545
"brier",4,12,3,0.995,0.00114765793181818
"brier",4,12,4,0.9,0.0107033374863636
"brier",4,12,4,0.91,0.00816422674090909
"brier",4,12,4,0.92,0.00678224365
"brier",4,12,4,0.93,0.00785764168181818
"brier",4,12,4,0.94,0.00953339876818182
"brier",4,12,4,0.95,0.00622442802272727
"brier",4,12,4,0.96,0.00703629979545455
"brier",4,12,4,0.97,0.00674226950909091
"brier",4,12,4,0.98,0.00564238631363636
"brier",4,12,4,0.99,0.00340304454090909
"brier",4,12,4,0.995,0.00296761126363636
"brier",4,12,5,0.9,0.0259230116409091
"brier",4,12,5,0.91,0.0246293800590909
"brier",4,12,5,0.92,0.0213528346090909
"brier",4,12,5,0.93,0.0209605120227273
"brier",4,12,5,0.94,0.0188919607772727
"brier",4,12,5,0.95,0.0146065734090909
"brier",4,12,5,0.96,0.01343928935
"brier",4,12,5,0.97,0.0113349597454545
"brier",4,12,5,0.98,0.00834861323636364
"brier",4,12,5,0.99,0.00562030512272727
"brier",4,12,5,0.995,0.00339059634545455
"brier",4,12,6,0.9,0.0155092769136364
"brier",4,12,6,0.91,0.0137568239272727
"brier",4,12,6,0.92,0.0138022620636364
"brier",4,12,6,0.93,0.0104535137545455
"brier",4,12,6,0.94,0.00992178997727273
"brier",4,12,6,0.95,0.00902933663181818
"brier",4,12,6,0.96,0.00871348195454546
"brier",4,12,6,0.97,0.00926073916363636
"brier",4,12,6,0.98,0.0067311881
"brier",4,12,6,0.99,0.00568593025
"brier",4,12,6,0.995,0.00366540675454545
"brier",4,12,7,0.9,0.0180142190909091
"brier",4,12,7,0.91,0.0186064558590909
"brier",4,12,7,0.92,0.0172774250363636
"brier",4,12,7,0.93,0.0149711690272727
"brier",4,12,7,0.94,0.0137335549909091
"brier",4,12,7,0.95,0.0124717759454545
"brier",4,12,7,0.96,0.00998196217727273
"brier",4,12,7,0.97,0.00657299143636364
"brier",4,12,7,0.98,0.00301194190909091
"brier",4,12,7,0.99,0.00244276158181818
"brier",4,12,7,0.995,0.00270265730454545
"brier",4,12,8,0.9,0.0179700885318182
"brier",4,12,8,0.91,0.0165838451954545
"brier",4,12,8,0.92,0.0188588953181818
"brier",4,12,8,0.93,0.0181780908954545
"brier",4,12,8,0.94,0.0190460776409091
"brier",4,12,8,0.95,0.0160133031681818
"brier",4,12,8,0.96,0.0132211452681818
"brier",4,12,8,0.97,0.0101945585409091
"brier",4,12,8,0.98,0.00861892075454545
"brier",4,12,8,0.99,0.00366093042272727
"brier",4,12,8,0.995,0.00345342791818182
"brier",4,12,9,0.9,0.0275214534545455
"brier",4,12,9,0.91,0.0257927875818182
"brier",4,12,9,0.92,0.0218099484181818
"brier",4,12,9,0.93,0.0188712088272727
"brier",4,12,9,0.94,0.0176880700727273
"brier",4,12,9,0.95,0.0155945908227273
"brier",4,12,9,0.96,0.0136473355454545
"brier",4,12,9,0.97,0.0107707674363636
"brier",4,12,9,0.98,0.00820249375
"brier",4,12,9,0.99,0.00610889975454545
"brier",4,12,9,0.995,0.00322739964090909
"brier",4,12,10,0.9,0.0185133542727273
"brier",4,12,10,0.91,0.0166916947045455
"brier",4,12,10,0.92,0.0146132161681818
"brier",4,12,10,0.93,0.0112976564409091
"brier",4,12,10,0.94,0.00876410621363636
"brier",4,12,10,0.95,0.00861290245909091
"brier",4,12,10,0.96,0.00724952906818182
"brier",4,12,10,0.97,0.00401550169545455
"brier",4,12,10,0.98,0.000735349936363636
"brier",4,12,10,0.99,0.00345269155
"brier",4,12,10,0.995,0.00288239836363636
"brier",5,12,1,0.9,0.0229355802272727
"brier",5,12,1,0.91,0.0196835988545455
"brier",5,12,1,0.92,0.0195848013454545
"brier",5,12,1,0.93,0.0173964442409091
"brier",5,12,1,0.94,0.0165673573
"brier",5,12,1,0.95,0.0137721752863636
"brier",5,12,1,0.96,0.0136092217181818
"brier",5,12,1,0.97,0.00877162352727273
"brier",5,12,1,0.98,0.00421618820909091
"brier",5,12,1,0.99,0.00537133614090909
"brier",5,12,1,0.995,0.00452987686818182
"brier",5,12,2,0.9,0.0253662730409091
"brier",5,12,2,0.91,0.0237418799545455
"brier",5,12,2,0.92,0.0234587219772727
"brier",5,12,2,0.93,0.0203697274772727
"brier",5,12,2,0.94,0.0179644523272727
"brier",5,12,2,0.95,0.0167762342818182
"brier",5,12,2,0.96,0.0154178424545455
"brier",5,12,2,0.97,0.0111373924727273
"brier",5,12,2,0.98,0.00725124261363636
"brier",5,12,2,0.99,0.00397343870454545
"brier",5,12,2,0.995,0.00242159101363636
"brier",5,12,3,0.9,0.0240144541272727
"brier",5,12,3,0.91,0.0221867400090909
"brier",5,12,3,0.92,0.0218273181
"brier",5,12,3,0.93,0.0191308357863636
"brier",5,12,3,0.94,0.01614930345
"brier",5,12,3,0.95,0.0111629061090909
"brier",5,12,3,0.96,0.00830778720909091
"brier",5,12,3,0.97,0.00716989445
"brier",5,12,3,0.98,0.00389179235
"brier",5,12,3,0.99,0.00342992567272727
"brier",5,12,3,0.995,0.00316795530909091
"brier",5,12,4,0.9,0.0107930367454545
"brier",5,12,4,0.91,0.0082995881
"brier",5,12,4,0.92,0.0068121405
"brier",5,12,4,0.93,0.00806444068181818
"brier",5,12,4,0.94,0.00921056786363636
"brier",5,12,4,0.95,0.00642178518636364
"brier",5,12,4,0.96,0.00678502808181818
"brier",5,12,4,0.97,0.00646062269545455
"brier",5,12,4,0.98,0.00539865445454545
"brier",5,12,4,0.99,0.00363285878181818
"brier",5,12,4,0.995,0.00285307995454545
"brier",5,12,5,0.9,0.0276265739454545
"brier",5,12,5,0.91,0.0262721514272727
"brier",5,12,5,0.92,0.0224982663
"brier",5,12,5,0.93,0.0217268029409091
"brier",5,12,5,0.94,0.0194648949772727
"brier",5,12,5,0.95,0.0150260267
"brier",5,12,5,0.96,0.0137234876727273
"brier",5,12,5,0.97,0.0113921831818182
"brier",5,12,5,0.98,0.00818687913636364
"brier",5,12,5,0.99,0.00575064582272727
"brier",5,12,5,0.995,0.00339900934545455
"brier",5,12,6,0.9,0.0155475659090909
"brier",5,12,6,0.91,0.01383993015
"brier",5,12,6,0.92,0.0137559052954545
"brier",5,12,6,0.93,0.0103324020136364
"brier",5,12,6,0.94,0.00965935836363636
"brier",5,12,6,0.95,0.00849821566363636
"brier",5,12,6,0.96,0.00883183838181818
"brier",5,12,6,0.97,0.00959816173636364
"brier",5,12,6,0.98,0.00701621794545455
"brier",5,12,6,0.99,0.00584240895454545
"brier",5,12,6,0.995,0.00374829254545455
"brier",5,12,7,0.9,0.0181713346409091
"brier",5,12,7,0.91,0.0179582496318182
"brier",5,12,7,0.92,0.0166650742
"brier",5,12,7,0.93,0.0145596935545455
"brier",5,12,7,0.94,0.0134211064681818
"brier",5,12,7,0.95,0.0125837974954545
"brier",5,12,7,0.96,0.0104346210727273
"brier",5,12,7,0.97,0.00712657962272727
"brier",5,12,7,0.98,0.00321133620454545
"brier",5,12,7,0.99,0.00257405519090909
"brier",5,12,7,0.995,0.00295204197272727
"brier",5,12,8,0.9,0.0203132589181818
"brier",5,12,8,0.91,0.0195333228590909
"brier",5,12,8,0.92,0.0216709000818182
"brier",5,12,8,0.93,0.02112696395
"brier",5,12,8,0.94,0.0215872952090909
"brier",5,12,8,0.95,0.0178634176181818
"brier",5,12,8,0.96,0.0149966368
"brier",5,12,8,0.97,0.0124676572818182
"brier",5,12,8,0.98,0.00954775902727273
"brier",5,12,8,0.99,0.00296910003636364
"brier",5,12,8,0.995,0.00414810340909091
"brier",5,12,9,0.9,0.0290420332090909
"brier",5,12,9,0.91,0.0275510811136364
"brier",5,12,9,0.92,0.0240461774409091
"brier",5,12,9,0.93,0.0216377319272727
"brier",5,12,9,0.94,0.0202081409909091
"brier",5,12,9,0.95,0.0179010866
"brier",5,12,9,0.96,0.0151634074409091
"brier",5,12,9,0.97,0.0109513246045455
"brier",5,12,9,0.98,0.00851144212272727
"brier",5,12,9,0.99,0.00696266094090909
"brier",5,12,9,0.995,0.00294022563636364
"brier",5,12,10,0.9,0.0191777510318182
"brier",5,12,10,0.91,0.0168248132454545
"brier",5,12,10,0.92,0.0145896106863636
"brier",5,12,10,0.93,0.0114967808363636
"brier",5,12,10,0.94,0.00868983524090909
"brier",5,12,10,0.95,0.00870377018636364
"brier",5,12,10,0.96,0.00716236514545455
"brier",5,12,10,0.97,0.00378328778636364
"brier",5,12,10,0.98,0.000809056763636364
"brier",5,12,10,0.99,0.00333656692727273
"brier",5,12,10,0.995,0.00286043789545455
"brier",1,15,1,0.9,0.0223333344954545
"brier",1,15,1,0.91,0.0188098959590909
"brier",1,15,1,0.92,0.0186067928318182
"brier",1,15,1,0.93,0.0168516682136364
"brier",1,15,1,0.94,0.0170030364590909
"brier",1,15,1,0.95,0.0142678370363636
"brier",1,15,1,0.96,0.0127608524090909
"brier",1,15,1,0.97,0.00777810842272727
"brier",1,15,1,0.98,0.00390684550454545
"brier",1,15,1,0.99,0.00689704079545455
"brier",1,15,1,0.995,0.00576925954545455
"brier",1,15,2,0.9,0.0251685256409091
"brier",1,15,2,0.91,0.0234827465045455
"brier",1,15,2,0.92,0.0230139464227273
"brier",1,15,2,0.93,0.0194469207863636
"brier",1,15,2,0.94,0.0184137361363636
"brier",1,15,2,0.95,0.0176295851045455
"brier",1,15,2,0.96,0.01665998935
"brier",1,15,2,0.97,0.0109699994090909
"brier",1,15,2,0.98,0.00722212325454545
"brier",1,15,2,0.99,0.00392272721818182
"brier",1,15,2,0.995,0.00247376081818182
"brier",1,15,3,0.9,0.0212990169227273
"brier",1,15,3,0.91,0.0197090595545455
"brier",1,15,3,0.92,0.0194110919227273
"brier",1,15,3,0.93,0.0175317895590909
"brier",1,15,3,0.94,0.0142865923181818
"brier",1,15,3,0.95,0.00988453148181818
"brier",1,15,3,0.96,0.00822106500909091
"brier",1,15,3,0.97,0.00674637391363636
"brier",1,15,3,0.98,0.00272675045909091
"brier",1,15,3,0.99,0.00229418401363636
"brier",1,15,3,0.995,0.000953293063636364
"brier",1,15,4,0.9,0.0113763197363636
"brier",1,15,4,0.91,0.00850945959545455
"brier",1,15,4,0.92,0.00716350155
"brier",1,15,4,0.93,0.00867413528636364
"brier",1,15,4,0.94,0.0105854182090909
"brier",1,15,4,0.95,0.00637490036363636
"brier",1,15,4,0.96,0.00769960815909091
"brier",1,15,4,0.97,0.00713650636818182
"brier",1,15,4,0.98,0.00621114267727273
"brier",1,15,4,0.99,0.00357951154090909
"brier",1,15,4,0.995,0.00428349179545455
"brier",1,15,5,0.9,0.0280229000636364
"brier",1,15,5,0.91,0.02682345295
"brier",1,15,5,0.92,0.0230571232863636
"brier",1,15,5,0.93,0.0220106439
"brier",1,15,5,0.94,0.0203236126409091
"brier",1,15,5,0.95,0.0156955944909091
"brier",1,15,5,0.96,0.0142174148727273
"brier",1,15,5,0.97,0.01188205215
"brier",1,15,5,0.98,0.0084648227
"brier",1,15,5,0.99,0.00653225501818182
"brier",1,15,5,0.995,0.00392633888181818
"brier",1,15,6,0.9,0.0155968402590909
"brier",1,15,6,0.91,0.0139247551818182
"brier",1,15,6,0.92,0.0137921130363636
"brier",1,15,6,0.93,0.0109248399
"brier",1,15,6,0.94,0.0111738736090909
"brier",1,15,6,0.95,0.0103125559227273
"brier",1,15,6,0.96,0.00923944627727273
"brier",1,15,6,0.97,0.0100316194727273
"brier",1,15,6,0.98,0.00718246041363636
"brier",1,15,6,0.99,0.00738483175454545
"brier",1,15,6,0.995,0.0044360122
"brier",1,15,7,0.9,0.0188141894636364
"brier",1,15,7,0.91,0.0189178757772727
"brier",1,15,7,0.92,0.0168684917318182
"brier",1,15,7,0.93,0.0145196122409091
"brier",1,15,7,0.94,0.0141233777045455
"brier",1,15,7,0.95,0.0133375763272727
"brier",1,15,7,0.96,0.0120137469363636
"brier",1,15,7,0.97,0.00764591935909091
"brier",1,15,7,0.98,0.00371840954545455
"brier",1,15,7,0.99,0.00294589359090909
"brier",1,15,7,0.995,0.00353516155
"brier",1,15,8,0.9,0.0186563387272727
"brier",1,15,8,0.91,0.0170150102772727
"brier",1,15,8,0.92,0.0190959294363636
"brier",1,15,8,0.93,0.0186780842954545
"brier",1,15,8,0.94,0.0191268927545455
"brier",1,15,8,0.95,0.0159065708818182
"brier",1,15,8,0.96,0.0133756748090909
"brier",1,15,8,0.97,0.0111224346454545
"brier",1,15,8,0.98,0.00910995123181818
"brier",1,15,8,0.99,0.00283507785
"brier",1,15,8,0.995,0.00340089036818182
"brier",1,15,9,0.9,0.0275474122681818
"brier",1,15,9,0.91,0.0256255024363636
"brier",1,15,9,0.92,0.0216075359590909
"brier",1,15,9,0.93,0.0190207699454545
"brier",1,15,9,0.94,0.0176782846636364
"brier",1,15,9,0.95,0.0154634777818182
"brier",1,15,9,0.96,0.0137014214772727
"brier",1,15,9,0.97,0.0109353003681818
"brier",1,15,9,0.98,0.00793299329545455
"brier",1,15,9,0.99,0.00639360434090909
"brier",1,15,9,0.995,0.00352423195
"brier",1,15,10,0.9,0.0189331535863636
"brier",1,15,10,0.91,0.0168247006136364
"brier",1,15,10,0.92,0.0145785185363636
"brier",1,15,10,0.93,0.0114773181590909
"brier",1,15,10,0.94,0.00859855419545454
"brier",1,15,10,0.95,0.0084405076
"brier",1,15,10,0.96,0.00694496095909091
"brier",1,15,10,0.97,0.00409979864090909
"brier",1,15,10,0.98,0.000792297154545455
"brier",1,15,10,0.99,0.00389081324090909
"brier",1,15,10,0.995,0.00325087749545455
"brier",2,15,1,0.9,0.0207980043409091
"brier",2,15,1,0.91,0.0173169309318182
"brier",2,15,1,0.92,0.0172329069
"brier",2,15,1,0.93,0.0156584601
"brier",2,15,1,0.94,0.0160751303318182
"brier",2,15,1,0.95,0.0132523130636364
"brier",2,15,1,0.96,0.0120573393272727
"brier",2,15,1,0.97,0.00796701590909091
"brier",2,15,1,0.98,0.00365572936818182
"brier",2,15,1,0.99,0.00491531136363636
"brier",2,15,1,0.995,0.00411303392727273
"brier",2,15,2,0.9,0.0245903452
"brier",2,15,2,0.91,0.0227279914136364
"brier",2,15,2,0.92,0.02270759935
"brier",2,15,2,0.93,0.0188412953863636
"brier",2,15,2,0.94,0.0168765600318182
"brier",2,15,2,0.95,0.0155941114045455
"brier",2,15,2,0.96,0.0146541974090909
"brier",2,15,2,0.97,0.0106331543
"brier",2,15,2,0.98,0.00715412741363636
"brier",2,15,2,0.99,0.00393429112727273
"brier",2,15,2,0.995,0.00220394299545455
"brier",2,15,3,0.9,0.0198785782363636
"brier",2,15,3,0.91,0.0183637112181818
"brier",2,15,3,0.92,0.0182346414363636
"brier",2,15,3,0.93,0.0165498461454545
"brier",2,15,3,0.94,0.0133923128045455
"brier",2,15,3,0.95,0.00903052551818182
"brier",2,15,3,0.96,0.00737529806363636
"brier",2,15,3,0.97,0.00629093152727273
"brier",2,15,3,0.98,0.00274450875
"brier",2,15,3,0.99,0.0020878857
"brier",2,15,3,0.995,0.00116290271363636
"brier",2,15,4,0.9,0.0104971561272727
"brier",2,15,4,0.91,0.00807223115454545
"brier",2,15,4,0.92,0.00669309992727273
"brier",2,15,4,0.93,0.00775813441363636
"brier",2,15,4,0.94,0.00913059323181818
"brier",2,15,4,0.95,0.00616777675909091
"brier",2,15,4,0.96,0.00717533134545455
"brier",2,15,4,0.97,0.00652828993636364
"brier",2,15,4,0.98,0.00535212944545455
"brier",2,15,4,0.99,0.00331458605
"brier",2,15,4,0.995,0.00291977389090909
"brier",2,15,5,0.9,0.025475228
"brier",2,15,5,0.91,0.0240414126954545
"brier",2,15,5,0.92,0.0209053527318182
"brier",2,15,5,0.93,0.0205297334136364
"brier",2,15,5,0.94,0.0185997563363636
"brier",2,15,5,0.95,0.0143815439727273
"brier",2,15,5,0.96,0.0131842526090909
"brier",2,15,5,0.97,0.0109607996409091
"brier",2,15,5,0.98,0.00823653090909091
"brier",2,15,5,0.99,0.00543844255
"brier",2,15,5,0.995,0.00324152055909091
"brier",2,15,6,0.9,0.0149571816181818
"brier",2,15,6,0.91,0.0132680042909091
"brier",2,15,6,0.92,0.0133799324818182
"brier",2,15,6,0.93,0.0102380406318182
"brier",2,15,6,0.94,0.00970727945454545
"brier",2,15,6,0.95,0.0088234875
"brier",2,15,6,0.96,0.00854205307727273
"brier",2,15,6,0.97,0.00916653759090909
"brier",2,15,6,0.98,0.00688400178181818
"brier",2,15,6,0.99,0.00585521506363636
"brier",2,15,6,0.995,0.00373211951818182
"brier",2,15,7,0.9,0.01744785095
"brier",2,15,7,0.91,0.0180766820272727
"brier",2,15,7,0.92,0.0166217227590909
"brier",2,15,7,0.93,0.0140978782545455
"brier",2,15,7,0.94,0.0132664515363636
"brier",2,15,7,0.95,0.0125519578954545
"brier",2,15,7,0.96,0.0101022203954545
"brier",2,15,7,0.97,0.00667574510909091
"brier",2,15,7,0.98,0.00300916835
"brier",2,15,7,0.99,0.00250561775
"brier",2,15,7,0.995,0.00269689992727273
"brier",2,15,8,0.9,0.0175683134727273
"brier",2,15,8,0.91,0.0163426215772727
"brier",2,15,8,0.92,0.0183371307227273
"brier",2,15,8,0.93,0.0177284301045455
"brier",2,15,8,0.94,0.0185783784181818
"brier",2,15,8,0.95,0.0156573286
"brier",2,15,8,0.96,0.0131036734
"brier",2,15,8,0.97,0.0102991883318182
"brier",2,15,8,0.98,0.00833340299545455
"brier",2,15,8,0.99,0.00327289850909091
"brier",2,15,8,0.995,0.00316632968636364
"brier",2,15,9,0.9,0.02653690715
"brier",2,15,9,0.91,0.0248916082
"brier",2,15,9,0.92,0.0208134067590909
"brier",2,15,9,0.93,0.0182536534272727
"brier",2,15,9,0.94,0.0172346267636364
"brier",2,15,9,0.95,0.0151408482181818
"brier",2,15,9,0.96,0.0133397507
"brier",2,15,9,0.97,0.0106866854363636
"brier",2,15,9,0.98,0.00825004543636364
"brier",2,15,9,0.99,0.00595446326818182
"brier",2,15,9,0.995,0.00296514052272727
"brier",2,15,10,0.9,0.0183708235954545
"brier",2,15,10,0.91,0.0168237880454545
"brier",2,15,10,0.92,0.0145132789272727
"brier",2,15,10,0.93,0.0111804485136364
"brier",2,15,10,0.94,0.00845360779545455
"brier",2,15,10,0.95,0.00837179846818182
"brier",2,15,10,0.96,0.00697962100909091
"brier",2,15,10,0.97,0.00378649689090909
"brier",2,15,10,0.98,0.000712730822727273
"brier",2,15,10,0.99,0.00337822899090909
"brier",2,15,10,0.995,0.00291045529090909
"brier",3,15,1,0.9,0.0212474028863636
"brier",3,15,1,0.91,0.0174426913318182
"brier",3,15,1,0.92,0.0173552947045455
"brier",3,15,1,0.93,0.0159705273954545
"brier",3,15,1,0.94,0.0163424170772727
"brier",3,15,1,0.95,0.0133854223363636
"brier",3,15,1,0.96,0.0119808599818182
"brier",3,15,1,0.97,0.00766415373181818
"brier",3,15,1,0.98,0.00365908366818182
"brier",3,15,1,0.99,0.00503180268636364
"brier",3,15,1,0.995,0.00414478067727273
"brier",3,15,2,0.9,0.0247675151136364
"brier",3,15,2,0.91,0.0231792298363636
"brier",3,15,2,0.92,0.0230657499636364
"brier",3,15,2,0.93,0.0195903178636364
"brier",3,15,2,0.94,0.0172819855545455
"brier",3,15,2,0.95,0.0161197575590909
"brier",3,15,2,0.96,0.0148771570045455
"brier",3,15,2,0.97,0.0106152527590909
"brier",3,15,2,0.98,0.00715993621363636
"brier",3,15,2,0.99,0.00383784927272727
"brier",3,15,2,0.995,0.00221326633636364
"brier",3,15,3,0.9,0.0205285857045455
"brier",3,15,3,0.91,0.0187896012
"brier",3,15,3,0.92,0.0187476783909091
"brier",3,15,3,0.93,0.0169255093818182
"brier",3,15,3,0.94,0.0134944938090909
"brier",3,15,3,0.95,0.00910264849090909
"brier",3,15,3,0.96,0.00745834819090909
"brier",3,15,3,0.97,0.00622552910454545
"brier",3,15,3,0.98,0.00291631513636364
"brier",3,15,3,0.99,0.00202631556818182
"brier",3,15,3,0.995,0.00114980004545455
"brier",3,15,4,0.9,0.0105323237090909
"brier",3,15,4,0.91,0.00832574387727273
"brier",3,15,4,0.92,0.00687174075
"brier",3,15,4,0.93,0.00794920837727273
"brier",3,15,4,0.94,0.00919976185
"brier",3,15,4,0.95,0.00614771568636364
"brier",3,15,4,0.96,0.00704286701363636
"brier",3,15,4,0.97,0.00645518942272727
"brier",3,15,4,0.98,0.00538861068636364
"brier",3,15,4,0.99,0.00353011689090909
"brier",3,15,4,0.995,0.00301162662727273
"brier",3,15,5,0.9,0.0261932532136364
"brier",3,15,5,0.91,0.02513434835
"brier",3,15,5,0.92,0.0216560186636364
"brier",3,15,5,0.93,0.0208651979136364
"brier",3,15,5,0.94,0.0186570594727273
"brier",3,15,5,0.95,0.0146931685818182
"brier",3,15,5,0.96,0.01337533355
"brier",3,15,5,0.97,0.0112425984545455
"brier",3,15,5,0.98,0.00819324786363636
"brier",3,15,5,0.99,0.00549589795909091
"brier",3,15,5,0.995,0.00318095845909091
"brier",3,15,6,0.9,0.0153488626772727
"brier",3,15,6,0.91,0.0135144751454545
"brier",3,15,6,0.92,0.0134569222
"brier",3,15,6,0.93,0.0102633177136364
"brier",3,15,6,0.94,0.009416911
"brier",3,15,6,0.95,0.00869421230454545
"brier",3,15,6,0.96,0.00864533375454545
"brier",3,15,6,0.97,0.00927842699545455
"brier",3,15,6,0.98,0.00688819667727273
"brier",3,15,6,0.99,0.00564168059090909
"brier",3,15,6,0.995,0.00361816718636364
"brier",3,15,7,0.9,0.0181084695818182
"brier",3,15,7,0.91,0.0183511399409091
"brier",3,15,7,0.92,0.0168759970136364
"brier",3,15,7,0.93,0.0146420068227273
"brier",3,15,7,0.94,0.01365920035
"brier",3,15,7,0.95,0.0126031147454545
"brier",3,15,7,0.96,0.01035870285
"brier",3,15,7,0.97,0.00701091840454545
"brier",3,15,7,0.98,0.00314912514545455
"brier",3,15,7,0.99,0.00245650075454545
"brier",3,15,7,0.995,0.00270238078181818
"brier",3,15,8,0.9,0.0181643551454545
"brier",3,15,8,0.91,0.0168024189318182
"brier",3,15,8,0.92,0.0188343567590909
"brier",3,15,8,0.93,0.0181698665136364
"brier",3,15,8,0.94,0.0190664108136364
"brier",3,15,8,0.95,0.0159067674681818
"brier",3,15,8,0.96,0.0131302518318182
"brier",3,15,8,0.97,0.0104768885590909
"brier",3,15,8,0.98,0.00820266109545455
"brier",3,15,8,0.99,0.00332964104090909
"brier",3,15,8,0.995,0.00315655799090909
"brier",3,15,9,0.9,0.0271149552727273
"brier",3,15,9,0.91,0.0254000835181818
"brier",3,15,9,0.92,0.0212186375227273
"brier",3,15,9,0.93,0.0184107604772727
"brier",3,15,9,0.94,0.0172309785772727
"brier",3,15,9,0.95,0.0152333060863636
"brier",3,15,9,0.96,0.0133617248727273
"brier",3,15,9,0.97,0.0107047338727273
"brier",3,15,9,0.98,0.00817090425454545
"brier",3,15,9,0.99,0.00610200635
"brier",3,15,9,0.995,0.00304973832272727
"brier",3,15,10,0.9,0.0183719506454545
"brier",3,15,10,0.91,0.0163284539363636
"brier",3,15,10,0.92,0.0142974472
"brier",3,15,10,0.93,0.0113895678772727
"brier",3,15,10,0.94,0.00846174421363636
"brier",3,15,10,0.95,0.00845227632272727
"brier",3,15,10,0.96,0.00706546613636364
"brier",3,15,10,0.97,0.00384813256818182
"brier",3,15,10,0.98,0.000692231322727273
"brier",3,15,10,0.99,0.00330165430454545
"brier",3,15,10,0.995,0.00285155061363636
"brier",4,15,1,0.9,0.0211542390681818
"brier",4,15,1,0.91,0.0176302099909091
"brier",4,15,1,0.92,0.01743253915
"brier",4,15,1,0.93,0.0158638160909091
"brier",4,15,1,0.94,0.0164142485272727
"brier",4,15,1,0.95,0.0135259061363636
"brier",4,15,1,0.96,0.0125272557227273
"brier",4,15,1,0.97,0.00818836148636364
"brier",4,15,1,0.98,0.00362983238636364
"brier",4,15,1,0.99,0.00497793917272727
"brier",4,15,1,0.995,0.00413904589545455
"brier",4,15,2,0.9,0.0251965515227273
"brier",4,15,2,0.91,0.0230493785863636
"brier",4,15,2,0.92,0.0229903986227273
"brier",4,15,2,0.93,0.01941238375
"brier",4,15,2,0.94,0.0173734178318182
"brier",4,15,2,0.95,0.0162392515363636
"brier",4,15,2,0.96,0.0150170531318182
"brier",4,15,2,0.97,0.0107164118318182
"brier",4,15,2,0.98,0.00695945504545455
"brier",4,15,2,0.99,0.00390191872272727
"brier",4,15,2,0.995,0.00226884726818182
"brier",4,15,3,0.9,0.0207249818181818
"brier",4,15,3,0.91,0.0191320657
"brier",4,15,3,0.92,0.0189167885318182
"brier",4,15,3,0.93,0.0171596907136364
"brier",4,15,3,0.94,0.01370958185
"brier",4,15,3,0.95,0.00908826374545454
"brier",4,15,3,0.96,0.00761621723181818
"brier",4,15,3,0.97,0.00653854534545455
"brier",4,15,3,0.98,0.00299431758181818
"brier",4,15,3,0.99,0.00207205562272727
"brier",4,15,3,0.995,0.00126905515909091
"brier",4,15,4,0.9,0.0106434315454545
"brier",4,15,4,0.91,0.00821294809090909
"brier",4,15,4,0.92,0.00690664939090909
"brier",4,15,4,0.93,0.00805489535
"brier",4,15,4,0.94,0.00939087483181818
"brier",4,15,4,0.95,0.00618453290454545
"brier",4,15,4,0.96,0.0071439368
"brier",4,15,4,0.97,0.0066280643
"brier",4,15,4,0.98,0.00545869785
"brier",4,15,4,0.99,0.00330353689545455
"brier",4,15,4,0.995,0.00291778551363636
"brier",4,15,5,0.9,0.0255079664863636
"brier",4,15,5,0.91,0.0243010134863636
"brier",4,15,5,0.92,0.0212387799409091
"brier",4,15,5,0.93,0.0203780051681818
"brier",4,15,5,0.94,0.0183585424818182
"brier",4,15,5,0.95,0.0142301132727273
"brier",4,15,5,0.96,0.0131913182590909
"brier",4,15,5,0.97,0.0112436828636364
"brier",4,15,5,0.98,0.00833435264090909
"brier",4,15,5,0.99,0.00580748124545455
"brier",4,15,5,0.995,0.00332751326818182
"brier",4,15,6,0.9,0.0151077636863636
"brier",4,15,6,0.91,0.0134965126363636
"brier",4,15,6,0.92,0.0136935525909091
"brier",4,15,6,0.93,0.0104974606454545
"brier",4,15,6,0.94,0.00997139195454545
"brier",4,15,6,0.95,0.00902370659545455
"brier",4,15,6,0.96,0.00856549382272727
"brier",4,15,6,0.97,0.00930558008181818
"brier",4,15,6,0.98,0.00664242884090909
"brier",4,15,6,0.99,0.00580550938181818
"brier",4,15,6,0.995,0.00370065354090909
"brier",4,15,7,0.9,0.0177517903909091
"brier",4,15,7,0.91,0.0183327780590909
"brier",4,15,7,0.92,0.0167916368954545
"brier",4,15,7,0.93,0.0145243184227273
"brier",4,15,7,0.94,0.0135024017227273
"brier",4,15,7,0.95,0.0125487872363636
"brier",4,15,7,0.96,0.00998174837727273
"brier",4,15,7,0.97,0.0065984943
"brier",4,15,7,0.98,0.00310059145
"brier",4,15,7,0.99,0.00245629317272727
"brier",4,15,7,0.995,0.00274387815909091
"brier",4,15,8,0.9,0.0181454413181818
"brier",4,15,8,0.91,0.0168994128545455
"brier",4,15,8,0.92,0.0188646875818182
"brier",4,15,8,0.93,0.0181553368636364
"brier",4,15,8,0.94,0.0189791875181818
"brier",4,15,8,0.95,0.0159935921681818
"brier",4,15,8,0.96,0.0132240115818182
"brier",4,15,8,0.97,0.0105599288863636
"brier",4,15,8,0.98,0.00839919663636364
"brier",4,15,8,0.99,0.00329662092727273
"brier",4,15,8,0.995,0.0032960627
"brier",4,15,9,0.9,0.0269977937045455
"brier",4,15,9,0.91,0.0252881121636364
"brier",4,15,9,0.92,0.0212867218636364
"brier",4,15,9,0.93,0.0185555032454545
"brier",4,15,9,0.94,0.0176383051681818
"brier",4,15,9,0.95,0.0155446576590909
"brier",4,15,9,0.96,0.0135789997409091
"brier",4,15,9,0.97,0.0105855793227273
"brier",4,15,9,0.98,0.00811963952727273
"brier",4,15,9,0.99,0.00599999745
"brier",4,15,9,0.995,0.00321557727727273
"brier",4,15,10,0.9,0.0184095333363636
"brier",4,15,10,0.91,0.01644887945
"brier",4,15,10,0.92,0.0143498354227273
"brier",4,15,10,0.93,0.0112504691227273
"brier",4,15,10,0.94,0.00850176506818182
"brier",4,15,10,0.95,0.00835080937727273
"brier",4,15,10,0.96,0.0070162321
"brier",4,15,10,0.97,0.00385707765
"brier",4,15,10,0.98,0.000734405059090909
"brier",4,15,10,0.99,0.00347921874545455
"brier",4,15,10,0.995,0.00283801567727273
"brier",5,15,1,0.9,0.0232748232363636
"brier",5,15,1,0.91,0.0199810357909091
"brier",5,15,1,0.92,0.0202173460227273
"brier",5,15,1,0.93,0.0182293623545455
"brier",5,15,1,0.94,0.0170329858136364
"brier",5,15,1,0.95,0.0139334171454545
"brier",5,15,1,0.96,0.0141319302272727
"brier",5,15,1,0.97,0.00863535620909091
"brier",5,15,1,0.98,0.00403009883181818
"brier",5,15,1,0.99,0.00541180886363636
"brier",5,15,1,0.995,0.00453721315
"brier",5,15,2,0.9,0.0254443963590909
"brier",5,15,2,0.91,0.0234453501181818
"brier",5,15,2,0.92,0.0231506920863636
"brier",5,15,2,0.93,0.0197750646181818
"brier",5,15,2,0.94,0.0174698139318182
"brier",5,15,2,0.95,0.0163357532954545
"brier",5,15,2,0.96,0.0150054861863636
"brier",5,15,2,0.97,0.0107553394909091
"brier",5,15,2,0.98,0.00728715853636364
"brier",5,15,2,0.99,0.00411006307272727
"brier",5,15,2,0.995,0.00249648983636364
"brier",5,15,3,0.9,0.0249437744863636
"brier",5,15,3,0.91,0.0221501611136364
"brier",5,15,3,0.92,0.0218427288227273
"brier",5,15,3,0.93,0.0187941945772727
"brier",5,15,3,0.94,0.0154863658227273
"brier",5,15,3,0.95,0.0113864555772727
"brier",5,15,3,0.96,0.00829969008636364
"brier",5,15,3,0.97,0.00689668796363636
"brier",5,15,3,0.98,0.00470025958181818
"brier",5,15,3,0.99,0.00346632163636364
"brier",5,15,3,0.995,0.00318475361818182
"brier",5,15,4,0.9,0.0144232558409091
"brier",5,15,4,0.91,0.0118670266681818
"brier",5,15,4,0.92,0.00995847985909091
"brier",5,15,4,0.93,0.00956129456363636
"brier",5,15,4,0.94,0.00982321547272727
"brier",5,15,4,0.95,0.00732184205454545
"brier",5,15,4,0.96,0.00761810108636364
"brier",5,15,4,0.97,0.00662195711818182
"brier",5,15,4,0.98,0.00605967389090909
"brier",5,15,4,0.99,0.00470269318181818
"brier",5,15,4,0.995,0.00405578695
"brier",5,15,5,0.9,0.0266995873045455
"brier",5,15,5,0.91,0.0253827000272727
"brier",5,15,5,0.92,0.0222195420090909
"brier",5,15,5,0.93,0.0217809906
"brier",5,15,5,0.94,0.0194365444454545
"brier",5,15,5,0.95,0.0146852989590909
"brier",5,15,5,0.96,0.0134821781272727
"brier",5,15,5,0.97,0.0113966680272727
"brier",5,15,5,0.98,0.0083906871
"brier",5,15,5,0.99,0.00579320895909091
"brier",5,15,5,0.995,0.00344909009090909
"brier",5,15,6,0.9,0.0159443973636364
"brier",5,15,6,0.91,0.0143452422454545
"brier",5,15,6,0.92,0.0140812211954545
"brier",5,15,6,0.93,0.0106544436045455
"brier",5,15,6,0.94,0.00977504
"brier",5,15,6,0.95,0.00914154801363636
"brier",5,15,6,0.96,0.00939675652727273
"brier",5,15,6,0.97,0.0102550748363636
"brier",5,15,6,0.98,0.00712903770909091
"brier",5,15,6,0.99,0.00583322821363636
"brier",5,15,6,0.995,0.00397608914090909
"brier",5,15,7,0.9,0.0200826992818182
"brier",5,15,7,0.91,0.0203003812727273
"brier",5,15,7,0.92,0.0180194761227273
"brier",5,15,7,0.93,0.0154498686727273
"brier",5,15,7,0.94,0.0143056809636364
"brier",5,15,7,0.95,0.0128286682863636
"brier",5,15,7,0.96,0.0104320745136364
"brier",5,15,7,0.97,0.00691075626363636
"brier",5,15,7,0.98,0.00320645007727273
"brier",5,15,7,0.99,0.00249702236818182
"brier",5,15,7,0.995,0.00299613671363636
"brier",5,15,8,0.9,0.0207140312
"brier",5,15,8,0.91,0.019429838
"brier",5,15,8,0.92,0.0213532243318182
"brier",5,15,8,0.93,0.0208474558272727
"brier",5,15,8,0.94,0.0214073199363636
"brier",5,15,8,0.95,0.0178815134090909
"brier",5,15,8,0.96,0.0148608703318182
"brier",5,15,8,0.97,0.0117779375681818
"brier",5,15,8,0.98,0.00921240049090909
"brier",5,15,8,0.99,0.00343789422272727
"brier",5,15,8,0.995,0.00369947785909091
"brier",5,15,9,0.9,0.0288389961727273
"brier",5,15,9,0.91,0.0280795248954545
"brier",5,15,9,0.92,0.0243313718136364
"brier",5,15,9,0.93,0.0217480192181818
"brier",5,15,9,0.94,0.0197638463363636
"brier",5,15,9,0.95,0.0178381726272727
"brier",5,15,9,0.96,0.0162769173863636
"brier",5,15,9,0.97,0.0130433284409091
"brier",5,15,9,0.98,0.00982375062272727
"brier",5,15,9,0.99,0.00701213507727273
"brier",5,15,9,0.995,0.00306989573636364
"brier",5,15,10,0.9,0.0212546338545455
"brier",5,15,10,0.91,0.0189125339909091
"brier",5,15,10,0.92,0.0164896548545455
"brier",5,15,10,0.93,0.0134863762272727
"brier",5,15,10,0.94,0.0106798549363636
"brier",5,15,10,0.95,0.00965024541363636
"brier",5,15,10,0.96,0.00758060106818182
"brier",5,15,10,0.97,0.00412288515454545
"brier",5,15,10,0.98,0.000725448127272727
"brier",5,15,10,0.99,0.00373537615
"brier",5,15,10,0.995,0.00296698506818182
"brier",1,20,1,0.9,0.0222343999
"brier",1,20,1,0.91,0.0187247535863636
"brier",1,20,1,0.92,0.0185646478454545
"brier",1,20,1,0.93,0.0168263136545455
"brier",1,20,1,0.94,0.0169511608909091
"brier",1,20,1,0.95,0.0142310362818182
"brier",1,20,1,0.96,0.0127156012136364
"brier",1,20,1,0.97,0.00771332591363636
"brier",1,20,1,0.98,0.00391279459090909
"brier",1,20,1,0.99,0.00690459251818182
"brier",1,20,1,0.995,0.00576281343636364
"brier",1,20,2,0.9,0.0249997028272727
"brier",1,20,2,0.91,0.0232729262954545
"brier",1,20,2,0.92,0.0227412928227273
"brier",1,20,2,0.93,0.0191481731409091
"brier",1,20,2,0.94,0.0181794385090909
"brier",1,20,2,0.95,0.0173977970227273
"brier",1,20,2,0.96,0.0164360413863636
"brier",1,20,2,0.97,0.0108148641954545
"brier",1,20,2,0.98,0.00716538782727273
"brier",1,20,2,0.99,0.00390516226818182
"brier",1,20,2,0.995,0.00246705676818182
"brier",1,20,3,0.9,0.0209636503045455
"brier",1,20,3,0.91,0.0194111697318182
"brier",1,20,3,0.92,0.0191004184590909
"brier",1,20,3,0.93,0.0171166342909091
"brier",1,20,3,0.94,0.0139089054909091
"brier",1,20,3,0.95,0.00960691482727273
"brier",1,20,3,0.96,0.00820283092727273
"brier",1,20,3,0.97,0.00671164371363636
"brier",1,20,3,0.98,0.00266471889090909
"brier",1,20,3,0.99,0.00230765713181818
"brier",1,20,3,0.995,0.000957874472727273
"brier",1,20,4,0.9,0.0112231550727273
"brier",1,20,4,0.91,0.00838308885454545
"brier",1,20,4,0.92,0.00715512379545455
"brier",1,20,4,0.93,0.00866352965909091
"brier",1,20,4,0.94,0.0105922956454545
"brier",1,20,4,0.95,0.00635426797727273
"brier",1,20,4,0.96,0.0076511772
"brier",1,20,4,0.97,0.00715569193181818
"brier",1,20,4,0.98,0.00622105375909091
"brier",1,20,4,0.99,0.00360431350909091
"brier",1,20,4,0.995,0.00429092996363636
"brier",1,20,5,0.9,0.0279249588863636
"brier",1,20,5,0.91,0.0266436780272727
"brier",1,20,5,0.92,0.0228662007863636
"brier",1,20,5,0.93,0.0216584074909091
"brier",1,20,5,0.94,0.0200437386545455
"brier",1,20,5,0.95,0.0154713189681818
"brier",1,20,5,0.96,0.0140960416954545
"brier",1,20,5,0.97,0.0117450116272727
"brier",1,20,5,0.98,0.00827159144545454
"brier",1,20,5,0.99,0.00651834871818182
"brier",1,20,5,0.995,0.00391700202272727
"brier",1,20,6,0.9,0.0156528062818182
"brier",1,20,6,0.91,0.0139277397636364
"brier",1,20,6,0.92,0.0138005941409091
"brier",1,20,6,0.93,0.0109084891272727
"brier",1,20,6,0.94,0.0111336347545455
"brier",1,20,6,0.95,0.0102835116636364
"brier",1,20,6,0.96,0.00925799592272727
"brier",1,20,6,0.97,0.01005254915
"brier",1,20,6,0.98,0.0072056815
"brier",1,20,6,0.99,0.00739154437727273
"brier",1,20,6,0.995,0.00442466979545455
"brier",1,20,7,0.9,0.0187624934181818
"brier",1,20,7,0.91,0.0188423902318182
"brier",1,20,7,0.92,0.0167975505545455
"brier",1,20,7,0.93,0.0144456191454545
"brier",1,20,7,0.94,0.0141136600909091
"brier",1,20,7,0.95,0.0132271138454545
"brier",1,20,7,0.96,0.0119654989090909
"brier",1,20,7,0.97,0.00768494541363636
"brier",1,20,7,0.98,0.00371676840909091
"brier",1,20,7,0.99,0.00296869951818182
"brier",1,20,7,0.995,0.00353206737272727
"brier",1,20,8,0.9,0.0184221913954545
"brier",1,20,8,0.91,0.0167490119409091
"brier",1,20,8,0.92,0.0188409493954545
"brier",1,20,8,0.93,0.0184788031409091
"brier",1,20,8,0.94,0.0189471031681818
"brier",1,20,8,0.95,0.0157039268045455
"brier",1,20,8,0.96,0.0133401753
"brier",1,20,8,0.97,0.0110732251
"brier",1,20,8,0.98,0.00891641145
"brier",1,20,8,0.99,0.00279241672272727
"brier",1,20,8,0.995,0.00339919712727273
"brier",1,20,9,0.9,0.0274136052318182
"brier",1,20,9,0.91,0.02550113345
"brier",1,20,9,0.92,0.0214216237136364
"brier",1,20,9,0.93,0.01887286545
"brier",1,20,9,0.94,0.0175792470681818
"brier",1,20,9,0.95,0.0153806903227273
"brier",1,20,9,0.96,0.0136078363
"brier",1,20,9,0.97,0.0109126860818182
"brier",1,20,9,0.98,0.00792804317272727
"brier",1,20,9,0.99,0.00643126318181818
"brier",1,20,9,0.995,0.00354381539545455
"brier",1,20,10,0.9,0.0187751925681818
"brier",1,20,10,0.91,0.0167048216045455
"brier",1,20,10,0.92,0.0144665900090909
"brier",1,20,10,0.93,0.0114037819318182
"brier",1,20,10,0.94,0.00853662816363636
"brier",1,20,10,0.95,0.00839273245
"brier",1,20,10,0.96,0.00699871698181818
"brier",1,20,10,0.97,0.00406881448181818
"brier",1,20,10,0.98,0.000776698627272727
"brier",1,20,10,0.99,0.00389355061363636
"brier",1,20,10,0.995,0.00325678536818182
"brier",2,20,1,0.9,0.0207018373136364
"brier",2,20,1,0.91,0.0171668382863636
"brier",2,20,1,0.92,0.0170784031590909
"brier",2,20,1,0.93,0.0155090969818182
"brier",2,20,1,0.94,0.0159843773909091
"brier",2,20,1,0.95,0.0132190951454545
"brier",2,20,1,0.96,0.01192181075
"brier",2,20,1,0.97,0.00785223612272727
"brier",2,20,1,0.98,0.00365889252272727
"brier",2,20,1,0.99,0.00494657851818182
"brier",2,20,1,0.995,0.00414019578636364
"brier",2,20,2,0.9,0.0244394645409091
"brier",2,20,2,0.91,0.0224584083863636
"brier",2,20,2,0.92,0.0223131817727273
"brier",2,20,2,0.93,0.0183617022363636
"brier",2,20,2,0.94,0.0165588634727273
"brier",2,20,2,0.95,0.0153878648090909
"brier",2,20,2,0.96,0.01444061185
"brier",2,20,2,0.97,0.0105145483454545
"brier",2,20,2,0.98,0.00709871242727273
"brier",2,20,2,0.99,0.00389729000454545
"brier",2,20,2,0.995,0.00217780989545455
"brier",2,20,3,0.9,0.01940121845
"brier",2,20,3,0.91,0.0179873198318182
"brier",2,20,3,0.92,0.0178034868727273
"brier",2,20,3,0.93,0.0159672252045455
"brier",2,20,3,0.94,0.0128848246954545
"brier",2,20,3,0.95,0.00874191250454546
"brier",2,20,3,0.96,0.00733279664090909
"brier",2,20,3,0.97,0.00620242485
"brier",2,20,3,0.98,0.00273636587727273
"brier",2,20,3,0.99,0.00209900939090909
"brier",2,20,3,0.995,0.00116716804090909
"brier",2,20,4,0.9,0.0104140484681818
"brier",2,20,4,0.91,0.0079748957
"brier",2,20,4,0.92,0.00670397471363636
"brier",2,20,4,0.93,0.00770410331818182
"brier",2,20,4,0.94,0.00909749290454545
"brier",2,20,4,0.95,0.00615786028181818
"brier",2,20,4,0.96,0.00716758936363636
"brier",2,20,4,0.97,0.00655753902727273
"brier",2,20,4,0.98,0.00533752531818182
"brier",2,20,4,0.99,0.00331123188636364
"brier",2,20,4,0.995,0.00289851452272727
"brier",2,20,5,0.9,0.02513415375
"brier",2,20,5,0.91,0.0237540824863636
"brier",2,20,5,0.92,0.0207117238090909
"brier",2,20,5,0.93,0.0201109775409091
"brier",2,20,5,0.94,0.0183664405954545
"brier",2,20,5,0.95,0.0142553482272727
"brier",2,20,5,0.96,0.0130909321
"brier",2,20,5,0.97,0.0108442530272727
"brier",2,20,5,0.98,0.00810518736818182
"brier",2,20,5,0.99,0.00541983938181818
"brier",2,20,5,0.995,0.00319566235454545
"brier",2,20,6,0.9,0.0149859010636364
"brier",2,20,6,0.91,0.0132053889181818
"brier",2,20,6,0.92,0.0133088813227273
"brier",2,20,6,0.93,0.0102343591454545
"brier",2,20,6,0.94,0.00958245112727273
"brier",2,20,6,0.95,0.00881202253636364
"brier",2,20,6,0.96,0.00852111712272727
"brier",2,20,6,0.97,0.00912302189545455
"brier",2,20,6,0.98,0.00683046742272727
"brier",2,20,6,0.99,0.00582578700909091
"brier",2,20,6,0.995,0.00373335361363636
"brier",2,20,7,0.9,0.0173476428818182
"brier",2,20,7,0.91,0.0180293396772727
"brier",2,20,7,0.92,0.0165477755409091
"brier",2,20,7,0.93,0.0140887271363636
"brier",2,20,7,0.94,0.0133167995
"brier",2,20,7,0.95,0.0124790026090909
"brier",2,20,7,0.96,0.0100630835
"brier",2,20,7,0.97,0.00663225100909091
"brier",2,20,7,0.98,0.00299325503181818
"brier",2,20,7,0.99,0.00251600561363636
"brier",2,20,7,0.995,0.00268274585909091
"brier",2,20,8,0.9,0.0173016536727273
"brier",2,20,8,0.91,0.0160689117454545
"brier",2,20,8,0.92,0.0180266439681818
"brier",2,20,8,0.93,0.0173907030909091
"brier",2,20,8,0.94,0.0182727243136364
"brier",2,20,8,0.95,0.0155096235090909
"brier",2,20,8,0.96,0.0130578788636364
"brier",2,20,8,0.97,0.0102355562454545
"brier",2,20,8,0.98,0.0081462242
"brier",2,20,8,0.99,0.00326032190909091
"brier",2,20,8,0.995,0.00316699137272727
"brier",2,20,9,0.9,0.0264329542045455
"brier",2,20,9,0.91,0.0246956647954545
"brier",2,20,9,0.92,0.0205442351090909
"brier",2,20,9,0.93,0.0180348220590909
"brier",2,20,9,0.94,0.0171170987772727
"brier",2,20,9,0.95,0.0149985056818182
"brier",2,20,9,0.96,0.0131633878818182
"brier",2,20,9,0.97,0.0106098933636364
"brier",2,20,9,0.98,0.00819594363636364
"brier",2,20,9,0.99,0.00596807356363636
"brier",2,20,9,0.995,0.00297445491818182
"brier",2,20,10,0.9,0.0182788480227273
"brier",2,20,10,0.91,0.0167766521727273
"brier",2,20,10,0.92,0.0144266589545455
"brier",2,20,10,0.93,0.0111862015545455
"brier",2,20,10,0.94,0.00840816577727273
"brier",2,20,10,0.95,0.00827196239545454
"brier",2,20,10,0.96,0.00699696640454545
"brier",2,20,10,0.97,0.00374733397727273
"brier",2,20,10,0.98,0.000687353881818182
"brier",2,20,10,0.99,0.00339578325
"brier",2,20,10,0.995,0.00290899621363636
"brier",3,20,1,0.9,0.0213347819363636
"brier",3,20,1,0.91,0.0174963914409091
"brier",3,20,1,0.92,0.0173418289181818
"brier",3,20,1,0.93,0.0159468103363636
"brier",3,20,1,0.94,0.0163168681090909
"brier",3,20,1,0.95,0.0134201196045455
"brier",3,20,1,0.96,0.0120042644545455
"brier",3,20,1,0.97,0.00765656713181818
"brier",3,20,1,0.98,0.00364768926363636
"brier",3,20,1,0.99,0.00504192245454545
"brier",3,20,1,0.995,0.00417400473636364
"brier",3,20,2,0.9,0.0246380316909091
"brier",3,20,2,0.91,0.0229731014181818
"brier",3,20,2,0.92,0.02271240035
"brier",3,20,2,0.93,0.0193390790590909
"brier",3,20,2,0.94,0.0171673031681818
"brier",3,20,2,0.95,0.0160315493
"brier",3,20,2,0.96,0.01478036665
"brier",3,20,2,0.97,0.0106342950863636
"brier",3,20,2,0.98,0.00716454321818182
"brier",3,20,2,0.99,0.0038321165
"brier",3,20,2,0.995,0.00223659506818182
"brier",3,20,3,0.9,0.0201250965045455
"brier",3,20,3,0.91,0.0185186554590909
"brier",3,20,3,0.92,0.0184428919818182
"brier",3,20,3,0.93,0.0165617547318182
"brier",3,20,3,0.94,0.0131609652863636
"brier",3,20,3,0.95,0.00894067961818182
"brier",3,20,3,0.96,0.00744418182272727
"brier",3,20,3,0.97,0.00614148834545455
"brier",3,20,3,0.98,0.00290845409090909
"brier",3,20,3,0.99,0.00206293641818182
"brier",3,20,3,0.995,0.00115001220909091
"brier",3,20,4,0.9,0.0103955801954545
"brier",3,20,4,0.91,0.00823228778636364
"brier",3,20,4,0.92,0.00692499541818182
"brier",3,20,4,0.93,0.00799782289545455
"brier",3,20,4,0.94,0.00916780972272727
"brier",3,20,4,0.95,0.00612482371818182
"brier",3,20,4,0.96,0.00704318508181818
"brier",3,20,4,0.97,0.00647736438636364
"brier",3,20,4,0.98,0.00538723275909091
"brier",3,20,4,0.99,0.00354185395454545
"brier",3,20,4,0.995,0.00302187345909091
"brier",3,20,5,0.9,0.0259790116863636
"brier",3,20,5,0.91,0.0249216389363636
"brier",3,20,5,0.92,0.0214461057590909
"brier",3,20,5,0.93,0.0205205669409091
"brier",3,20,5,0.94,0.0183991034954545
"brier",3,20,5,0.95,0.0145819114954545
"brier",3,20,5,0.96,0.0133165493772727
"brier",3,20,5,0.97,0.0111650868363636
"brier",3,20,5,0.98,0.00809519932272727
"brier",3,20,5,0.99,0.00549914309090909
"brier",3,20,5,0.995,0.00318461295454545
"brier",3,20,6,0.9,0.0152816864090909
"brier",3,20,6,0.91,0.0134627290409091
"brier",3,20,6,0.92,0.0134143667363636
"brier",3,20,6,0.93,0.0102100024636364
"brier",3,20,6,0.94,0.00933432475909091
"brier",3,20,6,0.95,0.00861536486363636
"brier",3,20,6,0.96,0.00863837486818182
"brier",3,20,6,0.97,0.00932065658181818
"brier",3,20,6,0.98,0.00686251643636364
"brier",3,20,6,0.99,0.00561318821363636
"brier",3,20,6,0.995,0.00360695080454545
"brier",3,20,7,0.9,0.0180658784272727
"brier",3,20,7,0.91,0.0182873511454545
"brier",3,20,7,0.92,0.0168346058045455
"brier",3,20,7,0.93,0.0146717186818182
"brier",3,20,7,0.94,0.0136989863909091
"brier",3,20,7,0.95,0.0125460179045455
"brier",3,20,7,0.96,0.0103459760545455
"brier",3,20,7,0.97,0.00704621016363636
"brier",3,20,7,0.98,0.00316553404090909
"brier",3,20,7,0.99,0.00245510656363636
"brier",3,20,7,0.995,0.00269738555909091
"brier",3,20,8,0.9,0.0180471368909091
"brier",3,20,8,0.91,0.0166640499545455
"brier",3,20,8,0.92,0.0185671846363636
"brier",3,20,8,0.93,0.0178834759727273
"brier",3,20,8,0.94,0.0188234719909091
"brier",3,20,8,0.95,0.0156820290590909
"brier",3,20,8,0.96,0.0130196996227273
"brier",3,20,8,0.97,0.0103829497636364
"brier",3,20,8,0.98,0.00808232295909091
"brier",3,20,8,0.99,0.0033252599
"brier",3,20,8,0.995,0.00315872446818182
"brier",3,20,9,0.9,0.0270046661590909
"brier",3,20,9,0.91,0.0253709574590909
"brier",3,20,9,0.92,0.0212021274318182
"brier",3,20,9,0.93,0.0184055506
"brier",3,20,9,0.94,0.0172397840454545
"brier",3,20,9,0.95,0.0152204330045455
"brier",3,20,9,0.96,0.0133302918545455
"brier",3,20,9,0.97,0.0106574597863636
"brier",3,20,9,0.98,0.00816006637272727
"brier",3,20,9,0.99,0.00609964685454545
"brier",3,20,9,0.995,0.00306825302272727
"brier",3,20,10,0.9,0.0183903548545455
"brier",3,20,10,0.91,0.0163083785681818
"brier",3,20,10,0.92,0.0142149902772727
"brier",3,20,10,0.93,0.0113476630590909
"brier",3,20,10,0.94,0.00844974218181818
"brier",3,20,10,0.95,0.00847587132727273
"brier",3,20,10,0.96,0.00712492762272727
"brier",3,20,10,0.97,0.00384472205454545
"brier",3,20,10,0.98,0.000680423072727273
"brier",3,20,10,0.99,0.00329917183181818
"brier",3,20,10,0.995,0.00284235625
"brier",4,20,1,0.9,0.0219132761363636
"brier",4,20,1,0.91,0.0180418805636364
"brier",4,20,1,0.92,0.0180908237
"brier",4,20,1,0.93,0.0164676061545455
"brier",4,20,1,0.94,0.0166313299772727
"brier",4,20,1,0.95,0.0139893129772727
"brier",4,20,1,0.96,0.01285563715
"brier",4,20,1,0.97,0.00874086785
"brier",4,20,1,0.98,0.00369378409545455
"brier",4,20,1,0.99,0.00532036105454545
"brier",4,20,1,0.995,0.00436260370909091
"brier",4,20,2,0.9,0.0246484651590909
"brier",4,20,2,0.91,0.0229438021681818
"brier",4,20,2,0.92,0.0227476352818182
"brier",4,20,2,0.93,0.0191994221863636
"brier",4,20,2,0.94,0.0173692841227273
"brier",4,20,2,0.95,0.0164413701681818
"brier",4,20,2,0.96,0.0152553860772727
"brier",4,20,2,0.97,0.0108119178727273
"brier",4,20,2,0.98,0.00699201444090909
"brier",4,20,2,0.99,0.00380130175454545
"brier",4,20,2,0.995,0.00230564007272727
"brier",4,20,3,0.9,0.0204249487636364
"brier",4,20,3,0.91,0.0189033309181818
"brier",4,20,3,0.92,0.0186290171590909
"brier",4,20,3,0.93,0.0165595201045455
"brier",4,20,3,0.94,0.0131608368954545
"brier",4,20,3,0.95,0.00892223888181818
"brier",4,20,3,0.96,0.00756773481818182
"brier",4,20,3,0.97,0.00635602904545455
"brier",4,20,3,0.98,0.00280390662727273
"brier",4,20,3,0.99,0.00207543426363636
"brier",4,20,3,0.995,0.00119500974090909
"brier",4,20,4,0.9,0.0106868020818182
"brier",4,20,4,0.91,0.00811808632272727
"brier",4,20,4,0.92,0.00684143550909091
"brier",4,20,4,0.93,0.00766663086363636
"brier",4,20,4,0.94,0.00910807591818182
"brier",4,20,4,0.95,0.00632139075
"brier",4,20,4,0.96,0.00735393305
"brier",4,20,4,0.97,0.00664285847727273
"brier",4,20,4,0.98,0.00543091502727273
"brier",4,20,4,0.99,0.00349682008181818
"brier",4,20,4,0.995,0.00308370280454545
"brier",4,20,5,0.9,0.0255702971090909
"brier",4,20,5,0.91,0.0243520016
"brier",4,20,5,0.92,0.02122032915
"brier",4,20,5,0.93,0.0200135015954545
"brier",4,20,5,0.94,0.0180592334636364
"brier",4,20,5,0.95,0.0140553143136364
"brier",4,20,5,0.96,0.0132059893954545
"brier",4,20,5,0.97,0.0111354454727273
"brier",4,20,5,0.98,0.00800331075454546
"brier",4,20,5,0.99,0.00568428920909091
"brier",4,20,5,0.995,0.00342798216363636
"brier",4,20,6,0.9,0.0153709220772727
"brier",4,20,6,0.91,0.0136991819863636
"brier",4,20,6,0.92,0.0139479302272727
"brier",4,20,6,0.93,0.0105280569727273
"brier",4,20,6,0.94,0.00981962433181818
"brier",4,20,6,0.95,0.00904910734545455
"brier",4,20,6,0.96,0.00872426873636364
"brier",4,20,6,0.97,0.00915460688636364
"brier",4,20,6,0.98,0.00684317535909091
"brier",4,20,6,0.99,0.00600912810454545
"brier",4,20,6,0.995,0.00378970401818182
"brier",4,20,7,0.9,0.0177046958954545
"brier",4,20,7,0.91,0.0181970573772727
"brier",4,20,7,0.92,0.0167193648590909
"brier",4,20,7,0.93,0.0145442360772727
"brier",4,20,7,0.94,0.0135984481818182
"brier",4,20,7,0.95,0.0124826842136364
"brier",4,20,7,0.96,0.0102011171363636
"brier",4,20,7,0.97,0.00698269047272727
"brier",4,20,7,0.98,0.00307290848181818
"brier",4,20,7,0.99,0.00243422293181818
"brier",4,20,7,0.995,0.00269542175909091
"brier",4,20,8,0.9,0.0178909302363636
"brier",4,20,8,0.91,0.0166337025954545
"brier",4,20,8,0.92,0.0185616001318182
"brier",4,20,8,0.93,0.0178050518090909
"brier",4,20,8,0.94,0.0187841881954545
"brier",4,20,8,0.95,0.0158733411136364
"brier",4,20,8,0.96,0.0132752449545455
"brier",4,20,8,0.97,0.0105440298136364
"brier",4,20,8,0.98,0.00818668643636364
"brier",4,20,8,0.99,0.00349802809090909
"brier",4,20,8,0.995,0.00330713738636364
"brier",4,20,9,0.9,0.0268451828772727
"brier",4,20,9,0.91,0.0251677064318182
"brier",4,20,9,0.92,0.0212344031272727
"brier",4,20,9,0.93,0.0184817420590909
"brier",4,20,9,0.94,0.0174140457227273
"brier",4,20,9,0.95,0.0153767164045455
"brier",4,20,9,0.96,0.0133892291272727
"brier",4,20,9,0.97,0.0106596505818182
"brier",4,20,9,0.98,0.00830022747727273
"brier",4,20,9,0.99,0.00620663275
"brier",4,20,9,0.995,0.00306960123181818
"brier",4,20,10,0.9,0.0182877006363636
"brier",4,20,10,0.91,0.0164851053090909
"brier",4,20,10,0.92,0.0143449940681818
"brier",4,20,10,0.93,0.0113510437136364
"brier",4,20,10,0.94,0.00866768617272727
"brier",4,20,10,0.95,0.00837719682272727
"brier",4,20,10,0.96,0.00712669611818182
"brier",4,20,10,0.97,0.00385077462727273
"brier",4,20,10,0.98,0.000764862218181818
"brier",4,20,10,0.99,0.00354723018636364
"brier",4,20,10,0.995,0.00275673098181818
"brier",5,20,1,0.9,0.0236767703136364
"brier",5,20,1,0.91,0.0202453794045455
"brier",5,20,1,0.92,0.0203357958727273
"brier",5,20,1,0.93,0.0178060052090909
"brier",5,20,1,0.94,0.0163262210363636
"brier",5,20,1,0.95,0.0145909740045455
"brier",5,20,1,0.96,0.0134891474363636
"brier",5,20,1,0.97,0.00872889817727273
"brier",5,20,1,0.98,0.00386899823181818
"brier",5,20,1,0.99,0.00533085826818182
"brier",5,20,1,0.995,0.00478221076363636
"brier",5,20,2,0.9,0.0272277881590909
"brier",5,20,2,0.91,0.0262044688545455
"brier",5,20,2,0.92,0.0254355960681818
"brier",5,20,2,0.93,0.0240911726409091
"brier",5,20,2,0.94,0.0225291312272727
"brier",5,20,2,0.95,0.0207214817681818
"brier",5,20,2,0.96,0.0191724117454545
"brier",5,20,2,0.97,0.0119756651909091
"brier",5,20,2,0.98,0.00763902089090909
"brier",5,20,2,0.99,0.00533132574090909
"brier",5,20,2,0.995,0.00324836803636364
"brier",5,20,3,0.9,0.0230497292318182
"brier",5,20,3,0.91,0.0210889201
"brier",5,20,3,0.92,0.0202025738636364
"brier",5,20,3,0.93,0.01715646935
"brier",5,20,3,0.94,0.0143052776681818
"brier",5,20,3,0.95,0.0104577050681818
"brier",5,20,3,0.96,0.00793191421818182
"brier",5,20,3,0.97,0.00647983789545455
"brier",5,20,3,0.98,0.00461872950909091
"brier",5,20,3,0.99,0.00298144401818182
"brier",5,20,3,0.995,0.000884840545454545
"brier",5,20,4,0.9,0.0295532836454545
"brier",5,20,4,0.91,0.0269224590454545
"brier",5,20,4,0.92,0.024827059
"brier",5,20,4,0.93,0.0208715446454545
"brier",5,20,4,0.94,0.0177118892590909
"brier",5,20,4,0.95,0.0158499871954545
"brier",5,20,4,0.96,0.0150130667045455
"brier",5,20,4,0.97,0.0147522242590909
"brier",5,20,4,0.98,0.0137014181772727
"brier",5,20,4,0.99,0.00643106564545455
"brier",5,20,4,0.995,0.00446791567272727
"brier",5,20,5,0.9,0.0284076900181818
"brier",5,20,5,0.91,0.0266887823454545
"brier",5,20,5,0.92,0.0227624989909091
"brier",5,20,5,0.93,0.0221512550454545
"brier",5,20,5,0.94,0.0200382251772727
"brier",5,20,5,0.95,0.0160324577954545
"brier",5,20,5,0.96,0.01426855955
"brier",5,20,5,0.97,0.0116781232318182
"brier",5,20,5,0.98,0.00837432249090909
"brier",5,20,5,0.99,0.00590784541363636
"brier",5,20,5,0.995,0.00390279554090909
"brier",5,20,6,0.9,0.0207139384090909
"brier",5,20,6,0.91,0.0187212418181818
"brier",5,20,6,0.92,0.0172839024772727
"brier",5,20,6,0.93,0.0147427802454545
"brier",5,20,6,0.94,0.0126081473272727
"brier",5,20,6,0.95,0.0113294101545455
"brier",5,20,6,0.96,0.0110695820136364
"brier",5,20,6,0.97,0.0121221276818182
"brier",5,20,6,0.98,0.00885493794090909
"brier",5,20,6,0.99,0.00620315270909091
"brier",5,20,6,0.995,0.00418324606363636
"brier",5,20,7,0.9,0.0207930469272727
"brier",5,20,7,0.91,0.0209977548136364
"brier",5,20,7,0.92,0.0185692664545455
"brier",5,20,7,0.93,0.0171622164272727
"brier",5,20,7,0.94,0.0160852177454545
"brier",5,20,7,0.95,0.0149397927045455
"brier",5,20,7,0.96,0.0112714851636364
"brier",5,20,7,0.97,0.00764313967272727
"brier",5,20,7,0.98,0.00405197396363636
"brier",5,20,7,0.99,0.00341116172272727
"brier",5,20,7,0.995,0.00388074386363636
"brier",5,20,8,0.9,0.0206011113636364
"brier",5,20,8,0.91,0.0195636731454545
"brier",5,20,8,0.92,0.0211795313545455
"brier",5,20,8,0.93,0.0204020383545455
"brier",5,20,8,0.94,0.0209683980681818
"brier",5,20,8,0.95,0.0174397498772727
"brier",5,20,8,0.96,0.0147358223909091
"brier",5,20,8,0.97,0.0115764945863636
"brier",5,20,8,0.98,0.00840149952727273
"brier",5,20,8,0.99,0.00361939210909091
"brier",5,20,8,0.995,0.00377160025
"brier",5,20,9,0.9,0.0286305608954545
"brier",5,20,9,0.91,0.0268830727954545
"brier",5,20,9,0.92,0.0225817168909091
"brier",5,20,9,0.93,0.0197659437954545
"brier",5,20,9,0.94,0.0186563292
"brier",5,20,9,0.95,0.0165019940681818
"brier",5,20,9,0.96,0.0145714651363636
"brier",5,20,9,0.97,0.0110655238227273
"brier",5,20,9,0.98,0.00848518749545455
"brier",5,20,9,0.99,0.00680248327272727
"brier",5,20,9,0.995,0.00309271191818182
"brier",5,20,10,0.9,0.0193935347
"brier",5,20,10,0.91,0.0168807272818182
"brier",5,20,10,0.92,0.0145627918227273
"brier",5,20,10,0.93,0.0114910570636364
"brier",5,20,10,0.94,0.00881368409545455
"brier",5,20,10,0.95,0.00870567405909091
"brier",5,20,10,0.96,0.00715535324545455
"brier",5,20,10,0.97,0.00378727442272727
"brier",5,20,10,0.98,0.000697047590909091
"brier",5,20,10,0.99,0.00355857069545455
"brier",5,20,10,0.995,0.00288415854090909
"brier",1,25,1,0.9,0.0222419110181818
"brier",1,25,1,0.91,0.0187372327227273
"brier",1,25,1,0.92,0.0185690771545455
"brier",1,25,1,0.93,0.0168093882045455
"brier",1,25,1,0.94,0.0169278401818182
"brier",1,25,1,0.95,0.0141974441954545
"brier",1,25,1,0.96,0.0127141898681818
"brier",1,25,1,0.97,0.00772684093181818
"brier",1,25,1,0.98,0.00392459348181818
"brier",1,25,1,0.99,0.00689853050909091
"brier",1,25,1,0.995,0.00576644733181818
"brier",1,25,2,0.9,0.0249345082272727
"brier",1,25,2,0.91,0.0232012233272727
"brier",1,25,2,0.92,0.0226084033909091
"brier",1,25,2,0.93,0.0189916166727273
"brier",1,25,2,0.94,0.0180625910636364
"brier",1,25,2,0.95,0.0173505349
"brier",1,25,2,0.96,0.0163693230590909
"brier",1,25,2,0.97,0.0108099661590909
"brier",1,25,2,0.98,0.00717724780909091
"brier",1,25,2,0.99,0.00392094523636364
"brier",1,25,2,0.995,0.00246666377272727
"brier",1,25,3,0.9,0.0209128571090909
"brier",1,25,3,0.91,0.0193475800545455
"brier",1,25,3,0.92,0.0190612759636364
"brier",1,25,3,0.93,0.0170929731681818
"brier",1,25,3,0.94,0.0138560591454545
"brier",1,25,3,0.95,0.00959278896363636
"brier",1,25,3,0.96,0.00822531335
"brier",1,25,3,0.97,0.00672557360454545
"brier",1,25,3,0.98,0.00267310348181818
"brier",1,25,3,0.99,0.00231195132272727
"brier",1,25,3,0.995,0.000955636
"brier",1,25,4,0.9,0.01129399505
"brier",1,25,4,0.91,0.00840806054545455
"brier",1,25,4,0.92,0.00717819573181818
"brier",1,25,4,0.93,0.00866001928181818
"brier",1,25,4,0.94,0.0105792596590909
"brier",1,25,4,0.95,0.00633441906363636
"brier",1,25,4,0.96,0.00764580871363636
"brier",1,25,4,0.97,0.00711974383636364
"brier",1,25,4,0.98,0.00619922877727273
"brier",1,25,4,0.99,0.00362400219545455
"brier",1,25,4,0.995,0.00429672325909091
"brier",1,25,5,0.9,0.0278324926318182
"brier",1,25,5,0.91,0.0265370506136364
"brier",1,25,5,0.92,0.0228119334545455
"brier",1,25,5,0.93,0.0215220993
"brier",1,25,5,0.94,0.0199583453863636
"brier",1,25,5,0.95,0.0154800289045455
"brier",1,25,5,0.96,0.0140776833636364
"brier",1,25,5,0.97,0.0117219564636364
"brier",1,25,5,0.98,0.00828840037272727
"brier",1,25,5,0.99,0.00656405176818182
"brier",1,25,5,0.995,0.00391538188636364
"brier",1,25,6,0.9,0.0156022324863636
"brier",1,25,6,0.91,0.0138605451727273
"brier",1,25,6,0.92,0.0137668502909091
"brier",1,25,6,0.93,0.0108708583409091
"brier",1,25,6,0.94,0.0110669764727273
"brier",1,25,6,0.95,0.0102968713636364
"brier",1,25,6,0.96,0.00927240749090909
"brier",1,25,6,0.97,0.0100576420181818
"brier",1,25,6,0.98,0.00718935716363636
"brier",1,25,6,0.99,0.00738023295454545
"brier",1,25,6,0.995,0.0044400554
"brier",1,25,7,0.9,0.0187082461772727
"brier",1,25,7,0.91,0.0187670192818182
"brier",1,25,7,0.92,0.0167954321318182
"brier",1,25,7,0.93,0.0144625406
"brier",1,25,7,0.94,0.0141172234727273
"brier",1,25,7,0.95,0.01325321135
"brier",1,25,7,0.96,0.0119550276772727
"brier",1,25,7,0.97,0.00766849645909091
"brier",1,25,7,0.98,0.00372156025909091
"brier",1,25,7,0.99,0.00297290905454545
"brier",1,25,7,0.995,0.00353417022272727
"brier",1,25,8,0.9,0.0183905318909091
"brier",1,25,8,0.91,0.0167166071954545
"brier",1,25,8,0.92,0.0187868738045455
"brier",1,25,8,0.93,0.0184169139090909
"brier",1,25,8,0.94,0.0188586497909091
"brier",1,25,8,0.95,0.0156261839409091
"brier",1,25,8,0.96,0.0132376747136364
"brier",1,25,8,0.97,0.0110222817090909
"brier",1,25,8,0.98,0.00887989188181818
"brier",1,25,8,0.99,0.00275330862727273
"brier",1,25,8,0.995,0.00334306222272727
"brier",1,25,9,0.9,0.0274101590409091
"brier",1,25,9,0.91,0.0254581680181818
"brier",1,25,9,0.92,0.0213224198772727
"brier",1,25,9,0.93,0.0188657518272727
"brier",1,25,9,0.94,0.0175660374772727
"brier",1,25,9,0.95,0.0153497554318182
"brier",1,25,9,0.96,0.0135766358727273
"brier",1,25,9,0.97,0.0109104691090909
"brier",1,25,9,0.98,0.00787328928636364
"brier",1,25,9,0.99,0.00641748516818182
"brier",1,25,9,0.995,0.00356190566363636
"brier",1,25,10,0.9,0.0188413807409091
"brier",1,25,10,0.91,0.0167997385954545
"brier",1,25,10,0.92,0.0145688928181818
"brier",1,25,10,0.93,0.0114552845590909
"brier",1,25,10,0.94,0.00855910487727273
"brier",1,25,10,0.95,0.00839644386818182
"brier",1,25,10,0.96,0.00704178496363636
"brier",1,25,10,0.97,0.00407092127272727
"brier",1,25,10,0.98,0.000765690354545455
"brier",1,25,10,0.99,0.00388459904545455
"brier",1,25,10,0.995,0.00327345310909091
"brier",2,25,1,0.9,0.0206424210954545
"brier",2,25,1,0.91,0.0171369285090909
"brier",2,25,1,0.92,0.0170101411590909
"brier",2,25,1,0.93,0.0154201449818182
"brier",2,25,1,0.94,0.0158525996454545
"brier",2,25,1,0.95,0.0132111868772727
"brier",2,25,1,0.96,0.0119266842454545
"brier",2,25,1,0.97,0.00786167884545455
"brier",2,25,1,0.98,0.0036730249
"brier",2,25,1,0.99,0.00495574969090909
"brier",2,25,1,0.995,0.00414361001818182
"brier",2,25,2,0.9,0.0243604949818182
"brier",2,25,2,0.91,0.0224107255545455
"brier",2,25,2,0.92,0.0221698644090909
"brier",2,25,2,0.93,0.0182233455772727
"brier",2,25,2,0.94,0.0164407029318182
"brier",2,25,2,0.95,0.0153249416363636
"brier",2,25,2,0.96,0.0143337388863636
"brier",2,25,2,0.97,0.0104560425363636
"brier",2,25,2,0.98,0.00711441488636364
"brier",2,25,2,0.99,0.00386653192727273
"brier",2,25,2,0.995,0.00217699619545455
"brier",2,25,3,0.9,0.0193276491590909
"brier",2,25,3,0.91,0.0179456126863636
"brier",2,25,3,0.92,0.0177999209909091
"brier",2,25,3,0.93,0.0159038276363636
"brier",2,25,3,0.94,0.0128357975272727
"brier",2,25,3,0.95,0.00878629094090909
"brier",2,25,3,0.96,0.00738905998181818
"brier",2,25,3,0.97,0.00618023541818182
"brier",2,25,3,0.98,0.00273070525454545
"brier",2,25,3,0.99,0.00209677120909091
"brier",2,25,3,0.995,0.00116773069090909
"brier",2,25,4,0.9,0.01042062325
"brier",2,25,4,0.91,0.00794070253636364
"brier",2,25,4,0.92,0.00670274485
"brier",2,25,4,0.93,0.00775645592272727
"brier",2,25,4,0.94,0.00911288491818182
"brier",2,25,4,0.95,0.00617837409090909
"brier",2,25,4,0.96,0.00712873055909091
"brier",2,25,4,0.97,0.0065292764
"brier",2,25,4,0.98,0.00532570151363636
"brier",2,25,4,0.99,0.00334044540454545
"brier",2,25,4,0.995,0.00292827285909091
"brier",2,25,5,0.9,0.0250142753045455
"brier",2,25,5,0.91,0.0236451515636364
"brier",2,25,5,0.92,0.0206402778909091
"brier",2,25,5,0.93,0.0199808933181818
"brier",2,25,5,0.94,0.0183391325454545
"brier",2,25,5,0.95,0.0142260913681818
"brier",2,25,5,0.96,0.0130761264363636
"brier",2,25,5,0.97,0.0108696434454545
"brier",2,25,5,0.98,0.00813346219545455
"brier",2,25,5,0.99,0.00543128522272727
"brier",2,25,5,0.995,0.00319954199545455
"brier",2,25,6,0.9,0.0149373945090909
"brier",2,25,6,0.91,0.0132116592
"brier",2,25,6,0.92,0.0133360255363636
"brier",2,25,6,0.93,0.0102076304545455
"brier",2,25,6,0.94,0.00950811249545455
"brier",2,25,6,0.95,0.00879150087727273
"brier",2,25,6,0.96,0.00851513030909091
"brier",2,25,6,0.97,0.00915770839090909
"brier",2,25,6,0.98,0.00685018425454545
"brier",2,25,6,0.99,0.00582743019090909
"brier",2,25,6,0.995,0.00370970589090909
"brier",2,25,7,0.9,0.0172920314318182
"brier",2,25,7,0.91,0.0179853660454545
"brier",2,25,7,0.92,0.0165049970409091
"brier",2,25,7,0.93,0.0140229946818182
"brier",2,25,7,0.94,0.0132876717818182
"brier",2,25,7,0.95,0.0124534342818182
"brier",2,25,7,0.96,0.0100452783272727
"brier",2,25,7,0.97,0.00665752494090909
"brier",2,25,7,0.98,0.00302244905909091
"brier",2,25,7,0.99,0.00252545523181818
"brier",2,25,7,0.995,0.00269188533181818
"brier",2,25,8,0.9,0.0172563352909091
"brier",2,25,8,0.91,0.0160512195545455
"brier",2,25,8,0.92,0.0178948750363636
"brier",2,25,8,0.93,0.0172759908090909
"brier",2,25,8,0.94,0.0181939483227273
"brier",2,25,8,0.95,0.0154322165590909
"brier",2,25,8,0.96,0.0130148572772727
"brier",2,25,8,0.97,0.0102253378454545
"brier",2,25,8,0.98,0.00809874075
"brier",2,25,8,0.99,0.00322638921363636
"brier",2,25,8,0.995,0.00311660029545455
"brier",2,25,9,0.9,0.0262641934772727
"brier",2,25,9,0.91,0.02462137065
"brier",2,25,9,0.92,0.0204654781772727
"brier",2,25,9,0.93,0.0179958615818182
"brier",2,25,9,0.94,0.0171223056090909
"brier",2,25,9,0.95,0.0150256005
"brier",2,25,9,0.96,0.0131627763636364
"brier",2,25,9,0.97,0.0106087658772727
"brier",2,25,9,0.98,0.00813549251818182
"brier",2,25,9,0.99,0.00597940691363636
"brier",2,25,9,0.995,0.00298284465454545
"brier",2,25,10,0.9,0.0182081702590909
"brier",2,25,10,0.91,0.0167621178136364
"brier",2,25,10,0.92,0.0144443290636364
"brier",2,25,10,0.93,0.0111856428954545
"brier",2,25,10,0.94,0.00840150693636364
"brier",2,25,10,0.95,0.00827162443636364
"brier",2,25,10,0.96,0.00698067940909091
"brier",2,25,10,0.97,0.0036957438
"brier",2,25,10,0.98,0.000678130127272727
"brier",2,25,10,0.99,0.00337659878636364
"brier",2,25,10,0.995,0.00290447516363636
"brier",3,25,1,0.9,0.02129356815
"brier",3,25,1,0.91,0.0174867329454545
"brier",3,25,1,0.92,0.0173803633727273
"brier",3,25,1,0.93,0.0159199833863636
"brier",3,25,1,0.94,0.0162977685045455
"brier",3,25,1,0.95,0.0135079871318182
"brier",3,25,1,0.96,0.01199814845
"brier",3,25,1,0.97,0.00765376546363636
"brier",3,25,1,0.98,0.00363528139090909
"brier",3,25,1,0.99,0.00502166203181818
"brier",3,25,1,0.995,0.00415600413181818
"brier",3,25,2,0.9,0.0247451621272727
"brier",3,25,2,0.91,0.0230605738272727
"brier",3,25,2,0.92,0.0225675132454545
"brier",3,25,2,0.93,0.0191662051818182
"brier",3,25,2,0.94,0.0170972284409091
"brier",3,25,2,0.95,0.0160637713181818
"brier",3,25,2,0.96,0.0147449753045455
"brier",3,25,2,0.97,0.0107238282045455
"brier",3,25,2,0.98,0.00722625860909091
"brier",3,25,2,0.99,0.00386349708636364
"brier",3,25,2,0.995,0.00225369299090909
"brier",3,25,3,0.9,0.0200683596909091
"brier",3,25,3,0.91,0.0184546636045455
"brier",3,25,3,0.92,0.0184238457409091
"brier",3,25,3,0.93,0.0165077147681818
"brier",3,25,3,0.94,0.0130828742727273
"brier",3,25,3,0.95,0.00903182875
"brier",3,25,3,0.96,0.00752455720909091
"brier",3,25,3,0.97,0.00617381322727273
"brier",3,25,3,0.98,0.00290453030909091
"brier",3,25,3,0.99,0.00203477423636364
"brier",3,25,3,0.995,0.00117003406363636
"brier",3,25,4,0.9,0.0103871125863636
"brier",3,25,4,0.91,0.00821417770909091
"brier",3,25,4,0.92,0.00695509877727273
"brier",3,25,4,0.93,0.00797724485
"brier",3,25,4,0.94,0.00918040654545454
"brier",3,25,4,0.95,0.0060933515
"brier",3,25,4,0.96,0.00698412521818182
"brier",3,25,4,0.97,0.00643190826818182
"brier",3,25,4,0.98,0.00537449642272727
"brier",3,25,4,0.99,0.00351965814545455
"brier",3,25,4,0.995,0.00302464822272727
"brier",3,25,5,0.9,0.0256832409227273
"brier",3,25,5,0.91,0.0246827376727273
"brier",3,25,5,0.92,0.0213678211045455
"brier",3,25,5,0.93,0.0202664840954545
"brier",3,25,5,0.94,0.0182522217
"brier",3,25,5,0.95,0.0144903575545455
"brier",3,25,5,0.96,0.0132210251045455
"brier",3,25,5,0.97,0.0111218218818182
"brier",3,25,5,0.98,0.00810199158636364
"brier",3,25,5,0.99,0.00545978565909091
"brier",3,25,5,0.995,0.00312136673181818
"brier",3,25,6,0.9,0.0152307108590909
"brier",3,25,6,0.91,0.0134254448863636
"brier",3,25,6,0.92,0.0132760230363636
"brier",3,25,6,0.93,0.0101232789454545
"brier",3,25,6,0.94,0.00929647940909091
"brier",3,25,6,0.95,0.00857834280454545
"brier",3,25,6,0.96,0.00860737574545455
"brier",3,25,6,0.97,0.00928636979090909
"brier",3,25,6,0.98,0.00682721535454545
"brier",3,25,6,0.99,0.00558703517272727
"brier",3,25,6,0.995,0.00360337639090909
"brier",3,25,7,0.9,0.0180190888045455
"brier",3,25,7,0.91,0.0181699390636364
"brier",3,25,7,0.92,0.0168330649090909
"brier",3,25,7,0.93,0.0146611275636364
"brier",3,25,7,0.94,0.0136583590363636
"brier",3,25,7,0.95,0.0125389046545455
"brier",3,25,7,0.96,0.0103168093909091
"brier",3,25,7,0.97,0.00702377756363636
"brier",3,25,7,0.98,0.00314451117272727
"brier",3,25,7,0.99,0.00247989540909091
"brier",3,25,7,0.995,0.00271406108636364
"brier",3,25,8,0.9,0.0178959153681818
"brier",3,25,8,0.91,0.0165455719227273
"brier",3,25,8,0.92,0.0183775048136364
"brier",3,25,8,0.93,0.0177501435727273
"brier",3,25,8,0.94,0.01869913675
"brier",3,25,8,0.95,0.0156518477863636
"brier",3,25,8,0.96,0.01299579595
"brier",3,25,8,0.97,0.0103889994681818
"brier",3,25,8,0.98,0.00800966619090909
"brier",3,25,8,0.99,0.00333993122727273
"brier",3,25,8,0.995,0.00314996454090909
"brier",3,25,9,0.9,0.0269125058272727
"brier",3,25,9,0.91,0.02521742425
"brier",3,25,9,0.92,0.0210259757590909
"brier",3,25,9,0.93,0.01822595225
"brier",3,25,9,0.94,0.0170738921136364
"brier",3,25,9,0.95,0.0151523833227273
"brier",3,25,9,0.96,0.01326771325
"brier",3,25,9,0.97,0.0106619263227273
"brier",3,25,9,0.98,0.00812145291818182
"brier",3,25,9,0.99,0.00611074477272727
"brier",3,25,9,0.995,0.00307283786363636
"brier",3,25,10,0.9,0.0182635601545455
"brier",3,25,10,0.91,0.0163048749227273
"brier",3,25,10,0.92,0.0142466232454545
"brier",3,25,10,0.93,0.0114054355045455
"brier",3,25,10,0.94,0.00844198788636364
"brier",3,25,10,0.95,0.00841632597272727
"brier",3,25,10,0.96,0.00709447458636364
"brier",3,25,10,0.97,0.00381397217272727
"brier",3,25,10,0.98,0.000680775672727273
"brier",3,25,10,0.99,0.00331034455454545
"brier",3,25,10,0.995,0.00286100322272727
"brier",4,25,1,0.9,0.0212400558954545
"brier",4,25,1,0.91,0.0174813743409091
"brier",4,25,1,0.92,0.0174660254409091
"brier",4,25,1,0.93,0.0159261795136364
"brier",4,25,1,0.94,0.0161834279136364
"brier",4,25,1,0.95,0.0134984137272727
"brier",4,25,1,0.96,0.0121557250863636
"brier",4,25,1,0.97,0.00779333783181818
"brier",4,25,1,0.98,0.00353126413636364
"brier",4,25,1,0.99,0.00520578508181818
"brier",4,25,1,0.995,0.00424580205
"brier",4,25,2,0.9,0.0245491050590909
"brier",4,25,2,0.91,0.0226540425909091
"brier",4,25,2,0.92,0.0224915395090909
"brier",4,25,2,0.93,0.0189654405409091
"brier",4,25,2,0.94,0.0170608616681818
"brier",4,25,2,0.95,0.0160070099227273
"brier",4,25,2,0.96,0.0147914513454545
"brier",4,25,2,0.97,0.0105471871590909
"brier",4,25,2,0.98,0.00692340316818182
"brier",4,25,2,0.99,0.00379088089090909
"brier",4,25,2,0.995,0.00224715857727273
"brier",4,25,3,0.9,0.0200199672318182
"brier",4,25,3,0.91,0.0186535031136364
"brier",4,25,3,0.92,0.0186378191772727
"brier",4,25,3,0.93,0.0167285935045455
"brier",4,25,3,0.94,0.0134238236545455
"brier",4,25,3,0.95,0.00898614883636364
"brier",4,25,3,0.96,0.00789623241818182
"brier",4,25,3,0.97,0.00646694685454545
"brier",4,25,3,0.98,0.00295605415909091
"brier",4,25,3,0.99,0.00204751486363636
"brier",4,25,3,0.995,0.00126177833636364
"brier",4,25,4,0.9,0.0105135732636364
"brier",4,25,4,0.91,0.00807511100454545
"brier",4,25,4,0.92,0.00692312013181818
"brier",4,25,4,0.93,0.00796387351818182
"brier",4,25,4,0.94,0.00952140365454546
"brier",4,25,4,0.95,0.00657931246363636
"brier",4,25,4,0.96,0.00732077897272727
"brier",4,25,4,0.97,0.00659095389090909
"brier",4,25,4,0.98,0.00533683478181818
"brier",4,25,4,0.99,0.00340915835909091
"brier",4,25,4,0.995,0.00293725453636364
"brier",4,25,5,0.9,0.0258073996090909
"brier",4,25,5,0.91,0.0245680402045455
"brier",4,25,5,0.92,0.0215487917090909
"brier",4,25,5,0.93,0.0203178096181818
"brier",4,25,5,0.94,0.01803997605
"brier",4,25,5,0.95,0.0140973153363636
"brier",4,25,5,0.96,0.0132113118909091
"brier",4,25,5,0.97,0.0112620038545455
"brier",4,25,5,0.98,0.00820933323636364
"brier",4,25,5,0.99,0.00583863491818182
"brier",4,25,5,0.995,0.00357631742727273
"brier",4,25,6,0.9,0.0151247637045455
"brier",4,25,6,0.91,0.0134278363090909
"brier",4,25,6,0.92,0.0135190327090909
"brier",4,25,6,0.93,0.0100327017181818
"brier",4,25,6,0.94,0.00940101126818182
"brier",4,25,6,0.95,0.00865171046818182
"brier",4,25,6,0.96,0.00846983477272727
"brier",4,25,6,0.97,0.0091496844
"brier",4,25,6,0.98,0.00678753781818182
"brier",4,25,6,0.99,0.00574067375909091
"brier",4,25,6,0.995,0.00374813904545455
"brier",4,25,7,0.9,0.0180868276
"brier",4,25,7,0.91,0.0187966639409091
"brier",4,25,7,0.92,0.0170651688272727
"brier",4,25,7,0.93,0.0150320509681818
"brier",4,25,7,0.94,0.0142116112727273
"brier",4,25,7,0.95,0.0132880270272727
"brier",4,25,7,0.96,0.0107689296954545
"brier",4,25,7,0.97,0.00712421808181818
"brier",4,25,7,0.98,0.00326006001363636
"brier",4,25,7,0.99,0.00233543531363636
"brier",4,25,7,0.995,0.00271462012272727
"brier",4,25,8,0.9,0.0177286825772727
"brier",4,25,8,0.91,0.0165524786181818
"brier",4,25,8,0.92,0.0183617746772727
"brier",4,25,8,0.93,0.0176359484545455
"brier",4,25,8,0.94,0.0184984060863636
"brier",4,25,8,0.95,0.0155570966636364
"brier",4,25,8,0.96,0.01297368515
"brier",4,25,8,0.97,0.0102885766545455
"brier",4,25,8,0.98,0.00810979817727273
"brier",4,25,8,0.99,0.00326998526818182
"brier",4,25,8,0.995,0.00314850119545455
"brier",4,25,9,0.9,0.0267516918681818
"brier",4,25,9,0.91,0.0248516895681818
"brier",4,25,9,0.92,0.0205873000909091
"brier",4,25,9,0.93,0.0180011678181818
"brier",4,25,9,0.94,0.0171124756363636
"brier",4,25,9,0.95,0.0153287492090909
"brier",4,25,9,0.96,0.0133343415863636
"brier",4,25,9,0.97,0.0106160033909091
"brier",4,25,9,0.98,0.00812577109090909
"brier",4,25,9,0.99,0.00614144630909091
"brier",4,25,9,0.995,0.00325566742727273
"brier",4,25,10,0.9,0.0185320391818182
"brier",4,25,10,0.91,0.0166034563
"brier",4,25,10,0.92,0.0145656025909091
"brier",4,25,10,0.93,0.0111748384272727
"brier",4,25,10,0.94,0.00845619043181818
"brier",4,25,10,0.95,0.00850058585909091
"brier",4,25,10,0.96,0.00704601408181818
"brier",4,25,10,0.97,0.00379633726363636
"brier",4,25,10,0.98,0.000665049604545455
"brier",4,25,10,0.99,0.00340856179090909
"brier",4,25,10,0.995,0.00287703891363636
"brier",5,25,1,0.9,0.02191141915
"brier",5,25,1,0.91,0.0179637472181818
"brier",5,25,1,0.92,0.0177899003363636
"brier",5,25,1,0.93,0.0161510187636364
"brier",5,25,1,0.94,0.0173633699818182
"brier",5,25,1,0.95,0.0148610974772727
"brier",5,25,1,0.96,0.0132138040227273
"brier",5,25,1,0.97,0.00918858835909091
"brier",5,25,1,0.98,0.00419305372727273
"brier",5,25,1,0.99,0.00542634294090909
"brier",5,25,1,0.995,0.00444661288181818
"brier",5,25,2,0.9,0.0263427145227273
"brier",5,25,2,0.91,0.0243931572818182
"brier",5,25,2,0.92,0.0236642039681818
"brier",5,25,2,0.93,0.0211782243
"brier",5,25,2,0.94,0.0196627118954545
"brier",5,25,2,0.95,0.0183530643318182
"brier",5,25,2,0.96,0.0162829309
"brier",5,25,2,0.97,0.0101702172636364
"brier",5,25,2,0.98,0.00699823414090909
"brier",5,25,2,0.99,0.00409198717727273
"brier",5,25,2,0.995,0.00271889249090909
"brier",5,25,3,0.9,0.0241376271818182
"brier",5,25,3,0.91,0.0217771288545455
"brier",5,25,3,0.92,0.0210433819590909
"brier",5,25,3,0.93,0.0179182452318182
"brier",5,25,3,0.94,0.0148924791863636
"brier",5,25,3,0.95,0.0105849620909091
"brier",5,25,3,0.96,0.00776314534545455
"brier",5,25,3,0.97,0.00610014776818182
"brier",5,25,3,0.98,0.00334135700909091
"brier",5,25,3,0.99,0.00273598228636364
"brier",5,25,3,0.995,0.00185151841363636
"brier",5,25,4,0.9,0.0108024010636364
"brier",5,25,4,0.91,0.00855005108181818
"brier",5,25,4,0.92,0.00735936855909091
"brier",5,25,4,0.93,0.00830941613181818
"brier",5,25,4,0.94,0.00967934125454546
"brier",5,25,4,0.95,0.00635290820454545
"brier",5,25,4,0.96,0.00722849207727273
"brier",5,25,4,0.97,0.00646671253636364
"brier",5,25,4,0.98,0.00596539264545455
"brier",5,25,4,0.99,0.00370313614090909
"brier",5,25,4,0.995,0.00346559711363636
"brier",5,25,5,0.9,0.0274370842409091
"brier",5,25,5,0.91,0.0257905782909091
"brier",5,25,5,0.92,0.0225370304318182
"brier",5,25,5,0.93,0.0216270328090909
"brier",5,25,5,0.94,0.0192896944727273
"brier",5,25,5,0.95,0.0145630559818182
"brier",5,25,5,0.96,0.0131254378181818
"brier",5,25,5,0.97,0.0108966479409091
"brier",5,25,5,0.98,0.00786639571818182
"brier",5,25,5,0.99,0.00552900465454545
"brier",5,25,5,0.995,0.00338228603636364
"brier",5,25,6,0.9,0.0190533574954545
"brier",5,25,6,0.91,0.0172579958363636
"brier",5,25,6,0.92,0.0161427774772727
"brier",5,25,6,0.93,0.0130535643272727
"brier",5,25,6,0.94,0.0118386230909091
"brier",5,25,6,0.95,0.0120689532363636
"brier",5,25,6,0.96,0.0127046367045455
"brier",5,25,6,0.97,0.0114805425272727
"brier",5,25,6,0.98,0.00824728197272727
"brier",5,25,6,0.99,0.00715785633181818
"brier",5,25,6,0.995,0.00477045463181818
"brier",5,25,7,0.9,0.0190060441863636
"brier",5,25,7,0.91,0.018739483
"brier",5,25,7,0.92,0.0177347380545455
"brier",5,25,7,0.93,0.0159954224045455
"brier",5,25,7,0.94,0.0149790937181818
"brier",5,25,7,0.95,0.0136742673590909
"brier",5,25,7,0.96,0.0113919557136364
"brier",5,25,7,0.97,0.00735167828636364
"brier",5,25,7,0.98,0.00360948014090909
"brier",5,25,7,0.99,0.00233700393636364
"brier",5,25,7,0.995,0.00339326863636364
"brier",5,25,8,0.9,0.0187262470727273
"brier",5,25,8,0.91,0.0171720667545455
"brier",5,25,8,0.92,0.0188602581045455
"brier",5,25,8,0.93,0.0182633994409091
"brier",5,25,8,0.94,0.0189086733181818
"brier",5,25,8,0.95,0.01574282545
"brier",5,25,8,0.96,0.01291777105
"brier",5,25,8,0.97,0.00979484206363636
"brier",5,25,8,0.98,0.00730916215
"brier",5,25,8,0.99,0.00318271460909091
"brier",5,25,8,0.995,0.00378680502272727
"brier",5,25,9,0.9,0.0284693163909091
"brier",5,25,9,0.91,0.0274755749045455
"brier",5,25,9,0.92,0.0239472383318182
"brier",5,25,9,0.93,0.0213136220954545
"brier",5,25,9,0.94,0.0200564956181818
"brier",5,25,9,0.95,0.0181898916181818
"brier",5,25,9,0.96,0.0160531259409091
"brier",5,25,9,0.97,0.0114544306227273
"brier",5,25,9,0.98,0.00895012473636364
"brier",5,25,9,0.99,0.00691007820909091
"brier",5,25,9,0.995,0.00341553487272727
"brier",5,25,10,0.9,0.0277586518136364
"brier",5,25,10,0.91,0.02543581235
"brier",5,25,10,0.92,0.0224101301590909
"brier",5,25,10,0.93,0.0198357200181818
"brier",5,25,10,0.94,0.0165694309909091
"brier",5,25,10,0.95,0.0142925853545455
"brier",5,25,10,0.96,0.0110720102727273
"brier",5,25,10,0.97,0.00682194231363636
"brier",5,25,10,0.98,0.00126690175909091
"brier",5,25,10,0.99,0.00418671359545455
"brier",5,25,10,0.995,0.00299091230454545
"quant",1,0,1,0.9,3.59323866540867
"quant",1,0,1,0.91,3.43219893348628
"quant",1,0,1,0.92,3.25636206080491
"quant",1,0,1,0.93,3.06032866832826
"quant",1,0,1,0.94,2.83901816910374
"quant",1,0,1,0.95,2.59180010153471
"quant",1,0,1,0.96,2.3132797189923
"quant",1,0,1,0.97,1.99797154453307
"quant",1,0,1,0.98,1.64032895449032
"quant",1,0,1,0.99,1.01720208844677
"quant",1,0,1,0.995,0.636880522307332
"quant",1,0,2,0.9,1.95351657639618
"quant",1,0,2,0.91,1.81733114786941
"quant",1,0,2,0.92,1.67550607814764
"quant",1,0,2,0.93,1.52788451009224
"quant",1,0,2,0.94,1.37164320180649
"quant",1,0,2,0.95,1.20532056291182
"quant",1,0,2,0.96,1.02647141473846
"quant",1,0,2,0.97,0.827214149333499
"quant",1,0,2,0.98,0.604555709427583
"quant",1,0,2,0.99,0.342773963356099
"quant",1,0,2,0.995,0.192341919216554
"quant",1,0,3,0.9,2.26030971696635
"quant",1,0,3,0.91,2.14141560620852
"quant",1,0,3,0.92,2.01555626126858
"quant",1,0,3,0.93,1.88248922207385
"quant",1,0,3,0.94,1.73808706776475
"quant",1,0,3,0.95,1.57868678632429
"quant",1,0,3,0.96,1.40439844898204
"quant",1,0,3,0.97,1.20477537906726
"quant",1,0,3,0.98,0.963907799424418
"quant",1,0,3,0.99,0.540588737747872
"quant",1,0,3,0.995,0.29027467526199
"quant",1,0,4,0.9,5.30079071339866
"quant",1,0,4,0.91,5.08579438829577
"quant",1,0,4,0.92,4.84195016620486
"quant",1,0,4,0.93,4.55676382995035
"quant",1,0,4,0.94,4.22396707297545
"quant",1,0,4,0.95,3.78322148861222
"quant",1,0,4,0.96,3.25951975668053
"quant",1,0,4,0.97,2.65119985445609
"quant",1,0,4,0.98,1.98045278738477
"quant",1,0,4,0.99,1.14198491748325
"quant",1,0,4,0.995,0.637109163988073
"quant",1,0,5,0.9,2.01239551480694
"quant",1,0,5,0.91,1.87213521379207
"quant",1,0,5,0.92,1.72729448766324
"quant",1,0,5,0.93,1.57451944238359
"quant",1,0,5,0.94,1.41146663626817
"quant",1,0,5,0.95,1.23713190898172
"quant",1,0,5,0.96,1.04769972438921
"quant",1,0,5,0.97,0.841340647471564
"quant",1,0,5,0.98,0.614872164057685
"quant",1,0,5,0.99,0.35635146161804
"quant",1,0,5,0.995,0.206862096098671
"quant",1,0,6,0.9,4.03902346929118
"quant",1,0,6,0.91,3.86797820917378
"quant",1,0,6,0.92,3.66821743429925
"quant",1,0,6,0.93,3.43783530966416
"quant",1,0,6,0.94,3.19744867491524
"quant",1,0,6,0.95,2.87709654541216
"quant",1,0,6,0.96,2.46146588091734
"quant",1,0,6,0.97,1.98921733084266
"quant",1,0,6,0.98,1.45567626873276
"quant",1,0,6,0.99,0.81981744090751
"quant",1,0,6,0.995,0.466882767180984
"quant",1,0,7,0.9,4.35363791793901
"quant",1,0,7,0.91,4.13363013797119
"quant",1,0,7,0.92,3.88268453486306
"quant",1,0,7,0.93,3.60527226595873
"quant",1,0,7,0.94,3.30833171004715
"quant",1,0,7,0.95,2.97859907188754
"quant",1,0,7,0.96,2.61243562963708
"quant",1,0,7,0.97,2.20553419074787
"quant",1,0,7,0.98,1.74738695165665
"quant",1,0,7,0.99,1.02322928501569
"quant",1,0,7,0.995,0.586114829775374
"quant",1,0,8,0.9,1.85706833096164
"quant",1,0,8,0.91,1.75425425449811
"quant",1,0,8,0.92,1.64500855726354
"quant",1,0,8,0.93,1.5275040649802
"quant",1,0,8,0.94,1.40061871389052
"quant",1,0,8,0.95,1.26132307209864
"quant",1,0,8,0.96,1.09607509346475
"quant",1,0,8,0.97,0.8985192838432
"quant",1,0,8,0.98,0.670178951345617
"quant",1,0,8,0.99,0.383039675044624
"quant",1,0,8,0.995,0.211176231793387
"quant",1,0,9,0.9,2.35188018209318
"quant",1,0,9,0.91,2.21523276035183
"quant",1,0,9,0.92,2.06386619323675
"quant",1,0,9,0.93,1.89429228455725
"quant",1,0,9,0.94,1.70347602959235
"quant",1,0,9,0.95,1.49246086489863
"quant",1,0,9,0.96,1.26270713780421
"quant",1,0,9,0.97,1.00958343231818
"quant",1,0,9,0.98,0.723651774876833
"quant",1,0,9,0.99,0.399852364739153
"quant",1,0,9,0.995,0.217370411656281
"quant",1,0,10,0.9,3.63082515641523
"quant",1,0,10,0.91,3.44712228393455
"quant",1,0,10,0.92,3.25233699926416
"quant",1,0,10,0.93,3.04389125331037
"quant",1,0,10,0.94,2.82227021298038
"quant",1,0,10,0.95,2.57899249301958
"quant",1,0,10,0.96,2.31513849084449
"quant",1,0,10,0.97,2.01733710014631
"quant",1,0,10,0.98,1.67076370324154
"quant",1,0,10,0.99,0.928662730472712
"quant",1,0,10,0.995,0.5091415530132
"quant",2,0,1,0.9,3.58782760739325
"quant",2,0,1,0.91,3.42342224198124
"quant",2,0,1,0.92,3.24981350633302
"quant",2,0,1,0.93,3.05717913818162
"quant",2,0,1,0.94,2.83917898771482
"quant",2,0,1,0.95,2.59401662371939
"quant",2,0,1,0.96,2.31510713517658
"quant",2,0,1,0.97,1.99794365200247
"quant",2,0,1,0.98,1.62999628970276
"quant",2,0,1,0.99,1.01213340553963
"quant",2,0,1,0.995,0.562911817908695
"quant",2,0,2,0.9,1.95122619189818
"quant",2,0,2,0.91,1.81536250927432
"quant",2,0,2,0.92,1.67429422674318
"quant",2,0,2,0.93,1.5270353361036
"quant",2,0,2,0.94,1.37146777639189
"quant",2,0,2,0.95,1.20567607568374
"quant",2,0,2,0.96,1.02685317081168
"quant",2,0,2,0.97,0.827682763136683
"quant",2,0,2,0.98,0.604376629832658
"quant",2,0,2,0.99,0.341767520012266
"quant",2,0,2,0.995,0.189214352867832
"quant",2,0,3,0.9,2.25824938574645
"quant",2,0,3,0.91,2.1394953001072
"quant",2,0,3,0.92,2.01460001995484
"quant",2,0,3,0.93,1.88110328247434
"quant",2,0,3,0.94,1.73772911990125
"quant",2,0,3,0.95,1.57870111525198
"quant",2,0,3,0.96,1.40371022645953
"quant",2,0,3,0.97,1.20516855957383
"quant",2,0,3,0.98,0.964194935500391
"quant",2,0,3,0.99,0.541753433078089
"quant",2,0,3,0.995,0.289866879899029
"quant",2,0,4,0.9,5.30096767701182
"quant",2,0,4,0.91,5.0866505967851
"quant",2,0,4,0.92,4.83814924330535
"quant",2,0,4,0.93,4.55277300598574
"quant",2,0,4,0.94,4.22147476690862
"quant",2,0,4,0.95,3.78307518952347
"quant",2,0,4,0.96,3.25790611690595
"quant",2,0,4,0.97,2.64697125276696
"quant",2,0,4,0.98,1.97486681249648
"quant",2,0,4,0.99,1.14056845329728
"quant",2,0,4,0.995,0.627209549559995
"quant",2,0,5,0.9,2.01002966741429
"quant",2,0,5,0.91,1.87086343663878
"quant",2,0,5,0.92,1.72422140726242
"quant",2,0,5,0.93,1.5706021382995
"quant",2,0,5,0.94,1.40617306807532
"quant",2,0,5,0.95,1.23300572841336
"quant",2,0,5,0.96,1.04667508704969
"quant",2,0,5,0.97,0.837888290833886
"quant",2,0,5,0.98,0.614181786454885
"quant",2,0,5,0.99,0.355073587083985
"quant",2,0,5,0.995,0.198111153795193
"quant",2,0,6,0.9,4.03838083583716
"quant",2,0,6,0.91,3.86696096738786
"quant",2,0,6,0.92,3.66585291894918
"quant",2,0,6,0.93,3.43800306991544
"quant",2,0,6,0.94,3.18014279466321
"quant",2,0,6,0.95,2.8690767578717
"quant",2,0,6,0.96,2.46101016512147
"quant",2,0,6,0.97,1.98666406582582
"quant",2,0,6,0.98,1.45394647467043
"quant",2,0,6,0.99,0.81010926751225
"quant",2,0,6,0.995,0.429728074302128
"quant",2,0,7,0.9,4.3536431386359
"quant",2,0,7,0.91,4.13387997429209
"quant",2,0,7,0.92,3.88196558670698
"quant",2,0,7,0.93,3.60842071545149
"quant",2,0,7,0.94,3.30657578018366
"quant",2,0,7,0.95,2.97888253155963
"quant",2,0,7,0.96,2.61501291907989
"quant",2,0,7,0.97,2.20499269365806
"quant",2,0,7,0.98,1.74169475477842
"quant",2,0,7,0.99,1.01895404972523
"quant",2,0,7,0.995,0.56943472301322
"quant",2,0,8,0.9,1.85394995384357
"quant",2,0,8,0.91,1.75171305960601
"quant",2,0,8,0.92,1.64257116735192
"quant",2,0,8,0.93,1.5255174976907
"quant",2,0,8,0.94,1.39935671120176
"quant",2,0,8,0.95,1.25928423882983
"quant",2,0,8,0.96,1.09674680246415
"quant",2,0,8,0.97,0.90097118282125
"quant",2,0,8,0.98,0.669933079381784
"quant",2,0,8,0.99,0.380822680653869
"quant",2,0,8,0.995,0.20285851452487
"quant",2,0,9,0.9,2.34930295183586
"quant",2,0,9,0.91,2.21438195172936
"quant",2,0,9,0.92,2.06363508718984
"quant",2,0,9,0.93,1.89257410896525
"quant",2,0,9,0.94,1.69954933178613
"quant",2,0,9,0.95,1.4893706882108
"quant",2,0,9,0.96,1.25885989814102
"quant",2,0,9,0.97,1.00734680697276
"quant",2,0,9,0.98,0.726199680367371
"quant",2,0,9,0.99,0.397881219079418
"quant",2,0,9,0.995,0.217668303064731
"quant",2,0,10,0.9,3.62999522119115
"quant",2,0,10,0.91,3.44666828675669
"quant",2,0,10,0.92,3.25101634793083
"quant",2,0,10,0.93,3.04560429272487
"quant",2,0,10,0.94,2.82400427106579
"quant",2,0,10,0.95,2.58026894677673
"quant",2,0,10,0.96,2.31676017817686
"quant",2,0,10,0.97,2.01899622204027
"quant",2,0,10,0.98,1.67076370324154
"quant",2,0,10,0.99,0.928673432440952
"quant",2,0,10,0.995,0.497887715459396
"quant",3,0,1,0.9,3.58791333063151
"quant",3,0,1,0.91,3.4240402874412
"quant",3,0,1,0.92,3.24794476185329
"quant",3,0,1,0.93,3.05354898663324
"quant",3,0,1,0.94,2.8356955349124
"quant",3,0,1,0.95,2.59117934815054
"quant",3,0,1,0.96,2.31158874569813
"quant",3,0,1,0.97,1.99659959486611
"quant",3,0,1,0.98,1.62885710805034
"quant",3,0,1,0.99,1.00966809590389
"quant",3,0,1,0.995,0.565019328086398
"quant",3,0,2,0.9,1.96048602699296
"quant",3,0,2,0.91,1.82438491847459
"quant",3,0,2,0.92,1.68129392595463
"quant",3,0,2,0.93,1.53058222125407
"quant",3,0,2,0.94,1.37296717919894
"quant",3,0,2,0.95,1.20688639631102
"quant",3,0,2,0.96,1.025543798102
"quant",3,0,2,0.97,0.828515144147086
"quant",3,0,2,0.98,0.603322679595998
"quant",3,0,2,0.99,0.341513593656292
"quant",3,0,2,0.995,0.189678824831504
"quant",3,0,3,0.9,2.26035951676257
"quant",3,0,3,0.91,2.14041278379887
"quant",3,0,3,0.92,2.01545328384069
"quant",3,0,3,0.93,1.8824365784788
"quant",3,0,3,0.94,1.73865375876171
"quant",3,0,3,0.95,1.5807551468771
"quant",3,0,3,0.96,1.40533515227178
"quant",3,0,3,0.97,1.20645765486033
"quant",3,0,3,0.98,0.964082093915184
"quant",3,0,3,0.99,0.541401705842215
"quant",3,0,3,0.995,0.289203595708779
"quant",3,0,4,0.9,5.30022216160884
"quant",3,0,4,0.91,5.08650389809563
"quant",3,0,4,0.92,4.838659021347
"quant",3,0,4,0.93,4.55325828260293
"quant",3,0,4,0.94,4.22190913260299
"quant",3,0,4,0.95,3.78295755817849
"quant",3,0,4,0.96,3.25823387041719
"quant",3,0,4,0.97,2.6468817495608
"quant",3,0,4,0.98,1.97418397291835
"quant",3,0,4,0.99,1.14013839741609
"quant",3,0,4,0.995,0.625199987871808
"quant",3,0,5,0.9,2.00149881019061
"quant",3,0,5,0.91,1.86422918986439
"quant",3,0,5,0.92,1.71902770859733
"quant",3,0,5,0.93,1.56707094546696
"quant",3,0,5,0.94,1.40430299166895
"quant",3,0,5,0.95,1.23175351858095
"quant",3,0,5,0.96,1.04642291564619
"quant",3,0,5,0.97,0.83879938911813
"quant",3,0,5,0.98,0.613644312777356
"quant",3,0,5,0.99,0.354425973897872
"quant",3,0,5,0.995,0.198112739223383
"quant",3,0,6,0.9,4.03649972991934
"quant",3,0,6,0.91,3.8656941304012
"quant",3,0,6,0.92,3.66567922681289
"quant",3,0,6,0.93,3.43659699474747
"quant",3,0,6,0.94,3.17895403007992
"quant",3,0,6,0.95,2.86881673581281
"quant",3,0,6,0.96,2.45982870483126
"quant",3,0,6,0.97,1.9867829557774
"quant",3,0,6,0.98,1.45401904139562
"quant",3,0,6,0.99,0.812749113099496
"quant",3,0,6,0.995,0.430938338832919
"quant",3,0,7,0.9,4.35475150982397
"quant",3,0,7,0.91,4.13507418485773
"quant",3,0,7,0.92,3.88360028580281
"quant",3,0,7,0.93,3.60719724379117
"quant",3,0,7,0.94,3.30704004108272
"quant",3,0,7,0.95,2.98008451516149
"quant",3,0,7,0.96,2.61727020483249
"quant",3,0,7,0.97,2.20783983515215
"quant",3,0,7,0.98,1.74343168810421
"quant",3,0,7,0.99,1.0207923008351
"quant",3,0,7,0.995,0.570362618803502
"quant",3,0,8,0.9,1.87798875483787
"quant",3,0,8,0.91,1.77348620323271
"quant",3,0,8,0.92,1.65954614304049
"quant",3,0,8,0.93,1.53738211117513
"quant",3,0,8,0.94,1.40550152821687
"quant",3,0,8,0.95,1.26153073897068
"quant",3,0,8,0.96,1.09580639551791
"quant",3,0,8,0.97,0.899947288471163
"quant",3,0,8,0.98,0.669733218795679
"quant",3,0,8,0.99,0.380580974075943
"quant",3,0,8,0.995,0.202450675214153
"quant",3,0,9,0.9,2.36241105047601
"quant",3,0,9,0.91,2.22127164614072
"quant",3,0,9,0.92,2.06705279528987
"quant",3,0,9,0.93,1.89293479790504
"quant",3,0,9,0.94,1.69909074020864
"quant",3,0,9,0.95,1.48853465892577
"quant",3,0,9,0.96,1.25824742669884
"quant",3,0,9,0.97,1.00620409547409
"quant",3,0,9,0.98,0.724736633273386
"quant",3,0,9,0.99,0.398044714824318
"quant",3,0,9,0.995,0.216453943754254
"quant",3,0,10,0.9,3.632821194266
"quant",3,0,10,0.91,3.44910101250862
"quant",3,0,10,0.92,3.25385417132795
"quant",3,0,10,0.93,3.04881708760375
"quant",3,0,10,0.94,2.82533793222594
"quant",3,0,10,0.95,2.57995951954251
"quant",3,0,10,0.96,2.31618417563136
"quant",3,0,10,0.97,2.01812583179144
"quant",3,0,10,0.98,1.67076370324154
"quant",3,0,10,0.99,0.928869198127103
"quant",3,0,10,0.995,0.496702779151995
"quant",4,0,1,0.9,3.5857191082861
"quant",4,0,1,0.91,3.4224700812119
"quant",4,0,1,0.92,3.24871606856614
"quant",4,0,1,0.93,3.05523796432227
"quant",4,0,1,0.94,2.83577555602262
"quant",4,0,1,0.95,2.59083069638871
"quant",4,0,1,0.96,2.31321437675259
"quant",4,0,1,0.97,1.99893820511821
"quant",4,0,1,0.98,1.63216956107653
"quant",4,0,1,0.99,1.00854660563987
"quant",4,0,1,0.995,0.559541804382917
"quant",4,0,2,0.9,1.95209414875986
"quant",4,0,2,0.91,1.81617733304276
"quant",4,0,2,0.92,1.6744266685392
"quant",4,0,2,0.93,1.52615595250181
"quant",4,0,2,0.94,1.37038205212277
"quant",4,0,2,0.95,1.20543175436867
"quant",4,0,2,0.96,1.02685350450783
"quant",4,0,2,0.97,0.828184056752378
"quant",4,0,2,0.98,0.604155987377373
"quant",4,0,2,0.99,0.339059988481661
"quant",4,0,2,0.995,0.187374165922865
"quant",4,0,3,0.9,2.25866476506668
"quant",4,0,3,0.91,2.13926967014363
"quant",4,0,3,0.92,2.01368650469042
"quant",4,0,3,0.93,1.88058272134181
"quant",4,0,3,0.94,1.73768220875728
"quant",4,0,3,0.95,1.57915618488507
"quant",4,0,3,0.96,1.40359993581788
"quant",4,0,3,0.97,1.20530070671916
"quant",4,0,3,0.98,0.963839843877858
"quant",4,0,3,0.99,0.541013942375981
"quant",4,0,3,0.995,0.290334642469528
"quant",4,0,4,0.9,5.29942629334026
"quant",4,0,4,0.91,5.08518307814738
"quant",4,0,4,0.92,4.83684038301829
"quant",4,0,4,0.93,4.55379990644368
"quant",4,0,4,0.94,4.2231927155797
"quant",4,0,4,0.95,3.78723084190641
"quant",4,0,4,0.96,3.25749807182505
"quant",4,0,4,0.97,2.64672940326733
"quant",4,0,4,0.98,1.97939108380007
"quant",4,0,4,0.99,1.13824092502107
"quant",4,0,4,0.995,0.625118621799229
"quant",4,0,5,0.9,2.00909338274122
"quant",4,0,5,0.91,1.86986422299327
"quant",4,0,5,0.92,1.72353127313389
"quant",4,0,5,0.93,1.56972838061158
"quant",4,0,5,0.94,1.40591692001092
"quant",4,0,5,0.95,1.2328391850866
"quant",4,0,5,0.96,1.04745317397294
"quant",4,0,5,0.97,0.838961315884167
"quant",4,0,5,0.98,0.615741967415117
"quant",4,0,5,0.99,0.35661545467226
"quant",4,0,5,0.995,0.200710094748614
"quant",4,0,6,0.9,4.03624236535369
"quant",4,0,6,0.91,3.86481100429918
"quant",4,0,6,0.92,3.66428943040023
"quant",4,0,6,0.93,3.43788258783578
"quant",4,0,6,0.94,3.18036870446483
"quant",4,0,6,0.95,2.86956274031122
"quant",4,0,6,0.96,2.45984737730719
"quant",4,0,6,0.97,1.99256074646026
"quant",4,0,6,0.98,1.46356103255658
"quant",4,0,6,0.99,0.821678794841478
"quant",4,0,6,0.995,0.438777192511455
"quant",4,0,7,0.9,4.35365918687424
"quant",4,0,7,0.91,4.1346554394181
"quant",4,0,7,0.92,3.88338961380297
"quant",4,0,7,0.93,3.60749540218678
"quant",4,0,7,0.94,3.30851471416083
"quant",4,0,7,0.95,2.9793538115855
"quant",4,0,7,0.96,2.61461464662569
"quant",4,0,7,0.97,2.20468653886004
"quant",4,0,7,0.98,1.74000582048431
"quant",4,0,7,0.99,1.02820901501666
"quant",4,0,7,0.995,0.569487656973923
"quant",4,0,8,0.9,1.85423400556109
"quant",4,0,8,0.91,1.75215239185013
"quant",4,0,8,0.92,1.64363861197021
"quant",4,0,8,0.93,1.52795089161424
"quant",4,0,8,0.94,1.40234411731154
"quant",4,0,8,0.95,1.26024539034465
"quant",4,0,8,0.96,1.09674727498572
"quant",4,0,8,0.97,0.900906416103692
"quant",4,0,8,0.98,0.670440891813751
"quant",4,0,8,0.99,0.382533185283052
"quant",4,0,8,0.995,0.2033450037098
"quant",4,0,9,0.9,2.34719034680484
"quant",4,0,9,0.91,2.21400140911005
"quant",4,0,9,0.92,2.06409675770083
"quant",4,0,9,0.93,1.89331583954478
"quant",4,0,9,0.94,1.70058296455312
"quant",4,0,9,0.95,1.48989652496266
"quant",4,0,9,0.96,1.25883041302022
"quant",4,0,9,0.97,1.00855040959894
"quant",4,0,9,0.98,0.726369139651471
"quant",4,0,9,0.99,0.398113169933168
"quant",4,0,9,0.995,0.217592027977845
"quant",4,0,10,0.9,3.63169370843209
"quant",4,0,10,0.91,3.44698115067961
"quant",4,0,10,0.92,3.24996714392823
"quant",4,0,10,0.93,3.04345206695833
"quant",4,0,10,0.94,2.82102240011177
"quant",4,0,10,0.95,2.57759408420821
"quant",4,0,10,0.96,2.31424500043755
"quant",4,0,10,0.97,2.01783879470706
"quant",4,0,10,0.98,1.67076370324154
"quant",4,0,10,0.99,0.931079065475607
"quant",4,0,10,0.995,0.500408102596476
"quant",5,0,1,0.9,3.58899502293545
"quant",5,0,1,0.91,3.42516699468946
"quant",5,0,1,0.92,3.24870381388743
"quant",5,0,1,0.93,3.05441658513405
"quant",5,0,1,0.94,2.83471453790425
"quant",5,0,1,0.95,2.58958859365713
"quant",5,0,1,0.96,2.31166166107789
"quant",5,0,1,0.97,1.99795069312882
"quant",5,0,1,0.98,1.6301528567296
"quant",5,0,1,0.99,1.01616798335622
"quant",5,0,1,0.995,0.570610018679588
"quant",5,0,2,0.9,1.96182173613469
"quant",5,0,2,0.91,1.8255789493516
"quant",5,0,2,0.92,1.68242825950359
"quant",5,0,2,0.93,1.53140509083601
"quant",5,0,2,0.94,1.37345208102684
"quant",5,0,2,0.95,1.20747908395662
"quant",5,0,2,0.96,1.02768184767869
"quant",5,0,2,0.97,0.829652024100206
"quant",5,0,2,0.98,0.601775329920611
"quant",5,0,2,0.99,0.340051025387279
"quant",5,0,2,0.995,0.189977867495522
"quant",5,0,3,0.9,2.29781483249482
"quant",5,0,3,0.91,2.16832852208039
"quant",5,0,3,0.92,2.03554953773148
"quant",5,0,3,0.93,1.89616397538376
"quant",5,0,3,0.94,1.7491343077704
"quant",5,0,3,0.95,1.59068859939476
"quant",5,0,3,0.96,1.41255304153431
"quant",5,0,3,0.97,1.21132290194475
"quant",5,0,3,0.98,0.985868442498416
"quant",5,0,3,0.99,0.540648720580039
"quant",5,0,3,0.995,0.294174061065883
"quant",5,0,4,0.9,5.34361060196261
"quant",5,0,4,0.91,5.12112677642791
"quant",5,0,4,0.92,4.87230118906861
"quant",5,0,4,0.93,4.58455279614179
"quant",5,0,4,0.94,4.22883284929333
"quant",5,0,4,0.95,3.79486664542262
"quant",5,0,4,0.96,3.2720292566681
"quant",5,0,4,0.97,2.64961783963667
"quant",5,0,4,0.98,1.97695989429592
"quant",5,0,4,0.99,1.15019427308303
"quant",5,0,4,0.995,0.635913416310909
"quant",5,0,5,0.9,2.00313539730022
"quant",5,0,5,0.91,1.86512390731946
"quant",5,0,5,0.92,1.72037227026692
"quant",5,0,5,0.93,1.5669646101893
"quant",5,0,5,0.94,1.40498291831779
"quant",5,0,5,0.95,1.23446548714555
"quant",5,0,5,0.96,1.04994614701339
"quant",5,0,5,0.97,0.843015718181684
"quant",5,0,5,0.98,0.61988403457446
"quant",5,0,5,0.99,0.357459512299584
"quant",5,0,5,0.995,0.201411883031328
"quant",5,0,6,0.9,4.08359990304047
"quant",5,0,6,0.91,3.89929552263916
"quant",5,0,6,0.92,3.69248048192328
"quant",5,0,6,0.93,3.46914273113686
"quant",5,0,6,0.94,3.22905660736869
"quant",5,0,6,0.95,2.89627275449323
"quant",5,0,6,0.96,2.47746059390268
"quant",5,0,6,0.97,1.99808637214226
"quant",5,0,6,0.98,1.45918829539585
"quant",5,0,6,0.99,0.828493343545152
"quant",5,0,6,0.995,0.666940919762008
"quant",5,0,7,0.9,4.35964501124296
"quant",5,0,7,0.91,4.14356623747141
"quant",5,0,7,0.92,3.89278675880586
"quant",5,0,7,0.93,3.61453150462239
"quant",5,0,7,0.94,3.30998511348114
"quant",5,0,7,0.95,2.97971893803958
"quant",5,0,7,0.96,2.61619353463838
"quant",5,0,7,0.97,2.20880730164531
"quant",5,0,7,0.98,1.74193852972559
"quant",5,0,7,0.99,1.02182136931931
"quant",5,0,7,0.995,0.571382437077796
"quant",5,0,8,0.9,1.88425544852258
"quant",5,0,8,0.91,1.77939975116906
"quant",5,0,8,0.92,1.66452368264015
"quant",5,0,8,0.93,1.54222711564538
"quant",5,0,8,0.94,1.40875268309953
"quant",5,0,8,0.95,1.26399622341011
"quant",5,0,8,0.96,1.09644044241112
"quant",5,0,8,0.97,0.900227391381175
"quant",5,0,8,0.98,0.670255114022994
"quant",5,0,8,0.99,0.380960498202849
"quant",5,0,8,0.995,0.203378925129327
"quant",5,0,9,0.9,2.38893317166629
"quant",5,0,9,0.91,2.23798648320595
"quant",5,0,9,0.92,2.07802360168697
"quant",5,0,9,0.93,1.90198430032952
"quant",5,0,9,0.94,1.70702492361547
"quant",5,0,9,0.95,1.49576833303146
"quant",5,0,9,0.96,1.26347668061729
"quant",5,0,9,0.97,1.01606673047436
"quant",5,0,9,0.98,0.731406972342063
"quant",5,0,9,0.99,0.4010923638947
"quant",5,0,9,0.995,0.221594984547151
"quant",5,0,10,0.9,3.65196946166165
"quant",5,0,10,0.91,3.46988284229338
"quant",5,0,10,0.92,3.27842726080313
"quant",5,0,10,0.93,3.07001400579475
"quant",5,0,10,0.94,2.84565861835772
"quant",5,0,10,0.95,2.60170426285963
"quant",5,0,10,0.96,2.33219514215694
"quant",5,0,10,0.97,2.04017411175387
"quant",5,0,10,0.98,1.68920970994729
"quant",5,0,10,0.99,0.927903583362283
"quant",5,0,10,0.995,0.494777823649922
"quant",1,3,1,0.9,3.59307191587011
"quant",1,3,1,0.91,3.43202807352769
"quant",1,3,1,0.92,3.25632405584716
"quant",1,3,1,0.93,3.0603560860872
"quant",1,3,1,0.94,2.83924506603641
"quant",1,3,1,0.95,2.59177562458989
"quant",1,3,1,0.96,2.31323480223647
"quant",1,3,1,0.97,1.99786849406952
"quant",1,3,1,0.98,1.64030445583007
"quant",1,3,1,0.99,1.01716929329837
"quant",1,3,1,0.995,0.636701405041789
"quant",1,3,2,0.9,1.95353372439746
"quant",1,3,2,0.91,1.8174578232235
"quant",1,3,2,0.92,1.67566397364441
"quant",1,3,2,0.93,1.52804944778
"quant",1,3,2,0.94,1.37169405322974
"quant",1,3,2,0.95,1.20542211783236
"quant",1,3,2,0.96,1.02660002400082
"quant",1,3,2,0.97,0.827250946580066
"quant",1,3,2,0.98,0.604593950858136
"quant",1,3,2,0.99,0.342670150619609
"quant",1,3,2,0.995,0.192233434633438
"quant",1,3,3,0.9,2.26030660152647
"quant",1,3,3,0.91,2.14144498483257
"quant",1,3,3,0.92,2.01566359729644
"quant",1,3,3,0.93,1.88248669449355
"quant",1,3,3,0.94,1.73810665310729
"quant",1,3,3,0.95,1.57877184429412
"quant",1,3,3,0.96,1.40423736496633
"quant",1,3,3,0.97,1.20471409801421
"quant",1,3,3,0.98,0.963889039894459
"quant",1,3,3,0.99,0.540623587900704
"quant",1,3,3,0.995,0.290290438598603
"quant",1,3,4,0.9,5.30070390050179
"quant",1,3,4,0.91,5.08578610434981
"quant",1,3,4,0.92,4.84194597721837
"quant",1,3,4,0.93,4.55683567774666
"quant",1,3,4,0.94,4.2240027900226
"quant",1,3,4,0.95,3.78302964729469
"quant",1,3,4,0.96,3.25976212819062
"quant",1,3,4,0.97,2.65115750341365
"quant",1,3,4,0.98,1.98170020412861
"quant",1,3,4,0.99,1.14192716840065
"quant",1,3,4,0.995,0.637310013252644
"quant",1,3,5,0.9,2.012399195199
"quant",1,3,5,0.91,1.87222175398312
"quant",1,3,5,0.92,1.72729751140596
"quant",1,3,5,0.93,1.57448067659201
"quant",1,3,5,0.94,1.41147621052564
"quant",1,3,5,0.95,1.23718310815339
"quant",1,3,5,0.96,1.04756651176861
"quant",1,3,5,0.97,0.841239479648885
"quant",1,3,5,0.98,0.614772595782415
"quant",1,3,5,0.99,0.356391820759947
"quant",1,3,5,0.995,0.207072110321214
"quant",1,3,6,0.9,4.03892868805034
"quant",1,3,6,0.91,3.86789689320928
"quant",1,3,6,0.92,3.668152327318
"quant",1,3,6,0.93,3.43779846701699
"quant",1,3,6,0.94,3.1973713659579
"quant",1,3,6,0.95,2.87714875373744
"quant",1,3,6,0.96,2.46154587257761
"quant",1,3,6,0.97,1.98944647702678
"quant",1,3,6,0.98,1.45617878453826
"quant",1,3,6,0.99,0.819799860415261
"quant",1,3,6,0.995,0.466939895024646
"quant",1,3,7,0.9,4.3536034552437
"quant",1,3,7,0.91,4.13351308133379
"quant",1,3,7,0.92,3.88232765423121
"quant",1,3,7,0.93,3.60515320202028
"quant",1,3,7,0.94,3.30834545796578
"quant",1,3,7,0.95,2.97839373930899
"quant",1,3,7,0.96,2.61228401562153
"quant",1,3,7,0.97,2.20566809346075
"quant",1,3,7,0.98,1.74885511875905
"quant",1,3,7,0.99,1.02326062509878
"quant",1,3,7,0.995,0.586050091628712
"quant",1,3,8,0.9,1.85702543770455
"quant",1,3,8,0.91,1.75420528527513
"quant",1,3,8,0.92,1.64498337808898
"quant",1,3,8,0.93,1.52749198172538
"quant",1,3,8,0.94,1.40057350611457
"quant",1,3,8,0.95,1.26132002204564
"quant",1,3,8,0.96,1.09614996392694
"quant",1,3,8,0.97,0.898601910704178
"quant",1,3,8,0.98,0.670163580997896
"quant",1,3,8,0.99,0.383369067612965
"quant",1,3,8,0.995,0.211380541307641
"quant",1,3,9,0.9,2.35165735171553
"quant",1,3,9,0.91,2.21504645505485
"quant",1,3,9,0.92,2.06378025576267
"quant",1,3,9,0.93,1.89429133321094
"quant",1,3,9,0.94,1.70329473697162
"quant",1,3,9,0.95,1.49252537553721
"quant",1,3,9,0.96,1.26285563269359
"quant",1,3,9,0.97,1.00966584501825
"quant",1,3,9,0.98,0.723779827264528
"quant",1,3,9,0.99,0.399873600202978
"quant",1,3,9,0.995,0.217412612613106
"quant",1,3,10,0.9,3.63081158510191
"quant",1,3,10,0.91,3.44715273608923
"quant",1,3,10,0.92,3.25242741067941
"quant",1,3,10,0.93,3.04391003981689
"quant",1,3,10,0.94,2.82230427187701
"quant",1,3,10,0.95,2.57897365753388
"quant",1,3,10,0.96,2.31522891910417
"quant",1,3,10,0.97,2.01726553871164
"quant",1,3,10,0.98,1.67076370324154
"quant",1,3,10,0.99,0.928634558552563
"quant",1,3,10,0.995,0.508836854646782
"quant",2,3,1,0.9,3.58775706184442
"quant",2,3,1,0.91,3.42328631801921
"quant",2,3,1,0.92,3.24988327010203
"quant",2,3,1,0.93,3.05711808765164
"quant",2,3,1,0.94,2.83878051551473
"quant",2,3,1,0.95,2.59382661567302
"quant",2,3,1,0.96,2.31480794278102
"quant",2,3,1,0.97,1.99770037720673
"quant",2,3,1,0.98,1.62993622458617
"quant",2,3,1,0.99,1.01205529457401
"quant",2,3,1,0.995,0.561806151798739
"quant",2,3,2,0.9,1.95113618610497
"quant",2,3,2,0.91,1.81537417671635
"quant",2,3,2,0.92,1.67432541667864
"quant",2,3,2,0.93,1.52711969696256
"quant",2,3,2,0.94,1.37149638991949
"quant",2,3,2,0.95,1.20572991751183
"quant",2,3,2,0.96,1.02688896605979
"quant",2,3,2,0.97,0.827719953636276
"quant",2,3,2,0.98,0.604403917253777
"quant",2,3,2,0.99,0.341755599055078
"quant",2,3,2,0.995,0.189247726624497
"quant",2,3,3,0.9,2.25826773384089
"quant",2,3,3,0.91,2.13951454397515
"quant",2,3,3,0.92,2.01456684444968
"quant",2,3,3,0.93,1.88114956197694
"quant",2,3,3,0.94,1.73783638846613
"quant",2,3,3,0.95,1.57880908828766
"quant",2,3,3,0.96,1.40363268403519
"quant",2,3,3,0.97,1.20515768929074
"quant",2,3,3,0.98,0.964134699682322
"quant",2,3,3,0.99,0.541789080582025
"quant",2,3,3,0.995,0.289434326985701
"quant",2,3,4,0.9,5.30096728940502
"quant",2,3,4,0.91,5.08675812284625
"quant",2,3,4,0.92,4.83853012011668
"quant",2,3,4,0.93,4.55298170656964
"quant",2,3,4,0.94,4.22140459183144
"quant",2,3,4,0.95,3.78279570106497
"quant",2,3,4,0.96,3.25789419469946
"quant",2,3,4,0.97,2.64689656238894
"quant",2,3,4,0.98,1.97493225646457
"quant",2,3,4,0.99,1.14066532635521
"quant",2,3,4,0.995,0.627341170948833
"quant",2,3,5,0.9,2.0099890218482
"quant",2,3,5,0.91,1.87083289514278
"quant",2,3,5,0.92,1.72430260363287
"quant",2,3,5,0.93,1.57051764147127
"quant",2,3,5,0.94,1.40614258528754
"quant",2,3,5,0.95,1.23300796982194
"quant",2,3,5,0.96,1.0466716690408
"quant",2,3,5,0.97,0.837876643285007
"quant",2,3,5,0.98,0.614430394851851
"quant",2,3,5,0.99,0.35523170745965
"quant",2,3,5,0.995,0.198239264219775
"quant",2,3,6,0.9,4.03812463276066
"quant",2,3,6,0.91,3.86679924701382
"quant",2,3,6,0.92,3.66589834450074
"quant",2,3,6,0.93,3.437830717342
"quant",2,3,6,0.94,3.17996213141318
"quant",2,3,6,0.95,2.86883888484396
"quant",2,3,6,0.96,2.46088787710499
"quant",2,3,6,0.97,1.98634214730301
"quant",2,3,6,0.98,1.45465816719025
"quant",2,3,6,0.99,0.810225019706012
"quant",2,3,6,0.995,0.429624799496198
"quant",2,3,7,0.9,4.35301851100547
"quant",2,3,7,0.91,4.13349767818794
"quant",2,3,7,0.92,3.88171767117947
"quant",2,3,7,0.93,3.60824469441367
"quant",2,3,7,0.94,3.30654182230089
"quant",2,3,7,0.95,2.97899546677331
"quant",2,3,7,0.96,2.61502779800711
"quant",2,3,7,0.97,2.20476070455617
"quant",2,3,7,0.98,1.74178005542409
"quant",2,3,7,0.99,1.01840614833244
"quant",2,3,7,0.995,0.569135710499194
"quant",2,3,8,0.9,1.85395637381856
"quant",2,3,8,0.91,1.7517834821386
"quant",2,3,8,0.92,1.64258315345096
"quant",2,3,8,0.93,1.52566557228897
"quant",2,3,8,0.94,1.39946901772289
"quant",2,3,8,0.95,1.25928978916867
"quant",2,3,8,0.96,1.09677696138658
"quant",2,3,8,0.97,0.901177134936218
"quant",2,3,8,0.98,0.670076015431372
"quant",2,3,8,0.99,0.381206160989526
"quant",2,3,8,0.995,0.203032720299445
"quant",2,3,9,0.9,2.34932453264396
"quant",2,3,9,0.91,2.21460673151635
"quant",2,3,9,0.92,2.06400315837326
"quant",2,3,9,0.93,1.89278049892051
"quant",2,3,9,0.94,1.6996105318881
"quant",2,3,9,0.95,1.48927855965948
"quant",2,3,9,0.96,1.25872910037974
"quant",2,3,9,0.97,1.00748671235832
"quant",2,3,9,0.98,0.726226877877985
"quant",2,3,9,0.99,0.398136690686969
"quant",2,3,9,0.995,0.217739100606958
"quant",2,3,10,0.9,3.63008401157
"quant",2,3,10,0.91,3.44657598286665
"quant",2,3,10,0.92,3.25089979729428
"quant",2,3,10,0.93,3.04566586000167
"quant",2,3,10,0.94,2.82408925513857
"quant",2,3,10,0.95,2.58016105068907
"quant",2,3,10,0.96,2.31674840728708
"quant",2,3,10,0.97,2.01913331807531
"quant",2,3,10,0.98,1.67076370324154
"quant",2,3,10,0.99,0.928717232254585
"quant",2,3,10,0.995,0.49786832317888
"quant",3,3,1,0.9,3.58797514363722
"quant",3,3,1,0.91,3.42398017717779
"quant",3,3,1,0.92,3.24806241357274
"quant",3,3,1,0.93,3.05364335402843
"quant",3,3,1,0.94,2.83581223170504
"quant",3,3,1,0.95,2.59107786255195
"quant",3,3,1,0.96,2.3115511359288
"quant",3,3,1,0.97,1.99637153828183
"quant",3,3,1,0.98,1.62852390471887
"quant",3,3,1,0.99,1.0096451378659
"quant",3,3,1,0.995,0.565267632510736
"quant",3,3,2,0.9,1.96087673990147
"quant",3,3,2,0.91,1.82454055008018
"quant",3,3,2,0.92,1.68137074206962
"quant",3,3,2,0.93,1.53067523981442
"quant",3,3,2,0.94,1.37276117574033
"quant",3,3,2,0.95,1.20677400694293
"quant",3,3,2,0.96,1.0254754018967
"quant",3,3,2,0.97,0.828423821477525
"quant",3,3,2,0.98,0.603292859297298
"quant",3,3,2,0.99,0.341305311822346
"quant",3,3,2,0.995,0.189615766587455
"quant",3,3,3,0.9,2.26028155088071
"quant",3,3,3,0.91,2.14059302016497
"quant",3,3,3,0.92,2.01583358355302
"quant",3,3,3,0.93,1.88278404676614
"quant",3,3,3,0.94,1.73872713771622
"quant",3,3,3,0.95,1.58098735220454
"quant",3,3,3,0.96,1.40537403284717
"quant",3,3,3,0.97,1.20657808428454
"quant",3,3,3,0.98,0.964009202405799
"quant",3,3,3,0.99,0.541385624493401
"quant",3,3,3,0.995,0.289177367045698
"quant",3,3,4,0.9,5.30003504376929
"quant",3,3,4,0.91,5.08630361207752
"quant",3,3,4,0.92,4.83845903543368
"quant",3,3,4,0.93,4.55332318915419
"quant",3,3,4,0.94,4.22223537566438
"quant",3,3,4,0.95,3.78283765852359
"quant",3,3,4,0.96,3.25833050862302
"quant",3,3,4,0.97,2.64677267661719
"quant",3,3,4,0.98,1.97393651565202
"quant",3,3,4,0.99,1.1400439603144
"quant",3,3,4,0.995,0.624421987531112
"quant",3,3,5,0.9,2.00157541359639
"quant",3,3,5,0.91,1.86414284428443
"quant",3,3,5,0.92,1.71905138229634
"quant",3,3,5,0.93,1.56704204696251
"quant",3,3,5,0.94,1.40410249128258
"quant",3,3,5,0.95,1.23179357694478
"quant",3,3,5,0.96,1.04631344498348
"quant",3,3,5,0.97,0.838598086345398
"quant",3,3,5,0.98,0.613555515225258
"quant",3,3,5,0.99,0.354342691487685
"quant",3,3,5,0.995,0.1980096186411
"quant",3,3,6,0.9,4.03667895205408
"quant",3,3,6,0.91,3.86558326840888
"quant",3,3,6,0.92,3.66537077384786
"quant",3,3,6,0.93,3.43649258097777
"quant",3,3,6,0.94,3.17905711517191
"quant",3,3,6,0.95,2.86854780898153
"quant",3,3,6,0.96,2.45953879350133
"quant",3,3,6,0.97,1.98645026851511
"quant",3,3,6,0.98,1.45396308038005
"quant",3,3,6,0.99,0.812433906407431
"quant",3,3,6,0.995,0.431001971398671
"quant",3,3,7,0.9,4.35471227841772
"quant",3,3,7,0.91,4.13509314312492
"quant",3,3,7,0.92,3.88364599790061
"quant",3,3,7,0.93,3.60730710965183
"quant",3,3,7,0.94,3.30723905082392
"quant",3,3,7,0.95,2.97959767497122
"quant",3,3,7,0.96,2.61703317860346
"quant",3,3,7,0.97,2.2074901938779
"quant",3,3,7,0.98,1.74360326490409
"quant",3,3,7,0.99,1.02072256006661
"quant",3,3,7,0.995,0.569960718632357
"quant",3,3,8,0.9,1.87993546634174
"quant",3,3,8,0.91,1.77512891082843
"quant",3,3,8,0.92,1.66069465847555
"quant",3,3,8,0.93,1.53813347048907
"quant",3,3,8,0.94,1.40580408674643
"quant",3,3,8,0.95,1.26159789556877
"quant",3,3,8,0.96,1.09569224741904
"quant",3,3,8,0.97,0.899787107431742
"quant",3,3,8,0.98,0.669665899673932
"quant",3,3,8,0.99,0.380107972337826
"quant",3,3,8,0.995,0.202416594175578
"quant",3,3,9,0.9,2.36329683405768
"quant",3,3,9,0.91,2.22144214482854
"quant",3,3,9,0.92,2.06729553139156
"quant",3,3,9,0.93,1.89321196076119
"quant",3,3,9,0.94,1.69924353961152
"quant",3,3,9,0.95,1.48860763821662
"quant",3,3,9,0.96,1.25846795100871
"quant",3,3,9,0.97,1.00636899130008
"quant",3,3,9,0.98,0.724888123127591
"quant",3,3,9,0.99,0.398152029761387
"quant",3,3,9,0.995,0.216536230300741
"quant",3,3,10,0.9,3.63245065678117
"quant",3,3,10,0.91,3.44872821069047
"quant",3,3,10,0.92,3.25346135079968
"quant",3,3,10,0.93,3.04855008304464
"quant",3,3,10,0.94,2.82509822804237
"quant",3,3,10,0.95,2.57997435410349
"quant",3,3,10,0.96,2.31596353849703
"quant",3,3,10,0.97,2.01796047512767
"quant",3,3,10,0.98,1.67076370324154
"quant",3,3,10,0.99,0.928744287540466
"quant",3,3,10,0.995,0.496909754566643
"quant",4,3,1,0.9,3.58647083116743
"quant",4,3,1,0.91,3.42358464496059
"quant",4,3,1,0.92,3.25028602087563
"quant",4,3,1,0.93,3.05649842320635
"quant",4,3,1,0.94,2.83735108331788
"quant",4,3,1,0.95,2.59283852069523
"quant",4,3,1,0.96,2.31480854885145
"quant",4,3,1,0.97,1.99910780552674
"quant",4,3,1,0.98,1.63084920771927
"quant",4,3,1,0.99,1.01073368839697
"quant",4,3,1,0.995,0.566913981814372
"quant",4,3,2,0.9,1.95183421741257
"quant",4,3,2,0.91,1.81593821347862
"quant",4,3,2,0.92,1.6744514012398
"quant",4,3,2,0.93,1.52670608759314
"quant",4,3,2,0.94,1.37086292366227
"quant",4,3,2,0.95,1.20515067426699
"quant",4,3,2,0.96,1.02623020508337
"quant",4,3,2,0.97,0.82696363855434
"quant",4,3,2,0.98,0.602932365443154
"quant",4,3,2,0.99,0.340437149737843
"quant",4,3,2,0.995,0.189185420960243
"quant",4,3,3,0.9,2.25842642704265
"quant",4,3,3,0.91,2.13962759095863
"quant",4,3,3,0.92,2.01423870414323
"quant",4,3,3,0.93,1.88097362837954
"quant",4,3,3,0.94,1.73726781224824
"quant",4,3,3,0.95,1.57878034441021
"quant",4,3,3,0.96,1.40413645862954
"quant",4,3,3,0.97,1.20569004002325
"quant",4,3,3,0.98,0.963839506366939
"quant",4,3,3,0.99,0.543937220152378
"quant",4,3,3,0.995,0.290107703213942
"quant",4,3,4,0.9,5.29822727888554
"quant",4,3,4,0.91,5.08452899808798
"quant",4,3,4,0.92,4.83707151289639
"quant",4,3,4,0.93,4.55628922046626
"quant",4,3,4,0.94,4.22504237286406
"quant",4,3,4,0.95,3.78714315555463
"quant",4,3,4,0.96,3.26090705820552
"quant",4,3,4,0.97,2.65219312151825
"quant",4,3,4,0.98,1.96972838737699
"quant",4,3,4,0.99,1.13852236572015
"quant",4,3,4,0.995,0.6288653935178
"quant",4,3,5,0.9,2.00864092799292
"quant",4,3,5,0.91,1.86994239417579
"quant",4,3,5,0.92,1.7235786754472
"quant",4,3,5,0.93,1.5696333057275
"quant",4,3,5,0.94,1.40563417344289
"quant",4,3,5,0.95,1.23220369486589
"quant",4,3,5,0.96,1.04633465399923
"quant",4,3,5,0.97,0.837303023906664
"quant",4,3,5,0.98,0.614274932118952
"quant",4,3,5,0.99,0.356751101782339
"quant",4,3,5,0.995,0.200753179779979
"quant",4,3,6,0.9,4.03696469539952
"quant",4,3,6,0.91,3.86598330403519
"quant",4,3,6,0.92,3.66555082497358
"quant",4,3,6,0.93,3.43764711841298
"quant",4,3,6,0.94,3.18022695525811
"quant",4,3,6,0.95,2.86840346773097
"quant",4,3,6,0.96,2.45944462507608
"quant",4,3,6,0.97,1.98627293556514
"quant",4,3,6,0.98,1.45327009323484
"quant",4,3,6,0.99,0.812829973605124
"quant",4,3,6,0.995,0.435602617129429
"quant",4,3,7,0.9,4.35360080741503
"quant",4,3,7,0.91,4.13408258572958
"quant",4,3,7,0.92,3.88035670988795
"quant",4,3,7,0.93,3.60636448864817
"quant",4,3,7,0.94,3.30565156963532
"quant",4,3,7,0.95,2.97664686029624
"quant",4,3,7,0.96,2.61431726830555
"quant",4,3,7,0.97,2.20588923028509
"quant",4,3,7,0.98,1.74064609961881
"quant",4,3,7,0.99,1.02093024058292
"quant",4,3,7,0.995,0.567624950652891
"quant",4,3,8,0.9,1.85426329369648
"quant",4,3,8,0.91,1.75156508012102
"quant",4,3,8,0.92,1.64254504580407
"quant",4,3,8,0.93,1.5259430782176
"quant",4,3,8,0.94,1.40028653856647
"quant",4,3,8,0.95,1.25894073647607
"quant",4,3,8,0.96,1.09630253012103
"quant",4,3,8,0.97,0.900483813449244
"quant",4,3,8,0.98,0.670598971585321
"quant",4,3,8,0.99,0.382428220168193
"quant",4,3,8,0.995,0.203246094642502
"quant",4,3,9,0.9,2.34823090476
"quant",4,3,9,0.91,2.21411063183701
"quant",4,3,9,0.92,2.06381702532355
"quant",4,3,9,0.93,1.89247671319777
"quant",4,3,9,0.94,1.69988075819462
"quant",4,3,9,0.95,1.49005352067222
"quant",4,3,9,0.96,1.26016481190436
"quant",4,3,9,0.97,1.00883915598019
"quant",4,3,9,0.98,0.725681584075799
"quant",4,3,9,0.99,0.398252158490892
"quant",4,3,9,0.995,0.217595877458175
"quant",4,3,10,0.9,3.63213431247899
"quant",4,3,10,0.91,3.44684465844542
"quant",4,3,10,0.92,3.25049907171686
"quant",4,3,10,0.93,3.04397110429101
"quant",4,3,10,0.94,2.82081346948257
"quant",4,3,10,0.95,2.57684077352016
"quant",4,3,10,0.96,2.31304439436909
"quant",4,3,10,0.97,2.01665704320016
"quant",4,3,10,0.98,1.67076370324154
"quant",4,3,10,0.99,0.93007079770355
"quant",4,3,10,0.995,0.499731917331293
"quant",5,3,1,0.9,3.59312987342145
"quant",5,3,1,0.91,3.42745679750008
"quant",5,3,1,0.92,3.25003477998113
"quant",5,3,1,0.93,3.05588958307773
"quant",5,3,1,0.94,2.83532031781892
"quant",5,3,1,0.95,2.58676188357267
"quant",5,3,1,0.96,2.30751336091214
"quant",5,3,1,0.97,1.99517433089769
"quant",5,3,1,0.98,1.63610196698699
"quant",5,3,1,0.99,1.03246076879397
"quant",5,3,1,0.995,0.571757599775563
"quant",5,3,2,0.9,1.96237512385409
"quant",5,3,2,0.91,1.8259592730293
"quant",5,3,2,0.92,1.68323376443997
"quant",5,3,2,0.93,1.53242293927255
"quant",5,3,2,0.94,1.3744471306502
"quant",5,3,2,0.95,1.20853289544754
"quant",5,3,2,0.96,1.02943482314009
"quant",5,3,2,0.97,0.831402109726331
"quant",5,3,2,0.98,0.603781395635092
"quant",5,3,2,0.99,0.337827879232115
"quant",5,3,2,0.995,0.187838600281745
"quant",5,3,3,0.9,2.2634146168715
"quant",5,3,3,0.91,2.14497220174838
"quant",5,3,3,0.92,2.0206447755264
"quant",5,3,3,0.93,1.88691477118372
"quant",5,3,3,0.94,1.74240728194842
"quant",5,3,3,0.95,1.5851387207061
"quant",5,3,3,0.96,1.40954253872538
"quant",5,3,3,0.97,1.21016353489341
"quant",5,3,3,0.98,0.966547624876589
"quant",5,3,3,0.99,0.540752156360702
"quant",5,3,3,0.995,0.289029340892985
"quant",5,3,4,0.9,5.30106406919213
"quant",5,3,4,0.91,5.08667662826021
"quant",5,3,4,0.92,4.83799953053438
"quant",5,3,4,0.93,4.55670809376004
"quant",5,3,4,0.94,4.22553202184567
"quant",5,3,4,0.95,3.78660788888354
"quant",5,3,4,0.96,3.25492648708153
"quant",5,3,4,0.97,2.64560127720603
"quant",5,3,4,0.98,1.96601774253871
"quant",5,3,4,0.99,1.13851873265825
"quant",5,3,4,0.995,0.630238577967461
"quant",5,3,5,0.9,2.00099638208634
"quant",5,3,5,0.91,1.86332387060008
"quant",5,3,5,0.92,1.71886431181176
"quant",5,3,5,0.93,1.56725414368164
"quant",5,3,5,0.94,1.40521037004402
"quant",5,3,5,0.95,1.23357689409634
"quant",5,3,5,0.96,1.04877080412084
"quant",5,3,5,0.97,0.84200252303688
"quant",5,3,5,0.98,0.618135448783059
"quant",5,3,5,0.99,0.356190258244872
"quant",5,3,5,0.995,0.20041150022137
"quant",5,3,6,0.9,4.03643414379231
"quant",5,3,6,0.91,3.86454252340116
"quant",5,3,6,0.92,3.66499085597398
"quant",5,3,6,0.93,3.43815509344315
"quant",5,3,6,0.94,3.18342530919796
"quant",5,3,6,0.95,2.87264983955904
"quant",5,3,6,0.96,2.45780831390476
"quant",5,3,6,0.97,1.98886989604825
"quant",5,3,6,0.98,1.45648203025874
"quant",5,3,6,0.99,0.814220161346025
"quant",5,3,6,0.995,0.432871655511065
"quant",5,3,7,0.9,4.35496229925753
"quant",5,3,7,0.91,4.13651183190688
"quant",5,3,7,0.92,3.88254693569421
"quant",5,3,7,0.93,3.60438501450088
"quant",5,3,7,0.94,3.30326762916676
"quant",5,3,7,0.95,2.97697608534342
"quant",5,3,7,0.96,2.61413270112424
"quant",5,3,7,0.97,2.20713514295552
"quant",5,3,7,0.98,1.74427785539683
"quant",5,3,7,0.99,1.0261909408296
"quant",5,3,7,0.995,0.570664579864865
"quant",5,3,8,0.9,1.88439981265174
"quant",5,3,8,0.91,1.77952077782869
"quant",5,3,8,0.92,1.66487779338069
"quant",5,3,8,0.93,1.54233970354617
"quant",5,3,8,0.94,1.4089014733481
"quant",5,3,8,0.95,1.26373736060155
"quant",5,3,8,0.96,1.09620635435818
"quant",5,3,8,0.97,0.899995244955827
"quant",5,3,8,0.98,0.67018665003884
"quant",5,3,8,0.99,0.380226603073188
"quant",5,3,8,0.995,0.202333854681036
"quant",5,3,9,0.9,2.37964715051046
"quant",5,3,9,0.91,2.23250973599446
"quant",5,3,9,0.92,2.07465931702162
"quant",5,3,9,0.93,1.89988033615196
"quant",5,3,9,0.94,1.70543889350723
"quant",5,3,9,0.95,1.49417979604807
"quant",5,3,9,0.96,1.26291208782722
"quant",5,3,9,0.97,1.01294238132147
"quant",5,3,9,0.98,0.730940734561012
"quant",5,3,9,0.99,0.402119481895703
"quant",5,3,9,0.995,0.220310624902356
"quant",5,3,10,0.9,3.63553988778115
"quant",5,3,10,0.91,3.45089799359517
"quant",5,3,10,0.92,3.25526127572313
"quant",5,3,10,0.93,3.04915248302198
"quant",5,3,10,0.94,2.82375935308197
"quant",5,3,10,0.95,2.5791591957053
"quant",5,3,10,0.96,2.31502558377411
"quant",5,3,10,0.97,2.0173944897368
"quant",5,3,10,0.98,1.67516491105528
"quant",5,3,10,0.99,0.96176642119133
"quant",5,3,10,0.995,0.526014895683231
"quant",1,5,1,0.9,3.59146966115001
"quant",1,5,1,0.91,3.43038986092202
"quant",1,5,1,0.92,3.25469389024443
"quant",1,5,1,0.93,3.05953196996034
"quant",1,5,1,0.94,2.83883317158766
"quant",1,5,1,0.95,2.59126469219621
"quant",1,5,1,0.96,2.31210629195211
"quant",1,5,1,0.97,1.99633770282441
"quant",1,5,1,0.98,1.63912816926228
"quant",1,5,1,0.99,1.01881379106487
"quant",1,5,1,0.995,0.639350520301323
"quant",1,5,2,0.9,1.95236300262873
"quant",1,5,2,0.91,1.81709109612172
"quant",1,5,2,0.92,1.67566370565856
"quant",1,5,2,0.93,1.52767638506984
"quant",1,5,2,0.94,1.37133346282968
"quant",1,5,2,0.95,1.2047065580979
"quant",1,5,2,0.96,1.02592560971521
"quant",1,5,2,0.97,0.827673258613802
"quant",1,5,2,0.98,0.604904150726509
"quant",1,5,2,0.99,0.342496367191146
"quant",1,5,2,0.995,0.193054241587461
"quant",1,5,3,0.9,2.25961715297425
"quant",1,5,3,0.91,2.14062440749328
"quant",1,5,3,0.92,2.01468570832018
"quant",1,5,3,0.93,1.881326471321
"quant",1,5,3,0.94,1.73786173876278
"quant",1,5,3,0.95,1.57933774599413
"quant",1,5,3,0.96,1.4054093740755
"quant",1,5,3,0.97,1.2061007310296
"quant",1,5,3,0.98,0.964042620073862
"quant",1,5,3,0.99,0.539484559978237
"quant",1,5,3,0.995,0.289877337768984
"quant",1,5,4,0.9,5.3009149107099
"quant",1,5,4,0.91,5.08594294795231
"quant",1,5,4,0.92,4.84100745109559
"quant",1,5,4,0.93,4.55641932744767
"quant",1,5,4,0.94,4.22386323400472
"quant",1,5,4,0.95,3.78255358807915
"quant",1,5,4,0.96,3.25937249632113
"quant",1,5,4,0.97,2.64981386574368
"quant",1,5,4,0.98,1.98411534579822
"quant",1,5,4,0.99,1.14186257583493
"quant",1,5,4,0.995,0.637087627820272
"quant",1,5,5,0.9,2.00957592165585
"quant",1,5,5,0.91,1.86933481530635
"quant",1,5,5,0.92,1.72385381325444
"quant",1,5,5,0.93,1.57140157467843
"quant",1,5,5,0.94,1.40839119424498
"quant",1,5,5,0.95,1.23477211203874
"quant",1,5,5,0.96,1.04652249490642
"quant",1,5,5,0.97,0.841225823664408
"quant",1,5,5,0.98,0.614995575342855
"quant",1,5,5,0.99,0.357090066365911
"quant",1,5,5,0.995,0.209278348347644
"quant",1,5,6,0.9,4.03871402023993
"quant",1,5,6,0.91,3.86782377655603
"quant",1,5,6,0.92,3.66792541914699
"quant",1,5,6,0.93,3.43713288834461
"quant",1,5,6,0.94,3.1974484035813
"quant",1,5,6,0.95,2.87766510242269
"quant",1,5,6,0.96,2.46064370627764
"quant",1,5,6,0.97,1.98906378019514
"quant",1,5,6,0.98,1.45614786706596
"quant",1,5,6,0.99,0.823867825487705
"quant",1,5,6,0.995,0.472569946490587
"quant",1,5,7,0.9,4.354042884014
"quant",1,5,7,0.91,4.13331623602165
"quant",1,5,7,0.92,3.88122155620057
"quant",1,5,7,0.93,3.60338532875277
"quant",1,5,7,0.94,3.30714484600641
"quant",1,5,7,0.95,2.97911555171031
"quant",1,5,7,0.96,2.61321811424244
"quant",1,5,7,0.97,2.20795481671299
"quant",1,5,7,0.98,1.7483608432768
"quant",1,5,7,0.99,1.02440133579958
"quant",1,5,7,0.995,0.587511578049688
"quant",1,5,8,0.9,1.85752345238368
"quant",1,5,8,0.91,1.75453738695889
"quant",1,5,8,0.92,1.64525873196402
"quant",1,5,8,0.93,1.52753054006753
"quant",1,5,8,0.94,1.39997037903102
"quant",1,5,8,0.95,1.26089610259104
"quant",1,5,8,0.96,1.09636048915044
"quant",1,5,8,0.97,0.898701395595949
"quant",1,5,8,0.98,0.670436224121255
"quant",1,5,8,0.99,0.383617980483237
"quant",1,5,8,0.995,0.211365856329116
"quant",1,5,9,0.9,2.34760498155032
"quant",1,5,9,0.91,2.21052424137505
"quant",1,5,9,0.92,2.0604942341805
"quant",1,5,9,0.93,1.89187520542698
"quant",1,5,9,0.94,1.70146608429999
"quant",1,5,9,0.95,1.49234247158449
"quant",1,5,9,0.96,1.26336111717419
"quant",1,5,9,0.97,1.00983712583398
"quant",1,5,9,0.98,0.722736231456314
"quant",1,5,9,0.99,0.397313923618175
"quant",1,5,9,0.995,0.216332046793015
"quant",1,5,10,0.9,3.63181956770055
"quant",1,5,10,0.91,3.44798252385413
"quant",1,5,10,0.92,3.25311104161964
"quant",1,5,10,0.93,3.04453021240721
"quant",1,5,10,0.94,2.8227494684319
"quant",1,5,10,0.95,2.57877833673634
"quant",1,5,10,0.96,2.31499314128505
"quant",1,5,10,0.97,2.01679472335069
"quant",1,5,10,0.98,1.67076370324154
"quant",1,5,10,0.99,0.928985745082429
"quant",1,5,10,0.995,0.508869670789432
"quant",2,5,1,0.9,3.58689642688762
"quant",2,5,1,0.91,3.42120384898716
"quant",2,5,1,0.92,3.2464830787453
"quant",2,5,1,0.93,3.05300317747447
"quant",2,5,1,0.94,2.83609632124168
"quant",2,5,1,0.95,2.59086124032115
"quant",2,5,1,0.96,2.31104630726213
"quant",2,5,1,0.97,1.9960366208109
"quant",2,5,1,0.98,1.62946850601008
"quant",2,5,1,0.99,1.00952658849093
"quant",2,5,1,0.995,0.563316505095234
"quant",2,5,2,0.9,1.95126958890259
"quant",2,5,2,0.91,1.8162688394562
"quant",2,5,2,0.92,1.67507149972369
"quant",2,5,2,0.93,1.52765762511582
"quant",2,5,2,0.94,1.37170522839195
"quant",2,5,2,0.95,1.20516693420907
"quant",2,5,2,0.96,1.02605339575426
"quant",2,5,2,0.97,0.827154767250634
"quant",2,5,2,0.98,0.603082022653627
"quant",2,5,2,0.99,0.339395550936312
"quant",2,5,2,0.995,0.18793202958473
"quant",2,5,3,0.9,2.25811718963008
"quant",2,5,3,0.91,2.13914801573864
"quant",2,5,3,0.92,2.01392784514823
"quant",2,5,3,0.93,1.88103215244426
"quant",2,5,3,0.94,1.73783375990677
"quant",2,5,3,0.95,1.57910529349885
"quant",2,5,3,0.96,1.40379693290563
"quant",2,5,3,0.97,1.2055104544131
"quant",2,5,3,0.98,0.963839506366939
"quant",2,5,3,0.99,0.538910065002979
"quant",2,5,3,0.995,0.289299913063225
"quant",2,5,4,0.9,5.30004867801692
"quant",2,5,4,0.91,5.08509486446984
"quant",2,5,4,0.92,4.83693771516731
"quant",2,5,4,0.93,4.55153074208535
"quant",2,5,4,0.94,4.22095367259339
"quant",2,5,4,0.95,3.78212936826203
"quant",2,5,4,0.96,3.25792697451841
"quant",2,5,4,0.97,2.64674825183582
"quant",2,5,4,0.98,1.9739129814701
"quant",2,5,4,0.99,1.1392139377601
"quant",2,5,4,0.995,0.6229420540479
"quant",2,5,5,0.9,2.00816523988371
"quant",2,5,5,0.91,1.86887369253457
"quant",2,5,5,0.92,1.7223060112819
"quant",2,5,5,0.93,1.56886864199552
"quant",2,5,5,0.94,1.40483201137952
"quant",2,5,5,0.95,1.2317828516903
"quant",2,5,5,0.96,1.04633037496488
"quant",2,5,5,0.97,0.838022994238091
"quant",2,5,5,0.98,0.613234932537778
"quant",2,5,5,0.99,0.35305758871634
"quant",2,5,5,0.995,0.19554853820639
"quant",2,5,6,0.9,4.03778394911124
"quant",2,5,6,0.91,3.86671450976681
"quant",2,5,6,0.92,3.6669189881451
"quant",2,5,6,0.93,3.43799261494316
"quant",2,5,6,0.94,3.18045472042806
"quant",2,5,6,0.95,2.86927088287457
"quant",2,5,6,0.96,2.46185863270688
"quant",2,5,6,0.97,1.98837730791373
"quant",2,5,6,0.98,1.45403404386379
"quant",2,5,6,0.99,0.813954857930188
"quant",2,5,6,0.995,0.43256198640613
"quant",2,5,7,0.9,4.35298812620365
"quant",2,5,7,0.91,4.13372483222626
"quant",2,5,7,0.92,3.8823892277017
"quant",2,5,7,0.93,3.60773435186425
"quant",2,5,7,0.94,3.30672833777645
"quant",2,5,7,0.95,2.97839821054799
"quant",2,5,7,0.96,2.61605940078478
"quant",2,5,7,0.97,2.20660741006068
"quant",2,5,7,0.98,1.74236926765131
"quant",2,5,7,0.99,1.01878838811506
"quant",2,5,7,0.995,0.571032463175836
"quant",2,5,8,0.9,1.85448144006271
"quant",2,5,8,0.91,1.75310532747383
"quant",2,5,8,0.92,1.64349337345892
"quant",2,5,8,0.93,1.52654275437874
"quant",2,5,8,0.94,1.39872858732222
"quant",2,5,8,0.95,1.25862210399561
"quant",2,5,8,0.96,1.09480704751198
"quant",2,5,8,0.97,0.899183015957097
"quant",2,5,8,0.98,0.66957528334633
"quant",2,5,8,0.99,0.379677097158617
"quant",2,5,8,0.995,0.201841828186141
"quant",2,5,9,0.9,2.34599480103641
"quant",2,5,9,0.91,2.21121956529564
"quant",2,5,9,0.92,2.06061492268072
"quant",2,5,9,0.93,1.89002336432334
"quant",2,5,9,0.94,1.69835088275896
"quant",2,5,9,0.95,1.48871082339524
"quant",2,5,9,0.96,1.25824833238774
"quant",2,5,9,0.97,1.00581706607098
"quant",2,5,9,0.98,0.72354424357555
"quant",2,5,9,0.99,0.396494014764955
"quant",2,5,9,0.995,0.215193712139723
"quant",2,5,10,0.9,3.63057729684201
"quant",2,5,10,0.91,3.44722992205286
"quant",2,5,10,0.92,3.25171209376095
"quant",2,5,10,0.93,3.0467912297111
"quant",2,5,10,0.94,2.82436937069165
"quant",2,5,10,0.95,2.57969900878826
"quant",2,5,10,0.96,2.31578227687557
"quant",2,5,10,0.97,2.01702227831506
"quant",2,5,10,0.98,1.67076370324154
"quant",2,5,10,0.99,0.928126357140362
"quant",2,5,10,0.995,0.496733320018659
"quant",3,5,1,0.9,3.58878144477555
"quant",3,5,1,0.91,3.42375582236182
"quant",3,5,1,0.92,3.24789273193508
"quant",3,5,1,0.93,3.05402504476679
"quant",3,5,1,0.94,2.83562046579002
"quant",3,5,1,0.95,2.59104677811504
"quant",3,5,1,0.96,2.31179177337583
"quant",3,5,1,0.97,1.99526168988415
"quant",3,5,1,0.98,1.62873197182236
"quant",3,5,1,0.99,1.01107452846299
"quant",3,5,1,0.995,0.565867220363925
"quant",3,5,2,0.9,1.95694585975008
"quant",3,5,2,0.91,1.82153800148173
"quant",3,5,2,0.92,1.67960621195242
"quant",3,5,2,0.93,1.53021117885171
"quant",3,5,2,0.94,1.37353908639838
"quant",3,5,2,0.95,1.20669055853026
"quant",3,5,2,0.96,1.02612404977454
"quant",3,5,2,0.97,0.829247506933872
"quant",3,5,2,0.98,0.60381195076231
"quant",3,5,2,0.99,0.340781484282508
"quant",3,5,2,0.995,0.189271396101093
"quant",3,5,3,0.9,2.26113741431139
"quant",3,5,3,0.91,2.14092321767339
"quant",3,5,3,0.92,2.01569885714359
"quant",3,5,3,0.93,1.88279384485216
"quant",3,5,3,0.94,1.73895848521803
"quant",3,5,3,0.95,1.58139728750166
"quant",3,5,3,0.96,1.40613119156344
"quant",3,5,3,0.97,1.20614342870264
"quant",3,5,3,0.98,0.963851565728929
"quant",3,5,3,0.99,0.53988030209833
"quant",3,5,3,0.995,0.290167657773172
"quant",3,5,4,0.9,5.29999818583431
"quant",3,5,4,0.91,5.08637163152972
"quant",3,5,4,0.92,4.838131938431
"quant",3,5,4,0.93,4.55222276175393
"quant",3,5,4,0.94,4.22148382489894
"quant",3,5,4,0.95,3.78259255405892
"quant",3,5,4,0.96,3.2575189445941
"quant",3,5,4,0.97,2.64660402571117
"quant",3,5,4,0.98,1.97442741790838
"quant",3,5,4,0.99,1.13995522303465
"quant",3,5,4,0.995,0.623708903319791
"quant",3,5,5,0.9,2.00503952584473
"quant",3,5,5,0.91,1.86660571653333
"quant",3,5,5,0.92,1.72028136161293
"quant",3,5,5,0.93,1.5680736647693
"quant",3,5,5,0.94,1.40393213977713
"quant",3,5,5,0.95,1.23119263829477
"quant",3,5,5,0.96,1.0458363116235
"quant",3,5,5,0.97,0.839008320093839
"quant",3,5,5,0.98,0.613430365645537
"quant",3,5,5,0.99,0.354774861093879
"quant",3,5,5,0.995,0.198195318888092
"quant",3,5,6,0.9,4.03813293828403
"quant",3,5,6,0.91,3.86734658533303
"quant",3,5,6,0.92,3.66712479193529
"quant",3,5,6,0.93,3.43702515797422
"quant",3,5,6,0.94,3.17954733064695
"quant",3,5,6,0.95,2.87043888497319
"quant",3,5,6,0.96,2.45993940962975
"quant",3,5,6,0.97,1.98579772686744
"quant",3,5,6,0.98,1.4523103042805
"quant",3,5,6,0.99,0.813423491287511
"quant",3,5,6,0.995,0.433288816886515
"quant",3,5,7,0.9,4.3544878805815
"quant",3,5,7,0.91,4.13490007727794
"quant",3,5,7,0.92,3.88387880076759
"quant",3,5,7,0.93,3.60708051445958
"quant",3,5,7,0.94,3.30729636714193
"quant",3,5,7,0.95,2.97980652243921
"quant",3,5,7,0.96,2.61705464600232
"quant",3,5,7,0.97,2.20791597051772
"quant",3,5,7,0.98,1.74375235224061
"quant",3,5,7,0.99,1.02229039088543
"quant",3,5,7,0.995,0.571013015815388
"quant",3,5,8,0.9,1.87488936856619
"quant",3,5,8,0.91,1.77016377706125
"quant",3,5,8,0.92,1.65692051677192
"quant",3,5,8,0.93,1.53521912334264
"quant",3,5,8,0.94,1.40271581162832
"quant",3,5,8,0.95,1.25918545981232
"quant",3,5,8,0.96,1.09483913947086
"quant",3,5,8,0.97,0.899606363903724
"quant",3,5,8,0.98,0.670431758134122
"quant",3,5,8,0.99,0.380941165350339
"quant",3,5,8,0.995,0.201841988433496
"quant",3,5,9,0.9,2.35979033332488
"quant",3,5,9,0.91,2.21814846810884
"quant",3,5,9,0.92,2.06513366666975
"quant",3,5,9,0.93,1.89286588524404
"quant",3,5,9,0.94,1.69968811290847
"quant",3,5,9,0.95,1.49020273234234
"quant",3,5,9,0.96,1.26016064328549
"quant",3,5,9,0.97,1.00716407538634
"quant",3,5,9,0.98,0.72437581405878
"quant",3,5,9,0.99,0.397166307961573
"quant",3,5,9,0.995,0.217402526057478
"quant",3,5,10,0.9,3.63297147113361
"quant",3,5,10,0.91,3.44949600652479
"quant",3,5,10,0.92,3.25421318963239
"quant",3,5,10,0.93,3.04880937321242
"quant",3,5,10,0.94,2.82551811791274
"quant",3,5,10,0.95,2.58005744185985
"quant",3,5,10,0.96,2.31579125841297
"quant",3,5,10,0.97,2.01714987927727
"quant",3,5,10,0.98,1.67076370324154
"quant",3,5,10,0.99,0.929294301458336
"quant",3,5,10,0.995,0.494820274460733
"quant",4,5,1,0.9,3.5862530854759
"quant",4,5,1,0.91,3.42187468511789
"quant",4,5,1,0.92,3.24683356020453
"quant",4,5,1,0.93,3.05326298902673
"quant",4,5,1,0.94,2.83527981449131
"quant",4,5,1,0.95,2.589986251222
"quant",4,5,1,0.96,2.31205056480152
"quant",4,5,1,0.97,1.99718989009554
"quant",4,5,1,0.98,1.62890618387659
"quant",4,5,1,0.99,1.00547796134388
"quant",4,5,1,0.995,0.572992703252619
"quant",4,5,2,0.9,1.95000646036279
"quant",4,5,2,0.91,1.81452322500042
"quant",4,5,2,0.92,1.67340947125983
"quant",4,5,2,0.93,1.52543787724629
"quant",4,5,2,0.94,1.36892347802243
"quant",4,5,2,0.95,1.20391726886595
"quant",4,5,2,0.96,1.02604340785929
"quant",4,5,2,0.97,0.828137377372889
"quant",4,5,2,0.98,0.603040680808111
"quant",4,5,2,0.99,0.337118440247912
"quant",4,5,2,0.995,0.186650466203391
"quant",4,5,3,0.9,2.25836556599871
"quant",4,5,3,0.91,2.13943121717024
"quant",4,5,3,0.92,2.01406787082296
"quant",4,5,3,0.93,1.880912673932
"quant",4,5,3,0.94,1.73811380143724
"quant",4,5,3,0.95,1.57950945947021
"quant",4,5,3,0.96,1.40435240524061
"quant",4,5,3,0.97,1.20586727387151
"quant",4,5,3,0.98,0.966082564986296
"quant",4,5,3,0.99,0.539395318070756
"quant",4,5,3,0.995,0.289474967936698
"quant",4,5,4,0.9,5.30120512726162
"quant",4,5,4,0.91,5.08582584427703
"quant",4,5,4,0.92,4.83848498781169
"quant",4,5,4,0.93,4.5573175057551
"quant",4,5,4,0.94,4.22964272557774
"quant",4,5,4,0.95,3.79551327031742
"quant",4,5,4,0.96,3.26337472410043
"quant",4,5,4,0.97,2.6423850269908
"quant",4,5,4,0.98,1.96981747399387
"quant",4,5,4,0.99,1.14287084408493
"quant",4,5,4,0.995,0.630502822528748
"quant",4,5,5,0.9,2.00939583996247
"quant",4,5,5,0.91,1.86981497664658
"quant",4,5,5,0.92,1.72305878490831
"quant",4,5,5,0.93,1.56922295603134
"quant",4,5,5,0.94,1.40512458715521
"quant",4,5,5,0.95,1.23173578122427
"quant",4,5,5,0.96,1.04599922350723
"quant",4,5,5,0.97,0.838545077475522
"quant",4,5,5,0.98,0.61365682901218
"quant",4,5,5,0.99,0.354342386066987
"quant",4,5,5,0.995,0.197882186806956
"quant",4,5,6,0.9,4.03796615094988
"quant",4,5,6,0.91,3.86539921747914
"quant",4,5,6,0.92,3.66433497800307
"quant",4,5,6,0.93,3.43582740826755
"quant",4,5,6,0.94,3.18001122231559
"quant",4,5,6,0.95,2.87058723643961
"quant",4,5,6,0.96,2.45842995753787
"quant",4,5,6,0.97,1.98578504462695
"quant",4,5,6,0.98,1.45328482109878
"quant",4,5,6,0.99,0.816265168309927
"quant",4,5,6,0.995,0.43370002190289
"quant",4,5,7,0.9,4.35230951014427
"quant",4,5,7,0.91,4.13316702204111
"quant",4,5,7,0.92,3.88098698841084
"quant",4,5,7,0.93,3.60521533470523
"quant",4,5,7,0.94,3.30633633093746
"quant",4,5,7,0.95,2.97887053046753
"quant",4,5,7,0.96,2.61535547577301
"quant",4,5,7,0.97,2.20471874510987
"quant",4,5,7,0.98,1.74263901904395
"quant",4,5,7,0.99,1.02227043641786
"quant",4,5,7,0.995,0.569939569609178
"quant",4,5,8,0.9,1.85633468231676
"quant",4,5,8,0.91,1.75457274962002
"quant",4,5,8,0.92,1.64465228782789
"quant",4,5,8,0.93,1.52821072389632
"quant",4,5,8,0.94,1.39963493655747
"quant",4,5,8,0.95,1.25912792266319
"quant",4,5,8,0.96,1.09496265357643
"quant",4,5,8,0.97,0.899514582471762
"quant",4,5,8,0.98,0.670231054378949
"quant",4,5,8,0.99,0.378497550303498
"quant",4,5,8,0.995,0.200435854644593
"quant",4,5,9,0.9,2.34546518391643
"quant",4,5,9,0.91,2.21126625808959
"quant",4,5,9,0.92,2.06147462652435
"quant",4,5,9,0.93,1.89150126495962
"quant",4,5,9,0.94,1.69979227501409
"quant",4,5,9,0.95,1.48956929972824
"quant",4,5,9,0.96,1.25998120111396
"quant",4,5,9,0.97,1.00822585098705
"quant",4,5,9,0.98,0.723658462052181
"quant",4,5,9,0.99,0.397403690657005
"quant",4,5,9,0.995,0.217015367469632
"quant",4,5,10,0.9,3.63173210732097
"quant",4,5,10,0.91,3.44711006033577
"quant",4,5,10,0.92,3.25138457054657
"quant",4,5,10,0.93,3.04509505977648
"quant",4,5,10,0.94,2.82169189687476
"quant",4,5,10,0.95,2.57726568225473
"quant",4,5,10,0.96,2.31427840045773
"quant",4,5,10,0.97,2.01587625464596
"quant",4,5,10,0.98,1.67076370324154
"quant",4,5,10,0.99,0.928552684111899
"quant",4,5,10,0.995,0.495524751709781
"quant",5,5,1,0.9,3.58887471136886
"quant",5,5,1,0.91,3.42408574650039
"quant",5,5,1,0.92,3.24672136239385
"quant",5,5,1,0.93,3.05243877181789
"quant",5,5,1,0.94,2.83339850882453
"quant",5,5,1,0.95,2.58682510953934
"quant",5,5,1,0.96,2.31021990450357
"quant",5,5,1,0.97,1.99329485392108
"quant",5,5,1,0.98,1.62856732137482
"quant",5,5,1,0.99,1.01122756823856
"quant",5,5,1,0.995,0.564517879834862
"quant",5,5,2,0.9,1.95924196610136
"quant",5,5,2,0.91,1.82342762965676
"quant",5,5,2,0.92,1.68110148238724
"quant",5,5,2,0.93,1.53182651983856
"quant",5,5,2,0.94,1.37437018657951
"quant",5,5,2,0.95,1.20660153181976
"quant",5,5,2,0.96,1.02694249234338
"quant",5,5,2,0.97,0.830949596226933
"quant",5,5,2,0.98,0.606866437936077
"quant",5,5,2,0.99,0.336153961527296
"quant",5,5,2,0.995,0.184700711157204
"quant",5,5,3,0.9,2.27030771229302
"quant",5,5,3,0.91,2.14915620765361
"quant",5,5,3,0.92,2.02175616696635
"quant",5,5,3,0.93,1.88687110886456
"quant",5,5,3,0.94,1.74241380989185
"quant",5,5,3,0.95,1.58472269155989
"quant",5,5,3,0.96,1.40912358270989
"quant",5,5,3,0.97,1.20733286256942
"quant",5,5,3,0.98,0.98012200503295
"quant",5,5,3,0.99,0.546764273105856
"quant",5,5,3,0.995,0.309808833061313
"quant",5,5,4,0.9,5.30009998015496
"quant",5,5,4,0.91,5.08474505591833
"quant",5,5,4,0.92,4.83729439387481
"quant",5,5,4,0.93,4.55436861479316
"quant",5,5,4,0.94,4.2221676396354
"quant",5,5,4,0.95,3.78242662254355
"quant",5,5,4,0.96,3.25816906273231
"quant",5,5,4,0.97,2.64995730897022
"quant",5,5,4,0.98,1.97727475183106
"quant",5,5,4,0.99,1.14605956827356
"quant",5,5,4,0.995,0.625597641354086
"quant",5,5,5,0.9,2.01782539391258
"quant",5,5,5,0.91,1.87592649016142
"quant",5,5,5,0.92,1.72766578575763
"quant",5,5,5,0.93,1.57233971627147
"quant",5,5,5,0.94,1.40682503994456
"quant",5,5,5,0.95,1.23282627335708
"quant",5,5,5,0.96,1.04694114773881
"quant",5,5,5,0.97,0.840956197509092
"quant",5,5,5,0.98,0.61558110271396
"quant",5,5,5,0.99,0.356767573133646
"quant",5,5,5,0.995,0.200795120202716
"quant",5,5,6,0.9,4.04908577153373
"quant",5,5,6,0.91,3.87820821933394
"quant",5,5,6,0.92,3.67883486965046
"quant",5,5,6,0.93,3.4464155663385
"quant",5,5,6,0.94,3.18596645155811
"quant",5,5,6,0.95,2.88185880865061
"quant",5,5,6,0.96,2.46472144409962
"quant",5,5,6,0.97,1.9934336663427
"quant",5,5,6,0.98,1.47413494131359
"quant",5,5,6,0.99,0.860078243447366
"quant",5,5,6,0.995,0.468162366625467
"quant",5,5,7,0.9,4.35788672935848
"quant",5,5,7,0.91,4.13680520977983
"quant",5,5,7,0.92,3.88581053038443
"quant",5,5,7,0.93,3.60736201660927
"quant",5,5,7,0.94,3.30920836547584
"quant",5,5,7,0.95,2.98057534597972
"quant",5,5,7,0.96,2.61660753107661
"quant",5,5,7,0.97,2.20832282086181
"quant",5,5,7,0.98,1.74457201607304
"quant",5,5,7,0.99,1.03519589124841
"quant",5,5,7,0.995,0.583346660489578
"quant",5,5,8,0.9,1.90181266887687
"quant",5,5,8,0.91,1.78917225732096
"quant",5,5,8,0.92,1.67027213804969
"quant",5,5,8,0.93,1.54394791381373
"quant",5,5,8,0.94,1.40851093785571
"quant",5,5,8,0.95,1.26049316112193
"quant",5,5,8,0.96,1.0973412941993
"quant",5,5,8,0.97,0.901165397697953
"quant",5,5,8,0.98,0.6764128960939
"quant",5,5,8,0.99,0.383377670855585
"quant",5,5,8,0.995,0.218861119379503
"quant",5,5,9,0.9,2.3647221130715
"quant",5,5,9,0.91,2.22146207647375
"quant",5,5,9,0.92,2.06613849291375
"quant",5,5,9,0.93,1.89418912131793
"quant",5,5,9,0.94,1.70209011708466
"quant",5,5,9,0.95,1.49094188653326
"quant",5,5,9,0.96,1.2635864181617
"quant",5,5,9,0.97,1.01092652855584
"quant",5,5,9,0.98,0.726847194312919
"quant",5,5,9,0.99,0.398754522746426
"quant",5,5,9,0.995,0.220585296830966
"quant",5,5,10,0.9,3.66187506922211
"quant",5,5,10,0.91,3.48047932761622
"quant",5,5,10,0.92,3.28859569204111
"quant",5,5,10,0.93,3.0808348201068
"quant",5,5,10,0.94,2.85718998982496
"quant",5,5,10,0.95,2.61080595211237
"quant",5,5,10,0.96,2.33862317070132
"quant",5,5,10,0.97,2.04177828056763
"quant",5,5,10,0.98,1.69150201136961
"quant",5,5,10,0.99,0.93000488390864
"quant",5,5,10,0.995,0.495614743358516
"quant",1,8,1,0.9,3.59201010274799
"quant",1,8,1,0.91,3.43089625362923
"quant",1,8,1,0.92,3.25513526847691
"quant",1,8,1,0.93,3.0602499401666
"quant",1,8,1,0.94,2.83929500876904
"quant",1,8,1,0.95,2.59152039810976
"quant",1,8,1,0.96,2.31257545715015
"quant",1,8,1,0.97,1.99617191459565
"quant",1,8,1,0.98,1.63966315289119
"quant",1,8,1,0.99,1.01866692266839
"quant",1,8,1,0.995,0.639376329184847
"quant",1,8,2,0.9,1.95261773541193
"quant",1,8,2,0.91,1.81716926149596
"quant",1,8,2,0.92,1.67581637492043
"quant",1,8,2,0.93,1.52775556316445
"quant",1,8,2,0.94,1.37151090091404
"quant",1,8,2,0.95,1.2049098227464
"quant",1,8,2,0.96,1.02593780290097
"quant",1,8,2,0.97,0.82795157115809
"quant",1,8,2,0.98,0.605174860913117
"quant",1,8,2,0.99,0.342673012523238
"quant",1,8,2,0.995,0.193153264131831
"quant",1,8,3,0.9,2.26009660935856
"quant",1,8,3,0.91,2.14124198819438
"quant",1,8,3,0.92,2.01527952103459
"quant",1,8,3,0.93,1.88161290590228
"quant",1,8,3,0.94,1.73810764565139
"quant",1,8,3,0.95,1.57942890164003
"quant",1,8,3,0.96,1.40563196502987
"quant",1,8,3,0.97,1.20594140316194
"quant",1,8,3,0.98,0.964175268772726
"quant",1,8,3,0.99,0.539354812223525
"quant",1,8,3,0.995,0.289830331963776
"quant",1,8,4,0.9,5.30123989103435
"quant",1,8,4,0.91,5.08615415268539
"quant",1,8,4,0.92,4.84109754120635
"quant",1,8,4,0.93,4.55667755762015
"quant",1,8,4,0.94,4.22396652946524
"quant",1,8,4,0.95,3.78269134135001
"quant",1,8,4,0.96,3.25929868952661
"quant",1,8,4,0.97,2.64971389580839
"quant",1,8,4,0.98,1.9795270780493
"quant",1,8,4,0.99,1.14213456257491
"quant",1,8,4,0.995,0.63710925928832
"quant",1,8,5,0.9,2.00971223145889
"quant",1,8,5,0.91,1.86944292813386
"quant",1,8,5,0.92,1.72412006278517
"quant",1,8,5,0.93,1.57147537738359
"quant",1,8,5,0.94,1.4086537374483
"quant",1,8,5,0.95,1.23479457602642
"quant",1,8,5,0.96,1.04640198777304
"quant",1,8,5,0.97,0.841269536653936
"quant",1,8,5,0.98,0.614916935636496
"quant",1,8,5,0.99,0.35700718231982
"quant",1,8,5,0.995,0.209035799122828
"quant",1,8,6,0.9,4.0388215844598
"quant",1,8,6,0.91,3.86789509906741
"quant",1,8,6,0.92,3.66795930089701
"quant",1,8,6,0.93,3.43705425602777
"quant",1,8,6,0.94,3.19823904860669
"quant",1,8,6,0.95,2.8777231167221
"quant",1,8,6,0.96,2.46103527651561
"quant",1,8,6,0.97,1.98929636471106
"quant",1,8,6,0.98,1.45679740391697
"quant",1,8,6,0.99,0.823689661324592
"quant",1,8,6,0.995,0.472141629992933
"quant",1,8,7,0.9,4.35434150686873
"quant",1,8,7,0.91,4.13351127463456
"quant",1,8,7,0.92,3.88164307498058
"quant",1,8,7,0.93,3.60366972221343
"quant",1,8,7,0.94,3.30747385853246
"quant",1,8,7,0.95,2.97942071643593
"quant",1,8,7,0.96,2.6138399352921
"quant",1,8,7,0.97,2.20814354085895
"quant",1,8,7,0.98,1.74780711182197
"quant",1,8,7,0.99,1.02433461344257
"quant",1,8,7,0.995,0.587391013377716
"quant",1,8,8,0.9,1.85810746677631
"quant",1,8,8,0.91,1.75521269124991
"quant",1,8,8,0.92,1.64582306784315
"quant",1,8,8,0.93,1.52805589189599
"quant",1,8,8,0.94,1.40036332258086
"quant",1,8,8,0.95,1.26111214194461
"quant",1,8,8,0.96,1.09637365645418
"quant",1,8,8,0.97,0.8988016391774
"quant",1,8,8,0.98,0.670462922736014
"quant",1,8,8,0.99,0.383512982128125
"quant",1,8,8,0.995,0.211371958344945
"quant",1,8,9,0.9,2.34745319859382
"quant",1,8,9,0.91,2.21018747047845
"quant",1,8,9,0.92,2.06007394392815
"quant",1,8,9,0.93,1.8914788028235
"quant",1,8,9,0.94,1.7013482112642
"quant",1,8,9,0.95,1.49206260828267
"quant",1,8,9,0.96,1.26343487449366
"quant",1,8,9,0.97,1.00978088407199
"quant",1,8,9,0.98,0.722636407874429
"quant",1,8,9,0.99,0.396853181636825
"quant",1,8,9,0.995,0.216307604755319
"quant",1,8,10,0.9,3.63225169250625
"quant",1,8,10,0.91,3.44828003870311
"quant",1,8,10,0.92,3.25336878973982
"quant",1,8,10,0.93,3.04483209173882
"quant",1,8,10,0.94,2.82299246000714
"quant",1,8,10,0.95,2.57886642786053
"quant",1,8,10,0.96,2.31492412303753
"quant",1,8,10,0.97,2.01672272790699
"quant",1,8,10,0.98,1.67076370324154
"quant",1,8,10,0.99,0.928718813081108
"quant",1,8,10,0.995,0.5087427606206
"quant",2,8,1,0.9,3.58693159841162
"quant",2,8,1,0.91,3.42125184557782
"quant",2,8,1,0.92,3.24656878630047
"quant",2,8,1,0.93,3.05328303261623
"quant",2,8,1,0.94,2.83620646826121
"quant",2,8,1,0.95,2.59074534996879
"quant",2,8,1,0.96,2.31066884951809
"quant",2,8,1,0.97,1.99550777140188
"quant",2,8,1,0.98,1.6286709323508
"quant",2,8,1,0.99,1.00878478603458
"quant",2,8,1,0.995,0.562056335308555
"quant",2,8,2,0.9,1.95148503875386
"quant",2,8,2,0.91,1.81657016356962
"quant",2,8,2,0.92,1.67527687952901
"quant",2,8,2,0.93,1.52797077046157
"quant",2,8,2,0.94,1.37217922887657
"quant",2,8,2,0.95,1.20554961612349
"quant",2,8,2,0.96,1.02617830026946
"quant",2,8,2,0.97,0.827429509339324
"quant",2,8,2,0.98,0.603181317203007
"quant",2,8,2,0.99,0.339562197892592
"quant",2,8,2,0.995,0.187796783933878
"quant",2,8,3,0.9,2.25887809824535
"quant",2,8,3,0.91,2.14017577786982
"quant",2,8,3,0.92,2.01468276681707
"quant",2,8,3,0.93,1.88139274368276
"quant",2,8,3,0.94,1.73797661873359
"quant",2,8,3,0.95,1.5790588446409
"quant",2,8,3,0.96,1.40400395562965
"quant",2,8,3,0.97,1.2059957523019
"quant",2,8,3,0.98,0.963839506366939
"quant",2,8,3,0.99,0.538887497066546
"quant",2,8,3,0.995,0.289322439271526
"quant",2,8,4,0.9,5.30013745873757
"quant",2,8,4,0.91,5.0849457454853
"quant",2,8,4,0.92,4.836961785955
"quant",2,8,4,0.93,4.55168203569474
"quant",2,8,4,0.94,4.2213291217561
"quant",2,8,4,0.95,3.78231460479942
"quant",2,8,4,0.96,3.25794746700034
"quant",2,8,4,0.97,2.64634781164099
"quant",2,8,4,0.98,1.97318810002901
"quant",2,8,4,0.99,1.13902571724833
"quant",2,8,4,0.995,0.622519423818645
"quant",2,8,5,0.9,2.00847793201027
"quant",2,8,5,0.91,1.86905722826379
"quant",2,8,5,0.92,1.72260501749732
"quant",2,8,5,0.93,1.56923883574993
"quant",2,8,5,0.94,1.40523827753527
"quant",2,8,5,0.95,1.23238609106301
"quant",2,8,5,0.96,1.04676941382266
"quant",2,8,5,0.97,0.838337754179044
"quant",2,8,5,0.98,0.613558142472427
"quant",2,8,5,0.99,0.353086200093049
"quant",2,8,5,0.995,0.195516843874037
"quant",2,8,6,0.9,4.03775002161708
"quant",2,8,6,0.91,3.86669615808171
"quant",2,8,6,0.92,3.66711497410082
"quant",2,8,6,0.93,3.43820532881758
"quant",2,8,6,0.94,3.18086055022881
"quant",2,8,6,0.95,2.86940653024559
"quant",2,8,6,0.96,2.46212935574196
"quant",2,8,6,0.97,1.98861903768978
"quant",2,8,6,0.98,1.45356892577579
"quant",2,8,6,0.99,0.813658818754877
"quant",2,8,6,0.995,0.432282442750756
"quant",2,8,7,0.9,4.35341537132274
"quant",2,8,7,0.91,4.13428650105503
"quant",2,8,7,0.92,3.88278537412739
"quant",2,8,7,0.93,3.60787790513921
"quant",2,8,7,0.94,3.30709151372939
"quant",2,8,7,0.95,2.97882082963612
"quant",2,8,7,0.96,2.61642487512878
"quant",2,8,7,0.97,2.20668216327628
"quant",2,8,7,0.98,1.74223131908248
"quant",2,8,7,0.99,1.01839608493645
"quant",2,8,7,0.995,0.571206256978846
"quant",2,8,8,0.9,1.85538743981595
"quant",2,8,8,0.91,1.75396934916449
"quant",2,8,8,0.92,1.64422253320875
"quant",2,8,8,0.93,1.52735862655488
"quant",2,8,8,0.94,1.39927931740295
"quant",2,8,8,0.95,1.25887369081296
"quant",2,8,8,0.96,1.09502179317669
"quant",2,8,8,0.97,0.899321812833011
"quant",2,8,8,0.98,0.669775711822712
"quant",2,8,8,0.99,0.379613729769282
"quant",2,8,8,0.995,0.202016492467217
"quant",2,8,9,0.9,2.34568993743201
"quant",2,8,9,0.91,2.21075349688141
"quant",2,8,9,0.92,2.06020129409655
"quant",2,8,9,0.93,1.88990392879064
"quant",2,8,9,0.94,1.69819679777016
"quant",2,8,9,0.95,1.48849934286772
"quant",2,8,9,0.96,1.2585520627272
"quant",2,8,9,0.97,1.00587713679685
"quant",2,8,9,0.98,0.722889155855961
"quant",2,8,9,0.99,0.39644549252562
"quant",2,8,9,0.995,0.215018930624354
"quant",2,8,10,0.9,3.63104314509429
"quant",2,8,10,0.91,3.44764529710854
"quant",2,8,10,0.92,3.2519960994013
"quant",2,8,10,0.93,3.04735068005026
"quant",2,8,10,0.94,2.82513695111575
"quant",2,8,10,0.95,2.58042704091907
"quant",2,8,10,0.96,2.3160650390073
"quant",2,8,10,0.97,2.01736338860898
"quant",2,8,10,0.98,1.67076370324154
"quant",2,8,10,0.99,0.927997244878575
"quant",2,8,10,0.995,0.495967906341231
"quant",3,8,1,0.9,3.58812233581225
"quant",3,8,1,0.91,3.4236317569466
"quant",3,8,1,0.92,3.24797566221603
"quant",3,8,1,0.93,3.0542020759681
"quant",3,8,1,0.94,2.8356900819628
"quant",3,8,1,0.95,2.59069819100522
"quant",3,8,1,0.96,2.31159518183593
"quant",3,8,1,0.97,1.99502536457028
"quant",3,8,1,0.98,1.62852650160655
"quant",3,8,1,0.99,1.01184874705868
"quant",3,8,1,0.995,0.565549351056008
"quant",3,8,2,0.9,1.95557134796353
"quant",3,8,2,0.91,1.82076321632781
"quant",3,8,2,0.92,1.67904694742332
"quant",3,8,2,0.93,1.52983079659385
"quant",3,8,2,0.94,1.37324861558036
"quant",3,8,2,0.95,1.20662007419848
"quant",3,8,2,0.96,1.0261562554471
"quant",3,8,2,0.97,0.829390491204456
"quant",3,8,2,0.98,0.60404762109741
"quant",3,8,2,0.99,0.340822728839348
"quant",3,8,2,0.995,0.189481259109705
"quant",3,8,3,0.9,2.26239161508179
"quant",3,8,3,0.91,2.142475119474
"quant",3,8,3,0.92,2.01703390341355
"quant",3,8,3,0.93,1.88358610898936
"quant",3,8,3,0.94,1.7396413606025
"quant",3,8,3,0.95,1.58199974879445
"quant",3,8,3,0.96,1.40675978999278
"quant",3,8,3,0.97,1.20660385169777
"quant",3,8,3,0.98,0.963839506366939
"quant",3,8,3,0.99,0.539333847651561
"quant",3,8,3,0.995,0.289709690775679
"quant",3,8,4,0.9,5.30054935743007
"quant",3,8,4,0.91,5.08681926989586
"quant",3,8,4,0.92,4.83851075338517
"quant",3,8,4,0.93,4.55260113936804
"quant",3,8,4,0.94,4.22146013032164
"quant",3,8,4,0.95,3.782289564861
"quant",3,8,4,0.96,3.25738419933164
"quant",3,8,4,0.97,2.64635332932952
"quant",3,8,4,0.98,1.97433603648961
"quant",3,8,4,0.99,1.13969035753315
"quant",3,8,4,0.995,0.623733607908894
"quant",3,8,5,0.9,2.00434746460857
"quant",3,8,5,0.91,1.86554388079464
"quant",3,8,5,0.92,1.71958369109356
"quant",3,8,5,0.93,1.56747690117401
"quant",3,8,5,0.94,1.40350140627052
"quant",3,8,5,0.95,1.23092274462921
"quant",3,8,5,0.96,1.04559734546359
"quant",3,8,5,0.97,0.838612180583579
"quant",3,8,5,0.98,0.613257810980262
"quant",3,8,5,0.99,0.354584596452297
"quant",3,8,5,0.995,0.198217056403864
"quant",3,8,6,0.9,4.0376842619572
"quant",3,8,6,0.91,3.86711265187098
"quant",3,8,6,0.92,3.66677110379715
"quant",3,8,6,0.93,3.43690208881775
"quant",3,8,6,0.94,3.17957756659575
"quant",3,8,6,0.95,2.87062366794922
"quant",3,8,6,0.96,2.45978431596693
"quant",3,8,6,0.97,1.98632556602198
"quant",3,8,6,0.98,1.45270037398472
"quant",3,8,6,0.99,0.813331367033084
"quant",3,8,6,0.995,0.433697741593383
"quant",3,8,7,0.9,4.35452390382525
"quant",3,8,7,0.91,4.13489591294675
"quant",3,8,7,0.92,3.88399698285521
"quant",3,8,7,0.93,3.6067855503861
"quant",3,8,7,0.94,3.30716019815035
"quant",3,8,7,0.95,2.97959348400729
"quant",3,8,7,0.96,2.6168496875895
"quant",3,8,7,0.97,2.20742366660026
"quant",3,8,7,0.98,1.74348599939329
"quant",3,8,7,0.99,1.02250785141604
"quant",3,8,7,0.995,0.570353946970973
"quant",3,8,8,0.9,1.87998769413396
"quant",3,8,8,0.91,1.77429629259723
"quant",3,8,8,0.92,1.66019846643155
"quant",3,8,8,0.93,1.53729208626709
"quant",3,8,8,0.94,1.40377048062357
"quant",3,8,8,0.95,1.25944089152745
"quant",3,8,8,0.96,1.09498089355224
"quant",3,8,8,0.97,0.899785888847273
"quant",3,8,8,0.98,0.670465536952459
"quant",3,8,8,0.99,0.380696712576644
"quant",3,8,8,0.995,0.201849662540982
"quant",3,8,9,0.9,2.36439921158324
"quant",3,8,9,0.91,2.22074959670989
"quant",3,8,9,0.92,2.06651308409344
"quant",3,8,9,0.93,1.89375192599169
"quant",3,8,9,0.94,1.70056191565502
"quant",3,8,9,0.95,1.49051243104078
"quant",3,8,9,0.96,1.26035816327771
"quant",3,8,9,0.97,1.00733995967922
"quant",3,8,9,0.98,0.724562313662398
"quant",3,8,9,0.99,0.397035427078176
"quant",3,8,9,0.995,0.217468604064564
"quant",3,8,10,0.9,3.63261022481547
"quant",3,8,10,0.91,3.44851739678157
"quant",3,8,10,0.92,3.2533227131795
"quant",3,8,10,0.93,3.04787425471321
"quant",3,8,10,0.94,2.82503933424233
"quant",3,8,10,0.95,2.5798282225388
"quant",3,8,10,0.96,2.31596502285286
"quant",3,8,10,0.97,2.01713776053287
"quant",3,8,10,0.98,1.67076370324154
"quant",3,8,10,0.99,0.929409649374094
"quant",3,8,10,0.995,0.495361244663807
"quant",4,8,1,0.9,3.5843767316224
"quant",4,8,1,0.91,3.42006927544851
"quant",4,8,1,0.92,3.2455391406111
"quant",4,8,1,0.93,3.05203167618344
"quant",4,8,1,0.94,2.83413056630074
"quant",4,8,1,0.95,2.58903280878036
"quant",4,8,1,0.96,2.3098108642882
"quant",4,8,1,0.97,1.99474438463206
"quant",4,8,1,0.98,1.62747895874368
"quant",4,8,1,0.99,1.01665518166656
"quant",4,8,1,0.995,0.573225487751767
"quant",4,8,2,0.9,1.95117868495379
"quant",4,8,2,0.91,1.81567859268073
"quant",4,8,2,0.92,1.67432321791688
"quant",4,8,2,0.93,1.52654211839848
"quant",4,8,2,0.94,1.36991180073062
"quant",4,8,2,0.95,1.20380900918254
"quant",4,8,2,0.96,1.02586934913487
"quant",4,8,2,0.97,0.828148701750413
"quant",4,8,2,0.98,0.603521416818214
"quant",4,8,2,0.99,0.338144455025693
"quant",4,8,2,0.995,0.187939000437436
"quant",4,8,3,0.9,2.25875021275581
"quant",4,8,3,0.91,2.13937832601917
"quant",4,8,3,0.92,2.01421751378655
"quant",4,8,3,0.93,1.88105666380174
"quant",4,8,3,0.94,1.73767386164464
"quant",4,8,3,0.95,1.57942086137936
"quant",4,8,3,0.96,1.40363630708109
"quant",4,8,3,0.97,1.20638253817825
"quant",4,8,3,0.98,0.963839506366939
"quant",4,8,3,0.99,0.53899997710981
"quant",4,8,3,0.995,0.289277278502088
"quant",4,8,4,0.9,5.29727397615431
"quant",4,8,4,0.91,5.08121479646807
"quant",4,8,4,0.92,4.83623891345247
"quant",4,8,4,0.93,4.55123106823335
"quant",4,8,4,0.94,4.22018641267673
"quant",4,8,4,0.95,3.78260274787493
"quant",4,8,4,0.96,3.26082086782729
"quant",4,8,4,0.97,2.64650494076831
"quant",4,8,4,0.98,1.97364655690553
"quant",4,8,4,0.99,1.14242395634066
"quant",4,8,4,0.995,0.628029388230992
"quant",4,8,5,0.9,2.00809799494254
"quant",4,8,5,0.91,1.86885020787345
"quant",4,8,5,0.92,1.72249275734167
"quant",4,8,5,0.93,1.56875374370241
"quant",4,8,5,0.94,1.40509128204139
"quant",4,8,5,0.95,1.23227597299246
"quant",4,8,5,0.96,1.04684217917336
"quant",4,8,5,0.97,0.839736620620604
"quant",4,8,5,0.98,0.61525840987125
"quant",4,8,5,0.99,0.355386401765287
"quant",4,8,5,0.995,0.198580312938691
"quant",4,8,6,0.9,4.03643802517304
"quant",4,8,6,0.91,3.86584022023052
"quant",4,8,6,0.92,3.66711973620225
"quant",4,8,6,0.93,3.43658044693098
"quant",4,8,6,0.94,3.18059152064415
"quant",4,8,6,0.95,2.87004547413465
"quant",4,8,6,0.96,2.45944119242919
"quant",4,8,6,0.97,1.98641316188531
"quant",4,8,6,0.98,1.45133238019078
"quant",4,8,6,0.99,0.813085039104755
"quant",4,8,6,0.995,0.430972423962112
"quant",4,8,7,0.9,4.35473435051165
"quant",4,8,7,0.91,4.13479310690185
"quant",4,8,7,0.92,3.88266019361709
"quant",4,8,7,0.93,3.60648994920249
"quant",4,8,7,0.94,3.30729114132558
"quant",4,8,7,0.95,2.97865200128348
"quant",4,8,7,0.96,2.61546607685567
"quant",4,8,7,0.97,2.20527494747153
"quant",4,8,7,0.98,1.74352453474445
"quant",4,8,7,0.99,1.02015055688814
"quant",4,8,7,0.995,0.570900883828506
"quant",4,8,8,0.9,1.85649344351175
"quant",4,8,8,0.91,1.75451226002278
"quant",4,8,8,0.92,1.64471336677255
"quant",4,8,8,0.93,1.52857560596528
"quant",4,8,8,0.94,1.40021123006908
"quant",4,8,8,0.95,1.25947795897839
"quant",4,8,8,0.96,1.09561491440629
"quant",4,8,8,0.97,0.900012131777742
"quant",4,8,8,0.98,0.669974027377357
"quant",4,8,8,0.99,0.37916024395155
"quant",4,8,8,0.995,0.20188530249549
"quant",4,8,9,0.9,2.34568126759508
"quant",4,8,9,0.91,2.21095051083967
"quant",4,8,9,0.92,2.06146179700695
"quant",4,8,9,0.93,1.8911710857873
"quant",4,8,9,0.94,1.69992852074427
"quant",4,8,9,0.95,1.48966010681897
"quant",4,8,9,0.96,1.25931367750889
"quant",4,8,9,0.97,1.00617363667794
"quant",4,8,9,0.98,0.724530806194615
"quant",4,8,9,0.99,0.396149049943024
"quant",4,8,9,0.995,0.218371128211676
"quant",4,8,10,0.9,3.63341440254504
"quant",4,8,10,0.91,3.44830033210011
"quant",4,8,10,0.92,3.25169177045162
"quant",4,8,10,0.93,3.04637770187597
"quant",4,8,10,0.94,2.82374019092503
"quant",4,8,10,0.95,2.57906208045792
"quant",4,8,10,0.96,2.31545009957954
"quant",4,8,10,0.97,2.01695630026207
"quant",4,8,10,0.98,1.67076370324154
"quant",4,8,10,0.99,0.928738230216353
"quant",4,8,10,0.995,0.497602396576699
"quant",5,8,1,0.9,3.59248212465311
"quant",5,8,1,0.91,3.42657302665466
"quant",5,8,1,0.92,3.25072232369108
"quant",5,8,1,0.93,3.05762155183749
"quant",5,8,1,0.94,2.8380501036353
"quant",5,8,1,0.95,2.59225158796065
"quant",5,8,1,0.96,2.31299754401283
"quant",5,8,1,0.97,2.00033316176614
"quant",5,8,1,0.98,1.63683500133069
"quant",5,8,1,0.99,1.03258900437169
"quant",5,8,1,0.995,0.586184156389757
"quant",5,8,2,0.9,1.95681721623219
"quant",5,8,2,0.91,1.82143384276114
"quant",5,8,2,0.92,1.67968959497183
"quant",5,8,2,0.93,1.53060874093609
"quant",5,8,2,0.94,1.37343060947977
"quant",5,8,2,0.95,1.20546651323716
"quant",5,8,2,0.96,1.02585713117698
"quant",5,8,2,0.97,0.829438803254352
"quant",5,8,2,0.98,0.604372575904847
"quant",5,8,2,0.99,0.33764023034948
"quant",5,8,2,0.995,0.187030053239515
"quant",5,8,3,0.9,2.27881411943556
"quant",5,8,3,0.91,2.15695769512161
"quant",5,8,3,0.92,2.0267372499435
"quant",5,8,3,0.93,1.89112809300674
"quant",5,8,3,0.94,1.74790081838605
"quant",5,8,3,0.95,1.59116402378668
"quant",5,8,3,0.96,1.41494248570269
"quant",5,8,3,0.97,1.21266482263965
"quant",5,8,3,0.98,0.98174253287895
"quant",5,8,3,0.99,0.552732260619868
"quant",5,8,3,0.995,0.30190909806916
"quant",5,8,4,0.9,5.29947662603724
"quant",5,8,4,0.91,5.08466859298569
"quant",5,8,4,0.92,4.83595210695026
"quant",5,8,4,0.93,4.55240789929164
"quant",5,8,4,0.94,4.22134695002828
"quant",5,8,4,0.95,3.78962098459948
"quant",5,8,4,0.96,3.2602472628659
"quant",5,8,4,0.97,2.64241756308148
"quant",5,8,4,0.98,1.96695188702144
"quant",5,8,4,0.99,1.14039388052513
"quant",5,8,4,0.995,0.631748212366982
"quant",5,8,5,0.9,2.01595534993236
"quant",5,8,5,0.91,1.87501038845554
"quant",5,8,5,0.92,1.72651080367889
"quant",5,8,5,0.93,1.57110670203636
"quant",5,8,5,0.94,1.40606139336072
"quant",5,8,5,0.95,1.23215527267755
"quant",5,8,5,0.96,1.04642863264516
"quant",5,8,5,0.97,0.839524806048573
"quant",5,8,5,0.98,0.615700304243497
"quant",5,8,5,0.99,0.358437717539254
"quant",5,8,5,0.995,0.202722645279679
"quant",5,8,6,0.9,4.05388007028269
"quant",5,8,6,0.91,3.88014470295184
"quant",5,8,6,0.92,3.67717850638422
"quant",5,8,6,0.93,3.44841081043214
"quant",5,8,6,0.94,3.19322342058128
"quant",5,8,6,0.95,2.87659556865778
"quant",5,8,6,0.96,2.46557135946509
"quant",5,8,6,0.97,1.98872400789178
"quant",5,8,6,0.98,1.44300387519009
"quant",5,8,6,0.99,0.836860565005443
"quant",5,8,6,0.995,0.45883111460051
"quant",5,8,7,0.9,4.35409220709663
"quant",5,8,7,0.91,4.13496964522114
"quant",5,8,7,0.92,3.88104695757214
"quant",5,8,7,0.93,3.60348837528953
"quant",5,8,7,0.94,3.30497815252713
"quant",5,8,7,0.95,2.97686266764164
"quant",5,8,7,0.96,2.61242498275335
"quant",5,8,7,0.97,2.20294289996284
"quant",5,8,7,0.98,1.7408107519578
"quant",5,8,7,0.99,1.02328810898448
"quant",5,8,7,0.995,0.571458492387367
"quant",5,8,8,0.9,1.89251802302913
"quant",5,8,8,0.91,1.78368545226425
"quant",5,8,8,0.92,1.66711924717075
"quant",5,8,8,0.93,1.54282737787896
"quant",5,8,8,0.94,1.40823609765159
"quant",5,8,8,0.95,1.26106426626336
"quant",5,8,8,0.96,1.09789457752861
"quant",5,8,8,0.97,0.903478121803477
"quant",5,8,8,0.98,0.681123999085596
"quant",5,8,8,0.99,0.394683078891186
"quant",5,8,8,0.995,0.224675545498532
"quant",5,8,9,0.9,2.3832221698366
"quant",5,8,9,0.91,2.23517643972284
"quant",5,8,9,0.92,2.0730901360332
"quant",5,8,9,0.93,1.89756127706071
"quant",5,8,9,0.94,1.70499788594438
"quant",5,8,9,0.95,1.49546166765485
"quant",5,8,9,0.96,1.26522766712454
"quant",5,8,9,0.97,1.0099949366039
"quant",5,8,9,0.98,0.727688122480047
"quant",5,8,9,0.99,0.39953076613244
"quant",5,8,9,0.995,0.222513187325072
"quant",5,8,10,0.9,3.64149062632905
"quant",5,8,10,0.91,3.45880319809712
"quant",5,8,10,0.92,3.26462841944866
"quant",5,8,10,0.93,3.05603714212943
"quant",5,8,10,0.94,2.83074777879711
"quant",5,8,10,0.95,2.58550299520624
"quant",5,8,10,0.96,2.31916129249636
"quant",5,8,10,0.97,2.01843938030289
"quant",5,8,10,0.98,1.67333224069078
"quant",5,8,10,0.99,0.942832306197207
"quant",5,8,10,0.995,0.521255930623612
"quant",1,10,1,0.9,3.58981503246607
"quant",1,10,1,0.91,3.42892091065415
"quant",1,10,1,0.92,3.25377773042005
"quant",1,10,1,0.93,3.05871885001324
"quant",1,10,1,0.94,2.83814795738466
"quant",1,10,1,0.95,2.59059684579179
"quant",1,10,1,0.96,2.31162543736006
"quant",1,10,1,0.97,1.99560042952534
"quant",1,10,1,0.98,1.63857094412013
"quant",1,10,1,0.99,1.01923914689317
"quant",1,10,1,0.995,0.640139647854434
"quant",1,10,2,0.9,1.95260041831255
"quant",1,10,2,0.91,1.81722083086506
"quant",1,10,2,0.92,1.67570770856866
"quant",1,10,2,0.93,1.52750042044072
"quant",1,10,2,0.94,1.37110548337882
"quant",1,10,2,0.95,1.20492945985693
"quant",1,10,2,0.96,1.02607086213301
"quant",1,10,2,0.97,0.828106158019345
"quant",1,10,2,0.98,0.60505681949123
"quant",1,10,2,0.99,0.342475451159152
"quant",1,10,2,0.995,0.193402297305695
"quant",1,10,3,0.9,2.25973242323292
"quant",1,10,3,0.91,2.14059129169964
"quant",1,10,3,0.92,2.01479812534759
"quant",1,10,3,0.93,1.88143143244282
"quant",1,10,3,0.94,1.73801815154613
"quant",1,10,3,0.95,1.57969035551464
"quant",1,10,3,0.96,1.40630744865327
"quant",1,10,3,0.97,1.20649714295304
"quant",1,10,3,0.98,0.964099252666856
"quant",1,10,3,0.99,0.539842680676279
"quant",1,10,3,0.995,0.290049751323457
"quant",1,10,4,0.9,5.30120005327689
"quant",1,10,4,0.91,5.08620702143063
"quant",1,10,4,0.92,4.84146504659101
"quant",1,10,4,0.93,4.55725294940762
"quant",1,10,4,0.94,4.22413764340671
"quant",1,10,4,0.95,3.78279527334662
"quant",1,10,4,0.96,3.25937562433001
"quant",1,10,4,0.97,2.64934734457643
"quant",1,10,4,0.98,1.98240252812498
"quant",1,10,4,0.99,1.14202901172229
"quant",1,10,4,0.995,0.637271866003897
"quant",1,10,5,0.9,2.00864692673189
"quant",1,10,5,0.91,1.86843098023384
"quant",1,10,5,0.92,1.72303562101325
"quant",1,10,5,0.93,1.57086779650724
"quant",1,10,5,0.94,1.40803823430069
"quant",1,10,5,0.95,1.23496420294548
"quant",1,10,5,0.96,1.04669223935634
"quant",1,10,5,0.97,0.841627865251126
"quant",1,10,5,0.98,0.615265216780298
"quant",1,10,5,0.99,0.357232961379813
"quant",1,10,5,0.995,0.209756853463597
"quant",1,10,6,0.9,4.03802574060714
"quant",1,10,6,0.91,3.86703004156508
"quant",1,10,6,0.92,3.66708909044131
"quant",1,10,6,0.93,3.43666745810681
"quant",1,10,6,0.94,3.19760034375007
"quant",1,10,6,0.95,2.87725356302258
"quant",1,10,6,0.96,2.4607477663739
"quant",1,10,6,0.97,1.98975513330728
"quant",1,10,6,0.98,1.45679697772506
"quant",1,10,6,0.99,0.825346983728251
"quant",1,10,6,0.995,0.474221758938932
"quant",1,10,7,0.9,4.35447856132075
"quant",1,10,7,0.91,4.13320465470384
"quant",1,10,7,0.92,3.88104813081917
"quant",1,10,7,0.93,3.6031461737492
"quant",1,10,7,0.94,3.30710459284993
"quant",1,10,7,0.95,2.97933309454171
"quant",1,10,7,0.96,2.61355413904132
"quant",1,10,7,0.97,2.20849048144793
"quant",1,10,7,0.98,1.74817088193777
"quant",1,10,7,0.99,1.02481293081927
"quant",1,10,7,0.995,0.587728504870613
"quant",1,10,8,0.9,1.85818415697614
"quant",1,10,8,0.91,1.75526794975317
"quant",1,10,8,0.92,1.64571968283564
"quant",1,10,8,0.93,1.52830178494939
"quant",1,10,8,0.94,1.40076405080747
"quant",1,10,8,0.95,1.26151681416135
"quant",1,10,8,0.96,1.09705194833532
"quant",1,10,8,0.97,0.899486886143668
"quant",1,10,8,0.98,0.670331012931051
"quant",1,10,8,0.99,0.383219057835066
"quant",1,10,8,0.995,0.211434176955829
"quant",1,10,9,0.9,2.34718761709364
"quant",1,10,9,0.91,2.21015689907707
"quant",1,10,9,0.92,2.06022468058957
"quant",1,10,9,0.93,1.89202653452734
"quant",1,10,9,0.94,1.70166090692617
"quant",1,10,9,0.95,1.49233166789768
"quant",1,10,9,0.96,1.2640421608902
"quant",1,10,9,0.97,1.01035964331073
"quant",1,10,9,0.98,0.722562102999816
"quant",1,10,9,0.99,0.397038683267311
"quant",1,10,9,0.995,0.216316868197101
"quant",1,10,10,0.9,3.63264973988353
"quant",1,10,10,0.91,3.44863902037167
"quant",1,10,10,0.92,3.2532503737826
"quant",1,10,10,0.93,3.04465625665861
"quant",1,10,10,0.94,2.82289018968412
"quant",1,10,10,0.95,2.57870116789187
"quant",1,10,10,0.96,2.31491936768598
"quant",1,10,10,0.97,2.01680643611177
"quant",1,10,10,0.98,1.67076370324154
"quant",1,10,10,0.99,0.928732977394378
"quant",1,10,10,0.995,0.508567183987157
"quant",2,10,1,0.9,3.58476450544014
"quant",2,10,1,0.91,3.41938637376297
"quant",2,10,1,0.92,3.24520033850989
"quant",2,10,1,0.93,3.05198745401319
"quant",2,10,1,0.94,2.834675472298
"quant",2,10,1,0.95,2.58963036467919
"quant",2,10,1,0.96,2.30975343323775
"quant",2,10,1,0.97,1.9950520396454
"quant",2,10,1,0.98,1.62899662607035
"quant",2,10,1,0.99,1.00996717206283
"quant",2,10,1,0.995,0.562161753025359
"quant",2,10,2,0.9,1.95193144629691
"quant",2,10,2,0.91,1.81667183179425
"quant",2,10,2,0.92,1.675246391295
"quant",2,10,2,0.93,1.5274668429067
"quant",2,10,2,0.94,1.37176621986838
"quant",2,10,2,0.95,1.20561125659353
"quant",2,10,2,0.96,1.02661463837452
"quant",2,10,2,0.97,0.82758074604711
"quant",2,10,2,0.98,0.602515461503094
"quant",2,10,2,0.99,0.338792969031976
"quant",2,10,2,0.995,0.187668737127866
"quant",2,10,3,0.9,2.25865137680085
"quant",2,10,3,0.91,2.13921387015659
"quant",2,10,3,0.92,2.01399156052997
"quant",2,10,3,0.93,1.88066957558931
"quant",2,10,3,0.94,1.73781663674729
"quant",2,10,3,0.95,1.57948024753131
"quant",2,10,3,0.96,1.40405756761263
"quant",2,10,3,0.97,1.20571828999616
"quant",2,10,3,0.98,0.963839506366939
"quant",2,10,3,0.99,0.539119669469811
"quant",2,10,3,0.995,0.289682399574068
"quant",2,10,4,0.9,5.30020008523433
"quant",2,10,4,0.91,5.0849305006945
"quant",2,10,4,0.92,4.83637501738757
"quant",2,10,4,0.93,4.55161570114416
"quant",2,10,4,0.94,4.2213835015763
"quant",2,10,4,0.95,3.78295244488776
"quant",2,10,4,0.96,3.25779277854907
"quant",2,10,4,0.97,2.64563249335267
"quant",2,10,4,0.98,1.9726734936925
"quant",2,10,4,0.99,1.13868550621868
"quant",2,10,4,0.995,0.622121176903511
"quant",2,10,5,0.9,2.00676873244039
"quant",2,10,5,0.91,1.86719558729959
"quant",2,10,5,0.92,1.72095036881255
"quant",2,10,5,0.93,1.56808124352172
"quant",2,10,5,0.94,1.40459013766687
"quant",2,10,5,0.95,1.23181560019222
"quant",2,10,5,0.96,1.04685622633406
"quant",2,10,5,0.97,0.838945727702797
"quant",2,10,5,0.98,0.613810642674142
"quant",2,10,5,0.99,0.35233762655716
"quant",2,10,5,0.995,0.195488784802748
"quant",2,10,6,0.9,4.03604170369858
"quant",2,10,6,0.91,3.8652731375761
"quant",2,10,6,0.92,3.66644465176477
"quant",2,10,6,0.93,3.43754782649489
"quant",2,10,6,0.94,3.18027702067028
"quant",2,10,6,0.95,2.86997254368874
"quant",2,10,6,0.96,2.46241252103871
"quant",2,10,6,0.97,1.98922727391936
"quant",2,10,6,0.98,1.4544397183398
"quant",2,10,6,0.99,0.815336475722472
"quant",2,10,6,0.995,0.433538097196383
"quant",2,10,7,0.9,4.35292372541768
"quant",2,10,7,0.91,4.13369722828618
"quant",2,10,7,0.92,3.88182769031523
"quant",2,10,7,0.93,3.60687606350397
"quant",2,10,7,0.94,3.30635191445269
"quant",2,10,7,0.95,2.978367019773
"quant",2,10,7,0.96,2.61638677570394
"quant",2,10,7,0.97,2.20755872744647
"quant",2,10,7,0.98,1.74249732886359
"quant",2,10,7,0.99,1.01892869071815
"quant",2,10,7,0.995,0.571790167307801
"quant",2,10,8,0.9,1.85568940913101
"quant",2,10,8,0.91,1.75431674720925
"quant",2,10,8,0.92,1.64447404107152
"quant",2,10,8,0.93,1.52752779407274
"quant",2,10,8,0.94,1.39935263327208
"quant",2,10,8,0.95,1.25939534097384
"quant",2,10,8,0.96,1.09557662198782
"quant",2,10,8,0.97,0.899799273895596
"quant",2,10,8,0.98,0.669617857729032
"quant",2,10,8,0.99,0.379230629208701
"quant",2,10,8,0.995,0.201594793226015
"quant",2,10,9,0.9,2.34549680883558
"quant",2,10,9,0.91,2.21061061493775
"quant",2,10,9,0.92,2.06031993406247
"quant",2,10,9,0.93,1.88977189156389
"quant",2,10,9,0.94,1.6983973089855
"quant",2,10,9,0.95,1.48867844380063
"quant",2,10,9,0.96,1.25869334274733
"quant",2,10,9,0.97,1.00546808925429
"quant",2,10,9,0.98,0.722112674786863
"quant",2,10,9,0.99,0.396377150231847
"quant",2,10,9,0.995,0.214540138807285
"quant",2,10,10,0.9,3.63263444635946
"quant",2,10,10,0.91,3.44868363402902
"quant",2,10,10,0.92,3.2521856078764
"quant",2,10,10,0.93,3.0476144281062
"quant",2,10,10,0.94,2.82495477869044
"quant",2,10,10,0.95,2.5793974336769
"quant",2,10,10,0.96,2.3153121332539
"quant",2,10,10,0.97,2.01704785845499
"quant",2,10,10,0.98,1.67076370324154
"quant",2,10,10,0.99,0.927843814849719
"quant",2,10,10,0.995,0.495468440824492
"quant",3,10,1,0.9,3.58569805157636
"quant",3,10,1,0.91,3.42159717377058
"quant",3,10,1,0.92,3.24693832399003
"quant",3,10,1,0.93,3.05334063351941
"quant",3,10,1,0.94,2.83482134079786
"quant",3,10,1,0.95,2.58992045293754
"quant",3,10,1,0.96,2.3110816077158
"quant",3,10,1,0.97,1.99469592017364
"quant",3,10,1,0.98,1.62841506735796
"quant",3,10,1,0.99,1.01149195879611
"quant",3,10,1,0.995,0.565880435089299
"quant",3,10,2,0.9,1.95803266700604
"quant",3,10,2,0.91,1.82219088971952
"quant",3,10,2,0.92,1.67997449369999
"quant",3,10,2,0.93,1.53099370265182
"quant",3,10,2,0.94,1.37335900974923
"quant",3,10,2,0.95,1.20739145837901
"quant",3,10,2,0.96,1.02691404666884
"quant",3,10,2,0.97,0.829716467176433
"quant",3,10,2,0.98,0.60390869207354
"quant",3,10,2,0.99,0.340295262779103
"quant",3,10,2,0.995,0.18934898561625
"quant",3,10,3,0.9,2.262834909608
"quant",3,10,3,0.91,2.14149547361083
"quant",3,10,3,0.92,2.01600520561904
"quant",3,10,3,0.93,1.88253091861275
"quant",3,10,3,0.94,1.73913481608582
"quant",3,10,3,0.95,1.58243517908557
"quant",3,10,3,0.96,1.40704003593079
"quant",3,10,3,0.97,1.20660923411774
"quant",3,10,3,0.98,0.964023935195265
"quant",3,10,3,0.99,0.539857123426823
"quant",3,10,3,0.995,0.290259567371912
"quant",3,10,4,0.9,5.30148028541109
"quant",3,10,4,0.91,5.08760555557285
"quant",3,10,4,0.92,4.8389854046688
"quant",3,10,4,0.93,4.55329928334977
"quant",3,10,4,0.94,4.22209723120593
"quant",3,10,4,0.95,3.78301710419874
"quant",3,10,4,0.96,3.25743340663351
"quant",3,10,4,0.97,2.64591673085431
"quant",3,10,4,0.98,1.97358702609478
"quant",3,10,4,0.99,1.14046418920863
"quant",3,10,4,0.995,0.624676543490209
"quant",3,10,5,0.9,2.00440617069415
"quant",3,10,5,0.91,1.86574471558669
"quant",3,10,5,0.92,1.71958210428981
"quant",3,10,5,0.93,1.56777441612342
"quant",3,10,5,0.94,1.40417577278995
"quant",3,10,5,0.95,1.23143695026108
"quant",3,10,5,0.96,1.04624999256657
"quant",3,10,5,0.97,0.839314982944261
"quant",3,10,5,0.98,0.613444215365886
"quant",3,10,5,0.99,0.354642105535291
"quant",3,10,5,0.995,0.198346143530945
"quant",3,10,6,0.9,4.03701504726599
"quant",3,10,6,0.91,3.86607967074007
"quant",3,10,6,0.92,3.66614655170321
"quant",3,10,6,0.93,3.43653358437387
"quant",3,10,6,0.94,3.17935835239505
"quant",3,10,6,0.95,2.87032288097815
"quant",3,10,6,0.96,2.46017982272946
"quant",3,10,6,0.97,1.98682005120698
"quant",3,10,6,0.98,1.45377225439846
"quant",3,10,6,0.99,0.814675667037021
"quant",3,10,6,0.995,0.433966649696857
"quant",3,10,7,0.9,4.35498503156539
"quant",3,10,7,0.91,4.13539022510076
"quant",3,10,7,0.92,3.88417666633224
"quant",3,10,7,0.93,3.60729982696958
"quant",3,10,7,0.94,3.30745574121578
"quant",3,10,7,0.95,2.98007358186902
"quant",3,10,7,0.96,2.61759138497638
"quant",3,10,7,0.97,2.20825449760812
"quant",3,10,7,0.98,1.74394438432888
"quant",3,10,7,0.99,1.02239575939766
"quant",3,10,7,0.995,0.570926801388943
"quant",3,10,8,0.9,1.8663655818814
"quant",3,10,8,0.91,1.76358209921699
"quant",3,10,8,0.92,1.65294364690774
"quant",3,10,8,0.93,1.53315811795285
"quant",3,10,8,0.94,1.40231517108414
"quant",3,10,8,0.95,1.25932741804076
"quant",3,10,8,0.96,1.09562370788871
"quant",3,10,8,0.97,0.90069067293222
"quant",3,10,8,0.98,0.669962298734438
"quant",3,10,8,0.99,0.380331297560832
"quant",3,10,8,0.995,0.201555100842758
"quant",3,10,9,0.9,2.36315849359182
"quant",3,10,9,0.91,2.21998443489971
"quant",3,10,9,0.92,2.06591581517905
"quant",3,10,9,0.93,1.89299623675992
"quant",3,10,9,0.94,1.69991117958659
"quant",3,10,9,0.95,1.48952040295133
"quant",3,10,9,0.96,1.25996699970973
"quant",3,10,9,0.97,1.0068389989448
"quant",3,10,9,0.98,0.723830682423551
"quant",3,10,9,0.99,0.396964784618073
"quant",3,10,9,0.995,0.217176140548938
"quant",3,10,10,0.9,3.63389347319737
"quant",3,10,10,0.91,3.44948295267326
"quant",3,10,10,0.92,3.25349079619905
"quant",3,10,10,0.93,3.04769148136115
"quant",3,10,10,0.94,2.82486768521637
"quant",3,10,10,0.95,2.57949187856569
"quant",3,10,10,0.96,2.31542025676498
"quant",3,10,10,0.97,2.01706299569034
"quant",3,10,10,0.98,1.67076370324154
"quant",3,10,10,0.99,0.929193388616608
"quant",3,10,10,0.995,0.49445359937041
"quant",4,10,1,0.9,3.58515734147157
"quant",4,10,1,0.91,3.42155355643576
"quant",4,10,1,0.92,3.24771796716577
"quant",4,10,1,0.93,3.05431041295708
"quant",4,10,1,0.94,2.83583083420054
"quant",4,10,1,0.95,2.58984476591408
"quant",4,10,1,0.96,2.31054959017182
"quant",4,10,1,0.97,1.99344515261942
"quant",4,10,1,0.98,1.62772053680397
"quant",4,10,1,0.99,1.01090731859953
"quant",4,10,1,0.995,0.569832080889689
"quant",4,10,2,0.9,1.95084935554319
"quant",4,10,2,0.91,1.81617259682261
"quant",4,10,2,0.92,1.67447066492297
"quant",4,10,2,0.93,1.52624551836132
"quant",4,10,2,0.94,1.36961526845804
"quant",4,10,2,0.95,1.20442655451058
"quant",4,10,2,0.96,1.02610456721689
"quant",4,10,2,0.97,0.827804867304397
"quant",4,10,2,0.98,0.602964211722494
"quant",4,10,2,0.99,0.33754026189773
"quant",4,10,2,0.995,0.186776651296191
"quant",4,10,3,0.9,2.25855528565615
"quant",4,10,3,0.91,2.1383175834538
"quant",4,10,3,0.92,2.01328071137878
"quant",4,10,3,0.93,1.87972840837604
"quant",4,10,3,0.94,1.73671336072476
"quant",4,10,3,0.95,1.57919131778157
"quant",4,10,3,0.96,1.40446421067167
"quant",4,10,3,0.97,1.2059230234359
"quant",4,10,3,0.98,0.963839506366939
"quant",4,10,3,0.99,0.540225767558948
"quant",4,10,3,0.995,0.288277843138035
"quant",4,10,4,0.9,5.30149354041653
"quant",4,10,4,0.91,5.08647804910028
"quant",4,10,4,0.92,4.839022479765
"quant",4,10,4,0.93,4.55579641472779
"quant",4,10,4,0.94,4.22214848535473
"quant",4,10,4,0.95,3.78423938069991
"quant",4,10,4,0.96,3.25931969054592
"quant",4,10,4,0.97,2.64730328726066
"quant",4,10,4,0.98,1.97183684918138
"quant",4,10,4,0.99,1.14063831145272
"quant",4,10,4,0.995,0.62768381081612
"quant",4,10,5,0.9,2.0088115225953
"quant",4,10,5,0.91,1.86855809302566
"quant",4,10,5,0.92,1.72138254928883
"quant",4,10,5,0.93,1.56836641207537
"quant",4,10,5,0.94,1.40459310036212
"quant",4,10,5,0.95,1.23250301268918
"quant",4,10,5,0.96,1.04712928502198
"quant",4,10,5,0.97,0.839291866166726
"quant",4,10,5,0.98,0.615694850400097
"quant",4,10,5,0.99,0.355549991748932
"quant",4,10,5,0.995,0.196598851003776
"quant",4,10,6,0.9,4.03784785422587
"quant",4,10,6,0.91,3.86651986529784
"quant",4,10,6,0.92,3.66670877366757
"quant",4,10,6,0.93,3.43749460266948
"quant",4,10,6,0.94,3.17954301120046
"quant",4,10,6,0.95,2.87135223116107
"quant",4,10,6,0.96,2.45998981936733
"quant",4,10,6,0.97,1.99254584446431
"quant",4,10,6,0.98,1.46072715685156
"quant",4,10,6,0.99,0.818145289878291
"quant",4,10,6,0.995,0.433504939997538
"quant",4,10,7,0.9,4.35291073101792
"quant",4,10,7,0.91,4.1329938957557
"quant",4,10,7,0.92,3.88022661208947
"quant",4,10,7,0.93,3.60448383926966
"quant",4,10,7,0.94,3.30563372365775
"quant",4,10,7,0.95,2.97830543807387
"quant",4,10,7,0.96,2.61714171258531
"quant",4,10,7,0.97,2.20612400917765
"quant",4,10,7,0.98,1.74256439547834
"quant",4,10,7,0.99,1.02602235504431
"quant",4,10,7,0.995,0.577966350822927
"quant",4,10,8,0.9,1.85691381569803
"quant",4,10,8,0.91,1.755084651214
"quant",4,10,8,0.92,1.64548095289475
"quant",4,10,8,0.93,1.52891553203603
"quant",4,10,8,0.94,1.40099873402109
"quant",4,10,8,0.95,1.26007753812954
"quant",4,10,8,0.96,1.09616596042478
"quant",4,10,8,0.97,0.899989234413994
"quant",4,10,8,0.98,0.670606182479022
"quant",4,10,8,0.99,0.379703221709892
"quant",4,10,8,0.995,0.201506989113003
"quant",4,10,9,0.9,2.34577801827117
"quant",4,10,9,0.91,2.21170726123599
"quant",4,10,9,0.92,2.06180163741976
"quant",4,10,9,0.93,1.89150781605142
"quant",4,10,9,0.94,1.7006698350258
"quant",4,10,9,0.95,1.48951067772662
"quant",4,10,9,0.96,1.25905588986307
"quant",4,10,9,0.97,1.00695659218007
"quant",4,10,9,0.98,0.72383330281869
"quant",4,10,9,0.99,0.396554904762017
"quant",4,10,9,0.995,0.217505183800779
"quant",4,10,10,0.9,3.63394884551311
"quant",4,10,10,0.91,3.44896179156955
"quant",4,10,10,0.92,3.25218600241374
"quant",4,10,10,0.93,3.0474023763648
"quant",4,10,10,0.94,2.82442333920847
"quant",4,10,10,0.95,2.57890968870041
"quant",4,10,10,0.96,2.31581133412142
"quant",4,10,10,0.97,2.01706854411506
"quant",4,10,10,0.98,1.67076370324154
"quant",4,10,10,0.99,0.92696428832863
"quant",4,10,10,0.995,0.495762227691492
"quant",5,10,1,0.9,3.58581334667447
"quant",5,10,1,0.91,3.42253274015366
"quant",5,10,1,0.92,3.24757138021898
"quant",5,10,1,0.93,3.05417054443974
"quant",5,10,1,0.94,2.83528629728749
"quant",5,10,1,0.95,2.58863060854534
"quant",5,10,1,0.96,2.30933346410261
"quant",5,10,1,0.97,1.99181421657425
"quant",5,10,1,0.98,1.62709856734856
"quant",5,10,1,0.99,1.01345690033148
"quant",5,10,1,0.995,0.572919464287504
"quant",5,10,2,0.9,1.95591494465182
"quant",5,10,2,0.91,1.82128550436159
"quant",5,10,2,0.92,1.67975881169579
"quant",5,10,2,0.93,1.53039368958229
"quant",5,10,2,0.94,1.37346323518567
"quant",5,10,2,0.95,1.20610458128723
"quant",5,10,2,0.96,1.02650846770727
"quant",5,10,2,0.97,0.829656902928799
"quant",5,10,2,0.98,0.604645523953784
"quant",5,10,2,0.99,0.338182131394981
"quant",5,10,2,0.995,0.187435599412107
"quant",5,10,3,0.9,2.28669501207614
"quant",5,10,3,0.91,2.16230057485931
"quant",5,10,3,0.92,2.03088375723051
"quant",5,10,3,0.93,1.89262688750641
"quant",5,10,3,0.94,1.74591720082196
"quant",5,10,3,0.95,1.59001876985199
"quant",5,10,3,0.96,1.4159188439429
"quant",5,10,3,0.97,1.21180459426741
"quant",5,10,3,0.98,0.994902207480318
"quant",5,10,3,0.99,0.561788341365545
"quant",5,10,3,0.995,0.312319401033861
"quant",5,10,4,0.9,5.30052550423783
"quant",5,10,4,0.91,5.08617325797683
"quant",5,10,4,0.92,4.83779461791261
"quant",5,10,4,0.93,4.55628934405311
"quant",5,10,4,0.94,4.225242374721
"quant",5,10,4,0.95,3.7811894262691
"quant",5,10,4,0.96,3.25941793009043
"quant",5,10,4,0.97,2.64618217467273
"quant",5,10,4,0.98,1.97873335485999
"quant",5,10,4,0.99,1.15051768207986
"quant",5,10,4,0.995,0.643900044753179
"quant",5,10,5,0.9,2.0201694662877
"quant",5,10,5,0.91,1.87830455414129
"quant",5,10,5,0.92,1.72795561621888
"quant",5,10,5,0.93,1.57167108922253
"quant",5,10,5,0.94,1.40612926239513
"quant",5,10,5,0.95,1.23128646947952
"quant",5,10,5,0.96,1.0456337235029
"quant",5,10,5,0.97,0.840538970794394
"quant",5,10,5,0.98,0.616564446796474
"quant",5,10,5,0.99,0.356103373919481
"quant",5,10,5,0.995,0.198835373640622
"quant",5,10,6,0.9,4.03928463241563
"quant",5,10,6,0.91,3.86805727687633
"quant",5,10,6,0.92,3.66797570077633
"quant",5,10,6,0.93,3.43696654660804
"quant",5,10,6,0.94,3.1798762676483
"quant",5,10,6,0.95,2.87257666245694
"quant",5,10,6,0.96,2.45773910727969
"quant",5,10,6,0.97,1.98756189357886
"quant",5,10,6,0.98,1.45205848554381
"quant",5,10,6,0.99,0.817892745978036
"quant",5,10,6,0.995,0.439763195134774
"quant",5,10,7,0.9,4.35936329824675
"quant",5,10,7,0.91,4.1392990120401
"quant",5,10,7,0.92,3.88674720419563
"quant",5,10,7,0.93,3.60825672718569
"quant",5,10,7,0.94,3.3099352324341
"quant",5,10,7,0.95,2.98046539747029
"quant",5,10,7,0.96,2.61656671174694
"quant",5,10,7,0.97,2.2073465372962
"quant",5,10,7,0.98,1.74332655730559
"quant",5,10,7,0.99,1.0330968489669
"quant",5,10,7,0.995,0.578575453796959
"quant",5,10,8,0.9,1.893319498935
"quant",5,10,8,0.91,1.7840818138219
"quant",5,10,8,0.92,1.66877712691717
"quant",5,10,8,0.93,1.54482105151641
"quant",5,10,8,0.94,1.41102192171583
"quant",5,10,8,0.95,1.26467939112364
"quant",5,10,8,0.96,1.09893778504102
"quant",5,10,8,0.97,0.905271671009221
"quant",5,10,8,0.98,0.680339866494999
"quant",5,10,8,0.99,0.387858366419485
"quant",5,10,8,0.995,0.221994867137004
"quant",5,10,9,0.9,2.37791203294652
"quant",5,10,9,0.91,2.23139835615003
"quant",5,10,9,0.92,2.07225951472172
"quant",5,10,9,0.93,1.89739269453492
"quant",5,10,9,0.94,1.70226498470683
"quant",5,10,9,0.95,1.49360975480012
"quant",5,10,9,0.96,1.26464416577347
"quant",5,10,9,0.97,1.0115290187371
"quant",5,10,9,0.98,0.727083452763304
"quant",5,10,9,0.99,0.396548756565669
"quant",5,10,9,0.995,0.220780702360026
"quant",5,10,10,0.9,3.65059109187588
"quant",5,10,10,0.91,3.46971005427118
"quant",5,10,10,0.92,3.27561998708612
"quant",5,10,10,0.93,3.06503156589987
"quant",5,10,10,0.94,2.83544155648187
"quant",5,10,10,0.95,2.58773592781908
"quant",5,10,10,0.96,2.32007559817042
"quant",5,10,10,0.97,2.01948258705955
"quant",5,10,10,0.98,1.68114773769127
"quant",5,10,10,0.99,0.938825881277524
"quant",5,10,10,0.995,0.515629283355596
"quant",1,12,1,0.9,3.58898233658793
"quant",1,12,1,0.91,3.42742038187725
"quant",1,12,1,0.92,3.25292065326346
"quant",1,12,1,0.93,3.05800641994672
"quant",1,12,1,0.94,2.83803235505858
"quant",1,12,1,0.95,2.59062627968749
"quant",1,12,1,0.96,2.31152698998819
"quant",1,12,1,0.97,1.99502963710995
"quant",1,12,1,0.98,1.63902301381983
"quant",1,12,1,0.99,1.02048839377361
"quant",1,12,1,0.995,0.642111632260778
"quant",1,12,2,0.9,1.95172507282066
"quant",1,12,2,0.91,1.81642046286858
"quant",1,12,2,0.92,1.67494560869751
"quant",1,12,2,0.93,1.52674549527956
"quant",1,12,2,0.94,1.37010851713296
"quant",1,12,2,0.95,1.20464911987837
"quant",1,12,2,0.96,1.0262306762743
"quant",1,12,2,0.97,0.828941242601512
"quant",1,12,2,0.98,0.605012421774089
"quant",1,12,2,0.99,0.341762810268745
"quant",1,12,2,0.995,0.193269002931034
"quant",1,12,3,0.9,2.25985964038244
"quant",1,12,3,0.91,2.1397854171084
"quant",1,12,3,0.92,2.01381364735515
"quant",1,12,3,0.93,1.88061973356794
"quant",1,12,3,0.94,1.73782688378663
"quant",1,12,3,0.95,1.57957903469165
"quant",1,12,3,0.96,1.40620498384282
"quant",1,12,3,0.97,1.20707871301531
"quant",1,12,3,0.98,0.964214859642058
"quant",1,12,3,0.99,0.539456126486854
"quant",1,12,3,0.995,0.290249446610385
"quant",1,12,4,0.9,5.30088764772039
"quant",1,12,4,0.91,5.0863003927101
"quant",1,12,4,0.92,4.84095205231392
"quant",1,12,4,0.93,4.55670516574527
"quant",1,12,4,0.94,4.22402950628178
"quant",1,12,4,0.95,3.78275045164779
"quant",1,12,4,0.96,3.25895728109949
"quant",1,12,4,0.97,2.64945762345095
"quant",1,12,4,0.98,1.98004560044231
"quant",1,12,4,0.99,1.14184169967107
"quant",1,12,4,0.995,0.637423598609066
"quant",1,12,5,0.9,2.00682871388817
"quant",1,12,5,0.91,1.86682410907423
"quant",1,12,5,0.92,1.72075602043796
"quant",1,12,5,0.93,1.56851818678436
"quant",1,12,5,0.94,1.40650362162418
"quant",1,12,5,0.95,1.23422274118796
"quant",1,12,5,0.96,1.04646108076525
"quant",1,12,5,0.97,0.841906084397164
"quant",1,12,5,0.98,0.615533311214172
"quant",1,12,5,0.99,0.357843089654807
"quant",1,12,5,0.995,0.210829610156289
"quant",1,12,6,0.9,4.03637871609648
"quant",1,12,6,0.91,3.86549957793223
"quant",1,12,6,0.92,3.66604880760049
"quant",1,12,6,0.93,3.43608178009013
"quant",1,12,6,0.94,3.1954723895289
"quant",1,12,6,0.95,2.87639644680468
"quant",1,12,6,0.96,2.46115034877681
"quant",1,12,6,0.97,1.99007937200203
"quant",1,12,6,0.98,1.45703652997783
"quant",1,12,6,0.99,0.826934206441958
"quant",1,12,6,0.995,0.476568603267396
"quant",1,12,7,0.9,4.3527986846958
"quant",1,12,7,0.91,4.13197592626003
"quant",1,12,7,0.92,3.87957766234606
"quant",1,12,7,0.93,3.60053144781561
"quant",1,12,7,0.94,3.30559842876815
"quant",1,12,7,0.95,2.97904659647769
"quant",1,12,7,0.96,2.61280152058297
"quant",1,12,7,0.97,2.20783389134625
"quant",1,12,7,0.98,1.74730174992195
"quant",1,12,7,0.99,1.02414814545067
"quant",1,12,7,0.995,0.58720925836421
"quant",1,12,8,0.9,1.85618032265238
"quant",1,12,8,0.91,1.75343134681789
"quant",1,12,8,0.92,1.64387745339235
"quant",1,12,8,0.93,1.52693146937893
"quant",1,12,8,0.94,1.39933601957797
"quant",1,12,8,0.95,1.26064542877041
"quant",1,12,8,0.96,1.09697844068238
"quant",1,12,8,0.97,0.899499975144337
"quant",1,12,8,0.98,0.670463002332653
"quant",1,12,8,0.99,0.38367115280056
"quant",1,12,8,0.995,0.21186154784021
"quant",1,12,9,0.9,2.34458817448066
"quant",1,12,9,0.91,2.20866669210574
"quant",1,12,9,0.92,2.05956235665704
"quant",1,12,9,0.93,1.89202629324939
"quant",1,12,9,0.94,1.7023017901791
"quant",1,12,9,0.95,1.49339757199145
"quant",1,12,9,0.96,1.26423121859946
"quant",1,12,9,0.97,1.01050279042899
"quant",1,12,9,0.98,0.722872947896827
"quant",1,12,9,0.99,0.396491150632033
"quant",1,12,9,0.995,0.21601136186202
"quant",1,12,10,0.9,3.63201650862153
"quant",1,12,10,0.91,3.44781471820293
"quant",1,12,10,0.92,3.25261811081552
"quant",1,12,10,0.93,3.04383587536739
"quant",1,12,10,0.94,2.82131877266987
"quant",1,12,10,0.95,2.5782989329918
"quant",1,12,10,0.96,2.31409940659893
"quant",1,12,10,0.97,2.01649347849472
"quant",1,12,10,0.98,1.67076370324154
"quant",1,12,10,0.99,0.928900887582963
"quant",1,12,10,0.995,0.50888295142158
"quant",2,12,1,0.9,3.58496118114297
"quant",2,12,1,0.91,3.41877775312174
"quant",2,12,1,0.92,3.24362820308784
"quant",2,12,1,0.93,3.05078298187201
"quant",2,12,1,0.94,2.83337829868016
"quant",2,12,1,0.95,2.58908924846132
"quant",2,12,1,0.96,2.30883979757063
"quant",2,12,1,0.97,1.99374842515379
"quant",2,12,1,0.98,1.62871194869564
"quant",2,12,1,0.99,1.01029619940335
"quant",2,12,1,0.995,0.56258534246231
"quant",2,12,2,0.9,1.9502814860309
"quant",2,12,2,0.91,1.81542871298129
"quant",2,12,2,0.92,1.67410833537327
"quant",2,12,2,0.93,1.52636659748728
"quant",2,12,2,0.94,1.37015117203229
"quant",2,12,2,0.95,1.20488500248902
"quant",2,12,2,0.96,1.02681724753343
"quant",2,12,2,0.97,0.828751276749926
"quant",2,12,2,0.98,0.603170836565123
"quant",2,12,2,0.99,0.337659312071011
"quant",2,12,2,0.995,0.187468636122145
"quant",2,12,3,0.9,2.25794809587258
"quant",2,12,3,0.91,2.1379505468651
"quant",2,12,3,0.92,2.01294902691294
"quant",2,12,3,0.93,1.87986848673654
"quant",2,12,3,0.94,1.73712816289567
"quant",2,12,3,0.95,1.57905263445857
"quant",2,12,3,0.96,1.40326241387479
"quant",2,12,3,0.97,1.20446127189657
"quant",2,12,3,0.98,0.963839506366939
"quant",2,12,3,0.99,0.539019062187998
"quant",2,12,3,0.995,0.289574098683737
"quant",2,12,4,0.9,5.29956672634033
"quant",2,12,4,0.91,5.08441079740713
"quant",2,12,4,0.92,4.83506589232989
"quant",2,12,4,0.93,4.55063631210046
"quant",2,12,4,0.94,4.22108839492991
"quant",2,12,4,0.95,3.78297054470029
"quant",2,12,4,0.96,3.25750125971603
"quant",2,12,4,0.97,2.64564082215046
"quant",2,12,4,0.98,1.97217272949192
"quant",2,12,4,0.99,1.13822849103555
"quant",2,12,4,0.995,0.620912630773267
"quant",2,12,5,0.9,2.0048554011206
"quant",2,12,5,0.91,1.86547786155104
"quant",2,12,5,0.92,1.71898964318375
"quant",2,12,5,0.93,1.56521791033538
"quant",2,12,5,0.94,1.40278816210575
"quant",2,12,5,0.95,1.23068863894976
"quant",2,12,5,0.96,1.04668416598326
"quant",2,12,5,0.97,0.839289473189346
"quant",2,12,5,0.98,0.613375236591723
"quant",2,12,5,0.99,0.351545967716245
"quant",2,12,5,0.995,0.195067700900327
"quant",2,12,6,0.9,4.03366004123314
"quant",2,12,6,0.91,3.86354891030753
"quant",2,12,6,0.92,3.66558491458676
"quant",2,12,6,0.93,3.43720419540493
"quant",2,12,6,0.94,3.17962787826775
"quant",2,12,6,0.95,2.87062006540516
"quant",2,12,6,0.96,2.4630456538432
"quant",2,12,6,0.97,1.99079693905638
"quant",2,12,6,0.98,1.45407708479955
"quant",2,12,6,0.99,0.817959889261817
"quant",2,12,6,0.995,0.437189624671315
"quant",2,12,7,0.9,4.35066548976834
"quant",2,12,7,0.91,4.13228185461023
"quant",2,12,7,0.92,3.87936239342661
"quant",2,12,7,0.93,3.60371520774309
"quant",2,12,7,0.94,3.30426809524306
"quant",2,12,7,0.95,2.97649032601435
"quant",2,12,7,0.96,2.6143505536782
"quant",2,12,7,0.97,2.20615924802202
"quant",2,12,7,0.98,1.74201683581903
"quant",2,12,7,0.99,1.01755913134575
"quant",2,12,7,0.995,0.5703728532023
"quant",2,12,8,0.9,1.85381230144471
"quant",2,12,8,0.91,1.75204656062528
"quant",2,12,8,0.92,1.64306525107252
"quant",2,12,8,0.93,1.52603451078176
"quant",2,12,8,0.94,1.39801122618481
"quant",2,12,8,0.95,1.25822910282799
"quant",2,12,8,0.96,1.09588275248697
"quant",2,12,8,0.97,0.899995518252182
"quant",2,12,8,0.98,0.669606892686127
"quant",2,12,8,0.99,0.378213332665983
"quant",2,12,8,0.995,0.201288485057103
"quant",2,12,9,0.9,2.34261607461059
"quant",2,12,9,0.91,2.20880961162536
"quant",2,12,9,0.92,2.0594573065269
"quant",2,12,9,0.93,1.88952799057062
"quant",2,12,9,0.94,1.69859797521705
"quant",2,12,9,0.95,1.48939557009012
"quant",2,12,9,0.96,1.25900020950708
"quant",2,12,9,0.97,1.00559046330885
"quant",2,12,9,0.98,0.721715159263528
"quant",2,12,9,0.99,0.396087133316305
"quant",2,12,9,0.995,0.214151138531178
"quant",2,12,10,0.9,3.63174316924017
"quant",2,12,10,0.91,3.44767835540621
"quant",2,12,10,0.92,3.25119156256025
"quant",2,12,10,0.93,3.04517033316879
"quant",2,12,10,0.94,2.82272660689163
"quant",2,12,10,0.95,2.57781867056445
"quant",2,12,10,0.96,2.31401151671178
"quant",2,12,10,0.97,2.01608973729368
"quant",2,12,10,0.98,1.67076370324154
"quant",2,12,10,0.99,0.927314477398269
"quant",2,12,10,0.995,0.494655823716437
"quant",3,12,1,0.9,3.58611734044283
"quant",3,12,1,0.91,3.42081199866616
"quant",3,12,1,0.92,3.24622993900286
"quant",3,12,1,0.93,3.05337065364027
"quant",3,12,1,0.94,2.83474005211766
"quant",3,12,1,0.95,2.59054832583955
"quant",3,12,1,0.96,2.31141539765268
"quant",3,12,1,0.97,1.99456564755327
"quant",3,12,1,0.98,1.62856160009112
"quant",3,12,1,0.99,1.01245165026918
"quant",3,12,1,0.995,0.566355598930714
"quant",3,12,2,0.9,1.96809328053247
"quant",3,12,2,0.91,1.82817033635027
"quant",3,12,2,0.92,1.68240286552084
"quant",3,12,2,0.93,1.53176368248395
"quant",3,12,2,0.94,1.37352903768869
"quant",3,12,2,0.95,1.20746645912555
"quant",3,12,2,0.96,1.02745002605636
"quant",3,12,2,0.97,0.830398220039972
"quant",3,12,2,0.98,0.604448927802934
"quant",3,12,2,0.99,0.339603935097373
"quant",3,12,2,0.995,0.18935751181069
"quant",3,12,3,0.9,2.26542119129404
"quant",3,12,3,0.91,2.14384036788112
"quant",3,12,3,0.92,2.01616463736804
"quant",3,12,3,0.93,1.88158090517429
"quant",3,12,3,0.94,1.73940489320078
"quant",3,12,3,0.95,1.58124739646418
"quant",3,12,3,0.96,1.40565764357266
"quant",3,12,3,0.97,1.20486780000684
"quant",3,12,3,0.98,0.96390355252901
"quant",3,12,3,0.99,0.539503077617585
"quant",3,12,3,0.995,0.289693822556933
"quant",3,12,4,0.9,5.30318406330579
"quant",3,12,4,0.91,5.08832707819036
"quant",3,12,4,0.92,4.83904784368878
"quant",3,12,4,0.93,4.5534117340436
"quant",3,12,4,0.94,4.22196937574874
"quant",3,12,4,0.95,3.7832567709405
"quant",3,12,4,0.96,3.25775990504037
"quant",3,12,4,0.97,2.64625288790603
"quant",3,12,4,0.98,1.97380225977918
"quant",3,12,4,0.99,1.13956730476717
"quant",3,12,4,0.995,0.623749334259283
"quant",3,12,5,0.9,2.00168881809123
"quant",3,12,5,0.91,1.86364907796584
"quant",3,12,5,0.92,1.71789478792026
"quant",3,12,5,0.93,1.56473867454025
"quant",3,12,5,0.94,1.40289360976607
"quant",3,12,5,0.95,1.23010924300747
"quant",3,12,5,0.96,1.04679161042766
"quant",3,12,5,0.97,0.839685957122466
"quant",3,12,5,0.98,0.612752967598613
"quant",3,12,5,0.99,0.354389218239212
"quant",3,12,5,0.995,0.19843273141513
"quant",3,12,6,0.9,4.03443395388957
"quant",3,12,6,0.91,3.86451567630286
"quant",3,12,6,0.92,3.66467716766575
"quant",3,12,6,0.93,3.43641377967143
"quant",3,12,6,0.94,3.178188974259
"quant",3,12,6,0.95,2.86985536813305
"quant",3,12,6,0.96,2.46052465757665
"quant",3,12,6,0.97,1.98806285551251
"quant",3,12,6,0.98,1.45349661608523
"quant",3,12,6,0.99,0.814792934958392
"quant",3,12,6,0.995,0.433892577240717
"quant",3,12,7,0.9,4.35387028639369
"quant",3,12,7,0.91,4.13395260384068
"quant",3,12,7,0.92,3.88202801738285
"quant",3,12,7,0.93,3.60543469060503
"quant",3,12,7,0.94,3.30633340866907
"quant",3,12,7,0.95,2.97893714688655
"quant",3,12,7,0.96,2.61592813461675
"quant",3,12,7,0.97,2.20716159090478
"quant",3,12,7,0.98,1.74351759911514
"quant",3,12,7,0.99,1.02271373686807
"quant",3,12,7,0.995,0.570535460495464
"quant",3,12,8,0.9,1.85767682168415
"quant",3,12,8,0.91,1.75638350998756
"quant",3,12,8,0.92,1.64693841932268
"quant",3,12,8,0.93,1.52938302135732
"quant",3,12,8,0.94,1.39938973835129
"quant",3,12,8,0.95,1.25780411870971
"quant",3,12,8,0.96,1.09549075251952
"quant",3,12,8,0.97,0.900580712602129
"quant",3,12,8,0.98,0.670065921671717
"quant",3,12,8,0.99,0.379668753669492
"quant",3,12,8,0.995,0.201576276940564
"quant",3,12,9,0.9,2.35488861971381
"quant",3,12,9,0.91,2.21550848040595
"quant",3,12,9,0.92,2.06340553922761
"quant",3,12,9,0.93,1.89178659850645
"quant",3,12,9,0.94,1.69972189207037
"quant",3,12,9,0.95,1.48908590151854
"quant",3,12,9,0.96,1.25969796505007
"quant",3,12,9,0.97,1.00626168643407
"quant",3,12,9,0.98,0.723678540698224
"quant",3,12,9,0.99,0.396363679817495
"quant",3,12,9,0.995,0.216881638416528
"quant",3,12,10,0.9,3.6316046060924
"quant",3,12,10,0.91,3.44803947604073
"quant",3,12,10,0.92,3.25276640804347
"quant",3,12,10,0.93,3.04627639103862
"quant",3,12,10,0.94,2.82353171534692
"quant",3,12,10,0.95,2.57902530416466
"quant",3,12,10,0.96,2.31509017301652
"quant",3,12,10,0.97,2.01699618339869
"quant",3,12,10,0.98,1.67076370324154
"quant",3,12,10,0.99,0.928838086823021
"quant",3,12,10,0.995,0.493984463059485
"quant",4,12,1,0.9,3.58557160829371
"quant",4,12,1,0.91,3.42002039782557
"quant",4,12,1,0.92,3.24563598847766
"quant",4,12,1,0.93,3.05149015331184
"quant",4,12,1,0.94,2.83240870109053
"quant",4,12,1,0.95,2.58702584868807
"quant",4,12,1,0.96,2.30867182711436
"quant",4,12,1,0.97,1.99429525051338
"quant",4,12,1,0.98,1.62734040639806
"quant",4,12,1,0.99,1.01428076722173
"quant",4,12,1,0.995,0.569490856216219
"quant",4,12,2,0.9,1.95074105126708
"quant",4,12,2,0.91,1.81618719437968
"quant",4,12,2,0.92,1.67486393417264
"quant",4,12,2,0.93,1.52648226149156
"quant",4,12,2,0.94,1.36973360937657
"quant",4,12,2,0.95,1.20439980627435
"quant",4,12,2,0.96,1.02648021533373
"quant",4,12,2,0.97,0.82790331908423
"quant",4,12,2,0.98,0.601700703066161
"quant",4,12,2,0.99,0.339442406780423
"quant",4,12,2,0.995,0.187849341933921
"quant",4,12,3,0.9,2.25866656563322
"quant",4,12,3,0.91,2.13865968280266
"quant",4,12,3,0.92,2.01285452040993
"quant",4,12,3,0.93,1.88014707158313
"quant",4,12,3,0.94,1.737322174772
"quant",4,12,3,0.95,1.57966297778788
"quant",4,12,3,0.96,1.4048522133325
"quant",4,12,3,0.97,1.20578496809512
"quant",4,12,3,0.98,0.963908443805619
"quant",4,12,3,0.99,0.538723387025483
"quant",4,12,3,0.995,0.289295945367931
"quant",4,12,4,0.9,5.30029154423359
"quant",4,12,4,0.91,5.08364969077513
"quant",4,12,4,0.92,4.83483751091992
"quant",4,12,4,0.93,4.55357037608384
"quant",4,12,4,0.94,4.22292032937435
"quant",4,12,4,0.95,3.78499027993556
"quant",4,12,4,0.96,3.25652730379858
"quant",4,12,4,0.97,2.64705321686452
"quant",4,12,4,0.98,1.96078605564509
"quant",4,12,4,0.99,1.13818784806359
"quant",4,12,4,0.995,0.626743030990295
"quant",4,12,5,0.9,2.00694832321341
"quant",4,12,5,0.91,1.8670313327142
"quant",4,12,5,0.92,1.71971925431527
"quant",4,12,5,0.93,1.56582708249897
"quant",4,12,5,0.94,1.40360337926434
"quant",4,12,5,0.95,1.23108134653078
"quant",4,12,5,0.96,1.04667737155642
"quant",4,12,5,0.97,0.839603148389315
"quant",4,12,5,0.98,0.614667991782286
"quant",4,12,5,0.99,0.354293114110793
"quant",4,12,5,0.995,0.198076768944898
"quant",4,12,6,0.9,4.03655452837064
"quant",4,12,6,0.91,3.86569741513722
"quant",4,12,6,0.92,3.66487540557916
"quant",4,12,6,0.93,3.43617616322074
"quant",4,12,6,0.94,3.17820612625977
"quant",4,12,6,0.95,2.86821809107744
"quant",4,12,6,0.96,2.45893201225534
"quant",4,12,6,0.97,1.98833339507556
"quant",4,12,6,0.98,1.45308584298328
"quant",4,12,6,0.99,0.816945644137739
"quant",4,12,6,0.995,0.436432732118345
"quant",4,12,7,0.9,4.35120203803349
"quant",4,12,7,0.91,4.13282255655036
"quant",4,12,7,0.92,3.87994209715211
"quant",4,12,7,0.93,3.60307558171154
"quant",4,12,7,0.94,3.30399142300196
"quant",4,12,7,0.95,2.97746174999592
"quant",4,12,7,0.96,2.61404951466525
"quant",4,12,7,0.97,2.20430990723267
"quant",4,12,7,0.98,1.74239995474076
"quant",4,12,7,0.99,1.0185497294979
"quant",4,12,7,0.995,0.568853621730756
"quant",4,12,8,0.9,1.85468952351377
"quant",4,12,8,0.91,1.7526109538493
"quant",4,12,8,0.92,1.6438498781859
"quant",4,12,8,0.93,1.52685731483112
"quant",4,12,8,0.94,1.39986769185806
"quant",4,12,8,0.95,1.25966572666256
"quant",4,12,8,0.96,1.09631144760276
"quant",4,12,8,0.97,0.899723921562632
"quant",4,12,8,0.98,0.668906187356309
"quant",4,12,8,0.99,0.379307151940211
"quant",4,12,8,0.995,0.202416080326155
"quant",4,12,9,0.9,2.34352814623058
"quant",4,12,9,0.91,2.20962576941755
"quant",4,12,9,0.92,2.0610875946269
"quant",4,12,9,0.93,1.89115501305958
"quant",4,12,9,0.94,1.70059919229718
"quant",4,12,9,0.95,1.4895782555354
"quant",4,12,9,0.96,1.25980283231596
"quant",4,12,9,0.97,1.00722502902677
"quant",4,12,9,0.98,0.723441140419399
"quant",4,12,9,0.99,0.395826286270389
"quant",4,12,9,0.995,0.217656414148177
"quant",4,12,10,0.9,3.63298474763867
"quant",4,12,10,0.91,3.44937486985108
"quant",4,12,10,0.92,3.2515947524658
"quant",4,12,10,0.93,3.04369082939857
"quant",4,12,10,0.94,2.82098574884015
"quant",4,12,10,0.95,2.57663872439812
"quant",4,12,10,0.96,2.3135663785286
"quant",4,12,10,0.97,2.01550055395688
"quant",4,12,10,0.98,1.67076370324154
"quant",4,12,10,0.99,0.929939779117925
"quant",4,12,10,0.995,0.497658840104909
"quant",5,12,1,0.9,3.59142238984164
"quant",5,12,1,0.91,3.42378546248058
"quant",5,12,1,0.92,3.2472413393071
"quant",5,12,1,0.93,3.05364174025596
"quant",5,12,1,0.94,2.83397752934039
"quant",5,12,1,0.95,2.5906798422966
"quant",5,12,1,0.96,2.30951556156028
"quant",5,12,1,0.97,1.99388447433433
"quant",5,12,1,0.98,1.63648396130555
"quant",5,12,1,0.99,1.04179730509065
"quant",5,12,1,0.995,0.58292349929814
"quant",5,12,2,0.9,1.95068557562683
"quant",5,12,2,0.91,1.81545202329439
"quant",5,12,2,0.92,1.67521363983036
"quant",5,12,2,0.93,1.52764500597892
"quant",5,12,2,0.94,1.37185114316499
"quant",5,12,2,0.95,1.20586693760492
"quant",5,12,2,0.96,1.02731107290909
"quant",5,12,2,0.97,0.831043362483949
"quant",5,12,2,0.98,0.605968641296655
"quant",5,12,2,0.99,0.339624272778166
"quant",5,12,2,0.995,0.189640592892736
"quant",5,12,3,0.9,2.32477510500484
"quant",5,12,3,0.91,2.19488933047807
"quant",5,12,3,0.92,2.06068443912233
"quant",5,12,3,0.93,1.91832655648932
"quant",5,12,3,0.94,1.76242129194563
"quant",5,12,3,0.95,1.5968409953567
"quant",5,12,3,0.96,1.41734768572187
"quant",5,12,3,0.97,1.21079181162644
"quant",5,12,3,0.98,0.990908470527653
"quant",5,12,3,0.99,0.550836194967811
"quant",5,12,3,0.995,0.311174694640613
"quant",5,12,4,0.9,5.30179903921678
"quant",5,12,4,0.91,5.08551967847094
"quant",5,12,4,0.92,4.83714649216863
"quant",5,12,4,0.93,4.5544452872297
"quant",5,12,4,0.94,4.22376348949664
"quant",5,12,4,0.95,3.78153992626681
"quant",5,12,4,0.96,3.26119311145965
"quant",5,12,4,0.97,2.64464291903538
"quant",5,12,4,0.98,1.96586545816913
"quant",5,12,4,0.99,1.13980335042458
"quant",5,12,4,0.995,0.627253867283347
"quant",5,12,5,0.9,2.00709576710832
"quant",5,12,5,0.91,1.86713195827686
"quant",5,12,5,0.92,1.72050793416382
"quant",5,12,5,0.93,1.56735482010336
"quant",5,12,5,0.94,1.40365051574262
"quant",5,12,5,0.95,1.23040278204986
"quant",5,12,5,0.96,1.04578186880157
"quant",5,12,5,0.97,0.839992233259477
"quant",5,12,5,0.98,0.615653546666587
"quant",5,12,5,0.99,0.354850696168204
"quant",5,12,5,0.995,0.200396446126232
"quant",5,12,6,0.9,4.03378290697219
"quant",5,12,6,0.91,3.86438270055974
"quant",5,12,6,0.92,3.66495295258524
"quant",5,12,6,0.93,3.43637863231462
"quant",5,12,6,0.94,3.17935292942908
"quant",5,12,6,0.95,2.8691733907514
"quant",5,12,6,0.96,2.46057406439438
"quant",5,12,6,0.97,1.99030952487191
"quant",5,12,6,0.98,1.4585417634161
"quant",5,12,6,0.99,0.817626665597149
"quant",5,12,6,0.995,0.435182968419515
"quant",5,12,7,0.9,4.35483335231986
"quant",5,12,7,0.91,4.13311268881762
"quant",5,12,7,0.92,3.87947738822197
"quant",5,12,7,0.93,3.60319523509303
"quant",5,12,7,0.94,3.30529793542469
"quant",5,12,7,0.95,2.97804283834782
"quant",5,12,7,0.96,2.61534025952536
"quant",5,12,7,0.97,2.20776760716577
"quant",5,12,7,0.98,1.74425963627769
"quant",5,12,7,0.99,1.03205793731249
"quant",5,12,7,0.995,0.576131024529982
"quant",5,12,8,0.9,1.92542576400344
"quant",5,12,8,0.91,1.80894855330726
"quant",5,12,8,0.92,1.6856749049315
"quant",5,12,8,0.93,1.55542092805293
"quant",5,12,8,0.94,1.41577185569193
"quant",5,12,8,0.95,1.26633853035843
"quant",5,12,8,0.96,1.10058181603183
"quant",5,12,8,0.97,0.903702597583862
"quant",5,12,8,0.98,0.679105769749447
"quant",5,12,8,0.99,0.385531108019865
"quant",5,12,8,0.995,0.219688498907335
"quant",5,12,9,0.9,2.37210574777681
"quant",5,12,9,0.91,2.22797951466898
"quant",5,12,9,0.92,2.07078706223186
"quant",5,12,9,0.93,1.89634817669
"quant",5,12,9,0.94,1.70478935450434
"quant",5,12,9,0.95,1.49389039970157
"quant",5,12,9,0.96,1.26536036670856
"quant",5,12,9,0.97,1.01345224419849
"quant",5,12,9,0.98,0.72904295030385
"quant",5,12,9,0.99,0.398892980125985
"quant",5,12,9,0.995,0.220801035666549
"quant",5,12,10,0.9,3.6360231065304
"quant",5,12,10,0.91,3.45328738727487
"quant",5,12,10,0.92,3.25789325410469
"quant",5,12,10,0.93,3.05095240068085
"quant",5,12,10,0.94,2.82507929962489
"quant",5,12,10,0.95,2.57934987671154
"quant",5,12,10,0.96,2.31596035558257
"quant",5,12,10,0.97,2.01778300598424
"quant",5,12,10,0.98,1.67076370324154
"quant",5,12,10,0.99,0.930687573525576
"quant",5,12,10,0.995,0.494703323948939
"quant",1,15,1,0.9,3.58886705454915
"quant",1,15,1,0.91,3.42766698746053
"quant",1,15,1,0.92,3.25300585474525
"quant",1,15,1,0.93,3.05742658155109
"quant",1,15,1,0.94,2.83767038759212
"quant",1,15,1,0.95,2.59040238834195
"quant",1,15,1,0.96,2.31136476446218
"quant",1,15,1,0.97,1.99497502171405
"quant",1,15,1,0.98,1.63880711939717
"quant",1,15,1,0.99,1.02007993006991
"quant",1,15,1,0.995,0.641439931783915
"quant",1,15,2,0.9,1.95208821523462
"quant",1,15,2,0.91,1.81668087892568
"quant",1,15,2,0.92,1.67525535717011
"quant",1,15,2,0.93,1.52692474287317
"quant",1,15,2,0.94,1.37005884487131
"quant",1,15,2,0.95,1.20495183648555
"quant",1,15,2,0.96,1.02660737841918
"quant",1,15,2,0.97,0.829360101002572
"quant",1,15,2,0.98,0.604842028490266
"quant",1,15,2,0.99,0.341706706935308
"quant",1,15,2,0.995,0.193244909385389
"quant",1,15,3,0.9,2.26036714921419
"quant",1,15,3,0.91,2.14025176254594
"quant",1,15,3,0.92,2.01402108638922
"quant",1,15,3,0.93,1.88072806121823
"quant",1,15,3,0.94,1.73792891347767
"quant",1,15,3,0.95,1.57952971021028
"quant",1,15,3,0.96,1.4058696321951
"quant",1,15,3,0.97,1.20703673525134
"quant",1,15,3,0.98,0.964172136504245
"quant",1,15,3,0.99,0.539498103605965
"quant",1,15,3,0.995,0.290152982837585
"quant",1,15,4,0.9,5.30045169428383
"quant",1,15,4,0.91,5.08587264309408
"quant",1,15,4,0.92,4.84047084031388
"quant",1,15,4,0.93,4.55626538513024
"quant",1,15,4,0.94,4.22423921507936
"quant",1,15,4,0.95,3.78301760107392
"quant",1,15,4,0.96,3.25945991209007
"quant",1,15,4,0.97,2.64972735650556
"quant",1,15,4,0.98,1.98275041292351
"quant",1,15,4,0.99,1.14142915832291
"quant",1,15,4,0.995,0.636864438691362
"quant",1,15,5,0.9,2.00757565550535
"quant",1,15,5,0.91,1.86780797200748
"quant",1,15,5,0.92,1.72134856893854
"quant",1,15,5,0.93,1.56880673045745
"quant",1,15,5,0.94,1.40692512669327
"quant",1,15,5,0.95,1.23428278375206
"quant",1,15,5,0.96,1.04657263821691
"quant",1,15,5,0.97,0.84186377901833
"quant",1,15,5,0.98,0.615305993484029
"quant",1,15,5,0.99,0.357759053883294
"quant",1,15,5,0.995,0.210904389727651
"quant",1,15,6,0.9,4.03643875883058
"quant",1,15,6,0.91,3.86539802706197
"quant",1,15,6,0.92,3.66574966193144
"quant",1,15,6,0.93,3.43592168743192
"quant",1,15,6,0.94,3.19548348445917
"quant",1,15,6,0.95,2.87618538474535
"quant",1,15,6,0.96,2.46080673099167
"quant",1,15,6,0.97,1.9898666717821
"quant",1,15,6,0.98,1.45720069413967
"quant",1,15,6,0.99,0.826667859971361
"quant",1,15,6,0.995,0.476342075641143
"quant",1,15,7,0.9,4.3526794566469
"quant",1,15,7,0.91,4.13209520875307
"quant",1,15,7,0.92,3.87936428972371
"quant",1,15,7,0.93,3.60040377364481
"quant",1,15,7,0.94,3.3055287406078
"quant",1,15,7,0.95,2.97863586110554
"quant",1,15,7,0.96,2.61269404270064
"quant",1,15,7,0.97,2.20797633698707
"quant",1,15,7,0.98,1.74826765871562
"quant",1,15,7,0.99,1.02423839937611
"quant",1,15,7,0.995,0.586872195701165
"quant",1,15,8,0.9,1.85573275280017
"quant",1,15,8,0.91,1.75270742480746
"quant",1,15,8,0.92,1.64320356527243
"quant",1,15,8,0.93,1.52610877541355
"quant",1,15,8,0.94,1.39885381618374
"quant",1,15,8,0.95,1.26042184579752
"quant",1,15,8,0.96,1.09670149977856
"quant",1,15,8,0.97,0.899509822784487
"quant",1,15,8,0.98,0.670466220056514
"quant",1,15,8,0.99,0.383991411347841
"quant",1,15,8,0.995,0.212111210898314
"quant",1,15,9,0.9,2.34419657574718
"quant",1,15,9,0.91,2.20866350580826
"quant",1,15,9,0.92,2.06000510208142
"quant",1,15,9,0.93,1.89216328175619
"quant",1,15,9,0.94,1.70218694783386
"quant",1,15,9,0.95,1.49340208463591
"quant",1,15,9,0.96,1.26403142665716
"quant",1,15,9,0.97,1.01050134798893
"quant",1,15,9,0.98,0.723047206888232
"quant",1,15,9,0.99,0.39676322364787
"quant",1,15,9,0.995,0.215969684885341
"quant",1,15,10,0.9,3.63132530107271
"quant",1,15,10,0.91,3.44740545478284
"quant",1,15,10,0.92,3.25245489191315
"quant",1,15,10,0.93,3.04371989014365
"quant",1,15,10,0.94,2.82103844120016
"quant",1,15,10,0.95,2.57808138370766
"quant",1,15,10,0.96,2.3141196372384
"quant",1,15,10,0.97,2.0162339249308
"quant",1,15,10,0.98,1.67076370324154
"quant",1,15,10,0.99,0.928868130111946
"quant",1,15,10,0.995,0.508709671877759
"quant",2,15,1,0.9,3.58486693153016
"quant",2,15,1,0.91,3.41880704372354
"quant",2,15,1,0.92,3.2436541410928
"quant",2,15,1,0.93,3.05035699129784
"quant",2,15,1,0.94,2.83305309004935
"quant",2,15,1,0.95,2.58917071611198
"quant",2,15,1,0.96,2.3087781562111
"quant",2,15,1,0.97,1.99346012710126
"quant",2,15,1,0.98,1.62853424588425
"quant",2,15,1,0.99,1.00961849106688
"quant",2,15,1,0.995,0.562700218816714
"quant",2,15,2,0.9,1.95029839526463
"quant",2,15,2,0.91,1.8154995296569
"quant",2,15,2,0.92,1.6742735023111
"quant",2,15,2,0.93,1.52658106183767
"quant",2,15,2,0.94,1.3701757874029
"quant",2,15,2,0.95,1.20498487728014
"quant",2,15,2,0.96,1.02709923093201
"quant",2,15,2,0.97,0.829116711421276
"quant",2,15,2,0.98,0.603227507885535
"quant",2,15,2,0.99,0.337500514171722
"quant",2,15,2,0.995,0.1873116391605
"quant",2,15,3,0.9,2.25818466774716
"quant",2,15,3,0.91,2.13802135947878
"quant",2,15,3,0.92,2.01291973148702
"quant",2,15,3,0.93,1.87982474238053
"quant",2,15,3,0.94,1.73719358521037
"quant",2,15,3,0.95,1.57913126168453
"quant",2,15,3,0.96,1.40307617089133
"quant",2,15,3,0.97,1.20436790188343
"quant",2,15,3,0.98,0.963839506366939
"quant",2,15,3,0.99,0.53899443797248
"quant",2,15,3,0.995,0.289303681721513
"quant",2,15,4,0.9,5.29905888928405
"quant",2,15,4,0.91,5.0837950348399
"quant",2,15,4,0.92,4.83460977493139
"quant",2,15,4,0.93,4.54989803857074
"quant",2,15,4,0.94,4.22110943315987
"quant",2,15,4,0.95,3.78246636148666
"quant",2,15,4,0.96,3.25761475141871
"quant",2,15,4,0.97,2.64653399139991
"quant",2,15,4,0.98,1.97119726478638
"quant",2,15,4,0.99,1.13767891036907
"quant",2,15,4,0.995,0.620904609498071
"quant",2,15,5,0.9,2.0049683364691
"quant",2,15,5,0.91,1.86566083873207
"quant",2,15,5,0.92,1.71941592204713
"quant",2,15,5,0.93,1.56546493934893
"quant",2,15,5,0.94,1.40290787487551
"quant",2,15,5,0.95,1.23045112707766
"quant",2,15,5,0.96,1.04663498171589
"quant",2,15,5,0.97,0.839318969192597
"quant",2,15,5,0.98,0.613281365271219
"quant",2,15,5,0.99,0.351598574657198
"quant",2,15,5,0.995,0.194818725028799
"quant",2,15,6,0.9,4.03373965142416
"quant",2,15,6,0.91,3.86363449059201
"quant",2,15,6,0.92,3.6653069978263
"quant",2,15,6,0.93,3.43670636698799
"quant",2,15,6,0.94,3.17936294603977
"quant",2,15,6,0.95,2.87023410033132
"quant",2,15,6,0.96,2.463051265693
"quant",2,15,6,0.97,1.99105825954805
"quant",2,15,6,0.98,1.45399804514164
"quant",2,15,6,0.99,0.818298272554361
"quant",2,15,6,0.995,0.437503091130156
"quant",2,15,7,0.9,4.35012355731545
"quant",2,15,7,0.91,4.13169525802058
"quant",2,15,7,0.92,3.87898942834635
"quant",2,15,7,0.93,3.60330253672084
"quant",2,15,7,0.94,3.30423999905472
"quant",2,15,7,0.95,2.97647069322033
"quant",2,15,7,0.96,2.61414094300436
"quant",2,15,7,0.97,2.20569048890611
"quant",2,15,7,0.98,1.74225378344492
"quant",2,15,7,0.99,1.01801924335841
"quant",2,15,7,0.995,0.570540541939695
"quant",2,15,8,0.9,1.85325281310612
"quant",2,15,8,0.91,1.75138658915116
"quant",2,15,8,0.92,1.64229649504694
"quant",2,15,8,0.93,1.52538711708964
"quant",2,15,8,0.94,1.39742424267456
"quant",2,15,8,0.95,1.25788208662476
"quant",2,15,8,0.96,1.09549575393714
"quant",2,15,8,0.97,0.899904201831297
"quant",2,15,8,0.98,0.669575514711237
"quant",2,15,8,0.99,0.378410236474723
"quant",2,15,8,0.995,0.20148943871989
"quant",2,15,9,0.9,2.34237745633701
"quant",2,15,9,0.91,2.20899986466052
"quant",2,15,9,0.92,2.05969098271088
"quant",2,15,9,0.93,1.88942109362994
"quant",2,15,9,0.94,1.69855152468705
"quant",2,15,9,0.95,1.48957579342813
"quant",2,15,9,0.96,1.25911582848668
"quant",2,15,9,0.97,1.00558316840178
"quant",2,15,9,0.98,0.721954709542276
"quant",2,15,9,0.99,0.396142371128719
"quant",2,15,9,0.995,0.214197142326832
"quant",2,15,10,0.9,3.63109363757416
"quant",2,15,10,0.91,3.44720784728927
"quant",2,15,10,0.92,3.25106902737653
"quant",2,15,10,0.93,3.04479127823251
"quant",2,15,10,0.94,2.82235255152359
"quant",2,15,10,0.95,2.57790496563896
"quant",2,15,10,0.96,2.31388622643474
"quant",2,15,10,0.97,2.01612867720144
"quant",2,15,10,0.98,1.67076370324154
"quant",2,15,10,0.99,0.927616768476348
"quant",2,15,10,0.995,0.49465934596215
"quant",3,15,1,0.9,3.58560832244004
"quant",3,15,1,0.91,3.42080748113488
"quant",3,15,1,0.92,3.24653386078217
"quant",3,15,1,0.93,3.05331896339995
"quant",3,15,1,0.94,2.83423425179151
"quant",3,15,1,0.95,2.5901200208466
"quant",3,15,1,0.96,2.31118909620655
"quant",3,15,1,0.97,1.99416185736323
"quant",3,15,1,0.98,1.62830272174025
"quant",3,15,1,0.99,1.01280977723379
"quant",3,15,1,0.995,0.566377532101743
"quant",3,15,2,0.9,1.9726044539163
"quant",3,15,2,0.91,1.83421965876281
"quant",3,15,2,0.92,1.68855026173662
"quant",3,15,2,0.93,1.53583233662503
"quant",3,15,2,0.94,1.37622049534136
"quant",3,15,2,0.95,1.20907618735192
"quant",3,15,2,0.96,1.02847290376301
"quant",3,15,2,0.97,0.831407171860498
"quant",3,15,2,0.98,0.605602609099962
"quant",3,15,2,0.99,0.339653234290499
"quant",3,15,2,0.995,0.189348325154546
"quant",3,15,3,0.9,2.267845722237
"quant",3,15,3,0.91,2.14615258245288
"quant",3,15,3,0.92,2.01764879774284
"quant",3,15,3,0.93,1.8820937536457
"quant",3,15,3,0.94,1.73931637403756
"quant",3,15,3,0.95,1.58105058569606
"quant",3,15,3,0.96,1.4060761087707
"quant",3,15,3,0.97,1.20514874199927
"quant",3,15,3,0.98,0.964053209674807
"quant",3,15,3,0.99,0.539574190085531
"quant",3,15,3,0.995,0.289334193781492
"quant",3,15,4,0.9,5.30222699196317
"quant",3,15,4,0.91,5.08773970034459
"quant",3,15,4,0.92,4.83846841554473
"quant",3,15,4,0.93,4.55278755529873
"quant",3,15,4,0.94,4.2217832543374
"quant",3,15,4,0.95,3.7825948314159
"quant",3,15,4,0.96,3.25767948008496
"quant",3,15,4,0.97,2.64669989558218
"quant",3,15,4,0.98,1.97368622096483
"quant",3,15,4,0.99,1.14017916211504
"quant",3,15,4,0.995,0.624362008998943
"quant",3,15,5,0.9,2.0020823764687
"quant",3,15,5,0.91,1.86397024431935
"quant",3,15,5,0.92,1.71865847741859
"quant",3,15,5,0.93,1.5649072599531
"quant",3,15,5,0.94,1.40238504405489
"quant",3,15,5,0.95,1.23017227783358
"quant",3,15,5,0.96,1.04684344792277
"quant",3,15,5,0.97,0.84031781649942
"quant",3,15,5,0.98,0.613194264660156
"quant",3,15,5,0.99,0.354694355477958
"quant",3,15,5,0.995,0.198533145376359
"quant",3,15,6,0.9,4.03506450982083
"quant",3,15,6,0.91,3.86442921967566
"quant",3,15,6,0.92,3.66440847400726
"quant",3,15,6,0.93,3.43605848785133
"quant",3,15,6,0.94,3.17852838751712
"quant",3,15,6,0.95,2.870368209545
"quant",3,15,6,0.96,2.4603846978429
"quant",3,15,6,0.97,1.98759772648198
"quant",3,15,6,0.98,1.45388012742886
"quant",3,15,6,0.99,0.815551304666877
"quant",3,15,6,0.995,0.435124577056647
"quant",3,15,7,0.9,4.35348622208547
"quant",3,15,7,0.91,4.13399727919689
"quant",3,15,7,0.92,3.88105733593361
"quant",3,15,7,0.93,3.6047282220068
"quant",3,15,7,0.94,3.30602132608655
"quant",3,15,7,0.95,2.97809127730285
"quant",3,15,7,0.96,2.61485970434877
"quant",3,15,7,0.97,2.2068274436636
"quant",3,15,7,0.98,1.74326323259776
"quant",3,15,7,0.99,1.02260292279443
"quant",3,15,7,0.995,0.570105056978884
"quant",3,15,8,0.9,1.86170112236743
"quant",3,15,8,0.91,1.75973336688941
"quant",3,15,8,0.92,1.64958961799863
"quant",3,15,8,0.93,1.52990300889198
"quant",3,15,8,0.94,1.39962084893612
"quant",3,15,8,0.95,1.25790581676373
"quant",3,15,8,0.96,1.09470669259127
"quant",3,15,8,0.97,0.899914573580765
"quant",3,15,8,0.98,0.67019349375483
"quant",3,15,8,0.99,0.380432366950477
"quant",3,15,8,0.995,0.202141139613232
"quant",3,15,9,0.9,2.35264577200368
"quant",3,15,9,0.91,2.21410406868939
"quant",3,15,9,0.92,2.06322944969693
"quant",3,15,9,0.93,1.89161300390183
"quant",3,15,9,0.94,1.69921917958274
"quant",3,15,9,0.95,1.48918859293687
"quant",3,15,9,0.96,1.25950690701712
"quant",3,15,9,0.97,1.00624320630827
"quant",3,15,9,0.98,0.723535166712591
"quant",3,15,9,0.99,0.396427248482864
"quant",3,15,9,0.995,0.217057588652542
"quant",3,15,10,0.9,3.63047313170563
"quant",3,15,10,0.91,3.44685300098834
"quant",3,15,10,0.92,3.25177754527902
"quant",3,15,10,0.93,3.04551457286365
"quant",3,15,10,0.94,2.82273953702632
"quant",3,15,10,0.95,2.57871165621414
"quant",3,15,10,0.96,2.31473316580793
"quant",3,15,10,0.97,2.01686754965549
"quant",3,15,10,0.98,1.67076370324154
"quant",3,15,10,0.99,0.929163570364402
"quant",3,15,10,0.995,0.494296971125919
"quant",4,15,1,0.9,3.58545067445782
"quant",4,15,1,0.91,3.42012882513078
"quant",4,15,1,0.92,3.24489241281251
"quant",4,15,1,0.93,3.05129617292053
"quant",4,15,1,0.94,2.83215787094013
"quant",4,15,1,0.95,2.58647944602539
"quant",4,15,1,0.96,2.30904600598191
"quant",4,15,1,0.97,1.99442343767593
"quant",4,15,1,0.98,1.62696887378438
"quant",4,15,1,0.99,1.01040545236098
"quant",4,15,1,0.995,0.563683960172652
"quant",4,15,2,0.9,1.95069523104627
"quant",4,15,2,0.91,1.81477924194693
"quant",4,15,2,0.92,1.67347854259813
"quant",4,15,2,0.93,1.52514475186073
"quant",4,15,2,0.94,1.36870879011845
"quant",4,15,2,0.95,1.20363808857018
"quant",4,15,2,0.96,1.02709876350988
"quant",4,15,2,0.97,0.829966143617801
"quant",4,15,2,0.98,0.604749148338393
"quant",4,15,2,0.99,0.337164084193776
"quant",4,15,2,0.995,0.187343027110531
"quant",4,15,3,0.9,2.25828812981178
"quant",4,15,3,0.91,2.13863810349711
"quant",4,15,3,0.92,2.01368071568356
"quant",4,15,3,0.93,1.88039588838583
"quant",4,15,3,0.94,1.73709647837632
"quant",4,15,3,0.95,1.5800862189676
"quant",4,15,3,0.96,1.40522002231494
"quant",4,15,3,0.97,1.20548952717766
"quant",4,15,3,0.98,0.963839506366939
"quant",4,15,3,0.99,0.540257667425217
"quant",4,15,3,0.995,0.287443490303406
"quant",4,15,4,0.9,5.30076950429358
"quant",4,15,4,0.91,5.08546542051575
"quant",4,15,4,0.92,4.83663238354938
"quant",4,15,4,0.93,4.55546715613353
"quant",4,15,4,0.94,4.22531619171548
"quant",4,15,4,0.95,3.78585405432636
"quant",4,15,4,0.96,3.25917167081687
"quant",4,15,4,0.97,2.64476654386719
"quant",4,15,4,0.98,1.97147576185904
"quant",4,15,4,0.99,1.13590980349174
"quant",4,15,4,0.995,0.624590576652286
"quant",4,15,5,0.9,2.00713587950588
"quant",4,15,5,0.91,1.86767708666242
"quant",4,15,5,0.92,1.72084523327173
"quant",4,15,5,0.93,1.56676947611966
"quant",4,15,5,0.94,1.40411562515846
"quant",4,15,5,0.95,1.23135106964637
"quant",4,15,5,0.96,1.04651307946388
"quant",4,15,5,0.97,0.839840909325478
"quant",4,15,5,0.98,0.61453822847056
"quant",4,15,5,0.99,0.356944034324193
"quant",4,15,5,0.995,0.199778181424604
"quant",4,15,6,0.9,4.03482822056072
"quant",4,15,6,0.91,3.86396643383582
"quant",4,15,6,0.92,3.66459593164006
"quant",4,15,6,0.93,3.43657822808327
"quant",4,15,6,0.94,3.17921185939707
"quant",4,15,6,0.95,2.87149304617054
"quant",4,15,6,0.96,2.4600850433089
"quant",4,15,6,0.97,1.98946166139045
"quant",4,15,6,0.98,1.45297940975498
"quant",4,15,6,0.99,0.819753293108545
"quant",4,15,6,0.995,0.435581663764267
"quant",4,15,7,0.9,4.35162662466203
"quant",4,15,7,0.91,4.13215661482036
"quant",4,15,7,0.92,3.87865891330771
"quant",4,15,7,0.93,3.60144879228164
"quant",4,15,7,0.94,3.30377632740834
"quant",4,15,7,0.95,2.97605297626316
"quant",4,15,7,0.96,2.61369810408635
"quant",4,15,7,0.97,2.20517145121218
"quant",4,15,7,0.98,1.74202975928047
"quant",4,15,7,0.99,1.02059239509889
"quant",4,15,7,0.995,0.570233618443557
"quant",4,15,8,0.9,1.85542105264914
"quant",4,15,8,0.91,1.75340667652578
"quant",4,15,8,0.92,1.64414871424737
"quant",4,15,8,0.93,1.52801904419405
"quant",4,15,8,0.94,1.40035964425892
"quant",4,15,8,0.95,1.25921515019276
"quant",4,15,8,0.96,1.09651740924382
"quant",4,15,8,0.97,0.900670424578918
"quant",4,15,8,0.98,0.670269558427263
"quant",4,15,8,0.99,0.380617382007989
"quant",4,15,8,0.995,0.202729888396313
"quant",4,15,9,0.9,2.34301055802581
"quant",4,15,9,0.91,2.20954444994302
"quant",4,15,9,0.92,2.06086659749907
"quant",4,15,9,0.93,1.8910657658878
"quant",4,15,9,0.94,1.700291660025
"quant",4,15,9,0.95,1.49044283233634
"quant",4,15,9,0.96,1.2596229741179
"quant",4,15,9,0.97,1.00667605829293
"quant",4,15,9,0.98,0.723146763118217
"quant",4,15,9,0.99,0.396779810813878
"quant",4,15,9,0.995,0.217821147600915
"quant",4,15,10,0.9,3.63335350677683
"quant",4,15,10,0.91,3.44959677328725
"quant",4,15,10,0.92,3.25223746447998
"quant",4,15,10,0.93,3.04542905554383
"quant",4,15,10,0.94,2.82296361976622
"quant",4,15,10,0.95,2.57736231820356
"quant",4,15,10,0.96,2.31371900753628
"quant",4,15,10,0.97,2.01657643583319
"quant",4,15,10,0.98,1.67101454186877
"quant",4,15,10,0.99,0.929892030636316
"quant",4,15,10,0.995,0.496654756447003
"quant",5,15,1,0.9,3.59396296241211
"quant",5,15,1,0.91,3.42726433711662
"quant",5,15,1,0.92,3.24833080841855
"quant",5,15,1,0.93,3.05533425271312
"quant",5,15,1,0.94,2.83954662356324
"quant",5,15,1,0.95,2.59554301453039
"quant",5,15,1,0.96,2.31270891397099
"quant",5,15,1,0.97,1.99728689596788
"quant",5,15,1,0.98,1.63931213003535
"quant",5,15,1,0.99,1.02174083545471
"quant",5,15,1,0.995,0.572937560069891
"quant",5,15,2,0.9,1.9601873010852
"quant",5,15,2,0.91,1.823587075048
"quant",5,15,2,0.92,1.68126708489631
"quant",5,15,2,0.93,1.53262159554913
"quant",5,15,2,0.94,1.37506112129995
"quant",5,15,2,0.95,1.2062843540675
"quant",5,15,2,0.96,1.02718658807104
"quant",5,15,2,0.97,0.831988153228712
"quant",5,15,2,0.98,0.607478806181775
"quant",5,15,2,0.99,0.338081834115405
"quant",5,15,2,0.995,0.187620348719564
"quant",5,15,3,0.9,2.29940624598148
"quant",5,15,3,0.91,2.17374999355386
"quant",5,15,3,0.92,2.04017483541724
"quant",5,15,3,0.93,1.89999373580317
"quant",5,15,3,0.94,1.74939982962154
"quant",5,15,3,0.95,1.58930756974701
"quant",5,15,3,0.96,1.41507041789459
"quant",5,15,3,0.97,1.21450336355742
"quant",5,15,3,0.98,0.998706797736465
"quant",5,15,3,0.99,0.561022079404728
"quant",5,15,3,0.995,0.311121111835506
"quant",5,15,4,0.9,5.37326742509918
"quant",5,15,4,0.91,5.15738502847596
"quant",5,15,4,0.92,4.90354417862781
"quant",5,15,4,0.93,4.61879644516994
"quant",5,15,4,0.94,4.26290720681805
"quant",5,15,4,0.95,3.81814998270882
"quant",5,15,4,0.96,3.29146360745598
"quant",5,15,4,0.97,2.68290403700848
"quant",5,15,4,0.98,2.0724812355804
"quant",5,15,4,0.99,1.15727070326844
"quant",5,15,4,0.995,0.641646982550115
"quant",5,15,5,0.9,2.01348766385797
"quant",5,15,5,0.91,1.87274455551406
"quant",5,15,5,0.92,1.72483611817836
"quant",5,15,5,0.93,1.56920483794708
"quant",5,15,5,0.94,1.40395147289806
"quant",5,15,5,0.95,1.23098016516724
"quant",5,15,5,0.96,1.04687616685848
"quant",5,15,5,0.97,0.840593197632805
"quant",5,15,5,0.98,0.616540963574877
"quant",5,15,5,0.99,0.356467160484369
"quant",5,15,5,0.995,0.20121667764483
"quant",5,15,6,0.9,4.03842810176206
"quant",5,15,6,0.91,3.86594965378732
"quant",5,15,6,0.92,3.66546471659474
"quant",5,15,6,0.93,3.43552496732997
"quant",5,15,6,0.94,3.17960639277663
"quant",5,15,6,0.95,2.87267339291049
"quant",5,15,6,0.96,2.45916501843203
"quant",5,15,6,0.97,1.99051393974727
"quant",5,15,6,0.98,1.45404083929874
"quant",5,15,6,0.99,0.821867679570909
"quant",5,15,6,0.995,0.444211748026254
"quant",5,15,7,0.9,4.35753594198146
"quant",5,15,7,0.91,4.1379200949324
"quant",5,15,7,0.92,3.88489050755849
"quant",5,15,7,0.93,3.60711549324415
"quant",5,15,7,0.94,3.31065823806406
"quant",5,15,7,0.95,2.98154190651107
"quant",5,15,7,0.96,2.61540095915653
"quant",5,15,7,0.97,2.20706157045764
"quant",5,15,7,0.98,1.74421191852948
"quant",5,15,7,0.99,1.02803517935493
"quant",5,15,7,0.995,0.573011722036599
"quant",5,15,8,0.9,1.9086774764264
"quant",5,15,8,0.91,1.79513371363387
"quant",5,15,8,0.92,1.67563399634102
"quant",5,15,8,0.93,1.54840087004237
"quant",5,15,8,0.94,1.41228598018638
"quant",5,15,8,0.95,1.26527102205109
"quant",5,15,8,0.96,1.09938122961619
"quant",5,15,8,0.97,0.904505527949226
"quant",5,15,8,0.98,0.679867273059536
"quant",5,15,8,0.99,0.38669620314106
"quant",5,15,8,0.995,0.218500868017573
"quant",5,15,9,0.9,2.37850489481406
"quant",5,15,9,0.91,2.23215788492774
"quant",5,15,9,0.92,2.07104319483203
"quant",5,15,9,0.93,1.89612790144043
"quant",5,15,9,0.94,1.70447539800195
"quant",5,15,9,0.95,1.49333752373913
"quant",5,15,9,0.96,1.2635395474836
"quant",5,15,9,0.97,1.01232778720319
"quant",5,15,9,0.98,0.734649915774642
"quant",5,15,9,0.99,0.404329380065529
"quant",5,15,9,0.995,0.219693626655252
"quant",5,15,10,0.9,3.6500636613233
"quant",5,15,10,0.91,3.47026899696595
"quant",5,15,10,0.92,3.28082696644145
"quant",5,15,10,0.93,3.07913441133702
"quant",5,15,10,0.94,2.86136222942171
"quant",5,15,10,0.95,2.62002509310289
"quant",5,15,10,0.96,2.35281577553833
"quant",5,15,10,0.97,2.06186080102293
"quant",5,15,10,0.98,1.69511790071089
"quant",5,15,10,0.99,0.934724110911534
"quant",5,15,10,0.995,0.498782902415078
"quant",1,20,1,0.9,3.58789841349769
"quant",1,20,1,0.91,3.42634630266448
"quant",1,20,1,0.92,3.25165522636549
"quant",1,20,1,0.93,3.05638785776506
"quant",1,20,1,0.94,2.83662381957177
"quant",1,20,1,0.95,2.58998663394052
"quant",1,20,1,0.96,2.31118468725009
"quant",1,20,1,0.97,1.99487496946968
"quant",1,20,1,0.98,1.63880249801277
"quant",1,20,1,0.99,1.02087526359033
"quant",1,20,1,0.995,0.642464847683035
"quant",1,20,2,0.9,1.9510055844026
"quant",1,20,2,0.91,1.81507820219433
"quant",1,20,2,0.92,1.67389082861708
"quant",1,20,2,0.93,1.52587796919012
"quant",1,20,2,0.94,1.36918339244474
"quant",1,20,2,0.95,1.20436562450831
"quant",1,20,2,0.96,1.02674773817492
"quant",1,20,2,0.97,0.829714536358343
"quant",1,20,2,0.98,0.605098788214659
"quant",1,20,2,0.99,0.341909523092782
"quant",1,20,2,0.995,0.193568181678059
"quant",1,20,3,0.9,2.25907111971509
"quant",1,20,3,0.91,2.13907226340325
"quant",1,20,3,0.92,2.01329327470912
"quant",1,20,3,0.93,1.88006038238888
"quant",1,20,3,0.94,1.73753074375568
"quant",1,20,3,0.95,1.57966962872515
"quant",1,20,3,0.96,1.40623715035515
"quant",1,20,3,0.97,1.20723579376118
"quant",1,20,3,0.98,0.964091332132435
"quant",1,20,3,0.99,0.539491727984933
"quant",1,20,3,0.995,0.290449245308273
"quant",1,20,4,0.9,5.30058374830449
"quant",1,20,4,0.91,5.08597753151186
"quant",1,20,4,0.92,4.84075686175655
"quant",1,20,4,0.93,4.55636103291446
"quant",1,20,4,0.94,4.22399998853948
"quant",1,20,4,0.95,3.78279721446817
"quant",1,20,4,0.96,3.25872923851862
"quant",1,20,4,0.97,2.64949322765641
"quant",1,20,4,0.98,1.97934382319754
"quant",1,20,4,0.99,1.14156764058521
"quant",1,20,4,0.995,0.637485182462237
"quant",1,20,5,0.9,2.00690355681711
"quant",1,20,5,0.91,1.86719565902848
"quant",1,20,5,0.92,1.72067064716417
"quant",1,20,5,0.93,1.56812747170783
"quant",1,20,5,0.94,1.40622318819443
"quant",1,20,5,0.95,1.23377417741
"quant",1,20,5,0.96,1.04565641059157
"quant",1,20,5,0.97,0.84101164203924
"quant",1,20,5,0.98,0.614699153920559
"quant",1,20,5,0.99,0.3576150317082
"quant",1,20,5,0.995,0.210843807874548
"quant",1,20,6,0.9,4.03597278556131
"quant",1,20,6,0.91,3.86516728195806
"quant",1,20,6,0.92,3.66577779699044
"quant",1,20,6,0.93,3.43604627075347
"quant",1,20,6,0.94,3.19567766681222
"quant",1,20,6,0.95,2.87680297998405
"quant",1,20,6,0.96,2.46102523362199
"quant",1,20,6,0.97,1.98996147358714
"quant",1,20,6,0.98,1.45715672013853
"quant",1,20,6,0.99,0.826840874127097
"quant",1,20,6,0.995,0.476645920163503
"quant",1,20,7,0.9,4.35251691245524
"quant",1,20,7,0.91,4.13210344195016
"quant",1,20,7,0.92,3.87981311524214
"quant",1,20,7,0.93,3.60098476613632
"quant",1,20,7,0.94,3.30620175597408
"quant",1,20,7,0.95,2.97920066966629
"quant",1,20,7,0.96,2.61275700635766
"quant",1,20,7,0.97,2.20781417999553
"quant",1,20,7,0.98,1.74798465872442
"quant",1,20,7,0.99,1.02453344886628
"quant",1,20,7,0.995,0.58752198578808
"quant",1,20,8,0.9,1.85528585804008
"quant",1,20,8,0.91,1.75252401070707
"quant",1,20,8,0.92,1.64290964976528
"quant",1,20,8,0.93,1.52593210271292
"quant",1,20,8,0.94,1.39869233768332
"quant",1,20,8,0.95,1.26029397351757
"quant",1,20,8,0.96,1.09699533035528
"quant",1,20,8,0.97,0.899546394029922
"quant",1,20,8,0.98,0.670346104585679
"quant",1,20,8,0.99,0.384146633484264
"quant",1,20,8,0.995,0.212509453149017
"quant",1,20,9,0.9,2.34435183418497
"quant",1,20,9,0.91,2.20848957793397
"quant",1,20,9,0.92,2.06001467790393
"quant",1,20,9,0.93,1.89253165718254
"quant",1,20,9,0.94,1.70256174055131
"quant",1,20,9,0.95,1.49379664205271
"quant",1,20,9,0.96,1.2642088826669
"quant",1,20,9,0.97,1.01094871215894
"quant",1,20,9,0.98,0.723612133048265
"quant",1,20,9,0.99,0.397264128992755
"quant",1,20,9,0.995,0.216301417051072
"quant",1,20,10,0.9,3.63134363615044
"quant",1,20,10,0.91,3.44735827335353
"quant",1,20,10,0.92,3.25223002759033
"quant",1,20,10,0.93,3.04344054203457
"quant",1,20,10,0.94,2.820815707298
"quant",1,20,10,0.95,2.57820846262689
"quant",1,20,10,0.96,2.31393261144998
"quant",1,20,10,0.97,2.01641988859041
"quant",1,20,10,0.98,1.67076370324154
"quant",1,20,10,0.99,0.92895299331504
"quant",1,20,10,0.995,0.509049555466798
"quant",2,20,1,0.9,3.58472136121896
"quant",2,20,1,0.91,3.41849107173057
"quant",2,20,1,0.92,3.24322563462861
"quant",2,20,1,0.93,3.05016379834736
"quant",2,20,1,0.94,2.83259363453403
"quant",2,20,1,0.95,2.58876235768624
"quant",2,20,1,0.96,2.30858239259421
"quant",2,20,1,0.97,1.99299200456897
"quant",2,20,1,0.98,1.62804877256396
"quant",2,20,1,0.99,1.0103663185299
"quant",2,20,1,0.995,0.563497848683926
"quant",2,20,2,0.9,1.94916371082226
"quant",2,20,2,0.91,1.81391380591399
"quant",2,20,2,0.92,1.67307620941417
"quant",2,20,2,0.93,1.5253312399639
"quant",2,20,2,0.94,1.36941202520116
"quant",2,20,2,0.95,1.20457772644602
"quant",2,20,2,0.96,1.02722092687937
"quant",2,20,2,0.97,0.829219113480336
"quant",2,20,2,0.98,0.60351634854522
"quant",2,20,2,0.99,0.337302480813007
"quant",2,20,2,0.995,0.186928635356587
"quant",2,20,3,0.9,2.25739338318515
"quant",2,20,3,0.91,2.13707744383416
"quant",2,20,3,0.92,2.01199571638895
"quant",2,20,3,0.93,1.8792134756628
"quant",2,20,3,0.94,1.73696620685355
"quant",2,20,3,0.95,1.57938459388847
"quant",2,20,3,0.96,1.4032671154753
"quant",2,20,3,0.97,1.20423502395142
"quant",2,20,3,0.98,0.963839506366939
"quant",2,20,3,0.99,0.538898846033502
"quant",2,20,3,0.995,0.289467658135428
"quant",2,20,4,0.9,5.2993532284174
"quant",2,20,4,0.91,5.08387066740291
"quant",2,20,4,0.92,4.83442079699603
"quant",2,20,4,0.93,4.54965978863888
"quant",2,20,4,0.94,4.22084173220191
"quant",2,20,4,0.95,3.78275394899585
"quant",2,20,4,0.96,3.25732213376802
"quant",2,20,4,0.97,2.64640814185025
"quant",2,20,4,0.98,1.97032994889905
"quant",2,20,4,0.99,1.13765142405318
"quant",2,20,4,0.995,0.621112884875803
"quant",2,20,5,0.9,2.00485874311985
"quant",2,20,5,0.91,1.8656665582142
"quant",2,20,5,0.92,1.71905564529894
"quant",2,20,5,0.93,1.56492977264487
"quant",2,20,5,0.94,1.40255539443897
"quant",2,20,5,0.95,1.23009820031371
"quant",2,20,5,0.96,1.04618426485281
"quant",2,20,5,0.97,0.838800150377532
"quant",2,20,5,0.98,0.612959540225279
"quant",2,20,5,0.99,0.350986001093253
"quant",2,20,5,0.995,0.194485436873328
"quant",2,20,6,0.9,4.03305270039504
"quant",2,20,6,0.91,3.86341621248415
"quant",2,20,6,0.92,3.6655919677386
"quant",2,20,6,0.93,3.43702434050318
"quant",2,20,6,0.94,3.17974543315899
"quant",2,20,6,0.95,2.86999057260531
"quant",2,20,6,0.96,2.46245908430909
"quant",2,20,6,0.97,1.99080902027529
"quant",2,20,6,0.98,1.45391136904509
"quant",2,20,6,0.99,0.8183102421008
"quant",2,20,6,0.995,0.438047503029497
"quant",2,20,7,0.9,4.35045751926843
"quant",2,20,7,0.91,4.13201012544997
"quant",2,20,7,0.92,3.8795718056442
"quant",2,20,7,0.93,3.60379138482837
"quant",2,20,7,0.94,3.30449035964932
"quant",2,20,7,0.95,2.97631190357946
"quant",2,20,7,0.96,2.61358927205474
"quant",2,20,7,0.97,2.20506378442559
"quant",2,20,7,0.98,1.7420939105961
"quant",2,20,7,0.99,1.01812769847051
"quant",2,20,7,0.995,0.570701217560879
"quant",2,20,8,0.9,1.85299362355961
"quant",2,20,8,0.91,1.7511801271276
"quant",2,20,8,0.92,1.64203929450287
"quant",2,20,8,0.93,1.52520549314129
"quant",2,20,8,0.94,1.39724899214115
"quant",2,20,8,0.95,1.25770984538992
"quant",2,20,8,0.96,1.09560045563001
"quant",2,20,8,0.97,0.900059763519205
"quant",2,20,8,0.98,0.669820580199861
"quant",2,20,8,0.99,0.378635437961518
"quant",2,20,8,0.995,0.201305545079695
"quant",2,20,9,0.9,2.34281137179534
"quant",2,20,9,0.91,2.20928438917302
"quant",2,20,9,0.92,2.06014823240434
"quant",2,20,9,0.93,1.88973923379491
"quant",2,20,9,0.94,1.6985749240262
"quant",2,20,9,0.95,1.4895229263218
"quant",2,20,9,0.96,1.25914125855845
"quant",2,20,9,0.97,1.00604821659046
"quant",2,20,9,0.98,0.722233767966215
"quant",2,20,9,0.99,0.396218685471568
"quant",2,20,9,0.995,0.214311110162105
"quant",2,20,10,0.9,3.63089204249326
"quant",2,20,10,0.91,3.44675383869384
"quant",2,20,10,0.92,3.25053504479994
"quant",2,20,10,0.93,3.04403188920369
"quant",2,20,10,0.94,2.82201813639322
"quant",2,20,10,0.95,2.57755693312481
"quant",2,20,10,0.96,2.31345230496715
"quant",2,20,10,0.97,2.01592612431
"quant",2,20,10,0.98,1.67076370324154
"quant",2,20,10,0.99,0.927857282039128
"quant",2,20,10,0.995,0.49486953576136
"quant",3,20,1,0.9,3.58762358608708
"quant",3,20,1,0.91,3.4220486370058
"quant",3,20,1,0.92,3.24639084136356
"quant",3,20,1,0.93,3.0533691827647
"quant",3,20,1,0.94,2.8344471398726
"quant",3,20,1,0.95,2.59059538357465
"quant",3,20,1,0.96,2.31122387837114
"quant",3,20,1,0.97,1.99423675553455
"quant",3,20,1,0.98,1.62844230576699
"quant",3,20,1,0.99,1.01299835556209
"quant",3,20,1,0.995,0.565921304191596
"quant",3,20,2,0.9,1.974514704213
"quant",3,20,2,0.91,1.83569726661535
"quant",3,20,2,0.92,1.68985451690318
"quant",3,20,2,0.93,1.53647907675872
"quant",3,20,2,0.94,1.37679668611433
"quant",3,20,2,0.95,1.20973488181177
"quant",3,20,2,0.96,1.02900395601807
"quant",3,20,2,0.97,0.83169563725733
"quant",3,20,2,0.98,0.606286349319529
"quant",3,20,2,0.99,0.340363187989446
"quant",3,20,2,0.995,0.190030812425526
"quant",3,20,3,0.9,2.26250701105157
"quant",3,20,3,0.91,2.14097502960426
"quant",3,20,3,0.92,2.01410209474084
"quant",3,20,3,0.93,1.88103875998618
"quant",3,20,3,0.94,1.73845834927597
"quant",3,20,3,0.95,1.58094838349707
"quant",3,20,3,0.96,1.40571698597431
"quant",3,20,3,0.97,1.20481751088845
"quant",3,20,3,0.98,0.964092640208483
"quant",3,20,3,0.99,0.540086208065848
"quant",3,20,3,0.995,0.289809618175812
"quant",3,20,4,0.9,5.30384719555108
"quant",3,20,4,0.91,5.08820782956781
"quant",3,20,4,0.92,4.83854127798569
"quant",3,20,4,0.93,4.55243231065046
"quant",3,20,4,0.94,4.22151534603796
"quant",3,20,4,0.95,3.78281124059972
"quant",3,20,4,0.96,3.25803772027896
"quant",3,20,4,0.97,2.64647703650307
"quant",3,20,4,0.98,1.97336018189565
"quant",3,20,4,0.99,1.14054585513819
"quant",3,20,4,0.995,0.624230314030962
"quant",3,20,5,0.9,2.00275534905412
"quant",3,20,5,0.91,1.86470612776856
"quant",3,20,5,0.92,1.71877278509082
"quant",3,20,5,0.93,1.56570682607075
"quant",3,20,5,0.94,1.40288793037527
"quant",3,20,5,0.95,1.23000900573994
"quant",3,20,5,0.96,1.04662981181131
"quant",3,20,5,0.97,0.839463565710334
"quant",3,20,5,0.98,0.612832333994733
"quant",3,20,5,0.99,0.354500456861947
"quant",3,20,5,0.995,0.198432257889455
"quant",3,20,6,0.9,4.03740983639184
"quant",3,20,6,0.91,3.86620382264475
"quant",3,20,6,0.92,3.66486564094784
"quant",3,20,6,0.93,3.43666869250262
"quant",3,20,6,0.94,3.17842893951291
"quant",3,20,6,0.95,2.86957602900243
"quant",3,20,6,0.96,2.45988460325419
"quant",3,20,6,0.97,1.98687120279607
"quant",3,20,6,0.98,1.45361926429985
"quant",3,20,6,0.99,0.815474696502849
"quant",3,20,6,0.995,0.435333928920855
"quant",3,20,7,0.9,4.35422534964024
"quant",3,20,7,0.91,4.13429567551554
"quant",3,20,7,0.92,3.88146263139159
"quant",3,20,7,0.93,3.60517391566175
"quant",3,20,7,0.94,3.3068298261808
"quant",3,20,7,0.95,2.97881313919479
"quant",3,20,7,0.96,2.61505200561802
"quant",3,20,7,0.97,2.20663808711189
"quant",3,20,7,0.98,1.74347573572758
"quant",3,20,7,0.99,1.02318964829648
"quant",3,20,7,0.995,0.569807683926517
"quant",3,20,8,0.9,1.8693177272909
"quant",3,20,8,0.91,1.76481067223635
"quant",3,20,8,0.92,1.6535244780748
"quant",3,20,8,0.93,1.5325383930282
"quant",3,20,8,0.94,1.40175155360781
"quant",3,20,8,0.95,1.25965667212326
"quant",3,20,8,0.96,1.09647420817295
"quant",3,20,8,0.97,0.90133708015045
"quant",3,20,8,0.98,0.670069702584529
"quant",3,20,8,0.99,0.380103213504544
"quant",3,20,8,0.995,0.20221055395016
"quant",3,20,9,0.9,2.35472736676589
"quant",3,20,9,0.91,2.21544288935978
"quant",3,20,9,0.92,2.06347689023484
"quant",3,20,9,0.93,1.89176911603239
"quant",3,20,9,0.94,1.70011816446866
"quant",3,20,9,0.95,1.48984728204677
"quant",3,20,9,0.96,1.26022858720438
"quant",3,20,9,0.97,1.00712812905721
"quant",3,20,9,0.98,0.723810208180991
"quant",3,20,9,0.99,0.396618949228912
"quant",3,20,9,0.995,0.217096803084902
"quant",3,20,10,0.9,3.63134595523798
"quant",3,20,10,0.91,3.44734127532177
"quant",3,20,10,0.92,3.25177032739093
"quant",3,20,10,0.93,3.04540019497724
"quant",3,20,10,0.94,2.82268439102376
"quant",3,20,10,0.95,2.57831143796922
"quant",3,20,10,0.96,2.31451426327502
"quant",3,20,10,0.97,2.01672780081324
"quant",3,20,10,0.98,1.67076370324154
"quant",3,20,10,0.99,0.928858287850447
"quant",3,20,10,0.995,0.493655106471238
"quant",4,20,1,0.9,3.58484507255582
"quant",4,20,1,0.91,3.42039861448213
"quant",4,20,1,0.92,3.24619725572924
"quant",4,20,1,0.93,3.05423967648992
"quant",4,20,1,0.94,2.83552536820465
"quant",4,20,1,0.95,2.5900819616873
"quant",4,20,1,0.96,2.31123281346024
"quant",4,20,1,0.97,1.99403392409141
"quant",4,20,1,0.98,1.630291971105
"quant",4,20,1,0.99,1.01918448279355
"quant",4,20,1,0.995,0.576208853752501
"quant",4,20,2,0.9,1.94974011817384
"quant",4,20,2,0.91,1.81418124824034
"quant",4,20,2,0.92,1.67353057956587
"quant",4,20,2,0.93,1.52574086538928
"quant",4,20,2,0.94,1.36951771670571
"quant",4,20,2,0.95,1.20510202774203
"quant",4,20,2,0.96,1.02738887764424
"quant",4,20,2,0.97,0.828672224470463
"quant",4,20,2,0.98,0.603022684544499
"quant",4,20,2,0.99,0.34104270022475
"quant",4,20,2,0.995,0.189588079266438
"quant",4,20,3,0.9,2.25849913656461
"quant",4,20,3,0.91,2.13915783395408
"quant",4,20,3,0.92,2.01319497860475
"quant",4,20,3,0.93,1.87951371097252
"quant",4,20,3,0.94,1.73637447464901
"quant",4,20,3,0.95,1.57947697950328
"quant",4,20,3,0.96,1.40482079245496
"quant",4,20,3,0.97,1.20545269383182
"quant",4,20,3,0.98,0.963839506366939
"quant",4,20,3,0.99,0.539198469463425
"quant",4,20,3,0.995,0.290230306722761
"quant",4,20,4,0.9,5.2985085209274
"quant",4,20,4,0.91,5.08405092978572
"quant",4,20,4,0.92,4.83671898047777
"quant",4,20,4,0.93,4.55367596257637
"quant",4,20,4,0.94,4.22186688915307
"quant",4,20,4,0.95,3.78328160605136
"quant",4,20,4,0.96,3.25858598806582
"quant",4,20,4,0.97,2.64566569508582
"quant",4,20,4,0.98,1.9700403741988
"quant",4,20,4,0.99,1.14036375532192
"quant",4,20,4,0.995,0.638258306972333
"quant",4,20,5,0.9,2.00691110897589
"quant",4,20,5,0.91,1.86749162751423
"quant",4,20,5,0.92,1.72061359644273
"quant",4,20,5,0.93,1.56652161603897
"quant",4,20,5,0.94,1.40397686895591
"quant",4,20,5,0.95,1.23151503425452
"quant",4,20,5,0.96,1.04716310313689
"quant",4,20,5,0.97,0.839943227020429
"quant",4,20,5,0.98,0.614567672343127
"quant",4,20,5,0.99,0.354054799033526
"quant",4,20,5,0.995,0.198279876515345
"quant",4,20,6,0.9,4.03473514743591
"quant",4,20,6,0.91,3.86545097597271
"quant",4,20,6,0.92,3.66495737990762
"quant",4,20,6,0.93,3.43649628452013
"quant",4,20,6,0.94,3.17772865253522
"quant",4,20,6,0.95,2.86841235209926
"quant",4,20,6,0.96,2.45890269552979
"quant",4,20,6,0.97,1.98969472815524
"quant",4,20,6,0.98,1.45537577013257
"quant",4,20,6,0.99,0.814957980495119
"quant",4,20,6,0.995,0.434730122904947
"quant",4,20,7,0.9,4.35089863272983
"quant",4,20,7,0.91,4.13134763159073
"quant",4,20,7,0.92,3.87826067435265
"quant",4,20,7,0.93,3.60258455736929
"quant",4,20,7,0.94,3.30455709998037
"quant",4,20,7,0.95,2.97784685742923
"quant",4,20,7,0.96,2.61420992297451
"quant",4,20,7,0.97,2.20450336030779
"quant",4,20,7,0.98,1.74159613352431
"quant",4,20,7,0.99,1.02103615086031
"quant",4,20,7,0.995,0.568608098827175
"quant",4,20,8,0.9,1.85461211959445
"quant",4,20,8,0.91,1.75213974522716
"quant",4,20,8,0.92,1.64292957233879
"quant",4,20,8,0.93,1.52633279010166
"quant",4,20,8,0.94,1.39930826915391
"quant",4,20,8,0.95,1.25853267133664
"quant",4,20,8,0.96,1.09587649952542
"quant",4,20,8,0.97,0.900345691176536
"quant",4,20,8,0.98,0.670749774653049
"quant",4,20,8,0.99,0.381085041829984
"quant",4,20,8,0.995,0.202851470704342
"quant",4,20,9,0.9,2.34344332683606
"quant",4,20,9,0.91,2.20960237029668
"quant",4,20,9,0.92,2.06173456832373
"quant",4,20,9,0.93,1.89206557162731
"quant",4,20,9,0.94,1.70103598279558
"quant",4,20,9,0.95,1.4902616855729
"quant",4,20,9,0.96,1.2594341301984
"quant",4,20,9,0.97,1.00695591568103
"quant",4,20,9,0.98,0.724545545196249
"quant",4,20,9,0.99,0.395812479528145
"quant",4,20,9,0.995,0.217282084199507
"quant",4,20,10,0.9,3.63336560217932
"quant",4,20,10,0.91,3.44970871736445
"quant",4,20,10,0.92,3.25226152017521
"quant",4,20,10,0.93,3.04451239280326
"quant",4,20,10,0.94,2.82239392569832
"quant",4,20,10,0.95,2.57709139259426
"quant",4,20,10,0.96,2.31413090838479
"quant",4,20,10,0.97,2.0167075960075
"quant",4,20,10,0.98,1.67172971584503
"quant",4,20,10,0.99,0.928746428656993
"quant",4,20,10,0.995,0.4978825585549
"quant",5,20,1,0.9,3.59045760032386
"quant",5,20,1,0.91,3.42601281665254
"quant",5,20,1,0.92,3.2504693630517
"quant",5,20,1,0.93,3.05790010305913
"quant",5,20,1,0.94,2.83865418145698
"quant",5,20,1,0.95,2.59525402073005
"quant",5,20,1,0.96,2.31369217976715
"quant",5,20,1,0.97,1.99541940993737
"quant",5,20,1,0.98,1.63105588413895
"quant",5,20,1,0.99,1.03021738044392
"quant",5,20,1,0.995,0.578583174702818
"quant",5,20,2,0.9,1.95891955794229
"quant",5,20,2,0.91,1.82312043673617
"quant",5,20,2,0.92,1.68145634790029
"quant",5,20,2,0.93,1.53082548630643
"quant",5,20,2,0.94,1.37352524218106
"quant",5,20,2,0.95,1.2082215022735
"quant",5,20,2,0.96,1.03140919330569
"quant",5,20,2,0.97,0.835772534886126
"quant",5,20,2,0.98,0.614493376973745
"quant",5,20,2,0.99,0.34911844626376
"quant",5,20,2,0.995,0.198830743226544
"quant",5,20,3,0.9,2.51291380541488
"quant",5,20,3,0.91,2.35595152025893
"quant",5,20,3,0.92,2.19192610119348
"quant",5,20,3,0.93,2.02130014407544
"quant",5,20,3,0.94,1.83984449794346
"quant",5,20,3,0.95,1.64875668744607
"quant",5,20,3,0.96,1.44651237934529
"quant",5,20,3,0.97,1.2263977305015
"quant",5,20,3,0.98,0.988193259291017
"quant",5,20,3,0.99,0.544205091536419
"quant",5,20,3,0.995,0.301984578239888
"quant",5,20,4,0.9,7.14086811739001
"quant",5,20,4,0.91,6.74734071487273
"quant",5,20,4,0.92,6.30701607585851
"quant",5,20,4,0.93,5.78097807523509
"quant",5,20,4,0.94,5.1402890230941
"quant",5,20,4,0.95,4.32322498470908
"quant",5,20,4,0.96,3.62317376052848
"quant",5,20,4,0.97,2.97647081734291
"quant",5,20,4,0.98,2.21485521957999
"quant",5,20,4,0.99,1.24439560056663
"quant",5,20,4,0.995,0.713430647775569
"quant",5,20,5,0.9,2.00837981528494
"quant",5,20,5,0.91,1.86885613770914
"quant",5,20,5,0.92,1.72199172040763
"quant",5,20,5,0.93,1.56869930427598
"quant",5,20,5,0.94,1.4060296823285
"quant",5,20,5,0.95,1.2336758846312
"quant",5,20,5,0.96,1.04921870873967
"quant",5,20,5,0.97,0.843510980435731
"quant",5,20,5,0.98,0.619394592497809
"quant",5,20,5,0.99,0.36420049817426
"quant",5,20,5,0.995,0.20819224083848
"quant",5,20,6,0.9,4.09419275135759
"quant",5,20,6,0.91,3.9098752638427
"quant",5,20,6,0.92,3.69894904247578
"quant",5,20,6,0.93,3.46170301011925
"quant",5,20,6,0.94,3.19889309408858
"quant",5,20,6,0.95,2.88426764832275
"quant",5,20,6,0.96,2.4901009287861
"quant",5,20,6,0.97,2.01484652555789
"quant",5,20,6,0.98,1.4688427658842
"quant",5,20,6,0.99,0.848094766652698
"quant",5,20,6,0.995,0.463321269201644
"quant",5,20,7,0.9,4.36285026908537
"quant",5,20,7,0.91,4.14433867189872
"quant",5,20,7,0.92,3.89036546426864
"quant",5,20,7,0.93,3.60993217811705
"quant",5,20,7,0.94,3.31184458751034
"quant",5,20,7,0.95,2.98418954123092
"quant",5,20,7,0.96,2.62573488594507
"quant",5,20,7,0.97,2.21681633047107
"quant",5,20,7,0.98,1.7627371335994
"quant",5,20,7,0.99,1.04395542675064
"quant",5,20,7,0.995,0.609773514766087
"quant",5,20,8,0.9,1.91219694164423
"quant",5,20,8,0.91,1.79966782923601
"quant",5,20,8,0.92,1.67967072249738
"quant",5,20,8,0.93,1.55255708403737
"quant",5,20,8,0.94,1.41712526826398
"quant",5,20,8,0.95,1.27070388295001
"quant",5,20,8,0.96,1.10442261995569
"quant",5,20,8,0.97,0.908517718887226
"quant",5,20,8,0.98,0.678087448906958
"quant",5,20,8,0.99,0.387889765125056
"quant",5,20,8,0.995,0.220978766606845
"quant",5,20,9,0.9,2.36884798395108
"quant",5,20,9,0.91,2.22521918396015
"quant",5,20,9,0.92,2.06819115292758
"quant",5,20,9,0.93,1.89482590256442
"quant",5,20,9,0.94,1.70366452932085
"quant",5,20,9,0.95,1.49614116187594
"quant",5,20,9,0.96,1.26797354517998
"quant",5,20,9,0.97,1.01352817354991
"quant",5,20,9,0.98,0.726796500627093
"quant",5,20,9,0.99,0.396803982489219
"quant",5,20,9,0.995,0.219486607773663
"quant",5,20,10,0.9,3.63631772840995
"quant",5,20,10,0.91,3.45378963028894
"quant",5,20,10,0.92,3.25700558699514
"quant",5,20,10,0.93,3.04917458162288
"quant",5,20,10,0.94,2.82510329246356
"quant",5,20,10,0.95,2.58017795198537
"quant",5,20,10,0.96,2.31566193084942
"quant",5,20,10,0.97,2.01679232127451
"quant",5,20,10,0.98,1.67369089849026
"quant",5,20,10,0.99,0.927883951166823
"quant",5,20,10,0.995,0.500662658607857
"quant",1,25,1,0.9,3.58778443132032
"quant",1,25,1,0.91,3.42636663692429
"quant",1,25,1,0.92,3.2515903504428
"quant",1,25,1,0.93,3.05615628047272
"quant",1,25,1,0.94,2.83648760887078
"quant",1,25,1,0.95,2.58992047592956
"quant",1,25,1,0.96,2.31097083103287
"quant",1,25,1,0.97,1.99457367742114
"quant",1,25,1,0.98,1.63916609561046
"quant",1,25,1,0.99,1.02055730466191
"quant",1,25,1,0.995,0.642581115101315
"quant",1,25,2,0.9,1.95119187957925
"quant",1,25,2,0.91,1.81506753611258
"quant",1,25,2,0.92,1.67365903267743
"quant",1,25,2,0.93,1.5254653090167
"quant",1,25,2,0.94,1.36884339484563
"quant",1,25,2,0.95,1.20406187115783
"quant",1,25,2,0.96,1.02679264582468
"quant",1,25,2,0.97,0.829882814390897
"quant",1,25,2,0.98,0.605043842037511
"quant",1,25,2,0.99,0.341886268640706
"quant",1,25,2,0.995,0.193490235295417
"quant",1,25,3,0.9,2.25925540579765
"quant",1,25,3,0.91,2.13932906016013
"quant",1,25,3,0.92,2.01342326672133
"quant",1,25,3,0.93,1.880213959411
"quant",1,25,3,0.94,1.73773421423886
"quant",1,25,3,0.95,1.57994229612519
"quant",1,25,3,0.96,1.40637386339512
"quant",1,25,3,0.97,1.20741513266936
"quant",1,25,3,0.98,0.96404530875646
"quant",1,25,3,0.99,0.539474885970244
"quant",1,25,3,0.995,0.290534250697238
"quant",1,25,4,0.9,5.30076306643408
"quant",1,25,4,0.91,5.0864242516143
"quant",1,25,4,0.92,4.8409534408729
"quant",1,25,4,0.93,4.55678627295483
"quant",1,25,4,0.94,4.22423245360603
"quant",1,25,4,0.95,3.7825956757039
"quant",1,25,4,0.96,3.25964974102636
"quant",1,25,4,0.97,2.64897600101412
"quant",1,25,4,0.98,1.97957656564515
"quant",1,25,4,0.99,1.14171448590588
"quant",1,25,4,0.995,0.637683525198974
"quant",1,25,5,0.9,2.005633698967
"quant",1,25,5,0.91,1.86622699368146
"quant",1,25,5,0.92,1.72015791286965
"quant",1,25,5,0.93,1.56763359926968
"quant",1,25,5,0.94,1.40570914376784
"quant",1,25,5,0.95,1.23335338195412
"quant",1,25,5,0.96,1.0453065908991
"quant",1,25,5,0.97,0.840905564223646
"quant",1,25,5,0.98,0.614587665745686
"quant",1,25,5,0.99,0.357370319281238
"quant",1,25,5,0.995,0.210838046616901
"quant",1,25,6,0.9,4.03552141877537
"quant",1,25,6,0.91,3.86462793439409
"quant",1,25,6,0.92,3.66528603481246
"quant",1,25,6,0.93,3.43593778879504
"quant",1,25,6,0.94,3.19542328660552
"quant",1,25,6,0.95,2.87649725265596
"quant",1,25,6,0.96,2.46088096327023
"quant",1,25,6,0.97,1.98983655715264
"quant",1,25,6,0.98,1.45701444818181
"quant",1,25,6,0.99,0.826866249051321
"quant",1,25,6,0.995,0.476592433998421
"quant",1,25,7,0.9,4.35239492993487
"quant",1,25,7,0.91,4.13219065464047
"quant",1,25,7,0.92,3.87967562627904
"quant",1,25,7,0.93,3.60107510992664
"quant",1,25,7,0.94,3.30595579338963
"quant",1,25,7,0.95,2.97887702229182
"quant",1,25,7,0.96,2.61268433529419
"quant",1,25,7,0.97,2.20789671954009
"quant",1,25,7,0.98,1.74755711204317
"quant",1,25,7,0.99,1.02445478394678
"quant",1,25,7,0.995,0.58743822615431
"quant",1,25,8,0.9,1.85570944612957
"quant",1,25,8,0.91,1.75274198694616
"quant",1,25,8,0.92,1.64278357976027
"quant",1,25,8,0.93,1.52585609745009
"quant",1,25,8,0.94,1.39895982798311
"quant",1,25,8,0.95,1.26060338945781
"quant",1,25,8,0.96,1.09736061535999
"quant",1,25,8,0.97,0.899821729202945
"quant",1,25,8,0.98,0.670115858737964
"quant",1,25,8,0.99,0.383741284431729
"quant",1,25,8,0.995,0.212161445101313
"quant",1,25,9,0.9,2.34453712801356
"quant",1,25,9,0.91,2.20863964337103
"quant",1,25,9,0.92,2.06038278384584
"quant",1,25,9,0.93,1.89275853967453
"quant",1,25,9,0.94,1.7027723926284
"quant",1,25,9,0.95,1.49370792627212
"quant",1,25,9,0.96,1.26396025945378
"quant",1,25,9,0.97,1.01069114694436
"quant",1,25,9,0.98,0.723571614980122
"quant",1,25,9,0.99,0.397184884099868
"quant",1,25,9,0.995,0.2161826506177
"quant",1,25,10,0.9,3.63158021807295
"quant",1,25,10,0.91,3.44769896903485
"quant",1,25,10,0.92,3.25234958550466
"quant",1,25,10,0.93,3.04336834942952
"quant",1,25,10,0.94,2.82086301349912
"quant",1,25,10,0.95,2.57848803714547
"quant",1,25,10,0.96,2.31375577865
"quant",1,25,10,0.97,2.01652142351663
"quant",1,25,10,0.98,1.67076370324154
"quant",1,25,10,0.99,0.929296259222884
"quant",1,25,10,0.995,0.509608684622844
"quant",2,25,1,0.9,3.58442183219374
"quant",2,25,1,0.91,3.41826109497873
"quant",2,25,1,0.92,3.24315615609488
"quant",2,25,1,0.93,3.05012804715251
"quant",2,25,1,0.94,2.83246620082541
"quant",2,25,1,0.95,2.58851286975218
"quant",2,25,1,0.96,2.30842228076508
"quant",2,25,1,0.97,1.9928630583473
"quant",2,25,1,0.98,1.6281407938653
"quant",2,25,1,0.99,1.01101150173123
"quant",2,25,1,0.995,0.563519651355878
"quant",2,25,2,0.9,1.94914397910174
"quant",2,25,2,0.91,1.81381091160526
"quant",2,25,2,0.92,1.67318136572718
"quant",2,25,2,0.93,1.52533424282214
"quant",2,25,2,0.94,1.3692481170113
"quant",2,25,2,0.95,1.20443523369298
"quant",2,25,2,0.96,1.02728529875588
"quant",2,25,2,0.97,0.829552720264961
"quant",2,25,2,0.98,0.603776672788131
"quant",2,25,2,0.99,0.337303598164158
"quant",2,25,2,0.995,0.187101621240966
"quant",2,25,3,0.9,2.25787934000565
"quant",2,25,3,0.91,2.13752513000639
"quant",2,25,3,0.92,2.0120295655028
"quant",2,25,3,0.93,1.8794617185323
"quant",2,25,3,0.94,1.7371117943709
"quant",2,25,3,0.95,1.57973583611492
"quant",2,25,3,0.96,1.40379958940458
"quant",2,25,3,0.97,1.2045537475325
"quant",2,25,3,0.98,0.963839506366939
"quant",2,25,3,0.99,0.538330835825699
"quant",2,25,3,0.995,0.289139325406405
"quant",2,25,4,0.9,5.29953498189009
"quant",2,25,4,0.91,5.08388357728413
"quant",2,25,4,0.92,4.83484358290376
"quant",2,25,4,0.93,4.55038030749989
"quant",2,25,4,0.94,4.2210233381863
"quant",2,25,4,0.95,3.7828609774237
"quant",2,25,4,0.96,3.25745346397527
"quant",2,25,4,0.97,2.64621684043748
"quant",2,25,4,0.98,1.97071362526683
"quant",2,25,4,0.99,1.13867436322388
"quant",2,25,4,0.995,0.620970254248605
"quant",2,25,5,0.9,2.0043579928818
"quant",2,25,5,0.91,1.8653197563035
"quant",2,25,5,0.92,1.71870124963492
"quant",2,25,5,0.93,1.56463809963576
"quant",2,25,5,0.94,1.40215677140877
"quant",2,25,5,0.95,1.22974650449776
"quant",2,25,5,0.96,1.04576180774654
"quant",2,25,5,0.97,0.838659213468159
"quant",2,25,5,0.98,0.61248597680259
"quant",2,25,5,0.99,0.351203779086557
"quant",2,25,5,0.995,0.19454432331681
"quant",2,25,6,0.9,4.03267268083603
"quant",2,25,6,0.91,3.86300386370612
"quant",2,25,6,0.92,3.66516694130558
"quant",2,25,6,0.93,3.43673323840793
"quant",2,25,6,0.94,3.17941599671762
"quant",2,25,6,0.95,2.87049046810159
"quant",2,25,6,0.96,2.46300189979343
"quant",2,25,6,0.97,1.99079462621192
"quant",2,25,6,0.98,1.45378075108596
"quant",2,25,6,0.99,0.818220356261857
"quant",2,25,6,0.995,0.437635623753162
"quant",2,25,7,0.9,4.35023558743254
"quant",2,25,7,0.91,4.1319865041962
"quant",2,25,7,0.92,3.87918292017258
"quant",2,25,7,0.93,3.6032080787319
"quant",2,25,7,0.94,3.30416251861827
"quant",2,25,7,0.95,2.97612955857089
"quant",2,25,7,0.96,2.61367238055327
"quant",2,25,7,0.97,2.20535275100752
"quant",2,25,7,0.98,1.74194403347402
"quant",2,25,7,0.99,1.01831380032709
"quant",2,25,7,0.995,0.57111491278119
"quant",2,25,8,0.9,1.85335217991462
"quant",2,25,8,0.91,1.75124070410726
"quant",2,25,8,0.92,1.64177892509793
"quant",2,25,8,0.93,1.52499684137514
"quant",2,25,8,0.94,1.39731882987989
"quant",2,25,8,0.95,1.2576955810931
"quant",2,25,8,0.96,1.09575663412142
"quant",2,25,8,0.97,0.900273608114634
"quant",2,25,8,0.98,0.669522878194843
"quant",2,25,8,0.99,0.378085393421749
"quant",2,25,8,0.995,0.201267543293737
"quant",2,25,9,0.9,2.34278576125551
"quant",2,25,9,0.91,2.20921341634047
"quant",2,25,9,0.92,2.0602505831194
"quant",2,25,9,0.93,1.88974509416077
"quant",2,25,9,0.94,1.69846600820587
"quant",2,25,9,0.95,1.48953765755563
"quant",2,25,9,0.96,1.25911417559429
"quant",2,25,9,0.97,1.00608949337706
"quant",2,25,9,0.98,0.722629912150499
"quant",2,25,9,0.99,0.396228545240697
"quant",2,25,9,0.995,0.214193417587713
"quant",2,25,10,0.9,3.63089122316953
"quant",2,25,10,0.91,3.44699730114512
"quant",2,25,10,0.92,3.25051033267915
"quant",2,25,10,0.93,3.04376518120077
"quant",2,25,10,0.94,2.82155580831708
"quant",2,25,10,0.95,2.57727026239379
"quant",2,25,10,0.96,2.31311730658754
"quant",2,25,10,0.97,2.01575217069674
"quant",2,25,10,0.98,1.67076370324154
"quant",2,25,10,0.99,0.927856410010781
"quant",2,25,10,0.995,0.495172342287591
"quant",3,25,1,0.9,3.58708928605399
"quant",3,25,1,0.91,3.42115323876065
"quant",3,25,1,0.92,3.24580497734518
"quant",3,25,1,0.93,3.05332412115283
"quant",3,25,1,0.94,2.83488056849883
"quant",3,25,1,0.95,2.59068264986174
"quant",3,25,1,0.96,2.31089876126698
"quant",3,25,1,0.97,1.99444010946648
"quant",3,25,1,0.98,1.62802126298969
"quant",3,25,1,0.99,1.01117745518886
"quant",3,25,1,0.995,0.5658761869266
"quant",3,25,2,0.9,1.99991665460934
"quant",3,25,2,0.91,1.85545503904731
"quant",3,25,2,0.92,1.70511648768361
"quant",3,25,2,0.93,1.54784706805554
"quant",3,25,2,0.94,1.38298064658652
"quant",3,25,2,0.95,1.2107817334233
"quant",3,25,2,0.96,1.0313712080598
"quant",3,25,2,0.97,0.832318796921783
"quant",3,25,2,0.98,0.606178070818871
"quant",3,25,2,0.99,0.340230524071712
"quant",3,25,2,0.995,0.190572376644691
"quant",3,25,3,0.9,2.26948532111863
"quant",3,25,3,0.91,2.14740816522213
"quant",3,25,3,0.92,2.01791784775981
"quant",3,25,3,0.93,1.88302228735642
"quant",3,25,3,0.94,1.73979462155181
"quant",3,25,3,0.95,1.58164927205622
"quant",3,25,3,0.96,1.40636040188958
"quant",3,25,3,0.97,1.2055924565577
"quant",3,25,3,0.98,0.964121834594345
"quant",3,25,3,0.99,0.539572504815497
"quant",3,25,3,0.995,0.289295494774432
"quant",3,25,4,0.9,5.30662632902213
"quant",3,25,4,0.91,5.09000957265077
"quant",3,25,4,0.92,4.84039707990181
"quant",3,25,4,0.93,4.55420253492098
"quant",3,25,4,0.94,4.22162495225404
"quant",3,25,4,0.95,3.78312828163171
"quant",3,25,4,0.96,3.25760659934003
"quant",3,25,4,0.97,2.64543359218507
"quant",3,25,4,0.98,1.97253216673522
"quant",3,25,4,0.99,1.14075194459542
"quant",3,25,4,0.995,0.623759403651378
"quant",3,25,5,0.9,2.0041045239892
"quant",3,25,5,0.91,1.86504962563242
"quant",3,25,5,0.92,1.71982112053513
"quant",3,25,5,0.93,1.56620865758307
"quant",3,25,5,0.94,1.40219755129886
"quant",3,25,5,0.95,1.22985491496146
"quant",3,25,5,0.96,1.04583922517167
"quant",3,25,5,0.97,0.838984560040858
"quant",3,25,5,0.98,0.611642798616633
"quant",3,25,5,0.99,0.353053705723981
"quant",3,25,5,0.995,0.197684993794663
"quant",3,25,6,0.9,4.03948750582451
"quant",3,25,6,0.91,3.86790319224773
"quant",3,25,6,0.92,3.66524590135978
"quant",3,25,6,0.93,3.43691116051235
"quant",3,25,6,0.94,3.1791912808572
"quant",3,25,6,0.95,2.86953833469914
"quant",3,25,6,0.96,2.45989938205116
"quant",3,25,6,0.97,1.98543469713306
"quant",3,25,6,0.98,1.45376552646797
"quant",3,25,6,0.99,0.814383932607099
"quant",3,25,6,0.995,0.434302735820396
"quant",3,25,7,0.9,4.35291684416998
"quant",3,25,7,0.91,4.13351643940473
"quant",3,25,7,0.92,3.881796560725
"quant",3,25,7,0.93,3.60554704157613
"quant",3,25,7,0.94,3.30605205566849
"quant",3,25,7,0.95,2.97811457227194
"quant",3,25,7,0.96,2.61497910649347
"quant",3,25,7,0.97,2.20627509014607
"quant",3,25,7,0.98,1.74322200160517
"quant",3,25,7,0.99,1.02282808498889
"quant",3,25,7,0.995,0.570890043202137
"quant",3,25,8,0.9,1.88482698684246
"quant",3,25,8,0.91,1.77755137185031
"quant",3,25,8,0.92,1.66182515847694
"quant",3,25,8,0.93,1.53823722802928
"quant",3,25,8,0.94,1.40527897417683
"quant",3,25,8,0.95,1.2618636464389
"quant",3,25,8,0.96,1.0974854359559
"quant",3,25,8,0.97,0.900991499604909
"quant",3,25,8,0.98,0.670060028815587
"quant",3,25,8,0.99,0.38028001720478
"quant",3,25,8,0.995,0.202270143285495
"quant",3,25,9,0.9,2.35738775211411
"quant",3,25,9,0.91,2.21715940583175
"quant",3,25,9,0.92,2.06510019374461
"quant",3,25,9,0.93,1.8924631575556
"quant",3,25,9,0.94,1.70023980216903
"quant",3,25,9,0.95,1.48935981850827
"quant",3,25,9,0.96,1.25921512705085
"quant",3,25,9,0.97,1.0056501693121
"quant",3,25,9,0.98,0.7239635810354
"quant",3,25,9,0.99,0.395869022860683
"quant",3,25,9,0.995,0.216831617863898
"quant",3,25,10,0.9,3.63101478757696
"quant",3,25,10,0.91,3.44672589151843
"quant",3,25,10,0.92,3.25146088068824
"quant",3,25,10,0.93,3.04527852011499
"quant",3,25,10,0.94,2.82261160036648
"quant",3,25,10,0.95,2.57798502185091
"quant",3,25,10,0.96,2.31406688201239
"quant",3,25,10,0.97,2.01660620675035
"quant",3,25,10,0.98,1.67076370324154
"quant",3,25,10,0.99,0.929367255231264
"quant",3,25,10,0.995,0.494718169352083
"quant",4,25,1,0.9,3.58407400747424
"quant",4,25,1,0.91,3.41956571406668
"quant",4,25,1,0.92,3.24548344176754
"quant",4,25,1,0.93,3.05266736440249
"quant",4,25,1,0.94,2.83391906978687
"quant",4,25,1,0.95,2.58885630679871
"quant",4,25,1,0.96,2.30959052995781
"quant",4,25,1,0.97,1.99271888847934
"quant",4,25,1,0.98,1.62777845196075
"quant",4,25,1,0.99,1.01066402032154
"quant",4,25,1,0.995,0.570699269650856
"quant",4,25,2,0.9,1.9497943633491
"quant",4,25,2,0.91,1.81374968885388
"quant",4,25,2,0.92,1.67275709476167
"quant",4,25,2,0.93,1.52451642487409
"quant",4,25,2,0.94,1.36832712978797
"quant",4,25,2,0.95,1.20400992994747
"quant",4,25,2,0.96,1.02719065852182
"quant",4,25,2,0.97,0.829547146346583
"quant",4,25,2,0.98,0.603872299318781
"quant",4,25,2,0.99,0.33716437504153
"quant",4,25,2,0.995,0.186602119004876
"quant",4,25,3,0.9,2.25826394738984
"quant",4,25,3,0.91,2.13883926701726
"quant",4,25,3,0.92,2.01299352974103
"quant",4,25,3,0.93,1.88094861737303
"quant",4,25,3,0.94,1.7385004903795
"quant",4,25,3,0.95,1.58073561106301
"quant",4,25,3,0.96,1.40523270105278
"quant",4,25,3,0.97,1.2058608793498
"quant",4,25,3,0.98,0.963859123270549
"quant",4,25,3,0.99,0.542248122495279
"quant",4,25,3,0.995,0.288246498051718
"quant",4,25,4,0.9,5.30050342149597
"quant",4,25,4,0.91,5.08525266717828
"quant",4,25,4,0.92,4.83640855628976
"quant",4,25,4,0.93,4.55390281698101
"quant",4,25,4,0.94,4.2209681441852
"quant",4,25,4,0.95,3.78437864443321
"quant",4,25,4,0.96,3.25945764853829
"quant",4,25,4,0.97,2.65049899604757
"quant",4,25,4,0.98,1.97336162556848
"quant",4,25,4,0.99,1.14080847397689
"quant",4,25,4,0.995,0.626310641595653
"quant",4,25,5,0.9,2.00638795904484
"quant",4,25,5,0.91,1.86686454000595
"quant",4,25,5,0.92,1.72021236664817
"quant",4,25,5,0.93,1.56610961301721
"quant",4,25,5,0.94,1.40381972200358
"quant",4,25,5,0.95,1.23153365392961
"quant",4,25,5,0.96,1.04734345647088
"quant",4,25,5,0.97,0.839737361076509
"quant",4,25,5,0.98,0.614484148256248
"quant",4,25,5,0.99,0.354797942348764
"quant",4,25,5,0.995,0.19853183611859
"quant",4,25,6,0.9,4.03384270537961
"quant",4,25,6,0.91,3.86454265147357
"quant",4,25,6,0.92,3.66547490244038
"quant",4,25,6,0.93,3.43667518600354
"quant",4,25,6,0.94,3.17967314614213
"quant",4,25,6,0.95,2.86955995261978
"quant",4,25,6,0.96,2.46036779442642
"quant",4,25,6,0.97,1.98989515421601
"quant",4,25,6,0.98,1.45629426543775
"quant",4,25,6,0.99,0.819364560119891
"quant",4,25,6,0.995,0.436244012614655
"quant",4,25,7,0.9,4.35066098560236
"quant",4,25,7,0.91,4.13514327442175
"quant",4,25,7,0.92,3.88302516949055
"quant",4,25,7,0.93,3.60179202238479
"quant",4,25,7,0.94,3.30218030733905
"quant",4,25,7,0.95,2.97708614087192
"quant",4,25,7,0.96,2.61372847634328
"quant",4,25,7,0.97,2.20746999024106
"quant",4,25,7,0.98,1.74453561166285
"quant",4,25,7,0.99,1.02599782251546
"quant",4,25,7,0.995,0.57183344474446
"quant",4,25,8,0.9,1.85587667328145
"quant",4,25,8,0.91,1.75340408508182
"quant",4,25,8,0.92,1.64365211497307
"quant",4,25,8,0.93,1.52687537868164
"quant",4,25,8,0.94,1.39970732365107
"quant",4,25,8,0.95,1.25889740316753
"quant",4,25,8,0.96,1.09656998980739
"quant",4,25,8,0.97,0.901159177284485
"quant",4,25,8,0.98,0.670777830055468
"quant",4,25,8,0.99,0.380393700009902
"quant",4,25,8,0.995,0.201868963647901
"quant",4,25,9,0.9,2.34406628378338
"quant",4,25,9,0.91,2.21019133612527
"quant",4,25,9,0.92,2.06128884488614
"quant",4,25,9,0.93,1.89063421705805
"quant",4,25,9,0.94,1.69912054664313
"quant",4,25,9,0.95,1.49010548268238
"quant",4,25,9,0.96,1.26051867779568
"quant",4,25,9,0.97,1.0058953569487
"quant",4,25,9,0.98,0.72287583174108
"quant",4,25,9,0.99,0.396511690875294
"quant",4,25,9,0.995,0.21907559657933
"quant",4,25,10,0.9,3.63134813926357
"quant",4,25,10,0.91,3.44740318607311
"quant",4,25,10,0.92,3.25049701432698
"quant",4,25,10,0.93,3.04369775048527
"quant",4,25,10,0.94,2.82199490680992
"quant",4,25,10,0.95,2.57726032151425
"quant",4,25,10,0.96,2.31360709476415
"quant",4,25,10,0.97,2.01567049674006
"quant",4,25,10,0.98,1.67076370324154
"quant",4,25,10,0.99,0.929616012056034
"quant",4,25,10,0.995,0.496115192518108
"quant",5,25,1,0.9,3.59057126891592
"quant",5,25,1,0.91,3.42515632215022
"quant",5,25,1,0.92,3.24723792086592
"quant",5,25,1,0.93,3.05569680799332
"quant",5,25,1,0.94,2.83835778131767
"quant",5,25,1,0.95,2.59308617089907
"quant",5,25,1,0.96,2.3204034460732
"quant",5,25,1,0.97,2.00218439648656
"quant",5,25,1,0.98,1.63155051342116
"quant",5,25,1,0.99,1.0283877252629
"quant",5,25,1,0.995,0.579998218072501
"quant",5,25,2,0.9,1.95273712648502
"quant",5,25,2,0.91,1.81611589632577
"quant",5,25,2,0.92,1.6746882162168
"quant",5,25,2,0.93,1.5269444022774
"quant",5,25,2,0.94,1.37027014144243
"quant",5,25,2,0.95,1.20488669845724
"quant",5,25,2,0.96,1.02914121849313
"quant",5,25,2,0.97,0.834078881099755
"quant",5,25,2,0.98,0.611901525329451
"quant",5,25,2,0.99,0.340110444550331
"quant",5,25,2,0.995,0.187046761134622
"quant",5,25,3,0.9,2.41223803924684
"quant",5,25,3,0.91,2.26798221731516
"quant",5,25,3,0.92,2.11710526852994
"quant",5,25,3,0.93,1.95933583486446
"quant",5,25,3,0.94,1.79543319762107
"quant",5,25,3,0.95,1.61897633755144
"quant",5,25,3,0.96,1.42588875535465
"quant",5,25,3,0.97,1.21830643940912
"quant",5,25,3,0.98,0.981663838880989
"quant",5,25,3,0.99,0.543505940626825
"quant",5,25,3,0.995,0.301884481643905
"quant",5,25,4,0.9,5.30714830586735
"quant",5,25,4,0.91,5.09119828525744
"quant",5,25,4,0.92,4.84242190968069
"quant",5,25,4,0.93,4.55924102130267
"quant",5,25,4,0.94,4.22426987254612
"quant",5,25,4,0.95,3.78468898428618
"quant",5,25,4,0.96,3.25771728462384
"quant",5,25,4,0.97,2.64854644859812
"quant",5,25,4,0.98,1.98487245560154
"quant",5,25,4,0.99,1.15245869173749
"quant",5,25,4,0.995,0.634085051561424
"quant",5,25,5,0.9,2.01013039235725
"quant",5,25,5,0.91,1.86928885001865
"quant",5,25,5,0.92,1.72166496818219
"quant",5,25,5,0.93,1.56710659486171
"quant",5,25,5,0.94,1.40305543166214
"quant",5,25,5,0.95,1.22969011931871
"quant",5,25,5,0.96,1.04502190635847
"quant",5,25,5,0.97,0.83890707845949
"quant",5,25,5,0.98,0.61480102033393
"quant",5,25,5,0.99,0.354684771443467
"quant",5,25,5,0.995,0.202810257354345
"quant",5,25,6,0.9,4.10210394030281
"quant",5,25,6,0.91,3.88867056118628
"quant",5,25,6,0.92,3.67159288132763
"quant",5,25,6,0.93,3.44298913411861
"quant",5,25,6,0.94,3.19155870595168
"quant",5,25,6,0.95,2.88739543005097
"quant",5,25,6,0.96,2.47396256400347
"quant",5,25,6,0.97,2.00674588222652
"quant",5,25,6,0.98,1.47032551094229
"quant",5,25,6,0.99,0.850405901588765
"quant",5,25,6,0.995,0.467393778586364
"quant",5,25,7,0.9,4.36676091790703
"quant",5,25,7,0.91,4.14164499497426
"quant",5,25,7,0.92,3.88702980137646
"quant",5,25,7,0.93,3.61553901708607
"quant",5,25,7,0.94,3.3162901824292
"quant",5,25,7,0.95,2.98650986327227
"quant",5,25,7,0.96,2.62398393260707
"quant",5,25,7,0.97,2.22095659485236
"quant",5,25,7,0.98,1.7538513668062
"quant",5,25,7,0.99,1.03237476869664
"quant",5,25,7,0.995,0.581861625089277
"quant",5,25,8,0.9,1.90706668284784
"quant",5,25,8,0.91,1.79607261564168
"quant",5,25,8,0.92,1.67803323730074
"quant",5,25,8,0.93,1.55153998257925
"quant",5,25,8,0.94,1.41415622946901
"quant",5,25,8,0.95,1.26655733225613
"quant",5,25,8,0.96,1.09953649248282
"quant",5,25,8,0.97,0.902429652299144
"quant",5,25,8,0.98,0.670159848963611
"quant",5,25,8,0.99,0.380483202233161
"quant",5,25,8,0.995,0.213277333638853
"quant",5,25,9,0.9,2.37254941078914
"quant",5,25,9,0.91,2.23043612767866
"quant",5,25,9,0.92,2.07197969662
"quant",5,25,9,0.93,1.89688407723819
"quant",5,25,9,0.94,1.70056070669285
"quant",5,25,9,0.95,1.48960691243189
"quant",5,25,9,0.96,1.26196613606121
"quant",5,25,9,0.97,1.00814398383456
"quant",5,25,9,0.98,0.726062148221552
"quant",5,25,9,0.99,0.399338300565443
"quant",5,25,9,0.995,0.22241579258682
"quant",5,25,10,0.9,3.7620070960956
"quant",5,25,10,0.91,3.58231001542727
"quant",5,25,10,0.92,3.38953377518807
"quant",5,25,10,0.93,3.18089156386977
"quant",5,25,10,0.94,2.95496005064415
"quant",5,25,10,0.95,2.70614882081676
"quant",5,25,10,0.96,2.43070024131023
"quant",5,25,10,0.97,2.1236833276215
"quant",5,25,10,0.98,1.7237626082358
"quant",5,25,10,0.99,0.925614599927082
"quant",5,25,10,0.995,0.521659308806359
