"score","method","mrts_k","dataset","quantile","value"
"brier",1,0,1,0.9,0.1420242481
"brier",1,0,1,0.91,0.129135632318182
"brier",1,0,1,0.92,0.115038932118182
"brier",1,0,1,0.93,0.103221409181818
"brier",1,0,1,0.94,0.0918751306545455
"brier",1,0,1,0.95,0.0790725629681818
"brier",1,0,1,0.96,0.0668213955318182
"brier",1,0,1,0.97,0.0582441877136364
"brier",1,0,1,0.98,0.0439538808227273
"brier",1,0,1,0.99,0.0253148507090909
"brier",1,0,1,0.995,0.0134540306727273
"brier",1,0,2,0.9,0.135407184322727
"brier",1,0,2,0.91,0.124210405936364
"brier",1,0,2,0.92,0.109999519540909
"brier",1,0,2,0.93,0.0992085650545455
"brier",1,0,2,0.94,0.08574100995
"brier",1,0,2,0.95,0.0735901582454545
"brier",1,0,2,0.96,0.0577220601636364
"brier",1,0,2,0.97,0.0426348623409091
"brier",1,0,2,0.98,0.0271888855681818
"brier",1,0,2,0.99,0.0110857712045455
"brier",1,0,2,0.995,0.00713357962272727
"brier",1,0,3,0.9,0.119896659336364
"brier",1,0,3,0.91,0.110856264072727
"brier",1,0,3,0.92,0.0978918988
"brier",1,0,3,0.93,0.08489147265
"brier",1,0,3,0.94,0.0737202320909091
"brier",1,0,3,0.95,0.0606422360954545
"brier",1,0,3,0.96,0.0467491686545455
"brier",1,0,3,0.97,0.03073504825
"brier",1,0,3,0.98,0.0213619462954545
"brier",1,0,3,0.99,0.0109097768045455
"brier",1,0,3,0.995,0.00500000147727273
"brier",1,0,4,0.9,0.163553042386364
"brier",1,0,4,0.91,0.151323411109091
"brier",1,0,4,0.92,0.136147738222727
"brier",1,0,4,0.93,0.124438085522727
"brier",1,0,4,0.94,0.110691604431818
"brier",1,0,4,0.95,0.0938871049090909
"brier",1,0,4,0.96,0.0832608242863636
"brier",1,0,4,0.97,0.0653012547409091
"brier",1,0,4,0.98,0.04555472875
"brier",1,0,4,0.99,0.0210321333
"brier",1,0,4,0.995,0.0126360648954545
"brier",1,0,5,0.9,0.183233393277273
"brier",1,0,5,0.91,0.165881584990909
"brier",1,0,5,0.92,0.150781668390909
"brier",1,0,5,0.93,0.136604074068182
"brier",1,0,5,0.94,0.119320099495455
"brier",1,0,5,0.95,0.104186298113636
"brier",1,0,5,0.96,0.0869631265363636
"brier",1,0,5,0.97,0.0679291331818182
"brier",1,0,5,0.98,0.0478842331727273
"brier",1,0,5,0.99,0.0276674511272727
"brier",1,0,5,0.995,0.0122317484727273
"brier",1,0,6,0.9,0.177378137431818
"brier",1,0,6,0.91,0.162454785695455
"brier",1,0,6,0.92,0.145195219795455
"brier",1,0,6,0.93,0.129077069404545
"brier",1,0,6,0.94,0.110473192836364
"brier",1,0,6,0.95,0.0942578049136364
"brier",1,0,6,0.96,0.0778123886045455
"brier",1,0,6,0.97,0.0595911165318182
"brier",1,0,6,0.98,0.0427842482954545
"brier",1,0,6,0.99,0.0294730157909091
"brier",1,0,6,0.995,0.0215665027863636
"brier",1,0,7,0.9,0.151685693136364
"brier",1,0,7,0.91,0.143286366254545
"brier",1,0,7,0.92,0.132029194536364
"brier",1,0,7,0.93,0.119173896227273
"brier",1,0,7,0.94,0.108024828631818
"brier",1,0,7,0.95,0.0927041866863636
"brier",1,0,7,0.96,0.0722849794636364
"brier",1,0,7,0.97,0.0571333152454545
"brier",1,0,7,0.98,0.0342842835272727
"brier",1,0,7,0.99,0.0153627581727273
"brier",1,0,7,0.995,0.00788945152727273
"brier",1,0,8,0.9,0.158660291822727
"brier",1,0,8,0.91,0.142169974940909
"brier",1,0,8,0.92,0.12635056195
"brier",1,0,8,0.93,0.114270462790909
"brier",1,0,8,0.94,0.0999033856272727
"brier",1,0,8,0.95,0.0857991567045455
"brier",1,0,8,0.96,0.0700013724772727
"brier",1,0,8,0.97,0.0570950609045455
"brier",1,0,8,0.98,0.0413123835727273
"brier",1,0,8,0.99,0.0199453598772727
"brier",1,0,8,0.995,0.00654667425909091
"brier",1,0,9,0.9,0.162423414613636
"brier",1,0,9,0.91,0.1475240017
"brier",1,0,9,0.92,0.133533832309091
"brier",1,0,9,0.93,0.117630786172727
"brier",1,0,9,0.94,0.103402427468182
"brier",1,0,9,0.95,0.0869548793681818
"brier",1,0,9,0.96,0.0696293428136364
"brier",1,0,9,0.97,0.0527221194136364
"brier",1,0,9,0.98,0.0349690492363636
"brier",1,0,9,0.99,0.0166765490454545
"brier",1,0,9,0.995,0.0071610859
"brier",1,0,10,0.9,0.166967239372727
"brier",1,0,10,0.91,0.152043317645455
"brier",1,0,10,0.92,0.135902605659091
"brier",1,0,10,0.93,0.1201743582
"brier",1,0,10,0.94,0.1033610797
"brier",1,0,10,0.95,0.0866254188
"brier",1,0,10,0.96,0.0689904035954546
"brier",1,0,10,0.97,0.0521916307909091
"brier",1,0,10,0.98,0.03465790985
"brier",1,0,10,0.99,0.0191285360318182
"brier",1,0,10,0.995,0.00912730428636364
"brier",1,0,11,0.9,0.159390723031818
"brier",1,0,11,0.91,0.145052886086364
"brier",1,0,11,0.92,0.130712205468182
"brier",1,0,11,0.93,0.115043897872727
"brier",1,0,11,0.94,0.100836227140909
"brier",1,0,11,0.95,0.0844642252272727
"brier",1,0,11,0.96,0.0675963178772727
"brier",1,0,11,0.97,0.0468829640318182
"brier",1,0,11,0.98,0.0324830164181818
"brier",1,0,11,0.99,0.0166461252227273
"brier",1,0,11,0.995,0.0101017404090909
"brier",1,0,12,0.9,0.143098365222727
"brier",1,0,12,0.91,0.132360230659091
"brier",1,0,12,0.92,0.118606054177273
"brier",1,0,12,0.93,0.107228754563636
"brier",1,0,12,0.94,0.0946052390545455
"brier",1,0,12,0.95,0.0823921014227273
"brier",1,0,12,0.96,0.0689273798090909
"brier",1,0,12,0.97,0.0514243743181818
"brier",1,0,12,0.98,0.0367222113636364
"brier",1,0,12,0.99,0.0256714877318182
"brier",1,0,12,0.995,0.0144955787545455
"brier",1,0,13,0.9,0.178618488509091
"brier",1,0,13,0.91,0.165536107059091
"brier",1,0,13,0.92,0.146186034504545
"brier",1,0,13,0.93,0.131064907304545
"brier",1,0,13,0.94,0.112007853454545
"brier",1,0,13,0.95,0.0922183456318182
"brier",1,0,13,0.96,0.0728416512409091
"brier",1,0,13,0.97,0.0516175584954545
"brier",1,0,13,0.98,0.0315715182363636
"brier",1,0,13,0.99,0.0153743043045455
"brier",1,0,13,0.995,0.00808284010909091
"brier",1,0,14,0.9,0.165557375677273
"brier",1,0,14,0.91,0.15139259195
"brier",1,0,14,0.92,0.140698053554545
"brier",1,0,14,0.93,0.129672859827273
"brier",1,0,14,0.94,0.115543996063636
"brier",1,0,14,0.95,0.101307604636364
"brier",1,0,14,0.96,0.0888444176090909
"brier",1,0,14,0.97,0.0739933900954545
"brier",1,0,14,0.98,0.0505913525636364
"brier",1,0,14,0.99,0.0282124583681818
"brier",1,0,14,0.995,0.0139192220227273
"brier",1,0,15,0.9,0.154535850090909
"brier",1,0,15,0.91,0.139101195145455
"brier",1,0,15,0.92,0.120709197581818
"brier",1,0,15,0.93,0.105518564104545
"brier",1,0,15,0.94,0.0894380081954545
"brier",1,0,15,0.95,0.0752462744409091
"brier",1,0,15,0.96,0.0577860474590909
"brier",1,0,15,0.97,0.0429587827545455
"brier",1,0,15,0.98,0.0294295930363636
"brier",1,0,15,0.99,0.0145864042818182
"brier",1,0,15,0.995,0.00541672048181818
"brier",1,0,16,0.9,0.114892074222727
"brier",1,0,16,0.91,0.105229807813636
"brier",1,0,16,0.92,0.0935177224545455
"brier",1,0,16,0.93,0.0815380999772727
"brier",1,0,16,0.94,0.0687666745318182
"brier",1,0,16,0.95,0.0568194127909091
"brier",1,0,16,0.96,0.0457738843272727
"brier",1,0,16,0.97,0.0374208179909091
"brier",1,0,16,0.98,0.0276692336272727
"brier",1,0,16,0.99,0.0175495852090909
"brier",1,0,16,0.995,0.00919405097272727
"brier",1,0,17,0.9,0.156875137145455
"brier",1,0,17,0.91,0.145053605313636
"brier",1,0,17,0.92,0.130758656609091
"brier",1,0,17,0.93,0.116158045340909
"brier",1,0,17,0.94,0.0985792643636364
"brier",1,0,17,0.95,0.0828353223818182
"brier",1,0,17,0.96,0.0670347241772727
"brier",1,0,17,0.97,0.0497858818045455
"brier",1,0,17,0.98,0.0322743547590909
"brier",1,0,17,0.99,0.0175302583818182
"brier",1,0,17,0.995,0.00806297907727273
"brier",1,0,18,0.9,0.149742300168182
"brier",1,0,18,0.91,0.1392197113
"brier",1,0,18,0.92,0.124076692995455
"brier",1,0,18,0.93,0.107950260013636
"brier",1,0,18,0.94,0.0888165585136364
"brier",1,0,18,0.95,0.0685770442818182
"brier",1,0,18,0.96,0.0489316891318182
"brier",1,0,18,0.97,0.0350776090818182
"brier",1,0,18,0.98,0.0211860149
"brier",1,0,18,0.99,0.0100002385590909
"brier",1,0,18,0.995,0.005
"brier",1,0,19,0.9,0.116754999077273
"brier",1,0,19,0.91,0.108358909740909
"brier",1,0,19,0.92,0.0971379664454545
"brier",1,0,19,0.93,0.0867456300909091
"brier",1,0,19,0.94,0.0746813506590909
"brier",1,0,19,0.95,0.0639234731318182
"brier",1,0,19,0.96,0.0516161537409091
"brier",1,0,19,0.97,0.0406469382227273
"brier",1,0,19,0.98,0.0263254692772727
"brier",1,0,19,0.99,0.0109868943409091
"brier",1,0,19,0.995,0.00454580250909091
"brier",1,0,20,0.9,0.139487523404545
"brier",1,0,20,0.91,0.127499574690909
"brier",1,0,20,0.92,0.11267313485
"brier",1,0,20,0.93,0.0992661086954545
"brier",1,0,20,0.94,0.0889177694863636
"brier",1,0,20,0.95,0.0786327839409091
"brier",1,0,20,0.96,0.0663478526545455
"brier",1,0,20,0.97,0.0509781252136364
"brier",1,0,20,0.98,0.0345423671045455
"brier",1,0,20,0.99,0.0189433510636364
"brier",1,0,20,0.995,0.00898968820909091
"brier",1,0,21,0.9,0.152060137222727
"brier",1,0,21,0.91,0.136514363895455
"brier",1,0,21,0.92,0.119859980609091
"brier",1,0,21,0.93,0.104423225172727
"brier",1,0,21,0.94,0.0905676211590909
"brier",1,0,21,0.95,0.0780290506363636
"brier",1,0,21,0.96,0.0632977334090909
"brier",1,0,21,0.97,0.0488991641818182
"brier",1,0,21,0.98,0.0348322863636364
"brier",1,0,21,0.99,0.0205072485636364
"brier",1,0,21,0.995,0.0150765896045455
"brier",1,0,22,0.9,0.121134657945455
"brier",1,0,22,0.91,0.111023414590909
"brier",1,0,22,0.92,0.0988567204181818
"brier",1,0,22,0.93,0.0869489447590909
"brier",1,0,22,0.94,0.0731237044045455
"brier",1,0,22,0.95,0.06075748215
"brier",1,0,22,0.96,0.0506293460045455
"brier",1,0,22,0.97,0.0405654956
"brier",1,0,22,0.98,0.0250122891636364
"brier",1,0,22,0.99,0.00962558290454545
"brier",1,0,22,0.995,0.00590909090909091
"brier",1,0,23,0.9,0.140600043704545
"brier",1,0,23,0.91,0.133148602313636
"brier",1,0,23,0.92,0.122879617618182
"brier",1,0,23,0.93,0.110951928895455
"brier",1,0,23,0.94,0.0990753875181818
"brier",1,0,23,0.95,0.0836806858954545
"brier",1,0,23,0.96,0.0709565143636364
"brier",1,0,23,0.97,0.0546546985636364
"brier",1,0,23,0.98,0.03469343855
"brier",1,0,23,0.99,0.0137176453136364
"brier",1,0,23,0.995,0.00621582445
"brier",1,0,24,0.9,0.132679532936364
"brier",1,0,24,0.91,0.119780842390909
"brier",1,0,24,0.92,0.1098429419
"brier",1,0,24,0.93,0.0978561956909091
"brier",1,0,24,0.94,0.0857461491818182
"brier",1,0,24,0.95,0.0724125993318182
"brier",1,0,24,0.96,0.0609775184727273
"brier",1,0,24,0.97,0.0486078916954545
"brier",1,0,24,0.98,0.0329497185636364
"brier",1,0,24,0.99,0.0143739920727273
"brier",1,0,24,0.995,0.00548068370454545
"brier",1,0,25,0.9,0.141234601709091
"brier",1,0,25,0.91,0.129345519772727
"brier",1,0,25,0.92,0.115759854009091
"brier",1,0,25,0.93,0.102942968336364
"brier",1,0,25,0.94,0.0845458606545455
"brier",1,0,25,0.95,0.0678019403681818
"brier",1,0,25,0.96,0.0485207471863636
"brier",1,0,25,0.97,0.0338659953318182
"brier",1,0,25,0.98,0.0205064568590909
"brier",1,0,25,0.99,0.00889128450909091
"brier",1,0,25,0.995,0.00365031808636364
"brier",1,0,26,0.9,0.1118827068
"brier",1,0,26,0.91,0.100843779445455
"brier",1,0,26,0.92,0.0915886084272727
"brier",1,0,26,0.93,0.0820086584409091
"brier",1,0,26,0.94,0.0723945322636364
"brier",1,0,26,0.95,0.0610379539818182
"brier",1,0,26,0.96,0.0503457930363636
"brier",1,0,26,0.97,0.0393635713363636
"brier",1,0,26,0.98,0.0271878849545455
"brier",1,0,26,0.99,0.0130849898772727
"brier",1,0,26,0.995,0.00474818998181818
"brier",1,0,27,0.9,0.145528034504545
"brier",1,0,27,0.91,0.130878548009091
"brier",1,0,27,0.92,0.115168537586364
"brier",1,0,27,0.93,0.101981342522727
"brier",1,0,27,0.94,0.0869352958227273
"brier",1,0,27,0.95,0.0704955468909091
"brier",1,0,27,0.96,0.0532440436454545
"brier",1,0,27,0.97,0.0387692107545455
"brier",1,0,27,0.98,0.0267659736227273
"brier",1,0,27,0.99,0.0120213744227273
"brier",1,0,27,0.995,0.00454546220454545
"brier",1,0,28,0.9,0.139307240709091
"brier",1,0,28,0.91,0.127085021013636
"brier",1,0,28,0.92,0.114379386172727
"brier",1,0,28,0.93,0.102849157518182
"brier",1,0,28,0.94,0.0881709799681818
"brier",1,0,28,0.95,0.0723318315090909
"brier",1,0,28,0.96,0.0583209326136364
"brier",1,0,28,0.97,0.0473157622818182
"brier",1,0,28,0.98,0.0365055523090909
"brier",1,0,28,0.99,0.0189901422227273
"brier",1,0,28,0.995,0.00500703622727273
"brier",1,0,29,0.9,0.132109304845455
"brier",1,0,29,0.91,0.116800202331818
"brier",1,0,29,0.92,0.102645635140909
"brier",1,0,29,0.93,0.0892582730318182
"brier",1,0,29,0.94,0.0755655065090909
"brier",1,0,29,0.95,0.0623968011454545
"brier",1,0,29,0.96,0.0478152259818182
"brier",1,0,29,0.97,0.0373108319227273
"brier",1,0,29,0.98,0.0278884427363636
"brier",1,0,29,0.99,0.0163767651909091
"brier",1,0,29,0.995,0.00897186947727273
"brier",1,0,30,0.9,0.136953067059091
"brier",1,0,30,0.91,0.125400644086364
"brier",1,0,30,0.92,0.113426093309091
"brier",1,0,30,0.93,0.101118393668182
"brier",1,0,30,0.94,0.0862138579363636
"brier",1,0,30,0.95,0.0731438508454545
"brier",1,0,30,0.96,0.0610245921545455
"brier",1,0,30,0.97,0.0471977971863636
"brier",1,0,30,0.98,0.0358996989772727
"brier",1,0,30,0.99,0.0205686321
"brier",1,0,30,0.995,0.0135828715727273
"brier",1,0,31,0.9,0.149417256936364
"brier",1,0,31,0.91,0.138107784959091
"brier",1,0,31,0.92,0.127477823222727
"brier",1,0,31,0.93,0.116210476822727
"brier",1,0,31,0.94,0.102230119809091
"brier",1,0,31,0.95,0.0890662344409091
"brier",1,0,31,0.96,0.0723859435454546
"brier",1,0,31,0.97,0.0573624228863636
"brier",1,0,31,0.98,0.0399107632909091
"brier",1,0,31,0.99,0.0202796307318182
"brier",1,0,31,0.995,0.0125917584272727
"brier",1,0,32,0.9,0.144690398531818
"brier",1,0,32,0.91,0.133230084163636
"brier",1,0,32,0.92,0.123421200404545
"brier",1,0,32,0.93,0.111899090818182
"brier",1,0,32,0.94,0.100570316236364
"brier",1,0,32,0.95,0.08336111125
"brier",1,0,32,0.96,0.0707016552045455
"brier",1,0,32,0.97,0.0576197370681818
"brier",1,0,32,0.98,0.0433071232454545
"brier",1,0,32,0.99,0.0225731762954545
"brier",1,0,32,0.995,0.0118851806363636
"brier",1,0,33,0.9,0.159019656581818
"brier",1,0,33,0.91,0.144547253268182
"brier",1,0,33,0.92,0.130787161945455
"brier",1,0,33,0.93,0.120765192468182
"brier",1,0,33,0.94,0.106498429977273
"brier",1,0,33,0.95,0.0919400266954545
"brier",1,0,33,0.96,0.0795301699136364
"brier",1,0,33,0.97,0.0611031945727273
"brier",1,0,33,0.98,0.0424469173909091
"brier",1,0,33,0.99,0.0286163193818182
"brier",1,0,33,0.995,0.0184110567636364
"brier",1,0,34,0.9,0.145661000168182
"brier",1,0,34,0.91,0.129157316577273
"brier",1,0,34,0.92,0.114081111777273
"brier",1,0,34,0.93,0.101309351563636
"brier",1,0,34,0.94,0.0861360701909091
"brier",1,0,34,0.95,0.0691608743818182
"brier",1,0,34,0.96,0.0510017302863636
"brier",1,0,34,0.97,0.0358075296772727
"brier",1,0,34,0.98,0.0214263211409091
"brier",1,0,34,0.99,0.0121482657545455
"brier",1,0,34,0.995,0.00567501698636364
"brier",1,0,35,0.9,0.132460154345455
"brier",1,0,35,0.91,0.121979549213636
"brier",1,0,35,0.92,0.111062442422727
"brier",1,0,35,0.93,0.101159078495455
"brier",1,0,35,0.94,0.0877366101318182
"brier",1,0,35,0.95,0.0763447458
"brier",1,0,35,0.96,0.0656027764772727
"brier",1,0,35,0.97,0.0513297120727273
"brier",1,0,35,0.98,0.0384353980136364
"brier",1,0,35,0.99,0.0182917364545455
"brier",1,0,35,0.995,0.00725647264545455
"brier",1,0,36,0.9,0.162848169318182
"brier",1,0,36,0.91,0.148421560090909
"brier",1,0,36,0.92,0.138020787972727
"brier",1,0,36,0.93,0.126101289559091
"brier",1,0,36,0.94,0.112139569827273
"brier",1,0,36,0.95,0.0985639667590909
"brier",1,0,36,0.96,0.0817686021045455
"brier",1,0,36,0.97,0.0599866572318182
"brier",1,0,36,0.98,0.0407672037136364
"brier",1,0,36,0.99,0.0218759992636364
"brier",1,0,36,0.995,0.0110366427181818
"brier",1,0,37,0.9,0.148547360427273
"brier",1,0,37,0.91,0.137686831968182
"brier",1,0,37,0.92,0.125502093318182
"brier",1,0,37,0.93,0.106613822409091
"brier",1,0,37,0.94,0.0908003064181818
"brier",1,0,37,0.95,0.0726023303
"brier",1,0,37,0.96,0.06017746025
"brier",1,0,37,0.97,0.0457039863772727
"brier",1,0,37,0.98,0.0315741083954545
"brier",1,0,37,0.99,0.0204824724954545
"brier",1,0,37,0.995,0.0118973281863636
"brier",1,0,38,0.9,0.205053888231818
"brier",1,0,38,0.91,0.190004622418182
"brier",1,0,38,0.92,0.170502932322727
"brier",1,0,38,0.93,0.151727968809091
"brier",1,0,38,0.94,0.130024746818182
"brier",1,0,38,0.95,0.1036378972
"brier",1,0,38,0.96,0.0706273719863636
"brier",1,0,38,0.97,0.04954459165
"brier",1,0,38,0.98,0.0334327591454545
"brier",1,0,38,0.99,0.0131406760954545
"brier",1,0,38,0.995,0.00513170185
"brier",1,0,39,0.9,0.1642040626
"brier",1,0,39,0.91,0.148801311372727
"brier",1,0,39,0.92,0.131542319872727
"brier",1,0,39,0.93,0.113003990213636
"brier",1,0,39,0.94,0.0936352887
"brier",1,0,39,0.95,0.0770110070272727
"brier",1,0,39,0.96,0.0592246103818182
"brier",1,0,39,0.97,0.0407876157272727
"brier",1,0,39,0.98,0.0217438853227273
"brier",1,0,39,0.99,0.00683211443181818
"brier",1,0,39,0.995,0.00409090909090909
"brier",1,0,40,0.9,0.116313601595455
"brier",1,0,40,0.91,0.104916029154545
"brier",1,0,40,0.92,0.0932068868181818
"brier",1,0,40,0.93,0.0812158594409091
"brier",1,0,40,0.94,0.0668669707636364
"brier",1,0,40,0.95,0.0522189690454545
"brier",1,0,40,0.96,0.0403062126454545
"brier",1,0,40,0.97,0.0301907054090909
"brier",1,0,40,0.98,0.0202091782272727
"brier",1,0,40,0.99,0.00821621045454545
"brier",1,0,40,0.995,0.00383631406818182
"brier",1,0,41,0.9,0.1498452658
"brier",1,0,41,0.91,0.1383214847
"brier",1,0,41,0.92,0.12695563195
"brier",1,0,41,0.93,0.112650688281818
"brier",1,0,41,0.94,0.0999765878363636
"brier",1,0,41,0.95,0.0885621153227273
"brier",1,0,41,0.96,0.0736640604090909
"brier",1,0,41,0.97,0.0565481104636364
"brier",1,0,41,0.98,0.0392034521772727
"brier",1,0,41,0.99,0.0181928582545455
"brier",1,0,41,0.995,0.0103368827227273
"brier",1,0,42,0.9,0.144020279068182
"brier",1,0,42,0.91,0.131439436122727
"brier",1,0,42,0.92,0.118473320840909
"brier",1,0,42,0.93,0.102782763713636
"brier",1,0,42,0.94,0.0908700094727273
"brier",1,0,42,0.95,0.07649423775
"brier",1,0,42,0.96,0.0604994807772727
"brier",1,0,42,0.97,0.0459713885318182
"brier",1,0,42,0.98,0.0319151587727273
"brier",1,0,42,0.99,0.0169570196772727
"brier",1,0,42,0.995,0.00987136674545454
"brier",1,0,43,0.9,0.141332517836364
"brier",1,0,43,0.91,0.128079175618182
"brier",1,0,43,0.92,0.111217093304545
"brier",1,0,43,0.93,0.0982438551409091
"brier",1,0,43,0.94,0.0850462634
"brier",1,0,43,0.95,0.0679780332863636
"brier",1,0,43,0.96,0.0553405893863636
"brier",1,0,43,0.97,0.0409992701545455
"brier",1,0,43,0.98,0.0256922632590909
"brier",1,0,43,0.99,0.0106400829454545
"brier",1,0,43,0.995,0.00589826087272727
"brier",1,0,44,0.9,0.139955214981818
"brier",1,0,44,0.91,0.131452789886364
"brier",1,0,44,0.92,0.11848381775
"brier",1,0,44,0.93,0.105354451086364
"brier",1,0,44,0.94,0.0958456470454545
"brier",1,0,44,0.95,0.0815527146227273
"brier",1,0,44,0.96,0.06837319845
"brier",1,0,44,0.97,0.0584478159272727
"brier",1,0,44,0.98,0.0400740253681818
"brier",1,0,44,0.99,0.0208283740227273
"brier",1,0,44,0.995,0.0102922059636364
"brier",1,0,45,0.9,0.15343148845
"brier",1,0,45,0.91,0.140073758395455
"brier",1,0,45,0.92,0.122826761613636
"brier",1,0,45,0.93,0.104704716609091
"brier",1,0,45,0.94,0.0902736850909091
"brier",1,0,45,0.95,0.07555342695
"brier",1,0,45,0.96,0.0585664837772727
"brier",1,0,45,0.97,0.0462473346909091
"brier",1,0,45,0.98,0.0320757043090909
"brier",1,0,45,0.99,0.0153960068863636
"brier",1,0,45,0.995,0.00852536028636364
"brier",1,0,46,0.9,0.171579155477273
"brier",1,0,46,0.91,0.153202694109091
"brier",1,0,46,0.92,0.138048336331818
"brier",1,0,46,0.93,0.121564065340909
"brier",1,0,46,0.94,0.103801292063636
"brier",1,0,46,0.95,0.0805564607
"brier",1,0,46,0.96,0.0589627841590909
"brier",1,0,46,0.97,0.0430100018454545
"brier",1,0,46,0.98,0.0277355421
"brier",1,0,46,0.99,0.0106197417
"brier",1,0,46,0.995,0.00482297414090909
"brier",1,0,47,0.9,0.162992760990909
"brier",1,0,47,0.91,0.147068562581818
"brier",1,0,47,0.92,0.128842044568182
"brier",1,0,47,0.93,0.114421255940909
"brier",1,0,47,0.94,0.0975192243863636
"brier",1,0,47,0.95,0.0791348094818182
"brier",1,0,47,0.96,0.0650936166590909
"brier",1,0,47,0.97,0.0484772156363636
"brier",1,0,47,0.98,0.0313646248363636
"brier",1,0,47,0.99,0.0158693567272727
"brier",1,0,47,0.995,0.00699174536818182
"brier",1,0,48,0.9,0.180535878268182
"brier",1,0,48,0.91,0.170146712309091
"brier",1,0,48,0.92,0.152727689677273
"brier",1,0,48,0.93,0.138952839695455
"brier",1,0,48,0.94,0.117616880754545
"brier",1,0,48,0.95,0.100126165036364
"brier",1,0,48,0.96,0.0870796966772727
"brier",1,0,48,0.97,0.0719099077954545
"brier",1,0,48,0.98,0.0536579923954545
"brier",1,0,48,0.99,0.0359688945090909
"brier",1,0,48,0.995,0.0227639320681818
"brier",1,0,49,0.9,0.157044033363636
"brier",1,0,49,0.91,0.145083140445455
"brier",1,0,49,0.92,0.130231025404545
"brier",1,0,49,0.93,0.113662467636364
"brier",1,0,49,0.94,0.10004197875
"brier",1,0,49,0.95,0.0843908063
"brier",1,0,49,0.96,0.0674765983363636
"brier",1,0,49,0.97,0.0457499470090909
"brier",1,0,49,0.98,0.0233581739681818
"brier",1,0,49,0.99,0.00816501680454546
"brier",1,0,49,0.995,0.00409741922727273
"brier",1,0,50,0.9,0.14132497185
"brier",1,0,50,0.91,0.129183810822727
"brier",1,0,50,0.92,0.112251542031818
"brier",1,0,50,0.93,0.0990174318
"brier",1,0,50,0.94,0.0863680629272727
"brier",1,0,50,0.95,0.0707421172090909
"brier",1,0,50,0.96,0.0572732209727273
"brier",1,0,50,0.97,0.0385772507409091
"brier",1,0,50,0.98,0.0250189715636364
"brier",1,0,50,0.99,0.0134268255136364
"brier",1,0,50,0.995,0.00867990956363636
"brier",2,0,1,0.9,0.139763852568182
"brier",2,0,1,0.91,0.127053355545455
"brier",2,0,1,0.92,0.113007251436364
"brier",2,0,1,0.93,0.101142962190909
"brier",2,0,1,0.94,0.0899424290863636
"brier",2,0,1,0.95,0.0773644315181818
"brier",2,0,1,0.96,0.0651138727818182
"brier",2,0,1,0.97,0.0564406122863636
"brier",2,0,1,0.98,0.0421360729636364
"brier",2,0,1,0.99,0.0239381033863636
"brier",2,0,1,0.995,0.0126372395045455
"brier",2,0,2,0.9,0.132523081277273
"brier",2,0,2,0.91,0.121603299154545
"brier",2,0,2,0.92,0.107679598904545
"brier",2,0,2,0.93,0.0969725319
"brier",2,0,2,0.94,0.0836911509363636
"brier",2,0,2,0.95,0.0718802164454545
"brier",2,0,2,0.96,0.0561315061363636
"brier",2,0,2,0.97,0.0413171103590909
"brier",2,0,2,0.98,0.0262044542409091
"brier",2,0,2,0.99,0.0107299607545455
"brier",2,0,2,0.995,0.00722023309545455
"brier",2,0,3,0.9,0.116750351690909
"brier",2,0,3,0.91,0.107712935872727
"brier",2,0,3,0.92,0.0948635409590909
"brier",2,0,3,0.93,0.0821658405045455
"brier",2,0,3,0.94,0.0711668681090909
"brier",2,0,3,0.95,0.0587368220272727
"brier",2,0,3,0.96,0.0451619505
"brier",2,0,3,0.97,0.0300432245954545
"brier",2,0,3,0.98,0.0214057738227273
"brier",2,0,3,0.99,0.0109126834227273
"brier",2,0,3,0.995,0.00500010551818182
"brier",2,0,4,0.9,0.161403601945455
"brier",2,0,4,0.91,0.149452112004545
"brier",2,0,4,0.92,0.134239360831818
"brier",2,0,4,0.93,0.122360403781818
"brier",2,0,4,0.94,0.109109345713636
"brier",2,0,4,0.95,0.0926864312272727
"brier",2,0,4,0.96,0.0822654284181818
"brier",2,0,4,0.97,0.0647041315818182
"brier",2,0,4,0.98,0.0454813192090909
"brier",2,0,4,0.99,0.0203960582681818
"brier",2,0,4,0.995,0.0122144540863636
"brier",2,0,5,0.9,0.179703191
"brier",2,0,5,0.91,0.16240830535
"brier",2,0,5,0.92,0.147333071
"brier",2,0,5,0.93,0.133415448831818
"brier",2,0,5,0.94,0.116468098331818
"brier",2,0,5,0.95,0.101749722613636
"brier",2,0,5,0.96,0.0851370122363636
"brier",2,0,5,0.97,0.0668494207636364
"brier",2,0,5,0.98,0.0475163578590909
"brier",2,0,5,0.99,0.0273922070818182
"brier",2,0,5,0.995,0.01140976545
"brier",2,0,6,0.9,0.174122144072727
"brier",2,0,6,0.91,0.159390387972727
"brier",2,0,6,0.92,0.142493641186364
"brier",2,0,6,0.93,0.126817710745455
"brier",2,0,6,0.94,0.108235538818182
"brier",2,0,6,0.95,0.0920974924272727
"brier",2,0,6,0.96,0.0758676339045455
"brier",2,0,6,0.97,0.0579986889136364
"brier",2,0,6,0.98,0.0416406730954545
"brier",2,0,6,0.99,0.0282332428954545
"brier",2,0,6,0.995,0.0195196887181818
"brier",2,0,7,0.9,0.152947012586364
"brier",2,0,7,0.91,0.144172306272727
"brier",2,0,7,0.92,0.132528077640909
"brier",2,0,7,0.93,0.119259401795455
"brier",2,0,7,0.94,0.107597597986364
"brier",2,0,7,0.95,0.0917764349090909
"brier",2,0,7,0.96,0.0708023893181818
"brier",2,0,7,0.97,0.0554775616681818
"brier",2,0,7,0.98,0.0334315019590909
"brier",2,0,7,0.99,0.0146302400636364
"brier",2,0,7,0.995,0.00756200986818182
"brier",2,0,8,0.9,0.155864201018182
"brier",2,0,8,0.91,0.139333999690909
"brier",2,0,8,0.92,0.123434629668182
"brier",2,0,8,0.93,0.110987335877273
"brier",2,0,8,0.94,0.0962816855681818
"brier",2,0,8,0.95,0.0821297856818182
"brier",2,0,8,0.96,0.0665533658818182
"brier",2,0,8,0.97,0.0546319087909091
"brier",2,0,8,0.98,0.0392072468818182
"brier",2,0,8,0.99,0.0181701679409091
"brier",2,0,8,0.995,0.00675395600454545
"brier",2,0,9,0.9,0.158586067704545
"brier",2,0,9,0.91,0.143634243786364
"brier",2,0,9,0.92,0.129822916422727
"brier",2,0,9,0.93,0.114239083063636
"brier",2,0,9,0.94,0.100400490254545
"brier",2,0,9,0.95,0.0842891495863636
"brier",2,0,9,0.96,0.0676079549545455
"brier",2,0,9,0.97,0.0513082914227273
"brier",2,0,9,0.98,0.0340718663954545
"brier",2,0,9,0.99,0.0157799492454545
"brier",2,0,9,0.995,0.00654670537272727
"brier",2,0,10,0.9,0.165008812172727
"brier",2,0,10,0.91,0.150042647877273
"brier",2,0,10,0.92,0.133947822531818
"brier",2,0,10,0.93,0.118393918818182
"brier",2,0,10,0.94,0.101740483895455
"brier",2,0,10,0.95,0.0851020128136364
"brier",2,0,10,0.96,0.0677552951863636
"brier",2,0,10,0.97,0.0510127152227273
"brier",2,0,10,0.98,0.0341708652090909
"brier",2,0,10,0.99,0.0181873069272727
"brier",2,0,10,0.995,0.00892633132727273
"brier",2,0,11,0.9,0.15732728715
"brier",2,0,11,0.91,0.142913115459091
"brier",2,0,11,0.92,0.128465172068182
"brier",2,0,11,0.93,0.112722764477273
"brier",2,0,11,0.94,0.0987337283772727
"brier",2,0,11,0.95,0.0826433827181818
"brier",2,0,11,0.96,0.0662416214136364
"brier",2,0,11,0.97,0.0460238500181818
"brier",2,0,11,0.98,0.0319815920818182
"brier",2,0,11,0.99,0.0160922891409091
"brier",2,0,11,0.995,0.0100337265727273
"brier",2,0,12,0.9,0.142178768822727
"brier",2,0,12,0.91,0.131070715877273
"brier",2,0,12,0.92,0.117320063318182
"brier",2,0,12,0.93,0.105750644090909
"brier",2,0,12,0.94,0.0930445085818182
"brier",2,0,12,0.95,0.0808490031863636
"brier",2,0,12,0.96,0.0675186852272727
"brier",2,0,12,0.97,0.0501763213090909
"brier",2,0,12,0.98,0.0356592665363636
"brier",2,0,12,0.99,0.0245916326045455
"brier",2,0,12,0.995,0.0134078757090909
"brier",2,0,13,0.9,0.177542777336364
"brier",2,0,13,0.91,0.164170930263636
"brier",2,0,13,0.92,0.144731751395455
"brier",2,0,13,0.93,0.129541547631818
"brier",2,0,13,0.94,0.110427423940909
"brier",2,0,13,0.95,0.0905896726318182
"brier",2,0,13,0.96,0.0712991980227273
"brier",2,0,13,0.97,0.0503277285227273
"brier",2,0,13,0.98,0.0306349252727273
"brier",2,0,13,0.99,0.0147630907909091
"brier",2,0,13,0.995,0.00756002487272727
"brier",2,0,14,0.9,0.164285538677273
"brier",2,0,14,0.91,0.1498760266
"brier",2,0,14,0.92,0.138798838459091
"brier",2,0,14,0.93,0.127630487286364
"brier",2,0,14,0.94,0.113282880613636
"brier",2,0,14,0.95,0.0988300634318182
"brier",2,0,14,0.96,0.0861061562
"brier",2,0,14,0.97,0.0712448187545455
"brier",2,0,14,0.98,0.0477634430727273
"brier",2,0,14,0.99,0.0258750306454545
"brier",2,0,14,0.995,0.0127599361363636
"brier",2,0,15,0.9,0.150945461963636
"brier",2,0,15,0.91,0.135808957354545
"brier",2,0,15,0.92,0.118080286609091
"brier",2,0,15,0.93,0.103463904440909
"brier",2,0,15,0.94,0.0880144570181818
"brier",2,0,15,0.95,0.0741968635545455
"brier",2,0,15,0.96,0.0571011341227273
"brier",2,0,15,0.97,0.0422613834
"brier",2,0,15,0.98,0.0287437455318182
"brier",2,0,15,0.99,0.0142056661409091
"brier",2,0,15,0.995,0.00526966335454545
"brier",2,0,16,0.9,0.11445710145
"brier",2,0,16,0.91,0.10488954165
"brier",2,0,16,0.92,0.0931878189318182
"brier",2,0,16,0.93,0.0808000036227273
"brier",2,0,16,0.94,0.0677939316
"brier",2,0,16,0.95,0.0557882236136364
"brier",2,0,16,0.96,0.0447263340909091
"brier",2,0,16,0.97,0.03634707335
"brier",2,0,16,0.98,0.0260730434954545
"brier",2,0,16,0.99,0.0156862499045455
"brier",2,0,16,0.995,0.00781399983181818
"brier",2,0,17,0.9,0.153994010477273
"brier",2,0,17,0.91,0.142261412936364
"brier",2,0,17,0.92,0.128070332759091
"brier",2,0,17,0.93,0.113586994672727
"brier",2,0,17,0.94,0.0962552214363636
"brier",2,0,17,0.95,0.0806626132045455
"brier",2,0,17,0.96,0.0652889384590909
"brier",2,0,17,0.97,0.0483961400272727
"brier",2,0,17,0.98,0.0312305034272727
"brier",2,0,17,0.99,0.0172394870909091
"brier",2,0,17,0.995,0.00799572002727273
"brier",2,0,18,0.9,0.14728852435
"brier",2,0,18,0.91,0.136723922559091
"brier",2,0,18,0.92,0.121643411704545
"brier",2,0,18,0.93,0.1059006429
"brier",2,0,18,0.94,0.0872018294090909
"brier",2,0,18,0.95,0.0675840657772727
"brier",2,0,18,0.96,0.0485670971363636
"brier",2,0,18,0.97,0.0350839100545455
"brier",2,0,18,0.98,0.0213460639681818
"brier",2,0,18,0.99,0.0100047658863636
"brier",2,0,18,0.995,0.005
"brier",2,0,19,0.9,0.116059424909091
"brier",2,0,19,0.91,0.107722078786364
"brier",2,0,19,0.92,0.0964275918772727
"brier",2,0,19,0.93,0.0859089021227273
"brier",2,0,19,0.94,0.0736809128454545
"brier",2,0,19,0.95,0.0627650332181818
"brier",2,0,19,0.96,0.0505093712909091
"brier",2,0,19,0.97,0.0400202673318182
"brier",2,0,19,0.98,0.0263047262090909
"brier",2,0,19,0.99,0.0111085706090909
"brier",2,0,19,0.995,0.00456062155454545
"brier",2,0,20,0.9,0.135564660645455
"brier",2,0,20,0.91,0.123706105945455
"brier",2,0,20,0.92,0.109167848940909
"brier",2,0,20,0.93,0.0960753432681818
"brier",2,0,20,0.94,0.0858206322636364
"brier",2,0,20,0.95,0.075923544
"brier",2,0,20,0.96,0.0641602022954545
"brier",2,0,20,0.97,0.0498239657681818
"brier",2,0,20,0.98,0.0340981805181818
"brier",2,0,20,0.99,0.0186191784772727
"brier",2,0,20,0.995,0.00894527300454545
"brier",2,0,21,0.9,0.148707668681818
"brier",2,0,21,0.91,0.133000426581818
"brier",2,0,21,0.92,0.116366704290909
"brier",2,0,21,0.93,0.101247859281818
"brier",2,0,21,0.94,0.0880435289090909
"brier",2,0,21,0.95,0.0759984605181818
"brier",2,0,21,0.96,0.0617485346636364
"brier",2,0,21,0.97,0.0474778222
"brier",2,0,21,0.98,0.0334872253590909
"brier",2,0,21,0.99,0.0192611739545455
"brier",2,0,21,0.995,0.0140012854363636
"brier",2,0,22,0.9,0.119863558686364
"brier",2,0,22,0.91,0.109751726668182
"brier",2,0,22,0.92,0.0978309272727273
"brier",2,0,22,0.93,0.0861167189181818
"brier",2,0,22,0.94,0.0722983511863636
"brier",2,0,22,0.95,0.0596516269454545
"brier",2,0,22,0.96,0.0491817417272727
"brier",2,0,22,0.97,0.0389335314727273
"brier",2,0,22,0.98,0.0242324451090909
"brier",2,0,22,0.99,0.00970387008181818
"brier",2,0,22,0.995,0.00590909091363636
"brier",2,0,23,0.9,0.137853186554545
"brier",2,0,23,0.91,0.130241920695455
"brier",2,0,23,0.92,0.11985395795
"brier",2,0,23,0.93,0.107952745740909
"brier",2,0,23,0.94,0.0960766047409091
"brier",2,0,23,0.95,0.0809046831454545
"brier",2,0,23,0.96,0.0686675248727273
"brier",2,0,23,0.97,0.0531065313772727
"brier",2,0,23,0.98,0.0339344404090909
"brier",2,0,23,0.99,0.0129821441636364
"brier",2,0,23,0.995,0.00643290386363636
"brier",2,0,24,0.9,0.130335374077273
"brier",2,0,24,0.91,0.117384002859091
"brier",2,0,24,0.92,0.107595913413636
"brier",2,0,24,0.93,0.0957151711909091
"brier",2,0,24,0.94,0.0837810432045454
"brier",2,0,24,0.95,0.0704809132181818
"brier",2,0,24,0.96,0.0589265157636364
"brier",2,0,24,0.97,0.0465974689181818
"brier",2,0,24,0.98,0.0320824534272727
"brier",2,0,24,0.99,0.0142789855318182
"brier",2,0,24,0.995,0.00552540557272727
"brier",2,0,25,0.9,0.138428603736364
"brier",2,0,25,0.91,0.126624498986364
"brier",2,0,25,0.92,0.113192647668182
"brier",2,0,25,0.93,0.100613837063636
"brier",2,0,25,0.94,0.0826078380818182
"brier",2,0,25,0.95,0.0661820504545454
"brier",2,0,25,0.96,0.0473118000454545
"brier",2,0,25,0.97,0.0330052638545455
"brier",2,0,25,0.98,0.0199852856318182
"brier",2,0,25,0.99,0.00881367417272727
"brier",2,0,25,0.995,0.00374360225
"brier",2,0,26,0.9,0.110872654145455
"brier",2,0,26,0.91,0.0998517873954545
"brier",2,0,26,0.92,0.0905336514454545
"brier",2,0,26,0.93,0.0807854259454545
"brier",2,0,26,0.94,0.0707360886136364
"brier",2,0,26,0.95,0.0594512910863636
"brier",2,0,26,0.96,0.0486728476954545
"brier",2,0,26,0.97,0.0378343101636364
"brier",2,0,26,0.98,0.0260645063454545
"brier",2,0,26,0.99,0.0126263242272727
"brier",2,0,26,0.995,0.00481286912727273
"brier",2,0,27,0.9,0.140506432954545
"brier",2,0,27,0.91,0.126125846131818
"brier",2,0,27,0.92,0.110865433527273
"brier",2,0,27,0.93,0.0980366360454545
"brier",2,0,27,0.94,0.0836938872
"brier",2,0,27,0.95,0.0680436233727273
"brier",2,0,27,0.96,0.0518323614454545
"brier",2,0,27,0.97,0.0382176484
"brier",2,0,27,0.98,0.0266433012681818
"brier",2,0,27,0.99,0.0121667074454545
"brier",2,0,27,0.995,0.00454685603181818
"brier",2,0,28,0.9,0.136222297163636
"brier",2,0,28,0.91,0.124101437877273
"brier",2,0,28,0.92,0.111687641636364
"brier",2,0,28,0.93,0.100152884786364
"brier",2,0,28,0.94,0.0856898521772727
"brier",2,0,28,0.95,0.0697541958
"brier",2,0,28,0.96,0.0558286228590909
"brier",2,0,28,0.97,0.0451974163818182
"brier",2,0,28,0.98,0.0346556173590909
"brier",2,0,28,0.99,0.0169825531227273
"brier",2,0,28,0.995,0.00507424743181818
"brier",2,0,29,0.9,0.129636412868182
"brier",2,0,29,0.91,0.114394269563636
"brier",2,0,29,0.92,0.100387691163636
"brier",2,0,29,0.93,0.08726688235
"brier",2,0,29,0.94,0.0739575479545455
"brier",2,0,29,0.95,0.0611177331772727
"brier",2,0,29,0.96,0.0469481087363636
"brier",2,0,29,0.97,0.0368025334727273
"brier",2,0,29,0.98,0.0276974666863636
"brier",2,0,29,0.99,0.01609464285
"brier",2,0,29,0.995,0.00853168699545455
"brier",2,0,30,0.9,0.135444726563636
"brier",2,0,30,0.91,0.123943964045455
"brier",2,0,30,0.92,0.112026032236364
"brier",2,0,30,0.93,0.0993518518818182
"brier",2,0,30,0.94,0.0845115148772727
"brier",2,0,30,0.95,0.0717094540818182
"brier",2,0,30,0.96,0.0600291002545455
"brier",2,0,30,0.97,0.0464742195272727
"brier",2,0,30,0.98,0.0351971355318182
"brier",2,0,30,0.99,0.0199518066409091
"brier",2,0,30,0.995,0.0126600937681818
"brier",2,0,31,0.9,0.147012600336364
"brier",2,0,31,0.91,0.13546775325
"brier",2,0,31,0.92,0.124718066604545
"brier",2,0,31,0.93,0.113243659827273
"brier",2,0,31,0.94,0.0993756141590909
"brier",2,0,31,0.95,0.0864003286045455
"brier",2,0,31,0.96,0.0699306054818182
"brier",2,0,31,0.97,0.0554305308090909
"brier",2,0,31,0.98,0.0382977910590909
"brier",2,0,31,0.99,0.0195052256909091
"brier",2,0,31,0.995,0.0122129774227273
"brier",2,0,32,0.9,0.142836522077273
"brier",2,0,32,0.91,0.131184694636364
"brier",2,0,32,0.92,0.121322179618182
"brier",2,0,32,0.93,0.109616573586364
"brier",2,0,32,0.94,0.0982295019545455
"brier",2,0,32,0.95,0.0809029428954545
"brier",2,0,32,0.96,0.0681309106863636
"brier",2,0,32,0.97,0.0549955213590909
"brier",2,0,32,0.98,0.0409002453045455
"brier",2,0,32,0.99,0.0211798764545455
"brier",2,0,32,0.995,0.0114917781
"brier",2,0,33,0.9,0.157166801154545
"brier",2,0,33,0.91,0.142979347581818
"brier",2,0,33,0.92,0.129290706363636
"brier",2,0,33,0.93,0.119407296245455
"brier",2,0,33,0.94,0.105133052940909
"brier",2,0,33,0.95,0.0903807990090909
"brier",2,0,33,0.96,0.0778766544272727
"brier",2,0,33,0.97,0.0592997445545455
"brier",2,0,33,0.98,0.0408489605136364
"brier",2,0,33,0.99,0.0272941565409091
"brier",2,0,33,0.995,0.0173716808909091
"brier",2,0,34,0.9,0.143623881554545
"brier",2,0,34,0.91,0.127198068940909
"brier",2,0,34,0.92,0.1122130976
"brier",2,0,34,0.93,0.0993057106863636
"brier",2,0,34,0.94,0.0841808458772727
"brier",2,0,34,0.95,0.0676211222818182
"brier",2,0,34,0.96,0.0502370329136364
"brier",2,0,34,0.97,0.0355830795272727
"brier",2,0,34,0.98,0.0213014934318182
"brier",2,0,34,0.99,0.0120807915545455
"brier",2,0,34,0.995,0.00570542199090909
"brier",2,0,35,0.9,0.129621739281818
"brier",2,0,35,0.91,0.119358611527273
"brier",2,0,35,0.92,0.1085544919
"brier",2,0,35,0.93,0.0986504879818182
"brier",2,0,35,0.94,0.0850338155909091
"brier",2,0,35,0.95,0.0734692236863636
"brier",2,0,35,0.96,0.0626511745227273
"brier",2,0,35,0.97,0.0484364924545455
"brier",2,0,35,0.98,0.0358646773863636
"brier",2,0,35,0.99,0.0169566074136364
"brier",2,0,35,0.995,0.00766098066363636
"brier",2,0,36,0.9,0.159079001018182
"brier",2,0,36,0.91,0.144954126263636
"brier",2,0,36,0.92,0.134566165045455
"brier",2,0,36,0.93,0.122854596159091
"brier",2,0,36,0.94,0.109321931790909
"brier",2,0,36,0.95,0.0961088654454545
"brier",2,0,36,0.96,0.0798253935909091
"brier",2,0,36,0.97,0.0581644611818182
"brier",2,0,36,0.98,0.0386810963045455
"brier",2,0,36,0.99,0.0202746062181818
"brier",2,0,36,0.995,0.0107200260863636
"brier",2,0,37,0.9,0.1473259167
"brier",2,0,37,0.91,0.136373557027273
"brier",2,0,37,0.92,0.124068728218182
"brier",2,0,37,0.93,0.104969662922727
"brier",2,0,37,0.94,0.0889927163
"brier",2,0,37,0.95,0.0708144512772727
"brier",2,0,37,0.96,0.0586827987045455
"brier",2,0,37,0.97,0.0445737414545455
"brier",2,0,37,0.98,0.0308315528181818
"brier",2,0,37,0.99,0.0198323161363636
"brier",2,0,37,0.995,0.0112718696727273
"brier",2,0,38,0.9,0.200979172872727
"brier",2,0,38,0.91,0.185723943295455
"brier",2,0,38,0.92,0.166109085013636
"brier",2,0,38,0.93,0.147507328945455
"brier",2,0,38,0.94,0.126073734709091
"brier",2,0,38,0.95,0.100624909931818
"brier",2,0,38,0.96,0.0690782281
"brier",2,0,38,0.97,0.0487898315409091
"brier",2,0,38,0.98,0.0325132782772727
"brier",2,0,38,0.99,0.0130640175681818
"brier",2,0,38,0.995,0.00525763109545455
"brier",2,0,39,0.9,0.160566026686364
"brier",2,0,39,0.91,0.145121116204545
"brier",2,0,39,0.92,0.127866130768182
"brier",2,0,39,0.93,0.109420729077273
"brier",2,0,39,0.94,0.0901060167045455
"brier",2,0,39,0.95,0.0737001132454545
"brier",2,0,39,0.96,0.0563180938136364
"brier",2,0,39,0.97,0.0388462513181818
"brier",2,0,39,0.98,0.0217935226318182
"brier",2,0,39,0.99,0.00687914288636364
"brier",2,0,39,0.995,0.00409091905909091
"brier",2,0,40,0.9,0.114950618140909
"brier",2,0,40,0.91,0.103643765477273
"brier",2,0,40,0.92,0.0919623589681818
"brier",2,0,40,0.93,0.0800607575227273
"brier",2,0,40,0.94,0.0659363923590909
"brier",2,0,40,0.95,0.0516558047818182
"brier",2,0,40,0.96,0.0401135730272727
"brier",2,0,40,0.97,0.0302299588090909
"brier",2,0,40,0.98,0.0200121892409091
"brier",2,0,40,0.99,0.00753807454090909
"brier",2,0,40,0.995,0.00350616203181818
"brier",2,0,41,0.9,0.148578171222727
"brier",2,0,41,0.91,0.137020946304545
"brier",2,0,41,0.92,0.125558900981818
"brier",2,0,41,0.93,0.111152055322727
"brier",2,0,41,0.94,0.0982518222727273
"brier",2,0,41,0.95,0.0865928748318182
"brier",2,0,41,0.96,0.0714974525818182
"brier",2,0,41,0.97,0.0545104811772727
"brier",2,0,41,0.98,0.0379496689454545
"brier",2,0,41,0.99,0.017466688
"brier",2,0,41,0.995,0.00959963879545454
"brier",2,0,42,0.9,0.142395362318182
"brier",2,0,42,0.91,0.129942587304545
"brier",2,0,42,0.92,0.117053043804545
"brier",2,0,42,0.93,0.101498717340909
"brier",2,0,42,0.94,0.0897552623909091
"brier",2,0,42,0.95,0.0754812166136364
"brier",2,0,42,0.96,0.0596332008863636
"brier",2,0,42,0.97,0.0452769312954545
"brier",2,0,42,0.98,0.0312001605181818
"brier",2,0,42,0.99,0.0161799666863636
"brier",2,0,42,0.995,0.00941495299545455
"brier",2,0,43,0.9,0.139950426340909
"brier",2,0,43,0.91,0.126488258422727
"brier",2,0,43,0.92,0.109563081413636
"brier",2,0,43,0.93,0.0965980270318182
"brier",2,0,43,0.94,0.0833231326681818
"brier",2,0,43,0.95,0.0661377804136364
"brier",2,0,43,0.96,0.0536909298090909
"brier",2,0,43,0.97,0.0396922658590909
"brier",2,0,43,0.98,0.0249785051136364
"brier",2,0,43,0.99,0.0102305329454545
"brier",2,0,43,0.995,0.00574980855
"brier",2,0,44,0.9,0.138376903409091
"brier",2,0,44,0.91,0.12966855975
"brier",2,0,44,0.92,0.116576321490909
"brier",2,0,44,0.93,0.103309567281818
"brier",2,0,44,0.94,0.09369043835
"brier",2,0,44,0.95,0.0791089480318182
"brier",2,0,44,0.96,0.0656806492772727
"brier",2,0,44,0.97,0.0554201284636364
"brier",2,0,44,0.98,0.0374657503727273
"brier",2,0,44,0.99,0.0193717146818182
"brier",2,0,44,0.995,0.00965596874090909
"brier",2,0,45,0.9,0.151019672754545
"brier",2,0,45,0.91,0.137642255681818
"brier",2,0,45,0.92,0.120457822309091
"brier",2,0,45,0.93,0.10255017535
"brier",2,0,45,0.94,0.0884160377863636
"brier",2,0,45,0.95,0.0741239766818182
"brier",2,0,45,0.96,0.0577548903727273
"brier",2,0,45,0.97,0.0458301030318182
"brier",2,0,45,0.98,0.0318907010954545
"brier",2,0,45,0.99,0.0152909381227273
"brier",2,0,45,0.995,0.00841501200454545
"brier",2,0,46,0.9,0.168569694022727
"brier",2,0,46,0.91,0.150447330131818
"brier",2,0,46,0.92,0.1353373265
"brier",2,0,46,0.93,0.118780616863636
"brier",2,0,46,0.94,0.101094826
"brier",2,0,46,0.95,0.0781475778727273
"brier",2,0,46,0.96,0.0570380784
"brier",2,0,46,0.97,0.0417459036318182
"brier",2,0,46,0.98,0.0263654792727273
"brier",2,0,46,0.99,0.0105245656454545
"brier",2,0,46,0.995,0.00484537417727273
"brier",2,0,47,0.9,0.159833512177273
"brier",2,0,47,0.91,0.144020378927273
"brier",2,0,47,0.92,0.125727962622727
"brier",2,0,47,0.93,0.111383700963636
"brier",2,0,47,0.94,0.0946768892545455
"brier",2,0,47,0.95,0.0766067866909091
"brier",2,0,47,0.96,0.0632248353181818
"brier",2,0,47,0.97,0.0475959609545455
"brier",2,0,47,0.98,0.0307208959136364
"brier",2,0,47,0.99,0.01528844635
"brier",2,0,47,0.995,0.00669643772272727
"brier",2,0,48,0.9,0.175511331240909
"brier",2,0,48,0.91,0.165287777818182
"brier",2,0,48,0.92,0.148204238777273
"brier",2,0,48,0.93,0.134767668690909
"brier",2,0,48,0.94,0.113795558690909
"brier",2,0,48,0.95,0.0964868184
"brier",2,0,48,0.96,0.0833865150727273
"brier",2,0,48,0.97,0.0682628192818182
"brier",2,0,48,0.98,0.0506072321727273
"brier",2,0,48,0.99,0.0337336072045455
"brier",2,0,48,0.995,0.0213143353318182
"brier",2,0,49,0.9,0.154443460540909
"brier",2,0,49,0.91,0.142385658290909
"brier",2,0,49,0.92,0.127437622695455
"brier",2,0,49,0.93,0.11073858865
"brier",2,0,49,0.94,0.0969487909454545
"brier",2,0,49,0.95,0.0811782688181818
"brier",2,0,49,0.96,0.0641557667181818
"brier",2,0,49,0.97,0.0428814516772727
"brier",2,0,49,0.98,0.0227634019
"brier",2,0,49,0.99,0.00834600720454545
"brier",2,0,49,0.995,0.00412308639545455
"brier",2,0,50,0.9,0.139922455172727
"brier",2,0,50,0.91,0.127775787404545
"brier",2,0,50,0.92,0.110759079586364
"brier",2,0,50,0.93,0.0975260844863636
"brier",2,0,50,0.94,0.08496240925
"brier",2,0,50,0.95,0.0695442558772727
"brier",2,0,50,0.96,0.0563691089454545
"brier",2,0,50,0.97,0.0379515022636364
"brier",2,0,50,0.98,0.0244999160954545
"brier",2,0,50,0.99,0.0127321484954545
"brier",2,0,50,0.995,0.00773354174545455
"brier",3,0,1,0.9,0.138087213627273
"brier",3,0,1,0.91,0.125166485640909
"brier",3,0,1,0.92,0.110992569009091
"brier",3,0,1,0.93,0.0989877113863636
"brier",3,0,1,0.94,0.0880864798772727
"brier",3,0,1,0.95,0.0756148338954546
"brier",3,0,1,0.96,0.0634027167954545
"brier",3,0,1,0.97,0.0549667158772727
"brier",3,0,1,0.98,0.0410860338227273
"brier",3,0,1,0.99,0.0235103297909091
"brier",3,0,1,0.995,0.0126389432318182
"brier",3,0,2,0.9,0.133044978277273
"brier",3,0,2,0.91,0.121923628440909
"brier",3,0,2,0.92,0.107665306018182
"brier",3,0,2,0.93,0.0968859135909091
"brier",3,0,2,0.94,0.0834428371136364
"brier",3,0,2,0.95,0.0714531662363636
"brier",3,0,2,0.96,0.0556883965
"brier",3,0,2,0.97,0.0411159116681818
"brier",3,0,2,0.98,0.0261241385136364
"brier",3,0,2,0.99,0.0108304359454545
"brier",3,0,2,0.995,0.00735395835909091
"brier",3,0,3,0.9,0.118012464686364
"brier",3,0,3,0.91,0.108727118859091
"brier",3,0,3,0.92,0.0956305757818182
"brier",3,0,3,0.93,0.0827000383863636
"brier",3,0,3,0.94,0.0714368827954545
"brier",3,0,3,0.95,0.0589851906818182
"brier",3,0,3,0.96,0.0459454975863636
"brier",3,0,3,0.97,0.0309617333818182
"brier",3,0,3,0.98,0.02176582665
"brier",3,0,3,0.99,0.0109471147590909
"brier",3,0,3,0.995,0.0050060368
"brier",3,0,4,0.9,0.162980151936364
"brier",3,0,4,0.91,0.150547504881818
"brier",3,0,4,0.92,0.13516353555
"brier",3,0,4,0.93,0.12317339685
"brier",3,0,4,0.94,0.110061323054545
"brier",3,0,4,0.95,0.0928576512090909
"brier",3,0,4,0.96,0.0821268268590909
"brier",3,0,4,0.97,0.0642657837272727
"brier",3,0,4,0.98,0.0445181293727273
"brier",3,0,4,0.99,0.0202226590181818
"brier",3,0,4,0.995,0.0119118436045455
"brier",3,0,5,0.9,0.179202484277273
"brier",3,0,5,0.91,0.161830981086364
"brier",3,0,5,0.92,0.147087245245455
"brier",3,0,5,0.93,0.133082642345455
"brier",3,0,5,0.94,0.116380774809091
"brier",3,0,5,0.95,0.102083835140909
"brier",3,0,5,0.96,0.0856299038863636
"brier",3,0,5,0.97,0.0673600198045455
"brier",3,0,5,0.98,0.0478526803681818
"brier",3,0,5,0.99,0.0274571657818182
"brier",3,0,5,0.995,0.0114713847681818
"brier",3,0,6,0.9,0.173768563095455
"brier",3,0,6,0.91,0.158729661890909
"brier",3,0,6,0.92,0.1414877174
"brier",3,0,6,0.93,0.125648849563636
"brier",3,0,6,0.94,0.106673157163636
"brier",3,0,6,0.95,0.0903657820590909
"brier",3,0,6,0.96,0.0742918479136364
"brier",3,0,6,0.97,0.0568296807772727
"brier",3,0,6,0.98,0.0407189000545455
"brier",3,0,6,0.99,0.0272257431454545
"brier",3,0,6,0.995,0.0184493740409091
"brier",3,0,7,0.9,0.152083562168182
"brier",3,0,7,0.91,0.143530728636364
"brier",3,0,7,0.92,0.131883605690909
"brier",3,0,7,0.93,0.118637940340909
"brier",3,0,7,0.94,0.106866276368182
"brier",3,0,7,0.95,0.0910173776318182
"brier",3,0,7,0.96,0.0702712618045455
"brier",3,0,7,0.97,0.0552837755772727
"brier",3,0,7,0.98,0.0337549997909091
"brier",3,0,7,0.99,0.0147805827181818
"brier",3,0,7,0.995,0.00761823049545455
"brier",3,0,8,0.9,0.155635245631818
"brier",3,0,8,0.91,0.139295910540909
"brier",3,0,8,0.92,0.123652948409091
"brier",3,0,8,0.93,0.111358511945455
"brier",3,0,8,0.94,0.0964835038318182
"brier",3,0,8,0.95,0.0819099949909091
"brier",3,0,8,0.96,0.0661435616409091
"brier",3,0,8,0.97,0.0544741496727273
"brier",3,0,8,0.98,0.0396333328727273
"brier",3,0,8,0.99,0.0185499868454545
"brier",3,0,8,0.995,0.00690401141818182
"brier",3,0,9,0.9,0.158502869777273
"brier",3,0,9,0.91,0.143437421954545
"brier",3,0,9,0.92,0.129476461786364
"brier",3,0,9,0.93,0.113822898454545
"brier",3,0,9,0.94,0.100334672290909
"brier",3,0,9,0.95,0.0844777662909091
"brier",3,0,9,0.96,0.0676592014454546
"brier",3,0,9,0.97,0.0512780621818182
"brier",3,0,9,0.98,0.0341593249227273
"brier",3,0,9,0.99,0.0160104140954545
"brier",3,0,9,0.995,0.00675373446818182
"brier",3,0,10,0.9,0.164743609345455
"brier",3,0,10,0.91,0.149665561822727
"brier",3,0,10,0.92,0.1336062086
"brier",3,0,10,0.93,0.117745133604545
"brier",3,0,10,0.94,0.100862532854545
"brier",3,0,10,0.95,0.0840776396
"brier",3,0,10,0.96,0.0666887990136364
"brier",3,0,10,0.97,0.0501909189045455
"brier",3,0,10,0.98,0.0339911278772727
"brier",3,0,10,0.99,0.0177017524409091
"brier",3,0,10,0.995,0.00900705342727273
"brier",3,0,11,0.9,0.156562639763636
"brier",3,0,11,0.91,0.142395309240909
"brier",3,0,11,0.92,0.128221333645455
"brier",3,0,11,0.93,0.1126024097
"brier",3,0,11,0.94,0.0985127729227273
"brier",3,0,11,0.95,0.0823137880681818
"brier",3,0,11,0.96,0.06553093555
"brier",3,0,11,0.97,0.0450415280863636
"brier",3,0,11,0.98,0.0312686426363636
"brier",3,0,11,0.99,0.0158974572954545
"brier",3,0,11,0.995,0.0101885088863636
"brier",3,0,12,0.9,0.141977477468182
"brier",3,0,12,0.91,0.130748761686364
"brier",3,0,12,0.92,0.116795058459091
"brier",3,0,12,0.93,0.105298529218182
"brier",3,0,12,0.94,0.0924946789909091
"brier",3,0,12,0.95,0.0803261405727273
"brier",3,0,12,0.96,0.0670421672
"brier",3,0,12,0.97,0.0499509385636364
"brier",3,0,12,0.98,0.0354742700818182
"brier",3,0,12,0.99,0.0244179644363636
"brier",3,0,12,0.995,0.0134337643227273
"brier",3,0,13,0.9,0.176818395704545
"brier",3,0,13,0.91,0.163321252709091
"brier",3,0,13,0.92,0.143515971386364
"brier",3,0,13,0.93,0.128084417168182
"brier",3,0,13,0.94,0.108746449781818
"brier",3,0,13,0.95,0.0892833502181818
"brier",3,0,13,0.96,0.0701194419136364
"brier",3,0,13,0.97,0.04967965725
"brier",3,0,13,0.98,0.0304797484227273
"brier",3,0,13,0.99,0.0149421326181818
"brier",3,0,13,0.995,0.00782681044545454
"brier",3,0,14,0.9,0.161080791068182
"brier",3,0,14,0.91,0.146796071095455
"brier",3,0,14,0.92,0.135642022331818
"brier",3,0,14,0.93,0.124516757045455
"brier",3,0,14,0.94,0.110091580031818
"brier",3,0,14,0.95,0.0958712796454545
"brier",3,0,14,0.96,0.0833177460227273
"brier",3,0,14,0.97,0.0690138600681818
"brier",3,0,14,0.98,0.0466478178136364
"brier",3,0,14,0.99,0.0258940649636364
"brier",3,0,14,0.995,0.0133629690681818
"brier",3,0,15,0.9,0.152362302818182
"brier",3,0,15,0.91,0.136470572559091
"brier",3,0,15,0.92,0.118319673604545
"brier",3,0,15,0.93,0.103305677572727
"brier",3,0,15,0.94,0.0876030896545455
"brier",3,0,15,0.95,0.0739151382090909
"brier",3,0,15,0.96,0.0568193292318182
"brier",3,0,15,0.97,0.0419796515454545
"brier",3,0,15,0.98,0.0286666610363636
"brier",3,0,15,0.99,0.0144298373681818
"brier",3,0,15,0.995,0.00550781884545455
"brier",3,0,16,0.9,0.113034331913636
"brier",3,0,16,0.91,0.103360182118182
"brier",3,0,16,0.92,0.0919364923818182
"brier",3,0,16,0.93,0.0796661878681818
"brier",3,0,16,0.94,0.0668820784181818
"brier",3,0,16,0.95,0.0550719124090909
"brier",3,0,16,0.96,0.0443051457363636
"brier",3,0,16,0.97,0.0360302646045455
"brier",3,0,16,0.98,0.0257911145863636
"brier",3,0,16,0.99,0.0154791424227273
"brier",3,0,16,0.995,0.00779154012727273
"brier",3,0,17,0.9,0.156106658354545
"brier",3,0,17,0.91,0.144504159204545
"brier",3,0,17,0.92,0.130163835590909
"brier",3,0,17,0.93,0.115739572181818
"brier",3,0,17,0.94,0.0980538031681818
"brier",3,0,17,0.95,0.0821358487636364
"brier",3,0,17,0.96,0.0666019820454545
"brier",3,0,17,0.97,0.0496080614409091
"brier",3,0,17,0.98,0.0322897711227273
"brier",3,0,17,0.99,0.0177350815272727
"brier",3,0,17,0.995,0.00834954295
"brier",3,0,18,0.9,0.148390803045455
"brier",3,0,18,0.91,0.137358481354545
"brier",3,0,18,0.92,0.121708014627273
"brier",3,0,18,0.93,0.105730051881818
"brier",3,0,18,0.94,0.0866875494363636
"brier",3,0,18,0.95,0.0673392502318182
"brier",3,0,18,0.96,0.0486946543045455
"brier",3,0,18,0.97,0.0353871019863636
"brier",3,0,18,0.98,0.0216785949772727
"brier",3,0,18,0.99,0.0100399343636364
"brier",3,0,18,0.995,0.00500000287272727
"brier",3,0,19,0.9,0.115314030586364
"brier",3,0,19,0.91,0.106902353259091
"brier",3,0,19,0.92,0.0956860323545455
"brier",3,0,19,0.93,0.0853644581136364
"brier",3,0,19,0.94,0.0733640280318182
"brier",3,0,19,0.95,0.0626888378
"brier",3,0,19,0.96,0.0506054133636364
"brier",3,0,19,0.97,0.0402090334318182
"brier",3,0,19,0.98,0.0265447341727273
"brier",3,0,19,0.99,0.0111983191318182
"brier",3,0,19,0.995,0.00457959111818182
"brier",3,0,20,0.9,0.135679907827273
"brier",3,0,20,0.91,0.123826024290909
"brier",3,0,20,0.92,0.109288612318182
"brier",3,0,20,0.93,0.0963342838181818
"brier",3,0,20,0.94,0.0861829806681818
"brier",3,0,20,0.95,0.076265649
"brier",3,0,20,0.96,0.0643798283136364
"brier",3,0,20,0.97,0.0499527481272727
"brier",3,0,20,0.98,0.0342282517136364
"brier",3,0,20,0.99,0.0188392380818182
"brier",3,0,20,0.995,0.0092503121
"brier",3,0,21,0.9,0.150327174495455
"brier",3,0,21,0.91,0.134342619986364
"brier",3,0,21,0.92,0.117580793804545
"brier",3,0,21,0.93,0.102302808381818
"brier",3,0,21,0.94,0.0888880056727273
"brier",3,0,21,0.95,0.0768760754363636
"brier",3,0,21,0.96,0.0623207056454545
"brier",3,0,21,0.97,0.0474493432590909
"brier",3,0,21,0.98,0.0334284049409091
"brier",3,0,21,0.99,0.0195504973636364
"brier",3,0,21,0.995,0.0144701534636364
"brier",3,0,22,0.9,0.1199413998
"brier",3,0,22,0.91,0.109305118372727
"brier",3,0,22,0.92,0.0970076890636364
"brier",3,0,22,0.93,0.0851262805227273
"brier",3,0,22,0.94,0.0713212387090909
"brier",3,0,22,0.95,0.0588133932545455
"brier",3,0,22,0.96,0.0486451820090909
"brier",3,0,22,0.97,0.0384355579454545
"brier",3,0,22,0.98,0.0242592773590909
"brier",3,0,22,0.99,0.00981115551363636
"brier",3,0,22,0.995,0.00590910002272727
"brier",3,0,23,0.9,0.13947528125
"brier",3,0,23,0.91,0.132070277540909
"brier",3,0,23,0.92,0.121775108636364
"brier",3,0,23,0.93,0.109948356754545
"brier",3,0,23,0.94,0.0980407567272727
"brier",3,0,23,0.95,0.0826613810454545
"brier",3,0,23,0.96,0.0701256071318182
"brier",3,0,23,0.97,0.0542340914045455
"brier",3,0,23,0.98,0.0347338567272727
"brier",3,0,23,0.99,0.0132691414590909
"brier",3,0,23,0.995,0.00658614213181818
"brier",3,0,24,0.9,0.129510648081818
"brier",3,0,24,0.91,0.116681859968182
"brier",3,0,24,0.92,0.107099951645455
"brier",3,0,24,0.93,0.0950387828727273
"brier",3,0,24,0.94,0.0831235243863636
"brier",3,0,24,0.95,0.0699648195681818
"brier",3,0,24,0.96,0.0584256969636364
"brier",3,0,24,0.97,0.0462262341681818
"brier",3,0,24,0.98,0.0320350724863636
"brier",3,0,24,0.99,0.0145331245318182
"brier",3,0,24,0.995,0.00564708876363636
"brier",3,0,25,0.9,0.140046616740909
"brier",3,0,25,0.91,0.128430393072727
"brier",3,0,25,0.92,0.114774545568182
"brier",3,0,25,0.93,0.102262557372727
"brier",3,0,25,0.94,0.0838610639636364
"brier",3,0,25,0.95,0.0670070650272727
"brier",3,0,25,0.96,0.0476019574045455
"brier",3,0,25,0.97,0.0330758612727273
"brier",3,0,25,0.98,0.0198637387772727
"brier",3,0,25,0.99,0.00879591045909091
"brier",3,0,25,0.995,0.00377007899545455
"brier",3,0,26,0.9,0.110069756959091
"brier",3,0,26,0.91,0.0992026444409091
"brier",3,0,26,0.92,0.0900194032863636
"brier",3,0,26,0.93,0.0803890944590909
"brier",3,0,26,0.94,0.0704714556454545
"brier",3,0,26,0.95,0.0593728464954545
"brier",3,0,26,0.96,0.04872806345
"brier",3,0,26,0.97,0.0379862766863636
"brier",3,0,26,0.98,0.0263224019227273
"brier",3,0,26,0.99,0.0127282417363636
"brier",3,0,26,0.995,0.00486169994090909
"brier",3,0,27,0.9,0.138686204795455
"brier",3,0,27,0.91,0.125057013104545
"brier",3,0,27,0.92,0.110230778495455
"brier",3,0,27,0.93,0.0977302392227273
"brier",3,0,27,0.94,0.0836617760181818
"brier",3,0,27,0.95,0.0681113668409091
"brier",3,0,27,0.96,0.0519397431863636
"brier",3,0,27,0.97,0.0385525536318182
"brier",3,0,27,0.98,0.0271723086454545
"brier",3,0,27,0.99,0.0125210652818182
"brier",3,0,27,0.995,0.00457964157727273
"brier",3,0,28,0.9,0.136366204168182
"brier",3,0,28,0.91,0.124305227122727
"brier",3,0,28,0.92,0.112046899872727
"brier",3,0,28,0.93,0.100874563113636
"brier",3,0,28,0.94,0.0866132083727273
"brier",3,0,28,0.95,0.0705899310045455
"brier",3,0,28,0.96,0.0565274272090909
"brier",3,0,28,0.97,0.04591202515
"brier",3,0,28,0.98,0.0352455104772727
"brier",3,0,28,0.99,0.0172382832045455
"brier",3,0,28,0.995,0.00511216685
"brier",3,0,29,0.9,0.131817169845455
"brier",3,0,29,0.91,0.116316940040909
"brier",3,0,29,0.92,0.102031549381818
"brier",3,0,29,0.93,0.0888262770727273
"brier",3,0,29,0.94,0.0754515285681818
"brier",3,0,29,0.95,0.0625091659545455
"brier",3,0,29,0.96,0.0481884498272727
"brier",3,0,29,0.97,0.0377417968590909
"brier",3,0,29,0.98,0.0281780263954545
"brier",3,0,29,0.99,0.0162431151545455
"brier",3,0,29,0.995,0.00863512206363636
"brier",3,0,30,0.9,0.136822075554545
"brier",3,0,30,0.91,0.12520516655
"brier",3,0,30,0.92,0.113231892777273
"brier",3,0,30,0.93,0.100453937
"brier",3,0,30,0.94,0.0855999565818182
"brier",3,0,30,0.95,0.0727352917909091
"brier",3,0,30,0.96,0.0607186871045455
"brier",3,0,30,0.97,0.0468698016636364
"brier",3,0,30,0.98,0.0352168818772727
"brier",3,0,30,0.99,0.0197623974545455
"brier",3,0,30,0.995,0.0124568094
"brier",3,0,31,0.9,0.149094938086364
"brier",3,0,31,0.91,0.13710238565
"brier",3,0,31,0.92,0.125754498772727
"brier",3,0,31,0.93,0.113669171318182
"brier",3,0,31,0.94,0.0992471694545455
"brier",3,0,31,0.95,0.0857363324818182
"brier",3,0,31,0.96,0.0690635229590909
"brier",3,0,31,0.97,0.0541980803136364
"brier",3,0,31,0.98,0.0370586780136364
"brier",3,0,31,0.99,0.0192576402090909
"brier",3,0,31,0.995,0.0124764862636364
"brier",3,0,32,0.9,0.141965666890909
"brier",3,0,32,0.91,0.12998171155
"brier",3,0,32,0.92,0.119900675109091
"brier",3,0,32,0.93,0.108045081122727
"brier",3,0,32,0.94,0.0965250506863636
"brier",3,0,32,0.95,0.0792821051227273
"brier",3,0,32,0.96,0.0667553402136364
"brier",3,0,32,0.97,0.0539952960818182
"brier",3,0,32,0.98,0.0402948437227273
"brier",3,0,32,0.99,0.0214165972636364
"brier",3,0,32,0.995,0.0119399508954545
"brier",3,0,33,0.9,0.156230436440909
"brier",3,0,33,0.91,0.142088798981818
"brier",3,0,33,0.92,0.128569494031818
"brier",3,0,33,0.93,0.1188842193
"brier",3,0,33,0.94,0.104660149654545
"brier",3,0,33,0.95,0.0899120247045455
"brier",3,0,33,0.96,0.0774512883863636
"brier",3,0,33,0.97,0.0587032909454545
"brier",3,0,33,0.98,0.0404669896681818
"brier",3,0,33,0.99,0.0271680637409091
"brier",3,0,33,0.995,0.0174875585227273
"brier",3,0,34,0.9,0.143408131354545
"brier",3,0,34,0.91,0.127062667495455
"brier",3,0,34,0.92,0.111947674281818
"brier",3,0,34,0.93,0.0990425757863636
"brier",3,0,34,0.94,0.0840519809727273
"brier",3,0,34,0.95,0.0678051128545454
"brier",3,0,34,0.96,0.0506140225045455
"brier",3,0,34,0.97,0.0358589926181818
"brier",3,0,34,0.98,0.0214927797727273
"brier",3,0,34,0.99,0.0122398840545455
"brier",3,0,34,0.995,0.00587621991818182
"brier",3,0,35,0.9,0.128303124427273
"brier",3,0,35,0.91,0.118079082063636
"brier",3,0,35,0.92,0.107175322245455
"brier",3,0,35,0.93,0.0972629891090909
"brier",3,0,35,0.94,0.0837013209454545
"brier",3,0,35,0.95,0.0720370014590909
"brier",3,0,35,0.96,0.0612629551363636
"brier",3,0,35,0.97,0.04729163015
"brier",3,0,35,0.98,0.0356008625363636
"brier",3,0,35,0.99,0.0177451234772727
"brier",3,0,35,0.995,0.00824118780454546
"brier",3,0,36,0.9,0.158332026136364
"brier",3,0,36,0.91,0.144158310513636
"brier",3,0,36,0.92,0.134079074468182
"brier",3,0,36,0.93,0.122272407931818
"brier",3,0,36,0.94,0.108688446554545
"brier",3,0,36,0.95,0.0954168227045455
"brier",3,0,36,0.96,0.0788937950590909
"brier",3,0,36,0.97,0.0572599932409091
"brier",3,0,36,0.98,0.0382200971909091
"brier",3,0,36,0.99,0.0205620154318182
"brier",3,0,36,0.995,0.0112317872954545
"brier",3,0,37,0.9,0.144508993545455
"brier",3,0,37,0.91,0.133269303586364
"brier",3,0,37,0.92,0.120921834640909
"brier",3,0,37,0.93,0.101750692940909
"brier",3,0,37,0.94,0.0859388691590909
"brier",3,0,37,0.95,0.0679393355681818
"brier",3,0,37,0.96,0.0562306868590909
"brier",3,0,37,0.97,0.0424873460727273
"brier",3,0,37,0.98,0.0289956710409091
"brier",3,0,37,0.99,0.0183170498227273
"brier",3,0,37,0.995,0.0100222483318182
"brier",3,0,38,0.9,0.203911013404545
"brier",3,0,38,0.91,0.188023387354545
"brier",3,0,38,0.92,0.168040998095455
"brier",3,0,38,0.93,0.149176849681818
"brier",3,0,38,0.94,0.127588679745455
"brier",3,0,38,0.95,0.102030867831818
"brier",3,0,38,0.96,0.0705155118909091
"brier",3,0,38,0.97,0.0499744637045455
"brier",3,0,38,0.98,0.0331944491227273
"brier",3,0,38,0.99,0.0136170692909091
"brier",3,0,38,0.995,0.00556421893181818
"brier",3,0,39,0.9,0.163245272272727
"brier",3,0,39,0.91,0.147466856972727
"brier",3,0,39,0.92,0.129761330118182
"brier",3,0,39,0.93,0.111009610640909
"brier",3,0,39,0.94,0.0912848525136364
"brier",3,0,39,0.95,0.0745399774272727
"brier",3,0,39,0.96,0.0568911246363636
"brier",3,0,39,0.97,0.0391426008727273
"brier",3,0,39,0.98,0.022096642
"brier",3,0,39,0.99,0.00700630448181818
"brier",3,0,39,0.995,0.00409231265454545
"brier",3,0,40,0.9,0.114450640427273
"brier",3,0,40,0.91,0.102952759322727
"brier",3,0,40,0.92,0.0911337854954545
"brier",3,0,40,0.93,0.0792372441
"brier",3,0,40,0.94,0.06538318835
"brier",3,0,40,0.95,0.0512370282772727
"brier",3,0,40,0.96,0.0397864216636364
"brier",3,0,40,0.97,0.0298941110727273
"brier",3,0,40,0.98,0.0195622708954545
"brier",3,0,40,0.99,0.00709184488181818
"brier",3,0,40,0.995,0.00326205516363636
"brier",3,0,41,0.9,0.150350017077273
"brier",3,0,41,0.91,0.1388998779
"brier",3,0,41,0.92,0.127354550772727
"brier",3,0,41,0.93,0.112751105772727
"brier",3,0,41,0.94,0.0995993141545455
"brier",3,0,41,0.95,0.0875348580681818
"brier",3,0,41,0.96,0.0722028093090909
"brier",3,0,41,0.97,0.0547798720318182
"brier",3,0,41,0.98,0.0378018104272727
"brier",3,0,41,0.99,0.0171971140272727
"brier",3,0,41,0.995,0.00946515621363636
"brier",3,0,42,0.9,0.141470918740909
"brier",3,0,42,0.91,0.128912224181818
"brier",3,0,42,0.92,0.11603363655
"brier",3,0,42,0.93,0.100667496668182
"brier",3,0,42,0.94,0.08894879025
"brier",3,0,42,0.95,0.0746541832181818
"brier",3,0,42,0.96,0.0589059627318182
"brier",3,0,42,0.97,0.0446316681272727
"brier",3,0,42,0.98,0.0306412888136364
"brier",3,0,42,0.99,0.0157388868136364
"brier",3,0,42,0.995,0.0093151906
"brier",3,0,43,0.9,0.138724557213636
"brier",3,0,43,0.91,0.125504507313636
"brier",3,0,43,0.92,0.108509032668182
"brier",3,0,43,0.93,0.09569287755
"brier",3,0,43,0.94,0.0826165338727273
"brier",3,0,43,0.95,0.0654809044909091
"brier",3,0,43,0.96,0.0531761341954545
"brier",3,0,43,0.97,0.0391861280772727
"brier",3,0,43,0.98,0.0248937203909091
"brier",3,0,43,0.99,0.0105657536227273
"brier",3,0,43,0.995,0.00611567855454545
"brier",3,0,44,0.9,0.13768113645
"brier",3,0,44,0.91,0.128510385990909
"brier",3,0,44,0.92,0.115254508836364
"brier",3,0,44,0.93,0.101747983413636
"brier",3,0,44,0.94,0.0918801753727273
"brier",3,0,44,0.95,0.0772063516727273
"brier",3,0,44,0.96,0.06370659065
"brier",3,0,44,0.97,0.0533189493636364
"brier",3,0,44,0.98,0.03540765005
"brier",3,0,44,0.99,0.0185712670454545
"brier",3,0,44,0.995,0.00978984540909091
"brier",3,0,45,0.9,0.153053002236364
"brier",3,0,45,0.91,0.139482651131818
"brier",3,0,45,0.92,0.122220306931818
"brier",3,0,45,0.93,0.104224692413636
"brier",3,0,45,0.94,0.0899077344227273
"brier",3,0,45,0.95,0.0754693813272727
"brier",3,0,45,0.96,0.0587268053090909
"brier",3,0,45,0.97,0.0465092122818182
"brier",3,0,45,0.98,0.0322341168954545
"brier",3,0,45,0.99,0.0155121397136364
"brier",3,0,45,0.995,0.00851271133636364
"brier",3,0,46,0.9,0.171482649886364
"brier",3,0,46,0.91,0.152531152640909
"brier",3,0,46,0.92,0.137035387831818
"brier",3,0,46,0.93,0.1203940819
"brier",3,0,46,0.94,0.102899010454545
"brier",3,0,46,0.95,0.0798096544772727
"brier",3,0,46,0.96,0.0582099478863636
"brier",3,0,46,0.97,0.0421079628
"brier",3,0,46,0.98,0.0264146067454545
"brier",3,0,46,0.99,0.0105152753136364
"brier",3,0,46,0.995,0.00489190033636364
"brier",3,0,47,0.9,0.160827466059091
"brier",3,0,47,0.91,0.144782970809091
"brier",3,0,47,0.92,0.12611572095
"brier",3,0,47,0.93,0.111599330109091
"brier",3,0,47,0.94,0.0946106801409091
"brier",3,0,47,0.95,0.0764258929636364
"brier",3,0,47,0.96,0.0630990916636364
"brier",3,0,47,0.97,0.0475674768863636
"brier",3,0,47,0.98,0.03054657195
"brier",3,0,47,0.99,0.0152895910227273
"brier",3,0,47,0.995,0.00676459214545455
"brier",3,0,48,0.9,0.17605046225
"brier",3,0,48,0.91,0.166085594786364
"brier",3,0,48,0.92,0.149248451763636
"brier",3,0,48,0.93,0.135864436495455
"brier",3,0,48,0.94,0.115104333704545
"brier",3,0,48,0.95,0.0978631765954545
"brier",3,0,48,0.96,0.0844658183954545
"brier",3,0,48,0.97,0.0690187248954545
"brier",3,0,48,0.98,0.0508391635454545
"brier",3,0,48,0.99,0.0334767824272727
"brier",3,0,48,0.995,0.0212361813590909
"brier",3,0,49,0.9,0.155674552781818
"brier",3,0,49,0.91,0.143349323327273
"brier",3,0,49,0.92,0.128133295609091
"brier",3,0,49,0.93,0.111169247486364
"brier",3,0,49,0.94,0.097009341
"brier",3,0,49,0.95,0.0809263953863636
"brier",3,0,49,0.96,0.0638008336909091
"brier",3,0,49,0.97,0.04268463935
"brier",3,0,49,0.98,0.0228627924272727
"brier",3,0,49,0.99,0.00857488737727273
"brier",3,0,49,0.995,0.00422344174545455
"brier",3,0,50,0.9,0.140700729345455
"brier",3,0,50,0.91,0.128530451604545
"brier",3,0,50,0.92,0.111554146413636
"brier",3,0,50,0.93,0.0982063958363636
"brier",3,0,50,0.94,0.0855609742590909
"brier",3,0,50,0.95,0.0699546412090909
"brier",3,0,50,0.96,0.0565096314772727
"brier",3,0,50,0.97,0.0377999011863636
"brier",3,0,50,0.98,0.0240607917863636
"brier",3,0,50,0.99,0.0122632064090909
"brier",3,0,50,0.995,0.00737182894090909
"brier",4,0,1,0.9,0.143531931618182
"brier",4,0,1,0.91,0.131012426259091
"brier",4,0,1,0.92,0.116702072431818
"brier",4,0,1,0.93,0.104490166190909
"brier",4,0,1,0.94,0.0929045067545455
"brier",4,0,1,0.95,0.0798008683181818
"brier",4,0,1,0.96,0.0671465355454545
"brier",4,0,1,0.97,0.0587176382409091
"brier",4,0,1,0.98,0.0443484704318182
"brier",4,0,1,0.99,0.0268450361136364
"brier",4,0,1,0.995,0.0164376100772727
"brier",4,0,2,0.9,0.135195686459091
"brier",4,0,2,0.91,0.123697644904545
"brier",4,0,2,0.92,0.109135787695455
"brier",4,0,2,0.93,0.0980846128363636
"brier",4,0,2,0.94,0.0844445132363636
"brier",4,0,2,0.95,0.07221133305
"brier",4,0,2,0.96,0.0563317072409091
"brier",4,0,2,0.97,0.04176698235
"brier",4,0,2,0.98,0.0271554173727273
"brier",4,0,2,0.99,0.0121588597227273
"brier",4,0,2,0.995,0.00851088543636364
"brier",4,0,3,0.9,0.125774623690909
"brier",4,0,3,0.91,0.116366716295455
"brier",4,0,3,0.92,0.102858423022727
"brier",4,0,3,0.93,0.0890953640545454
"brier",4,0,3,0.94,0.0769965492454545
"brier",4,0,3,0.95,0.0631845953772727
"brier",4,0,3,0.96,0.0487480680590909
"brier",4,0,3,0.97,0.0313069119636364
"brier",4,0,3,0.98,0.0212314584954545
"brier",4,0,3,0.99,0.0109093204227273
"brier",4,0,3,0.995,0.00500000964545455
"brier",4,0,4,0.9,0.166399003163636
"brier",4,0,4,0.91,0.154016427095455
"brier",4,0,4,0.92,0.138438326504545
"brier",4,0,4,0.93,0.125667472790909
"brier",4,0,4,0.94,0.112813332331818
"brier",4,0,4,0.95,0.0961169431227273
"brier",4,0,4,0.96,0.0852788794136364
"brier",4,0,4,0.97,0.0680618959409091
"brier",4,0,4,0.98,0.0475721141909091
"brier",4,0,4,0.99,0.0227229853363636
"brier",4,0,4,0.995,0.0146780441045455
"brier",4,0,5,0.9,0.184327546377273
"brier",4,0,5,0.91,0.166038423345455
"brier",4,0,5,0.92,0.151085314336364
"brier",4,0,5,0.93,0.135893031854545
"brier",4,0,5,0.94,0.118805919927273
"brier",4,0,5,0.95,0.104521460009091
"brier",4,0,5,0.96,0.0879853064
"brier",4,0,5,0.97,0.0697995269636364
"brier",4,0,5,0.98,0.0495133208909091
"brier",4,0,5,0.99,0.02847992975
"brier",4,0,5,0.995,0.0117793659590909
"brier",4,0,6,0.9,0.179960090181818
"brier",4,0,6,0.91,0.164400568940909
"brier",4,0,6,0.92,0.145972854809091
"brier",4,0,6,0.93,0.128734313486364
"brier",4,0,6,0.94,0.108651332990909
"brier",4,0,6,0.95,0.0917813294727273
"brier",4,0,6,0.96,0.0756045211409091
"brier",4,0,6,0.97,0.0576895681954545
"brier",4,0,6,0.98,0.0413298241590909
"brier",4,0,6,0.99,0.0285105626409091
"brier",4,0,6,0.995,0.0204189591227273
"brier",4,0,7,0.9,0.1540071046
"brier",4,0,7,0.91,0.145464887404545
"brier",4,0,7,0.92,0.133645463109091
"brier",4,0,7,0.93,0.120616945045455
"brier",4,0,7,0.94,0.108876998004545
"brier",4,0,7,0.95,0.0935140308227273
"brier",4,0,7,0.96,0.0734235275681818
"brier",4,0,7,0.97,0.05842784835
"brier",4,0,7,0.98,0.0365469901181818
"brier",4,0,7,0.99,0.0184797238
"brier",4,0,7,0.995,0.0106036384363636
"brier",4,0,8,0.9,0.158570353104545
"brier",4,0,8,0.91,0.143177005254545
"brier",4,0,8,0.92,0.127710976322727
"brier",4,0,8,0.93,0.115401526331818
"brier",4,0,8,0.94,0.100109527045455
"brier",4,0,8,0.95,0.0851638576227273
"brier",4,0,8,0.96,0.0685205673727273
"brier",4,0,8,0.97,0.0560413530454545
"brier",4,0,8,0.98,0.0410780603636364
"brier",4,0,8,0.99,0.0194040200454545
"brier",4,0,8,0.995,0.00678120225454545
"brier",4,0,9,0.9,0.163679397422727
"brier",4,0,9,0.91,0.148976795718182
"brier",4,0,9,0.92,0.134870469809091
"brier",4,0,9,0.93,0.119136006654545
"brier",4,0,9,0.94,0.105621075254545
"brier",4,0,9,0.95,0.0890033125727273
"brier",4,0,9,0.96,0.0711126444818182
"brier",4,0,9,0.97,0.0535396220545455
"brier",4,0,9,0.98,0.0355187862590909
"brier",4,0,9,0.99,0.0173278104636364
"brier",4,0,9,0.995,0.00745301894090909
"brier",4,0,10,0.9,0.164788409527273
"brier",4,0,10,0.91,0.149972140213636
"brier",4,0,10,0.92,0.13433892275
"brier",4,0,10,0.93,0.118858045436364
"brier",4,0,10,0.94,0.102487417754545
"brier",4,0,10,0.95,0.0863319656954546
"brier",4,0,10,0.96,0.0698584821090909
"brier",4,0,10,0.97,0.0545429751818182
"brier",4,0,10,0.98,0.0377565950863636
"brier",4,0,10,0.99,0.0193287586227273
"brier",4,0,10,0.995,0.0100869642954545
"brier",4,0,11,0.9,0.157630715659091
"brier",4,0,11,0.91,0.143596758431818
"brier",4,0,11,0.92,0.129322018540909
"brier",4,0,11,0.93,0.113963690336364
"brier",4,0,11,0.94,0.0999090643681818
"brier",4,0,11,0.95,0.0842394484909091
"brier",4,0,11,0.96,0.0681549470318182
"brier",4,0,11,0.97,0.0481771407681818
"brier",4,0,11,0.98,0.0342667547863636
"brier",4,0,11,0.99,0.0178249417090909
"brier",4,0,11,0.995,0.0109568443363636
"brier",4,0,12,0.9,0.143382754713636
"brier",4,0,12,0.91,0.131647338581818
"brier",4,0,12,0.92,0.117548345531818
"brier",4,0,12,0.93,0.106009500990909
"brier",4,0,12,0.94,0.0937456369545454
"brier",4,0,12,0.95,0.0817244463818182
"brier",4,0,12,0.96,0.0685223321772727
"brier",4,0,12,0.97,0.0516480773318182
"brier",4,0,12,0.98,0.0370657096681818
"brier",4,0,12,0.99,0.0259447105454545
"brier",4,0,12,0.995,0.0150974570909091
"brier",4,0,13,0.9,0.184246852118182
"brier",4,0,13,0.91,0.17085786515
"brier",4,0,13,0.92,0.151149881263636
"brier",4,0,13,0.93,0.135819140422727
"brier",4,0,13,0.94,0.1166016695
"brier",4,0,13,0.95,0.0969174187590909
"brier",4,0,13,0.96,0.0766245778
"brier",4,0,13,0.97,0.0546078737
"brier",4,0,13,0.98,0.0336831240045455
"brier",4,0,13,0.99,0.0164923480636364
"brier",4,0,13,0.995,0.00842464697727273
"brier",4,0,14,0.9,0.163157533927273
"brier",4,0,14,0.91,0.149480912009091
"brier",4,0,14,0.92,0.138943850481818
"brier",4,0,14,0.93,0.128392858459091
"brier",4,0,14,0.94,0.114761239154545
"brier",4,0,14,0.95,0.101300395177273
"brier",4,0,14,0.96,0.0892534093954545
"brier",4,0,14,0.97,0.0755295814590909
"brier",4,0,14,0.98,0.0525173362636364
"brier",4,0,14,0.99,0.0288638760454545
"brier",4,0,14,0.995,0.0136245816136364
"brier",4,0,15,0.9,0.155476963790909
"brier",4,0,15,0.91,0.139231409672727
"brier",4,0,15,0.92,0.12072650345
"brier",4,0,15,0.93,0.105450690531818
"brier",4,0,15,0.94,0.0895112973227273
"brier",4,0,15,0.95,0.0751987548318182
"brier",4,0,15,0.96,0.0578981574727273
"brier",4,0,15,0.97,0.0431889272636364
"brier",4,0,15,0.98,0.0297514476045455
"brier",4,0,15,0.99,0.01503608495
"brier",4,0,15,0.995,0.00569905455909091
"brier",4,0,16,0.9,0.115553844186364
"brier",4,0,16,0.91,0.1047971049
"brier",4,0,16,0.92,0.0929098556181818
"brier",4,0,16,0.93,0.0808061879272727
"brier",4,0,16,0.94,0.0681933291590909
"brier",4,0,16,0.95,0.0565613233090909
"brier",4,0,16,0.96,0.0460626859318182
"brier",4,0,16,0.97,0.0378729688636364
"brier",4,0,16,0.98,0.0276565637681818
"brier",4,0,16,0.99,0.0168152314227273
"brier",4,0,16,0.995,0.00851280893181818
"brier",4,0,17,0.9,0.160498244072727
"brier",4,0,17,0.91,0.148848351059091
"brier",4,0,17,0.92,0.134118575495455
"brier",4,0,17,0.93,0.12021607815
"brier",4,0,17,0.94,0.102182568236364
"brier",4,0,17,0.95,0.08618151055
"brier",4,0,17,0.96,0.0706974099636364
"brier",4,0,17,0.97,0.0529964256409091
"brier",4,0,17,0.98,0.0345836006
"brier",4,0,17,0.99,0.0180751962909091
"brier",4,0,17,0.995,0.00815510265909091
"brier",4,0,18,0.9,0.147422721068182
"brier",4,0,18,0.91,0.136849773959091
"brier",4,0,18,0.92,0.122051212695455
"brier",4,0,18,0.93,0.106309148154545
"brier",4,0,18,0.94,0.0884139390272727
"brier",4,0,18,0.95,0.0690815829818182
"brier",4,0,18,0.96,0.0508347187272727
"brier",4,0,18,0.97,0.0365329856409091
"brier",4,0,18,0.98,0.0219841977909091
"brier",4,0,18,0.99,0.01001510135
"brier",4,0,18,0.995,0.00500000008636364
"brier",4,0,19,0.9,0.116491075631818
"brier",4,0,19,0.91,0.108257145818182
"brier",4,0,19,0.92,0.0968707384409091
"brier",4,0,19,0.93,0.0861805569909091
"brier",4,0,19,0.94,0.0737045686727273
"brier",4,0,19,0.95,0.0627655999818182
"brier",4,0,19,0.96,0.05071874165
"brier",4,0,19,0.97,0.0405334818136364
"brier",4,0,19,0.98,0.0266285923181818
"brier",4,0,19,0.99,0.0110154057090909
"brier",4,0,19,0.995,0.00454911494090909
"brier",4,0,20,0.9,0.137525730431818
"brier",4,0,20,0.91,0.12577120135
"brier",4,0,20,0.92,0.111351231327273
"brier",4,0,20,0.93,0.0984489803863636
"brier",4,0,20,0.94,0.0881994751454546
"brier",4,0,20,0.95,0.0784054439181818
"brier",4,0,20,0.96,0.0664112612636364
"brier",4,0,20,0.97,0.0517424028636364
"brier",4,0,20,0.98,0.0357618565863636
"brier",4,0,20,0.99,0.0202081215727273
"brier",4,0,20,0.995,0.00960459672272727
"brier",4,0,21,0.9,0.150252818845455
"brier",4,0,21,0.91,0.134997564531818
"brier",4,0,21,0.92,0.118680499981818
"brier",4,0,21,0.93,0.103738875445455
"brier",4,0,21,0.94,0.0903201375181818
"brier",4,0,21,0.95,0.0781808944454545
"brier",4,0,21,0.96,0.0628998164363636
"brier",4,0,21,0.97,0.0481837096272727
"brier",4,0,21,0.98,0.0345763614272727
"brier",4,0,21,0.99,0.0210534947636364
"brier",4,0,21,0.995,0.0158008949545455
"brier",4,0,22,0.9,0.122908250886364
"brier",4,0,22,0.91,0.111966704604545
"brier",4,0,22,0.92,0.0998880423409091
"brier",4,0,22,0.93,0.0882427740863636
"brier",4,0,22,0.94,0.0749460105818182
"brier",4,0,22,0.95,0.0622469502772727
"brier",4,0,22,0.96,0.0512612777363636
"brier",4,0,22,0.97,0.0401789369681818
"brier",4,0,22,0.98,0.0251690401409091
"brier",4,0,22,0.99,0.00971838443181818
"brier",4,0,22,0.995,0.00590909093636364
"brier",4,0,23,0.9,0.142106630272727
"brier",4,0,23,0.91,0.134780537859091
"brier",4,0,23,0.92,0.124891568136364
"brier",4,0,23,0.93,0.113537958204545
"brier",4,0,23,0.94,0.10207848645
"brier",4,0,23,0.95,0.0865895228181818
"brier",4,0,23,0.96,0.0733704063090909
"brier",4,0,23,0.97,0.0563244195545455
"brier",4,0,23,0.98,0.0346394186227273
"brier",4,0,23,0.99,0.0127629193727273
"brier",4,0,23,0.995,0.00672834766363636
"brier",4,0,24,0.9,0.134673253886364
"brier",4,0,24,0.91,0.121763191163636
"brier",4,0,24,0.92,0.111968907209091
"brier",4,0,24,0.93,0.0998474148954545
"brier",4,0,24,0.94,0.0874744599681818
"brier",4,0,24,0.95,0.0739316764227273
"brier",4,0,24,0.96,0.0620601351636364
"brier",4,0,24,0.97,0.0492131552227273
"brier",4,0,24,0.98,0.0337917298363636
"brier",4,0,24,0.99,0.0143966820363636
"brier",4,0,24,0.995,0.00557162780909091
"brier",4,0,25,0.9,0.142710456309091
"brier",4,0,25,0.91,0.130993548436364
"brier",4,0,25,0.92,0.117145454981818
"brier",4,0,25,0.93,0.10439196645
"brier",4,0,25,0.94,0.0860692950318182
"brier",4,0,25,0.95,0.0692905045272727
"brier",4,0,25,0.96,0.0500918452681818
"brier",4,0,25,0.97,0.0352379070909091
"brier",4,0,25,0.98,0.0210377618909091
"brier",4,0,25,0.99,0.00897437487727273
"brier",4,0,25,0.995,0.00363955314545455
"brier",4,0,26,0.9,0.112467991177273
"brier",4,0,26,0.91,0.101415165927273
"brier",4,0,26,0.92,0.0923770097681818
"brier",4,0,26,0.93,0.0825985879272727
"brier",4,0,26,0.94,0.0723594769545454
"brier",4,0,26,0.95,0.0608629111454545
"brier",4,0,26,0.96,0.0500039843954545
"brier",4,0,26,0.97,0.0392279949772727
"brier",4,0,26,0.98,0.0277136799636364
"brier",4,0,26,0.99,0.0134692226954545
"brier",4,0,26,0.995,0.00480119765454545
"brier",4,0,27,0.9,0.145583727077273
"brier",4,0,27,0.91,0.131786555609091
"brier",4,0,27,0.92,0.116292713581818
"brier",4,0,27,0.93,0.103218572209091
"brier",4,0,27,0.94,0.0884904418727273
"brier",4,0,27,0.95,0.07215772725
"brier",4,0,27,0.96,0.0551131972818182
"brier",4,0,27,0.97,0.0407795468090909
"brier",4,0,27,0.98,0.0280893331318182
"brier",4,0,27,0.99,0.0124453226409091
"brier",4,0,27,0.995,0.00454886290454545
"brier",4,0,28,0.9,0.140346090895455
"brier",4,0,28,0.91,0.128224915045455
"brier",4,0,28,0.92,0.115653748459091
"brier",4,0,28,0.93,0.1042950361
"brier",4,0,28,0.94,0.0900803231545454
"brier",4,0,28,0.95,0.0738741838272727
"brier",4,0,28,0.96,0.0591521020227273
"brier",4,0,28,0.97,0.0480788928272727
"brier",4,0,28,0.98,0.0369877808363636
"brier",4,0,28,0.99,0.0179836408954545
"brier",4,0,28,0.995,0.00500827100454545
"brier",4,0,29,0.9,0.135087604336364
"brier",4,0,29,0.91,0.119471887304545
"brier",4,0,29,0.92,0.105375530390909
"brier",4,0,29,0.93,0.0919091086818182
"brier",4,0,29,0.94,0.0783072949727273
"brier",4,0,29,0.95,0.0649447214181818
"brier",4,0,29,0.96,0.0500844505
"brier",4,0,29,0.97,0.0390202948954545
"brier",4,0,29,0.98,0.0288403447590909
"brier",4,0,29,0.99,0.0166371196363636
"brier",4,0,29,0.995,0.00897169364090909
"brier",4,0,30,0.9,0.137115331386364
"brier",4,0,30,0.91,0.1249428289
"brier",4,0,30,0.92,0.112945792877273
"brier",4,0,30,0.93,0.0997859770954545
"brier",4,0,30,0.94,0.0851410304590909
"brier",4,0,30,0.95,0.0718372505909091
"brier",4,0,30,0.96,0.0593588212318182
"brier",4,0,30,0.97,0.0457665910727273
"brier",4,0,30,0.98,0.0343314495272727
"brier",4,0,30,0.99,0.0194432472045455
"brier",4,0,30,0.995,0.0129212035318182
"brier",4,0,31,0.9,0.153145283045455
"brier",4,0,31,0.91,0.141150162540909
"brier",4,0,31,0.92,0.129625817931818
"brier",4,0,31,0.93,0.117721486654545
"brier",4,0,31,0.94,0.103035167322727
"brier",4,0,31,0.95,0.0898048163681818
"brier",4,0,31,0.96,0.0731336288863636
"brier",4,0,31,0.97,0.0581919012090909
"brier",4,0,31,0.98,0.0406179968590909
"brier",4,0,31,0.99,0.0212626708409091
"brier",4,0,31,0.995,0.0132044035590909
"brier",4,0,32,0.9,0.145212885954545
"brier",4,0,32,0.91,0.133047630559091
"brier",4,0,32,0.92,0.123177205995455
"brier",4,0,32,0.93,0.111130095663636
"brier",4,0,32,0.94,0.0993051368909091
"brier",4,0,32,0.95,0.0820739567954545
"brier",4,0,32,0.96,0.0693687856772727
"brier",4,0,32,0.97,0.0562044844363636
"brier",4,0,32,0.98,0.0422218667772727
"brier",4,0,32,0.99,0.0218875532636364
"brier",4,0,32,0.995,0.0115092356045455
"brier",4,0,33,0.9,0.157095514668182
"brier",4,0,33,0.91,0.14358923895
"brier",4,0,33,0.92,0.130445863586364
"brier",4,0,33,0.93,0.120777892572727
"brier",4,0,33,0.94,0.106993469422727
"brier",4,0,33,0.95,0.0928889637181818
"brier",4,0,33,0.96,0.0810711343909091
"brier",4,0,33,0.97,0.0619141324772727
"brier",4,0,33,0.98,0.0423792017727273
"brier",4,0,33,0.99,0.0280275665363636
"brier",4,0,33,0.995,0.0177941067590909
"brier",4,0,34,0.9,0.144459681895455
"brier",4,0,34,0.91,0.127908265395455
"brier",4,0,34,0.92,0.113500641318182
"brier",4,0,34,0.93,0.101153867872727
"brier",4,0,34,0.94,0.0866498410045455
"brier",4,0,34,0.95,0.0704355306727273
"brier",4,0,34,0.96,0.0526043639454545
"brier",4,0,34,0.97,0.03711792825
"brier",4,0,34,0.98,0.0225865178090909
"brier",4,0,34,0.99,0.0129864828227273
"brier",4,0,34,0.995,0.00613068058181818
"brier",4,0,35,0.9,0.135678369840909
"brier",4,0,35,0.91,0.1259610043
"brier",4,0,35,0.92,0.115350991881818
"brier",4,0,35,0.93,0.105591867081818
"brier",4,0,35,0.94,0.0918981303727273
"brier",4,0,35,0.95,0.0800866573318182
"brier",4,0,35,0.96,0.0687291748090909
"brier",4,0,35,0.97,0.0537887122
"brier",4,0,35,0.98,0.0400657687772727
"brier",4,0,35,0.99,0.0191808520181818
"brier",4,0,35,0.995,0.00734285720454545
"brier",4,0,36,0.9,0.161954577918182
"brier",4,0,36,0.91,0.147519891563636
"brier",4,0,36,0.92,0.137290251286364
"brier",4,0,36,0.93,0.125387251609091
"brier",4,0,36,0.94,0.111471718154545
"brier",4,0,36,0.95,0.0982534956727273
"brier",4,0,36,0.96,0.0820257989
"brier",4,0,36,0.97,0.0608494726045455
"brier",4,0,36,0.98,0.0422448887727273
"brier",4,0,36,0.99,0.0231111324772727
"brier",4,0,36,0.995,0.0119664706272727
"brier",4,0,37,0.9,0.148731226081818
"brier",4,0,37,0.91,0.137515157804545
"brier",4,0,37,0.92,0.125491765772727
"brier",4,0,37,0.93,0.106848968895455
"brier",4,0,37,0.94,0.0913778602045455
"brier",4,0,37,0.95,0.0731922280727273
"brier",4,0,37,0.96,0.0612593261727273
"brier",4,0,37,0.97,0.0469327719090909
"brier",4,0,37,0.98,0.0326459563272727
"brier",4,0,37,0.99,0.0212341268772727
"brier",4,0,37,0.995,0.0127253464727273
"brier",4,0,38,0.9,0.207559840009091
"brier",4,0,38,0.91,0.191818450186364
"brier",4,0,38,0.92,0.171868580127273
"brier",4,0,38,0.93,0.152637374745455
"brier",4,0,38,0.94,0.131137145481818
"brier",4,0,38,0.95,0.104820377595455
"brier",4,0,38,0.96,0.0704064126409091
"brier",4,0,38,0.97,0.0488158652590909
"brier",4,0,38,0.98,0.0326604603272727
"brier",4,0,38,0.99,0.0126973060090909
"brier",4,0,38,0.995,0.00509465264090909
"brier",4,0,39,0.9,0.168343347886364
"brier",4,0,39,0.91,0.153068653354545
"brier",4,0,39,0.92,0.135491473609091
"brier",4,0,39,0.93,0.116390022445455
"brier",4,0,39,0.94,0.0959637672272727
"brier",4,0,39,0.95,0.0784560673363636
"brier",4,0,39,0.96,0.0598723679909091
"brier",4,0,39,0.97,0.0406623182954545
"brier",4,0,39,0.98,0.0214461383590909
"brier",4,0,39,0.99,0.00689698194090909
"brier",4,0,39,0.995,0.00409107420454545
"brier",4,0,40,0.9,0.114267694836364
"brier",4,0,40,0.91,0.102650607340909
"brier",4,0,40,0.92,0.0909277488954545
"brier",4,0,40,0.93,0.0793589628
"brier",4,0,40,0.94,0.0655083940227273
"brier",4,0,40,0.95,0.0515143255090909
"brier",4,0,40,0.96,0.0402043641318182
"brier",4,0,40,0.97,0.0303981788772727
"brier",4,0,40,0.98,0.0203132356636364
"brier",4,0,40,0.99,0.00803396846818182
"brier",4,0,40,0.995,0.00396947970909091
"brier",4,0,41,0.9,0.150794076413636
"brier",4,0,41,0.91,0.138952763877273
"brier",4,0,41,0.92,0.127485601654545
"brier",4,0,41,0.93,0.112562039327273
"brier",4,0,41,0.94,0.0986317678545455
"brier",4,0,41,0.95,0.0867360508318182
"brier",4,0,41,0.96,0.0719271130909091
"brier",4,0,41,0.97,0.0553825144636364
"brier",4,0,41,0.98,0.0384966028045455
"brier",4,0,41,0.99,0.0179829442772727
"brier",4,0,41,0.995,0.0100172861545455
"brier",4,0,42,0.9,0.14419532395
"brier",4,0,42,0.91,0.13121745855
"brier",4,0,42,0.92,0.118409220195455
"brier",4,0,42,0.93,0.1028677475
"brier",4,0,42,0.94,0.0908833159954545
"brier",4,0,42,0.95,0.0767216683454545
"brier",4,0,42,0.96,0.0610012064045455
"brier",4,0,42,0.97,0.0467050562227273
"brier",4,0,42,0.98,0.0326589697318182
"brier",4,0,42,0.99,0.0179424585772727
"brier",4,0,42,0.995,0.0109456029045455
"brier",4,0,43,0.9,0.143503054322727
"brier",4,0,43,0.91,0.130453406681818
"brier",4,0,43,0.92,0.112850724740909
"brier",4,0,43,0.93,0.0999887878136364
"brier",4,0,43,0.94,0.0867955858090909
"brier",4,0,43,0.95,0.0697188785636364
"brier",4,0,43,0.96,0.0571669788
"brier",4,0,43,0.97,0.0431212515954545
"brier",4,0,43,0.98,0.0278909224454545
"brier",4,0,43,0.99,0.0125107310545455
"brier",4,0,43,0.995,0.00650124709090909
"brier",4,0,44,0.9,0.141889229690909
"brier",4,0,44,0.91,0.132890529940909
"brier",4,0,44,0.92,0.120318261081818
"brier",4,0,44,0.93,0.107319603686364
"brier",4,0,44,0.94,0.0976802918181818
"brier",4,0,44,0.95,0.0830746812590909
"brier",4,0,44,0.96,0.06923504085
"brier",4,0,44,0.97,0.0583382357318182
"brier",4,0,44,0.98,0.0397459978727273
"brier",4,0,44,0.99,0.0210445507772727
"brier",4,0,44,0.995,0.0105975249681818
"brier",4,0,45,0.9,0.156901152254545
"brier",4,0,45,0.91,0.143438405495455
"brier",4,0,45,0.92,0.126333895127273
"brier",4,0,45,0.93,0.108125822418182
"brier",4,0,45,0.94,0.0935704660681818
"brier",4,0,45,0.95,0.0784467704181818
"brier",4,0,45,0.96,0.0605832727227273
"brier",4,0,45,0.97,0.04766775745
"brier",4,0,45,0.98,0.0327387314681818
"brier",4,0,45,0.99,0.0154421227818182
"brier",4,0,45,0.995,0.00826040596363636
"brier",4,0,46,0.9,0.175520758363636
"brier",4,0,46,0.91,0.156270941945455
"brier",4,0,46,0.92,0.140502038781818
"brier",4,0,46,0.93,0.123936914290909
"brier",4,0,46,0.94,0.105948710686364
"brier",4,0,46,0.95,0.0821032685409091
"brier",4,0,46,0.96,0.0598468881363636
"brier",4,0,46,0.97,0.0428092536636364
"brier",4,0,46,0.98,0.0272186971727273
"brier",4,0,46,0.99,0.0108235778863636
"brier",4,0,46,0.995,0.00483226456363636
"brier",4,0,47,0.9,0.163518663690909
"brier",4,0,47,0.91,0.147641263481818
"brier",4,0,47,0.92,0.129218968231818
"brier",4,0,47,0.93,0.1149240913
"brier",4,0,47,0.94,0.0982297569227273
"brier",4,0,47,0.95,0.0803891367545455
"brier",4,0,47,0.96,0.0662985760772727
"brier",4,0,47,0.97,0.0482654932727273
"brier",4,0,47,0.98,0.0309489822727273
"brier",4,0,47,0.99,0.0155844502
"brier",4,0,47,0.995,0.00677032629545455
"brier",4,0,48,0.9,0.179119118854545
"brier",4,0,48,0.91,0.168988481631818
"brier",4,0,48,0.92,0.152137800172727
"brier",4,0,48,0.93,0.139068105631818
"brier",4,0,48,0.94,0.119130191763636
"brier",4,0,48,0.95,0.102053918390909
"brier",4,0,48,0.96,0.0892230515227273
"brier",4,0,48,0.97,0.0735683713590909
"brier",4,0,48,0.98,0.0539023773272727
"brier",4,0,48,0.99,0.0352425656181818
"brier",4,0,48,0.995,0.0224039650045455
"brier",4,0,49,0.9,0.159679651804545
"brier",4,0,49,0.91,0.147368782022727
"brier",4,0,49,0.92,0.132003305831818
"brier",4,0,49,0.93,0.114878690795455
"brier",4,0,49,0.94,0.100552333722727
"brier",4,0,49,0.95,0.0843742602227273
"brier",4,0,49,0.96,0.0670934542318182
"brier",4,0,49,0.97,0.0451482081363636
"brier",4,0,49,0.98,0.0229239375227273
"brier",4,0,49,0.99,0.00839713674545454
"brier",4,0,49,0.995,0.00413296796363636
"brier",4,0,50,0.9,0.145216160504545
"brier",4,0,50,0.91,0.132756767518182
"brier",4,0,50,0.92,0.11583038545
"brier",4,0,50,0.93,0.102410703972727
"brier",4,0,50,0.94,0.0895311622681818
"brier",4,0,50,0.95,0.0734873612681818
"brier",4,0,50,0.96,0.0597171463409091
"brier",4,0,50,0.97,0.0405304034909091
"brier",4,0,50,0.98,0.0261904976227273
"brier",4,0,50,0.99,0.0142528834909091
"brier",4,0,50,0.995,0.00925296079545455
"brier",5,0,1,0.9,0.139460032618182
"brier",5,0,1,0.91,0.126395282818182
"brier",5,0,1,0.92,0.112126377168182
"brier",5,0,1,0.93,0.100043135359091
"brier",5,0,1,0.94,0.089068052
"brier",5,0,1,0.95,0.0763976355636364
"brier",5,0,1,0.96,0.0641917593590909
"brier",5,0,1,0.97,0.05608074165
"brier",5,0,1,0.98,0.0421760252227273
"brier",5,0,1,0.99,0.0246238908363636
"brier",5,0,1,0.995,0.0136116653954545
"brier",5,0,2,0.9,0.133164919790909
"brier",5,0,2,0.91,0.121761741013636
"brier",5,0,2,0.92,0.107364647418182
"brier",5,0,2,0.93,0.0966763097590909
"brier",5,0,2,0.94,0.0834872398409091
"brier",5,0,2,0.95,0.0717172288181818
"brier",5,0,2,0.96,0.0562216557772727
"brier",5,0,2,0.97,0.0419931218
"brier",5,0,2,0.98,0.0271877365954545
"brier",5,0,2,0.99,0.01176552435
"brier",5,0,2,0.995,0.0079724764
"brier",5,0,3,0.9,0.121238912759091
"brier",5,0,3,0.91,0.111869949259091
"brier",5,0,3,0.92,0.0983733136863636
"brier",5,0,3,0.93,0.0849661108545455
"brier",5,0,3,0.94,0.0729824166727273
"brier",5,0,3,0.95,0.0596672977727273
"brier",5,0,3,0.96,0.0458055706818182
"brier",5,0,3,0.97,0.0306647966409091
"brier",5,0,3,0.98,0.0215687299818182
"brier",5,0,3,0.99,0.0109190449136364
"brier",5,0,3,0.995,0.00500090254545455
"brier",5,0,4,0.9,0.170432164022727
"brier",5,0,4,0.91,0.157105253622727
"brier",5,0,4,0.92,0.141047847763636
"brier",5,0,4,0.93,0.128318184213636
"brier",5,0,4,0.94,0.114721453404545
"brier",5,0,4,0.95,0.0971222848409091
"brier",5,0,4,0.96,0.0856082568136364
"brier",5,0,4,0.97,0.0671917398590909
"brier",5,0,4,0.98,0.0463312764227273
"brier",5,0,4,0.99,0.0212767381636364
"brier",5,0,4,0.995,0.0127502747227273
"brier",5,0,5,0.9,0.183534881754545
"brier",5,0,5,0.91,0.165777791790909
"brier",5,0,5,0.92,0.150587977709091
"brier",5,0,5,0.93,0.135795980254545
"brier",5,0,5,0.94,0.118261489445455
"brier",5,0,5,0.95,0.1033633219
"brier",5,0,5,0.96,0.0865529229
"brier",5,0,5,0.97,0.0681599899318182
"brier",5,0,5,0.98,0.0486132608363636
"brier",5,0,5,0.99,0.0283836083409091
"brier",5,0,5,0.995,0.0115757950545455
"brier",5,0,6,0.9,0.178363741313636
"brier",5,0,6,0.91,0.162614814
"brier",5,0,6,0.92,0.144286549427273
"brier",5,0,6,0.93,0.12735511385
"brier",5,0,6,0.94,0.107549151568182
"brier",5,0,6,0.95,0.0909352190818182
"brier",5,0,6,0.96,0.0748703790136364
"brier",5,0,6,0.97,0.0572496014954545
"brier",5,0,6,0.98,0.0411429775772727
"brier",5,0,6,0.99,0.0281341586136364
"brier",5,0,6,0.995,0.0200010679772727
"brier",5,0,7,0.9,0.156116521736364
"brier",5,0,7,0.91,0.147445433145455
"brier",5,0,7,0.92,0.135714554345455
"brier",5,0,7,0.93,0.122873011127273
"brier",5,0,7,0.94,0.111315212540909
"brier",5,0,7,0.95,0.0957676863318182
"brier",5,0,7,0.96,0.0751577545636364
"brier",5,0,7,0.97,0.0597060752818182
"brier",5,0,7,0.98,0.0356996641863636
"brier",5,0,7,0.99,0.0159121337909091
"brier",5,0,7,0.995,0.00830750774090909
"brier",5,0,8,0.9,0.1568888068
"brier",5,0,8,0.91,0.1404786047
"brier",5,0,8,0.92,0.124896564881818
"brier",5,0,8,0.93,0.113017514018182
"brier",5,0,8,0.94,0.0985631990090909
"brier",5,0,8,0.95,0.0840730104318182
"brier",5,0,8,0.96,0.0678186562
"brier",5,0,8,0.97,0.0558661288772727
"brier",5,0,8,0.98,0.0401836069272727
"brier",5,0,8,0.99,0.0184655672727273
"brier",5,0,8,0.995,0.00696910125
"brier",5,0,9,0.9,0.161085158640909
"brier",5,0,9,0.91,0.146047296845455
"brier",5,0,9,0.92,0.1317436894
"brier",5,0,9,0.93,0.115711982940909
"brier",5,0,9,0.94,0.101799732836364
"brier",5,0,9,0.95,0.0855229677454546
"brier",5,0,9,0.96,0.0683905718590909
"brier",5,0,9,0.97,0.0517986387954545
"brier",5,0,9,0.98,0.0344882166454545
"brier",5,0,9,0.99,0.0163271891590909
"brier",5,0,9,0.995,0.006955104
"brier",5,0,10,0.9,0.163769105813636
"brier",5,0,10,0.91,0.148598571559091
"brier",5,0,10,0.92,0.132626385031818
"brier",5,0,10,0.93,0.116950251722727
"brier",5,0,10,0.94,0.100625347981818
"brier",5,0,10,0.95,0.0845328984227273
"brier",5,0,10,0.96,0.06810696935
"brier",5,0,10,0.97,0.0524412718636364
"brier",5,0,10,0.98,0.03578230725
"brier",5,0,10,0.99,0.0183675158318182
"brier",5,0,10,0.995,0.00956704600454546
"brier",5,0,11,0.9,0.157458863959091
"brier",5,0,11,0.91,0.143190680809091
"brier",5,0,11,0.92,0.128790409877273
"brier",5,0,11,0.93,0.113117512890909
"brier",5,0,11,0.94,0.0989590652045455
"brier",5,0,11,0.95,0.0828614958909091
"brier",5,0,11,0.96,0.0662420559136364
"brier",5,0,11,0.97,0.0460117514863636
"brier",5,0,11,0.98,0.0325407984681818
"brier",5,0,11,0.99,0.0167299081727273
"brier",5,0,11,0.995,0.0106209366454545
"brier",5,0,12,0.9,0.142576775040909
"brier",5,0,12,0.91,0.1310905007
"brier",5,0,12,0.92,0.116912180995455
"brier",5,0,12,0.93,0.105313232981818
"brier",5,0,12,0.94,0.0926431115
"brier",5,0,12,0.95,0.0805732749590909
"brier",5,0,12,0.96,0.06727958225
"brier",5,0,12,0.97,0.0502433820681818
"brier",5,0,12,0.98,0.0356445933227273
"brier",5,0,12,0.99,0.0247565789181818
"brier",5,0,12,0.995,0.0139424454545455
"brier",5,0,13,0.9,0.181151607354545
"brier",5,0,13,0.91,0.167320870286364
"brier",5,0,13,0.92,0.147453578340909
"brier",5,0,13,0.93,0.1321044715
"brier",5,0,13,0.94,0.1129796741
"brier",5,0,13,0.95,0.0933860580727273
"brier",5,0,13,0.96,0.0737674145272727
"brier",5,0,13,0.97,0.0526649074272727
"brier",5,0,13,0.98,0.0324907050590909
"brier",5,0,13,0.99,0.0156452947545455
"brier",5,0,13,0.995,0.00789119320909091
"brier",5,0,14,0.9,0.161355049895455
"brier",5,0,14,0.91,0.147476308090909
"brier",5,0,14,0.92,0.136775723745455
"brier",5,0,14,0.93,0.125945832390909
"brier",5,0,14,0.94,0.1119290775
"brier",5,0,14,0.95,0.0978877182636364
"brier",5,0,14,0.96,0.0855059255409091
"brier",5,0,14,0.97,0.0711749882954545
"brier",5,0,14,0.98,0.0483390711727273
"brier",5,0,14,0.99,0.0264771448636364
"brier",5,0,14,0.995,0.0133007563818182
"brier",5,0,15,0.9,0.156065157263636
"brier",5,0,15,0.91,0.139466191759091
"brier",5,0,15,0.92,0.120825536872727
"brier",5,0,15,0.93,0.105213295204545
"brier",5,0,15,0.94,0.0891005746681818
"brier",5,0,15,0.95,0.0749005664090909
"brier",5,0,15,0.96,0.0573797229
"brier",5,0,15,0.97,0.0424808997454545
"brier",5,0,15,0.98,0.0290611889590909
"brier",5,0,15,0.99,0.0147468378727273
"brier",5,0,15,0.995,0.0056774868
"brier",5,0,16,0.9,0.114850586445455
"brier",5,0,16,0.91,0.104642653813636
"brier",5,0,16,0.92,0.0926228885318182
"brier",5,0,16,0.93,0.08021090055
"brier",5,0,16,0.94,0.0672922580545455
"brier",5,0,16,0.95,0.0554356259045455
"brier",5,0,16,0.96,0.0446279491318182
"brier",5,0,16,0.97,0.0364509433272727
"brier",5,0,16,0.98,0.0261436760909091
"brier",5,0,16,0.99,0.0157055992636364
"brier",5,0,16,0.995,0.0079223434
"brier",5,0,17,0.9,0.157700040513636
"brier",5,0,17,0.91,0.145861653618182
"brier",5,0,17,0.92,0.1309885672
"brier",5,0,17,0.93,0.116425134986364
"brier",5,0,17,0.94,0.0983826169363636
"brier",5,0,17,0.95,0.0825804663272727
"brier",5,0,17,0.96,0.0670504883727273
"brier",5,0,17,0.97,0.04997456405
"brier",5,0,17,0.98,0.0329812678181818
"brier",5,0,17,0.99,0.0182187527909091
"brier",5,0,17,0.995,0.00852927442272727
"brier",5,0,18,0.9,0.149114238113636
"brier",5,0,18,0.91,0.137945152845455
"brier",5,0,18,0.92,0.122249948004545
"brier",5,0,18,0.93,0.106137016677273
"brier",5,0,18,0.94,0.0873526518545455
"brier",5,0,18,0.95,0.0678417375636364
"brier",5,0,18,0.96,0.0496341135636364
"brier",5,0,18,0.97,0.0359977134636364
"brier",5,0,18,0.98,0.0219355083772727
"brier",5,0,18,0.99,0.0100255477272727
"brier",5,0,18,0.995,0.00500000087272727
"brier",5,0,19,0.9,0.115819084645455
"brier",5,0,19,0.91,0.10743503575
"brier",5,0,19,0.92,0.0961934378681818
"brier",5,0,19,0.93,0.0857895594227273
"brier",5,0,19,0.94,0.0736800497045455
"brier",5,0,19,0.95,0.0629398518545455
"brier",5,0,19,0.96,0.0508359866818182
"brier",5,0,19,0.97,0.0403769011318182
"brier",5,0,19,0.98,0.0265062930181818
"brier",5,0,19,0.99,0.0111126710181818
"brier",5,0,19,0.995,0.0045592132
"brier",5,0,20,0.9,0.137506660927273
"brier",5,0,20,0.91,0.125528057777273
"brier",5,0,20,0.92,0.111094889177273
"brier",5,0,20,0.93,0.0980546539045455
"brier",5,0,20,0.94,0.0878887344090909
"brier",5,0,20,0.95,0.0778449543272727
"brier",5,0,20,0.96,0.0656160302863636
"brier",5,0,20,0.97,0.0510912938045455
"brier",5,0,20,0.98,0.0347982956545455
"brier",5,0,20,0.99,0.0191872340272727
"brier",5,0,20,0.995,0.00931642525909091
"brier",5,0,21,0.9,0.151871580181818
"brier",5,0,21,0.91,0.135740076486364
"brier",5,0,21,0.92,0.118824438822727
"brier",5,0,21,0.93,0.10317880825
"brier",5,0,21,0.94,0.0891903338
"brier",5,0,21,0.95,0.0766802031090909
"brier",5,0,21,0.96,0.0616649067454545
"brier",5,0,21,0.97,0.0468569703181818
"brier",5,0,21,0.98,0.0330379207909091
"brier",5,0,21,0.99,0.0192520946863636
"brier",5,0,21,0.995,0.0142686587454545
"brier",5,0,22,0.9,0.121847837272727
"brier",5,0,22,0.91,0.111239533095455
"brier",5,0,22,0.92,0.0989622928772727
"brier",5,0,22,0.93,0.0871577883272727
"brier",5,0,22,0.94,0.0736159798636364
"brier",5,0,22,0.95,0.0611499066454545
"brier",5,0,22,0.96,0.0506783466045455
"brier",5,0,22,0.97,0.0398121866090909
"brier",5,0,22,0.98,0.0249027563909091
"brier",5,0,22,0.99,0.00977279915454545
"brier",5,0,22,0.995,0.0059090918
"brier",5,0,23,0.9,0.140486795618182
"brier",5,0,23,0.91,0.132834206340909
"brier",5,0,23,0.92,0.122486009359091
"brier",5,0,23,0.93,0.110624109940909
"brier",5,0,23,0.94,0.0987077356272727
"brier",5,0,23,0.95,0.0833021229590909
"brier",5,0,23,0.96,0.0706325510045454
"brier",5,0,23,0.97,0.0545720170818182
"brier",5,0,23,0.98,0.0346666732545455
"brier",5,0,23,0.99,0.0130606938181818
"brier",5,0,23,0.995,0.00647648296818182
"brier",5,0,24,0.9,0.130488984922727
"brier",5,0,24,0.91,0.117618539804545
"brier",5,0,24,0.92,0.108046931418182
"brier",5,0,24,0.93,0.0959656441
"brier",5,0,24,0.94,0.0838807072136364
"brier",5,0,24,0.95,0.07101571805
"brier",5,0,24,0.96,0.0594260787136364
"brier",5,0,24,0.97,0.0470637397227273
"brier",5,0,24,0.98,0.0324136168590909
"brier",5,0,24,0.99,0.0145552949454545
"brier",5,0,24,0.995,0.00569477243181818
"brier",5,0,25,0.9,0.142364156918182
"brier",5,0,25,0.91,0.130366337195455
"brier",5,0,25,0.92,0.116415260272727
"brier",5,0,25,0.93,0.10367260095
"brier",5,0,25,0.94,0.0851203161590909
"brier",5,0,25,0.95,0.0682293425090909
"brier",5,0,25,0.96,0.0488913372
"brier",5,0,25,0.97,0.03428468885
"brier",5,0,25,0.98,0.0204586693090909
"brier",5,0,25,0.99,0.00883246338636364
"brier",5,0,25,0.995,0.00370955597272727
"brier",5,0,26,0.9,0.111078047231818
"brier",5,0,26,0.91,0.100260464436364
"brier",5,0,26,0.92,0.0913747615318182
"brier",5,0,26,0.93,0.0817662084090909
"brier",5,0,26,0.94,0.0719655352272727
"brier",5,0,26,0.95,0.0607312921818182
"brier",5,0,26,0.96,0.050064902
"brier",5,0,26,0.97,0.0393067168863636
"brier",5,0,26,0.98,0.0274271686545455
"brier",5,0,26,0.99,0.0131074643545455
"brier",5,0,26,0.995,0.00483799507727273
"brier",5,0,27,0.9,0.142992710881818
"brier",5,0,27,0.91,0.128664544790909
"brier",5,0,27,0.92,0.113108647013636
"brier",5,0,27,0.93,0.100163576954545
"brier",5,0,27,0.94,0.0856087170818182
"brier",5,0,27,0.95,0.0696373916363636
"brier",5,0,27,0.96,0.0530917246136364
"brier",5,0,27,0.97,0.0393178211454545
"brier",5,0,27,0.98,0.0274639468909091
"brier",5,0,27,0.99,0.0125175725045455
"brier",5,0,27,0.995,0.00456088307727273
"brier",5,0,28,0.9,0.1370887276
"brier",5,0,28,0.91,0.124922778781818
"brier",5,0,28,0.92,0.112609733390909
"brier",5,0,28,0.93,0.101578966486364
"brier",5,0,28,0.94,0.0874041982363636
"brier",5,0,28,0.95,0.0715836135772727
"brier",5,0,28,0.96,0.0574534142409091
"brier",5,0,28,0.97,0.0467666956772727
"brier",5,0,28,0.98,0.0361126509363636
"brier",5,0,28,0.99,0.0176590333772727
"brier",5,0,28,0.995,0.00507624137272727
"brier",5,0,29,0.9,0.133025535395455
"brier",5,0,29,0.91,0.117546012063636
"brier",5,0,29,0.92,0.10327833075
"brier",5,0,29,0.93,0.0900753067727273
"brier",5,0,29,0.94,0.0767124697136364
"brier",5,0,29,0.95,0.0636235582227273
"brier",5,0,29,0.96,0.0491677024181818
"brier",5,0,29,0.97,0.0384393334863636
"brier",5,0,29,0.98,0.0287411092909091
"brier",5,0,29,0.99,0.0167599712863636
"brier",5,0,29,0.995,0.00929804484545455
"brier",5,0,30,0.9,0.138690699740909
"brier",5,0,30,0.91,0.127141226354545
"brier",5,0,30,0.92,0.114966608736364
"brier",5,0,30,0.93,0.101652360990909
"brier",5,0,30,0.94,0.0867452730590909
"brier",5,0,30,0.95,0.0734559810045455
"brier",5,0,30,0.96,0.0605548438454545
"brier",5,0,30,0.97,0.0462521302636364
"brier",5,0,30,0.98,0.0343481132772727
"brier",5,0,30,0.99,0.0194479532090909
"brier",5,0,30,0.995,0.0125427413090909
"brier",5,0,31,0.9,0.1517651262
"brier",5,0,31,0.91,0.139709521977273
"brier",5,0,31,0.92,0.128209538313636
"brier",5,0,31,0.93,0.115949418686364
"brier",5,0,31,0.94,0.101329386877273
"brier",5,0,31,0.95,0.0879535402545455
"brier",5,0,31,0.96,0.0711232210909091
"brier",5,0,31,0.97,0.0560224455090909
"brier",5,0,31,0.98,0.0385812521818182
"brier",5,0,31,0.99,0.0201399138136364
"brier",5,0,31,0.995,0.0127123655181818
"brier",5,0,32,0.9,0.14113075085
"brier",5,0,32,0.91,0.129339901145455
"brier",5,0,32,0.92,0.119589738918182
"brier",5,0,32,0.93,0.107691947031818
"brier",5,0,32,0.94,0.0965522014090909
"brier",5,0,32,0.95,0.0796716291590909
"brier",5,0,32,0.96,0.0673775294590909
"brier",5,0,32,0.97,0.0546697698590909
"brier",5,0,32,0.98,0.0409054599181818
"brier",5,0,32,0.99,0.0215720752681818
"brier",5,0,32,0.995,0.0120310612090909
"brier",5,0,33,0.9,0.157512421313636
"brier",5,0,33,0.91,0.142999146590909
"brier",5,0,33,0.92,0.129238354281818
"brier",5,0,33,0.93,0.119276265045455
"brier",5,0,33,0.94,0.104969310390909
"brier",5,0,33,0.95,0.0903946355727273
"brier",5,0,33,0.96,0.0783757072818182
"brier",5,0,33,0.97,0.0598023170818182
"brier",5,0,33,0.98,0.0413355281318182
"brier",5,0,33,0.99,0.0278448114318182
"brier",5,0,33,0.995,0.0180106307590909
"brier",5,0,34,0.9,0.144436115636364
"brier",5,0,34,0.91,0.128063363559091
"brier",5,0,34,0.92,0.113147702777273
"brier",5,0,34,0.93,0.100697858054545
"brier",5,0,34,0.94,0.0858190999272727
"brier",5,0,34,0.95,0.0693977691954545
"brier",5,0,34,0.96,0.0518449546545455
"brier",5,0,34,0.97,0.0367169719045455
"brier",5,0,34,0.98,0.0221449523136364
"brier",5,0,34,0.99,0.0126559815818182
"brier",5,0,34,0.995,0.00604797420909091
"brier",5,0,35,0.9,0.132382099268182
"brier",5,0,35,0.91,0.122196516268182
"brier",5,0,35,0.92,0.111257158854545
"brier",5,0,35,0.93,0.101365791095455
"brier",5,0,35,0.94,0.0879148246681818
"brier",5,0,35,0.95,0.0761315017409091
"brier",5,0,35,0.96,0.0651657312590909
"brier",5,0,35,0.97,0.0507025136136364
"brier",5,0,35,0.98,0.0380203318727273
"brier",5,0,35,0.99,0.0184842453454545
"brier",5,0,35,0.995,0.00770394028181818
"brier",5,0,36,0.9,0.161848395218182
"brier",5,0,36,0.91,0.147288714631818
"brier",5,0,36,0.92,0.136913718227273
"brier",5,0,36,0.93,0.124852312554545
"brier",5,0,36,0.94,0.110988883768182
"brier",5,0,36,0.95,0.0974721080818182
"brier",5,0,36,0.96,0.0808085397181818
"brier",5,0,36,0.97,0.0594082449863636
"brier",5,0,36,0.98,0.0404992223045455
"brier",5,0,36,0.99,0.0223264445136364
"brier",5,0,36,0.995,0.0123317922318182
"brier",5,0,37,0.9,0.144722301554545
"brier",5,0,37,0.91,0.133908877968182
"brier",5,0,37,0.92,0.121928897068182
"brier",5,0,37,0.93,0.1032061755
"brier",5,0,37,0.94,0.0877726314363636
"brier",5,0,37,0.95,0.0699524331045455
"brier",5,0,37,0.96,0.0581755073409091
"brier",5,0,37,0.97,0.0441825168727273
"brier",5,0,37,0.98,0.0304008688045455
"brier",5,0,37,0.99,0.0193840645590909
"brier",5,0,37,0.995,0.0108908086954545
"brier",5,0,38,0.9,0.207196400718182
"brier",5,0,38,0.91,0.190673659172727
"brier",5,0,38,0.92,0.1697988448
"brier",5,0,38,0.93,0.150474734531818
"brier",5,0,38,0.94,0.128478913931818
"brier",5,0,38,0.95,0.102266032818182
"brier",5,0,38,0.96,0.0697987882
"brier",5,0,38,0.97,0.0493701681636364
"brier",5,0,38,0.98,0.0330240918727273
"brier",5,0,38,0.99,0.0136253160545455
"brier",5,0,38,0.995,0.00564305015
"brier",5,0,39,0.9,0.164200106845455
"brier",5,0,39,0.91,0.148769873709091
"brier",5,0,39,0.92,0.131408362859091
"brier",5,0,39,0.93,0.112862898918182
"brier",5,0,39,0.94,0.0932961706727273
"brier",5,0,39,0.95,0.0765066996681818
"brier",5,0,39,0.96,0.0586140906590909
"brier",5,0,39,0.97,0.0403252883227273
"brier",5,0,39,0.98,0.0221251592681818
"brier",5,0,39,0.99,0.00692447840909091
"brier",5,0,39,0.995,0.0040912163
"brier",5,0,40,0.9,0.113838439404545
"brier",5,0,40,0.91,0.102464337427273
"brier",5,0,40,0.92,0.0908699043681818
"brier",5,0,40,0.93,0.0792310349090909
"brier",5,0,40,0.94,0.0653954362636364
"brier",5,0,40,0.95,0.0513023013181818
"brier",5,0,40,0.96,0.0398820611636364
"brier",5,0,40,0.97,0.0300158176454545
"brier",5,0,40,0.98,0.0197739041136364
"brier",5,0,40,0.99,0.0073515164
"brier",5,0,40,0.995,0.00349646381363636
"brier",5,0,41,0.9,0.150866110036364
"brier",5,0,41,0.91,0.139317398286364
"brier",5,0,41,0.92,0.127860146786364
"brier",5,0,41,0.93,0.113103094768182
"brier",5,0,41,0.94,0.0999777741909091
"brier",5,0,41,0.95,0.0880660268
"brier",5,0,41,0.96,0.0726570513227273
"brier",5,0,41,0.97,0.0555834908681818
"brier",5,0,41,0.98,0.0386467959181818
"brier",5,0,41,0.99,0.0177006573409091
"brier",5,0,41,0.995,0.00982835493636364
"brier",5,0,42,0.9,0.143428601213636
"brier",5,0,42,0.91,0.130470755886364
"brier",5,0,42,0.92,0.1172974569
"brier",5,0,42,0.93,0.101587026086364
"brier",5,0,42,0.94,0.0895319465136364
"brier",5,0,42,0.95,0.0751458855545455
"brier",5,0,42,0.96,0.05930332525
"brier",5,0,42,0.97,0.0449229856136364
"brier",5,0,42,0.98,0.0308651887454545
"brier",5,0,42,0.99,0.0158932532454545
"brier",5,0,42,0.995,0.00947854998181818
"brier",5,0,43,0.9,0.141684067063636
"brier",5,0,43,0.91,0.12863299815
"brier",5,0,43,0.92,0.111336811090909
"brier",5,0,43,0.93,0.0986681165818182
"brier",5,0,43,0.94,0.0857558565181818
"brier",5,0,43,0.95,0.0687267971272727
"brier",5,0,43,0.96,0.0558116883454545
"brier",5,0,43,0.97,0.0413261398409091
"brier",5,0,43,0.98,0.0260030404772727
"brier",5,0,43,0.99,0.0110061068636364
"brier",5,0,43,0.995,0.00608427564545455
"brier",5,0,44,0.9,0.141411348713636
"brier",5,0,44,0.91,0.1323973294
"brier",5,0,44,0.92,0.119367407868182
"brier",5,0,44,0.93,0.106010601527273
"brier",5,0,44,0.94,0.0962441671136364
"brier",5,0,44,0.95,0.0816401744227273
"brier",5,0,44,0.96,0.0678192261181818
"brier",5,0,44,0.97,0.0568999612045455
"brier",5,0,44,0.98,0.0382256875318182
"brier",5,0,44,0.99,0.0201459480272727
"brier",5,0,44,0.995,0.0102099093409091
"brier",5,0,45,0.9,0.154716239327273
"brier",5,0,45,0.91,0.141052629272727
"brier",5,0,45,0.92,0.123728566
"brier",5,0,45,0.93,0.105622989395455
"brier",5,0,45,0.94,0.0912132477590909
"brier",5,0,45,0.95,0.0764144143818182
"brier",5,0,45,0.96,0.0590671294318182
"brier",5,0,45,0.97,0.0464234195318182
"brier",5,0,45,0.98,0.0318529071818182
"brier",5,0,45,0.99,0.0154808054954545
"brier",5,0,45,0.995,0.00845820557272727
"brier",5,0,46,0.9,0.175056688540909
"brier",5,0,46,0.91,0.155422825254545
"brier",5,0,46,0.92,0.139325917763636
"brier",5,0,46,0.93,0.122171776131818
"brier",5,0,46,0.94,0.104274834977273
"brier",5,0,46,0.95,0.0808993636818182
"brier",5,0,46,0.96,0.0590524062863636
"brier",5,0,46,0.97,0.0424806429454545
"brier",5,0,46,0.98,0.0265876156636364
"brier",5,0,46,0.99,0.0106800015136364
"brier",5,0,46,0.995,0.00488837739545455
"brier",5,0,47,0.9,0.165292582718182
"brier",5,0,47,0.91,0.148682668836364
"brier",5,0,47,0.92,0.1300654938
"brier",5,0,47,0.93,0.115542688045455
"brier",5,0,47,0.94,0.0985830402090909
"brier",5,0,47,0.95,0.0801723378863636
"brier",5,0,47,0.96,0.0658495904227273
"brier",5,0,47,0.97,0.0485285343590909
"brier",5,0,47,0.98,0.0307879269818182
"brier",5,0,47,0.99,0.0156534141454545
"brier",5,0,47,0.995,0.00685709080454545
"brier",5,0,48,0.9,0.177951383718182
"brier",5,0,48,0.91,0.167202425204545
"brier",5,0,48,0.92,0.149833170968182
"brier",5,0,48,0.93,0.136266680177273
"brier",5,0,48,0.94,0.115576159468182
"brier",5,0,48,0.95,0.0984696107590909
"brier",5,0,48,0.96,0.0857703020681818
"brier",5,0,48,0.97,0.0706739385363636
"brier",5,0,48,0.98,0.0523537644772727
"brier",5,0,48,0.99,0.0347578684181818
"brier",5,0,48,0.995,0.0222675971545455
"brier",5,0,49,0.9,0.157663463786364
"brier",5,0,49,0.91,0.145299072204545
"brier",5,0,49,0.92,0.130052199627273
"brier",5,0,49,0.93,0.113066231218182
"brier",5,0,49,0.94,0.0989942097045454
"brier",5,0,49,0.95,0.0829528816772727
"brier",5,0,49,0.96,0.0659259395363636
"brier",5,0,49,0.97,0.0445506151045455
"brier",5,0,49,0.98,0.0236191738772727
"brier",5,0,49,0.99,0.00841681485909091
"brier",5,0,49,0.995,0.00413127283181818
"brier",5,0,50,0.9,0.142193038190909
"brier",5,0,50,0.91,0.129891680586364
"brier",5,0,50,0.92,0.112847218854545
"brier",5,0,50,0.93,0.0994294132590909
"brier",5,0,50,0.94,0.0866996023045455
"brier",5,0,50,0.95,0.0710075719590909
"brier",5,0,50,0.96,0.0574713164409091
"brier",5,0,50,0.97,0.0385993876409091
"brier",5,0,50,0.98,0.0246162794136364
"brier",5,0,50,0.99,0.0126846685181818
"brier",5,0,50,0.995,0.00775905269090909
"brier",1,15,1,0.9,0.142122220736364
"brier",1,15,1,0.91,0.129204272540909
"brier",1,15,1,0.92,0.115105469659091
"brier",1,15,1,0.93,0.103293139795455
"brier",1,15,1,0.94,0.0919130825818182
"brier",1,15,1,0.95,0.0791336389363636
"brier",1,15,1,0.96,0.0668756196136364
"brier",1,15,1,0.97,0.0582657080227273
"brier",1,15,1,0.98,0.0439462354590909
"brier",1,15,1,0.99,0.0253087894363636
"brier",1,15,1,0.995,0.0134728905318182
"brier",1,15,2,0.9,0.135362875790909
"brier",1,15,2,0.91,0.124153751622727
"brier",1,15,2,0.92,0.109955378259091
"brier",1,15,2,0.93,0.0992471105318182
"brier",1,15,2,0.94,0.0857629400181818
"brier",1,15,2,0.95,0.0736256732045455
"brier",1,15,2,0.96,0.0577152463545455
"brier",1,15,2,0.97,0.0426363936772727
"brier",1,15,2,0.98,0.0271726028
"brier",1,15,2,0.99,0.0110651466818182
"brier",1,15,2,0.995,0.00713076736363636
"brier",1,15,3,0.9,0.119890480709091
"brier",1,15,3,0.91,0.110820065309091
"brier",1,15,3,0.92,0.0978700425772727
"brier",1,15,3,0.93,0.0848863691409091
"brier",1,15,3,0.94,0.0737605115363636
"brier",1,15,3,0.95,0.0606631354681818
"brier",1,15,3,0.96,0.0467891788681818
"brier",1,15,3,0.97,0.0307596301590909
"brier",1,15,3,0.98,0.0213651098272727
"brier",1,15,3,0.99,0.0109097975636364
"brier",1,15,3,0.995,0.00500000214090909
"brier",1,15,4,0.9,0.163317381436364
"brier",1,15,4,0.91,0.151145916672727
"brier",1,15,4,0.92,0.135967245118182
"brier",1,15,4,0.93,0.124278779377273
"brier",1,15,4,0.94,0.110518655540909
"brier",1,15,4,0.95,0.0937654935590909
"brier",1,15,4,0.96,0.0831631264136364
"brier",1,15,4,0.97,0.0652627607772727
"brier",1,15,4,0.98,0.0455784200136364
"brier",1,15,4,0.99,0.0210283026409091
"brier",1,15,4,0.995,0.0126381272772727
"brier",1,15,5,0.9,0.183296655336364
"brier",1,15,5,0.91,0.165956787690909
"brier",1,15,5,0.92,0.150822138290909
"brier",1,15,5,0.93,0.136659036245455
"brier",1,15,5,0.94,0.11936458055
"brier",1,15,5,0.95,0.104190438613636
"brier",1,15,5,0.96,0.0870085957363636
"brier",1,15,5,0.97,0.06796875885
"brier",1,15,5,0.98,0.0479514974909091
"brier",1,15,5,0.99,0.0276987726681818
"brier",1,15,5,0.995,0.0122553037818182
"brier",1,15,6,0.9,0.177711055654545
"brier",1,15,6,0.91,0.162739369468182
"brier",1,15,6,0.92,0.145418740195455
"brier",1,15,6,0.93,0.1292776404
"brier",1,15,6,0.94,0.110668115659091
"brier",1,15,6,0.95,0.0944454961863636
"brier",1,15,6,0.96,0.0779214140954545
"brier",1,15,6,0.97,0.0596689138772727
"brier",1,15,6,0.98,0.0428233376818182
"brier",1,15,6,0.99,0.02948865125
"brier",1,15,6,0.995,0.0216090595727273
"brier",1,15,7,0.9,0.151677434922727
"brier",1,15,7,0.91,0.143298623045455
"brier",1,15,7,0.92,0.132058013245455
"brier",1,15,7,0.93,0.119203502931818
"brier",1,15,7,0.94,0.107981539763636
"brier",1,15,7,0.95,0.0926352285272727
"brier",1,15,7,0.96,0.0722123705727273
"brier",1,15,7,0.97,0.0571209313136364
"brier",1,15,7,0.98,0.0343114667181818
"brier",1,15,7,0.99,0.0153709337363636
"brier",1,15,7,0.995,0.00791833878181818
"brier",1,15,8,0.9,0.158787053145455
"brier",1,15,8,0.91,0.142263935954545
"brier",1,15,8,0.92,0.126385339895455
"brier",1,15,8,0.93,0.114333726040909
"brier",1,15,8,0.94,0.0999923906227273
"brier",1,15,8,0.95,0.0858682958318182
"brier",1,15,8,0.96,0.0700858435409091
"brier",1,15,8,0.97,0.0571872348272727
"brier",1,15,8,0.98,0.0413746724272727
"brier",1,15,8,0.99,0.0199829934045455
"brier",1,15,8,0.995,0.00654420683636364
"brier",1,15,9,0.9,0.162765988327273
"brier",1,15,9,0.91,0.147807581063636
"brier",1,15,9,0.92,0.133754045072727
"brier",1,15,9,0.93,0.117860610272727
"brier",1,15,9,0.94,0.103659838836364
"brier",1,15,9,0.95,0.08718252915
"brier",1,15,9,0.96,0.0697835936136364
"brier",1,15,9,0.97,0.0528453294045455
"brier",1,15,9,0.98,0.0350465269545455
"brier",1,15,9,0.99,0.0167087768363636
"brier",1,15,9,0.995,0.00720757440454545
"brier",1,15,10,0.9,0.166797973863636
"brier",1,15,10,0.91,0.151855808459091
"brier",1,15,10,0.92,0.135710180513636
"brier",1,15,10,0.93,0.119998360681818
"brier",1,15,10,0.94,0.103176085986364
"brier",1,15,10,0.95,0.0864636958863636
"brier",1,15,10,0.96,0.0688833790454546
"brier",1,15,10,0.97,0.0520799824090909
"brier",1,15,10,0.98,0.0346380177545455
"brier",1,15,10,0.99,0.0191181826227273
"brier",1,15,10,0.995,0.00913987766363636
"brier",1,15,11,0.9,0.159450257345455
"brier",1,15,11,0.91,0.145135615359091
"brier",1,15,11,0.92,0.130806913540909
"brier",1,15,11,0.93,0.115106048859091
"brier",1,15,11,0.94,0.10094232625
"brier",1,15,11,0.95,0.0845489120590909
"brier",1,15,11,0.96,0.0676688983409091
"brier",1,15,11,0.97,0.0468524822136364
"brier",1,15,11,0.98,0.0325063450681818
"brier",1,15,11,0.99,0.0166398933590909
"brier",1,15,11,0.995,0.0101084438909091
"brier",1,15,12,0.9,0.143239427209091
"brier",1,15,12,0.91,0.1324662691
"brier",1,15,12,0.92,0.118670980713636
"brier",1,15,12,0.93,0.107297864622727
"brier",1,15,12,0.94,0.0946279036727273
"brier",1,15,12,0.95,0.0823870854227273
"brier",1,15,12,0.96,0.0689119694227273
"brier",1,15,12,0.97,0.0514412351545455
"brier",1,15,12,0.98,0.0367396505909091
"brier",1,15,12,0.99,0.0257011632636364
"brier",1,15,12,0.995,0.0145076868863636
"brier",1,15,13,0.9,0.179018088227273
"brier",1,15,13,0.91,0.165962895759091
"brier",1,15,13,0.92,0.146558552090909
"brier",1,15,13,0.93,0.131464833472727
"brier",1,15,13,0.94,0.112352582281818
"brier",1,15,13,0.95,0.0925108074954546
"brier",1,15,13,0.96,0.0731440963727273
"brier",1,15,13,0.97,0.0518460495545455
"brier",1,15,13,0.98,0.0317649182272727
"brier",1,15,13,0.99,0.0154178385090909
"brier",1,15,13,0.995,0.00806986835
"brier",1,15,14,0.9,0.165542990890909
"brier",1,15,14,0.91,0.15135842315
"brier",1,15,14,0.92,0.140682370422727
"brier",1,15,14,0.93,0.129667864940909
"brier",1,15,14,0.94,0.115550695140909
"brier",1,15,14,0.95,0.101335886831818
"brier",1,15,14,0.96,0.0888920098409091
"brier",1,15,14,0.97,0.0740749627090909
"brier",1,15,14,0.98,0.0506459937681818
"brier",1,15,14,0.99,0.0282673801090909
"brier",1,15,14,0.995,0.0139702352045455
"brier",1,15,15,0.9,0.154674736095455
"brier",1,15,15,0.91,0.139162477345455
"brier",1,15,15,0.92,0.120811056722727
"brier",1,15,15,0.93,0.105591261463636
"brier",1,15,15,0.94,0.0894974935590909
"brier",1,15,15,0.95,0.0752757515545455
"brier",1,15,15,0.96,0.0578173050909091
"brier",1,15,15,0.97,0.0429526757227273
"brier",1,15,15,0.98,0.0294187199727273
"brier",1,15,15,0.99,0.0145782367181818
"brier",1,15,15,0.995,0.00539403175909091
"brier",1,15,16,0.9,0.114883231609091
"brier",1,15,16,0.91,0.105246161231818
"brier",1,15,16,0.92,0.0935631315227273
"brier",1,15,16,0.93,0.0815468526363636
"brier",1,15,16,0.94,0.0687783091227273
"brier",1,15,16,0.95,0.0568300298181818
"brier",1,15,16,0.96,0.0457717052090909
"brier",1,15,16,0.97,0.0374311026272727
"brier",1,15,16,0.98,0.0276777309136364
"brier",1,15,16,0.99,0.0175484159772727
"brier",1,15,16,0.995,0.00919311968636364
"brier",1,15,17,0.9,0.1568257882
"brier",1,15,17,0.91,0.145020367159091
"brier",1,15,17,0.92,0.130711865531818
"brier",1,15,17,0.93,0.116132770163636
"brier",1,15,17,0.94,0.0985025341363636
"brier",1,15,17,0.95,0.0827199214090909
"brier",1,15,17,0.96,0.0669827256136364
"brier",1,15,17,0.97,0.0497925218227273
"brier",1,15,17,0.98,0.0322977452909091
"brier",1,15,17,0.99,0.0175574495409091
"brier",1,15,17,0.995,0.00805580821363636
"brier",1,15,18,0.9,0.149731235904545
"brier",1,15,18,0.91,0.13916572035
"brier",1,15,18,0.92,0.1239956062
"brier",1,15,18,0.93,0.107903571113636
"brier",1,15,18,0.94,0.0887408717181818
"brier",1,15,18,0.95,0.0685557450272727
"brier",1,15,18,0.96,0.0488660252227273
"brier",1,15,18,0.97,0.0350539398954545
"brier",1,15,18,0.98,0.0211742506818182
"brier",1,15,18,0.99,0.0100002605181818
"brier",1,15,18,0.995,0.005
"brier",1,15,19,0.9,0.116735338854545
"brier",1,15,19,0.91,0.108351892268182
"brier",1,15,19,0.92,0.0971390636227273
"brier",1,15,19,0.93,0.0867497846772727
"brier",1,15,19,0.94,0.0746983022863636
"brier",1,15,19,0.95,0.0639412526181818
"brier",1,15,19,0.96,0.0516146381954545
"brier",1,15,19,0.97,0.04064207505
"brier",1,15,19,0.98,0.02633740115
"brier",1,15,19,0.99,0.0109893801681818
"brier",1,15,19,0.995,0.00454582220909091
"brier",1,15,20,0.9,0.139640697477273
"brier",1,15,20,0.91,0.127624185413636
"brier",1,15,20,0.92,0.112794490713636
"brier",1,15,20,0.93,0.0993923837681818
"brier",1,15,20,0.94,0.0890557686227273
"brier",1,15,20,0.95,0.07874615275
"brier",1,15,20,0.96,0.0664970950045455
"brier",1,15,20,0.97,0.0510917116909091
"brier",1,15,20,0.98,0.0346377262045455
"brier",1,15,20,0.99,0.0190177139181818
"brier",1,15,20,0.995,0.00902113254545455
"brier",1,15,21,0.9,0.152305632172727
"brier",1,15,21,0.91,0.136715270468182
"brier",1,15,21,0.92,0.120029557695455
"brier",1,15,21,0.93,0.104582408627273
"brier",1,15,21,0.94,0.0906693863409091
"brier",1,15,21,0.95,0.0780985608045455
"brier",1,15,21,0.96,0.0633339767863636
"brier",1,15,21,0.97,0.0489625385909091
"brier",1,15,21,0.98,0.0348786655136364
"brier",1,15,21,0.99,0.0205468152772727
"brier",1,15,21,0.995,0.0151018105636364
"brier",1,15,22,0.9,0.121002044309091
"brier",1,15,22,0.91,0.110916816663636
"brier",1,15,22,0.92,0.0987896350181818
"brier",1,15,22,0.93,0.0869018484409091
"brier",1,15,22,0.94,0.0730729990454545
"brier",1,15,22,0.95,0.0607273839954545
"brier",1,15,22,0.96,0.0505924594
"brier",1,15,22,0.97,0.0405335298681818
"brier",1,15,22,0.98,0.0249511594772727
"brier",1,15,22,0.99,0.00962052169545455
"brier",1,15,22,0.995,0.00590909090909091
"brier",1,15,23,0.9,0.140860308
"brier",1,15,23,0.91,0.133412599418182
"brier",1,15,23,0.92,0.123127263254545
"brier",1,15,23,0.93,0.111184591522727
"brier",1,15,23,0.94,0.09927073835
"brier",1,15,23,0.95,0.0838081967045455
"brier",1,15,23,0.96,0.0709993641454545
"brier",1,15,23,0.97,0.0546748573590909
"brier",1,15,23,0.98,0.0347345357772727
"brier",1,15,23,0.99,0.0137558444909091
"brier",1,15,23,0.995,0.00623199005909091
"brier",1,15,24,0.9,0.132638343690909
"brier",1,15,24,0.91,0.119748063104545
"brier",1,15,24,0.92,0.109751430413636
"brier",1,15,24,0.93,0.0977787076
"brier",1,15,24,0.94,0.0856836553909091
"brier",1,15,24,0.95,0.0723650803454546
"brier",1,15,24,0.96,0.060950027
"brier",1,15,24,0.97,0.0486142384818182
"brier",1,15,24,0.98,0.0329789961454545
"brier",1,15,24,0.99,0.0143545875136364
"brier",1,15,24,0.995,0.00547970092727273
"brier",1,15,25,0.9,0.141120750572727
"brier",1,15,25,0.91,0.129236751413636
"brier",1,15,25,0.92,0.115673992609091
"brier",1,15,25,0.93,0.102872443159091
"brier",1,15,25,0.94,0.0844498953363636
"brier",1,15,25,0.95,0.0676576237090909
"brier",1,15,25,0.96,0.0484221146863636
"brier",1,15,25,0.97,0.0337998956136364
"brier",1,15,25,0.98,0.0204960489318182
"brier",1,15,25,0.99,0.00889468913181818
"brier",1,15,25,0.995,0.00365046958181818
"brier",1,15,26,0.9,0.111969459304545
"brier",1,15,26,0.91,0.100924633818182
"brier",1,15,26,0.92,0.0916459905454545
"brier",1,15,26,0.93,0.0820443235454545
"brier",1,15,26,0.94,0.0724126005136364
"brier",1,15,26,0.95,0.0610476810818182
"brier",1,15,26,0.96,0.0503504429227273
"brier",1,15,26,0.97,0.0393682082909091
"brier",1,15,26,0.98,0.0271860535409091
"brier",1,15,26,0.99,0.0130835099363636
"brier",1,15,26,0.995,0.00475498515454545
"brier",1,15,27,0.9,0.145541703772727
"brier",1,15,27,0.91,0.130875982527273
"brier",1,15,27,0.92,0.115145408290909
"brier",1,15,27,0.93,0.101955230563636
"brier",1,15,27,0.94,0.0869340520090909
"brier",1,15,27,0.95,0.0705084175318182
"brier",1,15,27,0.96,0.0533102199454545
"brier",1,15,27,0.97,0.0388350012318182
"brier",1,15,27,0.98,0.0268056873
"brier",1,15,27,0.99,0.0120316056454545
"brier",1,15,27,0.995,0.00454546375454545
"brier",1,15,28,0.9,0.139075677422727
"brier",1,15,28,0.91,0.126920497309091
"brier",1,15,28,0.92,0.114186030436364
"brier",1,15,28,0.93,0.102704089627273
"brier",1,15,28,0.94,0.0880464737818182
"brier",1,15,28,0.95,0.0722348391909091
"brier",1,15,28,0.96,0.0582690158545455
"brier",1,15,28,0.97,0.0473373577181818
"brier",1,15,28,0.98,0.0365204812181818
"brier",1,15,28,0.99,0.0189829833090909
"brier",1,15,28,0.995,0.00500741541818182
"brier",1,15,29,0.9,0.132279234718182
"brier",1,15,29,0.91,0.116948126081818
"brier",1,15,29,0.92,0.102804405459091
"brier",1,15,29,0.93,0.0893839077181818
"brier",1,15,29,0.94,0.0756559201272727
"brier",1,15,29,0.95,0.0624998358772727
"brier",1,15,29,0.96,0.0479398626318182
"brier",1,15,29,0.97,0.0373809797181818
"brier",1,15,29,0.98,0.0279388089636364
"brier",1,15,29,0.99,0.0164001903727273
"brier",1,15,29,0.995,0.00900606325
"brier",1,15,30,0.9,0.136852371681818
"brier",1,15,30,0.91,0.125349460009091
"brier",1,15,30,0.92,0.113415024554545
"brier",1,15,30,0.93,0.101092840645455
"brier",1,15,30,0.94,0.0862079886136364
"brier",1,15,30,0.95,0.0731240333772727
"brier",1,15,30,0.96,0.0609974920681818
"brier",1,15,30,0.97,0.0472238777
"brier",1,15,30,0.98,0.0359349567590909
"brier",1,15,30,0.99,0.0205806656681818
"brier",1,15,30,0.995,0.0135674533954545
"brier",1,15,31,0.9,0.149574777877273
"brier",1,15,31,0.91,0.13824619425
"brier",1,15,31,0.92,0.127599103913636
"brier",1,15,31,0.93,0.116295932463636
"brier",1,15,31,0.94,0.102337706045455
"brier",1,15,31,0.95,0.0891406926136364
"brier",1,15,31,0.96,0.0724376163136364
"brier",1,15,31,0.97,0.0574289843909091
"brier",1,15,31,0.98,0.0399266960045455
"brier",1,15,31,0.99,0.0203159519090909
"brier",1,15,31,0.995,0.0125804531318182
"brier",1,15,32,0.9,0.144755037504545
"brier",1,15,32,0.91,0.1333373992
"brier",1,15,32,0.92,0.123532527727273
"brier",1,15,32,0.93,0.112003770509091
"brier",1,15,32,0.94,0.100675316881818
"brier",1,15,32,0.95,0.0834518227590909
"brier",1,15,32,0.96,0.0707807253409091
"brier",1,15,32,0.97,0.0576495771454545
"brier",1,15,32,0.98,0.0433442289136364
"brier",1,15,32,0.99,0.02258129425
"brier",1,15,32,0.995,0.0118941830181818
"brier",1,15,33,0.9,0.159201332395455
"brier",1,15,33,0.91,0.1446516974
"brier",1,15,33,0.92,0.130867273468182
"brier",1,15,33,0.93,0.120825559322727
"brier",1,15,33,0.94,0.1065482086
"brier",1,15,33,0.95,0.0919562303954545
"brier",1,15,33,0.96,0.0795632171
"brier",1,15,33,0.97,0.06112193445
"brier",1,15,33,0.98,0.0424776395590909
"brier",1,15,33,0.99,0.0286857481318182
"brier",1,15,33,0.995,0.0184514553318182
"brier",1,15,34,0.9,0.145827960159091
"brier",1,15,34,0.91,0.129296649204545
"brier",1,15,34,0.92,0.114190972540909
"brier",1,15,34,0.93,0.10139019285
"brier",1,15,34,0.94,0.0862129417772727
"brier",1,15,34,0.95,0.0691865214454545
"brier",1,15,34,0.96,0.0510374837954545
"brier",1,15,34,0.97,0.0358211608318182
"brier",1,15,34,0.98,0.0214291632090909
"brier",1,15,34,0.99,0.0121512185545455
"brier",1,15,34,0.995,0.00568059215454545
"brier",1,15,35,0.9,0.132515435540909
"brier",1,15,35,0.91,0.122034962881818
"brier",1,15,35,0.92,0.111063199263636
"brier",1,15,35,0.93,0.101191341540909
"brier",1,15,35,0.94,0.0877679646681818
"brier",1,15,35,0.95,0.0763681726863636
"brier",1,15,35,0.96,0.0656163647863636
"brier",1,15,35,0.97,0.0513477739181818
"brier",1,15,35,0.98,0.0384267843909091
"brier",1,15,35,0.99,0.0182891236590909
"brier",1,15,35,0.995,0.00727153806818182
"brier",1,15,36,0.9,0.1629907278
"brier",1,15,36,0.91,0.148551499486364
"brier",1,15,36,0.92,0.138153203968182
"brier",1,15,36,0.93,0.126195981990909
"brier",1,15,36,0.94,0.112252859645455
"brier",1,15,36,0.95,0.0986811615409091
"brier",1,15,36,0.96,0.0819071355454545
"brier",1,15,36,0.97,0.0600522568363636
"brier",1,15,36,0.98,0.0408121607227273
"brier",1,15,36,0.99,0.0218860735045455
"brier",1,15,36,0.995,0.0110504603136364
"brier",1,15,37,0.9,0.148536322872727
"brier",1,15,37,0.91,0.1377376559
"brier",1,15,37,0.92,0.125561589036364
"brier",1,15,37,0.93,0.106654504872727
"brier",1,15,37,0.94,0.0908267532090909
"brier",1,15,37,0.95,0.0726324695954546
"brier",1,15,37,0.96,0.0602044501136364
"brier",1,15,37,0.97,0.0457251500227273
"brier",1,15,37,0.98,0.0315863021681818
"brier",1,15,37,0.99,0.0204949988909091
"brier",1,15,37,0.995,0.01190927065
"brier",1,15,38,0.9,0.205079530759091
"brier",1,15,38,0.91,0.190001930286364
"brier",1,15,38,0.92,0.170600174831818
"brier",1,15,38,0.93,0.151862529677273
"brier",1,15,38,0.94,0.130106755695455
"brier",1,15,38,0.95,0.103602023318182
"brier",1,15,38,0.96,0.0706143621863636
"brier",1,15,38,0.97,0.0496196910454545
"brier",1,15,38,0.98,0.0335079880636364
"brier",1,15,38,0.99,0.0131893633954545
"brier",1,15,38,0.995,0.00514264926363636
"brier",1,15,39,0.9,0.164025481504545
"brier",1,15,39,0.91,0.148655092822727
"brier",1,15,39,0.92,0.1314209445
"brier",1,15,39,0.93,0.112939057409091
"brier",1,15,39,0.94,0.0935893781727273
"brier",1,15,39,0.95,0.0770024228227273
"brier",1,15,39,0.96,0.0592209061545455
"brier",1,15,39,0.97,0.0408165522227273
"brier",1,15,39,0.98,0.0217610227909091
"brier",1,15,39,0.99,0.00683251516818182
"brier",1,15,39,0.995,0.00409090909090909
"brier",1,15,40,0.9,0.116303363781818
"brier",1,15,40,0.91,0.1049262914
"brier",1,15,40,0.92,0.09323864785
"brier",1,15,40,0.93,0.08125979785
"brier",1,15,40,0.94,0.0668986809954545
"brier",1,15,40,0.95,0.0522189104545455
"brier",1,15,40,0.96,0.0403029289727273
"brier",1,15,40,0.97,0.0302025781954545
"brier",1,15,40,0.98,0.0202128187454545
"brier",1,15,40,0.99,0.00822854781818182
"brier",1,15,40,0.995,0.00385538209545455
"brier",1,15,41,0.9,0.149814998109091
"brier",1,15,41,0.91,0.138293685913636
"brier",1,15,41,0.92,0.12693461445
"brier",1,15,41,0.93,0.112641470004545
"brier",1,15,41,0.94,0.0999741633863636
"brier",1,15,41,0.95,0.0885284112772727
"brier",1,15,41,0.96,0.0736647040272727
"brier",1,15,41,0.97,0.0565384871954545
"brier",1,15,41,0.98,0.0392329067636364
"brier",1,15,41,0.99,0.0181820304181818
"brier",1,15,41,0.995,0.0103346753681818
"brier",1,15,42,0.9,0.143935555627273
"brier",1,15,42,0.91,0.131376184145455
"brier",1,15,42,0.92,0.118387308490909
"brier",1,15,42,0.93,0.102728243136364
"brier",1,15,42,0.94,0.0907950741318182
"brier",1,15,42,0.95,0.0764834448636364
"brier",1,15,42,0.96,0.0604850416363636
"brier",1,15,42,0.97,0.0459526696
"brier",1,15,42,0.98,0.0318918109454545
"brier",1,15,42,0.99,0.0169657491636364
"brier",1,15,42,0.995,0.00987589401363636
"brier",1,15,43,0.9,0.141413222704545
"brier",1,15,43,0.91,0.128164786363636
"brier",1,15,43,0.92,0.1113440108
"brier",1,15,43,0.93,0.09836668745
"brier",1,15,43,0.94,0.0851133101136364
"brier",1,15,43,0.95,0.0680026009818182
"brier",1,15,43,0.96,0.05532769725
"brier",1,15,43,0.97,0.0410341129909091
"brier",1,15,43,0.98,0.0257068859090909
"brier",1,15,43,0.99,0.0106476539454545
"brier",1,15,43,0.995,0.00590451016818182
"brier",1,15,44,0.9,0.139771259809091
"brier",1,15,44,0.91,0.131273303718182
"brier",1,15,44,0.92,0.118296767881818
"brier",1,15,44,0.93,0.105140357086364
"brier",1,15,44,0.94,0.0956664390772727
"brier",1,15,44,0.95,0.0814191359045455
"brier",1,15,44,0.96,0.0682230430363636
"brier",1,15,44,0.97,0.0583076023727273
"brier",1,15,44,0.98,0.0400258049318182
"brier",1,15,44,0.99,0.0208048075318182
"brier",1,15,44,0.995,0.0102973065454545
"brier",1,15,45,0.9,0.153135407159091
"brier",1,15,45,0.91,0.139770206904545
"brier",1,15,45,0.92,0.122547039304545
"brier",1,15,45,0.93,0.104454012218182
"brier",1,15,45,0.94,0.0900645257090909
"brier",1,15,45,0.95,0.0754130334681818
"brier",1,15,45,0.96,0.0585076917727273
"brier",1,15,45,0.97,0.0462030054954545
"brier",1,15,45,0.98,0.0320766489045455
"brier",1,15,45,0.99,0.01540748055
"brier",1,15,45,0.995,0.00852875426818182
"brier",1,15,46,0.9,0.171857180713636
"brier",1,15,46,0.91,0.15343940235
"brier",1,15,46,0.92,0.138317354081818
"brier",1,15,46,0.93,0.121855323968182
"brier",1,15,46,0.94,0.104080682254545
"brier",1,15,46,0.95,0.0808085774681818
"brier",1,15,46,0.96,0.0591404465863636
"brier",1,15,46,0.97,0.0430741993363636
"brier",1,15,46,0.98,0.02773756225
"brier",1,15,46,0.99,0.0106292057590909
"brier",1,15,46,0.995,0.00482772971363636
"brier",1,15,47,0.9,0.1629285097
"brier",1,15,47,0.91,0.146982686963636
"brier",1,15,47,0.92,0.128747560345455
"brier",1,15,47,0.93,0.114339170345455
"brier",1,15,47,0.94,0.0974517216954545
"brier",1,15,47,0.95,0.0791206378909091
"brier",1,15,47,0.96,0.0651208059454546
"brier",1,15,47,0.97,0.0484845900818182
"brier",1,15,47,0.98,0.0313849814863636
"brier",1,15,47,0.99,0.0158975374636364
"brier",1,15,47,0.995,0.00697367337727273
"brier",1,15,48,0.9,0.180528136213636
"brier",1,15,48,0.91,0.170124988122727
"brier",1,15,48,0.92,0.152702989131818
"brier",1,15,48,0.93,0.138940518554545
"brier",1,15,48,0.94,0.117655887445455
"brier",1,15,48,0.95,0.100144288454545
"brier",1,15,48,0.96,0.0870809483727273
"brier",1,15,48,0.97,0.0719078278681818
"brier",1,15,48,0.98,0.0537084084136364
"brier",1,15,48,0.99,0.0359912715090909
"brier",1,15,48,0.995,0.0227890761090909
"brier",1,15,49,0.9,0.157232597272727
"brier",1,15,49,0.91,0.145295136113636
"brier",1,15,49,0.92,0.130400038659091
"brier",1,15,49,0.93,0.113802279263636
"brier",1,15,49,0.94,0.100167901895455
"brier",1,15,49,0.95,0.0844756239181818
"brier",1,15,49,0.96,0.0675628295272727
"brier",1,15,49,0.97,0.0458145259090909
"brier",1,15,49,0.98,0.0234155506909091
"brier",1,15,49,0.99,0.00817102318636364
"brier",1,15,49,0.995,0.00409780627272727
"brier",1,15,50,0.9,0.141570260263636
"brier",1,15,50,0.91,0.129368483086364
"brier",1,15,50,0.92,0.112424033377273
"brier",1,15,50,0.93,0.0991636874409091
"brier",1,15,50,0.94,0.0864400267909091
"brier",1,15,50,0.95,0.0708368985
"brier",1,15,50,0.96,0.0573450123681818
"brier",1,15,50,0.97,0.0386659172272727
"brier",1,15,50,0.98,0.0250739709772727
"brier",1,15,50,0.99,0.0134462215772727
"brier",1,15,50,0.995,0.00867928921818182
"brier",2,15,1,0.9,0.139732717031818
"brier",2,15,1,0.91,0.127034228418182
"brier",2,15,1,0.92,0.112973116072727
"brier",2,15,1,0.93,0.101099291868182
"brier",2,15,1,0.94,0.0899238834363636
"brier",2,15,1,0.95,0.0773606424227273
"brier",2,15,1,0.96,0.0651193832545455
"brier",2,15,1,0.97,0.0564670156090909
"brier",2,15,1,0.98,0.0421355013227273
"brier",2,15,1,0.99,0.0238910511272727
"brier",2,15,1,0.995,0.0126013757590909
"brier",2,15,2,0.9,0.132536777309091
"brier",2,15,2,0.91,0.121629935240909
"brier",2,15,2,0.92,0.107731030954545
"brier",2,15,2,0.93,0.0970199622636364
"brier",2,15,2,0.94,0.0837432966727273
"brier",2,15,2,0.95,0.0719209162818182
"brier",2,15,2,0.96,0.0561546317954545
"brier",2,15,2,0.97,0.0413213536590909
"brier",2,15,2,0.98,0.0262202850318182
"brier",2,15,2,0.99,0.0107418252181818
"brier",2,15,2,0.995,0.00722116547727273
"brier",2,15,3,0.9,0.116662368936364
"brier",2,15,3,0.91,0.1076750892
"brier",2,15,3,0.92,0.0948657419818182
"brier",2,15,3,0.93,0.0821520758454545
"brier",2,15,3,0.94,0.0711950732227273
"brier",2,15,3,0.95,0.0587584609272727
"brier",2,15,3,0.96,0.0452083389045455
"brier",2,15,3,0.97,0.0300639774590909
"brier",2,15,3,0.98,0.0213972553818182
"brier",2,15,3,0.99,0.0109122701318182
"brier",2,15,3,0.995,0.00500010786818182
"brier",2,15,4,0.9,0.161248350709091
"brier",2,15,4,0.91,0.149314755168182
"brier",2,15,4,0.92,0.134132730618182
"brier",2,15,4,0.93,0.122265626790909
"brier",2,15,4,0.94,0.109014478522727
"brier",2,15,4,0.95,0.09263548695
"brier",2,15,4,0.96,0.0822089912136364
"brier",2,15,4,0.97,0.0646699782545455
"brier",2,15,4,0.98,0.0454066215409091
"brier",2,15,4,0.99,0.0203562154681818
"brier",2,15,4,0.995,0.0121902538681818
"brier",2,15,5,0.9,0.180016141481818
"brier",2,15,5,0.91,0.162708412263636
"brier",2,15,5,0.92,0.147649495063636
"brier",2,15,5,0.93,0.133693017290909
"brier",2,15,5,0.94,0.116666623290909
"brier",2,15,5,0.95,0.101923090277273
"brier",2,15,5,0.96,0.0853056621136364
"brier",2,15,5,0.97,0.0669793258727273
"brier",2,15,5,0.98,0.0475972958590909
"brier",2,15,5,0.99,0.0274565210590909
"brier",2,15,5,0.995,0.0114336946227273
"brier",2,15,6,0.9,0.174257372613636
"brier",2,15,6,0.91,0.159567186327273
"brier",2,15,6,0.92,0.142642414813636
"brier",2,15,6,0.93,0.126946423981818
"brier",2,15,6,0.94,0.108383043286364
"brier",2,15,6,0.95,0.0922802819590909
"brier",2,15,6,0.96,0.0760203545181818
"brier",2,15,6,0.97,0.0581064451545455
"brier",2,15,6,0.98,0.041705517
"brier",2,15,6,0.99,0.0283040680272727
"brier",2,15,6,0.995,0.0195948899954545
"brier",2,15,7,0.9,0.152923011122727
"brier",2,15,7,0.91,0.144167429868182
"brier",2,15,7,0.92,0.132503361213636
"brier",2,15,7,0.93,0.1192621453
"brier",2,15,7,0.94,0.107595567972727
"brier",2,15,7,0.95,0.0917800613
"brier",2,15,7,0.96,0.0707812343636364
"brier",2,15,7,0.97,0.05542467655
"brier",2,15,7,0.98,0.0333844828772727
"brier",2,15,7,0.99,0.0146289430181818
"brier",2,15,7,0.995,0.00757303548636364
"brier",2,15,8,0.9,0.156015650318182
"brier",2,15,8,0.91,0.139503778372727
"brier",2,15,8,0.92,0.123628111772727
"brier",2,15,8,0.93,0.111166368186364
"brier",2,15,8,0.94,0.0964329825772727
"brier",2,15,8,0.95,0.0821829736
"brier",2,15,8,0.96,0.0666342235590909
"brier",2,15,8,0.97,0.0547226175090909
"brier",2,15,8,0.98,0.0392883385863636
"brier",2,15,8,0.99,0.0182266978409091
"brier",2,15,8,0.995,0.00675893885
"brier",2,15,9,0.9,0.159004195613636
"brier",2,15,9,0.91,0.144034270045455
"brier",2,15,9,0.92,0.130136742968182
"brier",2,15,9,0.93,0.114464830804545
"brier",2,15,9,0.94,0.100559650409091
"brier",2,15,9,0.95,0.0844742511136364
"brier",2,15,9,0.96,0.0677123252772727
"brier",2,15,9,0.97,0.0513836358
"brier",2,15,9,0.98,0.0341077048
"brier",2,15,9,0.99,0.0158057784
"brier",2,15,9,0.995,0.00657812897727273
"brier",2,15,10,0.9,0.16480632545
"brier",2,15,10,0.91,0.14978469435
"brier",2,15,10,0.92,0.133723794931818
"brier",2,15,10,0.93,0.118183879718182
"brier",2,15,10,0.94,0.1015723686
"brier",2,15,10,0.95,0.0849567838545455
"brier",2,15,10,0.96,0.0676711521090909
"brier",2,15,10,0.97,0.0509456897954545
"brier",2,15,10,0.98,0.0341358130272727
"brier",2,15,10,0.99,0.0181666342454545
"brier",2,15,10,0.995,0.00891098217727273
"brier",2,15,11,0.9,0.157228848336364
"brier",2,15,11,0.91,0.142853786281818
"brier",2,15,11,0.92,0.128463225790909
"brier",2,15,11,0.93,0.112724155486364
"brier",2,15,11,0.94,0.0987087712818182
"brier",2,15,11,0.95,0.0826420941636364
"brier",2,15,11,0.96,0.0662124021727273
"brier",2,15,11,0.97,0.0460012643909091
"brier",2,15,11,0.98,0.0319657181
"brier",2,15,11,0.99,0.0161189427136364
"brier",2,15,11,0.995,0.0100609450272727
"brier",2,15,12,0.9,0.142276743827273
"brier",2,15,12,0.91,0.131151667281818
"brier",2,15,12,0.92,0.117404625095455
"brier",2,15,12,0.93,0.1058039855
"brier",2,15,12,0.94,0.0930777959272727
"brier",2,15,12,0.95,0.0808026482090909
"brier",2,15,12,0.96,0.0674820850090909
"brier",2,15,12,0.97,0.0501987198318182
"brier",2,15,12,0.98,0.0357199580681818
"brier",2,15,12,0.99,0.0246654754363636
"brier",2,15,12,0.995,0.0134530815818182
"brier",2,15,13,0.9,0.177762912622727
"brier",2,15,13,0.91,0.164426634595455
"brier",2,15,13,0.92,0.144992632318182
"brier",2,15,13,0.93,0.129788642113636
"brier",2,15,13,0.94,0.110619623913636
"brier",2,15,13,0.95,0.0907044726454545
"brier",2,15,13,0.96,0.0714770389227273
"brier",2,15,13,0.97,0.0504715719954545
"brier",2,15,13,0.98,0.0307559412681818
"brier",2,15,13,0.99,0.0147639040545455
"brier",2,15,13,0.995,0.00754352241818182
"brier",2,15,14,0.9,0.164178450959091
"brier",2,15,14,0.91,0.149830875777273
"brier",2,15,14,0.92,0.138775314281818
"brier",2,15,14,0.93,0.127595374286364
"brier",2,15,14,0.94,0.113286357209091
"brier",2,15,14,0.95,0.0987964459
"brier",2,15,14,0.96,0.0860645311272727
"brier",2,15,14,0.97,0.071265568
"brier",2,15,14,0.98,0.0477758779136364
"brier",2,15,14,0.99,0.0258854152181818
"brier",2,15,14,0.995,0.0127933532818182
"brier",2,15,15,0.9,0.151315525459091
"brier",2,15,15,0.91,0.136104659177273
"brier",2,15,15,0.92,0.118293598740909
"brier",2,15,15,0.93,0.1035924592
"brier",2,15,15,0.94,0.0881036913363636
"brier",2,15,15,0.95,0.07425312525
"brier",2,15,15,0.96,0.0571539370681818
"brier",2,15,15,0.97,0.0422920250409091
"brier",2,15,15,0.98,0.0287187793454545
"brier",2,15,15,0.99,0.0142216753227273
"brier",2,15,15,0.995,0.00527517520909091
"brier",2,15,16,0.9,0.114466765477273
"brier",2,15,16,0.91,0.104907850490909
"brier",2,15,16,0.92,0.0932261917636364
"brier",2,15,16,0.93,0.0808388369272727
"brier",2,15,16,0.94,0.0678273425
"brier",2,15,16,0.95,0.0558100457136364
"brier",2,15,16,0.96,0.0447451950454545
"brier",2,15,16,0.97,0.0363707641136364
"brier",2,15,16,0.98,0.0260724494090909
"brier",2,15,16,0.99,0.0156770481636364
"brier",2,15,16,0.995,0.00781429591818182
"brier",2,15,17,0.9,0.153960597172727
"brier",2,15,17,0.91,0.142181240668182
"brier",2,15,17,0.92,0.128066279036364
"brier",2,15,17,0.93,0.113579209954545
"brier",2,15,17,0.94,0.0962465097818182
"brier",2,15,17,0.95,0.0805991585681818
"brier",2,15,17,0.96,0.0652627742772727
"brier",2,15,17,0.97,0.0483403247181818
"brier",2,15,17,0.98,0.0311936980227273
"brier",2,15,17,0.99,0.01722675565
"brier",2,15,17,0.995,0.00800648577272727
"brier",2,15,18,0.9,0.147388163754545
"brier",2,15,18,0.91,0.136800087722727
"brier",2,15,18,0.92,0.121714720154545
"brier",2,15,18,0.93,0.105964535859091
"brier",2,15,18,0.94,0.0872076370363636
"brier",2,15,18,0.95,0.0675651509727273
"brier",2,15,18,0.96,0.0486125036727273
"brier",2,15,18,0.97,0.0351107919090909
"brier",2,15,18,0.98,0.0213415406818182
"brier",2,15,18,0.99,0.0100047465
"brier",2,15,18,0.995,0.005
"brier",2,15,19,0.9,0.116027001022727
"brier",2,15,19,0.91,0.107686152540909
"brier",2,15,19,0.92,0.0964217654818182
"brier",2,15,19,0.93,0.0858656758363636
"brier",2,15,19,0.94,0.0736398091045455
"brier",2,15,19,0.95,0.0626945423227273
"brier",2,15,19,0.96,0.0504681259727273
"brier",2,15,19,0.97,0.0399914937772727
"brier",2,15,19,0.98,0.0262886957863636
"brier",2,15,19,0.99,0.0111068052545455
"brier",2,15,19,0.995,0.00456088396818182
"brier",2,15,20,0.9,0.135730634586364
"brier",2,15,20,0.91,0.123826655090909
"brier",2,15,20,0.92,0.109248382427273
"brier",2,15,20,0.93,0.0961722396181818
"brier",2,15,20,0.94,0.0859306598136364
"brier",2,15,20,0.95,0.0760201181590909
"brier",2,15,20,0.96,0.0642457467272727
"brier",2,15,20,0.97,0.0498792063272727
"brier",2,15,20,0.98,0.0341518531363636
"brier",2,15,20,0.99,0.0187000423636364
"brier",2,15,20,0.995,0.00898229135454545
"brier",2,15,21,0.9,0.148947646572727
"brier",2,15,21,0.91,0.133232511727273
"brier",2,15,21,0.92,0.116589417440909
"brier",2,15,21,0.93,0.101482038059091
"brier",2,15,21,0.94,0.0882429576045455
"brier",2,15,21,0.95,0.0761631730772727
"brier",2,15,21,0.96,0.0618421572090909
"brier",2,15,21,0.97,0.0475499275363636
"brier",2,15,21,0.98,0.0335438352727273
"brier",2,15,21,0.99,0.0192934599409091
"brier",2,15,21,0.995,0.0140206966636364
"brier",2,15,22,0.9,0.119792750004545
"brier",2,15,22,0.91,0.109758494540909
"brier",2,15,22,0.92,0.0978442096636364
"brier",2,15,22,0.93,0.0861106854318182
"brier",2,15,22,0.94,0.0722635051045455
"brier",2,15,22,0.95,0.0596334591363636
"brier",2,15,22,0.96,0.0491986478590909
"brier",2,15,22,0.97,0.0388892820545455
"brier",2,15,22,0.98,0.0241916270772727
"brier",2,15,22,0.99,0.00970013462727273
"brier",2,15,22,0.995,0.00590909091363636
"brier",2,15,23,0.9,0.137981591013636
"brier",2,15,23,0.91,0.130331901631818
"brier",2,15,23,0.92,0.119918319786364
"brier",2,15,23,0.93,0.108011371177273
"brier",2,15,23,0.94,0.0961564274863636
"brier",2,15,23,0.95,0.0809445323136364
"brier",2,15,23,0.96,0.0686942624636364
"brier",2,15,23,0.97,0.0531307716681818
"brier",2,15,23,0.98,0.0339375568363636
"brier",2,15,23,0.99,0.0129817246454545
"brier",2,15,23,0.995,0.00643538985909091
"brier",2,15,24,0.9,0.130295737322727
"brier",2,15,24,0.91,0.117353204813636
"brier",2,15,24,0.92,0.107553340118182
"brier",2,15,24,0.93,0.0956876470454545
"brier",2,15,24,0.94,0.0837471454045455
"brier",2,15,24,0.95,0.0704835785409091
"brier",2,15,24,0.96,0.0589253454863636
"brier",2,15,24,0.97,0.0466088909181818
"brier",2,15,24,0.98,0.0320890703909091
"brier",2,15,24,0.99,0.0142903990136364
"brier",2,15,24,0.995,0.00552611283636364
"brier",2,15,25,0.9,0.138442716636364
"brier",2,15,25,0.91,0.1266332414
"brier",2,15,25,0.92,0.113170295445455
"brier",2,15,25,0.93,0.100580882254545
"brier",2,15,25,0.94,0.0825730630409091
"brier",2,15,25,0.95,0.0661488419954546
"brier",2,15,25,0.96,0.0472845934954545
"brier",2,15,25,0.97,0.0329868121090909
"brier",2,15,25,0.98,0.01997359675
"brier",2,15,25,0.99,0.00881469326818182
"brier",2,15,25,0.995,0.00374638356363636
"brier",2,15,26,0.9,0.110888062409091
"brier",2,15,26,0.91,0.0998908693409091
"brier",2,15,26,0.92,0.090575087
"brier",2,15,26,0.93,0.0808323626045455
"brier",2,15,26,0.94,0.0707396622363636
"brier",2,15,26,0.95,0.0594798925909091
"brier",2,15,26,0.96,0.0486914686090909
"brier",2,15,26,0.97,0.0378450534636364
"brier",2,15,26,0.98,0.0260454406318182
"brier",2,15,26,0.99,0.0126050492090909
"brier",2,15,26,0.995,0.00479276278181818
"brier",2,15,27,0.9,0.140631145822727
"brier",2,15,27,0.91,0.126188124495455
"brier",2,15,27,0.92,0.1108984051
"brier",2,15,27,0.93,0.0980996833227273
"brier",2,15,27,0.94,0.0837843906363636
"brier",2,15,27,0.95,0.0681609859818182
"brier",2,15,27,0.96,0.0519474310636364
"brier",2,15,27,0.97,0.0383146044727273
"brier",2,15,27,0.98,0.0267132955545455
"brier",2,15,27,0.99,0.0121901744090909
"brier",2,15,27,0.995,0.00454705563181818
"brier",2,15,28,0.9,0.136142186963636
"brier",2,15,28,0.91,0.123971241831818
"brier",2,15,28,0.92,0.111535639186364
"brier",2,15,28,0.93,0.100029681945455
"brier",2,15,28,0.94,0.0856047272045455
"brier",2,15,28,0.95,0.0696857654681818
"brier",2,15,28,0.96,0.0557807711363636
"brier",2,15,28,0.97,0.0451461675772727
"brier",2,15,28,0.98,0.0345630414909091
"brier",2,15,28,0.99,0.0168834709272727
"brier",2,15,28,0.995,0.00507474421818182
"brier",2,15,29,0.9,0.129724290572727
"brier",2,15,29,0.91,0.114502543590909
"brier",2,15,29,0.92,0.100512548386364
"brier",2,15,29,0.93,0.0873775372409091
"brier",2,15,29,0.94,0.0740297772272727
"brier",2,15,29,0.95,0.0611566239272727
"brier",2,15,29,0.96,0.0470029141545455
"brier",2,15,29,0.97,0.0368144871136364
"brier",2,15,29,0.98,0.0276815838045455
"brier",2,15,29,0.99,0.0161004191181818
"brier",2,15,29,0.995,0.00853181710909091
"brier",2,15,30,0.9,0.135487102568182
"brier",2,15,30,0.91,0.123967075231818
"brier",2,15,30,0.92,0.112092179677273
"brier",2,15,30,0.93,0.0993755076181818
"brier",2,15,30,0.94,0.0845501751954545
"brier",2,15,30,0.95,0.0717102810136364
"brier",2,15,30,0.96,0.0600033731454545
"brier",2,15,30,0.97,0.0464698114590909
"brier",2,15,30,0.98,0.03520116975
"brier",2,15,30,0.99,0.0199517193363636
"brier",2,15,30,0.995,0.0126784640136364
"brier",2,15,31,0.9,0.147239540286364
"brier",2,15,31,0.91,0.13565359785
"brier",2,15,31,0.92,0.124861185109091
"brier",2,15,31,0.93,0.113342070213636
"brier",2,15,31,0.94,0.0994404818545455
"brier",2,15,31,0.95,0.0864672306409091
"brier",2,15,31,0.96,0.0699907122681818
"brier",2,15,31,0.97,0.0554884285954545
"brier",2,15,31,0.98,0.0383395305772727
"brier",2,15,31,0.99,0.0195540464136364
"brier",2,15,31,0.995,0.0122301050818182
"brier",2,15,32,0.9,0.142898411177273
"brier",2,15,32,0.91,0.131243430968182
"brier",2,15,32,0.92,0.121387663586364
"brier",2,15,32,0.93,0.109709217359091
"brier",2,15,32,0.94,0.0982933021318182
"brier",2,15,32,0.95,0.0809236666045455
"brier",2,15,32,0.96,0.0681248469318182
"brier",2,15,32,0.97,0.0550022349090909
"brier",2,15,32,0.98,0.0408856241590909
"brier",2,15,32,0.99,0.0211608206
"brier",2,15,32,0.995,0.0114728835818182
"brier",2,15,33,0.9,0.157328292736364
"brier",2,15,33,0.91,0.143083813722727
"brier",2,15,33,0.92,0.129369398240909
"brier",2,15,33,0.93,0.119429418654545
"brier",2,15,33,0.94,0.105114658445455
"brier",2,15,33,0.95,0.0903091762818182
"brier",2,15,33,0.96,0.0778648923045454
"brier",2,15,33,0.97,0.0592690818636364
"brier",2,15,33,0.98,0.0408353384318182
"brier",2,15,33,0.99,0.0272556697136364
"brier",2,15,33,0.995,0.0173558756454545
"brier",2,15,34,0.9,0.143750715368182
"brier",2,15,34,0.91,0.127295950077273
"brier",2,15,34,0.92,0.112298899681818
"brier",2,15,34,0.93,0.0993838079181818
"brier",2,15,34,0.94,0.0842424311136364
"brier",2,15,34,0.95,0.0676673851954546
"brier",2,15,34,0.96,0.0502926330272727
"brier",2,15,34,0.97,0.0355941145454545
"brier",2,15,34,0.98,0.0213214341727273
"brier",2,15,34,0.99,0.0120806896363636
"brier",2,15,34,0.995,0.00570727341818182
"brier",2,15,35,0.9,0.129563829195455
"brier",2,15,35,0.91,0.119297609886364
"brier",2,15,35,0.92,0.108475090540909
"brier",2,15,35,0.93,0.0986088234318182
"brier",2,15,35,0.94,0.0850007030318182
"brier",2,15,35,0.95,0.0733857495272727
"brier",2,15,35,0.96,0.0625788118772727
"brier",2,15,35,0.97,0.0483897115136364
"brier",2,15,35,0.98,0.0359060533454545
"brier",2,15,35,0.99,0.0169819352
"brier",2,15,35,0.995,0.00764479571363636
"brier",2,15,36,0.9,0.159182144759091
"brier",2,15,36,0.91,0.14506511405
"brier",2,15,36,0.92,0.134597886259091
"brier",2,15,36,0.93,0.122838992086364
"brier",2,15,36,0.94,0.109307179518182
"brier",2,15,36,0.95,0.0960743006636364
"brier",2,15,36,0.96,0.0798269559045455
"brier",2,15,36,0.97,0.0581848555181818
"brier",2,15,36,0.98,0.0387307031318182
"brier",2,15,36,0.99,0.0203147871136364
"brier",2,15,36,0.995,0.0107450002454545
"brier",2,15,37,0.9,0.147268616663636
"brier",2,15,37,0.91,0.136360087159091
"brier",2,15,37,0.92,0.124082473727273
"brier",2,15,37,0.93,0.104979424909091
"brier",2,15,37,0.94,0.0890057495727273
"brier",2,15,37,0.95,0.0707821557636364
"brier",2,15,37,0.96,0.05864782655
"brier",2,15,37,0.97,0.0445613455181818
"brier",2,15,37,0.98,0.0308150024863636
"brier",2,15,37,0.99,0.0198184580727273
"brier",2,15,37,0.995,0.0112545263909091
"brier",2,15,38,0.9,0.201071043686364
"brier",2,15,38,0.91,0.185883011681818
"brier",2,15,38,0.92,0.166230621272727
"brier",2,15,38,0.93,0.147540934322727
"brier",2,15,38,0.94,0.12608434815
"brier",2,15,38,0.95,0.100577527290909
"brier",2,15,38,0.96,0.0690691259681818
"brier",2,15,38,0.97,0.0488118670454545
"brier",2,15,38,0.98,0.0326245670772727
"brier",2,15,38,0.99,0.0131271767727273
"brier",2,15,38,0.995,0.00527774042272727
"brier",2,15,39,0.9,0.160214129868182
"brier",2,15,39,0.91,0.144768609377273
"brier",2,15,39,0.92,0.127575380736364
"brier",2,15,39,0.93,0.10916847885
"brier",2,15,39,0.94,0.089898635
"brier",2,15,39,0.95,0.0735967788363636
"brier",2,15,39,0.96,0.0562439821454545
"brier",2,15,39,0.97,0.0388145251318182
"brier",2,15,39,0.98,0.0218010667090909
"brier",2,15,39,0.99,0.00687936388181818
"brier",2,15,39,0.995,0.00409091954545455
"brier",2,15,40,0.9,0.114977502386364
"brier",2,15,40,0.91,0.103666937890909
"brier",2,15,40,0.92,0.0919752589681818
"brier",2,15,40,0.93,0.0800832274772727
"brier",2,15,40,0.94,0.0659622931181818
"brier",2,15,40,0.95,0.0516774716636364
"brier",2,15,40,0.96,0.0401292983454545
"brier",2,15,40,0.97,0.0302505005909091
"brier",2,15,40,0.98,0.0200276297909091
"brier",2,15,40,0.99,0.00754262497272727
"brier",2,15,40,0.995,0.00350722858181818
"brier",2,15,41,0.9,0.148610883790909
"brier",2,15,41,0.91,0.137080243695455
"brier",2,15,41,0.92,0.125583407645455
"brier",2,15,41,0.93,0.111183688240909
"brier",2,15,41,0.94,0.0982860552636364
"brier",2,15,41,0.95,0.0866162276772727
"brier",2,15,41,0.96,0.0715412621681818
"brier",2,15,41,0.97,0.0545190504727273
"brier",2,15,41,0.98,0.0379727993272727
"brier",2,15,41,0.99,0.0174374776090909
"brier",2,15,41,0.995,0.00958931336363636
"brier",2,15,42,0.9,0.14247431795
"brier",2,15,42,0.91,0.129992404618182
"brier",2,15,42,0.92,0.117136718472727
"brier",2,15,42,0.93,0.101586357559091
"brier",2,15,42,0.94,0.0898382900272727
"brier",2,15,42,0.95,0.0755470507
"brier",2,15,42,0.96,0.0596447561
"brier",2,15,42,0.97,0.0452742217454545
"brier",2,15,42,0.98,0.0311962184181818
"brier",2,15,42,0.99,0.0161882811045455
"brier",2,15,42,0.995,0.00942456511818182
"brier",2,15,43,0.9,0.139905301663636
"brier",2,15,43,0.91,0.12644547155
"brier",2,15,43,0.92,0.109503667677273
"brier",2,15,43,0.93,0.0965283083545455
"brier",2,15,43,0.94,0.0832600822318182
"brier",2,15,43,0.95,0.0660775704681818
"brier",2,15,43,0.96,0.0536409411045455
"brier",2,15,43,0.97,0.0396603273909091
"brier",2,15,43,0.98,0.0249648629227273
"brier",2,15,43,0.99,0.0102336831545455
"brier",2,15,43,0.995,0.00575792418636364
"brier",2,15,44,0.9,0.138331866990909
"brier",2,15,44,0.91,0.129663496486364
"brier",2,15,44,0.92,0.11655308225
"brier",2,15,44,0.93,0.103235793790909
"brier",2,15,44,0.94,0.0935886645090909
"brier",2,15,44,0.95,0.0790453043454546
"brier",2,15,44,0.96,0.0655834318136364
"brier",2,15,44,0.97,0.0553473649045455
"brier",2,15,44,0.98,0.0374120473909091
"brier",2,15,44,0.99,0.0193383783454545
"brier",2,15,44,0.995,0.00962335648181818
"brier",2,15,45,0.9,0.150837612790909
"brier",2,15,45,0.91,0.137496547409091
"brier",2,15,45,0.92,0.120373357013636
"brier",2,15,45,0.93,0.102438742554545
"brier",2,15,45,0.94,0.0883248010818182
"brier",2,15,45,0.95,0.0740731039636364
"brier",2,15,45,0.96,0.0577135131181818
"brier",2,15,45,0.97,0.0458412387772727
"brier",2,15,45,0.98,0.0319106321363636
"brier",2,15,45,0.99,0.0153131742318182
"brier",2,15,45,0.995,0.00842063198181818
"brier",2,15,46,0.9,0.168845529295455
"brier",2,15,46,0.91,0.150636862827273
"brier",2,15,46,0.92,0.135479814490909
"brier",2,15,46,0.93,0.118862191318182
"brier",2,15,46,0.94,0.101155566454545
"brier",2,15,46,0.95,0.0782128204363636
"brier",2,15,46,0.96,0.0570806866409091
"brier",2,15,46,0.97,0.0417030881681818
"brier",2,15,46,0.98,0.0263357146454545
"brier",2,15,46,0.99,0.0105226869090909
"brier",2,15,46,0.995,0.00484641936818182
"brier",2,15,47,0.9,0.159866394545455
"brier",2,15,47,0.91,0.1440718446
"brier",2,15,47,0.92,0.125775795727273
"brier",2,15,47,0.93,0.111462783681818
"brier",2,15,47,0.94,0.0947601245363636
"brier",2,15,47,0.95,0.0766515549181818
"brier",2,15,47,0.96,0.0632552492409091
"brier",2,15,47,0.97,0.0476165153181818
"brier",2,15,47,0.98,0.0307198384681818
"brier",2,15,47,0.99,0.0153197388363636
"brier",2,15,47,0.995,0.00669036620454545
"brier",2,15,48,0.9,0.1755330423
"brier",2,15,48,0.91,0.165252241745455
"brier",2,15,48,0.92,0.148178306668182
"brier",2,15,48,0.93,0.134743988663636
"brier",2,15,48,0.94,0.113814746363636
"brier",2,15,48,0.95,0.0965169338818182
"brier",2,15,48,0.96,0.0834019302272727
"brier",2,15,48,0.97,0.0682472012
"brier",2,15,48,0.98,0.0505640776045455
"brier",2,15,48,0.99,0.0337013065227273
"brier",2,15,48,0.995,0.0212845259636364
"brier",2,15,49,0.9,0.154529153404545
"brier",2,15,49,0.91,0.142463428768182
"brier",2,15,49,0.92,0.127511055872727
"brier",2,15,49,0.93,0.110782163786364
"brier",2,15,49,0.94,0.0969646373590909
"brier",2,15,49,0.95,0.0811428025409091
"brier",2,15,49,0.96,0.0641335667818182
"brier",2,15,49,0.97,0.0428870351954545
"brier",2,15,49,0.98,0.0227837540454545
"brier",2,15,49,0.99,0.00835590591363636
"brier",2,15,49,0.995,0.00412495110454545
"brier",2,15,50,0.9,0.140061359613636
"brier",2,15,50,0.91,0.127897623063636
"brier",2,15,50,0.92,0.11086108125
"brier",2,15,50,0.93,0.0976585656909091
"brier",2,15,50,0.94,0.0850681831818182
"brier",2,15,50,0.95,0.0696031746590909
"brier",2,15,50,0.96,0.0564166763863636
"brier",2,15,50,0.97,0.0379847998636364
"brier",2,15,50,0.98,0.0245243276136364
"brier",2,15,50,0.99,0.0127413868727273
"brier",2,15,50,0.995,0.00774916544545455
"brier",3,15,1,0.9,0.137944334759091
"brier",3,15,1,0.91,0.125069153190909
"brier",3,15,1,0.92,0.110879144086364
"brier",3,15,1,0.93,0.0988371182272727
"brier",3,15,1,0.94,0.0879420171818182
"brier",3,15,1,0.95,0.0755229970272727
"brier",3,15,1,0.96,0.0633326550181818
"brier",3,15,1,0.97,0.0548899961863636
"brier",3,15,1,0.98,0.0410347808727273
"brier",3,15,1,0.99,0.0234994709272727
"brier",3,15,1,0.995,0.0126398849272727
"brier",3,15,2,0.9,0.133320080754545
"brier",3,15,2,0.91,0.122150034822727
"brier",3,15,2,0.92,0.107855025918182
"brier",3,15,2,0.93,0.0970891554636364
"brier",3,15,2,0.94,0.0835947736954546
"brier",3,15,2,0.95,0.0715781641454546
"brier",3,15,2,0.96,0.0557624982409091
"brier",3,15,2,0.97,0.0411240043454545
"brier",3,15,2,0.98,0.0260902723772727
"brier",3,15,2,0.99,0.0108145394863636
"brier",3,15,2,0.995,0.00735824311818182
"brier",3,15,3,0.9,0.117962492454545
"brier",3,15,3,0.91,0.108663566940909
"brier",3,15,3,0.92,0.0955651226909091
"brier",3,15,3,0.93,0.0826248216136364
"brier",3,15,3,0.94,0.0713819975454545
"brier",3,15,3,0.95,0.0589150058045455
"brier",3,15,3,0.96,0.0458571397772727
"brier",3,15,3,0.97,0.0308819653454545
"brier",3,15,3,0.98,0.0217369340681818
"brier",3,15,3,0.99,0.0109420860181818
"brier",3,15,3,0.995,0.00500477511818182
"brier",3,15,4,0.9,0.162936784290909
"brier",3,15,4,0.91,0.150464085777273
"brier",3,15,4,0.92,0.135123055968182
"brier",3,15,4,0.93,0.123098260286364
"brier",3,15,4,0.94,0.109956266895455
"brier",3,15,4,0.95,0.0927615692818182
"brier",3,15,4,0.96,0.0820295804136364
"brier",3,15,4,0.97,0.0642433754863636
"brier",3,15,4,0.98,0.0445221385
"brier",3,15,4,0.99,0.0202649441272727
"brier",3,15,4,0.995,0.0119150553545455
"brier",3,15,5,0.9,0.179406331195455
"brier",3,15,5,0.91,0.162086856563636
"brier",3,15,5,0.92,0.147412716718182
"brier",3,15,5,0.93,0.133396184854545
"brier",3,15,5,0.94,0.116631484690909
"brier",3,15,5,0.95,0.10223486175
"brier",3,15,5,0.96,0.0856225013181818
"brier",3,15,5,0.97,0.0672950733318182
"brier",3,15,5,0.98,0.0478464575636364
"brier",3,15,5,0.99,0.02755160655
"brier",3,15,5,0.995,0.0115392932454545
"brier",3,15,6,0.9,0.173806548377273
"brier",3,15,6,0.91,0.158842575290909
"brier",3,15,6,0.92,0.141698614295455
"brier",3,15,6,0.93,0.12587081255
"brier",3,15,6,0.94,0.106929533845455
"brier",3,15,6,0.95,0.0906521530318182
"brier",3,15,6,0.96,0.0744927887909091
"brier",3,15,6,0.97,0.0569776094272727
"brier",3,15,6,0.98,0.0408175903909091
"brier",3,15,6,0.99,0.02736183325
"brier",3,15,6,0.995,0.0186074270545455
"brier",3,15,7,0.9,0.152358477913636
"brier",3,15,7,0.91,0.143849412213636
"brier",3,15,7,0.92,0.132242898527273
"brier",3,15,7,0.93,0.119045347513636
"brier",3,15,7,0.94,0.107286686072727
"brier",3,15,7,0.95,0.0913551750909091
"brier",3,15,7,0.96,0.0705737864181818
"brier",3,15,7,0.97,0.0556076876818182
"brier",3,15,7,0.98,0.0339124142863636
"brier",3,15,7,0.99,0.0148567885136364
"brier",3,15,7,0.995,0.00766257328636364
"brier",3,15,8,0.9,0.155810259777273
"brier",3,15,8,0.91,0.139408305281818
"brier",3,15,8,0.92,0.123713248531818
"brier",3,15,8,0.93,0.111419133968182
"brier",3,15,8,0.94,0.0964983495227273
"brier",3,15,8,0.95,0.0819633214090909
"brier",3,15,8,0.96,0.0661494683636364
"brier",3,15,8,0.97,0.0545803875454545
"brier",3,15,8,0.98,0.0397561090636364
"brier",3,15,8,0.99,0.0186338726772727
"brier",3,15,8,0.995,0.00690977844545455
"brier",3,15,9,0.9,0.158404406854545
"brier",3,15,9,0.91,0.143366187640909
"brier",3,15,9,0.92,0.129410007245455
"brier",3,15,9,0.93,0.113771577590909
"brier",3,15,9,0.94,0.100311103654545
"brier",3,15,9,0.95,0.0844294484863636
"brier",3,15,9,0.96,0.0676006747318182
"brier",3,15,9,0.97,0.0511942762136364
"brier",3,15,9,0.98,0.0341187178545455
"brier",3,15,9,0.99,0.0159774398863636
"brier",3,15,9,0.995,0.00675591109545455
"brier",3,15,10,0.9,0.164778338209091
"brier",3,15,10,0.91,0.149792780068182
"brier",3,15,10,0.92,0.133771455231818
"brier",3,15,10,0.93,0.117945942
"brier",3,15,10,0.94,0.101115196454545
"brier",3,15,10,0.95,0.0843108068545455
"brier",3,15,10,0.96,0.0668803616909091
"brier",3,15,10,0.97,0.0503939469409091
"brier",3,15,10,0.98,0.0340910366727273
"brier",3,15,10,0.99,0.0177446239363636
"brier",3,15,10,0.995,0.00901434467727273
"brier",3,15,11,0.9,0.156497724254545
"brier",3,15,11,0.91,0.142437338036364
"brier",3,15,11,0.92,0.128367461490909
"brier",3,15,11,0.93,0.112850193736364
"brier",3,15,11,0.94,0.0987770482727273
"brier",3,15,11,0.95,0.0824806233727273
"brier",3,15,11,0.96,0.0656617541909091
"brier",3,15,11,0.97,0.0451442943818182
"brier",3,15,11,0.98,0.0313592202863636
"brier",3,15,11,0.99,0.0159317997045455
"brier",3,15,11,0.995,0.0102079519454545
"brier",3,15,12,0.9,0.141709866895455
"brier",3,15,12,0.91,0.130508851340909
"brier",3,15,12,0.92,0.116589492209091
"brier",3,15,12,0.93,0.105056528481818
"brier",3,15,12,0.94,0.0922473072681818
"brier",3,15,12,0.95,0.0800982479409091
"brier",3,15,12,0.96,0.0668835747318182
"brier",3,15,12,0.97,0.0498294471454545
"brier",3,15,12,0.98,0.0353999333909091
"brier",3,15,12,0.99,0.0243648181363636
"brier",3,15,12,0.995,0.0134421068818182
"brier",3,15,13,0.9,0.177061691545455
"brier",3,15,13,0.91,0.163604309990909
"brier",3,15,13,0.92,0.143820597595455
"brier",3,15,13,0.93,0.128487604831818
"brier",3,15,13,0.94,0.109220783281818
"brier",3,15,13,0.95,0.0897412297227273
"brier",3,15,13,0.96,0.0705261869227273
"brier",3,15,13,0.97,0.0499721980136364
"brier",3,15,13,0.98,0.0306245525863636
"brier",3,15,13,0.99,0.0150236848318182
"brier",3,15,13,0.995,0.00786286083636364
"brier",3,15,14,0.9,0.161638721840909
"brier",3,15,14,0.91,0.147361253609091
"brier",3,15,14,0.92,0.136138278477273
"brier",3,15,14,0.93,0.12498064545
"brier",3,15,14,0.94,0.110576456527273
"brier",3,15,14,0.95,0.0962478739
"brier",3,15,14,0.96,0.08365600525
"brier",3,15,14,0.97,0.0692556759454546
"brier",3,15,14,0.98,0.0467788030363636
"brier",3,15,14,0.99,0.0259223304227273
"brier",3,15,14,0.995,0.0133731640181818
"brier",3,15,15,0.9,0.152318030904545
"brier",3,15,15,0.91,0.136444601836364
"brier",3,15,15,0.92,0.118300014186364
"brier",3,15,15,0.93,0.103299344736364
"brier",3,15,15,0.94,0.0876310652954545
"brier",3,15,15,0.95,0.0739263077318182
"brier",3,15,15,0.96,0.0567473348136364
"brier",3,15,15,0.97,0.0419221897545455
"brier",3,15,15,0.98,0.0286351227818182
"brier",3,15,15,0.99,0.0144133536727273
"brier",3,15,15,0.995,0.00550924238636364
"brier",3,15,16,0.9,0.11311060655
"brier",3,15,16,0.91,0.103490971009091
"brier",3,15,16,0.92,0.0920264804045455
"brier",3,15,16,0.93,0.0797596462272727
"brier",3,15,16,0.94,0.0669644150181818
"brier",3,15,16,0.95,0.0551272346863636
"brier",3,15,16,0.96,0.0443503965954545
"brier",3,15,16,0.97,0.0360809691818182
"brier",3,15,16,0.98,0.0258418784227273
"brier",3,15,16,0.99,0.0155154146090909
"brier",3,15,16,0.995,0.00780816651363636
"brier",3,15,17,0.9,0.155834256072727
"brier",3,15,17,0.91,0.144252482277273
"brier",3,15,17,0.92,0.129858131990909
"brier",3,15,17,0.93,0.115420896309091
"brier",3,15,17,0.94,0.0976710610909091
"brier",3,15,17,0.95,0.0817223970545455
"brier",3,15,17,0.96,0.0662639711227273
"brier",3,15,17,0.97,0.0493329655045455
"brier",3,15,17,0.98,0.0321355902136364
"brier",3,15,17,0.99,0.0176894378181818
"brier",3,15,17,0.995,0.00832314376363636
"brier",3,15,18,0.9,0.148903581859091
"brier",3,15,18,0.91,0.13787626005
"brier",3,15,18,0.92,0.122182700386364
"brier",3,15,18,0.93,0.106096743072727
"brier",3,15,18,0.94,0.0869416202727273
"brier",3,15,18,0.95,0.0674712722954545
"brier",3,15,18,0.96,0.0487392735909091
"brier",3,15,18,0.97,0.0354014789136364
"brier",3,15,18,0.98,0.0216771058227273
"brier",3,15,18,0.99,0.0100420277272727
"brier",3,15,18,0.995,0.00500000237272727
"brier",3,15,19,0.9,0.115143125595455
"brier",3,15,19,0.91,0.106790216722727
"brier",3,15,19,0.92,0.0956316801227273
"brier",3,15,19,0.93,0.0853167162454545
"brier",3,15,19,0.94,0.0733281598
"brier",3,15,19,0.95,0.0626653084727273
"brier",3,15,19,0.96,0.0505781162181818
"brier",3,15,19,0.97,0.0402033153681818
"brier",3,15,19,0.98,0.0265346872954545
"brier",3,15,19,0.99,0.0111901191863636
"brier",3,15,19,0.995,0.00457590981818182
"brier",3,15,20,0.9,0.136010217254545
"brier",3,15,20,0.91,0.1241644462
"brier",3,15,20,0.92,0.109596370522727
"brier",3,15,20,0.93,0.0966079623727273
"brier",3,15,20,0.94,0.0864937235136364
"brier",3,15,20,0.95,0.0765201697136364
"brier",3,15,20,0.96,0.0645672943590909
"brier",3,15,20,0.97,0.0500729344636364
"brier",3,15,20,0.98,0.0343064119272727
"brier",3,15,20,0.99,0.0188727807954545
"brier",3,15,20,0.995,0.00926099479545455
"brier",3,15,21,0.9,0.1504084419
"brier",3,15,21,0.91,0.134370598009091
"brier",3,15,21,0.92,0.117556327240909
"brier",3,15,21,0.93,0.1022130228
"brier",3,15,21,0.94,0.0887828270545455
"brier",3,15,21,0.95,0.0768110217909091
"brier",3,15,21,0.96,0.0623399173136364
"brier",3,15,21,0.97,0.0474390926318182
"brier",3,15,21,0.98,0.0334738295681818
"brier",3,15,21,0.99,0.0195947289090909
"brier",3,15,21,0.995,0.0145134258727273
"brier",3,15,22,0.9,0.119817851777273
"brier",3,15,22,0.91,0.109196480436364
"brier",3,15,22,0.92,0.0969546275590909
"brier",3,15,22,0.93,0.0850915777272727
"brier",3,15,22,0.94,0.0713089300409091
"brier",3,15,22,0.95,0.0588251736818182
"brier",3,15,22,0.96,0.0486591811863636
"brier",3,15,22,0.97,0.0384587484636364
"brier",3,15,22,0.98,0.0242424141863636
"brier",3,15,22,0.99,0.00981012192727273
"brier",3,15,22,0.995,0.00590909819090909
"brier",3,15,23,0.9,0.139694235504545
"brier",3,15,23,0.91,0.132265114740909
"brier",3,15,23,0.92,0.121898621872727
"brier",3,15,23,0.93,0.11003169505
"brier",3,15,23,0.94,0.0981009084909091
"brier",3,15,23,0.95,0.0826988157181818
"brier",3,15,23,0.96,0.0701804122636364
"brier",3,15,23,0.97,0.0542546011772727
"brier",3,15,23,0.98,0.03470384025
"brier",3,15,23,0.99,0.0132708675954545
"brier",3,15,23,0.995,0.00658664224545455
"brier",3,15,24,0.9,0.129167580531818
"brier",3,15,24,0.91,0.116400465213636
"brier",3,15,24,0.92,0.106826081281818
"brier",3,15,24,0.93,0.0948067180227273
"brier",3,15,24,0.94,0.0829293865454546
"brier",3,15,24,0.95,0.0698050446136364
"brier",3,15,24,0.96,0.0582584142954545
"brier",3,15,24,0.97,0.0460530759363636
"brier",3,15,24,0.98,0.0319160506590909
"brier",3,15,24,0.99,0.0144749278818182
"brier",3,15,24,0.995,0.00563934154090909
"brier",3,15,25,0.9,0.140346020790909
"brier",3,15,25,0.91,0.128624625072727
"brier",3,15,25,0.92,0.114911296477273
"brier",3,15,25,0.93,0.102372276859091
"brier",3,15,25,0.94,0.0839679204227273
"brier",3,15,25,0.95,0.0671057208
"brier",3,15,25,0.96,0.0477618668590909
"brier",3,15,25,0.97,0.0332045386363636
"brier",3,15,25,0.98,0.0199370435727273
"brier",3,15,25,0.99,0.00881227120454546
"brier",3,15,25,0.995,0.00378218774545455
"brier",3,15,26,0.9,0.110061355181818
"brier",3,15,26,0.91,0.0991565953
"brier",3,15,26,0.92,0.0899665251681818
"brier",3,15,26,0.93,0.0802962350181818
"brier",3,15,26,0.94,0.0703680270363636
"brier",3,15,26,0.95,0.0592709641
"brier",3,15,26,0.96,0.0486422480545455
"brier",3,15,26,0.97,0.03791627885
"brier",3,15,26,0.98,0.0262886221590909
"brier",3,15,26,0.99,0.0127214283863636
"brier",3,15,26,0.995,0.00485678502272727
"brier",3,15,27,0.9,0.139030948240909
"brier",3,15,27,0.91,0.125442112736364
"brier",3,15,27,0.92,0.110554127236364
"brier",3,15,27,0.93,0.0980148314363636
"brier",3,15,27,0.94,0.0838593119818182
"brier",3,15,27,0.95,0.0682995792863636
"brier",3,15,27,0.96,0.0520940804272727
"brier",3,15,27,0.97,0.0386826414318182
"brier",3,15,27,0.98,0.0272812802909091
"brier",3,15,27,0.99,0.0125359207227273
"brier",3,15,27,0.995,0.00457168812272727
"brier",3,15,28,0.9,0.136171887945455
"brier",3,15,28,0.91,0.124140423336364
"brier",3,15,28,0.92,0.111900531004545
"brier",3,15,28,0.93,0.100746951395455
"brier",3,15,28,0.94,0.0864298229681818
"brier",3,15,28,0.95,0.0704009686136364
"brier",3,15,28,0.96,0.0563731423727273
"brier",3,15,28,0.97,0.0457786866636364
"brier",3,15,28,0.98,0.0351034743409091
"brier",3,15,28,0.99,0.0171709169090909
"brier",3,15,28,0.995,0.00511153855909091
"brier",3,15,29,0.9,0.132169919927273
"brier",3,15,29,0.91,0.116658361868182
"brier",3,15,29,0.92,0.102347267940909
"brier",3,15,29,0.93,0.0891159371545455
"brier",3,15,29,0.94,0.0756862505454545
"brier",3,15,29,0.95,0.0627065742863636
"brier",3,15,29,0.96,0.0483897740272727
"brier",3,15,29,0.97,0.0378950060181818
"brier",3,15,29,0.98,0.0282877250272727
"brier",3,15,29,0.99,0.0163064183227273
"brier",3,15,29,0.995,0.00868175879090909
"brier",3,15,30,0.9,0.1368007501
"brier",3,15,30,0.91,0.125235357972727
"brier",3,15,30,0.92,0.113289381559091
"brier",3,15,30,0.93,0.100479725218182
"brier",3,15,30,0.94,0.0857289798454546
"brier",3,15,30,0.95,0.0728319953090909
"brier",3,15,30,0.96,0.0607656496818182
"brier",3,15,30,0.97,0.04694740385
"brier",3,15,30,0.98,0.0353037502
"brier",3,15,30,0.99,0.0198447941863636
"brier",3,15,30,0.995,0.0124962447636364
"brier",3,15,31,0.9,0.148834964786364
"brier",3,15,31,0.91,0.136895225468182
"brier",3,15,31,0.92,0.125614679909091
"brier",3,15,31,0.93,0.113613576268182
"brier",3,15,31,0.94,0.0992212368772727
"brier",3,15,31,0.95,0.0857654579772727
"brier",3,15,31,0.96,0.0691158527772727
"brier",3,15,31,0.97,0.0542524370090909
"brier",3,15,31,0.98,0.0371856482363636
"brier",3,15,31,0.99,0.0193454306863636
"brier",3,15,31,0.995,0.0124998561454545
"brier",3,15,32,0.9,0.142324611636364
"brier",3,15,32,0.91,0.130312134454545
"brier",3,15,32,0.92,0.12021221365
"brier",3,15,32,0.93,0.108305047345455
"brier",3,15,32,0.94,0.0967743506681818
"brier",3,15,32,0.95,0.0795526321636364
"brier",3,15,32,0.96,0.0669891711727273
"brier",3,15,32,0.97,0.0541933863545455
"brier",3,15,32,0.98,0.0405071916
"brier",3,15,32,0.99,0.0215712200545455
"brier",3,15,32,0.995,0.0120738804727273
"brier",3,15,33,0.9,0.156289692918182
"brier",3,15,33,0.91,0.142079015168182
"brier",3,15,33,0.92,0.128493895895455
"brier",3,15,33,0.93,0.118843417590909
"brier",3,15,33,0.94,0.104644531740909
"brier",3,15,33,0.95,0.0899240495636364
"brier",3,15,33,0.96,0.0775085194363636
"brier",3,15,33,0.97,0.0587187832772727
"brier",3,15,33,0.98,0.0404850777863636
"brier",3,15,33,0.99,0.0271546595727273
"brier",3,15,33,0.995,0.0174812366863636
"brier",3,15,34,0.9,0.14319570695
"brier",3,15,34,0.91,0.126914821877273
"brier",3,15,34,0.92,0.111827097368182
"brier",3,15,34,0.93,0.0989322016590909
"brier",3,15,34,0.94,0.0839609557545455
"brier",3,15,34,0.95,0.0677491102136364
"brier",3,15,34,0.96,0.0506042114136364
"brier",3,15,34,0.97,0.0358922817181818
"brier",3,15,34,0.98,0.0215242323818182
"brier",3,15,34,0.99,0.0122548125227273
"brier",3,15,34,0.995,0.00587954026363636
"brier",3,15,35,0.9,0.128448483304545
"brier",3,15,35,0.91,0.118209306386364
"brier",3,15,35,0.92,0.107313138554545
"brier",3,15,35,0.93,0.0974551022
"brier",3,15,35,0.94,0.0839225721954545
"brier",3,15,35,0.95,0.0723051929
"brier",3,15,35,0.96,0.0615615435363636
"brier",3,15,35,0.97,0.0475821085227273
"brier",3,15,35,0.98,0.0357866947272727
"brier",3,15,35,0.99,0.0178007196136364
"brier",3,15,35,0.995,0.0082114626
"brier",3,15,36,0.9,0.158769862877273
"brier",3,15,36,0.91,0.144559103231818
"brier",3,15,36,0.92,0.134409531559091
"brier",3,15,36,0.93,0.122579514472727
"brier",3,15,36,0.94,0.1089897685
"brier",3,15,36,0.95,0.0957080994772727
"brier",3,15,36,0.96,0.0791135071318182
"brier",3,15,36,0.97,0.0574924883545455
"brier",3,15,36,0.98,0.0384514332272727
"brier",3,15,36,0.99,0.0206771869818182
"brier",3,15,36,0.995,0.0112644729045455
"brier",3,15,37,0.9,0.144786255477273
"brier",3,15,37,0.91,0.1335520629
"brier",3,15,37,0.92,0.121242731145455
"brier",3,15,37,0.93,0.102020972040909
"brier",3,15,37,0.94,0.0862113017227273
"brier",3,15,37,0.95,0.0681904817363636
"brier",3,15,37,0.96,0.0564616762363636
"brier",3,15,37,0.97,0.0426477220863636
"brier",3,15,37,0.98,0.0291201470590909
"brier",3,15,37,0.99,0.0183714180954545
"brier",3,15,37,0.995,0.0100761103136364
"brier",3,15,38,0.9,0.203827444554545
"brier",3,15,38,0.91,0.188044889345455
"brier",3,15,38,0.92,0.168058152063636
"brier",3,15,38,0.93,0.149136765
"brier",3,15,38,0.94,0.127570078736364
"brier",3,15,38,0.95,0.102044730672727
"brier",3,15,38,0.96,0.0705270744045455
"brier",3,15,38,0.97,0.0501521272863636
"brier",3,15,38,0.98,0.0333753905227273
"brier",3,15,38,0.99,0.0136879667318182
"brier",3,15,38,0.995,0.00557812027272727
"brier",3,15,39,0.9,0.162968475209091
"brier",3,15,39,0.91,0.147248389604545
"brier",3,15,39,0.92,0.129639370254545
"brier",3,15,39,0.93,0.1109848601
"brier",3,15,39,0.94,0.0914093034045455
"brier",3,15,39,0.95,0.0747130477454545
"brier",3,15,39,0.96,0.0570658712909091
"brier",3,15,39,0.97,0.0392926696772727
"brier",3,15,39,0.98,0.0221404286409091
"brier",3,15,39,0.99,0.00698580591363636
"brier",3,15,39,0.995,0.00409171714545455
"brier",3,15,40,0.9,0.114484485322727
"brier",3,15,40,0.91,0.10302351495
"brier",3,15,40,0.92,0.0912080066818182
"brier",3,15,40,0.93,0.0793300408090909
"brier",3,15,40,0.94,0.0654924805681818
"brier",3,15,40,0.95,0.0513137385954545
"brier",3,15,40,0.96,0.0398587839818182
"brier",3,15,40,0.97,0.0299510942318182
"brier",3,15,40,0.98,0.0195941782363636
"brier",3,15,40,0.99,0.00710844635909091
"brier",3,15,40,0.995,0.00327693078181818
"brier",3,15,41,0.9,0.150271264463636
"brier",3,15,41,0.91,0.138828713081818
"brier",3,15,41,0.92,0.127300118145455
"brier",3,15,41,0.93,0.112721299877273
"brier",3,15,41,0.94,0.0996520542954545
"brier",3,15,41,0.95,0.0876479814136364
"brier",3,15,41,0.96,0.0723574095454545
"brier",3,15,41,0.97,0.0549872107772727
"brier",3,15,41,0.98,0.0379168027272727
"brier",3,15,41,0.99,0.0172366369454545
"brier",3,15,41,0.995,0.00949907706818182
"brier",3,15,42,0.9,0.141678201586364
"brier",3,15,42,0.91,0.1290683185
"brier",3,15,42,0.92,0.116119306131818
"brier",3,15,42,0.93,0.100728407522727
"brier",3,15,42,0.94,0.0890062231227273
"brier",3,15,42,0.95,0.0747421446318182
"brier",3,15,42,0.96,0.0589904077681818
"brier",3,15,42,0.97,0.0446888026909091
"brier",3,15,42,0.98,0.0306795560545455
"brier",3,15,42,0.99,0.0157896713727273
"brier",3,15,42,0.995,0.00935131954545454
"brier",3,15,43,0.9,0.138871823059091
"brier",3,15,43,0.91,0.125632606263636
"brier",3,15,43,0.92,0.10857738765
"brier",3,15,43,0.93,0.0957536213
"brier",3,15,43,0.94,0.0826182761818182
"brier",3,15,43,0.95,0.0655256540454545
"brier",3,15,43,0.96,0.0531971878045455
"brier",3,15,43,0.97,0.0392454813181818
"brier",3,15,43,0.98,0.0249065494318182
"brier",3,15,43,0.99,0.0105759088409091
"brier",3,15,43,0.995,0.00616873411363636
"brier",3,15,44,0.9,0.13790907715
"brier",3,15,44,0.91,0.128704880095455
"brier",3,15,44,0.92,0.115439429445455
"brier",3,15,44,0.93,0.101948154013636
"brier",3,15,44,0.94,0.0920744656227273
"brier",3,15,44,0.95,0.0773344528545455
"brier",3,15,44,0.96,0.0637965346045455
"brier",3,15,44,0.97,0.0534020635136364
"brier",3,15,44,0.98,0.0354958849227273
"brier",3,15,44,0.99,0.0186315842181818
"brier",3,15,44,0.995,0.00982099189545454
"brier",3,15,45,0.9,0.152576976877273
"brier",3,15,45,0.91,0.139072744272727
"brier",3,15,45,0.92,0.121890115445455
"brier",3,15,45,0.93,0.103985736813636
"brier",3,15,45,0.94,0.0897677778681818
"brier",3,15,45,0.95,0.0753840685
"brier",3,15,45,0.96,0.0587731982681818
"brier",3,15,45,0.97,0.0466409444227273
"brier",3,15,45,0.98,0.0322998812181818
"brier",3,15,45,0.99,0.0155038022
"brier",3,15,45,0.995,0.00852237537272727
"brier",3,15,46,0.9,0.171882913304545
"brier",3,15,46,0.91,0.152963326963636
"brier",3,15,46,0.92,0.137492308954545
"brier",3,15,46,0.93,0.120792887218182
"brier",3,15,46,0.94,0.103233089827273
"brier",3,15,46,0.95,0.0800908262818182
"brier",3,15,46,0.96,0.0584134060681818
"brier",3,15,46,0.97,0.0422070461863636
"brier",3,15,46,0.98,0.0264914991681818
"brier",3,15,46,0.99,0.0105209388181818
"brier",3,15,46,0.995,0.00489711177727273
"brier",3,15,47,0.9,0.160921970618182
"brier",3,15,47,0.91,0.144929149813636
"brier",3,15,47,0.92,0.126258653272727
"brier",3,15,47,0.93,0.111710155813636
"brier",3,15,47,0.94,0.0947691687863636
"brier",3,15,47,0.95,0.0765867655863636
"brier",3,15,47,0.96,0.0632565597090909
"brier",3,15,47,0.97,0.0476985552318182
"brier",3,15,47,0.98,0.0306139101772727
"brier",3,15,47,0.99,0.0153698424318182
"brier",3,15,47,0.995,0.00676577061818182
"brier",3,15,48,0.9,0.176007535172727
"brier",3,15,48,0.91,0.166031732418182
"brier",3,15,48,0.92,0.149178741009091
"brier",3,15,48,0.93,0.135752092559091
"brier",3,15,48,0.94,0.1149924598
"brier",3,15,48,0.95,0.0977241795727273
"brier",3,15,48,0.96,0.0843910101863636
"brier",3,15,48,0.97,0.0689978859363636
"brier",3,15,48,0.98,0.0508866173
"brier",3,15,48,0.99,0.0336275432772727
"brier",3,15,48,0.995,0.0213871841909091
"brier",3,15,49,0.9,0.155825585845455
"brier",3,15,49,0.91,0.143502159095455
"brier",3,15,49,0.92,0.128251896127273
"brier",3,15,49,0.93,0.111236604727273
"brier",3,15,49,0.94,0.0970480272363636
"brier",3,15,49,0.95,0.0808986059227273
"brier",3,15,49,0.96,0.0637716761863636
"brier",3,15,49,0.97,0.0426021873772727
"brier",3,15,49,0.98,0.0228661447454545
"brier",3,15,49,0.99,0.00859581141818182
"brier",3,15,49,0.995,0.00422049157727273
"brier",3,15,50,0.9,0.141189329054545
"brier",3,15,50,0.91,0.128953588345455
"brier",3,15,50,0.92,0.112021294545455
"brier",3,15,50,0.93,0.0985941123863636
"brier",3,15,50,0.94,0.0859087720045455
"brier",3,15,50,0.95,0.0702785196363636
"brier",3,15,50,0.96,0.0567684636227273
"brier",3,15,50,0.97,0.0380038818227273
"brier",3,15,50,0.98,0.02418030525
"brier",3,15,50,0.99,0.012332622
"brier",3,15,50,0.995,0.00742766605
"brier",4,15,1,0.9,0.144263119027273
"brier",4,15,1,0.91,0.131367013022727
"brier",4,15,1,0.92,0.116709838727273
"brier",4,15,1,0.93,0.104267113445455
"brier",4,15,1,0.94,0.0926279900863636
"brier",4,15,1,0.95,0.0792885696636364
"brier",4,15,1,0.96,0.0666670424909091
"brier",4,15,1,0.97,0.0583906310454545
"brier",4,15,1,0.98,0.0443535080954545
"brier",4,15,1,0.99,0.0272337618818182
"brier",4,15,1,0.995,0.0167169223909091
"brier",4,15,2,0.9,0.134063924113636
"brier",4,15,2,0.91,0.122695955463636
"brier",4,15,2,0.92,0.108309791181818
"brier",4,15,2,0.93,0.0974245213590909
"brier",4,15,2,0.94,0.0842672517545455
"brier",4,15,2,0.95,0.0725492180681818
"brier",4,15,2,0.96,0.0570986813181818
"brier",4,15,2,0.97,0.0430723260590909
"brier",4,15,2,0.98,0.0282119560318182
"brier",4,15,2,0.99,0.0123375953318182
"brier",4,15,2,0.995,0.00826244821818182
"brier",4,15,3,0.9,0.124886404922727
"brier",4,15,3,0.91,0.115608446681818
"brier",4,15,3,0.92,0.102215023272727
"brier",4,15,3,0.93,0.0885990408090909
"brier",4,15,3,0.94,0.0765028459772727
"brier",4,15,3,0.95,0.0625464813954545
"brier",4,15,3,0.96,0.0477504810772727
"brier",4,15,3,0.97,0.0305235477545455
"brier",4,15,3,0.98,0.0210286807181818
"brier",4,15,3,0.99,0.0109047652
"brier",4,15,3,0.995,0.0050000277
"brier",4,15,4,0.9,0.167881321827273
"brier",4,15,4,0.91,0.155696949359091
"brier",4,15,4,0.92,0.140701888422727
"brier",4,15,4,0.93,0.128365543490909
"brier",4,15,4,0.94,0.115086668031818
"brier",4,15,4,0.95,0.0978695564136364
"brier",4,15,4,0.96,0.0864343538181818
"brier",4,15,4,0.97,0.0681335287727273
"brier",4,15,4,0.98,0.0470111702636364
"brier",4,15,4,0.99,0.0210994610090909
"brier",4,15,4,0.995,0.0131296053863636
"brier",4,15,5,0.9,0.190379283072727
"brier",4,15,5,0.91,0.172182800127273
"brier",4,15,5,0.92,0.156435784422727
"brier",4,15,5,0.93,0.140972728040909
"brier",4,15,5,0.94,0.123510230804545
"brier",4,15,5,0.95,0.108518696695455
"brier",4,15,5,0.96,0.0915482396272727
"brier",4,15,5,0.97,0.0724568526909091
"brier",4,15,5,0.98,0.0510779057909091
"brier",4,15,5,0.99,0.0288672709681818
"brier",4,15,5,0.995,0.0119257748772727
"brier",4,15,6,0.9,0.179546915122727
"brier",4,15,6,0.91,0.164080930859091
"brier",4,15,6,0.92,0.145870520545455
"brier",4,15,6,0.93,0.128810930054545
"brier",4,15,6,0.94,0.10895961685
"brier",4,15,6,0.95,0.0922742408318182
"brier",4,15,6,0.96,0.0761715428409091
"brier",4,15,6,0.97,0.0582407681909091
"brier",4,15,6,0.98,0.0418947739363636
"brier",4,15,6,0.99,0.02902638145
"brier",4,15,6,0.995,0.0207856994772727
"brier",4,15,7,0.9,0.153088776618182
"brier",4,15,7,0.91,0.144931429895455
"brier",4,15,7,0.92,0.133348123945455
"brier",4,15,7,0.93,0.1203105824
"brier",4,15,7,0.94,0.108976835881818
"brier",4,15,7,0.95,0.0940801050272727
"brier",4,15,7,0.96,0.0740901312136364
"brier",4,15,7,0.97,0.0589812343636364
"brier",4,15,7,0.98,0.0353044519545455
"brier",4,15,7,0.99,0.0175447263863636
"brier",4,15,7,0.995,0.00995101677727273
"brier",4,15,8,0.9,0.158458995909091
"brier",4,15,8,0.91,0.142818749245455
"brier",4,15,8,0.92,0.127248665559091
"brier",4,15,8,0.93,0.114774688563636
"brier",4,15,8,0.94,0.0997850981181818
"brier",4,15,8,0.95,0.0847625366954545
"brier",4,15,8,0.96,0.0678782321454545
"brier",4,15,8,0.97,0.0550291691318182
"brier",4,15,8,0.98,0.0401141629590909
"brier",4,15,8,0.99,0.0191582250181818
"brier",4,15,8,0.995,0.00667356996363636
"brier",4,15,9,0.9,0.162404149613636
"brier",4,15,9,0.91,0.147782345054545
"brier",4,15,9,0.92,0.133788190177273
"brier",4,15,9,0.93,0.118028879795455
"brier",4,15,9,0.94,0.104316602922727
"brier",4,15,9,0.95,0.0878474460545455
"brier",4,15,9,0.96,0.0704922679909091
"brier",4,15,9,0.97,0.0535769289181818
"brier",4,15,9,0.98,0.0357192832090909
"brier",4,15,9,0.99,0.0175388979181818
"brier",4,15,9,0.995,0.00752744973181818
"brier",4,15,10,0.9,0.163393692381818
"brier",4,15,10,0.91,0.148350616622727
"brier",4,15,10,0.92,0.132830937368182
"brier",4,15,10,0.93,0.117153993331818
"brier",4,15,10,0.94,0.100606099618182
"brier",4,15,10,0.95,0.0845849598818182
"brier",4,15,10,0.96,0.0683834002681818
"brier",4,15,10,0.97,0.0532300451772727
"brier",4,15,10,0.98,0.0367825194545455
"brier",4,15,10,0.99,0.0189168898818182
"brier",4,15,10,0.995,0.00997671733636364
"brier",4,15,11,0.9,0.159105059604545
"brier",4,15,11,0.91,0.144957383790909
"brier",4,15,11,0.92,0.131116861236364
"brier",4,15,11,0.93,0.115265042931818
"brier",4,15,11,0.94,0.100680920654545
"brier",4,15,11,0.95,0.0843893255545455
"brier",4,15,11,0.96,0.0677502364454545
"brier",4,15,11,0.97,0.0474521184818182
"brier",4,15,11,0.98,0.0337585352272727
"brier",4,15,11,0.99,0.0173232339181818
"brier",4,15,11,0.995,0.0104197031545455
"brier",4,15,12,0.9,0.143998220413636
"brier",4,15,12,0.91,0.132325226463636
"brier",4,15,12,0.92,0.117949228027273
"brier",4,15,12,0.93,0.106012174427273
"brier",4,15,12,0.94,0.0931897859272727
"brier",4,15,12,0.95,0.0809719704454545
"brier",4,15,12,0.96,0.0675874603681818
"brier",4,15,12,0.97,0.0505382852045455
"brier",4,15,12,0.98,0.0361344611909091
"brier",4,15,12,0.99,0.0255087641409091
"brier",4,15,12,0.995,0.0149909794318182
"brier",4,15,13,0.9,0.184751008513636
"brier",4,15,13,0.91,0.17132034325
"brier",4,15,13,0.92,0.15134222685
"brier",4,15,13,0.93,0.135744428877273
"brier",4,15,13,0.94,0.116070493118182
"brier",4,15,13,0.95,0.0961222020681818
"brier",4,15,13,0.96,0.0753376557318182
"brier",4,15,13,0.97,0.0529883567454545
"brier",4,15,13,0.98,0.0321138037363636
"brier",4,15,13,0.99,0.0154317808363636
"brier",4,15,13,0.995,0.00819172288636364
"brier",4,15,14,0.9,0.162135332190909
"brier",4,15,14,0.91,0.148641968004545
"brier",4,15,14,0.92,0.13824637655
"brier",4,15,14,0.93,0.12786496525
"brier",4,15,14,0.94,0.114465932681818
"brier",4,15,14,0.95,0.101223354245455
"brier",4,15,14,0.96,0.0893397623227273
"brier",4,15,14,0.97,0.0755216266045454
"brier",4,15,14,0.98,0.0522207486818182
"brier",4,15,14,0.99,0.0282366036272727
"brier",4,15,14,0.995,0.0131998275409091
"brier",4,15,15,0.9,0.156264047345455
"brier",4,15,15,0.91,0.140327678936364
"brier",4,15,15,0.92,0.121868074286364
"brier",4,15,15,0.93,0.106603106813636
"brier",4,15,15,0.94,0.0904262982409091
"brier",4,15,15,0.95,0.0762387108727273
"brier",4,15,15,0.96,0.05920569275
"brier",4,15,15,0.97,0.0442561172863636
"brier",4,15,15,0.98,0.0306206578545455
"brier",4,15,15,0.99,0.0155208914590909
"brier",4,15,15,0.995,0.00582776929090909
"brier",4,15,16,0.9,0.115838664013636
"brier",4,15,16,0.91,0.10548703765
"brier",4,15,16,0.92,0.0932775714136364
"brier",4,15,16,0.93,0.0809243398636364
"brier",4,15,16,0.94,0.06801747745
"brier",4,15,16,0.95,0.0561208299681818
"brier",4,15,16,0.96,0.0452123136772727
"brier",4,15,16,0.97,0.0371851112636364
"brier",4,15,16,0.98,0.0267933347090909
"brier",4,15,16,0.99,0.0163773875818182
"brier",4,15,16,0.995,0.00835638268181818
"brier",4,15,17,0.9,0.157667956740909
"brier",4,15,17,0.91,0.14585726625
"brier",4,15,17,0.92,0.131116697090909
"brier",4,15,17,0.93,0.116889888422727
"brier",4,15,17,0.94,0.0984591408681818
"brier",4,15,17,0.95,0.0822335630090909
"brier",4,15,17,0.96,0.0669500651590909
"brier",4,15,17,0.97,0.0500530503318182
"brier",4,15,17,0.98,0.0326900796954545
"brier",4,15,17,0.99,0.0174822895318182
"brier",4,15,17,0.995,0.00784903643636364
"brier",4,15,18,0.9,0.148401411886364
"brier",4,15,18,0.91,0.138053162118182
"brier",4,15,18,0.92,0.123541180486364
"brier",4,15,18,0.93,0.108072083140909
"brier",4,15,18,0.94,0.0899933799681818
"brier",4,15,18,0.95,0.0707232662181818
"brier",4,15,18,0.96,0.0511799599318182
"brier",4,15,18,0.97,0.03680621055
"brier",4,15,18,0.98,0.0223673758545455
"brier",4,15,18,0.99,0.0100355105681818
"brier",4,15,18,0.995,0.00500000000909091
"brier",4,15,19,0.9,0.117131292109091
"brier",4,15,19,0.91,0.109268883922727
"brier",4,15,19,0.92,0.0981881383136364
"brier",4,15,19,0.93,0.0877600709863636
"brier",4,15,19,0.94,0.0754151716318182
"brier",4,15,19,0.95,0.0644302733590909
"brier",4,15,19,0.96,0.0520550899272727
"brier",4,15,19,0.97,0.0410222638863636
"brier",4,15,19,0.98,0.0264855408454545
"brier",4,15,19,0.99,0.0109701433090909
"brier",4,15,19,0.995,0.00454518960454545
"brier",4,15,20,0.9,0.13695619785
"brier",4,15,20,0.91,0.125179187218182
"brier",4,15,20,0.92,0.110696272613636
"brier",4,15,20,0.93,0.0976107997090909
"brier",4,15,20,0.94,0.08756576435
"brier",4,15,20,0.95,0.0775677232136364
"brier",4,15,20,0.96,0.0655022372681818
"brier",4,15,20,0.97,0.0511588830227273
"brier",4,15,20,0.98,0.0351173059590909
"brier",4,15,20,0.99,0.0197010514772727
"brier",4,15,20,0.995,0.00940848465909091
"brier",4,15,21,0.9,0.152457639436364
"brier",4,15,21,0.91,0.136759911013636
"brier",4,15,21,0.92,0.120099699072727
"brier",4,15,21,0.93,0.104775923390909
"brier",4,15,21,0.94,0.0905423974636364
"brier",4,15,21,0.95,0.07815994045
"brier",4,15,21,0.96,0.06311603775
"brier",4,15,21,0.97,0.0481303056636364
"brier",4,15,21,0.98,0.0349156042136364
"brier",4,15,21,0.99,0.0208602397909091
"brier",4,15,21,0.995,0.0155066425
"brier",4,15,22,0.9,0.123879211968182
"brier",4,15,22,0.91,0.113551551659091
"brier",4,15,22,0.92,0.101612756827273
"brier",4,15,22,0.93,0.0901131868227273
"brier",4,15,22,0.94,0.0768254128727273
"brier",4,15,22,0.95,0.0639081981363636
"brier",4,15,22,0.96,0.0525620760409091
"brier",4,15,22,0.97,0.041112522
"brier",4,15,22,0.98,0.0254435205772727
"brier",4,15,22,0.99,0.00973487575
"brier",4,15,22,0.995,0.00590909121363636
"brier",4,15,23,0.9,0.142386327418182
"brier",4,15,23,0.91,0.1349836297
"brier",4,15,23,0.92,0.125243333845455
"brier",4,15,23,0.93,0.114161142540909
"brier",4,15,23,0.94,0.102618431718182
"brier",4,15,23,0.95,0.0869590349227273
"brier",4,15,23,0.96,0.0735515732363636
"brier",4,15,23,0.97,0.0564491222409091
"brier",4,15,23,0.98,0.0349334697818182
"brier",4,15,23,0.99,0.0127431762818182
"brier",4,15,23,0.995,0.00672270827272727
"brier",4,15,24,0.9,0.135023745527273
"brier",4,15,24,0.91,0.121845326490909
"brier",4,15,24,0.92,0.112179115440909
"brier",4,15,24,0.93,0.0999356392681818
"brier",4,15,24,0.94,0.0874698830818182
"brier",4,15,24,0.95,0.0743524812818182
"brier",4,15,24,0.96,0.0621547632363636
"brier",4,15,24,0.97,0.0490626070590909
"brier",4,15,24,0.98,0.0335930639818182
"brier",4,15,24,0.99,0.0144137652681818
"brier",4,15,24,0.995,0.00558540053181818
"brier",4,15,25,0.9,0.142766931186364
"brier",4,15,25,0.91,0.131016084136364
"brier",4,15,25,0.92,0.117153519277273
"brier",4,15,25,0.93,0.104160309236364
"brier",4,15,25,0.94,0.0857070031909091
"brier",4,15,25,0.95,0.0688426920090909
"brier",4,15,25,0.96,0.0497005807
"brier",4,15,25,0.97,0.0345791432136364
"brier",4,15,25,0.98,0.0203148739227273
"brier",4,15,25,0.99,0.00880047187272727
"brier",4,15,25,0.995,0.00366830928636364
"brier",4,15,26,0.9,0.111606483313636
"brier",4,15,26,0.91,0.100634490531818
"brier",4,15,26,0.92,0.0915580161
"brier",4,15,26,0.93,0.0818032011681818
"brier",4,15,26,0.94,0.0716244024045455
"brier",4,15,26,0.95,0.0601625081272727
"brier",4,15,26,0.96,0.0493559911909091
"brier",4,15,26,0.97,0.0386622252681818
"brier",4,15,26,0.98,0.0274195456636364
"brier",4,15,26,0.99,0.0135360327954545
"brier",4,15,26,0.995,0.00481802798636364
"brier",4,15,27,0.9,0.146739417381818
"brier",4,15,27,0.91,0.132171972209091
"brier",4,15,27,0.92,0.116334031140909
"brier",4,15,27,0.93,0.102876443913636
"brier",4,15,27,0.94,0.0875440805545455
"brier",4,15,27,0.95,0.0710885134681818
"brier",4,15,27,0.96,0.0541316848409091
"brier",4,15,27,0.97,0.0402465151545455
"brier",4,15,27,0.98,0.0283715950909091
"brier",4,15,27,0.99,0.0128182592818182
"brier",4,15,27,0.995,0.00455032382272727
"brier",4,15,28,0.9,0.139239000954545
"brier",4,15,28,0.91,0.126877733145455
"brier",4,15,28,0.92,0.114414072218182
"brier",4,15,28,0.93,0.103093507395455
"brier",4,15,28,0.94,0.0893356599545455
"brier",4,15,28,0.95,0.0730349732681818
"brier",4,15,28,0.96,0.0586864317181818
"brier",4,15,28,0.97,0.0478403247681818
"brier",4,15,28,0.98,0.0373789105
"brier",4,15,28,0.99,0.0183608012727273
"brier",4,15,28,0.995,0.00502928869090909
"brier",4,15,29,0.9,0.135206161877273
"brier",4,15,29,0.91,0.119607092468182
"brier",4,15,29,0.92,0.10547491325
"brier",4,15,29,0.93,0.0919842326909091
"brier",4,15,29,0.94,0.0784734649727273
"brier",4,15,29,0.95,0.0652423261545454
"brier",4,15,29,0.96,0.0503843229
"brier",4,15,29,0.97,0.0392644903909091
"brier",4,15,29,0.98,0.0289208641681818
"brier",4,15,29,0.99,0.0166611537909091
"brier",4,15,29,0.995,0.00902149145909091
"brier",4,15,30,0.9,0.136373744677273
"brier",4,15,30,0.91,0.124635080354545
"brier",4,15,30,0.92,0.112946098777273
"brier",4,15,30,0.93,0.100432287904545
"brier",4,15,30,0.94,0.0858585345409091
"brier",4,15,30,0.95,0.0725617966227273
"brier",4,15,30,0.96,0.05971986435
"brier",4,15,30,0.97,0.0457707876727273
"brier",4,15,30,0.98,0.0345501704
"brier",4,15,30,0.99,0.01945519385
"brier",4,15,30,0.995,0.0123263417772727
"brier",4,15,31,0.9,0.15088352055
"brier",4,15,31,0.91,0.138979044136364
"brier",4,15,31,0.92,0.127552852486364
"brier",4,15,31,0.93,0.115786273009091
"brier",4,15,31,0.94,0.10129887615
"brier",4,15,31,0.95,0.0883178865909091
"brier",4,15,31,0.96,0.0717891322136364
"brier",4,15,31,0.97,0.0569352723318182
"brier",4,15,31,0.98,0.0395624411909091
"brier",4,15,31,0.99,0.0204277289909091
"brier",4,15,31,0.995,0.0123595267
"brier",4,15,32,0.9,0.145599802272727
"brier",4,15,32,0.91,0.133465348822727
"brier",4,15,32,0.92,0.123568863781818
"brier",4,15,32,0.93,0.111402666536364
"brier",4,15,32,0.94,0.0999771539090909
"brier",4,15,32,0.95,0.0829930622409091
"brier",4,15,32,0.96,0.0705635440181818
"brier",4,15,32,0.97,0.0575769551227273
"brier",4,15,32,0.98,0.0435576987318182
"brier",4,15,32,0.99,0.0228645033227273
"brier",4,15,32,0.995,0.0124228262636364
"brier",4,15,33,0.9,0.159199913559091
"brier",4,15,33,0.91,0.145456665913636
"brier",4,15,33,0.92,0.1325926008
"brier",4,15,33,0.93,0.123102263581818
"brier",4,15,33,0.94,0.109371320272727
"brier",4,15,33,0.95,0.0951256251681818
"brier",4,15,33,0.96,0.0829991177136364
"brier",4,15,33,0.97,0.0633411836
"brier",4,15,33,0.98,0.0434039301090909
"brier",4,15,33,0.99,0.0287506218090909
"brier",4,15,33,0.995,0.0180317550863636
"brier",4,15,34,0.9,0.145765194168182
"brier",4,15,34,0.91,0.129432603090909
"brier",4,15,34,0.92,0.114926567640909
"brier",4,15,34,0.93,0.102530616995455
"brier",4,15,34,0.94,0.0876591662545455
"brier",4,15,34,0.95,0.0708861880045455
"brier",4,15,34,0.96,0.0527160906045455
"brier",4,15,34,0.97,0.0370472381863636
"brier",4,15,34,0.98,0.0224535271090909
"brier",4,15,34,0.99,0.0128766075954545
"brier",4,15,34,0.995,0.00602578049090909
"brier",4,15,35,0.9,0.134639098986364
"brier",4,15,35,0.91,0.124427989381818
"brier",4,15,35,0.92,0.113395410963636
"brier",4,15,35,0.93,0.103334403327273
"brier",4,15,35,0.94,0.0894751892772727
"brier",4,15,35,0.95,0.0777932309045455
"brier",4,15,35,0.96,0.0667802580909091
"brier",4,15,35,0.97,0.0524817578272727
"brier",4,15,35,0.98,0.03979636955
"brier",4,15,35,0.99,0.0194365522272727
"brier",4,15,35,0.995,0.00735283632272727
"brier",4,15,36,0.9,0.160339238572727
"brier",4,15,36,0.91,0.14605853115
"brier",4,15,36,0.92,0.135913552186364
"brier",4,15,36,0.93,0.124169635890909
"brier",4,15,36,0.94,0.1103934919
"brier",4,15,36,0.95,0.0972222954045455
"brier",4,15,36,0.96,0.0813499840772727
"brier",4,15,36,0.97,0.0606607826818182
"brier",4,15,36,0.98,0.0419132582909091
"brier",4,15,36,0.99,0.0222648730954545
"brier",4,15,36,0.995,0.0110932381454545
"brier",4,15,37,0.9,0.145404713031818
"brier",4,15,37,0.91,0.134194518640909
"brier",4,15,37,0.92,0.122030696359091
"brier",4,15,37,0.93,0.103148709263636
"brier",4,15,37,0.94,0.0875757035136364
"brier",4,15,37,0.95,0.0694741864409091
"brier",4,15,37,0.96,0.0579420986681818
"brier",4,15,37,0.97,0.0443265123772727
"brier",4,15,37,0.98,0.0310209094090909
"brier",4,15,37,0.99,0.0206240992863636
"brier",4,15,37,0.995,0.01240602615
"brier",4,15,38,0.9,0.204946660563636
"brier",4,15,38,0.91,0.18966135685
"brier",4,15,38,0.92,0.170218642340909
"brier",4,15,38,0.93,0.151637603481818
"brier",4,15,38,0.94,0.130386490927273
"brier",4,15,38,0.95,0.104355880677273
"brier",4,15,38,0.96,0.0711075854090909
"brier",4,15,38,0.97,0.0493743506954545
"brier",4,15,38,0.98,0.0329656453727273
"brier",4,15,38,0.99,0.0128276699227273
"brier",4,15,38,0.995,0.00511374638181818
"brier",4,15,39,0.9,0.166473554104545
"brier",4,15,39,0.91,0.151141715672727
"brier",4,15,39,0.92,0.133573798413636
"brier",4,15,39,0.93,0.114842319131818
"brier",4,15,39,0.94,0.0949048071
"brier",4,15,39,0.95,0.0776188155318182
"brier",4,15,39,0.96,0.0592723232227273
"brier",4,15,39,0.97,0.0405047616590909
"brier",4,15,39,0.98,0.0214100412681818
"brier",4,15,39,0.99,0.00689947723181818
"brier",4,15,39,0.995,0.0040911188
"brier",4,15,40,0.9,0.114851952
"brier",4,15,40,0.91,0.103441701731818
"brier",4,15,40,0.92,0.0918233844272727
"brier",4,15,40,0.93,0.08022992565
"brier",4,15,40,0.94,0.0664005892090909
"brier",4,15,40,0.95,0.0523874466181818
"brier",4,15,40,0.96,0.0409278618681818
"brier",4,15,40,0.97,0.0310641318954545
"brier",4,15,40,0.98,0.0209741908772727
"brier",4,15,40,0.99,0.00856283081363636
"brier",4,15,40,0.995,0.00429776585454545
"brier",4,15,41,0.9,0.149935652422727
"brier",4,15,41,0.91,0.1382780092
"brier",4,15,41,0.92,0.127029350822727
"brier",4,15,41,0.93,0.112404997809091
"brier",4,15,41,0.94,0.0988440580681818
"brier",4,15,41,0.95,0.0873399337181818
"brier",4,15,41,0.96,0.0729823979454546
"brier",4,15,41,0.97,0.0564771651136364
"brier",4,15,41,0.98,0.0389216626409091
"brier",4,15,41,0.99,0.0178206203
"brier",4,15,41,0.995,0.0102110939090909
"brier",4,15,42,0.9,0.145916149645455
"brier",4,15,42,0.91,0.132707420995455
"brier",4,15,42,0.92,0.119761636545455
"brier",4,15,42,0.93,0.103673439527273
"brier",4,15,42,0.94,0.0912827402590909
"brier",4,15,42,0.95,0.0766845356136364
"brier",4,15,42,0.96,0.0606416601909091
"brier",4,15,42,0.97,0.0461833342863636
"brier",4,15,42,0.98,0.0320294346318182
"brier",4,15,42,0.99,0.0169368249090909
"brier",4,15,42,0.995,0.00996475651363636
"brier",4,15,43,0.9,0.143490732277273
"brier",4,15,43,0.91,0.130688855868182
"brier",4,15,43,0.92,0.113225999440909
"brier",4,15,43,0.93,0.100423778604545
"brier",4,15,43,0.94,0.0873477811090909
"brier",4,15,43,0.95,0.0701754219318182
"brier",4,15,43,0.96,0.0574549877863636
"brier",4,15,43,0.97,0.0432278268545455
"brier",4,15,43,0.98,0.0279330710227273
"brier",4,15,43,0.99,0.0126636618727273
"brier",4,15,43,0.995,0.00655165101818182
"brier",4,15,44,0.9,0.143020222336364
"brier",4,15,44,0.91,0.133988015795455
"brier",4,15,44,0.92,0.120992868709091
"brier",4,15,44,0.93,0.10780013825
"brier",4,15,44,0.94,0.0979223082727273
"brier",4,15,44,0.95,0.0831325518954545
"brier",4,15,44,0.96,0.0688372188
"brier",4,15,44,0.97,0.0576199028954545
"brier",4,15,44,0.98,0.0391055558909091
"brier",4,15,44,0.99,0.0207182819409091
"brier",4,15,44,0.995,0.0105675780227273
"brier",4,15,45,0.9,0.154563004918182
"brier",4,15,45,0.91,0.140961669681818
"brier",4,15,45,0.92,0.124004781781818
"brier",4,15,45,0.93,0.106126679822727
"brier",4,15,45,0.94,0.0919424550818182
"brier",4,15,45,0.95,0.0774040438545455
"brier",4,15,45,0.96,0.0598683090818182
"brier",4,15,45,0.97,0.047010903
"brier",4,15,45,0.98,0.0323744044681818
"brier",4,15,45,0.99,0.0153577543772727
"brier",4,15,45,0.995,0.00826984816363636
"brier",4,15,46,0.9,0.176953048740909
"brier",4,15,46,0.91,0.157832296231818
"brier",4,15,46,0.92,0.142110562922727
"brier",4,15,46,0.93,0.125428131004545
"brier",4,15,46,0.94,0.107342026986364
"brier",4,15,46,0.95,0.0832593260954545
"brier",4,15,46,0.96,0.0606337102772727
"brier",4,15,46,0.97,0.0430069887681818
"brier",4,15,46,0.98,0.0272513784454545
"brier",4,15,46,0.99,0.0109382861
"brier",4,15,46,0.995,0.00479909701818182
"brier",4,15,47,0.9,0.164156920104545
"brier",4,15,47,0.91,0.148134466986364
"brier",4,15,47,0.92,0.129869644795455
"brier",4,15,47,0.93,0.1159374422
"brier",4,15,47,0.94,0.0999432741454545
"brier",4,15,47,0.95,0.0824243925045455
"brier",4,15,47,0.96,0.0679953675
"brier",4,15,47,0.97,0.0485233423363636
"brier",4,15,47,0.98,0.0304169422409091
"brier",4,15,47,0.99,0.0153946973772727
"brier",4,15,47,0.995,0.00682898412727273
"brier",4,15,48,0.9,0.180647410913636
"brier",4,15,48,0.91,0.169987926227273
"brier",4,15,48,0.92,0.152865825286364
"brier",4,15,48,0.93,0.139536900031818
"brier",4,15,48,0.94,0.11969721725
"brier",4,15,48,0.95,0.102815018118182
"brier",4,15,48,0.96,0.0899491640363636
"brier",4,15,48,0.97,0.0743134138
"brier",4,15,48,0.98,0.0542171054409091
"brier",4,15,48,0.99,0.0344029281727273
"brier",4,15,48,0.995,0.0210747443409091
"brier",4,15,49,0.9,0.159967394963636
"brier",4,15,49,0.91,0.147828301731818
"brier",4,15,49,0.92,0.132804376577273
"brier",4,15,49,0.93,0.116307448709091
"brier",4,15,49,0.94,0.102355638477273
"brier",4,15,49,0.95,0.0863741225090909
"brier",4,15,49,0.96,0.0690486354636364
"brier",4,15,49,0.97,0.0465468318909091
"brier",4,15,49,0.98,0.0237402429863636
"brier",4,15,49,0.99,0.00827235145
"brier",4,15,49,0.995,0.0041038061
"brier",4,15,50,0.9,0.147835398186364
"brier",4,15,50,0.91,0.135116143595455
"brier",4,15,50,0.92,0.117893477254545
"brier",4,15,50,0.93,0.104002394759091
"brier",4,15,50,0.94,0.0906415716909091
"brier",4,15,50,0.95,0.0743897006090909
"brier",4,15,50,0.96,0.0603533635136364
"brier",4,15,50,0.97,0.0410126839636364
"brier",4,15,50,0.98,0.0265308174772727
"brier",4,15,50,0.99,0.0143200842909091
"brier",4,15,50,0.995,0.00923373804090909
"brier",5,15,1,0.9,0.1389418564
"brier",5,15,1,0.91,0.125902905145455
"brier",5,15,1,0.92,0.111520920136364
"brier",5,15,1,0.93,0.0994001411727273
"brier",5,15,1,0.94,0.0883939136681818
"brier",5,15,1,0.95,0.0758074667909091
"brier",5,15,1,0.96,0.0636761443363636
"brier",5,15,1,0.97,0.0553688308136364
"brier",5,15,1,0.98,0.0416989395409091
"brier",5,15,1,0.99,0.0243703344227273
"brier",5,15,1,0.995,0.0135085622409091
"brier",5,15,2,0.9,0.132810123922727
"brier",5,15,2,0.91,0.121396824372727
"brier",5,15,2,0.92,0.106978681454545
"brier",5,15,2,0.93,0.0962189548545455
"brier",5,15,2,0.94,0.0829892141136364
"brier",5,15,2,0.95,0.0712033116409091
"brier",5,15,2,0.96,0.0556461366545455
"brier",5,15,2,0.97,0.0413412324636364
"brier",5,15,2,0.98,0.0266291438409091
"brier",5,15,2,0.99,0.0115002829454545
"brier",5,15,2,0.995,0.00786493260909091
"brier",5,15,3,0.9,0.122273956854545
"brier",5,15,3,0.91,0.112897158345455
"brier",5,15,3,0.92,0.0993122574318182
"brier",5,15,3,0.93,0.0857536122681818
"brier",5,15,3,0.94,0.0736495895909091
"brier",5,15,3,0.95,0.0600456012636364
"brier",5,15,3,0.96,0.0458478702363636
"brier",5,15,3,0.97,0.0305932153954545
"brier",5,15,3,0.98,0.0215567778772727
"brier",5,15,3,0.99,0.0109183571909091
"brier",5,15,3,0.995,0.00500093299545455
"brier",5,15,4,0.9,0.168361646513636
"brier",5,15,4,0.91,0.155054583681818
"brier",5,15,4,0.92,0.139086822886364
"brier",5,15,4,0.93,0.126394168140909
"brier",5,15,4,0.94,0.112561921268182
"brier",5,15,4,0.95,0.095078651
"brier",5,15,4,0.96,0.0837266804409091
"brier",5,15,4,0.97,0.065398067
"brier",5,15,4,0.98,0.0446890349590909
"brier",5,15,4,0.99,0.0203831121409091
"brier",5,15,4,0.995,0.0124876445636364
"brier",5,15,5,0.9,0.183949783990909
"brier",5,15,5,0.91,0.166174326536364
"brier",5,15,5,0.92,0.150839255759091
"brier",5,15,5,0.93,0.135980803886364
"brier",5,15,5,0.94,0.118438687981818
"brier",5,15,5,0.95,0.103419293486364
"brier",5,15,5,0.96,0.0864616076818182
"brier",5,15,5,0.97,0.0679496288363636
"brier",5,15,5,0.98,0.0482972101681818
"brier",5,15,5,0.99,0.0278834964227273
"brier",5,15,5,0.995,0.0115096249954545
"brier",5,15,6,0.9,0.1789129609
"brier",5,15,6,0.91,0.163213718804545
"brier",5,15,6,0.92,0.1449136735
"brier",5,15,6,0.93,0.127868534445455
"brier",5,15,6,0.94,0.107946245986364
"brier",5,15,6,0.95,0.09109547435
"brier",5,15,6,0.96,0.0746903914681818
"brier",5,15,6,0.97,0.0569635416454545
"brier",5,15,6,0.98,0.0407810392454545
"brier",5,15,6,0.99,0.02786896315
"brier",5,15,6,0.995,0.0199064878090909
"brier",5,15,7,0.9,0.155646982731818
"brier",5,15,7,0.91,0.147078142672727
"brier",5,15,7,0.92,0.13546629465
"brier",5,15,7,0.93,0.122798016636364
"brier",5,15,7,0.94,0.11138975795
"brier",5,15,7,0.95,0.0960627208045455
"brier",5,15,7,0.96,0.0753856530681818
"brier",5,15,7,0.97,0.0596349635681818
"brier",5,15,7,0.98,0.0354524476090909
"brier",5,15,7,0.99,0.0160631656454545
"brier",5,15,7,0.995,0.00841453221818182
"brier",5,15,8,0.9,0.155511879272727
"brier",5,15,8,0.91,0.139248774663636
"brier",5,15,8,0.92,0.123943084659091
"brier",5,15,8,0.93,0.112124569072727
"brier",5,15,8,0.94,0.0978980363227273
"brier",5,15,8,0.95,0.0836435411454546
"brier",5,15,8,0.96,0.0677359631818182
"brier",5,15,8,0.97,0.0555817929
"brier",5,15,8,0.98,0.0397669998727273
"brier",5,15,8,0.99,0.0182803692909091
"brier",5,15,8,0.995,0.00692484413636364
"brier",5,15,9,0.9,0.162619807104545
"brier",5,15,9,0.91,0.147671929804545
"brier",5,15,9,0.92,0.133420773027273
"brier",5,15,9,0.93,0.1173231572
"brier",5,15,9,0.94,0.103259379695455
"brier",5,15,9,0.95,0.0868393357818182
"brier",5,15,9,0.96,0.0694891392590909
"brier",5,15,9,0.97,0.0527447965045455
"brier",5,15,9,0.98,0.0353219774363636
"brier",5,15,9,0.99,0.0169571611818182
"brier",5,15,9,0.995,0.00724910625
"brier",5,15,10,0.9,0.161324845559091
"brier",5,15,10,0.91,0.146378498663636
"brier",5,15,10,0.92,0.130631216368182
"brier",5,15,10,0.93,0.115233070945455
"brier",5,15,10,0.94,0.0991845086409091
"brier",5,15,10,0.95,0.0833678591909091
"brier",5,15,10,0.96,0.0665177774954546
"brier",5,15,10,0.97,0.0503611205045455
"brier",5,15,10,0.98,0.0344660016545455
"brier",5,15,10,0.99,0.0178719810090909
"brier",5,15,10,0.995,0.00936736175454546
"brier",5,15,11,0.9,0.157304824786364
"brier",5,15,11,0.91,0.142999175981818
"brier",5,15,11,0.92,0.128588497659091
"brier",5,15,11,0.93,0.112996858872727
"brier",5,15,11,0.94,0.0987975955227273
"brier",5,15,11,0.95,0.0825889308227273
"brier",5,15,11,0.96,0.0659915335227273
"brier",5,15,11,0.97,0.0459930815181818
"brier",5,15,11,0.98,0.0326547546909091
"brier",5,15,11,0.99,0.0168279218136364
"brier",5,15,11,0.995,0.0106792756090909
"brier",5,15,12,0.9,0.142666460795455
"brier",5,15,12,0.91,0.131255996631818
"brier",5,15,12,0.92,0.117075073095455
"brier",5,15,12,0.93,0.105605389004545
"brier",5,15,12,0.94,0.0929541401
"brier",5,15,12,0.95,0.0807754848
"brier",5,15,12,0.96,0.0674374839545454
"brier",5,15,12,0.97,0.0503356849136364
"brier",5,15,12,0.98,0.0357355940272727
"brier",5,15,12,0.99,0.0248040179136364
"brier",5,15,12,0.995,0.0139147558363636
"brier",5,15,13,0.9,0.181644738745455
"brier",5,15,13,0.91,0.167695926240909
"brier",5,15,13,0.92,0.147701271918182
"brier",5,15,13,0.93,0.132274142681818
"brier",5,15,13,0.94,0.113018630168182
"brier",5,15,13,0.95,0.0934445228318182
"brier",5,15,13,0.96,0.0737204922545455
"brier",5,15,13,0.97,0.0525947896318182
"brier",5,15,13,0.98,0.0323969351363636
"brier",5,15,13,0.99,0.0156382673818182
"brier",5,15,13,0.995,0.00788426785454545
"brier",5,15,14,0.9,0.161259881277273
"brier",5,15,14,0.91,0.147324451159091
"brier",5,15,14,0.92,0.13653048045
"brier",5,15,14,0.93,0.125603726109091
"brier",5,15,14,0.94,0.111492785745455
"brier",5,15,14,0.95,0.0974145254681818
"brier",5,15,14,0.96,0.0850827785
"brier",5,15,14,0.97,0.0708075362181818
"brier",5,15,14,0.98,0.0481208972363636
"brier",5,15,14,0.99,0.0263913716454545
"brier",5,15,14,0.995,0.0132328058045455
"brier",5,15,15,0.9,0.156520671254545
"brier",5,15,15,0.91,0.139662129268182
"brier",5,15,15,0.92,0.120848208636364
"brier",5,15,15,0.93,0.1051110486
"brier",5,15,15,0.94,0.0888122857
"brier",5,15,15,0.95,0.0744443079545455
"brier",5,15,15,0.96,0.0568526159136364
"brier",5,15,15,0.97,0.0420245882954545
"brier",5,15,15,0.98,0.0286514135727273
"brier",5,15,15,0.99,0.0145065765409091
"brier",5,15,15,0.995,0.00556051156818182
"brier",5,15,16,0.9,0.114551532813636
"brier",5,15,16,0.91,0.104301211531818
"brier",5,15,16,0.92,0.0927239568772727
"brier",5,15,16,0.93,0.0803082330136364
"brier",5,15,16,0.94,0.0674994561909091
"brier",5,15,16,0.95,0.0557430870045455
"brier",5,15,16,0.96,0.04483447095
"brier",5,15,16,0.97,0.0365800221909091
"brier",5,15,16,0.98,0.0264271416772727
"brier",5,15,16,0.99,0.0161251418318182
"brier",5,15,16,0.995,0.00818234788636364
"brier",5,15,17,0.9,0.158221398986364
"brier",5,15,17,0.91,0.146158304877273
"brier",5,15,17,0.92,0.131325545504545
"brier",5,15,17,0.93,0.116915159436364
"brier",5,15,17,0.94,0.0989144452318182
"brier",5,15,17,0.95,0.08308768055
"brier",5,15,17,0.96,0.0676452332318182
"brier",5,15,17,0.97,0.0504939226954545
"brier",5,15,17,0.98,0.03319459055
"brier",5,15,17,0.99,0.0182756212272727
"brier",5,15,17,0.995,0.00857117920909091
"brier",5,15,18,0.9,0.149931109240909
"brier",5,15,18,0.91,0.138839828872727
"brier",5,15,18,0.92,0.123242834186364
"brier",5,15,18,0.93,0.107152607304545
"brier",5,15,18,0.94,0.0882892143727273
"brier",5,15,18,0.95,0.0688093843545454
"brier",5,15,18,0.96,0.0498840552181818
"brier",5,15,18,0.97,0.0361927046863636
"brier",5,15,18,0.98,0.0219503076090909
"brier",5,15,18,0.99,0.0100246349409091
"brier",5,15,18,0.995,0.00500000004090909
"brier",5,15,19,0.9,0.115937879022727
"brier",5,15,19,0.91,0.107596885431818
"brier",5,15,19,0.92,0.0964054734681818
"brier",5,15,19,0.93,0.0860382432318182
"brier",5,15,19,0.94,0.0739567577636364
"brier",5,15,19,0.95,0.0632200344818182
"brier",5,15,19,0.96,0.0510787005954545
"brier",5,15,19,0.97,0.0405399212
"brier",5,15,19,0.98,0.0265512529272727
"brier",5,15,19,0.99,0.0110923056636364
"brier",5,15,19,0.995,0.00455620543636364
"brier",5,15,20,0.9,0.137177361113636
"brier",5,15,20,0.91,0.125219789981818
"brier",5,15,20,0.92,0.110724329509091
"brier",5,15,20,0.93,0.0976874657045455
"brier",5,15,20,0.94,0.0875423090454545
"brier",5,15,20,0.95,0.0775418450136364
"brier",5,15,20,0.96,0.0654419812636364
"brier",5,15,20,0.97,0.051089425
"brier",5,15,20,0.98,0.0350505639272727
"brier",5,15,20,0.99,0.0196248682454545
"brier",5,15,20,0.995,0.00972057206363636
"brier",5,15,21,0.9,0.151665297659091
"brier",5,15,21,0.91,0.135546521245455
"brier",5,15,21,0.92,0.118615078063636
"brier",5,15,21,0.93,0.103035046431818
"brier",5,15,21,0.94,0.0892629844227273
"brier",5,15,21,0.95,0.0770152067090909
"brier",5,15,21,0.96,0.0621742061318182
"brier",5,15,21,0.97,0.0473002384090909
"brier",5,15,21,0.98,0.0331449179863636
"brier",5,15,21,0.99,0.01938468705
"brier",5,15,21,0.995,0.0144204983863636
"brier",5,15,22,0.9,0.122515535118182
"brier",5,15,22,0.91,0.111935943081818
"brier",5,15,22,0.92,0.0997617794045455
"brier",5,15,22,0.93,0.0878794416681818
"brier",5,15,22,0.94,0.0741442390363636
"brier",5,15,22,0.95,0.0614909962
"brier",5,15,22,0.96,0.0509978471772727
"brier",5,15,22,0.97,0.0397822564181818
"brier",5,15,22,0.98,0.0246168462909091
"brier",5,15,22,0.99,0.00978715177727273
"brier",5,15,22,0.995,0.00590909352272727
"brier",5,15,23,0.9,0.139742480795455
"brier",5,15,23,0.91,0.132014570359091
"brier",5,15,23,0.92,0.121647295009091
"brier",5,15,23,0.93,0.109882162790909
"brier",5,15,23,0.94,0.0979817498227273
"brier",5,15,23,0.95,0.0826536235181818
"brier",5,15,23,0.96,0.0701247465772727
"brier",5,15,23,0.97,0.0541818239136364
"brier",5,15,23,0.98,0.0344246829636364
"brier",5,15,23,0.99,0.0130685313045455
"brier",5,15,23,0.995,0.00648062393636364
"brier",5,15,24,0.9,0.130840908636364
"brier",5,15,24,0.91,0.118095433636364
"brier",5,15,24,0.92,0.108450336777273
"brier",5,15,24,0.93,0.0964261990272727
"brier",5,15,24,0.94,0.0843349850772727
"brier",5,15,24,0.95,0.0713284084090909
"brier",5,15,24,0.96,0.0597304934727273
"brier",5,15,24,0.97,0.0473815808363636
"brier",5,15,24,0.98,0.0328097287227273
"brier",5,15,24,0.99,0.0146046750454545
"brier",5,15,24,0.995,0.00568504154545455
"brier",5,15,25,0.9,0.142215031122727
"brier",5,15,25,0.91,0.13034684955
"brier",5,15,25,0.92,0.116444522554545
"brier",5,15,25,0.93,0.103692619477273
"brier",5,15,25,0.94,0.0850899600272727
"brier",5,15,25,0.95,0.0681085555454545
"brier",5,15,25,0.96,0.0486605602227273
"brier",5,15,25,0.97,0.0341267951863636
"brier",5,15,25,0.98,0.0204164671318182
"brier",5,15,25,0.99,0.00877474601818182
"brier",5,15,25,0.995,0.00368173453181818
"brier",5,15,26,0.9,0.110938820540909
"brier",5,15,26,0.91,0.100144967968182
"brier",5,15,26,0.92,0.0911443970681818
"brier",5,15,26,0.93,0.081529589
"brier",5,15,26,0.94,0.0716527671545455
"brier",5,15,26,0.95,0.0603788742454545
"brier",5,15,26,0.96,0.0496877227727273
"brier",5,15,26,0.97,0.0389467771636364
"brier",5,15,26,0.98,0.0271525182863636
"brier",5,15,26,0.99,0.0129662676
"brier",5,15,26,0.995,0.00481910477727273
"brier",5,15,27,0.9,0.14076326165
"brier",5,15,27,0.91,0.126817239077273
"brier",5,15,27,0.92,0.111530966254545
"brier",5,15,27,0.93,0.0988431940045455
"brier",5,15,27,0.94,0.0843975347090909
"brier",5,15,27,0.95,0.0685843529954545
"brier",5,15,27,0.96,0.0522738187227273
"brier",5,15,27,0.97,0.0388105531954545
"brier",5,15,27,0.98,0.0273775329409091
"brier",5,15,27,0.99,0.0124342656545455
"brier",5,15,27,0.995,0.00455984541363636
"brier",5,15,28,0.9,0.137707769786364
"brier",5,15,28,0.91,0.125509141068182
"brier",5,15,28,0.92,0.113097669340909
"brier",5,15,28,0.93,0.102032491490909
"brier",5,15,28,0.94,0.0877353322136364
"brier",5,15,28,0.95,0.0717263131954545
"brier",5,15,28,0.96,0.0575802692181818
"brier",5,15,28,0.97,0.0468543914318182
"brier",5,15,28,0.98,0.0362407399954545
"brier",5,15,28,0.99,0.0176199872772727
"brier",5,15,28,0.995,0.00507339502727273
"brier",5,15,29,0.9,0.134498734068182
"brier",5,15,29,0.91,0.119013932368182
"brier",5,15,29,0.92,0.104808538113636
"brier",5,15,29,0.93,0.0915515889863636
"brier",5,15,29,0.94,0.0780617695181818
"brier",5,15,29,0.95,0.0648179249863636
"brier",5,15,29,0.96,0.0500687813818182
"brier",5,15,29,0.97,0.0391433621227273
"brier",5,15,29,0.98,0.0289501802545455
"brier",5,15,29,0.99,0.0166439845136364
"brier",5,15,29,0.995,0.00888840273636364
"brier",5,15,30,0.9,0.137343619731818
"brier",5,15,30,0.91,0.125791000472727
"brier",5,15,30,0.92,0.113683686290909
"brier",5,15,30,0.93,0.100679582063636
"brier",5,15,30,0.94,0.0857616124727273
"brier",5,15,30,0.95,0.0726137346590909
"brier",5,15,30,0.96,0.0600877746
"brier",5,15,30,0.97,0.04614057415
"brier",5,15,30,0.98,0.0346693430090909
"brier",5,15,30,0.99,0.0198016877136364
"brier",5,15,30,0.995,0.0128327522
"brier",5,15,31,0.9,0.151449009136364
"brier",5,15,31,0.91,0.139524553722727
"brier",5,15,31,0.92,0.128167980645455
"brier",5,15,31,0.93,0.116009464636364
"brier",5,15,31,0.94,0.10149076355
"brier",5,15,31,0.95,0.0883437038727273
"brier",5,15,31,0.96,0.0716269180909091
"brier",5,15,31,0.97,0.0565532879363636
"brier",5,15,31,0.98,0.0389740131636364
"brier",5,15,31,0.99,0.0201477249818182
"brier",5,15,31,0.995,0.0126227085272727
"brier",5,15,32,0.9,0.142295388218182
"brier",5,15,32,0.91,0.130358229904545
"brier",5,15,32,0.92,0.120497514481818
"brier",5,15,32,0.93,0.108530363245455
"brier",5,15,32,0.94,0.0971753789409091
"brier",5,15,32,0.95,0.0801148207318182
"brier",5,15,32,0.96,0.0676796937136364
"brier",5,15,32,0.97,0.05482983935
"brier",5,15,32,0.98,0.0410351165636364
"brier",5,15,32,0.99,0.0216730121863636
"brier",5,15,32,0.995,0.0121471689772727
"brier",5,15,33,0.9,0.156747283877273
"brier",5,15,33,0.91,0.142299506390909
"brier",5,15,33,0.92,0.128573724936364
"brier",5,15,33,0.93,0.118704517118182
"brier",5,15,33,0.94,0.104524588754545
"brier",5,15,33,0.95,0.0901091609772727
"brier",5,15,33,0.96,0.0781431866272727
"brier",5,15,33,0.97,0.0597049156772727
"brier",5,15,33,0.98,0.0413447693863636
"brier",5,15,33,0.99,0.0280536795318182
"brier",5,15,33,0.995,0.0184306523409091
"brier",5,15,34,0.9,0.144125035359091
"brier",5,15,34,0.91,0.127742374763636
"brier",5,15,34,0.92,0.112757975031818
"brier",5,15,34,0.93,0.100377095340909
"brier",5,15,34,0.94,0.0855616793954545
"brier",5,15,34,0.95,0.06927563385
"brier",5,15,34,0.96,0.0517231196954545
"brier",5,15,34,0.97,0.0366552718
"brier",5,15,34,0.98,0.0222326861818182
"brier",5,15,34,0.99,0.0127710518409091
"brier",5,15,34,0.995,0.00610366871818182
"brier",5,15,35,0.9,0.131701232481818
"brier",5,15,35,0.91,0.121631077481818
"brier",5,15,35,0.92,0.110767788395455
"brier",5,15,35,0.93,0.100973806572727
"brier",5,15,35,0.94,0.0874638604636364
"brier",5,15,35,0.95,0.0757618726363636
"brier",5,15,35,0.96,0.0647923316863636
"brier",5,15,35,0.97,0.0503852370772727
"brier",5,15,35,0.98,0.0381390286
"brier",5,15,35,0.99,0.0185126289136364
"brier",5,15,35,0.995,0.00777417094090909
"brier",5,15,36,0.9,0.162157994068182
"brier",5,15,36,0.91,0.147594347777273
"brier",5,15,36,0.92,0.137278533318182
"brier",5,15,36,0.93,0.125216683854545
"brier",5,15,36,0.94,0.111333401045455
"brier",5,15,36,0.95,0.0978331940363636
"brier",5,15,36,0.96,0.0807207941318182
"brier",5,15,36,0.97,0.0585592906227273
"brier",5,15,36,0.98,0.0393301498681818
"brier",5,15,36,0.99,0.0212511286727273
"brier",5,15,36,0.995,0.0113447191454545
"brier",5,15,37,0.9,0.1446906736
"brier",5,15,37,0.91,0.133911810145455
"brier",5,15,37,0.92,0.121972624440909
"brier",5,15,37,0.93,0.103252111090909
"brier",5,15,37,0.94,0.0878560246909091
"brier",5,15,37,0.95,0.0700355305545454
"brier",5,15,37,0.96,0.0582894289136364
"brier",5,15,37,0.97,0.0443642093818182
"brier",5,15,37,0.98,0.0306823665636364
"brier",5,15,37,0.99,0.0197124060863636
"brier",5,15,37,0.995,0.0111846843090909
"brier",5,15,38,0.9,0.207678327086364
"brier",5,15,38,0.91,0.190919595918182
"brier",5,15,38,0.92,0.169858573654545
"brier",5,15,38,0.93,0.150462947386364
"brier",5,15,38,0.94,0.128527377881818
"brier",5,15,38,0.95,0.102401248122727
"brier",5,15,38,0.96,0.0698110038227273
"brier",5,15,38,0.97,0.0492696892590909
"brier",5,15,38,0.98,0.0329639185272727
"brier",5,15,38,0.99,0.0135694351454545
"brier",5,15,38,0.995,0.0056042061
"brier",5,15,39,0.9,0.164595414995455
"brier",5,15,39,0.91,0.149012026477273
"brier",5,15,39,0.92,0.131646401222727
"brier",5,15,39,0.93,0.113154556245455
"brier",5,15,39,0.94,0.0935739826409091
"brier",5,15,39,0.95,0.0767687427272727
"brier",5,15,39,0.96,0.0588199131318182
"brier",5,15,39,0.97,0.0403772723545455
"brier",5,15,39,0.98,0.0220481591727273
"brier",5,15,39,0.99,0.00692888530454545
"brier",5,15,39,0.995,0.00409118283181818
"brier",5,15,40,0.9,0.114115844822727
"brier",5,15,40,0.91,0.102712655427273
"brier",5,15,40,0.92,0.0910438674772727
"brier",5,15,40,0.93,0.0793591561272727
"brier",5,15,40,0.94,0.0655502401318182
"brier",5,15,40,0.95,0.0513995836090909
"brier",5,15,40,0.96,0.0399217397363636
"brier",5,15,40,0.97,0.0300710728454545
"brier",5,15,40,0.98,0.0198380443090909
"brier",5,15,40,0.99,0.00741654859545455
"brier",5,15,40,0.995,0.00354784617727273
"brier",5,15,41,0.9,0.150614015463636
"brier",5,15,41,0.91,0.139067366059091
"brier",5,15,41,0.92,0.127501045577273
"brier",5,15,41,0.93,0.112754420145455
"brier",5,15,41,0.94,0.0997167418
"brier",5,15,41,0.95,0.0877013374863636
"brier",5,15,41,0.96,0.0726875478636364
"brier",5,15,41,0.97,0.0555828370681818
"brier",5,15,41,0.98,0.0385522348181818
"brier",5,15,41,0.99,0.0177709502363636
"brier",5,15,41,0.995,0.00988897269545455
"brier",5,15,42,0.9,0.143251625304545
"brier",5,15,42,0.91,0.130448645954545
"brier",5,15,42,0.92,0.117383788477273
"brier",5,15,42,0.93,0.101788727713636
"brier",5,15,42,0.94,0.0898797252681818
"brier",5,15,42,0.95,0.0755288089
"brier",5,15,42,0.96,0.0596352097863636
"brier",5,15,42,0.97,0.0452923144045455
"brier",5,15,42,0.98,0.03110177155
"brier",5,15,42,0.99,0.0160754159
"brier",5,15,42,0.995,0.00969807167272727
"brier",5,15,43,0.9,0.141300067381818
"brier",5,15,43,0.91,0.128104802281818
"brier",5,15,43,0.92,0.111050054959091
"brier",5,15,43,0.93,0.0982150913181818
"brier",5,15,43,0.94,0.0850460023909091
"brier",5,15,43,0.95,0.0677838319272727
"brier",5,15,43,0.96,0.054944518
"brier",5,15,43,0.97,0.0404707029409091
"brier",5,15,43,0.98,0.0252587367090909
"brier",5,15,43,0.99,0.01051317075
"brier",5,15,43,0.995,0.00597941693181818
"brier",5,15,44,0.9,0.141046036677273
"brier",5,15,44,0.91,0.13188872295
"brier",5,15,44,0.92,0.119059337263636
"brier",5,15,44,0.93,0.105839589113636
"brier",5,15,44,0.94,0.0961433141227273
"brier",5,15,44,0.95,0.0813230919454545
"brier",5,15,44,0.96,0.0674216776136364
"brier",5,15,44,0.97,0.0566253081318182
"brier",5,15,44,0.98,0.0380765332409091
"brier",5,15,44,0.99,0.0199234152090909
"brier",5,15,44,0.995,0.0100721783272727
"brier",5,15,45,0.9,0.154597587686364
"brier",5,15,45,0.91,0.141037089754545
"brier",5,15,45,0.92,0.123782547659091
"brier",5,15,45,0.93,0.1057522051
"brier",5,15,45,0.94,0.0914008815454545
"brier",5,15,45,0.95,0.0766807481909091
"brier",5,15,45,0.96,0.0593648125772727
"brier",5,15,45,0.97,0.0467066490318182
"brier",5,15,45,0.98,0.0320356091227273
"brier",5,15,45,0.99,0.0155425548045455
"brier",5,15,45,0.995,0.00846787935454545
"brier",5,15,46,0.9,0.175843274436364
"brier",5,15,46,0.91,0.156253386118182
"brier",5,15,46,0.92,0.140137724990909
"brier",5,15,46,0.93,0.12297100695
"brier",5,15,46,0.94,0.104777877059091
"brier",5,15,46,0.95,0.0812201708818182
"brier",5,15,46,0.96,0.0592974254363636
"brier",5,15,46,0.97,0.0425303142909091
"brier",5,15,46,0.98,0.0266404476136364
"brier",5,15,46,0.99,0.0108080267772727
"brier",5,15,46,0.995,0.00490526057272727
"brier",5,15,47,0.9,0.165508977909091
"brier",5,15,47,0.91,0.148897831695455
"brier",5,15,47,0.92,0.130215892654545
"brier",5,15,47,0.93,0.115720289622727
"brier",5,15,47,0.94,0.0986898311863636
"brier",5,15,47,0.95,0.0802804971636364
"brier",5,15,47,0.96,0.0660001744090909
"brier",5,15,47,0.97,0.0487406734090909
"brier",5,15,47,0.98,0.0307943346636364
"brier",5,15,47,0.99,0.0156900967727273
"brier",5,15,47,0.995,0.00693217870454545
"brier",5,15,48,0.9,0.177557963236364
"brier",5,15,48,0.91,0.166953313227273
"brier",5,15,48,0.92,0.149785288086364
"brier",5,15,48,0.93,0.136226563486364
"brier",5,15,48,0.94,0.115383144881818
"brier",5,15,48,0.95,0.0981411654136364
"brier",5,15,48,0.96,0.0854264209045455
"brier",5,15,48,0.97,0.0702924202409091
"brier",5,15,48,0.98,0.0519973680590909
"brier",5,15,48,0.99,0.03428655115
"brier",5,15,48,0.995,0.0218971415409091
"brier",5,15,49,0.9,0.156481853327273
"brier",5,15,49,0.91,0.144212462195455
"brier",5,15,49,0.92,0.128981245931818
"brier",5,15,49,0.93,0.112112383636364
"brier",5,15,49,0.94,0.0980901266090909
"brier",5,15,49,0.95,0.0820657408090909
"brier",5,15,49,0.96,0.0651502524136364
"brier",5,15,49,0.97,0.0438540857454545
"brier",5,15,49,0.98,0.0232741576772727
"brier",5,15,49,0.99,0.0083700159
"brier",5,15,49,0.995,0.00412742525909091
"brier",5,15,50,0.9,0.14188673195
"brier",5,15,50,0.91,0.129431261059091
"brier",5,15,50,0.92,0.1123145138
"brier",5,15,50,0.93,0.0988343191409091
"brier",5,15,50,0.94,0.0861051331227273
"brier",5,15,50,0.95,0.0703888988909091
"brier",5,15,50,0.96,0.0569041853227273
"brier",5,15,50,0.97,0.0381806501818182
"brier",5,15,50,0.98,0.0244017717045455
"brier",5,15,50,0.99,0.0125646051045455
"brier",5,15,50,0.995,0.00765286912272727
"quant",1,0,1,0.9,1.94510943408398
"quant",1,0,1,0.91,1.81864039816595
"quant",1,0,1,0.92,1.68366922921765
"quant",1,0,1,0.93,1.53761820976215
"quant",1,0,1,0.94,1.38107208330682
"quant",1,0,1,0.95,1.2109458915564
"quant",1,0,1,0.96,1.01844477791113
"quant",1,0,1,0.97,0.827731811966015
"quant",1,0,1,0.98,0.599667620515453
"quant",1,0,1,0.99,0.353910054970329
"quant",1,0,1,0.995,0.2057729071323
"quant",1,0,2,0.9,1.6269271606576
"quant",1,0,2,0.91,1.51557560519304
"quant",1,0,2,0.92,1.39617580517688
"quant",1,0,2,0.93,1.2689279609458
"quant",1,0,2,0.94,1.13623137206154
"quant",1,0,2,0.95,0.992260908013933
"quant",1,0,2,0.96,0.835873621751736
"quant",1,0,2,0.97,0.668815825673163
"quant",1,0,2,0.98,0.491416984980384
"quant",1,0,2,0.99,0.286025981400441
"quant",1,0,2,0.995,0.159694064203384
"quant",1,0,3,0.9,2.07858028577089
"quant",1,0,3,0.91,1.9713318458461
"quant",1,0,3,0.92,1.8580622714515
"quant",1,0,3,0.93,1.73370625100651
"quant",1,0,3,0.94,1.60012309939502
"quant",1,0,3,0.95,1.45468703744025
"quant",1,0,3,0.96,1.29053023535725
"quant",1,0,3,0.97,1.10824230688617
"quant",1,0,3,0.98,0.892604214810234
"quant",1,0,3,0.99,0.62266684674612
"quant",1,0,3,0.995,0.45827166667369
"quant",1,0,4,0.9,1.51255955558263
"quant",1,0,4,0.91,1.41992415123816
"quant",1,0,4,0.92,1.32160189768726
"quant",1,0,4,0.93,1.21757772284307
"quant",1,0,4,0.94,1.10634240822682
"quant",1,0,4,0.95,0.988216684082261
"quant",1,0,4,0.96,0.86815822829345
"quant",1,0,4,0.97,0.735759764841421
"quant",1,0,4,0.98,0.622711668225552
"quant",1,0,4,0.99,0.408830909206421
"quant",1,0,4,0.995,0.239018147363895
"quant",1,0,5,0.9,1.74895587263526
"quant",1,0,5,0.91,1.64226696788544
"quant",1,0,5,0.92,1.52901897585697
"quant",1,0,5,0.93,1.40738080433481
"quant",1,0,5,0.94,1.279048655682
"quant",1,0,5,0.95,1.13913222927174
"quant",1,0,5,0.96,0.981704477762058
"quant",1,0,5,0.97,0.8105049369156
"quant",1,0,5,0.98,0.641845197680846
"quant",1,0,5,0.99,0.410904055030925
"quant",1,0,5,0.995,0.259069589765142
"quant",1,0,6,0.9,1.64841417353616
"quant",1,0,6,0.91,1.54791712945914
"quant",1,0,6,0.92,1.43927931823386
"quant",1,0,6,0.93,1.32324608152626
"quant",1,0,6,0.94,1.20079990337636
"quant",1,0,6,0.95,1.07389775749396
"quant",1,0,6,0.96,0.956535195831177
"quant",1,0,6,0.97,0.821279419312982
"quant",1,0,6,0.98,0.652265225265509
"quant",1,0,6,0.99,0.413604287168727
"quant",1,0,6,0.995,0.234815759448697
"quant",1,0,7,0.9,2.03875011756606
"quant",1,0,7,0.91,1.93129887478822
"quant",1,0,7,0.92,1.81645500052251
"quant",1,0,7,0.93,1.69093319490567
"quant",1,0,7,0.94,1.55385586501573
"quant",1,0,7,0.95,1.40378266734434
"quant",1,0,7,0.96,1.23131336939177
"quant",1,0,7,0.97,1.02887951671868
"quant",1,0,7,0.98,0.791353544465668
"quant",1,0,7,0.99,0.509989809094169
"quant",1,0,7,0.995,0.334188037638493
"quant",1,0,8,0.9,2.15008846012604
"quant",1,0,8,0.91,2.04976910630552
"quant",1,0,8,0.92,1.94027138241181
"quant",1,0,8,0.93,1.8193866452571
"quant",1,0,8,0.94,1.69413711028967
"quant",1,0,8,0.95,1.54279616988697
"quant",1,0,8,0.96,1.36410885711954
"quant",1,0,8,0.97,1.14927758400781
"quant",1,0,8,0.98,0.877433373548843
"quant",1,0,8,0.99,0.535474349266998
"quant",1,0,8,0.995,0.332970616611552
"quant",1,0,9,0.9,1.93130714387058
"quant",1,0,9,0.91,1.81829763631358
"quant",1,0,9,0.92,1.69443266240483
"quant",1,0,9,0.93,1.55871343240864
"quant",1,0,9,0.94,1.41066065672456
"quant",1,0,9,0.95,1.25087882075917
"quant",1,0,9,0.96,1.07868194006532
"quant",1,0,9,0.97,0.893863663160739
"quant",1,0,9,0.98,0.701390049814513
"quant",1,0,9,0.99,0.440014576685156
"quant",1,0,9,0.995,0.272829375851254
"quant",1,0,10,0.9,1.93243913127011
"quant",1,0,10,0.91,1.81763221541586
"quant",1,0,10,0.92,1.696396887056
"quant",1,0,10,0.93,1.56561729658577
"quant",1,0,10,0.94,1.42533489463258
"quant",1,0,10,0.95,1.27354911615249
"quant",1,0,10,0.96,1.11600153640677
"quant",1,0,10,0.97,0.936363645905255
"quant",1,0,10,0.98,0.716276009169067
"quant",1,0,10,0.99,0.44182733761673
"quant",1,0,10,0.995,0.275795687411899
"quant",1,0,11,0.9,1.85221394092197
"quant",1,0,11,0.91,1.75114694611258
"quant",1,0,11,0.92,1.64266523606615
"quant",1,0,11,0.93,1.52536172708917
"quant",1,0,11,0.94,1.399815426456
"quant",1,0,11,0.95,1.26004698114434
"quant",1,0,11,0.96,1.10284950558036
"quant",1,0,11,0.97,0.928788033524708
"quant",1,0,11,0.98,0.733733324984448
"quant",1,0,11,0.99,0.494740699799252
"quant",1,0,11,0.995,0.337039442232663
"quant",1,0,12,0.9,1.67117839149716
"quant",1,0,12,0.91,1.57114672112398
"quant",1,0,12,0.92,1.46453143759929
"quant",1,0,12,0.93,1.34966153799548
"quant",1,0,12,0.94,1.22781425539197
"quant",1,0,12,0.95,1.0987656849968
"quant",1,0,12,0.96,0.95871145206787
"quant",1,0,12,0.97,0.800073043565966
"quant",1,0,12,0.98,0.629834386708008
"quant",1,0,12,0.99,0.432098122985777
"quant",1,0,12,0.995,0.298651602152338
"quant",1,0,13,0.9,1.83513844599839
"quant",1,0,13,0.91,1.7171739853926
"quant",1,0,13,0.92,1.59035279851541
"quant",1,0,13,0.93,1.45421376950764
"quant",1,0,13,0.94,1.30961318713089
"quant",1,0,13,0.95,1.15316246703613
"quant",1,0,13,0.96,0.982486245845979
"quant",1,0,13,0.97,0.795077211406873
"quant",1,0,13,0.98,0.589705467127793
"quant",1,0,13,0.99,0.347054775233349
"quant",1,0,13,0.995,0.193458650892107
"quant",1,0,14,0.9,1.88071045237542
"quant",1,0,14,0.91,1.772039749743
"quant",1,0,14,0.92,1.65395009504289
"quant",1,0,14,0.93,1.52443536047334
"quant",1,0,14,0.94,1.38487153477679
"quant",1,0,14,0.95,1.23873927603218
"quant",1,0,14,0.96,1.09202066237741
"quant",1,0,14,0.97,0.922545437272693
"quant",1,0,14,0.98,0.729811020556448
"quant",1,0,14,0.99,0.484496228747763
"quant",1,0,14,0.995,0.33034915292925
"quant",1,0,15,0.9,1.60454627546279
"quant",1,0,15,0.91,1.49811804285646
"quant",1,0,15,0.92,1.38668238102502
"quant",1,0,15,0.93,1.26736425706421
"quant",1,0,15,0.94,1.14018022865344
"quant",1,0,15,0.95,1.00415387524797
"quant",1,0,15,0.96,0.85984559287135
"quant",1,0,15,0.97,0.700831898754017
"quant",1,0,15,0.98,0.527299636340164
"quant",1,0,15,0.99,0.317471465491678
"quant",1,0,15,0.995,0.187796903125496
"quant",1,0,16,0.9,2.11364363289702
"quant",1,0,16,0.91,2.0024759706364
"quant",1,0,16,0.92,1.88229301565063
"quant",1,0,16,0.93,1.75087267943551
"quant",1,0,16,0.94,1.60845026956778
"quant",1,0,16,0.95,1.44985994532568
"quant",1,0,16,0.96,1.27061375522331
"quant",1,0,16,0.97,1.06893510235212
"quant",1,0,16,0.98,0.854799881674886
"quant",1,0,16,0.99,0.601361504625601
"quant",1,0,16,0.995,0.41196200096089
"quant",1,0,17,0.9,1.73115937185126
"quant",1,0,17,0.91,1.62209100118348
"quant",1,0,17,0.92,1.50493348964075
"quant",1,0,17,0.93,1.37823524996816
"quant",1,0,17,0.94,1.23910849197007
"quant",1,0,17,0.95,1.08559344149506
"quant",1,0,17,0.96,0.918819758848372
"quant",1,0,17,0.97,0.736931909541173
"quant",1,0,17,0.98,0.533192331873181
"quant",1,0,17,0.99,0.299244943106599
"quant",1,0,17,0.995,0.166588826356759
"quant",1,0,18,0.9,2.30513187135763
"quant",1,0,18,0.91,2.18428306883634
"quant",1,0,18,0.92,2.054190663394
"quant",1,0,18,0.93,1.91390547784404
"quant",1,0,18,0.94,1.76097777382644
"quant",1,0,18,0.95,1.59503342661445
"quant",1,0,18,0.96,1.41344897657121
"quant",1,0,18,0.97,1.21844005079685
"quant",1,0,18,0.98,1.00087307344692
"quant",1,0,18,0.99,0.745419420390553
"quant",1,0,18,0.995,0.589523096812762
"quant",1,0,19,0.9,2.56930438162183
"quant",1,0,19,0.91,2.4503074409732
"quant",1,0,19,0.92,2.32081851528229
"quant",1,0,19,0.93,2.18060263131004
"quant",1,0,19,0.94,2.025411263976
"quant",1,0,19,0.95,1.85098248386074
"quant",1,0,19,0.96,1.65519533692245
"quant",1,0,19,0.97,1.42697370408266
"quant",1,0,19,0.98,1.12581699997871
"quant",1,0,19,0.99,0.825126932571505
"quant",1,0,19,0.995,0.635428030120806
"quant",1,0,20,0.9,1.8651280652093
"quant",1,0,20,0.91,1.74525364110992
"quant",1,0,20,0.92,1.61577249986273
"quant",1,0,20,0.93,1.47492444122799
"quant",1,0,20,0.94,1.32584491404804
"quant",1,0,20,0.95,1.16479347082651
"quant",1,0,20,0.96,0.987571231535096
"quant",1,0,20,0.97,0.79114453518559
"quant",1,0,20,0.98,0.569050978577904
"quant",1,0,20,0.99,0.3117808334349
"quant",1,0,20,0.995,0.171389178640505
"quant",1,0,21,0.9,1.80604361969944
"quant",1,0,21,0.91,1.70527376390038
"quant",1,0,21,0.92,1.598214490875
"quant",1,0,21,0.93,1.48425888945124
"quant",1,0,21,0.94,1.35887106557825
"quant",1,0,21,0.95,1.22019507739945
"quant",1,0,21,0.96,1.07580035993819
"quant",1,0,21,0.97,0.916948909022421
"quant",1,0,21,0.98,0.703730113887767
"quant",1,0,21,0.99,0.424494958756941
"quant",1,0,21,0.995,0.249590809905801
"quant",1,0,22,0.9,2.29632395902704
"quant",1,0,22,0.91,2.18668914395363
"quant",1,0,22,0.92,2.06917484462709
"quant",1,0,22,0.93,1.94015977580655
"quant",1,0,22,0.94,1.79913101736863
"quant",1,0,22,0.95,1.64257755275551
"quant",1,0,22,0.96,1.46838280319164
"quant",1,0,22,0.97,1.27722949449438
"quant",1,0,22,0.98,1.04123867435972
"quant",1,0,22,0.99,0.758568013595962
"quant",1,0,22,0.995,0.593290100644073
"quant",1,0,23,0.9,2.02472709945434
"quant",1,0,23,0.91,1.910691189638
"quant",1,0,23,0.92,1.79057311572433
"quant",1,0,23,0.93,1.66162463638882
"quant",1,0,23,0.94,1.51858825033225
"quant",1,0,23,0.95,1.35989626292204
"quant",1,0,23,0.96,1.19705702921187
"quant",1,0,23,0.97,1.01736690041394
"quant",1,0,23,0.98,0.809661640592035
"quant",1,0,23,0.99,0.541738788769717
"quant",1,0,23,0.995,0.36954812054856
"quant",1,0,24,0.9,2.16226896283724
"quant",1,0,24,0.91,2.05021741001199
"quant",1,0,24,0.92,1.92854203601059
"quant",1,0,24,0.93,1.79313293615821
"quant",1,0,24,0.94,1.64347956346616
"quant",1,0,24,0.95,1.47505318793138
"quant",1,0,24,0.96,1.28143259964994
"quant",1,0,24,0.97,1.06790987229086
"quant",1,0,24,0.98,0.829623859424233
"quant",1,0,24,0.99,0.546130907138202
"quant",1,0,24,0.995,0.373537867300641
"quant",1,0,25,0.9,2.06101774900537
"quant",1,0,25,0.91,1.94308367809528
"quant",1,0,25,0.92,1.81580586402198
"quant",1,0,25,0.93,1.67731845333898
"quant",1,0,25,0.94,1.52626753003816
"quant",1,0,25,0.95,1.36140976266156
"quant",1,0,25,0.96,1.18035367726368
"quant",1,0,25,0.97,0.978957835791964
"quant",1,0,25,0.98,0.746748188167243
"quant",1,0,25,0.99,0.475626875725204
"quant",1,0,25,0.995,0.319254098974741
"quant",1,0,26,0.9,2.04973728835258
"quant",1,0,26,0.91,1.92943799650686
"quant",1,0,26,0.92,1.80219069716026
"quant",1,0,26,0.93,1.66432240051133
"quant",1,0,26,0.94,1.51337451475567
"quant",1,0,26,0.95,1.34618952358669
"quant",1,0,26,0.96,1.14789847157858
"quant",1,0,26,0.97,0.942617071353754
"quant",1,0,26,0.98,0.706682910379935
"quant",1,0,26,0.99,0.464829176554969
"quant",1,0,26,0.995,0.317115028156282
"quant",1,0,27,0.9,1.97028414359802
"quant",1,0,27,0.91,1.85008949131268
"quant",1,0,27,0.92,1.72040397879365
"quant",1,0,27,0.93,1.5817819509524
"quant",1,0,27,0.94,1.43119044812654
"quant",1,0,27,0.95,1.26680507305092
"quant",1,0,27,0.96,1.09257063534402
"quant",1,0,27,0.97,0.904745162001423
"quant",1,0,27,0.98,0.696052273298487
"quant",1,0,27,0.99,0.459057814463437
"quant",1,0,27,0.995,0.318715114175216
"quant",1,0,28,0.9,1.78272168831682
"quant",1,0,28,0.91,1.67290635605085
"quant",1,0,28,0.92,1.55612779935621
"quant",1,0,28,0.93,1.43276074448545
"quant",1,0,28,0.94,1.30221771716026
"quant",1,0,28,0.95,1.16301907970532
"quant",1,0,28,0.96,1.01825903660594
"quant",1,0,28,0.97,0.85085721949747
"quant",1,0,28,0.98,0.648433657376557
"quant",1,0,28,0.99,0.408854841733994
"quant",1,0,28,0.995,0.264782666303679
"quant",1,0,29,0.9,1.72199214670329
"quant",1,0,29,0.91,1.60231247676232
"quant",1,0,29,0.92,1.47614469465036
"quant",1,0,29,0.93,1.34084825559895
"quant",1,0,29,0.94,1.1965197599213
"quant",1,0,29,0.95,1.04063391508944
"quant",1,0,29,0.96,0.873800608795678
"quant",1,0,29,0.97,0.702473523374482
"quant",1,0,29,0.98,0.524494125335632
"quant",1,0,29,0.99,0.308334144824498
"quant",1,0,29,0.995,0.17645738967934
"quant",1,0,30,0.9,1.75100204508994
"quant",1,0,30,0.91,1.64250587345411
"quant",1,0,30,0.92,1.52692930988288
"quant",1,0,30,0.93,1.40273924228022
"quant",1,0,30,0.94,1.26920718894417
"quant",1,0,30,0.95,1.12374245399287
"quant",1,0,30,0.96,0.966495526987193
"quant",1,0,30,0.97,0.797029638403347
"quant",1,0,30,0.98,0.6378613006839
"quant",1,0,30,0.99,0.42791784026021
"quant",1,0,30,0.995,0.264104927539857
"quant",1,0,31,0.9,1.87447339776726
"quant",1,0,31,0.91,1.75479248162597
"quant",1,0,31,0.92,1.62759810344298
"quant",1,0,31,0.93,1.49134610380663
"quant",1,0,31,0.94,1.34467597869712
"quant",1,0,31,0.95,1.18963383935458
"quant",1,0,31,0.96,1.02799965543151
"quant",1,0,31,0.97,0.851586010557221
"quant",1,0,31,0.98,0.644047094582663
"quant",1,0,31,0.99,0.383960626570736
"quant",1,0,31,0.995,0.224210631313387
"quant",1,0,32,0.9,1.949069326602
"quant",1,0,32,0.91,1.82244356190969
"quant",1,0,32,0.92,1.68833891273928
"quant",1,0,32,0.93,1.54502770705746
"quant",1,0,32,0.94,1.3976577376068
"quant",1,0,32,0.95,1.24263719161211
"quant",1,0,32,0.96,1.06830808275356
"quant",1,0,32,0.97,0.866036141806447
"quant",1,0,32,0.98,0.649016795103374
"quant",1,0,32,0.99,0.398147907904817
"quant",1,0,32,0.995,0.224806617726898
"quant",1,0,33,0.9,1.81335056905112
"quant",1,0,33,0.91,1.691399877978
"quant",1,0,33,0.92,1.56151126721865
"quant",1,0,33,0.93,1.42405785858323
"quant",1,0,33,0.94,1.28370767150316
"quant",1,0,33,0.95,1.14765079698523
"quant",1,0,33,0.96,0.988130505042006
"quant",1,0,33,0.97,0.803259593659441
"quant",1,0,33,0.98,0.600399140772604
"quant",1,0,33,0.99,0.347707676715968
"quant",1,0,33,0.995,0.190114134946085
"quant",1,0,34,0.9,2.25870391704365
"quant",1,0,34,0.91,2.13017860930842
"quant",1,0,34,0.92,1.99040665108385
"quant",1,0,34,0.93,1.83638808843746
"quant",1,0,34,0.94,1.66653244172763
"quant",1,0,34,0.95,1.47975067749262
"quant",1,0,34,0.96,1.27616667229185
"quant",1,0,34,0.97,1.05838051930708
"quant",1,0,34,0.98,0.798856701756043
"quant",1,0,34,0.99,0.491856000600607
"quant",1,0,34,0.995,0.312929370756674
"quant",1,0,35,0.9,2.24134082867453
"quant",1,0,35,0.91,2.10913864007441
"quant",1,0,35,0.92,1.96855282600681
"quant",1,0,35,0.93,1.8194952162127
"quant",1,0,35,0.94,1.66207907448081
"quant",1,0,35,0.95,1.49290112173873
"quant",1,0,35,0.96,1.30326653165938
"quant",1,0,35,0.97,1.08943770415308
"quant",1,0,35,0.98,0.832016684408268
"quant",1,0,35,0.99,0.543993718276769
"quant",1,0,35,0.995,0.375742596018285
"quant",1,0,36,0.9,1.67711563050346
"quant",1,0,36,0.91,1.57383184576949
"quant",1,0,36,0.92,1.46070109224725
"quant",1,0,36,0.93,1.34036807931985
"quant",1,0,36,0.94,1.21290890869479
"quant",1,0,36,0.95,1.07869192975409
"quant",1,0,36,0.96,0.930569244016703
"quant",1,0,36,0.97,0.759061096946611
"quant",1,0,36,0.98,0.567459205247447
"quant",1,0,36,0.99,0.332457250110698
"quant",1,0,36,0.995,0.183697830608285
"quant",1,0,37,0.9,1.96911330430241
"quant",1,0,37,0.91,1.85590192878577
"quant",1,0,37,0.92,1.73358874488337
"quant",1,0,37,0.93,1.60185693159611
"quant",1,0,37,0.94,1.45932566709345
"quant",1,0,37,0.95,1.30385930854291
"quant",1,0,37,0.96,1.13064190362813
"quant",1,0,37,0.97,0.936542181625716
"quant",1,0,37,0.98,0.701350269524741
"quant",1,0,37,0.99,0.447127734659896
"quant",1,0,37,0.995,0.275329845771181
"quant",1,0,38,0.9,2.10865027687232
"quant",1,0,38,0.91,1.99948347249641
"quant",1,0,38,0.92,1.87736779554203
"quant",1,0,38,0.93,1.73914887074069
"quant",1,0,38,0.94,1.58612199435133
"quant",1,0,38,0.95,1.4145368632468
"quant",1,0,38,0.96,1.22203010226549
"quant",1,0,38,0.97,1.00562352131403
"quant",1,0,38,0.98,0.761814215927704
"quant",1,0,38,0.99,0.463369571704453
"quant",1,0,38,0.995,0.28755012596899
"quant",1,0,39,0.9,1.96110204626913
"quant",1,0,39,0.91,1.84554371678254
"quant",1,0,39,0.92,1.7230830861531
"quant",1,0,39,0.93,1.5938716911405
"quant",1,0,39,0.94,1.45738235299877
"quant",1,0,39,0.95,1.30687470993746
"quant",1,0,39,0.96,1.13885633611385
"quant",1,0,39,0.97,0.950388628419647
"quant",1,0,39,0.98,0.732330329095864
"quant",1,0,39,0.99,0.474479765954945
"quant",1,0,39,0.995,0.324909310362091
"quant",1,0,40,0.9,2.19177064824246
"quant",1,0,40,0.91,2.0647799098679
"quant",1,0,40,0.92,1.92872968164088
"quant",1,0,40,0.93,1.78371520711455
"quant",1,0,40,0.94,1.62774584445083
"quant",1,0,40,0.95,1.4601054526964
"quant",1,0,40,0.96,1.27579092576988
"quant",1,0,40,0.97,1.06920789846882
"quant",1,0,40,0.98,0.820886036189128
"quant",1,0,40,0.99,0.556327817627441
"quant",1,0,40,0.995,0.393227473527124
"quant",1,0,41,0.9,1.70438151355979
"quant",1,0,41,0.91,1.60010470972872
"quant",1,0,41,0.92,1.49080027828328
"quant",1,0,41,0.93,1.37501613679473
"quant",1,0,41,0.94,1.24819555760307
"quant",1,0,41,0.95,1.11137181890473
"quant",1,0,41,0.96,0.965812853997332
"quant",1,0,41,0.97,0.804736650410692
"quant",1,0,41,0.98,0.621448856911778
"quant",1,0,41,0.99,0.389661745752732
"quant",1,0,41,0.995,0.238248826809934
"quant",1,0,42,0.9,1.72916659272863
"quant",1,0,42,0.91,1.6202944198651
"quant",1,0,42,0.92,1.50618945039426
"quant",1,0,42,0.93,1.38524840566009
"quant",1,0,42,0.94,1.25550412996224
"quant",1,0,42,0.95,1.11660648234197
"quant",1,0,42,0.96,0.975736694268603
"quant",1,0,42,0.97,0.81976472501727
"quant",1,0,42,0.98,0.636996522030542
"quant",1,0,42,0.99,0.418406063423839
"quant",1,0,42,0.995,0.284233380299264
"quant",1,0,43,0.9,2.11529866624087
"quant",1,0,43,0.91,1.99953002534434
"quant",1,0,43,0.92,1.87469256930465
"quant",1,0,43,0.93,1.73857725061091
"quant",1,0,43,0.94,1.587125575563
"quant",1,0,43,0.95,1.41974525278754
"quant",1,0,43,0.96,1.23352192424218
"quant",1,0,43,0.97,1.01939950429682
"quant",1,0,43,0.98,0.760150756558612
"quant",1,0,43,0.99,0.484724896776705
"quant",1,0,43,0.995,0.312955539244839
"quant",1,0,44,0.9,1.82716551426966
"quant",1,0,44,0.91,1.72023976044092
"quant",1,0,44,0.92,1.61066153345958
"quant",1,0,44,0.93,1.49615893066899
"quant",1,0,44,0.94,1.36530150614517
"quant",1,0,44,0.95,1.21525257515694
"quant",1,0,44,0.96,1.04921601831925
"quant",1,0,44,0.97,0.859383129498098
"quant",1,0,44,0.98,0.645285139537176
"quant",1,0,44,0.99,0.383825286918896
"quant",1,0,44,0.995,0.225951796469443
"quant",1,0,45,0.9,2.19805132917928
"quant",1,0,45,0.91,2.08028412711511
"quant",1,0,45,0.92,1.95577592787825
"quant",1,0,45,0.93,1.81955363221321
"quant",1,0,45,0.94,1.67413503206939
"quant",1,0,45,0.95,1.51485189424216
"quant",1,0,45,0.96,1.33373956659376
"quant",1,0,45,0.97,1.12693035026918
"quant",1,0,45,0.98,0.887779884164055
"quant",1,0,45,0.99,0.59911196505633
"quant",1,0,45,0.995,0.431036625655688
"quant",1,0,46,0.9,2.08524186342265
"quant",1,0,46,0.91,1.97144654023488
"quant",1,0,46,0.92,1.85101551590479
"quant",1,0,46,0.93,1.72356309259815
"quant",1,0,46,0.94,1.58357248399586
"quant",1,0,46,0.95,1.43347086563976
"quant",1,0,46,0.96,1.26689576470268
"quant",1,0,46,0.97,1.08049624441966
"quant",1,0,46,0.98,0.857716938867569
"quant",1,0,46,0.99,0.599587531502323
"quant",1,0,46,0.995,0.43575302646545
"quant",1,0,47,0.9,2.21860531019043
"quant",1,0,47,0.91,2.10306210863539
"quant",1,0,47,0.92,1.97468145551314
"quant",1,0,47,0.93,1.82976654293033
"quant",1,0,47,0.94,1.66451591067532
"quant",1,0,47,0.95,1.48156454852428
"quant",1,0,47,0.96,1.27767994023098
"quant",1,0,47,0.97,1.05722941496709
"quant",1,0,47,0.98,0.804819375263095
"quant",1,0,47,0.99,0.519164481245121
"quant",1,0,47,0.995,0.342727052993336
"quant",1,0,48,0.9,1.80323550777347
"quant",1,0,48,0.91,1.69088475035677
"quant",1,0,48,0.92,1.57235965664371
"quant",1,0,48,0.93,1.445195038751
"quant",1,0,48,0.94,1.30436744774288
"quant",1,0,48,0.95,1.14797392248628
"quant",1,0,48,0.96,0.97187003144196
"quant",1,0,48,0.97,0.77572041216404
"quant",1,0,48,0.98,0.567592099910221
"quant",1,0,48,0.99,0.322979428523874
"quant",1,0,48,0.995,0.172779699516864
"quant",1,0,49,0.9,1.89662544469218
"quant",1,0,49,0.91,1.79507951586922
"quant",1,0,49,0.92,1.68619010542244
"quant",1,0,49,0.93,1.56800085286364
"quant",1,0,49,0.94,1.43873156543856
"quant",1,0,49,0.95,1.29528269208006
"quant",1,0,49,0.96,1.13350017171602
"quant",1,0,49,0.97,0.948863127830529
"quant",1,0,49,0.98,0.728964799824211
"quant",1,0,49,0.99,0.47259918899858
"quant",1,0,49,0.995,0.323222721001846
"quant",1,0,50,0.9,1.61809281682279
"quant",1,0,50,0.91,1.51165703000952
"quant",1,0,50,0.92,1.39779962071265
"quant",1,0,50,0.93,1.27713916266397
"quant",1,0,50,0.94,1.1544027190262
"quant",1,0,50,0.95,1.02140182529648
"quant",1,0,50,0.96,0.876966979011038
"quant",1,0,50,0.97,0.719122246080961
"quant",1,0,50,0.98,0.529096036968979
"quant",1,0,50,0.99,0.310951233591714
"quant",1,0,50,0.995,0.18199196315256
"quant",2,0,1,0.9,1.94071404747848
"quant",2,0,1,0.91,1.81398767549958
"quant",2,0,1,0.92,1.67865953148589
"quant",2,0,1,0.93,1.53288051079496
"quant",2,0,1,0.94,1.37721090721968
"quant",2,0,1,0.95,1.20763677111134
"quant",2,0,1,0.96,1.01619040623104
"quant",2,0,1,0.97,0.820458593008527
"quant",2,0,1,0.98,0.597024436091426
"quant",2,0,1,0.99,0.350062148665159
"quant",2,0,1,0.995,0.201356110365822
"quant",2,0,2,0.9,1.63174301502223
"quant",2,0,2,0.91,1.52028809386931
"quant",2,0,2,0.92,1.40074889444325
"quant",2,0,2,0.93,1.27294283574798
"quant",2,0,2,0.94,1.1391803592303
"quant",2,0,2,0.95,0.994286924716603
"quant",2,0,2,0.96,0.836051182958747
"quant",2,0,2,0.97,0.666975961183855
"quant",2,0,2,0.98,0.483620055677082
"quant",2,0,2,0.99,0.276186095622915
"quant",2,0,2,0.995,0.150658533424404
"quant",2,0,3,0.9,2.07999023862154
"quant",2,0,3,0.91,1.97151112765982
"quant",2,0,3,0.92,1.85719153054553
"quant",2,0,3,0.93,1.73169574827275
"quant",2,0,3,0.94,1.59729225016835
"quant",2,0,3,0.95,1.45122285212052
"quant",2,0,3,0.96,1.28971205495627
"quant",2,0,3,0.97,1.1076766327839
"quant",2,0,3,0.98,0.888810038015632
"quant",2,0,3,0.99,0.610796744252818
"quant",2,0,3,0.995,0.436404018732457
"quant",2,0,4,0.9,1.51734486781272
"quant",2,0,4,0.91,1.4264611585779
"quant",2,0,4,0.92,1.33035875529557
"quant",2,0,4,0.93,1.22771260069603
"quant",2,0,4,0.94,1.11721282100405
"quant",2,0,4,0.95,1.0002406607183
"quant",2,0,4,0.96,0.876782832149422
"quant",2,0,4,0.97,0.749004406712566
"quant",2,0,4,0.98,0.624652991064464
"quant",2,0,4,0.99,0.408545793563086
"quant",2,0,4,0.995,0.240603727040157
"quant",2,0,5,0.9,1.7406229756332
"quant",2,0,5,0.91,1.63555999551221
"quant",2,0,5,0.92,1.52433862640091
"quant",2,0,5,0.93,1.40516509698105
"quant",2,0,5,0.94,1.27725405010448
"quant",2,0,5,0.95,1.13748410239168
"quant",2,0,5,0.96,0.98205576440439
"quant",2,0,5,0.97,0.812983412175224
"quant",2,0,5,0.98,0.634438951517722
"quant",2,0,5,0.99,0.409295225532579
"quant",2,0,5,0.995,0.260570330176089
"quant",2,0,6,0.9,1.6430134741518
"quant",2,0,6,0.91,1.54355180570445
"quant",2,0,6,0.92,1.43641177622692
"quant",2,0,6,0.93,1.32155107775171
"quant",2,0,6,0.94,1.20123406056282
"quant",2,0,6,0.95,1.07574663936347
"quant",2,0,6,0.96,0.949206685275207
"quant",2,0,6,0.97,0.81705782037646
"quant",2,0,6,0.98,0.652239344705976
"quant",2,0,6,0.99,0.41042757223297
"quant",2,0,6,0.995,0.232150573711367
"quant",2,0,7,0.9,2.02619292546366
"quant",2,0,7,0.91,1.92122966447532
"quant",2,0,7,0.92,1.80737435799126
"quant",2,0,7,0.93,1.68603751685748
"quant",2,0,7,0.94,1.55070318051778
"quant",2,0,7,0.95,1.40024421219356
"quant",2,0,7,0.96,1.22613458846954
"quant",2,0,7,0.97,1.0246294775924
"quant",2,0,7,0.98,0.791279160365475
"quant",2,0,7,0.99,0.506325131398275
"quant",2,0,7,0.995,0.327841225442258
"quant",2,0,8,0.9,2.13401907693415
"quant",2,0,8,0.91,2.03455262829853
"quant",2,0,8,0.92,1.92702449099257
"quant",2,0,8,0.93,1.81100913507474
"quant",2,0,8,0.94,1.68841731928908
"quant",2,0,8,0.95,1.54367269948443
"quant",2,0,8,0.96,1.36395511040644
"quant",2,0,8,0.97,1.14520715872058
"quant",2,0,8,0.98,0.876608808534734
"quant",2,0,8,0.99,0.531261390676769
"quant",2,0,8,0.995,0.318949204607101
"quant",2,0,9,0.9,1.92813095254291
"quant",2,0,9,0.91,1.81668621935553
"quant",2,0,9,0.92,1.69448040254595
"quant",2,0,9,0.93,1.56044537391804
"quant",2,0,9,0.94,1.41292327987139
"quant",2,0,9,0.95,1.25409488638084
"quant",2,0,9,0.96,1.08333287430061
"quant",2,0,9,0.97,0.899508151741505
"quant",2,0,9,0.98,0.695587456023806
"quant",2,0,9,0.99,0.430823187426387
"quant",2,0,9,0.995,0.257952615978725
"quant",2,0,10,0.9,1.9318352646139
"quant",2,0,10,0.91,1.81798489275345
"quant",2,0,10,0.92,1.69689250464463
"quant",2,0,10,0.93,1.56647487876107
"quant",2,0,10,0.94,1.42613893975876
"quant",2,0,10,0.95,1.27465006491158
"quant",2,0,10,0.96,1.116319340679
"quant",2,0,10,0.97,0.934801225446308
"quant",2,0,10,0.98,0.716034167346768
"quant",2,0,10,0.99,0.439916209071464
"quant",2,0,10,0.995,0.270389981771306
"quant",2,0,11,0.9,1.85113330789056
"quant",2,0,11,0.91,1.75067780778293
"quant",2,0,11,0.92,1.64209136824147
"quant",2,0,11,0.93,1.52485803681507
"quant",2,0,11,0.94,1.39873907834967
"quant",2,0,11,0.95,1.25882670202512
"quant",2,0,11,0.96,1.10186199479887
"quant",2,0,11,0.97,0.926586806993693
"quant",2,0,11,0.98,0.730014148131507
"quant",2,0,11,0.99,0.48728284689726
"quant",2,0,11,0.995,0.328248345969237
"quant",2,0,12,0.9,1.67134225182597
"quant",2,0,12,0.91,1.57097237452719
"quant",2,0,12,0.92,1.46437953719707
"quant",2,0,12,0.93,1.34996251952812
"quant",2,0,12,0.94,1.22858507337088
"quant",2,0,12,0.95,1.09945687175835
"quant",2,0,12,0.96,0.95849111097489
"quant",2,0,12,0.97,0.797982291574461
"quant",2,0,12,0.98,0.624099321120314
"quant",2,0,12,0.99,0.430617819979258
"quant",2,0,12,0.995,0.297671537856328
"quant",2,0,13,0.9,1.83434224646155
"quant",2,0,13,0.91,1.71685780051518
"quant",2,0,13,0.92,1.59107157201737
"quant",2,0,13,0.93,1.45532324603961
"quant",2,0,13,0.94,1.3102708530832
"quant",2,0,13,0.95,1.15316845311914
"quant",2,0,13,0.96,0.982379025289404
"quant",2,0,13,0.97,0.794752909477854
"quant",2,0,13,0.98,0.583851618308086
"quant",2,0,13,0.99,0.346358502767708
"quant",2,0,13,0.995,0.195216491030669
"quant",2,0,14,0.9,1.87550194244715
"quant",2,0,14,0.91,1.76606899988501
"quant",2,0,14,0.92,1.64647137553564
"quant",2,0,14,0.93,1.51699715442767
"quant",2,0,14,0.94,1.37762573280784
"quant",2,0,14,0.95,1.23145646752278
"quant",2,0,14,0.96,1.0787703768409
"quant",2,0,14,0.97,0.912525137575615
"quant",2,0,14,0.98,0.718809043743506
"quant",2,0,14,0.99,0.485669062849715
"quant",2,0,14,0.995,0.331544635658542
"quant",2,0,15,0.9,1.60032737820761
"quant",2,0,15,0.91,1.4950517821313
"quant",2,0,15,0.92,1.38479877685725
"quant",2,0,15,0.93,1.26724672609901
"quant",2,0,15,0.94,1.14199567689178
"quant",2,0,15,0.95,1.00729251795685
"quant",2,0,15,0.96,0.862594460689173
"quant",2,0,15,0.97,0.703451828665474
"quant",2,0,15,0.98,0.526511084265412
"quant",2,0,15,0.99,0.314126779842081
"quant",2,0,15,0.995,0.182570731400995
"quant",2,0,16,0.9,2.13042343258604
"quant",2,0,16,0.91,2.01801099461122
"quant",2,0,16,0.92,1.89781379293809
"quant",2,0,16,0.93,1.76577319840436
"quant",2,0,16,0.94,1.62071967402613
"quant",2,0,16,0.95,1.4594331243834
"quant",2,0,16,0.96,1.27404152798113
"quant",2,0,16,0.97,1.06533347670456
"quant",2,0,16,0.98,0.816219073452648
"quant",2,0,16,0.99,0.570797939824541
"quant",2,0,16,0.995,0.363982182596241
"quant",2,0,17,0.9,1.72834289043257
"quant",2,0,17,0.91,1.61963921186643
"quant",2,0,17,0.92,1.50264510222045
"quant",2,0,17,0.93,1.37644377973771
"quant",2,0,17,0.94,1.23852977099989
"quant",2,0,17,0.95,1.08603603288368
"quant",2,0,17,0.96,0.919741929241021
"quant",2,0,17,0.97,0.738595506566195
"quant",2,0,17,0.98,0.534097850383795
"quant",2,0,17,0.99,0.298717315196491
"quant",2,0,17,0.995,0.165774227266472
"quant",2,0,18,0.9,2.30762703916425
"quant",2,0,18,0.91,2.18711975625132
"quant",2,0,18,0.92,2.05696852178805
"quant",2,0,18,0.93,1.91612474924042
"quant",2,0,18,0.94,1.76268283571751
"quant",2,0,18,0.95,1.5962406185344
"quant",2,0,18,0.96,1.41355117666672
"quant",2,0,18,0.97,1.21660790859301
"quant",2,0,18,0.98,0.995964300714492
"quant",2,0,18,0.99,0.735760851729989
"quant",2,0,18,0.995,0.572773122328807
"quant",2,0,19,0.9,2.57354397772271
"quant",2,0,19,0.91,2.45388260660841
"quant",2,0,19,0.92,2.32407238660529
"quant",2,0,19,0.93,2.18325666955421
"quant",2,0,19,0.94,2.02635132133492
"quant",2,0,19,0.95,1.85011633662404
"quant",2,0,19,0.96,1.65091973638223
"quant",2,0,19,0.97,1.4157069524061
"quant",2,0,19,0.98,1.11789407926997
"quant",2,0,19,0.99,0.792464136272809
"quant",2,0,19,0.995,0.583564949954469
"quant",2,0,20,0.9,1.8614534656434
"quant",2,0,20,0.91,1.7421965653439
"quant",2,0,20,0.92,1.61385517977277
"quant",2,0,20,0.93,1.47492940877316
"quant",2,0,20,0.94,1.32709860923387
"quant",2,0,20,0.95,1.16689900477643
"quant",2,0,20,0.96,0.989337627863822
"quant",2,0,20,0.97,0.792805286614908
"quant",2,0,20,0.98,0.572342859963122
"quant",2,0,20,0.99,0.310714098362602
"quant",2,0,20,0.995,0.166926938963974
"quant",2,0,21,0.9,1.79775119175622
"quant",2,0,21,0.91,1.69835808653898
"quant",2,0,21,0.92,1.59182937336233
"quant",2,0,21,0.93,1.47770025355939
"quant",2,0,21,0.94,1.35442739431972
"quant",2,0,21,0.95,1.21963672653733
"quant",2,0,21,0.96,1.0724484035203
"quant",2,0,21,0.97,0.915791855491614
"quant",2,0,21,0.98,0.699107938676697
"quant",2,0,21,0.99,0.41605402798946
"quant",2,0,21,0.995,0.235798232744293
"quant",2,0,22,0.9,2.30565253452935
"quant",2,0,22,0.91,2.19560737369461
"quant",2,0,22,0.92,2.07629484975945
"quant",2,0,22,0.93,1.94593388349906
"quant",2,0,22,0.94,1.80392892089927
"quant",2,0,22,0.95,1.64534625362853
"quant",2,0,22,0.96,1.46908761920839
"quant",2,0,22,0.97,1.27296983109442
"quant",2,0,22,0.98,1.04076213717627
"quant",2,0,22,0.99,0.750376749597454
"quant",2,0,22,0.995,0.573283930286083
"quant",2,0,23,0.9,2.02529584077461
"quant",2,0,23,0.91,1.90957865608325
"quant",2,0,23,0.92,1.78746938429776
"quant",2,0,23,0.93,1.65675386620917
"quant",2,0,23,0.94,1.51229874167514
"quant",2,0,23,0.95,1.35193003393595
"quant",2,0,23,0.96,1.18275238789256
"quant",2,0,23,0.97,1.00572231346626
"quant",2,0,23,0.98,0.797593406021554
"quant",2,0,23,0.99,0.529259379297044
"quant",2,0,23,0.995,0.357228867159588
"quant",2,0,24,0.9,2.16675094928029
"quant",2,0,24,0.91,2.05495911833227
"quant",2,0,24,0.92,1.93360160018875
"quant",2,0,24,0.93,1.79810698774343
"quant",2,0,24,0.94,1.64726807512633
"quant",2,0,24,0.95,1.47756642701951
"quant",2,0,24,0.96,1.28153414777411
"quant",2,0,24,0.97,1.06387468558502
"quant",2,0,24,0.98,0.822128378929899
"quant",2,0,24,0.99,0.531825841982767
"quant",2,0,24,0.995,0.346778456106382
"quant",2,0,25,0.9,2.06420431476416
"quant",2,0,25,0.91,1.94651567244815
"quant",2,0,25,0.92,1.81954580503998
"quant",2,0,25,0.93,1.68078726178075
"quant",2,0,25,0.94,1.52932322836168
"quant",2,0,25,0.95,1.36299787458261
"quant",2,0,25,0.96,1.18071220133515
"quant",2,0,25,0.97,0.976697430087242
"quant",2,0,25,0.98,0.743457528789271
"quant",2,0,25,0.99,0.461744628889684
"quant",2,0,25,0.995,0.297306728167798
"quant",2,0,26,0.9,2.06128958204907
"quant",2,0,26,0.91,1.93884989154802
"quant",2,0,26,0.92,1.80881741695746
"quant",2,0,26,0.93,1.6688152863941
"quant",2,0,26,0.94,1.51561545040374
"quant",2,0,26,0.95,1.34759823049284
"quant",2,0,26,0.96,1.15510725723806
"quant",2,0,26,0.97,0.93839455164684
"quant",2,0,26,0.98,0.709522963298108
"quant",2,0,26,0.99,0.454989031066661
"quant",2,0,26,0.995,0.299519397817528
"quant",2,0,27,0.9,1.96609215928803
"quant",2,0,27,0.91,1.8475099942951
"quant",2,0,27,0.92,1.72007821127768
"quant",2,0,27,0.93,1.58207941507146
"quant",2,0,27,0.94,1.43307080287337
"quant",2,0,27,0.95,1.26965488446015
"quant",2,0,27,0.96,1.09696503081676
"quant",2,0,27,0.97,0.908692736968255
"quant",2,0,27,0.98,0.697470990554598
"quant",2,0,27,0.99,0.452682613076377
"quant",2,0,27,0.995,0.305225758443884
"quant",2,0,28,0.9,1.77993618875372
"quant",2,0,28,0.91,1.6690812796522
"quant",2,0,28,0.92,1.55292429590438
"quant",2,0,28,0.93,1.42986204814943
"quant",2,0,28,0.94,1.29908491051538
"quant",2,0,28,0.95,1.16000220260025
"quant",2,0,28,0.96,1.01267530138829
"quant",2,0,28,0.97,0.846761125238316
"quant",2,0,28,0.98,0.650802296494707
"quant",2,0,28,0.99,0.412500407744296
"quant",2,0,28,0.995,0.258329938919689
"quant",2,0,29,0.9,1.72277192244626
"quant",2,0,29,0.91,1.60278490319281
"quant",2,0,29,0.92,1.47622778612477
"quant",2,0,29,0.93,1.34128260977309
"quant",2,0,29,0.94,1.19717354975227
"quant",2,0,29,0.95,1.04114870860943
"quant",2,0,29,0.96,0.87335973542768
"quant",2,0,29,0.97,0.702921101178604
"quant",2,0,29,0.98,0.523586324208929
"quant",2,0,29,0.99,0.306156432992278
"quant",2,0,29,0.995,0.174741993975742
"quant",2,0,30,0.9,1.75943800870074
"quant",2,0,30,0.91,1.64966501709439
"quant",2,0,30,0.92,1.53310768460145
"quant",2,0,30,0.93,1.40765653749732
"quant",2,0,30,0.94,1.27297351871766
"quant",2,0,30,0.95,1.12756748829668
"quant",2,0,30,0.96,0.969395556587946
"quant",2,0,30,0.97,0.799044854571861
"quant",2,0,30,0.98,0.62302732329133
"quant",2,0,30,0.99,0.425036579470663
"quant",2,0,30,0.995,0.26117278338851
"quant",2,0,31,0.9,1.87940627889631
"quant",2,0,31,0.91,1.76016744022693
"quant",2,0,31,0.92,1.63419917110329
"quant",2,0,31,0.93,1.49825085602677
"quant",2,0,31,0.94,1.35147945332674
"quant",2,0,31,0.95,1.19342811454406
"quant",2,0,31,0.96,1.02704837024303
"quant",2,0,31,0.97,0.84865298414899
"quant",2,0,31,0.98,0.643948523334132
"quant",2,0,31,0.99,0.382143145135898
"quant",2,0,31,0.995,0.21791527608838
"quant",2,0,32,0.9,1.95090028686322
"quant",2,0,32,0.91,1.82333577891807
"quant",2,0,32,0.92,1.68786471874159
"quant",2,0,32,0.93,1.54217512491918
"quant",2,0,32,0.94,1.3922877953498
"quant",2,0,32,0.95,1.23564972121034
"quant",2,0,32,0.96,1.06350076613437
"quant",2,0,32,0.97,0.862188482225204
"quant",2,0,32,0.98,0.643700659595414
"quant",2,0,32,0.99,0.396860121212506
"quant",2,0,32,0.995,0.225115488577318
"quant",2,0,33,0.9,1.81576043856194
"quant",2,0,33,0.91,1.69370176885993
"quant",2,0,33,0.92,1.56293029998951
"quant",2,0,33,0.93,1.42510592094177
"quant",2,0,33,0.94,1.28142349682121
"quant",2,0,33,0.95,1.14209549822552
"quant",2,0,33,0.96,0.978302372053917
"quant",2,0,33,0.97,0.795351873942781
"quant",2,0,33,0.98,0.593829130428333
"quant",2,0,33,0.99,0.34968370774928
"quant",2,0,33,0.995,0.194533576211561
"quant",2,0,34,0.9,2.26175103013147
"quant",2,0,34,0.91,2.13326189600241
"quant",2,0,34,0.92,1.99235198672876
"quant",2,0,34,0.93,1.83749198823897
"quant",2,0,34,0.94,1.6654933356954
"quant",2,0,34,0.95,1.47519433803484
"quant",2,0,34,0.96,1.26913595734265
"quant",2,0,34,0.97,1.04870208393964
"quant",2,0,34,0.98,0.791763199561505
"quant",2,0,34,0.99,0.484291535536123
"quant",2,0,34,0.995,0.30025264170513
"quant",2,0,35,0.9,2.24248946770728
"quant",2,0,35,0.91,2.10827587285172
"quant",2,0,35,0.92,1.9657426836969
"quant",2,0,35,0.93,1.81516770404477
"quant",2,0,35,0.94,1.65490271727635
"quant",2,0,35,0.95,1.48558451213391
"quant",2,0,35,0.96,1.29802730357065
"quant",2,0,35,0.97,1.08476826151956
"quant",2,0,35,0.98,0.825335881859934
"quant",2,0,35,0.99,0.540831202617556
"quant",2,0,35,0.995,0.365735830195092
"quant",2,0,36,0.9,1.66882268989938
"quant",2,0,36,0.91,1.56870184227246
"quant",2,0,36,0.92,1.45901719022677
"quant",2,0,36,0.93,1.34138213183941
"quant",2,0,36,0.94,1.21591494423566
"quant",2,0,36,0.95,1.08156532419363
"quant",2,0,36,0.96,0.932233818962282
"quant",2,0,36,0.97,0.760664048189142
"quant",2,0,36,0.98,0.566087764544175
"quant",2,0,36,0.99,0.334246500525903
"quant",2,0,36,0.995,0.18665723741494
"quant",2,0,37,0.9,1.97159193800361
"quant",2,0,37,0.91,1.85842805006263
"quant",2,0,37,0.92,1.73629254225523
"quant",2,0,37,0.93,1.60323062355322
"quant",2,0,37,0.94,1.46068355333851
"quant",2,0,37,0.95,1.30514317097862
"quant",2,0,37,0.96,1.13395181330686
"quant",2,0,37,0.97,0.939856177332136
"quant",2,0,37,0.98,0.702154138753076
"quant",2,0,37,0.99,0.442753781758684
"quant",2,0,37,0.995,0.264876129845232
"quant",2,0,38,0.9,2.10346519884273
"quant",2,0,38,0.91,1.99687886696388
"quant",2,0,38,0.92,1.87671802233378
"quant",2,0,38,0.93,1.73990530227574
"quant",2,0,38,0.94,1.58772187039019
"quant",2,0,38,0.95,1.41721109357483
"quant",2,0,38,0.96,1.22513544222751
"quant",2,0,38,0.97,1.00785610487001
"quant",2,0,38,0.98,0.757669056999104
"quant",2,0,38,0.99,0.452899101218246
"quant",2,0,38,0.995,0.274109001857844
"quant",2,0,39,0.9,1.95447370362411
"quant",2,0,39,0.91,1.83796811251454
"quant",2,0,39,0.92,1.71333534679613
"quant",2,0,39,0.93,1.58373119094481
"quant",2,0,39,0.94,1.44809475591319
"quant",2,0,39,0.95,1.3006425976332
"quant",2,0,39,0.96,1.13529526722358
"quant",2,0,39,0.97,0.950594310869923
"quant",2,0,39,0.98,0.736223761240591
"quant",2,0,39,0.99,0.47451052539022
"quant",2,0,39,0.995,0.318482569742421
"quant",2,0,40,0.9,2.20307036101188
"quant",2,0,40,0.91,2.07490438791049
"quant",2,0,40,0.92,1.93799792785227
"quant",2,0,40,0.93,1.79126538158585
"quant",2,0,40,0.94,1.63393036717933
"quant",2,0,40,0.95,1.46410189253547
"quant",2,0,40,0.96,1.27815276979275
"quant",2,0,40,0.97,1.06716253503981
"quant",2,0,40,0.98,0.816628079880882
"quant",2,0,40,0.99,0.542992447844676
"quant",2,0,40,0.995,0.373841818884673
"quant",2,0,41,0.9,1.70213228973608
"quant",2,0,41,0.91,1.59843937230315
"quant",2,0,41,0.92,1.48862522960548
"quant",2,0,41,0.93,1.3724486005408
"quant",2,0,41,0.94,1.24661052456148
"quant",2,0,41,0.95,1.11060109818886
"quant",2,0,41,0.96,0.963281455714696
"quant",2,0,41,0.97,0.801108707374635
"quant",2,0,41,0.98,0.611145658200706
"quant",2,0,41,0.99,0.386935796251582
"quant",2,0,41,0.995,0.236689317894352
"quant",2,0,42,0.9,1.72974852812835
"quant",2,0,42,0.91,1.62093068403826
"quant",2,0,42,0.92,1.50642094051984
"quant",2,0,42,0.93,1.38611053243054
"quant",2,0,42,0.94,1.25683746527485
"quant",2,0,42,0.95,1.11789845442748
"quant",2,0,42,0.96,0.973625155281684
"quant",2,0,42,0.97,0.815810473101266
"quant",2,0,42,0.98,0.633355485013311
"quant",2,0,42,0.99,0.41319481517727
"quant",2,0,42,0.995,0.275764873333066
"quant",2,0,43,0.9,2.1160515304803
"quant",2,0,43,0.91,2.00092833707619
"quant",2,0,43,0.92,1.87513935297585
"quant",2,0,43,0.93,1.73883858239499
"quant",2,0,43,0.94,1.58689641920685
"quant",2,0,43,0.95,1.41992952809927
"quant",2,0,43,0.96,1.2309206555684
"quant",2,0,43,0.97,1.01293673299416
"quant",2,0,43,0.98,0.758741314422525
"quant",2,0,43,0.99,0.474782787175491
"quant",2,0,43,0.995,0.298971599009358
"quant",2,0,44,0.9,1.82274646302951
"quant",2,0,44,0.91,1.71723032231224
"quant",2,0,44,0.92,1.60605374321586
"quant",2,0,44,0.93,1.48917727600759
"quant",2,0,44,0.94,1.35955041433877
"quant",2,0,44,0.95,1.21007243875361
"quant",2,0,44,0.96,1.04221013202816
"quant",2,0,44,0.97,0.854631478997899
"quant",2,0,44,0.98,0.640933123451947
"quant",2,0,44,0.99,0.384658285077848
"quant",2,0,44,0.995,0.224978328359949
"quant",2,0,45,0.9,2.19965347745514
"quant",2,0,45,0.91,2.08125236194747
"quant",2,0,45,0.92,1.95648995966508
"quant",2,0,45,0.93,1.81967289978544
"quant",2,0,45,0.94,1.67328998980138
"quant",2,0,45,0.95,1.51344738988772
"quant",2,0,45,0.96,1.33303129995171
"quant",2,0,45,0.97,1.12766206555574
"quant",2,0,45,0.98,0.888786636327103
"quant",2,0,45,0.99,0.594812171931289
"quant",2,0,45,0.995,0.41794160842563
"quant",2,0,46,0.9,2.08416731774414
"quant",2,0,46,0.91,1.96994992842284
"quant",2,0,46,0.92,1.84846223710683
"quant",2,0,46,0.93,1.72073957520842
"quant",2,0,46,0.94,1.58212702134379
"quant",2,0,46,0.95,1.43176723723225
"quant",2,0,46,0.96,1.26433260104312
"quant",2,0,46,0.97,1.07842029991771
"quant",2,0,46,0.98,0.856277956664533
"quant",2,0,46,0.99,0.587845353542275
"quant",2,0,46,0.995,0.417114067440269
"quant",2,0,47,0.9,2.21771279350984
"quant",2,0,47,0.91,2.10377212937273
"quant",2,0,47,0.92,1.97561333108527
"quant",2,0,47,0.93,1.83162124000889
"quant",2,0,47,0.94,1.66886862432323
"quant",2,0,47,0.95,1.48374959222824
"quant",2,0,47,0.96,1.28063971338732
"quant",2,0,47,0.97,1.05520348417027
"quant",2,0,47,0.98,0.800666775331505
"quant",2,0,47,0.99,0.505550667980175
"quant",2,0,47,0.995,0.321034228181332
"quant",2,0,48,0.9,1.79837608101601
"quant",2,0,48,0.91,1.68556745478372
"quant",2,0,48,0.92,1.56673029006348
"quant",2,0,48,0.93,1.44006432603157
"quant",2,0,48,0.94,1.29995617460429
"quant",2,0,48,0.95,1.1443902558
"quant",2,0,48,0.96,0.970271275024687
"quant",2,0,48,0.97,0.777578340729774
"quant",2,0,48,0.98,0.567968155040156
"quant",2,0,48,0.99,0.326233347610734
"quant",2,0,48,0.995,0.178335989240028
"quant",2,0,49,0.9,1.89063499079583
"quant",2,0,49,0.91,1.7875204879841
"quant",2,0,49,0.92,1.67810526480556
"quant",2,0,49,0.93,1.55862015792167
"quant",2,0,49,0.94,1.43028568255221
"quant",2,0,49,0.95,1.28873545347848
"quant",2,0,49,0.96,1.1283287100933
"quant",2,0,49,0.97,0.943942543728026
"quant",2,0,49,0.98,0.72553776120962
"quant",2,0,49,0.99,0.467738532517045
"quant",2,0,49,0.995,0.312171592238802
"quant",2,0,50,0.9,1.61765221911312
"quant",2,0,50,0.91,1.51177684348536
"quant",2,0,50,0.92,1.39878950875529
"quant",2,0,50,0.93,1.27914176744513
"quant",2,0,50,0.94,1.15586250425666
"quant",2,0,50,0.95,1.02311225411904
"quant",2,0,50,0.96,0.875525535883202
"quant",2,0,50,0.97,0.713674636499318
"quant",2,0,50,0.98,0.520464611834378
"quant",2,0,50,0.99,0.303537987267119
"quant",2,0,50,0.995,0.173534717844294
"quant",3,0,1,0.9,1.94506914300539
"quant",3,0,1,0.91,1.81754065855879
"quant",3,0,1,0.92,1.68060197504858
"quant",3,0,1,0.93,1.53440333436777
"quant",3,0,1,0.94,1.37754152047642
"quant",3,0,1,0.95,1.20814856297971
"quant",3,0,1,0.96,1.01874820547161
"quant",3,0,1,0.97,0.820841410754285
"quant",3,0,1,0.98,0.603627089707495
"quant",3,0,1,0.99,0.358839021185731
"quant",3,0,1,0.995,0.209689477572033
"quant",3,0,2,0.9,1.62792909442865
"quant",3,0,2,0.91,1.51628513494448
"quant",3,0,2,0.92,1.39626249163892
"quant",3,0,2,0.93,1.26985079722099
"quant",3,0,2,0.94,1.13516027188269
"quant",3,0,2,0.95,0.989362576000279
"quant",3,0,2,0.96,0.831428332451269
"quant",3,0,2,0.97,0.661716272088362
"quant",3,0,2,0.98,0.478150414876993
"quant",3,0,2,0.99,0.272233002118079
"quant",3,0,2,0.995,0.148656365917423
"quant",3,0,3,0.9,2.07606056174923
"quant",3,0,3,0.91,1.9685838558663
"quant",3,0,3,0.92,1.85632910692084
"quant",3,0,3,0.93,1.73286567527066
"quant",3,0,3,0.94,1.59905278003761
"quant",3,0,3,0.95,1.45340890286175
"quant",3,0,3,0.96,1.28978510316124
"quant",3,0,3,0.97,1.10422833256878
"quant",3,0,3,0.98,0.881016221681746
"quant",3,0,3,0.99,0.598172348338926
"quant",3,0,3,0.995,0.418152905470908
"quant",3,0,4,0.9,1.52002361744611
"quant",3,0,4,0.91,1.42844528197047
"quant",3,0,4,0.92,1.33120570408484
"quant",3,0,4,0.93,1.2271968548484
"quant",3,0,4,0.94,1.11581895983278
"quant",3,0,4,0.95,0.99614763295409
"quant",3,0,4,0.96,0.871863808037023
"quant",3,0,4,0.97,0.749248606080847
"quant",3,0,4,0.98,0.618763685986731
"quant",3,0,4,0.99,0.407520211234084
"quant",3,0,4,0.995,0.238882981870304
"quant",3,0,5,0.9,1.74477334352182
"quant",3,0,5,0.91,1.64065020458228
"quant",3,0,5,0.92,1.53117344349251
"quant",3,0,5,0.93,1.41237991179781
"quant",3,0,5,0.94,1.28322925111828
"quant",3,0,5,0.95,1.14338589919843
"quant",3,0,5,0.96,0.988910170518191
"quant",3,0,5,0.97,0.820877141420802
"quant",3,0,5,0.98,0.638629261835929
"quant",3,0,5,0.99,0.409429209388432
"quant",3,0,5,0.995,0.257227187577164
"quant",3,0,6,0.9,1.64380553467809
"quant",3,0,6,0.91,1.54580611312085
"quant",3,0,6,0.92,1.43864096814977
"quant",3,0,6,0.93,1.32516105843846
"quant",3,0,6,0.94,1.20759776237895
"quant",3,0,6,0.95,1.08442653127496
"quant",3,0,6,0.96,0.958298930001193
"quant",3,0,6,0.97,0.821374831710761
"quant",3,0,6,0.98,0.640951920384378
"quant",3,0,6,0.99,0.412791054492474
"quant",3,0,6,0.995,0.238952673355152
"quant",3,0,7,0.9,2.02664492346477
"quant",3,0,7,0.91,1.92365723918666
"quant",3,0,7,0.92,1.8142893786583
"quant",3,0,7,0.93,1.69450500630041
"quant",3,0,7,0.94,1.55988339660281
"quant",3,0,7,0.95,1.40539951703454
"quant",3,0,7,0.96,1.23014194207262
"quant",3,0,7,0.97,1.02552117903797
"quant",3,0,7,0.98,0.784747553278824
"quant",3,0,7,0.99,0.503415612916313
"quant",3,0,7,0.995,0.325888280605679
"quant",3,0,8,0.9,2.13429156271099
"quant",3,0,8,0.91,2.03364500031302
"quant",3,0,8,0.92,1.92700180327093
"quant",3,0,8,0.93,1.81445595283324
"quant",3,0,8,0.94,1.69441964908538
"quant",3,0,8,0.95,1.54984661414098
"quant",3,0,8,0.96,1.36811801740587
"quant",3,0,8,0.97,1.14847956189208
"quant",3,0,8,0.98,0.876177729784929
"quant",3,0,8,0.99,0.532329319119609
"quant",3,0,8,0.995,0.320022524349768
"quant",3,0,9,0.9,1.94064192665562
"quant",3,0,9,0.91,1.82760317191222
"quant",3,0,9,0.92,1.70374423229097
"quant",3,0,9,0.93,1.5683885007348
"quant",3,0,9,0.94,1.4190746665189
"quant",3,0,9,0.95,1.2590697158936
"quant",3,0,9,0.96,1.08838854931589
"quant",3,0,9,0.97,0.904211146118192
"quant",3,0,9,0.98,0.695521031849092
"quant",3,0,9,0.99,0.427325637745664
"quant",3,0,9,0.995,0.250749895553451
"quant",3,0,10,0.9,1.93317100618753
"quant",3,0,10,0.91,1.82078624724487
"quant",3,0,10,0.92,1.70064949969541
"quant",3,0,10,0.93,1.57048348626494
"quant",3,0,10,0.94,1.43117074925105
"quant",3,0,10,0.95,1.27938511023927
"quant",3,0,10,0.96,1.11906906097865
"quant",3,0,10,0.97,0.934615155354394
"quant",3,0,10,0.98,0.71251696389077
"quant",3,0,10,0.99,0.437615112548025
"quant",3,0,10,0.995,0.266314364423648
"quant",3,0,11,0.9,1.86183199483403
"quant",3,0,11,0.91,1.76264174758779
"quant",3,0,11,0.92,1.65430761208727
"quant",3,0,11,0.93,1.53751970632212
"quant",3,0,11,0.94,1.411155585122
"quant",3,0,11,0.95,1.26997809771421
"quant",3,0,11,0.96,1.10824125701314
"quant",3,0,11,0.97,0.928408752523576
"quant",3,0,11,0.98,0.725947511301173
"quant",3,0,11,0.99,0.476376653733586
"quant",3,0,11,0.995,0.312107064587846
"quant",3,0,12,0.9,1.66796970345975
"quant",3,0,12,0.91,1.56838011773467
"quant",3,0,12,0.92,1.46233211412888
"quant",3,0,12,0.93,1.34871341722884
"quant",3,0,12,0.94,1.22874162148225
"quant",3,0,12,0.95,1.10053012520817
"quant",3,0,12,0.96,0.960004949525277
"quant",3,0,12,0.97,0.799840235796589
"quant",3,0,12,0.98,0.628512234290318
"quant",3,0,12,0.99,0.433627874127582
"quant",3,0,12,0.995,0.295527905452371
"quant",3,0,13,0.9,1.84104384647645
"quant",3,0,13,0.91,1.72384096009089
"quant",3,0,13,0.92,1.59768801751068
"quant",3,0,13,0.93,1.46107991565743
"quant",3,0,13,0.94,1.31623687090496
"quant",3,0,13,0.95,1.15838059202607
"quant",3,0,13,0.96,0.988134469689786
"quant",3,0,13,0.97,0.799897130141591
"quant",3,0,13,0.98,0.591704401969161
"quant",3,0,13,0.99,0.350064182035865
"quant",3,0,13,0.995,0.200178352444699
"quant",3,0,14,0.9,1.88054703534728
"quant",3,0,14,0.91,1.7693225043789
"quant",3,0,14,0.92,1.65067314044043
"quant",3,0,14,0.93,1.52023015856441
"quant",3,0,14,0.94,1.38059465494941
"quant",3,0,14,0.95,1.23544491404646
"quant",3,0,14,0.96,1.0825061221365
"quant",3,0,14,0.97,0.917565891308402
"quant",3,0,14,0.98,0.726161798982411
"quant",3,0,14,0.99,0.490633902067804
"quant",3,0,14,0.995,0.332634481998706
"quant",3,0,15,0.9,1.6118689067385
"quant",3,0,15,0.91,1.50541830164761
"quant",3,0,15,0.92,1.39317298587129
"quant",3,0,15,0.93,1.27420976558543
"quant",3,0,15,0.94,1.14840635907063
"quant",3,0,15,0.95,1.01268369811316
"quant",3,0,15,0.96,0.868198403881101
"quant",3,0,15,0.97,0.708414151447402
"quant",3,0,15,0.98,0.530234383733299
"quant",3,0,15,0.99,0.315628047333567
"quant",3,0,15,0.995,0.182012049538083
"quant",3,0,16,0.9,2.12763030578997
"quant",3,0,16,0.91,2.01482901834636
"quant",3,0,16,0.92,1.89500905279732
"quant",3,0,16,0.93,1.76365853742208
"quant",3,0,16,0.94,1.61838281233695
"quant",3,0,16,0.95,1.4558139365221
"quant",3,0,16,0.96,1.26870430375821
"quant",3,0,16,0.97,1.06176937086429
"quant",3,0,16,0.98,0.81896551309757
"quant",3,0,16,0.99,0.564887517289971
"quant",3,0,16,0.995,0.352836639604511
"quant",3,0,17,0.9,1.7334512763581
"quant",3,0,17,0.91,1.62632159738149
"quant",3,0,17,0.92,1.5102040773339
"quant",3,0,17,0.93,1.38328066613838
"quant",3,0,17,0.94,1.24385661726745
"quant",3,0,17,0.95,1.0899187402385
"quant",3,0,17,0.96,0.923739372461268
"quant",3,0,17,0.97,0.741979357858375
"quant",3,0,17,0.98,0.536561462626283
"quant",3,0,17,0.99,0.301127758063885
"quant",3,0,17,0.995,0.166568088035794
"quant",3,0,18,0.9,2.30590971974977
"quant",3,0,18,0.91,2.18479061850165
"quant",3,0,18,0.92,2.05393402769281
"quant",3,0,18,0.93,1.91207543964894
"quant",3,0,18,0.94,1.75915656576712
"quant",3,0,18,0.95,1.59201595090508
"quant",3,0,18,0.96,1.40891295017562
"quant",3,0,18,0.97,1.21076182873287
"quant",3,0,18,0.98,0.985495236753847
"quant",3,0,18,0.99,0.716814808576764
"quant",3,0,18,0.995,0.548669302748498
"quant",3,0,19,0.9,2.56625827998799
"quant",3,0,19,0.91,2.44615712644911
"quant",3,0,19,0.92,2.31524756799559
"quant",3,0,19,0.93,2.17367097878512
"quant",3,0,19,0.94,2.01575920251973
"quant",3,0,19,0.95,1.83852954199217
"quant",3,0,19,0.96,1.63747326304809
"quant",3,0,19,0.97,1.39978241721197
"quant",3,0,19,0.98,1.09619720657131
"quant",3,0,19,0.99,0.753581178156966
"quant",3,0,19,0.995,0.518557291304593
"quant",3,0,20,0.9,1.85991956742774
"quant",3,0,20,0.91,1.74057995433858
"quant",3,0,20,0.92,1.61190810222653
"quant",3,0,20,0.93,1.4731533089794
"quant",3,0,20,0.94,1.32690237551789
"quant",3,0,20,0.95,1.16617680636383
"quant",3,0,20,0.96,0.988291948122696
"quant",3,0,20,0.97,0.791986784166337
"quant",3,0,20,0.98,0.571873589743775
"quant",3,0,20,0.99,0.311640165344415
"quant",3,0,20,0.995,0.168116010213895
"quant",3,0,21,0.9,1.7987762906215
"quant",3,0,21,0.91,1.69960601984638
"quant",3,0,21,0.92,1.59368763638834
"quant",3,0,21,0.93,1.48016894846698
"quant",3,0,21,0.94,1.35782327285065
"quant",3,0,21,0.95,1.22333181698005
"quant",3,0,21,0.96,1.07965060324299
"quant",3,0,21,0.97,0.916121415988147
"quant",3,0,21,0.98,0.69455911609643
"quant",3,0,21,0.99,0.411621762028437
"quant",3,0,21,0.995,0.228760526796255
"quant",3,0,22,0.9,2.3140096546016
"quant",3,0,22,0.91,2.20106447812809
"quant",3,0,22,0.92,2.08059280055915
"quant",3,0,22,0.93,1.94969396213538
"quant",3,0,22,0.94,1.80765731193076
"quant",3,0,22,0.95,1.64827240751296
"quant",3,0,22,0.96,1.47156749491948
"quant",3,0,22,0.97,1.27160093434988
"quant",3,0,22,0.98,1.03830327741704
"quant",3,0,22,0.99,0.738459665801604
"quant",3,0,22,0.995,0.553866058161268
"quant",3,0,23,0.9,2.02645297407542
"quant",3,0,23,0.91,1.91122266488324
"quant",3,0,23,0.92,1.78921011868919
"quant",3,0,23,0.93,1.6578529467633
"quant",3,0,23,0.94,1.51052675479071
"quant",3,0,23,0.95,1.34922558471269
"quant",3,0,23,0.96,1.18033931071794
"quant",3,0,23,0.97,1.00386688429892
"quant",3,0,23,0.98,0.793466738012944
"quant",3,0,23,0.99,0.51995196346049
"quant",3,0,23,0.995,0.347287743228147
"quant",3,0,24,0.9,2.16379160953612
"quant",3,0,24,0.91,2.05140602191587
"quant",3,0,24,0.92,1.92752688620599
"quant",3,0,24,0.93,1.79085119089912
"quant",3,0,24,0.94,1.63865205598522
"quant",3,0,24,0.95,1.46750822054721
"quant",3,0,24,0.96,1.27366511086462
"quant",3,0,24,0.97,1.05764318053744
"quant",3,0,24,0.98,0.81255049199013
"quant",3,0,24,0.99,0.518802652947731
"quant",3,0,24,0.995,0.326701388414655
"quant",3,0,25,0.9,2.06330324410812
"quant",3,0,25,0.91,1.94375430080051
"quant",3,0,25,0.92,1.81591682642979
"quant",3,0,25,0.93,1.67692328558174
"quant",3,0,25,0.94,1.52492118515396
"quant",3,0,25,0.95,1.35762117479765
"quant",3,0,25,0.96,1.17531703672978
"quant",3,0,25,0.97,0.970335442988444
"quant",3,0,25,0.98,0.737841310943402
"quant",3,0,25,0.99,0.455942158336526
"quant",3,0,25,0.995,0.28953856937453
"quant",3,0,26,0.9,2.05067490565988
"quant",3,0,26,0.91,1.92992082403971
"quant",3,0,26,0.92,1.80087508828584
"quant",3,0,26,0.93,1.66172561390795
"quant",3,0,26,0.94,1.5078755190899
"quant",3,0,26,0.95,1.34055317818596
"quant",3,0,26,0.96,1.14907440752516
"quant",3,0,26,0.97,0.929669908830077
"quant",3,0,26,0.98,0.701795343710725
"quant",3,0,26,0.99,0.444265437057263
"quant",3,0,26,0.995,0.283632858172883
"quant",3,0,27,0.9,1.96427796941428
"quant",3,0,27,0.91,1.84808021773584
"quant",3,0,27,0.92,1.72102205557594
"quant",3,0,27,0.93,1.58205845736472
"quant",3,0,27,0.94,1.43293682494912
"quant",3,0,27,0.95,1.27070246965905
"quant",3,0,27,0.96,1.09997914587302
"quant",3,0,27,0.97,0.912006011417372
"quant",3,0,27,0.98,0.699414760115892
"quant",3,0,27,0.99,0.450560624353193
"quant",3,0,27,0.995,0.298112047755589
"quant",3,0,28,0.9,1.7823814942228
"quant",3,0,28,0.91,1.67244526855269
"quant",3,0,28,0.92,1.55619112981069
"quant",3,0,28,0.93,1.43409536912039
"quant",3,0,28,0.94,1.30522945562679
"quant",3,0,28,0.95,1.16754478818731
"quant",3,0,28,0.96,1.02014447943563
"quant",3,0,28,0.97,0.850274975709056
"quant",3,0,28,0.98,0.65497579381959
"quant",3,0,28,0.99,0.416529027495376
"quant",3,0,28,0.995,0.264180369446695
"quant",3,0,29,0.9,1.71907758071478
"quant",3,0,29,0.91,1.60061273353014
"quant",3,0,29,0.92,1.4743729654983
"quant",3,0,29,0.93,1.33967105536129
"quant",3,0,29,0.94,1.19473896283107
"quant",3,0,29,0.95,1.03798537775244
"quant",3,0,29,0.96,0.873646055763231
"quant",3,0,29,0.97,0.704494840986983
"quant",3,0,29,0.98,0.521175738217154
"quant",3,0,29,0.99,0.306494960207993
"quant",3,0,29,0.995,0.173742901784199
"quant",3,0,30,0.9,1.7646550815411
"quant",3,0,30,0.91,1.65485219815577
"quant",3,0,30,0.92,1.5363390313902
"quant",3,0,30,0.93,1.41032334818421
"quant",3,0,30,0.94,1.27381727714633
"quant",3,0,30,0.95,1.12682432351665
"quant",3,0,30,0.96,0.96774509173481
"quant",3,0,30,0.97,0.797486243635975
"quant",3,0,30,0.98,0.619163993311418
"quant",3,0,30,0.99,0.423229260350073
"quant",3,0,30,0.995,0.258205566687527
"quant",3,0,31,0.9,1.88228297923061
"quant",3,0,31,0.91,1.76230175639769
"quant",3,0,31,0.92,1.63541832807766
"quant",3,0,31,0.93,1.50103258957818
"quant",3,0,31,0.94,1.35514307598477
"quant",3,0,31,0.95,1.19643852822813
"quant",3,0,31,0.96,1.02700868550124
"quant",3,0,31,0.97,0.84920797237408
"quant",3,0,31,0.98,0.646434224030054
"quant",3,0,31,0.99,0.382382241731073
"quant",3,0,31,0.995,0.221323747855645
"quant",3,0,32,0.9,1.95103914592552
"quant",3,0,32,0.91,1.823660305606
"quant",3,0,32,0.92,1.68818855938904
"quant",3,0,32,0.93,1.54248853401732
"quant",3,0,32,0.94,1.39035365354402
"quant",3,0,32,0.95,1.23506968366897
"quant",3,0,32,0.96,1.06399374378454
"quant",3,0,32,0.97,0.864381514206281
"quant",3,0,32,0.98,0.645377081011946
"quant",3,0,32,0.99,0.396984759816618
"quant",3,0,32,0.995,0.226979237042158
"quant",3,0,33,0.9,1.83492860750025
"quant",3,0,33,0.91,1.71207833258429
"quant",3,0,33,0.92,1.5799374274672
"quant",3,0,33,0.93,1.43927258383582
"quant",3,0,33,0.94,1.29192742365132
"quant",3,0,33,0.95,1.1496831026656
"quant",3,0,33,0.96,0.993649264122673
"quant",3,0,33,0.97,0.809239659530253
"quant",3,0,33,0.98,0.607208691673116
"quant",3,0,33,0.99,0.36062862426458
"quant",3,0,33,0.995,0.203379404629171
"quant",3,0,34,0.9,2.25749494598446
"quant",3,0,34,0.91,2.1292058753641
"quant",3,0,34,0.92,1.99048429902787
"quant",3,0,34,0.93,1.83820170515411
"quant",3,0,34,0.94,1.66549889904426
"quant",3,0,34,0.95,1.47201232946362
"quant",3,0,34,0.96,1.26125083977879
"quant",3,0,34,0.97,1.03344590106367
"quant",3,0,34,0.98,0.772812642993762
"quant",3,0,34,0.99,0.462184706018576
"quant",3,0,34,0.995,0.275118142669072
"quant",3,0,35,0.9,2.24051281698591
"quant",3,0,35,0.91,2.10556322415481
"quant",3,0,35,0.92,1.96280953368512
"quant",3,0,35,0.93,1.81256585208004
"quant",3,0,35,0.94,1.65166745924874
"quant",3,0,35,0.95,1.48381918884037
"quant",3,0,35,0.96,1.29551878729919
"quant",3,0,35,0.97,1.08124475918562
"quant",3,0,35,0.98,0.82127512303947
"quant",3,0,35,0.99,0.520832671472346
"quant",3,0,35,0.995,0.338199577207709
"quant",3,0,36,0.9,1.66625429752353
"quant",3,0,36,0.91,1.56765569685711
"quant",3,0,36,0.92,1.45946265359764
"quant",3,0,36,0.93,1.34405388893282
"quant",3,0,36,0.94,1.21922865700511
"quant",3,0,36,0.95,1.08570414515609
"quant",3,0,36,0.96,0.937785766015602
"quant",3,0,36,0.97,0.768015756903673
"quant",3,0,36,0.98,0.574435055876214
"quant",3,0,36,0.99,0.340274636475684
"quant",3,0,36,0.995,0.190143317826477
"quant",3,0,37,0.9,1.97160926226843
"quant",3,0,37,0.91,1.85754296012286
"quant",3,0,37,0.92,1.73409093381019
"quant",3,0,37,0.93,1.59933166172242
"quant",3,0,37,0.94,1.45577976081059
"quant",3,0,37,0.95,1.29987097259718
"quant",3,0,37,0.96,1.1281794511943
"quant",3,0,37,0.97,0.933493191304115
"quant",3,0,37,0.98,0.695969167896466
"quant",3,0,37,0.99,0.424122368180654
"quant",3,0,37,0.995,0.250547899396676
"quant",3,0,38,0.9,2.11015081654413
"quant",3,0,38,0.91,2.0047001934961
"quant",3,0,38,0.92,1.8839015864803
"quant",3,0,38,0.93,1.74638393825079
"quant",3,0,38,0.94,1.59346547685004
"quant",3,0,38,0.95,1.42064000595291
"quant",3,0,38,0.96,1.22653217606488
"quant",3,0,38,0.97,1.00664116088529
"quant",3,0,38,0.98,0.751994373703102
"quant",3,0,38,0.99,0.443402529351727
"quant",3,0,38,0.995,0.265108234586178
"quant",3,0,39,0.9,1.96242533922254
"quant",3,0,39,0.91,1.84500734500311
"quant",3,0,39,0.92,1.72041355752028
"quant",3,0,39,0.93,1.5908142570458
"quant",3,0,39,0.94,1.45581292624077
"quant",3,0,39,0.95,1.30753189065762
"quant",3,0,39,0.96,1.14160272539114
"quant",3,0,39,0.97,0.954999810788348
"quant",3,0,39,0.98,0.738903797884903
"quant",3,0,39,0.99,0.469923992662619
"quant",3,0,39,0.995,0.305034545624797
"quant",3,0,40,0.9,2.18977823870862
"quant",3,0,40,0.91,2.06199482989095
"quant",3,0,40,0.92,1.92632656317331
"quant",3,0,40,0.93,1.78081548005566
"quant",3,0,40,0.94,1.62439143731729
"quant",3,0,40,0.95,1.455004622882
"quant",3,0,40,0.96,1.27002408967887
"quant",3,0,40,0.97,1.05842516362301
"quant",3,0,40,0.98,0.802290408862881
"quant",3,0,40,0.99,0.525766856682705
"quant",3,0,40,0.995,0.356902820045035
"quant",3,0,41,0.9,1.70995734851197
"quant",3,0,41,0.91,1.60483366758196
"quant",3,0,41,0.92,1.49405733190439
"quant",3,0,41,0.93,1.37649775699124
"quant",3,0,41,0.94,1.24976664772822
"quant",3,0,41,0.95,1.11258180193427
"quant",3,0,41,0.96,0.965389883416105
"quant",3,0,41,0.97,0.803283726749658
"quant",3,0,41,0.98,0.610379186349217
"quant",3,0,41,0.99,0.381187760022576
"quant",3,0,41,0.995,0.230597076961074
"quant",3,0,42,0.9,1.72906472070616
"quant",3,0,42,0.91,1.61988732971708
"quant",3,0,42,0.92,1.50612015994888
"quant",3,0,42,0.93,1.38552903179406
"quant",3,0,42,0.94,1.25631195116048
"quant",3,0,42,0.95,1.11656523085744
"quant",3,0,42,0.96,0.968404091287062
"quant",3,0,42,0.97,0.811314995958741
"quant",3,0,42,0.98,0.631678685816759
"quant",3,0,42,0.99,0.410587564800714
"quant",3,0,42,0.995,0.270499440659044
"quant",3,0,43,0.9,2.12346797907154
"quant",3,0,43,0.91,2.00704601200309
"quant",3,0,43,0.92,1.88009433935343
"quant",3,0,43,0.93,1.74181163397046
"quant",3,0,43,0.94,1.58708563334341
"quant",3,0,43,0.95,1.41628007236881
"quant",3,0,43,0.96,1.22284867634509
"quant",3,0,43,0.97,1.00220043279415
"quant",3,0,43,0.98,0.752130115384446
"quant",3,0,43,0.99,0.456510709049324
"quant",3,0,43,0.995,0.277451506782709
"quant",3,0,44,0.9,1.83374099647282
"quant",3,0,44,0.91,1.7270087151992
"quant",3,0,44,0.92,1.61468614779177
"quant",3,0,44,0.93,1.49456942812604
"quant",3,0,44,0.94,1.36187627716353
"quant",3,0,44,0.95,1.21036185781508
"quant",3,0,44,0.96,1.04293861807359
"quant",3,0,44,0.97,0.856059419105883
"quant",3,0,44,0.98,0.641220670593457
"quant",3,0,44,0.99,0.392404800216733
"quant",3,0,44,0.995,0.228455795735444
"quant",3,0,45,0.9,2.19667188822929
"quant",3,0,45,0.91,2.07905234193795
"quant",3,0,45,0.92,1.95480485062886
"quant",3,0,45,0.93,1.81835093053481
"quant",3,0,45,0.94,1.67186637623521
"quant",3,0,45,0.95,1.51195987741308
"quant",3,0,45,0.96,1.33262764615371
"quant",3,0,45,0.97,1.12858750046358
"quant",3,0,45,0.98,0.885730948925335
"quant",3,0,45,0.99,0.581205072914809
"quant",3,0,45,0.995,0.401401764751464
"quant",3,0,46,0.9,2.0834911409713
"quant",3,0,46,0.91,1.96909799534942
"quant",3,0,46,0.92,1.84850721507892
"quant",3,0,46,0.93,1.72145425436882
"quant",3,0,46,0.94,1.58328187876153
"quant",3,0,46,0.95,1.43194699540518
"quant",3,0,46,0.96,1.26367376899821
"quant",3,0,46,0.97,1.07909589478011
"quant",3,0,46,0.98,0.850597634970228
"quant",3,0,46,0.99,0.580680120798089
"quant",3,0,46,0.995,0.407834360520585
"quant",3,0,47,0.9,2.21725550134273
"quant",3,0,47,0.91,2.10255129898474
"quant",3,0,47,0.92,1.9736066508493
"quant",3,0,47,0.93,1.82989370875132
"quant",3,0,47,0.94,1.66779269502783
"quant",3,0,47,0.95,1.48463833471379
"quant",3,0,47,0.96,1.28312339746948
"quant",3,0,47,0.97,1.05506041411315
"quant",3,0,47,0.98,0.797926244410852
"quant",3,0,47,0.99,0.490991718637354
"quant",3,0,47,0.995,0.303295900794537
"quant",3,0,48,0.9,1.81071863402772
"quant",3,0,48,0.91,1.69867094459517
"quant",3,0,48,0.92,1.58081433289225
"quant",3,0,48,0.93,1.45381206637027
"quant",3,0,48,0.94,1.31150804347621
"quant",3,0,48,0.95,1.15302172329127
"quant",3,0,48,0.96,0.977351464371855
"quant",3,0,48,0.97,0.782029862628363
"quant",3,0,48,0.98,0.568741746480508
"quant",3,0,48,0.99,0.333236276073634
"quant",3,0,48,0.995,0.187012126988511
"quant",3,0,49,0.9,1.88731352763833
"quant",3,0,49,0.91,1.78584594819943
"quant",3,0,49,0.92,1.67771453164319
"quant",3,0,49,0.93,1.56036977407125
"quant",3,0,49,0.94,1.43257667091596
"quant",3,0,49,0.95,1.2911490883249
"quant",3,0,49,0.96,1.13059082145281
"quant",3,0,49,0.97,0.944898713664112
"quant",3,0,49,0.98,0.725898499105487
"quant",3,0,49,0.99,0.465196813930991
"quant",3,0,49,0.995,0.304239271566106
"quant",3,0,50,0.9,1.61592333223489
"quant",3,0,50,0.91,1.5095837140794
"quant",3,0,50,0.92,1.39532410735211
"quant",3,0,50,0.93,1.27476718260644
"quant",3,0,50,0.94,1.15030590371662
"quant",3,0,50,0.95,1.01597452815828
"quant",3,0,50,0.96,0.86735060203496
"quant",3,0,50,0.97,0.706403437537488
"quant",3,0,50,0.98,0.518943164416655
"quant",3,0,50,0.99,0.306533761415059
"quant",3,0,50,0.995,0.177286364077696
"quant",4,0,1,0.9,1.94254616829746
"quant",4,0,1,0.91,1.81430335108587
"quant",4,0,1,0.92,1.67847294793952
"quant",4,0,1,0.93,1.53377220415479
"quant",4,0,1,0.94,1.37431059447725
"quant",4,0,1,0.95,1.2022678222972
"quant",4,0,1,0.96,1.01404438786683
"quant",4,0,1,0.97,0.834696478741122
"quant",4,0,1,0.98,0.613476238409764
"quant",4,0,1,0.99,0.362514258619891
"quant",4,0,1,0.995,0.210065251047295
"quant",4,0,2,0.9,1.62381531131605
"quant",4,0,2,0.91,1.5128932068459
"quant",4,0,2,0.92,1.39357328650165
"quant",4,0,2,0.93,1.26958358323528
"quant",4,0,2,0.94,1.13716833883084
"quant",4,0,2,0.95,0.991640883639159
"quant",4,0,2,0.96,0.834843574179244
"quant",4,0,2,0.97,0.669478335862925
"quant",4,0,2,0.98,0.489027290488934
"quant",4,0,2,0.99,0.295249572347151
"quant",4,0,2,0.995,0.161011610474444
"quant",4,0,3,0.9,2.08247325519637
"quant",4,0,3,0.91,1.97799919112343
"quant",4,0,3,0.92,1.86512025242521
"quant",4,0,3,0.93,1.7383247845134
"quant",4,0,3,0.94,1.60111907941946
"quant",4,0,3,0.95,1.4535987966259
"quant",4,0,3,0.96,1.28825718415006
"quant",4,0,3,0.97,1.10303569217491
"quant",4,0,3,0.98,0.885444368216429
"quant",4,0,3,0.99,0.61435062644723
"quant",4,0,3,0.995,0.447593729090946
"quant",4,0,4,0.9,1.5096881570212
"quant",4,0,4,0.91,1.41699226817853
"quant",4,0,4,0.92,1.31777892785138
"quant",4,0,4,0.93,1.21196265484406
"quant",4,0,4,0.94,1.10027997310237
"quant",4,0,4,0.95,0.983017884223152
"quant",4,0,4,0.96,0.879158499528539
"quant",4,0,4,0.97,0.76331670993263
"quant",4,0,4,0.98,0.630278851890941
"quant",4,0,4,0.99,0.418206746439325
"quant",4,0,4,0.995,0.240647528957099
"quant",4,0,5,0.9,1.74554218819786
"quant",4,0,5,0.91,1.64275006052684
"quant",4,0,5,0.92,1.53185246042959
"quant",4,0,5,0.93,1.41170058586938
"quant",4,0,5,0.94,1.28170873163725
"quant",4,0,5,0.95,1.14368534759496
"quant",4,0,5,0.96,0.989969071222326
"quant",4,0,5,0.97,0.82267230958716
"quant",4,0,5,0.98,0.646049186902082
"quant",4,0,5,0.99,0.400168426608916
"quant",4,0,5,0.995,0.244885290380331
"quant",4,0,6,0.9,1.65042385393547
"quant",4,0,6,0.91,1.5513506394592
"quant",4,0,6,0.92,1.44274904961239
"quant",4,0,6,0.93,1.32698559828444
"quant",4,0,6,0.94,1.20499886662357
"quant",4,0,6,0.95,1.07672614900371
"quant",4,0,6,0.96,0.95509271271995
"quant",4,0,6,0.97,0.821950274525853
"quant",4,0,6,0.98,0.654725608408388
"quant",4,0,6,0.99,0.427007525578576
"quant",4,0,6,0.995,0.25276321286853
"quant",4,0,7,0.9,2.02617278046007
"quant",4,0,7,0.91,1.92976620465469
"quant",4,0,7,0.92,1.82084802045681
"quant",4,0,7,0.93,1.69919127239465
"quant",4,0,7,0.94,1.56468906267547
"quant",4,0,7,0.95,1.40892791265445
"quant",4,0,7,0.96,1.23417071710639
"quant",4,0,7,0.97,1.02755340660905
"quant",4,0,7,0.98,0.798791022184256
"quant",4,0,7,0.99,0.512322454207049
"quant",4,0,7,0.995,0.325975347288498
"quant",4,0,8,0.9,2.14456683638401
"quant",4,0,8,0.91,2.0455060348433
"quant",4,0,8,0.92,1.93818444293501
"quant",4,0,8,0.93,1.81818648938259
"quant",4,0,8,0.94,1.68892964708194
"quant",4,0,8,0.95,1.54339239380914
"quant",4,0,8,0.96,1.36653253795287
"quant",4,0,8,0.97,1.14908450959888
"quant",4,0,8,0.98,0.876755583640309
"quant",4,0,8,0.99,0.537663714559008
"quant",4,0,8,0.995,0.317566785643384
"quant",4,0,9,0.9,1.95497024917813
"quant",4,0,9,0.91,1.84064699994596
"quant",4,0,9,0.92,1.7166025426231
"quant",4,0,9,0.93,1.57928737206962
"quant",4,0,9,0.94,1.42890496627151
"quant",4,0,9,0.95,1.26716263061855
"quant",4,0,9,0.96,1.09608726709238
"quant",4,0,9,0.97,0.908244721197245
"quant",4,0,9,0.98,0.696443960149425
"quant",4,0,9,0.99,0.433544074370638
"quant",4,0,9,0.995,0.260142851374424
"quant",4,0,10,0.9,1.93170940408518
"quant",4,0,10,0.91,1.81993222172417
"quant",4,0,10,0.92,1.70107446001836
"quant",4,0,10,0.93,1.57294986513529
"quant",4,0,10,0.94,1.43810390179375
"quant",4,0,10,0.95,1.28826855142699
"quant",4,0,10,0.96,1.13092389061427
"quant",4,0,10,0.97,0.943697943491157
"quant",4,0,10,0.98,0.713471404583772
"quant",4,0,10,0.99,0.434092388826899
"quant",4,0,10,0.995,0.260840963585754
"quant",4,0,11,0.9,1.8673924924791
"quant",4,0,11,0.91,1.77056967983047
"quant",4,0,11,0.92,1.66408025534568
"quant",4,0,11,0.93,1.5487041812153
"quant",4,0,11,0.94,1.42228596423354
"quant",4,0,11,0.95,1.2801786599658
"quant",4,0,11,0.96,1.11858438184025
"quant",4,0,11,0.97,0.934862990559887
"quant",4,0,11,0.98,0.729792163242251
"quant",4,0,11,0.99,0.478657480089767
"quant",4,0,11,0.995,0.304101529332027
"quant",4,0,12,0.9,1.66744854725964
"quant",4,0,12,0.91,1.56741372600655
"quant",4,0,12,0.92,1.46065510385762
"quant",4,0,12,0.93,1.34803973477727
"quant",4,0,12,0.94,1.22927993874178
"quant",4,0,12,0.95,1.1003424016441
"quant",4,0,12,0.96,0.95943050523778
"quant",4,0,12,0.97,0.799934091022887
"quant",4,0,12,0.98,0.633971532484176
"quant",4,0,12,0.99,0.434384533405456
"quant",4,0,12,0.995,0.296217954116688
"quant",4,0,13,0.9,1.84348073374622
"quant",4,0,13,0.91,1.72492369590938
"quant",4,0,13,0.92,1.59747808895315
"quant",4,0,13,0.93,1.45910395696732
"quant",4,0,13,0.94,1.31345228586396
"quant",4,0,13,0.95,1.15598745044885
"quant",4,0,13,0.96,0.984201497017208
"quant",4,0,13,0.97,0.799394141473858
"quant",4,0,13,0.98,0.5968720989006
"quant",4,0,13,0.99,0.350412479539716
"quant",4,0,13,0.995,0.193631179124927
"quant",4,0,14,0.9,1.88601216690921
"quant",4,0,14,0.91,1.77729872379633
"quant",4,0,14,0.92,1.65792400360673
"quant",4,0,14,0.93,1.52882029676193
"quant",4,0,14,0.94,1.39041643618054
"quant",4,0,14,0.95,1.24528853707221
"quant",4,0,14,0.96,1.09322195523568
"quant",4,0,14,0.97,0.920159286670545
"quant",4,0,14,0.98,0.723412728989281
"quant",4,0,14,0.99,0.487353007481008
"quant",4,0,14,0.995,0.330336653589811
"quant",4,0,15,0.9,1.60415283589838
"quant",4,0,15,0.91,1.49731234052293
"quant",4,0,15,0.92,1.38506433094485
"quant",4,0,15,0.93,1.26689051152663
"quant",4,0,15,0.94,1.14095494760063
"quant",4,0,15,0.95,1.00569250156389
"quant",4,0,15,0.96,0.860987294569571
"quant",4,0,15,0.97,0.704237029309731
"quant",4,0,15,0.98,0.531559820931222
"quant",4,0,15,0.99,0.323100819076314
"quant",4,0,15,0.995,0.193625614977473
"quant",4,0,16,0.9,2.12067956351233
"quant",4,0,16,0.91,2.00669818249056
"quant",4,0,16,0.92,1.88329388854863
"quant",4,0,16,0.93,1.75003881047983
"quant",4,0,16,0.94,1.60131144814886
"quant",4,0,16,0.95,1.433836298398
"quant",4,0,16,0.96,1.24748234470005
"quant",4,0,16,0.97,1.03764357535199
"quant",4,0,16,0.98,0.807505415242411
"quant",4,0,16,0.99,0.563681969968773
"quant",4,0,16,0.995,0.369818576140206
"quant",4,0,17,0.9,1.75126496946513
"quant",4,0,17,0.91,1.64398062280581
"quant",4,0,17,0.92,1.52570855421496
"quant",4,0,17,0.93,1.39660442589783
"quant",4,0,17,0.94,1.25373907669516
"quant",4,0,17,0.95,1.09783414865967
"quant",4,0,17,0.96,0.926504253771222
"quant",4,0,17,0.97,0.738620990676628
"quant",4,0,17,0.98,0.531789201197218
"quant",4,0,17,0.99,0.299714794861676
"quant",4,0,17,0.995,0.169016933942772
"quant",4,0,18,0.9,2.31496368566649
"quant",4,0,18,0.91,2.19358663771968
"quant",4,0,18,0.92,2.0620936993096
"quant",4,0,18,0.93,1.91854636877774
"quant",4,0,18,0.94,1.76275558120246
"quant",4,0,18,0.95,1.59208621729439
"quant",4,0,18,0.96,1.40531416844712
"quant",4,0,18,0.97,1.20222521477357
"quant",4,0,18,0.98,0.977345824264079
"quant",4,0,18,0.99,0.713007900393964
"quant",4,0,18,0.995,0.547322669151245
"quant",4,0,19,0.9,2.57312572266661
"quant",4,0,19,0.91,2.45412358944598
"quant",4,0,19,0.92,2.32387101632263
"quant",4,0,19,0.93,2.18032829039336
"quant",4,0,19,0.94,2.02156609387784
"quant",4,0,19,0.95,1.84592565308962
"quant",4,0,19,0.96,1.64918931530248
"quant",4,0,19,0.97,1.42102498225431
"quant",4,0,19,0.98,1.11625237426221
"quant",4,0,19,0.99,0.810102372180342
"quant",4,0,19,0.995,0.596710586755768
"quant",4,0,20,0.9,1.86764635638494
"quant",4,0,20,0.91,1.74866553431574
"quant",4,0,20,0.92,1.61795299397965
"quant",4,0,20,0.93,1.48096968250155
"quant",4,0,20,0.94,1.33287455446358
"quant",4,0,20,0.95,1.17204342341169
"quant",4,0,20,0.96,0.99078023996315
"quant",4,0,20,0.97,0.791503338104972
"quant",4,0,20,0.98,0.563263061284448
"quant",4,0,20,0.99,0.313565974059556
"quant",4,0,20,0.995,0.170035648994148
"quant",4,0,21,0.9,1.78977748638668
"quant",4,0,21,0.91,1.69048583772201
"quant",4,0,21,0.92,1.58622288134605
"quant",4,0,21,0.93,1.47764120136129
"quant",4,0,21,0.94,1.3571498560763
"quant",4,0,21,0.95,1.22457435169463
"quant",4,0,21,0.96,1.07932571107787
"quant",4,0,21,0.97,0.92272738241387
"quant",4,0,21,0.98,0.712125648626138
"quant",4,0,21,0.99,0.42968250044023
"quant",4,0,21,0.995,0.25299522502998
"quant",4,0,22,0.9,2.32001888268107
"quant",4,0,22,0.91,2.20736531251713
"quant",4,0,22,0.92,2.08580673091468
"quant",4,0,22,0.93,1.95404247544714
"quant",4,0,22,0.94,1.80915514464846
"quant",4,0,22,0.95,1.64586932256536
"quant",4,0,22,0.96,1.46780150411003
"quant",4,0,22,0.97,1.26521124899486
"quant",4,0,22,0.98,1.03342066446732
"quant",4,0,22,0.99,0.739360280620228
"quant",4,0,22,0.995,0.556904970293768
"quant",4,0,23,0.9,2.03334999248426
"quant",4,0,23,0.91,1.91952379904173
"quant",4,0,23,0.92,1.79814269310943
"quant",4,0,23,0.93,1.66297629675198
"quant",4,0,23,0.94,1.51369578183312
"quant",4,0,23,0.95,1.35102921145604
"quant",4,0,23,0.96,1.17532207478911
"quant",4,0,23,0.97,0.994426420608256
"quant",4,0,23,0.98,0.789015992362897
"quant",4,0,23,0.99,0.533685353253418
"quant",4,0,23,0.995,0.371781394944254
"quant",4,0,24,0.9,2.18480400147332
"quant",4,0,24,0.91,2.07127497870582
"quant",4,0,24,0.92,1.94871917515939
"quant",4,0,24,0.93,1.81055466694359
"quant",4,0,24,0.94,1.65522067926609
"quant",4,0,24,0.95,1.47977093933118
"quant",4,0,24,0.96,1.28393364381723
"quant",4,0,24,0.97,1.06579914913241
"quant",4,0,24,0.98,0.814186789608681
"quant",4,0,24,0.99,0.524878214987159
"quant",4,0,24,0.995,0.340176594905182
"quant",4,0,25,0.9,2.06350273129205
"quant",4,0,25,0.91,1.94479951683596
"quant",4,0,25,0.92,1.81648747229683
"quant",4,0,25,0.93,1.67996786919165
"quant",4,0,25,0.94,1.52974212202486
"quant",4,0,25,0.95,1.36355307000868
"quant",4,0,25,0.96,1.18061297883933
"quant",4,0,25,0.97,0.973804735930971
"quant",4,0,25,0.98,0.733095893585527
"quant",4,0,25,0.99,0.447854648899056
"quant",4,0,25,0.995,0.285064031197263
"quant",4,0,26,0.9,2.06440909194749
"quant",4,0,26,0.91,1.94344646856144
"quant",4,0,26,0.92,1.81345453603139
"quant",4,0,26,0.93,1.67397501273469
"quant",4,0,26,0.94,1.52172271965332
"quant",4,0,26,0.95,1.3548952180514
"quant",4,0,26,0.96,1.15957408450858
"quant",4,0,26,0.97,0.933782371568418
"quant",4,0,26,0.98,0.69850599899806
"quant",4,0,26,0.99,0.446879907215566
"quant",4,0,26,0.995,0.289775663520618
"quant",4,0,27,0.9,1.98162220833233
"quant",4,0,27,0.91,1.86486015061963
"quant",4,0,27,0.92,1.7371179153493
"quant",4,0,27,0.93,1.59793464617099
"quant",4,0,27,0.94,1.44727669333268
"quant",4,0,27,0.95,1.28347404433306
"quant",4,0,27,0.96,1.11161113552881
"quant",4,0,27,0.97,0.922270049300798
"quant",4,0,27,0.98,0.710355657955803
"quant",4,0,27,0.99,0.467947965772306
"quant",4,0,27,0.995,0.322916150160559
"quant",4,0,28,0.9,1.78544340746346
"quant",4,0,28,0.91,1.67530675507207
"quant",4,0,28,0.92,1.55857298301589
"quant",4,0,28,0.93,1.43710738191492
"quant",4,0,28,0.94,1.30851785271683
"quant",4,0,28,0.95,1.1694166936417
"quant",4,0,28,0.96,1.01993273073496
"quant",4,0,28,0.97,0.849231387718577
"quant",4,0,28,0.98,0.64778087083046
"quant",4,0,28,0.99,0.40669529294773
"quant",4,0,28,0.995,0.261695513227462
"quant",4,0,29,0.9,1.72308276168534
"quant",4,0,29,0.91,1.60404509640855
"quant",4,0,29,0.92,1.47740042550108
"quant",4,0,29,0.93,1.3413116480258
"quant",4,0,29,0.94,1.19546090283203
"quant",4,0,29,0.95,1.0383845251088
"quant",4,0,29,0.96,0.872626693780764
"quant",4,0,29,0.97,0.700740996484387
"quant",4,0,29,0.98,0.515273990575377
"quant",4,0,29,0.99,0.307723837894561
"quant",4,0,29,0.995,0.176224432573927
"quant",4,0,30,0.9,1.76840826815239
"quant",4,0,30,0.91,1.65773484412829
"quant",4,0,30,0.92,1.5405112667543
"quant",4,0,30,0.93,1.41284840089303
"quant",4,0,30,0.94,1.27503256407853
"quant",4,0,30,0.95,1.12622333697528
"quant",4,0,30,0.96,0.965783319440571
"quant",4,0,30,0.97,0.799557260888178
"quant",4,0,30,0.98,0.62976155268729
"quant",4,0,30,0.99,0.430444664661647
"quant",4,0,30,0.995,0.263531507739019
"quant",4,0,31,0.9,1.87907443218364
"quant",4,0,31,0.91,1.75806959807808
"quant",4,0,31,0.92,1.62952544300229
"quant",4,0,31,0.93,1.49313213882921
"quant",4,0,31,0.94,1.34426352246545
"quant",4,0,31,0.95,1.18664374492145
"quant",4,0,31,0.96,1.02181336004158
"quant",4,0,31,0.97,0.856111180080382
"quant",4,0,31,0.98,0.639761118682969
"quant",4,0,31,0.99,0.378288722615582
"quant",4,0,31,0.995,0.22154372295574
"quant",4,0,32,0.9,1.95559103729778
"quant",4,0,32,0.91,1.8288947034671
"quant",4,0,32,0.92,1.69179106288209
"quant",4,0,32,0.93,1.54659231310031
"quant",4,0,32,0.94,1.39926403192817
"quant",4,0,32,0.95,1.24456650663534
"quant",4,0,32,0.96,1.07086751448089
"quant",4,0,32,0.97,0.865607040401163
"quant",4,0,32,0.98,0.644795723574307
"quant",4,0,32,0.99,0.407877815654642
"quant",4,0,32,0.995,0.229593131926487
"quant",4,0,33,0.9,1.84303736879834
"quant",4,0,33,0.91,1.72464320768009
"quant",4,0,33,0.92,1.5977869170814
"quant",4,0,33,0.93,1.4585382648807
"quant",4,0,33,0.94,1.30683356410917
"quant",4,0,33,0.95,1.1653084701769
"quant",4,0,33,0.96,0.997905889349416
"quant",4,0,33,0.97,0.814091673215986
"quant",4,0,33,0.98,0.611383097160639
"quant",4,0,33,0.99,0.361213510238022
"quant",4,0,33,0.995,0.203242545819771
"quant",4,0,34,0.9,2.26432231288976
"quant",4,0,34,0.91,2.13586217629277
"quant",4,0,34,0.92,1.99617681003212
"quant",4,0,34,0.93,1.84273201094877
"quant",4,0,34,0.94,1.66925603094475
"quant",4,0,34,0.95,1.47425376136877
"quant",4,0,34,0.96,1.26237631141297
"quant",4,0,34,0.97,1.03111699376364
"quant",4,0,34,0.98,0.761815571371053
"quant",4,0,34,0.99,0.443451993997178
"quant",4,0,34,0.995,0.258245495058255
"quant",4,0,35,0.9,2.259739033766
"quant",4,0,35,0.91,2.12382318796036
"quant",4,0,35,0.92,1.98306346803991
"quant",4,0,35,0.93,1.83538560907229
"quant",4,0,35,0.94,1.68011732187758
"quant",4,0,35,0.95,1.50981323264133
"quant",4,0,35,0.96,1.319276084794
"quant",4,0,35,0.97,1.09292070946802
"quant",4,0,35,0.98,0.823579738292645
"quant",4,0,35,0.99,0.516197379523464
"quant",4,0,35,0.995,0.341765764689733
"quant",4,0,36,0.9,1.66817228078197
"quant",4,0,36,0.91,1.56861922281748
"quant",4,0,36,0.92,1.46279653360715
"quant",4,0,36,0.93,1.34923469092027
"quant",4,0,36,0.94,1.22843327056643
"quant",4,0,36,0.95,1.09484695514628
"quant",4,0,36,0.96,0.94524491153023
"quant",4,0,36,0.97,0.768000471534657
"quant",4,0,36,0.98,0.573602013883817
"quant",4,0,36,0.99,0.342480317325652
"quant",4,0,36,0.995,0.190565229180163
"quant",4,0,37,0.9,1.96909959101677
"quant",4,0,37,0.91,1.85483009806607
"quant",4,0,37,0.92,1.73154013801522
"quant",4,0,37,0.93,1.59797764269244
"quant",4,0,37,0.94,1.45691865306219
"quant",4,0,37,0.95,1.30184347105953
"quant",4,0,37,0.96,1.12560587594193
"quant",4,0,37,0.97,0.921866783892233
"quant",4,0,37,0.98,0.679976920306111
"quant",4,0,37,0.99,0.440890898808994
"quant",4,0,37,0.995,0.258120791210369
"quant",4,0,38,0.9,2.10563441925516
"quant",4,0,38,0.91,1.99839272278352
"quant",4,0,38,0.92,1.87769980041534
"quant",4,0,38,0.93,1.74215836589297
"quant",4,0,38,0.94,1.58977432420319
"quant",4,0,38,0.95,1.41816586636407
"quant",4,0,38,0.96,1.22366961184182
"quant",4,0,38,0.97,1.00591192488833
"quant",4,0,38,0.98,0.754413916580845
"quant",4,0,38,0.99,0.450844206609793
"quant",4,0,38,0.995,0.270017329702556
"quant",4,0,39,0.9,1.96858867513169
"quant",4,0,39,0.91,1.85374090896291
"quant",4,0,39,0.92,1.7334207346934
"quant",4,0,39,0.93,1.60631447339166
"quant",4,0,39,0.94,1.47048282648364
"quant",4,0,39,0.95,1.31881627855388
"quant",4,0,39,0.96,1.14851569454939
"quant",4,0,39,0.97,0.95961810179645
"quant",4,0,39,0.98,0.741601494594328
"quant",4,0,39,0.99,0.477270773812569
"quant",4,0,39,0.995,0.31824287556259
"quant",4,0,40,0.9,2.19632803353246
"quant",4,0,40,0.91,2.06937391970239
"quant",4,0,40,0.92,1.93334706828563
"quant",4,0,40,0.93,1.78724747841075
"quant",4,0,40,0.94,1.62927154352648
"quant",4,0,40,0.95,1.45899631151829
"quant",4,0,40,0.96,1.27189273194536
"quant",4,0,40,0.97,1.05932654721541
"quant",4,0,40,0.98,0.809368747539962
"quant",4,0,40,0.99,0.523954345429388
"quant",4,0,40,0.995,0.350138792247592
"quant",4,0,41,0.9,1.71578968079511
"quant",4,0,41,0.91,1.612292776514
"quant",4,0,41,0.92,1.50269584907824
"quant",4,0,41,0.93,1.38526935631128
"quant",4,0,41,0.94,1.25879510004253
"quant",4,0,41,0.95,1.12151013757668
"quant",4,0,41,0.96,0.972101550421276
"quant",4,0,41,0.97,0.812144344832415
"quant",4,0,41,0.98,0.619520767005549
"quant",4,0,41,0.99,0.389958662720503
"quant",4,0,41,0.995,0.237166243158291
"quant",4,0,42,0.9,1.73572680771159
"quant",4,0,42,0.91,1.62583891078678
"quant",4,0,42,0.92,1.51061476185026
"quant",4,0,42,0.93,1.38858043476198
"quant",4,0,42,0.94,1.25759227325947
"quant",4,0,42,0.95,1.117557655601
"quant",4,0,42,0.96,0.978900639555642
"quant",4,0,42,0.97,0.826392244435011
"quant",4,0,42,0.98,0.640990132540721
"quant",4,0,42,0.99,0.417021278958381
"quant",4,0,42,0.995,0.272320539710142
"quant",4,0,43,0.9,2.13855661828903
"quant",4,0,43,0.91,2.02117078927892
"quant",4,0,43,0.92,1.8936043181505
"quant",4,0,43,0.93,1.75339629982245
"quant",4,0,43,0.94,1.59756480977325
"quant",4,0,43,0.95,1.42761162787285
"quant",4,0,43,0.96,1.23460814969955
"quant",4,0,43,0.97,1.02456408268871
"quant",4,0,43,0.98,0.763555830783899
"quant",4,0,43,0.99,0.482439710523803
"quant",4,0,43,0.995,0.298067806627721
"quant",4,0,44,0.9,1.82714200236626
"quant",4,0,44,0.91,1.72273866026302
"quant",4,0,44,0.92,1.61429123776757
"quant",4,0,44,0.93,1.4981594353313
"quant",4,0,44,0.94,1.36598329130213
"quant",4,0,44,0.95,1.2148461040727
"quant",4,0,44,0.96,1.05136476355944
"quant",4,0,44,0.97,0.860851800399313
"quant",4,0,44,0.98,0.641268710474638
"quant",4,0,44,0.99,0.388257994052907
"quant",4,0,44,0.995,0.230320889250327
"quant",4,0,45,0.9,2.20388056175372
"quant",4,0,45,0.91,2.08916987965471
"quant",4,0,45,0.92,1.9658711494068
"quant",4,0,45,0.93,1.82749146309424
"quant",4,0,45,0.94,1.67764656204993
"quant",4,0,45,0.95,1.51442125828547
"quant",4,0,45,0.96,1.33359192733863
"quant",4,0,45,0.97,1.12901790067951
"quant",4,0,45,0.98,0.889780583914023
"quant",4,0,45,0.99,0.592106469999433
"quant",4,0,45,0.995,0.415613635614755
"quant",4,0,46,0.9,2.07689968628501
"quant",4,0,46,0.91,1.96168003775799
"quant",4,0,46,0.92,1.84023797298883
"quant",4,0,46,0.93,1.71048978851782
"quant",4,0,46,0.94,1.57192089664891
"quant",4,0,46,0.95,1.42039321585835
"quant",4,0,46,0.96,1.25518097093693
"quant",4,0,46,0.97,1.07322800865232
"quant",4,0,46,0.98,0.856571216849436
"quant",4,0,46,0.99,0.579491562522253
"quant",4,0,46,0.995,0.409460550138667
"quant",4,0,47,0.9,2.22885968592824
"quant",4,0,47,0.91,2.11404226384463
"quant",4,0,47,0.92,1.98436028579777
"quant",4,0,47,0.93,1.83740361891328
"quant",4,0,47,0.94,1.66610223058192
"quant",4,0,47,0.95,1.47836094947796
"quant",4,0,47,0.96,1.27546404604252
"quant",4,0,47,0.97,1.04712338728678
"quant",4,0,47,0.98,0.782647359325927
"quant",4,0,47,0.99,0.475108440865822
"quant",4,0,47,0.995,0.295792947789146
"quant",4,0,48,0.9,1.81852606079844
"quant",4,0,48,0.91,1.70724449289092
"quant",4,0,48,0.92,1.58938335633904
"quant",4,0,48,0.93,1.46125569242845
"quant",4,0,48,0.94,1.31781098515695
"quant",4,0,48,0.95,1.1577827827269
"quant",4,0,48,0.96,0.981506067469082
"quant",4,0,48,0.97,0.785257674192139
"quant",4,0,48,0.98,0.573270826610555
"quant",4,0,48,0.99,0.329924990520655
"quant",4,0,48,0.995,0.179219357350185
"quant",4,0,49,0.9,1.90374942618458
"quant",4,0,49,0.91,1.80142886334349
"quant",4,0,49,0.92,1.6915702393503
"quant",4,0,49,0.93,1.57383650594285
"quant",4,0,49,0.94,1.44542741330796
"quant",4,0,49,0.95,1.30263897654745
"quant",4,0,49,0.96,1.14019033182117
"quant",4,0,49,0.97,0.951006867901806
"quant",4,0,49,0.98,0.730862451217676
"quant",4,0,49,0.99,0.468388845535987
"quant",4,0,49,0.995,0.309250890599955
"quant",4,0,50,0.9,1.6316846032517
"quant",4,0,50,0.91,1.52573109489273
"quant",4,0,50,0.92,1.41231483280685
"quant",4,0,50,0.93,1.29257449908019
"quant",4,0,50,0.94,1.16924880264332
"quant",4,0,50,0.95,1.03452460123766
"quant",4,0,50,0.96,0.885533720773899
"quant",4,0,50,0.97,0.727427555902417
"quant",4,0,50,0.98,0.53893652343636
"quant",4,0,50,0.99,0.318336031339873
"quant",4,0,50,0.995,0.18366106422936
"quant",5,0,1,0.9,1.94262529839347
"quant",5,0,1,0.91,1.81472850611152
"quant",5,0,1,0.92,1.67893165708379
"quant",5,0,1,0.93,1.53280927865904
"quant",5,0,1,0.94,1.37485862672671
"quant",5,0,1,0.95,1.20517677471951
"quant",5,0,1,0.96,1.0164625453753
"quant",5,0,1,0.97,0.826564510870755
"quant",5,0,1,0.98,0.610155802189199
"quant",5,0,1,0.99,0.366315946614475
"quant",5,0,1,0.995,0.215400892929424
"quant",5,0,2,0.9,1.63178419850826
"quant",5,0,2,0.91,1.52102927320868
"quant",5,0,2,0.92,1.40207318176843
"quant",5,0,2,0.93,1.27518809970222
"quant",5,0,2,0.94,1.14185006024926
"quant",5,0,2,0.95,0.995229613962149
"quant",5,0,2,0.96,0.836727209854
"quant",5,0,2,0.97,0.668759817041427
"quant",5,0,2,0.98,0.48632540647497
"quant",5,0,2,0.99,0.285605859933273
"quant",5,0,2,0.995,0.154370666756926
"quant",5,0,3,0.9,2.07717798575318
"quant",5,0,3,0.91,1.97011151062996
"quant",5,0,3,0.92,1.85846197958699
"quant",5,0,3,0.93,1.73418771865161
"quant",5,0,3,0.94,1.60046705164262
"quant",5,0,3,0.95,1.45366972258576
"quant",5,0,3,0.96,1.28822639390987
"quant",5,0,3,0.97,1.10191486989368
"quant",5,0,3,0.98,0.882186590229984
"quant",5,0,3,0.99,0.602938928219487
"quant",5,0,3,0.995,0.425904899894061
"quant",5,0,4,0.9,1.50895264116282
"quant",5,0,4,0.91,1.4154092508323
"quant",5,0,4,0.92,1.31576068158001
"quant",5,0,4,0.93,1.2107045142283
"quant",5,0,4,0.94,1.10042635995773
"quant",5,0,4,0.95,0.984236008187506
"quant",5,0,4,0.96,0.865333533946398
"quant",5,0,4,0.97,0.748609726287429
"quant",5,0,4,0.98,0.613782997413762
"quant",5,0,4,0.99,0.416552553353902
"quant",5,0,4,0.995,0.243636771821381
"quant",5,0,5,0.9,1.74201868985484
"quant",5,0,5,0.91,1.63776209180516
"quant",5,0,5,0.92,1.52882946755016
"quant",5,0,5,0.93,1.41049876627959
"quant",5,0,5,0.94,1.28284649341625
"quant",5,0,5,0.95,1.14523314908299
"quant",5,0,5,0.96,0.990814285603866
"quant",5,0,5,0.97,0.822910424655153
"quant",5,0,5,0.98,0.643992196227667
"quant",5,0,5,0.99,0.409157271175868
"quant",5,0,5,0.995,0.252308357333473
"quant",5,0,6,0.9,1.6437815935483
"quant",5,0,6,0.91,1.54669151431102
"quant",5,0,6,0.92,1.44003372665699
"quant",5,0,6,0.93,1.32570903442321
"quant",5,0,6,0.94,1.20631231542812
"quant",5,0,6,0.95,1.08025783885491
"quant",5,0,6,0.96,0.955880438408874
"quant",5,0,6,0.97,0.826917715825372
"quant",5,0,6,0.98,0.659601866653158
"quant",5,0,6,0.99,0.426791002363574
"quant",5,0,6,0.995,0.242331989907929
"quant",5,0,7,0.9,2.03713336820469
"quant",5,0,7,0.91,1.94373441158192
"quant",5,0,7,0.92,1.83607458886459
"quant",5,0,7,0.93,1.71165845185986
"quant",5,0,7,0.94,1.56980451293548
"quant",5,0,7,0.95,1.41063098908414
"quant",5,0,7,0.96,1.22932721042013
"quant",5,0,7,0.97,1.02179621892858
"quant",5,0,7,0.98,0.780909056348494
"quant",5,0,7,0.99,0.500901257160269
"quant",5,0,7,0.995,0.325019717213693
"quant",5,0,8,0.9,2.13667189518508
"quant",5,0,8,0.91,2.03692274806239
"quant",5,0,8,0.92,1.93015249958189
"quant",5,0,8,0.93,1.81479697256765
"quant",5,0,8,0.94,1.6901365640168
"quant",5,0,8,0.95,1.54680967593314
"quant",5,0,8,0.96,1.36868009906196
"quant",5,0,8,0.97,1.15192750840259
"quant",5,0,8,0.98,0.880762290319445
"quant",5,0,8,0.99,0.539869624513985
"quant",5,0,8,0.995,0.324531321246254
"quant",5,0,9,0.9,1.94355235473275
"quant",5,0,9,0.91,1.82975437840442
"quant",5,0,9,0.92,1.70662233740996
"quant",5,0,9,0.93,1.57127502690964
"quant",5,0,9,0.94,1.42153623271526
"quant",5,0,9,0.95,1.25964978235256
"quant",5,0,9,0.96,1.09114611880369
"quant",5,0,9,0.97,0.90736237743502
"quant",5,0,9,0.98,0.696922392411781
"quant",5,0,9,0.99,0.431039979312153
"quant",5,0,9,0.995,0.26026471686045
"quant",5,0,10,0.9,1.93422055495928
"quant",5,0,10,0.91,1.82155131889354
"quant",5,0,10,0.92,1.70217636620231
"quant",5,0,10,0.93,1.574451468957
"quant",5,0,10,0.94,1.43727050846602
"quant",5,0,10,0.95,1.28413295879789
"quant",5,0,10,0.96,1.12138156830852
"quant",5,0,10,0.97,0.939358239824833
"quant",5,0,10,0.98,0.71075726789583
"quant",5,0,10,0.99,0.435353862189733
"quant",5,0,10,0.995,0.261605724017922
"quant",5,0,11,0.9,1.85867858388121
"quant",5,0,11,0.91,1.75981218626598
"quant",5,0,11,0.92,1.65251846265063
"quant",5,0,11,0.93,1.53634548057525
"quant",5,0,11,0.94,1.41186902713273
"quant",5,0,11,0.95,1.27181241158022
"quant",5,0,11,0.96,1.11116187438887
"quant",5,0,11,0.97,0.931057373671649
"quant",5,0,11,0.98,0.728449854719759
"quant",5,0,11,0.99,0.480164968754292
"quant",5,0,11,0.995,0.315833189284467
"quant",5,0,12,0.9,1.66877072377324
"quant",5,0,12,0.91,1.56882061193316
"quant",5,0,12,0.92,1.46209109745915
"quant",5,0,12,0.93,1.34863809493277
"quant",5,0,12,0.94,1.22887704449298
"quant",5,0,12,0.95,1.10127038486049
"quant",5,0,12,0.96,0.960737471773001
"quant",5,0,12,0.97,0.800156738639292
"quant",5,0,12,0.98,0.628000023882268
"quant",5,0,12,0.99,0.435300787436059
"quant",5,0,12,0.995,0.296340014663781
"quant",5,0,13,0.9,1.83747169142959
"quant",5,0,13,0.91,1.72078362123681
"quant",5,0,13,0.92,1.59455522435892
"quant",5,0,13,0.93,1.45763288185108
"quant",5,0,13,0.94,1.31247586174533
"quant",5,0,13,0.95,1.15621523118507
"quant",5,0,13,0.96,0.985177665880646
"quant",5,0,13,0.97,0.797832351378289
"quant",5,0,13,0.98,0.590919724853291
"quant",5,0,13,0.99,0.347462852617578
"quant",5,0,13,0.995,0.195588572088824
"quant",5,0,14,0.9,1.87917578158119
"quant",5,0,14,0.91,1.76906935274053
"quant",5,0,14,0.92,1.64977200507683
"quant",5,0,14,0.93,1.52011471076695
"quant",5,0,14,0.94,1.37927012605333
"quant",5,0,14,0.95,1.23322167920636
"quant",5,0,14,0.96,1.08151858236964
"quant",5,0,14,0.97,0.913624341542928
"quant",5,0,14,0.98,0.722838176843835
"quant",5,0,14,0.99,0.487161287211386
"quant",5,0,14,0.995,0.329363080939052
"quant",5,0,15,0.9,1.61117984061907
"quant",5,0,15,0.91,1.50426113234351
"quant",5,0,15,0.92,1.39095472950132
"quant",5,0,15,0.93,1.2715970494726
"quant",5,0,15,0.94,1.14479627468035
"quant",5,0,15,0.95,1.00878804322719
"quant",5,0,15,0.96,0.864330612437824
"quant",5,0,15,0.97,0.706287039033276
"quant",5,0,15,0.98,0.530368746123634
"quant",5,0,15,0.99,0.321199812987563
"quant",5,0,15,0.995,0.190872783173319
"quant",5,0,16,0.9,2.13126003415909
"quant",5,0,16,0.91,2.01900193530982
"quant",5,0,16,0.92,1.89831005266762
"quant",5,0,16,0.93,1.76689006043425
"quant",5,0,16,0.94,1.61975644871469
"quant",5,0,16,0.95,1.4550656003486
"quant",5,0,16,0.96,1.26800712120804
"quant",5,0,16,0.97,1.05904925892332
"quant",5,0,16,0.98,0.813115738543512
"quant",5,0,16,0.99,0.569381640291206
"quant",5,0,16,0.995,0.373084834023337
"quant",5,0,17,0.9,1.72874186250392
"quant",5,0,17,0.91,1.62252222005452
"quant",5,0,17,0.92,1.50880381172295
"quant",5,0,17,0.93,1.38332379147993
"quant",5,0,17,0.94,1.24508664634941
"quant",5,0,17,0.95,1.09198568815932
"quant",5,0,17,0.96,0.926401033238526
"quant",5,0,17,0.97,0.744822221698627
"quant",5,0,17,0.98,0.538161584446709
"quant",5,0,17,0.99,0.302832463893985
"quant",5,0,17,0.995,0.168892120066134
"quant",5,0,18,0.9,2.30979896500694
"quant",5,0,18,0.91,2.18789552505738
"quant",5,0,18,0.92,2.05656504637853
"quant",5,0,18,0.93,1.91354863175015
"quant",5,0,18,0.94,1.75883361910297
"quant",5,0,18,0.95,1.58913684248197
"quant",5,0,18,0.96,1.40304359869699
"quant",5,0,18,0.97,1.20168757450834
"quant",5,0,18,0.98,0.975299439889358
"quant",5,0,18,0.99,0.705442012560721
"quant",5,0,18,0.995,0.535883158253732
"quant",5,0,19,0.9,2.5749614454878
"quant",5,0,19,0.91,2.45605757770438
"quant",5,0,19,0.92,2.32573821941417
"quant",5,0,19,0.93,2.18375014032063
"quant",5,0,19,0.94,2.02541422609009
"quant",5,0,19,0.95,1.84959065373989
"quant",5,0,19,0.96,1.64902949291394
"quant",5,0,19,0.97,1.4120606731286
"quant",5,0,19,0.98,1.10983405697473
"quant",5,0,19,0.99,0.78796619502691
"quant",5,0,19,0.995,0.565326927927054
"quant",5,0,20,0.9,1.86628734487687
"quant",5,0,20,0.91,1.74873943382762
"quant",5,0,20,0.92,1.62058591138972
"quant",5,0,20,0.93,1.48367600874174
"quant",5,0,20,0.94,1.33472718076645
"quant",5,0,20,0.95,1.17216425118366
"quant",5,0,20,0.96,0.992822049847545
"quant",5,0,20,0.97,0.795306383270194
"quant",5,0,20,0.98,0.57238306985939
"quant",5,0,20,0.99,0.313449664211423
"quant",5,0,20,0.995,0.169688367751022
"quant",5,0,21,0.9,1.79241220431189
"quant",5,0,21,0.91,1.69236946079268
"quant",5,0,21,0.92,1.5863976085432
"quant",5,0,21,0.93,1.47379260336184
"quant",5,0,21,0.94,1.35248278330681
"quant",5,0,21,0.95,1.22012410513931
"quant",5,0,21,0.96,1.07363096760843
"quant",5,0,21,0.97,0.918807367517439
"quant",5,0,21,0.98,0.706760211115794
"quant",5,0,21,0.99,0.426688557998397
"quant",5,0,21,0.995,0.24843331673274
"quant",5,0,22,0.9,2.3196012761097
"quant",5,0,22,0.91,2.2077337171557
"quant",5,0,22,0.92,2.08803941652661
"quant",5,0,22,0.93,1.95784907197213
"quant",5,0,22,0.94,1.81366483567744
"quant",5,0,22,0.95,1.65122802467255
"quant",5,0,22,0.96,1.47029788194548
"quant",5,0,22,0.97,1.26844800946593
"quant",5,0,22,0.98,1.03407852946329
"quant",5,0,22,0.99,0.734542703861528
"quant",5,0,22,0.995,0.548411415399756
"quant",5,0,23,0.9,2.02607690882033
"quant",5,0,23,0.91,1.91069645229249
"quant",5,0,23,0.92,1.79113565611923
"quant",5,0,23,0.93,1.66098080173254
"quant",5,0,23,0.94,1.51508159167803
"quant",5,0,23,0.95,1.35403120840319
"quant",5,0,23,0.96,1.18436767949535
"quant",5,0,23,0.97,1.00662075796166
"quant",5,0,23,0.98,0.795801181339733
"quant",5,0,23,0.99,0.524009719540487
"quant",5,0,23,0.995,0.351627069410033
"quant",5,0,24,0.9,2.16924984199092
"quant",5,0,24,0.91,2.0579583262012
"quant",5,0,24,0.92,1.93676415250773
"quant",5,0,24,0.93,1.8008953086923
"quant",5,0,24,0.94,1.6495069742554
"quant",5,0,24,0.95,1.47704002239802
"quant",5,0,24,0.96,1.28117588286748
"quant",5,0,24,0.97,1.06487261181255
"quant",5,0,24,0.98,0.813435733079035
"quant",5,0,24,0.99,0.51709861945726
"quant",5,0,24,0.995,0.325846514036714
"quant",5,0,25,0.9,2.06685649427042
"quant",5,0,25,0.91,1.94727001876204
"quant",5,0,25,0.92,1.81921052636252
"quant",5,0,25,0.93,1.68022541932654
"quant",5,0,25,0.94,1.5288197839994
"quant",5,0,25,0.95,1.36211582844181
"quant",5,0,25,0.96,1.18005346024563
"quant",5,0,25,0.97,0.975032212402279
"quant",5,0,25,0.98,0.740246080014187
"quant",5,0,25,0.99,0.454727662073964
"quant",5,0,25,0.995,0.286910300708588
"quant",5,0,26,0.9,2.06292320433906
"quant",5,0,26,0.91,1.94375807104911
"quant",5,0,26,0.92,1.815137075988
"quant",5,0,26,0.93,1.67658608995065
"quant",5,0,26,0.94,1.52279677166004
"quant",5,0,26,0.95,1.35411683582572
"quant",5,0,26,0.96,1.1593507399033
"quant",5,0,26,0.97,0.935506655804944
"quant",5,0,26,0.98,0.694505418304338
"quant",5,0,26,0.99,0.439052315983764
"quant",5,0,26,0.995,0.279555746942731
"quant",5,0,27,0.9,1.96715460377157
"quant",5,0,27,0.91,1.85135004889667
"quant",5,0,27,0.92,1.72537701931138
"quant",5,0,27,0.93,1.58796309025469
"quant",5,0,27,0.94,1.43972099032539
"quant",5,0,27,0.95,1.27687965680484
"quant",5,0,27,0.96,1.10491282712402
"quant",5,0,27,0.97,0.916832344338731
"quant",5,0,27,0.98,0.705868759441508
"quant",5,0,27,0.99,0.457801748566979
"quant",5,0,27,0.995,0.307036337227132
"quant",5,0,28,0.9,1.78078676440776
"quant",5,0,28,0.91,1.67129162258558
"quant",5,0,28,0.92,1.55443334443114
"quant",5,0,28,0.93,1.43235861447887
"quant",5,0,28,0.94,1.3034296101899
"quant",5,0,28,0.95,1.16563162966844
"quant",5,0,28,0.96,1.01750607739245
"quant",5,0,28,0.97,0.847558301199402
"quant",5,0,28,0.98,0.650302225403991
"quant",5,0,28,0.99,0.41178034656544
"quant",5,0,28,0.995,0.264877542241338
"quant",5,0,29,0.9,1.72253851867658
"quant",5,0,29,0.91,1.60486288566894
"quant",5,0,29,0.92,1.48009740423403
"quant",5,0,29,0.93,1.3453941441727
"quant",5,0,29,0.94,1.19923378951276
"quant",5,0,29,0.95,1.04149067490941
"quant",5,0,29,0.96,0.873830316770776
"quant",5,0,29,0.97,0.70289676049206
"quant",5,0,29,0.98,0.536952121791639
"quant",5,0,29,0.99,0.30812999955981
"quant",5,0,29,0.995,0.172972335476482
"quant",5,0,30,0.9,1.7668147514357
"quant",5,0,30,0.91,1.65728670291166
"quant",5,0,30,0.92,1.53884625529146
"quant",5,0,30,0.93,1.41193355523298
"quant",5,0,30,0.94,1.27373541416505
"quant",5,0,30,0.95,1.12394203961433
"quant",5,0,30,0.96,0.965722395292719
"quant",5,0,30,0.97,0.798688976563176
"quant",5,0,30,0.98,0.614753525236723
"quant",5,0,30,0.99,0.429809496795178
"quant",5,0,30,0.995,0.268017696378939
"quant",5,0,31,0.9,1.88227537434496
"quant",5,0,31,0.91,1.76191012182041
"quant",5,0,31,0.92,1.6348787877731
"quant",5,0,31,0.93,1.50056013815545
"quant",5,0,31,0.94,1.35394790160221
"quant",5,0,31,0.95,1.19473077648706
"quant",5,0,31,0.96,1.02720161310734
"quant",5,0,31,0.97,0.855111459584889
"quant",5,0,31,0.98,0.642839595837688
"quant",5,0,31,0.99,0.3788564758176
"quant",5,0,31,0.995,0.221717903300405
"quant",5,0,32,0.9,1.95241355709162
"quant",5,0,32,0.91,1.82654907102608
"quant",5,0,32,0.92,1.69161686459507
"quant",5,0,32,0.93,1.5461243643006
"quant",5,0,32,0.94,1.39296156451251
"quant",5,0,32,0.95,1.23983953928892
"quant",5,0,32,0.96,1.0678700436988
"quant",5,0,32,0.97,0.866973088715532
"quant",5,0,32,0.98,0.646192784584959
"quant",5,0,32,0.99,0.400137012472285
"quant",5,0,32,0.995,0.225553262005173
"quant",5,0,33,0.9,1.8341644142804
"quant",5,0,33,0.91,1.71165879394136
"quant",5,0,33,0.92,1.57876153728301
"quant",5,0,33,0.93,1.43726144324457
"quant",5,0,33,0.94,1.29156280327699
"quant",5,0,33,0.95,1.15087103835244
"quant",5,0,33,0.96,0.989956906562058
"quant",5,0,33,0.97,0.80692381878966
"quant",5,0,33,0.98,0.607924213104148
"quant",5,0,33,0.99,0.358770666424513
"quant",5,0,33,0.995,0.20079945237561
"quant",5,0,34,0.9,2.26159605580802
"quant",5,0,34,0.91,2.13536460631624
"quant",5,0,34,0.92,1.99792476765949
"quant",5,0,34,0.93,1.84618895127786
"quant",5,0,34,0.94,1.67204239915412
"quant",5,0,34,0.95,1.47426283639654
"quant",5,0,34,0.96,1.2611664201818
"quant",5,0,34,0.97,1.0307391749104
"quant",5,0,34,0.98,0.767003348692772
"quant",5,0,34,0.99,0.446840479705538
"quant",5,0,34,0.995,0.257338020051485
"quant",5,0,35,0.9,2.25536168727752
"quant",5,0,35,0.91,2.12083172248033
"quant",5,0,35,0.92,1.97997822005369
"quant",5,0,35,0.93,1.8309237028395
"quant",5,0,35,0.94,1.67377901996838
"quant",5,0,35,0.95,1.50506685784198
"quant",5,0,35,0.96,1.31035834357837
"quant",5,0,35,0.97,1.08719394939318
"quant",5,0,35,0.98,0.824245196177247
"quant",5,0,35,0.99,0.525559434474701
"quant",5,0,35,0.995,0.346547000734919
"quant",5,0,36,0.9,1.66691382719783
"quant",5,0,36,0.91,1.56637511903821
"quant",5,0,36,0.92,1.45770527747877
"quant",5,0,36,0.93,1.34290094647009
"quant",5,0,36,0.94,1.2205827721182
"quant",5,0,36,0.95,1.08972761387235
"quant",5,0,36,0.96,0.943272948436081
"quant",5,0,36,0.97,0.771046790901182
"quant",5,0,36,0.98,0.580543774885161
"quant",5,0,36,0.99,0.350546196467827
"quant",5,0,36,0.995,0.195560414040796
"quant",5,0,37,0.9,1.97369617817698
"quant",5,0,37,0.91,1.86121786600563
"quant",5,0,37,0.92,1.7390214155689
"quant",5,0,37,0.93,1.60540581202443
"quant",5,0,37,0.94,1.46156647548649
"quant",5,0,37,0.95,1.30529377583393
"quant",5,0,37,0.96,1.13179361579933
"quant",5,0,37,0.97,0.933875377501161
"quant",5,0,37,0.98,0.690160593749394
"quant",5,0,37,0.99,0.420185452252578
"quant",5,0,37,0.995,0.245388426414614
"quant",5,0,38,0.9,2.10020599839649
"quant",5,0,38,0.91,1.99415972630439
"quant",5,0,38,0.92,1.87454287588208
"quant",5,0,38,0.93,1.73898643268378
"quant",5,0,38,0.94,1.58802874180779
"quant",5,0,38,0.95,1.41839577283622
"quant",5,0,38,0.96,1.22539644051407
"quant",5,0,38,0.97,1.00701585447458
"quant",5,0,38,0.98,0.752928121962348
"quant",5,0,38,0.99,0.442912292679471
"quant",5,0,38,0.995,0.261073984679973
"quant",5,0,39,0.9,1.96799784776794
"quant",5,0,39,0.91,1.85238028282476
"quant",5,0,39,0.92,1.72914868448027
"quant",5,0,39,0.93,1.60041148269539
"quant",5,0,39,0.94,1.46572802955947
"quant",5,0,39,0.95,1.31665481198905
"quant",5,0,39,0.96,1.14840696225652
"quant",5,0,39,0.97,0.958927444065417
"quant",5,0,39,0.98,0.740625905292571
"quant",5,0,39,0.99,0.472070209909028
"quant",5,0,39,0.995,0.310360856414779
"quant",5,0,40,0.9,2.20364064185061
"quant",5,0,40,0.91,2.07908340280694
"quant",5,0,40,0.92,1.94535461474407
"quant",5,0,40,0.93,1.80121352581742
"quant",5,0,40,0.94,1.6449647090152
"quant",5,0,40,0.95,1.47699968962134
"quant",5,0,40,0.96,1.29198440578326
"quant",5,0,40,0.97,1.07858941656546
"quant",5,0,40,0.98,0.826229362868303
"quant",5,0,40,0.99,0.541227363138565
"quant",5,0,40,0.995,0.368181861859247
"quant",5,0,41,0.9,1.71465114686645
"quant",5,0,41,0.91,1.60995068772182
"quant",5,0,41,0.92,1.49872916427884
"quant",5,0,41,0.93,1.38116402543918
"quant",5,0,41,0.94,1.25706972609802
"quant",5,0,41,0.95,1.12342893684438
"quant",5,0,41,0.96,0.977781806337205
"quant",5,0,41,0.97,0.814333471886832
"quant",5,0,41,0.98,0.619125977484872
"quant",5,0,41,0.99,0.390893895018633
"quant",5,0,41,0.995,0.239446574356887
"quant",5,0,42,0.9,1.73217326905354
"quant",5,0,42,0.91,1.62243607351966
"quant",5,0,42,0.92,1.50827357350025
"quant",5,0,42,0.93,1.38709459595578
"quant",5,0,42,0.94,1.25688362647644
"quant",5,0,42,0.95,1.11730051777984
"quant",5,0,42,0.96,0.969421875169317
"quant",5,0,42,0.97,0.815905081192276
"quant",5,0,42,0.98,0.63507384488552
"quant",5,0,42,0.99,0.416632614139825
"quant",5,0,42,0.995,0.275221588944717
"quant",5,0,43,0.9,2.13021332569399
"quant",5,0,43,0.91,2.01511067862887
"quant",5,0,43,0.92,1.89006872231369
"quant",5,0,43,0.93,1.75316290937918
"quant",5,0,43,0.94,1.59848015092028
"quant",5,0,43,0.95,1.42767210974687
"quant",5,0,43,0.96,1.23494253874524
"quant",5,0,43,0.97,1.01865502763431
"quant",5,0,43,0.98,0.767873138176553
"quant",5,0,43,0.99,0.468372393459041
"quant",5,0,43,0.995,0.287991405233234
"quant",5,0,44,0.9,1.83158110948288
"quant",5,0,44,0.91,1.72545063219462
"quant",5,0,44,0.92,1.61630567337002
"quant",5,0,44,0.93,1.5015244951685
"quant",5,0,44,0.94,1.36864784260954
"quant",5,0,44,0.95,1.21636941018002
"quant",5,0,44,0.96,1.0483022049977
"quant",5,0,44,0.97,0.859032754875427
"quant",5,0,44,0.98,0.641902621918107
"quant",5,0,44,0.99,0.389776585273157
"quant",5,0,44,0.995,0.231558271092104
"quant",5,0,45,0.9,2.19690780352726
"quant",5,0,45,0.91,2.0823646178052
"quant",5,0,45,0.92,1.96012905801208
"quant",5,0,45,0.93,1.82455451890012
"quant",5,0,45,0.94,1.67549176278575
"quant",5,0,45,0.95,1.51428565778169
"quant",5,0,45,0.96,1.33446647635885
"quant",5,0,45,0.97,1.12924235396544
"quant",5,0,45,0.98,0.88660762597361
"quant",5,0,45,0.99,0.583578423839926
"quant",5,0,45,0.995,0.404011104671052
"quant",5,0,46,0.9,2.0805164517411
"quant",5,0,46,0.91,1.96660584980066
"quant",5,0,46,0.92,1.84486606599742
"quant",5,0,46,0.93,1.71613722383412
"quant",5,0,46,0.94,1.57666938936029
"quant",5,0,46,0.95,1.42432788442646
"quant",5,0,46,0.96,1.25636052401008
"quant",5,0,46,0.97,1.07547795568342
"quant",5,0,46,0.98,0.858052610466253
"quant",5,0,46,0.99,0.578855424565762
"quant",5,0,46,0.995,0.405037972721266
"quant",5,0,47,0.9,2.23270626589154
"quant",5,0,47,0.91,2.12164699941143
"quant",5,0,47,0.92,1.99504269317281
"quant",5,0,47,0.93,1.84907802115366
"quant",5,0,47,0.94,1.67991007846618
"quant",5,0,47,0.95,1.4928104889893
"quant",5,0,47,0.96,1.28786900362548
"quant",5,0,47,0.97,1.05698537072674
"quant",5,0,47,0.98,0.791300294766994
"quant",5,0,47,0.99,0.479715575440697
"quant",5,0,47,0.995,0.296806950246201
"quant",5,0,48,0.9,1.80244561372505
"quant",5,0,48,0.91,1.69212851490589
"quant",5,0,48,0.92,1.57546134779283
"quant",5,0,48,0.93,1.45198425262638
"quant",5,0,48,0.94,1.31316833827768
"quant",5,0,48,0.95,1.15588066074215
"quant",5,0,48,0.96,0.978758885149279
"quant",5,0,48,0.97,0.78551233516462
"quant",5,0,48,0.98,0.573734602084859
"quant",5,0,48,0.99,0.333076251446505
"quant",5,0,48,0.995,0.183570404891721
"quant",5,0,49,0.9,1.90077559552151
"quant",5,0,49,0.91,1.79831052707924
"quant",5,0,49,0.92,1.68911962207969
"quant",5,0,49,0.93,1.57249447323885
"quant",5,0,49,0.94,1.44461805031885
"quant",5,0,49,0.95,1.3009726390039
"quant",5,0,49,0.96,1.13874180437691
"quant",5,0,49,0.97,0.950454616536717
"quant",5,0,49,0.98,0.730156303902653
"quant",5,0,49,0.99,0.465221970124281
"quant",5,0,49,0.995,0.29946038461373
"quant",5,0,50,0.9,1.61579749079607
"quant",5,0,50,0.91,1.51045746588103
"quant",5,0,50,0.92,1.39669222610412
"quant",5,0,50,0.93,1.27721980110601
"quant",5,0,50,0.94,1.15449687783817
"quant",5,0,50,0.95,1.02139526928234
"quant",5,0,50,0.96,0.874071566545091
"quant",5,0,50,0.97,0.71641130479913
"quant",5,0,50,0.98,0.529245811872776
"quant",5,0,50,0.99,0.312906419325666
"quant",5,0,50,0.995,0.18260498223483
"quant",1,15,1,0.9,1.94507111190548
"quant",1,15,1,0.91,1.81866153230193
"quant",1,15,1,0.92,1.683616798469
"quant",1,15,1,0.93,1.53775838890256
"quant",1,15,1,0.94,1.38131705044596
"quant",1,15,1,0.95,1.21104641043184
"quant",1,15,1,0.96,1.01871228034248
"quant",1,15,1,0.97,0.827652285076524
"quant",1,15,1,0.98,0.599740253227161
"quant",1,15,1,0.99,0.353960156294162
"quant",1,15,1,0.995,0.20577114302856
"quant",1,15,2,0.9,1.62785372836399
"quant",1,15,2,0.91,1.51652967404893
"quant",1,15,2,0.92,1.39700320219768
"quant",1,15,2,0.93,1.26978420937305
"quant",1,15,2,0.94,1.13706267908834
"quant",1,15,2,0.95,0.993090064345851
"quant",1,15,2,0.96,0.836343056295229
"quant",1,15,2,0.97,0.669565506727872
"quant",1,15,2,0.98,0.491302978265738
"quant",1,15,2,0.99,0.286124872225779
"quant",1,15,2,0.995,0.15999062113527
"quant",1,15,3,0.9,2.0790698321007
"quant",1,15,3,0.91,1.97205955013168
"quant",1,15,3,0.92,1.85859838730477
"quant",1,15,3,0.93,1.73396258554401
"quant",1,15,3,0.94,1.60017092821914
"quant",1,15,3,0.95,1.45466693726129
"quant",1,15,3,0.96,1.29053555760627
"quant",1,15,3,0.97,1.10814995597041
"quant",1,15,3,0.98,0.892595053147867
"quant",1,15,3,0.99,0.622370160457496
"quant",1,15,3,0.995,0.458096799211939
"quant",1,15,4,0.9,1.51211202705687
"quant",1,15,4,0.91,1.41964407863394
"quant",1,15,4,0.92,1.32149928800782
"quant",1,15,4,0.93,1.21762754575838
"quant",1,15,4,0.94,1.10652883474995
"quant",1,15,4,0.95,0.988276384242237
"quant",1,15,4,0.96,0.868224855719861
"quant",1,15,4,0.97,0.735892527414859
"quant",1,15,4,0.98,0.62153379188774
"quant",1,15,4,0.99,0.409106755133843
"quant",1,15,4,0.995,0.23901885429321
"quant",1,15,5,0.9,1.74947809039327
"quant",1,15,5,0.91,1.64269303220362
"quant",1,15,5,0.92,1.52950491097456
"quant",1,15,5,0.93,1.40784038177042
"quant",1,15,5,0.94,1.27940925832871
"quant",1,15,5,0.95,1.13939855301941
"quant",1,15,5,0.96,0.982002421116712
"quant",1,15,5,0.97,0.810693023038296
"quant",1,15,5,0.98,0.642115619069416
"quant",1,15,5,0.99,0.411032237989239
"quant",1,15,5,0.995,0.259153746699368
"quant",1,15,6,0.9,1.64964041907153
"quant",1,15,6,0.91,1.54900177580519
"quant",1,15,6,0.92,1.4400613418141
"quant",1,15,6,0.93,1.32395027703842
"quant",1,15,6,0.94,1.20191745765004
"quant",1,15,6,0.95,1.07477564382876
"quant",1,15,6,0.96,0.95835916410536
"quant",1,15,6,0.97,0.821942002643757
"quant",1,15,6,0.98,0.653501907759722
"quant",1,15,6,0.99,0.414021353038157
"quant",1,15,6,0.995,0.234934341452513
"quant",1,15,7,0.9,2.03892449645192
"quant",1,15,7,0.91,1.93138948095074
"quant",1,15,7,0.92,1.81677002669704
"quant",1,15,7,0.93,1.69117325691931
"quant",1,15,7,0.94,1.55412184796346
"quant",1,15,7,0.95,1.40389147228096
"quant",1,15,7,0.96,1.2316744073848
"quant",1,15,7,0.97,1.02925042341946
"quant",1,15,7,0.98,0.791480609651087
"quant",1,15,7,0.99,0.510037767532173
"quant",1,15,7,0.995,0.334355637721347
"quant",1,15,8,0.9,2.15079186012733
"quant",1,15,8,0.91,2.05055826766089
"quant",1,15,8,0.92,1.94117830003411
"quant",1,15,8,0.93,1.82048603187474
"quant",1,15,8,0.94,1.69501646326782
"quant",1,15,8,0.95,1.54359915877297
"quant",1,15,8,0.96,1.3648832360166
"quant",1,15,8,0.97,1.14982339286378
"quant",1,15,8,0.98,0.878477190940945
"quant",1,15,8,0.99,0.535926863345812
"quant",1,15,8,0.995,0.333062911888248
"quant",1,15,9,0.9,1.93270978241063
"quant",1,15,9,0.91,1.81960146101397
"quant",1,15,9,0.92,1.69561465981415
"quant",1,15,9,0.93,1.55988254123192
"quant",1,15,9,0.94,1.41148445762852
"quant",1,15,9,0.95,1.25143474859383
"quant",1,15,9,0.96,1.079085737961
"quant",1,15,9,0.97,0.894208564866586
"quant",1,15,9,0.98,0.701598110274529
"quant",1,15,9,0.99,0.440272067795169
"quant",1,15,9,0.995,0.273092879382481
"quant",1,15,10,0.9,1.9321911933841
"quant",1,15,10,0.91,1.81750904115599
"quant",1,15,10,0.92,1.69621752306089
"quant",1,15,10,0.93,1.56549741531826
"quant",1,15,10,0.94,1.42516011383199
"quant",1,15,10,0.95,1.27329568014203
"quant",1,15,10,0.96,1.1159761924137
"quant",1,15,10,0.97,0.936184739390059
"quant",1,15,10,0.98,0.716317252737472
"quant",1,15,10,0.99,0.441965289749605
"quant",1,15,10,0.995,0.276037728590699
"quant",1,15,11,0.9,1.85283139599323
"quant",1,15,11,0.91,1.75190574306325
"quant",1,15,11,0.92,1.64368733620019
"quant",1,15,11,0.93,1.52653131838661
"quant",1,15,11,0.94,1.40066352661769
"quant",1,15,11,0.95,1.2608442930519
"quant",1,15,11,0.96,1.10338523526623
"quant",1,15,11,0.97,0.929155903975861
"quant",1,15,11,0.98,0.735311303577418
"quant",1,15,11,0.99,0.495173284366514
"quant",1,15,11,0.995,0.337420403864369
"quant",1,15,12,0.9,1.67124746105144
"quant",1,15,12,0.91,1.57136149435001
"quant",1,15,12,0.92,1.46447892321346
"quant",1,15,12,0.93,1.34983662612873
"quant",1,15,12,0.94,1.22804623232116
"quant",1,15,12,0.95,1.09880262339566
"quant",1,15,12,0.96,0.958788218053729
"quant",1,15,12,0.97,0.800121276100915
"quant",1,15,12,0.98,0.627960981219785
"quant",1,15,12,0.99,0.431959598119465
"quant",1,15,12,0.995,0.298662506407986
"quant",1,15,13,0.9,1.8367244645814
"quant",1,15,13,0.91,1.718644568064
"quant",1,15,13,0.92,1.59189653468463
"quant",1,15,13,0.93,1.45540602089156
"quant",1,15,13,0.94,1.31061925249576
"quant",1,15,13,0.95,1.15407474937002
"quant",1,15,13,0.96,0.983278016930417
"quant",1,15,13,0.97,0.795687983587349
"quant",1,15,13,0.98,0.590407353518746
"quant",1,15,13,0.99,0.347063592448295
"quant",1,15,13,0.995,0.193263101024888
"quant",1,15,14,0.9,1.88133649067758
"quant",1,15,14,0.91,1.77272320144789
"quant",1,15,14,0.92,1.65485745366331
"quant",1,15,14,0.93,1.52527891142712
"quant",1,15,14,0.94,1.38563910957163
"quant",1,15,14,0.95,1.23962895468125
"quant",1,15,14,0.96,1.09213177153065
"quant",1,15,14,0.97,0.922577132521375
"quant",1,15,14,0.98,0.730489920786278
"quant",1,15,14,0.99,0.484715316771013
"quant",1,15,14,0.995,0.330435919545888
"quant",1,15,15,0.9,1.60521488000984
"quant",1,15,15,0.91,1.49876673166872
"quant",1,15,15,0.92,1.38707350204347
"quant",1,15,15,0.93,1.26770930795514
"quant",1,15,15,0.94,1.14046968038023
"quant",1,15,15,0.95,1.00446004637455
"quant",1,15,15,0.96,0.860136042866364
"quant",1,15,15,0.97,0.70106134554689
"quant",1,15,15,0.98,0.527113722653383
"quant",1,15,15,0.99,0.317172697277795
"quant",1,15,15,0.995,0.187380439795283
"quant",1,15,16,0.9,2.11465942683245
"quant",1,15,16,0.91,2.00362586015194
"quant",1,15,16,0.92,1.88372865871938
"quant",1,15,16,0.93,1.7519696299671
"quant",1,15,16,0.94,1.60937554194103
"quant",1,15,16,0.95,1.4505664654425
"quant",1,15,16,0.96,1.27127758314254
"quant",1,15,16,0.97,1.07006523180851
"quant",1,15,16,0.98,0.858103539136842
"quant",1,15,16,0.99,0.601909559319381
"quant",1,15,16,0.995,0.412843839458788
"quant",1,15,17,0.9,1.73125120823806
"quant",1,15,17,0.91,1.6224306302572
"quant",1,15,17,0.92,1.5052455416177
"quant",1,15,17,0.93,1.37856955531248
"quant",1,15,17,0.94,1.23975148469431
"quant",1,15,17,0.95,1.08620101393829
"quant",1,15,17,0.96,0.919466882493934
"quant",1,15,17,0.97,0.737589887437612
"quant",1,15,17,0.98,0.533805273247467
"quant",1,15,17,0.99,0.299787093824496
"quant",1,15,17,0.995,0.166840607748321
"quant",1,15,18,0.9,2.30580512224666
"quant",1,15,18,0.91,2.18470986211378
"quant",1,15,18,0.92,2.05448049175624
"quant",1,15,18,0.93,1.91397845969571
"quant",1,15,18,0.94,1.76104343440545
"quant",1,15,18,0.95,1.59529673872525
"quant",1,15,18,0.96,1.41362293429293
"quant",1,15,18,0.97,1.21866465428781
"quant",1,15,18,0.98,1.00128857455141
"quant",1,15,18,0.99,0.745569563388789
"quant",1,15,18,0.995,0.589967956284306
"quant",1,15,19,0.9,2.56915731043765
"quant",1,15,19,0.91,2.44994394651658
"quant",1,15,19,0.92,2.320603724587
"quant",1,15,19,0.93,2.18049708930827
"quant",1,15,19,0.94,2.02505534390901
"quant",1,15,19,0.95,1.85100235065627
"quant",1,15,19,0.96,1.65517109885066
"quant",1,15,19,0.97,1.42664402068665
"quant",1,15,19,0.98,1.12615503352502
"quant",1,15,19,0.99,0.825218394842519
"quant",1,15,19,0.995,0.634696694845467
"quant",1,15,20,0.9,1.86578096060839
"quant",1,15,20,0.91,1.74560261762074
"quant",1,15,20,0.92,1.61603668654723
"quant",1,15,20,0.93,1.47560219585497
"quant",1,15,20,0.94,1.3263824008616
"quant",1,15,20,0.95,1.16517655999715
"quant",1,15,20,0.96,0.987714326495748
"quant",1,15,20,0.97,0.791161390416973
"quant",1,15,20,0.98,0.569228395281969
"quant",1,15,20,0.99,0.31190393704231
"quant",1,15,20,0.995,0.171573369447867
"quant",1,15,21,0.9,1.8070964389305
"quant",1,15,21,0.91,1.70593361314534
"quant",1,15,21,0.92,1.59865851654103
"quant",1,15,21,0.93,1.48469656331586
"quant",1,15,21,0.94,1.35917929469338
"quant",1,15,21,0.95,1.22067069541802
"quant",1,15,21,0.96,1.0762068828767
"quant",1,15,21,0.97,0.917271165288024
"quant",1,15,21,0.98,0.703887711068612
"quant",1,15,21,0.99,0.424282900711603
"quant",1,15,21,0.995,0.249413783181902
"quant",1,15,22,0.9,2.30000148586673
"quant",1,15,22,0.91,2.19042141489345
"quant",1,15,22,0.92,2.07238204892468
"quant",1,15,22,0.93,1.94315732902049
"quant",1,15,22,0.94,1.80182895235615
"quant",1,15,22,0.95,1.64457925534694
"quant",1,15,22,0.96,1.46995394512365
"quant",1,15,22,0.97,1.27820843232481
"quant",1,15,22,0.98,1.04241513652692
"quant",1,15,22,0.99,0.759357181857717
"quant",1,15,22,0.995,0.593827866152484
"quant",1,15,23,0.9,2.02723869029751
"quant",1,15,23,0.91,1.91350658902682
"quant",1,15,23,0.92,1.79309624693996
"quant",1,15,23,0.93,1.6639847837478
"quant",1,15,23,0.94,1.52064688755082
"quant",1,15,23,0.95,1.36160027402811
"quant",1,15,23,0.96,1.19868129891941
"quant",1,15,23,0.97,1.01875817731514
"quant",1,15,23,0.98,0.810919182294989
"quant",1,15,23,0.99,0.54252383426004
"quant",1,15,23,0.995,0.370462802287408
"quant",1,15,24,0.9,2.164530076754
"quant",1,15,24,0.91,2.0525733775576
"quant",1,15,24,0.92,1.93063313781684
"quant",1,15,24,0.93,1.7949278364033
"quant",1,15,24,0.94,1.64562206203763
"quant",1,15,24,0.95,1.47708522984251
"quant",1,15,24,0.96,1.28312697129345
"quant",1,15,24,0.97,1.06960518449499
"quant",1,15,24,0.98,0.830698647490558
"quant",1,15,24,0.99,0.547049484465567
"quant",1,15,24,0.995,0.374574606740891
"quant",1,15,25,0.9,2.06174990232932
"quant",1,15,25,0.91,1.94376360289331
"quant",1,15,25,0.92,1.81651572497045
"quant",1,15,25,0.93,1.67790617558754
"quant",1,15,25,0.94,1.52681647591077
"quant",1,15,25,0.95,1.36215671646606
"quant",1,15,25,0.96,1.1810976987227
"quant",1,15,25,0.97,0.979549238948646
"quant",1,15,25,0.98,0.747012345028337
"quant",1,15,25,0.99,0.475831626257195
"quant",1,15,25,0.995,0.31958320082801
"quant",1,15,26,0.9,2.05041002948058
"quant",1,15,26,0.91,1.92976772660802
"quant",1,15,26,0.92,1.80238516534998
"quant",1,15,26,0.93,1.66434871756493
"quant",1,15,26,0.94,1.51329313396587
"quant",1,15,26,0.95,1.3458961471107
"quant",1,15,26,0.96,1.14750801995855
"quant",1,15,26,0.97,0.942269902314403
"quant",1,15,26,0.98,0.706058478901875
"quant",1,15,26,0.99,0.464199018008534
"quant",1,15,26,0.995,0.316448840204919
"quant",1,15,27,0.9,1.97090638546994
"quant",1,15,27,0.91,1.85066499459015
"quant",1,15,27,0.92,1.72101473981212
"quant",1,15,27,0.93,1.58248470834518
"quant",1,15,27,0.94,1.43174390538477
"quant",1,15,27,0.95,1.26731638742091
"quant",1,15,27,0.96,1.0931925725436
"quant",1,15,27,0.97,0.905346311150977
"quant",1,15,27,0.98,0.696696959432469
"quant",1,15,27,0.99,0.459543582818884
"quant",1,15,27,0.995,0.318851522415624
"quant",1,15,28,0.9,1.78265864146565
"quant",1,15,28,0.91,1.67261463663733
"quant",1,15,28,0.92,1.55602080573835
"quant",1,15,28,0.93,1.43279974103091
"quant",1,15,28,0.94,1.30234342936918
"quant",1,15,28,0.95,1.16342622053079
"quant",1,15,28,0.96,1.01857163308876
"quant",1,15,28,0.97,0.851013111119806
"quant",1,15,28,0.98,0.648395488624644
"quant",1,15,28,0.99,0.408929702042057
"quant",1,15,28,0.995,0.264995764720912
"quant",1,15,29,0.9,1.72277084002928
"quant",1,15,29,0.91,1.60298037434336
"quant",1,15,29,0.92,1.47678936470279
"quant",1,15,29,0.93,1.34131999393577
"quant",1,15,29,0.94,1.19681409753024
"quant",1,15,29,0.95,1.04071204226839
"quant",1,15,29,0.96,0.874176576899882
"quant",1,15,29,0.97,0.703119491601606
"quant",1,15,29,0.98,0.52499421852709
"quant",1,15,29,0.99,0.308421505763159
"quant",1,15,29,0.995,0.17654400933324
"quant",1,15,30,0.9,1.75149428771467
"quant",1,15,30,0.91,1.64308660146761
"quant",1,15,30,0.92,1.52772665321866
"quant",1,15,30,0.93,1.40381270601174
"quant",1,15,30,0.94,1.27018932760274
"quant",1,15,30,0.95,1.12484121337433
"quant",1,15,30,0.96,0.967501591348592
"quant",1,15,30,0.97,0.798193658476574
"quant",1,15,30,0.98,0.634513574529842
"quant",1,15,30,0.99,0.428758669279907
"quant",1,15,30,0.995,0.264742557356982
"quant",1,15,31,0.9,1.87500126416998
"quant",1,15,31,0.91,1.75520022460713
"quant",1,15,31,0.92,1.62796516529441
"quant",1,15,31,0.93,1.49190132287908
"quant",1,15,31,0.94,1.34522795811656
"quant",1,15,31,0.95,1.18995783396188
"quant",1,15,31,0.96,1.02823342818799
"quant",1,15,31,0.97,0.851667162303074
"quant",1,15,31,0.98,0.644313180367438
"quant",1,15,31,0.99,0.384035469503425
"quant",1,15,31,0.995,0.224267353419079
"quant",1,15,32,0.9,1.94895104017194
"quant",1,15,32,0.91,1.82254238705946
"quant",1,15,32,0.92,1.68860975360476
"quant",1,15,32,0.93,1.54574920840049
"quant",1,15,32,0.94,1.39809416393769
"quant",1,15,32,0.95,1.24333591124806
"quant",1,15,32,0.96,1.06858837734512
"quant",1,15,32,0.97,0.866350933046549
"quant",1,15,32,0.98,0.649076161219501
"quant",1,15,32,0.99,0.398469246842088
"quant",1,15,32,0.995,0.224979924433837
"quant",1,15,33,0.9,1.81381369280683
"quant",1,15,33,0.91,1.69188246914099
"quant",1,15,33,0.92,1.56230332401412
"quant",1,15,33,0.93,1.4247975290133
"quant",1,15,33,0.94,1.28452595839686
"quant",1,15,33,0.95,1.14924712642948
"quant",1,15,33,0.96,0.989682609120661
"quant",1,15,33,0.97,0.803842586069832
"quant",1,15,33,0.98,0.599810971937629
"quant",1,15,33,0.99,0.34798567171936
"quant",1,15,33,0.995,0.190130719260444
"quant",1,15,34,0.9,2.25817765524716
"quant",1,15,34,0.91,2.12969411311112
"quant",1,15,34,0.92,1.98994887462908
"quant",1,15,34,0.93,1.83625042054135
"quant",1,15,34,0.94,1.66679029229671
"quant",1,15,34,0.95,1.47976341569024
"quant",1,15,34,0.96,1.27569605633037
"quant",1,15,34,0.97,1.05749322313798
"quant",1,15,34,0.98,0.79835573888303
"quant",1,15,34,0.99,0.491655994822631
"quant",1,15,34,0.995,0.312901711770651
"quant",1,15,35,0.9,2.24140604841474
"quant",1,15,35,0.91,2.10899624360742
"quant",1,15,35,0.92,1.9681257451828
"quant",1,15,35,0.93,1.81898097869966
"quant",1,15,35,0.94,1.66148859500119
"quant",1,15,35,0.95,1.49182264468441
"quant",1,15,35,0.96,1.30221756399958
"quant",1,15,35,0.97,1.08867770405497
"quant",1,15,35,0.98,0.831668502857382
"quant",1,15,35,0.99,0.543667540309501
"quant",1,15,35,0.995,0.375237994720757
"quant",1,15,36,0.9,1.67832481060352
"quant",1,15,36,0.91,1.57471086988542
"quant",1,15,36,0.92,1.46138404792083
"quant",1,15,36,0.93,1.34112143524426
"quant",1,15,36,0.94,1.21375861581755
"quant",1,15,36,0.95,1.0792070286793
"quant",1,15,36,0.96,0.930835426682997
"quant",1,15,36,0.97,0.759507852068262
"quant",1,15,36,0.98,0.567689151210269
"quant",1,15,36,0.99,0.332629390409677
"quant",1,15,36,0.995,0.1837358920047
"quant",1,15,37,0.9,1.96851661104976
"quant",1,15,37,0.91,1.85534059974374
"quant",1,15,37,0.92,1.73292739583395
"quant",1,15,37,0.93,1.60116418147517
"quant",1,15,37,0.94,1.45851439804516
"quant",1,15,37,0.95,1.30312253677957
"quant",1,15,37,0.96,1.13001147528841
"quant",1,15,37,0.97,0.935903750812744
"quant",1,15,37,0.98,0.700430793560918
"quant",1,15,37,0.99,0.447251839069113
"quant",1,15,37,0.995,0.275484084329388
"quant",1,15,38,0.9,2.10910238136687
"quant",1,15,38,0.91,2.0001305286413
"quant",1,15,38,0.92,1.87798533126407
"quant",1,15,38,0.93,1.73982571614347
"quant",1,15,38,0.94,1.5867233303866
"quant",1,15,38,0.95,1.41499585761826
"quant",1,15,38,0.96,1.22231619853284
"quant",1,15,38,0.97,1.00598562135529
"quant",1,15,38,0.98,0.762261576425936
"quant",1,15,38,0.99,0.463911226766397
"quant",1,15,38,0.995,0.287853492546329
"quant",1,15,39,0.9,1.96108184521077
"quant",1,15,39,0.91,1.84551670233691
"quant",1,15,39,0.92,1.72293819235627
"quant",1,15,39,0.93,1.59340604023861
"quant",1,15,39,0.94,1.45676922042458
"quant",1,15,39,0.95,1.30656759719081
"quant",1,15,39,0.96,1.13888838299706
"quant",1,15,39,0.97,0.950265314460111
"quant",1,15,39,0.98,0.732321485584058
"quant",1,15,39,0.99,0.474395479752948
"quant",1,15,39,0.995,0.324762482959899
"quant",1,15,40,0.9,2.19334212003
"quant",1,15,40,0.91,2.0662863176871
"quant",1,15,40,0.92,1.93050732660816
"quant",1,15,40,0.93,1.78555303140844
"quant",1,15,40,0.94,1.62967158055941
"quant",1,15,40,0.95,1.46212344067523
"quant",1,15,40,0.96,1.27745360901274
"quant",1,15,40,0.97,1.07051362894783
"quant",1,15,40,0.98,0.82242726475599
"quant",1,15,40,0.99,0.557807765269143
"quant",1,15,40,0.995,0.394504688345309
"quant",1,15,41,0.9,1.70517016771267
"quant",1,15,41,0.91,1.60092011965247
"quant",1,15,41,0.92,1.49145116226595
"quant",1,15,41,0.93,1.37560848336384
"quant",1,15,41,0.94,1.2489099560635
"quant",1,15,41,0.95,1.11223034805393
"quant",1,15,41,0.96,0.966604654751839
"quant",1,15,41,0.97,0.805411641256543
"quant",1,15,41,0.98,0.622379075846378
"quant",1,15,41,0.99,0.390170567929225
"quant",1,15,41,0.995,0.238495440465985
"quant",1,15,42,0.9,1.73004926626659
"quant",1,15,42,0.91,1.62107805734089
"quant",1,15,42,0.92,1.5068991477531
"quant",1,15,42,0.93,1.386057572427
"quant",1,15,42,0.94,1.25645062355043
"quant",1,15,42,0.95,1.11739252135019
"quant",1,15,42,0.96,0.97666414574675
"quant",1,15,42,0.97,0.820537309506819
"quant",1,15,42,0.98,0.637823996850937
"quant",1,15,42,0.99,0.419144996847329
"quant",1,15,42,0.995,0.284601616080611
"quant",1,15,43,0.9,2.1164325623225
"quant",1,15,43,0.91,2.00061519851575
"quant",1,15,43,0.92,1.87561724898597
"quant",1,15,43,0.93,1.73985407286439
"quant",1,15,43,0.94,1.58812557693658
"quant",1,15,43,0.95,1.42083647139518
"quant",1,15,43,0.96,1.23466353526015
"quant",1,15,43,0.97,1.02010540054933
"quant",1,15,43,0.98,0.760644472273726
"quant",1,15,43,0.99,0.485182939849128
"quant",1,15,43,0.995,0.313341335484872
"quant",1,15,44,0.9,1.82665093053837
"quant",1,15,44,0.91,1.72002232808767
"quant",1,15,44,0.92,1.61046649311934
"quant",1,15,44,0.93,1.49583033923084
"quant",1,15,44,0.94,1.36544433389871
"quant",1,15,44,0.95,1.21552196272407
"quant",1,15,44,0.96,1.04951449524244
"quant",1,15,44,0.97,0.859623042242593
"quant",1,15,44,0.98,0.645257115844477
"quant",1,15,44,0.99,0.383876988196762
"quant",1,15,44,0.995,0.22593844103114
"quant",1,15,45,0.9,2.19846756458093
"quant",1,15,45,0.91,2.08094950991536
"quant",1,15,45,0.92,1.95643409116089
"quant",1,15,45,0.93,1.82006844846428
"quant",1,15,45,0.94,1.67474918098912
"quant",1,15,45,0.95,1.51542791562581
"quant",1,15,45,0.96,1.33417511931354
"quant",1,15,45,0.97,1.12757352178786
"quant",1,15,45,0.98,0.888747787957225
"quant",1,15,45,0.99,0.600472446335441
"quant",1,15,45,0.995,0.432534355774302
"quant",1,15,46,0.9,2.0858527033964
"quant",1,15,46,0.91,1.97190800812103
"quant",1,15,46,0.92,1.85154272026089
"quant",1,15,46,0.93,1.72415107651917
"quant",1,15,46,0.94,1.58426853479682
"quant",1,15,46,0.95,1.43379558250185
"quant",1,15,46,0.96,1.26725265852432
"quant",1,15,46,0.97,1.08048763374701
"quant",1,15,46,0.98,0.857537811364612
"quant",1,15,46,0.99,0.599342002318013
"quant",1,15,46,0.995,0.43519044992595
"quant",1,15,47,0.9,2.22003077982815
"quant",1,15,47,0.91,2.10466024823902
"quant",1,15,47,0.92,1.97626464038405
"quant",1,15,47,0.93,1.83150474165542
"quant",1,15,47,0.94,1.66644956879226
"quant",1,15,47,0.95,1.48358804153114
"quant",1,15,47,0.96,1.27929842563947
"quant",1,15,47,0.97,1.05858251283371
"quant",1,15,47,0.98,0.806425489286026
"quant",1,15,47,0.99,0.519774304282244
"quant",1,15,47,0.995,0.343149732314793
"quant",1,15,48,0.9,1.80304179566445
"quant",1,15,48,0.91,1.69076881838703
"quant",1,15,48,0.92,1.57223322448746
"quant",1,15,48,0.93,1.44479011321856
"quant",1,15,48,0.94,1.3039910990206
"quant",1,15,48,0.95,1.14763577973453
"quant",1,15,48,0.96,0.97169057102302
"quant",1,15,48,0.97,0.775738253470738
"quant",1,15,48,0.98,0.567651352033904
"quant",1,15,48,0.99,0.323244087514401
"quant",1,15,48,0.995,0.172932805099349
"quant",1,15,49,0.9,1.89598285159001
"quant",1,15,49,0.91,1.79449770790861
"quant",1,15,49,0.92,1.68557103358493
"quant",1,15,49,0.93,1.56721457026163
"quant",1,15,49,0.94,1.43818935549929
"quant",1,15,49,0.95,1.29476485033305
"quant",1,15,49,0.96,1.13277026071761
"quant",1,15,49,0.97,0.947891610421073
"quant",1,15,49,0.98,0.727833700135054
"quant",1,15,49,0.99,0.471574996997061
"quant",1,15,49,0.995,0.322149817788977
"quant",1,15,50,0.9,1.61875928969303
"quant",1,15,50,0.91,1.51214286850357
"quant",1,15,50,0.92,1.39804109338531
"quant",1,15,50,0.93,1.27729512397781
"quant",1,15,50,0.94,1.1548884810833
"quant",1,15,50,0.95,1.02185596129848
"quant",1,15,50,0.96,0.877712765170189
"quant",1,15,50,0.97,0.719286943144372
"quant",1,15,50,0.98,0.529060412960371
"quant",1,15,50,0.99,0.310948544759226
"quant",1,15,50,0.995,0.18182198423392
"quant",2,15,1,0.9,1.94108401452024
"quant",2,15,1,0.91,1.81463523401547
"quant",2,15,1,0.92,1.67938679900367
"quant",2,15,1,0.93,1.53375708505062
"quant",2,15,1,0.94,1.37809269358212
"quant",2,15,1,0.95,1.20839333744881
"quant",2,15,1,0.96,1.01688094331691
"quant",2,15,1,0.97,0.820607240502426
"quant",2,15,1,0.98,0.596948260854054
"quant",2,15,1,0.99,0.349901213962648
"quant",2,15,1,0.995,0.201116627586568
"quant",2,15,2,0.9,1.63267924980163
"quant",2,15,2,0.91,1.5211805092552
"quant",2,15,2,0.92,1.40173729393421
"quant",2,15,2,0.93,1.27391578798702
"quant",2,15,2,0.94,1.13994951738328
"quant",2,15,2,0.95,0.994932299730479
"quant",2,15,2,0.96,0.836458898420821
"quant",2,15,2,0.97,0.667317856588765
"quant",2,15,2,0.98,0.483851599144964
"quant",2,15,2,0.99,0.276427821818452
"quant",2,15,2,0.995,0.15059889710186
"quant",2,15,3,0.9,2.08004009734179
"quant",2,15,3,0.91,1.97164484470107
"quant",2,15,3,0.92,1.85745857523661
"quant",2,15,3,0.93,1.7319581429592
"quant",2,15,3,0.94,1.59747930571286
"quant",2,15,3,0.95,1.45173942669529
"quant",2,15,3,0.96,1.28983185509866
"quant",2,15,3,0.97,1.10773732867518
"quant",2,15,3,0.98,0.888743627564227
"quant",2,15,3,0.99,0.610459253508369
"quant",2,15,3,0.995,0.436161075397594
"quant",2,15,4,0.9,1.51638150683587
"quant",2,15,4,0.91,1.42548351336881
"quant",2,15,4,0.92,1.3297532427135
"quant",2,15,4,0.93,1.22720154170659
"quant",2,15,4,0.94,1.11683296032638
"quant",2,15,4,0.95,0.999696422445534
"quant",2,15,4,0.96,0.876455018561622
"quant",2,15,4,0.97,0.748946508918029
"quant",2,15,4,0.98,0.624587698401128
"quant",2,15,4,0.99,0.408610094250559
"quant",2,15,4,0.995,0.240438701982152
"quant",2,15,5,0.9,1.74134187520088
"quant",2,15,5,0.91,1.6360481662831
"quant",2,15,5,0.92,1.52480504460462
"quant",2,15,5,0.93,1.40574212560809
"quant",2,15,5,0.94,1.27769367623899
"quant",2,15,5,0.95,1.13792465144911
"quant",2,15,5,0.96,0.982342449287317
"quant",2,15,5,0.97,0.813128994791796
"quant",2,15,5,0.98,0.634227446240272
"quant",2,15,5,0.99,0.40928196892967
"quant",2,15,5,0.995,0.26038203405676
"quant",2,15,6,0.9,1.64401664913481
"quant",2,15,6,0.91,1.54461621081416
"quant",2,15,6,0.92,1.43719378718509
"quant",2,15,6,0.93,1.32241850792101
"quant",2,15,6,0.94,1.20230619297883
"quant",2,15,6,0.95,1.07708926000688
"quant",2,15,6,0.96,0.950499580712278
"quant",2,15,6,0.97,0.817925742788964
"quant",2,15,6,0.98,0.652674783481764
"quant",2,15,6,0.99,0.410727219333749
"quant",2,15,6,0.995,0.232572727399559
"quant",2,15,7,0.9,2.02620213104033
"quant",2,15,7,0.91,1.92123325947898
"quant",2,15,7,0.92,1.80737192882368
"quant",2,15,7,0.93,1.68619190651453
"quant",2,15,7,0.94,1.55086019928384
"quant",2,15,7,0.95,1.40015185876624
"quant",2,15,7,0.96,1.22574068811904
"quant",2,15,7,0.97,1.02440948574207
"quant",2,15,7,0.98,0.791296277327494
"quant",2,15,7,0.99,0.506596640639177
"quant",2,15,7,0.995,0.328081822218029
"quant",2,15,8,0.9,2.13487608812345
"quant",2,15,8,0.91,2.03555825401219
"quant",2,15,8,0.92,1.92795530593258
"quant",2,15,8,0.93,1.81231988255181
"quant",2,15,8,0.94,1.68922059710976
"quant",2,15,8,0.95,1.54445513743848
"quant",2,15,8,0.96,1.36443069014076
"quant",2,15,8,0.97,1.14579518792818
"quant",2,15,8,0.98,0.876978989731648
"quant",2,15,8,0.99,0.531220484655549
"quant",2,15,8,0.995,0.318530892580495
"quant",2,15,9,0.9,1.92932304602395
"quant",2,15,9,0.91,1.81786114124292
"quant",2,15,9,0.92,1.69541734199155
"quant",2,15,9,0.93,1.56144207762518
"quant",2,15,9,0.94,1.41390019079388
"quant",2,15,9,0.95,1.25499194728201
"quant",2,15,9,0.96,1.0839674777335
"quant",2,15,9,0.97,0.90010887161393
"quant",2,15,9,0.98,0.696177805053955
"quant",2,15,9,0.99,0.431377203661912
"quant",2,15,9,0.995,0.25834199084403
"quant",2,15,10,0.9,1.93112060360935
"quant",2,15,10,0.91,1.81760017505716
"quant",2,15,10,0.92,1.69661024372409
"quant",2,15,10,0.93,1.5664045484412
"quant",2,15,10,0.94,1.42626219829079
"quant",2,15,10,0.95,1.27449273493703
"quant",2,15,10,0.96,1.11593938115148
"quant",2,15,10,0.97,0.934927297097535
"quant",2,15,10,0.98,0.716000898018984
"quant",2,15,10,0.99,0.439927676972434
"quant",2,15,10,0.995,0.270419789653605
"quant",2,15,11,0.9,1.85128202337427
"quant",2,15,11,0.91,1.75088353498368
"quant",2,15,11,0.92,1.64234294649929
"quant",2,15,11,0.93,1.52503810308836
"quant",2,15,11,0.94,1.39877678993649
"quant",2,15,11,0.95,1.258818972316
"quant",2,15,11,0.96,1.10211289955909
"quant",2,15,11,0.97,0.926986207185507
"quant",2,15,11,0.98,0.730106764122814
"quant",2,15,11,0.99,0.487311208976377
"quant",2,15,11,0.995,0.327375658525221
"quant",2,15,12,0.9,1.67157594431483
"quant",2,15,12,0.91,1.57103777452657
"quant",2,15,12,0.92,1.4644111499937
"quant",2,15,12,0.93,1.34999374207226
"quant",2,15,12,0.94,1.22853298426286
"quant",2,15,12,0.95,1.09944423591096
"quant",2,15,12,0.96,0.958526647832095
"quant",2,15,12,0.97,0.797928011684784
"quant",2,15,12,0.98,0.624339116060094
"quant",2,15,12,0.99,0.431006409844896
"quant",2,15,12,0.995,0.297869406088987
"quant",2,15,13,0.9,1.83563251844974
"quant",2,15,13,0.91,1.71783663074966
"quant",2,15,13,0.92,1.59186291415324
"quant",2,15,13,0.93,1.4559515774208
"quant",2,15,13,0.94,1.31099588684104
"quant",2,15,13,0.95,1.15385500586171
"quant",2,15,13,0.96,0.982747496919378
"quant",2,15,13,0.97,0.79510429026943
"quant",2,15,13,0.98,0.583813381435843
"quant",2,15,13,0.99,0.346170972919144
"quant",2,15,13,0.995,0.19502032254919
"quant",2,15,14,0.9,1.87550904680793
"quant",2,15,14,0.91,1.76604276866361
"quant",2,15,14,0.92,1.64654396297182
"quant",2,15,14,0.93,1.51706837391608
"quant",2,15,14,0.94,1.37779018330487
"quant",2,15,14,0.95,1.23157785644313
"quant",2,15,14,0.96,1.07854810863934
"quant",2,15,14,0.97,0.912637856299094
"quant",2,15,14,0.98,0.71860044203718
"quant",2,15,14,0.99,0.485732037375104
"quant",2,15,14,0.995,0.331764833056997
"quant",2,15,15,0.9,1.60158419968133
"quant",2,15,15,0.91,1.49645284653846
"quant",2,15,15,0.92,1.38583971875955
"quant",2,15,15,0.93,1.26805790985661
"quant",2,15,15,0.94,1.14252548716063
"quant",2,15,15,0.95,1.00769496548257
"quant",2,15,15,0.96,0.863159133110609
"quant",2,15,15,0.97,0.703681204323621
"quant",2,15,15,0.98,0.526804245371297
"quant",2,15,15,0.99,0.314270317326635
"quant",2,15,15,0.995,0.182602385625667
"quant",2,15,16,0.9,2.13015029921446
"quant",2,15,16,0.91,2.01769665166268
"quant",2,15,16,0.92,1.8976512156896
"quant",2,15,16,0.93,1.76594553202026
"quant",2,15,16,0.94,1.62082070358273
"quant",2,15,16,0.95,1.4595902207843
"quant",2,15,16,0.96,1.27367489416621
"quant",2,15,16,0.97,1.06520138814636
"quant",2,15,16,0.98,0.816610811671611
"quant",2,15,16,0.99,0.571000710259454
"quant",2,15,16,0.995,0.362899639929586
"quant",2,15,17,0.9,1.72806943735966
"quant",2,15,17,0.91,1.61969859564567
"quant",2,15,17,0.92,1.50283368440474
"quant",2,15,17,0.93,1.37680167146033
"quant",2,15,17,0.94,1.23892097171748
"quant",2,15,17,0.95,1.08618444368492
"quant",2,15,17,0.96,0.920057255156141
"quant",2,15,17,0.97,0.73895779997163
"quant",2,15,17,0.98,0.534395078030353
"quant",2,15,17,0.99,0.299054577655535
"quant",2,15,17,0.995,0.165958934902374
"quant",2,15,18,0.9,2.30763959799373
"quant",2,15,18,0.91,2.18713549053048
"quant",2,15,18,0.92,2.05692233561692
"quant",2,15,18,0.93,1.91604518372387
"quant",2,15,18,0.94,1.76247395485973
"quant",2,15,18,0.95,1.5962387869376
"quant",2,15,18,0.96,1.4135567852404
"quant",2,15,18,0.97,1.2167868922263
"quant",2,15,18,0.98,0.995955030609686
"quant",2,15,18,0.99,0.735720205566829
"quant",2,15,18,0.995,0.57296261689063
"quant",2,15,19,0.9,2.57422115949328
"quant",2,15,19,0.91,2.45455993634178
"quant",2,15,19,0.92,2.32452432144204
"quant",2,15,19,0.93,2.18329417670667
"quant",2,15,19,0.94,2.02640143997067
"quant",2,15,19,0.95,1.85047367499215
"quant",2,15,19,0.96,1.65118947375781
"quant",2,15,19,0.97,1.41642094580955
"quant",2,15,19,0.98,1.11825526655798
"quant",2,15,19,0.99,0.793301806924648
"quant",2,15,19,0.995,0.584960459839647
"quant",2,15,20,0.9,1.86191928630817
"quant",2,15,20,0.91,1.74276494517091
"quant",2,15,20,0.92,1.61447962125786
"quant",2,15,20,0.93,1.47537504984062
"quant",2,15,20,0.94,1.32750546300387
"quant",2,15,20,0.95,1.16711422333147
"quant",2,15,20,0.96,0.989474831572642
"quant",2,15,20,0.97,0.792941775153895
"quant",2,15,20,0.98,0.572722963132899
"quant",2,15,20,0.99,0.311135395117225
"quant",2,15,20,0.995,0.16688314286735
"quant",2,15,21,0.9,1.79907486444416
"quant",2,15,21,0.91,1.69957010793946
"quant",2,15,21,0.92,1.59274320125433
"quant",2,15,21,0.93,1.47839810876471
"quant",2,15,21,0.94,1.35483859949982
"quant",2,15,21,0.95,1.21975667580523
"quant",2,15,21,0.96,1.07252926835344
"quant",2,15,21,0.97,0.915716391237999
"quant",2,15,21,0.98,0.699048404367044
"quant",2,15,21,0.99,0.415583223683599
"quant",2,15,21,0.995,0.235454983719833
"quant",2,15,22,0.9,2.30846085195185
"quant",2,15,22,0.91,2.19814542203788
"quant",2,15,22,0.92,2.07865742733013
"quant",2,15,22,0.93,1.94843011556193
"quant",2,15,22,0.94,1.80609688243998
"quant",2,15,22,0.95,1.6469805559925
"quant",2,15,22,0.96,1.47001823464824
"quant",2,15,22,0.97,1.27364605591026
"quant",2,15,22,0.98,1.04150777340333
"quant",2,15,22,0.99,0.750387946867491
"quant",2,15,22,0.995,0.573550704401787
"quant",2,15,23,0.9,2.02580489567425
"quant",2,15,23,0.91,1.91010356249943
"quant",2,15,23,0.92,1.78788515392479
"quant",2,15,23,0.93,1.65732946295567
"quant",2,15,23,0.94,1.51261821817966
"quant",2,15,23,0.95,1.35217619943161
"quant",2,15,23,0.96,1.18289893003408
"quant",2,15,23,0.97,1.00596259599573
"quant",2,15,23,0.98,0.798108168433673
"quant",2,15,23,0.99,0.529701650634638
"quant",2,15,23,0.995,0.35750473403687
"quant",2,15,24,0.9,2.1687815330469
"quant",2,15,24,0.91,2.05723854194807
"quant",2,15,24,0.92,1.93567170014193
"quant",2,15,24,0.93,1.80006113331217
"quant",2,15,24,0.94,1.64917813817004
"quant",2,15,24,0.95,1.47896055026241
"quant",2,15,24,0.96,1.28306716990179
"quant",2,15,24,0.97,1.06517068812388
"quant",2,15,24,0.98,0.823152196219175
"quant",2,15,24,0.99,0.532552110678313
"quant",2,15,24,0.995,0.347743611561948
"quant",2,15,25,0.9,2.06432820350514
"quant",2,15,25,0.91,1.94650747270196
"quant",2,15,25,0.92,1.8194581000022
"quant",2,15,25,0.93,1.6808337133306
"quant",2,15,25,0.94,1.52932248873504
"quant",2,15,25,0.95,1.3631115705495
"quant",2,15,25,0.96,1.18092883007084
"quant",2,15,25,0.97,0.976662941148121
"quant",2,15,25,0.98,0.743655509913627
"quant",2,15,25,0.99,0.461635553930358
"quant",2,15,25,0.995,0.297082810315292
"quant",2,15,26,0.9,2.0610581158808
"quant",2,15,26,0.91,1.93839367565322
"quant",2,15,26,0.92,1.80853297465048
"quant",2,15,26,0.93,1.66818363091721
"quant",2,15,26,0.94,1.51481460459848
"quant",2,15,26,0.95,1.34622376993463
"quant",2,15,26,0.96,1.154373854834
"quant",2,15,26,0.97,0.938150633936678
"quant",2,15,26,0.98,0.709460878372725
"quant",2,15,26,0.99,0.454039602375031
"quant",2,15,26,0.995,0.298549764140678
"quant",2,15,27,0.9,1.96742537954961
"quant",2,15,27,0.91,1.84883057197694
"quant",2,15,27,0.92,1.72145659157461
"quant",2,15,27,0.93,1.58317968472149
"quant",2,15,27,0.94,1.43403120217609
"quant",2,15,27,0.95,1.27046687144511
"quant",2,15,27,0.96,1.09758359672732
"quant",2,15,27,0.97,0.909292130239588
"quant",2,15,27,0.98,0.697972790156364
"quant",2,15,27,0.99,0.452968331881082
"quant",2,15,27,0.995,0.305476063857651
"quant",2,15,28,0.9,1.77929104925646
"quant",2,15,28,0.91,1.66849544365467
"quant",2,15,28,0.92,1.5523502389929
"quant",2,15,28,0.93,1.42931690416814
"quant",2,15,28,0.94,1.29865767361332
"quant",2,15,28,0.95,1.1592915439448
"quant",2,15,28,0.96,1.01189419985261
"quant",2,15,28,0.97,0.846029139304124
"quant",2,15,28,0.98,0.650370160077302
"quant",2,15,28,0.99,0.412346575082445
"quant",2,15,28,0.995,0.258440169886733
"quant",2,15,29,0.9,1.72275877167345
"quant",2,15,29,0.91,1.60265937362628
"quant",2,15,29,0.92,1.47633479221633
"quant",2,15,29,0.93,1.34136709392637
"quant",2,15,29,0.94,1.19707290589468
"quant",2,15,29,0.95,1.04095770707004
"quant",2,15,29,0.96,0.873393550625581
"quant",2,15,29,0.97,0.702985815760311
"quant",2,15,29,0.98,0.524037249102445
"quant",2,15,29,0.99,0.306255996932177
"quant",2,15,29,0.995,0.174903012616971
"quant",2,15,30,0.9,1.76072485817702
"quant",2,15,30,0.91,1.6506573481892
"quant",2,15,30,0.92,1.53391859674959
"quant",2,15,30,0.93,1.40856666736622
"quant",2,15,30,0.94,1.27378088809926
"quant",2,15,30,0.95,1.12841175767594
"quant",2,15,30,0.96,0.970026968431234
"quant",2,15,30,0.97,0.799964865479747
"quant",2,15,30,0.98,0.623699798471907
"quant",2,15,30,0.99,0.42584570206742
"quant",2,15,30,0.995,0.262078910888722
"quant",2,15,31,0.9,1.87985343780092
"quant",2,15,31,0.91,1.76039577714526
"quant",2,15,31,0.92,1.63435302439265
"quant",2,15,31,0.93,1.49851432075683
"quant",2,15,31,0.94,1.35179836740709
"quant",2,15,31,0.95,1.19385292618622
"quant",2,15,31,0.96,1.02765692890688
"quant",2,15,31,0.97,0.849086283396332
"quant",2,15,31,0.98,0.644287683109577
"quant",2,15,31,0.99,0.382337268561049
"quant",2,15,31,0.995,0.218092326514992
"quant",2,15,32,0.9,1.95102832436439
"quant",2,15,32,0.91,1.82336581657116
"quant",2,15,32,0.92,1.68801141795324
"quant",2,15,32,0.93,1.5427250349798
"quant",2,15,32,0.94,1.39279609093574
"quant",2,15,32,0.95,1.23607694843436
"quant",2,15,32,0.96,1.06393768107361
"quant",2,15,32,0.97,0.862678716850561
"quant",2,15,32,0.98,0.64486256025278
"quant",2,15,32,0.99,0.39670611192443
"quant",2,15,32,0.995,0.225041694322108
"quant",2,15,33,0.9,1.81653688231471
"quant",2,15,33,0.91,1.69454510274943
"quant",2,15,33,0.92,1.56375200971557
"quant",2,15,33,0.93,1.42594652226135
"quant",2,15,33,0.94,1.28227820257045
"quant",2,15,33,0.95,1.1424854516686
"quant",2,15,33,0.96,0.979019312761492
"quant",2,15,33,0.97,0.795356582466975
"quant",2,15,33,0.98,0.593471633152633
"quant",2,15,33,0.99,0.349885872052258
"quant",2,15,33,0.995,0.194676510527917
"quant",2,15,34,0.9,2.26173047449857
"quant",2,15,34,0.91,2.13317538124799
"quant",2,15,34,0.92,1.99262362363367
"quant",2,15,34,0.93,1.83795917718499
"quant",2,15,34,0.94,1.66589410763189
"quant",2,15,34,0.95,1.47546049450294
"quant",2,15,34,0.96,1.26940524185666
"quant",2,15,34,0.97,1.04869699407808
"quant",2,15,34,0.98,0.791665949655634
"quant",2,15,34,0.99,0.483732091508772
"quant",2,15,34,0.995,0.299779064496623
"quant",2,15,35,0.9,2.24241036922965
"quant",2,15,35,0.91,2.10831331865362
"quant",2,15,35,0.92,1.96577047238434
"quant",2,15,35,0.93,1.8151145420461
"quant",2,15,35,0.94,1.65490508243104
"quant",2,15,35,0.95,1.48540860402556
"quant",2,15,35,0.96,1.29735983910498
"quant",2,15,35,0.97,1.08434258863967
"quant",2,15,35,0.98,0.825417914620068
"quant",2,15,35,0.99,0.540335811974019
"quant",2,15,35,0.995,0.365705251889257
"quant",2,15,36,0.9,1.66850249050832
"quant",2,15,36,0.91,1.5684778958461
"quant",2,15,36,0.92,1.4585586488614
"quant",2,15,36,0.93,1.34140408547253
"quant",2,15,36,0.94,1.21611582794714
"quant",2,15,36,0.95,1.08168829637173
"quant",2,15,36,0.96,0.93236915078398
"quant",2,15,36,0.97,0.760774127472691
"quant",2,15,36,0.98,0.566624786861751
"quant",2,15,36,0.99,0.334265860712774
"quant",2,15,36,0.995,0.186612409210637
"quant",2,15,37,0.9,1.97114326067104
"quant",2,15,37,0.91,1.85805805964894
"quant",2,15,37,0.92,1.73573499673269
"quant",2,15,37,0.93,1.60249012006003
"quant",2,15,37,0.94,1.4600172099968
"quant",2,15,37,0.95,1.30432707923991
"quant",2,15,37,0.96,1.13286439084083
"quant",2,15,37,0.97,0.939238076115275
"quant",2,15,37,0.98,0.701921838261571
"quant",2,15,37,0.99,0.442492676712019
"quant",2,15,37,0.995,0.264590867111679
"quant",2,15,38,0.9,2.10396037682166
"quant",2,15,38,0.91,1.99721024545995
"quant",2,15,38,0.92,1.87739421056003
"quant",2,15,38,0.93,1.74032800532394
"quant",2,15,38,0.94,1.58830330493442
"quant",2,15,38,0.95,1.41757890400162
"quant",2,15,38,0.96,1.22561587136538
"quant",2,15,38,0.97,1.00843219662259
"quant",2,15,38,0.98,0.758419087891409
"quant",2,15,38,0.99,0.453427849490473
"quant",2,15,38,0.995,0.274505029249725
"quant",2,15,39,0.9,1.95432201194383
"quant",2,15,39,0.91,1.83792127141509
"quant",2,15,39,0.92,1.7132687402869
"quant",2,15,39,0.93,1.58327397872616
"quant",2,15,39,0.94,1.4474614455529
"quant",2,15,39,0.95,1.30016133438997
"quant",2,15,39,0.96,1.1344892124818
"quant",2,15,39,0.97,0.949950508820581
"quant",2,15,39,0.98,0.736217690365299
"quant",2,15,39,0.99,0.474308129203266
"quant",2,15,39,0.995,0.318423529063662
"quant",2,15,40,0.9,2.20323831876591
"quant",2,15,40,0.91,2.07522583791914
"quant",2,15,40,0.92,1.93835478994487
"quant",2,15,40,0.93,1.79175779702562
"quant",2,15,40,0.94,1.63454659540983
"quant",2,15,40,0.95,1.46495195837629
"quant",2,15,40,0.96,1.27882181131972
"quant",2,15,40,0.97,1.06745583409384
"quant",2,15,40,0.98,0.816605352406812
"quant",2,15,40,0.99,0.543325401392941
"quant",2,15,40,0.995,0.373620067907403
"quant",2,15,41,0.9,1.70228892314315
"quant",2,15,41,0.91,1.59851893216136
"quant",2,15,41,0.92,1.4888582818768
"quant",2,15,41,0.93,1.37277896553013
"quant",2,15,41,0.94,1.24713910977798
"quant",2,15,41,0.95,1.1112161677282
"quant",2,15,41,0.96,0.963873582723345
"quant",2,15,41,0.97,0.80125859457226
"quant",2,15,41,0.98,0.611022988914598
"quant",2,15,41,0.99,0.386474004762542
"quant",2,15,41,0.995,0.236316512670676
"quant",2,15,42,0.9,1.72996303929665
"quant",2,15,42,0.91,1.62107029300356
"quant",2,15,42,0.92,1.50664345364117
"quant",2,15,42,0.93,1.38623151056179
"quant",2,15,42,0.94,1.25709556014994
"quant",2,15,42,0.95,1.11801105260181
"quant",2,15,42,0.96,0.973719354318562
"quant",2,15,42,0.97,0.815776363310128
"quant",2,15,42,0.98,0.633409226896264
"quant",2,15,42,0.99,0.413252465708071
"quant",2,15,42,0.995,0.276322578355403
"quant",2,15,43,0.9,2.11646358525595
"quant",2,15,43,0.91,2.00130612022306
"quant",2,15,43,0.92,1.87573895790684
"quant",2,15,43,0.93,1.73941975021148
"quant",2,15,43,0.94,1.58782569506001
"quant",2,15,43,0.95,1.42075120610991
"quant",2,15,43,0.96,1.23165703857389
"quant",2,15,43,0.97,1.01366739986666
"quant",2,15,43,0.98,0.759981427584681
"quant",2,15,43,0.99,0.475389677227033
"quant",2,15,43,0.995,0.299305476586001
"quant",2,15,44,0.9,1.82289508661226
"quant",2,15,44,0.91,1.71720710677523
"quant",2,15,44,0.92,1.60586066711246
"quant",2,15,44,0.93,1.48863216836649
"quant",2,15,44,0.94,1.35922270018738
"quant",2,15,44,0.95,1.2097977181863
"quant",2,15,44,0.96,1.04205685738167
"quant",2,15,44,0.97,0.854515617817914
"quant",2,15,44,0.98,0.640851869088466
"quant",2,15,44,0.99,0.384713267107618
"quant",2,15,44,0.995,0.225274488341144
"quant",2,15,45,0.9,2.19989257676955
"quant",2,15,45,0.91,2.0814648186997
"quant",2,15,45,0.92,1.95662889107908
"quant",2,15,45,0.93,1.81990469525986
"quant",2,15,45,0.94,1.67383686049353
"quant",2,15,45,0.95,1.51434813212514
"quant",2,15,45,0.96,1.33372338022334
"quant",2,15,45,0.97,1.12802924272586
"quant",2,15,45,0.98,0.888921064967066
"quant",2,15,45,0.99,0.595114551497799
"quant",2,15,45,0.995,0.418257418074519
"quant",2,15,46,0.9,2.08428872965254
"quant",2,15,46,0.91,1.96990748433181
"quant",2,15,46,0.92,1.84853898413001
"quant",2,15,46,0.93,1.72092386721136
"quant",2,15,46,0.94,1.58242587842001
"quant",2,15,46,0.95,1.43198323341936
"quant",2,15,46,0.96,1.26407591779669
"quant",2,15,46,0.97,1.07807404260872
"quant",2,15,46,0.98,0.855901789484175
"quant",2,15,46,0.99,0.587760023666674
"quant",2,15,46,0.995,0.416770145678376
"quant",2,15,47,0.9,2.21859465327772
"quant",2,15,47,0.91,2.104904817432
"quant",2,15,47,0.92,1.9766529266296
"quant",2,15,47,0.93,1.83267354736747
"quant",2,15,47,0.94,1.66930401101818
"quant",2,15,47,0.95,1.48463127954277
"quant",2,15,47,0.96,1.28146457198429
"quant",2,15,47,0.97,1.0558436559223
"quant",2,15,47,0.98,0.801233450234595
"quant",2,15,47,0.99,0.505893301750067
"quant",2,15,47,0.995,0.321378418253793
"quant",2,15,48,0.9,1.79820405978711
"quant",2,15,48,0.91,1.68526269191608
"quant",2,15,48,0.92,1.56614467172868
"quant",2,15,48,0.93,1.43957702418958
"quant",2,15,48,0.94,1.29959562742912
"quant",2,15,48,0.95,1.14394378607059
"quant",2,15,48,0.96,0.969811827337275
"quant",2,15,48,0.97,0.777098658364045
"quant",2,15,48,0.98,0.568134257369922
"quant",2,15,48,0.99,0.325983460451218
"quant",2,15,48,0.995,0.178349575164995
"quant",2,15,49,0.9,1.88958525174819
"quant",2,15,49,0.91,1.78660567701043
"quant",2,15,49,0.92,1.67734854134267
"quant",2,15,49,0.93,1.55799620858148
"quant",2,15,49,0.94,1.4297415861024
"quant",2,15,49,0.95,1.2881682680431
"quant",2,15,49,0.96,1.12763781513506
"quant",2,15,49,0.97,0.943240592069797
"quant",2,15,49,0.98,0.724941344746492
"quant",2,15,49,0.99,0.467493521298892
"quant",2,15,49,0.995,0.312115852108794
"quant",2,15,50,0.9,1.61775023133019
"quant",2,15,50,0.91,1.51157290221552
"quant",2,15,50,0.92,1.39869200121594
"quant",2,15,50,0.93,1.2789687172351
"quant",2,15,50,0.94,1.15573315056304
"quant",2,15,50,0.95,1.02305482639408
"quant",2,15,50,0.96,0.875173971167886
"quant",2,15,50,0.97,0.712942090777264
"quant",2,15,50,0.98,0.519834509119802
"quant",2,15,50,0.99,0.303122781923999
"quant",2,15,50,0.995,0.173193905363345
"quant",3,15,1,0.9,1.94555911486343
"quant",3,15,1,0.91,1.81817589002593
"quant",3,15,1,0.92,1.68126731529581
"quant",3,15,1,0.93,1.53517854783418
"quant",3,15,1,0.94,1.37829838850464
"quant",3,15,1,0.95,1.20887464899816
"quant",3,15,1,0.96,1.01948565333259
"quant",3,15,1,0.97,0.82126873527148
"quant",3,15,1,0.98,0.604391997184322
"quant",3,15,1,0.99,0.359741882095317
"quant",3,15,1,0.995,0.210591651864084
"quant",3,15,2,0.9,1.62903273859288
"quant",3,15,2,0.91,1.51730184873655
"quant",3,15,2,0.92,1.39701962497417
"quant",3,15,2,0.93,1.27027617173837
"quant",3,15,2,0.94,1.13534859922009
"quant",3,15,2,0.95,0.989825538701472
"quant",3,15,2,0.96,0.83164184601962
"quant",3,15,2,0.97,0.661903220640917
"quant",3,15,2,0.98,0.478458652244201
"quant",3,15,2,0.99,0.27198255063062
"quant",3,15,2,0.995,0.148886120995965
"quant",3,15,3,0.9,2.07503879893588
"quant",3,15,3,0.91,1.96788456066912
"quant",3,15,3,0.92,1.85564782046656
"quant",3,15,3,0.93,1.73236033360355
"quant",3,15,3,0.94,1.59872642912979
"quant",3,15,3,0.95,1.45295094868037
"quant",3,15,3,0.96,1.28934335947336
"quant",3,15,3,0.97,1.10348847820866
"quant",3,15,3,0.98,0.880110848239507
"quant",3,15,3,0.99,0.597690177852697
"quant",3,15,3,0.995,0.418026190141887
"quant",3,15,4,0.9,1.5190474426524
"quant",3,15,4,0.91,1.42767980263909
"quant",3,15,4,0.92,1.33069175939897
"quant",3,15,4,0.93,1.22710462296307
"quant",3,15,4,0.94,1.11607645872013
"quant",3,15,4,0.95,0.996814562074653
"quant",3,15,4,0.96,0.872786313876493
"quant",3,15,4,0.97,0.750446645090875
"quant",3,15,4,0.98,0.620118510793694
"quant",3,15,4,0.99,0.407693999464604
"quant",3,15,4,0.995,0.239258882710317
"quant",3,15,5,0.9,1.74563080834445
"quant",3,15,5,0.91,1.64141118156205
"quant",3,15,5,0.92,1.53161022633395
"quant",3,15,5,0.93,1.41279545810038
"quant",3,15,5,0.94,1.28353981571437
"quant",3,15,5,0.95,1.14422778509058
"quant",3,15,5,0.96,0.989439738608813
"quant",3,15,5,0.97,0.82161713922427
"quant",3,15,5,0.98,0.63926916699431
"quant",3,15,5,0.99,0.409245637703356
"quant",3,15,5,0.995,0.256069855991366
"quant",3,15,6,0.9,1.64465892126733
"quant",3,15,6,0.91,1.54681101698095
"quant",3,15,6,0.92,1.4399698459533
"quant",3,15,6,0.93,1.32698398835339
"quant",3,15,6,0.94,1.20905758230103
"quant",3,15,6,0.95,1.08570208640356
"quant",3,15,6,0.96,0.959720884904165
"quant",3,15,6,0.97,0.822607410794791
"quant",3,15,6,0.98,0.643625877614206
"quant",3,15,6,0.99,0.412991890352306
"quant",3,15,6,0.995,0.237445792886928
"quant",3,15,7,0.9,2.02590616100806
"quant",3,15,7,0.91,1.92292200742024
"quant",3,15,7,0.92,1.81375844443146
"quant",3,15,7,0.93,1.69385338854228
"quant",3,15,7,0.94,1.55862528722222
"quant",3,15,7,0.95,1.40451095031919
"quant",3,15,7,0.96,1.2288009696098
"quant",3,15,7,0.97,1.02405964949248
"quant",3,15,7,0.98,0.784681250482457
"quant",3,15,7,0.99,0.502825918942467
"quant",3,15,7,0.995,0.324080046188424
"quant",3,15,8,0.9,2.13560690085186
"quant",3,15,8,0.91,2.03446533715396
"quant",3,15,8,0.92,1.92722803751367
"quant",3,15,8,0.93,1.81375243012866
"quant",3,15,8,0.94,1.6942510177198
"quant",3,15,8,0.95,1.55022718465113
"quant",3,15,8,0.96,1.36919437078293
"quant",3,15,8,0.97,1.1496579213268
"quant",3,15,8,0.98,0.877494799086649
"quant",3,15,8,0.99,0.532942558682072
"quant",3,15,8,0.995,0.320139300906804
"quant",3,15,9,0.9,1.94220240713768
"quant",3,15,9,0.91,1.82913872367316
"quant",3,15,9,0.92,1.70548631003899
"quant",3,15,9,0.93,1.57030867421613
"quant",3,15,9,0.94,1.4202235657341
"quant",3,15,9,0.95,1.25988315140615
"quant",3,15,9,0.96,1.08897517250213
"quant",3,15,9,0.97,0.904365247547372
"quant",3,15,9,0.98,0.694617340850041
"quant",3,15,9,0.99,0.426111498508854
"quant",3,15,9,0.995,0.249515646404801
"quant",3,15,10,0.9,1.93514557748542
"quant",3,15,10,0.91,1.82286260762039
"quant",3,15,10,0.92,1.70271301052125
"quant",3,15,10,0.93,1.57208429103121
"quant",3,15,10,0.94,1.43263782957432
"quant",3,15,10,0.95,1.28075088259972
"quant",3,15,10,0.96,1.12005622565954
"quant",3,15,10,0.97,0.935053734342837
"quant",3,15,10,0.98,0.712510613496881
"quant",3,15,10,0.99,0.437858003214686
"quant",3,15,10,0.995,0.266435570422099
"quant",3,15,11,0.9,1.86673638015678
"quant",3,15,11,0.91,1.76723990961808
"quant",3,15,11,0.92,1.65880651159905
"quant",3,15,11,0.93,1.54135899717663
"quant",3,15,11,0.94,1.41457035086768
"quant",3,15,11,0.95,1.27300592412023
"quant",3,15,11,0.96,1.11051169683906
"quant",3,15,11,0.97,0.930231200059845
"quant",3,15,11,0.98,0.727325573973402
"quant",3,15,11,0.99,0.477337280724307
"quant",3,15,11,0.995,0.313346242669775
"quant",3,15,12,0.9,1.66714130370966
"quant",3,15,12,0.91,1.56753188237817
"quant",3,15,12,0.92,1.46180034183928
"quant",3,15,12,0.93,1.3482559604918
"quant",3,15,12,0.94,1.22880466627073
"quant",3,15,12,0.95,1.10036649668454
"quant",3,15,12,0.96,0.959849916457254
"quant",3,15,12,0.97,0.799940947327901
"quant",3,15,12,0.98,0.62816848404829
"quant",3,15,12,0.99,0.433778306264602
"quant",3,15,12,0.995,0.29542221972915
"quant",3,15,13,0.9,1.84354891014274
"quant",3,15,13,0.91,1.7258908977562
"quant",3,15,13,0.92,1.59943906665717
"quant",3,15,13,0.93,1.46267365576215
"quant",3,15,13,0.94,1.31759111237341
"quant",3,15,13,0.95,1.15991741159558
"quant",3,15,13,0.96,0.989489059614471
"quant",3,15,13,0.97,0.800786681590926
"quant",3,15,13,0.98,0.592703436350351
"quant",3,15,13,0.99,0.350772269981596
"quant",3,15,13,0.995,0.200525249912655
"quant",3,15,14,0.9,1.88296588464225
"quant",3,15,14,0.91,1.77227954807681
"quant",3,15,14,0.92,1.65373410175912
"quant",3,15,14,0.93,1.52268137894056
"quant",3,15,14,0.94,1.38245789153215
"quant",3,15,14,0.95,1.23666198736342
"quant",3,15,14,0.96,1.08282228199311
"quant",3,15,14,0.97,0.91784420529912
"quant",3,15,14,0.98,0.726297581396887
"quant",3,15,14,0.99,0.490834546783294
"quant",3,15,14,0.995,0.333226931936967
"quant",3,15,15,0.9,1.61307308362475
"quant",3,15,15,0.91,1.50654429277375
"quant",3,15,15,0.92,1.39417464075491
"quant",3,15,15,0.93,1.27501256456697
"quant",3,15,15,0.94,1.1489088051527
"quant",3,15,15,0.95,1.01329904802369
"quant",3,15,15,0.96,0.86879896764704
"quant",3,15,15,0.97,0.708862258714103
"quant",3,15,15,0.98,0.530556936669508
"quant",3,15,15,0.99,0.315341269504925
"quant",3,15,15,0.995,0.180828279525058
"quant",3,15,16,0.9,2.1293694368374
"quant",3,15,16,0.91,2.01624130534706
"quant",3,15,16,0.92,1.8963766498479
"quant",3,15,16,0.93,1.764615819969
"quant",3,15,16,0.94,1.61932631078882
"quant",3,15,16,0.95,1.45641592659497
"quant",3,15,16,0.96,1.26936927659057
"quant",3,15,16,0.97,1.06218399644146
"quant",3,15,16,0.98,0.819748408060783
"quant",3,15,16,0.99,0.565222599782125
"quant",3,15,16,0.995,0.354653379868961
"quant",3,15,17,0.9,1.73372613366669
"quant",3,15,17,0.91,1.62620197985979
"quant",3,15,17,0.92,1.5105523450289
"quant",3,15,17,0.93,1.38349953054059
"quant",3,15,17,0.94,1.24400036449657
"quant",3,15,17,0.95,1.09002097489551
"quant",3,15,17,0.96,0.923835572780349
"quant",3,15,17,0.97,0.742080028568981
"quant",3,15,17,0.98,0.537139894551996
"quant",3,15,17,0.99,0.301660550247174
"quant",3,15,17,0.995,0.166600854299378
"quant",3,15,18,0.9,2.30751097926011
"quant",3,15,18,0.91,2.18559503369565
"quant",3,15,18,0.92,2.054263584861
"quant",3,15,18,0.93,1.91196738463574
"quant",3,15,18,0.94,1.75900408024306
"quant",3,15,18,0.95,1.59203761744678
"quant",3,15,18,0.96,1.40875360642415
"quant",3,15,18,0.97,1.21049583807226
"quant",3,15,18,0.98,0.985283383390118
"quant",3,15,18,0.99,0.717053348224601
"quant",3,15,18,0.995,0.548974780140796
"quant",3,15,19,0.9,2.56888762267878
"quant",3,15,19,0.91,2.44888019871401
"quant",3,15,19,0.92,2.31809271955659
"quant",3,15,19,0.93,2.17639108834922
"quant",3,15,19,0.94,2.01859551978132
"quant",3,15,19,0.95,1.84134489640024
"quant",3,15,19,0.96,1.6410468427113
"quant",3,15,19,0.97,1.40368014287385
"quant",3,15,19,0.98,1.10075500596262
"quant",3,15,19,0.99,0.759396663077492
"quant",3,15,19,0.995,0.526150108764614
"quant",3,15,20,0.9,1.86068385923226
"quant",3,15,20,0.91,1.74153512557238
"quant",3,15,20,0.92,1.61289978734114
"quant",3,15,20,0.93,1.4740509999144
"quant",3,15,20,0.94,1.32784555889558
"quant",3,15,20,0.95,1.16688221053611
"quant",3,15,20,0.96,0.989217096967151
"quant",3,15,20,0.97,0.792438356986951
"quant",3,15,20,0.98,0.572738510397103
"quant",3,15,20,0.99,0.311589108245114
"quant",3,15,20,0.995,0.167672765924272
"quant",3,15,21,0.9,1.79899589262571
"quant",3,15,21,0.91,1.69935578995301
"quant",3,15,21,0.92,1.59343158092709
"quant",3,15,21,0.93,1.48012418277535
"quant",3,15,21,0.94,1.3577539331445
"quant",3,15,21,0.95,1.22326529090145
"quant",3,15,21,0.96,1.08043085410936
"quant",3,15,21,0.97,0.916373966534511
"quant",3,15,21,0.98,0.694119319541435
"quant",3,15,21,0.99,0.411374410548806
"quant",3,15,21,0.995,0.228961455357274
"quant",3,15,22,0.9,2.32201583204386
"quant",3,15,22,0.91,2.20802690621907
"quant",3,15,22,0.92,2.08620770899057
"quant",3,15,22,0.93,1.95399334381364
"quant",3,15,22,0.94,1.81091129504496
"quant",3,15,22,0.95,1.65087268520116
"quant",3,15,22,0.96,1.47231936778179
"quant",3,15,22,0.97,1.27231231935221
"quant",3,15,22,0.98,1.03859135569681
"quant",3,15,22,0.99,0.738874631406567
"quant",3,15,22,0.995,0.554031303565636
"quant",3,15,23,0.9,2.0269994947284
"quant",3,15,23,0.91,1.91138537235638
"quant",3,15,23,0.92,1.78872698744221
"quant",3,15,23,0.93,1.65746131854432
"quant",3,15,23,0.94,1.51062652382777
"quant",3,15,23,0.95,1.34903258299796
"quant",3,15,23,0.96,1.17969720113561
"quant",3,15,23,0.97,1.00337512075208
"quant",3,15,23,0.98,0.793305279137176
"quant",3,15,23,0.99,0.520365817177852
"quant",3,15,23,0.995,0.348224289858001
"quant",3,15,24,0.9,2.17603736226582
"quant",3,15,24,0.91,2.06330723898726
"quant",3,15,24,0.92,1.93861976065804
"quant",3,15,24,0.93,1.80086065466408
"quant",3,15,24,0.94,1.64562038994055
"quant",3,15,24,0.95,1.47331722993481
"quant",3,15,24,0.96,1.2774133849729
"quant",3,15,24,0.97,1.06124296375126
"quant",3,15,24,0.98,0.815944036148427
"quant",3,15,24,0.99,0.52145806375224
"quant",3,15,24,0.995,0.329697744627944
"quant",3,15,25,0.9,2.06364407531767
"quant",3,15,25,0.91,1.94407268232941
"quant",3,15,25,0.92,1.81609210622127
"quant",3,15,25,0.93,1.6769566203563
"quant",3,15,25,0.94,1.52464312321843
"quant",3,15,25,0.95,1.3573283353928
"quant",3,15,25,0.96,1.17509289144178
"quant",3,15,25,0.97,0.970326688349557
"quant",3,15,25,0.98,0.737596854152798
"quant",3,15,25,0.99,0.455567625101439
"quant",3,15,25,0.995,0.289527928552777
"quant",3,15,26,0.9,2.05230785215794
"quant",3,15,26,0.91,1.93109865481095
"quant",3,15,26,0.92,1.80163347817835
"quant",3,15,26,0.93,1.66162257914765
"quant",3,15,26,0.94,1.50797149133693
"quant",3,15,26,0.95,1.34062806141816
"quant",3,15,26,0.96,1.14923739884098
"quant",3,15,26,0.97,0.929688849362906
"quant",3,15,26,0.98,0.702145636443975
"quant",3,15,26,0.99,0.444741994858042
"quant",3,15,26,0.995,0.283503120011337
"quant",3,15,27,0.9,1.96760569754504
"quant",3,15,27,0.91,1.85129452578549
"quant",3,15,27,0.92,1.72349218785331
"quant",3,15,27,0.93,1.58450401149727
"quant",3,15,27,0.94,1.43506628148637
"quant",3,15,27,0.95,1.27257117059231
"quant",3,15,27,0.96,1.1016092253733
"quant",3,15,27,0.97,0.913139988469174
"quant",3,15,27,0.98,0.700155665819145
"quant",3,15,27,0.99,0.451020889207104
"quant",3,15,27,0.995,0.298301862933972
"quant",3,15,28,0.9,1.78279107205704
"quant",3,15,28,0.91,1.6728065543458
"quant",3,15,28,0.92,1.55654715826357
"quant",3,15,28,0.93,1.4342683687775
"quant",3,15,28,0.94,1.30517911650387
"quant",3,15,28,0.95,1.16726687209419
"quant",3,15,28,0.96,1.01981005462115
"quant",3,15,28,0.97,0.850585531039583
"quant",3,15,28,0.98,0.655041945600508
"quant",3,15,28,0.99,0.416854840554952
"quant",3,15,28,0.995,0.264347227192332
"quant",3,15,29,0.9,1.72059098242378
"quant",3,15,29,0.91,1.60152408332197
"quant",3,15,29,0.92,1.47444978086711
"quant",3,15,29,0.93,1.33968792510353
"quant",3,15,29,0.94,1.19402019011306
"quant",3,15,29,0.95,1.03717070831307
"quant",3,15,29,0.96,0.873163442687174
"quant",3,15,29,0.97,0.704854278868412
"quant",3,15,29,0.98,0.521497579917424
"quant",3,15,29,0.99,0.306334902683546
"quant",3,15,29,0.995,0.173523468725787
"quant",3,15,30,0.9,1.7699754525887
"quant",3,15,30,0.91,1.65823222490893
"quant",3,15,30,0.92,1.53913368509134
"quant",3,15,30,0.93,1.41234668197605
"quant",3,15,30,0.94,1.27553934902443
"quant",3,15,30,0.95,1.1282168346159
"quant",3,15,30,0.96,0.968827591580461
"quant",3,15,30,0.97,0.79922370064801
"quant",3,15,30,0.98,0.623023425497277
"quant",3,15,30,0.99,0.424300746956665
"quant",3,15,30,0.995,0.258360872815482
"quant",3,15,31,0.9,1.88197948157413
"quant",3,15,31,0.91,1.76159011300387
"quant",3,15,31,0.92,1.6346291285552
"quant",3,15,31,0.93,1.49973417592753
"quant",3,15,31,0.94,1.3541978935093
"quant",3,15,31,0.95,1.19569665047675
"quant",3,15,31,0.96,1.02706855866527
"quant",3,15,31,0.97,0.849917287583364
"quant",3,15,31,0.98,0.646716432482648
"quant",3,15,31,0.99,0.382919491747911
"quant",3,15,31,0.995,0.221308124747181
"quant",3,15,32,0.9,1.94989174449116
"quant",3,15,32,0.91,1.82299272476923
"quant",3,15,32,0.92,1.68758832035997
"quant",3,15,32,0.93,1.54212858501062
"quant",3,15,32,0.94,1.39075409171583
"quant",3,15,32,0.95,1.2358592507075
"quant",3,15,32,0.96,1.06418659115962
"quant",3,15,32,0.97,0.864608611149691
"quant",3,15,32,0.98,0.645534298712109
"quant",3,15,32,0.99,0.397540073978822
"quant",3,15,32,0.995,0.226848997100076
"quant",3,15,33,0.9,1.84663600489386
"quant",3,15,33,0.91,1.72218782006539
"quant",3,15,33,0.92,1.58897671370889
"quant",3,15,33,0.93,1.44689880967857
"quant",3,15,33,0.94,1.29744675664215
"quant",3,15,33,0.95,1.15361342923299
"quant",3,15,33,0.96,0.995245894171604
"quant",3,15,33,0.97,0.808826746293185
"quant",3,15,33,0.98,0.606907505909973
"quant",3,15,33,0.99,0.36062712810819
"quant",3,15,33,0.995,0.203644775497825
"quant",3,15,34,0.9,2.25692393472759
"quant",3,15,34,0.91,2.12846991760577
"quant",3,15,34,0.92,1.98882643251634
"quant",3,15,34,0.93,1.83607681566069
"quant",3,15,34,0.94,1.66402426651707
"quant",3,15,34,0.95,1.47163569038875
"quant",3,15,34,0.96,1.26106360864354
"quant",3,15,34,0.97,1.0338909862416
"quant",3,15,34,0.98,0.773566594295501
"quant",3,15,34,0.99,0.463229925686167
"quant",3,15,34,0.995,0.276249094207449
"quant",3,15,35,0.9,2.23969172547579
"quant",3,15,35,0.91,2.10474233495528
"quant",3,15,35,0.92,1.96201284563868
"quant",3,15,35,0.93,1.81210607809496
"quant",3,15,35,0.94,1.65114286496608
"quant",3,15,35,0.95,1.48303800398221
"quant",3,15,35,0.96,1.29389112291772
"quant",3,15,35,0.97,1.07887348219521
"quant",3,15,35,0.98,0.818719859554477
"quant",3,15,35,0.99,0.51943862229641
"quant",3,15,35,0.995,0.337899130503536
"quant",3,15,36,0.9,1.66693705542938
"quant",3,15,36,0.91,1.56824966023863
"quant",3,15,36,0.92,1.46016056210935
"quant",3,15,36,0.93,1.34484293450688
"quant",3,15,36,0.94,1.220247591548
"quant",3,15,36,0.95,1.08688522082081
"quant",3,15,36,0.96,0.938629290292551
"quant",3,15,36,0.97,0.768538407491092
"quant",3,15,36,0.98,0.574049424839281
"quant",3,15,36,0.99,0.34005474464819
"quant",3,15,36,0.995,0.190077606805283
"quant",3,15,37,0.9,1.97116518763831
"quant",3,15,37,0.91,1.85672616578478
"quant",3,15,37,0.92,1.73303724038561
"quant",3,15,37,0.93,1.59797926490138
"quant",3,15,37,0.94,1.45441710074425
"quant",3,15,37,0.95,1.29857193653042
"quant",3,15,37,0.96,1.12622221239929
"quant",3,15,37,0.97,0.932078961109548
"quant",3,15,37,0.98,0.694631367690201
"quant",3,15,37,0.99,0.424115363647576
"quant",3,15,37,0.995,0.250379753456027
"quant",3,15,38,0.9,2.11057307272399
"quant",3,15,38,0.91,2.00512738077652
"quant",3,15,38,0.92,1.88492411765531
"quant",3,15,38,0.93,1.74764906885696
"quant",3,15,38,0.94,1.59488697956528
"quant",3,15,38,0.95,1.42193262614983
"quant",3,15,38,0.96,1.22795087467029
"quant",3,15,38,0.97,1.00766178692201
"quant",3,15,38,0.98,0.752852777045389
"quant",3,15,38,0.99,0.443392092013554
"quant",3,15,38,0.995,0.264702120949803
"quant",3,15,39,0.9,1.96383735473912
"quant",3,15,39,0.91,1.84625252419951
"quant",3,15,39,0.92,1.72152996973888
"quant",3,15,39,0.93,1.59154929250028
"quant",3,15,39,0.94,1.45631303008874
"quant",3,15,39,0.95,1.30758626378268
"quant",3,15,39,0.96,1.1414321595571
"quant",3,15,39,0.97,0.954875367986542
"quant",3,15,39,0.98,0.738981051824907
"quant",3,15,39,0.99,0.469807058896274
"quant",3,15,39,0.995,0.305501610649583
"quant",3,15,40,0.9,2.19107387425831
"quant",3,15,40,0.91,2.06302610369825
"quant",3,15,40,0.92,1.92658301839229
"quant",3,15,40,0.93,1.78075902440213
"quant",3,15,40,0.94,1.62417404287689
"quant",3,15,40,0.95,1.45510254827462
"quant",3,15,40,0.96,1.27008665288888
"quant",3,15,40,0.97,1.05857189811468
"quant",3,15,40,0.98,0.801690842611529
"quant",3,15,40,0.99,0.525379506082292
"quant",3,15,40,0.995,0.356012397492342
"quant",3,15,41,0.9,1.71336085740322
"quant",3,15,41,0.91,1.60742663306086
"quant",3,15,41,0.92,1.49635178252007
"quant",3,15,41,0.93,1.37873546413413
"quant",3,15,41,0.94,1.25208748366543
"quant",3,15,41,0.95,1.11478206699733
"quant",3,15,41,0.96,0.966819643933699
"quant",3,15,41,0.97,0.804318283720235
"quant",3,15,41,0.98,0.61123003751695
"quant",3,15,41,0.99,0.381046268299456
"quant",3,15,41,0.995,0.229630957425425
"quant",3,15,42,0.9,1.73033375925624
"quant",3,15,42,0.91,1.62093255416023
"quant",3,15,42,0.92,1.50683504097685
"quant",3,15,42,0.93,1.38629660191522
"quant",3,15,42,0.94,1.2569928304304
"quant",3,15,42,0.95,1.11710145117573
"quant",3,15,42,0.96,0.969086918539845
"quant",3,15,42,0.97,0.811824655799883
"quant",3,15,42,0.98,0.63230084615868
"quant",3,15,42,0.99,0.410554451271511
"quant",3,15,42,0.995,0.269809627114353
"quant",3,15,43,0.9,2.12516556063741
"quant",3,15,43,0.91,2.00824593953449
"quant",3,15,43,0.92,1.88053455642277
"quant",3,15,43,0.93,1.74166039046445
"quant",3,15,43,0.94,1.58689064192373
"quant",3,15,43,0.95,1.41600696279952
"quant",3,15,43,0.96,1.22265218232502
"quant",3,15,43,0.97,1.00239762815639
"quant",3,15,43,0.98,0.751846312803616
"quant",3,15,43,0.99,0.455989848166693
"quant",3,15,43,0.995,0.276775697062597
"quant",3,15,44,0.9,1.83482091201169
"quant",3,15,44,0.91,1.7274500929155
"quant",3,15,44,0.92,1.61464785195783
"quant",3,15,44,0.93,1.49459650933661
"quant",3,15,44,0.94,1.36215493155559
"quant",3,15,44,0.95,1.21111889487248
"quant",3,15,44,0.96,1.04384002562691
"quant",3,15,44,0.97,0.856667892279698
"quant",3,15,44,0.98,0.641960330648188
"quant",3,15,44,0.99,0.392584773968059
"quant",3,15,44,0.995,0.228329183383802
"quant",3,15,45,0.9,2.19765039464901
"quant",3,15,45,0.91,2.07978115136255
"quant",3,15,45,0.92,1.95554026437001
"quant",3,15,45,0.93,1.81895399503483
"quant",3,15,45,0.94,1.67207663914911
"quant",3,15,45,0.95,1.51196811392302
"quant",3,15,45,0.96,1.33271135938152
"quant",3,15,45,0.97,1.12854065738807
"quant",3,15,45,0.98,0.885262317527587
"quant",3,15,45,0.99,0.579471643429083
"quant",3,15,45,0.995,0.399045921090798
"quant",3,15,46,0.9,2.08549296733056
"quant",3,15,46,0.91,1.97111764188993
"quant",3,15,46,0.92,1.85066885952234
"quant",3,15,46,0.93,1.72296642722847
"quant",3,15,46,0.94,1.58453676397332
"quant",3,15,46,0.95,1.4329570130049
"quant",3,15,46,0.96,1.26450004418734
"quant",3,15,46,0.97,1.07918352226512
"quant",3,15,46,0.98,0.849813368473967
"quant",3,15,46,0.99,0.578784089947378
"quant",3,15,46,0.995,0.405340938303951
"quant",3,15,47,0.9,2.21958944573369
"quant",3,15,47,0.91,2.10423420257445
"quant",3,15,47,0.92,1.97495088318835
"quant",3,15,47,0.93,1.83111690763589
"quant",3,15,47,0.94,1.66947241781691
"quant",3,15,47,0.95,1.48591523007698
"quant",3,15,47,0.96,1.28470185189092
"quant",3,15,47,0.97,1.05635987492012
"quant",3,15,47,0.98,0.798128968614531
"quant",3,15,47,0.99,0.491913667548357
"quant",3,15,47,0.995,0.303997265846591
"quant",3,15,48,0.9,1.80982032634825
"quant",3,15,48,0.91,1.69787606896689
"quant",3,15,48,0.92,1.58051166519752
"quant",3,15,48,0.93,1.45405166493496
"quant",3,15,48,0.94,1.3119423353518
"quant",3,15,48,0.95,1.15370315326529
"quant",3,15,48,0.96,0.978478037242559
"quant",3,15,48,0.97,0.783794260820968
"quant",3,15,48,0.98,0.570668039537408
"quant",3,15,48,0.99,0.33389621143801
"quant",3,15,48,0.995,0.18699427646821
"quant",3,15,49,0.9,1.88667850827036
"quant",3,15,49,0.91,1.78508610588111
"quant",3,15,49,0.92,1.67692972386981
"quant",3,15,49,0.93,1.5591969768962
"quant",3,15,49,0.94,1.43122722018764
"quant",3,15,49,0.95,1.28991514257241
"quant",3,15,49,0.96,1.12955230940228
"quant",3,15,49,0.97,0.943873304597552
"quant",3,15,49,0.98,0.725510224998146
"quant",3,15,49,0.99,0.465594510524215
"quant",3,15,49,0.995,0.304804280920084
"quant",3,15,50,0.9,1.61992160645688
"quant",3,15,50,0.91,1.51208463940277
"quant",3,15,50,0.92,1.39669491204276
"quant",3,15,50,0.93,1.27551257198655
"quant",3,15,50,0.94,1.15078495307807
"quant",3,15,50,0.95,1.01622276357825
"quant",3,15,50,0.96,0.867018395116254
"quant",3,15,50,0.97,0.705611994043485
"quant",3,15,50,0.98,0.518392979431629
"quant",3,15,50,0.99,0.306052357342782
"quant",3,15,50,0.995,0.176914224144264
"quant",4,15,1,0.9,1.9345111384445
"quant",4,15,1,0.91,1.80605963300886
"quant",4,15,1,0.92,1.66985645886801
"quant",4,15,1,0.93,1.5224044239554
"quant",4,15,1,0.94,1.36429435926456
"quant",4,15,1,0.95,1.19359073805893
"quant",4,15,1,0.96,1.00840062712289
"quant",4,15,1,0.97,0.834921186830854
"quant",4,15,1,0.98,0.614988266843802
"quant",4,15,1,0.99,0.360000604063605
"quant",4,15,1,0.995,0.204140233719065
"quant",4,15,2,0.9,1.62767180503892
"quant",4,15,2,0.91,1.51656143387496
"quant",4,15,2,0.92,1.39779714510023
"quant",4,15,2,0.93,1.27258949976168
"quant",4,15,2,0.94,1.13870600629849
"quant",4,15,2,0.95,0.991939210478758
"quant",4,15,2,0.96,0.834008398145557
"quant",4,15,2,0.97,0.66714056294939
"quant",4,15,2,0.98,0.488759770281163
"quant",4,15,2,0.99,0.288824922226804
"quant",4,15,2,0.995,0.157437026652264
"quant",4,15,3,0.9,2.07915126426146
"quant",4,15,3,0.91,1.97201444176546
"quant",4,15,3,0.92,1.85885765614859
"quant",4,15,3,0.93,1.73390775083792
"quant",4,15,3,0.94,1.59919621213952
"quant",4,15,3,0.95,1.45331861789518
"quant",4,15,3,0.96,1.28726322036996
"quant",4,15,3,0.97,1.10104966834433
"quant",4,15,3,0.98,0.883935574908753
"quant",4,15,3,0.99,0.613298247550956
"quant",4,15,3,0.995,0.44618421938531
"quant",4,15,4,0.9,1.51660788076932
"quant",4,15,4,0.91,1.42411548626716
"quant",4,15,4,0.92,1.32452762449157
"quant",4,15,4,0.93,1.21882242560068
"quant",4,15,4,0.94,1.10561830462886
"quant",4,15,4,0.95,0.986556817496751
"quant",4,15,4,0.96,0.86502094239257
"quant",4,15,4,0.97,0.747160529011647
"quant",4,15,4,0.98,0.628194368579384
"quant",4,15,4,0.99,0.416632251618777
"quant",4,15,4,0.995,0.245442208321723
"quant",4,15,5,0.9,1.75201089540351
"quant",4,15,5,0.91,1.64859213908658
"quant",4,15,5,0.92,1.53655775558262
"quant",4,15,5,0.93,1.41510677498397
"quant",4,15,5,0.94,1.28312157100388
"quant",4,15,5,0.95,1.14310565023838
"quant",4,15,5,0.96,0.990274039996231
"quant",4,15,5,0.97,0.828302649999876
"quant",4,15,5,0.98,0.648548768720448
"quant",4,15,5,0.99,0.401126063489759
"quant",4,15,5,0.995,0.246556946381932
"quant",4,15,6,0.9,1.65358733771704
"quant",4,15,6,0.91,1.55575730189863
"quant",4,15,6,0.92,1.4495697629984
"quant",4,15,6,0.93,1.3358763812917
"quant",4,15,6,0.94,1.21425539943411
"quant",4,15,6,0.95,1.08551978696853
"quant",4,15,6,0.96,0.96221583677514
"quant",4,15,6,0.97,0.825824231406353
"quant",4,15,6,0.98,0.652485155078021
"quant",4,15,6,0.99,0.426781949748815
"quant",4,15,6,0.995,0.244578364468764
"quant",4,15,7,0.9,2.04068594255132
"quant",4,15,7,0.91,1.94168567306115
"quant",4,15,7,0.92,1.83436942307122
"quant",4,15,7,0.93,1.71044211579813
"quant",4,15,7,0.94,1.57023595960936
"quant",4,15,7,0.95,1.41127256699867
"quant",4,15,7,0.96,1.23962752715784
"quant",4,15,7,0.97,1.03667145069896
"quant",4,15,7,0.98,0.797931050202706
"quant",4,15,7,0.99,0.510888545553046
"quant",4,15,7,0.995,0.32700444956882
"quant",4,15,8,0.9,2.14085554642033
"quant",4,15,8,0.91,2.04127536538208
"quant",4,15,8,0.92,1.93198318133186
"quant",4,15,8,0.93,1.81200447708524
"quant",4,15,8,0.94,1.68867149226132
"quant",4,15,8,0.95,1.54325977757847
"quant",4,15,8,0.96,1.36420348208072
"quant",4,15,8,0.97,1.1474246209014
"quant",4,15,8,0.98,0.885028282071676
"quant",4,15,8,0.99,0.543029833790086
"quant",4,15,8,0.995,0.323077373375577
"quant",4,15,9,0.9,1.94770820212042
"quant",4,15,9,0.91,1.83377496869605
"quant",4,15,9,0.92,1.71014460123083
"quant",4,15,9,0.93,1.57354962894086
"quant",4,15,9,0.94,1.42353426283732
"quant",4,15,9,0.95,1.26482939868291
"quant",4,15,9,0.96,1.09710468200186
"quant",4,15,9,0.97,0.912380177929381
"quant",4,15,9,0.98,0.702055860331398
"quant",4,15,9,0.99,0.437334373960359
"quant",4,15,9,0.995,0.262874867527699
"quant",4,15,10,0.9,1.93616571030525
"quant",4,15,10,0.91,1.82458700304617
"quant",4,15,10,0.92,1.70591248492024
"quant",4,15,10,0.93,1.58053042924387
"quant",4,15,10,0.94,1.44421918702103
"quant",4,15,10,0.95,1.28953268071651
"quant",4,15,10,0.96,1.12719865704501
"quant",4,15,10,0.97,0.938340222489091
"quant",4,15,10,0.98,0.709760223813361
"quant",4,15,10,0.99,0.430820664016273
"quant",4,15,10,0.995,0.259747444802795
"quant",4,15,11,0.9,1.87226005617069
"quant",4,15,11,0.91,1.77395171583475
"quant",4,15,11,0.92,1.66580903660169
"quant",4,15,11,0.93,1.54839178335395
"quant",4,15,11,0.94,1.42063949621739
"quant",4,15,11,0.95,1.27906019398038
"quant",4,15,11,0.96,1.117224016036
"quant",4,15,11,0.97,0.932617518407542
"quant",4,15,11,0.98,0.724935630693554
"quant",4,15,11,0.99,0.474408255728248
"quant",4,15,11,0.995,0.31194359463626
"quant",4,15,12,0.9,1.66631624232414
"quant",4,15,12,0.91,1.56610513085484
"quant",4,15,12,0.92,1.4597421958418
"quant",4,15,12,0.93,1.34592840321895
"quant",4,15,12,0.94,1.22602615675012
"quant",4,15,12,0.95,1.0981721905018
"quant",4,15,12,0.96,0.958660612854154
"quant",4,15,12,0.97,0.799299104705531
"quant",4,15,12,0.98,0.635120173507218
"quant",4,15,12,0.99,0.434633474906817
"quant",4,15,12,0.995,0.295006073850549
"quant",4,15,13,0.9,1.84216534126176
"quant",4,15,13,0.91,1.7232917237612
"quant",4,15,13,0.92,1.59545264149362
"quant",4,15,13,0.93,1.45880562970227
"quant",4,15,13,0.94,1.31103703467044
"quant",4,15,13,0.95,1.15264821151389
"quant",4,15,13,0.96,0.979914580056158
"quant",4,15,13,0.97,0.794124163581008
"quant",4,15,13,0.98,0.596020084538082
"quant",4,15,13,0.99,0.349410370741757
"quant",4,15,13,0.995,0.191018612360284
"quant",4,15,14,0.9,1.88755533836297
"quant",4,15,14,0.91,1.78055802778322
"quant",4,15,14,0.92,1.66335206786692
"quant",4,15,14,0.93,1.53397114797696
"quant",4,15,14,0.94,1.39439877040604
"quant",4,15,14,0.95,1.24526151646861
"quant",4,15,14,0.96,1.08908437719276
"quant",4,15,14,0.97,0.916350865127544
"quant",4,15,14,0.98,0.726292336740352
"quant",4,15,14,0.99,0.484932836666316
"quant",4,15,14,0.995,0.329766240037615
"quant",4,15,15,0.9,1.61084198194568
"quant",4,15,15,0.91,1.50466318064122
"quant",4,15,15,0.92,1.39166384663359
"quant",4,15,15,0.93,1.27195061848733
"quant",4,15,15,0.94,1.14458246535382
"quant",4,15,15,0.95,1.00840426735178
"quant",4,15,15,0.96,0.862897534879626
"quant",4,15,15,0.97,0.704488453348009
"quant",4,15,15,0.98,0.529720326385854
"quant",4,15,15,0.99,0.323062548672292
"quant",4,15,15,0.995,0.191046124771287
"quant",4,15,16,0.9,2.12447026070094
"quant",4,15,16,0.91,2.01201407855425
"quant",4,15,16,0.92,1.88977646674191
"quant",4,15,16,0.93,1.75680477627979
"quant",4,15,16,0.94,1.60794933931235
"quant",4,15,16,0.95,1.44095331345885
"quant",4,15,16,0.96,1.25660442080605
"quant",4,15,16,0.97,1.04500278650275
"quant",4,15,16,0.98,0.816010946298669
"quant",4,15,16,0.99,0.572258142529945
"quant",4,15,16,0.995,0.376299173741638
"quant",4,15,17,0.9,1.72964328390247
"quant",4,15,17,0.91,1.62268658069193
"quant",4,15,17,0.92,1.50793373328617
"quant",4,15,17,0.93,1.3815766045168
"quant",4,15,17,0.94,1.2427233933782
"quant",4,15,17,0.95,1.08828790951361
"quant",4,15,17,0.96,0.920148164210374
"quant",4,15,17,0.97,0.736434203629505
"quant",4,15,17,0.98,0.530028764712591
"quant",4,15,17,0.99,0.299470033414421
"quant",4,15,17,0.995,0.167968085988187
"quant",4,15,18,0.9,2.3095565531871
"quant",4,15,18,0.91,2.18864069068786
"quant",4,15,18,0.92,2.05764986125555
"quant",4,15,18,0.93,1.91492110069585
"quant",4,15,18,0.94,1.76028745087592
"quant",4,15,18,0.95,1.59125476462681
"quant",4,15,18,0.96,1.40559033457634
"quant",4,15,18,0.97,1.20460595236456
"quant",4,15,18,0.98,0.980779430504438
"quant",4,15,18,0.99,0.718058963826539
"quant",4,15,18,0.995,0.551859038274744
"quant",4,15,19,0.9,2.57327911447041
"quant",4,15,19,0.91,2.45493255885484
"quant",4,15,19,0.92,2.32497390155579
"quant",4,15,19,0.93,2.18190187523535
"quant",4,15,19,0.94,2.02287261911473
"quant",4,15,19,0.95,1.84670472856939
"quant",4,15,19,0.96,1.64441915928688
"quant",4,15,19,0.97,1.41154143564227
"quant",4,15,19,0.98,1.11230679201329
"quant",4,15,19,0.99,0.797790305718779
"quant",4,15,19,0.995,0.581552569081155
"quant",4,15,20,0.9,1.87251544206541
"quant",4,15,20,0.91,1.75259265797425
"quant",4,15,20,0.92,1.62182263711522
"quant",4,15,20,0.93,1.48252355230771
"quant",4,15,20,0.94,1.33086345156635
"quant",4,15,20,0.95,1.16722120700545
"quant",4,15,20,0.96,0.987803025127405
"quant",4,15,20,0.97,0.79010329020247
"quant",4,15,20,0.98,0.563751473081745
"quant",4,15,20,0.99,0.312188256839287
"quant",4,15,20,0.995,0.169046339513447
"quant",4,15,21,0.9,1.79402793261465
"quant",4,15,21,0.91,1.69495504152505
"quant",4,15,21,0.92,1.59130484873691
"quant",4,15,21,0.93,1.48166015567724
"quant",4,15,21,0.94,1.36158384269113
"quant",4,15,21,0.95,1.22909029322232
"quant",4,15,21,0.96,1.08155116524871
"quant",4,15,21,0.97,0.921537883489181
"quant",4,15,21,0.98,0.70725245720387
"quant",4,15,21,0.99,0.429181402601641
"quant",4,15,21,0.995,0.252652071517226
"quant",4,15,22,0.9,2.32422712459002
"quant",4,15,22,0.91,2.21018616806809
"quant",4,15,22,0.92,2.08693208618934
"quant",4,15,22,0.93,1.9537192962838
"quant",4,15,22,0.94,1.80612905490366
"quant",4,15,22,0.95,1.64214556831982
"quant",4,15,22,0.96,1.46440346995118
"quant",4,15,22,0.97,1.26320428584544
"quant",4,15,22,0.98,1.03275328083642
"quant",4,15,22,0.99,0.732819311407915
"quant",4,15,22,0.995,0.554630304989925
"quant",4,15,23,0.9,2.03756112226118
"quant",4,15,23,0.91,1.92152079806778
"quant",4,15,23,0.92,1.80032367091527
"quant",4,15,23,0.93,1.66743241101599
"quant",4,15,23,0.94,1.51994007991578
"quant",4,15,23,0.95,1.35776926117641
"quant",4,15,23,0.96,1.18202471934258
"quant",4,15,23,0.97,1.00176906650931
"quant",4,15,23,0.98,0.791341819199593
"quant",4,15,23,0.99,0.531677128500221
"quant",4,15,23,0.995,0.365245987157741
"quant",4,15,24,0.9,2.17976131969469
"quant",4,15,24,0.91,2.06472162904072
"quant",4,15,24,0.92,1.9417350071328
"quant",4,15,24,0.93,1.80471911163768
"quant",4,15,24,0.94,1.64976013748659
"quant",4,15,24,0.95,1.47420245395754
"quant",4,15,24,0.96,1.28396031982366
"quant",4,15,24,0.97,1.07194287211278
"quant",4,15,24,0.98,0.8220059448155
"quant",4,15,24,0.99,0.526917839033939
"quant",4,15,24,0.995,0.339875532320727
"quant",4,15,25,0.9,2.06633575226197
"quant",4,15,25,0.91,1.94552444096253
"quant",4,15,25,0.92,1.81649077435418
"quant",4,15,25,0.93,1.67760085851275
"quant",4,15,25,0.94,1.52591180551567
"quant",4,15,25,0.95,1.35960141914251
"quant",4,15,25,0.96,1.17705331931593
"quant",4,15,25,0.97,0.972159464013143
"quant",4,15,25,0.98,0.733907209132091
"quant",4,15,25,0.99,0.454851081651547
"quant",4,15,25,0.995,0.287254233318726
"quant",4,15,26,0.9,2.06162090639292
"quant",4,15,26,0.91,1.94053139788969
"quant",4,15,26,0.92,1.81146206452968
"quant",4,15,26,0.93,1.67283424136594
"quant",4,15,26,0.94,1.52130462849893
"quant",4,15,26,0.95,1.3554407602943
"quant",4,15,26,0.96,1.16168589240717
"quant",4,15,26,0.97,0.93650304996628
"quant",4,15,26,0.98,0.701206144785564
"quant",4,15,26,0.99,0.446889788773837
"quant",4,15,26,0.995,0.292977863693579
"quant",4,15,27,0.9,1.97565833866093
"quant",4,15,27,0.91,1.8583601663948
"quant",4,15,27,0.92,1.73081829499808
"quant",4,15,27,0.93,1.59305955420889
"quant",4,15,27,0.94,1.4438370077749
"quant",4,15,27,0.95,1.28186969443106
"quant",4,15,27,0.96,1.11049010001224
"quant",4,15,27,0.97,0.922052571503574
"quant",4,15,27,0.98,0.709833979656195
"quant",4,15,27,0.99,0.459154397558688
"quant",4,15,27,0.995,0.307434426832836
"quant",4,15,28,0.9,1.78309850898754
"quant",4,15,28,0.91,1.67347721387151
"quant",4,15,28,0.92,1.55610828577959
"quant",4,15,28,0.93,1.43252526718222
"quant",4,15,28,0.94,1.30390082503368
"quant",4,15,28,0.95,1.16682382525435
"quant",4,15,28,0.96,1.01904831532431
"quant",4,15,28,0.97,0.847553352192949
"quant",4,15,28,0.98,0.652986659708544
"quant",4,15,28,0.99,0.412118241053537
"quant",4,15,28,0.995,0.264831648618574
"quant",4,15,29,0.9,1.7262718797561
"quant",4,15,29,0.91,1.6073624392911
"quant",4,15,29,0.92,1.48119279415965
"quant",4,15,29,0.93,1.34369122141194
"quant",4,15,29,0.94,1.19688668092714
"quant",4,15,29,0.95,1.03878818348035
"quant",4,15,29,0.96,0.873063271197527
"quant",4,15,29,0.97,0.702254262214615
"quant",4,15,29,0.98,0.517416386704258
"quant",4,15,29,0.99,0.306619434597557
"quant",4,15,29,0.995,0.175439366270993
"quant",4,15,30,0.9,1.76993680476438
"quant",4,15,30,0.91,1.65935464425031
"quant",4,15,30,0.92,1.54062120190579
"quant",4,15,30,0.93,1.41285200797519
"quant",4,15,30,0.94,1.27279731783208
"quant",4,15,30,0.95,1.12364139609902
"quant",4,15,30,0.96,0.963597421335583
"quant",4,15,30,0.97,0.795122127306822
"quant",4,15,30,0.98,0.613370722516848
"quant",4,15,30,0.99,0.430035212347295
"quant",4,15,30,0.995,0.274201698547292
"quant",4,15,31,0.9,1.87214201961322
"quant",4,15,31,0.91,1.75151615604154
"quant",4,15,31,0.92,1.62373800979481
"quant",4,15,31,0.93,1.48889492099778
"quant",4,15,31,0.94,1.341737175174
"quant",4,15,31,0.95,1.18491310867098
"quant",4,15,31,0.96,1.02098448383721
"quant",4,15,31,0.97,0.850628979214661
"quant",4,15,31,0.98,0.635676096604369
"quant",4,15,31,0.99,0.373497320278261
"quant",4,15,31,0.995,0.215177197717267
"quant",4,15,32,0.9,1.95186730217783
"quant",4,15,32,0.91,1.82536453932141
"quant",4,15,32,0.92,1.68894569400921
"quant",4,15,32,0.93,1.54376959156946
"quant",4,15,32,0.94,1.39732720045613
"quant",4,15,32,0.95,1.24850077507276
"quant",4,15,32,0.96,1.07565498099889
"quant",4,15,32,0.97,0.867789272224119
"quant",4,15,32,0.98,0.653488092280512
"quant",4,15,32,0.99,0.404194306431811
"quant",4,15,32,0.995,0.226479547387243
"quant",4,15,33,0.9,1.84102287635723
"quant",4,15,33,0.91,1.72095652822297
"quant",4,15,33,0.92,1.59068195664301
"quant",4,15,33,0.93,1.45003415441061
"quant",4,15,33,0.94,1.3030447833669
"quant",4,15,33,0.95,1.16344711812397
"quant",4,15,33,0.96,0.994865683223286
"quant",4,15,33,0.97,0.811569507335669
"quant",4,15,33,0.98,0.607559361068426
"quant",4,15,33,0.99,0.35436631128681
"quant",4,15,33,0.995,0.198426975098221
"quant",4,15,34,0.9,2.26505012685978
"quant",4,15,34,0.91,2.13611862349153
"quant",4,15,34,0.92,1.99590069821194
"quant",4,15,34,0.93,1.84147673915156
"quant",4,15,34,0.94,1.6652095458015
"quant",4,15,34,0.95,1.46480064719951
"quant",4,15,34,0.96,1.25447794758238
"quant",4,15,34,0.97,1.02587062786323
"quant",4,15,34,0.98,0.762129515725482
"quant",4,15,34,0.99,0.448269798386774
"quant",4,15,34,0.995,0.265302933663141
"quant",4,15,35,0.9,2.24616852912373
"quant",4,15,35,0.91,2.11251674378005
"quant",4,15,35,0.92,1.97283575270459
"quant",4,15,35,0.93,1.82575800262461
"quant",4,15,35,0.94,1.67318298204516
"quant",4,15,35,0.95,1.50573847867036
"quant",4,15,35,0.96,1.3168034652741
"quant",4,15,35,0.97,1.094118336708
"quant",4,15,35,0.98,0.830751527546172
"quant",4,15,35,0.99,0.540547724444047
"quant",4,15,35,0.995,0.368763395115033
"quant",4,15,36,0.9,1.66631941578186
"quant",4,15,36,0.91,1.56898038157797
"quant",4,15,36,0.92,1.46241060544086
"quant",4,15,36,0.93,1.34852709455395
"quant",4,15,36,0.94,1.22804966697312
"quant",4,15,36,0.95,1.09688148226531
"quant",4,15,36,0.96,0.9492761203415
"quant",4,15,36,0.97,0.773159745917774
"quant",4,15,36,0.98,0.573086085171247
"quant",4,15,36,0.99,0.336198531877594
"quant",4,15,36,0.995,0.187816749938004
"quant",4,15,37,0.9,1.96767470699114
"quant",4,15,37,0.91,1.85250055671853
"quant",4,15,37,0.92,1.72843911213193
"quant",4,15,37,0.93,1.59322459178844
"quant",4,15,37,0.94,1.44865880496221
"quant",4,15,37,0.95,1.29246778818532
"quant",4,15,37,0.96,1.11912924937197
"quant",4,15,37,0.97,0.919615021712885
"quant",4,15,37,0.98,0.674532043415596
"quant",4,15,37,0.99,0.437543749457464
"quant",4,15,37,0.995,0.255189037309867
"quant",4,15,38,0.9,2.10510949069722
"quant",4,15,38,0.91,1.99850061634454
"quant",4,15,38,0.92,1.87842615606249
"quant",4,15,38,0.93,1.74334058874471
"quant",4,15,38,0.94,1.59071068883131
"quant",4,15,38,0.95,1.41911029152391
"quant",4,15,38,0.96,1.22480386614133
"quant",4,15,38,0.97,1.0076518572797
"quant",4,15,38,0.98,0.753925147412274
"quant",4,15,38,0.99,0.447320727538301
"quant",4,15,38,0.995,0.265271945990896
"quant",4,15,39,0.9,1.96730558688692
"quant",4,15,39,0.91,1.85346633210326
"quant",4,15,39,0.92,1.73293809360676
"quant",4,15,39,0.93,1.60589901460985
"quant",4,15,39,0.94,1.46872823246108
"quant",4,15,39,0.95,1.3159387778929
"quant",4,15,39,0.96,1.14579815349948
"quant",4,15,39,0.97,0.956963546986522
"quant",4,15,39,0.98,0.740557798019978
"quant",4,15,39,0.99,0.474747326475622
"quant",4,15,39,0.995,0.316212792644941
"quant",4,15,40,0.9,2.18289528441379
"quant",4,15,40,0.91,2.05715168272934
"quant",4,15,40,0.92,1.92193764909371
"quant",4,15,40,0.93,1.77871006654853
"quant",4,15,40,0.94,1.62308322905178
"quant",4,15,40,0.95,1.4565762393983
"quant",4,15,40,0.96,1.27252468846757
"quant",4,15,40,0.97,1.06199132731248
"quant",4,15,40,0.98,0.816246264660547
"quant",4,15,40,0.99,0.534012802850569
"quant",4,15,40,0.995,0.349327791663071
"quant",4,15,41,0.9,1.71119739141906
"quant",4,15,41,0.91,1.60846941568728
"quant",4,15,41,0.92,1.50091996481264
"quant",4,15,41,0.93,1.38558574292713
"quant",4,15,41,0.94,1.25930987490753
"quant",4,15,41,0.95,1.1221368092038
"quant",4,15,41,0.96,0.969563666756927
"quant",4,15,41,0.97,0.807206058795481
"quant",4,15,41,0.98,0.618318498228648
"quant",4,15,41,0.99,0.39170018281853
"quant",4,15,41,0.995,0.237760890080566
"quant",4,15,42,0.9,1.73549674891626
"quant",4,15,42,0.91,1.62563560825816
"quant",4,15,42,0.92,1.51044375676831
"quant",4,15,42,0.93,1.3882754797251
"quant",4,15,42,0.94,1.25625254915212
"quant",4,15,42,0.95,1.11604845414164
"quant",4,15,42,0.96,0.970999384124622
"quant",4,15,42,0.97,0.817525138466991
"quant",4,15,42,0.98,0.635003529449231
"quant",4,15,42,0.99,0.416771407126292
"quant",4,15,42,0.995,0.275076302439968
"quant",4,15,43,0.9,2.14453907208959
"quant",4,15,43,0.91,2.02726369877402
"quant",4,15,43,0.92,1.89982886251304
"quant",4,15,43,0.93,1.76105910799854
"quant",4,15,43,0.94,1.60668039482697
"quant",4,15,43,0.95,1.4343542246452
"quant",4,15,43,0.96,1.2416009197007
"quant",4,15,43,0.97,1.02401598670098
"quant",4,15,43,0.98,0.756742993030246
"quant",4,15,43,0.99,0.476084425303314
"quant",4,15,43,0.995,0.290914701536932
"quant",4,15,44,0.9,1.83255438329407
"quant",4,15,44,0.91,1.72797734248322
"quant",4,15,44,0.92,1.61951522469927
"quant",4,15,44,0.93,1.5027377380298
"quant",4,15,44,0.94,1.36694841072448
"quant",4,15,44,0.95,1.21358438339833
"quant",4,15,44,0.96,1.04392465282452
"quant",4,15,44,0.97,0.854239930024402
"quant",4,15,44,0.98,0.6421798521514
"quant",4,15,44,0.99,0.392660091536041
"quant",4,15,44,0.995,0.230810681660749
"quant",4,15,45,0.9,2.20530690105918
"quant",4,15,45,0.91,2.09052665804222
"quant",4,15,45,0.92,1.96818882962704
"quant",4,15,45,0.93,1.83135923321084
"quant",4,15,45,0.94,1.68194193170245
"quant",4,15,45,0.95,1.51944734967264
"quant",4,15,45,0.96,1.33738828065273
"quant",4,15,45,0.97,1.13140195075579
"quant",4,15,45,0.98,0.88902445232019
"quant",4,15,45,0.99,0.59223946901529
"quant",4,15,45,0.995,0.416667752588983
"quant",4,15,46,0.9,2.08348059352238
"quant",4,15,46,0.91,1.96883295288081
"quant",4,15,46,0.92,1.84751289741839
"quant",4,15,46,0.93,1.71794834582709
"quant",4,15,46,0.94,1.57796410975272
"quant",4,15,46,0.95,1.42688334301699
"quant",4,15,46,0.96,1.25969962843138
"quant",4,15,46,0.97,1.07651109418762
"quant",4,15,46,0.98,0.858834013885979
"quant",4,15,46,0.99,0.585116492337025
"quant",4,15,46,0.995,0.416090273347566
"quant",4,15,47,0.9,2.2337231034733
"quant",4,15,47,0.91,2.1178568989043
"quant",4,15,47,0.92,1.98733056033532
"quant",4,15,47,0.93,1.837181118012
"quant",4,15,47,0.94,1.6609214296244
"quant",4,15,47,0.95,1.47351002093852
"quant",4,15,47,0.96,1.26824457896853
"quant",4,15,47,0.97,1.0350152396224
"quant",4,15,47,0.98,0.768346359233245
"quant",4,15,47,0.99,0.472862556377413
"quant",4,15,47,0.995,0.296128239445583
"quant",4,15,48,0.9,1.8286689844239
"quant",4,15,48,0.91,1.7183844346007
"quant",4,15,48,0.92,1.59958976594786
"quant",4,15,48,0.93,1.46982611914377
"quant",4,15,48,0.94,1.32609005605056
"quant",4,15,48,0.95,1.1634511528835
"quant",4,15,48,0.96,0.982164960478457
"quant",4,15,48,0.97,0.783873414784495
"quant",4,15,48,0.98,0.57012729515929
"quant",4,15,48,0.99,0.328306486466818
"quant",4,15,48,0.995,0.179703808443325
"quant",4,15,49,0.9,1.91098110442814
"quant",4,15,49,0.91,1.80842810298346
"quant",4,15,49,0.92,1.69684558688602
"quant",4,15,49,0.93,1.57510608184979
"quant",4,15,49,0.94,1.44411659023397
"quant",4,15,49,0.95,1.29877973423215
"quant",4,15,49,0.96,1.13571522958704
"quant",4,15,49,0.97,0.945903885826717
"quant",4,15,49,0.98,0.724491390969349
"quant",4,15,49,0.99,0.458490659034754
"quant",4,15,49,0.995,0.303739995790023
"quant",4,15,50,0.9,1.63583523117765
"quant",4,15,50,0.91,1.52871801597679
"quant",4,15,50,0.92,1.414523338963
"quant",4,15,50,0.93,1.29403489051553
"quant",4,15,50,0.94,1.17005299896673
"quant",4,15,50,0.95,1.03424946481055
"quant",4,15,50,0.96,0.885631155705421
"quant",4,15,50,0.97,0.724545623041715
"quant",4,15,50,0.98,0.535541223962202
"quant",4,15,50,0.99,0.31308577074389
"quant",4,15,50,0.995,0.177731792278006
"quant",5,15,1,0.9,1.94504862825876
"quant",5,15,1,0.91,1.81717000951906
"quant",5,15,1,0.92,1.68084300459864
"quant",5,15,1,0.93,1.53450579569086
"quant",5,15,1,0.94,1.37644082678816
"quant",5,15,1,0.95,1.20636333466788
"quant",5,15,1,0.96,1.01740282512798
"quant",5,15,1,0.97,0.830593486956122
"quant",5,15,1,0.98,0.613491776541217
"quant",5,15,1,0.99,0.367922331308762
"quant",5,15,1,0.995,0.216014417126789
"quant",5,15,2,0.9,1.63199305077679
"quant",5,15,2,0.91,1.52151291715345
"quant",5,15,2,0.92,1.40267795885367
"quant",5,15,2,0.93,1.27669706924579
"quant",5,15,2,0.94,1.14329684148185
"quant",5,15,2,0.95,0.99720954085907
"quant",5,15,2,0.96,0.839210841929581
"quant",5,15,2,0.97,0.670857979983936
"quant",5,15,2,0.98,0.486898412011324
"quant",5,15,2,0.99,0.282210387744694
"quant",5,15,2,0.995,0.154962355604686
"quant",5,15,3,0.9,2.07583291711788
"quant",5,15,3,0.91,1.96905129450885
"quant",5,15,3,0.92,1.85806793216709
"quant",5,15,3,0.93,1.73465083468602
"quant",5,15,3,0.94,1.6014814220159
"quant",5,15,3,0.95,1.45519344757393
"quant",5,15,3,0.96,1.2897639160426
"quant",5,15,3,0.97,1.1036064593961
"quant",5,15,3,0.98,0.885368469642038
"quant",5,15,3,0.99,0.606407422562485
"quant",5,15,3,0.995,0.429172576293058
"quant",5,15,4,0.9,1.50382642740849
"quant",5,15,4,0.91,1.41085763486555
"quant",5,15,4,0.92,1.31202366203333
"quant",5,15,4,0.93,1.20740862966855
"quant",5,15,4,0.94,1.09702880772064
"quant",5,15,4,0.95,0.980167856410457
"quant",5,15,4,0.96,0.856965548704618
"quant",5,15,4,0.97,0.735856267312996
"quant",5,15,4,0.98,0.606349997278563
"quant",5,15,4,0.99,0.411262841747047
"quant",5,15,4,0.995,0.241507890207928
"quant",5,15,5,0.9,1.74063267348155
"quant",5,15,5,0.91,1.63638603445852
"quant",5,15,5,0.92,1.52676637761137
"quant",5,15,5,0.93,1.40783619622824
"quant",5,15,5,0.94,1.2798905537046
"quant",5,15,5,0.95,1.14203457139391
"quant",5,15,5,0.96,0.987599328997813
"quant",5,15,5,0.97,0.818209267060325
"quant",5,15,5,0.98,0.640251352644179
"quant",5,15,5,0.99,0.406159012381591
"quant",5,15,5,0.995,0.251271282206968
"quant",5,15,6,0.9,1.64416279183553
"quant",5,15,6,0.91,1.54725777365744
"quant",5,15,6,0.92,1.44032267897339
"quant",5,15,6,0.93,1.32581510645803
"quant",5,15,6,0.94,1.20636502783405
"quant",5,15,6,0.95,1.08027301650956
"quant",5,15,6,0.96,0.956842857788152
"quant",5,15,6,0.97,0.827782638671459
"quant",5,15,6,0.98,0.66120317548505
"quant",5,15,6,0.99,0.42574782588664
"quant",5,15,6,0.995,0.241227010099634
"quant",5,15,7,0.9,2.03702375751432
"quant",5,15,7,0.91,1.93881111368358
"quant",5,15,7,0.92,1.8328769994882
"quant",5,15,7,0.93,1.70978004328083
"quant",5,15,7,0.94,1.56915166569358
"quant",5,15,7,0.95,1.41093001241944
"quant",5,15,7,0.96,1.23228210858839
"quant",5,15,7,0.97,1.025183527356
"quant",5,15,7,0.98,0.78416279153631
"quant",5,15,7,0.99,0.503043693143557
"quant",5,15,7,0.995,0.324618761097436
"quant",5,15,8,0.9,2.12965738582728
"quant",5,15,8,0.91,2.03001811496115
"quant",5,15,8,0.92,1.92233389276149
"quant",5,15,8,0.93,1.80750828636826
"quant",5,15,8,0.94,1.68724793038452
"quant",5,15,8,0.95,1.54602983359754
"quant",5,15,8,0.96,1.3669194267963
"quant",5,15,8,0.97,1.15011672704528
"quant",5,15,8,0.98,0.879696084583679
"quant",5,15,8,0.99,0.539574207616008
"quant",5,15,8,0.995,0.322637648075664
"quant",5,15,9,0.9,1.94706075107444
"quant",5,15,9,0.91,1.83356216551842
"quant",5,15,9,0.92,1.70986568277574
"quant",5,15,9,0.93,1.57436601536733
"quant",5,15,9,0.94,1.42425797421071
"quant",5,15,9,0.95,1.26218530175798
"quant",5,15,9,0.96,1.09467117926282
"quant",5,15,9,0.97,0.910349864815622
"quant",5,15,9,0.98,0.700015160914615
"quant",5,15,9,0.99,0.423855460944077
"quant",5,15,9,0.995,0.249357874319469
"quant",5,15,10,0.9,1.93544345803036
"quant",5,15,10,0.91,1.82311434538365
"quant",5,15,10,0.92,1.70312221633391
"quant",5,15,10,0.93,1.5743672717319
"quant",5,15,10,0.94,1.43662497384654
"quant",5,15,10,0.95,1.28523855189501
"quant",5,15,10,0.96,1.12232776900239
"quant",5,15,10,0.97,0.938090201655394
"quant",5,15,10,0.98,0.712019691024335
"quant",5,15,10,0.99,0.439261474253842
"quant",5,15,10,0.995,0.265207376492456
"quant",5,15,11,0.9,1.86135755651781
"quant",5,15,11,0.91,1.76231719660802
"quant",5,15,11,0.92,1.65451965692184
"quant",5,15,11,0.93,1.53816053954685
"quant",5,15,11,0.94,1.41325300492438
"quant",5,15,11,0.95,1.27351018085437
"quant",5,15,11,0.96,1.112492298279
"quant",5,15,11,0.97,0.93198896342138
"quant",5,15,11,0.98,0.729117297832973
"quant",5,15,11,0.99,0.479674585918693
"quant",5,15,11,0.995,0.314752645380045
"quant",5,15,12,0.9,1.66938501835649
"quant",5,15,12,0.91,1.56939862501959
"quant",5,15,12,0.92,1.46274551689364
"quant",5,15,12,0.93,1.34941221053541
"quant",5,15,12,0.94,1.22963389568355
"quant",5,15,12,0.95,1.10249901441095
"quant",5,15,12,0.96,0.961805974046715
"quant",5,15,12,0.97,0.801018241839824
"quant",5,15,12,0.98,0.629588921316185
"quant",5,15,12,0.99,0.435401383832736
"quant",5,15,12,0.995,0.296545901885153
"quant",5,15,13,0.9,1.84169001085777
"quant",5,15,13,0.91,1.72480765746583
"quant",5,15,13,0.92,1.59790343880121
"quant",5,15,13,0.93,1.4610827870697
"quant",5,15,13,0.94,1.31541778791481
"quant",5,15,13,0.95,1.15883330961896
"quant",5,15,13,0.96,0.985990081608043
"quant",5,15,13,0.97,0.798461676664323
"quant",5,15,13,0.98,0.591335194251514
"quant",5,15,13,0.99,0.34763171742569
"quant",5,15,13,0.995,0.195402873501562
"quant",5,15,14,0.9,1.88271342892529
"quant",5,15,14,0.91,1.77432212023545
"quant",5,15,14,0.92,1.65551984330322
"quant",5,15,14,0.93,1.52538958502749
"quant",5,15,14,0.94,1.38370933935954
"quant",5,15,14,0.95,1.23514148946167
"quant",5,15,14,0.96,1.08153265608055
"quant",5,15,14,0.97,0.913641377433673
"quant",5,15,14,0.98,0.720694212041682
"quant",5,15,14,0.99,0.485577286518681
"quant",5,15,14,0.995,0.328468874118899
"quant",5,15,15,0.9,1.6076827743103
"quant",5,15,15,0.91,1.50072257922495
"quant",5,15,15,0.92,1.38769172260863
"quant",5,15,15,0.93,1.26856611062518
"quant",5,15,15,0.94,1.14197210418297
"quant",5,15,15,0.95,1.00529100306136
"quant",5,15,15,0.96,0.860834929152801
"quant",5,15,15,0.97,0.703244388862918
"quant",5,15,15,0.98,0.528266635729832
"quant",5,15,15,0.99,0.32073441593603
"quant",5,15,15,0.995,0.189474574565641
"quant",5,15,16,0.9,2.13031408334728
"quant",5,15,16,0.91,2.01717992205129
"quant",5,15,16,0.92,1.89641134281728
"quant",5,15,16,0.93,1.76543668381732
"quant",5,15,16,0.94,1.61878101239795
"quant",5,15,16,0.95,1.45468675610502
"quant",5,15,16,0.96,1.26944799666766
"quant",5,15,16,0.97,1.06234451262789
"quant",5,15,16,0.98,0.821686599754279
"quant",5,15,16,0.99,0.569554479137095
"quant",5,15,16,0.995,0.367939118947837
"quant",5,15,17,0.9,1.72920441046142
"quant",5,15,17,0.91,1.62473530346872
"quant",5,15,17,0.92,1.51128447222753
"quant",5,15,17,0.93,1.38534080027882
"quant",5,15,17,0.94,1.24649652987853
"quant",5,15,17,0.95,1.09261115534493
"quant",5,15,17,0.96,0.926588372420437
"quant",5,15,17,0.97,0.744538527892051
"quant",5,15,17,0.98,0.537789695081069
"quant",5,15,17,0.99,0.303140845127075
"quant",5,15,17,0.995,0.169214042600896
"quant",5,15,18,0.9,2.30841030435053
"quant",5,15,18,0.91,2.18647916857143
"quant",5,15,18,0.92,2.05462113614425
"quant",5,15,18,0.93,1.91167468871323
"quant",5,15,18,0.94,1.75770050335832
"quant",5,15,18,0.95,1.58848760573696
"quant",5,15,18,0.96,1.40368028391183
"quant",5,15,18,0.97,1.20265330179793
"quant",5,15,18,0.98,0.975855085911321
"quant",5,15,18,0.99,0.706371997764673
"quant",5,15,18,0.995,0.536338763022995
"quant",5,15,19,0.9,2.58010667767089
"quant",5,15,19,0.91,2.46145051627244
"quant",5,15,19,0.92,2.33109673683032
"quant",5,15,19,0.93,2.18868712845145
"quant",5,15,19,0.94,2.03065060000324
"quant",5,15,19,0.95,1.85438484986485
"quant",5,15,19,0.96,1.65333816113956
"quant",5,15,19,0.97,1.41201733169198
"quant",5,15,19,0.98,1.10904819726096
"quant",5,15,19,0.99,0.787696255825225
"quant",5,15,19,0.995,0.565300933217495
"quant",5,15,20,0.9,1.86576463454388
"quant",5,15,20,0.91,1.74765880669837
"quant",5,15,20,0.92,1.61925494809743
"quant",5,15,20,0.93,1.48082951723958
"quant",5,15,20,0.94,1.33119970579791
"quant",5,15,20,0.95,1.16954754598712
"quant",5,15,20,0.96,0.991984184169326
"quant",5,15,20,0.97,0.796700386448232
"quant",5,15,20,0.98,0.575221844528256
"quant",5,15,20,0.99,0.313347948187179
"quant",5,15,20,0.995,0.16957989586819
"quant",5,15,21,0.9,1.79330457867711
"quant",5,15,21,0.91,1.69279242739842
"quant",5,15,21,0.92,1.58745628547786
"quant",5,15,21,0.93,1.47590696157948
"quant",5,15,21,0.94,1.35528202499617
"quant",5,15,21,0.95,1.22334556099533
"quant",5,15,21,0.96,1.0789709468541
"quant",5,15,21,0.97,0.921490586525408
"quant",5,15,21,0.98,0.709564741703178
"quant",5,15,21,0.99,0.42704631652288
"quant",5,15,21,0.995,0.250510438725169
"quant",5,15,22,0.9,2.32998673343446
"quant",5,15,22,0.91,2.21909813236079
"quant",5,15,22,0.92,2.09884037149215
"quant",5,15,22,0.93,1.96692867143585
"quant",5,15,22,0.94,1.82155807732524
"quant",5,15,22,0.95,1.658977317808
"quant",5,15,22,0.96,1.47836230882455
"quant",5,15,22,0.97,1.27834343986438
"quant",5,15,22,0.98,1.0451275246101
"quant",5,15,22,0.99,0.739706932106139
"quant",5,15,22,0.995,0.55153671021487
"quant",5,15,23,0.9,2.03014651822739
"quant",5,15,23,0.91,1.9153337631529
"quant",5,15,23,0.92,1.7955021666417
"quant",5,15,23,0.93,1.66531393845881
"quant",5,15,23,0.94,1.51955455863912
"quant",5,15,23,0.95,1.35758882991315
"quant",5,15,23,0.96,1.18664989914962
"quant",5,15,23,0.97,1.00557295065204
"quant",5,15,23,0.98,0.794135223109682
"quant",5,15,23,0.99,0.52227590049985
"quant",5,15,23,0.995,0.348896083610206
"quant",5,15,24,0.9,2.17616133098757
"quant",5,15,24,0.91,2.06462094352314
"quant",5,15,24,0.92,1.94376470898342
"quant",5,15,24,0.93,1.80777034595831
"quant",5,15,24,0.94,1.65425316028734
"quant",5,15,24,0.95,1.48186271949744
"quant",5,15,24,0.96,1.28620429665631
"quant",5,15,24,0.97,1.06853302077995
"quant",5,15,24,0.98,0.814142058639095
"quant",5,15,24,0.99,0.517096599779545
"quant",5,15,24,0.995,0.325132860214769
"quant",5,15,25,0.9,2.06691446599533
"quant",5,15,25,0.91,1.94722442679063
"quant",5,15,25,0.92,1.81892573215405
"quant",5,15,25,0.93,1.68082364870027
"quant",5,15,25,0.94,1.52989571728078
"quant",5,15,25,0.95,1.36270592192968
"quant",5,15,25,0.96,1.18029544651317
"quant",5,15,25,0.97,0.97491082616873
"quant",5,15,25,0.98,0.738924312622252
"quant",5,15,25,0.99,0.450074387956318
"quant",5,15,25,0.995,0.287583953708716
"quant",5,15,26,0.9,2.06632648752221
"quant",5,15,26,0.91,1.94654153927814
"quant",5,15,26,0.92,1.81761491159616
"quant",5,15,26,0.93,1.67847948221743
"quant",5,15,26,0.94,1.52484154792813
"quant",5,15,26,0.95,1.35568077488432
"quant",5,15,26,0.96,1.16157160736875
"quant",5,15,26,0.97,0.938633580352639
"quant",5,15,26,0.98,0.700473345841765
"quant",5,15,26,0.99,0.443885795009315
"quant",5,15,26,0.995,0.285815966657145
"quant",5,15,27,0.9,1.96842857975976
"quant",5,15,27,0.91,1.85209773801485
"quant",5,15,27,0.92,1.72564994307847
"quant",5,15,27,0.93,1.58770314103973
"quant",5,15,27,0.94,1.43903624252592
"quant",5,15,27,0.95,1.27634838085334
"quant",5,15,27,0.96,1.10605912861096
"quant",5,15,27,0.97,0.919062988131048
"quant",5,15,27,0.98,0.70905462270442
"quant",5,15,27,0.99,0.461324951896396
"quant",5,15,27,0.995,0.310810145765424
"quant",5,15,28,0.9,1.78157065599021
"quant",5,15,28,0.91,1.67230252573046
"quant",5,15,28,0.92,1.55553817070746
"quant",5,15,28,0.93,1.4329113401959
"quant",5,15,28,0.94,1.30389629517295
"quant",5,15,28,0.95,1.16574037106901
"quant",5,15,28,0.96,1.01734255490556
"quant",5,15,28,0.97,0.847475424370059
"quant",5,15,28,0.98,0.650931591275109
"quant",5,15,28,0.99,0.411930041774924
"quant",5,15,28,0.995,0.263836841372841
"quant",5,15,29,0.9,1.72058527169533
"quant",5,15,29,0.91,1.60363847862306
"quant",5,15,29,0.92,1.47903135261855
"quant",5,15,29,0.93,1.34385669663375
"quant",5,15,29,0.94,1.19747518138948
"quant",5,15,29,0.95,1.03973316297952
"quant",5,15,29,0.96,0.875849722388999
"quant",5,15,29,0.97,0.706742333739125
"quant",5,15,29,0.98,0.522330413727214
"quant",5,15,29,0.99,0.30577682931818
"quant",5,15,29,0.995,0.173751710535655
"quant",5,15,30,0.9,1.77082983816792
"quant",5,15,30,0.91,1.65970444923576
"quant",5,15,30,0.92,1.5403279699299
"quant",5,15,30,0.93,1.4130176320466
"quant",5,15,30,0.94,1.27546931242252
"quant",5,15,30,0.95,1.12715472953366
"quant",5,15,30,0.96,0.967347000587251
"quant",5,15,30,0.97,0.798813292286796
"quant",5,15,30,0.98,0.617377110549067
"quant",5,15,30,0.99,0.42985794652767
"quant",5,15,30,0.995,0.26373905797949
"quant",5,15,31,0.9,1.88254001161626
"quant",5,15,31,0.91,1.76234648579508
"quant",5,15,31,0.92,1.63537337368668
"quant",5,15,31,0.93,1.50082759116073
"quant",5,15,31,0.94,1.35422335796568
"quant",5,15,31,0.95,1.19519774044755
"quant",5,15,31,0.96,1.02714944822187
"quant",5,15,31,0.97,0.855062580550275
"quant",5,15,31,0.98,0.641447731381035
"quant",5,15,31,0.99,0.376587408629321
"quant",5,15,31,0.995,0.216150408215106
"quant",5,15,32,0.9,1.95321622350577
"quant",5,15,32,0.91,1.82842482550637
"quant",5,15,32,0.92,1.69340096794823
"quant",5,15,32,0.93,1.5482782801643
"quant",5,15,32,0.94,1.39497803596494
"quant",5,15,32,0.95,1.24000291940825
"quant",5,15,32,0.96,1.06751545652836
"quant",5,15,32,0.97,0.867771487654011
"quant",5,15,32,0.98,0.649045058598122
"quant",5,15,32,0.99,0.40189685653128
"quant",5,15,32,0.995,0.230825931471931
"quant",5,15,33,0.9,1.84315735756203
"quant",5,15,33,0.91,1.72026109724543
"quant",5,15,33,0.92,1.5872861410026
"quant",5,15,33,0.93,1.4447659740987
"quant",5,15,33,0.94,1.29639572542104
"quant",5,15,33,0.95,1.15479834043125
"quant",5,15,33,0.96,0.997333021841241
"quant",5,15,33,0.97,0.813454985016093
"quant",5,15,33,0.98,0.612903723303858
"quant",5,15,33,0.99,0.360431651580401
"quant",5,15,33,0.995,0.202697609882396
"quant",5,15,34,0.9,2.26171619600273
"quant",5,15,34,0.91,2.13500687264535
"quant",5,15,34,0.92,1.99647128241336
"quant",5,15,34,0.93,1.84471786768932
"quant",5,15,34,0.94,1.67090806443049
"quant",5,15,34,0.95,1.47372044002177
"quant",5,15,34,0.96,1.2634143955421
"quant",5,15,34,0.97,1.03544080150758
"quant",5,15,34,0.98,0.773329328186253
"quant",5,15,34,0.99,0.452397362975483
"quant",5,15,34,0.995,0.258410045598706
"quant",5,15,35,0.9,2.24521583549267
"quant",5,15,35,0.91,2.11086849645944
"quant",5,15,35,0.92,1.96966205466904
"quant",5,15,35,0.93,1.81997780207597
"quant",5,15,35,0.94,1.66189729896944
"quant",5,15,35,0.95,1.49144714633218
"quant",5,15,35,0.96,1.2970037539376
"quant",5,15,35,0.97,1.07546325002304
"quant",5,15,35,0.98,0.817280835230403
"quant",5,15,35,0.99,0.513820082272491
"quant",5,15,35,0.995,0.339710677211253
"quant",5,15,36,0.9,1.66651241081838
"quant",5,15,36,0.91,1.56563139923388
"quant",5,15,36,0.92,1.45699225594491
"quant",5,15,36,0.93,1.34126036805641
"quant",5,15,36,0.94,1.21806916487612
"quant",5,15,36,0.95,1.08619195524806
"quant",5,15,36,0.96,0.93965337266719
"quant",5,15,36,0.97,0.767485791678274
"quant",5,15,36,0.98,0.571810445629459
"quant",5,15,36,0.99,0.33741826700598
"quant",5,15,36,0.995,0.187917891524588
"quant",5,15,37,0.9,1.97294988699861
"quant",5,15,37,0.91,1.86004574171469
"quant",5,15,37,0.92,1.73745570949998
"quant",5,15,37,0.93,1.60377578513333
"quant",5,15,37,0.94,1.45982043657138
"quant",5,15,37,0.95,1.303347672242
"quant",5,15,37,0.96,1.12904068052465
"quant",5,15,37,0.97,0.930471217451007
"quant",5,15,37,0.98,0.68605181616472
"quant",5,15,37,0.99,0.425677072794154
"quant",5,15,37,0.995,0.248378206772249
"quant",5,15,38,0.9,2.09626951039199
"quant",5,15,38,0.91,1.99057621087789
"quant",5,15,38,0.92,1.87080236680078
"quant",5,15,38,0.93,1.73618647005149
"quant",5,15,38,0.94,1.5859743779861
"quant",5,15,38,0.95,1.41644164226865
"quant",5,15,38,0.96,1.22389319131453
"quant",5,15,38,0.97,1.00524022534745
"quant",5,15,38,0.98,0.751268796605202
"quant",5,15,38,0.99,0.443868760953751
"quant",5,15,38,0.995,0.264272483767257
"quant",5,15,39,0.9,1.96800827064189
"quant",5,15,39,0.91,1.8522376544542
"quant",5,15,39,0.92,1.72981533754302
"quant",5,15,39,0.93,1.60122670088827
"quant",5,15,39,0.94,1.46679532388918
"quant",5,15,39,0.95,1.31717269571015
"quant",5,15,39,0.96,1.14859209167308
"quant",5,15,39,0.97,0.958207267117118
"quant",5,15,39,0.98,0.739182200646818
"quant",5,15,39,0.99,0.471040508702746
"quant",5,15,39,0.995,0.30946284477603
"quant",5,15,40,0.9,2.20186909385039
"quant",5,15,40,0.91,2.07667539570614
"quant",5,15,40,0.92,1.94233032052389
"quant",5,15,40,0.93,1.79735228101437
"quant",5,15,40,0.94,1.64108790057607
"quant",5,15,40,0.95,1.47269796320443
"quant",5,15,40,0.96,1.28815701449284
"quant",5,15,40,0.97,1.07621482674476
"quant",5,15,40,0.98,0.823052778178757
"quant",5,15,40,0.99,0.537046255160582
"quant",5,15,40,0.995,0.360928845269784
"quant",5,15,41,0.9,1.71730593604614
"quant",5,15,41,0.91,1.61232221524963
"quant",5,15,41,0.92,1.50116884281044
"quant",5,15,41,0.93,1.38354466342139
"quant",5,15,41,0.94,1.26037077382013
"quant",5,15,41,0.95,1.12730958998217
"quant",5,15,41,0.96,0.979361291641498
"quant",5,15,41,0.97,0.81565408821956
"quant",5,15,41,0.98,0.620607406240691
"quant",5,15,41,0.99,0.390071119344691
"quant",5,15,41,0.995,0.237848648431466
"quant",5,15,42,0.9,1.73299317250421
"quant",5,15,42,0.91,1.62328721901977
"quant",5,15,42,0.92,1.50870185072965
"quant",5,15,42,0.93,1.38766727164959
"quant",5,15,42,0.94,1.2581956638823
"quant",5,15,42,0.95,1.11845405980549
"quant",5,15,42,0.96,0.97143042207461
"quant",5,15,42,0.97,0.817628688549406
"quant",5,15,42,0.98,0.635645071136134
"quant",5,15,42,0.99,0.417235188198126
"quant",5,15,42,0.995,0.274937906544719
"quant",5,15,43,0.9,2.1259713564008
"quant",5,15,43,0.91,2.00916054240024
"quant",5,15,43,0.92,1.88270786550422
"quant",5,15,43,0.93,1.74504775005725
"quant",5,15,43,0.94,1.58899980765637
"quant",5,15,43,0.95,1.41829449822449
"quant",5,15,43,0.96,1.22347340101925
"quant",5,15,43,0.97,1.00655516095598
"quant",5,15,43,0.98,0.754333106317001
"quant",5,15,43,0.99,0.456192443893902
"quant",5,15,43,0.995,0.279978078995879
"quant",5,15,44,0.9,1.82920710748097
"quant",5,15,44,0.91,1.72233732520338
"quant",5,15,44,0.92,1.61297812177651
"quant",5,15,44,0.93,1.49920889168085
"quant",5,15,44,0.94,1.36788772345803
"quant",5,15,44,0.95,1.21506934120491
"quant",5,15,44,0.96,1.04611401477166
"quant",5,15,44,0.97,0.858111595460196
"quant",5,15,44,0.98,0.640872589075028
"quant",5,15,44,0.99,0.389400435294918
"quant",5,15,44,0.995,0.231874029744382
"quant",5,15,45,0.9,2.19947159717881
"quant",5,15,45,0.91,2.0852917999787
"quant",5,15,45,0.92,1.96286119196293
"quant",5,15,45,0.93,1.82662230108269
"quant",5,15,45,0.94,1.67767956464282
"quant",5,15,45,0.95,1.51629531503256
"quant",5,15,45,0.96,1.33551390619378
"quant",5,15,45,0.97,1.13001001477363
"quant",5,15,45,0.98,0.88754744308116
"quant",5,15,45,0.99,0.584011230265568
"quant",5,15,45,0.995,0.402778763917681
"quant",5,15,46,0.9,2.08057238235023
"quant",5,15,46,0.91,1.96612904108743
"quant",5,15,46,0.92,1.844891954892
"quant",5,15,46,0.93,1.71636060592086
"quant",5,15,46,0.94,1.57745484248909
"quant",5,15,46,0.95,1.42598735211536
"quant",5,15,46,0.96,1.25723657016305
"quant",5,15,46,0.97,1.07254082218163
"quant",5,15,46,0.98,0.859317693672081
"quant",5,15,46,0.99,0.58213588936786
"quant",5,15,46,0.995,0.408097896337634
"quant",5,15,47,0.9,2.23318407800126
"quant",5,15,47,0.91,2.12046489427087
"quant",5,15,47,0.92,1.99310958592589
"quant",5,15,47,0.93,1.8475247950942
"quant",5,15,47,0.94,1.67813340252917
"quant",5,15,47,0.95,1.48928092902134
"quant",5,15,47,0.96,1.28464283564983
"quant",5,15,47,0.97,1.05466305278477
"quant",5,15,47,0.98,0.789698844816242
"quant",5,15,47,0.99,0.483088205518078
"quant",5,15,47,0.995,0.299808314173299
"quant",5,15,48,0.9,1.80178413452273
"quant",5,15,48,0.91,1.69077051283943
"quant",5,15,48,0.92,1.57456294263229
"quant",5,15,48,0.93,1.45112614300101
"quant",5,15,48,0.94,1.31208122777356
"quant",5,15,48,0.95,1.15460857946675
"quant",5,15,48,0.96,0.978901762744066
"quant",5,15,48,0.97,0.785384623342251
"quant",5,15,48,0.98,0.573074842840666
"quant",5,15,48,0.99,0.333010541907388
"quant",5,15,48,0.995,0.183609571561665
"quant",5,15,49,0.9,1.89978420175127
"quant",5,15,49,0.91,1.79801331902617
"quant",5,15,49,0.92,1.68907473424839
"quant",5,15,49,0.93,1.57231617136302
"quant",5,15,49,0.94,1.44483020711326
"quant",5,15,49,0.95,1.3024850722574
"quant",5,15,49,0.96,1.1410291056356
"quant",5,15,49,0.97,0.953475960463971
"quant",5,15,49,0.98,0.733990922533102
"quant",5,15,49,0.99,0.472937732169888
"quant",5,15,49,0.995,0.311351163659819
"quant",5,15,50,0.9,1.61594115428304
"quant",5,15,50,0.91,1.51069636226774
"quant",5,15,50,0.92,1.3969484974866
"quant",5,15,50,0.93,1.27744882079518
"quant",5,15,50,0.94,1.15573213746685
"quant",5,15,50,0.95,1.02276422290329
"quant",5,15,50,0.96,0.874962679429548
"quant",5,15,50,0.97,0.716199153522076
"quant",5,15,50,0.98,0.529152657372705
"quant",5,15,50,0.99,0.312852933918535
"quant",5,15,50,0.995,0.182489864000931
