"score","method","mrts_k","quantile","mean","median","rel_mean","rel_median"
"brier",1,0,0.9,0.0339270678590909,0.0332069120977273,1,1
"brier",1,0,0.91,0.0308475933677273,0.0310782603886364,1,1
"brier",1,0,0.92,0.0275482045268182,0.0273260306204545,1,1
"brier",1,0,0.93,0.0248093842877273,0.0252237895386364,1,1
"brier",1,0,0.94,0.0217854602790909,0.0225346818181818,1,1
"brier",1,0,0.95,0.0189177251590909,0.0203091940045455,1,1
"brier",1,0,0.96,0.0160032579204545,0.0177091206977273,1,1
"brier",1,0,0.97,0.0131116629795455,0.0148033856636364,1,1
"brier",1,0,0.98,0.00896585674545454,0.00855705948636364,1,1
"brier",1,0,0.99,0.00442894693409091,0.00480128975,1,1
"brier",1,0,0.995,0.00271043664181818,0.00274833141136364,1,1
"brier",2,0,0.9,0.0338096788031818,0.0325639389136364,0.996539958702101,0.980637369045377
"brier",2,0,0.91,0.0308206116559091,0.03082824105,0.999125321982284,0.991955169449324
"brier",2,0,0.92,0.0274581276840909,0.0271103600568182,0.996730210034575,0.992107504868456
"brier",2,0,0.93,0.0246858827145455,0.0248179614204545,0.995021981531282,0.983910898179665
"brier",2,0,0.94,0.0217472646322727,0.0221578121613636,0.998246736753373,0.983276016060093
"brier",2,0,0.95,0.0187496810259091,0.0198446188022727,0.991117106746787,0.977124882347928
"brier",2,0,0.96,0.015844734985,0.0176523021681818,0.99009433352618,0.996791566870243
"brier",2,0,0.97,0.0129235360559091,0.0146835189113636,0.985651940266475,0.991902747452755
"brier",2,0,0.98,0.00878678022181818,0.00844015280909091,0.980026836394955,0.98633798474125
"brier",2,0,0.99,0.00432313200363636,0.00467370908181818,0.97610833183842,0.97342783401443
"brier",2,0,0.995,0.00264042847227273,0.00265986324318182,0.97417088875448,0.967810225573224
"brier",3,0,0.9,0.0325691465309091,0.0321865260295455,0.959975281865746,0.9692718773375
"brier",3,0,0.91,0.0298077821959091,0.0294732593568182,0.966291983967021,0.948356149548028
"brier",3,0,0.92,0.0266288815168182,0.0260538571340909,0.966628568874424,0.953444629260886
"brier",3,0,0.93,0.0239477743972727,0.0240026726772727,0.965270807188844,0.951588683393778
"brier",3,0,0.94,0.0209866592718182,0.0212460147045455,0.963333296747492,0.942814053287559
"brier",3,0,0.95,0.0180431854186364,0.0190942954590909,0.953771411039118,0.940179873943661
"brier",3,0,0.96,0.0151493931654545,0.0166790303727273,0.946644317098168,0.941832779696837
"brier",3,0,0.97,0.0123791901604545,0.0138942594090909,0.944135780470137,0.938586599362964
"brier",3,0,0.98,0.00846815419318182,0.008100905425,0.944489125088347,0.946692662112428
"brier",3,0,0.99,0.00422871319909091,0.00434791031590909,0.954789764253272,0.90557132401957
"brier",3,0,0.995,0.00256077432681818,0.00257994175454545,0.944782950211444,0.93873022150024
"brier",4,0,0.9,0.0316917677313636,0.0314754920454546,0.934114550157676,0.947859649003882
"brier",4,0,0.91,0.0289970368154545,0.028425487275,0.940009694428585,0.914642162062381
"brier",4,0,0.92,0.0259951206231818,0.0256950023363636,0.943623044393894,0.940312286597892
"brier",4,0,0.93,0.0231648484727273,0.0233235067431818,0.933713154831758,0.924663072828775
"brier",4,0,0.94,0.0198499741436364,0.0205687801590909,0.91115697760528,0.912761064258527
"brier",4,0,0.95,0.0168446705690909,0.0179741922772727,0.890417342858806,0.885027356243181
"brier",4,0,0.96,0.0139000577445455,0.0140692284727273,0.8685767494117,0.794462283750365
"brier",4,0,0.97,0.011241138205,0.0120025324659091,0.857338861022929,0.810796444720926
"brier",4,0,0.98,0.00756315592409091,0.00678361399090909,0.843550832766231,0.792750594023487
"brier",4,0,0.99,0.00379599025909091,0.00377749267954545,0.857086417060465,0.786766239122614
"brier",4,0,0.995,0.00215018619272727,0.00221980802272727,0.793298821139354,0.807692992755147
"brier",5,0,0.9,0.0315389398177273,0.0313248032954545,0.9296099488679,0.943321775998511
"brier",5,0,0.91,0.0287755812627273,0.02856038865,0.932830672386659,0.918982861101292
"brier",5,0,0.92,0.0257111287245455,0.0250338808977273,0.933314136662361,0.916118452966546
"brier",5,0,0.93,0.0229853079159091,0.0224565563409091,0.926476354646152,0.890292725702909
"brier",5,0,0.94,0.0199783115822727,0.0198344657818182,0.917047945112611,0.880175098181994
"brier",5,0,0.95,0.0170965471154545,0.0179462817068182,0.903731657568712,0.883653073716346
"brier",5,0,0.96,0.0143076140754545,0.0153682390931818,0.894043834484932,0.867814916138333
"brier",5,0,0.97,0.011710017185,0.0129788089022727,0.893099311907875,0.8767459821137
"brier",5,0,0.98,0.00793402458318182,0.00732310397272727,0.884915386050994,0.855796782106894
"brier",5,0,0.99,0.00391620295636364,0.00408796686136364,0.884228918215179,0.851430985052222
"brier",5,0,0.995,0.00238189268363636,0.0025080125,0.87878559745214,0.912558248845107
"brier",1,3,0.9,0.0339286088122727,0.0332016924681818,1,1
"brier",1,3,0.91,0.0308480702054545,0.0310727724159091,1,1
"brier",1,3,0.92,0.0275494758872727,0.0273280410772727,1,1
"brier",1,3,0.93,0.0248092138668182,0.0252235193068182,1,1
"brier",1,3,0.94,0.02178453051,0.0225374008931818,1,1
"brier",1,3,0.95,0.01891765249,0.0203125257681818,1,1
"brier",1,3,0.96,0.0160028888095455,0.0177111805727273,1,1
"brier",1,3,0.97,0.0131122745127273,0.0148011681840909,1,1
"brier",1,3,0.98,0.00896476710772727,0.00855578572954546,1,1
"brier",1,3,0.99,0.00442860901318182,0.00479939396363636,1,1
"brier",1,3,0.995,0.00271004266,0.00274879848181818,1,1
"brier",2,3,0.9,0.0338124749409091,0.0325704012681818,0.996577110720743,0.980986174105282
"brier",2,3,0.91,0.0308219578204545,0.0308315094818182,0.999153516416875,0.992235551728001
"brier",2,3,0.92,0.0274645018690909,0.0271126098,0.996915584945081,0.992116841574426
"brier",2,3,0.93,0.0246889458131818,0.0248211371863636,0.995152282765508,0.984047344244077
"brier",2,3,0.94,0.021750758305,0.0221506885,0.998449716188077,0.982841304770915
"brier",2,3,0.95,0.01875668956,0.01985121475,0.991491389849503,0.977289332530747
"brier",2,3,0.96,0.0158513125690909,0.0176638061522727,0.990528195111614,0.997325168683137
"brier",2,3,0.97,0.0129229805595455,0.0146738052704545,0.98556360660402,0.991395076925532
"brier",2,3,0.98,0.008788942205,0.00843277648863636,0.980387119864417,0.985622683316588
"brier",2,3,0.99,0.00431715592136364,0.00466419368863636,0.974833386400461,0.971829719330321
"brier",2,3,0.995,0.00264053650136364,0.00266849060227273,0.974352374720048,0.970784369943214
"brier",3,3,0.9,0.0325492385509091,0.0321617254318182,0.959344921302382,0.968677288443646
"brier",3,3,0.91,0.0297793229663636,0.0294722522704545,0.965354486294513,0.948491234575673
"brier",3,3,0.92,0.0266062937759091,0.0260160271727273,0.965764063344691,0.951990195680854
"brier",3,3,0.93,0.0239351995554545,0.0239841257613636,0.964770576123228,0.950863575761233
"brier",3,3,0.94,0.0209835996868182,0.0212271446545455,0.96323396444949,0.941863028268146
"brier",3,3,0.95,0.0180372467640909,0.0190751036704545,0.953461153471633,0.939080835547019
"brier",3,3,0.96,0.0151453433,0.0166685828727273,0.94641308080364,0.941133359477716
"brier",3,3,0.97,0.0123770454113636,0.0138867510022727,0.943928179611402,0.938219931667215
"brier",3,3,0.98,0.00847038712954546,0.00811809226590909,0.944853003737746,0.948842400046919
"brier",3,3,0.99,0.00423041787272727,0.00435192918863636,0.955247541640134,0.906766400426739
"brier",3,3,0.995,0.00256362655454545,0.00258286771363636,0.94597276728679,0.939635164498467
"brier",4,3,0.9,0.0318386831095455,0.030727752525,0.938402257684928,0.925487535144401
"brier",4,3,0.91,0.0291995510290909,0.0278491414454545,0.946560054960192,0.896255444242109
"brier",4,3,0.92,0.0261429246659091,0.0251918074613636,0.948944537924461,0.921829976401577
"brier",4,3,0.93,0.0231918220090909,0.0231006019454545,0.934806807405917,0.915835798504541
"brier",4,3,0.94,0.0198948853527273,0.0198812053022727,0.913257476152387,0.882142772207923
"brier",4,3,0.95,0.0167855167936364,0.0168555496113636,0.887293854378037,0.829810620487517
"brier",4,3,0.96,0.0139690410486364,0.0144000095863636,0.872907461576816,0.813046286058289
"brier",4,3,0.97,0.0113983338381818,0.0119682551477273,0.869287309926143,0.808602064301343
"brier",4,3,0.98,0.00766344926,0.0071313549,0.854840864007991,0.833512563945295
"brier",4,3,0.99,0.00373291484681818,0.00359814185,0.842909102092126,0.749707541673405
"brier",4,3,0.995,0.00219662023409091,0.00221885173636364,0.810548212584561,0.807207858648112
"brier",5,3,0.9,0.0316362109186364,0.0313179874068182,0.932434662843967,0.943264787987274
"brier",5,3,0.91,0.0288600661259091,0.0287456340363636,0.935554993673674,0.925106831524503
"brier",5,3,0.92,0.02573708574,0.0253288944659091,0.934213262180062,0.926846325877846
"brier",5,3,0.93,0.0231147225090909,0.0224793881204545,0.931699111192168,0.891207442031221
"brier",5,3,0.94,0.0200747446718182,0.0197737248340909,0.921513762373857,0.877373789808789
"brier",5,3,0.95,0.0171585786881818,0.0180020917,0.907014160306199,0.886255697861024
"brier",5,3,0.96,0.0143326917186364,0.0154576307295455,0.895631525608498,0.87276117286885
"brier",5,3,0.97,0.011628430795,0.0130219567545455,0.886835520695742,0.879792499658382
"brier",5,3,0.98,0.00787833085181818,0.00729685245909091,0.878810431676175,0.85285591408547
"brier",5,3,0.99,0.00389816579681818,0.0040828613,0.880223516055546,0.850703511929771
"brier",5,3,0.995,0.00237660828590909,0.00249308005909091,0.876963422379886,0.906970836742412
"brier",1,5,0.9,0.0339220055595455,0.0332430075272727,1,1
"brier",1,5,0.91,0.0308373836945455,0.0310959790227273,1,1
"brier",1,5,0.92,0.0275397976768182,0.0273207297386364,1,1
"brier",1,5,0.93,0.024805980935,0.0252386225772727,1,1
"brier",1,5,0.94,0.0217894069436364,0.0225191618977273,1,1
"brier",1,5,0.95,0.0189252632986364,0.0202988662545455,1,1
"brier",1,5,0.96,0.0160110986722727,0.0177174577,1,1
"brier",1,5,0.97,0.0131247050818182,0.0148383664068182,1,1
"brier",1,5,0.98,0.00897189360545455,0.00856352991363636,1,1
"brier",1,5,0.99,0.00442501122954545,0.00478606766818182,1,1
"brier",1,5,0.995,0.00271348891409091,0.00275621354772727,1,1
"brier",2,5,0.9,0.0338247957186364,0.0325796707931818,0.997134313278192,0.980045826673573
"brier",2,5,0.91,0.0308299855740909,0.0308562645590909,0.999760092473219,0.992291142740315
"brier",2,5,0.92,0.0274564933945455,0.0270955699227273,0.996975130926875,0.991758645612212
"brier",2,5,0.93,0.0246830267086364,0.0248042705681818,0.995043363667584,0.982790185646579
"brier",2,5,0.94,0.0217362750509091,0.0221760624340909,0.997561572333533,0.98476411044094
"brier",2,5,0.95,0.0187463965913636,0.0198486036590909,0.990548786325968,0.977818337743187
"brier",2,5,0.96,0.0158358677690909,0.0176598163318182,0.989055660278624,0.996746634355909
"brier",2,5,0.97,0.01292309397,0.0146901661113636,0.984638808219967,0.990012357735927
"brier",2,5,0.98,0.00878374895636364,0.00843404265227273,0.979029549684302,0.984879218888762
"brier",2,5,0.99,0.00432835366636364,0.00468720961818182,0.978156538330018,0.979344619246147
"brier",2,5,0.995,0.00263451349,0.00266417402727273,0.970895247192352,0.966606535066762
"brier",3,5,0.9,0.032539162775,0.0320920324181818,0.959234639528666,0.965376926015294
"brier",3,5,0.91,0.0297612666236364,0.0294287140045455,0.965103489920922,0.94638326013266
"brier",3,5,0.92,0.02659477596,0.0260428322886364,0.965685233860172,0.953226086483597
"brier",3,5,0.93,0.0239277455054545,0.0239735895045455,0.964595819377322,0.949877095358349
"brier",3,5,0.94,0.0209714255472727,0.021207335775,0.962459676003136,0.941746228004175
"brier",3,5,0.95,0.0180251329477273,0.0190896973795455,0.952437631291822,0.940431703926852
"brier",3,5,0.96,0.0151453878540909,0.0166631589795455,0.945930580036895,0.94049379215086
"brier",3,5,0.97,0.0123731776286364,0.0139010210795455,0.94273947883043,0.93682961442157
"brier",3,5,0.98,0.00846152800954545,0.008123645425,0.94311506373651,0.948632807607071
"brier",3,5,0.99,0.00422051189545455,0.00432520166590909,0.953785578503059,0.903706751716737
"brier",3,5,0.995,0.00256106842681818,0.00258083601363636,0.943828594072664,0.936370121162955
"brier",4,5,0.9,0.0312185024445455,0.0305075006090909,0.920302379814944,0.917711810041928
"brier",4,5,0.91,0.02863003654,0.0278779141931818,0.928419765554369,0.896511866463717
"brier",4,5,0.92,0.0255692591672727,0.0252081862022727,0.928447603984972,0.922676167270301
"brier",4,5,0.93,0.0226523509690909,0.0218731211272727,0.913181019869671,0.86665272878122
"brier",4,5,0.94,0.0193611074454545,0.0188425868272727,0.888555961873437,0.836735705922271
"brier",4,5,0.95,0.0163864284154545,0.0160925280795455,0.865849428717605,0.792779649747281
"brier",4,5,0.96,0.0137036352186364,0.0133732140409091,0.855883503008303,0.754804344243423
"brier",4,5,0.97,0.0111181218745455,0.0111760606568182,0.847114034581053,0.753186728943613
"brier",4,5,0.98,0.00751964485409091,0.00669049709545455,0.838133529528178,0.781277949972564
"brier",4,5,0.99,0.00374780617863636,0.00388105914318182,0.846959698907102,0.810907703830313
"brier",4,5,0.995,0.00215228736545455,0.00223803529090909,0.793180821295384,0.811996331980349
"brier",5,5,0.9,0.0315337220977273,0.0313100617954545,0.929594862614303,0.941854065693894
"brier",5,5,0.91,0.0287890225977273,0.0285807807113636,0.933575392870294,0.919114998452844
"brier",5,5,0.92,0.0257361023845455,0.0253044079659091,0.934505862626907,0.926198099684144
"brier",5,5,0.93,0.0230652280445455,0.0226574772,0.929825275000577,0.897730338913303
"brier",5,5,0.94,0.0200597288895455,0.0200934746159091,0.920618396885921,0.892283412107669
"brier",5,5,0.95,0.0171772668431818,0.0179975698409091,0.907636875224848,0.886629312948892
"brier",5,5,0.96,0.014336759615,0.0152157938295455,0.895426348213551,0.858802322950965
"brier",5,5,0.97,0.0116333180918182,0.0127565152477273,0.886367961740638,0.859698089263094
"brier",5,5,0.98,0.00785574510545455,0.00726438707272727,0.875594991527605,0.848293536192316
"brier",5,5,0.99,0.00390588394090909,0.00409703429545455,0.882683396333507,0.85603350798652
"brier",5,5,0.995,0.00238849303318182,0.00254495970909091,0.880229515874778,0.92335360269506
"brier",1,8,0.9,0.0339301409954545,0.0332543898659091,1,1
"brier",1,8,0.91,0.0308620196509091,0.0311105383931818,1,1
"brier",1,8,0.92,0.0275541138759091,0.0273295154545455,1,1
"brier",1,8,0.93,0.0248302616027273,0.0252400462,1,1
"brier",1,8,0.94,0.0218030402690909,0.0225367782181818,1,1
"brier",1,8,0.95,0.0189303412595455,0.0203411055681818,1,1
"brier",1,8,0.96,0.0160045693095455,0.0177234019613636,1,1
"brier",1,8,0.97,0.0131254237227273,0.0148123229954545,1,1
"brier",1,8,0.98,0.00896650134909091,0.00854690453636364,1,1
"brier",1,8,0.99,0.00442661398727273,0.004789065975,1,1
"brier",1,8,0.995,0.00271710742727273,0.00275592850227273,1,1
"brier",2,8,0.9,0.0338483026268182,0.0325998472772727,0.997588033346301,0.98031710726687
"brier",2,8,0.91,0.0308432489495455,0.0308341449795455,0.99939178635825,0.991115762442191
"brier",2,8,0.92,0.0274731871172727,0.0270901004477273,0.997062988162101,0.991239690757914
"brier",2,8,0.93,0.0246920946104545,0.0247966330659091,0.994435540209631,0.982432158381275
"brier",2,8,0.94,0.0217345847859091,0.0221644985886364,0.996860278092553,0.98348124004499
"brier",2,8,0.95,0.0187469446504545,0.0198374933977273,0.990312028368827,0.97524165199544
"brier",2,8,0.96,0.0158389125640909,0.0176405803795455,0.989649409349882,0.995326992978056
"brier",2,8,0.97,0.0129172456490909,0.0146788871227273,0.984139325477478,0.990991563391629
"brier",2,8,0.98,0.008785922005,0.00841509677727273,0.979860668385533,0.984578304515966
"brier",2,8,0.99,0.00432919933954545,0.00466955708409091,0.977993417088692,0.975045469923999
"brier",2,8,0.995,0.00263386324772727,0.00266115188409091,0.969362941372911,0.96560991400769
"brier",3,8,0.9,0.03257024591,0.0321433112318182,0.959920735795448,0.966588512416824
"brier",3,8,0.91,0.0298062837622727,0.0294553444340909,0.965791743360345,0.94679635761451
"brier",3,8,0.92,0.0266356638068182,0.026086819925,0.966667406789883,0.954529178111031
"brier",3,8,0.93,0.0239658380127273,0.0240330290545455,0.96518669018352,0.952178489060985
"brier",3,8,0.94,0.0210126183018182,0.0212444986318182,0.96374716748135,0.942659080466032
"brier",3,8,0.95,0.0180534573322727,0.0190966759954545,0.953678387766488,0.938821930373645
"brier",3,8,0.96,0.0151604424813636,0.0166843171704545,0.947257135643234,0.941372159071139
"brier",3,8,0.97,0.0123744154595455,0.0139084620545455,0.942782170004812,0.93897912291094
"brier",3,8,0.98,0.00845661104954545,0.00807809028636364,0.943133862395822,0.945148065243342
"brier",3,8,0.99,0.00422643561818182,0.00434100829090909,0.954778444728531,0.906441530262922
"brier",3,8,0.995,0.00255956594772727,0.00257615892954545,0.942018678406254,0.934769870633791
"brier",4,8,0.9,0.0312419517177273,0.0299914275272727,0.920772823252123,0.901878748887184
"brier",4,8,0.91,0.0285603293627273,0.0270925486522727,0.925419972049236,0.870847952223492
"brier",4,8,0.92,0.0255725140118182,0.0245191451863636,0.928083339097199,0.897167212025547
"brier",4,8,0.93,0.0227192474681818,0.0218098458863636,0.914982203235684,0.864096908283933
"brier",4,8,0.94,0.0193752439386364,0.0185687215295455,0.888648725109392,0.823929727212069
"brier",4,8,0.95,0.0164051871990909,0.0160527582431818,0.866608106751311,0.789178257267001
"brier",4,8,0.96,0.013642192765,0.0134456683227273,0.852393619668573,0.758639247252776
"brier",4,8,0.97,0.0110608809509091,0.0112179714727273,0.842706581103105,0.757340457413042
"brier",4,8,0.98,0.00744434034727273,0.00656000058863636,0.830239137590437,0.767529409124228
"brier",4,8,0.99,0.00364749644363636,0.00356282439545455,0.823992436233098,0.743949741777058
"brier",4,8,0.995,0.00214718724863636,0.00218800710681818,0.790247462093019,0.79392738418787
"brier",5,8,0.9,0.0315475471095455,0.0314135324136364,0.929779428672923,0.944643174639632
"brier",5,8,0.91,0.0287775579122727,0.0285201599795455,0.932458673728601,0.916736303920601
"brier",5,8,0.92,0.0256584103190909,0.0250988430363636,0.931200706894239,0.918378632731638
"brier",5,8,0.93,0.0229586937681818,0.0224529055659091,0.924625528941673,0.889574661947691
"brier",5,8,0.94,0.0199224778681818,0.0198109707318182,0.913747698591601,0.879050702812323
"brier",5,8,0.95,0.017090616335,0.0181903495772727,0.902816071864643,0.894265531256405
"brier",5,8,0.96,0.0142138203559091,0.0153209343045455,0.888110144109387,0.864446585251778
"brier",5,8,0.97,0.0115323292290909,0.0127689257386364,0.878625290330411,0.862047481853776
"brier",5,8,0.98,0.00782758012227273,0.00726069858181818,0.872980420960551,0.849512071993648
"brier",5,8,0.99,0.00389887830590909,0.0040659471,0.880781183342174,0.84900628248288
"brier",5,8,0.995,0.00238725078863636,0.002494703325,0.878600074724519,0.905213369266545
"brier",1,10,0.9,0.0339401686809091,0.0332617649227273,1,1
"brier",1,10,0.91,0.0308613843563636,0.0311475488204545,1,1
"brier",1,10,0.92,0.0275603053031818,0.0273459506590909,1,1
"brier",1,10,0.93,0.0248380565136364,0.0252571324,1,1
"brier",1,10,0.94,0.0218082694663636,0.0225688167090909,1,1
"brier",1,10,0.95,0.0189387771245455,0.0203424439954545,1,1
"brier",1,10,0.96,0.0160222075313636,0.0177145536636364,1,1
"brier",1,10,0.97,0.0131327144490909,0.0148224582568182,1,1
"brier",1,10,0.98,0.00896966741318182,0.00854935957954545,1,1
"brier",1,10,0.99,0.00442742097090909,0.004781817125,1,1
"brier",1,10,0.995,0.00271731922090909,0.00275216156590909,1,1
"brier",2,10,0.9,0.0338291975354545,0.032533117075,0.996730389100365,0.978093530231482
"brier",2,10,0.91,0.0308463402363636,0.0308326824409091,0.999512526080286,0.989891134568551
"brier",2,10,0.92,0.0274643881213636,0.0270482125818182,0.996519734423729,0.989112169440204
"brier",2,10,0.93,0.0246746002877273,0.0247879796545455,0.993419121748944,0.981424940170384
"brier",2,10,0.94,0.0217236396777273,0.0221867697545455,0.996119371655468,0.983071910261402
"brier",2,10,0.95,0.0187351341331818,0.0198194146795455,0.989247299863954,0.974288767071156
"brier",2,10,0.96,0.0158278342813636,0.017588334325,0.987868510027753,0.992874822531066
"brier",2,10,0.97,0.0129209159436364,0.0146837673727273,0.98387245026338,0.990643192803251
"brier",2,10,0.98,0.00878993293863636,0.00841172568863636,0.979961968904074,0.983901263056196
"brier",2,10,0.99,0.00433301258,0.00467400699545455,0.978676436794827,0.977454150435447
"brier",2,10,0.995,0.00263380840818182,0.002667337575,0.969267205676581,0.969179138332647
"brier",3,10,0.9,0.0325261638763636,0.0320861530590909,0.958338309457466,0.96465575815452
"brier",3,10,0.91,0.0297770472163636,0.0294479422795455,0.964864274153132,0.945433698468338
"brier",3,10,0.92,0.0266083522795455,0.0260379710090909,0.965459271471624,0.952169165142365
"brier",3,10,0.93,0.0239276774109091,0.0240059756227273,0.963347409962311,0.950463229259046
"brier",3,10,0.94,0.0209680420790909,0.0212542998886364,0.961472074225391,0.941755173193238
"brier",3,10,0.95,0.0179975985509091,0.0190330752409091,0.950304152826396,0.935633655678834
"brier",3,10,0.96,0.0151217817413636,0.0166586144590909,0.943801390149428,0.940391430425197
"brier",3,10,0.97,0.0123693427418182,0.0139575712272727,0.941872511564007,0.941650230038758
"brier",3,10,0.98,0.00844836689227273,0.00809627170227273,0.941881845012114,0.947003296205163
"brier",3,10,0.99,0.00421975390227273,0.00432361228863636,0.953095251162954,0.904177674640028
"brier",3,10,0.995,0.00256371127318182,0.00258858872272727,0.943470775702281,0.940565682913391
"brier",4,10,0.9,0.0309917082631818,0.030332716575,0.913127702886588,0.911939479022477
"brier",4,10,0.91,0.0284866131795455,0.0275504161545455,0.923050400157163,0.884513138204093
"brier",4,10,0.92,0.0254519561604545,0.0249377652727273,0.923500515704234,0.9119363076316
"brier",4,10,0.93,0.0227484040068182,0.022155076175,0.915868920514335,0.877180980965203
"brier",4,10,0.94,0.0194344509504545,0.0191760125363636,0.891150532619271,0.849668495408506
"brier",4,10,0.95,0.0163713243772727,0.0163179546477273,0.864434079856972,0.802162938306404
"brier",4,10,0.96,0.0136695592045455,0.013757443475,0.853163284633978,0.77661812632856
"brier",4,10,0.97,0.0110073619345455,0.0115247376931818,0.838163502086,0.7775186472784
"brier",4,10,0.98,0.00742893803318182,0.00686998510909091,0.828228928785504,0.803567219880131
"brier",4,10,0.99,0.00365295055454545,0.00361060495,0.825074141028741,0.755069643111874
"brier",4,10,0.995,0.00212951627318182,0.00214779436136364,0.783682777053106,0.780402716166185
"brier",5,10,0.9,0.03146313639,0.0312751360636364,0.927017678839575,0.940272897012345
"brier",5,10,0.91,0.02868546993,0.0282959883545455,0.929493946180837,0.908449923865711
"brier",5,10,0.92,0.0255722709877273,0.0253172785,0.927866027114546,0.925814531577951
"brier",5,10,0.93,0.0229061962740909,0.02232337165,0.922221763265381,0.883844266105205
"brier",5,10,0.94,0.0199235087831818,0.0197930566636364,0.91357587147899,0.877009057176824
"brier",5,10,0.95,0.0170419894504545,0.0179444403636364,0.899846349021522,0.882118213900257
"brier",5,10,0.96,0.014240677805,0.0153001366068182,0.888808722338899,0.863704324553523
"brier",5,10,0.97,0.0116369571981818,0.0128545306068182,0.88610448687456,0.867233382216153
"brier",5,10,0.98,0.00788033984272727,0.00736599069318182,0.878554296355106,0.861583914519764
"brier",5,10,0.99,0.00390161506045455,0.00409739320909091,0.881238781243208,0.856869491656042
"brier",5,10,0.995,0.00236949418590909,0.00254714780909091,0.871996991621899,0.925508095397567
"brier",1,12,0.9,0.0339179353695455,0.0332346395954545,1,1
"brier",1,12,0.91,0.0308310171209091,0.0311102678840909,1,1
"brier",1,12,0.92,0.0275291420718182,0.0273307297363636,1,1
"brier",1,12,0.93,0.024796912485,0.0252161585840909,1,1
"brier",1,12,0.94,0.0217840164386364,0.0225213710704545,1,1
"brier",1,12,0.95,0.0189140544490909,0.0203207195431818,1,1
"brier",1,12,0.96,0.0160083054281818,0.017731513375,1,1
"brier",1,12,0.97,0.0131094407568182,0.0147925245954545,1,1
"brier",1,12,0.98,0.00896636443636364,0.00854343357272727,1,1
"brier",1,12,0.99,0.00442909295909091,0.00479627110454546,1,1
"brier",1,12,0.995,0.00271717462363636,0.00276126661590909,1,1
"brier",2,12,0.9,0.0338414604822727,0.0325370478454545,0.997745296509368,0.979010100350376
"brier",2,12,0.91,0.0308494780845455,0.0307839642636364,1.00059877893629,0.989511385061991
"brier",2,12,0.92,0.0274856140459091,0.027130435075,0.998418838269804,0.992671448464944
"brier",2,12,0.93,0.0246892060881818,0.0248574060340909,0.995656459372378,0.985772910302589
"brier",2,12,0.94,0.0217324290468182,0.0222025899840909,0.99763186958826,0.985845396118807
"brier",2,12,0.95,0.0187444157568182,0.0198336754977273,0.991031077301309,0.976032145691516
"brier",2,12,0.96,0.0158295172018182,0.0176169879818182,0.988831533283411,0.993541138268362
"brier",2,12,0.97,0.0129162003604545,0.0146726179704545,0.985259447756142,0.991894106768168
"brier",2,12,0.98,0.00878797534636364,0.00843497298181818,0.980104635355158,0.987304800817399
"brier",2,12,0.99,0.00432423144,0.00465923000681818,0.976324380621618,0.97142757472625
"brier",2,12,0.995,0.00263121406181818,0.002667560825,0.968363990642919,0.966064200258967
"brier",3,12,0.9,0.0325484920627273,0.0321262997204545,0.959624803458769,0.966651063815009
"brier",3,12,0.91,0.0297905465831818,0.0294587197318182,0.966252474459506,0.946913084823763
"brier",3,12,0.92,0.0266066361104545,0.0260896203772727,0.966489839786616,0.954589234496743
"brier",3,12,0.93,0.023942836885,0.0240159718522727,0.965557179728862,0.952404061553793
"brier",3,12,0.94,0.0209762288209091,0.0212230659340909,0.962918334183104,0.942352304737483
"brier",3,12,0.95,0.0180215743868182,0.0190905226,0.952813921273467,0.939460955574549
"brier",3,12,0.96,0.0151418515368182,0.0166420597068182,0.945874727637425,0.938558337061186
"brier",3,12,0.97,0.0123768885231818,0.0139336839909091,0.944120252936391,0.941940904069251
"brier",3,12,0.98,0.00845964704136364,0.008100840625,0.943486861526063,0.948194956517233
"brier",3,12,0.99,0.00422363943454545,0.00433619722727273,0.953612731445667,0.904076757288237
"brier",3,12,0.995,0.00255173400409091,0.00258254082954545,0.939112996968871,0.935273984288984
"brier",4,12,0.9,0.0315406834636364,0.0314223443772727,0.929911656472947,0.945469689449267
"brier",4,12,0.91,0.0287641217118182,0.0281909369227273,0.932960518266873,0.906161818591845
"brier",4,12,0.92,0.0257010015481818,0.0253776235522727,0.933592535544075,0.928538088703417
"brier",4,12,0.93,0.0227415296145455,0.0219930487795455,0.917111339095225,0.87218077671121
"brier",4,12,0.94,0.0194728465427273,0.0190493212772727,0.893905244589791,0.845833107481775
"brier",4,12,0.95,0.0163712619031818,0.0164569822431818,0.865560683842099,0.809862180726942
"brier",4,12,0.96,0.0136148651831818,0.013585584075,0.850487594971391,0.766182997902174
"brier",4,12,0.97,0.0110104419881818,0.0116368520340909,0.839886475130934,0.786671129664147
"brier",4,12,0.98,0.00749566430090909,0.00682298002045455,0.835975868938582,0.798622703901528
"brier",4,12,0.99,0.00368900654681818,0.00374368931136364,0.832903391482523,0.7805416394865
"brier",4,12,0.995,0.00213965833909091,0.00235180747954545,0.78745705943162,0.851713292007179
"brier",5,12,0.9,0.0315405915459091,0.0315293390454545,0.929908946469337,0.948689061450414
"brier",5,12,0.91,0.0287771140595455,0.0287274842886364,0.933381923362797,0.92340845137264
"brier",5,12,0.92,0.0257129742645455,0.0250973985363636,0.93402744616833,0.918284977329802
"brier",5,12,0.93,0.0230982696527273,0.0225582422272727,0.931497809120379,0.894594716005035
"brier",5,12,0.94,0.020112435665,0.0199857890204545,0.923265721987263,0.887414401100722
"brier",5,12,0.95,0.01721817142,0.0182465522340909,0.910337414241058,0.897928451564755
"brier",5,12,0.96,0.0143756175145455,0.0157808613613636,0.89800994733883,0.889989536009564
"brier",5,12,0.97,0.0117430378877273,0.0130444809022727,0.895769553069589,0.881829252207635
"brier",5,12,0.98,0.007898258585,0.00743725704772727,0.880876373144965,0.870523190051926
"brier",5,12,0.99,0.00391878969727273,0.00410205638636364,0.884783799633114,0.855259491582136
"brier",5,12,0.995,0.00240141732772727,0.00257080281363636,0.883792048857531,0.931023030816595
"brier",1,15,0.9,0.0339224944095455,0.0332034712272727,1,1
"brier",1,15,0.91,0.0308345570913636,0.0310961888659091,1,1
"brier",1,15,0.92,0.0275399940227273,0.0273106402977273,1,1
"brier",1,15,0.93,0.0248044177045455,0.0251992784,1,1
"brier",1,15,0.94,0.0217831806877273,0.0225330855772727,1,1
"brier",1,15,0.95,0.0189153788827273,0.0203387993795455,1,1
"brier",1,15,0.96,0.0160055091222727,0.0176968796113636,1,1
"brier",1,15,0.97,0.0131098283881818,0.0147829697204545,1,1
"brier",1,15,0.98,0.00896222322136364,0.00853413461590909,1,1
"brier",1,15,0.99,0.00442393044590909,0.00479035031590909,1,1
"brier",1,15,0.995,0.00271116578590909,0.00275361652272727,1,1
"brier",2,15,0.9,0.0338248074427273,0.03255712435,0.997120289397389,0.980533755857977
"brier",2,15,0.91,0.0308384071177273,0.0308302248204545,1.00012486076425,0.991447053315716
"brier",2,15,0.92,0.0274593695790909,0.0271006716431818,0.997072459653774,0.992311836988936
"brier",2,15,0.93,0.0246798642472727,0.0248197513613636,0.994978577656757,0.984938971957373
"brier",2,15,0.94,0.0217276715259091,0.0221688349818182,0.997451742120954,0.983834855008853
"brier",2,15,0.95,0.0187608101881818,0.0198692236704545,0.991828411394572,0.97691231914293
"brier",2,15,0.96,0.01583987893,0.0176430379159091,0.989651676119303,0.996957559940682
"brier",2,15,0.97,0.0129251728631818,0.0146791521795455,0.985914725995463,0.992977220215405
"brier",2,15,0.98,0.00878504384181818,0.00842925067272727,0.980230421049645,0.987710066936805
"brier",2,15,0.99,0.00432499788272727,0.00465907514318182,0.977636953294936,0.972595913853879
"brier",2,15,0.995,0.00262979246454545,0.00266239060681818,0.969985855609951,0.96687050823666
"brier",3,15,0.9,0.0325726320445455,0.0321730387227273,0.960207455598543,0.968966121117509
"brier",3,15,0.91,0.0298250517745455,0.0294978128386364,0.967260586431419,0.948598973521638
"brier",3,15,0.92,0.0266553753822727,0.0260719565204545,0.967878764253742,0.95464464531885
"brier",3,15,0.93,0.0239750462395455,0.0240591938863636,0.966563558359686,0.954757255523779
"brier",3,15,0.94,0.0210020248286364,0.0212498244954545,0.964139495040271,0.943049917534929
"brier",3,15,0.95,0.01805533186,0.0191129728022727,0.954531863831042,0.939729649012344
"brier",3,15,0.96,0.0151593277245455,0.0166967170136364,0.947131866205383,0.943483675105918
"brier",3,15,0.97,0.0123774993831818,0.0139043058386364,0.944138932767405,0.940562424300821
"brier",3,15,0.98,0.008458527135,0.00807556098409091,0.943797864221575,0.946265948164994
"brier",3,15,0.99,0.00422424720545455,0.00433789504318182,0.954862934013984,0.905548604404852
"brier",3,15,0.995,0.00255968927954545,0.00257839417727273,0.944128644898473,0.93636646787658
"brier",4,15,0.9,0.0311785746931818,0.0306159652568182,0.919112088774005,0.922071221025553
"brier",4,15,0.91,0.0284166292209091,0.0274476262772727,0.921583830009617,0.882668496632515
"brier",4,15,0.92,0.0254705984481818,0.0247178143818182,0.92485853218277,0.905061694356362
"brier",4,15,0.93,0.0225810752686364,0.0217864798772727,0.910365062288817,0.864567609097597
"brier",4,15,0.94,0.0192559489713636,0.0186419709590909,0.883982428801709,0.827315499919529
"brier",4,15,0.95,0.0163073594690909,0.0161474919204545,0.862121746024453,0.793925522304622
"brier",4,15,0.96,0.0135855203768182,0.013590761925,0.848802763662983,0.767975045514409
"brier",4,15,0.97,0.0110549709440909,0.0112719444272727,0.84325824997501,0.762495265865033
"brier",4,15,0.98,0.00725343571318182,0.00640340174545454,0.809334417814041,0.750328186002305
"brier",4,15,0.99,0.00348455664590909,0.00342519683409091,0.787660811695478,0.715020115066656
"brier",4,15,0.995,0.00207084994227273,0.00214436121363636,0.763822689499729,0.778743588999284
"brier",5,15,0.9,0.0316010421268182,0.0313614497795455,0.931565991147336,0.944523226649439
"brier",5,15,0.91,0.0289195218013636,0.0289462955409091,0.937893212335572,0.93086312492278
"brier",5,15,0.92,0.0257972961759091,0.0252205679863636,0.936721197347391,0.923470402430017
"brier",5,15,0.93,0.023159744455,0.0225985117,0.93369434150256,0.896792016869816
"brier",5,15,0.94,0.0201614441068182,0.0199894829545455,0.925550974205398,0.887116985642978
"brier",5,15,0.95,0.0172656690381818,0.0184434832363636,0.91278473168455,0.90681278143252
"brier",5,15,0.96,0.0144263443645455,0.0156072485340909,0.901336174584427,0.881920930516422
"brier",5,15,0.97,0.0117103522218182,0.0129247967522727,0.893249848516306,0.874303133719421
"brier",5,15,0.98,0.00789841284590909,0.00727217607272727,0.881300616021403,0.852128118435194
"brier",5,15,0.99,0.00394387111227273,0.00416167881818182,0.891485786337286,0.868762938768922
"brier",5,15,0.995,0.00240371624863636,0.00255224999772727,0.886598769108605,0.926871979689982
"brier",1,20,0.9,0.0339214855663636,0.0332482148909091,1,1
"brier",1,20,0.91,0.0308305206695455,0.0311089366454545,1,1
"brier",1,20,0.92,0.0275266651090909,0.0273392305681818,1,1
"brier",1,20,0.93,0.0248084258054545,0.0252459932272727,1,1
"brier",1,20,0.94,0.0217760189354545,0.0225604489954545,1,1
"brier",1,20,0.95,0.0189114292922727,0.0203310087340909,1,1
"brier",1,20,0.96,0.0159951930022727,0.0177093539045455,1,1
"brier",1,20,0.97,0.0131143681031818,0.0148287733386364,1,1
"brier",1,20,0.98,0.00897386254181818,0.0085430412,1,1
"brier",1,20,0.99,0.00442175957272727,0.004783050075,1,1
"brier",1,20,0.995,0.00271466437909091,0.00276317908181818,1,1
"brier",2,20,0.9,0.0338188372436364,0.0325377455818182,0.996973943770049,0.978631354753269
"brier",2,20,0.91,0.0308337403081818,0.0307896018977273,1.00010443023882,0.989734951362475
"brier",2,20,0.92,0.0274564489072727,0.0271079873522727,0.997449156970526,0.991541707242551
"brier",2,20,0.93,0.0246794026645455,0.0248389878136364,0.994799220961423,0.983878415478751
"brier",2,20,0.94,0.0217211531081818,0.0222023553840909,0.99748044730144,0.984127372135378
"brier",2,20,0.95,0.0187449529463636,0.0198602054318182,0.991197051088195,0.976843091829316
"brier",2,20,0.96,0.0158313417759091,0.0176391840613636,0.989756220738296,0.996037696035664
"brier",2,20,0.97,0.0129220878422727,0.0147109742977273,0.985338198577601,0.992056049531611
"brier",2,20,0.98,0.00878021434681818,0.00843517374318182,0.978420864583383,0.987373646656628
"brier",2,20,0.99,0.00432568904045455,0.00466970769318182,0.978273234740017,0.976303325275518
"brier",2,20,0.995,0.00262813087772727,0.00265513805,0.968123683343642,0.960899735913211
"brier",3,20,0.9,0.0325561362209091,0.032241431575,0.959749718425999,0.969719176827614
"brier",3,20,0.91,0.0297987122031818,0.0295037826,0.966532888710412,0.948402156468788
"brier",3,20,0.92,0.0266189184318182,0.026099860425,0.96702300574097,0.954666970597767
"brier",3,20,0.93,0.0239570662318182,0.0240013808840909,0.965682644263177,0.950700599022688
"brier",3,20,0.94,0.0209909495436364,0.0212403016227273,0.963947983598601,0.941483993825067
"brier",3,20,0.95,0.0180460369227273,0.0190926838204545,0.954239716302191,0.939091811437769
"brier",3,20,0.96,0.0151528973236364,0.0166276816840909,0.947340699264042,0.9389208535622
"brier",3,20,0.97,0.0123730360722727,0.0139286379727273,0.943471768896801,0.939298056194319
"brier",3,20,0.98,0.00846991655818182,0.00810606260909091,0.943842912537608,0.948849761966606
"brier",3,20,0.99,0.00422667108681818,0.00432816296590909,0.955879897425367,0.90489601782166
"brier",3,20,0.995,0.00256433572727273,0.00258613172045455,0.944623485328037,0.935926208138801
"brier",4,20,0.9,0.0312236936495455,0.0305485371159091,0.92046952331907,0.918802324159118
"brier",4,20,0.91,0.0285394768631818,0.0277998393681818,0.925689097796303,0.893628724279901
"brier",4,20,0.92,0.0255633473981818,0.0253786576409091,0.928675787527175,0.928287194389644
"brier",4,20,0.93,0.0227867659340909,0.0224813513818182,0.918509143336328,0.890491856645673
"brier",4,20,0.94,0.0194523772972727,0.0196195056363636,0.893293551724526,0.869641629930173
"brier",4,20,0.95,0.0164040891345455,0.0165024913295455,0.867416675970029,0.811690730419794
"brier",4,20,0.96,0.0136373621427273,0.0139782305772727,0.852591284193293,0.789313413273927
"brier",4,20,0.97,0.0110351297995455,0.0115941744840909,0.841453412983589,0.781870099388618
"brier",4,20,0.98,0.00750104115909091,0.00689668845227273,0.835876538573671,0.807287275200397
"brier",4,20,0.99,0.00386066401727273,0.00371507008409091,0.873105819928497,0.776715699362798
"brier",4,20,0.995,0.00208970553227273,0.00210523066818182,0.769784120780533,0.761887161796466
"brier",5,20,0.9,0.0316900728331818,0.031799172175,0.934218307484903,0.956417428103627
"brier",5,20,0.91,0.0289261573136364,0.0292009855068182,0.938231229491034,0.938668712454524
"brier",5,20,0.92,0.0258308890940909,0.0253807447545455,0.938395152181368,0.928363535734773
"brier",5,20,0.93,0.023143157735,0.022136804175,0.932874899700875,0.876844257055653
"brier",5,20,0.94,0.0201515483940909,0.0197075558227273,0.925400940080983,0.87354448604715
"brier",5,20,0.95,0.0172412432390909,0.0183853969954545,0.91168377453817,0.904303236298651
"brier",5,20,0.96,0.0144333036886364,0.0155130824840909,0.902352580965141,0.875982408376241
"brier",5,20,0.97,0.0117723593690909,0.0127663109181818,0.897668822200796,0.860914832713721
"brier",5,20,0.98,0.0079727428,0.00728478242727273,0.888440486228426,0.852715357064265
"brier",5,20,0.99,0.00393754922227273,0.00420894630681818,0.890493740672587,0.879971198465486
"brier",5,20,0.995,0.00239568132045455,0.00253704878863636,0.882496318479272,0.918162997588624
"brier",1,25,0.9,0.0339181283786364,0.0332193011977273,1,1
"brier",1,25,0.91,0.0308252129513636,0.0310834884272727,1,1
"brier",1,25,0.92,0.0275345602413636,0.0273277124886364,1,1
"brier",1,25,0.93,0.0248181889304545,0.0252585823022727,1,1
"brier",1,25,0.94,0.0218036026913636,0.0225662852931818,1,1
"brier",1,25,0.95,0.0189133158936364,0.0203053091,1,1
"brier",1,25,0.96,0.0160041911745455,0.0177368231727273,1,1
"brier",1,25,0.97,0.0131141976936364,0.0148376567090909,1,1
"brier",1,25,0.98,0.00896495755409091,0.00852914348181818,1,1
"brier",1,25,0.99,0.00441815771636364,0.00477938443409091,1,1
"brier",1,25,0.995,0.00270803357954545,0.00274923131363636,1,1
"brier",2,25,0.9,0.0338142892072727,0.0325615155931818,0.996938534750372,0.980198692301497
"brier",2,25,0.91,0.0308171399845455,0.0307902558863636,0.999738105075513,0.990566292403274
"brier",2,25,0.92,0.0274621515154545,0.027124163325,0.997370260310157,0.992551547674508
"brier",2,25,0.93,0.024682057485,0.0248470279090909,0.994514851755057,0.983706354210355
"brier",2,25,0.94,0.0217307794927273,0.0222096959818182,0.99666003826674,0.984198138651053
"brier",2,25,0.95,0.01875309526,0.0198483398477273,0.991528686215712,0.977495085151266
"brier",2,25,0.96,0.0158391267268182,0.0176325745818182,0.989686173707434,0.994122476731381
"brier",2,25,0.97,0.0129229599927273,0.0147281751022727,0.985417506630856,0.992621368120001
"brier",2,25,0.98,0.00877778871681818,0.00842014801590909,0.979122172509638,0.987220819283737
"brier",2,25,0.99,0.00432095566818182,0.00466611861363636,0.977999416403401,0.976301169739218
"brier",2,25,0.995,0.00262778120772727,0.00266298585227273,0.970365075077226,0.968629245223618
"brier",3,25,0.9,0.0325510034809091,0.0322195364090909,0.95969338630759,0.969904099346173
"brier",3,25,0.91,0.0298017114531818,0.0295758644454545,0.96679661224736,0.95149759379982
"brier",3,25,0.92,0.0266394437154545,0.0261227043681818,0.967491163175927,0.955905269387051
"brier",3,25,0.93,0.0239804469172727,0.0240996062659091,0.966244836981081,0.95411555476495
"brier",3,25,0.94,0.0210038310345455,0.0212963827022727,0.96331928864513,0.943725669758648
"brier",3,25,0.95,0.0180653376272727,0.019077925625,0.955165013309541,0.939553568529523
"brier",3,25,0.96,0.0151800869577273,0.0166766780772727,0.948506974964851,0.940229144467953
"brier",3,25,0.97,0.0123913231577273,0.013915617075,0.944878478058947,0.937858136755113
"brier",3,25,0.98,0.00846057934863636,0.00806815165454546,0.94373891873873,0.94595098226974
"brier",3,25,0.99,0.00422585679681818,0.00435104018181818,0.956474863078512,0.910376690098962
"brier",3,25,0.995,0.002567717725,0.00258382675681818,0.948185334330674,0.939836071269171
"brier",4,25,0.9,0.0315826715768182,0.0313822298295455,0.931144290281972,0.944698675109171
"brier",4,25,0.91,0.0289187830836364,0.027643918125,0.938153554016471,0.88934413489913
"brier",4,25,0.92,0.0258808204613636,0.0250140146818182,0.939939488210323,0.915335108718657
"brier",4,25,0.93,0.0230805054072727,0.0224301772045455,0.929983467848877,0.888022017076042
"brier",4,25,0.94,0.0197445780063636,0.0193817162409091,0.905564932816558,0.858879340977094
"brier",4,25,0.95,0.0166104057218182,0.01654724815,0.87823868724188,0.814922248585716
"brier",4,25,0.96,0.0137382550790909,0.0139370771409091,0.858416081716238,0.785770766567668
"brier",4,25,0.97,0.0110838275709091,0.0114415956386364,0.845177709673196,0.771118773197266
"brier",4,25,0.98,0.00738592841636364,0.00691956161363636,0.823866523829025,0.811284465830243
"brier",4,25,0.99,0.00353725532772727,0.00339263938181818,0.800617713266834,0.709848606782664
"brier",4,25,0.995,0.00212195831636364,0.00222350288409091,0.783579026638144,0.80877257328701
"brier",5,25,0.9,0.0315470950631818,0.0314604141795455,0.93009539650932,0.947052257128691
"brier",5,25,0.91,0.0287865988859091,0.0289173761522727,0.933865369602763,0.930313089534074
"brier",5,25,0.92,0.0257604989609091,0.02532289665,0.935569652650945,0.926637992862739
"brier",5,25,0.93,0.0231379841922727,0.0225653829159091,0.932299462185171,0.893374879312949
"brier",5,25,0.94,0.0201745975395455,0.0201122355568182,0.925287340130105,0.891251497334162
"brier",5,25,0.95,0.0173586197277273,0.018210894875,0.917798857976449,0.896853861485911
"brier",5,25,0.96,0.0145276299145455,0.0158693971613636,0.907739088848897,0.894714741575873
"brier",5,25,0.97,0.0118409265245455,0.0134029160568182,0.902908954185679,0.903304094413124
"brier",5,25,0.98,0.00803328857272727,0.00779150904545454,0.896076587564155,0.913516000998685
"brier",5,25,0.99,0.00397000154,0.00409364037727273,0.898564921142632,0.856520423022088
"brier",5,25,0.995,0.002394781695,0.00252883652727273,0.884324962987337,0.919834033145751
"quant",1,0,0.9,1.78044152613323,1.79697490342218,1,1
"quant",1,0,0.91,1.67230655489875,1.68162247616959,1,1
"quant",1,0,0.92,1.55661926558254,1.55719245709096,1,1
"quant",1,0,0.93,1.43228137368855,1.42300583174592,1,1
"quant",1,0,0.94,1.29796382552751,1.27715507342184,1,1
"quant",1,0,0.95,1.15103881808618,1.11770054571553,1,1
"quant",1,0,0.96,0.989848305360847,0.944849822024197,1,1
"quant",1,0,0.97,0.809662376807817,0.763675490696864,1,1
"quant",1,0,0.98,0.603054320458042,0.566371088929395,1,1
"quant",1,0,0.99,0.339249808889141,0.319048449036299,1,1
"quant",1,0,0.995,0.190374611659842,0.18031734210956,1,1
"quant",2,0,0.9,1.77889929309496,1.79585578356846,0.999133791806337,0.999377220098296
"quant",2,0,0.91,1.67095627209017,1.68084539164289,0.999192562628765,0.999537895967908
"quant",2,0,0.92,1.55553767196946,1.55643618979175,0.999305164957805,0.999514339222642
"quant",2,0,0.93,1.43173790658895,1.42240056044573,0.999620558425468,0.999574652972822
"quant",2,0,0.94,1.29758561040605,1.27669972353144,0.999708608888767,0.999643465464859
"quant",2,0,0.95,1.15072740928658,1.11786630895909,0.999729454128994,1.00014830738358
"quant",2,0,0.96,0.989323506214048,0.944096383802349,0.999469818613664,0.999202584152227
"quant",2,0,0.97,0.808801349884232,0.761984951124048,0.998936560536529,0.997786311603017
"quant",2,0,0.98,0.602441279735967,0.565369738549556,0.998983440295048,0.998231988886063
"quant",2,0,0.99,0.337814894879508,0.319543319790384,0.995770332150424,1.0015510834031
"quant",2,0,0.995,0.186100743496366,0.178673792187323,0.977550219925793,0.990885236533498
"quant",3,0,0.9,1.7777673778068,1.79464598030575,0.998498042037782,0.998703975713855
"quant",3,0,0.91,1.66995305062215,1.67908978737389,0.998592659778966,0.998493901674372
"quant",3,0,0.92,1.55479528559821,1.55532555552784,0.998828242702204,0.998801110579092
"quant",3,0,0.93,1.43107929864196,1.4212802650893,0.999160727027054,0.998787379068922
"quant",3,0,0.94,1.29654524284292,1.27477149775292,0.998907070708218,0.998133683435535
"quant",3,0,0.95,1.14947529865957,1.11570048424627,0.998641644919318,0.998210556953799
"quant",3,0,0.96,0.988177593762288,0.941925098265711,0.99831215390327,0.996904562301531
"quant",3,0,0.97,0.808001215126344,0.760362919285659,0.997948327933895,0.995662331118965
"quant",3,0,0.98,0.601014776012517,0.564508722281249,0.996617975568146,0.996711755447004
"quant",3,0,0.99,0.335106980425754,0.318859116721891,0.987788265888924,0.999406571901603
"quant",3,0,0.995,0.184180532691732,0.178120280403961,0.967463734191735,0.987815582905693
"quant",4,0,0.9,1.77655379060119,1.79180470648021,0.997816420547948,0.997122832972169
"quant",4,0,0.91,1.66876830442879,1.67538545331437,0.997884209411488,0.996291068332161
"quant",4,0,0.92,1.55382044693168,1.5507213029378,0.998201988943124,0.995844345299969
"quant",4,0,0.93,1.43008608885131,1.41663255228059,0.998467281026218,0.995521255554155
"quant",4,0,0.94,1.29636077115968,1.27152746167184,0.998764946806447,0.99559363473777
"quant",4,0,0.95,1.14951527130227,1.11398928317962,0.998676372369056,0.996679555583882
"quant",4,0,0.96,0.987873137949822,0.94107687458876,0.998004575650302,0.996006828442478
"quant",4,0,0.97,0.806652825710952,0.75709435913742,0.996282955484815,0.991382293081792
"quant",4,0,0.98,0.597333444240401,0.560361252413061,0.990513497667515,0.989388871300449
"quant",4,0,0.99,0.331837622412578,0.318681413616406,0.978151243472077,0.998849593467694
"quant",4,0,0.995,0.178425596953604,0.170707596750522,0.937234200495243,0.946706482878394
"quant",5,0,0.9,1.77760755268051,1.79533888903558,0.998408274907583,0.999089573046633
"quant",5,0,0.91,1.66972342152561,1.67922535331938,0.998455346978354,0.998574517833712
"quant",5,0,0.92,1.55428136209706,1.55470948894768,0.998498089072148,0.99840548409288
"quant",5,0,0.93,1.43005362115237,1.4203181415031,0.998444612506241,0.998111258448234
"quant",5,0,0.94,1.29564092857248,1.27439831785378,0.998210353085852,0.997841487204313
"quant",5,0,0.95,1.14859384079949,1.11521472217073,0.997875851580091,0.997775948527245
"quant",5,0,0.96,0.987212636758896,0.942522916176679,0.997337300485664,0.997537274397181
"quant",5,0,0.97,0.80630717533561,0.759994079228464,0.995856048683606,0.995179351029007
"quant",5,0,0.98,0.59859793670737,0.564172902575406,0.992610311211622,0.996118823158603
"quant",5,0,0.99,0.331918608797236,0.318336445237387,0.97838996544785,0.997768352107453
"quant",5,0,0.995,0.180363650950546,0.17810791431482,0.947414412972336,0.987747003317085
"quant",1,3,0.9,1.78043705913167,1.79696585816069,1,1
"quant",1,3,0.91,1.67230072550709,1.68161738405903,1,1
"quant",1,3,0.92,1.55661321598747,1.55718886583074,1,1
"quant",1,3,0.93,1.43228055738514,1.42300429362426,1,1
"quant",1,3,0.94,1.29796599224036,1.27714400620352,1,1
"quant",1,3,0.95,1.15103947105511,1.11770648075112,1,1
"quant",1,3,0.96,0.989846785229764,0.944848470962829,1,1
"quant",1,3,0.97,0.809658450126612,0.763676730200561,1,1
"quant",1,3,0.98,0.6030288977026,0.566371710252751,1,1
"quant",1,3,0.99,0.339240721763437,0.319069422093557,1,1
"quant",1,3,0.995,0.190358345307581,0.180306828053623,1,1
"quant",2,3,0.9,1.77889851827361,1.79587763443153,0.99913586338244,0.999394410459038
"quant",2,3,0.91,1.67097004443804,1.68086095349321,0.999204281234374,0.999550176768513
"quant",2,3,0.92,1.5555431635602,1.55644496341034,0.999312576549986,0.999522278615828
"quant",2,3,0.93,1.4317468321932,1.4224121210909,0.999627359884771,0.999583857521714
"quant",2,3,0.94,1.2975749465171,1.27668187946805,0.999698724214962,0.999638156125519
"quant",2,3,0.95,1.15071204063975,1.11785282812669,0.999715535024133,1.00013093542722
"quant",2,3,0.96,0.98930964769983,0.944055248220822,0.999457352857079,0.999160476238906
"quant",2,3,0.97,0.808807418897246,0.762028498637451,0.998948900948007,0.99784171561352
"quant",2,3,0.98,0.60244536944082,0.565375026250285,0.999032337813324,0.998240229897744
"quant",2,3,0.99,0.33774889776115,0.319473785485204,0.995602461890386,1.00126732103939
"quant",2,3,0.995,0.186061041055314,0.178602308127544,0.977425185928554,0.99054655919313
"quant",3,3,0.9,1.77776405917611,1.79462240354273,0.998498683263278,0.99869588250254
"quant",3,3,0.91,1.66997380693387,1.67910177305799,0.998608552554137,0.998504052690646
"quant",3,3,0.92,1.5548206053608,1.55535031427323,0.998848390461892,0.998819313701854
"quant",3,3,0.93,1.43109579159227,1.42134959704941,0.999172811648694,0.998837180898003
"quant",3,3,0.94,1.29655427391535,1.2748058986682,0.998912361083842,0.998169268677637
"quant",3,3,0.95,1.14949983206607,1.11571125511021,0.998662392534964,0.998214893019526
"quant",3,3,0.96,0.98819822025532,0.941946851179829,0.998334525101214,0.996929010447524
"quant",3,3,0.97,0.808030097766617,0.760382495907938,0.997988840405802,0.995686349783425
"quant",3,3,0.98,0.601039932082574,0.564527327601012,0.996701707616993,0.996743512046326
"quant",3,3,0.99,0.335080388982349,0.318765115502251,0.987736340261681,0.999046268397297
"quant",3,3,0.995,0.18419006633887,0.178194964674142,0.967596487778121,0.988287390986364
"quant",4,3,0.9,1.77682153610483,1.79554793158475,0.997969305902561,0.999210932934808
"quant",4,3,0.91,1.6691233843584,1.67903829647602,0.998100018076758,0.998466305351349
"quant",4,3,0.92,1.55380520364874,1.55295445530402,0.998196075743225,0.997280734135958
"quant",4,3,0.93,1.42980599224525,1.41855179167107,0.998272290210786,0.996871055152021
"quant",4,3,0.94,1.2959050045717,1.27382680384603,0.998412140471334,0.997402640311996
"quant",4,3,0.95,1.14918285115979,1.11567629203632,0.998387005882939,0.998183611932318
"quant",4,3,0.96,0.988101602141966,0.943608222587359,0.998236915941094,0.99868735737678
"quant",4,3,0.97,0.806388805693905,0.757812931514099,0.99596169911869,0.992321621892392
"quant",4,3,0.98,0.598089756377252,0.561363939371568,0.991809445046224,0.991158154988093
"quant",4,3,0.99,0.332856967014582,0.3206499704758,0.981182227429328,1.00495361909603
"quant",4,3,0.995,0.179672857902976,0.174621996507384,0.943866462028026,0.968471346273426
"quant",5,3,0.9,1.77734409005102,1.7938479917661,0.998262803470204,0.998264927304862
"quant",5,3,0.91,1.66949702122876,1.67779878408032,0.998323444918984,0.997729209976708
"quant",5,3,0.92,1.55408857708115,1.55330098253252,0.998378120601577,0.997503267982749
"quant",5,3,0.93,1.42991473509143,1.41872673845551,0.99834821307773,0.996993997004847
"quant",5,3,0.94,1.29553050062137,1.27254148684637,0.998123609067149,0.996396240882155
"quant",5,3,0.95,1.14833819803255,1.11348614109484,0.997653188191648,0.996224107376165
"quant",5,3,0.96,0.986870093333938,0.940987991492463,0.996992775103942,0.995914181385686
"quant",5,3,0.97,0.806152018501594,0.760040027142659,0.995669245933924,0.995237902486637
"quant",5,3,0.98,0.598515343697925,0.563859394448419,0.992515194509134,0.995564192633824
"quant",5,3,0.99,0.331472568053341,0.318032773966829,0.977101352485882,0.996751026406959
"quant",5,3,0.995,0.18049092535276,0.178780366210696,0.948163974955354,0.991534087425276
"quant",1,5,0.9,1.78037871534846,1.7969438975211,1,1
"quant",1,5,0.91,1.67225007340137,1.68162178839589,1,1
"quant",1,5,0.92,1.5565857792702,1.55717240497097,1,1
"quant",1,5,0.93,1.4322868966776,1.42297042951802,1,1
"quant",1,5,0.94,1.29799278543327,1.27701881435801,1,1
"quant",1,5,0.95,1.15105588771383,1.11757030723241,1,1
"quant",1,5,0.96,0.989863709993617,0.944574406888123,1,1
"quant",1,5,0.97,0.809661193333853,0.763721193870623,1,1
"quant",1,5,0.98,0.60302641401524,0.566435990021967,1,1
"quant",1,5,0.99,0.339265273597782,0.319074839684868,1,1
"quant",1,5,0.995,0.190432133622585,0.180410227285269,1,1
"quant",2,5,0.9,1.77892687504525,1.79585308751202,0.999184532880171,0.999392963792259
"quant",2,5,0.91,1.67098253475894,1.68079698762927,0.999242016094007,0.999509520647084
"quant",2,5,0.92,1.55555252447009,1.55643303083299,0.999336204394341,0.999525181581938
"quant",2,5,0.93,1.43174969817666,1.42243442722849,0.99962493652481,0.999623321554393
"quant",2,5,0.94,1.29759521925132,1.27673897702135,0.999693706940121,0.999780866708062
"quant",2,5,0.95,1.15074915710698,1.11793783671931,0.999733522403105,1.00032886475645
"quant",2,5,0.96,0.989296802015487,0.944070322838776,0.99942728683514,0.999466337383619
"quant",2,5,0.97,0.808743612863673,0.761967264593304,0.998866710572602,0.997703442969247
"quant",2,5,0.98,0.602438408425146,0.56525542871513,0.999024909064632,0.997915808091942
"quant",2,5,0.99,0.337755373559149,0.31946474601674,0.995549500181317,1.00122199021476
"quant",2,5,0.995,0.186039195345677,0.178560355151907,0.976931738392358,0.989746301187036
"quant",3,5,0.9,1.77784032664792,1.79487029347312,0.998574242278537,0.998846038515258
"quant",3,5,0.91,1.67000540891938,1.67921402387521,0.998657698081348,0.998568189031984
"quant",3,5,0.92,1.55480664333342,1.55528035868372,0.998857026730897,0.998784947459118
"quant",3,5,0.93,1.43109005008405,1.42129773403301,0.999164380686353,0.998824504395652
"quant",3,5,0.94,1.2964946374892,1.27468203108169,0.998845796401273,0.998170126195451
"quant",3,5,0.95,1.14934374993663,1.11556864429942,0.99851255026322,0.998208915430158
"quant",3,5,0.96,0.988084192153872,0.941849514232053,0.99820225974366,0.997115216507879
"quant",3,5,0.97,0.807834783642316,0.760094660059702,0.997744229677087,0.995251495126721
"quant",3,5,0.98,0.600865323748283,0.564402900219952,0.996416259359907,0.996410733361177
"quant",3,5,0.99,0.334958406666797,0.318473606837164,0.98730531160672,0.998115699601078
"quant",3,5,0.995,0.184110523715496,0.178032239054458,0.966803869773274,0.986818994318706
"quant",4,5,0.9,1.77604671903149,1.79287668633367,0.997566811892538,0.997736595342213
"quant",4,5,0.91,1.66824667606574,1.67649953366406,0.997605981665476,0.996953979326876
"quant",4,5,0.92,1.55300513890436,1.55129311742581,0.997699683233959,0.996224382395685
"quant",4,5,0.93,1.42900866130869,1.4174326463728,0.99771118804723,0.996108293587589
"quant",4,5,0.94,1.29459281222699,1.27226836790384,0.997380591599249,0.996280049752791
"quant",4,5,0.95,1.14726490767246,1.11307796442094,0.996706519568833,0.995980259333663
"quant",4,5,0.96,0.985741170397553,0.939823860778052,0.995835245241902,0.994970702069177
"quant",4,5,0.97,0.803695622769339,0.757591284858556,0.992632016189451,0.991973629825565
"quant",4,5,0.98,0.595235854454629,0.562153285559401,0.987080898316315,0.992439208422474
"quant",4,5,0.99,0.331116815764007,0.316493264634723,0.975982045709062,0.99190918640688
"quant",4,5,0.995,0.18004105384474,0.174119585381841,0.94543421018199,0.96513145624787
"quant",5,5,0.9,1.7775062305118,1.79425303327858,0.998386587745687,0.998502532969319
"quant",5,5,0.91,1.6695194167016,1.67836668594408,0.998367076346296,0.998064307637858
"quant",5,5,0.92,1.55413442414214,1.55385872804557,0.998425171833958,0.997871990978762
"quant",5,5,0.93,1.43001438124307,1.41917848198318,0.998413365758078,0.997335188802114
"quant",5,5,0.94,1.29563556635035,1.27309371437347,0.998183950550904,0.996926356964827
"quant",5,5,0.95,1.14859633654786,1.11371284661778,0.997863221766887,0.996548350837823
"quant",5,5,0.96,0.987187735485964,0.941013990679128,0.997296623281936,0.996230666231234
"quant",5,5,0.97,0.806263254346131,0.760209942735749,0.995803258182931,0.995402443767367
"quant",5,5,0.98,0.598209603345351,0.563920064782931,0.992012272500941,0.995558323829427
"quant",5,5,0.99,0.331472597648884,0.318319084010631,0.977030729180563,0.997631415642223
"quant",5,5,0.995,0.180251443568177,0.179123785971584,0.946539011768966,0.992869354841782
"quant",1,8,0.9,1.78041493882613,1.79705133255719,1,1
"quant",1,8,0.91,1.6723146658332,1.6817196475573,1,1
"quant",1,8,0.92,1.55663952779883,1.55723170458872,1,1
"quant",1,8,0.93,1.43232768102286,1.4229365457333,1,1
"quant",1,8,0.94,1.29796466214927,1.27702804051647,1,1
"quant",1,8,0.95,1.1510835286027,1.11761989515945,1,1
"quant",1,8,0.96,0.989824626920685,0.944663114362918,1,1
"quant",1,8,0.97,0.809672860391928,0.763714365651704,1,1
"quant",1,8,0.98,0.603128698836384,0.566428986499305,1,1
"quant",1,8,0.99,0.339192696855347,0.31899204581841,1,1
"quant",1,8,0.995,0.19035620054424,0.1803733718806,1,1
"quant",2,8,0.9,1.77887139549329,1.79577195587795,0.999133042922089,0.99928806892933
"quant",2,8,0.91,1.67094059227771,1.68072118007657,0.999178340306667,0.999406281848355
"quant",2,8,0.92,1.55551678627462,1.55629437951366,0.999278740193762,0.999398082461138
"quant",2,8,0.93,1.43171625077075,1.42223537625096,0.999573121248568,0.999507237701884
"quant",2,8,0.94,1.29757755744856,1.27657738724856,0.999701760215824,0.999647107773977
"quant",2,8,0.95,1.15071297735044,1.11773244868125,0.99967808482786,1.00010070823031
"quant",2,8,0.96,0.989360607617794,0.943978086169371,0.999531210589967,0.999274843927817
"quant",2,8,0.97,0.808833498734392,0.761928774441828,0.998963332354836,0.997661964616376
"quant",2,8,0.98,0.602455301719056,0.565347444248152,0.998883493492141,0.99809059515503
"quant",2,8,0.99,0.337812844973523,0.319467687558886,0.995931952855658,1.00149107711842
"quant",2,8,0.995,0.186046702667108,0.178794378187866,0.977360874692757,0.99124597119702
"quant",3,8,0.9,1.77777390080446,1.79481152168043,0.998516616568375,0.998753618866539
"quant",3,8,0.91,1.66996459338733,1.67905764286626,0.998594718748882,0.998417093660701
"quant",3,8,0.92,1.55476635722783,1.55515434791072,0.998796657455021,0.998665993845435
"quant",3,8,0.93,1.43103131293841,1.42103238858334,0.999094922131559,0.998661811620713
"quant",3,8,0.94,1.29648407552275,1.27449278753885,0.998859301281695,0.99801472411162
"quant",3,8,0.95,1.14936816373326,1.11539762247369,0.998509782455558,0.998011602428173
"quant",3,8,0.96,0.988147898047865,0.941737435602385,0.998306034395167,0.996902939560093
"quant",3,8,0.97,0.808009675920794,0.76023510765674,0.997945856218611,0.995444294160953
"quant",3,8,0.98,0.601010901603506,0.564483986315002,0.996488647884004,0.996566206478373
"quant",3,8,0.99,0.335083758788559,0.318845410250749,0.987886124598548,0.999540315912
"quant",3,8,0.995,0.184168129132799,0.177984318303354,0.967492146860734,0.986754954169026
"quant",4,8,0.9,1.77715248963137,1.79465537703088,0.998167590529818,0.998666729501321
"quant",4,8,0.91,1.66916685353757,1.67777351987867,0.998117691389105,0.997653516337066
"quant",4,8,0.92,1.55362944066037,1.55178193883808,0.998066291466519,0.996500350118367
"quant",4,8,0.93,1.42953013089088,1.41698748063767,0.998046850473502,0.995819163466236
"quant",4,8,0.94,1.29491568382091,1.27112818711842,0.997650954284602,0.995380012645868
"quant",4,8,0.95,1.14775034053536,1.11155121629632,0.997104303914951,0.994569997465674
"quant",4,8,0.96,0.986619934348933,0.938269122320926,0.996762363266591,0.993231457918939
"quant",4,8,0.97,0.805271598103683,0.756562224277587,0.994564147443309,0.990635057168247
"quant",4,8,0.98,0.595986490635515,0.560470205351158,0.988158069389421,0.98948009143216
"quant",4,8,0.99,0.330921812238767,0.315575539545613,0.97561597082349,0.989289681929118
"quant",4,8,0.995,0.17909937778729,0.175252519478526,0.940864428241546,0.971609709633505
"quant",5,8,0.9,1.77755948838757,1.79478887575833,0.998396188227649,0.998741017155234
"quant",5,8,0.91,1.66965830683745,1.6788557685581,0.998411567481876,0.998297053255365
"quant",5,8,0.92,1.55418653521955,1.55422789460194,0.998424174296315,0.998071057776484
"quant",5,8,0.93,1.43012419792335,1.41992002063741,0.998461606845482,0.997880070545004
"quant",5,8,0.94,1.29572705041492,1.27394977747271,0.998276061128932,0.997589510217395
"quant",5,8,0.95,1.14869424001192,1.11516388874396,0.997924313456485,0.997802467166051
"quant",5,8,0.96,0.987357267370938,0.942534281119341,0.99750727605412,0.997746463039353
"quant",5,8,0.97,0.806626752703671,0.76020060595576,0.996237853783585,0.995399117976593
"quant",5,8,0.98,0.598587769224156,0.564070591344277,0.992471043707606,0.995836379826527
"quant",5,8,0.99,0.331232754182818,0.317719230214267,0.976532682612789,0.996009882939628
"quant",5,8,0.995,0.180004135150213,0.177742386005353,0.94561739851694,0.985413668060779
"quant",1,10,0.9,1.78044848677435,1.7968903740638,1,1
"quant",1,10,0.91,1.67232046735861,1.68167131745377,1,1
"quant",1,10,0.92,1.55663333416841,1.55725145823749,1,1
"quant",1,10,0.93,1.43234596206255,1.42311225855588,1,1
"quant",1,10,0.94,1.29805728115297,1.27733055484399,1,1
"quant",1,10,0.95,1.15112441951397,1.11790198285727,1,1
"quant",1,10,0.96,0.989933770890143,0.945085284653638,1,1
"quant",1,10,0.97,0.809705137139873,0.763530166480862,1,1
"quant",1,10,0.98,0.603352582792672,0.566246548690015,1,1
"quant",1,10,0.99,0.339271463614905,0.318991972641268,1,1
"quant",1,10,0.995,0.190419850397371,0.180287820207095,1,1
"quant",2,10,0.9,1.77887559344983,1.79569377278104,0.999116574651717,0.999334071070761
"quant",2,10,0.91,1.67094332347962,1.68068887973234,0.999176507191134,0.999415796825915
"quant",2,10,0.92,1.55553411602487,1.55626899541842,0.999293849026994,0.999369104575963
"quant",2,10,0.93,1.43173195085431,1.42228265363656,0.999571324788488,0.999417048855892
"quant",2,10,0.94,1.29763018179906,1.27672375451178,0.999670970333813,0.999524946514503
"quant",2,10,0.95,1.15072488600271,1.11785017385809,0.999652918916077,0.999953655150475
"quant",2,10,0.96,0.989364626500506,0.94426359345273,0.999425068215296,0.999130563966818
"quant",2,10,0.97,0.808825773606181,0.761901314260922,0.998913970662459,0.997866682560234
"quant",2,10,0.98,0.602476112434002,0.565327363238145,0.99854733304594,0.998376704539751
"quant",2,10,0.99,0.337735789728069,0.319424345618912,0.99547361316371,1.00135543529219
"quant",2,10,0.995,0.185983802925809,0.178490972961326,0.976703860115925,0.990033451823287
"quant",3,10,0.9,1.77764101958482,1.79429964399359,0.998423168538497,0.998558214731627
"quant",3,10,0.91,1.66990609722975,1.67897751753857,0.998556275441228,0.998398141249577
"quant",3,10,0.92,1.55474461606092,1.55522824318267,0.998786664742409,0.998700778192166
"quant",3,10,0.93,1.4310419597869,1.42118850972765,0.999089603831621,0.998648210064484
"quant",3,10,0.94,1.2964911091668,1.27470636853975,0.998793449249962,0.997945569927621
"quant",3,10,0.95,1.1494185922732,1.11561711457646,0.998518120880897,0.997956110360433
"quant",3,10,0.96,0.988173294746357,0.942017156568398,0.99822162229883,0.996753596595925
"quant",3,10,0.97,0.807948182823647,0.760065035897509,0.99783013070359,0.995461697866733
"quant",3,10,0.98,0.601034340526723,0.564328031554,0.996157732092206,0.996611869616772
"quant",3,10,0.99,0.334977846426201,0.318613184804687,0.987344596733968,0.998812547433578
"quant",3,10,0.995,0.18414764580137,0.178219646757683,0.967061183049392,0.98852849046022
"quant",4,10,0.9,1.77705164258256,1.79379792234786,0.998092141268322,0.998278998117761
"quant",4,10,0.91,1.66925254697892,1.67730247141884,0.998165471008954,0.997402080900362
"quant",4,10,0.92,1.55385570012962,1.5520197559039,0.998215614443156,0.996640425471481
"quant",4,10,0.93,1.42976471023499,1.41751632613496,0.998197885220518,0.996067820801011
"quant",4,10,0.94,1.29557252117477,1.27262716946918,0.998085785570271,0.996317800934945
"quant",4,10,0.95,1.14871357433329,1.11597875614052,0.99790566063945,0.998279610604288
"quant",4,10,0.96,0.987363618376127,0.942874586006163,0.997403712662813,0.997660847456444
"quant",4,10,0.97,0.805610115233422,0.758087554069057,0.994942576354504,0.992871778155287
"quant",4,10,0.98,0.596446421598495,0.560846042595266,0.988553689184174,0.990462624262801
"quant",4,10,0.99,0.330749988191402,0.313696582453514,0.974883017473067,0.983399613025029
"quant",4,10,0.995,0.178709515890363,0.171496671978025,0.938502553790632,0.951238257698321
"quant",5,10,0.9,1.77712037823843,1.79410806614893,0.998130747078252,0.99845159840855
"quant",5,10,0.91,1.66919511662575,1.67843944683468,0.99813112929378,0.998078179376944
"quant",5,10,0.92,1.55368697395006,1.55353960303371,0.998107222713484,0.997616406018342
"quant",5,10,0.93,1.42958817729002,1.41893602953015,0.998074637800101,0.997065425442989
"quant",5,10,0.94,1.29539965817266,1.27327218397549,0.99795261502023,0.996822771636429
"quant",5,10,0.95,1.14824093614832,1.11436991872621,0.997495072368579,0.996840452754155
"quant",5,10,0.96,0.987112126342045,0.942845223439464,0.997149663309738,0.997629778761188
"quant",5,10,0.97,0.806436408169231,0.76106168793458,0.995963062575856,0.996767018967096
"quant",5,10,0.98,0.598619289806032,0.564164534711663,0.992155013301292,0.996323131711497
"quant",5,10,0.99,0.331251689113838,0.319261974919204,0.976361777039493,1.0008464234247
"quant",5,10,0.995,0.180000931005851,0.179111294715745,0.945284489144502,0.99347418206067
"quant",1,12,0.9,1.78026814082292,1.79668219943845,1,1
"quant",1,12,0.91,1.67211737511056,1.68140455408474,1,1
"quant",1,12,0.92,1.5564411982085,1.55697519232818,1,1
"quant",1,12,0.93,1.43213720700521,1.4227404460771,1,1
"quant",1,12,0.94,1.29785564798741,1.27687850574682,1,1
"quant",1,12,0.95,1.1509415565469,1.11751421718422,1,1
"quant",1,12,0.96,0.98981668308889,0.944877320796877,1,1
"quant",1,12,0.97,0.809652984289252,0.763625278027274,1,1
"quant",1,12,0.98,0.60318201636351,0.566339136476377,1,1
"quant",1,12,0.99,0.339278790199538,0.318951613013292,1,1
"quant",1,12,0.995,0.190471679555435,0.180430667238378,1,1
"quant",2,12,0.9,1.77879865635434,1.79548348286209,0.999174571271101,0.999332816578953
"quant",2,12,0.91,1.67085837636647,1.68048491055545,0.999247063177007,0.999453050411304
"quant",2,12,0.92,1.55545121751667,1.55613476085932,0.999363945973047,0.999460215247489
"quant",2,12,0.93,1.43165254778596,1.42214053741115,0.999661583249933,0.999578342861057
"quant",2,12,0.94,1.29751115402023,1.27646958913226,0.999734566808172,0.999679752918766
"quant",2,12,0.95,1.15061910163527,1.11752858134359,0.999719833809291,1.00001285367037
"quant",2,12,0.96,0.989279460533646,0.94408580104475,0.999457250454127,0.999162304211662
"quant",2,12,0.97,0.80876981585717,0.762044769679637,0.998909201288429,0.997930256641425
"quant",2,12,0.98,0.602408575262905,0.565351260548242,0.998717731829494,0.99825568133207
"quant",2,12,0.99,0.337654348169779,0.319429317682146,0.995212073148444,1.00149773398021
"quant",2,12,0.995,0.185968544527578,0.178758869038853,0.976357981205565,0.990734401057682
"quant",3,12,0.9,1.77766516207151,1.79457605051598,0.998537872643044,0.998827756559771
"quant",3,12,0.91,1.66992934243158,1.67906762505801,0.998691459875039,0.998610132807683
"quant",3,12,0.92,1.55469789089437,1.55510603457616,0.998879940137707,0.998799494197964
"quant",3,12,0.93,1.4310099701768,1.42111927233957,0.999212898859905,0.998860527412428
"quant",3,12,0.94,1.2963977083723,1.27466572345993,0.998876655029113,0.998267037719773
"quant",3,12,0.95,1.14934860749388,1.11568761039435,0.998615960085938,0.99836547333199
"quant",3,12,0.96,0.988207103885089,0.942216062378331,0.998373861310583,0.997183487887822
"quant",3,12,0.97,0.807975046854058,0.760086675873081,0.997927584449445,0.995366048956192
"quant",3,12,0.98,0.601049022987918,0.564468585869895,0.99646376497023,0.996697119294775
"quant",3,12,0.99,0.334916708080084,0.318702715561117,0.987143074529095,0.999219638835422
"quant",3,12,0.995,0.184136067474773,0.178056230593776,0.966737248836944,0.986840171457851
"quant",4,12,0.9,1.77708090819234,1.79347465275976,0.998209689564459,0.998214738989627
"quant",4,12,0.91,1.66914454351393,1.67712377005522,0.998222115480125,0.997454042800633
"quant",4,12,0.92,1.55395860068303,1.5517195386885,0.998404952574934,0.99662444612761
"quant",4,12,0.93,1.4294194909162,1.41683003478422,0.998102335393766,0.995845755767202
"quant",4,12,0.94,1.29473708402813,1.27031198496487,0.997597141127283,0.994857364461541
"quant",4,12,0.95,1.1476664189687,1.11100084926584,0.997154384113104,0.994171556998363
"quant",4,12,0.96,0.986152564390131,0.938206931080047,0.996298184541278,0.992940470080068
"quant",4,12,0.97,0.804329179774565,0.757989784847384,0.993424584830796,0.992620080369199
"quant",4,12,0.98,0.595382116843731,0.561148876944609,0.987068746567076,0.990835421397751
"quant",4,12,0.99,0.329385045911242,0.317521328038282,0.970838895403755,0.995515667842224
"quant",4,12,0.995,0.178061332511082,0.174097067985512,0.93484413497419,0.964897323998148
"quant",5,12,0.9,1.77723348775681,1.79441137999872,0.998295395510079,0.998736104003012
"quant",5,12,0.91,1.66942354235433,1.67869227157984,0.998388969102096,0.998386894755155
"quant",5,12,0.92,1.55408442131079,1.55411275017328,0.998485791239387,0.99816153644001
"quant",5,12,0.93,1.4300865991548,1.41967402725502,0.998568148470427,0.997844709602132
"quant",5,12,0.94,1.29583902634278,1.27341216405026,0.998446189568342,0.99728530029994
"quant",5,12,0.95,1.14877849654946,1.11472204429833,0.998120616998197,0.997501443075215
"quant",5,12,0.96,0.98736061931592,0.941928115749321,0.997518668037292,0.996878742898529
"quant",5,12,0.97,0.806673164073354,0.759970390599599,0.996319632887522,0.995213768411234
"quant",5,12,0.98,0.598922217968034,0.564247448236503,0.992937789456726,0.996306650723651
"quant",5,12,0.99,0.331455045481868,0.318034829865909,0.97694007128159,0.997125635645102
"quant",5,12,0.995,0.181236449059935,0.178301241612155,0.951513891634415,0.98819809482049
"quant",1,15,0.9,1.78028364698869,1.79659048656121,1,1
"quant",1,15,0.91,1.67214272397547,1.68133746074035,1,1
"quant",1,15,0.92,1.55645005829192,1.55695353440418,1,1
"quant",1,15,0.93,1.43210847789309,1.42270774324155,1,1
"quant",1,15,0.94,1.29781353281193,1.2767617872721,1,1
"quant",1,15,0.95,1.15089321908967,1.11732998343573,1,1
"quant",1,15,0.96,0.989786546754728,0.944830917127325,1,1
"quant",1,15,0.97,0.809620395671539,0.763741552702953,1,1
"quant",1,15,0.98,0.603183370164572,0.566508875767817,1,1
"quant",1,15,0.99,0.339253014928602,0.319044177429601,1,1
"quant",1,15,0.995,0.190410611551337,0.180437295931931,1,1
"quant",2,15,0.9,1.77888548882121,1.79557392167456,0.999214643031827,0.999434169948991
"quant",2,15,0.91,1.67097553631126,1.6806052245563,0.999301980837238,0.999564491839886
"quant",2,15,0.92,1.55552774714536,1.5562636485449,0.999407426443496,0.999556900161735
"quant",2,15,0.93,1.43171938192261,1.42220443895759,0.99972830551841,0.999646234944355
"quant",2,15,0.94,1.29752843338777,1.27658162490438,0.999780323276839,0.999858891165513
"quant",2,15,0.95,1.15065570311401,1.11771282475447,0.999793624663246,1.00034263943904
"quant",2,15,0.96,0.989284784758766,0.944139355685574,0.999493060400136,0.999268057988774
"quant",2,15,0.97,0.808727588772286,0.761977042874217,0.998897252460504,0.997689650612185
"quant",2,15,0.98,0.602375898366385,0.565281412986252,0.998661316213067,0.997833285877647
"quant",2,15,0.99,0.337732603702682,0.319493708382387,0.995518356038074,1.00140899281224
"quant",2,15,0.995,0.186071101416011,0.178678056866621,0.977209725340564,0.990250136169338
"quant",3,15,0.9,1.77761283561954,1.7941921572204,0.998499783237534,0.998665066213614
"quant",3,15,0.91,1.66990454726659,1.67883923660428,0.998661491823164,0.998514144724417
"quant",3,15,0.92,1.55470933607308,1.55492143268832,0.998881607405541,0.998694821861443
"quant",3,15,0.93,1.43100391367876,1.42080271153099,0.999228714701868,0.998660981695212
"quant",3,15,0.94,1.2964051256898,1.27438508244132,0.998914784684757,0.998138490003007
"quant",3,15,0.95,1.14934640952588,1.11541376093203,0.998655992112795,0.998284998584035
"quant",3,15,0.96,0.988132186095719,0.941753343689746,0.998328568250969,0.99674272572818
"quant",3,15,0.97,0.807984493955454,0.760197295688257,0.997979421312962,0.995359350290484
"quant",3,15,0.98,0.600975607959807,0.564533719178959,0.99633981586037,0.996513458705867
"quant",3,15,0.99,0.33487261270081,0.318767445197163,0.987088096391086,0.999132620959679
"quant",3,15,0.995,0.184153982206756,0.17788215480713,0.967141383068906,0.98583917414854
"quant",4,15,0.9,1.77675391331691,1.79477558350263,0.998017319499759,0.998989807041641
"quant",4,15,0.91,1.66875843755471,1.67792094628307,0.997976078015216,0.997967978150096
"quant",4,15,0.92,1.55347676761623,1.55240649437093,0.998089697346951,0.997079527466446
"quant",4,15,0.93,1.42931195325078,1.4178765215468,0.99804726758798,0.996604206508543
"quant",4,15,0.94,1.29503227853502,1.27314480989133,0.997856969274403,0.997167069521635
"quant",4,15,0.95,1.14793672905045,1.11519134294373,0.997431134365741,0.998085936541843
"quant",4,15,0.96,0.986304320923867,0.943344861505855,0.996481841623046,0.99842717295282
"quant",4,15,0.97,0.80436895391571,0.757597654157387,0.993513698785376,0.991955526678072
"quant",4,15,0.98,0.594653027546408,0.560633762561637,0.985857795423244,0.98962926538756
"quant",4,15,0.99,0.328970667437236,0.314588086821034,0.969691212638066,0.986032998174523
"quant",4,15,0.995,0.176260607972605,0.168785023029932,0.92568689600098,0.935422037656816
"quant",5,15,0.9,1.77765706413323,1.79463482848969,0.998524626758268,0.998911461411966
"quant",5,15,0.91,1.66977905553984,1.67873461514521,0.998586443368895,0.998451919584304
"quant",5,15,0.92,1.55427390441553,1.55415045461575,0.998601847926444,0.998199638122467
"quant",5,15,0.93,1.43030301967112,1.4198010136944,0.998739300653657,0.997956903263543
"quant",5,15,0.94,1.29612002135083,1.2742903711142,0.998695104174606,0.998064309111893
"quant",5,15,0.95,1.14893508944051,1.11527624132345,0.998298600064127,0.99816191980639
"quant",5,15,0.96,0.987722546805549,0.94314427492088,0.997914701956754,0.998214874031035
"quant",5,15,0.97,0.80706043661659,0.760418381773425,0.996838074894562,0.995648827908123
"quant",5,15,0.98,0.598919133811953,0.564343740737014,0.992930447748492,0.996178109252272
"quant",5,15,0.99,0.331738526807635,0.317920641110677,0.97784990025056,0.996478430266377
"quant",5,15,0.995,0.181310864768939,0.17851340132544,0.952209875761339,0.989337600097839
"quant",1,20,0.9,1.78023347534908,1.79679156944303,1,1
"quant",1,20,0.91,1.67209780164464,1.68144174461476,1,1
"quant",1,20,0.92,1.55641917162504,1.55701713955044,1,1
"quant",1,20,0.93,1.43208505571558,1.42283436002302,1,1
"quant",1,20,0.94,1.2977180431233,1.27681733710575,1,1
"quant",1,20,0.95,1.15090605969007,1.11738712252551,1,1
"quant",1,20,0.96,0.989795496772038,0.944782084063998,1,1
"quant",1,20,0.97,0.809571625955733,0.763790031899884,1,1
"quant",1,20,0.98,0.603019843333109,0.566503486435586,1,1
"quant",1,20,0.99,0.33922784436501,0.319064836985862,1,1
"quant",1,20,0.995,0.190368981957493,0.180296856371572,1,1
"quant",2,20,0.9,1.77870396215421,1.79543285907614,0.999140835617323,0.99924381303319
"quant",2,20,0.91,1.670839881844,1.68054783824906,0.99924769962654,0.999468369113255
"quant",2,20,0.92,1.55542160140704,1.55623909294635,0.999359060697671,0.999500296699166
"quant",2,20,0.93,1.43163963139942,1.42222806499428,0.999688967974082,0.999573882213016
"quant",2,20,0.94,1.29744924335577,1.27659770231011,0.99979286735747,0.999827982602319
"quant",2,20,0.95,1.15065552740961,1.11773966510283,0.999782317350444,1.00031550621106
"quant",2,20,0.96,0.989304770997957,0.944173796867852,0.999504214986144,0.999356161376887
"quant",2,20,0.97,0.808745522246233,0.762043601091391,0.998979579220646,0.997713467398692
"quant",2,20,0.98,0.602386178812102,0.565510355075524,0.998949181311339,0.998246910418308
"quant",2,20,0.99,0.33767789839921,0.319509665557767,0.99543095889224,1.0013941635691
"quant",2,20,0.995,0.185981026912089,0.17853377581585,0.976950262588554,0.990221235182884
"quant",3,20,0.9,1.77755070057036,1.79444797557476,0.998493020822342,0.998695678503767
"quant",3,20,0.91,1.66987716625022,1.67909591419603,0.998671946466145,0.998604869644612
"quant",3,20,0.92,1.55465917212047,1.55522412300325,0.998869199546852,0.998848428510101
"quant",3,20,0.93,1.43099397188937,1.42129797204747,0.999238115207016,0.99892019196421
"quant",3,20,0.94,1.29638272432248,1.2747874867541,0.99897102547977,0.998410226511919
"quant",3,20,0.95,1.14942581237849,1.11570687817996,0.998713841760478,0.998496273751797
"quant",3,20,0.96,0.988183365362392,0.942024185739359,0.99837124798516,0.997080915936958
"quant",3,20,0.97,0.807962362306846,0.759785603031752,0.998012203494672,0.994757160082108
"quant",3,20,0.98,0.601074242491368,0.56450773633473,0.996773570781705,0.996477073577406
"quant",3,20,0.99,0.334940740097443,0.318435159988715,0.987362168705247,0.99802649203499
"quant",3,20,0.995,0.184066945683757,0.178025349530564,0.966895676969352,0.987401295359652
"quant",4,20,0.9,1.7768062630672,1.79264252590193,0.998074852355416,0.997690859857283
"quant",4,20,0.91,1.66881385356688,1.6752496209202,0.998036031101448,0.996317372448741
"quant",4,20,0.92,1.55324633825095,1.54929020249936,0.997961453166388,0.995037346182776
"quant",4,20,0.93,1.42904554111312,1.41402406235402,0.997877560002226,0.993807924578898
"quant",4,20,0.94,1.29474605973014,1.26823343044511,0.99770983889073,0.993277106747241
"quant",4,20,0.95,1.14815542000566,1.10943781018427,0.997610022415592,0.992885802797452
"quant",4,20,0.96,0.986652815038761,0.936584494546782,0.996824918133567,0.991323301261225
"quant",4,20,0.97,0.805373868587402,0.759222835370316,0.994814841289211,0.994020350700038
"quant",4,20,0.98,0.596016432833171,0.561502003891138,0.988386102750404,0.991171311979177
"quant",4,20,0.99,0.331374162423755,0.313929900273334,0.976848357021057,0.983906290768246
"quant",4,20,0.995,0.178249497479888,0.168765132559327,0.936336874038063,0.936040350096402
"quant",5,20,0.9,1.77718255082165,1.79483890527689,0.998286222245747,0.998913249483498
"quant",5,20,0.91,1.66959009857065,1.67936954833038,0.998500265312516,0.998767607446992
"quant",5,20,0.92,1.5541938494994,1.55499863108271,0.998570229558847,0.998703605492545
"quant",5,20,0.93,1.43036471595396,1.42112202034784,0.998798716769822,0.998796529151045
"quant",5,20,0.94,1.29618150023533,1.27533471741476,0.998815965535727,0.998838816134537
"quant",5,20,0.95,1.14941332422244,1.1170834527042,0.998702991043389,0.999728232216766
"quant",5,20,0.96,0.98797502585243,0.944074820214674,0.998160760555544,0.999251400019906
"quant",5,20,0.97,0.806959194098296,0.759845545018817,0.996773068900045,0.994835639748721
"quant",5,20,0.98,0.599375645612995,0.56434359850781,0.993956753230588,0.996187335154165
"quant",5,20,0.99,0.33145517455708,0.319250180931477,0.977087170357493,1.00058089743566
"quant",5,20,0.995,0.180655456656626,0.178625272769226,0.948975273172203,0.990728714654339
"quant",1,25,0.9,1.78029213604508,1.79692742387571,1,1
"quant",1,25,0.91,1.67218943054065,1.68164992261733,1,1
"quant",1,25,0.92,1.55652594652687,1.55728985163105,1,1
"quant",1,25,0.93,1.4321889475078,1.42304771137847,1,1
"quant",1,25,0.94,1.29785106681772,1.27703050218764,1,1
"quant",1,25,0.95,1.15100294847883,1.11768068952852,1,1
"quant",1,25,0.96,0.989870755401632,0.944918475803157,1,1
"quant",1,25,0.97,0.809672429731087,0.763798799375953,1,1
"quant",1,25,0.98,0.603082446123965,0.566479780442004,1,1
"quant",1,25,0.99,0.339237030642282,0.318988549060026,1,1
"quant",1,25,0.995,0.190360694641291,0.180399856340589,1,1
"quant",2,25,0.9,1.77868250419108,1.79554068052197,0.999095860830135,0.999228269692306
"quant",2,25,0.91,1.67086469261146,1.68056112728025,0.999207782380989,0.9993525434025
"quant",2,25,0.92,1.55547122203599,1.55623285193813,0.999322385538623,0.999321256931191
"quant",2,25,0.93,1.43168890008376,1.42224479079692,0.999650850940512,0.999435773955342
"quant",2,25,0.94,1.29756161445525,1.27660868259908,0.999776975671651,0.999669687146989
"quant",2,25,0.95,1.15079940946854,1.11784602010714,0.99982316378028,1.00014792290873
"quant",2,25,0.96,0.989432785687089,0.94435092075524,0.99955754858687,0.999399360831171
"quant",2,25,0.97,0.808822176753879,0.762058284330093,0.998949880289872,0.997721238829805
"quant",2,25,0.98,0.602404656067216,0.565429771375055,0.998876123718896,0.998146431517591
"quant",2,25,0.99,0.337690945234076,0.319458835581801,0.995442462736811,1.00147430534156
"quant",2,25,0.995,0.186007907732446,0.178524578292958,0.977134003860161,0.989604880593196
"quant",3,25,0.9,1.77762441801547,1.79448111944756,0.99850152793713,0.99863861812356
"quant",3,25,0.91,1.67001566627979,1.67907846481777,0.998700049036815,0.998470872109005
"quant",3,25,0.92,1.55483360573245,1.55518153560353,0.998912744886652,0.998646163381006
"quant",3,25,0.93,1.43121767305617,1.42133728214329,0.99932182520099,0.998798052081105
"quant",3,25,0.94,1.29652587041776,1.27456776158577,0.998978930299599,0.998071509961865
"quant",3,25,0.95,1.14961574557102,1.11553389448316,0.998794787702631,0.998079241177315
"quant",3,25,0.96,0.988368285933674,0.942030960207,0.998482155918074,0.996944164316712
"quant",3,25,0.97,0.808160338294652,0.760090530232265,0.99813246520332,0.995144965995342
"quant",3,25,0.98,0.601136768790368,0.564583420615889,0.996773778865392,0.996652378616875
"quant",3,25,0.99,0.334915468047615,0.318816355743047,0.987260934967847,0.999460189660455
"quant",3,25,0.995,0.184158342974971,0.178003369550909,0.967417897491874,0.986715694578183
"quant",4,25,0.9,1.7764531766353,1.7923817624978,0.997843635136024,0.997470314428111
"quant",4,25,0.91,1.66889581541502,1.67645335611469,0.998030357646403,0.996909840488948
"quant",4,25,0.92,1.55355062127291,1.55236555972118,0.99808848335577,0.996837909201862
"quant",4,25,0.93,1.42955871446781,1.41800188613364,0.998163487405375,0.996454212178216
"quant",4,25,0.94,1.29504602513448,1.27122266573726,0.997838702949085,0.995452076954758
"quant",4,25,0.95,1.14804539653965,1.11293629670302,0.99743045667859,0.995755144675983
"quant",4,25,0.96,0.986688118862845,0.941963789164022,0.996784795872169,0.996873077715383
"quant",4,25,0.97,0.805072302852601,0.757807411741337,0.994318533385145,0.992155803806564
"quant",4,25,0.98,0.595961840643287,0.561379270014162,0.988192981695219,0.990996129775607
"quant",4,25,0.99,0.330632354962955,0.317040152909825,0.974635211070457,0.993891955821167
"quant",4,25,0.995,0.177804685589608,0.171961092890748,0.934040958006887,0.953221894845032
"quant",5,25,0.9,1.77703380479133,1.79432423769065,0.998169777202416,0.998551312562506
"quant",5,25,0.91,1.66936090019474,1.67865900120902,0.998308486888955,0.998221436359564
"quant",5,25,0.92,1.55409895833524,1.55462577264801,0.998440765991054,0.998289285080582
"quant",5,25,0.93,1.43010034377489,1.42046358868662,0.998541670261775,0.998184092724944
"quant",5,25,0.94,1.29569282167033,1.2744794716886,0.998337062547025,0.998002373087667
"quant",5,25,0.95,1.14881836387137,1.116059902341,0.998102016497567,0.998549865625578
"quant",5,25,0.96,0.987770283198226,0.943819806022738,0.997878033882763,0.998837286169597
"quant",5,25,0.97,0.807017216485067,0.760473397331852,0.996720632754036,0.995646232951901
"quant",5,25,0.98,0.599317764499229,0.564803970005739,0.993757600392895,0.997041711824282
"quant",5,25,0.99,0.331893269197408,0.318889692153715,0.97835212320138,0.999690092617425
"quant",5,25,0.995,0.181400458425818,0.178852172989564,0.952930218959549,0.991420817164602
"energy",1,0,NA,8.61187186541902,8.70439022246411,1,1
"energy",2,0,NA,8.50469163058402,8.63520741065411,0.987554362569492,0.992051963429735
"energy",3,0,NA,14.7729813471982,14.1675693796761,1.71542047745962,1.62763490808497
"energy",4,0,NA,8.25355650236884,8.22679260329329,0.958392859456143,0.94513140990184
"energy",5,0,NA,12.274031324914,11.9421301563048,1.4252454654139,1.37196631252639
"energy",1,3,NA,8.61183963677543,8.70453067387148,1,1
"energy",2,3,NA,8.50322036708984,8.63161473835418,0.987387216405918,0.991623220337867
"energy",3,3,NA,14.7881105889905,14.1560532769215,1.71718369276644,1.62628564448787
"energy",4,3,NA,8.28921252009679,8.26839444536791,0.962536794658726,0.949895491802594
"energy",5,3,NA,12.1466079394533,11.9421369898366,1.41045449657275,1.37194496030481
"energy",1,5,NA,8.61877188156791,8.7047790755112,1,1
"energy",2,5,NA,8.50144932684853,8.62560910985549,0.986387555404467,0.990905000004142
"energy",3,5,NA,14.839734430422,14.1417300693557,1.72179222682042,1.62459379459038
"energy",4,5,NA,8.18453098673224,8.18006650177584,0.949616847875469,0.939721322139982
"energy",5,5,NA,12.3971519001167,11.8637264404268,1.43838960706562,1.36289805146262
"energy",1,8,NA,8.61992204422807,8.70944548788225,1,1
"energy",2,8,NA,8.5055064369137,8.62238006447532,0.98672660765059,0.990003333331834
"energy",3,8,NA,14.9704085557855,14.1411334893168,1.73672203518474,1.62365485942726
"energy",4,8,NA,8.21407066385695,8.24715373899034,0.952917047475751,0.946920645001441
"energy",5,8,NA,12.5877710804939,12.0005809008533,1.46031147566151,1.3778811656322
"energy",1,10,NA,8.61938067422546,8.70387292158829,1,1
"energy",2,10,NA,8.49921328328906,8.62799506883938,0.986058465743862,0.991282288536094
"energy",3,10,NA,15.2502187186579,14.1802949034436,1.76929402413571,1.62919369701183
"energy",4,10,NA,8.15701363418336,8.15626817835384,0.946357278148218,0.937084933549957
"energy",5,10,NA,12.3269635384792,11.9941631312428,1.43014492622892,1.37802599363481
"energy",1,12,NA,8.61597243900664,8.71181175179001,1,1
"energy",2,12,NA,8.50271854977598,8.63228884832036,0.986855356138567,0.990871829450021
"energy",3,12,NA,15.0496294108099,14.1987763401415,1.74671280779364,1.62983048126862
"energy",4,12,NA,8.18301996932933,8.259532409179,0.949750016873635,0.948084353117699
"energy",5,12,NA,12.3146449572839,12.0537697996251,1.42928091338042,1.38361228904521
"energy",1,15,NA,8.62135054337843,8.71277852116506,1,1
"energy",2,15,NA,8.50092215169751,8.62559183204395,0.986031377441969,0.989993239365683
"energy",3,15,NA,15.2536555075532,14.4984787605894,1.76928839986314,1.66404766577846
"energy",4,15,NA,8.14863495943639,8.18365925548699,0.945169195758418,0.939270892242614
"energy",5,15,NA,12.6501225265727,12.0485736854626,1.46730172528347,1.38286238496643
"energy",1,20,NA,8.6190608558224,8.70625772910329,1,1
"energy",2,20,NA,8.50035595509198,8.62991738046983,0.986227629353582,0.991231554244223
"energy",3,20,NA,14.995019979989,14.2974039778527,1.73975102749848,1.6421985682849
"energy",4,20,NA,8.20932161413463,8.18709949545909,0.952461265961362,0.940369530767651
"energy",5,20,NA,12.511109162314,11.9214666200814,1.45156292217874,1.36929861152977
"energy",1,25,NA,8.6218311110214,8.7157136483644,1,1
"energy",2,25,NA,8.49987737215011,8.61912176103972,0.985855239182846,0.98891750105365
"energy",3,25,NA,15.3428381786958,14.8165817389733,1.77953360268016,1.69998491652531
"energy",4,25,NA,8.17180815341379,8.21105593320412,0.947804248098488,0.942097946821028
"energy",5,25,NA,12.6420972194049,11.9694207712611,1.46628912775203,1.37331505533196
"variogram",1,0,NA,671.58365608933,678.650447900825,1,1
"variogram",2,0,NA,665.244112803748,668.864680918109,0.990560307374814,0.985580548848107
"variogram",3,0,NA,1208.40759513239,1132.21619376744,1.7993403862283,1.66833485083457
"variogram",4,0,NA,607.881377963567,592.175798921501,0.90514617568762,0.872578513361622
"variogram",5,0,NA,949.409003289606,891.875144538337,1.41368687978214,1.31418928153227
"variogram",1,3,NA,671.600090349158,678.70648533963,1,1
"variogram",2,3,NA,665.104125039177,668.660336897255,0.990327628892064,0.985198095702081
"variogram",3,3,NA,1212.74749412315,1135.37964623217,1.80575838441692,1.67285810693855
"variogram",4,3,NA,610.301796141591,603.897808543221,0.908727983976747,0.889777571877815
"variogram",5,3,NA,924.449211279597,894.876447959196,1.37648762197007,1.31850286874951
"variogram",1,5,NA,671.97571988272,678.364604575313,1,1
"variogram",2,5,NA,664.973450571646,668.213572789728,0.98957957988081,0.985036023817988
"variogram",3,5,NA,1217.74110022484,1126.89196600269,1.81218020859053,1.66118921653965
"variogram",4,5,NA,601.868435519656,607.252002663457,0.895669914419974,0.895170530077442
"variogram",5,5,NA,966.776673871034,895.976532253101,1.43870774682122,1.32078903617624
"variogram",1,8,NA,671.961136098613,677.482138674946,1,1
"variogram",2,8,NA,665.332088421045,668.173178898593,0.990134775180517,0.98625947571908
"variogram",3,8,NA,1231.63235005243,1128.68535098504,1.83289223719582,1.6660001593438
"variogram",4,8,NA,605.148853184865,598.421285016673,0.900571209665996,0.883301936471854
"variogram",5,8,NA,974.634195618993,904.361931946232,1.45043238851236,1.33488675246115
"variogram",1,10,NA,671.925859483458,678.78118135682,1,1
"variogram",2,10,NA,664.473235903791,667.97829266152,0.988908562642021,0.984084873016506
"variogram",3,10,NA,1253.23955608178,1133.27852131092,1.86514559366,1.66957858060473
"variogram",4,10,NA,600.328346207702,593.681934684746,0.893444325344471,0.874629337098049
"variogram",5,10,NA,937.934589127581,905.425536583893,1.39589000168652,1.33389899639532
"variogram",1,12,NA,671.67820487792,678.388354055218,1,1
"variogram",2,12,NA,664.924359388506,668.389280745321,0.989944819646721,0.985260546926955
"variogram",3,12,NA,1238.76788741672,1140.64551046627,1.84428775330274,1.68140491157876
"variogram",4,12,NA,600.856113054997,597.163405920768,0.8945594909756,0.880267773394237
"variogram",5,12,NA,945.970493818082,910.870529243219,1.40836860113693,1.34269776861334
"variogram",1,15,NA,672.024301228521,679.03347899516,1,1
"variogram",2,15,NA,664.85775448279,667.172899888023,0.989335881555725,0.982533145310172
"variogram",3,15,NA,1251.16610714418,1163.26357562416,1.86178699915604,1.71311667481486
"variogram",4,15,NA,596.207073399958,594.345192792766,0.887180824130969,0.875281132930711
"variogram",5,15,NA,977.223405621297,903.538519441111,1.45414891073856,1.33062440570408
"variogram",1,20,NA,672.15013954787,679.063744797302,1,1
"variogram",2,20,NA,664.756300732835,667.030483398187,0.988999721371763,0.982279629134512
"variogram",3,20,NA,1231.18195520318,1143.2945278089,1.8317067612771,1.68363358604894
"variogram",4,20,NA,604.210949746119,594.00766010782,0.898922598085822,0.874745065774539
"variogram",5,20,NA,968.625581881222,896.737580288174,1.4410851458467,1.32054992945596
"variogram",1,25,NA,672.466897451841,679.818243552914,1,1
"variogram",2,25,NA,664.901619259473,667.676022031607,0.988749961937109,0.982139017838286
"variogram",3,25,NA,1258.73133084677,1163.18398888366,1.87181158747954,1.71102202671783
"variogram",4,25,NA,598.058265559061,598.823690496147,0.889349747660838,0.880858517956995
"variogram",5,25,NA,973.180955405624,923.196273954656,1.44718046210642,1.35800455888001
"pred_rmse",1,0,NA,1.89961583508969,1.91245625711391,1,1
"pred_rmse",2,0,NA,1.89884364142433,1.91273261343756,0.999593500090335,1.00014450334361
"pred_rmse",3,0,NA,3.89853931826912,3.627210228126,2.05227775335166,1.89662389120462
"pred_rmse",4,0,NA,1.87182247257502,1.84246962879828,0.985368956185099,0.963404847532962
"pred_rmse",5,0,NA,2.82661750791176,2.60697994975322,1.48799428584375,1.36315794939405
"pred_rmse",1,3,NA,1.89956532532737,1.91245623763593,1,1
"pred_rmse",2,3,NA,1.89884051302902,1.91235535957798,0.999618432549443,0.999947252096039
"pred_rmse",3,3,NA,3.89562886168418,3.6415789785314,2.05080015398408,1.90413715454891
"pred_rmse",4,3,NA,1.8856747340598,1.86070146369817,0.992687489562819,0.97293806105507
"pred_rmse",5,3,NA,2.73390163164318,2.59621762211679,1.43922485591383,1.35753047365209
"pred_rmse",1,5,NA,1.89955962100952,1.91215373492263,1,1
"pred_rmse",2,5,NA,1.89901536862165,1.91309775723098,0.999713484966802,1.00049369582116
"pred_rmse",3,5,NA,3.87649072944502,3.54510932986043,2.04073127611802,1.85398760837808
"pred_rmse",4,5,NA,1.84435976265897,1.84891521385291,0.970940707656645,0.966928118845905
"pred_rmse",5,5,NA,2.8875984426953,2.60209727701238,1.52014098992096,1.36082012104412
"pred_rmse",1,8,NA,1.90002328624704,1.91243142626165,1,1
"pred_rmse",2,8,NA,1.89903888676303,1.91282188303735,0.99948190135819,1.00020416772614
"pred_rmse",3,8,NA,3.94827335891529,3.63264072340699,2.07801314199364,1.89948809328444
"pred_rmse",4,8,NA,1.85724045268842,1.84993892570497,0.977482995146272,0.967323011064069
"pred_rmse",5,8,NA,2.87086446982073,2.64529729007201,1.51096278166743,1.38321157754814
"pred_rmse",1,10,NA,1.90001895540045,1.9123447227005,1,1
"pred_rmse",2,10,NA,1.89905717145335,1.91346131212575,0.999493802972668,1.00058388501403
"pred_rmse",3,10,NA,4.10157608627817,3.63291578281155,2.15870271958088,1.89971804752929
"pred_rmse",4,10,NA,1.83854324991027,1.79892127253245,0.967644688325111,0.940688805307085
"pred_rmse",5,10,NA,2.76323790723933,2.64325273382735,1.45432123157789,1.38220515498623
"pred_rmse",1,12,NA,1.8996524546181,1.91198954004487,1,1
"pred_rmse",2,12,NA,1.8989482359597,1.91318738729326,0.999629290791224,1.00062649257399
"pred_rmse",3,12,NA,3.99103790396974,3.75167326960912,2.10093056457113,1.96218294662902
"pred_rmse",4,12,NA,1.84085874084909,1.86260257149974,0.969050278841225,0.974169854222123
"pred_rmse",5,12,NA,2.76414883268732,2.64696211340726,1.45508133657165,1.38440198440894
"pred_rmse",1,15,NA,1.89988457134755,1.91274501951668,1,1
"pred_rmse",2,15,NA,1.89901207752415,1.91284767032875,0.999540764825109,1.00005366675172
"pred_rmse",3,15,NA,4.06187738113898,3.84755248519011,2.13796008578457,2.01153444182661
"pred_rmse",4,15,NA,1.8192347345633,1.81764167873269,0.957550138571289,0.950279132966703
"pred_rmse",5,15,NA,2.90284176287357,2.67295297426572,1.52790427726599,1.39744343704585
"pred_rmse",1,20,NA,1.89965194875937,1.9112789298772,1,1
"pred_rmse",2,20,NA,1.8989831640356,1.91305621279287,0.999647943548707,1.00092989196286
"pred_rmse",3,20,NA,3.93929357602477,3.77567001984849,2.07369227747086,1.97546781938892
"pred_rmse",4,20,NA,1.85761798291419,1.82703812603479,0.977872806714601,0.955924379992084
"pred_rmse",5,20,NA,2.86691855782731,2.64334049020716,1.50918096322837,1.38302183364571
"pred_rmse",1,25,NA,1.89986377822733,1.91244719927994,1,1
"pred_rmse",2,25,NA,1.89915682230894,1.91316241646497,0.999627891259103,1.00037398009487
"pred_rmse",3,25,NA,4.06475525130639,3.90611307251361,2.13949826186961,2.04246845297706
"pred_rmse",4,25,NA,1.83223542286456,1.81013869702142,0.964403576647022,0.946503881363608
"pred_rmse",5,25,NA,2.86730572081186,2.65645890114567,1.50921647839784,1.38903646706997
"recovery_rmse",1,0,NA,4.29557774100108,4.38181050833977,1,1
"recovery_rmse",2,0,NA,3.33155772740334,3.3482543029003,0.775578496834961,0.764125764116834
"recovery_rmse",3,0,NA,3.65558205725841,3.68754754604778,0.851010568931404,0.841557967655008
"recovery_rmse",4,0,NA,0.360125924940239,0.319817563818541,0.0838364352023837,0.0729875386463749
"recovery_rmse",5,0,NA,3.37531943944118,3.31769791838918,0.785766116446671,0.757152303157497
"recovery_rmse",1,3,NA,4.29569081208228,4.38453375726576,1,1
"recovery_rmse",2,3,NA,3.33007538676508,3.35389716240368,0.775213005879926,0.764938154905484
"recovery_rmse",3,3,NA,3.6394196283769,3.6602515531298,0.847225693744179,0.834809755327866
"recovery_rmse",4,3,NA,0.353010096036625,0.365225799486564,0.0821777244869978,0.0832986629151471
"recovery_rmse",5,3,NA,3.40045512005513,3.3414515907834,0.791596804521135,0.76209963835862
"recovery_rmse",1,5,NA,4.33043654210127,4.41090053697178,1,1
"recovery_rmse",2,5,NA,3.33220098488277,3.31705159036226,0.769483850527891,0.752012330035335
"recovery_rmse",3,5,NA,3.70541947350794,3.67653047126668,0.85566880786341,0.833510173364901
"recovery_rmse",4,5,NA,0.365085457490448,0.363138536943423,0.0843068484992269,0.0823275278822608
"recovery_rmse",5,5,NA,3.26716135781406,3.2302386753912,0.75446466564055,0.73233088080668
"recovery_rmse",1,8,NA,4.32894570863344,4.38320473428098,1,1
"recovery_rmse",2,8,NA,3.33841777471255,3.34586664861615,0.771184948809723,0.763337980187914
"recovery_rmse",3,8,NA,3.63725996884144,3.6290939836563,0.840218430456973,0.827954477068618
"recovery_rmse",4,8,NA,0.379545883588325,0.356511763646246,0.0876762863602972,0.0813358684475704
"recovery_rmse",5,8,NA,3.23104431385316,3.1584167427212,0.746381343478004,0.720572488439626
"recovery_rmse",1,10,NA,4.3306015375544,4.39828263971784,1,1
"recovery_rmse",2,10,NA,3.33916157292506,3.33085338757582,0.771061836090968,0.757307717675346
"recovery_rmse",3,10,NA,3.60955027650727,3.58068171358794,0.833498590254894,0.814109052759202
"recovery_rmse",4,10,NA,0.374280548371911,0.359669194619035,0.0864269190148759,0.081774916275528
"recovery_rmse",5,10,NA,3.2598554003085,3.2728889982121,0.752748866881304,0.744128848986854
"recovery_rmse",1,12,NA,4.30085188441562,4.41166345984004,1,1
"recovery_rmse",2,12,NA,3.31841341042192,3.34617556927966,0.771571190918335,0.75848386889443
"recovery_rmse",3,12,NA,3.57633125554273,3.45715394452325,0.831540204511988,0.783639544583167
"recovery_rmse",4,12,NA,0.363412149491829,0.34488544817294,0.0844977133038859,0.0781758289843452
"recovery_rmse",5,12,NA,3.2472929185694,3.28265024586885,0.755034817715101,0.74408446513458
"recovery_rmse",1,15,NA,4.2876345406762,4.3945484465072,1,1
"recovery_rmse",2,15,NA,3.31080299321391,3.30299985221783,0.772174718205288,0.751613025188757
"recovery_rmse",3,15,NA,3.58781405500949,3.58368354371149,0.836781684859655,0.815483908604947
"recovery_rmse",4,15,NA,0.406219203468933,0.416327711793184,0.0947420307433357,0.0947373130279364
"recovery_rmse",5,15,NA,3.19437271550421,3.30803611367613,0.745019820416043,0.752759049978245
"recovery_rmse",1,20,NA,4.29766088040562,4.35862275385015,1,1
"recovery_rmse",2,20,NA,3.3189946363762,3.34554474910362,0.77227932327293,0.767569238734498
"recovery_rmse",3,20,NA,3.58846427308083,3.45386861522352,0.83498078907104,0.792422012704031
"recovery_rmse",4,20,NA,0.378411931656844,0.396731220229306,0.0880506727234208,0.091022151407542
"recovery_rmse",5,20,NA,3.15886688434627,3.05807367046502,0.73502004282109,0.701614671231571
"recovery_rmse",1,25,NA,4.30219800281275,4.36950550232202,1,1
"recovery_rmse",2,25,NA,3.3177132062074,3.34117502268755,0.771167018356269,0.76465747002996
"recovery_rmse",3,25,NA,3.49661908128948,3.38018418046741,0.812751779207607,0.77358506098027
"recovery_rmse",4,25,NA,0.414316311368199,0.359966257100488,0.0963034037711237,0.0823814632821029
"recovery_rmse",5,25,NA,3.03462600413599,3.15013321805259,0.705366420176842,0.720935862508596
"elapsed_sec",1,0,NA,354.254,354.27,1,1
"elapsed_sec",2,0,NA,404.197,386.84,1.14098076521366,1.09193552939848
"elapsed_sec",3,0,NA,451.17,457.975,1.27357771542453,1.29272870974116
"elapsed_sec",4,0,NA,741.36,729.485,2.09273572069758,2.05912157394078
"elapsed_sec",5,0,NA,760.718,741.765,2.14738012838246,2.0937844017275
"elapsed_sec",1,3,NA,334.609,331.46,1,1
"elapsed_sec",2,3,NA,391.196,391.290000000001,1.16911380148173,1.18050443492428
"elapsed_sec",3,3,NA,404.381,406.25,1.20851800160785,1.22563808604356
"elapsed_sec",4,3,NA,679.034,671.859999999999,2.02933573215305,2.02697158028118
"elapsed_sec",5,3,NA,690.166000000001,690.764999999999,2.06260441291179,2.08400712001448
"elapsed_sec",1,5,NA,334.977,335.09,1,1
"elapsed_sec",2,5,NA,407.729,400.98,1.21718506046684,1.1966337401892
"elapsed_sec",3,5,NA,429.359,430.465,1.2817566579198,1.28462502611239
"elapsed_sec",4,5,NA,747.101,742.33,2.23030536424889,2.21531528842997
"elapsed_sec",5,5,NA,792.281,785.665,2.36518029596062,2.34463875376764
"elapsed_sec",1,8,NA,345.271,345.585,1,1
"elapsed_sec",2,8,NA,413.537,413.605,1.19771715550973,1.19682567241055
"elapsed_sec",3,8,NA,438.608,439.025,1.27032968306055,1.27038210570482
"elapsed_sec",4,8,NA,757.319,756.325,2.19340460102354,2.18853538203336
"elapsed_sec",5,8,NA,759.558000000001,766.255000000001,2.19988936226906,2.21726926805272
"elapsed_sec",1,10,NA,353.102,353.495,1,1
"elapsed_sec",2,10,NA,424.385,423.19,1.20187651160288,1.19715979009604
"elapsed_sec",3,10,NA,450.212,450.750000000001,1.27501968269792,1.27512411773858
"elapsed_sec",4,10,NA,746.646,743.320000000002,2.11453347757872,2.10277373088729
"elapsed_sec",5,10,NA,807.429,807.615000000001,2.28667353909069,2.2846574916194
"elapsed_sec",1,12,NA,365.94,365.124999999999,1,1
"elapsed_sec",2,12,NA,434.844,435.355,1.18829316281358,1.19234508729887
"elapsed_sec",3,12,NA,459.039,459.45,1.25441055910805,1.25833618623759
"elapsed_sec",4,12,NA,778.107,778.610000000001,2.12632398753894,2.13244779185211
"elapsed_sec",5,12,NA,782.347,787.455,2.13791058643494,2.15667237247518
"elapsed_sec",1,15,NA,380.9,381.73,1,1
"elapsed_sec",2,15,NA,449.229,449.245,1.17938829089,1.17686584758861
"elapsed_sec",3,15,NA,469.705,471.585,1.23314518246259,1.23538888743353
"elapsed_sec",4,15,NA,706.548,702.314999999999,1.85494355473878,1.83982133969036
"elapsed_sec",5,15,NA,736.871000000001,735.675000000001,1.9345523759517,1.92721295156263
"elapsed_sec",1,20,NA,411.294,411.57,1,1
"elapsed_sec",2,20,NA,477.349,478.125,1.16060287774682,1.16171003717472
"elapsed_sec",3,20,NA,498.952,499.619999999999,1.21312734929272,1.21393687586559
"elapsed_sec",4,20,NA,730.891,730.584999999999,1.77705242478616,1.77511723400637
"elapsed_sec",5,20,NA,765.956,764.640000000001,1.86230774093471,1.85786136015745
"elapsed_sec",1,25,NA,458.797,449.515,1,1
"elapsed_sec",2,25,NA,535.481,527.635,1.16714145907667,1.17378730409441
"elapsed_sec",3,25,NA,552.12,541.715,1.20340804320865,1.20510995183698
"elapsed_sec",4,25,NA,874.48,865.325,1.90602815624339,1.92501918734636
"elapsed_sec",5,25,NA,786.532,787.914999999997,1.71433553401613,1.75281136335828
