"score","method","mrts_k","dataset","quantile","value"
"brier",1,0,1,0.9,0.0197310138
"brier",1,0,1,0.91,0.0207752762545455
"brier",1,0,1,0.92,0.0186641793681818
"brier",1,0,1,0.93,0.0170105870909091
"brier",1,0,1,0.94,0.0151476635636364
"brier",1,0,1,0.95,0.01305986635
"brier",1,0,1,0.96,0.0102721412545455
"brier",1,0,1,0.97,0.00770652438181818
"brier",1,0,1,0.98,0.00320838669545455
"brier",1,0,1,0.99,0.00374519504090909
"brier",1,0,1,0.995,0.00438576225909091
"brier",1,0,2,0.9,0.0266306361454545
"brier",1,0,2,0.91,0.0226518862954545
"brier",1,0,2,0.92,0.0190004233636364
"brier",1,0,2,0.93,0.0146908476818182
"brier",1,0,2,0.94,0.0117706713272727
"brier",1,0,2,0.95,0.00797212457727273
"brier",1,0,2,0.96,0.003350635
"brier",1,0,2,0.97,0.00447712754090909
"brier",1,0,2,0.98,0.00135669614545455
"brier",1,0,2,0.99,0.00360441842272727
"brier",1,0,2,0.995,0.00268316603181818
"brier",1,0,3,0.9,0.0236256665272727
"brier",1,0,3,0.91,0.0217868175818182
"brier",1,0,3,0.92,0.0178883962681818
"brier",1,0,3,0.93,0.0176068998318182
"brier",1,0,3,0.94,0.0140158878772727
"brier",1,0,3,0.95,0.0105127607318182
"brier",1,0,3,0.96,0.00847200241363636
"brier",1,0,3,0.97,0.00827085736818182
"brier",1,0,3,0.98,0.00873566885
"brier",1,0,3,0.99,0.00251855426818182
"brier",1,0,3,0.995,0.00167150741363636
"brier",1,0,4,0.9,0.0222418780636364
"brier",1,0,4,0.91,0.0211821296318182
"brier",1,0,4,0.92,0.0196995141636364
"brier",1,0,4,0.93,0.0181604971681818
"brier",1,0,4,0.94,0.0163935690181818
"brier",1,0,4,0.95,0.0130133029318182
"brier",1,0,4,0.96,0.0111220434136364
"brier",1,0,4,0.97,0.00404269837727273
"brier",1,0,4,0.98,6.24090909090909e-09
"brier",1,0,4,0.99,0.00308598409090909
"brier",1,0,4,0.995,0.00171216385
"brier",1,0,5,0.9,0.0272707218045455
"brier",1,0,5,0.91,0.0228133566954545
"brier",1,0,5,0.92,0.0195863530181818
"brier",1,0,5,0.93,0.0166157700727273
"brier",1,0,5,0.94,0.0170199559272727
"brier",1,0,5,0.95,0.0194115870727273
"brier",1,0,5,0.96,0.0192080090954545
"brier",1,0,5,0.97,0.0185136046045455
"brier",1,0,5,0.98,0.0146733352863636
"brier",1,0,5,0.99,0.0098204714
"brier",1,0,5,0.995,0.00492326426363636
"brier",1,0,6,0.9,0.0346832511272727
"brier",1,0,6,0.91,0.0353300171590909
"brier",1,0,6,0.92,0.0326135291454545
"brier",1,0,6,0.93,0.0308294257681818
"brier",1,0,6,0.94,0.0307202726954545
"brier",1,0,6,0.95,0.0275748976181818
"brier",1,0,6,0.96,0.0234228915090909
"brier",1,0,6,0.97,0.0196842317227273
"brier",1,0,6,0.98,0.0152991838409091
"brier",1,0,6,0.99,0.00830820543636364
"brier",1,0,6,0.995,0.00409507752272727
"brier",1,0,7,0.9,0.0221896866727273
"brier",1,0,7,0.91,0.0182914547454545
"brier",1,0,7,0.92,0.0157542247818182
"brier",1,0,7,0.93,0.0116795898818182
"brier",1,0,7,0.94,0.0128312149136364
"brier",1,0,7,0.95,0.0122018232772727
"brier",1,0,7,0.96,0.00980149292727273
"brier",1,0,7,0.97,0.00632659637272727
"brier",1,0,7,0.98,0.00724740936818182
"brier",1,0,7,0.99,0.00563174638636364
"brier",1,0,7,0.995,0.00243625056363636
"brier",1,0,8,0.9,0.0170973643863636
"brier",1,0,8,0.91,0.0158070896863636
"brier",1,0,8,0.92,0.0144598879909091
"brier",1,0,8,0.93,0.0123399752909091
"brier",1,0,8,0.94,0.00831347760909091
"brier",1,0,8,0.95,0.00755723492727273
"brier",1,0,8,0.96,0.00630117462727273
"brier",1,0,8,0.97,0.00593113335909091
"brier",1,0,8,0.98,0.00359637216363636
"brier",1,0,8,0.99,0.00397372849545455
"brier",1,0,8,0.995,0.00247571981818182
"brier",1,0,9,0.9,0.0112979442045455
"brier",1,0,9,0.91,0.0130680360363636
"brier",1,0,9,0.92,0.0118817047181818
"brier",1,0,9,0.93,0.0132077421272727
"brier",1,0,9,0.94,0.0130781642681818
"brier",1,0,9,0.95,0.010910709
"brier",1,0,9,0.96,0.00905748358181818
"brier",1,0,9,0.97,0.01168386385
"brier",1,0,9,0.98,0.00985015755
"brier",1,0,9,0.99,0.00588077845
"brier",1,0,9,0.995,0.00274596740454545
"brier",1,0,10,0.9,0.0269925707818182
"brier",1,0,10,0.91,0.0257307142636364
"brier",1,0,10,0.92,0.0248075192545455
"brier",1,0,10,0.93,0.0246153826272727
"brier",1,0,10,0.94,0.0239720928136364
"brier",1,0,10,0.95,0.0234748255318182
"brier",1,0,10,0.96,0.0204022724227273
"brier",1,0,10,0.97,0.0175509543590909
"brier",1,0,10,0.98,0.0149882235
"brier",1,0,10,0.99,0.00850782601363636
"brier",1,0,10,0.995,0.00359740194545455
"brier",1,0,11,0.9,NA
"brier",1,0,11,0.91,NA
"brier",1,0,11,0.92,NA
"brier",1,0,11,0.93,NA
"brier",1,0,11,0.94,NA
"brier",1,0,11,0.95,NA
"brier",1,0,11,0.96,NA
"brier",1,0,11,0.97,NA
"brier",1,0,11,0.98,NA
"brier",1,0,11,0.99,NA
"brier",1,0,11,0.995,NA
"brier",1,0,12,0.9,NA
"brier",1,0,12,0.91,NA
"brier",1,0,12,0.92,NA
"brier",1,0,12,0.93,NA
"brier",1,0,12,0.94,NA
"brier",1,0,12,0.95,NA
"brier",1,0,12,0.96,NA
"brier",1,0,12,0.97,NA
"brier",1,0,12,0.98,NA
"brier",1,0,12,0.99,NA
"brier",1,0,12,0.995,NA
"brier",1,0,13,0.9,NA
"brier",1,0,13,0.91,NA
"brier",1,0,13,0.92,NA
"brier",1,0,13,0.93,NA
"brier",1,0,13,0.94,NA
"brier",1,0,13,0.95,NA
"brier",1,0,13,0.96,NA
"brier",1,0,13,0.97,NA
"brier",1,0,13,0.98,NA
"brier",1,0,13,0.99,NA
"brier",1,0,13,0.995,NA
"brier",1,0,14,0.9,NA
"brier",1,0,14,0.91,NA
"brier",1,0,14,0.92,NA
"brier",1,0,14,0.93,NA
"brier",1,0,14,0.94,NA
"brier",1,0,14,0.95,NA
"brier",1,0,14,0.96,NA
"brier",1,0,14,0.97,NA
"brier",1,0,14,0.98,NA
"brier",1,0,14,0.99,NA
"brier",1,0,14,0.995,NA
"brier",1,0,15,0.9,NA
"brier",1,0,15,0.91,NA
"brier",1,0,15,0.92,NA
"brier",1,0,15,0.93,NA
"brier",1,0,15,0.94,NA
"brier",1,0,15,0.95,NA
"brier",1,0,15,0.96,NA
"brier",1,0,15,0.97,NA
"brier",1,0,15,0.98,NA
"brier",1,0,15,0.99,NA
"brier",1,0,15,0.995,NA
"brier",1,0,16,0.9,NA
"brier",1,0,16,0.91,NA
"brier",1,0,16,0.92,NA
"brier",1,0,16,0.93,NA
"brier",1,0,16,0.94,NA
"brier",1,0,16,0.95,NA
"brier",1,0,16,0.96,NA
"brier",1,0,16,0.97,NA
"brier",1,0,16,0.98,NA
"brier",1,0,16,0.99,NA
"brier",1,0,16,0.995,NA
"brier",1,0,17,0.9,NA
"brier",1,0,17,0.91,NA
"brier",1,0,17,0.92,NA
"brier",1,0,17,0.93,NA
"brier",1,0,17,0.94,NA
"brier",1,0,17,0.95,NA
"brier",1,0,17,0.96,NA
"brier",1,0,17,0.97,NA
"brier",1,0,17,0.98,NA
"brier",1,0,17,0.99,NA
"brier",1,0,17,0.995,NA
"brier",1,0,18,0.9,NA
"brier",1,0,18,0.91,NA
"brier",1,0,18,0.92,NA
"brier",1,0,18,0.93,NA
"brier",1,0,18,0.94,NA
"brier",1,0,18,0.95,NA
"brier",1,0,18,0.96,NA
"brier",1,0,18,0.97,NA
"brier",1,0,18,0.98,NA
"brier",1,0,18,0.99,NA
"brier",1,0,18,0.995,NA
"brier",1,0,19,0.9,NA
"brier",1,0,19,0.91,NA
"brier",1,0,19,0.92,NA
"brier",1,0,19,0.93,NA
"brier",1,0,19,0.94,NA
"brier",1,0,19,0.95,NA
"brier",1,0,19,0.96,NA
"brier",1,0,19,0.97,NA
"brier",1,0,19,0.98,NA
"brier",1,0,19,0.99,NA
"brier",1,0,19,0.995,NA
"brier",1,0,20,0.9,NA
"brier",1,0,20,0.91,NA
"brier",1,0,20,0.92,NA
"brier",1,0,20,0.93,NA
"brier",1,0,20,0.94,NA
"brier",1,0,20,0.95,NA
"brier",1,0,20,0.96,NA
"brier",1,0,20,0.97,NA
"brier",1,0,20,0.98,NA
"brier",1,0,20,0.99,NA
"brier",1,0,20,0.995,NA
"brier",1,0,21,0.9,NA
"brier",1,0,21,0.91,NA
"brier",1,0,21,0.92,NA
"brier",1,0,21,0.93,NA
"brier",1,0,21,0.94,NA
"brier",1,0,21,0.95,NA
"brier",1,0,21,0.96,NA
"brier",1,0,21,0.97,NA
"brier",1,0,21,0.98,NA
"brier",1,0,21,0.99,NA
"brier",1,0,21,0.995,NA
"brier",1,0,22,0.9,NA
"brier",1,0,22,0.91,NA
"brier",1,0,22,0.92,NA
"brier",1,0,22,0.93,NA
"brier",1,0,22,0.94,NA
"brier",1,0,22,0.95,NA
"brier",1,0,22,0.96,NA
"brier",1,0,22,0.97,NA
"brier",1,0,22,0.98,NA
"brier",1,0,22,0.99,NA
"brier",1,0,22,0.995,NA
"brier",1,0,23,0.9,NA
"brier",1,0,23,0.91,NA
"brier",1,0,23,0.92,NA
"brier",1,0,23,0.93,NA
"brier",1,0,23,0.94,NA
"brier",1,0,23,0.95,NA
"brier",1,0,23,0.96,NA
"brier",1,0,23,0.97,NA
"brier",1,0,23,0.98,NA
"brier",1,0,23,0.99,NA
"brier",1,0,23,0.995,NA
"brier",1,0,24,0.9,NA
"brier",1,0,24,0.91,NA
"brier",1,0,24,0.92,NA
"brier",1,0,24,0.93,NA
"brier",1,0,24,0.94,NA
"brier",1,0,24,0.95,NA
"brier",1,0,24,0.96,NA
"brier",1,0,24,0.97,NA
"brier",1,0,24,0.98,NA
"brier",1,0,24,0.99,NA
"brier",1,0,24,0.995,NA
"brier",1,0,25,0.9,NA
"brier",1,0,25,0.91,NA
"brier",1,0,25,0.92,NA
"brier",1,0,25,0.93,NA
"brier",1,0,25,0.94,NA
"brier",1,0,25,0.95,NA
"brier",1,0,25,0.96,NA
"brier",1,0,25,0.97,NA
"brier",1,0,25,0.98,NA
"brier",1,0,25,0.99,NA
"brier",1,0,25,0.995,NA
"brier",1,0,26,0.9,NA
"brier",1,0,26,0.91,NA
"brier",1,0,26,0.92,NA
"brier",1,0,26,0.93,NA
"brier",1,0,26,0.94,NA
"brier",1,0,26,0.95,NA
"brier",1,0,26,0.96,NA
"brier",1,0,26,0.97,NA
"brier",1,0,26,0.98,NA
"brier",1,0,26,0.99,NA
"brier",1,0,26,0.995,NA
"brier",1,0,27,0.9,NA
"brier",1,0,27,0.91,NA
"brier",1,0,27,0.92,NA
"brier",1,0,27,0.93,NA
"brier",1,0,27,0.94,NA
"brier",1,0,27,0.95,NA
"brier",1,0,27,0.96,NA
"brier",1,0,27,0.97,NA
"brier",1,0,27,0.98,NA
"brier",1,0,27,0.99,NA
"brier",1,0,27,0.995,NA
"brier",1,0,28,0.9,NA
"brier",1,0,28,0.91,NA
"brier",1,0,28,0.92,NA
"brier",1,0,28,0.93,NA
"brier",1,0,28,0.94,NA
"brier",1,0,28,0.95,NA
"brier",1,0,28,0.96,NA
"brier",1,0,28,0.97,NA
"brier",1,0,28,0.98,NA
"brier",1,0,28,0.99,NA
"brier",1,0,28,0.995,NA
"brier",1,0,29,0.9,NA
"brier",1,0,29,0.91,NA
"brier",1,0,29,0.92,NA
"brier",1,0,29,0.93,NA
"brier",1,0,29,0.94,NA
"brier",1,0,29,0.95,NA
"brier",1,0,29,0.96,NA
"brier",1,0,29,0.97,NA
"brier",1,0,29,0.98,NA
"brier",1,0,29,0.99,NA
"brier",1,0,29,0.995,NA
"brier",1,0,30,0.9,NA
"brier",1,0,30,0.91,NA
"brier",1,0,30,0.92,NA
"brier",1,0,30,0.93,NA
"brier",1,0,30,0.94,NA
"brier",1,0,30,0.95,NA
"brier",1,0,30,0.96,NA
"brier",1,0,30,0.97,NA
"brier",1,0,30,0.98,NA
"brier",1,0,30,0.99,NA
"brier",1,0,30,0.995,NA
"brier",1,0,31,0.9,NA
"brier",1,0,31,0.91,NA
"brier",1,0,31,0.92,NA
"brier",1,0,31,0.93,NA
"brier",1,0,31,0.94,NA
"brier",1,0,31,0.95,NA
"brier",1,0,31,0.96,NA
"brier",1,0,31,0.97,NA
"brier",1,0,31,0.98,NA
"brier",1,0,31,0.99,NA
"brier",1,0,31,0.995,NA
"brier",1,0,32,0.9,NA
"brier",1,0,32,0.91,NA
"brier",1,0,32,0.92,NA
"brier",1,0,32,0.93,NA
"brier",1,0,32,0.94,NA
"brier",1,0,32,0.95,NA
"brier",1,0,32,0.96,NA
"brier",1,0,32,0.97,NA
"brier",1,0,32,0.98,NA
"brier",1,0,32,0.99,NA
"brier",1,0,32,0.995,NA
"brier",1,0,33,0.9,NA
"brier",1,0,33,0.91,NA
"brier",1,0,33,0.92,NA
"brier",1,0,33,0.93,NA
"brier",1,0,33,0.94,NA
"brier",1,0,33,0.95,NA
"brier",1,0,33,0.96,NA
"brier",1,0,33,0.97,NA
"brier",1,0,33,0.98,NA
"brier",1,0,33,0.99,NA
"brier",1,0,33,0.995,NA
"brier",1,0,34,0.9,NA
"brier",1,0,34,0.91,NA
"brier",1,0,34,0.92,NA
"brier",1,0,34,0.93,NA
"brier",1,0,34,0.94,NA
"brier",1,0,34,0.95,NA
"brier",1,0,34,0.96,NA
"brier",1,0,34,0.97,NA
"brier",1,0,34,0.98,NA
"brier",1,0,34,0.99,NA
"brier",1,0,34,0.995,NA
"brier",1,0,35,0.9,NA
"brier",1,0,35,0.91,NA
"brier",1,0,35,0.92,NA
"brier",1,0,35,0.93,NA
"brier",1,0,35,0.94,NA
"brier",1,0,35,0.95,NA
"brier",1,0,35,0.96,NA
"brier",1,0,35,0.97,NA
"brier",1,0,35,0.98,NA
"brier",1,0,35,0.99,NA
"brier",1,0,35,0.995,NA
"brier",1,0,36,0.9,NA
"brier",1,0,36,0.91,NA
"brier",1,0,36,0.92,NA
"brier",1,0,36,0.93,NA
"brier",1,0,36,0.94,NA
"brier",1,0,36,0.95,NA
"brier",1,0,36,0.96,NA
"brier",1,0,36,0.97,NA
"brier",1,0,36,0.98,NA
"brier",1,0,36,0.99,NA
"brier",1,0,36,0.995,NA
"brier",1,0,37,0.9,NA
"brier",1,0,37,0.91,NA
"brier",1,0,37,0.92,NA
"brier",1,0,37,0.93,NA
"brier",1,0,37,0.94,NA
"brier",1,0,37,0.95,NA
"brier",1,0,37,0.96,NA
"brier",1,0,37,0.97,NA
"brier",1,0,37,0.98,NA
"brier",1,0,37,0.99,NA
"brier",1,0,37,0.995,NA
"brier",1,0,38,0.9,NA
"brier",1,0,38,0.91,NA
"brier",1,0,38,0.92,NA
"brier",1,0,38,0.93,NA
"brier",1,0,38,0.94,NA
"brier",1,0,38,0.95,NA
"brier",1,0,38,0.96,NA
"brier",1,0,38,0.97,NA
"brier",1,0,38,0.98,NA
"brier",1,0,38,0.99,NA
"brier",1,0,38,0.995,NA
"brier",1,0,39,0.9,NA
"brier",1,0,39,0.91,NA
"brier",1,0,39,0.92,NA
"brier",1,0,39,0.93,NA
"brier",1,0,39,0.94,NA
"brier",1,0,39,0.95,NA
"brier",1,0,39,0.96,NA
"brier",1,0,39,0.97,NA
"brier",1,0,39,0.98,NA
"brier",1,0,39,0.99,NA
"brier",1,0,39,0.995,NA
"brier",1,0,40,0.9,NA
"brier",1,0,40,0.91,NA
"brier",1,0,40,0.92,NA
"brier",1,0,40,0.93,NA
"brier",1,0,40,0.94,NA
"brier",1,0,40,0.95,NA
"brier",1,0,40,0.96,NA
"brier",1,0,40,0.97,NA
"brier",1,0,40,0.98,NA
"brier",1,0,40,0.99,NA
"brier",1,0,40,0.995,NA
"brier",1,0,41,0.9,NA
"brier",1,0,41,0.91,NA
"brier",1,0,41,0.92,NA
"brier",1,0,41,0.93,NA
"brier",1,0,41,0.94,NA
"brier",1,0,41,0.95,NA
"brier",1,0,41,0.96,NA
"brier",1,0,41,0.97,NA
"brier",1,0,41,0.98,NA
"brier",1,0,41,0.99,NA
"brier",1,0,41,0.995,NA
"brier",1,0,42,0.9,NA
"brier",1,0,42,0.91,NA
"brier",1,0,42,0.92,NA
"brier",1,0,42,0.93,NA
"brier",1,0,42,0.94,NA
"brier",1,0,42,0.95,NA
"brier",1,0,42,0.96,NA
"brier",1,0,42,0.97,NA
"brier",1,0,42,0.98,NA
"brier",1,0,42,0.99,NA
"brier",1,0,42,0.995,NA
"brier",1,0,43,0.9,NA
"brier",1,0,43,0.91,NA
"brier",1,0,43,0.92,NA
"brier",1,0,43,0.93,NA
"brier",1,0,43,0.94,NA
"brier",1,0,43,0.95,NA
"brier",1,0,43,0.96,NA
"brier",1,0,43,0.97,NA
"brier",1,0,43,0.98,NA
"brier",1,0,43,0.99,NA
"brier",1,0,43,0.995,NA
"brier",1,0,44,0.9,NA
"brier",1,0,44,0.91,NA
"brier",1,0,44,0.92,NA
"brier",1,0,44,0.93,NA
"brier",1,0,44,0.94,NA
"brier",1,0,44,0.95,NA
"brier",1,0,44,0.96,NA
"brier",1,0,44,0.97,NA
"brier",1,0,44,0.98,NA
"brier",1,0,44,0.99,NA
"brier",1,0,44,0.995,NA
"brier",1,0,45,0.9,NA
"brier",1,0,45,0.91,NA
"brier",1,0,45,0.92,NA
"brier",1,0,45,0.93,NA
"brier",1,0,45,0.94,NA
"brier",1,0,45,0.95,NA
"brier",1,0,45,0.96,NA
"brier",1,0,45,0.97,NA
"brier",1,0,45,0.98,NA
"brier",1,0,45,0.99,NA
"brier",1,0,45,0.995,NA
"brier",1,0,46,0.9,NA
"brier",1,0,46,0.91,NA
"brier",1,0,46,0.92,NA
"brier",1,0,46,0.93,NA
"brier",1,0,46,0.94,NA
"brier",1,0,46,0.95,NA
"brier",1,0,46,0.96,NA
"brier",1,0,46,0.97,NA
"brier",1,0,46,0.98,NA
"brier",1,0,46,0.99,NA
"brier",1,0,46,0.995,NA
"brier",1,0,47,0.9,NA
"brier",1,0,47,0.91,NA
"brier",1,0,47,0.92,NA
"brier",1,0,47,0.93,NA
"brier",1,0,47,0.94,NA
"brier",1,0,47,0.95,NA
"brier",1,0,47,0.96,NA
"brier",1,0,47,0.97,NA
"brier",1,0,47,0.98,NA
"brier",1,0,47,0.99,NA
"brier",1,0,47,0.995,NA
"brier",1,0,48,0.9,NA
"brier",1,0,48,0.91,NA
"brier",1,0,48,0.92,NA
"brier",1,0,48,0.93,NA
"brier",1,0,48,0.94,NA
"brier",1,0,48,0.95,NA
"brier",1,0,48,0.96,NA
"brier",1,0,48,0.97,NA
"brier",1,0,48,0.98,NA
"brier",1,0,48,0.99,NA
"brier",1,0,48,0.995,NA
"brier",1,0,49,0.9,NA
"brier",1,0,49,0.91,NA
"brier",1,0,49,0.92,NA
"brier",1,0,49,0.93,NA
"brier",1,0,49,0.94,NA
"brier",1,0,49,0.95,NA
"brier",1,0,49,0.96,NA
"brier",1,0,49,0.97,NA
"brier",1,0,49,0.98,NA
"brier",1,0,49,0.99,NA
"brier",1,0,49,0.995,NA
"brier",1,0,50,0.9,NA
"brier",1,0,50,0.91,NA
"brier",1,0,50,0.92,NA
"brier",1,0,50,0.93,NA
"brier",1,0,50,0.94,NA
"brier",1,0,50,0.95,NA
"brier",1,0,50,0.96,NA
"brier",1,0,50,0.97,NA
"brier",1,0,50,0.98,NA
"brier",1,0,50,0.99,NA
"brier",1,0,50,0.995,NA
"brier",2,0,1,0.9,0.0192829710045455
"brier",2,0,1,0.91,0.0196994414454545
"brier",2,0,1,0.92,0.0182412357227273
"brier",2,0,1,0.93,0.0165458935363636
"brier",2,0,1,0.94,0.0149001887227273
"brier",2,0,1,0.95,0.0124373882772727
"brier",2,0,1,0.96,0.0100667042954545
"brier",2,0,1,0.97,0.00727303889090909
"brier",2,0,1,0.98,0.00301331925454545
"brier",2,0,1,0.99,0.0035489469
"brier",2,0,1,0.995,0.00383046724545455
"brier",2,0,2,0.9,0.0256517396818182
"brier",2,0,2,0.91,0.0221570792454545
"brier",2,0,2,0.92,0.0185783598227273
"brier",2,0,2,0.93,0.0139956466954545
"brier",2,0,2,0.94,0.0110461650409091
"brier",2,0,2,0.95,0.00747592528181818
"brier",2,0,2,0.96,0.00375078680909091
"brier",2,0,2,0.97,0.00476740868181818
"brier",2,0,2,0.98,0.00105936265
"brier",2,0,2,0.99,0.00274346110909091
"brier",2,0,2,0.995,0.00255729008636364
"brier",2,0,3,0.9,0.0222459579772727
"brier",2,0,3,0.91,0.0206984509363636
"brier",2,0,3,0.92,0.01756534275
"brier",2,0,3,0.93,0.0171433080863636
"brier",2,0,3,0.94,0.0130305422863636
"brier",2,0,3,0.95,0.00968207998181818
"brier",2,0,3,0.96,0.00835583226363636
"brier",2,0,3,0.97,0.00757429063181818
"brier",2,0,3,0.98,0.00713702526363636
"brier",2,0,3,0.99,0.00276382026818182
"brier",2,0,3,0.995,0.00154897740454545
"brier",2,0,4,0.9,0.0201147809590909
"brier",2,0,4,0.91,0.0196673926090909
"brier",2,0,4,0.92,0.0186133214409091
"brier",2,0,4,0.93,0.0174744196863636
"brier",2,0,4,0.94,0.0150527747363636
"brier",2,0,4,0.95,0.0113872333227273
"brier",2,0,4,0.96,0.00944907428636364
"brier",2,0,4,0.97,0.00417576448181818
"brier",2,0,4,0.98,2.44012727272727e-06
"brier",2,0,4,0.99,0.00276975893181818
"brier",2,0,4,0.995,0.00223709289545455
"brier",2,0,5,0.9,0.0256097225363636
"brier",2,0,5,0.91,0.0217540445136364
"brier",2,0,5,0.92,0.0185615274590909
"brier",2,0,5,0.93,0.0159201258863636
"brier",2,0,5,0.94,0.0161333981818182
"brier",2,0,5,0.95,0.01855712255
"brier",2,0,5,0.96,0.0184689981772727
"brier",2,0,5,0.97,0.0178357496181818
"brier",2,0,5,0.98,0.0141993388681818
"brier",2,0,5,0.99,0.00873827856818182
"brier",2,0,5,0.995,0.00422511672272727
"brier",2,0,6,0.9,0.0337014450863636
"brier",2,0,6,0.91,0.0341957448090909
"brier",2,0,6,0.92,0.0316232600045455
"brier",2,0,6,0.93,0.0302690793090909
"brier",2,0,6,0.94,0.0298977110681818
"brier",2,0,6,0.95,0.0266538274727273
"brier",2,0,6,0.96,0.0225389137863636
"brier",2,0,6,0.97,0.0190796396818182
"brier",2,0,6,0.98,0.0149715421090909
"brier",2,0,6,0.99,0.00834397655
"brier",2,0,6,0.995,0.00415205108636364
"brier",2,0,7,0.9,0.0202277970636364
"brier",2,0,7,0.91,0.0171433018454545
"brier",2,0,7,0.92,0.0154667835454545
"brier",2,0,7,0.93,0.0116960159772727
"brier",2,0,7,0.94,0.0129607295090909
"brier",2,0,7,0.95,0.0126231827818182
"brier",2,0,7,0.96,0.0105961582090909
"brier",2,0,7,0.97,0.0072424729
"brier",2,0,7,0.98,0.00699357934090909
"brier",2,0,7,0.99,0.00464263000454545
"brier",2,0,7,0.995,0.00239388797272727
"brier",2,0,8,0.9,0.0159265117772727
"brier",2,0,8,0.91,0.0144970454772727
"brier",2,0,8,0.92,0.0136614685
"brier",2,0,8,0.93,0.0118960194227273
"brier",2,0,8,0.94,0.00872390887272727
"brier",2,0,8,0.95,0.00783097290909091
"brier",2,0,8,0.96,0.00651569528181818
"brier",2,0,8,0.97,0.00555103085454545
"brier",2,0,8,0.98,0.00302977931363636
"brier",2,0,8,0.99,0.00382277467272727
"brier",2,0,8,0.995,0.00262216644545455
"brier",2,0,9,0.9,0.0110391132227273
"brier",2,0,9,0.91,0.0122932600863636
"brier",2,0,9,0.92,0.0111171129272727
"brier",2,0,9,0.93,0.01287893895
"brier",2,0,9,0.94,0.0128698189136364
"brier",2,0,9,0.95,0.01102298365
"brier",2,0,9,0.96,0.00934062508181818
"brier",2,0,9,0.97,0.0112278530227273
"brier",2,0,9,0.98,0.00971298855909091
"brier",2,0,9,0.99,0.00546663338181818
"brier",2,0,9,0.995,0.00273344434090909
"brier",2,0,10,0.9,0.0268382656590909
"brier",2,0,10,0.91,0.0253596754318182
"brier",2,0,10,0.92,0.0242682706409091
"brier",2,0,10,0.93,0.0241455516681818
"brier",2,0,10,0.94,0.0233330606363636
"brier",2,0,10,0.95,0.0225774968636364
"brier",2,0,10,0.96,0.0196834165590909
"brier",2,0,10,0.97,0.0170770966772727
"brier",2,0,10,0.98,0.0143680118909091
"brier",2,0,10,0.99,0.00833438208181818
"brier",2,0,10,0.995,0.00368072691818182
"brier",2,0,11,0.9,NA
"brier",2,0,11,0.91,NA
"brier",2,0,11,0.92,NA
"brier",2,0,11,0.93,NA
"brier",2,0,11,0.94,NA
"brier",2,0,11,0.95,NA
"brier",2,0,11,0.96,NA
"brier",2,0,11,0.97,NA
"brier",2,0,11,0.98,NA
"brier",2,0,11,0.99,NA
"brier",2,0,11,0.995,NA
"brier",2,0,12,0.9,NA
"brier",2,0,12,0.91,NA
"brier",2,0,12,0.92,NA
"brier",2,0,12,0.93,NA
"brier",2,0,12,0.94,NA
"brier",2,0,12,0.95,NA
"brier",2,0,12,0.96,NA
"brier",2,0,12,0.97,NA
"brier",2,0,12,0.98,NA
"brier",2,0,12,0.99,NA
"brier",2,0,12,0.995,NA
"brier",2,0,13,0.9,NA
"brier",2,0,13,0.91,NA
"brier",2,0,13,0.92,NA
"brier",2,0,13,0.93,NA
"brier",2,0,13,0.94,NA
"brier",2,0,13,0.95,NA
"brier",2,0,13,0.96,NA
"brier",2,0,13,0.97,NA
"brier",2,0,13,0.98,NA
"brier",2,0,13,0.99,NA
"brier",2,0,13,0.995,NA
"brier",2,0,14,0.9,NA
"brier",2,0,14,0.91,NA
"brier",2,0,14,0.92,NA
"brier",2,0,14,0.93,NA
"brier",2,0,14,0.94,NA
"brier",2,0,14,0.95,NA
"brier",2,0,14,0.96,NA
"brier",2,0,14,0.97,NA
"brier",2,0,14,0.98,NA
"brier",2,0,14,0.99,NA
"brier",2,0,14,0.995,NA
"brier",2,0,15,0.9,NA
"brier",2,0,15,0.91,NA
"brier",2,0,15,0.92,NA
"brier",2,0,15,0.93,NA
"brier",2,0,15,0.94,NA
"brier",2,0,15,0.95,NA
"brier",2,0,15,0.96,NA
"brier",2,0,15,0.97,NA
"brier",2,0,15,0.98,NA
"brier",2,0,15,0.99,NA
"brier",2,0,15,0.995,NA
"brier",2,0,16,0.9,NA
"brier",2,0,16,0.91,NA
"brier",2,0,16,0.92,NA
"brier",2,0,16,0.93,NA
"brier",2,0,16,0.94,NA
"brier",2,0,16,0.95,NA
"brier",2,0,16,0.96,NA
"brier",2,0,16,0.97,NA
"brier",2,0,16,0.98,NA
"brier",2,0,16,0.99,NA
"brier",2,0,16,0.995,NA
"brier",2,0,17,0.9,NA
"brier",2,0,17,0.91,NA
"brier",2,0,17,0.92,NA
"brier",2,0,17,0.93,NA
"brier",2,0,17,0.94,NA
"brier",2,0,17,0.95,NA
"brier",2,0,17,0.96,NA
"brier",2,0,17,0.97,NA
"brier",2,0,17,0.98,NA
"brier",2,0,17,0.99,NA
"brier",2,0,17,0.995,NA
"brier",2,0,18,0.9,NA
"brier",2,0,18,0.91,NA
"brier",2,0,18,0.92,NA
"brier",2,0,18,0.93,NA
"brier",2,0,18,0.94,NA
"brier",2,0,18,0.95,NA
"brier",2,0,18,0.96,NA
"brier",2,0,18,0.97,NA
"brier",2,0,18,0.98,NA
"brier",2,0,18,0.99,NA
"brier",2,0,18,0.995,NA
"brier",2,0,19,0.9,NA
"brier",2,0,19,0.91,NA
"brier",2,0,19,0.92,NA
"brier",2,0,19,0.93,NA
"brier",2,0,19,0.94,NA
"brier",2,0,19,0.95,NA
"brier",2,0,19,0.96,NA
"brier",2,0,19,0.97,NA
"brier",2,0,19,0.98,NA
"brier",2,0,19,0.99,NA
"brier",2,0,19,0.995,NA
"brier",2,0,20,0.9,NA
"brier",2,0,20,0.91,NA
"brier",2,0,20,0.92,NA
"brier",2,0,20,0.93,NA
"brier",2,0,20,0.94,NA
"brier",2,0,20,0.95,NA
"brier",2,0,20,0.96,NA
"brier",2,0,20,0.97,NA
"brier",2,0,20,0.98,NA
"brier",2,0,20,0.99,NA
"brier",2,0,20,0.995,NA
"brier",2,0,21,0.9,NA
"brier",2,0,21,0.91,NA
"brier",2,0,21,0.92,NA
"brier",2,0,21,0.93,NA
"brier",2,0,21,0.94,NA
"brier",2,0,21,0.95,NA
"brier",2,0,21,0.96,NA
"brier",2,0,21,0.97,NA
"brier",2,0,21,0.98,NA
"brier",2,0,21,0.99,NA
"brier",2,0,21,0.995,NA
"brier",2,0,22,0.9,NA
"brier",2,0,22,0.91,NA
"brier",2,0,22,0.92,NA
"brier",2,0,22,0.93,NA
"brier",2,0,22,0.94,NA
"brier",2,0,22,0.95,NA
"brier",2,0,22,0.96,NA
"brier",2,0,22,0.97,NA
"brier",2,0,22,0.98,NA
"brier",2,0,22,0.99,NA
"brier",2,0,22,0.995,NA
"brier",2,0,23,0.9,NA
"brier",2,0,23,0.91,NA
"brier",2,0,23,0.92,NA
"brier",2,0,23,0.93,NA
"brier",2,0,23,0.94,NA
"brier",2,0,23,0.95,NA
"brier",2,0,23,0.96,NA
"brier",2,0,23,0.97,NA
"brier",2,0,23,0.98,NA
"brier",2,0,23,0.99,NA
"brier",2,0,23,0.995,NA
"brier",2,0,24,0.9,NA
"brier",2,0,24,0.91,NA
"brier",2,0,24,0.92,NA
"brier",2,0,24,0.93,NA
"brier",2,0,24,0.94,NA
"brier",2,0,24,0.95,NA
"brier",2,0,24,0.96,NA
"brier",2,0,24,0.97,NA
"brier",2,0,24,0.98,NA
"brier",2,0,24,0.99,NA
"brier",2,0,24,0.995,NA
"brier",2,0,25,0.9,NA
"brier",2,0,25,0.91,NA
"brier",2,0,25,0.92,NA
"brier",2,0,25,0.93,NA
"brier",2,0,25,0.94,NA
"brier",2,0,25,0.95,NA
"brier",2,0,25,0.96,NA
"brier",2,0,25,0.97,NA
"brier",2,0,25,0.98,NA
"brier",2,0,25,0.99,NA
"brier",2,0,25,0.995,NA
"brier",2,0,26,0.9,NA
"brier",2,0,26,0.91,NA
"brier",2,0,26,0.92,NA
"brier",2,0,26,0.93,NA
"brier",2,0,26,0.94,NA
"brier",2,0,26,0.95,NA
"brier",2,0,26,0.96,NA
"brier",2,0,26,0.97,NA
"brier",2,0,26,0.98,NA
"brier",2,0,26,0.99,NA
"brier",2,0,26,0.995,NA
"brier",2,0,27,0.9,NA
"brier",2,0,27,0.91,NA
"brier",2,0,27,0.92,NA
"brier",2,0,27,0.93,NA
"brier",2,0,27,0.94,NA
"brier",2,0,27,0.95,NA
"brier",2,0,27,0.96,NA
"brier",2,0,27,0.97,NA
"brier",2,0,27,0.98,NA
"brier",2,0,27,0.99,NA
"brier",2,0,27,0.995,NA
"brier",2,0,28,0.9,NA
"brier",2,0,28,0.91,NA
"brier",2,0,28,0.92,NA
"brier",2,0,28,0.93,NA
"brier",2,0,28,0.94,NA
"brier",2,0,28,0.95,NA
"brier",2,0,28,0.96,NA
"brier",2,0,28,0.97,NA
"brier",2,0,28,0.98,NA
"brier",2,0,28,0.99,NA
"brier",2,0,28,0.995,NA
"brier",2,0,29,0.9,NA
"brier",2,0,29,0.91,NA
"brier",2,0,29,0.92,NA
"brier",2,0,29,0.93,NA
"brier",2,0,29,0.94,NA
"brier",2,0,29,0.95,NA
"brier",2,0,29,0.96,NA
"brier",2,0,29,0.97,NA
"brier",2,0,29,0.98,NA
"brier",2,0,29,0.99,NA
"brier",2,0,29,0.995,NA
"brier",2,0,30,0.9,NA
"brier",2,0,30,0.91,NA
"brier",2,0,30,0.92,NA
"brier",2,0,30,0.93,NA
"brier",2,0,30,0.94,NA
"brier",2,0,30,0.95,NA
"brier",2,0,30,0.96,NA
"brier",2,0,30,0.97,NA
"brier",2,0,30,0.98,NA
"brier",2,0,30,0.99,NA
"brier",2,0,30,0.995,NA
"brier",2,0,31,0.9,NA
"brier",2,0,31,0.91,NA
"brier",2,0,31,0.92,NA
"brier",2,0,31,0.93,NA
"brier",2,0,31,0.94,NA
"brier",2,0,31,0.95,NA
"brier",2,0,31,0.96,NA
"brier",2,0,31,0.97,NA
"brier",2,0,31,0.98,NA
"brier",2,0,31,0.99,NA
"brier",2,0,31,0.995,NA
"brier",2,0,32,0.9,NA
"brier",2,0,32,0.91,NA
"brier",2,0,32,0.92,NA
"brier",2,0,32,0.93,NA
"brier",2,0,32,0.94,NA
"brier",2,0,32,0.95,NA
"brier",2,0,32,0.96,NA
"brier",2,0,32,0.97,NA
"brier",2,0,32,0.98,NA
"brier",2,0,32,0.99,NA
"brier",2,0,32,0.995,NA
"brier",2,0,33,0.9,NA
"brier",2,0,33,0.91,NA
"brier",2,0,33,0.92,NA
"brier",2,0,33,0.93,NA
"brier",2,0,33,0.94,NA
"brier",2,0,33,0.95,NA
"brier",2,0,33,0.96,NA
"brier",2,0,33,0.97,NA
"brier",2,0,33,0.98,NA
"brier",2,0,33,0.99,NA
"brier",2,0,33,0.995,NA
"brier",2,0,34,0.9,NA
"brier",2,0,34,0.91,NA
"brier",2,0,34,0.92,NA
"brier",2,0,34,0.93,NA
"brier",2,0,34,0.94,NA
"brier",2,0,34,0.95,NA
"brier",2,0,34,0.96,NA
"brier",2,0,34,0.97,NA
"brier",2,0,34,0.98,NA
"brier",2,0,34,0.99,NA
"brier",2,0,34,0.995,NA
"brier",2,0,35,0.9,NA
"brier",2,0,35,0.91,NA
"brier",2,0,35,0.92,NA
"brier",2,0,35,0.93,NA
"brier",2,0,35,0.94,NA
"brier",2,0,35,0.95,NA
"brier",2,0,35,0.96,NA
"brier",2,0,35,0.97,NA
"brier",2,0,35,0.98,NA
"brier",2,0,35,0.99,NA
"brier",2,0,35,0.995,NA
"brier",2,0,36,0.9,NA
"brier",2,0,36,0.91,NA
"brier",2,0,36,0.92,NA
"brier",2,0,36,0.93,NA
"brier",2,0,36,0.94,NA
"brier",2,0,36,0.95,NA
"brier",2,0,36,0.96,NA
"brier",2,0,36,0.97,NA
"brier",2,0,36,0.98,NA
"brier",2,0,36,0.99,NA
"brier",2,0,36,0.995,NA
"brier",2,0,37,0.9,NA
"brier",2,0,37,0.91,NA
"brier",2,0,37,0.92,NA
"brier",2,0,37,0.93,NA
"brier",2,0,37,0.94,NA
"brier",2,0,37,0.95,NA
"brier",2,0,37,0.96,NA
"brier",2,0,37,0.97,NA
"brier",2,0,37,0.98,NA
"brier",2,0,37,0.99,NA
"brier",2,0,37,0.995,NA
"brier",2,0,38,0.9,NA
"brier",2,0,38,0.91,NA
"brier",2,0,38,0.92,NA
"brier",2,0,38,0.93,NA
"brier",2,0,38,0.94,NA
"brier",2,0,38,0.95,NA
"brier",2,0,38,0.96,NA
"brier",2,0,38,0.97,NA
"brier",2,0,38,0.98,NA
"brier",2,0,38,0.99,NA
"brier",2,0,38,0.995,NA
"brier",2,0,39,0.9,NA
"brier",2,0,39,0.91,NA
"brier",2,0,39,0.92,NA
"brier",2,0,39,0.93,NA
"brier",2,0,39,0.94,NA
"brier",2,0,39,0.95,NA
"brier",2,0,39,0.96,NA
"brier",2,0,39,0.97,NA
"brier",2,0,39,0.98,NA
"brier",2,0,39,0.99,NA
"brier",2,0,39,0.995,NA
"brier",2,0,40,0.9,NA
"brier",2,0,40,0.91,NA
"brier",2,0,40,0.92,NA
"brier",2,0,40,0.93,NA
"brier",2,0,40,0.94,NA
"brier",2,0,40,0.95,NA
"brier",2,0,40,0.96,NA
"brier",2,0,40,0.97,NA
"brier",2,0,40,0.98,NA
"brier",2,0,40,0.99,NA
"brier",2,0,40,0.995,NA
"brier",2,0,41,0.9,NA
"brier",2,0,41,0.91,NA
"brier",2,0,41,0.92,NA
"brier",2,0,41,0.93,NA
"brier",2,0,41,0.94,NA
"brier",2,0,41,0.95,NA
"brier",2,0,41,0.96,NA
"brier",2,0,41,0.97,NA
"brier",2,0,41,0.98,NA
"brier",2,0,41,0.99,NA
"brier",2,0,41,0.995,NA
"brier",2,0,42,0.9,NA
"brier",2,0,42,0.91,NA
"brier",2,0,42,0.92,NA
"brier",2,0,42,0.93,NA
"brier",2,0,42,0.94,NA
"brier",2,0,42,0.95,NA
"brier",2,0,42,0.96,NA
"brier",2,0,42,0.97,NA
"brier",2,0,42,0.98,NA
"brier",2,0,42,0.99,NA
"brier",2,0,42,0.995,NA
"brier",2,0,43,0.9,NA
"brier",2,0,43,0.91,NA
"brier",2,0,43,0.92,NA
"brier",2,0,43,0.93,NA
"brier",2,0,43,0.94,NA
"brier",2,0,43,0.95,NA
"brier",2,0,43,0.96,NA
"brier",2,0,43,0.97,NA
"brier",2,0,43,0.98,NA
"brier",2,0,43,0.99,NA
"brier",2,0,43,0.995,NA
"brier",2,0,44,0.9,NA
"brier",2,0,44,0.91,NA
"brier",2,0,44,0.92,NA
"brier",2,0,44,0.93,NA
"brier",2,0,44,0.94,NA
"brier",2,0,44,0.95,NA
"brier",2,0,44,0.96,NA
"brier",2,0,44,0.97,NA
"brier",2,0,44,0.98,NA
"brier",2,0,44,0.99,NA
"brier",2,0,44,0.995,NA
"brier",2,0,45,0.9,NA
"brier",2,0,45,0.91,NA
"brier",2,0,45,0.92,NA
"brier",2,0,45,0.93,NA
"brier",2,0,45,0.94,NA
"brier",2,0,45,0.95,NA
"brier",2,0,45,0.96,NA
"brier",2,0,45,0.97,NA
"brier",2,0,45,0.98,NA
"brier",2,0,45,0.99,NA
"brier",2,0,45,0.995,NA
"brier",2,0,46,0.9,NA
"brier",2,0,46,0.91,NA
"brier",2,0,46,0.92,NA
"brier",2,0,46,0.93,NA
"brier",2,0,46,0.94,NA
"brier",2,0,46,0.95,NA
"brier",2,0,46,0.96,NA
"brier",2,0,46,0.97,NA
"brier",2,0,46,0.98,NA
"brier",2,0,46,0.99,NA
"brier",2,0,46,0.995,NA
"brier",2,0,47,0.9,NA
"brier",2,0,47,0.91,NA
"brier",2,0,47,0.92,NA
"brier",2,0,47,0.93,NA
"brier",2,0,47,0.94,NA
"brier",2,0,47,0.95,NA
"brier",2,0,47,0.96,NA
"brier",2,0,47,0.97,NA
"brier",2,0,47,0.98,NA
"brier",2,0,47,0.99,NA
"brier",2,0,47,0.995,NA
"brier",2,0,48,0.9,NA
"brier",2,0,48,0.91,NA
"brier",2,0,48,0.92,NA
"brier",2,0,48,0.93,NA
"brier",2,0,48,0.94,NA
"brier",2,0,48,0.95,NA
"brier",2,0,48,0.96,NA
"brier",2,0,48,0.97,NA
"brier",2,0,48,0.98,NA
"brier",2,0,48,0.99,NA
"brier",2,0,48,0.995,NA
"brier",2,0,49,0.9,NA
"brier",2,0,49,0.91,NA
"brier",2,0,49,0.92,NA
"brier",2,0,49,0.93,NA
"brier",2,0,49,0.94,NA
"brier",2,0,49,0.95,NA
"brier",2,0,49,0.96,NA
"brier",2,0,49,0.97,NA
"brier",2,0,49,0.98,NA
"brier",2,0,49,0.99,NA
"brier",2,0,49,0.995,NA
"brier",2,0,50,0.9,NA
"brier",2,0,50,0.91,NA
"brier",2,0,50,0.92,NA
"brier",2,0,50,0.93,NA
"brier",2,0,50,0.94,NA
"brier",2,0,50,0.95,NA
"brier",2,0,50,0.96,NA
"brier",2,0,50,0.97,NA
"brier",2,0,50,0.98,NA
"brier",2,0,50,0.99,NA
"brier",2,0,50,0.995,NA
"brier",3,0,1,0.9,0.0195672020636364
"brier",3,0,1,0.91,0.0200716364772727
"brier",3,0,1,0.92,0.0184583926727273
"brier",3,0,1,0.93,0.0168562205454545
"brier",3,0,1,0.94,0.0149182008681818
"brier",3,0,1,0.95,0.0127277312227273
"brier",3,0,1,0.96,0.0101623117181818
"brier",3,0,1,0.97,0.00736029480454545
"brier",3,0,1,0.98,0.00286303920454545
"brier",3,0,1,0.99,0.00363772301818182
"brier",3,0,1,0.995,0.00386820699545455
"brier",3,0,2,0.9,0.0260676403318182
"brier",3,0,2,0.91,0.0226613072045455
"brier",3,0,2,0.92,0.0188921284318182
"brier",3,0,2,0.93,0.0141536556272727
"brier",3,0,2,0.94,0.0111675961863636
"brier",3,0,2,0.95,0.00742323776818182
"brier",3,0,2,0.96,0.00368828751363636
"brier",3,0,2,0.97,0.00477195570909091
"brier",3,0,2,0.98,0.00106994003636364
"brier",3,0,2,0.99,0.00292427973636364
"brier",3,0,2,0.995,0.0026186873
"brier",3,0,3,0.9,0.0224010698727273
"brier",3,0,3,0.91,0.0207146861409091
"brier",3,0,3,0.92,0.0176724676454545
"brier",3,0,3,0.93,0.0171419235636364
"brier",3,0,3,0.94,0.0132269274454545
"brier",3,0,3,0.95,0.00990180483636364
"brier",3,0,3,0.96,0.00863185241818182
"brier",3,0,3,0.97,0.00781427788181818
"brier",3,0,3,0.98,0.00692467222727273
"brier",3,0,3,0.99,0.00262186637727273
"brier",3,0,3,0.995,0.00152322265909091
"brier",3,0,4,0.9,0.0213655970090909
"brier",3,0,4,0.91,0.0207811947318182
"brier",3,0,4,0.92,0.0192530205636364
"brier",3,0,4,0.93,0.0179724916909091
"brier",3,0,4,0.94,0.0155432991681818
"brier",3,0,4,0.95,0.0118451541318182
"brier",3,0,4,0.96,0.00962098900454545
"brier",3,0,4,0.97,0.00417859471363636
"brier",3,0,4,0.98,4.27989545454545e-06
"brier",3,0,4,0.99,0.00261845414090909
"brier",3,0,4,0.995,0.00217997187272727
"brier",3,0,5,0.9,0.0260673667818182
"brier",3,0,5,0.91,0.0221064767363636
"brier",3,0,5,0.92,0.0188538271181818
"brier",3,0,5,0.93,0.0160373212090909
"brier",3,0,5,0.94,0.0162517616227273
"brier",3,0,5,0.95,0.0185498752863636
"brier",3,0,5,0.96,0.0183723839909091
"brier",3,0,5,0.97,0.0177111691818182
"brier",3,0,5,0.98,0.0140674357909091
"brier",3,0,5,0.99,0.00883264744545455
"brier",3,0,5,0.995,0.00424682550454545
"brier",3,0,6,0.9,0.0345830329636364
"brier",3,0,6,0.91,0.0349825210136364
"brier",3,0,6,0.92,0.0324641820636364
"brier",3,0,6,0.93,0.0308171905681818
"brier",3,0,6,0.94,0.0303171790227273
"brier",3,0,6,0.95,0.0267501669454545
"brier",3,0,6,0.96,0.0225348778090909
"brier",3,0,6,0.97,0.0189595113636364
"brier",3,0,6,0.98,0.01484743325
"brier",3,0,6,0.99,0.00822301423181818
"brier",3,0,6,0.995,0.00417566773181818
"brier",3,0,7,0.9,0.0203545882727273
"brier",3,0,7,0.91,0.0172672490454545
"brier",3,0,7,0.92,0.0154880329363636
"brier",3,0,7,0.93,0.0118648369
"brier",3,0,7,0.94,0.0131535840090909
"brier",3,0,7,0.95,0.0127955226272727
"brier",3,0,7,0.96,0.0106380433863636
"brier",3,0,7,0.97,0.00727118383636364
"brier",3,0,7,0.98,0.00711355294090909
"brier",3,0,7,0.99,0.00461773153181818
"brier",3,0,7,0.995,0.00241542308181818
"brier",3,0,8,0.9,0.0160536484045455
"brier",3,0,8,0.91,0.0148625913454545
"brier",3,0,8,0.92,0.0139429788
"brier",3,0,8,0.93,0.0122232402772727
"brier",3,0,8,0.94,0.00874048209545455
"brier",3,0,8,0.95,0.00789669337272727
"brier",3,0,8,0.96,0.00660543154545455
"brier",3,0,8,0.97,0.00543089260909091
"brier",3,0,8,0.98,0.00307826613181818
"brier",3,0,8,0.99,0.00384263287272727
"brier",3,0,8,0.995,0.00262789406363636
"brier",3,0,9,0.9,0.0109778477318182
"brier",3,0,9,0.91,0.0123066293772727
"brier",3,0,9,0.92,0.0113723485954545
"brier",3,0,9,0.93,0.0127868961590909
"brier",3,0,9,0.94,0.0129112108727273
"brier",3,0,9,0.95,0.0111599860181818
"brier",3,0,9,0.96,0.00959019229090909
"brier",3,0,9,0.97,0.0113989654318182
"brier",3,0,9,0.98,0.00974824263636364
"brier",3,0,9,0.99,0.00550791037272727
"brier",3,0,9,0.995,0.00277506474545455
"brier",3,0,10,0.9,0.0268622004272727
"brier",3,0,10,0.91,0.0253861281136364
"brier",3,0,10,0.92,0.0242361726
"brier",3,0,10,0.93,0.0240398000909091
"brier",3,0,10,0.94,0.0232498210818182
"brier",3,0,10,0.95,0.0223721936909091
"brier",3,0,10,0.96,0.0196213791818182
"brier",3,0,10,0.97,0.0170285157318182
"brier",3,0,10,0.98,0.0142989680727273
"brier",3,0,10,0.99,0.00832424615909091
"brier",3,0,10,0.995,0.00366007563636364
"brier",3,0,11,0.9,NA
"brier",3,0,11,0.91,NA
"brier",3,0,11,0.92,NA
"brier",3,0,11,0.93,NA
"brier",3,0,11,0.94,NA
"brier",3,0,11,0.95,NA
"brier",3,0,11,0.96,NA
"brier",3,0,11,0.97,NA
"brier",3,0,11,0.98,NA
"brier",3,0,11,0.99,NA
"brier",3,0,11,0.995,NA
"brier",3,0,12,0.9,NA
"brier",3,0,12,0.91,NA
"brier",3,0,12,0.92,NA
"brier",3,0,12,0.93,NA
"brier",3,0,12,0.94,NA
"brier",3,0,12,0.95,NA
"brier",3,0,12,0.96,NA
"brier",3,0,12,0.97,NA
"brier",3,0,12,0.98,NA
"brier",3,0,12,0.99,NA
"brier",3,0,12,0.995,NA
"brier",3,0,13,0.9,NA
"brier",3,0,13,0.91,NA
"brier",3,0,13,0.92,NA
"brier",3,0,13,0.93,NA
"brier",3,0,13,0.94,NA
"brier",3,0,13,0.95,NA
"brier",3,0,13,0.96,NA
"brier",3,0,13,0.97,NA
"brier",3,0,13,0.98,NA
"brier",3,0,13,0.99,NA
"brier",3,0,13,0.995,NA
"brier",3,0,14,0.9,NA
"brier",3,0,14,0.91,NA
"brier",3,0,14,0.92,NA
"brier",3,0,14,0.93,NA
"brier",3,0,14,0.94,NA
"brier",3,0,14,0.95,NA
"brier",3,0,14,0.96,NA
"brier",3,0,14,0.97,NA
"brier",3,0,14,0.98,NA
"brier",3,0,14,0.99,NA
"brier",3,0,14,0.995,NA
"brier",3,0,15,0.9,NA
"brier",3,0,15,0.91,NA
"brier",3,0,15,0.92,NA
"brier",3,0,15,0.93,NA
"brier",3,0,15,0.94,NA
"brier",3,0,15,0.95,NA
"brier",3,0,15,0.96,NA
"brier",3,0,15,0.97,NA
"brier",3,0,15,0.98,NA
"brier",3,0,15,0.99,NA
"brier",3,0,15,0.995,NA
"brier",3,0,16,0.9,NA
"brier",3,0,16,0.91,NA
"brier",3,0,16,0.92,NA
"brier",3,0,16,0.93,NA
"brier",3,0,16,0.94,NA
"brier",3,0,16,0.95,NA
"brier",3,0,16,0.96,NA
"brier",3,0,16,0.97,NA
"brier",3,0,16,0.98,NA
"brier",3,0,16,0.99,NA
"brier",3,0,16,0.995,NA
"brier",3,0,17,0.9,NA
"brier",3,0,17,0.91,NA
"brier",3,0,17,0.92,NA
"brier",3,0,17,0.93,NA
"brier",3,0,17,0.94,NA
"brier",3,0,17,0.95,NA
"brier",3,0,17,0.96,NA
"brier",3,0,17,0.97,NA
"brier",3,0,17,0.98,NA
"brier",3,0,17,0.99,NA
"brier",3,0,17,0.995,NA
"brier",3,0,18,0.9,NA
"brier",3,0,18,0.91,NA
"brier",3,0,18,0.92,NA
"brier",3,0,18,0.93,NA
"brier",3,0,18,0.94,NA
"brier",3,0,18,0.95,NA
"brier",3,0,18,0.96,NA
"brier",3,0,18,0.97,NA
"brier",3,0,18,0.98,NA
"brier",3,0,18,0.99,NA
"brier",3,0,18,0.995,NA
"brier",3,0,19,0.9,NA
"brier",3,0,19,0.91,NA
"brier",3,0,19,0.92,NA
"brier",3,0,19,0.93,NA
"brier",3,0,19,0.94,NA
"brier",3,0,19,0.95,NA
"brier",3,0,19,0.96,NA
"brier",3,0,19,0.97,NA
"brier",3,0,19,0.98,NA
"brier",3,0,19,0.99,NA
"brier",3,0,19,0.995,NA
"brier",3,0,20,0.9,NA
"brier",3,0,20,0.91,NA
"brier",3,0,20,0.92,NA
"brier",3,0,20,0.93,NA
"brier",3,0,20,0.94,NA
"brier",3,0,20,0.95,NA
"brier",3,0,20,0.96,NA
"brier",3,0,20,0.97,NA
"brier",3,0,20,0.98,NA
"brier",3,0,20,0.99,NA
"brier",3,0,20,0.995,NA
"brier",3,0,21,0.9,NA
"brier",3,0,21,0.91,NA
"brier",3,0,21,0.92,NA
"brier",3,0,21,0.93,NA
"brier",3,0,21,0.94,NA
"brier",3,0,21,0.95,NA
"brier",3,0,21,0.96,NA
"brier",3,0,21,0.97,NA
"brier",3,0,21,0.98,NA
"brier",3,0,21,0.99,NA
"brier",3,0,21,0.995,NA
"brier",3,0,22,0.9,NA
"brier",3,0,22,0.91,NA
"brier",3,0,22,0.92,NA
"brier",3,0,22,0.93,NA
"brier",3,0,22,0.94,NA
"brier",3,0,22,0.95,NA
"brier",3,0,22,0.96,NA
"brier",3,0,22,0.97,NA
"brier",3,0,22,0.98,NA
"brier",3,0,22,0.99,NA
"brier",3,0,22,0.995,NA
"brier",3,0,23,0.9,NA
"brier",3,0,23,0.91,NA
"brier",3,0,23,0.92,NA
"brier",3,0,23,0.93,NA
"brier",3,0,23,0.94,NA
"brier",3,0,23,0.95,NA
"brier",3,0,23,0.96,NA
"brier",3,0,23,0.97,NA
"brier",3,0,23,0.98,NA
"brier",3,0,23,0.99,NA
"brier",3,0,23,0.995,NA
"brier",3,0,24,0.9,NA
"brier",3,0,24,0.91,NA
"brier",3,0,24,0.92,NA
"brier",3,0,24,0.93,NA
"brier",3,0,24,0.94,NA
"brier",3,0,24,0.95,NA
"brier",3,0,24,0.96,NA
"brier",3,0,24,0.97,NA
"brier",3,0,24,0.98,NA
"brier",3,0,24,0.99,NA
"brier",3,0,24,0.995,NA
"brier",3,0,25,0.9,NA
"brier",3,0,25,0.91,NA
"brier",3,0,25,0.92,NA
"brier",3,0,25,0.93,NA
"brier",3,0,25,0.94,NA
"brier",3,0,25,0.95,NA
"brier",3,0,25,0.96,NA
"brier",3,0,25,0.97,NA
"brier",3,0,25,0.98,NA
"brier",3,0,25,0.99,NA
"brier",3,0,25,0.995,NA
"brier",3,0,26,0.9,NA
"brier",3,0,26,0.91,NA
"brier",3,0,26,0.92,NA
"brier",3,0,26,0.93,NA
"brier",3,0,26,0.94,NA
"brier",3,0,26,0.95,NA
"brier",3,0,26,0.96,NA
"brier",3,0,26,0.97,NA
"brier",3,0,26,0.98,NA
"brier",3,0,26,0.99,NA
"brier",3,0,26,0.995,NA
"brier",3,0,27,0.9,NA
"brier",3,0,27,0.91,NA
"brier",3,0,27,0.92,NA
"brier",3,0,27,0.93,NA
"brier",3,0,27,0.94,NA
"brier",3,0,27,0.95,NA
"brier",3,0,27,0.96,NA
"brier",3,0,27,0.97,NA
"brier",3,0,27,0.98,NA
"brier",3,0,27,0.99,NA
"brier",3,0,27,0.995,NA
"brier",3,0,28,0.9,NA
"brier",3,0,28,0.91,NA
"brier",3,0,28,0.92,NA
"brier",3,0,28,0.93,NA
"brier",3,0,28,0.94,NA
"brier",3,0,28,0.95,NA
"brier",3,0,28,0.96,NA
"brier",3,0,28,0.97,NA
"brier",3,0,28,0.98,NA
"brier",3,0,28,0.99,NA
"brier",3,0,28,0.995,NA
"brier",3,0,29,0.9,NA
"brier",3,0,29,0.91,NA
"brier",3,0,29,0.92,NA
"brier",3,0,29,0.93,NA
"brier",3,0,29,0.94,NA
"brier",3,0,29,0.95,NA
"brier",3,0,29,0.96,NA
"brier",3,0,29,0.97,NA
"brier",3,0,29,0.98,NA
"brier",3,0,29,0.99,NA
"brier",3,0,29,0.995,NA
"brier",3,0,30,0.9,NA
"brier",3,0,30,0.91,NA
"brier",3,0,30,0.92,NA
"brier",3,0,30,0.93,NA
"brier",3,0,30,0.94,NA
"brier",3,0,30,0.95,NA
"brier",3,0,30,0.96,NA
"brier",3,0,30,0.97,NA
"brier",3,0,30,0.98,NA
"brier",3,0,30,0.99,NA
"brier",3,0,30,0.995,NA
"brier",3,0,31,0.9,NA
"brier",3,0,31,0.91,NA
"brier",3,0,31,0.92,NA
"brier",3,0,31,0.93,NA
"brier",3,0,31,0.94,NA
"brier",3,0,31,0.95,NA
"brier",3,0,31,0.96,NA
"brier",3,0,31,0.97,NA
"brier",3,0,31,0.98,NA
"brier",3,0,31,0.99,NA
"brier",3,0,31,0.995,NA
"brier",3,0,32,0.9,NA
"brier",3,0,32,0.91,NA
"brier",3,0,32,0.92,NA
"brier",3,0,32,0.93,NA
"brier",3,0,32,0.94,NA
"brier",3,0,32,0.95,NA
"brier",3,0,32,0.96,NA
"brier",3,0,32,0.97,NA
"brier",3,0,32,0.98,NA
"brier",3,0,32,0.99,NA
"brier",3,0,32,0.995,NA
"brier",3,0,33,0.9,NA
"brier",3,0,33,0.91,NA
"brier",3,0,33,0.92,NA
"brier",3,0,33,0.93,NA
"brier",3,0,33,0.94,NA
"brier",3,0,33,0.95,NA
"brier",3,0,33,0.96,NA
"brier",3,0,33,0.97,NA
"brier",3,0,33,0.98,NA
"brier",3,0,33,0.99,NA
"brier",3,0,33,0.995,NA
"brier",3,0,34,0.9,NA
"brier",3,0,34,0.91,NA
"brier",3,0,34,0.92,NA
"brier",3,0,34,0.93,NA
"brier",3,0,34,0.94,NA
"brier",3,0,34,0.95,NA
"brier",3,0,34,0.96,NA
"brier",3,0,34,0.97,NA
"brier",3,0,34,0.98,NA
"brier",3,0,34,0.99,NA
"brier",3,0,34,0.995,NA
"brier",3,0,35,0.9,NA
"brier",3,0,35,0.91,NA
"brier",3,0,35,0.92,NA
"brier",3,0,35,0.93,NA
"brier",3,0,35,0.94,NA
"brier",3,0,35,0.95,NA
"brier",3,0,35,0.96,NA
"brier",3,0,35,0.97,NA
"brier",3,0,35,0.98,NA
"brier",3,0,35,0.99,NA
"brier",3,0,35,0.995,NA
"brier",3,0,36,0.9,NA
"brier",3,0,36,0.91,NA
"brier",3,0,36,0.92,NA
"brier",3,0,36,0.93,NA
"brier",3,0,36,0.94,NA
"brier",3,0,36,0.95,NA
"brier",3,0,36,0.96,NA
"brier",3,0,36,0.97,NA
"brier",3,0,36,0.98,NA
"brier",3,0,36,0.99,NA
"brier",3,0,36,0.995,NA
"brier",3,0,37,0.9,NA
"brier",3,0,37,0.91,NA
"brier",3,0,37,0.92,NA
"brier",3,0,37,0.93,NA
"brier",3,0,37,0.94,NA
"brier",3,0,37,0.95,NA
"brier",3,0,37,0.96,NA
"brier",3,0,37,0.97,NA
"brier",3,0,37,0.98,NA
"brier",3,0,37,0.99,NA
"brier",3,0,37,0.995,NA
"brier",3,0,38,0.9,NA
"brier",3,0,38,0.91,NA
"brier",3,0,38,0.92,NA
"brier",3,0,38,0.93,NA
"brier",3,0,38,0.94,NA
"brier",3,0,38,0.95,NA
"brier",3,0,38,0.96,NA
"brier",3,0,38,0.97,NA
"brier",3,0,38,0.98,NA
"brier",3,0,38,0.99,NA
"brier",3,0,38,0.995,NA
"brier",3,0,39,0.9,NA
"brier",3,0,39,0.91,NA
"brier",3,0,39,0.92,NA
"brier",3,0,39,0.93,NA
"brier",3,0,39,0.94,NA
"brier",3,0,39,0.95,NA
"brier",3,0,39,0.96,NA
"brier",3,0,39,0.97,NA
"brier",3,0,39,0.98,NA
"brier",3,0,39,0.99,NA
"brier",3,0,39,0.995,NA
"brier",3,0,40,0.9,NA
"brier",3,0,40,0.91,NA
"brier",3,0,40,0.92,NA
"brier",3,0,40,0.93,NA
"brier",3,0,40,0.94,NA
"brier",3,0,40,0.95,NA
"brier",3,0,40,0.96,NA
"brier",3,0,40,0.97,NA
"brier",3,0,40,0.98,NA
"brier",3,0,40,0.99,NA
"brier",3,0,40,0.995,NA
"brier",3,0,41,0.9,NA
"brier",3,0,41,0.91,NA
"brier",3,0,41,0.92,NA
"brier",3,0,41,0.93,NA
"brier",3,0,41,0.94,NA
"brier",3,0,41,0.95,NA
"brier",3,0,41,0.96,NA
"brier",3,0,41,0.97,NA
"brier",3,0,41,0.98,NA
"brier",3,0,41,0.99,NA
"brier",3,0,41,0.995,NA
"brier",3,0,42,0.9,NA
"brier",3,0,42,0.91,NA
"brier",3,0,42,0.92,NA
"brier",3,0,42,0.93,NA
"brier",3,0,42,0.94,NA
"brier",3,0,42,0.95,NA
"brier",3,0,42,0.96,NA
"brier",3,0,42,0.97,NA
"brier",3,0,42,0.98,NA
"brier",3,0,42,0.99,NA
"brier",3,0,42,0.995,NA
"brier",3,0,43,0.9,NA
"brier",3,0,43,0.91,NA
"brier",3,0,43,0.92,NA
"brier",3,0,43,0.93,NA
"brier",3,0,43,0.94,NA
"brier",3,0,43,0.95,NA
"brier",3,0,43,0.96,NA
"brier",3,0,43,0.97,NA
"brier",3,0,43,0.98,NA
"brier",3,0,43,0.99,NA
"brier",3,0,43,0.995,NA
"brier",3,0,44,0.9,NA
"brier",3,0,44,0.91,NA
"brier",3,0,44,0.92,NA
"brier",3,0,44,0.93,NA
"brier",3,0,44,0.94,NA
"brier",3,0,44,0.95,NA
"brier",3,0,44,0.96,NA
"brier",3,0,44,0.97,NA
"brier",3,0,44,0.98,NA
"brier",3,0,44,0.99,NA
"brier",3,0,44,0.995,NA
"brier",3,0,45,0.9,NA
"brier",3,0,45,0.91,NA
"brier",3,0,45,0.92,NA
"brier",3,0,45,0.93,NA
"brier",3,0,45,0.94,NA
"brier",3,0,45,0.95,NA
"brier",3,0,45,0.96,NA
"brier",3,0,45,0.97,NA
"brier",3,0,45,0.98,NA
"brier",3,0,45,0.99,NA
"brier",3,0,45,0.995,NA
"brier",3,0,46,0.9,NA
"brier",3,0,46,0.91,NA
"brier",3,0,46,0.92,NA
"brier",3,0,46,0.93,NA
"brier",3,0,46,0.94,NA
"brier",3,0,46,0.95,NA
"brier",3,0,46,0.96,NA
"brier",3,0,46,0.97,NA
"brier",3,0,46,0.98,NA
"brier",3,0,46,0.99,NA
"brier",3,0,46,0.995,NA
"brier",3,0,47,0.9,NA
"brier",3,0,47,0.91,NA
"brier",3,0,47,0.92,NA
"brier",3,0,47,0.93,NA
"brier",3,0,47,0.94,NA
"brier",3,0,47,0.95,NA
"brier",3,0,47,0.96,NA
"brier",3,0,47,0.97,NA
"brier",3,0,47,0.98,NA
"brier",3,0,47,0.99,NA
"brier",3,0,47,0.995,NA
"brier",3,0,48,0.9,NA
"brier",3,0,48,0.91,NA
"brier",3,0,48,0.92,NA
"brier",3,0,48,0.93,NA
"brier",3,0,48,0.94,NA
"brier",3,0,48,0.95,NA
"brier",3,0,48,0.96,NA
"brier",3,0,48,0.97,NA
"brier",3,0,48,0.98,NA
"brier",3,0,48,0.99,NA
"brier",3,0,48,0.995,NA
"brier",3,0,49,0.9,NA
"brier",3,0,49,0.91,NA
"brier",3,0,49,0.92,NA
"brier",3,0,49,0.93,NA
"brier",3,0,49,0.94,NA
"brier",3,0,49,0.95,NA
"brier",3,0,49,0.96,NA
"brier",3,0,49,0.97,NA
"brier",3,0,49,0.98,NA
"brier",3,0,49,0.99,NA
"brier",3,0,49,0.995,NA
"brier",3,0,50,0.9,NA
"brier",3,0,50,0.91,NA
"brier",3,0,50,0.92,NA
"brier",3,0,50,0.93,NA
"brier",3,0,50,0.94,NA
"brier",3,0,50,0.95,NA
"brier",3,0,50,0.96,NA
"brier",3,0,50,0.97,NA
"brier",3,0,50,0.98,NA
"brier",3,0,50,0.99,NA
"brier",3,0,50,0.995,NA
"brier",4,0,1,0.9,0.0199756350090909
"brier",4,0,1,0.91,0.0205420077136364
"brier",4,0,1,0.92,0.0188779798863636
"brier",4,0,1,0.93,0.0170701998181818
"brier",4,0,1,0.94,0.0150438356272727
"brier",4,0,1,0.95,0.0126689673772727
"brier",4,0,1,0.96,0.01011130685
"brier",4,0,1,0.97,0.0076360805
"brier",4,0,1,0.98,0.00326527415454545
"brier",4,0,1,0.99,0.00394903307272727
"brier",4,0,1,0.995,0.00442793056363636
"brier",4,0,2,0.9,0.0261052490136364
"brier",4,0,2,0.91,0.0225935994090909
"brier",4,0,2,0.92,0.0189374017454545
"brier",4,0,2,0.93,0.014547063
"brier",4,0,2,0.94,0.0116248762
"brier",4,0,2,0.95,0.00723588746818182
"brier",4,0,2,0.96,0.00360751019545455
"brier",4,0,2,0.97,0.00478538987727273
"brier",4,0,2,0.98,0.00110974900454545
"brier",4,0,2,0.99,0.00299470245454545
"brier",4,0,2,0.995,0.00284689130454545
"brier",4,0,3,0.9,0.0226959614772727
"brier",4,0,3,0.91,0.0209187854681818
"brier",4,0,3,0.92,0.0178056033181818
"brier",4,0,3,0.93,0.0172653722409091
"brier",4,0,3,0.94,0.0136551719681818
"brier",4,0,3,0.95,0.00982666420909091
"brier",4,0,3,0.96,0.00857825198636364
"brier",4,0,3,0.97,0.00770751532272727
"brier",4,0,3,0.98,0.00720449595454545
"brier",4,0,3,0.99,0.00266840316363636
"brier",4,0,3,0.995,0.0015132397
"brier",4,0,4,0.9,0.0215878947181818
"brier",4,0,4,0.91,0.0209522497090909
"brier",4,0,4,0.92,0.0192202878
"brier",4,0,4,0.93,0.0179071759636364
"brier",4,0,4,0.94,0.0152535819681818
"brier",4,0,4,0.95,0.0115220065363636
"brier",4,0,4,0.96,0.00928041304545455
"brier",4,0,4,0.97,0.00411318090454545
"brier",4,0,4,0.98,7.11079090909091e-06
"brier",4,0,4,0.99,0.00312200556818182
"brier",4,0,4,0.995,0.00242408604545455
"brier",4,0,5,0.9,0.0257587432090909
"brier",4,0,5,0.91,0.0219277994227273
"brier",4,0,5,0.92,0.0188591530181818
"brier",4,0,5,0.93,0.0162025294045455
"brier",4,0,5,0.94,0.0163695687863636
"brier",4,0,5,0.95,0.0188192270363636
"brier",4,0,5,0.96,0.0186690868545455
"brier",4,0,5,0.97,0.0179780735772727
"brier",4,0,5,0.98,0.0141707159045455
"brier",4,0,5,0.99,0.00870392710454545
"brier",4,0,5,0.995,0.00421540574090909
"brier",4,0,6,0.9,0.0344619073636364
"brier",4,0,6,0.91,0.0350612532772727
"brier",4,0,6,0.92,0.03257304815
"brier",4,0,6,0.93,0.0307734133681818
"brier",4,0,6,0.94,0.0304131143590909
"brier",4,0,6,0.95,0.0267896854545455
"brier",4,0,6,0.96,0.0224772580681818
"brier",4,0,6,0.97,0.0189729243136364
"brier",4,0,6,0.98,0.0150249834045455
"brier",4,0,6,0.99,0.00827701956363636
"brier",4,0,6,0.995,0.00423369274545455
"brier",4,0,7,0.9,0.0204799678
"brier",4,0,7,0.91,0.0172843971136364
"brier",4,0,7,0.92,0.0156514076863636
"brier",4,0,7,0.93,0.0117837304818182
"brier",4,0,7,0.94,0.0129413391636364
"brier",4,0,7,0.95,0.0125041617272727
"brier",4,0,7,0.96,0.0101696207045455
"brier",4,0,7,0.97,0.00699679099090909
"brier",4,0,7,0.98,0.00716027665454545
"brier",4,0,7,0.99,0.00484669402272727
"brier",4,0,7,0.995,0.00246850284545455
"brier",4,0,8,0.9,0.01608516925
"brier",4,0,8,0.91,0.0148556486090909
"brier",4,0,8,0.92,0.0138088210863636
"brier",4,0,8,0.93,0.0120227037772727
"brier",4,0,8,0.94,0.00862269728636364
"brier",4,0,8,0.95,0.00786956937272727
"brier",4,0,8,0.96,0.00663635348636364
"brier",4,0,8,0.97,0.00564562418636364
"brier",4,0,8,0.98,0.00323132615
"brier",4,0,8,0.99,0.00398419778636364
"brier",4,0,8,0.995,0.00284463361363636
"brier",4,0,9,0.9,0.0110395227681818
"brier",4,0,9,0.91,0.0125044739636364
"brier",4,0,9,0.92,0.0110160000681818
"brier",4,0,9,0.93,0.0126955956090909
"brier",4,0,9,0.94,0.0127431346954545
"brier",4,0,9,0.95,0.0107108447090909
"brier",4,0,9,0.96,0.00912402038636364
"brier",4,0,9,0.97,0.0114267531272727
"brier",4,0,9,0.98,0.0102727659272727
"brier",4,0,9,0.99,0.00553202613636364
"brier",4,0,9,0.995,0.00272401696818182
"brier",4,0,10,0.9,0.0270149722909091
"brier",4,0,10,0.91,0.0256889535636364
"brier",4,0,10,0.92,0.0245781736863636
"brier",4,0,10,0.93,0.0241812965590909
"brier",4,0,10,0.94,0.0233437444863636
"brier",4,0,10,0.95,0.0221771900181818
"brier",4,0,10,0.96,0.0195992851954545
"brier",4,0,10,0.97,0.0169711990909091
"brier",4,0,10,0.98,0.0144243483045455
"brier",4,0,10,0.99,0.00827869745909091
"brier",4,0,10,0.995,0.00359025701363636
"brier",4,0,11,0.9,NA
"brier",4,0,11,0.91,NA
"brier",4,0,11,0.92,NA
"brier",4,0,11,0.93,NA
"brier",4,0,11,0.94,NA
"brier",4,0,11,0.95,NA
"brier",4,0,11,0.96,NA
"brier",4,0,11,0.97,NA
"brier",4,0,11,0.98,NA
"brier",4,0,11,0.99,NA
"brier",4,0,11,0.995,NA
"brier",4,0,12,0.9,NA
"brier",4,0,12,0.91,NA
"brier",4,0,12,0.92,NA
"brier",4,0,12,0.93,NA
"brier",4,0,12,0.94,NA
"brier",4,0,12,0.95,NA
"brier",4,0,12,0.96,NA
"brier",4,0,12,0.97,NA
"brier",4,0,12,0.98,NA
"brier",4,0,12,0.99,NA
"brier",4,0,12,0.995,NA
"brier",4,0,13,0.9,NA
"brier",4,0,13,0.91,NA
"brier",4,0,13,0.92,NA
"brier",4,0,13,0.93,NA
"brier",4,0,13,0.94,NA
"brier",4,0,13,0.95,NA
"brier",4,0,13,0.96,NA
"brier",4,0,13,0.97,NA
"brier",4,0,13,0.98,NA
"brier",4,0,13,0.99,NA
"brier",4,0,13,0.995,NA
"brier",4,0,14,0.9,NA
"brier",4,0,14,0.91,NA
"brier",4,0,14,0.92,NA
"brier",4,0,14,0.93,NA
"brier",4,0,14,0.94,NA
"brier",4,0,14,0.95,NA
"brier",4,0,14,0.96,NA
"brier",4,0,14,0.97,NA
"brier",4,0,14,0.98,NA
"brier",4,0,14,0.99,NA
"brier",4,0,14,0.995,NA
"brier",4,0,15,0.9,NA
"brier",4,0,15,0.91,NA
"brier",4,0,15,0.92,NA
"brier",4,0,15,0.93,NA
"brier",4,0,15,0.94,NA
"brier",4,0,15,0.95,NA
"brier",4,0,15,0.96,NA
"brier",4,0,15,0.97,NA
"brier",4,0,15,0.98,NA
"brier",4,0,15,0.99,NA
"brier",4,0,15,0.995,NA
"brier",4,0,16,0.9,NA
"brier",4,0,16,0.91,NA
"brier",4,0,16,0.92,NA
"brier",4,0,16,0.93,NA
"brier",4,0,16,0.94,NA
"brier",4,0,16,0.95,NA
"brier",4,0,16,0.96,NA
"brier",4,0,16,0.97,NA
"brier",4,0,16,0.98,NA
"brier",4,0,16,0.99,NA
"brier",4,0,16,0.995,NA
"brier",4,0,17,0.9,NA
"brier",4,0,17,0.91,NA
"brier",4,0,17,0.92,NA
"brier",4,0,17,0.93,NA
"brier",4,0,17,0.94,NA
"brier",4,0,17,0.95,NA
"brier",4,0,17,0.96,NA
"brier",4,0,17,0.97,NA
"brier",4,0,17,0.98,NA
"brier",4,0,17,0.99,NA
"brier",4,0,17,0.995,NA
"brier",4,0,18,0.9,NA
"brier",4,0,18,0.91,NA
"brier",4,0,18,0.92,NA
"brier",4,0,18,0.93,NA
"brier",4,0,18,0.94,NA
"brier",4,0,18,0.95,NA
"brier",4,0,18,0.96,NA
"brier",4,0,18,0.97,NA
"brier",4,0,18,0.98,NA
"brier",4,0,18,0.99,NA
"brier",4,0,18,0.995,NA
"brier",4,0,19,0.9,NA
"brier",4,0,19,0.91,NA
"brier",4,0,19,0.92,NA
"brier",4,0,19,0.93,NA
"brier",4,0,19,0.94,NA
"brier",4,0,19,0.95,NA
"brier",4,0,19,0.96,NA
"brier",4,0,19,0.97,NA
"brier",4,0,19,0.98,NA
"brier",4,0,19,0.99,NA
"brier",4,0,19,0.995,NA
"brier",4,0,20,0.9,NA
"brier",4,0,20,0.91,NA
"brier",4,0,20,0.92,NA
"brier",4,0,20,0.93,NA
"brier",4,0,20,0.94,NA
"brier",4,0,20,0.95,NA
"brier",4,0,20,0.96,NA
"brier",4,0,20,0.97,NA
"brier",4,0,20,0.98,NA
"brier",4,0,20,0.99,NA
"brier",4,0,20,0.995,NA
"brier",4,0,21,0.9,NA
"brier",4,0,21,0.91,NA
"brier",4,0,21,0.92,NA
"brier",4,0,21,0.93,NA
"brier",4,0,21,0.94,NA
"brier",4,0,21,0.95,NA
"brier",4,0,21,0.96,NA
"brier",4,0,21,0.97,NA
"brier",4,0,21,0.98,NA
"brier",4,0,21,0.99,NA
"brier",4,0,21,0.995,NA
"brier",4,0,22,0.9,NA
"brier",4,0,22,0.91,NA
"brier",4,0,22,0.92,NA
"brier",4,0,22,0.93,NA
"brier",4,0,22,0.94,NA
"brier",4,0,22,0.95,NA
"brier",4,0,22,0.96,NA
"brier",4,0,22,0.97,NA
"brier",4,0,22,0.98,NA
"brier",4,0,22,0.99,NA
"brier",4,0,22,0.995,NA
"brier",4,0,23,0.9,NA
"brier",4,0,23,0.91,NA
"brier",4,0,23,0.92,NA
"brier",4,0,23,0.93,NA
"brier",4,0,23,0.94,NA
"brier",4,0,23,0.95,NA
"brier",4,0,23,0.96,NA
"brier",4,0,23,0.97,NA
"brier",4,0,23,0.98,NA
"brier",4,0,23,0.99,NA
"brier",4,0,23,0.995,NA
"brier",4,0,24,0.9,NA
"brier",4,0,24,0.91,NA
"brier",4,0,24,0.92,NA
"brier",4,0,24,0.93,NA
"brier",4,0,24,0.94,NA
"brier",4,0,24,0.95,NA
"brier",4,0,24,0.96,NA
"brier",4,0,24,0.97,NA
"brier",4,0,24,0.98,NA
"brier",4,0,24,0.99,NA
"brier",4,0,24,0.995,NA
"brier",4,0,25,0.9,NA
"brier",4,0,25,0.91,NA
"brier",4,0,25,0.92,NA
"brier",4,0,25,0.93,NA
"brier",4,0,25,0.94,NA
"brier",4,0,25,0.95,NA
"brier",4,0,25,0.96,NA
"brier",4,0,25,0.97,NA
"brier",4,0,25,0.98,NA
"brier",4,0,25,0.99,NA
"brier",4,0,25,0.995,NA
"brier",4,0,26,0.9,NA
"brier",4,0,26,0.91,NA
"brier",4,0,26,0.92,NA
"brier",4,0,26,0.93,NA
"brier",4,0,26,0.94,NA
"brier",4,0,26,0.95,NA
"brier",4,0,26,0.96,NA
"brier",4,0,26,0.97,NA
"brier",4,0,26,0.98,NA
"brier",4,0,26,0.99,NA
"brier",4,0,26,0.995,NA
"brier",4,0,27,0.9,NA
"brier",4,0,27,0.91,NA
"brier",4,0,27,0.92,NA
"brier",4,0,27,0.93,NA
"brier",4,0,27,0.94,NA
"brier",4,0,27,0.95,NA
"brier",4,0,27,0.96,NA
"brier",4,0,27,0.97,NA
"brier",4,0,27,0.98,NA
"brier",4,0,27,0.99,NA
"brier",4,0,27,0.995,NA
"brier",4,0,28,0.9,NA
"brier",4,0,28,0.91,NA
"brier",4,0,28,0.92,NA
"brier",4,0,28,0.93,NA
"brier",4,0,28,0.94,NA
"brier",4,0,28,0.95,NA
"brier",4,0,28,0.96,NA
"brier",4,0,28,0.97,NA
"brier",4,0,28,0.98,NA
"brier",4,0,28,0.99,NA
"brier",4,0,28,0.995,NA
"brier",4,0,29,0.9,NA
"brier",4,0,29,0.91,NA
"brier",4,0,29,0.92,NA
"brier",4,0,29,0.93,NA
"brier",4,0,29,0.94,NA
"brier",4,0,29,0.95,NA
"brier",4,0,29,0.96,NA
"brier",4,0,29,0.97,NA
"brier",4,0,29,0.98,NA
"brier",4,0,29,0.99,NA
"brier",4,0,29,0.995,NA
"brier",4,0,30,0.9,NA
"brier",4,0,30,0.91,NA
"brier",4,0,30,0.92,NA
"brier",4,0,30,0.93,NA
"brier",4,0,30,0.94,NA
"brier",4,0,30,0.95,NA
"brier",4,0,30,0.96,NA
"brier",4,0,30,0.97,NA
"brier",4,0,30,0.98,NA
"brier",4,0,30,0.99,NA
"brier",4,0,30,0.995,NA
"brier",4,0,31,0.9,NA
"brier",4,0,31,0.91,NA
"brier",4,0,31,0.92,NA
"brier",4,0,31,0.93,NA
"brier",4,0,31,0.94,NA
"brier",4,0,31,0.95,NA
"brier",4,0,31,0.96,NA
"brier",4,0,31,0.97,NA
"brier",4,0,31,0.98,NA
"brier",4,0,31,0.99,NA
"brier",4,0,31,0.995,NA
"brier",4,0,32,0.9,NA
"brier",4,0,32,0.91,NA
"brier",4,0,32,0.92,NA
"brier",4,0,32,0.93,NA
"brier",4,0,32,0.94,NA
"brier",4,0,32,0.95,NA
"brier",4,0,32,0.96,NA
"brier",4,0,32,0.97,NA
"brier",4,0,32,0.98,NA
"brier",4,0,32,0.99,NA
"brier",4,0,32,0.995,NA
"brier",4,0,33,0.9,NA
"brier",4,0,33,0.91,NA
"brier",4,0,33,0.92,NA
"brier",4,0,33,0.93,NA
"brier",4,0,33,0.94,NA
"brier",4,0,33,0.95,NA
"brier",4,0,33,0.96,NA
"brier",4,0,33,0.97,NA
"brier",4,0,33,0.98,NA
"brier",4,0,33,0.99,NA
"brier",4,0,33,0.995,NA
"brier",4,0,34,0.9,NA
"brier",4,0,34,0.91,NA
"brier",4,0,34,0.92,NA
"brier",4,0,34,0.93,NA
"brier",4,0,34,0.94,NA
"brier",4,0,34,0.95,NA
"brier",4,0,34,0.96,NA
"brier",4,0,34,0.97,NA
"brier",4,0,34,0.98,NA
"brier",4,0,34,0.99,NA
"brier",4,0,34,0.995,NA
"brier",4,0,35,0.9,NA
"brier",4,0,35,0.91,NA
"brier",4,0,35,0.92,NA
"brier",4,0,35,0.93,NA
"brier",4,0,35,0.94,NA
"brier",4,0,35,0.95,NA
"brier",4,0,35,0.96,NA
"brier",4,0,35,0.97,NA
"brier",4,0,35,0.98,NA
"brier",4,0,35,0.99,NA
"brier",4,0,35,0.995,NA
"brier",4,0,36,0.9,NA
"brier",4,0,36,0.91,NA
"brier",4,0,36,0.92,NA
"brier",4,0,36,0.93,NA
"brier",4,0,36,0.94,NA
"brier",4,0,36,0.95,NA
"brier",4,0,36,0.96,NA
"brier",4,0,36,0.97,NA
"brier",4,0,36,0.98,NA
"brier",4,0,36,0.99,NA
"brier",4,0,36,0.995,NA
"brier",4,0,37,0.9,NA
"brier",4,0,37,0.91,NA
"brier",4,0,37,0.92,NA
"brier",4,0,37,0.93,NA
"brier",4,0,37,0.94,NA
"brier",4,0,37,0.95,NA
"brier",4,0,37,0.96,NA
"brier",4,0,37,0.97,NA
"brier",4,0,37,0.98,NA
"brier",4,0,37,0.99,NA
"brier",4,0,37,0.995,NA
"brier",4,0,38,0.9,NA
"brier",4,0,38,0.91,NA
"brier",4,0,38,0.92,NA
"brier",4,0,38,0.93,NA
"brier",4,0,38,0.94,NA
"brier",4,0,38,0.95,NA
"brier",4,0,38,0.96,NA
"brier",4,0,38,0.97,NA
"brier",4,0,38,0.98,NA
"brier",4,0,38,0.99,NA
"brier",4,0,38,0.995,NA
"brier",4,0,39,0.9,NA
"brier",4,0,39,0.91,NA
"brier",4,0,39,0.92,NA
"brier",4,0,39,0.93,NA
"brier",4,0,39,0.94,NA
"brier",4,0,39,0.95,NA
"brier",4,0,39,0.96,NA
"brier",4,0,39,0.97,NA
"brier",4,0,39,0.98,NA
"brier",4,0,39,0.99,NA
"brier",4,0,39,0.995,NA
"brier",4,0,40,0.9,NA
"brier",4,0,40,0.91,NA
"brier",4,0,40,0.92,NA
"brier",4,0,40,0.93,NA
"brier",4,0,40,0.94,NA
"brier",4,0,40,0.95,NA
"brier",4,0,40,0.96,NA
"brier",4,0,40,0.97,NA
"brier",4,0,40,0.98,NA
"brier",4,0,40,0.99,NA
"brier",4,0,40,0.995,NA
"brier",4,0,41,0.9,NA
"brier",4,0,41,0.91,NA
"brier",4,0,41,0.92,NA
"brier",4,0,41,0.93,NA
"brier",4,0,41,0.94,NA
"brier",4,0,41,0.95,NA
"brier",4,0,41,0.96,NA
"brier",4,0,41,0.97,NA
"brier",4,0,41,0.98,NA
"brier",4,0,41,0.99,NA
"brier",4,0,41,0.995,NA
"brier",4,0,42,0.9,NA
"brier",4,0,42,0.91,NA
"brier",4,0,42,0.92,NA
"brier",4,0,42,0.93,NA
"brier",4,0,42,0.94,NA
"brier",4,0,42,0.95,NA
"brier",4,0,42,0.96,NA
"brier",4,0,42,0.97,NA
"brier",4,0,42,0.98,NA
"brier",4,0,42,0.99,NA
"brier",4,0,42,0.995,NA
"brier",4,0,43,0.9,NA
"brier",4,0,43,0.91,NA
"brier",4,0,43,0.92,NA
"brier",4,0,43,0.93,NA
"brier",4,0,43,0.94,NA
"brier",4,0,43,0.95,NA
"brier",4,0,43,0.96,NA
"brier",4,0,43,0.97,NA
"brier",4,0,43,0.98,NA
"brier",4,0,43,0.99,NA
"brier",4,0,43,0.995,NA
"brier",4,0,44,0.9,NA
"brier",4,0,44,0.91,NA
"brier",4,0,44,0.92,NA
"brier",4,0,44,0.93,NA
"brier",4,0,44,0.94,NA
"brier",4,0,44,0.95,NA
"brier",4,0,44,0.96,NA
"brier",4,0,44,0.97,NA
"brier",4,0,44,0.98,NA
"brier",4,0,44,0.99,NA
"brier",4,0,44,0.995,NA
"brier",4,0,45,0.9,NA
"brier",4,0,45,0.91,NA
"brier",4,0,45,0.92,NA
"brier",4,0,45,0.93,NA
"brier",4,0,45,0.94,NA
"brier",4,0,45,0.95,NA
"brier",4,0,45,0.96,NA
"brier",4,0,45,0.97,NA
"brier",4,0,45,0.98,NA
"brier",4,0,45,0.99,NA
"brier",4,0,45,0.995,NA
"brier",4,0,46,0.9,NA
"brier",4,0,46,0.91,NA
"brier",4,0,46,0.92,NA
"brier",4,0,46,0.93,NA
"brier",4,0,46,0.94,NA
"brier",4,0,46,0.95,NA
"brier",4,0,46,0.96,NA
"brier",4,0,46,0.97,NA
"brier",4,0,46,0.98,NA
"brier",4,0,46,0.99,NA
"brier",4,0,46,0.995,NA
"brier",4,0,47,0.9,NA
"brier",4,0,47,0.91,NA
"brier",4,0,47,0.92,NA
"brier",4,0,47,0.93,NA
"brier",4,0,47,0.94,NA
"brier",4,0,47,0.95,NA
"brier",4,0,47,0.96,NA
"brier",4,0,47,0.97,NA
"brier",4,0,47,0.98,NA
"brier",4,0,47,0.99,NA
"brier",4,0,47,0.995,NA
"brier",4,0,48,0.9,NA
"brier",4,0,48,0.91,NA
"brier",4,0,48,0.92,NA
"brier",4,0,48,0.93,NA
"brier",4,0,48,0.94,NA
"brier",4,0,48,0.95,NA
"brier",4,0,48,0.96,NA
"brier",4,0,48,0.97,NA
"brier",4,0,48,0.98,NA
"brier",4,0,48,0.99,NA
"brier",4,0,48,0.995,NA
"brier",4,0,49,0.9,NA
"brier",4,0,49,0.91,NA
"brier",4,0,49,0.92,NA
"brier",4,0,49,0.93,NA
"brier",4,0,49,0.94,NA
"brier",4,0,49,0.95,NA
"brier",4,0,49,0.96,NA
"brier",4,0,49,0.97,NA
"brier",4,0,49,0.98,NA
"brier",4,0,49,0.99,NA
"brier",4,0,49,0.995,NA
"brier",4,0,50,0.9,NA
"brier",4,0,50,0.91,NA
"brier",4,0,50,0.92,NA
"brier",4,0,50,0.93,NA
"brier",4,0,50,0.94,NA
"brier",4,0,50,0.95,NA
"brier",4,0,50,0.96,NA
"brier",4,0,50,0.97,NA
"brier",4,0,50,0.98,NA
"brier",4,0,50,0.99,NA
"brier",4,0,50,0.995,NA
"brier",5,0,1,0.9,0.0212252445
"brier",5,0,1,0.91,0.0215040995136364
"brier",5,0,1,0.92,0.0198960280727273
"brier",5,0,1,0.93,0.0184098054363636
"brier",5,0,1,0.94,0.0165443350772727
"brier",5,0,1,0.95,0.0146232617045455
"brier",5,0,1,0.96,0.0120401206772727
"brier",5,0,1,0.97,0.00866260314545455
"brier",5,0,1,0.98,0.00297533962272727
"brier",5,0,1,0.99,0.00644536498181818
"brier",5,0,1,0.995,0.00561143875454545
"brier",5,0,2,0.9,0.0267756128409091
"brier",5,0,2,0.91,0.0234862053363636
"brier",5,0,2,0.92,0.0195412986090909
"brier",5,0,2,0.93,0.0148388108636364
"brier",5,0,2,0.94,0.0117736450318182
"brier",5,0,2,0.95,0.00771412721363636
"brier",5,0,2,0.96,0.00362441859090909
"brier",5,0,2,0.97,0.00507896020909091
"brier",5,0,2,0.98,0.00120578248181818
"brier",5,0,2,0.99,0.00337714208636364
"brier",5,0,2,0.995,0.00274031188636364
"brier",5,0,3,0.9,0.0231643515590909
"brier",5,0,3,0.91,0.0218088669454545
"brier",5,0,3,0.92,0.0186822043545455
"brier",5,0,3,0.93,0.0176904117409091
"brier",5,0,3,0.94,0.0138628828772727
"brier",5,0,3,0.95,0.0109253931545455
"brier",5,0,3,0.96,0.0103924060363636
"brier",5,0,3,0.97,0.00920593081363636
"brier",5,0,3,0.98,0.0078446067
"brier",5,0,3,0.99,0.00326199235909091
"brier",5,0,3,0.995,0.00161312603181818
"brier",5,0,4,0.9,0.0265639588545455
"brier",5,0,4,0.91,0.0248305672590909
"brier",5,0,4,0.92,0.0239788730909091
"brier",5,0,4,0.93,0.0218500271590909
"brier",5,0,4,0.94,0.0193517013272727
"brier",5,0,4,0.95,0.0149537698045455
"brier",5,0,4,0.96,0.0102812699272727
"brier",5,0,4,0.97,0.00489205853636364
"brier",5,0,4,0.98,0.000336195986363636
"brier",5,0,4,0.99,0.00411307117272727
"brier",5,0,4,0.995,0.00380151305
"brier",5,0,5,0.9,0.0264309282590909
"brier",5,0,5,0.91,0.0228776339045455
"brier",5,0,5,0.92,0.0203217731045455
"brier",5,0,5,0.93,0.0176048396363636
"brier",5,0,5,0.94,0.0177545944681818
"brier",5,0,5,0.95,0.0200657000863636
"brier",5,0,5,0.96,0.0210185590681818
"brier",5,0,5,0.97,0.0208250928545455
"brier",5,0,5,0.98,0.0158887570409091
"brier",5,0,5,0.99,0.00923531309545455
"brier",5,0,5,0.995,0.00413818368181818
"brier",5,0,6,0.9,0.0347984134909091
"brier",5,0,6,0.91,0.0354240738545455
"brier",5,0,6,0.92,0.0328655041954545
"brier",5,0,6,0.93,0.0314877920818182
"brier",5,0,6,0.94,0.0311945881727273
"brier",5,0,6,0.95,0.0275567504318182
"brier",5,0,6,0.96,0.0229701578090909
"brier",5,0,6,0.97,0.0191859155
"brier",5,0,6,0.98,0.0149727142681818
"brier",5,0,6,0.99,0.00820410973636364
"brier",5,0,6,0.995,0.00410395126818182
"brier",5,0,7,0.9,0.0222094024045455
"brier",5,0,7,0.91,0.0188985973045455
"brier",5,0,7,0.92,0.0166873372090909
"brier",5,0,7,0.93,0.0133478479363636
"brier",5,0,7,0.94,0.0153106788818182
"brier",5,0,7,0.95,0.0145879054909091
"brier",5,0,7,0.96,0.0130659634272727
"brier",5,0,7,0.97,0.00961803936363636
"brier",5,0,7,0.98,0.00880431700454546
"brier",5,0,7,0.99,0.00498516562272727
"brier",5,0,7,0.995,0.00313731912727273
"brier",5,0,8,0.9,0.0159948325
"brier",5,0,8,0.91,0.01536978765
"brier",5,0,8,0.92,0.0151318177863636
"brier",5,0,8,0.93,0.0135139178818182
"brier",5,0,8,0.94,0.00867675825454545
"brier",5,0,8,0.95,0.00905568679545455
"brier",5,0,8,0.96,0.00745247237727273
"brier",5,0,8,0.97,0.0061914387
"brier",5,0,8,0.98,0.00326449825454545
"brier",5,0,8,0.99,0.00389121329090909
"brier",5,0,8,0.995,0.002567272
"brier",5,0,9,0.9,0.0120847097772727
"brier",5,0,9,0.91,0.0147882514909091
"brier",5,0,9,0.92,0.0145025728636364
"brier",5,0,9,0.93,0.0157723130954545
"brier",5,0,9,0.94,0.0136691712590909
"brier",5,0,9,0.95,0.0105392824227273
"brier",5,0,9,0.96,0.00994648034090909
"brier",5,0,9,0.97,0.0125570379136364
"brier",5,0,9,0.98,0.01168562665
"brier",5,0,9,0.99,0.00707650050454545
"brier",5,0,9,0.995,0.00404234401363636
"brier",5,0,10,0.9,0.0283685041227273
"brier",5,0,10,0.91,0.0268954416318182
"brier",5,0,10,0.92,0.0254874484454545
"brier",5,0,10,0.93,0.0253474192
"brier",5,0,10,0.94,0.0245059789136364
"brier",5,0,10,0.95,0.0240735137363636
"brier",5,0,10,0.96,0.0217222619136364
"brier",5,0,10,0.97,0.0190768940181818
"brier",5,0,10,0.98,0.0155600109090909
"brier",5,0,10,0.99,0.00880670855909091
"brier",5,0,10,0.995,0.00398417714090909
"brier",5,0,11,0.9,NA
"brier",5,0,11,0.91,NA
"brier",5,0,11,0.92,NA
"brier",5,0,11,0.93,NA
"brier",5,0,11,0.94,NA
"brier",5,0,11,0.95,NA
"brier",5,0,11,0.96,NA
"brier",5,0,11,0.97,NA
"brier",5,0,11,0.98,NA
"brier",5,0,11,0.99,NA
"brier",5,0,11,0.995,NA
"brier",5,0,12,0.9,NA
"brier",5,0,12,0.91,NA
"brier",5,0,12,0.92,NA
"brier",5,0,12,0.93,NA
"brier",5,0,12,0.94,NA
"brier",5,0,12,0.95,NA
"brier",5,0,12,0.96,NA
"brier",5,0,12,0.97,NA
"brier",5,0,12,0.98,NA
"brier",5,0,12,0.99,NA
"brier",5,0,12,0.995,NA
"brier",5,0,13,0.9,NA
"brier",5,0,13,0.91,NA
"brier",5,0,13,0.92,NA
"brier",5,0,13,0.93,NA
"brier",5,0,13,0.94,NA
"brier",5,0,13,0.95,NA
"brier",5,0,13,0.96,NA
"brier",5,0,13,0.97,NA
"brier",5,0,13,0.98,NA
"brier",5,0,13,0.99,NA
"brier",5,0,13,0.995,NA
"brier",5,0,14,0.9,NA
"brier",5,0,14,0.91,NA
"brier",5,0,14,0.92,NA
"brier",5,0,14,0.93,NA
"brier",5,0,14,0.94,NA
"brier",5,0,14,0.95,NA
"brier",5,0,14,0.96,NA
"brier",5,0,14,0.97,NA
"brier",5,0,14,0.98,NA
"brier",5,0,14,0.99,NA
"brier",5,0,14,0.995,NA
"brier",5,0,15,0.9,NA
"brier",5,0,15,0.91,NA
"brier",5,0,15,0.92,NA
"brier",5,0,15,0.93,NA
"brier",5,0,15,0.94,NA
"brier",5,0,15,0.95,NA
"brier",5,0,15,0.96,NA
"brier",5,0,15,0.97,NA
"brier",5,0,15,0.98,NA
"brier",5,0,15,0.99,NA
"brier",5,0,15,0.995,NA
"brier",5,0,16,0.9,NA
"brier",5,0,16,0.91,NA
"brier",5,0,16,0.92,NA
"brier",5,0,16,0.93,NA
"brier",5,0,16,0.94,NA
"brier",5,0,16,0.95,NA
"brier",5,0,16,0.96,NA
"brier",5,0,16,0.97,NA
"brier",5,0,16,0.98,NA
"brier",5,0,16,0.99,NA
"brier",5,0,16,0.995,NA
"brier",5,0,17,0.9,NA
"brier",5,0,17,0.91,NA
"brier",5,0,17,0.92,NA
"brier",5,0,17,0.93,NA
"brier",5,0,17,0.94,NA
"brier",5,0,17,0.95,NA
"brier",5,0,17,0.96,NA
"brier",5,0,17,0.97,NA
"brier",5,0,17,0.98,NA
"brier",5,0,17,0.99,NA
"brier",5,0,17,0.995,NA
"brier",5,0,18,0.9,NA
"brier",5,0,18,0.91,NA
"brier",5,0,18,0.92,NA
"brier",5,0,18,0.93,NA
"brier",5,0,18,0.94,NA
"brier",5,0,18,0.95,NA
"brier",5,0,18,0.96,NA
"brier",5,0,18,0.97,NA
"brier",5,0,18,0.98,NA
"brier",5,0,18,0.99,NA
"brier",5,0,18,0.995,NA
"brier",5,0,19,0.9,NA
"brier",5,0,19,0.91,NA
"brier",5,0,19,0.92,NA
"brier",5,0,19,0.93,NA
"brier",5,0,19,0.94,NA
"brier",5,0,19,0.95,NA
"brier",5,0,19,0.96,NA
"brier",5,0,19,0.97,NA
"brier",5,0,19,0.98,NA
"brier",5,0,19,0.99,NA
"brier",5,0,19,0.995,NA
"brier",5,0,20,0.9,NA
"brier",5,0,20,0.91,NA
"brier",5,0,20,0.92,NA
"brier",5,0,20,0.93,NA
"brier",5,0,20,0.94,NA
"brier",5,0,20,0.95,NA
"brier",5,0,20,0.96,NA
"brier",5,0,20,0.97,NA
"brier",5,0,20,0.98,NA
"brier",5,0,20,0.99,NA
"brier",5,0,20,0.995,NA
"brier",5,0,21,0.9,NA
"brier",5,0,21,0.91,NA
"brier",5,0,21,0.92,NA
"brier",5,0,21,0.93,NA
"brier",5,0,21,0.94,NA
"brier",5,0,21,0.95,NA
"brier",5,0,21,0.96,NA
"brier",5,0,21,0.97,NA
"brier",5,0,21,0.98,NA
"brier",5,0,21,0.99,NA
"brier",5,0,21,0.995,NA
"brier",5,0,22,0.9,NA
"brier",5,0,22,0.91,NA
"brier",5,0,22,0.92,NA
"brier",5,0,22,0.93,NA
"brier",5,0,22,0.94,NA
"brier",5,0,22,0.95,NA
"brier",5,0,22,0.96,NA
"brier",5,0,22,0.97,NA
"brier",5,0,22,0.98,NA
"brier",5,0,22,0.99,NA
"brier",5,0,22,0.995,NA
"brier",5,0,23,0.9,NA
"brier",5,0,23,0.91,NA
"brier",5,0,23,0.92,NA
"brier",5,0,23,0.93,NA
"brier",5,0,23,0.94,NA
"brier",5,0,23,0.95,NA
"brier",5,0,23,0.96,NA
"brier",5,0,23,0.97,NA
"brier",5,0,23,0.98,NA
"brier",5,0,23,0.99,NA
"brier",5,0,23,0.995,NA
"brier",5,0,24,0.9,NA
"brier",5,0,24,0.91,NA
"brier",5,0,24,0.92,NA
"brier",5,0,24,0.93,NA
"brier",5,0,24,0.94,NA
"brier",5,0,24,0.95,NA
"brier",5,0,24,0.96,NA
"brier",5,0,24,0.97,NA
"brier",5,0,24,0.98,NA
"brier",5,0,24,0.99,NA
"brier",5,0,24,0.995,NA
"brier",5,0,25,0.9,NA
"brier",5,0,25,0.91,NA
"brier",5,0,25,0.92,NA
"brier",5,0,25,0.93,NA
"brier",5,0,25,0.94,NA
"brier",5,0,25,0.95,NA
"brier",5,0,25,0.96,NA
"brier",5,0,25,0.97,NA
"brier",5,0,25,0.98,NA
"brier",5,0,25,0.99,NA
"brier",5,0,25,0.995,NA
"brier",5,0,26,0.9,NA
"brier",5,0,26,0.91,NA
"brier",5,0,26,0.92,NA
"brier",5,0,26,0.93,NA
"brier",5,0,26,0.94,NA
"brier",5,0,26,0.95,NA
"brier",5,0,26,0.96,NA
"brier",5,0,26,0.97,NA
"brier",5,0,26,0.98,NA
"brier",5,0,26,0.99,NA
"brier",5,0,26,0.995,NA
"brier",5,0,27,0.9,NA
"brier",5,0,27,0.91,NA
"brier",5,0,27,0.92,NA
"brier",5,0,27,0.93,NA
"brier",5,0,27,0.94,NA
"brier",5,0,27,0.95,NA
"brier",5,0,27,0.96,NA
"brier",5,0,27,0.97,NA
"brier",5,0,27,0.98,NA
"brier",5,0,27,0.99,NA
"brier",5,0,27,0.995,NA
"brier",5,0,28,0.9,NA
"brier",5,0,28,0.91,NA
"brier",5,0,28,0.92,NA
"brier",5,0,28,0.93,NA
"brier",5,0,28,0.94,NA
"brier",5,0,28,0.95,NA
"brier",5,0,28,0.96,NA
"brier",5,0,28,0.97,NA
"brier",5,0,28,0.98,NA
"brier",5,0,28,0.99,NA
"brier",5,0,28,0.995,NA
"brier",5,0,29,0.9,NA
"brier",5,0,29,0.91,NA
"brier",5,0,29,0.92,NA
"brier",5,0,29,0.93,NA
"brier",5,0,29,0.94,NA
"brier",5,0,29,0.95,NA
"brier",5,0,29,0.96,NA
"brier",5,0,29,0.97,NA
"brier",5,0,29,0.98,NA
"brier",5,0,29,0.99,NA
"brier",5,0,29,0.995,NA
"brier",5,0,30,0.9,NA
"brier",5,0,30,0.91,NA
"brier",5,0,30,0.92,NA
"brier",5,0,30,0.93,NA
"brier",5,0,30,0.94,NA
"brier",5,0,30,0.95,NA
"brier",5,0,30,0.96,NA
"brier",5,0,30,0.97,NA
"brier",5,0,30,0.98,NA
"brier",5,0,30,0.99,NA
"brier",5,0,30,0.995,NA
"brier",5,0,31,0.9,NA
"brier",5,0,31,0.91,NA
"brier",5,0,31,0.92,NA
"brier",5,0,31,0.93,NA
"brier",5,0,31,0.94,NA
"brier",5,0,31,0.95,NA
"brier",5,0,31,0.96,NA
"brier",5,0,31,0.97,NA
"brier",5,0,31,0.98,NA
"brier",5,0,31,0.99,NA
"brier",5,0,31,0.995,NA
"brier",5,0,32,0.9,NA
"brier",5,0,32,0.91,NA
"brier",5,0,32,0.92,NA
"brier",5,0,32,0.93,NA
"brier",5,0,32,0.94,NA
"brier",5,0,32,0.95,NA
"brier",5,0,32,0.96,NA
"brier",5,0,32,0.97,NA
"brier",5,0,32,0.98,NA
"brier",5,0,32,0.99,NA
"brier",5,0,32,0.995,NA
"brier",5,0,33,0.9,NA
"brier",5,0,33,0.91,NA
"brier",5,0,33,0.92,NA
"brier",5,0,33,0.93,NA
"brier",5,0,33,0.94,NA
"brier",5,0,33,0.95,NA
"brier",5,0,33,0.96,NA
"brier",5,0,33,0.97,NA
"brier",5,0,33,0.98,NA
"brier",5,0,33,0.99,NA
"brier",5,0,33,0.995,NA
"brier",5,0,34,0.9,NA
"brier",5,0,34,0.91,NA
"brier",5,0,34,0.92,NA
"brier",5,0,34,0.93,NA
"brier",5,0,34,0.94,NA
"brier",5,0,34,0.95,NA
"brier",5,0,34,0.96,NA
"brier",5,0,34,0.97,NA
"brier",5,0,34,0.98,NA
"brier",5,0,34,0.99,NA
"brier",5,0,34,0.995,NA
"brier",5,0,35,0.9,NA
"brier",5,0,35,0.91,NA
"brier",5,0,35,0.92,NA
"brier",5,0,35,0.93,NA
"brier",5,0,35,0.94,NA
"brier",5,0,35,0.95,NA
"brier",5,0,35,0.96,NA
"brier",5,0,35,0.97,NA
"brier",5,0,35,0.98,NA
"brier",5,0,35,0.99,NA
"brier",5,0,35,0.995,NA
"brier",5,0,36,0.9,NA
"brier",5,0,36,0.91,NA
"brier",5,0,36,0.92,NA
"brier",5,0,36,0.93,NA
"brier",5,0,36,0.94,NA
"brier",5,0,36,0.95,NA
"brier",5,0,36,0.96,NA
"brier",5,0,36,0.97,NA
"brier",5,0,36,0.98,NA
"brier",5,0,36,0.99,NA
"brier",5,0,36,0.995,NA
"brier",5,0,37,0.9,NA
"brier",5,0,37,0.91,NA
"brier",5,0,37,0.92,NA
"brier",5,0,37,0.93,NA
"brier",5,0,37,0.94,NA
"brier",5,0,37,0.95,NA
"brier",5,0,37,0.96,NA
"brier",5,0,37,0.97,NA
"brier",5,0,37,0.98,NA
"brier",5,0,37,0.99,NA
"brier",5,0,37,0.995,NA
"brier",5,0,38,0.9,NA
"brier",5,0,38,0.91,NA
"brier",5,0,38,0.92,NA
"brier",5,0,38,0.93,NA
"brier",5,0,38,0.94,NA
"brier",5,0,38,0.95,NA
"brier",5,0,38,0.96,NA
"brier",5,0,38,0.97,NA
"brier",5,0,38,0.98,NA
"brier",5,0,38,0.99,NA
"brier",5,0,38,0.995,NA
"brier",5,0,39,0.9,NA
"brier",5,0,39,0.91,NA
"brier",5,0,39,0.92,NA
"brier",5,0,39,0.93,NA
"brier",5,0,39,0.94,NA
"brier",5,0,39,0.95,NA
"brier",5,0,39,0.96,NA
"brier",5,0,39,0.97,NA
"brier",5,0,39,0.98,NA
"brier",5,0,39,0.99,NA
"brier",5,0,39,0.995,NA
"brier",5,0,40,0.9,NA
"brier",5,0,40,0.91,NA
"brier",5,0,40,0.92,NA
"brier",5,0,40,0.93,NA
"brier",5,0,40,0.94,NA
"brier",5,0,40,0.95,NA
"brier",5,0,40,0.96,NA
"brier",5,0,40,0.97,NA
"brier",5,0,40,0.98,NA
"brier",5,0,40,0.99,NA
"brier",5,0,40,0.995,NA
"brier",5,0,41,0.9,NA
"brier",5,0,41,0.91,NA
"brier",5,0,41,0.92,NA
"brier",5,0,41,0.93,NA
"brier",5,0,41,0.94,NA
"brier",5,0,41,0.95,NA
"brier",5,0,41,0.96,NA
"brier",5,0,41,0.97,NA
"brier",5,0,41,0.98,NA
"brier",5,0,41,0.99,NA
"brier",5,0,41,0.995,NA
"brier",5,0,42,0.9,NA
"brier",5,0,42,0.91,NA
"brier",5,0,42,0.92,NA
"brier",5,0,42,0.93,NA
"brier",5,0,42,0.94,NA
"brier",5,0,42,0.95,NA
"brier",5,0,42,0.96,NA
"brier",5,0,42,0.97,NA
"brier",5,0,42,0.98,NA
"brier",5,0,42,0.99,NA
"brier",5,0,42,0.995,NA
"brier",5,0,43,0.9,NA
"brier",5,0,43,0.91,NA
"brier",5,0,43,0.92,NA
"brier",5,0,43,0.93,NA
"brier",5,0,43,0.94,NA
"brier",5,0,43,0.95,NA
"brier",5,0,43,0.96,NA
"brier",5,0,43,0.97,NA
"brier",5,0,43,0.98,NA
"brier",5,0,43,0.99,NA
"brier",5,0,43,0.995,NA
"brier",5,0,44,0.9,NA
"brier",5,0,44,0.91,NA
"brier",5,0,44,0.92,NA
"brier",5,0,44,0.93,NA
"brier",5,0,44,0.94,NA
"brier",5,0,44,0.95,NA
"brier",5,0,44,0.96,NA
"brier",5,0,44,0.97,NA
"brier",5,0,44,0.98,NA
"brier",5,0,44,0.99,NA
"brier",5,0,44,0.995,NA
"brier",5,0,45,0.9,NA
"brier",5,0,45,0.91,NA
"brier",5,0,45,0.92,NA
"brier",5,0,45,0.93,NA
"brier",5,0,45,0.94,NA
"brier",5,0,45,0.95,NA
"brier",5,0,45,0.96,NA
"brier",5,0,45,0.97,NA
"brier",5,0,45,0.98,NA
"brier",5,0,45,0.99,NA
"brier",5,0,45,0.995,NA
"brier",5,0,46,0.9,NA
"brier",5,0,46,0.91,NA
"brier",5,0,46,0.92,NA
"brier",5,0,46,0.93,NA
"brier",5,0,46,0.94,NA
"brier",5,0,46,0.95,NA
"brier",5,0,46,0.96,NA
"brier",5,0,46,0.97,NA
"brier",5,0,46,0.98,NA
"brier",5,0,46,0.99,NA
"brier",5,0,46,0.995,NA
"brier",5,0,47,0.9,NA
"brier",5,0,47,0.91,NA
"brier",5,0,47,0.92,NA
"brier",5,0,47,0.93,NA
"brier",5,0,47,0.94,NA
"brier",5,0,47,0.95,NA
"brier",5,0,47,0.96,NA
"brier",5,0,47,0.97,NA
"brier",5,0,47,0.98,NA
"brier",5,0,47,0.99,NA
"brier",5,0,47,0.995,NA
"brier",5,0,48,0.9,NA
"brier",5,0,48,0.91,NA
"brier",5,0,48,0.92,NA
"brier",5,0,48,0.93,NA
"brier",5,0,48,0.94,NA
"brier",5,0,48,0.95,NA
"brier",5,0,48,0.96,NA
"brier",5,0,48,0.97,NA
"brier",5,0,48,0.98,NA
"brier",5,0,48,0.99,NA
"brier",5,0,48,0.995,NA
"brier",5,0,49,0.9,NA
"brier",5,0,49,0.91,NA
"brier",5,0,49,0.92,NA
"brier",5,0,49,0.93,NA
"brier",5,0,49,0.94,NA
"brier",5,0,49,0.95,NA
"brier",5,0,49,0.96,NA
"brier",5,0,49,0.97,NA
"brier",5,0,49,0.98,NA
"brier",5,0,49,0.99,NA
"brier",5,0,49,0.995,NA
"brier",5,0,50,0.9,NA
"brier",5,0,50,0.91,NA
"brier",5,0,50,0.92,NA
"brier",5,0,50,0.93,NA
"brier",5,0,50,0.94,NA
"brier",5,0,50,0.95,NA
"brier",5,0,50,0.96,NA
"brier",5,0,50,0.97,NA
"brier",5,0,50,0.98,NA
"brier",5,0,50,0.99,NA
"brier",5,0,50,0.995,NA
"quant",1,0,1,0.9,2.09016790988728
"quant",1,0,1,0.91,1.95831521644567
"quant",1,0,1,0.92,1.81664365318223
"quant",1,0,1,0.93,1.66471416997011
"quant",1,0,1,0.94,1.5005559911984
"quant",1,0,1,0.95,1.32453983748178
"quant",1,0,1,0.96,1.13433990022611
"quant",1,0,1,0.97,0.924676910487901
"quant",1,0,1,0.98,0.689198356736289
"quant",1,0,1,0.99,0.373646355555862
"quant",1,0,1,0.995,0.19517988741352
"quant",1,0,2,0.9,3.80189558688887
"quant",1,0,2,0.91,3.65773418656846
"quant",1,0,2,0.92,3.49838474288145
"quant",1,0,2,0.93,3.32418159032441
"quant",1,0,2,0.94,3.12614960295521
"quant",1,0,2,0.95,2.89701824401572
"quant",1,0,2,0.96,2.62758703582859
"quant",1,0,2,0.97,2.28780109486389
"quant",1,0,2,0.98,1.87541211374239
"quant",1,0,2,0.99,1.0589107514284
"quant",1,0,2,0.995,0.570486293299098
"quant",1,0,3,0.9,2.81763807061999
"quant",1,0,3,0.91,2.66269637612737
"quant",1,0,3,0.92,2.49762532202636
"quant",1,0,3,0.93,2.31728004189254
"quant",1,0,3,0.94,2.11839446601683
"quant",1,0,3,0.95,1.89149614764818
"quant",1,0,3,0.96,1.63478916552943
"quant",1,0,3,0.97,1.34425663991158
"quant",1,0,3,0.98,0.99195521488039
"quant",1,0,3,0.99,0.55232699966486
"quant",1,0,3,0.995,0.299911153459575
"quant",1,0,4,0.9,4.06494488417337
"quant",1,0,4,0.91,3.92266972383906
"quant",1,0,4,0.92,3.76859054782091
"quant",1,0,4,0.93,3.60389031900078
"quant",1,0,4,0.94,3.42255171370956
"quant",1,0,4,0.95,3.22281444464249
"quant",1,0,4,0.96,2.98225015517133
"quant",1,0,4,0.97,2.68981533869267
"quant",1,0,4,0.98,2.29514569068881
"quant",1,0,4,0.99,1.22069171235937
"quant",1,0,4,0.995,0.644019261220966
"quant",1,0,5,0.9,1.98392799595216
"quant",1,0,5,0.91,1.86063874159855
"quant",1,0,5,0.92,1.72767656553555
"quant",1,0,5,0.93,1.58016841316534
"quant",1,0,5,0.94,1.41783208431056
"quant",1,0,5,0.95,1.23667583001869
"quant",1,0,5,0.96,1.03884468470855
"quant",1,0,5,0.97,0.820155037689973
"quant",1,0,5,0.98,0.583449497436673
"quant",1,0,5,0.99,0.326283278598648
"quant",1,0,5,0.995,0.186673228327033
"quant",1,0,6,0.9,1.22537741084111
"quant",1,0,6,0.91,1.13273062717665
"quant",1,0,6,0.92,1.03426433306774
"quant",1,0,6,0.93,0.931027966957304
"quant",1,0,6,0.94,0.822667325418419
"quant",1,0,6,0.95,0.707486509277889
"quant",1,0,6,0.96,0.586499750925792
"quant",1,0,6,0.97,0.458125634719419
"quant",1,0,6,0.98,0.322463973243752
"quant",1,0,6,0.99,0.174176216857191
"quant",1,0,6,0.995,0.0941728463001017
"quant",1,0,7,0.9,2.99996508616547
"quant",1,0,7,0.91,2.82133841611864
"quant",1,0,7,0.92,2.62587045326065
"quant",1,0,7,0.93,2.40864452614741
"quant",1,0,7,0.94,2.16546787078904
"quant",1,0,7,0.95,1.89881860590421
"quant",1,0,7,0.96,1.61000596967687
"quant",1,0,7,0.97,1.29115130761474
"quant",1,0,7,0.98,0.940514122767949
"quant",1,0,7,0.99,0.524182298802201
"quant",1,0,7,0.995,0.294461890737098
"quant",1,0,8,0.9,2.65222658114866
"quant",1,0,8,0.91,2.52606302257875
"quant",1,0,8,0.92,2.38517814358087
"quant",1,0,8,0.93,2.22523384410154
"quant",1,0,8,0.94,2.05182845843775
"quant",1,0,8,0.95,1.85044662970691
"quant",1,0,8,0.96,1.61231494434988
"quant",1,0,8,0.97,1.32973467289367
"quant",1,0,8,0.98,0.974880061476596
"quant",1,0,8,0.99,0.521618847081719
"quant",1,0,8,0.995,0.271846712410641
"quant",1,0,9,0.9,2.68497471439356
"quant",1,0,9,0.91,2.52058358607099
"quant",1,0,9,0.92,2.32939883520357
"quant",1,0,9,0.93,2.11309115378572
"quant",1,0,9,0.94,1.87765784979064
"quant",1,0,9,0.95,1.62325446256881
"quant",1,0,9,0.96,1.35255183486584
"quant",1,0,9,0.97,1.05759090840074
"quant",1,0,9,0.98,0.734476624250252
"quant",1,0,9,0.99,0.384427781214854
"quant",1,0,9,0.995,0.199747394055983
"quant",1,0,10,0.9,1.90292346597668
"quant",1,0,10,0.91,1.7659409419123
"quant",1,0,10,0.92,1.62014251718799
"quant",1,0,10,0.93,1.46369298455604
"quant",1,0,10,0.94,1.29579923992421
"quant",1,0,10,0.95,1.11785556986993
"quant",1,0,10,0.96,0.927816157288913
"quant",1,0,10,0.97,0.72553290953126
"quant",1,0,10,0.98,0.50664933946107
"quant",1,0,10,0.99,0.267413250990632
"quant",1,0,10,0.995,0.140059705628452
"quant",1,0,11,0.9,NA
"quant",1,0,11,0.91,NA
"quant",1,0,11,0.92,NA
"quant",1,0,11,0.93,NA
"quant",1,0,11,0.94,NA
"quant",1,0,11,0.95,NA
"quant",1,0,11,0.96,NA
"quant",1,0,11,0.97,NA
"quant",1,0,11,0.98,NA
"quant",1,0,11,0.99,NA
"quant",1,0,11,0.995,NA
"quant",1,0,12,0.9,NA
"quant",1,0,12,0.91,NA
"quant",1,0,12,0.92,NA
"quant",1,0,12,0.93,NA
"quant",1,0,12,0.94,NA
"quant",1,0,12,0.95,NA
"quant",1,0,12,0.96,NA
"quant",1,0,12,0.97,NA
"quant",1,0,12,0.98,NA
"quant",1,0,12,0.99,NA
"quant",1,0,12,0.995,NA
"quant",1,0,13,0.9,NA
"quant",1,0,13,0.91,NA
"quant",1,0,13,0.92,NA
"quant",1,0,13,0.93,NA
"quant",1,0,13,0.94,NA
"quant",1,0,13,0.95,NA
"quant",1,0,13,0.96,NA
"quant",1,0,13,0.97,NA
"quant",1,0,13,0.98,NA
"quant",1,0,13,0.99,NA
"quant",1,0,13,0.995,NA
"quant",1,0,14,0.9,NA
"quant",1,0,14,0.91,NA
"quant",1,0,14,0.92,NA
"quant",1,0,14,0.93,NA
"quant",1,0,14,0.94,NA
"quant",1,0,14,0.95,NA
"quant",1,0,14,0.96,NA
"quant",1,0,14,0.97,NA
"quant",1,0,14,0.98,NA
"quant",1,0,14,0.99,NA
"quant",1,0,14,0.995,NA
"quant",1,0,15,0.9,NA
"quant",1,0,15,0.91,NA
"quant",1,0,15,0.92,NA
"quant",1,0,15,0.93,NA
"quant",1,0,15,0.94,NA
"quant",1,0,15,0.95,NA
"quant",1,0,15,0.96,NA
"quant",1,0,15,0.97,NA
"quant",1,0,15,0.98,NA
"quant",1,0,15,0.99,NA
"quant",1,0,15,0.995,NA
"quant",1,0,16,0.9,NA
"quant",1,0,16,0.91,NA
"quant",1,0,16,0.92,NA
"quant",1,0,16,0.93,NA
"quant",1,0,16,0.94,NA
"quant",1,0,16,0.95,NA
"quant",1,0,16,0.96,NA
"quant",1,0,16,0.97,NA
"quant",1,0,16,0.98,NA
"quant",1,0,16,0.99,NA
"quant",1,0,16,0.995,NA
"quant",1,0,17,0.9,NA
"quant",1,0,17,0.91,NA
"quant",1,0,17,0.92,NA
"quant",1,0,17,0.93,NA
"quant",1,0,17,0.94,NA
"quant",1,0,17,0.95,NA
"quant",1,0,17,0.96,NA
"quant",1,0,17,0.97,NA
"quant",1,0,17,0.98,NA
"quant",1,0,17,0.99,NA
"quant",1,0,17,0.995,NA
"quant",1,0,18,0.9,NA
"quant",1,0,18,0.91,NA
"quant",1,0,18,0.92,NA
"quant",1,0,18,0.93,NA
"quant",1,0,18,0.94,NA
"quant",1,0,18,0.95,NA
"quant",1,0,18,0.96,NA
"quant",1,0,18,0.97,NA
"quant",1,0,18,0.98,NA
"quant",1,0,18,0.99,NA
"quant",1,0,18,0.995,NA
"quant",1,0,19,0.9,NA
"quant",1,0,19,0.91,NA
"quant",1,0,19,0.92,NA
"quant",1,0,19,0.93,NA
"quant",1,0,19,0.94,NA
"quant",1,0,19,0.95,NA
"quant",1,0,19,0.96,NA
"quant",1,0,19,0.97,NA
"quant",1,0,19,0.98,NA
"quant",1,0,19,0.99,NA
"quant",1,0,19,0.995,NA
"quant",1,0,20,0.9,NA
"quant",1,0,20,0.91,NA
"quant",1,0,20,0.92,NA
"quant",1,0,20,0.93,NA
"quant",1,0,20,0.94,NA
"quant",1,0,20,0.95,NA
"quant",1,0,20,0.96,NA
"quant",1,0,20,0.97,NA
"quant",1,0,20,0.98,NA
"quant",1,0,20,0.99,NA
"quant",1,0,20,0.995,NA
"quant",1,0,21,0.9,NA
"quant",1,0,21,0.91,NA
"quant",1,0,21,0.92,NA
"quant",1,0,21,0.93,NA
"quant",1,0,21,0.94,NA
"quant",1,0,21,0.95,NA
"quant",1,0,21,0.96,NA
"quant",1,0,21,0.97,NA
"quant",1,0,21,0.98,NA
"quant",1,0,21,0.99,NA
"quant",1,0,21,0.995,NA
"quant",1,0,22,0.9,NA
"quant",1,0,22,0.91,NA
"quant",1,0,22,0.92,NA
"quant",1,0,22,0.93,NA
"quant",1,0,22,0.94,NA
"quant",1,0,22,0.95,NA
"quant",1,0,22,0.96,NA
"quant",1,0,22,0.97,NA
"quant",1,0,22,0.98,NA
"quant",1,0,22,0.99,NA
"quant",1,0,22,0.995,NA
"quant",1,0,23,0.9,NA
"quant",1,0,23,0.91,NA
"quant",1,0,23,0.92,NA
"quant",1,0,23,0.93,NA
"quant",1,0,23,0.94,NA
"quant",1,0,23,0.95,NA
"quant",1,0,23,0.96,NA
"quant",1,0,23,0.97,NA
"quant",1,0,23,0.98,NA
"quant",1,0,23,0.99,NA
"quant",1,0,23,0.995,NA
"quant",1,0,24,0.9,NA
"quant",1,0,24,0.91,NA
"quant",1,0,24,0.92,NA
"quant",1,0,24,0.93,NA
"quant",1,0,24,0.94,NA
"quant",1,0,24,0.95,NA
"quant",1,0,24,0.96,NA
"quant",1,0,24,0.97,NA
"quant",1,0,24,0.98,NA
"quant",1,0,24,0.99,NA
"quant",1,0,24,0.995,NA
"quant",1,0,25,0.9,NA
"quant",1,0,25,0.91,NA
"quant",1,0,25,0.92,NA
"quant",1,0,25,0.93,NA
"quant",1,0,25,0.94,NA
"quant",1,0,25,0.95,NA
"quant",1,0,25,0.96,NA
"quant",1,0,25,0.97,NA
"quant",1,0,25,0.98,NA
"quant",1,0,25,0.99,NA
"quant",1,0,25,0.995,NA
"quant",1,0,26,0.9,NA
"quant",1,0,26,0.91,NA
"quant",1,0,26,0.92,NA
"quant",1,0,26,0.93,NA
"quant",1,0,26,0.94,NA
"quant",1,0,26,0.95,NA
"quant",1,0,26,0.96,NA
"quant",1,0,26,0.97,NA
"quant",1,0,26,0.98,NA
"quant",1,0,26,0.99,NA
"quant",1,0,26,0.995,NA
"quant",1,0,27,0.9,NA
"quant",1,0,27,0.91,NA
"quant",1,0,27,0.92,NA
"quant",1,0,27,0.93,NA
"quant",1,0,27,0.94,NA
"quant",1,0,27,0.95,NA
"quant",1,0,27,0.96,NA
"quant",1,0,27,0.97,NA
"quant",1,0,27,0.98,NA
"quant",1,0,27,0.99,NA
"quant",1,0,27,0.995,NA
"quant",1,0,28,0.9,NA
"quant",1,0,28,0.91,NA
"quant",1,0,28,0.92,NA
"quant",1,0,28,0.93,NA
"quant",1,0,28,0.94,NA
"quant",1,0,28,0.95,NA
"quant",1,0,28,0.96,NA
"quant",1,0,28,0.97,NA
"quant",1,0,28,0.98,NA
"quant",1,0,28,0.99,NA
"quant",1,0,28,0.995,NA
"quant",1,0,29,0.9,NA
"quant",1,0,29,0.91,NA
"quant",1,0,29,0.92,NA
"quant",1,0,29,0.93,NA
"quant",1,0,29,0.94,NA
"quant",1,0,29,0.95,NA
"quant",1,0,29,0.96,NA
"quant",1,0,29,0.97,NA
"quant",1,0,29,0.98,NA
"quant",1,0,29,0.99,NA
"quant",1,0,29,0.995,NA
"quant",1,0,30,0.9,NA
"quant",1,0,30,0.91,NA
"quant",1,0,30,0.92,NA
"quant",1,0,30,0.93,NA
"quant",1,0,30,0.94,NA
"quant",1,0,30,0.95,NA
"quant",1,0,30,0.96,NA
"quant",1,0,30,0.97,NA
"quant",1,0,30,0.98,NA
"quant",1,0,30,0.99,NA
"quant",1,0,30,0.995,NA
"quant",1,0,31,0.9,NA
"quant",1,0,31,0.91,NA
"quant",1,0,31,0.92,NA
"quant",1,0,31,0.93,NA
"quant",1,0,31,0.94,NA
"quant",1,0,31,0.95,NA
"quant",1,0,31,0.96,NA
"quant",1,0,31,0.97,NA
"quant",1,0,31,0.98,NA
"quant",1,0,31,0.99,NA
"quant",1,0,31,0.995,NA
"quant",1,0,32,0.9,NA
"quant",1,0,32,0.91,NA
"quant",1,0,32,0.92,NA
"quant",1,0,32,0.93,NA
"quant",1,0,32,0.94,NA
"quant",1,0,32,0.95,NA
"quant",1,0,32,0.96,NA
"quant",1,0,32,0.97,NA
"quant",1,0,32,0.98,NA
"quant",1,0,32,0.99,NA
"quant",1,0,32,0.995,NA
"quant",1,0,33,0.9,NA
"quant",1,0,33,0.91,NA
"quant",1,0,33,0.92,NA
"quant",1,0,33,0.93,NA
"quant",1,0,33,0.94,NA
"quant",1,0,33,0.95,NA
"quant",1,0,33,0.96,NA
"quant",1,0,33,0.97,NA
"quant",1,0,33,0.98,NA
"quant",1,0,33,0.99,NA
"quant",1,0,33,0.995,NA
"quant",1,0,34,0.9,NA
"quant",1,0,34,0.91,NA
"quant",1,0,34,0.92,NA
"quant",1,0,34,0.93,NA
"quant",1,0,34,0.94,NA
"quant",1,0,34,0.95,NA
"quant",1,0,34,0.96,NA
"quant",1,0,34,0.97,NA
"quant",1,0,34,0.98,NA
"quant",1,0,34,0.99,NA
"quant",1,0,34,0.995,NA
"quant",1,0,35,0.9,NA
"quant",1,0,35,0.91,NA
"quant",1,0,35,0.92,NA
"quant",1,0,35,0.93,NA
"quant",1,0,35,0.94,NA
"quant",1,0,35,0.95,NA
"quant",1,0,35,0.96,NA
"quant",1,0,35,0.97,NA
"quant",1,0,35,0.98,NA
"quant",1,0,35,0.99,NA
"quant",1,0,35,0.995,NA
"quant",1,0,36,0.9,NA
"quant",1,0,36,0.91,NA
"quant",1,0,36,0.92,NA
"quant",1,0,36,0.93,NA
"quant",1,0,36,0.94,NA
"quant",1,0,36,0.95,NA
"quant",1,0,36,0.96,NA
"quant",1,0,36,0.97,NA
"quant",1,0,36,0.98,NA
"quant",1,0,36,0.99,NA
"quant",1,0,36,0.995,NA
"quant",1,0,37,0.9,NA
"quant",1,0,37,0.91,NA
"quant",1,0,37,0.92,NA
"quant",1,0,37,0.93,NA
"quant",1,0,37,0.94,NA
"quant",1,0,37,0.95,NA
"quant",1,0,37,0.96,NA
"quant",1,0,37,0.97,NA
"quant",1,0,37,0.98,NA
"quant",1,0,37,0.99,NA
"quant",1,0,37,0.995,NA
"quant",1,0,38,0.9,NA
"quant",1,0,38,0.91,NA
"quant",1,0,38,0.92,NA
"quant",1,0,38,0.93,NA
"quant",1,0,38,0.94,NA
"quant",1,0,38,0.95,NA
"quant",1,0,38,0.96,NA
"quant",1,0,38,0.97,NA
"quant",1,0,38,0.98,NA
"quant",1,0,38,0.99,NA
"quant",1,0,38,0.995,NA
"quant",1,0,39,0.9,NA
"quant",1,0,39,0.91,NA
"quant",1,0,39,0.92,NA
"quant",1,0,39,0.93,NA
"quant",1,0,39,0.94,NA
"quant",1,0,39,0.95,NA
"quant",1,0,39,0.96,NA
"quant",1,0,39,0.97,NA
"quant",1,0,39,0.98,NA
"quant",1,0,39,0.99,NA
"quant",1,0,39,0.995,NA
"quant",1,0,40,0.9,NA
"quant",1,0,40,0.91,NA
"quant",1,0,40,0.92,NA
"quant",1,0,40,0.93,NA
"quant",1,0,40,0.94,NA
"quant",1,0,40,0.95,NA
"quant",1,0,40,0.96,NA
"quant",1,0,40,0.97,NA
"quant",1,0,40,0.98,NA
"quant",1,0,40,0.99,NA
"quant",1,0,40,0.995,NA
"quant",1,0,41,0.9,NA
"quant",1,0,41,0.91,NA
"quant",1,0,41,0.92,NA
"quant",1,0,41,0.93,NA
"quant",1,0,41,0.94,NA
"quant",1,0,41,0.95,NA
"quant",1,0,41,0.96,NA
"quant",1,0,41,0.97,NA
"quant",1,0,41,0.98,NA
"quant",1,0,41,0.99,NA
"quant",1,0,41,0.995,NA
"quant",1,0,42,0.9,NA
"quant",1,0,42,0.91,NA
"quant",1,0,42,0.92,NA
"quant",1,0,42,0.93,NA
"quant",1,0,42,0.94,NA
"quant",1,0,42,0.95,NA
"quant",1,0,42,0.96,NA
"quant",1,0,42,0.97,NA
"quant",1,0,42,0.98,NA
"quant",1,0,42,0.99,NA
"quant",1,0,42,0.995,NA
"quant",1,0,43,0.9,NA
"quant",1,0,43,0.91,NA
"quant",1,0,43,0.92,NA
"quant",1,0,43,0.93,NA
"quant",1,0,43,0.94,NA
"quant",1,0,43,0.95,NA
"quant",1,0,43,0.96,NA
"quant",1,0,43,0.97,NA
"quant",1,0,43,0.98,NA
"quant",1,0,43,0.99,NA
"quant",1,0,43,0.995,NA
"quant",1,0,44,0.9,NA
"quant",1,0,44,0.91,NA
"quant",1,0,44,0.92,NA
"quant",1,0,44,0.93,NA
"quant",1,0,44,0.94,NA
"quant",1,0,44,0.95,NA
"quant",1,0,44,0.96,NA
"quant",1,0,44,0.97,NA
"quant",1,0,44,0.98,NA
"quant",1,0,44,0.99,NA
"quant",1,0,44,0.995,NA
"quant",1,0,45,0.9,NA
"quant",1,0,45,0.91,NA
"quant",1,0,45,0.92,NA
"quant",1,0,45,0.93,NA
"quant",1,0,45,0.94,NA
"quant",1,0,45,0.95,NA
"quant",1,0,45,0.96,NA
"quant",1,0,45,0.97,NA
"quant",1,0,45,0.98,NA
"quant",1,0,45,0.99,NA
"quant",1,0,45,0.995,NA
"quant",1,0,46,0.9,NA
"quant",1,0,46,0.91,NA
"quant",1,0,46,0.92,NA
"quant",1,0,46,0.93,NA
"quant",1,0,46,0.94,NA
"quant",1,0,46,0.95,NA
"quant",1,0,46,0.96,NA
"quant",1,0,46,0.97,NA
"quant",1,0,46,0.98,NA
"quant",1,0,46,0.99,NA
"quant",1,0,46,0.995,NA
"quant",1,0,47,0.9,NA
"quant",1,0,47,0.91,NA
"quant",1,0,47,0.92,NA
"quant",1,0,47,0.93,NA
"quant",1,0,47,0.94,NA
"quant",1,0,47,0.95,NA
"quant",1,0,47,0.96,NA
"quant",1,0,47,0.97,NA
"quant",1,0,47,0.98,NA
"quant",1,0,47,0.99,NA
"quant",1,0,47,0.995,NA
"quant",1,0,48,0.9,NA
"quant",1,0,48,0.91,NA
"quant",1,0,48,0.92,NA
"quant",1,0,48,0.93,NA
"quant",1,0,48,0.94,NA
"quant",1,0,48,0.95,NA
"quant",1,0,48,0.96,NA
"quant",1,0,48,0.97,NA
"quant",1,0,48,0.98,NA
"quant",1,0,48,0.99,NA
"quant",1,0,48,0.995,NA
"quant",1,0,49,0.9,NA
"quant",1,0,49,0.91,NA
"quant",1,0,49,0.92,NA
"quant",1,0,49,0.93,NA
"quant",1,0,49,0.94,NA
"quant",1,0,49,0.95,NA
"quant",1,0,49,0.96,NA
"quant",1,0,49,0.97,NA
"quant",1,0,49,0.98,NA
"quant",1,0,49,0.99,NA
"quant",1,0,49,0.995,NA
"quant",1,0,50,0.9,NA
"quant",1,0,50,0.91,NA
"quant",1,0,50,0.92,NA
"quant",1,0,50,0.93,NA
"quant",1,0,50,0.94,NA
"quant",1,0,50,0.95,NA
"quant",1,0,50,0.96,NA
"quant",1,0,50,0.97,NA
"quant",1,0,50,0.98,NA
"quant",1,0,50,0.99,NA
"quant",1,0,50,0.995,NA
"quant",2,0,1,0.9,2.08971653973278
"quant",2,0,1,0.91,1.95834136484952
"quant",2,0,1,0.92,1.81643522497351
"quant",2,0,1,0.93,1.66395826287959
"quant",2,0,1,0.94,1.49992681532407
"quant",2,0,1,0.95,1.32460983513616
"quant",2,0,1,0.96,1.13377417931573
"quant",2,0,1,0.97,0.922423538884899
"quant",2,0,1,0.98,0.688742409249508
"quant",2,0,1,0.99,0.372913299541791
"quant",2,0,1,0.995,0.192196819904763
"quant",2,0,2,0.9,3.79865136466884
"quant",2,0,2,0.91,3.65574772482859
"quant",2,0,2,0.92,3.49809881895432
"quant",2,0,2,0.93,3.32267126680162
"quant",2,0,2,0.94,3.12486071140553
"quant",2,0,2,0.95,2.89762665073374
"quant",2,0,2,0.96,2.63155789047084
"quant",2,0,2,0.97,2.29193865906118
"quant",2,0,2,0.98,1.87664477656425
"quant",2,0,2,0.99,1.05301559105686
"quant",2,0,2,0.995,0.557931530745239
"quant",2,0,3,0.9,2.81482582852384
"quant",2,0,3,0.91,2.66168224323406
"quant",2,0,3,0.92,2.49640132576132
"quant",2,0,3,0.93,2.31634240538168
"quant",2,0,3,0.94,2.11670958011521
"quant",2,0,3,0.95,1.88735962111067
"quant",2,0,3,0.96,1.63186267958179
"quant",2,0,3,0.97,1.33969643932104
"quant",2,0,3,0.98,0.993314841587375
"quant",2,0,3,0.99,0.554691124816472
"quant",2,0,3,0.995,0.302300216970117
"quant",2,0,4,0.9,4.06654597968645
"quant",2,0,4,0.91,3.92391475454222
"quant",2,0,4,0.92,3.76765464221949
"quant",2,0,4,0.93,3.60224130491216
"quant",2,0,4,0.94,3.42117304394126
"quant",2,0,4,0.95,3.21989000918333
"quant",2,0,4,0.96,2.98110250663659
"quant",2,0,4,0.97,2.68727330387271
"quant",2,0,4,0.98,2.29501841641556
"quant",2,0,4,0.99,1.22312571645376
"quant",2,0,4,0.995,0.640085089307157
"quant",2,0,5,0.9,1.98296405039906
"quant",2,0,5,0.91,1.85837617152231
"quant",2,0,5,0.92,1.72427812309072
"quant",2,0,5,0.93,1.5771042835739
"quant",2,0,5,0.94,1.4147384283443
"quant",2,0,5,0.95,1.23485496090983
"quant",2,0,5,0.96,1.03674212691112
"quant",2,0,5,0.97,0.817426734579985
"quant",2,0,5,0.98,0.580477768192364
"quant",2,0,5,0.99,0.322650313847488
"quant",2,0,5,0.995,0.179300081545421
"quant",2,0,6,0.9,1.22533244022618
"quant",2,0,6,0.91,1.13230984044062
"quant",2,0,6,0.92,1.03359056222389
"quant",2,0,6,0.93,0.930502912132595
"quant",2,0,6,0.94,0.821559821494877
"quant",2,0,6,0.95,0.706367789290876
"quant",2,0,6,0.96,0.585836238624876
"quant",2,0,6,0.97,0.458218291839686
"quant",2,0,6,0.98,0.321110396047346
"quant",2,0,6,0.99,0.174457848069349
"quant",2,0,6,0.995,0.0928361757787894
"quant",2,0,7,0.9,2.99803299168219
"quant",2,0,7,0.91,2.82018189672075
"quant",2,0,7,0.92,2.62333519151502
"quant",2,0,7,0.93,2.40633662196922
"quant",2,0,7,0.94,2.16421542306828
"quant",2,0,7,0.95,1.89901918195426
"quant",2,0,7,0.96,1.61350536636151
"quant",2,0,7,0.97,1.29755557997602
"quant",2,0,7,0.98,0.94213136044171
"quant",2,0,7,0.99,0.516367243556677
"quant",2,0,7,0.995,0.283135331300981
"quant",2,0,8,0.9,2.65064801104084
"quant",2,0,8,0.91,2.52517013413575
"quant",2,0,8,0.92,2.384461491887
"quant",2,0,8,0.93,2.22593754176689
"quant",2,0,8,0.94,2.05225223305183
"quant",2,0,8,0.95,1.85047027582156
"quant",2,0,8,0.96,1.61307121718638
"quant",2,0,8,0.97,1.32737298715209
"quant",2,0,8,0.98,0.974142897382849
"quant",2,0,8,0.99,0.521937208790217
"quant",2,0,8,0.995,0.271837226649973
"quant",2,0,9,0.9,2.68514160767285
"quant",2,0,9,0.91,2.51786249832967
"quant",2,0,9,0.92,2.32593419452706
"quant",2,0,9,0.93,2.10965689661914
"quant",2,0,9,0.94,1.87718058006317
"quant",2,0,9,0.95,1.62346086498317
"quant",2,0,9,0.96,1.35133296521348
"quant",2,0,9,0.97,1.05348258876886
"quant",2,0,9,0.98,0.731662553054987
"quant",2,0,9,0.99,0.384970953954795
"quant",2,0,9,0.995,0.20139153003763
"quant",2,0,10,0.9,1.90342020249325
"quant",2,0,10,0.91,1.76651670198136
"quant",2,0,10,0.92,1.62092681825978
"quant",2,0,10,0.93,1.46349052245084
"quant",2,0,10,0.94,1.29477832339392
"quant",2,0,10,0.95,1.11627450668437
"quant",2,0,10,0.96,0.925714253659022
"quant",2,0,10,0.97,0.722403586772108
"quant",2,0,10,0.98,0.502436428363202
"quant",2,0,10,0.99,0.264326106458717
"quant",2,0,10,0.995,0.13753934001075
"quant",2,0,11,0.9,NA
"quant",2,0,11,0.91,NA
"quant",2,0,11,0.92,NA
"quant",2,0,11,0.93,NA
"quant",2,0,11,0.94,NA
"quant",2,0,11,0.95,NA
"quant",2,0,11,0.96,NA
"quant",2,0,11,0.97,NA
"quant",2,0,11,0.98,NA
"quant",2,0,11,0.99,NA
"quant",2,0,11,0.995,NA
"quant",2,0,12,0.9,NA
"quant",2,0,12,0.91,NA
"quant",2,0,12,0.92,NA
"quant",2,0,12,0.93,NA
"quant",2,0,12,0.94,NA
"quant",2,0,12,0.95,NA
"quant",2,0,12,0.96,NA
"quant",2,0,12,0.97,NA
"quant",2,0,12,0.98,NA
"quant",2,0,12,0.99,NA
"quant",2,0,12,0.995,NA
"quant",2,0,13,0.9,NA
"quant",2,0,13,0.91,NA
"quant",2,0,13,0.92,NA
"quant",2,0,13,0.93,NA
"quant",2,0,13,0.94,NA
"quant",2,0,13,0.95,NA
"quant",2,0,13,0.96,NA
"quant",2,0,13,0.97,NA
"quant",2,0,13,0.98,NA
"quant",2,0,13,0.99,NA
"quant",2,0,13,0.995,NA
"quant",2,0,14,0.9,NA
"quant",2,0,14,0.91,NA
"quant",2,0,14,0.92,NA
"quant",2,0,14,0.93,NA
"quant",2,0,14,0.94,NA
"quant",2,0,14,0.95,NA
"quant",2,0,14,0.96,NA
"quant",2,0,14,0.97,NA
"quant",2,0,14,0.98,NA
"quant",2,0,14,0.99,NA
"quant",2,0,14,0.995,NA
"quant",2,0,15,0.9,NA
"quant",2,0,15,0.91,NA
"quant",2,0,15,0.92,NA
"quant",2,0,15,0.93,NA
"quant",2,0,15,0.94,NA
"quant",2,0,15,0.95,NA
"quant",2,0,15,0.96,NA
"quant",2,0,15,0.97,NA
"quant",2,0,15,0.98,NA
"quant",2,0,15,0.99,NA
"quant",2,0,15,0.995,NA
"quant",2,0,16,0.9,NA
"quant",2,0,16,0.91,NA
"quant",2,0,16,0.92,NA
"quant",2,0,16,0.93,NA
"quant",2,0,16,0.94,NA
"quant",2,0,16,0.95,NA
"quant",2,0,16,0.96,NA
"quant",2,0,16,0.97,NA
"quant",2,0,16,0.98,NA
"quant",2,0,16,0.99,NA
"quant",2,0,16,0.995,NA
"quant",2,0,17,0.9,NA
"quant",2,0,17,0.91,NA
"quant",2,0,17,0.92,NA
"quant",2,0,17,0.93,NA
"quant",2,0,17,0.94,NA
"quant",2,0,17,0.95,NA
"quant",2,0,17,0.96,NA
"quant",2,0,17,0.97,NA
"quant",2,0,17,0.98,NA
"quant",2,0,17,0.99,NA
"quant",2,0,17,0.995,NA
"quant",2,0,18,0.9,NA
"quant",2,0,18,0.91,NA
"quant",2,0,18,0.92,NA
"quant",2,0,18,0.93,NA
"quant",2,0,18,0.94,NA
"quant",2,0,18,0.95,NA
"quant",2,0,18,0.96,NA
"quant",2,0,18,0.97,NA
"quant",2,0,18,0.98,NA
"quant",2,0,18,0.99,NA
"quant",2,0,18,0.995,NA
"quant",2,0,19,0.9,NA
"quant",2,0,19,0.91,NA
"quant",2,0,19,0.92,NA
"quant",2,0,19,0.93,NA
"quant",2,0,19,0.94,NA
"quant",2,0,19,0.95,NA
"quant",2,0,19,0.96,NA
"quant",2,0,19,0.97,NA
"quant",2,0,19,0.98,NA
"quant",2,0,19,0.99,NA
"quant",2,0,19,0.995,NA
"quant",2,0,20,0.9,NA
"quant",2,0,20,0.91,NA
"quant",2,0,20,0.92,NA
"quant",2,0,20,0.93,NA
"quant",2,0,20,0.94,NA
"quant",2,0,20,0.95,NA
"quant",2,0,20,0.96,NA
"quant",2,0,20,0.97,NA
"quant",2,0,20,0.98,NA
"quant",2,0,20,0.99,NA
"quant",2,0,20,0.995,NA
"quant",2,0,21,0.9,NA
"quant",2,0,21,0.91,NA
"quant",2,0,21,0.92,NA
"quant",2,0,21,0.93,NA
"quant",2,0,21,0.94,NA
"quant",2,0,21,0.95,NA
"quant",2,0,21,0.96,NA
"quant",2,0,21,0.97,NA
"quant",2,0,21,0.98,NA
"quant",2,0,21,0.99,NA
"quant",2,0,21,0.995,NA
"quant",2,0,22,0.9,NA
"quant",2,0,22,0.91,NA
"quant",2,0,22,0.92,NA
"quant",2,0,22,0.93,NA
"quant",2,0,22,0.94,NA
"quant",2,0,22,0.95,NA
"quant",2,0,22,0.96,NA
"quant",2,0,22,0.97,NA
"quant",2,0,22,0.98,NA
"quant",2,0,22,0.99,NA
"quant",2,0,22,0.995,NA
"quant",2,0,23,0.9,NA
"quant",2,0,23,0.91,NA
"quant",2,0,23,0.92,NA
"quant",2,0,23,0.93,NA
"quant",2,0,23,0.94,NA
"quant",2,0,23,0.95,NA
"quant",2,0,23,0.96,NA
"quant",2,0,23,0.97,NA
"quant",2,0,23,0.98,NA
"quant",2,0,23,0.99,NA
"quant",2,0,23,0.995,NA
"quant",2,0,24,0.9,NA
"quant",2,0,24,0.91,NA
"quant",2,0,24,0.92,NA
"quant",2,0,24,0.93,NA
"quant",2,0,24,0.94,NA
"quant",2,0,24,0.95,NA
"quant",2,0,24,0.96,NA
"quant",2,0,24,0.97,NA
"quant",2,0,24,0.98,NA
"quant",2,0,24,0.99,NA
"quant",2,0,24,0.995,NA
"quant",2,0,25,0.9,NA
"quant",2,0,25,0.91,NA
"quant",2,0,25,0.92,NA
"quant",2,0,25,0.93,NA
"quant",2,0,25,0.94,NA
"quant",2,0,25,0.95,NA
"quant",2,0,25,0.96,NA
"quant",2,0,25,0.97,NA
"quant",2,0,25,0.98,NA
"quant",2,0,25,0.99,NA
"quant",2,0,25,0.995,NA
"quant",2,0,26,0.9,NA
"quant",2,0,26,0.91,NA
"quant",2,0,26,0.92,NA
"quant",2,0,26,0.93,NA
"quant",2,0,26,0.94,NA
"quant",2,0,26,0.95,NA
"quant",2,0,26,0.96,NA
"quant",2,0,26,0.97,NA
"quant",2,0,26,0.98,NA
"quant",2,0,26,0.99,NA
"quant",2,0,26,0.995,NA
"quant",2,0,27,0.9,NA
"quant",2,0,27,0.91,NA
"quant",2,0,27,0.92,NA
"quant",2,0,27,0.93,NA
"quant",2,0,27,0.94,NA
"quant",2,0,27,0.95,NA
"quant",2,0,27,0.96,NA
"quant",2,0,27,0.97,NA
"quant",2,0,27,0.98,NA
"quant",2,0,27,0.99,NA
"quant",2,0,27,0.995,NA
"quant",2,0,28,0.9,NA
"quant",2,0,28,0.91,NA
"quant",2,0,28,0.92,NA
"quant",2,0,28,0.93,NA
"quant",2,0,28,0.94,NA
"quant",2,0,28,0.95,NA
"quant",2,0,28,0.96,NA
"quant",2,0,28,0.97,NA
"quant",2,0,28,0.98,NA
"quant",2,0,28,0.99,NA
"quant",2,0,28,0.995,NA
"quant",2,0,29,0.9,NA
"quant",2,0,29,0.91,NA
"quant",2,0,29,0.92,NA
"quant",2,0,29,0.93,NA
"quant",2,0,29,0.94,NA
"quant",2,0,29,0.95,NA
"quant",2,0,29,0.96,NA
"quant",2,0,29,0.97,NA
"quant",2,0,29,0.98,NA
"quant",2,0,29,0.99,NA
"quant",2,0,29,0.995,NA
"quant",2,0,30,0.9,NA
"quant",2,0,30,0.91,NA
"quant",2,0,30,0.92,NA
"quant",2,0,30,0.93,NA
"quant",2,0,30,0.94,NA
"quant",2,0,30,0.95,NA
"quant",2,0,30,0.96,NA
"quant",2,0,30,0.97,NA
"quant",2,0,30,0.98,NA
"quant",2,0,30,0.99,NA
"quant",2,0,30,0.995,NA
"quant",2,0,31,0.9,NA
"quant",2,0,31,0.91,NA
"quant",2,0,31,0.92,NA
"quant",2,0,31,0.93,NA
"quant",2,0,31,0.94,NA
"quant",2,0,31,0.95,NA
"quant",2,0,31,0.96,NA
"quant",2,0,31,0.97,NA
"quant",2,0,31,0.98,NA
"quant",2,0,31,0.99,NA
"quant",2,0,31,0.995,NA
"quant",2,0,32,0.9,NA
"quant",2,0,32,0.91,NA
"quant",2,0,32,0.92,NA
"quant",2,0,32,0.93,NA
"quant",2,0,32,0.94,NA
"quant",2,0,32,0.95,NA
"quant",2,0,32,0.96,NA
"quant",2,0,32,0.97,NA
"quant",2,0,32,0.98,NA
"quant",2,0,32,0.99,NA
"quant",2,0,32,0.995,NA
"quant",2,0,33,0.9,NA
"quant",2,0,33,0.91,NA
"quant",2,0,33,0.92,NA
"quant",2,0,33,0.93,NA
"quant",2,0,33,0.94,NA
"quant",2,0,33,0.95,NA
"quant",2,0,33,0.96,NA
"quant",2,0,33,0.97,NA
"quant",2,0,33,0.98,NA
"quant",2,0,33,0.99,NA
"quant",2,0,33,0.995,NA
"quant",2,0,34,0.9,NA
"quant",2,0,34,0.91,NA
"quant",2,0,34,0.92,NA
"quant",2,0,34,0.93,NA
"quant",2,0,34,0.94,NA
"quant",2,0,34,0.95,NA
"quant",2,0,34,0.96,NA
"quant",2,0,34,0.97,NA
"quant",2,0,34,0.98,NA
"quant",2,0,34,0.99,NA
"quant",2,0,34,0.995,NA
"quant",2,0,35,0.9,NA
"quant",2,0,35,0.91,NA
"quant",2,0,35,0.92,NA
"quant",2,0,35,0.93,NA
"quant",2,0,35,0.94,NA
"quant",2,0,35,0.95,NA
"quant",2,0,35,0.96,NA
"quant",2,0,35,0.97,NA
"quant",2,0,35,0.98,NA
"quant",2,0,35,0.99,NA
"quant",2,0,35,0.995,NA
"quant",2,0,36,0.9,NA
"quant",2,0,36,0.91,NA
"quant",2,0,36,0.92,NA
"quant",2,0,36,0.93,NA
"quant",2,0,36,0.94,NA
"quant",2,0,36,0.95,NA
"quant",2,0,36,0.96,NA
"quant",2,0,36,0.97,NA
"quant",2,0,36,0.98,NA
"quant",2,0,36,0.99,NA
"quant",2,0,36,0.995,NA
"quant",2,0,37,0.9,NA
"quant",2,0,37,0.91,NA
"quant",2,0,37,0.92,NA
"quant",2,0,37,0.93,NA
"quant",2,0,37,0.94,NA
"quant",2,0,37,0.95,NA
"quant",2,0,37,0.96,NA
"quant",2,0,37,0.97,NA
"quant",2,0,37,0.98,NA
"quant",2,0,37,0.99,NA
"quant",2,0,37,0.995,NA
"quant",2,0,38,0.9,NA
"quant",2,0,38,0.91,NA
"quant",2,0,38,0.92,NA
"quant",2,0,38,0.93,NA
"quant",2,0,38,0.94,NA
"quant",2,0,38,0.95,NA
"quant",2,0,38,0.96,NA
"quant",2,0,38,0.97,NA
"quant",2,0,38,0.98,NA
"quant",2,0,38,0.99,NA
"quant",2,0,38,0.995,NA
"quant",2,0,39,0.9,NA
"quant",2,0,39,0.91,NA
"quant",2,0,39,0.92,NA
"quant",2,0,39,0.93,NA
"quant",2,0,39,0.94,NA
"quant",2,0,39,0.95,NA
"quant",2,0,39,0.96,NA
"quant",2,0,39,0.97,NA
"quant",2,0,39,0.98,NA
"quant",2,0,39,0.99,NA
"quant",2,0,39,0.995,NA
"quant",2,0,40,0.9,NA
"quant",2,0,40,0.91,NA
"quant",2,0,40,0.92,NA
"quant",2,0,40,0.93,NA
"quant",2,0,40,0.94,NA
"quant",2,0,40,0.95,NA
"quant",2,0,40,0.96,NA
"quant",2,0,40,0.97,NA
"quant",2,0,40,0.98,NA
"quant",2,0,40,0.99,NA
"quant",2,0,40,0.995,NA
"quant",2,0,41,0.9,NA
"quant",2,0,41,0.91,NA
"quant",2,0,41,0.92,NA
"quant",2,0,41,0.93,NA
"quant",2,0,41,0.94,NA
"quant",2,0,41,0.95,NA
"quant",2,0,41,0.96,NA
"quant",2,0,41,0.97,NA
"quant",2,0,41,0.98,NA
"quant",2,0,41,0.99,NA
"quant",2,0,41,0.995,NA
"quant",2,0,42,0.9,NA
"quant",2,0,42,0.91,NA
"quant",2,0,42,0.92,NA
"quant",2,0,42,0.93,NA
"quant",2,0,42,0.94,NA
"quant",2,0,42,0.95,NA
"quant",2,0,42,0.96,NA
"quant",2,0,42,0.97,NA
"quant",2,0,42,0.98,NA
"quant",2,0,42,0.99,NA
"quant",2,0,42,0.995,NA
"quant",2,0,43,0.9,NA
"quant",2,0,43,0.91,NA
"quant",2,0,43,0.92,NA
"quant",2,0,43,0.93,NA
"quant",2,0,43,0.94,NA
"quant",2,0,43,0.95,NA
"quant",2,0,43,0.96,NA
"quant",2,0,43,0.97,NA
"quant",2,0,43,0.98,NA
"quant",2,0,43,0.99,NA
"quant",2,0,43,0.995,NA
"quant",2,0,44,0.9,NA
"quant",2,0,44,0.91,NA
"quant",2,0,44,0.92,NA
"quant",2,0,44,0.93,NA
"quant",2,0,44,0.94,NA
"quant",2,0,44,0.95,NA
"quant",2,0,44,0.96,NA
"quant",2,0,44,0.97,NA
"quant",2,0,44,0.98,NA
"quant",2,0,44,0.99,NA
"quant",2,0,44,0.995,NA
"quant",2,0,45,0.9,NA
"quant",2,0,45,0.91,NA
"quant",2,0,45,0.92,NA
"quant",2,0,45,0.93,NA
"quant",2,0,45,0.94,NA
"quant",2,0,45,0.95,NA
"quant",2,0,45,0.96,NA
"quant",2,0,45,0.97,NA
"quant",2,0,45,0.98,NA
"quant",2,0,45,0.99,NA
"quant",2,0,45,0.995,NA
"quant",2,0,46,0.9,NA
"quant",2,0,46,0.91,NA
"quant",2,0,46,0.92,NA
"quant",2,0,46,0.93,NA
"quant",2,0,46,0.94,NA
"quant",2,0,46,0.95,NA
"quant",2,0,46,0.96,NA
"quant",2,0,46,0.97,NA
"quant",2,0,46,0.98,NA
"quant",2,0,46,0.99,NA
"quant",2,0,46,0.995,NA
"quant",2,0,47,0.9,NA
"quant",2,0,47,0.91,NA
"quant",2,0,47,0.92,NA
"quant",2,0,47,0.93,NA
"quant",2,0,47,0.94,NA
"quant",2,0,47,0.95,NA
"quant",2,0,47,0.96,NA
"quant",2,0,47,0.97,NA
"quant",2,0,47,0.98,NA
"quant",2,0,47,0.99,NA
"quant",2,0,47,0.995,NA
"quant",2,0,48,0.9,NA
"quant",2,0,48,0.91,NA
"quant",2,0,48,0.92,NA
"quant",2,0,48,0.93,NA
"quant",2,0,48,0.94,NA
"quant",2,0,48,0.95,NA
"quant",2,0,48,0.96,NA
"quant",2,0,48,0.97,NA
"quant",2,0,48,0.98,NA
"quant",2,0,48,0.99,NA
"quant",2,0,48,0.995,NA
"quant",2,0,49,0.9,NA
"quant",2,0,49,0.91,NA
"quant",2,0,49,0.92,NA
"quant",2,0,49,0.93,NA
"quant",2,0,49,0.94,NA
"quant",2,0,49,0.95,NA
"quant",2,0,49,0.96,NA
"quant",2,0,49,0.97,NA
"quant",2,0,49,0.98,NA
"quant",2,0,49,0.99,NA
"quant",2,0,49,0.995,NA
"quant",2,0,50,0.9,NA
"quant",2,0,50,0.91,NA
"quant",2,0,50,0.92,NA
"quant",2,0,50,0.93,NA
"quant",2,0,50,0.94,NA
"quant",2,0,50,0.95,NA
"quant",2,0,50,0.96,NA
"quant",2,0,50,0.97,NA
"quant",2,0,50,0.98,NA
"quant",2,0,50,0.99,NA
"quant",2,0,50,0.995,NA
"quant",3,0,1,0.9,2.09024549323008
"quant",3,0,1,0.91,1.95869796240503
"quant",3,0,1,0.92,1.81632464428962
"quant",3,0,1,0.93,1.66380554580627
"quant",3,0,1,0.94,1.50030112161952
"quant",3,0,1,0.95,1.32475703311996
"quant",3,0,1,0.96,1.1337647261081
"quant",3,0,1,0.97,0.922579851501278
"quant",3,0,1,0.98,0.688283568175721
"quant",3,0,1,0.99,0.373259180815476
"quant",3,0,1,0.995,0.193296149291636
"quant",3,0,2,0.9,3.79882256308093
"quant",3,0,2,0.91,3.65572372842372
"quant",3,0,2,0.92,3.49856213327101
"quant",3,0,2,0.93,3.32296144319539
"quant",3,0,2,0.94,3.12525175224724
"quant",3,0,2,0.95,2.89617086426042
"quant",3,0,2,0.96,2.63039505392715
"quant",3,0,2,0.97,2.2907011096101
"quant",3,0,2,0.98,1.87712987822122
"quant",3,0,2,0.99,1.05907890554736
"quant",3,0,2,0.995,0.562735046520521
"quant",3,0,3,0.9,2.8163189670718
"quant",3,0,3,0.91,2.66251780198165
"quant",3,0,3,0.92,2.49642142704947
"quant",3,0,3,0.93,2.31602105019545
"quant",3,0,3,0.94,2.11665236741141
"quant",3,0,3,0.95,1.88832147592964
"quant",3,0,3,0.96,1.63316603714562
"quant",3,0,3,0.97,1.3406778535432
"quant",3,0,3,0.98,0.993468542531549
"quant",3,0,3,0.99,0.553030987153856
"quant",3,0,3,0.995,0.301353803816782
"quant",3,0,4,0.9,4.06663787990554
"quant",3,0,4,0.91,3.92371130622018
"quant",3,0,4,0.92,3.76786637173168
"quant",3,0,4,0.93,3.60197788555969
"quant",3,0,4,0.94,3.42048870646626
"quant",3,0,4,0.95,3.22002996900095
"quant",3,0,4,0.96,2.98102789604083
"quant",3,0,4,0.97,2.68699033831267
"quant",3,0,4,0.98,2.29501841641556
"quant",3,0,4,0.99,1.22112510554703
"quant",3,0,4,0.995,0.640039136692274
"quant",3,0,5,0.9,1.98393343802134
"quant",3,0,5,0.91,1.85923847169273
"quant",3,0,5,0.92,1.7245542942867
"quant",3,0,5,0.93,1.57750107069557
"quant",3,0,5,0.94,1.41597387201556
"quant",3,0,5,0.95,1.23599675240795
"quant",3,0,5,0.96,1.03720893976032
"quant",3,0,5,0.97,0.81647793815918
"quant",3,0,5,0.98,0.579441400830678
"quant",3,0,5,0.99,0.321168897188929
"quant",3,0,5,0.995,0.177765441395439
"quant",3,0,6,0.9,1.2256402045101
"quant",3,0,6,0.91,1.13277265301282
"quant",3,0,6,0.92,1.03404687245419
"quant",3,0,6,0.93,0.930632008469263
"quant",3,0,6,0.94,0.821633576752757
"quant",3,0,6,0.95,0.706415192226453
"quant",3,0,6,0.96,0.585510118466979
"quant",3,0,6,0.97,0.457728053360677
"quant",3,0,6,0.98,0.320808011673706
"quant",3,0,6,0.99,0.17436141414274
"quant",3,0,6,0.995,0.0929919618544918
"quant",3,0,7,0.9,2.99683209095834
"quant",3,0,7,0.91,2.81939897251526
"quant",3,0,7,0.92,2.62327909525926
"quant",3,0,7,0.93,2.40649469900043
"quant",3,0,7,0.94,2.16398334683637
"quant",3,0,7,0.95,1.89959681258816
"quant",3,0,7,0.96,1.6147810311384
"quant",3,0,7,0.97,1.29819239168811
"quant",3,0,7,0.98,0.942769007554147
"quant",3,0,7,0.99,0.51785631563293
"quant",3,0,7,0.995,0.283308873220323
"quant",3,0,8,0.9,2.65061503332993
"quant",3,0,8,0.91,2.52502379578418
"quant",3,0,8,0.92,2.38457887020566
"quant",3,0,8,0.93,2.22568486080941
"quant",3,0,8,0.94,2.05168036501932
"quant",3,0,8,0.95,1.85017073966065
"quant",3,0,8,0.96,1.61237623500109
"quant",3,0,8,0.97,1.32710547650303
"quant",3,0,8,0.98,0.974259714782894
"quant",3,0,8,0.99,0.522180658031113
"quant",3,0,8,0.995,0.271950513728232
"quant",3,0,9,0.9,2.68338764262121
"quant",3,0,9,0.91,2.51605625731062
"quant",3,0,9,0.92,2.32363240037641
"quant",3,0,9,0.93,2.10798183204116
"quant",3,0,9,0.94,1.87606719191311
"quant",3,0,9,0.95,1.62325781648302
"quant",3,0,9,0.96,1.35175528508387
"quant",3,0,9,0.97,1.05396240179865
"quant",3,0,9,0.98,0.731571518720461
"quant",3,0,9,0.99,0.384774241028098
"quant",3,0,9,0.995,0.201729682802361
"quant",3,0,10,0.9,1.90354006899652
"quant",3,0,10,0.91,1.76696659656475
"quant",3,0,10,0.92,1.62156658314561
"quant",3,0,10,0.93,1.46388394792532
"quant",3,0,10,0.94,1.29566989574034
"quant",3,0,10,0.95,1.1174616309494
"quant",3,0,10,0.96,0.926812072592736
"quant",3,0,10,0.97,0.72328709556495
"quant",3,0,10,0.98,0.502813653781708
"quant",3,0,10,0.99,0.264052113089636
"quant",3,0,10,0.995,0.137270741413882
"quant",3,0,11,0.9,NA
"quant",3,0,11,0.91,NA
"quant",3,0,11,0.92,NA
"quant",3,0,11,0.93,NA
"quant",3,0,11,0.94,NA
"quant",3,0,11,0.95,NA
"quant",3,0,11,0.96,NA
"quant",3,0,11,0.97,NA
"quant",3,0,11,0.98,NA
"quant",3,0,11,0.99,NA
"quant",3,0,11,0.995,NA
"quant",3,0,12,0.9,NA
"quant",3,0,12,0.91,NA
"quant",3,0,12,0.92,NA
"quant",3,0,12,0.93,NA
"quant",3,0,12,0.94,NA
"quant",3,0,12,0.95,NA
"quant",3,0,12,0.96,NA
"quant",3,0,12,0.97,NA
"quant",3,0,12,0.98,NA
"quant",3,0,12,0.99,NA
"quant",3,0,12,0.995,NA
"quant",3,0,13,0.9,NA
"quant",3,0,13,0.91,NA
"quant",3,0,13,0.92,NA
"quant",3,0,13,0.93,NA
"quant",3,0,13,0.94,NA
"quant",3,0,13,0.95,NA
"quant",3,0,13,0.96,NA
"quant",3,0,13,0.97,NA
"quant",3,0,13,0.98,NA
"quant",3,0,13,0.99,NA
"quant",3,0,13,0.995,NA
"quant",3,0,14,0.9,NA
"quant",3,0,14,0.91,NA
"quant",3,0,14,0.92,NA
"quant",3,0,14,0.93,NA
"quant",3,0,14,0.94,NA
"quant",3,0,14,0.95,NA
"quant",3,0,14,0.96,NA
"quant",3,0,14,0.97,NA
"quant",3,0,14,0.98,NA
"quant",3,0,14,0.99,NA
"quant",3,0,14,0.995,NA
"quant",3,0,15,0.9,NA
"quant",3,0,15,0.91,NA
"quant",3,0,15,0.92,NA
"quant",3,0,15,0.93,NA
"quant",3,0,15,0.94,NA
"quant",3,0,15,0.95,NA
"quant",3,0,15,0.96,NA
"quant",3,0,15,0.97,NA
"quant",3,0,15,0.98,NA
"quant",3,0,15,0.99,NA
"quant",3,0,15,0.995,NA
"quant",3,0,16,0.9,NA
"quant",3,0,16,0.91,NA
"quant",3,0,16,0.92,NA
"quant",3,0,16,0.93,NA
"quant",3,0,16,0.94,NA
"quant",3,0,16,0.95,NA
"quant",3,0,16,0.96,NA
"quant",3,0,16,0.97,NA
"quant",3,0,16,0.98,NA
"quant",3,0,16,0.99,NA
"quant",3,0,16,0.995,NA
"quant",3,0,17,0.9,NA
"quant",3,0,17,0.91,NA
"quant",3,0,17,0.92,NA
"quant",3,0,17,0.93,NA
"quant",3,0,17,0.94,NA
"quant",3,0,17,0.95,NA
"quant",3,0,17,0.96,NA
"quant",3,0,17,0.97,NA
"quant",3,0,17,0.98,NA
"quant",3,0,17,0.99,NA
"quant",3,0,17,0.995,NA
"quant",3,0,18,0.9,NA
"quant",3,0,18,0.91,NA
"quant",3,0,18,0.92,NA
"quant",3,0,18,0.93,NA
"quant",3,0,18,0.94,NA
"quant",3,0,18,0.95,NA
"quant",3,0,18,0.96,NA
"quant",3,0,18,0.97,NA
"quant",3,0,18,0.98,NA
"quant",3,0,18,0.99,NA
"quant",3,0,18,0.995,NA
"quant",3,0,19,0.9,NA
"quant",3,0,19,0.91,NA
"quant",3,0,19,0.92,NA
"quant",3,0,19,0.93,NA
"quant",3,0,19,0.94,NA
"quant",3,0,19,0.95,NA
"quant",3,0,19,0.96,NA
"quant",3,0,19,0.97,NA
"quant",3,0,19,0.98,NA
"quant",3,0,19,0.99,NA
"quant",3,0,19,0.995,NA
"quant",3,0,20,0.9,NA
"quant",3,0,20,0.91,NA
"quant",3,0,20,0.92,NA
"quant",3,0,20,0.93,NA
"quant",3,0,20,0.94,NA
"quant",3,0,20,0.95,NA
"quant",3,0,20,0.96,NA
"quant",3,0,20,0.97,NA
"quant",3,0,20,0.98,NA
"quant",3,0,20,0.99,NA
"quant",3,0,20,0.995,NA
"quant",3,0,21,0.9,NA
"quant",3,0,21,0.91,NA
"quant",3,0,21,0.92,NA
"quant",3,0,21,0.93,NA
"quant",3,0,21,0.94,NA
"quant",3,0,21,0.95,NA
"quant",3,0,21,0.96,NA
"quant",3,0,21,0.97,NA
"quant",3,0,21,0.98,NA
"quant",3,0,21,0.99,NA
"quant",3,0,21,0.995,NA
"quant",3,0,22,0.9,NA
"quant",3,0,22,0.91,NA
"quant",3,0,22,0.92,NA
"quant",3,0,22,0.93,NA
"quant",3,0,22,0.94,NA
"quant",3,0,22,0.95,NA
"quant",3,0,22,0.96,NA
"quant",3,0,22,0.97,NA
"quant",3,0,22,0.98,NA
"quant",3,0,22,0.99,NA
"quant",3,0,22,0.995,NA
"quant",3,0,23,0.9,NA
"quant",3,0,23,0.91,NA
"quant",3,0,23,0.92,NA
"quant",3,0,23,0.93,NA
"quant",3,0,23,0.94,NA
"quant",3,0,23,0.95,NA
"quant",3,0,23,0.96,NA
"quant",3,0,23,0.97,NA
"quant",3,0,23,0.98,NA
"quant",3,0,23,0.99,NA
"quant",3,0,23,0.995,NA
"quant",3,0,24,0.9,NA
"quant",3,0,24,0.91,NA
"quant",3,0,24,0.92,NA
"quant",3,0,24,0.93,NA
"quant",3,0,24,0.94,NA
"quant",3,0,24,0.95,NA
"quant",3,0,24,0.96,NA
"quant",3,0,24,0.97,NA
"quant",3,0,24,0.98,NA
"quant",3,0,24,0.99,NA
"quant",3,0,24,0.995,NA
"quant",3,0,25,0.9,NA
"quant",3,0,25,0.91,NA
"quant",3,0,25,0.92,NA
"quant",3,0,25,0.93,NA
"quant",3,0,25,0.94,NA
"quant",3,0,25,0.95,NA
"quant",3,0,25,0.96,NA
"quant",3,0,25,0.97,NA
"quant",3,0,25,0.98,NA
"quant",3,0,25,0.99,NA
"quant",3,0,25,0.995,NA
"quant",3,0,26,0.9,NA
"quant",3,0,26,0.91,NA
"quant",3,0,26,0.92,NA
"quant",3,0,26,0.93,NA
"quant",3,0,26,0.94,NA
"quant",3,0,26,0.95,NA
"quant",3,0,26,0.96,NA
"quant",3,0,26,0.97,NA
"quant",3,0,26,0.98,NA
"quant",3,0,26,0.99,NA
"quant",3,0,26,0.995,NA
"quant",3,0,27,0.9,NA
"quant",3,0,27,0.91,NA
"quant",3,0,27,0.92,NA
"quant",3,0,27,0.93,NA
"quant",3,0,27,0.94,NA
"quant",3,0,27,0.95,NA
"quant",3,0,27,0.96,NA
"quant",3,0,27,0.97,NA
"quant",3,0,27,0.98,NA
"quant",3,0,27,0.99,NA
"quant",3,0,27,0.995,NA
"quant",3,0,28,0.9,NA
"quant",3,0,28,0.91,NA
"quant",3,0,28,0.92,NA
"quant",3,0,28,0.93,NA
"quant",3,0,28,0.94,NA
"quant",3,0,28,0.95,NA
"quant",3,0,28,0.96,NA
"quant",3,0,28,0.97,NA
"quant",3,0,28,0.98,NA
"quant",3,0,28,0.99,NA
"quant",3,0,28,0.995,NA
"quant",3,0,29,0.9,NA
"quant",3,0,29,0.91,NA
"quant",3,0,29,0.92,NA
"quant",3,0,29,0.93,NA
"quant",3,0,29,0.94,NA
"quant",3,0,29,0.95,NA
"quant",3,0,29,0.96,NA
"quant",3,0,29,0.97,NA
"quant",3,0,29,0.98,NA
"quant",3,0,29,0.99,NA
"quant",3,0,29,0.995,NA
"quant",3,0,30,0.9,NA
"quant",3,0,30,0.91,NA
"quant",3,0,30,0.92,NA
"quant",3,0,30,0.93,NA
"quant",3,0,30,0.94,NA
"quant",3,0,30,0.95,NA
"quant",3,0,30,0.96,NA
"quant",3,0,30,0.97,NA
"quant",3,0,30,0.98,NA
"quant",3,0,30,0.99,NA
"quant",3,0,30,0.995,NA
"quant",3,0,31,0.9,NA
"quant",3,0,31,0.91,NA
"quant",3,0,31,0.92,NA
"quant",3,0,31,0.93,NA
"quant",3,0,31,0.94,NA
"quant",3,0,31,0.95,NA
"quant",3,0,31,0.96,NA
"quant",3,0,31,0.97,NA
"quant",3,0,31,0.98,NA
"quant",3,0,31,0.99,NA
"quant",3,0,31,0.995,NA
"quant",3,0,32,0.9,NA
"quant",3,0,32,0.91,NA
"quant",3,0,32,0.92,NA
"quant",3,0,32,0.93,NA
"quant",3,0,32,0.94,NA
"quant",3,0,32,0.95,NA
"quant",3,0,32,0.96,NA
"quant",3,0,32,0.97,NA
"quant",3,0,32,0.98,NA
"quant",3,0,32,0.99,NA
"quant",3,0,32,0.995,NA
"quant",3,0,33,0.9,NA
"quant",3,0,33,0.91,NA
"quant",3,0,33,0.92,NA
"quant",3,0,33,0.93,NA
"quant",3,0,33,0.94,NA
"quant",3,0,33,0.95,NA
"quant",3,0,33,0.96,NA
"quant",3,0,33,0.97,NA
"quant",3,0,33,0.98,NA
"quant",3,0,33,0.99,NA
"quant",3,0,33,0.995,NA
"quant",3,0,34,0.9,NA
"quant",3,0,34,0.91,NA
"quant",3,0,34,0.92,NA
"quant",3,0,34,0.93,NA
"quant",3,0,34,0.94,NA
"quant",3,0,34,0.95,NA
"quant",3,0,34,0.96,NA
"quant",3,0,34,0.97,NA
"quant",3,0,34,0.98,NA
"quant",3,0,34,0.99,NA
"quant",3,0,34,0.995,NA
"quant",3,0,35,0.9,NA
"quant",3,0,35,0.91,NA
"quant",3,0,35,0.92,NA
"quant",3,0,35,0.93,NA
"quant",3,0,35,0.94,NA
"quant",3,0,35,0.95,NA
"quant",3,0,35,0.96,NA
"quant",3,0,35,0.97,NA
"quant",3,0,35,0.98,NA
"quant",3,0,35,0.99,NA
"quant",3,0,35,0.995,NA
"quant",3,0,36,0.9,NA
"quant",3,0,36,0.91,NA
"quant",3,0,36,0.92,NA
"quant",3,0,36,0.93,NA
"quant",3,0,36,0.94,NA
"quant",3,0,36,0.95,NA
"quant",3,0,36,0.96,NA
"quant",3,0,36,0.97,NA
"quant",3,0,36,0.98,NA
"quant",3,0,36,0.99,NA
"quant",3,0,36,0.995,NA
"quant",3,0,37,0.9,NA
"quant",3,0,37,0.91,NA
"quant",3,0,37,0.92,NA
"quant",3,0,37,0.93,NA
"quant",3,0,37,0.94,NA
"quant",3,0,37,0.95,NA
"quant",3,0,37,0.96,NA
"quant",3,0,37,0.97,NA
"quant",3,0,37,0.98,NA
"quant",3,0,37,0.99,NA
"quant",3,0,37,0.995,NA
"quant",3,0,38,0.9,NA
"quant",3,0,38,0.91,NA
"quant",3,0,38,0.92,NA
"quant",3,0,38,0.93,NA
"quant",3,0,38,0.94,NA
"quant",3,0,38,0.95,NA
"quant",3,0,38,0.96,NA
"quant",3,0,38,0.97,NA
"quant",3,0,38,0.98,NA
"quant",3,0,38,0.99,NA
"quant",3,0,38,0.995,NA
"quant",3,0,39,0.9,NA
"quant",3,0,39,0.91,NA
"quant",3,0,39,0.92,NA
"quant",3,0,39,0.93,NA
"quant",3,0,39,0.94,NA
"quant",3,0,39,0.95,NA
"quant",3,0,39,0.96,NA
"quant",3,0,39,0.97,NA
"quant",3,0,39,0.98,NA
"quant",3,0,39,0.99,NA
"quant",3,0,39,0.995,NA
"quant",3,0,40,0.9,NA
"quant",3,0,40,0.91,NA
"quant",3,0,40,0.92,NA
"quant",3,0,40,0.93,NA
"quant",3,0,40,0.94,NA
"quant",3,0,40,0.95,NA
"quant",3,0,40,0.96,NA
"quant",3,0,40,0.97,NA
"quant",3,0,40,0.98,NA
"quant",3,0,40,0.99,NA
"quant",3,0,40,0.995,NA
"quant",3,0,41,0.9,NA
"quant",3,0,41,0.91,NA
"quant",3,0,41,0.92,NA
"quant",3,0,41,0.93,NA
"quant",3,0,41,0.94,NA
"quant",3,0,41,0.95,NA
"quant",3,0,41,0.96,NA
"quant",3,0,41,0.97,NA
"quant",3,0,41,0.98,NA
"quant",3,0,41,0.99,NA
"quant",3,0,41,0.995,NA
"quant",3,0,42,0.9,NA
"quant",3,0,42,0.91,NA
"quant",3,0,42,0.92,NA
"quant",3,0,42,0.93,NA
"quant",3,0,42,0.94,NA
"quant",3,0,42,0.95,NA
"quant",3,0,42,0.96,NA
"quant",3,0,42,0.97,NA
"quant",3,0,42,0.98,NA
"quant",3,0,42,0.99,NA
"quant",3,0,42,0.995,NA
"quant",3,0,43,0.9,NA
"quant",3,0,43,0.91,NA
"quant",3,0,43,0.92,NA
"quant",3,0,43,0.93,NA
"quant",3,0,43,0.94,NA
"quant",3,0,43,0.95,NA
"quant",3,0,43,0.96,NA
"quant",3,0,43,0.97,NA
"quant",3,0,43,0.98,NA
"quant",3,0,43,0.99,NA
"quant",3,0,43,0.995,NA
"quant",3,0,44,0.9,NA
"quant",3,0,44,0.91,NA
"quant",3,0,44,0.92,NA
"quant",3,0,44,0.93,NA
"quant",3,0,44,0.94,NA
"quant",3,0,44,0.95,NA
"quant",3,0,44,0.96,NA
"quant",3,0,44,0.97,NA
"quant",3,0,44,0.98,NA
"quant",3,0,44,0.99,NA
"quant",3,0,44,0.995,NA
"quant",3,0,45,0.9,NA
"quant",3,0,45,0.91,NA
"quant",3,0,45,0.92,NA
"quant",3,0,45,0.93,NA
"quant",3,0,45,0.94,NA
"quant",3,0,45,0.95,NA
"quant",3,0,45,0.96,NA
"quant",3,0,45,0.97,NA
"quant",3,0,45,0.98,NA
"quant",3,0,45,0.99,NA
"quant",3,0,45,0.995,NA
"quant",3,0,46,0.9,NA
"quant",3,0,46,0.91,NA
"quant",3,0,46,0.92,NA
"quant",3,0,46,0.93,NA
"quant",3,0,46,0.94,NA
"quant",3,0,46,0.95,NA
"quant",3,0,46,0.96,NA
"quant",3,0,46,0.97,NA
"quant",3,0,46,0.98,NA
"quant",3,0,46,0.99,NA
"quant",3,0,46,0.995,NA
"quant",3,0,47,0.9,NA
"quant",3,0,47,0.91,NA
"quant",3,0,47,0.92,NA
"quant",3,0,47,0.93,NA
"quant",3,0,47,0.94,NA
"quant",3,0,47,0.95,NA
"quant",3,0,47,0.96,NA
"quant",3,0,47,0.97,NA
"quant",3,0,47,0.98,NA
"quant",3,0,47,0.99,NA
"quant",3,0,47,0.995,NA
"quant",3,0,48,0.9,NA
"quant",3,0,48,0.91,NA
"quant",3,0,48,0.92,NA
"quant",3,0,48,0.93,NA
"quant",3,0,48,0.94,NA
"quant",3,0,48,0.95,NA
"quant",3,0,48,0.96,NA
"quant",3,0,48,0.97,NA
"quant",3,0,48,0.98,NA
"quant",3,0,48,0.99,NA
"quant",3,0,48,0.995,NA
"quant",3,0,49,0.9,NA
"quant",3,0,49,0.91,NA
"quant",3,0,49,0.92,NA
"quant",3,0,49,0.93,NA
"quant",3,0,49,0.94,NA
"quant",3,0,49,0.95,NA
"quant",3,0,49,0.96,NA
"quant",3,0,49,0.97,NA
"quant",3,0,49,0.98,NA
"quant",3,0,49,0.99,NA
"quant",3,0,49,0.995,NA
"quant",3,0,50,0.9,NA
"quant",3,0,50,0.91,NA
"quant",3,0,50,0.92,NA
"quant",3,0,50,0.93,NA
"quant",3,0,50,0.94,NA
"quant",3,0,50,0.95,NA
"quant",3,0,50,0.96,NA
"quant",3,0,50,0.97,NA
"quant",3,0,50,0.98,NA
"quant",3,0,50,0.99,NA
"quant",3,0,50,0.995,NA
"quant",4,0,1,0.9,2.09089285981287
"quant",4,0,1,0.91,1.96060403072675
"quant",4,0,1,0.92,1.81712075174034
"quant",4,0,1,0.93,1.66498488104628
"quant",4,0,1,0.94,1.50100614214362
"quant",4,0,1,0.95,1.3255489562486
"quant",4,0,1,0.96,1.13407482301694
"quant",4,0,1,0.97,0.923302593218414
"quant",4,0,1,0.98,0.688834421486274
"quant",4,0,1,0.99,0.377667507797431
"quant",4,0,1,0.995,0.199050599541813
"quant",4,0,2,0.9,3.79812872484368
"quant",4,0,2,0.91,3.65569486268995
"quant",4,0,2,0.92,3.49886327829886
"quant",4,0,2,0.93,3.32434742486813
"quant",4,0,2,0.94,3.12748838583832
"quant",4,0,2,0.95,2.8961694818274
"quant",4,0,2,0.96,2.63036045541449
"quant",4,0,2,0.97,2.29128690728086
"quant",4,0,2,0.98,1.87878442131201
"quant",4,0,2,0.99,1.06584564679044
"quant",4,0,2,0.995,0.571420217752743
"quant",4,0,3,0.9,2.81744197848006
"quant",4,0,3,0.91,2.66318778670803
"quant",4,0,3,0.92,2.49667616245364
"quant",4,0,3,0.93,2.31892410443567
"quant",4,0,3,0.94,2.11826610843269
"quant",4,0,3,0.95,1.89033646924665
"quant",4,0,3,0.96,1.63542488447763
"quant",4,0,3,0.97,1.34146156402016
"quant",4,0,3,0.98,0.992904866762513
"quant",4,0,3,0.99,0.555119725177153
"quant",4,0,3,0.995,0.300638562986531
"quant",4,0,4,0.9,4.06795211345798
"quant",4,0,4,0.91,3.92360460066627
"quant",4,0,4,0.92,3.76808775665872
"quant",4,0,4,0.93,3.60204743055337
"quant",4,0,4,0.94,3.4209871893377
"quant",4,0,4,0.95,3.21892233501361
"quant",4,0,4,0.96,2.97906252078067
"quant",4,0,4,0.97,2.6857820721235
"quant",4,0,4,0.98,2.29501841641556
"quant",4,0,4,0.99,1.23591023413033
"quant",4,0,4,0.995,0.656591513734029
"quant",4,0,5,0.9,1.9839265360358
"quant",4,0,5,0.91,1.85970444617859
"quant",4,0,5,0.92,1.72527169842517
"quant",4,0,5,0.93,1.5783569049755
"quant",4,0,5,0.94,1.41680420853536
"quant",4,0,5,0.95,1.23694268761763
"quant",4,0,5,0.96,1.03889842544206
"quant",4,0,5,0.97,0.818972160449953
"quant",4,0,5,0.98,0.581239720553382
"quant",4,0,5,0.99,0.321377807033809
"quant",4,0,5,0.995,0.17750468688675
"quant",4,0,6,0.9,1.22554263954853
"quant",4,0,6,0.91,1.13259908897593
"quant",4,0,6,0.92,1.03431691064242
"quant",4,0,6,0.93,0.93066810691163
"quant",4,0,6,0.94,0.821492287411031
"quant",4,0,6,0.95,0.706204767036956
"quant",4,0,6,0.96,0.585406580745287
"quant",4,0,6,0.97,0.457933477856041
"quant",4,0,6,0.98,0.321348131122638
"quant",4,0,6,0.99,0.175183949793049
"quant",4,0,6,0.995,0.0931811059407474
"quant",4,0,7,0.9,2.99825359090634
"quant",4,0,7,0.91,2.82014956859201
"quant",4,0,7,0.92,2.62386105131944
"quant",4,0,7,0.93,2.40806341290338
"quant",4,0,7,0.94,2.16620359262507
"quant",4,0,7,0.95,1.90122190908142
"quant",4,0,7,0.96,1.61572397105504
"quant",4,0,7,0.97,1.29773474508807
"quant",4,0,7,0.98,0.940845514924581
"quant",4,0,7,0.99,0.517577363736783
"quant",4,0,7,0.995,0.28495693152056
"quant",4,0,8,0.9,2.65073526423706
"quant",4,0,8,0.91,2.52516017004071
"quant",4,0,8,0.92,2.38434271288322
"quant",4,0,8,0.93,2.22499151055583
"quant",4,0,8,0.94,2.051171432363
"quant",4,0,8,0.95,1.84951340660012
"quant",4,0,8,0.96,1.61283266872437
"quant",4,0,8,0.97,1.32754361846522
"quant",4,0,8,0.98,0.973800852476048
"quant",4,0,8,0.99,0.525991533078197
"quant",4,0,8,0.995,0.274857770381008
"quant",4,0,9,0.9,2.68505238417284
"quant",4,0,9,0.91,2.5182716692661
"quant",4,0,9,0.92,2.32356193857016
"quant",4,0,9,0.93,2.10731490254718
"quant",4,0,9,0.94,1.87448574234833
"quant",4,0,9,0.95,1.62276506279356
"quant",4,0,9,0.96,1.3506437599486
"quant",4,0,9,0.97,1.05460850885111
"quant",4,0,9,0.98,0.732687420974922
"quant",4,0,9,0.99,0.383820396571008
"quant",4,0,9,0.995,0.20011380261713
"quant",4,0,10,0.9,1.90357873834009
"quant",4,0,10,0.91,1.76646975706567
"quant",4,0,10,0.92,1.62101233863359
"quant",4,0,10,0.93,1.4637618025634
"quant",4,0,10,0.94,1.29621075207506
"quant",4,0,10,0.95,1.11854794033767
"quant",4,0,10,0.96,0.928453324411957
"quant",4,0,10,0.97,0.725187950338497
"quant",4,0,10,0.98,0.504075570226097
"quant",4,0,10,0.99,0.264516664793243
"quant",4,0,10,0.995,0.138693151737052
"quant",4,0,11,0.9,NA
"quant",4,0,11,0.91,NA
"quant",4,0,11,0.92,NA
"quant",4,0,11,0.93,NA
"quant",4,0,11,0.94,NA
"quant",4,0,11,0.95,NA
"quant",4,0,11,0.96,NA
"quant",4,0,11,0.97,NA
"quant",4,0,11,0.98,NA
"quant",4,0,11,0.99,NA
"quant",4,0,11,0.995,NA
"quant",4,0,12,0.9,NA
"quant",4,0,12,0.91,NA
"quant",4,0,12,0.92,NA
"quant",4,0,12,0.93,NA
"quant",4,0,12,0.94,NA
"quant",4,0,12,0.95,NA
"quant",4,0,12,0.96,NA
"quant",4,0,12,0.97,NA
"quant",4,0,12,0.98,NA
"quant",4,0,12,0.99,NA
"quant",4,0,12,0.995,NA
"quant",4,0,13,0.9,NA
"quant",4,0,13,0.91,NA
"quant",4,0,13,0.92,NA
"quant",4,0,13,0.93,NA
"quant",4,0,13,0.94,NA
"quant",4,0,13,0.95,NA
"quant",4,0,13,0.96,NA
"quant",4,0,13,0.97,NA
"quant",4,0,13,0.98,NA
"quant",4,0,13,0.99,NA
"quant",4,0,13,0.995,NA
"quant",4,0,14,0.9,NA
"quant",4,0,14,0.91,NA
"quant",4,0,14,0.92,NA
"quant",4,0,14,0.93,NA
"quant",4,0,14,0.94,NA
"quant",4,0,14,0.95,NA
"quant",4,0,14,0.96,NA
"quant",4,0,14,0.97,NA
"quant",4,0,14,0.98,NA
"quant",4,0,14,0.99,NA
"quant",4,0,14,0.995,NA
"quant",4,0,15,0.9,NA
"quant",4,0,15,0.91,NA
"quant",4,0,15,0.92,NA
"quant",4,0,15,0.93,NA
"quant",4,0,15,0.94,NA
"quant",4,0,15,0.95,NA
"quant",4,0,15,0.96,NA
"quant",4,0,15,0.97,NA
"quant",4,0,15,0.98,NA
"quant",4,0,15,0.99,NA
"quant",4,0,15,0.995,NA
"quant",4,0,16,0.9,NA
"quant",4,0,16,0.91,NA
"quant",4,0,16,0.92,NA
"quant",4,0,16,0.93,NA
"quant",4,0,16,0.94,NA
"quant",4,0,16,0.95,NA
"quant",4,0,16,0.96,NA
"quant",4,0,16,0.97,NA
"quant",4,0,16,0.98,NA
"quant",4,0,16,0.99,NA
"quant",4,0,16,0.995,NA
"quant",4,0,17,0.9,NA
"quant",4,0,17,0.91,NA
"quant",4,0,17,0.92,NA
"quant",4,0,17,0.93,NA
"quant",4,0,17,0.94,NA
"quant",4,0,17,0.95,NA
"quant",4,0,17,0.96,NA
"quant",4,0,17,0.97,NA
"quant",4,0,17,0.98,NA
"quant",4,0,17,0.99,NA
"quant",4,0,17,0.995,NA
"quant",4,0,18,0.9,NA
"quant",4,0,18,0.91,NA
"quant",4,0,18,0.92,NA
"quant",4,0,18,0.93,NA
"quant",4,0,18,0.94,NA
"quant",4,0,18,0.95,NA
"quant",4,0,18,0.96,NA
"quant",4,0,18,0.97,NA
"quant",4,0,18,0.98,NA
"quant",4,0,18,0.99,NA
"quant",4,0,18,0.995,NA
"quant",4,0,19,0.9,NA
"quant",4,0,19,0.91,NA
"quant",4,0,19,0.92,NA
"quant",4,0,19,0.93,NA
"quant",4,0,19,0.94,NA
"quant",4,0,19,0.95,NA
"quant",4,0,19,0.96,NA
"quant",4,0,19,0.97,NA
"quant",4,0,19,0.98,NA
"quant",4,0,19,0.99,NA
"quant",4,0,19,0.995,NA
"quant",4,0,20,0.9,NA
"quant",4,0,20,0.91,NA
"quant",4,0,20,0.92,NA
"quant",4,0,20,0.93,NA
"quant",4,0,20,0.94,NA
"quant",4,0,20,0.95,NA
"quant",4,0,20,0.96,NA
"quant",4,0,20,0.97,NA
"quant",4,0,20,0.98,NA
"quant",4,0,20,0.99,NA
"quant",4,0,20,0.995,NA
"quant",4,0,21,0.9,NA
"quant",4,0,21,0.91,NA
"quant",4,0,21,0.92,NA
"quant",4,0,21,0.93,NA
"quant",4,0,21,0.94,NA
"quant",4,0,21,0.95,NA
"quant",4,0,21,0.96,NA
"quant",4,0,21,0.97,NA
"quant",4,0,21,0.98,NA
"quant",4,0,21,0.99,NA
"quant",4,0,21,0.995,NA
"quant",4,0,22,0.9,NA
"quant",4,0,22,0.91,NA
"quant",4,0,22,0.92,NA
"quant",4,0,22,0.93,NA
"quant",4,0,22,0.94,NA
"quant",4,0,22,0.95,NA
"quant",4,0,22,0.96,NA
"quant",4,0,22,0.97,NA
"quant",4,0,22,0.98,NA
"quant",4,0,22,0.99,NA
"quant",4,0,22,0.995,NA
"quant",4,0,23,0.9,NA
"quant",4,0,23,0.91,NA
"quant",4,0,23,0.92,NA
"quant",4,0,23,0.93,NA
"quant",4,0,23,0.94,NA
"quant",4,0,23,0.95,NA
"quant",4,0,23,0.96,NA
"quant",4,0,23,0.97,NA
"quant",4,0,23,0.98,NA
"quant",4,0,23,0.99,NA
"quant",4,0,23,0.995,NA
"quant",4,0,24,0.9,NA
"quant",4,0,24,0.91,NA
"quant",4,0,24,0.92,NA
"quant",4,0,24,0.93,NA
"quant",4,0,24,0.94,NA
"quant",4,0,24,0.95,NA
"quant",4,0,24,0.96,NA
"quant",4,0,24,0.97,NA
"quant",4,0,24,0.98,NA
"quant",4,0,24,0.99,NA
"quant",4,0,24,0.995,NA
"quant",4,0,25,0.9,NA
"quant",4,0,25,0.91,NA
"quant",4,0,25,0.92,NA
"quant",4,0,25,0.93,NA
"quant",4,0,25,0.94,NA
"quant",4,0,25,0.95,NA
"quant",4,0,25,0.96,NA
"quant",4,0,25,0.97,NA
"quant",4,0,25,0.98,NA
"quant",4,0,25,0.99,NA
"quant",4,0,25,0.995,NA
"quant",4,0,26,0.9,NA
"quant",4,0,26,0.91,NA
"quant",4,0,26,0.92,NA
"quant",4,0,26,0.93,NA
"quant",4,0,26,0.94,NA
"quant",4,0,26,0.95,NA
"quant",4,0,26,0.96,NA
"quant",4,0,26,0.97,NA
"quant",4,0,26,0.98,NA
"quant",4,0,26,0.99,NA
"quant",4,0,26,0.995,NA
"quant",4,0,27,0.9,NA
"quant",4,0,27,0.91,NA
"quant",4,0,27,0.92,NA
"quant",4,0,27,0.93,NA
"quant",4,0,27,0.94,NA
"quant",4,0,27,0.95,NA
"quant",4,0,27,0.96,NA
"quant",4,0,27,0.97,NA
"quant",4,0,27,0.98,NA
"quant",4,0,27,0.99,NA
"quant",4,0,27,0.995,NA
"quant",4,0,28,0.9,NA
"quant",4,0,28,0.91,NA
"quant",4,0,28,0.92,NA
"quant",4,0,28,0.93,NA
"quant",4,0,28,0.94,NA
"quant",4,0,28,0.95,NA
"quant",4,0,28,0.96,NA
"quant",4,0,28,0.97,NA
"quant",4,0,28,0.98,NA
"quant",4,0,28,0.99,NA
"quant",4,0,28,0.995,NA
"quant",4,0,29,0.9,NA
"quant",4,0,29,0.91,NA
"quant",4,0,29,0.92,NA
"quant",4,0,29,0.93,NA
"quant",4,0,29,0.94,NA
"quant",4,0,29,0.95,NA
"quant",4,0,29,0.96,NA
"quant",4,0,29,0.97,NA
"quant",4,0,29,0.98,NA
"quant",4,0,29,0.99,NA
"quant",4,0,29,0.995,NA
"quant",4,0,30,0.9,NA
"quant",4,0,30,0.91,NA
"quant",4,0,30,0.92,NA
"quant",4,0,30,0.93,NA
"quant",4,0,30,0.94,NA
"quant",4,0,30,0.95,NA
"quant",4,0,30,0.96,NA
"quant",4,0,30,0.97,NA
"quant",4,0,30,0.98,NA
"quant",4,0,30,0.99,NA
"quant",4,0,30,0.995,NA
"quant",4,0,31,0.9,NA
"quant",4,0,31,0.91,NA
"quant",4,0,31,0.92,NA
"quant",4,0,31,0.93,NA
"quant",4,0,31,0.94,NA
"quant",4,0,31,0.95,NA
"quant",4,0,31,0.96,NA
"quant",4,0,31,0.97,NA
"quant",4,0,31,0.98,NA
"quant",4,0,31,0.99,NA
"quant",4,0,31,0.995,NA
"quant",4,0,32,0.9,NA
"quant",4,0,32,0.91,NA
"quant",4,0,32,0.92,NA
"quant",4,0,32,0.93,NA
"quant",4,0,32,0.94,NA
"quant",4,0,32,0.95,NA
"quant",4,0,32,0.96,NA
"quant",4,0,32,0.97,NA
"quant",4,0,32,0.98,NA
"quant",4,0,32,0.99,NA
"quant",4,0,32,0.995,NA
"quant",4,0,33,0.9,NA
"quant",4,0,33,0.91,NA
"quant",4,0,33,0.92,NA
"quant",4,0,33,0.93,NA
"quant",4,0,33,0.94,NA
"quant",4,0,33,0.95,NA
"quant",4,0,33,0.96,NA
"quant",4,0,33,0.97,NA
"quant",4,0,33,0.98,NA
"quant",4,0,33,0.99,NA
"quant",4,0,33,0.995,NA
"quant",4,0,34,0.9,NA
"quant",4,0,34,0.91,NA
"quant",4,0,34,0.92,NA
"quant",4,0,34,0.93,NA
"quant",4,0,34,0.94,NA
"quant",4,0,34,0.95,NA
"quant",4,0,34,0.96,NA
"quant",4,0,34,0.97,NA
"quant",4,0,34,0.98,NA
"quant",4,0,34,0.99,NA
"quant",4,0,34,0.995,NA
"quant",4,0,35,0.9,NA
"quant",4,0,35,0.91,NA
"quant",4,0,35,0.92,NA
"quant",4,0,35,0.93,NA
"quant",4,0,35,0.94,NA
"quant",4,0,35,0.95,NA
"quant",4,0,35,0.96,NA
"quant",4,0,35,0.97,NA
"quant",4,0,35,0.98,NA
"quant",4,0,35,0.99,NA
"quant",4,0,35,0.995,NA
"quant",4,0,36,0.9,NA
"quant",4,0,36,0.91,NA
"quant",4,0,36,0.92,NA
"quant",4,0,36,0.93,NA
"quant",4,0,36,0.94,NA
"quant",4,0,36,0.95,NA
"quant",4,0,36,0.96,NA
"quant",4,0,36,0.97,NA
"quant",4,0,36,0.98,NA
"quant",4,0,36,0.99,NA
"quant",4,0,36,0.995,NA
"quant",4,0,37,0.9,NA
"quant",4,0,37,0.91,NA
"quant",4,0,37,0.92,NA
"quant",4,0,37,0.93,NA
"quant",4,0,37,0.94,NA
"quant",4,0,37,0.95,NA
"quant",4,0,37,0.96,NA
"quant",4,0,37,0.97,NA
"quant",4,0,37,0.98,NA
"quant",4,0,37,0.99,NA
"quant",4,0,37,0.995,NA
"quant",4,0,38,0.9,NA
"quant",4,0,38,0.91,NA
"quant",4,0,38,0.92,NA
"quant",4,0,38,0.93,NA
"quant",4,0,38,0.94,NA
"quant",4,0,38,0.95,NA
"quant",4,0,38,0.96,NA
"quant",4,0,38,0.97,NA
"quant",4,0,38,0.98,NA
"quant",4,0,38,0.99,NA
"quant",4,0,38,0.995,NA
"quant",4,0,39,0.9,NA
"quant",4,0,39,0.91,NA
"quant",4,0,39,0.92,NA
"quant",4,0,39,0.93,NA
"quant",4,0,39,0.94,NA
"quant",4,0,39,0.95,NA
"quant",4,0,39,0.96,NA
"quant",4,0,39,0.97,NA
"quant",4,0,39,0.98,NA
"quant",4,0,39,0.99,NA
"quant",4,0,39,0.995,NA
"quant",4,0,40,0.9,NA
"quant",4,0,40,0.91,NA
"quant",4,0,40,0.92,NA
"quant",4,0,40,0.93,NA
"quant",4,0,40,0.94,NA
"quant",4,0,40,0.95,NA
"quant",4,0,40,0.96,NA
"quant",4,0,40,0.97,NA
"quant",4,0,40,0.98,NA
"quant",4,0,40,0.99,NA
"quant",4,0,40,0.995,NA
"quant",4,0,41,0.9,NA
"quant",4,0,41,0.91,NA
"quant",4,0,41,0.92,NA
"quant",4,0,41,0.93,NA
"quant",4,0,41,0.94,NA
"quant",4,0,41,0.95,NA
"quant",4,0,41,0.96,NA
"quant",4,0,41,0.97,NA
"quant",4,0,41,0.98,NA
"quant",4,0,41,0.99,NA
"quant",4,0,41,0.995,NA
"quant",4,0,42,0.9,NA
"quant",4,0,42,0.91,NA
"quant",4,0,42,0.92,NA
"quant",4,0,42,0.93,NA
"quant",4,0,42,0.94,NA
"quant",4,0,42,0.95,NA
"quant",4,0,42,0.96,NA
"quant",4,0,42,0.97,NA
"quant",4,0,42,0.98,NA
"quant",4,0,42,0.99,NA
"quant",4,0,42,0.995,NA
"quant",4,0,43,0.9,NA
"quant",4,0,43,0.91,NA
"quant",4,0,43,0.92,NA
"quant",4,0,43,0.93,NA
"quant",4,0,43,0.94,NA
"quant",4,0,43,0.95,NA
"quant",4,0,43,0.96,NA
"quant",4,0,43,0.97,NA
"quant",4,0,43,0.98,NA
"quant",4,0,43,0.99,NA
"quant",4,0,43,0.995,NA
"quant",4,0,44,0.9,NA
"quant",4,0,44,0.91,NA
"quant",4,0,44,0.92,NA
"quant",4,0,44,0.93,NA
"quant",4,0,44,0.94,NA
"quant",4,0,44,0.95,NA
"quant",4,0,44,0.96,NA
"quant",4,0,44,0.97,NA
"quant",4,0,44,0.98,NA
"quant",4,0,44,0.99,NA
"quant",4,0,44,0.995,NA
"quant",4,0,45,0.9,NA
"quant",4,0,45,0.91,NA
"quant",4,0,45,0.92,NA
"quant",4,0,45,0.93,NA
"quant",4,0,45,0.94,NA
"quant",4,0,45,0.95,NA
"quant",4,0,45,0.96,NA
"quant",4,0,45,0.97,NA
"quant",4,0,45,0.98,NA
"quant",4,0,45,0.99,NA
"quant",4,0,45,0.995,NA
"quant",4,0,46,0.9,NA
"quant",4,0,46,0.91,NA
"quant",4,0,46,0.92,NA
"quant",4,0,46,0.93,NA
"quant",4,0,46,0.94,NA
"quant",4,0,46,0.95,NA
"quant",4,0,46,0.96,NA
"quant",4,0,46,0.97,NA
"quant",4,0,46,0.98,NA
"quant",4,0,46,0.99,NA
"quant",4,0,46,0.995,NA
"quant",4,0,47,0.9,NA
"quant",4,0,47,0.91,NA
"quant",4,0,47,0.92,NA
"quant",4,0,47,0.93,NA
"quant",4,0,47,0.94,NA
"quant",4,0,47,0.95,NA
"quant",4,0,47,0.96,NA
"quant",4,0,47,0.97,NA
"quant",4,0,47,0.98,NA
"quant",4,0,47,0.99,NA
"quant",4,0,47,0.995,NA
"quant",4,0,48,0.9,NA
"quant",4,0,48,0.91,NA
"quant",4,0,48,0.92,NA
"quant",4,0,48,0.93,NA
"quant",4,0,48,0.94,NA
"quant",4,0,48,0.95,NA
"quant",4,0,48,0.96,NA
"quant",4,0,48,0.97,NA
"quant",4,0,48,0.98,NA
"quant",4,0,48,0.99,NA
"quant",4,0,48,0.995,NA
"quant",4,0,49,0.9,NA
"quant",4,0,49,0.91,NA
"quant",4,0,49,0.92,NA
"quant",4,0,49,0.93,NA
"quant",4,0,49,0.94,NA
"quant",4,0,49,0.95,NA
"quant",4,0,49,0.96,NA
"quant",4,0,49,0.97,NA
"quant",4,0,49,0.98,NA
"quant",4,0,49,0.99,NA
"quant",4,0,49,0.995,NA
"quant",4,0,50,0.9,NA
"quant",4,0,50,0.91,NA
"quant",4,0,50,0.92,NA
"quant",4,0,50,0.93,NA
"quant",4,0,50,0.94,NA
"quant",4,0,50,0.95,NA
"quant",4,0,50,0.96,NA
"quant",4,0,50,0.97,NA
"quant",4,0,50,0.98,NA
"quant",4,0,50,0.99,NA
"quant",4,0,50,0.995,NA
"quant",5,0,1,0.9,2.09341511384323
"quant",5,0,1,0.91,1.96169497798307
"quant",5,0,1,0.92,1.81892075776272
"quant",5,0,1,0.93,1.66598303157328
"quant",5,0,1,0.94,1.50386868218104
"quant",5,0,1,0.95,1.32972957096189
"quant",5,0,1,0.96,1.14013067214046
"quant",5,0,1,0.97,0.930825087694824
"quant",5,0,1,0.98,0.690870314106231
"quant",5,0,1,0.99,0.382649150155441
"quant",5,0,1,0.995,0.207621925827622
"quant",5,0,2,0.9,3.82365884066084
"quant",5,0,2,0.91,3.68299047087234
"quant",5,0,2,0.92,3.52469245669053
"quant",5,0,2,0.93,3.35018035365198
"quant",5,0,2,0.94,3.15708209195045
"quant",5,0,2,0.95,2.93927426428904
"quant",5,0,2,0.96,2.66325859892753
"quant",5,0,2,0.97,2.33629858114563
"quant",5,0,2,0.98,1.94872984467419
"quant",5,0,2,0.99,1.10259270852348
"quant",5,0,2,0.995,0.710181751035126
"quant",5,0,3,0.9,2.82333164839504
"quant",5,0,3,0.91,2.66834452388472
"quant",5,0,3,0.92,2.500926419594
"quant",5,0,3,0.93,2.31984281502676
"quant",5,0,3,0.94,2.12207253862877
"quant",5,0,3,0.95,1.90210283773453
"quant",5,0,3,0.96,1.64606407197506
"quant",5,0,3,0.97,1.35220863804863
"quant",5,0,3,0.98,1.01778448189882
"quant",5,0,3,0.99,0.557023861372318
"quant",5,0,3,0.995,0.301717813701735
"quant",5,0,4,0.9,4.14415124649121
"quant",5,0,4,0.91,4.00448324687849
"quant",5,0,4,0.92,3.8513426378794
"quant",5,0,4,0.93,3.6897095745528
"quant",5,0,4,0.94,3.52044050217155
"quant",5,0,4,0.95,3.32908608621645
"quant",5,0,4,0.96,3.12655197326474
"quant",5,0,4,0.97,3.17132876916883
"quant",5,0,4,0.98,2.41360655573937
"quant",5,0,4,0.99,1.83630274346996
"quant",5,0,4,0.995,2.37449269932169
"quant",5,0,5,0.9,1.98634306959488
"quant",5,0,5,0.91,1.86248242044453
"quant",5,0,5,0.92,1.72750973781685
"quant",5,0,5,0.93,1.57882916948698
"quant",5,0,5,0.94,1.41654647123953
"quant",5,0,5,0.95,1.23550612473384
"quant",5,0,5,0.96,1.03477935277865
"quant",5,0,5,0.97,0.818976882121502
"quant",5,0,5,0.98,0.587278361293699
"quant",5,0,5,0.99,0.324847390481894
"quant",5,0,5,0.995,0.179648291603684
"quant",5,0,6,0.9,1.22609491770733
"quant",5,0,6,0.91,1.1331831513144
"quant",5,0,6,0.92,1.03470734686073
"quant",5,0,6,0.93,0.930999079650186
"quant",5,0,6,0.94,0.82234917014433
"quant",5,0,6,0.95,0.707016615976297
"quant",5,0,6,0.96,0.586009162816529
"quant",5,0,6,0.97,0.458100936125829
"quant",5,0,6,0.98,0.321191508356053
"quant",5,0,6,0.99,0.174150479720646
"quant",5,0,6,0.995,0.0926766828374682
"quant",5,0,7,0.9,2.99613601402805
"quant",5,0,7,0.91,2.82208840553011
"quant",5,0,7,0.92,2.62597363811454
"quant",5,0,7,0.93,2.40763525123845
"quant",5,0,7,0.94,2.16591169797186
"quant",5,0,7,0.95,1.90514877903625
"quant",5,0,7,0.96,1.62251692793494
"quant",5,0,7,0.97,1.30142025228491
"quant",5,0,7,0.98,0.95492060159367
"quant",5,0,7,0.99,0.546596320339773
"quant",5,0,7,0.995,0.294462491162319
"quant",5,0,8,0.9,2.64933817983408
"quant",5,0,8,0.91,2.52422317237115
"quant",5,0,8,0.92,2.38577718612591
"quant",5,0,8,0.93,2.22698543064712
"quant",5,0,8,0.94,2.05214352574642
"quant",5,0,8,0.95,1.85179651837797
"quant",5,0,8,0.96,1.61709619090934
"quant",5,0,8,0.97,1.32793320624794
"quant",5,0,8,0.98,0.974914174566241
"quant",5,0,8,0.99,0.521256909638299
"quant",5,0,8,0.995,0.272237252357228
"quant",5,0,9,0.9,2.68538862295864
"quant",5,0,9,0.91,2.52300306773385
"quant",5,0,9,0.92,2.33075554049149
"quant",5,0,9,0.93,2.1161134831977
"quant",5,0,9,0.94,1.87928421836586
"quant",5,0,9,0.95,1.62342616966363
"quant",5,0,9,0.96,1.34984106056062
"quant",5,0,9,0.97,1.05622468901338
"quant",5,0,9,0.98,0.736911615816797
"quant",5,0,9,0.99,0.396260578606293
"quant",5,0,9,0.995,0.215629216303195
"quant",5,0,10,0.9,1.90253124123596
"quant",5,0,10,0.91,1.76538556361237
"quant",5,0,10,0.92,1.6195345574591
"quant",5,0,10,0.93,1.4615027284421
"quant",5,0,10,0.94,1.29373309748586
"quant",5,0,10,0.95,1.11529980614396
"quant",5,0,10,0.96,0.926514567559124
"quant",5,0,10,0.97,0.727217422648915
"quant",5,0,10,0.98,0.512969657208166
"quant",5,0,10,0.99,0.270699300445948
"quant",5,0,10,0.995,0.139932503744339
"quant",5,0,11,0.9,NA
"quant",5,0,11,0.91,NA
"quant",5,0,11,0.92,NA
"quant",5,0,11,0.93,NA
"quant",5,0,11,0.94,NA
"quant",5,0,11,0.95,NA
"quant",5,0,11,0.96,NA
"quant",5,0,11,0.97,NA
"quant",5,0,11,0.98,NA
"quant",5,0,11,0.99,NA
"quant",5,0,11,0.995,NA
"quant",5,0,12,0.9,NA
"quant",5,0,12,0.91,NA
"quant",5,0,12,0.92,NA
"quant",5,0,12,0.93,NA
"quant",5,0,12,0.94,NA
"quant",5,0,12,0.95,NA
"quant",5,0,12,0.96,NA
"quant",5,0,12,0.97,NA
"quant",5,0,12,0.98,NA
"quant",5,0,12,0.99,NA
"quant",5,0,12,0.995,NA
"quant",5,0,13,0.9,NA
"quant",5,0,13,0.91,NA
"quant",5,0,13,0.92,NA
"quant",5,0,13,0.93,NA
"quant",5,0,13,0.94,NA
"quant",5,0,13,0.95,NA
"quant",5,0,13,0.96,NA
"quant",5,0,13,0.97,NA
"quant",5,0,13,0.98,NA
"quant",5,0,13,0.99,NA
"quant",5,0,13,0.995,NA
"quant",5,0,14,0.9,NA
"quant",5,0,14,0.91,NA
"quant",5,0,14,0.92,NA
"quant",5,0,14,0.93,NA
"quant",5,0,14,0.94,NA
"quant",5,0,14,0.95,NA
"quant",5,0,14,0.96,NA
"quant",5,0,14,0.97,NA
"quant",5,0,14,0.98,NA
"quant",5,0,14,0.99,NA
"quant",5,0,14,0.995,NA
"quant",5,0,15,0.9,NA
"quant",5,0,15,0.91,NA
"quant",5,0,15,0.92,NA
"quant",5,0,15,0.93,NA
"quant",5,0,15,0.94,NA
"quant",5,0,15,0.95,NA
"quant",5,0,15,0.96,NA
"quant",5,0,15,0.97,NA
"quant",5,0,15,0.98,NA
"quant",5,0,15,0.99,NA
"quant",5,0,15,0.995,NA
"quant",5,0,16,0.9,NA
"quant",5,0,16,0.91,NA
"quant",5,0,16,0.92,NA
"quant",5,0,16,0.93,NA
"quant",5,0,16,0.94,NA
"quant",5,0,16,0.95,NA
"quant",5,0,16,0.96,NA
"quant",5,0,16,0.97,NA
"quant",5,0,16,0.98,NA
"quant",5,0,16,0.99,NA
"quant",5,0,16,0.995,NA
"quant",5,0,17,0.9,NA
"quant",5,0,17,0.91,NA
"quant",5,0,17,0.92,NA
"quant",5,0,17,0.93,NA
"quant",5,0,17,0.94,NA
"quant",5,0,17,0.95,NA
"quant",5,0,17,0.96,NA
"quant",5,0,17,0.97,NA
"quant",5,0,17,0.98,NA
"quant",5,0,17,0.99,NA
"quant",5,0,17,0.995,NA
"quant",5,0,18,0.9,NA
"quant",5,0,18,0.91,NA
"quant",5,0,18,0.92,NA
"quant",5,0,18,0.93,NA
"quant",5,0,18,0.94,NA
"quant",5,0,18,0.95,NA
"quant",5,0,18,0.96,NA
"quant",5,0,18,0.97,NA
"quant",5,0,18,0.98,NA
"quant",5,0,18,0.99,NA
"quant",5,0,18,0.995,NA
"quant",5,0,19,0.9,NA
"quant",5,0,19,0.91,NA
"quant",5,0,19,0.92,NA
"quant",5,0,19,0.93,NA
"quant",5,0,19,0.94,NA
"quant",5,0,19,0.95,NA
"quant",5,0,19,0.96,NA
"quant",5,0,19,0.97,NA
"quant",5,0,19,0.98,NA
"quant",5,0,19,0.99,NA
"quant",5,0,19,0.995,NA
"quant",5,0,20,0.9,NA
"quant",5,0,20,0.91,NA
"quant",5,0,20,0.92,NA
"quant",5,0,20,0.93,NA
"quant",5,0,20,0.94,NA
"quant",5,0,20,0.95,NA
"quant",5,0,20,0.96,NA
"quant",5,0,20,0.97,NA
"quant",5,0,20,0.98,NA
"quant",5,0,20,0.99,NA
"quant",5,0,20,0.995,NA
"quant",5,0,21,0.9,NA
"quant",5,0,21,0.91,NA
"quant",5,0,21,0.92,NA
"quant",5,0,21,0.93,NA
"quant",5,0,21,0.94,NA
"quant",5,0,21,0.95,NA
"quant",5,0,21,0.96,NA
"quant",5,0,21,0.97,NA
"quant",5,0,21,0.98,NA
"quant",5,0,21,0.99,NA
"quant",5,0,21,0.995,NA
"quant",5,0,22,0.9,NA
"quant",5,0,22,0.91,NA
"quant",5,0,22,0.92,NA
"quant",5,0,22,0.93,NA
"quant",5,0,22,0.94,NA
"quant",5,0,22,0.95,NA
"quant",5,0,22,0.96,NA
"quant",5,0,22,0.97,NA
"quant",5,0,22,0.98,NA
"quant",5,0,22,0.99,NA
"quant",5,0,22,0.995,NA
"quant",5,0,23,0.9,NA
"quant",5,0,23,0.91,NA
"quant",5,0,23,0.92,NA
"quant",5,0,23,0.93,NA
"quant",5,0,23,0.94,NA
"quant",5,0,23,0.95,NA
"quant",5,0,23,0.96,NA
"quant",5,0,23,0.97,NA
"quant",5,0,23,0.98,NA
"quant",5,0,23,0.99,NA
"quant",5,0,23,0.995,NA
"quant",5,0,24,0.9,NA
"quant",5,0,24,0.91,NA
"quant",5,0,24,0.92,NA
"quant",5,0,24,0.93,NA
"quant",5,0,24,0.94,NA
"quant",5,0,24,0.95,NA
"quant",5,0,24,0.96,NA
"quant",5,0,24,0.97,NA
"quant",5,0,24,0.98,NA
"quant",5,0,24,0.99,NA
"quant",5,0,24,0.995,NA
"quant",5,0,25,0.9,NA
"quant",5,0,25,0.91,NA
"quant",5,0,25,0.92,NA
"quant",5,0,25,0.93,NA
"quant",5,0,25,0.94,NA
"quant",5,0,25,0.95,NA
"quant",5,0,25,0.96,NA
"quant",5,0,25,0.97,NA
"quant",5,0,25,0.98,NA
"quant",5,0,25,0.99,NA
"quant",5,0,25,0.995,NA
"quant",5,0,26,0.9,NA
"quant",5,0,26,0.91,NA
"quant",5,0,26,0.92,NA
"quant",5,0,26,0.93,NA
"quant",5,0,26,0.94,NA
"quant",5,0,26,0.95,NA
"quant",5,0,26,0.96,NA
"quant",5,0,26,0.97,NA
"quant",5,0,26,0.98,NA
"quant",5,0,26,0.99,NA
"quant",5,0,26,0.995,NA
"quant",5,0,27,0.9,NA
"quant",5,0,27,0.91,NA
"quant",5,0,27,0.92,NA
"quant",5,0,27,0.93,NA
"quant",5,0,27,0.94,NA
"quant",5,0,27,0.95,NA
"quant",5,0,27,0.96,NA
"quant",5,0,27,0.97,NA
"quant",5,0,27,0.98,NA
"quant",5,0,27,0.99,NA
"quant",5,0,27,0.995,NA
"quant",5,0,28,0.9,NA
"quant",5,0,28,0.91,NA
"quant",5,0,28,0.92,NA
"quant",5,0,28,0.93,NA
"quant",5,0,28,0.94,NA
"quant",5,0,28,0.95,NA
"quant",5,0,28,0.96,NA
"quant",5,0,28,0.97,NA
"quant",5,0,28,0.98,NA
"quant",5,0,28,0.99,NA
"quant",5,0,28,0.995,NA
"quant",5,0,29,0.9,NA
"quant",5,0,29,0.91,NA
"quant",5,0,29,0.92,NA
"quant",5,0,29,0.93,NA
"quant",5,0,29,0.94,NA
"quant",5,0,29,0.95,NA
"quant",5,0,29,0.96,NA
"quant",5,0,29,0.97,NA
"quant",5,0,29,0.98,NA
"quant",5,0,29,0.99,NA
"quant",5,0,29,0.995,NA
"quant",5,0,30,0.9,NA
"quant",5,0,30,0.91,NA
"quant",5,0,30,0.92,NA
"quant",5,0,30,0.93,NA
"quant",5,0,30,0.94,NA
"quant",5,0,30,0.95,NA
"quant",5,0,30,0.96,NA
"quant",5,0,30,0.97,NA
"quant",5,0,30,0.98,NA
"quant",5,0,30,0.99,NA
"quant",5,0,30,0.995,NA
"quant",5,0,31,0.9,NA
"quant",5,0,31,0.91,NA
"quant",5,0,31,0.92,NA
"quant",5,0,31,0.93,NA
"quant",5,0,31,0.94,NA
"quant",5,0,31,0.95,NA
"quant",5,0,31,0.96,NA
"quant",5,0,31,0.97,NA
"quant",5,0,31,0.98,NA
"quant",5,0,31,0.99,NA
"quant",5,0,31,0.995,NA
"quant",5,0,32,0.9,NA
"quant",5,0,32,0.91,NA
"quant",5,0,32,0.92,NA
"quant",5,0,32,0.93,NA
"quant",5,0,32,0.94,NA
"quant",5,0,32,0.95,NA
"quant",5,0,32,0.96,NA
"quant",5,0,32,0.97,NA
"quant",5,0,32,0.98,NA
"quant",5,0,32,0.99,NA
"quant",5,0,32,0.995,NA
"quant",5,0,33,0.9,NA
"quant",5,0,33,0.91,NA
"quant",5,0,33,0.92,NA
"quant",5,0,33,0.93,NA
"quant",5,0,33,0.94,NA
"quant",5,0,33,0.95,NA
"quant",5,0,33,0.96,NA
"quant",5,0,33,0.97,NA
"quant",5,0,33,0.98,NA
"quant",5,0,33,0.99,NA
"quant",5,0,33,0.995,NA
"quant",5,0,34,0.9,NA
"quant",5,0,34,0.91,NA
"quant",5,0,34,0.92,NA
"quant",5,0,34,0.93,NA
"quant",5,0,34,0.94,NA
"quant",5,0,34,0.95,NA
"quant",5,0,34,0.96,NA
"quant",5,0,34,0.97,NA
"quant",5,0,34,0.98,NA
"quant",5,0,34,0.99,NA
"quant",5,0,34,0.995,NA
"quant",5,0,35,0.9,NA
"quant",5,0,35,0.91,NA
"quant",5,0,35,0.92,NA
"quant",5,0,35,0.93,NA
"quant",5,0,35,0.94,NA
"quant",5,0,35,0.95,NA
"quant",5,0,35,0.96,NA
"quant",5,0,35,0.97,NA
"quant",5,0,35,0.98,NA
"quant",5,0,35,0.99,NA
"quant",5,0,35,0.995,NA
"quant",5,0,36,0.9,NA
"quant",5,0,36,0.91,NA
"quant",5,0,36,0.92,NA
"quant",5,0,36,0.93,NA
"quant",5,0,36,0.94,NA
"quant",5,0,36,0.95,NA
"quant",5,0,36,0.96,NA
"quant",5,0,36,0.97,NA
"quant",5,0,36,0.98,NA
"quant",5,0,36,0.99,NA
"quant",5,0,36,0.995,NA
"quant",5,0,37,0.9,NA
"quant",5,0,37,0.91,NA
"quant",5,0,37,0.92,NA
"quant",5,0,37,0.93,NA
"quant",5,0,37,0.94,NA
"quant",5,0,37,0.95,NA
"quant",5,0,37,0.96,NA
"quant",5,0,37,0.97,NA
"quant",5,0,37,0.98,NA
"quant",5,0,37,0.99,NA
"quant",5,0,37,0.995,NA
"quant",5,0,38,0.9,NA
"quant",5,0,38,0.91,NA
"quant",5,0,38,0.92,NA
"quant",5,0,38,0.93,NA
"quant",5,0,38,0.94,NA
"quant",5,0,38,0.95,NA
"quant",5,0,38,0.96,NA
"quant",5,0,38,0.97,NA
"quant",5,0,38,0.98,NA
"quant",5,0,38,0.99,NA
"quant",5,0,38,0.995,NA
"quant",5,0,39,0.9,NA
"quant",5,0,39,0.91,NA
"quant",5,0,39,0.92,NA
"quant",5,0,39,0.93,NA
"quant",5,0,39,0.94,NA
"quant",5,0,39,0.95,NA
"quant",5,0,39,0.96,NA
"quant",5,0,39,0.97,NA
"quant",5,0,39,0.98,NA
"quant",5,0,39,0.99,NA
"quant",5,0,39,0.995,NA
"quant",5,0,40,0.9,NA
"quant",5,0,40,0.91,NA
"quant",5,0,40,0.92,NA
"quant",5,0,40,0.93,NA
"quant",5,0,40,0.94,NA
"quant",5,0,40,0.95,NA
"quant",5,0,40,0.96,NA
"quant",5,0,40,0.97,NA
"quant",5,0,40,0.98,NA
"quant",5,0,40,0.99,NA
"quant",5,0,40,0.995,NA
"quant",5,0,41,0.9,NA
"quant",5,0,41,0.91,NA
"quant",5,0,41,0.92,NA
"quant",5,0,41,0.93,NA
"quant",5,0,41,0.94,NA
"quant",5,0,41,0.95,NA
"quant",5,0,41,0.96,NA
"quant",5,0,41,0.97,NA
"quant",5,0,41,0.98,NA
"quant",5,0,41,0.99,NA
"quant",5,0,41,0.995,NA
"quant",5,0,42,0.9,NA
"quant",5,0,42,0.91,NA
"quant",5,0,42,0.92,NA
"quant",5,0,42,0.93,NA
"quant",5,0,42,0.94,NA
"quant",5,0,42,0.95,NA
"quant",5,0,42,0.96,NA
"quant",5,0,42,0.97,NA
"quant",5,0,42,0.98,NA
"quant",5,0,42,0.99,NA
"quant",5,0,42,0.995,NA
"quant",5,0,43,0.9,NA
"quant",5,0,43,0.91,NA
"quant",5,0,43,0.92,NA
"quant",5,0,43,0.93,NA
"quant",5,0,43,0.94,NA
"quant",5,0,43,0.95,NA
"quant",5,0,43,0.96,NA
"quant",5,0,43,0.97,NA
"quant",5,0,43,0.98,NA
"quant",5,0,43,0.99,NA
"quant",5,0,43,0.995,NA
"quant",5,0,44,0.9,NA
"quant",5,0,44,0.91,NA
"quant",5,0,44,0.92,NA
"quant",5,0,44,0.93,NA
"quant",5,0,44,0.94,NA
"quant",5,0,44,0.95,NA
"quant",5,0,44,0.96,NA
"quant",5,0,44,0.97,NA
"quant",5,0,44,0.98,NA
"quant",5,0,44,0.99,NA
"quant",5,0,44,0.995,NA
"quant",5,0,45,0.9,NA
"quant",5,0,45,0.91,NA
"quant",5,0,45,0.92,NA
"quant",5,0,45,0.93,NA
"quant",5,0,45,0.94,NA
"quant",5,0,45,0.95,NA
"quant",5,0,45,0.96,NA
"quant",5,0,45,0.97,NA
"quant",5,0,45,0.98,NA
"quant",5,0,45,0.99,NA
"quant",5,0,45,0.995,NA
"quant",5,0,46,0.9,NA
"quant",5,0,46,0.91,NA
"quant",5,0,46,0.92,NA
"quant",5,0,46,0.93,NA
"quant",5,0,46,0.94,NA
"quant",5,0,46,0.95,NA
"quant",5,0,46,0.96,NA
"quant",5,0,46,0.97,NA
"quant",5,0,46,0.98,NA
"quant",5,0,46,0.99,NA
"quant",5,0,46,0.995,NA
"quant",5,0,47,0.9,NA
"quant",5,0,47,0.91,NA
"quant",5,0,47,0.92,NA
"quant",5,0,47,0.93,NA
"quant",5,0,47,0.94,NA
"quant",5,0,47,0.95,NA
"quant",5,0,47,0.96,NA
"quant",5,0,47,0.97,NA
"quant",5,0,47,0.98,NA
"quant",5,0,47,0.99,NA
"quant",5,0,47,0.995,NA
"quant",5,0,48,0.9,NA
"quant",5,0,48,0.91,NA
"quant",5,0,48,0.92,NA
"quant",5,0,48,0.93,NA
"quant",5,0,48,0.94,NA
"quant",5,0,48,0.95,NA
"quant",5,0,48,0.96,NA
"quant",5,0,48,0.97,NA
"quant",5,0,48,0.98,NA
"quant",5,0,48,0.99,NA
"quant",5,0,48,0.995,NA
"quant",5,0,49,0.9,NA
"quant",5,0,49,0.91,NA
"quant",5,0,49,0.92,NA
"quant",5,0,49,0.93,NA
"quant",5,0,49,0.94,NA
"quant",5,0,49,0.95,NA
"quant",5,0,49,0.96,NA
"quant",5,0,49,0.97,NA
"quant",5,0,49,0.98,NA
"quant",5,0,49,0.99,NA
"quant",5,0,49,0.995,NA
"quant",5,0,50,0.9,NA
"quant",5,0,50,0.91,NA
"quant",5,0,50,0.92,NA
"quant",5,0,50,0.93,NA
"quant",5,0,50,0.94,NA
"quant",5,0,50,0.95,NA
"quant",5,0,50,0.96,NA
"quant",5,0,50,0.97,NA
"quant",5,0,50,0.98,NA
"quant",5,0,50,0.99,NA
"quant",5,0,50,0.995,NA
