"score","method","mrts_k","dataset","quantile","value"
"brier",1,0,1,0.9,0.140867653159091
"brier",1,0,1,0.91,0.128021240918182
"brier",1,0,1,0.92,0.11301899935
"brier",1,0,1,0.93,0.102384447909091
"brier",1,0,1,0.94,0.0921672163363636
"brier",1,0,1,0.95,0.0814844220272727
"brier",1,0,1,0.96,0.0713842529681818
"brier",1,0,1,0.97,0.0591076868954545
"brier",1,0,1,0.98,0.0433569182818182
"brier",1,0,1,0.99,0.03005988825
"brier",1,0,1,0.995,0.0218579375090909
"brier",1,0,2,0.9,0.173071641440909
"brier",1,0,2,0.91,0.155894242945455
"brier",1,0,2,0.92,0.14094665895
"brier",1,0,2,0.93,0.122864554872727
"brier",1,0,2,0.94,0.105092572727273
"brier",1,0,2,0.95,0.0913762315454545
"brier",1,0,2,0.96,0.0758523417090909
"brier",1,0,2,0.97,0.05881410675
"brier",1,0,2,0.98,0.0460247763227273
"brier",1,0,2,0.99,0.0260776831136364
"brier",1,0,2,0.995,0.0133949209909091
"brier",1,0,3,0.9,0.10287260035
"brier",1,0,3,0.91,0.0908057842454545
"brier",1,0,3,0.92,0.0795606842909091
"brier",1,0,3,0.93,0.0711052071954545
"brier",1,0,3,0.94,0.0628366843318182
"brier",1,0,3,0.95,0.0490335804409091
"brier",1,0,3,0.96,0.0391691581545455
"brier",1,0,3,0.97,0.0314822214954545
"brier",1,0,3,0.98,0.0184530034
"brier",1,0,3,0.99,0.0118569938409091
"brier",1,0,3,0.995,0.00633739675
"brier",1,0,4,0.9,0.199679441386364
"brier",1,0,4,0.91,0.185848682818182
"brier",1,0,4,0.92,0.172562852068182
"brier",1,0,4,0.93,0.156543878854545
"brier",1,0,4,0.94,0.138541211131818
"brier",1,0,4,0.95,0.118547384795455
"brier",1,0,4,0.96,0.0961981681181818
"brier",1,0,4,0.97,0.0773161543363636
"brier",1,0,4,0.98,0.0554209702818182
"brier",1,0,4,0.99,0.0330652293181818
"brier",1,0,4,0.995,0.0194927880409091
"brier",1,0,5,0.9,0.111675267909091
"brier",1,0,5,0.91,0.106184065309091
"brier",1,0,5,0.92,0.0999741043863636
"brier",1,0,5,0.93,0.0937830974409091
"brier",1,0,5,0.94,0.0861016148590909
"brier",1,0,5,0.95,0.0801165687272727
"brier",1,0,5,0.96,0.0743516815136364
"brier",1,0,5,0.97,0.0630876215363636
"brier",1,0,5,0.98,0.0417259898409091
"brier",1,0,5,0.99,0.0176447792181818
"brier",1,0,5,0.995,0.00760728641818182
"brier",1,0,6,0.9,0.14742238995
"brier",1,0,6,0.91,0.133501274922727
"brier",1,0,6,0.92,0.118436912886364
"brier",1,0,6,0.93,0.104786167668182
"brier",1,0,6,0.94,0.0894095269409091
"brier",1,0,6,0.95,0.0759865231363636
"brier",1,0,6,0.96,0.0638730539727273
"brier",1,0,6,0.97,0.0522127108636364
"brier",1,0,6,0.98,0.0426341813045455
"brier",1,0,6,0.99,0.0299004961727273
"brier",1,0,6,0.995,0.0248373364772727
"brier",1,0,7,0.9,0.173542303359091
"brier",1,0,7,0.91,0.157836140695455
"brier",1,0,7,0.92,0.142198812572727
"brier",1,0,7,0.93,0.1253015784
"brier",1,0,7,0.94,0.114955806409091
"brier",1,0,7,0.95,0.100931898054545
"brier",1,0,7,0.96,0.0846383695090909
"brier",1,0,7,0.97,0.0703917760772727
"brier",1,0,7,0.98,0.05304215505
"brier",1,0,7,0.99,0.03642525425
"brier",1,0,7,0.995,0.0241278091681818
"brier",1,0,8,0.9,0.189017330704545
"brier",1,0,8,0.91,0.172602824577273
"brier",1,0,8,0.92,0.156505998931818
"brier",1,0,8,0.93,0.145879287781818
"brier",1,0,8,0.94,0.132624390959091
"brier",1,0,8,0.95,0.117491753118182
"brier",1,0,8,0.96,0.1010461689
"brier",1,0,8,0.97,0.0873419645590909
"brier",1,0,8,0.98,0.0702716849045455
"brier",1,0,8,0.99,0.0536741237636364
"brier",1,0,8,0.995,0.0430935361
"brier",1,0,9,0.9,0.113762283168182
"brier",1,0,9,0.91,0.0998842905454545
"brier",1,0,9,0.92,0.08777618185
"brier",1,0,9,0.93,0.0746958894636364
"brier",1,0,9,0.94,0.0643594336136364
"brier",1,0,9,0.95,0.0531980282863636
"brier",1,0,9,0.96,0.0429634986181818
"brier",1,0,9,0.97,0.0332704802818182
"brier",1,0,9,0.98,0.0209090943318182
"brier",1,0,9,0.99,0.00863636363636364
"brier",1,0,9,0.995,0.00545454545454545
"brier",1,0,10,0.9,0.192177901790909
"brier",1,0,10,0.91,0.177787613586364
"brier",1,0,10,0.92,0.164270489386364
"brier",1,0,10,0.93,0.148193513518182
"brier",1,0,10,0.94,0.130086294459091
"brier",1,0,10,0.95,0.11027867125
"brier",1,0,10,0.96,0.0898185670954545
"brier",1,0,10,0.97,0.0735726238681818
"brier",1,0,10,0.98,0.0527021207454545
"brier",1,0,10,0.99,0.0379199258181818
"brier",1,0,10,0.995,0.0258968059590909
"brier",1,0,11,0.9,0.134247163045455
"brier",1,0,11,0.91,0.117322796609091
"brier",1,0,11,0.92,0.100728230177273
"brier",1,0,11,0.93,0.0849051009227273
"brier",1,0,11,0.94,0.0701674152681818
"brier",1,0,11,0.95,0.0570868122318182
"brier",1,0,11,0.96,0.0450934595318182
"brier",1,0,11,0.97,0.0329529773136364
"brier",1,0,11,0.98,0.0237248811772727
"brier",1,0,11,0.99,0.0136881715727273
"brier",1,0,11,0.995,0.00700719605454545
"brier",1,0,12,0.9,0.147053352754545
"brier",1,0,12,0.91,0.135510181668182
"brier",1,0,12,0.92,0.124464796281818
"brier",1,0,12,0.93,0.114973161918182
"brier",1,0,12,0.94,0.105639307231818
"brier",1,0,12,0.95,0.0980790280090909
"brier",1,0,12,0.96,0.0819940864727273
"brier",1,0,12,0.97,0.0605769903863636
"brier",1,0,12,0.98,0.0310914575181818
"brier",1,0,12,0.99,0.0101848192909091
"brier",1,0,12,0.995,0.00546166935454545
"brier",1,0,13,0.9,0.151046355390909
"brier",1,0,13,0.91,0.136564231781818
"brier",1,0,13,0.92,0.121600678818182
"brier",1,0,13,0.93,0.106494761672727
"brier",1,0,13,0.94,0.0948401167227273
"brier",1,0,13,0.95,0.0806364781772727
"brier",1,0,13,0.96,0.0666582300590909
"brier",1,0,13,0.97,0.0543587118454545
"brier",1,0,13,0.98,0.0433021200909091
"brier",1,0,13,0.99,0.0311856079409091
"brier",1,0,13,0.995,0.0229803830681818
"brier",1,0,14,0.9,0.207124810231818
"brier",1,0,14,0.91,0.193119982418182
"brier",1,0,14,0.92,0.179723920763636
"brier",1,0,14,0.93,0.163012913781818
"brier",1,0,14,0.94,0.147473736809091
"brier",1,0,14,0.95,0.126154633218182
"brier",1,0,14,0.96,0.105597432231818
"brier",1,0,14,0.97,0.0881041781363636
"brier",1,0,14,0.98,0.0683396856590909
"brier",1,0,14,0.99,0.0538191828818182
"brier",1,0,14,0.995,0.0452190208772727
"brier",1,0,15,0.9,0.169335431295455
"brier",1,0,15,0.91,0.143455614636364
"brier",1,0,15,0.92,0.117338102431818
"brier",1,0,15,0.93,0.0969041096090909
"brier",1,0,15,0.94,0.0755038390681818
"brier",1,0,15,0.95,0.0585899801454545
"brier",1,0,15,0.96,0.0462247643545455
"brier",1,0,15,0.97,0.0352615919090909
"brier",1,0,15,0.98,0.0369363374318182
"brier",1,0,15,0.99,0.0172216472454545
"brier",1,0,15,0.995,0.00829435849545455
"brier",1,0,16,0.9,0.227236229227273
"brier",1,0,16,0.91,0.216821176445455
"brier",1,0,16,0.92,0.200796386622727
"brier",1,0,16,0.93,0.182563947904545
"brier",1,0,16,0.94,0.163368097595455
"brier",1,0,16,0.95,0.138383867709091
"brier",1,0,16,0.96,0.109894735554545
"brier",1,0,16,0.97,0.0833902252
"brier",1,0,16,0.98,0.0474642911045455
"brier",1,0,16,0.99,0.0217760539954545
"brier",1,0,16,0.995,0.0116974918590909
"brier",1,0,17,0.9,0.111255198681818
"brier",1,0,17,0.91,0.0968913028954545
"brier",1,0,17,0.92,0.0796535533954545
"brier",1,0,17,0.93,0.0626161697181818
"brier",1,0,17,0.94,0.0466316477545455
"brier",1,0,17,0.95,0.0349372637954545
"brier",1,0,17,0.96,0.0270348940318182
"brier",1,0,17,0.97,0.0293491480181818
"brier",1,0,17,0.98,0.0303424817909091
"brier",1,0,17,0.99,0.0253837102136364
"brier",1,0,17,0.995,0.00946560291363636
"brier",1,0,18,0.9,0.174110784463636
"brier",1,0,18,0.91,0.158644703654545
"brier",1,0,18,0.92,0.142641464431818
"brier",1,0,18,0.93,0.123608969868182
"brier",1,0,18,0.94,0.106736639022727
"brier",1,0,18,0.95,0.09180139645
"brier",1,0,18,0.96,0.0739363890454545
"brier",1,0,18,0.97,0.0548040414227273
"brier",1,0,18,0.98,0.0397733759727273
"brier",1,0,18,0.99,0.0206727460681818
"brier",1,0,18,0.995,0.0139769267954545
"brier",1,0,19,0.9,0.191951573959091
"brier",1,0,19,0.91,0.170390011890909
"brier",1,0,19,0.92,0.141008276122727
"brier",1,0,19,0.93,0.105044713854545
"brier",1,0,19,0.94,0.0751346868409091
"brier",1,0,19,0.95,0.0541534933636364
"brier",1,0,19,0.96,0.0395672045045455
"brier",1,0,19,0.97,0.0289410468954545
"brier",1,0,19,0.98,0.0209272032409091
"brier",1,0,19,0.99,0.0100000315954545
"brier",1,0,19,0.995,0.00500000000454545
"brier",1,0,20,0.9,0.0936278128
"brier",1,0,20,0.91,0.0822931214318182
"brier",1,0,20,0.92,0.0678101837636364
"brier",1,0,20,0.93,0.0552352516272727
"brier",1,0,20,0.94,0.0449644678590909
"brier",1,0,20,0.95,0.0329900031590909
"brier",1,0,20,0.96,0.0202437253318182
"brier",1,0,20,0.97,0.0119711285090909
"brier",1,0,20,0.98,0.00787770589545455
"brier",1,0,20,0.99,0.00431293984090909
"brier",1,0,20,0.995,0.00586153760909091
"brier",1,0,21,0.9,0.14524121545
"brier",1,0,21,0.91,0.127192148522727
"brier",1,0,21,0.92,0.108605132268182
"brier",1,0,21,0.93,0.0940101007090909
"brier",1,0,21,0.94,0.0774076918818182
"brier",1,0,21,0.95,0.0613755893590909
"brier",1,0,21,0.96,0.0438366351045455
"brier",1,0,21,0.97,0.0295024658727273
"brier",1,0,21,0.98,0.0166567346863636
"brier",1,0,21,0.99,0.00916681782727273
"brier",1,0,21,0.995,0.00182356212272727
"brier",1,0,22,0.9,0.182208961009091
"brier",1,0,22,0.91,0.166218980690909
"brier",1,0,22,0.92,0.145241622104545
"brier",1,0,22,0.93,0.110980945290909
"brier",1,0,22,0.94,0.0737648868909091
"brier",1,0,22,0.95,0.0414837130818182
"brier",1,0,22,0.96,0.0342810196954545
"brier",1,0,22,0.97,0.0298288097363636
"brier",1,0,22,0.98,0.0222705483772727
"brier",1,0,22,0.99,0.00909090909090909
"brier",1,0,22,0.995,0.005
"brier",1,0,23,0.9,0.104608931409091
"brier",1,0,23,0.91,0.0969183317772727
"brier",1,0,23,0.92,0.0878701216227273
"brier",1,0,23,0.93,0.0792593624590909
"brier",1,0,23,0.94,0.0673798079454545
"brier",1,0,23,0.95,0.05817696595
"brier",1,0,23,0.96,0.0437772618727273
"brier",1,0,23,0.97,0.0310222109454545
"brier",1,0,23,0.98,0.0222508829727273
"brier",1,0,23,0.99,0.0104774037227273
"brier",1,0,23,0.995,0.00545581123181818
"brier",1,0,24,0.9,0.213186888995455
"brier",1,0,24,0.91,0.201271062695455
"brier",1,0,24,0.92,0.188808895754545
"brier",1,0,24,0.93,0.17388692695
"brier",1,0,24,0.94,0.154657331645455
"brier",1,0,24,0.95,0.136146772059091
"brier",1,0,24,0.96,0.119119912822727
"brier",1,0,24,0.97,0.0980946171318182
"brier",1,0,24,0.98,0.0674969969181818
"brier",1,0,24,0.99,0.0368048312227273
"brier",1,0,24,0.995,0.0245468474772727
"brier",1,0,25,0.9,0.156870211622727
"brier",1,0,25,0.91,0.144787274595455
"brier",1,0,25,0.92,0.128505154086364
"brier",1,0,25,0.93,0.113103281763636
"brier",1,0,25,0.94,0.100862085631818
"brier",1,0,25,0.95,0.0876177000545455
"brier",1,0,25,0.96,0.0748951674409091
"brier",1,0,25,0.97,0.0622734054272727
"brier",1,0,25,0.98,0.0468370836
"brier",1,0,25,0.99,0.0284668319545455
"brier",1,0,25,0.995,0.0148533655181818
"brier",1,0,26,0.9,0.168986452322727
"brier",1,0,26,0.91,0.150274502559091
"brier",1,0,26,0.92,0.132313990981818
"brier",1,0,26,0.93,0.107757776981818
"brier",1,0,26,0.94,0.0831145324045455
"brier",1,0,26,0.95,0.0686003397863636
"brier",1,0,26,0.96,0.0504596869909091
"brier",1,0,26,0.97,0.0309090909181818
"brier",1,0,26,0.98,0.0190909090909091
"brier",1,0,26,0.99,0.00818181818181818
"brier",1,0,26,0.995,0.00454545454545455
"brier",1,0,27,0.9,0.219874433963636
"brier",1,0,27,0.91,0.1982293634
"brier",1,0,27,0.92,0.170920505372727
"brier",1,0,27,0.93,0.14823717965
"brier",1,0,27,0.94,0.123498591077273
"brier",1,0,27,0.95,0.0994008527727273
"brier",1,0,27,0.96,0.0743901533045455
"brier",1,0,27,0.97,0.0559346839227273
"brier",1,0,27,0.98,0.0406138462727273
"brier",1,0,27,0.99,0.0322709109090909
"brier",1,0,27,0.995,0.0258021156363636
"brier",1,0,28,0.9,0.135525526331818
"brier",1,0,28,0.91,0.125092952113636
"brier",1,0,28,0.92,0.111005686086364
"brier",1,0,28,0.93,0.0972429719045454
"brier",1,0,28,0.94,0.0875697907863636
"brier",1,0,28,0.95,0.0774866272181818
"brier",1,0,28,0.96,0.0686712635863636
"brier",1,0,28,0.97,0.0549868554181818
"brier",1,0,28,0.98,0.0423383861227273
"brier",1,0,28,0.99,0.0275615250272727
"brier",1,0,28,0.995,0.0177376644772727
"brier",1,0,29,0.9,0.157381436522727
"brier",1,0,29,0.91,0.141619535868182
"brier",1,0,29,0.92,0.128921546604545
"brier",1,0,29,0.93,0.113382050713636
"brier",1,0,29,0.94,0.0999653765545455
"brier",1,0,29,0.95,0.0822362277136364
"brier",1,0,29,0.96,0.0659852268409091
"brier",1,0,29,0.97,0.0496147350227273
"brier",1,0,29,0.98,0.0378077039954545
"brier",1,0,29,0.99,0.0207560963954545
"brier",1,0,29,0.995,0.0100772994409091
"brier",1,0,30,0.9,0.142729860759091
"brier",1,0,30,0.91,0.125393830177273
"brier",1,0,30,0.92,0.106046889918182
"brier",1,0,30,0.93,0.0901471747545455
"brier",1,0,30,0.94,0.0736386187181818
"brier",1,0,30,0.95,0.0573251557545455
"brier",1,0,30,0.96,0.0432637404272727
"brier",1,0,30,0.97,0.0310621047681818
"brier",1,0,30,0.98,0.0201150802545455
"brier",1,0,30,0.99,0.00956193913181818
"brier",1,0,30,0.995,0.00272782585909091
"brier",1,0,31,0.9,0.178630543609091
"brier",1,0,31,0.91,0.170399138054545
"brier",1,0,31,0.92,0.15699718885
"brier",1,0,31,0.93,0.142870050277273
"brier",1,0,31,0.94,0.128339154472727
"brier",1,0,31,0.95,0.114852801068182
"brier",1,0,31,0.96,0.0950746581409091
"brier",1,0,31,0.97,0.0779224911681818
"brier",1,0,31,0.98,0.0598695970454545
"brier",1,0,31,0.99,0.0419486001909091
"brier",1,0,31,0.995,0.0339828542727273
"brier",1,0,32,0.9,0.18566191755
"brier",1,0,32,0.91,0.170099887836364
"brier",1,0,32,0.92,0.153018166663636
"brier",1,0,32,0.93,0.132497302354545
"brier",1,0,32,0.94,0.11393940955
"brier",1,0,32,0.95,0.0952928537545455
"brier",1,0,32,0.96,0.0726087306818182
"brier",1,0,32,0.97,0.0439792705454545
"brier",1,0,32,0.98,0.0200403143818182
"brier",1,0,32,0.99,0.0109090909090909
"brier",1,0,32,0.995,0.00590909090909091
"brier",1,0,33,0.9,0.17451999955
"brier",1,0,33,0.91,0.159204872959091
"brier",1,0,33,0.92,0.146299617495455
"brier",1,0,33,0.93,0.132229024818182
"brier",1,0,33,0.94,0.114822213431818
"brier",1,0,33,0.95,0.0943300853181818
"brier",1,0,33,0.96,0.0719633145954545
"brier",1,0,33,0.97,0.0503803666727273
"brier",1,0,33,0.98,0.0205686615363636
"brier",1,0,33,0.99,0.0104545454545455
"brier",1,0,33,0.995,0.005
"brier",1,0,34,0.9,0.149305900045455
"brier",1,0,34,0.91,0.141351457381818
"brier",1,0,34,0.92,0.132308039281818
"brier",1,0,34,0.93,0.125056145427273
"brier",1,0,34,0.94,0.112719112881818
"brier",1,0,34,0.95,0.101521725604545
"brier",1,0,34,0.96,0.0863681844727273
"brier",1,0,34,0.97,0.0709514704136364
"brier",1,0,34,0.98,0.0531302997272727
"brier",1,0,34,0.99,0.0373571530409091
"brier",1,0,34,0.995,0.0238535986045455
"brier",1,0,35,0.9,0.165420139072727
"brier",1,0,35,0.91,0.153137148586364
"brier",1,0,35,0.92,0.1424853234
"brier",1,0,35,0.93,0.128514698090909
"brier",1,0,35,0.94,0.118703643868182
"brier",1,0,35,0.95,0.0991847026
"brier",1,0,35,0.96,0.0780996472409091
"brier",1,0,35,0.97,0.05813697805
"brier",1,0,35,0.98,0.0363256010272727
"brier",1,0,35,0.99,0.0204627045090909
"brier",1,0,35,0.995,0.0128829090863636
"brier",1,0,36,0.9,0.186245469
"brier",1,0,36,0.91,0.170768850359091
"brier",1,0,36,0.92,0.153385809836364
"brier",1,0,36,0.93,0.13778088585
"brier",1,0,36,0.94,0.119989473581818
"brier",1,0,36,0.95,0.102168935527273
"brier",1,0,36,0.96,0.0857688648318182
"brier",1,0,36,0.97,0.07205469805
"brier",1,0,36,0.98,0.0544979868045455
"brier",1,0,36,0.99,0.0395663423
"brier",1,0,36,0.995,0.0293859268363636
"brier",1,0,37,0.9,0.102000397659091
"brier",1,0,37,0.91,0.0917786396681818
"brier",1,0,37,0.92,0.0823560334818182
"brier",1,0,37,0.93,0.0692461296818182
"brier",1,0,37,0.94,0.0591197955
"brier",1,0,37,0.95,0.0500049628681818
"brier",1,0,37,0.96,0.0409093924681818
"brier",1,0,37,0.97,0.0304545513954545
"brier",1,0,37,0.98,0.0209090909136364
"brier",1,0,37,0.99,0.0109090909090909
"brier",1,0,37,0.995,0.00409090909090909
"brier",1,0,38,0.9,0.128242187427273
"brier",1,0,38,0.91,0.118774136240909
"brier",1,0,38,0.92,0.104172592709091
"brier",1,0,38,0.93,0.0921873039818182
"brier",1,0,38,0.94,0.0815920302681818
"brier",1,0,38,0.95,0.0682238575454545
"brier",1,0,38,0.96,0.0540657433909091
"brier",1,0,38,0.97,0.0409545733818182
"brier",1,0,38,0.98,0.0260572473954545
"brier",1,0,38,0.99,0.0128223848636364
"brier",1,0,38,0.995,0.00621816255909091
"brier",1,0,39,0.9,0.153673121731818
"brier",1,0,39,0.91,0.136555486522727
"brier",1,0,39,0.92,0.120683644013636
"brier",1,0,39,0.93,0.105958468990909
"brier",1,0,39,0.94,0.0902417449409091
"brier",1,0,39,0.95,0.0727258934409091
"brier",1,0,39,0.96,0.05541689615
"brier",1,0,39,0.97,0.0412584241863636
"brier",1,0,39,0.98,0.0217905853272727
"brier",1,0,39,0.99,0.0122894343090909
"brier",1,0,39,0.995,0.00511313416363636
"brier",1,0,40,0.9,0.160042743654545
"brier",1,0,40,0.91,0.144599067336364
"brier",1,0,40,0.92,0.13176157195
"brier",1,0,40,0.93,0.119169367040909
"brier",1,0,40,0.94,0.100984732440909
"brier",1,0,40,0.95,0.0870226663181818
"brier",1,0,40,0.96,0.0691876058863636
"brier",1,0,40,0.97,0.0539196074863636
"brier",1,0,40,0.98,0.0393887226454545
"brier",1,0,40,0.99,0.0217448864318182
"brier",1,0,40,0.995,0.0129579020181818
"brier",1,0,41,0.9,0.133569412004545
"brier",1,0,41,0.91,0.122667387727273
"brier",1,0,41,0.92,0.112412325895455
"brier",1,0,41,0.93,0.102185994145455
"brier",1,0,41,0.94,0.0916160514318182
"brier",1,0,41,0.95,0.0743837212727273
"brier",1,0,41,0.96,0.0593561189181818
"brier",1,0,41,0.97,0.0474674170636364
"brier",1,0,41,0.98,0.0284119776545455
"brier",1,0,41,0.99,0.00954545454545455
"brier",1,0,41,0.995,0.00363636363636364
"brier",1,0,42,0.9,0.118427904668182
"brier",1,0,42,0.91,0.104630184422727
"brier",1,0,42,0.92,0.0917724387090909
"brier",1,0,42,0.93,0.0771588267
"brier",1,0,42,0.94,0.0632636845590909
"brier",1,0,42,0.95,0.0519583956954545
"brier",1,0,42,0.96,0.0406315287818182
"brier",1,0,42,0.97,0.0293495725181818
"brier",1,0,42,0.98,0.0203431078818182
"brier",1,0,42,0.99,0.0082107779
"brier",1,0,42,0.995,0.00454639267727273
"brier",1,0,43,0.9,0.228078269218182
"brier",1,0,43,0.91,0.213279955459091
"brier",1,0,43,0.92,0.199003124731818
"brier",1,0,43,0.93,0.178407094818182
"brier",1,0,43,0.94,0.15820217345
"brier",1,0,43,0.95,0.1398463892
"brier",1,0,43,0.96,0.120740684204545
"brier",1,0,43,0.97,0.09744732375
"brier",1,0,43,0.98,0.0695340697681818
"brier",1,0,43,0.99,0.0393620671681818
"brier",1,0,43,0.995,0.0210550031409091
"brier",1,0,44,0.9,0.202694890004545
"brier",1,0,44,0.91,0.191622754272727
"brier",1,0,44,0.92,0.181541749545455
"brier",1,0,44,0.93,0.172686779427273
"brier",1,0,44,0.94,0.161350711040909
"brier",1,0,44,0.95,0.1509902899
"brier",1,0,44,0.96,0.131187668286364
"brier",1,0,44,0.97,0.107005776836364
"brier",1,0,44,0.98,0.0802543956818182
"brier",1,0,44,0.99,0.0446848043772727
"brier",1,0,44,0.995,0.0234495467727273
"brier",1,0,45,0.9,0.211111240390909
"brier",1,0,45,0.91,0.196571022427273
"brier",1,0,45,0.92,0.176832684540909
"brier",1,0,45,0.93,0.158583338527273
"brier",1,0,45,0.94,0.135859459654545
"brier",1,0,45,0.95,0.115957781172727
"brier",1,0,45,0.96,0.0980355911409091
"brier",1,0,45,0.97,0.0828714037727273
"brier",1,0,45,0.98,0.0567339506409091
"brier",1,0,45,0.99,0.0259243735181818
"brier",1,0,45,0.995,0.0146686779636364
"brier",1,0,46,0.9,0.144627619636364
"brier",1,0,46,0.91,0.129907821113636
"brier",1,0,46,0.92,0.115862364040909
"brier",1,0,46,0.93,0.100883468495455
"brier",1,0,46,0.94,0.0876154476590909
"brier",1,0,46,0.95,0.0717820218681818
"brier",1,0,46,0.96,0.0562887043181818
"brier",1,0,46,0.97,0.0401536255318182
"brier",1,0,46,0.98,0.0236587576727273
"brier",1,0,46,0.99,0.0101459063409091
"brier",1,0,46,0.995,0.00662668424545455
"brier",1,0,47,0.9,0.174604017813636
"brier",1,0,47,0.91,0.160607250086364
"brier",1,0,47,0.92,0.14777380185
"brier",1,0,47,0.93,0.136075958727273
"brier",1,0,47,0.94,0.120430921286364
"brier",1,0,47,0.95,0.101509239731818
"brier",1,0,47,0.96,0.0846292787045455
"brier",1,0,47,0.97,0.0639496716045455
"brier",1,0,47,0.98,0.0447014927863636
"brier",1,0,47,0.99,0.0221683475454545
"brier",1,0,47,0.995,0.0113645466272727
"brier",1,0,48,0.9,0.160850446581818
"brier",1,0,48,0.91,0.154602385122727
"brier",1,0,48,0.92,0.148274538854545
"brier",1,0,48,0.93,0.139566686945455
"brier",1,0,48,0.94,0.125724834454545
"brier",1,0,48,0.95,0.111145360295455
"brier",1,0,48,0.96,0.0843768599818182
"brier",1,0,48,0.97,0.0564522521181818
"brier",1,0,48,0.98,0.0335443565909091
"brier",1,0,48,0.99,0.0136834539863636
"brier",1,0,48,0.995,0.00619926347727273
"brier",1,0,49,0.9,0.194800508763636
"brier",1,0,49,0.91,0.171021583309091
"brier",1,0,49,0.92,0.147755760368182
"brier",1,0,49,0.93,0.121513688504545
"brier",1,0,49,0.94,0.0977486593772727
"brier",1,0,49,0.95,0.0748038938772727
"brier",1,0,49,0.96,0.05439646745
"brier",1,0,49,0.97,0.0340893431681818
"brier",1,0,49,0.98,0.0199735943681818
"brier",1,0,49,0.99,0.0100767656681818
"brier",1,0,49,0.995,0.00454569908181818
"brier",1,0,50,0.9,0.120649005890909
"brier",1,0,50,0.91,0.10742663895
"brier",1,0,50,0.92,0.09376057315
"brier",1,0,50,0.93,0.0754416590636364
"brier",1,0,50,0.94,0.0610476094818182
"brier",1,0,50,0.95,0.0481819698863636
"brier",1,0,50,0.96,0.0404545454818182
"brier",1,0,50,0.97,0.0304545454545455
"brier",1,0,50,0.98,0.0209090909090909
"brier",1,0,50,0.99,0.0131818181818182
"brier",1,0,50,0.995,0.00727272727272727
"brier",2,0,1,0.9,0.137995864368182
"brier",2,0,1,0.91,0.125423045954545
"brier",2,0,1,0.92,0.110680437195455
"brier",2,0,1,0.93,0.100158085772727
"brier",2,0,1,0.94,0.0900101389681818
"brier",2,0,1,0.95,0.0794110602181818
"brier",2,0,1,0.96,0.0693187362318182
"brier",2,0,1,0.97,0.0568888413818182
"brier",2,0,1,0.98,0.0409641590772727
"brier",2,0,1,0.99,0.0275346578363636
"brier",2,0,1,0.995,0.0194005079181818
"brier",2,0,2,0.9,0.171649706727273
"brier",2,0,2,0.91,0.154638281886364
"brier",2,0,2,0.92,0.140029038913636
"brier",2,0,2,0.93,0.122141545595455
"brier",2,0,2,0.94,0.104642262709091
"brier",2,0,2,0.95,0.0911757695227273
"brier",2,0,2,0.96,0.0758786423909091
"brier",2,0,2,0.97,0.0587216435681818
"brier",2,0,2,0.98,0.0454443299727273
"brier",2,0,2,0.99,0.0253125176772727
"brier",2,0,2,0.995,0.0130041369272727
"brier",2,0,3,0.9,0.103981317240909
"brier",2,0,3,0.91,0.0916314970272727
"brier",2,0,3,0.92,0.0800106327636364
"brier",2,0,3,0.93,0.07121197845
"brier",2,0,3,0.94,0.0627256416636364
"brier",2,0,3,0.95,0.0488811296727273
"brier",2,0,3,0.96,0.0390622106181818
"brier",2,0,3,0.97,0.0313123761136364
"brier",2,0,3,0.98,0.0183850518954545
"brier",2,0,3,0.99,0.0117896051181818
"brier",2,0,3,0.995,0.0062566087
"brier",2,0,4,0.9,0.199624219540909
"brier",2,0,4,0.91,0.185163757663636
"brier",2,0,4,0.92,0.171368631577273
"brier",2,0,4,0.93,0.154560307681818
"brier",2,0,4,0.94,0.135944383454545
"brier",2,0,4,0.95,0.115442919131818
"brier",2,0,4,0.96,0.0929364377681818
"brier",2,0,4,0.97,0.0742705048818182
"brier",2,0,4,0.98,0.0529247783818182
"brier",2,0,4,0.99,0.0311673094590909
"brier",2,0,4,0.995,0.0180573767318182
"brier",2,0,5,0.9,0.111790873386364
"brier",2,0,5,0.91,0.105888488545455
"brier",2,0,5,0.92,0.0992977941863636
"brier",2,0,5,0.93,0.0927192714727273
"brier",2,0,5,0.94,0.0846642033863636
"brier",2,0,5,0.95,0.0780512291772727
"brier",2,0,5,0.96,0.0708224360181818
"brier",2,0,5,0.97,0.0590651542727273
"brier",2,0,5,0.98,0.0390705890090909
"brier",2,0,5,0.99,0.0179345228090909
"brier",2,0,5,0.995,0.00839026725
"brier",2,0,6,0.9,0.143342981813636
"brier",2,0,6,0.91,0.129826452145455
"brier",2,0,6,0.92,0.115617849090909
"brier",2,0,6,0.93,0.103121209909091
"brier",2,0,6,0.94,0.0886950240909091
"brier",2,0,6,0.95,0.0760435410954545
"brier",2,0,6,0.96,0.0643843769590909
"brier",2,0,6,0.97,0.0527567026409091
"brier",2,0,6,0.98,0.0428007045590909
"brier",2,0,6,0.99,0.02907380955
"brier",2,0,6,0.995,0.0232935292727273
"brier",2,0,7,0.9,0.172916598454545
"brier",2,0,7,0.91,0.156826689281818
"brier",2,0,7,0.92,0.141102109763636
"brier",2,0,7,0.93,0.123810893113636
"brier",2,0,7,0.94,0.112901050309091
"brier",2,0,7,0.95,0.0984029837
"brier",2,0,7,0.96,0.0814535451409091
"brier",2,0,7,0.97,0.0665718593863636
"brier",2,0,7,0.98,0.0486382409863636
"brier",2,0,7,0.99,0.0323893552681818
"brier",2,0,7,0.995,0.0207636309636364
"brier",2,0,8,0.9,0.185082698845455
"brier",2,0,8,0.91,0.168710378122727
"brier",2,0,8,0.92,0.152733818827273
"brier",2,0,8,0.93,0.142500213445455
"brier",2,0,8,0.94,0.129537833372727
"brier",2,0,8,0.95,0.115037075990909
"brier",2,0,8,0.96,0.099295789
"brier",2,0,8,0.97,0.0862618473363636
"brier",2,0,8,0.98,0.0700361049909091
"brier",2,0,8,0.99,0.0538450525454545
"brier",2,0,8,0.995,0.0430934520545455
"brier",2,0,9,0.9,0.111350260409091
"brier",2,0,9,0.91,0.0980425860136364
"brier",2,0,9,0.92,0.0864599519227273
"brier",2,0,9,0.93,0.0738840505318182
"brier",2,0,9,0.94,0.0639676806727273
"brier",2,0,9,0.95,0.0532725007636364
"brier",2,0,9,0.96,0.0433326962318182
"brier",2,0,9,0.97,0.0336109144318182
"brier",2,0,9,0.98,0.0209262292727273
"brier",2,0,9,0.99,0.00863636679090909
"brier",2,0,9,0.995,0.00545454545909091
"brier",2,0,10,0.9,0.188224055568182
"brier",2,0,10,0.91,0.174143720809091
"brier",2,0,10,0.92,0.161201944763636
"brier",2,0,10,0.93,0.144996359586364
"brier",2,0,10,0.94,0.126854852795455
"brier",2,0,10,0.95,0.106778198177273
"brier",2,0,10,0.96,0.0865868353727273
"brier",2,0,10,0.97,0.0698437342863636
"brier",2,0,10,0.98,0.0498566540681818
"brier",2,0,10,0.99,0.0359097387363636
"brier",2,0,10,0.995,0.0244063634318182
"brier",2,0,11,0.9,0.132039188763636
"brier",2,0,11,0.91,0.115764336122727
"brier",2,0,11,0.92,0.0996761693045455
"brier",2,0,11,0.93,0.0842783797545455
"brier",2,0,11,0.94,0.06997741575
"brier",2,0,11,0.95,0.0572431183454545
"brier",2,0,11,0.96,0.0453658539136364
"brier",2,0,11,0.97,0.0331405661090909
"brier",2,0,11,0.98,0.0238626855318182
"brier",2,0,11,0.99,0.0138102180863636
"brier",2,0,11,0.995,0.00710403402272727
"brier",2,0,12,0.9,0.148255844659091
"brier",2,0,12,0.91,0.1359646278
"brier",2,0,12,0.92,0.123561662536364
"brier",2,0,12,0.93,0.113317055540909
"brier",2,0,12,0.94,0.103758155836364
"brier",2,0,12,0.95,0.0958857465590909
"brier",2,0,12,0.96,0.0791189735545455
"brier",2,0,12,0.97,0.0568396691318182
"brier",2,0,12,0.98,0.0291533602272727
"brier",2,0,12,0.99,0.0107341533136364
"brier",2,0,12,0.995,0.00563471380909091
"brier",2,0,13,0.9,0.150338861259091
"brier",2,0,13,0.91,0.136200083590909
"brier",2,0,13,0.92,0.121671528404545
"brier",2,0,13,0.93,0.106715543959091
"brier",2,0,13,0.94,0.0951422068136364
"brier",2,0,13,0.95,0.0810785232863636
"brier",2,0,13,0.96,0.0670546961590909
"brier",2,0,13,0.97,0.0546203143318182
"brier",2,0,13,0.98,0.0433535772863636
"brier",2,0,13,0.99,0.0308482816
"brier",2,0,13,0.995,0.0223265133
"brier",2,0,14,0.9,0.207137147677273
"brier",2,0,14,0.91,0.193844248895455
"brier",2,0,14,0.92,0.181183286859091
"brier",2,0,14,0.93,0.165025097881818
"brier",2,0,14,0.94,0.149051598986364
"brier",2,0,14,0.95,0.1261439476
"brier",2,0,14,0.96,0.103295360386364
"brier",2,0,14,0.97,0.0847342138272727
"brier",2,0,14,0.98,0.0652600219
"brier",2,0,14,0.99,0.0511060785
"brier",2,0,14,0.995,0.0426187051
"brier",2,0,15,0.9,0.171252334568182
"brier",2,0,15,0.91,0.144233324113636
"brier",2,0,15,0.92,0.117780283940909
"brier",2,0,15,0.93,0.0970158891272727
"brier",2,0,15,0.94,0.0757360710409091
"brier",2,0,15,0.95,0.0587022488136364
"brier",2,0,15,0.96,0.0460734673727273
"brier",2,0,15,0.97,0.0349713393
"brier",2,0,15,0.98,0.0346878949954545
"brier",2,0,15,0.99,0.0159841310863636
"brier",2,0,15,0.995,0.00823788653636364
"brier",2,0,16,0.9,0.226129620254545
"brier",2,0,16,0.91,0.215031877281818
"brier",2,0,16,0.92,0.1977239205
"brier",2,0,16,0.93,0.179032751254545
"brier",2,0,16,0.94,0.1587057756
"brier",2,0,16,0.95,0.133676524613636
"brier",2,0,16,0.96,0.105699935454545
"brier",2,0,16,0.97,0.0806505621454545
"brier",2,0,16,0.98,0.0464358216045455
"brier",2,0,16,0.99,0.0221461027090909
"brier",2,0,16,0.995,0.0123703510136364
"brier",2,0,17,0.9,0.110855277909091
"brier",2,0,17,0.91,0.0957970837181818
"brier",2,0,17,0.92,0.0784137374590909
"brier",2,0,17,0.93,0.0615524906545455
"brier",2,0,17,0.94,0.0460118565636364
"brier",2,0,17,0.95,0.0347470909954545
"brier",2,0,17,0.96,0.0270491333181818
"brier",2,0,17,0.97,0.0292112263318182
"brier",2,0,17,0.98,0.0294541467
"brier",2,0,17,0.99,0.0235355695
"brier",2,0,17,0.995,0.00907749318636364
"brier",2,0,18,0.9,0.174451232186364
"brier",2,0,18,0.91,0.158196175081818
"brier",2,0,18,0.92,0.141432164913636
"brier",2,0,18,0.93,0.121924387581818
"brier",2,0,18,0.94,0.104811754931818
"brier",2,0,18,0.95,0.0899092753227273
"brier",2,0,18,0.96,0.07225926765
"brier",2,0,18,0.97,0.0535209983772727
"brier",2,0,18,0.98,0.0388324888136364
"brier",2,0,18,0.99,0.0191554317409091
"brier",2,0,18,0.995,0.0122957248
"brier",2,0,19,0.9,0.189354982995455
"brier",2,0,19,0.91,0.168227892363636
"brier",2,0,19,0.92,0.139447503022727
"brier",2,0,19,0.93,0.104187505563636
"brier",2,0,19,0.94,0.0746925001409091
"brier",2,0,19,0.95,0.0540685178863636
"brier",2,0,19,0.96,0.0396948241818182
"brier",2,0,19,0.97,0.0290382294227273
"brier",2,0,19,0.98,0.0209458093681818
"brier",2,0,19,0.99,0.0100004143818182
"brier",2,0,19,0.995,0.0050000016
"brier",2,0,20,0.9,0.0923066814136364
"brier",2,0,20,0.91,0.0809481969954546
"brier",2,0,20,0.92,0.0666224459772727
"brier",2,0,20,0.93,0.0542330962772727
"brier",2,0,20,0.94,0.0441691241727273
"brier",2,0,20,0.95,0.0324813774227273
"brier",2,0,20,0.96,0.0199304977318182
"brier",2,0,20,0.97,0.0120980503681818
"brier",2,0,20,0.98,0.00790550601818182
"brier",2,0,20,0.99,0.00379728582272727
"brier",2,0,20,0.995,0.00462994575909091
"brier",2,0,21,0.9,0.14646797945
"brier",2,0,21,0.91,0.127944950231818
"brier",2,0,21,0.92,0.108841858040909
"brier",2,0,21,0.93,0.0939883192045455
"brier",2,0,21,0.94,0.0773176418727273
"brier",2,0,21,0.95,0.0610311831772727
"brier",2,0,21,0.96,0.04352965715
"brier",2,0,21,0.97,0.0293354524727273
"brier",2,0,21,0.98,0.0166516690909091
"brier",2,0,21,0.99,0.00920879787272727
"brier",2,0,21,0.995,0.00183949235909091
"brier",2,0,22,0.9,0.177902033240909
"brier",2,0,22,0.91,0.162216151709091
"brier",2,0,22,0.92,0.142292797404545
"brier",2,0,22,0.93,0.110279624868182
"brier",2,0,22,0.94,0.0745694845318182
"brier",2,0,22,0.95,0.0427121794318182
"brier",2,0,22,0.96,0.0351640465681818
"brier",2,0,22,0.97,0.0299331953363636
"brier",2,0,22,0.98,0.0222721828181818
"brier",2,0,22,0.99,0.00909090914090909
"brier",2,0,22,0.995,0.00500000000454545
"brier",2,0,23,0.9,0.102455839872727
"brier",2,0,23,0.91,0.0953767922590909
"brier",2,0,23,0.92,0.0870782005090909
"brier",2,0,23,0.93,0.0788466276272727
"brier",2,0,23,0.94,0.0672378212090909
"brier",2,0,23,0.95,0.0582570894363636
"brier",2,0,23,0.96,0.0438150669545455
"brier",2,0,23,0.97,0.0311561203045455
"brier",2,0,23,0.98,0.0224140753136364
"brier",2,0,23,0.99,0.0105325552772727
"brier",2,0,23,0.995,0.00546757190454545
"brier",2,0,24,0.9,0.210858228972727
"brier",2,0,24,0.91,0.199168743995455
"brier",2,0,24,0.92,0.186951637418182
"brier",2,0,24,0.93,0.172515898822727
"brier",2,0,24,0.94,0.153535398722727
"brier",2,0,24,0.95,0.135226633390909
"brier",2,0,24,0.96,0.118550090936364
"brier",2,0,24,0.97,0.0978251811
"brier",2,0,24,0.98,0.0671770518454545
"brier",2,0,24,0.99,0.0357269754227273
"brier",2,0,24,0.995,0.0227007423863636
"brier",2,0,25,0.9,0.1540061335
"brier",2,0,25,0.91,0.141220035054545
"brier",2,0,25,0.92,0.124906518263636
"brier",2,0,25,0.93,0.109648641318182
"brier",2,0,25,0.94,0.0974123979681818
"brier",2,0,25,0.95,0.0841519036681818
"brier",2,0,25,0.96,0.0712631554227273
"brier",2,0,25,0.97,0.0580293579954545
"brier",2,0,25,0.98,0.0433808549363636
"brier",2,0,25,0.99,0.0267698753272727
"brier",2,0,25,0.995,0.0136612816318182
"brier",2,0,26,0.9,0.17124071275
"brier",2,0,26,0.91,0.151887572013636
"brier",2,0,26,0.92,0.133480938131818
"brier",2,0,26,0.93,0.108342174077273
"brier",2,0,26,0.94,0.0825056207272727
"brier",2,0,26,0.95,0.0674411045636364
"brier",2,0,26,0.96,0.0494927920272727
"brier",2,0,26,0.97,0.0309091548818182
"brier",2,0,26,0.98,0.0190909090954545
"brier",2,0,26,0.99,0.00818181818181818
"brier",2,0,26,0.995,0.00454545454545455
"brier",2,0,27,0.9,0.216624852081818
"brier",2,0,27,0.91,0.195302967304545
"brier",2,0,27,0.92,0.167774575540909
"brier",2,0,27,0.93,0.144715945981818
"brier",2,0,27,0.94,0.119860953481818
"brier",2,0,27,0.95,0.09655872635
"brier",2,0,27,0.96,0.0732957338727273
"brier",2,0,27,0.97,0.0561260577136364
"brier",2,0,27,0.98,0.0408279589727273
"brier",2,0,27,0.99,0.0320942416
"brier",2,0,27,0.995,0.0251156068
"brier",2,0,28,0.9,0.13342981775
"brier",2,0,28,0.91,0.123093853286364
"brier",2,0,28,0.92,0.109188441613636
"brier",2,0,28,0.93,0.0956329720818182
"brier",2,0,28,0.94,0.0861476193954546
"brier",2,0,28,0.95,0.07615786255
"brier",2,0,28,0.96,0.06744266735
"brier",2,0,28,0.97,0.0539023562545455
"brier",2,0,28,0.98,0.0415097505090909
"brier",2,0,28,0.99,0.0269159663318182
"brier",2,0,28,0.995,0.0169861072909091
"brier",2,0,29,0.9,0.156347409118182
"brier",2,0,29,0.91,0.140672812227273
"brier",2,0,29,0.92,0.128000985972727
"brier",2,0,29,0.93,0.11255384225
"brier",2,0,29,0.94,0.0990002564
"brier",2,0,29,0.95,0.0813430166954545
"brier",2,0,29,0.96,0.0657094762681818
"brier",2,0,29,0.97,0.0494810274409091
"brier",2,0,29,0.98,0.0373395990954545
"brier",2,0,29,0.99,0.0205947775181818
"brier",2,0,29,0.995,0.0102730899409091
"brier",2,0,30,0.9,0.140994523431818
"brier",2,0,30,0.91,0.123740749577273
"brier",2,0,30,0.92,0.104881833159091
"brier",2,0,30,0.93,0.0893197385863636
"brier",2,0,30,0.94,0.0733027916772727
"brier",2,0,30,0.95,0.0574228076181818
"brier",2,0,30,0.96,0.0434958844
"brier",2,0,30,0.97,0.0312671339227273
"brier",2,0,30,0.98,0.0202116497272727
"brier",2,0,30,0.99,0.00959053411363636
"brier",2,0,30,0.995,0.00273102880454545
"brier",2,0,31,0.9,0.173600536031818
"brier",2,0,31,0.91,0.165715423890909
"brier",2,0,31,0.92,0.153116118936364
"brier",2,0,31,0.93,0.139369426836364
"brier",2,0,31,0.94,0.125675659872727
"brier",2,0,31,0.95,0.112962736322727
"brier",2,0,31,0.96,0.0939409205954545
"brier",2,0,31,0.97,0.07696330605
"brier",2,0,31,0.98,0.0585780572863636
"brier",2,0,31,0.99,0.0402754792545455
"brier",2,0,31,0.995,0.0320446819454545
"brier",2,0,32,0.9,0.182892265845455
"brier",2,0,32,0.91,0.16709838795
"brier",2,0,32,0.92,0.149793090672727
"brier",2,0,32,0.93,0.1291597715
"brier",2,0,32,0.94,0.110818249795455
"brier",2,0,32,0.95,0.0925573460909091
"brier",2,0,32,0.96,0.0707778021409091
"brier",2,0,32,0.97,0.0438844879045455
"brier",2,0,32,0.98,0.0201151040818182
"brier",2,0,32,0.99,0.0109090911454545
"brier",2,0,32,0.995,0.00590909091363636
"brier",2,0,33,0.9,0.171847628931818
"brier",2,0,33,0.91,0.156699049613636
"brier",2,0,33,0.92,0.143783248031818
"brier",2,0,33,0.93,0.129775426122727
"brier",2,0,33,0.94,0.112441833068182
"brier",2,0,33,0.95,0.0921735753954546
"brier",2,0,33,0.96,0.0703490459272727
"brier",2,0,33,0.97,0.0497025165045455
"brier",2,0,33,0.98,0.0206174003590909
"brier",2,0,33,0.99,0.0104545454636364
"brier",2,0,33,0.995,0.005
"brier",2,0,34,0.9,0.147578832486364
"brier",2,0,34,0.91,0.139402919518182
"brier",2,0,34,0.92,0.130426240968182
"brier",2,0,34,0.93,0.123035470568182
"brier",2,0,34,0.94,0.110638862709091
"brier",2,0,34,0.95,0.0997722276090909
"brier",2,0,34,0.96,0.0848895652727273
"brier",2,0,34,0.97,0.0698312963090909
"brier",2,0,34,0.98,0.0512720862363636
"brier",2,0,34,0.99,0.0346902981136364
"brier",2,0,34,0.995,0.0214010592272727
"brier",2,0,35,0.9,0.165896332286364
"brier",2,0,35,0.91,0.153971483913636
"brier",2,0,35,0.92,0.143810338881818
"brier",2,0,35,0.93,0.130258454986364
"brier",2,0,35,0.94,0.120485277977273
"brier",2,0,35,0.95,0.100738989068182
"brier",2,0,35,0.96,0.0784298943954545
"brier",2,0,35,0.97,0.0561361144909091
"brier",2,0,35,0.98,0.0332343740545455
"brier",2,0,35,0.99,0.0189068097409091
"brier",2,0,35,0.995,0.0121865502136364
"brier",2,0,36,0.9,0.18467353905
"brier",2,0,36,0.91,0.169345866936364
"brier",2,0,36,0.92,0.152072962572727
"brier",2,0,36,0.93,0.136170962627273
"brier",2,0,36,0.94,0.118269187309091
"brier",2,0,36,0.95,0.100258548304545
"brier",2,0,36,0.96,0.0835290456772727
"brier",2,0,36,0.97,0.0696176250090909
"brier",2,0,36,0.98,0.0520045976772727
"brier",2,0,36,0.99,0.0369568300409091
"brier",2,0,36,0.995,0.0266144825818182
"brier",2,0,37,0.9,0.102320181622727
"brier",2,0,37,0.91,0.0920654728727273
"brier",2,0,37,0.92,0.0825311268909091
"brier",2,0,37,0.93,0.0693672876181818
"brier",2,0,37,0.94,0.05919370325
"brier",2,0,37,0.95,0.0500467340954545
"brier",2,0,37,0.96,0.0409241840818182
"brier",2,0,37,0.97,0.0304582057272727
"brier",2,0,37,0.98,0.02090940945
"brier",2,0,37,0.99,0.0109091023636364
"brier",2,0,37,0.995,0.00409090937727273
"brier",2,0,38,0.9,0.129355836568182
"brier",2,0,38,0.91,0.119699928404545
"brier",2,0,38,0.92,0.105069683118182
"brier",2,0,38,0.93,0.0930936104636364
"brier",2,0,38,0.94,0.0822335001181818
"brier",2,0,38,0.95,0.0683108473954546
"brier",2,0,38,0.96,0.0535782592909091
"brier",2,0,38,0.97,0.0400395618681818
"brier",2,0,38,0.98,0.02517343995
"brier",2,0,38,0.99,0.0127243903590909
"brier",2,0,38,0.995,0.00642505295
"brier",2,0,39,0.9,0.15078066355
"brier",2,0,39,0.91,0.133839403436364
"brier",2,0,39,0.92,0.118071204945455
"brier",2,0,39,0.93,0.103717076409091
"brier",2,0,39,0.94,0.0885298878590909
"brier",2,0,39,0.95,0.0716653886545455
"brier",2,0,39,0.96,0.0548402632045455
"brier",2,0,39,0.97,0.0409396041727273
"brier",2,0,39,0.98,0.0218908425090909
"brier",2,0,39,0.99,0.0126325118590909
"brier",2,0,39,0.995,0.00541889619090909
"brier",2,0,40,0.9,0.156522750072727
"brier",2,0,40,0.91,0.14203157175
"brier",2,0,40,0.92,0.129864517118182
"brier",2,0,40,0.93,0.117644664286364
"brier",2,0,40,0.94,0.0998143717363636
"brier",2,0,40,0.95,0.0858359822
"brier",2,0,40,0.96,0.0679947988454545
"brier",2,0,40,0.97,0.0526837356045455
"brier",2,0,40,0.98,0.0382142708045455
"brier",2,0,40,0.99,0.0210632594954545
"brier",2,0,40,0.995,0.0127286520454545
"brier",2,0,41,0.9,0.133608563718182
"brier",2,0,41,0.91,0.122714099486364
"brier",2,0,41,0.92,0.112471020740909
"brier",2,0,41,0.93,0.102367973477273
"brier",2,0,41,0.94,0.0915956458545455
"brier",2,0,41,0.95,0.07425127725
"brier",2,0,41,0.96,0.0592203725727273
"brier",2,0,41,0.97,0.0464151674318182
"brier",2,0,41,0.98,0.0271026231727273
"brier",2,0,41,0.99,0.00954545471363636
"brier",2,0,41,0.995,0.00363636363636364
"brier",2,0,42,0.9,0.118171651290909
"brier",2,0,42,0.91,0.104329648418182
"brier",2,0,42,0.92,0.0913196706818182
"brier",2,0,42,0.93,0.0767729487636364
"brier",2,0,42,0.94,0.0627795810363636
"brier",2,0,42,0.95,0.0515257662045455
"brier",2,0,42,0.96,0.0402072640909091
"brier",2,0,42,0.97,0.0290683163227273
"brier",2,0,42,0.98,0.0202070252545455
"brier",2,0,42,0.99,0.00819765670454545
"brier",2,0,42,0.995,0.00454995382727273
"brier",2,0,43,0.9,0.223598792909091
"brier",2,0,43,0.91,0.208833011668182
"brier",2,0,43,0.92,0.194729790477273
"brier",2,0,43,0.93,0.174676756254545
"brier",2,0,43,0.94,0.15484589975
"brier",2,0,43,0.95,0.136488058486364
"brier",2,0,43,0.96,0.117293283545455
"brier",2,0,43,0.97,0.0944806256045455
"brier",2,0,43,0.98,0.0684693638772727
"brier",2,0,43,0.99,0.0400167442409091
"brier",2,0,43,0.995,0.0215495087045455
"brier",2,0,44,0.9,0.202832972995455
"brier",2,0,44,0.91,0.192224021559091
"brier",2,0,44,0.92,0.182170443609091
"brier",2,0,44,0.93,0.173610986609091
"brier",2,0,44,0.94,0.162082065668182
"brier",2,0,44,0.95,0.151311857704545
"brier",2,0,44,0.96,0.131292472936364
"brier",2,0,44,0.97,0.107035230545455
"brier",2,0,44,0.98,0.0800604941636364
"brier",2,0,44,0.99,0.0441604647727273
"brier",2,0,44,0.995,0.0233623332090909
"brier",2,0,45,0.9,0.210201360190909
"brier",2,0,45,0.91,0.195275758745455
"brier",2,0,45,0.92,0.17480365865
"brier",2,0,45,0.93,0.155774363072727
"brier",2,0,45,0.94,0.131853469745455
"brier",2,0,45,0.95,0.110837065736364
"brier",2,0,45,0.96,0.0923826321045455
"brier",2,0,45,0.97,0.0773150701772727
"brier",2,0,45,0.98,0.0520292432636364
"brier",2,0,45,0.99,0.0239729982181818
"brier",2,0,45,0.995,0.0133805335727273
"brier",2,0,46,0.9,0.136544999063636
"brier",2,0,46,0.91,0.122381462031818
"brier",2,0,46,0.92,0.109058269940909
"brier",2,0,46,0.93,0.0953506377727273
"brier",2,0,46,0.94,0.0835270983954546
"brier",2,0,46,0.95,0.0690836617
"brier",2,0,46,0.96,0.0548840819045455
"brier",2,0,46,0.97,0.0397535388272727
"brier",2,0,46,0.98,0.0239019495636364
"brier",2,0,46,0.99,0.0105762167636364
"brier",2,0,46,0.995,0.00697671781363636
"brier",2,0,47,0.9,0.171849651136364
"brier",2,0,47,0.91,0.158043009713636
"brier",2,0,47,0.92,0.145470803695455
"brier",2,0,47,0.93,0.134171737213636
"brier",2,0,47,0.94,0.118925128418182
"brier",2,0,47,0.95,0.10058497885
"brier",2,0,47,0.96,0.0840079332318182
"brier",2,0,47,0.97,0.0633146123136364
"brier",2,0,47,0.98,0.0439157338181818
"brier",2,0,47,0.99,0.02149514255
"brier",2,0,47,0.995,0.0110300262545455
"brier",2,0,48,0.9,0.166830674372727
"brier",2,0,48,0.91,0.159959924595455
"brier",2,0,48,0.92,0.15350172285
"brier",2,0,48,0.93,0.143726382218182
"brier",2,0,48,0.94,0.127641983577273
"brier",2,0,48,0.95,0.109425102854545
"brier",2,0,48,0.96,0.0791989967181818
"brier",2,0,48,0.97,0.05220293565
"brier",2,0,48,0.98,0.0319303600772727
"brier",2,0,48,0.99,0.0141275571090909
"brier",2,0,48,0.995,0.00700886942727273
"brier",2,0,49,0.9,0.192061526586364
"brier",2,0,49,0.91,0.168102468068182
"brier",2,0,49,0.92,0.1451135766
"brier",2,0,49,0.93,0.119478971790909
"brier",2,0,49,0.94,0.0963378833045455
"brier",2,0,49,0.95,0.0740173386045455
"brier",2,0,49,0.96,0.0541213345045455
"brier",2,0,49,0.97,0.0342358120227273
"brier",2,0,49,0.98,0.02019607515
"brier",2,0,49,0.99,0.0101307263363636
"brier",2,0,49,0.995,0.00454694982727273
"brier",2,0,50,0.9,0.115194004154545
"brier",2,0,50,0.91,0.102863126586364
"brier",2,0,50,0.92,0.0909276864227273
"brier",2,0,50,0.93,0.0752800663
"brier",2,0,50,0.94,0.0615390570136364
"brier",2,0,50,0.95,0.0482144729227273
"brier",2,0,50,0.96,0.0404560102318182
"brier",2,0,50,0.97,0.0304545689909091
"brier",2,0,50,0.98,0.0209090910681818
"brier",2,0,50,0.99,0.0131818181818182
"brier",2,0,50,0.995,0.00727272727272727
"brier",3,0,1,0.9,0.136739467504545
"brier",3,0,1,0.91,0.124209110563636
"brier",3,0,1,0.92,0.109535032509091
"brier",3,0,1,0.93,0.0990867738545455
"brier",3,0,1,0.94,0.0889999257590909
"brier",3,0,1,0.95,0.0785227727181818
"brier",3,0,1,0.96,0.0684493198681818
"brier",3,0,1,0.97,0.0560763175636364
"brier",3,0,1,0.98,0.0402236837818182
"brier",3,0,1,0.99,0.0268466745045455
"brier",3,0,1,0.995,0.0187718521409091
"brier",3,0,2,0.9,0.17110672095
"brier",3,0,2,0.91,0.154109722609091
"brier",3,0,2,0.92,0.139553270586364
"brier",3,0,2,0.93,0.121761718577273
"brier",3,0,2,0.94,0.104284178345455
"brier",3,0,2,0.95,0.0907094346
"brier",3,0,2,0.96,0.0751928836
"brier",3,0,2,0.97,0.0579150645636364
"brier",3,0,2,0.98,0.0447910954090909
"brier",3,0,2,0.99,0.0249934441363636
"brier",3,0,2,0.995,0.0128580650772727
"brier",3,0,3,0.9,0.103172999459091
"brier",3,0,3,0.91,0.0908806608272727
"brier",3,0,3,0.92,0.07923496875
"brier",3,0,3,0.93,0.0706603196545455
"brier",3,0,3,0.94,0.0623945034772727
"brier",3,0,3,0.95,0.0486359175045455
"brier",3,0,3,0.96,0.0388640017409091
"brier",3,0,3,0.97,0.0312894317863636
"brier",3,0,3,0.98,0.0183868374181818
"brier",3,0,3,0.99,0.0117709915090909
"brier",3,0,3,0.995,0.00619814449545455
"brier",3,0,4,0.9,0.198255179590909
"brier",3,0,4,0.91,0.183925824013636
"brier",3,0,4,0.92,0.170249551445455
"brier",3,0,4,0.93,0.153609201763636
"brier",3,0,4,0.94,0.13520262245
"brier",3,0,4,0.95,0.114878634845455
"brier",3,0,4,0.96,0.0925810634318182
"brier",3,0,4,0.97,0.0740634435272727
"brier",3,0,4,0.98,0.05280078455
"brier",3,0,4,0.99,0.0309799490545455
"brier",3,0,4,0.995,0.0179192301318182
"brier",3,0,5,0.9,0.110559383763636
"brier",3,0,5,0.91,0.104924257936364
"brier",3,0,5,0.92,0.0985798500272727
"brier",3,0,5,0.93,0.0921014541272727
"brier",3,0,5,0.94,0.0839252160772727
"brier",3,0,5,0.95,0.0770539421863636
"brier",3,0,5,0.96,0.0692975819954545
"brier",3,0,5,0.97,0.0577100276409091
"brier",3,0,5,0.98,0.0379696997090909
"brier",3,0,5,0.99,0.0171433627545455
"brier",3,0,5,0.995,0.00807087133181818
"brier",3,0,6,0.9,0.142920568004545
"brier",3,0,6,0.91,0.129605722690909
"brier",3,0,6,0.92,0.115694862172727
"brier",3,0,6,0.93,0.103359784986364
"brier",3,0,6,0.94,0.0889562253863636
"brier",3,0,6,0.95,0.0762079044636364
"brier",3,0,6,0.96,0.0644610073818182
"brier",3,0,6,0.97,0.0527138583863636
"brier",3,0,6,0.98,0.0425707014045455
"brier",3,0,6,0.99,0.0285807734318182
"brier",3,0,6,0.995,0.0225239551454545
"brier",3,0,7,0.9,0.172132728204545
"brier",3,0,7,0.91,0.156149622127273
"brier",3,0,7,0.92,0.140470341522727
"brier",3,0,7,0.93,0.123170607327273
"brier",3,0,7,0.94,0.112265905213636
"brier",3,0,7,0.95,0.0977751984909091
"brier",3,0,7,0.96,0.0808565824181818
"brier",3,0,7,0.97,0.0661419642863636
"brier",3,0,7,0.98,0.0483958804363636
"brier",3,0,7,0.99,0.0322653886545455
"brier",3,0,7,0.995,0.0206964418318182
"brier",3,0,8,0.9,0.182161122886364
"brier",3,0,8,0.91,0.166706542977273
"brier",3,0,8,0.92,0.151338476113636
"brier",3,0,8,0.93,0.14146845295
"brier",3,0,8,0.94,0.128803230009091
"brier",3,0,8,0.95,0.114257900754545
"brier",3,0,8,0.96,0.0984747455545455
"brier",3,0,8,0.97,0.0853746306227273
"brier",3,0,8,0.98,0.0690334792681818
"brier",3,0,8,0.99,0.0529780468772727
"brier",3,0,8,0.995,0.0425223734181818
"brier",3,0,9,0.9,0.111365205586364
"brier",3,0,9,0.91,0.0980539169318182
"brier",3,0,9,0.92,0.0864695614590909
"brier",3,0,9,0.93,0.0738154455409091
"brier",3,0,9,0.94,0.0639532182
"brier",3,0,9,0.95,0.0532317421909091
"brier",3,0,9,0.96,0.0432995772772727
"brier",3,0,9,0.97,0.0335631392590909
"brier",3,0,9,0.98,0.0209221290772727
"brier",3,0,9,0.99,0.00863636697272727
"brier",3,0,9,0.995,0.00545454545909091
"brier",3,0,10,0.9,0.18347256755
"brier",3,0,10,0.91,0.169852008554545
"brier",3,0,10,0.92,0.157182678227273
"brier",3,0,10,0.93,0.141478882890909
"brier",3,0,10,0.94,0.124125666227273
"brier",3,0,10,0.95,0.104738062677273
"brier",3,0,10,0.96,0.0851149107
"brier",3,0,10,0.97,0.0685076688954546
"brier",3,0,10,0.98,0.0489125609181818
"brier",3,0,10,0.99,0.0350335540454545
"brier",3,0,10,0.995,0.0235022509454545
"brier",3,0,11,0.9,0.131195426495455
"brier",3,0,11,0.91,0.114852303459091
"brier",3,0,11,0.92,0.0987343469818182
"brier",3,0,11,0.93,0.0833064682318182
"brier",3,0,11,0.94,0.0691818213181818
"brier",3,0,11,0.95,0.0567486832590909
"brier",3,0,11,0.96,0.0451586905954545
"brier",3,0,11,0.97,0.0330394928954545
"brier",3,0,11,0.98,0.0237397516181818
"brier",3,0,11,0.99,0.0137124097636364
"brier",3,0,11,0.995,0.00704826515
"brier",3,0,12,0.9,0.147981988390909
"brier",3,0,12,0.91,0.135581124586364
"brier",3,0,12,0.92,0.123157479459091
"brier",3,0,12,0.93,0.112750910222727
"brier",3,0,12,0.94,0.1030173038
"brier",3,0,12,0.95,0.0950280393136364
"brier",3,0,12,0.96,0.0783061452045455
"brier",3,0,12,0.97,0.0565842731454545
"brier",3,0,12,0.98,0.0292541296363636
"brier",3,0,12,0.99,0.0108194912272727
"brier",3,0,12,0.995,0.00566467396363636
"brier",3,0,13,0.9,0.148665951545455
"brier",3,0,13,0.91,0.134775471518182
"brier",3,0,13,0.92,0.120500816354545
"brier",3,0,13,0.93,0.105715557781818
"brier",3,0,13,0.94,0.0943044116136364
"brier",3,0,13,0.95,0.0803485162636364
"brier",3,0,13,0.96,0.0664988509954546
"brier",3,0,13,0.97,0.05421168455
"brier",3,0,13,0.98,0.0429779026318182
"brier",3,0,13,0.99,0.0302408916590909
"brier",3,0,13,0.995,0.0215927941363636
"brier",3,0,14,0.9,0.206336662654545
"brier",3,0,14,0.91,0.193362094818182
"brier",3,0,14,0.92,0.180926106472727
"brier",3,0,14,0.93,0.164756131363636
"brier",3,0,14,0.94,0.148872861286364
"brier",3,0,14,0.95,0.125973568309091
"brier",3,0,14,0.96,0.103165186068182
"brier",3,0,14,0.97,0.0847687913636364
"brier",3,0,14,0.98,0.0652257987409091
"brier",3,0,14,0.99,0.0509361817727273
"brier",3,0,14,0.995,0.0423683865181818
"brier",3,0,15,0.9,0.167870411890909
"brier",3,0,15,0.91,0.140718374163636
"brier",3,0,15,0.92,0.114265451645455
"brier",3,0,15,0.93,0.0940005795227273
"brier",3,0,15,0.94,0.0733443494318182
"brier",3,0,15,0.95,0.0570245133545455
"brier",3,0,15,0.96,0.04505643415
"brier",3,0,15,0.97,0.0346897664909091
"brier",3,0,15,0.98,0.0339012448954545
"brier",3,0,15,0.99,0.0154628076636364
"brier",3,0,15,0.995,0.00795543690454545
"brier",3,0,16,0.9,0.220974176368182
"brier",3,0,16,0.91,0.210572444054545
"brier",3,0,16,0.92,0.194317306086364
"brier",3,0,16,0.93,0.176403926354545
"brier",3,0,16,0.94,0.1563276696
"brier",3,0,16,0.95,0.131767973086364
"brier",3,0,16,0.96,0.104287307859091
"brier",3,0,16,0.97,0.0794013116636364
"brier",3,0,16,0.98,0.0457650893818182
"brier",3,0,16,0.99,0.0217587897409091
"brier",3,0,16,0.995,0.0121419532363636
"brier",3,0,17,0.9,0.111069518304545
"brier",3,0,17,0.91,0.0961502714590909
"brier",3,0,17,0.92,0.0787558053818182
"brier",3,0,17,0.93,0.0619062344772727
"brier",3,0,17,0.94,0.0463138868363636
"brier",3,0,17,0.95,0.0349462037545455
"brier",3,0,17,0.96,0.0271476275727273
"brier",3,0,17,0.97,0.0292495660090909
"brier",3,0,17,0.98,0.0293590811454545
"brier",3,0,17,0.99,0.0230143580772727
"brier",3,0,17,0.995,0.00902635398181818
"brier",3,0,18,0.9,0.172532152118182
"brier",3,0,18,0.91,0.156613418577273
"brier",3,0,18,0.92,0.140151685913636
"brier",3,0,18,0.93,0.120911712077273
"brier",3,0,18,0.94,0.103978365727273
"brier",3,0,18,0.95,0.0891772259136364
"brier",3,0,18,0.96,0.0715844823181818
"brier",3,0,18,0.97,0.0528923295454545
"brier",3,0,18,0.98,0.0384109927909091
"brier",3,0,18,0.99,0.0192317064909091
"brier",3,0,18,0.995,0.0125392194681818
"brier",3,0,19,0.9,0.188125640822727
"brier",3,0,19,0.91,0.166998031827273
"brier",3,0,19,0.92,0.138513463427273
"brier",3,0,19,0.93,0.103984393813636
"brier",3,0,19,0.94,0.0750480500863636
"brier",3,0,19,0.95,0.0544713866954545
"brier",3,0,19,0.96,0.0399455733
"brier",3,0,19,0.97,0.0291316581136364
"brier",3,0,19,0.98,0.0209658014954545
"brier",3,0,19,0.99,0.0100009794090909
"brier",3,0,19,0.995,0.00500000757272727
"brier",3,0,20,0.9,0.0918879834681818
"brier",3,0,20,0.91,0.0806366023136364
"brier",3,0,20,0.92,0.0664313383045455
"brier",3,0,20,0.93,0.0540776953090909
"brier",3,0,20,0.94,0.0440370046681818
"brier",3,0,20,0.95,0.0323878505954545
"brier",3,0,20,0.96,0.0198088769772727
"brier",3,0,20,0.97,0.0120294725863636
"brier",3,0,20,0.98,0.00789558242727273
"brier",3,0,20,0.99,0.00406523446818182
"brier",3,0,20,0.995,0.00464297677272727
"brier",3,0,21,0.9,0.144889351440909
"brier",3,0,21,0.91,0.126850427768182
"brier",3,0,21,0.92,0.108051141072727
"brier",3,0,21,0.93,0.0932692251545455
"brier",3,0,21,0.94,0.0766378934545455
"brier",3,0,21,0.95,0.0604517612272727
"brier",3,0,21,0.96,0.0431225421636364
"brier",3,0,21,0.97,0.0290835916181818
"brier",3,0,21,0.98,0.0165601101409091
"brier",3,0,21,0.99,0.00920426767272727
"brier",3,0,21,0.995,0.00184149446363636
"brier",3,0,22,0.9,0.174512651354545
"brier",3,0,22,0.91,0.160404698113636
"brier",3,0,22,0.92,0.141487251477273
"brier",3,0,22,0.93,0.110297459795455
"brier",3,0,22,0.94,0.0744213204818182
"brier",3,0,22,0.95,0.0423076714954545
"brier",3,0,22,0.96,0.0349310707681818
"brier",3,0,22,0.97,0.0299132659863636
"brier",3,0,22,0.98,0.0222719719909091
"brier",3,0,22,0.99,0.00909090912272727
"brier",3,0,22,0.995,0.005
"brier",3,0,23,0.9,0.101281027013636
"brier",3,0,23,0.91,0.0945169837136364
"brier",3,0,23,0.92,0.0862681343772727
"brier",3,0,23,0.93,0.0782335192
"brier",3,0,23,0.94,0.0667698157090909
"brier",3,0,23,0.95,0.0578512989909091
"brier",3,0,23,0.96,0.0436049107863636
"brier",3,0,23,0.97,0.0310236515272727
"brier",3,0,23,0.98,0.0223504629681818
"brier",3,0,23,0.99,0.0105263582363636
"brier",3,0,23,0.995,0.00546759915454545
"brier",3,0,24,0.9,0.207203462245455
"brier",3,0,24,0.91,0.195798845104545
"brier",3,0,24,0.92,0.183234865681818
"brier",3,0,24,0.93,0.168886234940909
"brier",3,0,24,0.94,0.150450188590909
"brier",3,0,24,0.95,0.132652612463636
"brier",3,0,24,0.96,0.116392468936364
"brier",3,0,24,0.97,0.09610037465
"brier",3,0,24,0.98,0.0661936667772727
"brier",3,0,24,0.99,0.0354021470818182
"brier",3,0,24,0.995,0.0224140830954545
"brier",3,0,25,0.9,0.154054674495455
"brier",3,0,25,0.91,0.141082434827273
"brier",3,0,25,0.92,0.124508969286364
"brier",3,0,25,0.93,0.109096670431818
"brier",3,0,25,0.94,0.0968586706818182
"brier",3,0,25,0.95,0.0835692084954545
"brier",3,0,25,0.96,0.0706272227181818
"brier",3,0,25,0.97,0.0574142181954545
"brier",3,0,25,0.98,0.0428549522409091
"brier",3,0,25,0.99,0.0263995725181818
"brier",3,0,25,0.995,0.0134131192090909
"brier",3,0,26,0.9,0.169628171518182
"brier",3,0,26,0.91,0.150527022159091
"brier",3,0,26,0.92,0.13238576295
"brier",3,0,26,0.93,0.107855080145455
"brier",3,0,26,0.94,0.0823895699909091
"brier",3,0,26,0.95,0.0670314543045454
"brier",3,0,26,0.96,0.0489538443772727
"brier",3,0,26,0.97,0.0309091905636364
"brier",3,0,26,0.98,0.0190909091045455
"brier",3,0,26,0.99,0.00818181818181818
"brier",3,0,26,0.995,0.00454545454545455
"brier",3,0,27,0.9,0.214751995872727
"brier",3,0,27,0.91,0.193958523204545
"brier",3,0,27,0.92,0.166806736613636
"brier",3,0,27,0.93,0.144131321768182
"brier",3,0,27,0.94,0.119694487640909
"brier",3,0,27,0.95,0.0966712535363636
"brier",3,0,27,0.96,0.0734361138181818
"brier",3,0,27,0.97,0.0562282601909091
"brier",3,0,27,0.98,0.0408126168227273
"brier",3,0,27,0.99,0.0319293622727273
"brier",3,0,27,0.995,0.0247954946363636
"brier",3,0,28,0.9,0.133825253595455
"brier",3,0,28,0.91,0.123443684481818
"brier",3,0,28,0.92,0.109500926177273
"brier",3,0,28,0.93,0.0959338301454545
"brier",3,0,28,0.94,0.0864479159454545
"brier",3,0,28,0.95,0.0764690973
"brier",3,0,28,0.96,0.0676674365181818
"brier",3,0,28,0.97,0.0539889193954545
"brier",3,0,28,0.98,0.0414316697
"brier",3,0,28,0.99,0.0265778441363636
"brier",3,0,28,0.995,0.0165900695727273
"brier",3,0,29,0.9,0.155778754136364
"brier",3,0,29,0.91,0.140107203090909
"brier",3,0,29,0.92,0.127535228372727
"brier",3,0,29,0.93,0.112233904613636
"brier",3,0,29,0.94,0.0988749159909091
"brier",3,0,29,0.95,0.0812785746227273
"brier",3,0,29,0.96,0.0656102046590909
"brier",3,0,29,0.97,0.0491620462409091
"brier",3,0,29,0.98,0.0363680014636364
"brier",3,0,29,0.99,0.0196923419363636
"brier",3,0,29,0.995,0.00992330311818182
"brier",3,0,30,0.9,0.140410346618182
"brier",3,0,30,0.91,0.123331619713636
"brier",3,0,30,0.92,0.104515719368182
"brier",3,0,30,0.93,0.0891239225045455
"brier",3,0,30,0.94,0.0732806191636364
"brier",3,0,30,0.95,0.0574395946045455
"brier",3,0,30,0.96,0.0435817792545455
"brier",3,0,30,0.97,0.0313239540727273
"brier",3,0,30,0.98,0.0202538933727273
"brier",3,0,30,0.99,0.00960793872272727
"brier",3,0,30,0.995,0.00273398816818182
"brier",3,0,31,0.9,0.173049498445455
"brier",3,0,31,0.91,0.165423328618182
"brier",3,0,31,0.92,0.152963429004545
"brier",3,0,31,0.93,0.139259471863636
"brier",3,0,31,0.94,0.125609408945455
"brier",3,0,31,0.95,0.113117228054545
"brier",3,0,31,0.96,0.0941979492136364
"brier",3,0,31,0.97,0.0771949954
"brier",3,0,31,0.98,0.0586318253636364
"brier",3,0,31,0.99,0.0400761307454545
"brier",3,0,31,0.995,0.0316853473727273
"brier",3,0,32,0.9,0.181059183736364
"brier",3,0,32,0.91,0.165580503254545
"brier",3,0,32,0.92,0.148562757263636
"brier",3,0,32,0.93,0.128071682795455
"brier",3,0,32,0.94,0.109621634436364
"brier",3,0,32,0.95,0.0912106868045455
"brier",3,0,32,0.96,0.0694593956454545
"brier",3,0,32,0.97,0.0433266894409091
"brier",3,0,32,0.98,0.0201157756636364
"brier",3,0,32,0.99,0.0109090918318182
"brier",3,0,32,0.995,0.00590909093181818
"brier",3,0,33,0.9,0.170763552731818
"brier",3,0,33,0.91,0.155749757527273
"brier",3,0,33,0.92,0.142978356113636
"brier",3,0,33,0.93,0.129139315659091
"brier",3,0,33,0.94,0.111823843845455
"brier",3,0,33,0.95,0.0916724554727273
"brier",3,0,33,0.96,0.0700688504590909
"brier",3,0,33,0.97,0.0497097103590909
"brier",3,0,33,0.98,0.0206702996409091
"brier",3,0,33,0.99,0.0104545455363636
"brier",3,0,33,0.995,0.005
"brier",3,0,34,0.9,0.147370289868182
"brier",3,0,34,0.91,0.139243854668182
"brier",3,0,34,0.92,0.130259254659091
"brier",3,0,34,0.93,0.122927186409091
"brier",3,0,34,0.94,0.110445017463636
"brier",3,0,34,0.95,0.0995590688636364
"brier",3,0,34,0.96,0.0844867156772727
"brier",3,0,34,0.97,0.0691990034590909
"brier",3,0,34,0.98,0.0502441576090909
"brier",3,0,34,0.99,0.0335500149863636
"brier",3,0,34,0.995,0.0204955185
"brier",3,0,35,0.9,0.16454011725
"brier",3,0,35,0.91,0.152705793090909
"brier",3,0,35,0.92,0.142442482822727
"brier",3,0,35,0.93,0.12894545635
"brier",3,0,35,0.94,0.119067584895455
"brier",3,0,35,0.95,0.0992323774909091
"brier",3,0,35,0.96,0.07707649465
"brier",3,0,35,0.97,0.0553511674363636
"brier",3,0,35,0.98,0.0330384493
"brier",3,0,35,0.99,0.0188858757863636
"brier",3,0,35,0.995,0.0121034492363636
"brier",3,0,36,0.9,0.183776282013636
"brier",3,0,36,0.91,0.168538804986364
"brier",3,0,36,0.92,0.151406696454545
"brier",3,0,36,0.93,0.135649811059091
"brier",3,0,36,0.94,0.117801611713636
"brier",3,0,36,0.95,0.0998379494909091
"brier",3,0,36,0.96,0.0830520349863636
"brier",3,0,36,0.97,0.0690966020772727
"brier",3,0,36,0.98,0.0514866783545455
"brier",3,0,36,0.99,0.0364482579454545
"brier",3,0,36,0.995,0.0261783844954545
"brier",3,0,37,0.9,0.102131391168182
"brier",3,0,37,0.91,0.0919169031863636
"brier",3,0,37,0.92,0.0824802254227273
"brier",3,0,37,0.93,0.0693559658227273
"brier",3,0,37,0.94,0.0591937367727273
"brier",3,0,37,0.95,0.0500452052454545
"brier",3,0,37,0.96,0.0409221880681818
"brier",3,0,37,0.97,0.0304570692318182
"brier",3,0,37,0.98,0.0209092121681818
"brier",3,0,37,0.99,0.0109090925363636
"brier",3,0,37,0.995,0.00409090911363636
"brier",3,0,38,0.9,0.128757371368182
"brier",3,0,38,0.91,0.119215665268182
"brier",3,0,38,0.92,0.104614709122727
"brier",3,0,38,0.93,0.0925532366045455
"brier",3,0,38,0.94,0.0817901098409091
"brier",3,0,38,0.95,0.0681199765318182
"brier",3,0,38,0.96,0.0536470404454545
"brier",3,0,38,0.97,0.0403083374727273
"brier",3,0,38,0.98,0.0254607655863636
"brier",3,0,38,0.99,0.0128360090545455
"brier",3,0,38,0.995,0.00645268976363636
"brier",3,0,39,0.9,0.149967701727273
"brier",3,0,39,0.91,0.133134114263636
"brier",3,0,39,0.92,0.117360901840909
"brier",3,0,39,0.93,0.103126259322727
"brier",3,0,39,0.94,0.0881712226590909
"brier",3,0,39,0.95,0.0715266984318182
"brier",3,0,39,0.96,0.0549845874272727
"brier",3,0,39,0.97,0.0412231071
"brier",3,0,39,0.98,0.0223189467272727
"brier",3,0,39,0.99,0.0129660201136364
"brier",3,0,39,0.995,0.00560217205909091
"brier",3,0,40,0.9,0.15398118025
"brier",3,0,40,0.91,0.139752650727273
"brier",3,0,40,0.92,0.127759145786364
"brier",3,0,40,0.93,0.1156573151
"brier",3,0,40,0.94,0.0980023171545455
"brier",3,0,40,0.95,0.0841898051545455
"brier",3,0,40,0.96,0.0665863645409091
"brier",3,0,40,0.97,0.0516636002954545
"brier",3,0,40,0.98,0.0375141995090909
"brier",3,0,40,0.99,0.0207132214318182
"brier",3,0,40,0.995,0.0125138570227273
"brier",3,0,41,0.9,0.133831638859091
"brier",3,0,41,0.91,0.122838012336364
"brier",3,0,41,0.92,0.112324264372727
"brier",3,0,41,0.93,0.101929770690909
"brier",3,0,41,0.94,0.0911001596045455
"brier",3,0,41,0.95,0.0739928713409091
"brier",3,0,41,0.96,0.0590337102727273
"brier",3,0,41,0.97,0.0459630942090909
"brier",3,0,41,0.98,0.0270336690772727
"brier",3,0,41,0.99,0.00954545715454545
"brier",3,0,41,0.995,0.00363636363636364
"brier",3,0,42,0.9,0.117588646113636
"brier",3,0,42,0.91,0.1036942731
"brier",3,0,42,0.92,0.0907289608181818
"brier",3,0,42,0.93,0.0763149785318182
"brier",3,0,42,0.94,0.0624955764545455
"brier",3,0,42,0.95,0.0514003750681818
"brier",3,0,42,0.96,0.0402407698909091
"brier",3,0,42,0.97,0.0291647539090909
"brier",3,0,42,0.98,0.0202857772136364
"brier",3,0,42,0.99,0.00822092308181818
"brier",3,0,42,0.995,0.00455402867727273
"brier",3,0,43,0.9,0.221806888868182
"brier",3,0,43,0.91,0.207439881322727
"brier",3,0,43,0.92,0.19362039185
"brier",3,0,43,0.93,0.173923666759091
"brier",3,0,43,0.94,0.154066163759091
"brier",3,0,43,0.95,0.135658848322727
"brier",3,0,43,0.96,0.116340242936364
"brier",3,0,43,0.97,0.0933606853636364
"brier",3,0,43,0.98,0.0670278080954545
"brier",3,0,43,0.99,0.0390989347590909
"brier",3,0,43,0.995,0.0214149190045455
"brier",3,0,44,0.9,0.202901860318182
"brier",3,0,44,0.91,0.191558669890909
"brier",3,0,44,0.92,0.180753513695455
"brier",3,0,44,0.93,0.171769173263636
"brier",3,0,44,0.94,0.160167882645455
"brier",3,0,44,0.95,0.149671317145455
"brier",3,0,44,0.96,0.129932141872727
"brier",3,0,44,0.97,0.106543558386364
"brier",3,0,44,0.98,0.0796414532090909
"brier",3,0,44,0.99,0.0435026632772727
"brier",3,0,44,0.995,0.0228118551363636
"brier",3,0,45,0.9,0.210258663486364
"brier",3,0,45,0.91,0.195139040272727
"brier",3,0,45,0.92,0.174391217736364
"brier",3,0,45,0.93,0.155288231095455
"brier",3,0,45,0.94,0.13134692915
"brier",3,0,45,0.95,0.110291705359091
"brier",3,0,45,0.96,0.0916750292272727
"brier",3,0,45,0.97,0.0765358994090909
"brier",3,0,45,0.98,0.0511922395
"brier",3,0,45,0.99,0.0235165647863636
"brier",3,0,45,0.995,0.0131415124181818
"brier",3,0,46,0.9,0.134854530795455
"brier",3,0,46,0.91,0.120866732309091
"brier",3,0,46,0.92,0.107742492745455
"brier",3,0,46,0.93,0.0943397256181818
"brier",3,0,46,0.94,0.0828348348181818
"brier",3,0,46,0.95,0.0686662413409091
"brier",3,0,46,0.96,0.0546173913818182
"brier",3,0,46,0.97,0.0395822989909091
"brier",3,0,46,0.98,0.0237917052363636
"brier",3,0,46,0.99,0.0104976860909091
"brier",3,0,46,0.995,0.00691458821818182
"brier",3,0,47,0.9,0.170693020181818
"brier",3,0,47,0.91,0.157235195940909
"brier",3,0,47,0.92,0.144936705127273
"brier",3,0,47,0.93,0.133854442536364
"brier",3,0,47,0.94,0.118823884031818
"brier",3,0,47,0.95,0.10044294505
"brier",3,0,47,0.96,0.0838452272181818
"brier",3,0,47,0.97,0.0631733560681818
"brier",3,0,47,0.98,0.0438400997136364
"brier",3,0,47,0.99,0.0216629223045455
"brier",3,0,47,0.995,0.0113413611727273
"brier",3,0,48,0.9,0.165397628131818
"brier",3,0,48,0.91,0.158604617690909
"brier",3,0,48,0.92,0.152172114613636
"brier",3,0,48,0.93,0.142345604081818
"brier",3,0,48,0.94,0.126263755740909
"brier",3,0,48,0.95,0.108280632568182
"brier",3,0,48,0.96,0.0785893418181818
"brier",3,0,48,0.97,0.0519789767772727
"brier",3,0,48,0.98,0.0317396703636364
"brier",3,0,48,0.99,0.0140866072454545
"brier",3,0,48,0.995,0.00699382059545455
"brier",3,0,49,0.9,0.191327724159091
"brier",3,0,49,0.91,0.167507044954545
"brier",3,0,49,0.92,0.144497171840909
"brier",3,0,49,0.93,0.118796068640909
"brier",3,0,49,0.94,0.0958953915
"brier",3,0,49,0.95,0.0737618265272727
"brier",3,0,49,0.96,0.0540555170181818
"brier",3,0,49,0.97,0.0342512850909091
"brier",3,0,49,0.98,0.0201860487909091
"brier",3,0,49,0.99,0.0101144197863636
"brier",3,0,49,0.995,0.00454683001363636
"brier",3,0,50,0.9,0.114636561840909
"brier",3,0,50,0.91,0.102313843936364
"brier",3,0,50,0.92,0.0903981129909091
"brier",3,0,50,0.93,0.0749746460318182
"brier",3,0,50,0.94,0.0615366967227273
"brier",3,0,50,0.95,0.0482184693590909
"brier",3,0,50,0.96,0.0404563359454545
"brier",3,0,50,0.97,0.0304545813863636
"brier",3,0,50,0.98,0.0209090911772727
"brier",3,0,50,0.99,0.0131818181909091
"brier",3,0,50,0.995,0.00727272727272727
"brier",4,0,1,0.9,0.1370932229
"brier",4,0,1,0.91,0.124633928186364
"brier",4,0,1,0.92,0.109917034004545
"brier",4,0,1,0.93,0.0994226818681818
"brier",4,0,1,0.94,0.08933042135
"brier",4,0,1,0.95,0.0787836634909091
"brier",4,0,1,0.96,0.0687362248363636
"brier",4,0,1,0.97,0.0563614199545455
"brier",4,0,1,0.98,0.0405797081954545
"brier",4,0,1,0.99,0.0272293612409091
"brier",4,0,1,0.995,0.0191615892
"brier",4,0,2,0.9,0.170928052618182
"brier",4,0,2,0.91,0.154001881068182
"brier",4,0,2,0.92,0.139544712418182
"brier",4,0,2,0.93,0.121791883845455
"brier",4,0,2,0.94,0.104328822518182
"brier",4,0,2,0.95,0.0907097949636364
"brier",4,0,2,0.96,0.0750602412772727
"brier",4,0,2,0.97,0.0576743839863636
"brier",4,0,2,0.98,0.0445687389272727
"brier",4,0,2,0.99,0.0248560136136364
"brier",4,0,2,0.995,0.0127974284363636
"brier",4,0,3,0.9,0.103129263995455
"brier",4,0,3,0.91,0.0907740818681818
"brier",4,0,3,0.92,0.0793347642409091
"brier",4,0,3,0.93,0.0707660828772727
"brier",4,0,3,0.94,0.06236612895
"brier",4,0,3,0.95,0.0485929580272727
"brier",4,0,3,0.96,0.0388349229363636
"brier",4,0,3,0.97,0.0312300469727273
"brier",4,0,3,0.98,0.0183355346
"brier",4,0,3,0.99,0.0117355511863636
"brier",4,0,3,0.995,0.00619931310454545
"brier",4,0,4,0.9,0.198145095277273
"brier",4,0,4,0.91,0.183845869490909
"brier",4,0,4,0.92,0.170231390572727
"brier",4,0,4,0.93,0.153708222213636
"brier",4,0,4,0.94,0.135330086454545
"brier",4,0,4,0.95,0.115078816313636
"brier",4,0,4,0.96,0.0927402292
"brier",4,0,4,0.97,0.0742012835227273
"brier",4,0,4,0.98,0.0528527308318182
"brier",4,0,4,0.99,0.0311154027136364
"brier",4,0,4,0.995,0.0180223434090909
"brier",4,0,5,0.9,0.111186878104545
"brier",4,0,5,0.91,0.105127027459091
"brier",4,0,5,0.92,0.0985491154909091
"brier",4,0,5,0.93,0.0921546901772727
"brier",4,0,5,0.94,0.0842093288090909
"brier",4,0,5,0.95,0.0777923995409091
"brier",4,0,5,0.96,0.0709358300863636
"brier",4,0,5,0.97,0.0597701934636364
"brier",4,0,5,0.98,0.0397958358954545
"brier",4,0,5,0.99,0.0181604782454545
"brier",4,0,5,0.995,0.00856101547727273
"brier",4,0,6,0.9,0.142327476822727
"brier",4,0,6,0.91,0.129068867681818
"brier",4,0,6,0.92,0.115067271759091
"brier",4,0,6,0.93,0.102695010581818
"brier",4,0,6,0.94,0.0883440017818182
"brier",4,0,6,0.95,0.0756794533909091
"brier",4,0,6,0.96,0.0639621172590909
"brier",4,0,6,0.97,0.0522105638090909
"brier",4,0,6,0.98,0.0420640130363636
"brier",4,0,6,0.99,0.0282154851727273
"brier",4,0,6,0.995,0.0223934731681818
"brier",4,0,7,0.9,0.171157124527273
"brier",4,0,7,0.91,0.155638097063636
"brier",4,0,7,0.92,0.140330281609091
"brier",4,0,7,0.93,0.123103946768182
"brier",4,0,7,0.94,0.112126255518182
"brier",4,0,7,0.95,0.0974763011409091
"brier",4,0,7,0.96,0.0804786040818182
"brier",4,0,7,0.97,0.065851256
"brier",4,0,7,0.98,0.048385928
"brier",4,0,7,0.99,0.0326707456909091
"brier",4,0,7,0.995,0.0212061637909091
"brier",4,0,8,0.9,0.187150383981818
"brier",4,0,8,0.91,0.170870120386364
"brier",4,0,8,0.92,0.154836025122727
"brier",4,0,8,0.93,0.144651711086364
"brier",4,0,8,0.94,0.131499123213636
"brier",4,0,8,0.95,0.116709703704545
"brier",4,0,8,0.96,0.100644484436364
"brier",4,0,8,0.97,0.0870886487454545
"brier",4,0,8,0.98,0.0701439440181818
"brier",4,0,8,0.99,0.0535439422909091
"brier",4,0,8,0.995,0.0427070315727273
"brier",4,0,9,0.9,0.111512678854545
"brier",4,0,9,0.91,0.0982717803409091
"brier",4,0,9,0.92,0.0867647143181818
"brier",4,0,9,0.93,0.0741466464136364
"brier",4,0,9,0.94,0.0642422838045455
"brier",4,0,9,0.95,0.0534529242045455
"brier",4,0,9,0.96,0.0434811600818182
"brier",4,0,9,0.97,0.0337311972954545
"brier",4,0,9,0.98,0.0209645615090909
"brier",4,0,9,0.99,0.00863664715454546
"brier",4,0,9,0.995,0.00545455246818182
"brier",4,0,10,0.9,0.188873169804545
"brier",4,0,10,0.91,0.174720214836364
"brier",4,0,10,0.92,0.161703647195455
"brier",4,0,10,0.93,0.145491211763636
"brier",4,0,10,0.94,0.127319182281818
"brier",4,0,10,0.95,0.107363016059091
"brier",4,0,10,0.96,0.0872516268409091
"brier",4,0,10,0.97,0.0710441197363636
"brier",4,0,10,0.98,0.0509684235727273
"brier",4,0,10,0.99,0.0365177251681818
"brier",4,0,10,0.995,0.0246294980863636
"brier",4,0,11,0.9,0.131657597127273
"brier",4,0,11,0.91,0.115010522627273
"brier",4,0,11,0.92,0.0988322923681818
"brier",4,0,11,0.93,0.0834632038318182
"brier",4,0,11,0.94,0.0693021119590909
"brier",4,0,11,0.95,0.0568210192045455
"brier",4,0,11,0.96,0.0452167577181818
"brier",4,0,11,0.97,0.03317007165
"brier",4,0,11,0.98,0.0239109157181818
"brier",4,0,11,0.99,0.01381565085
"brier",4,0,11,0.995,0.00711128478636364
"brier",4,0,12,0.9,0.148053750827273
"brier",4,0,12,0.91,0.135466328959091
"brier",4,0,12,0.92,0.122970073186364
"brier",4,0,12,0.93,0.112605153863636
"brier",4,0,12,0.94,0.1028260483
"brier",4,0,12,0.95,0.0944996333545455
"brier",4,0,12,0.96,0.0775404564045455
"brier",4,0,12,0.97,0.0560126588363636
"brier",4,0,12,0.98,0.0290076294363636
"brier",4,0,12,0.99,0.0107057637090909
"brier",4,0,12,0.995,0.00562605477727273
"brier",4,0,13,0.9,0.147688141840909
"brier",4,0,13,0.91,0.13400805035
"brier",4,0,13,0.92,0.119947744459091
"brier",4,0,13,0.93,0.105517762659091
"brier",4,0,13,0.94,0.0943413500454545
"brier",4,0,13,0.95,0.0804960016227273
"brier",4,0,13,0.96,0.0667655659772727
"brier",4,0,13,0.97,0.0545133571272727
"brier",4,0,13,0.98,0.0432974593954545
"brier",4,0,13,0.99,0.0306125509636364
"brier",4,0,13,0.995,0.0220277969727273
"brier",4,0,14,0.9,0.206225880281818
"brier",4,0,14,0.91,0.192679769931818
"brier",4,0,14,0.92,0.179567340863636
"brier",4,0,14,0.93,0.16319581915
"brier",4,0,14,0.94,0.147071678768182
"brier",4,0,14,0.95,0.124391644036364
"brier",4,0,14,0.96,0.102057483127273
"brier",4,0,14,0.97,0.0841765446863636
"brier",4,0,14,0.98,0.0649906861318182
"brier",4,0,14,0.99,0.0509683212318182
"brier",4,0,14,0.995,0.0425555196272727
"brier",4,0,15,0.9,0.168734042354545
"brier",4,0,15,0.91,0.141988075545455
"brier",4,0,15,0.92,0.115655323436364
"brier",4,0,15,0.93,0.0953732501454545
"brier",4,0,15,0.94,0.0744644618
"brier",4,0,15,0.95,0.05806192175
"brier",4,0,15,0.96,0.0458831769181818
"brier",4,0,15,0.97,0.0351495295818182
"brier",4,0,15,0.98,0.0349964635181818
"brier",4,0,15,0.99,0.0165647100681818
"brier",4,0,15,0.995,0.00857103795
"brier",4,0,16,0.9,0.225210517268182
"brier",4,0,16,0.91,0.21408588515
"brier",4,0,16,0.92,0.197081784995455
"brier",4,0,16,0.93,0.17832578475
"brier",4,0,16,0.94,0.15821022935
"brier",4,0,16,0.95,0.133302622127273
"brier",4,0,16,0.96,0.105174499563636
"brier",4,0,16,0.97,0.0799568475409091
"brier",4,0,16,0.98,0.0461428918636364
"brier",4,0,16,0.99,0.0221384822454545
"brier",4,0,16,0.995,0.0124431709090909
"brier",4,0,17,0.9,0.11011034635
"brier",4,0,17,0.91,0.0954901328863636
"brier",4,0,17,0.92,0.0784006498636364
"brier",4,0,17,0.93,0.0618094423863636
"brier",4,0,17,0.94,0.0463144297136364
"brier",4,0,17,0.95,0.0350505229
"brier",4,0,17,0.96,0.0273165363363636
"brier",4,0,17,0.97,0.0293705689136364
"brier",4,0,17,0.98,0.0296142353727273
"brier",4,0,17,0.99,0.0233519041772727
"brier",4,0,17,0.995,0.00890930335909091
"brier",4,0,18,0.9,0.171843130536364
"brier",4,0,18,0.91,0.156188832227273
"brier",4,0,18,0.92,0.140026737477273
"brier",4,0,18,0.93,0.121140259877273
"brier",4,0,18,0.94,0.104294287763636
"brier",4,0,18,0.95,0.0894861645045455
"brier",4,0,18,0.96,0.0718649573727273
"brier",4,0,18,0.97,0.05316484655
"brier",4,0,18,0.98,0.0389175530181818
"brier",4,0,18,0.99,0.0197889904681818
"brier",4,0,18,0.995,0.0130773619636364
"brier",4,0,19,0.9,0.188175975859091
"brier",4,0,19,0.91,0.167141277427273
"brier",4,0,19,0.92,0.138994807195455
"brier",4,0,19,0.93,0.105022206581818
"brier",4,0,19,0.94,0.07578412535
"brier",4,0,19,0.95,0.0546452495136364
"brier",4,0,19,0.96,0.0397575142181818
"brier",4,0,19,0.97,0.0290372457772727
"brier",4,0,19,0.98,0.0209432026863636
"brier",4,0,19,0.99,0.0100002373181818
"brier",4,0,19,0.995,0.00500000453181818
"brier",4,0,20,0.9,0.0923086805045455
"brier",4,0,20,0.91,0.0810913150272727
"brier",4,0,20,0.92,0.0668365399727273
"brier",4,0,20,0.93,0.0544549690727273
"brier",4,0,20,0.94,0.0443850613
"brier",4,0,20,0.95,0.0326946321772727
"brier",4,0,20,0.96,0.0200468994136364
"brier",4,0,20,0.97,0.0121744027863636
"brier",4,0,20,0.98,0.00803728765909091
"brier",4,0,20,0.99,0.00409545771818182
"brier",4,0,20,0.995,0.00481525606363636
"brier",4,0,21,0.9,0.1460769026
"brier",4,0,21,0.91,0.1279479624
"brier",4,0,21,0.92,0.109335989463636
"brier",4,0,21,0.93,0.0946632517590909
"brier",4,0,21,0.94,0.07808959515
"brier",4,0,21,0.95,0.0618490206045455
"brier",4,0,21,0.96,0.0443142775363636
"brier",4,0,21,0.97,0.0298706465227273
"brier",4,0,21,0.98,0.0169249875681818
"brier",4,0,21,0.99,0.00930809054090909
"brier",4,0,21,0.995,0.00187116473636364
"brier",4,0,22,0.9,0.177401890177273
"brier",4,0,22,0.91,0.161710828413636
"brier",4,0,22,0.92,0.141633192663636
"brier",4,0,22,0.93,0.109316997381818
"brier",4,0,22,0.94,0.0741459415136364
"brier",4,0,22,0.95,0.0428797193
"brier",4,0,22,0.96,0.0349112195181818
"brier",4,0,22,0.97,0.0298098545090909
"brier",4,0,22,0.98,0.0222641465
"brier",4,0,22,0.99,0.00909093080909091
"brier",4,0,22,0.995,0.00500000299545455
"brier",4,0,23,0.9,0.103057524322727
"brier",4,0,23,0.91,0.0960311966363636
"brier",4,0,23,0.92,0.0875597994318182
"brier",4,0,23,0.93,0.0789533421272727
"brier",4,0,23,0.94,0.0671959476
"brier",4,0,23,0.95,0.0580315388590909
"brier",4,0,23,0.96,0.04352775455
"brier",4,0,23,0.97,0.0310835895954545
"brier",4,0,23,0.98,0.0224197223318182
"brier",4,0,23,0.99,0.01054895905
"brier",4,0,23,0.995,0.00547399832272727
"brier",4,0,24,0.9,0.209470991059091
"brier",4,0,24,0.91,0.197834125336364
"brier",4,0,24,0.92,0.185314486159091
"brier",4,0,24,0.93,0.170499343018182
"brier",4,0,24,0.94,0.151544389063636
"brier",4,0,24,0.95,0.133138788509091
"brier",4,0,24,0.96,0.116635296018182
"brier",4,0,24,0.97,0.0961387565681818
"brier",4,0,24,0.98,0.0662244343636364
"brier",4,0,24,0.99,0.0360119393772727
"brier",4,0,24,0.995,0.0233526521409091
"brier",4,0,25,0.9,0.155753328781818
"brier",4,0,25,0.91,0.142861484609091
"brier",4,0,25,0.92,0.126159924772727
"brier",4,0,25,0.93,0.110617003590909
"brier",4,0,25,0.94,0.0982451642727273
"brier",4,0,25,0.95,0.0848344063
"brier",4,0,25,0.96,0.0719117703590909
"brier",4,0,25,0.97,0.0585002898454545
"brier",4,0,25,0.98,0.0434383371454545
"brier",4,0,25,0.99,0.0263379663272727
"brier",4,0,25,0.995,0.0134540876409091
"brier",4,0,26,0.9,0.170392237709091
"brier",4,0,26,0.91,0.150699073190909
"brier",4,0,26,0.92,0.132174667909091
"brier",4,0,26,0.93,0.107363767686364
"brier",4,0,26,0.94,0.08256119545
"brier",4,0,26,0.95,0.0674490230136364
"brier",4,0,26,0.96,0.0496503992954545
"brier",4,0,26,0.97,0.0309092028272727
"brier",4,0,26,0.98,0.01909090915
"brier",4,0,26,0.99,0.00818181821818182
"brier",4,0,26,0.995,0.00454545458181818
"brier",4,0,27,0.9,0.214975545595455
"brier",4,0,27,0.91,0.194195016136364
"brier",4,0,27,0.92,0.167198054559091
"brier",4,0,27,0.93,0.144529942445455
"brier",4,0,27,0.94,0.120016724381818
"brier",4,0,27,0.95,0.0968522689
"brier",4,0,27,0.96,0.0734972208954545
"brier",4,0,27,0.97,0.0561710555909091
"brier",4,0,27,0.98,0.0408153042590909
"brier",4,0,27,0.99,0.0319597117909091
"brier",4,0,27,0.995,0.0248868687272727
"brier",4,0,28,0.9,0.133311770804545
"brier",4,0,28,0.91,0.123018327268182
"brier",4,0,28,0.92,0.109169830095455
"brier",4,0,28,0.93,0.0956858129227273
"brier",4,0,28,0.94,0.08626163705
"brier",4,0,28,0.95,0.07635996975
"brier",4,0,28,0.96,0.0676544041545455
"brier",4,0,28,0.97,0.0541186738545455
"brier",4,0,28,0.98,0.0417095124590909
"brier",4,0,28,0.99,0.0270757216409091
"brier",4,0,28,0.995,0.0171606837681818
"brier",4,0,29,0.9,0.154569031318182
"brier",4,0,29,0.91,0.138697970290909
"brier",4,0,29,0.92,0.125961241204545
"brier",4,0,29,0.93,0.110451904363636
"brier",4,0,29,0.94,0.09699671965
"brier",4,0,29,0.95,0.0794443767545455
"brier",4,0,29,0.96,0.0639457690727273
"brier",4,0,29,0.97,0.0478537771681818
"brier",4,0,29,0.98,0.0357036799772727
"brier",4,0,29,0.99,0.0191476025
"brier",4,0,29,0.995,0.00945405263181818
"brier",4,0,30,0.9,0.140684501945455
"brier",4,0,30,0.91,0.123491829477273
"brier",4,0,30,0.92,0.104509399718182
"brier",4,0,30,0.93,0.0889664627681818
"brier",4,0,30,0.94,0.0730558988090909
"brier",4,0,30,0.95,0.0573041340772727
"brier",4,0,30,0.96,0.0435258315454545
"brier",4,0,30,0.97,0.0313543551727273
"brier",4,0,30,0.98,0.0202963281318182
"brier",4,0,30,0.99,0.00962981451818182
"brier",4,0,30,0.995,0.00273911048636364
"brier",4,0,31,0.9,0.173578004945455
"brier",4,0,31,0.91,0.1658036932
"brier",4,0,31,0.92,0.153242138145455
"brier",4,0,31,0.93,0.13956221225
"brier",4,0,31,0.94,0.125835232295455
"brier",4,0,31,0.95,0.113079564809091
"brier",4,0,31,0.96,0.0940773990909091
"brier",4,0,31,0.97,0.0768717665181818
"brier",4,0,31,0.98,0.0585284608181818
"brier",4,0,31,0.99,0.0401889948545455
"brier",4,0,31,0.995,0.0322439232727273
"brier",4,0,32,0.9,0.181639790195455
"brier",4,0,32,0.91,0.166063679568182
"brier",4,0,32,0.92,0.1489247272
"brier",4,0,32,0.93,0.12828377865
"brier",4,0,32,0.94,0.109788518918182
"brier",4,0,32,0.95,0.0914933276227273
"brier",4,0,32,0.96,0.0700202501818182
"brier",4,0,32,0.97,0.0441020059772727
"brier",4,0,32,0.98,0.0201784733272727
"brier",4,0,32,0.99,0.0109091003909091
"brier",4,0,32,0.995,0.00590909190454545
"brier",4,0,33,0.9,0.171483928718182
"brier",4,0,33,0.91,0.156424273904545
"brier",4,0,33,0.92,0.143735567140909
"brier",4,0,33,0.93,0.1298947454
"brier",4,0,33,0.94,0.112677167022727
"brier",4,0,33,0.95,0.0926434340772727
"brier",4,0,33,0.96,0.0708766856363636
"brier",4,0,33,0.97,0.0502145364545455
"brier",4,0,33,0.98,0.0206044820045455
"brier",4,0,33,0.99,0.0104545455590909
"brier",4,0,33,0.995,0.00500000000454545
"brier",4,0,34,0.9,0.147086056731818
"brier",4,0,34,0.91,0.138990602522727
"brier",4,0,34,0.92,0.1299888697
"brier",4,0,34,0.93,0.122596832236364
"brier",4,0,34,0.94,0.109977571577273
"brier",4,0,34,0.95,0.0991116675090909
"brier",4,0,34,0.96,0.0841590288590909
"brier",4,0,34,0.97,0.0690668114909091
"brier",4,0,34,0.98,0.0500607479227273
"brier",4,0,34,0.99,0.0332049522590909
"brier",4,0,34,0.995,0.0201461347954545
"brier",4,0,35,0.9,0.165542251281818
"brier",4,0,35,0.91,0.153579351904545
"brier",4,0,35,0.92,0.143260728768182
"brier",4,0,35,0.93,0.129550708790909
"brier",4,0,35,0.94,0.119690914122727
"brier",4,0,35,0.95,0.0998895051636364
"brier",4,0,35,0.96,0.0778358298863636
"brier",4,0,35,0.97,0.0563706855045455
"brier",4,0,35,0.98,0.0339054116454545
"brier",4,0,35,0.99,0.0190829074136364
"brier",4,0,35,0.995,0.0120872601590909
"brier",4,0,36,0.9,0.184383296786364
"brier",4,0,36,0.91,0.168595588431818
"brier",4,0,36,0.92,0.151162368240909
"brier",4,0,36,0.93,0.135189605927273
"brier",4,0,36,0.94,0.117244718172727
"brier",4,0,36,0.95,0.0992739029863636
"brier",4,0,36,0.96,0.0826384188545455
"brier",4,0,36,0.97,0.0687624263818182
"brier",4,0,36,0.98,0.0511309440136364
"brier",4,0,36,0.99,0.0363950338409091
"brier",4,0,36,0.995,0.0264851092954545
"brier",4,0,37,0.9,0.102166291518182
"brier",4,0,37,0.91,0.0920008993045455
"brier",4,0,37,0.92,0.0825710589
"brier",4,0,37,0.93,0.0694371526
"brier",4,0,37,0.94,0.0592443615318182
"brier",4,0,37,0.95,0.0500784352181818
"brier",4,0,37,0.96,0.0409387394727273
"brier",4,0,37,0.97,0.0304641201181818
"brier",4,0,37,0.98,0.0209105725909091
"brier",4,0,37,0.99,0.0109092095863636
"brier",4,0,37,0.995,0.00409091934090909
"brier",4,0,38,0.9,0.129377277413636
"brier",4,0,38,0.91,0.119780425936364
"brier",4,0,38,0.92,0.105075406690909
"brier",4,0,38,0.93,0.0929489509590909
"brier",4,0,38,0.94,0.0821218428863636
"brier",4,0,38,0.95,0.0683525988181818
"brier",4,0,38,0.96,0.0538031172727273
"brier",4,0,38,0.97,0.0403616171636364
"brier",4,0,38,0.98,0.0254275306727273
"brier",4,0,38,0.99,0.0127539420909091
"brier",4,0,38,0.995,0.00643344124090909
"brier",4,0,39,0.9,0.149819617863636
"brier",4,0,39,0.91,0.132829861218182
"brier",4,0,39,0.92,0.116885154409091
"brier",4,0,39,0.93,0.102390650031818
"brier",4,0,39,0.94,0.0872278700590909
"brier",4,0,39,0.95,0.0704914535727273
"brier",4,0,39,0.96,0.0540272164772727
"brier",4,0,39,0.97,0.0404413714090909
"brier",4,0,39,0.98,0.0218444180863636
"brier",4,0,39,0.99,0.0128159762136364
"brier",4,0,39,0.995,0.00557556160909091
"brier",4,0,40,0.9,0.156438704259091
"brier",4,0,40,0.91,0.141782415309091
"brier",4,0,40,0.92,0.129508390577273
"brier",4,0,40,0.93,0.117384001336364
"brier",4,0,40,0.94,0.0997051329818182
"brier",4,0,40,0.95,0.0859529661772727
"brier",4,0,40,0.96,0.0683128131272727
"brier",4,0,40,0.97,0.0532890589636364
"brier",4,0,40,0.98,0.03895514035
"brier",4,0,40,0.99,0.0216824799136364
"brier",4,0,40,0.995,0.0131847672681818
"brier",4,0,41,0.9,0.132913770372727
"brier",4,0,41,0.91,0.121935725954545
"brier",4,0,41,0.92,0.111690483772727
"brier",4,0,41,0.93,0.101582043368182
"brier",4,0,41,0.94,0.0908921815090909
"brier",4,0,41,0.95,0.0734847496
"brier",4,0,41,0.96,0.0584579606272727
"brier",4,0,41,0.97,0.0459338957090909
"brier",4,0,41,0.98,0.0272147067136364
"brier",4,0,41,0.99,0.00954545470909091
"brier",4,0,41,0.995,0.00363636364090909
"brier",4,0,42,0.9,0.117642553263636
"brier",4,0,42,0.91,0.103870401954545
"brier",4,0,42,0.92,0.0910011939454545
"brier",4,0,42,0.93,0.0766747931954545
"brier",4,0,42,0.94,0.0629225494272727
"brier",4,0,42,0.95,0.0518382178590909
"brier",4,0,42,0.96,0.0405813096590909
"brier",4,0,42,0.97,0.0293535022954545
"brier",4,0,42,0.98,0.0203466291454545
"brier",4,0,42,0.99,0.00823162725454545
"brier",4,0,42,0.995,0.00455543565
"brier",4,0,43,0.9,0.222361936536364
"brier",4,0,43,0.91,0.207664367522727
"brier",4,0,43,0.92,0.193609211013636
"brier",4,0,43,0.93,0.173796951681818
"brier",4,0,43,0.94,0.153910482590909
"brier",4,0,43,0.95,0.135429827122727
"brier",4,0,43,0.96,0.11607504985
"brier",4,0,43,0.97,0.0931166904772727
"brier",4,0,43,0.98,0.0670134287
"brier",4,0,43,0.99,0.0391315626545455
"brier",4,0,43,0.995,0.0213670402363636
"brier",4,0,44,0.9,0.202081652313636
"brier",4,0,44,0.91,0.191046025972727
"brier",4,0,44,0.92,0.180843770827273
"brier",4,0,44,0.93,0.171658397663636
"brier",4,0,44,0.94,0.160092521186364
"brier",4,0,44,0.95,0.1492554862
"brier",4,0,44,0.96,0.129350565454545
"brier",4,0,44,0.97,0.105720656486364
"brier",4,0,44,0.98,0.0791789846954545
"brier",4,0,44,0.99,0.0436220806727273
"brier",4,0,44,0.995,0.0228700750409091
"brier",4,0,45,0.9,0.209305860822727
"brier",4,0,45,0.91,0.194412532754545
"brier",4,0,45,0.92,0.174015058872727
"brier",4,0,45,0.93,0.15508785045
"brier",4,0,45,0.94,0.131313574522727
"brier",4,0,45,0.95,0.110394980359091
"brier",4,0,45,0.96,0.0919330033272727
"brier",4,0,45,0.97,0.0768773590772727
"brier",4,0,45,0.98,0.0515281045909091
"brier",4,0,45,0.99,0.0231768279363636
"brier",4,0,45,0.995,0.0129301161863636
"brier",4,0,46,0.9,0.136605273163636
"brier",4,0,46,0.91,0.122335070927273
"brier",4,0,46,0.92,0.108910514936364
"brier",4,0,46,0.93,0.0951579135636364
"brier",4,0,46,0.94,0.0832917132227273
"brier",4,0,46,0.95,0.0687789321227273
"brier",4,0,46,0.96,0.0545065853090909
"brier",4,0,46,0.97,0.0394768448136364
"brier",4,0,46,0.98,0.0237213749681818
"brier",4,0,46,0.99,0.0105130506590909
"brier",4,0,46,0.995,0.00696474353181818
"brier",4,0,47,0.9,0.17050821585
"brier",4,0,47,0.91,0.156468277436364
"brier",4,0,47,0.92,0.143628431122727
"brier",4,0,47,0.93,0.132033292845455
"brier",4,0,47,0.94,0.116803817809091
"brier",4,0,47,0.95,0.0986578242863636
"brier",4,0,47,0.96,0.0824015199136364
"brier",4,0,47,0.97,0.0623532614681818
"brier",4,0,47,0.98,0.0436337809272727
"brier",4,0,47,0.99,0.0216617423136364
"brier",4,0,47,0.995,0.0110641843136364
"brier",4,0,48,0.9,0.164197508518182
"brier",4,0,48,0.91,0.1577247673
"brier",4,0,48,0.92,0.151399536204545
"brier",4,0,48,0.93,0.141988747663636
"brier",4,0,48,0.94,0.126408679040909
"brier",4,0,48,0.95,0.10904413605
"brier",4,0,48,0.96,0.0792029728409091
"brier",4,0,48,0.97,0.05247863395
"brier",4,0,48,0.98,0.0323343104409091
"brier",4,0,48,0.99,0.0144549372863636
"brier",4,0,48,0.995,0.00725149828636364
"brier",4,0,49,0.9,0.190759002418182
"brier",4,0,49,0.91,0.167062633027273
"brier",4,0,49,0.92,0.144225322595455
"brier",4,0,49,0.93,0.118729613909091
"brier",4,0,49,0.94,0.0958248780272727
"brier",4,0,49,0.95,0.0736982512090909
"brier",4,0,49,0.96,0.0539999175590909
"brier",4,0,49,0.97,0.0341616561681818
"brier",4,0,49,0.98,0.0201839848454545
"brier",4,0,49,0.99,0.0101525943090909
"brier",4,0,49,0.995,0.00454882891818182
"brier",4,0,50,0.9,0.115169561986364
"brier",4,0,50,0.91,0.102703026227273
"brier",4,0,50,0.92,0.0906968266909091
"brier",4,0,50,0.93,0.0750184503090909
"brier",4,0,50,0.94,0.0614639891863636
"brier",4,0,50,0.95,0.0482103390954545
"brier",4,0,50,0.96,0.0404560628863636
"brier",4,0,50,0.97,0.0304545887909091
"brier",4,0,50,0.98,0.0209090915590909
"brier",4,0,50,0.99,0.0131818182272727
"brier",4,0,50,0.995,0.00727272728181818
"brier",5,0,1,0.9,0.137362354713636
"brier",5,0,1,0.91,0.125145785118182
"brier",5,0,1,0.92,0.110736018659091
"brier",5,0,1,0.93,0.100442470163636
"brier",5,0,1,0.94,0.0905008907
"brier",5,0,1,0.95,0.0800639519545455
"brier",5,0,1,0.96,0.0701392463954545
"brier",5,0,1,0.97,0.0579249419909091
"brier",5,0,1,0.98,0.0423556884136364
"brier",5,0,1,0.99,0.0293570669590909
"brier",5,0,1,0.995,0.0210314103909091
"brier",5,0,2,0.9,0.1675980947
"brier",5,0,2,0.91,0.151138441990909
"brier",5,0,2,0.92,0.137494207313636
"brier",5,0,2,0.93,0.120739896590909
"brier",5,0,2,0.94,0.104368794381818
"brier",5,0,2,0.95,0.091928284
"brier",5,0,2,0.96,0.0777679712636364
"brier",5,0,2,0.97,0.0614819802409091
"brier",5,0,2,0.98,0.0492317279545455
"brier",5,0,2,0.99,0.0275959315409091
"brier",5,0,2,0.995,0.0122704129227273
"brier",5,0,3,0.9,0.102672419609091
"brier",5,0,3,0.91,0.0903858250863636
"brier",5,0,3,0.92,0.0790143933636364
"brier",5,0,3,0.93,0.0706946621045455
"brier",5,0,3,0.94,0.0625953156454545
"brier",5,0,3,0.95,0.0487724561863636
"brier",5,0,3,0.96,0.0389605392863636
"brier",5,0,3,0.97,0.0313476029045455
"brier",5,0,3,0.98,0.0183815727363636
"brier",5,0,3,0.99,0.0117230710863636
"brier",5,0,3,0.995,0.00615433686363636
"brier",5,0,4,0.9,0.195374816377273
"brier",5,0,4,0.91,0.180859347431818
"brier",5,0,4,0.92,0.166972560754545
"brier",5,0,4,0.93,0.150179061013636
"brier",5,0,4,0.94,0.131854153863636
"brier",5,0,4,0.95,0.112121993513636
"brier",5,0,4,0.96,0.0906856871590909
"brier",5,0,4,0.97,0.0729593073863636
"brier",5,0,4,0.98,0.0524846313363636
"brier",5,0,4,0.99,0.0316656561545455
"brier",5,0,4,0.995,0.0199639521272727
"brier",5,0,5,0.9,0.110051602822727
"brier",5,0,5,0.91,0.105522248418182
"brier",5,0,5,0.92,0.100371438131818
"brier",5,0,5,0.93,0.0951928941136364
"brier",5,0,5,0.94,0.0878112004909091
"brier",5,0,5,0.95,0.0812236580590909
"brier",5,0,5,0.96,0.0750960460954545
"brier",5,0,5,0.97,0.0636209758363636
"brier",5,0,5,0.98,0.0414737693909091
"brier",5,0,5,0.99,0.0139864377272727
"brier",5,0,5,0.995,0.00613095589545455
"brier",5,0,6,0.9,0.138763117968182
"brier",5,0,6,0.91,0.125628127754545
"brier",5,0,6,0.92,0.112132697740909
"brier",5,0,6,0.93,0.100365789645455
"brier",5,0,6,0.94,0.0864660452954545
"brier",5,0,6,0.95,0.0742846892272727
"brier",5,0,6,0.96,0.0631484097818182
"brier",5,0,6,0.97,0.0520420329454545
"brier",5,0,6,0.98,0.0427420184318182
"brier",5,0,6,0.99,0.0300663324772727
"brier",5,0,6,0.995,0.0254692778181818
"brier",5,0,7,0.9,0.167680502077273
"brier",5,0,7,0.91,0.153796815190909
"brier",5,0,7,0.92,0.140026259486364
"brier",5,0,7,0.93,0.125365539763636
"brier",5,0,7,0.94,0.11717411265
"brier",5,0,7,0.95,0.103019012545455
"brier",5,0,7,0.96,0.0848013899772727
"brier",5,0,7,0.97,0.0693708694636364
"brier",5,0,7,0.98,0.0522992183590909
"brier",5,0,7,0.99,0.0388631883363636
"brier",5,0,7,0.995,0.0258886969681818
"brier",5,0,8,0.9,0.173954301931818
"brier",5,0,8,0.91,0.158244972254545
"brier",5,0,8,0.92,0.143073839563636
"brier",5,0,8,0.93,0.133500896995455
"brier",5,0,8,0.94,0.121877257027273
"brier",5,0,8,0.95,0.108304930122727
"brier",5,0,8,0.96,0.0933187222
"brier",5,0,8,0.97,0.0813253884363636
"brier",5,0,8,0.98,0.0662057382818182
"brier",5,0,8,0.99,0.0507195567545455
"brier",5,0,8,0.995,0.0405301630409091
"brier",5,0,9,0.9,0.111175788618182
"brier",5,0,9,0.91,0.0979778953636364
"brier",5,0,9,0.92,0.0864699365954545
"brier",5,0,9,0.93,0.0738387377090909
"brier",5,0,9,0.94,0.0641473943045455
"brier",5,0,9,0.95,0.0534138201045455
"brier",5,0,9,0.96,0.0434311147
"brier",5,0,9,0.97,0.0336280292590909
"brier",5,0,9,0.98,0.0209288370818182
"brier",5,0,9,0.99,0.00863637979545455
"brier",5,0,9,0.995,0.00545454570454545
"brier",5,0,10,0.9,0.186728715359091
"brier",5,0,10,0.91,0.172594094013636
"brier",5,0,10,0.92,0.159132980981818
"brier",5,0,10,0.93,0.142566765668182
"brier",5,0,10,0.94,0.124277072663636
"brier",5,0,10,0.95,0.103980689022727
"brier",5,0,10,0.96,0.0841036477045455
"brier",5,0,10,0.97,0.0679887980863636
"brier",5,0,10,0.98,0.0498763348818182
"brier",5,0,10,0.99,0.0366664703681818
"brier",5,0,10,0.995,0.0258978569181818
"brier",5,0,11,0.9,0.132297427018182
"brier",5,0,11,0.91,0.116374197431818
"brier",5,0,11,0.92,0.100751442686364
"brier",5,0,11,0.93,0.0853771566136364
"brier",5,0,11,0.94,0.0705956278227273
"brier",5,0,11,0.95,0.0574258407545455
"brier",5,0,11,0.96,0.0453935559727273
"brier",5,0,11,0.97,0.0330582494363636
"brier",5,0,11,0.98,0.0236172440909091
"brier",5,0,11,0.99,0.0135920001545455
"brier",5,0,11,0.995,0.00693639572727273
"brier",5,0,12,0.9,0.145720839863636
"brier",5,0,12,0.91,0.133976970340909
"brier",5,0,12,0.92,0.122742254254545
"brier",5,0,12,0.93,0.113366190386364
"brier",5,0,12,0.94,0.104248052359091
"brier",5,0,12,0.95,0.0955907102863636
"brier",5,0,12,0.96,0.0786683733
"brier",5,0,12,0.97,0.0558381262590909
"brier",5,0,12,0.98,0.0282261991272727
"brier",5,0,12,0.99,0.0106198715636364
"brier",5,0,12,0.995,0.00564142616818182
"brier",5,0,13,0.9,0.146080093468182
"brier",5,0,13,0.91,0.1322125286
"brier",5,0,13,0.92,0.118115795245455
"brier",5,0,13,0.93,0.103770910695455
"brier",5,0,13,0.94,0.0928347278409091
"brier",5,0,13,0.95,0.0792673753818182
"brier",5,0,13,0.96,0.06594753305
"brier",5,0,13,0.97,0.0542042961863636
"brier",5,0,13,0.98,0.0435598383909091
"brier",5,0,13,0.99,0.0322148174045455
"brier",5,0,13,0.995,0.0244702074454545
"brier",5,0,14,0.9,0.200043238459091
"brier",5,0,14,0.91,0.187200781695455
"brier",5,0,14,0.92,0.174755282281818
"brier",5,0,14,0.93,0.157922825890909
"brier",5,0,14,0.94,0.141568828327273
"brier",5,0,14,0.95,0.118500714463636
"brier",5,0,14,0.96,0.0973376191
"brier",5,0,14,0.97,0.0819685576045455
"brier",5,0,14,0.98,0.0644999431772727
"brier",5,0,14,0.99,0.0520509644
"brier",5,0,14,0.995,0.0444872813272727
"brier",5,0,15,0.9,0.163652004404545
"brier",5,0,15,0.91,0.134810400104545
"brier",5,0,15,0.92,0.107387866531818
"brier",5,0,15,0.93,0.0873838753909091
"brier",5,0,15,0.94,0.0674146200772727
"brier",5,0,15,0.95,0.0530936001863636
"brier",5,0,15,0.96,0.0430383109772727
"brier",5,0,15,0.97,0.0348986294
"brier",5,0,15,0.98,0.0377276150818182
"brier",5,0,15,0.99,0.0165531607181818
"brier",5,0,15,0.995,0.00774606887727273
"brier",5,0,16,0.9,0.22407217605
"brier",5,0,16,0.91,0.211587253359091
"brier",5,0,16,0.92,0.193915496259091
"brier",5,0,16,0.93,0.174569522659091
"brier",5,0,16,0.94,0.154068856036364
"brier",5,0,16,0.95,0.129968312122727
"brier",5,0,16,0.96,0.102822958763636
"brier",5,0,16,0.97,0.0782287136727273
"brier",5,0,16,0.98,0.0468694669590909
"brier",5,0,16,0.99,0.0221520869727273
"brier",5,0,16,0.995,0.0118860006545455
"brier",5,0,17,0.9,0.10876174625
"brier",5,0,17,0.91,0.0939040584909091
"brier",5,0,17,0.92,0.0756369233590909
"brier",5,0,17,0.93,0.0587736197363636
"brier",5,0,17,0.94,0.0440444501863636
"brier",5,0,17,0.95,0.0340537342590909
"brier",5,0,17,0.96,0.0269463205863636
"brier",5,0,17,0.97,0.0295656532772727
"brier",5,0,17,0.98,0.0307599858
"brier",5,0,17,0.99,0.0271373184590909
"brier",5,0,17,0.995,0.00662737217272727
"brier",5,0,18,0.9,0.171601563836364
"brier",5,0,18,0.91,0.155975861404545
"brier",5,0,18,0.92,0.139844238863636
"brier",5,0,18,0.93,0.120878690004545
"brier",5,0,18,0.94,0.104037756336364
"brier",5,0,18,0.95,0.0892686144409091
"brier",5,0,18,0.96,0.0716385855636364
"brier",5,0,18,0.97,0.0528094363363636
"brier",5,0,18,0.98,0.0382689340272727
"brier",5,0,18,0.99,0.0191859569681818
"brier",5,0,18,0.995,0.0124224414227273
"brier",5,0,19,0.9,0.189152756163636
"brier",5,0,19,0.91,0.167375571581818
"brier",5,0,19,0.92,0.138407367259091
"brier",5,0,19,0.93,0.103728340013636
"brier",5,0,19,0.94,0.0744647432409091
"brier",5,0,19,0.95,0.0539460072545455
"brier",5,0,19,0.96,0.0397345282772727
"brier",5,0,19,0.97,0.0290875911363636
"brier",5,0,19,0.98,0.0209596256045455
"brier",5,0,19,0.99,0.0100007842363636
"brier",5,0,19,0.995,0.00500000830454545
"brier",5,0,20,0.9,0.0915789384045455
"brier",5,0,20,0.91,0.0803315047636364
"brier",5,0,20,0.92,0.0661910889454545
"brier",5,0,20,0.93,0.0539303229681818
"brier",5,0,20,0.94,0.0439167472727273
"brier",5,0,20,0.95,0.0322632792090909
"brier",5,0,20,0.96,0.0197708961545455
"brier",5,0,20,0.97,0.0119385846
"brier",5,0,20,0.98,0.00776342501363636
"brier",5,0,20,0.99,0.00409722526363636
"brier",5,0,20,0.995,0.00474454883181818
"brier",5,0,21,0.9,0.144860720868182
"brier",5,0,21,0.91,0.125806110804545
"brier",5,0,21,0.92,0.10617978255
"brier",5,0,21,0.93,0.0905585666636364
"brier",5,0,21,0.94,0.0740028040090909
"brier",5,0,21,0.95,0.0584352371772727
"brier",5,0,21,0.96,0.0420960787090909
"brier",5,0,21,0.97,0.02873970455
"brier",5,0,21,0.98,0.0166020270136364
"brier",5,0,21,0.99,0.00927259314090909
"brier",5,0,21,0.995,0.00186787465
"brier",5,0,22,0.9,0.179940991168182
"brier",5,0,22,0.91,0.162481073740909
"brier",5,0,22,0.92,0.141129689
"brier",5,0,22,0.93,0.107430162804545
"brier",5,0,22,0.94,0.0707536055681818
"brier",5,0,22,0.95,0.0420533703136364
"brier",5,0,22,0.96,0.0360233155090909
"brier",5,0,22,0.97,0.0299013597954545
"brier",5,0,22,0.98,0.0222685800181818
"brier",5,0,22,0.99,0.00909082009545454
"brier",5,0,22,0.995,0.00500000027272727
"brier",5,0,23,0.9,0.101306781977273
"brier",5,0,23,0.91,0.0946920363409091
"brier",5,0,23,0.92,0.0865123079772727
"brier",5,0,23,0.93,0.07857858405
"brier",5,0,23,0.94,0.0668470700681818
"brier",5,0,23,0.95,0.0576330771863636
"brier",5,0,23,0.96,0.0432923628727273
"brier",5,0,23,0.97,0.0308101171272727
"brier",5,0,23,0.98,0.0222550599136364
"brier",5,0,23,0.99,0.0105155297272727
"brier",5,0,23,0.995,0.00546704632272727
"brier",5,0,24,0.9,0.207307471554545
"brier",5,0,24,0.91,0.19537354435
"brier",5,0,24,0.92,0.182397983445455
"brier",5,0,24,0.93,0.167350358827273
"brier",5,0,24,0.94,0.148245037413636
"brier",5,0,24,0.95,0.130308646327273
"brier",5,0,24,0.96,0.113913026372727
"brier",5,0,24,0.97,0.0938529205454545
"brier",5,0,24,0.98,0.0642097953318182
"brier",5,0,24,0.99,0.0355143246545455
"brier",5,0,24,0.995,0.0258293892318182
"brier",5,0,25,0.9,0.153062421286364
"brier",5,0,25,0.91,0.1401354262
"brier",5,0,25,0.92,0.123629105409091
"brier",5,0,25,0.93,0.107995769195455
"brier",5,0,25,0.94,0.09525517135
"brier",5,0,25,0.95,0.0821312517590909
"brier",5,0,25,0.96,0.0698422160363636
"brier",5,0,25,0.97,0.0578212567272727
"brier",5,0,25,0.98,0.0455090667454545
"brier",5,0,25,0.99,0.0293392908090909
"brier",5,0,25,0.995,0.0144749932909091
"brier",5,0,26,0.9,0.166673016495455
"brier",5,0,26,0.91,0.147098853154545
"brier",5,0,26,0.92,0.12865435665
"brier",5,0,26,0.93,0.105079781436364
"brier",5,0,26,0.94,0.0826735498409091
"brier",5,0,26,0.95,0.0691561638409091
"brier",5,0,26,0.96,0.0525334480818182
"brier",5,0,26,0.97,0.0309091027727273
"brier",5,0,26,0.98,0.0190909090909091
"brier",5,0,26,0.99,0.00818181818181818
"brier",5,0,26,0.995,0.00454545454545455
"brier",5,0,27,0.9,0.211136694695455
"brier",5,0,27,0.91,0.188564014790909
"brier",5,0,27,0.92,0.160535133759091
"brier",5,0,27,0.93,0.137537369131818
"brier",5,0,27,0.94,0.113460293618182
"brier",5,0,27,0.95,0.0916975400272727
"brier",5,0,27,0.96,0.0701959181909091
"brier",5,0,27,0.97,0.0549256513681818
"brier",5,0,27,0.98,0.0406978463045455
"brier",5,0,27,0.99,0.0322752783818182
"brier",5,0,27,0.995,0.0259092811545455
"brier",5,0,28,0.9,0.133105129022727
"brier",5,0,28,0.91,0.122642437713636
"brier",5,0,28,0.92,0.108815138804545
"brier",5,0,28,0.93,0.0955234320590909
"brier",5,0,28,0.94,0.0864153924227273
"brier",5,0,28,0.95,0.0769320880227273
"brier",5,0,28,0.96,0.0686085228681818
"brier",5,0,28,0.97,0.0553684834909091
"brier",5,0,28,0.98,0.0431080296090909
"brier",5,0,28,0.99,0.0293191287363636
"brier",5,0,28,0.995,0.02071597225
"brier",5,0,29,0.9,0.16257477465
"brier",5,0,29,0.91,0.145504742363636
"brier",5,0,29,0.92,0.131007721909091
"brier",5,0,29,0.93,0.112830312963636
"brier",5,0,29,0.94,0.0967893287681818
"brier",5,0,29,0.95,0.0783735671590909
"brier",5,0,29,0.96,0.06357608695
"brier",5,0,29,0.97,0.0492837064954545
"brier",5,0,29,0.98,0.0390432394136364
"brier",5,0,29,0.99,0.0225431238681818
"brier",5,0,29,0.995,0.00829105222272727
"brier",5,0,30,0.9,0.1409734803
"brier",5,0,30,0.91,0.124128875595455
"brier",5,0,30,0.92,0.104707936481818
"brier",5,0,30,0.93,0.0886470305136364
"brier",5,0,30,0.94,0.0719806757772727
"brier",5,0,30,0.95,0.0562374338318182
"brier",5,0,30,0.96,0.0428600392
"brier",5,0,30,0.97,0.0310604682818182
"brier",5,0,30,0.98,0.020165872
"brier",5,0,30,0.99,0.0095916572
"brier",5,0,30,0.995,0.00273348865909091
"brier",5,0,31,0.9,0.166560776863636
"brier",5,0,31,0.91,0.1586701467
"brier",5,0,31,0.92,0.146228753309091
"brier",5,0,31,0.93,0.1326693848
"brier",5,0,31,0.94,0.119256551577273
"brier",5,0,31,0.95,0.10697477075
"brier",5,0,31,0.96,0.0886649237090909
"brier",5,0,31,0.97,0.0724521820136364
"brier",5,0,31,0.98,0.0553202160181818
"brier",5,0,31,0.99,0.0383820680227273
"brier",5,0,31,0.995,0.0314880272136364
"brier",5,0,32,0.9,0.179329148990909
"brier",5,0,32,0.91,0.164876411872727
"brier",5,0,32,0.92,0.148936142786364
"brier",5,0,32,0.93,0.1295737024
"brier",5,0,32,0.94,0.111122004509091
"brier",5,0,32,0.95,0.0928086786863636
"brier",5,0,32,0.96,0.0715225657272727
"brier",5,0,32,0.97,0.04220131085
"brier",5,0,32,0.98,0.0202018014409091
"brier",5,0,32,0.99,0.0109090925136364
"brier",5,0,32,0.995,0.00590909094545455
"brier",5,0,33,0.9,0.169841263118182
"brier",5,0,33,0.91,0.154559242640909
"brier",5,0,33,0.92,0.141604484245455
"brier",5,0,33,0.93,0.127706643486364
"brier",5,0,33,0.94,0.110540483890909
"brier",5,0,33,0.95,0.09110135105
"brier",5,0,33,0.96,0.0708582059590909
"brier",5,0,33,0.97,0.0517005485909091
"brier",5,0,33,0.98,0.0206162538090909
"brier",5,0,33,0.99,0.0104545455181818
"brier",5,0,33,0.995,0.005
"brier",5,0,34,0.9,0.145214848563636
"brier",5,0,34,0.91,0.1374779638
"brier",5,0,34,0.92,0.128927303127273
"brier",5,0,34,0.93,0.122168648672727
"brier",5,0,34,0.94,0.110198967304545
"brier",5,0,34,0.95,0.0998812836454546
"brier",5,0,34,0.96,0.0855401147181818
"brier",5,0,34,0.97,0.07180600925
"brier",5,0,34,0.98,0.0539079451636364
"brier",5,0,34,0.99,0.0398615944954545
"brier",5,0,34,0.995,0.0274153665227273
"brier",5,0,35,0.9,0.160270476386364
"brier",5,0,35,0.91,0.148570504890909
"brier",5,0,35,0.92,0.138492914227273
"brier",5,0,35,0.93,0.125187775954545
"brier",5,0,35,0.94,0.115367926540909
"brier",5,0,35,0.95,0.0961455452590909
"brier",5,0,35,0.96,0.0756003849272727
"brier",5,0,35,0.97,0.0570110984090909
"brier",5,0,35,0.98,0.0375613738227273
"brier",5,0,35,0.99,0.0208390293545455
"brier",5,0,35,0.995,0.0124361350409091
"brier",5,0,36,0.9,0.187471131227273
"brier",5,0,36,0.91,0.1732029921
"brier",5,0,36,0.92,0.156698001768182
"brier",5,0,36,0.93,0.140808195809091
"brier",5,0,36,0.94,0.122551332609091
"brier",5,0,36,0.95,0.103312080818182
"brier",5,0,36,0.96,0.0850131697954545
"brier",5,0,36,0.97,0.0702124733090909
"brier",5,0,36,0.98,0.0520979060863636
"brier",5,0,36,0.99,0.0375434389318182
"brier",5,0,36,0.995,0.0275468704954545
"brier",5,0,37,0.9,0.102128916531818
"brier",5,0,37,0.91,0.0919590858545455
"brier",5,0,37,0.92,0.0825351326590909
"brier",5,0,37,0.93,0.0693987159409091
"brier",5,0,37,0.94,0.0592153952136364
"brier",5,0,37,0.95,0.0500567990136364
"brier",5,0,37,0.96,0.0409266155545455
"brier",5,0,37,0.97,0.0304584226409091
"brier",5,0,37,0.98,0.0209094092636364
"brier",5,0,37,0.99,0.0109091003590909
"brier",5,0,37,0.995,0.00409090927272727
"brier",5,0,38,0.9,0.131831685309091
"brier",5,0,38,0.91,0.122515027309091
"brier",5,0,38,0.92,0.107734539613636
"brier",5,0,38,0.93,0.0952089663909091
"brier",5,0,38,0.94,0.0842224272363636
"brier",5,0,38,0.95,0.0704204664181818
"brier",5,0,38,0.96,0.0559484133818182
"brier",5,0,38,0.97,0.0425014848681818
"brier",5,0,38,0.98,0.0274588150909091
"brier",5,0,38,0.99,0.0129699953636364
"brier",5,0,38,0.995,0.00565389301363636
"brier",5,0,39,0.9,0.150938000204545
"brier",5,0,39,0.91,0.133881887177273
"brier",5,0,39,0.92,0.117841333954545
"brier",5,0,39,0.93,0.103354047890909
"brier",5,0,39,0.94,0.0881356707409091
"brier",5,0,39,0.95,0.0712299194090909
"brier",5,0,39,0.96,0.0546029431318182
"brier",5,0,39,0.97,0.0408490630318182
"brier",5,0,39,0.98,0.0220166691363636
"brier",5,0,39,0.99,0.01286410625
"brier",5,0,39,0.995,0.00561001357272727
"brier",5,0,40,0.9,0.151231019718182
"brier",5,0,40,0.91,0.137278086122727
"brier",5,0,40,0.92,0.125302124840909
"brier",5,0,40,0.93,0.11320017255
"brier",5,0,40,0.94,0.0964175533954545
"brier",5,0,40,0.95,0.0833810760090909
"brier",5,0,40,0.96,0.0666923496818182
"brier",5,0,40,0.97,0.0525112451818182
"brier",5,0,40,0.98,0.0392228653
"brier",5,0,40,0.99,0.0230912290636364
"brier",5,0,40,0.995,0.0139708058363636
"brier",5,0,41,0.9,0.134256197877273
"brier",5,0,41,0.91,0.124825933268182
"brier",5,0,41,0.92,0.115256122513636
"brier",5,0,41,0.93,0.105841164504545
"brier",5,0,41,0.94,0.0949602210909091
"brier",5,0,41,0.95,0.0739122757
"brier",5,0,41,0.96,0.0594259023136364
"brier",5,0,41,0.97,0.0476988319818182
"brier",5,0,41,0.98,0.0288072848590909
"brier",5,0,41,0.99,0.00954545454545455
"brier",5,0,41,0.995,0.00363636363636364
"brier",5,0,42,0.9,0.120550407195455
"brier",5,0,42,0.91,0.106156403136364
"brier",5,0,42,0.92,0.0921363419136364
"brier",5,0,42,0.93,0.07649277495
"brier",5,0,42,0.94,0.0619451818772727
"brier",5,0,42,0.95,0.0503937273409091
"brier",5,0,42,0.96,0.0392193512590909
"brier",5,0,42,0.97,0.0284137151863636
"brier",5,0,42,0.98,0.0199741204363636
"brier",5,0,42,0.99,0.00818561105454545
"brier",5,0,42,0.995,0.00454702231818182
"brier",5,0,43,0.9,0.220360354604545
"brier",5,0,43,0.91,0.206161915595455
"brier",5,0,43,0.92,0.192397218790909
"brier",5,0,43,0.93,0.173049083590909
"brier",5,0,43,0.94,0.153284651377273
"brier",5,0,43,0.95,0.135059148490909
"brier",5,0,43,0.96,0.116425703431818
"brier",5,0,43,0.97,0.0941836366818182
"brier",5,0,43,0.98,0.0682498074136364
"brier",5,0,43,0.99,0.0418573706590909
"brier",5,0,43,0.995,0.0226023803181818
"brier",5,0,44,0.9,0.205233491436364
"brier",5,0,44,0.91,0.193247023009091
"brier",5,0,44,0.92,0.181816482363636
"brier",5,0,44,0.93,0.172260701540909
"brier",5,0,44,0.94,0.159490448286364
"brier",5,0,44,0.95,0.14804516035
"brier",5,0,44,0.96,0.127278914081818
"brier",5,0,44,0.97,0.103486914890909
"brier",5,0,44,0.98,0.0772751877454545
"brier",5,0,44,0.99,0.0429761406954545
"brier",5,0,44,0.995,0.0223707687909091
"brier",5,0,45,0.9,0.211083976377273
"brier",5,0,45,0.91,0.196081073704545
"brier",5,0,45,0.92,0.175613510927273
"brier",5,0,45,0.93,0.156406158186364
"brier",5,0,45,0.94,0.131897146327273
"brier",5,0,45,0.95,0.110382232386364
"brier",5,0,45,0.96,0.0919607996136364
"brier",5,0,45,0.97,0.0772223862545455
"brier",5,0,45,0.98,0.0531160952363636
"brier",5,0,45,0.99,0.0251618638863636
"brier",5,0,45,0.995,0.0136089033863636
"brier",5,0,46,0.9,0.13639132855
"brier",5,0,46,0.91,0.122164055290909
"brier",5,0,46,0.92,0.108816381095455
"brier",5,0,46,0.93,0.09508300825
"brier",5,0,46,0.94,0.0832376345045455
"brier",5,0,46,0.95,0.0689922168954545
"brier",5,0,46,0.96,0.0546544281090909
"brier",5,0,46,0.97,0.0394637839045455
"brier",5,0,46,0.98,0.0235848674227273
"brier",5,0,46,0.99,0.0103534112318182
"brier",5,0,46,0.995,0.00683534763636364
"brier",5,0,47,0.9,0.168477879677273
"brier",5,0,47,0.91,0.155033850636364
"brier",5,0,47,0.92,0.142303243345455
"brier",5,0,47,0.93,0.131106081636364
"brier",5,0,47,0.94,0.116711485790909
"brier",5,0,47,0.95,0.0996969687045455
"brier",5,0,47,0.96,0.0848125233681818
"brier",5,0,47,0.97,0.0643680113136364
"brier",5,0,47,0.98,0.0445813317
"brier",5,0,47,0.99,0.0217539374045455
"brier",5,0,47,0.995,0.0100586134954545
"brier",5,0,48,0.9,0.165512990440909
"brier",5,0,48,0.91,0.158894470931818
"brier",5,0,48,0.92,0.152555045572727
"brier",5,0,48,0.93,0.142873610618182
"brier",5,0,48,0.94,0.126667720268182
"brier",5,0,48,0.95,0.108081525059091
"brier",5,0,48,0.96,0.0786135402863636
"brier",5,0,48,0.97,0.0513713729545455
"brier",5,0,48,0.98,0.0313264582909091
"brier",5,0,48,0.99,0.0138605767818182
"brier",5,0,48,0.995,0.00684433996818182
"brier",5,0,49,0.9,0.189278316627273
"brier",5,0,49,0.91,0.165328455304545
"brier",5,0,49,0.92,0.142086493677273
"brier",5,0,49,0.93,0.115639937613636
"brier",5,0,49,0.94,0.0919457503954546
"brier",5,0,49,0.95,0.0700469378363636
"brier",5,0,49,0.96,0.0521599693590909
"brier",5,0,49,0.97,0.0344451380181818
"brier",5,0,49,0.98,0.0205934066681818
"brier",5,0,49,0.99,0.0101101107545455
"brier",5,0,49,0.995,0.00454678715
"brier",5,0,50,0.9,0.115355603795455
"brier",5,0,50,0.91,0.102791536718182
"brier",5,0,50,0.92,0.0906501357045455
"brier",5,0,50,0.93,0.0749792748681818
"brier",5,0,50,0.94,0.0614881707863636
"brier",5,0,50,0.95,0.0482141700727273
"brier",5,0,50,0.96,0.0404565380636364
"brier",5,0,50,0.97,0.0304546057363636
"brier",5,0,50,0.98,0.0209090918909091
"brier",5,0,50,0.99,0.0131818181863636
"brier",5,0,50,0.995,0.00727272727272727
"brier",1,10,1,0.9,0.140892803636364
"brier",1,10,1,0.91,0.128059545077273
"brier",1,10,1,0.92,0.113036690636364
"brier",1,10,1,0.93,0.102388588713636
"brier",1,10,1,0.94,0.0921988955318182
"brier",1,10,1,0.95,0.0814900147545455
"brier",1,10,1,0.96,0.0714133232681818
"brier",1,10,1,0.97,0.0591245773318182
"brier",1,10,1,0.98,0.0433892009818182
"brier",1,10,1,0.99,0.0300676999136364
"brier",1,10,1,0.995,0.0218514045545455
"brier",1,10,2,0.9,0.1730237219
"brier",1,10,2,0.91,0.155855181527273
"brier",1,10,2,0.92,0.140912869631818
"brier",1,10,2,0.93,0.122827595054545
"brier",1,10,2,0.94,0.105091556509091
"brier",1,10,2,0.95,0.0913582751409091
"brier",1,10,2,0.96,0.0758123016772727
"brier",1,10,2,0.97,0.0588076658545455
"brier",1,10,2,0.98,0.0460185227409091
"brier",1,10,2,0.99,0.0260785343636364
"brier",1,10,2,0.995,0.0134099475227273
"brier",1,10,3,0.9,0.102890573545455
"brier",1,10,3,0.91,0.0908029047590909
"brier",1,10,3,0.92,0.0795252192272727
"brier",1,10,3,0.93,0.0711155831727273
"brier",1,10,3,0.94,0.0628523599818182
"brier",1,10,3,0.95,0.0490411374454545
"brier",1,10,3,0.96,0.0391830405181818
"brier",1,10,3,0.97,0.0314851124227273
"brier",1,10,3,0.98,0.0184587338
"brier",1,10,3,0.99,0.0118594304409091
"brier",1,10,3,0.995,0.00634130121818182
"brier",1,10,4,0.9,0.199554574813636
"brier",1,10,4,0.91,0.185700788218182
"brier",1,10,4,0.92,0.1724151609
"brier",1,10,4,0.93,0.156388558622727
"brier",1,10,4,0.94,0.138391884859091
"brier",1,10,4,0.95,0.118416567627273
"brier",1,10,4,0.96,0.0960568927045455
"brier",1,10,4,0.97,0.0772160325545455
"brier",1,10,4,0.98,0.0553804985045455
"brier",1,10,4,0.99,0.0330434194409091
"brier",1,10,4,0.995,0.0194958445045455
"brier",1,10,5,0.9,0.1116884046
"brier",1,10,5,0.91,0.106200543472727
"brier",1,10,5,0.92,0.0999825155772727
"brier",1,10,5,0.93,0.0937733053409091
"brier",1,10,5,0.94,0.0860946412409091
"brier",1,10,5,0.95,0.0801097923181818
"brier",1,10,5,0.96,0.0743980061454545
"brier",1,10,5,0.97,0.0630583985909091
"brier",1,10,5,0.98,0.0417178439863636
"brier",1,10,5,0.99,0.0176796874772727
"brier",1,10,5,0.995,0.00762892273636364
"brier",1,10,6,0.9,0.147497295
"brier",1,10,6,0.91,0.133583148772727
"brier",1,10,6,0.92,0.118502931613636
"brier",1,10,6,0.93,0.104789322809091
"brier",1,10,6,0.94,0.0894527501227273
"brier",1,10,6,0.95,0.0760005768136364
"brier",1,10,6,0.96,0.0638692806681818
"brier",1,10,6,0.97,0.0522026684863636
"brier",1,10,6,0.98,0.0426474616
"brier",1,10,6,0.99,0.0298983942
"brier",1,10,6,0.995,0.0248381684954545
"brier",1,10,7,0.9,0.173527720622727
"brier",1,10,7,0.91,0.157833471881818
"brier",1,10,7,0.92,0.142133111677273
"brier",1,10,7,0.93,0.12526650875
"brier",1,10,7,0.94,0.114925852072727
"brier",1,10,7,0.95,0.100886515181818
"brier",1,10,7,0.96,0.0845571556454545
"brier",1,10,7,0.97,0.0703190458772727
"brier",1,10,7,0.98,0.0529952154363636
"brier",1,10,7,0.99,0.0364271504772727
"brier",1,10,7,0.995,0.0241700919818182
"brier",1,10,8,0.9,0.189051281668182
"brier",1,10,8,0.91,0.172619308890909
"brier",1,10,8,0.92,0.156583188695455
"brier",1,10,8,0.93,0.145983228045455
"brier",1,10,8,0.94,0.132651752568182
"brier",1,10,8,0.95,0.117536419754545
"brier",1,10,8,0.96,0.101134971781818
"brier",1,10,8,0.97,0.0873963261318182
"brier",1,10,8,0.98,0.0702989090909091
"brier",1,10,8,0.99,0.0536838968681818
"brier",1,10,8,0.995,0.0431364409590909
"brier",1,10,9,0.9,0.113868127181818
"brier",1,10,9,0.91,0.0999591238227273
"brier",1,10,9,0.92,0.0878271247772727
"brier",1,10,9,0.93,0.0747202190863636
"brier",1,10,9,0.94,0.0643595765954545
"brier",1,10,9,0.95,0.0531994658681818
"brier",1,10,9,0.96,0.0429775691681818
"brier",1,10,9,0.97,0.0332705245954545
"brier",1,10,9,0.98,0.0209090936545455
"brier",1,10,9,0.99,0.00863636363636364
"brier",1,10,9,0.995,0.00545454545454545
"brier",1,10,10,0.9,0.192132671477273
"brier",1,10,10,0.91,0.177762202231818
"brier",1,10,10,0.92,0.164291253213636
"brier",1,10,10,0.93,0.148207120822727
"brier",1,10,10,0.94,0.130090313822727
"brier",1,10,10,0.95,0.110331479409091
"brier",1,10,10,0.96,0.0898054754363636
"brier",1,10,10,0.97,0.0736755524545455
"brier",1,10,10,0.98,0.0527622280227273
"brier",1,10,10,0.99,0.0379489187909091
"brier",1,10,10,0.995,0.0259062397090909
"brier",1,10,11,0.9,0.134280177881818
"brier",1,10,11,0.91,0.117350914672727
"brier",1,10,11,0.92,0.1007750223
"brier",1,10,11,0.93,0.0849365926681818
"brier",1,10,11,0.94,0.0702012671272727
"brier",1,10,11,0.95,0.0571074490136364
"brier",1,10,11,0.96,0.0451133647227273
"brier",1,10,11,0.97,0.0329780739818182
"brier",1,10,11,0.98,0.0237427842636364
"brier",1,10,11,0.99,0.0136888729681818
"brier",1,10,11,0.995,0.00701032519090909
"brier",1,10,12,0.9,0.147111542218182
"brier",1,10,12,0.91,0.135570530736364
"brier",1,10,12,0.92,0.124488154740909
"brier",1,10,12,0.93,0.114981323868182
"brier",1,10,12,0.94,0.105653400431818
"brier",1,10,12,0.95,0.0980623623363636
"brier",1,10,12,0.96,0.0819923799863636
"brier",1,10,12,0.97,0.0606140550363636
"brier",1,10,12,0.98,0.0311031288772727
"brier",1,10,12,0.99,0.0101910452
"brier",1,10,12,0.995,0.00546125333636364
"brier",1,10,13,0.9,0.151126647713636
"brier",1,10,13,0.91,0.136647547081818
"brier",1,10,13,0.92,0.121712838995455
"brier",1,10,13,0.93,0.1065570242
"brier",1,10,13,0.94,0.0948704603409091
"brier",1,10,13,0.95,0.0806711446863636
"brier",1,10,13,0.96,0.0666749451318182
"brier",1,10,13,0.97,0.0543739073636364
"brier",1,10,13,0.98,0.0433104718181818
"brier",1,10,13,0.99,0.0311854844545455
"brier",1,10,13,0.995,0.0229759619090909
"brier",1,10,14,0.9,0.207007661304545
"brier",1,10,14,0.91,0.192978878254545
"brier",1,10,14,0.92,0.179638385172727
"brier",1,10,14,0.93,0.162935467931818
"brier",1,10,14,0.94,0.147393864568182
"brier",1,10,14,0.95,0.126084320268182
"brier",1,10,14,0.96,0.105556611277273
"brier",1,10,14,0.97,0.0880913732363636
"brier",1,10,14,0.98,0.0683895353227273
"brier",1,10,14,0.99,0.0538892464272727
"brier",1,10,14,0.995,0.0452581914636364
"brier",1,10,15,0.9,0.169508486336364
"brier",1,10,15,0.91,0.143557495913636
"brier",1,10,15,0.92,0.117497778281818
"brier",1,10,15,0.93,0.0971028606818182
"brier",1,10,15,0.94,0.0757026531272727
"brier",1,10,15,0.95,0.0587421576045455
"brier",1,10,15,0.96,0.04631724125
"brier",1,10,15,0.97,0.0353039162954545
"brier",1,10,15,0.98,0.0369544194409091
"brier",1,10,15,0.99,0.01724789425
"brier",1,10,15,0.995,0.00830498052727273
"brier",1,10,16,0.9,0.227283655990909
"brier",1,10,16,0.91,0.216866723159091
"brier",1,10,16,0.92,0.200876496145455
"brier",1,10,16,0.93,0.182642279409091
"brier",1,10,16,0.94,0.163424848336364
"brier",1,10,16,0.95,0.138482913227273
"brier",1,10,16,0.96,0.109977692945455
"brier",1,10,16,0.97,0.0833522746318182
"brier",1,10,16,0.98,0.0474580812818182
"brier",1,10,16,0.99,0.0217866952136364
"brier",1,10,16,0.995,0.0117119905363636
"brier",1,10,17,0.9,0.111102881172727
"brier",1,10,17,0.91,0.0967494121227273
"brier",1,10,17,0.92,0.0795641314363636
"brier",1,10,17,0.93,0.0625589334727273
"brier",1,10,17,0.94,0.0466267529590909
"brier",1,10,17,0.95,0.0349445275363636
"brier",1,10,17,0.96,0.0270413182272727
"brier",1,10,17,0.97,0.0293479738818182
"brier",1,10,17,0.98,0.0303341155181818
"brier",1,10,17,0.99,0.0253573889272727
"brier",1,10,17,0.995,0.00945584849090909
"brier",1,10,18,0.9,0.174027270531818
"brier",1,10,18,0.91,0.158616372863636
"brier",1,10,18,0.92,0.142567284354545
"brier",1,10,18,0.93,0.123565090890909
"brier",1,10,18,0.94,0.106695634595455
"brier",1,10,18,0.95,0.091800883
"brier",1,10,18,0.96,0.0739247548363636
"brier",1,10,18,0.97,0.0547612268545455
"brier",1,10,18,0.98,0.0397491430863636
"brier",1,10,18,0.99,0.0206724834090909
"brier",1,10,18,0.995,0.0139799334818182
"brier",1,10,19,0.9,0.191961853413636
"brier",1,10,19,0.91,0.170413750331818
"brier",1,10,19,0.92,0.141091716245455
"brier",1,10,19,0.93,0.105048165395455
"brier",1,10,19,0.94,0.0751644641545455
"brier",1,10,19,0.95,0.0541730750545455
"brier",1,10,19,0.96,0.0395634266
"brier",1,10,19,0.97,0.0289487557090909
"brier",1,10,19,0.98,0.02092717875
"brier",1,10,19,0.99,0.0100000361909091
"brier",1,10,19,0.995,0.00500000005
"brier",1,10,20,0.9,0.09369493025
"brier",1,10,20,0.91,0.0823329269636364
"brier",1,10,20,0.92,0.0678508933909091
"brier",1,10,20,0.93,0.0552427953909091
"brier",1,10,20,0.94,0.0449493292863636
"brier",1,10,20,0.95,0.0329939863909091
"brier",1,10,20,0.96,0.0202498119181818
"brier",1,10,20,0.97,0.0119709159181818
"brier",1,10,20,0.98,0.0078858142
"brier",1,10,20,0.99,0.0043145123
"brier",1,10,20,0.995,0.00585711342727273
"brier",1,10,21,0.9,0.145425537977273
"brier",1,10,21,0.91,0.127383007322727
"brier",1,10,21,0.92,0.108755829340909
"brier",1,10,21,0.93,0.0941330702136364
"brier",1,10,21,0.94,0.0775043302454545
"brier",1,10,21,0.95,0.06140614945
"brier",1,10,21,0.96,0.0438638355272727
"brier",1,10,21,0.97,0.0295142038181818
"brier",1,10,21,0.98,0.0166440502272727
"brier",1,10,21,0.99,0.00916865560454545
"brier",1,10,21,0.995,0.00182371694545455
"brier",1,10,22,0.9,0.182360300786364
"brier",1,10,22,0.91,0.166283390604545
"brier",1,10,22,0.92,0.145208733072727
"brier",1,10,22,0.93,0.110892079704545
"brier",1,10,22,0.94,0.0737485901636364
"brier",1,10,22,0.95,0.0414987667227273
"brier",1,10,22,0.96,0.0342845939545455
"brier",1,10,22,0.97,0.0298292653590909
"brier",1,10,22,0.98,0.0222699106818182
"brier",1,10,22,0.99,0.00909090909090909
"brier",1,10,22,0.995,0.005
"brier",1,10,23,0.9,0.104536906840909
"brier",1,10,23,0.91,0.0968607428863636
"brier",1,10,23,0.92,0.0877860411545455
"brier",1,10,23,0.93,0.0791970517318182
"brier",1,10,23,0.94,0.0673657041681818
"brier",1,10,23,0.95,0.0581949732363636
"brier",1,10,23,0.96,0.0438145751454545
"brier",1,10,23,0.97,0.0310495684954545
"brier",1,10,23,0.98,0.0222534489863636
"brier",1,10,23,0.99,0.0104768706863636
"brier",1,10,23,0.995,0.00545581256363636
"brier",1,10,24,0.9,0.212827293090909
"brier",1,10,24,0.91,0.201024655163636
"brier",1,10,24,0.92,0.188598173768182
"brier",1,10,24,0.93,0.17374074985
"brier",1,10,24,0.94,0.154523122818182
"brier",1,10,24,0.95,0.136032196186364
"brier",1,10,24,0.96,0.119033184027273
"brier",1,10,24,0.97,0.0979991484590909
"brier",1,10,24,0.98,0.0674418991863636
"brier",1,10,24,0.99,0.0367618673772727
"brier",1,10,24,0.995,0.0245115730818182
"brier",1,10,25,0.9,0.1568356643
"brier",1,10,25,0.91,0.144727047990909
"brier",1,10,25,0.92,0.128494837086364
"brier",1,10,25,0.93,0.113112287054545
"brier",1,10,25,0.94,0.1008617464
"brier",1,10,25,0.95,0.0876214113181818
"brier",1,10,25,0.96,0.0749050194363636
"brier",1,10,25,0.97,0.0622747890727273
"brier",1,10,25,0.98,0.0468222492227273
"brier",1,10,25,0.99,0.0284569268636364
"brier",1,10,25,0.995,0.0148449407363636
"brier",1,10,26,0.9,0.169050029431818
"brier",1,10,26,0.91,0.15030073975
"brier",1,10,26,0.92,0.132345831313636
"brier",1,10,26,0.93,0.107797444127273
"brier",1,10,26,0.94,0.0831116362727273
"brier",1,10,26,0.95,0.0686035699545455
"brier",1,10,26,0.96,0.0504574146545455
"brier",1,10,26,0.97,0.03090909095
"brier",1,10,26,0.98,0.0190909090909091
"brier",1,10,26,0.99,0.00818181818181818
"brier",1,10,26,0.995,0.00454545454545455
"brier",1,10,27,0.9,0.219555809327273
"brier",1,10,27,0.91,0.197931991931818
"brier",1,10,27,0.92,0.170717730990909
"brier",1,10,27,0.93,0.148044186190909
"brier",1,10,27,0.94,0.123353885281818
"brier",1,10,27,0.95,0.0993289801181818
"brier",1,10,27,0.96,0.0743450974136364
"brier",1,10,27,0.97,0.0559272165272727
"brier",1,10,27,0.98,0.0406141605954545
"brier",1,10,27,0.99,0.0322706387681818
"brier",1,10,27,0.995,0.0257937295909091
"brier",1,10,28,0.9,0.135534993104545
"brier",1,10,28,0.91,0.125096989195455
"brier",1,10,28,0.92,0.111034359868182
"brier",1,10,28,0.93,0.0972580235681818
"brier",1,10,28,0.94,0.0876141365727273
"brier",1,10,28,0.95,0.0775117778545455
"brier",1,10,28,0.96,0.0687033637636364
"brier",1,10,28,0.97,0.0550243578363636
"brier",1,10,28,0.98,0.0423511020045455
"brier",1,10,28,0.99,0.0275448133545455
"brier",1,10,28,0.995,0.0177510590318182
"brier",1,10,29,0.9,0.157387360477273
"brier",1,10,29,0.91,0.141623834504545
"brier",1,10,29,0.92,0.1289517628
"brier",1,10,29,0.93,0.113428295481818
"brier",1,10,29,0.94,0.0999856210227273
"brier",1,10,29,0.95,0.0822336320363636
"brier",1,10,29,0.96,0.0659984140318182
"brier",1,10,29,0.97,0.0496505436636364
"brier",1,10,29,0.98,0.0378152167954545
"brier",1,10,29,0.99,0.0207657935454545
"brier",1,10,29,0.995,0.0100690569590909
"brier",1,10,30,0.9,0.142771025090909
"brier",1,10,30,0.91,0.125395833909091
"brier",1,10,30,0.92,0.106074436177273
"brier",1,10,30,0.93,0.0902238407818182
"brier",1,10,30,0.94,0.0737348199863636
"brier",1,10,30,0.95,0.0573978435909091
"brier",1,10,30,0.96,0.0433252571863636
"brier",1,10,30,0.97,0.0310868755909091
"brier",1,10,30,0.98,0.0201199237863636
"brier",1,10,30,0.99,0.00956287324545455
"brier",1,10,30,0.995,0.00272793741363636
"brier",1,10,31,0.9,0.178920322986364
"brier",1,10,31,0.91,0.170647590540909
"brier",1,10,31,0.92,0.157168408322727
"brier",1,10,31,0.93,0.143016430231818
"brier",1,10,31,0.94,0.12846384715
"brier",1,10,31,0.95,0.114939967827273
"brier",1,10,31,0.96,0.0951402933090909
"brier",1,10,31,0.97,0.0780370458909091
"brier",1,10,31,0.98,0.0599264642318182
"brier",1,10,31,0.99,0.0420202398954545
"brier",1,10,31,0.995,0.0340111701909091
"brier",1,10,32,0.9,0.185764644122727
"brier",1,10,32,0.91,0.170192472436364
"brier",1,10,32,0.92,0.153058959845455
"brier",1,10,32,0.93,0.132483144872727
"brier",1,10,32,0.94,0.113952045068182
"brier",1,10,32,0.95,0.0953269664681818
"brier",1,10,32,0.96,0.0726309069909091
"brier",1,10,32,0.97,0.0439817341272727
"brier",1,10,32,0.98,0.0200412907909091
"brier",1,10,32,0.99,0.0109090909090909
"brier",1,10,32,0.995,0.00590909090909091
"brier",1,10,33,0.9,0.174564792763636
"brier",1,10,33,0.91,0.159229038081818
"brier",1,10,33,0.92,0.146295967168182
"brier",1,10,33,0.93,0.132259405759091
"brier",1,10,33,0.94,0.11485145025
"brier",1,10,33,0.95,0.0943280741
"brier",1,10,33,0.96,0.0719684403318182
"brier",1,10,33,0.97,0.0503967844272727
"brier",1,10,33,0.98,0.0205705810090909
"brier",1,10,33,0.99,0.0104545454545455
"brier",1,10,33,0.995,0.005
"brier",1,10,34,0.9,0.149306869490909
"brier",1,10,34,0.91,0.141352822322727
"brier",1,10,34,0.92,0.132312079131818
"brier",1,10,34,0.93,0.125019808413636
"brier",1,10,34,0.94,0.11271330335
"brier",1,10,34,0.95,0.101531612045455
"brier",1,10,34,0.96,0.0863651299636364
"brier",1,10,34,0.97,0.0709483068454545
"brier",1,10,34,0.98,0.0531467509590909
"brier",1,10,34,0.99,0.0373801937954545
"brier",1,10,34,0.995,0.0239216274136364
"brier",1,10,35,0.9,0.165314779686364
"brier",1,10,35,0.91,0.153008393140909
"brier",1,10,35,0.92,0.142373654831818
"brier",1,10,35,0.93,0.128402419859091
"brier",1,10,35,0.94,0.118606638577273
"brier",1,10,35,0.95,0.0991622820272727
"brier",1,10,35,0.96,0.0781166016181818
"brier",1,10,35,0.97,0.0581900731136364
"brier",1,10,35,0.98,0.0362827203136364
"brier",1,10,35,0.99,0.0205190123909091
"brier",1,10,35,0.995,0.0129240768363636
"brier",1,10,36,0.9,0.186303247809091
"brier",1,10,36,0.91,0.170856735781818
"brier",1,10,36,0.92,0.153440994536364
"brier",1,10,36,0.93,0.137846126236364
"brier",1,10,36,0.94,0.120025324704545
"brier",1,10,36,0.95,0.102210659190909
"brier",1,10,36,0.96,0.0857901637227273
"brier",1,10,36,0.97,0.0721110580045455
"brier",1,10,36,0.98,0.0545498136090909
"brier",1,10,36,0.99,0.0395962562727273
"brier",1,10,36,0.995,0.0294068604681818
"brier",1,10,37,0.9,0.101989133945455
"brier",1,10,37,0.91,0.0917807650409091
"brier",1,10,37,0.92,0.0823597585181818
"brier",1,10,37,0.93,0.0692498828318182
"brier",1,10,37,0.94,0.0591208902136364
"brier",1,10,37,0.95,0.0500054087590909
"brier",1,10,37,0.96,0.0409094211409091
"brier",1,10,37,0.97,0.0304545536409091
"brier",1,10,37,0.98,0.0209090909136364
"brier",1,10,37,0.99,0.0109090909090909
"brier",1,10,37,0.995,0.00409090909090909
"brier",1,10,38,0.9,0.128196219913636
"brier",1,10,38,0.91,0.118735417386364
"brier",1,10,38,0.92,0.104139664854545
"brier",1,10,38,0.93,0.0921586568454545
"brier",1,10,38,0.94,0.0815757911363636
"brier",1,10,38,0.95,0.0681891614954546
"brier",1,10,38,0.96,0.0541151390727273
"brier",1,10,38,0.97,0.0410067685818182
"brier",1,10,38,0.98,0.0260705156590909
"brier",1,10,38,0.99,0.0128295449136364
"brier",1,10,38,0.995,0.00622387417272727
"brier",1,10,39,0.9,0.153791460695455
"brier",1,10,39,0.91,0.136625419354545
"brier",1,10,39,0.92,0.12073461795
"brier",1,10,39,0.93,0.105962054081818
"brier",1,10,39,0.94,0.0902704453727273
"brier",1,10,39,0.95,0.0727383785772727
"brier",1,10,39,0.96,0.0554525338454545
"brier",1,10,39,0.97,0.0412787995409091
"brier",1,10,39,0.98,0.0218036999590909
"brier",1,10,39,0.99,0.0122962283954545
"brier",1,10,39,0.995,0.00512048110909091
"brier",1,10,40,0.9,0.160165225122727
"brier",1,10,40,0.91,0.144723316881818
"brier",1,10,40,0.92,0.131879874290909
"brier",1,10,40,0.93,0.119319892118182
"brier",1,10,40,0.94,0.101140498936364
"brier",1,10,40,0.95,0.0871570964772727
"brier",1,10,40,0.96,0.0692864437136364
"brier",1,10,40,0.97,0.0539676121
"brier",1,10,40,0.98,0.0394072000590909
"brier",1,10,40,0.99,0.0217224246045455
"brier",1,10,40,0.995,0.0129822990590909
"brier",1,10,41,0.9,0.133533841627273
"brier",1,10,41,0.91,0.122658498140909
"brier",1,10,41,0.92,0.1123803502
"brier",1,10,41,0.93,0.102170271127273
"brier",1,10,41,0.94,0.0916426265772727
"brier",1,10,41,0.95,0.0743504051045455
"brier",1,10,41,0.96,0.0593456807727273
"brier",1,10,41,0.97,0.04744986025
"brier",1,10,41,0.98,0.0283987951954545
"brier",1,10,41,0.99,0.00954545454545455
"brier",1,10,41,0.995,0.00363636363636364
"brier",1,10,42,0.9,0.118423519236364
"brier",1,10,42,0.91,0.1046198613
"brier",1,10,42,0.92,0.0917286405909091
"brier",1,10,42,0.93,0.0771710132954545
"brier",1,10,42,0.94,0.0632963076
"brier",1,10,42,0.95,0.0519950953909091
"brier",1,10,42,0.96,0.0406427309772727
"brier",1,10,42,0.97,0.0293521159181818
"brier",1,10,42,0.98,0.0203455479181818
"brier",1,10,42,0.99,0.00821046574545455
"brier",1,10,42,0.995,0.00454641689545455
"brier",1,10,43,0.9,0.227935663431818
"brier",1,10,43,0.91,0.213182892804545
"brier",1,10,43,0.92,0.198954325727273
"brier",1,10,43,0.93,0.178421090140909
"brier",1,10,43,0.94,0.158213874027273
"brier",1,10,43,0.95,0.1398322967
"brier",1,10,43,0.96,0.120692588713636
"brier",1,10,43,0.97,0.0973892045545455
"brier",1,10,43,0.98,0.0694768006590909
"brier",1,10,43,0.99,0.0392860032545455
"brier",1,10,43,0.995,0.0210690709181818
"brier",1,10,44,0.9,0.202748914563636
"brier",1,10,44,0.91,0.191801981727273
"brier",1,10,44,0.92,0.181742734890909
"brier",1,10,44,0.93,0.172873224713636
"brier",1,10,44,0.94,0.161530127836364
"brier",1,10,44,0.95,0.151169120836364
"brier",1,10,44,0.96,0.13135919445
"brier",1,10,44,0.97,0.1071501126
"brier",1,10,44,0.98,0.0804248609136364
"brier",1,10,44,0.99,0.0447645218954545
"brier",1,10,44,0.995,0.02346067215
"brier",1,10,45,0.9,0.211162318222727
"brier",1,10,45,0.91,0.196583255895455
"brier",1,10,45,0.92,0.176788641890909
"brier",1,10,45,0.93,0.158543906959091
"brier",1,10,45,0.94,0.135872455290909
"brier",1,10,45,0.95,0.115967685704545
"brier",1,10,45,0.96,0.0980421341818182
"brier",1,10,45,0.97,0.0829332701909091
"brier",1,10,45,0.98,0.0567721766181818
"brier",1,10,45,0.99,0.0259554767
"brier",1,10,45,0.995,0.01466048575
"brier",1,10,46,0.9,0.144589479036364
"brier",1,10,46,0.91,0.129916251913636
"brier",1,10,46,0.92,0.115897427568182
"brier",1,10,46,0.93,0.100947863895455
"brier",1,10,46,0.94,0.0876707260272727
"brier",1,10,46,0.95,0.0718163529727273
"brier",1,10,46,0.96,0.0562800271954545
"brier",1,10,46,0.97,0.0401537802181818
"brier",1,10,46,0.98,0.0236413200454545
"brier",1,10,46,0.99,0.0101547063863636
"brier",1,10,46,0.995,0.00663044350454545
"brier",1,10,47,0.9,0.174528010563636
"brier",1,10,47,0.91,0.160577499431818
"brier",1,10,47,0.92,0.147790830459091
"brier",1,10,47,0.93,0.136083110477273
"brier",1,10,47,0.94,0.120336713609091
"brier",1,10,47,0.95,0.101440997668182
"brier",1,10,47,0.96,0.0845634632045455
"brier",1,10,47,0.97,0.0639732761636364
"brier",1,10,47,0.98,0.0447129462954545
"brier",1,10,47,0.99,0.0221942885954545
"brier",1,10,47,0.995,0.0113774829272727
"brier",1,10,48,0.9,0.160949724209091
"brier",1,10,48,0.91,0.154655422481818
"brier",1,10,48,0.92,0.14833464285
"brier",1,10,48,0.93,0.139676586613636
"brier",1,10,48,0.94,0.125868216077273
"brier",1,10,48,0.95,0.111245610481818
"brier",1,10,48,0.96,0.0843573145636364
"brier",1,10,48,0.97,0.0564614923545455
"brier",1,10,48,0.98,0.0335546182181818
"brier",1,10,48,0.99,0.0137032150045455
"brier",1,10,48,0.995,0.00620664363636364
"brier",1,10,49,0.9,0.194769547918182
"brier",1,10,49,0.91,0.171031979486364
"brier",1,10,49,0.92,0.147838638136364
"brier",1,10,49,0.93,0.121603382795455
"brier",1,10,49,0.94,0.0977732016954545
"brier",1,10,49,0.95,0.0748054249681818
"brier",1,10,49,0.96,0.0543942944954545
"brier",1,10,49,0.97,0.0340957097
"brier",1,10,49,0.98,0.0199827221454545
"brier",1,10,49,0.99,0.0100793414454545
"brier",1,10,49,0.995,0.00454573260454545
"brier",1,10,50,0.9,0.120631183186364
"brier",1,10,50,0.91,0.107424602127273
"brier",1,10,50,0.92,0.0937237356136364
"brier",1,10,50,0.93,0.0754077383772727
"brier",1,10,50,0.94,0.0610490384954545
"brier",1,10,50,0.95,0.0481819727409091
"brier",1,10,50,0.96,0.0404545455409091
"brier",1,10,50,0.97,0.0304545454545455
"brier",1,10,50,0.98,0.0209090909090909
"brier",1,10,50,0.99,0.0131818181818182
"brier",1,10,50,0.995,0.00727272727272727
"brier",2,10,1,0.9,0.138038998427273
"brier",2,10,1,0.91,0.125457583022727
"brier",2,10,1,0.92,0.110668316218182
"brier",2,10,1,0.93,0.1001676608
"brier",2,10,1,0.94,0.0899852183227273
"brier",2,10,1,0.95,0.07938884335
"brier",2,10,1,0.96,0.0692747107681818
"brier",2,10,1,0.97,0.0568712867045455
"brier",2,10,1,0.98,0.0409420124090909
"brier",2,10,1,0.99,0.0275268661136364
"brier",2,10,1,0.995,0.0193866001227273
"brier",2,10,2,0.9,0.171590780390909
"brier",2,10,2,0.91,0.154603902409091
"brier",2,10,2,0.92,0.139982650368182
"brier",2,10,2,0.93,0.122115098031818
"brier",2,10,2,0.94,0.104627941386364
"brier",2,10,2,0.95,0.0911509259227273
"brier",2,10,2,0.96,0.0758613518409091
"brier",2,10,2,0.97,0.0587018061954545
"brier",2,10,2,0.98,0.0454198146909091
"brier",2,10,2,0.99,0.0252938402636364
"brier",2,10,2,0.995,0.0129979463363636
"brier",2,10,3,0.9,0.103927447240909
"brier",2,10,3,0.91,0.09159117955
"brier",2,10,3,0.92,0.0799650792818182
"brier",2,10,3,0.93,0.0712103631272727
"brier",2,10,3,0.94,0.0627185698863636
"brier",2,10,3,0.95,0.0488987086318182
"brier",2,10,3,0.96,0.0390694903409091
"brier",2,10,3,0.97,0.0313209839954545
"brier",2,10,3,0.98,0.0183824549909091
"brier",2,10,3,0.99,0.0117845739363636
"brier",2,10,3,0.995,0.00625271423636364
"brier",2,10,4,0.9,0.199510024159091
"brier",2,10,4,0.91,0.185057194590909
"brier",2,10,4,0.92,0.171239147504545
"brier",2,10,4,0.93,0.154468863018182
"brier",2,10,4,0.94,0.135832216036364
"brier",2,10,4,0.95,0.115288440231818
"brier",2,10,4,0.96,0.0927845000318182
"brier",2,10,4,0.97,0.0741464698545455
"brier",2,10,4,0.98,0.0528470425863636
"brier",2,10,4,0.99,0.0311211286954545
"brier",2,10,4,0.995,0.0180479123954545
"brier",2,10,5,0.9,0.111880304177273
"brier",2,10,5,0.91,0.1059753762
"brier",2,10,5,0.92,0.0993600596363636
"brier",2,10,5,0.93,0.0927702647727273
"brier",2,10,5,0.94,0.0847044912954545
"brier",2,10,5,0.95,0.07809627165
"brier",2,10,5,0.96,0.0709266251454545
"brier",2,10,5,0.97,0.0591327015
"brier",2,10,5,0.98,0.0391693739409091
"brier",2,10,5,0.99,0.0179866292545455
"brier",2,10,5,0.995,0.00843734786363636
"brier",2,10,6,0.9,0.143487964095455
"brier",2,10,6,0.91,0.129974351763636
"brier",2,10,6,0.92,0.115759649890909
"brier",2,10,6,0.93,0.103173704386364
"brier",2,10,6,0.94,0.0887336317636364
"brier",2,10,6,0.95,0.0760671350181818
"brier",2,10,6,0.96,0.0644186520090909
"brier",2,10,6,0.97,0.0527924109227273
"brier",2,10,6,0.98,0.0428211540681818
"brier",2,10,6,0.99,0.0290841544409091
"brier",2,10,6,0.995,0.0233087946590909
"brier",2,10,7,0.9,0.172853943059091
"brier",2,10,7,0.91,0.156819084304545
"brier",2,10,7,0.92,0.141080793613636
"brier",2,10,7,0.93,0.123788048631818
"brier",2,10,7,0.94,0.112937622890909
"brier",2,10,7,0.95,0.0984415595363636
"brier",2,10,7,0.96,0.0814404088045454
"brier",2,10,7,0.97,0.0665874470772727
"brier",2,10,7,0.98,0.0486683972818182
"brier",2,10,7,0.99,0.0323889331909091
"brier",2,10,7,0.995,0.0207558255681818
"brier",2,10,8,0.9,0.185187902772727
"brier",2,10,8,0.91,0.168784116768182
"brier",2,10,8,0.92,0.152850943540909
"brier",2,10,8,0.93,0.142673435668182
"brier",2,10,8,0.94,0.12970876095
"brier",2,10,8,0.95,0.115227508245455
"brier",2,10,8,0.96,0.0994768131045455
"brier",2,10,8,0.97,0.0863801027772727
"brier",2,10,8,0.98,0.0700261407772727
"brier",2,10,8,0.99,0.0537898366045455
"brier",2,10,8,0.995,0.0430535783545455
"brier",2,10,9,0.9,0.1113749061
"brier",2,10,9,0.91,0.0980633520045455
"brier",2,10,9,0.92,0.0864889245954545
"brier",2,10,9,0.93,0.0738993481227273
"brier",2,10,9,0.94,0.0639726085681818
"brier",2,10,9,0.95,0.0532758675545455
"brier",2,10,9,0.96,0.0433434869954545
"brier",2,10,9,0.97,0.0336074031590909
"brier",2,10,9,0.98,0.0209260320363636
"brier",2,10,9,0.99,0.00863636702272727
"brier",2,10,9,0.995,0.00545454545454545
"brier",2,10,10,0.9,0.188117861440909
"brier",2,10,10,0.91,0.174109212513636
"brier",2,10,10,0.92,0.161151895718182
"brier",2,10,10,0.93,0.144930239527273
"brier",2,10,10,0.94,0.126815484209091
"brier",2,10,10,0.95,0.106803675427273
"brier",2,10,10,0.96,0.0865635202681818
"brier",2,10,10,0.97,0.0698113907272727
"brier",2,10,10,0.98,0.0498730566636364
"brier",2,10,10,0.99,0.0359079287727273
"brier",2,10,10,0.995,0.0243963529772727
"brier",2,10,11,0.9,0.132111709618182
"brier",2,10,11,0.91,0.115781903022727
"brier",2,10,11,0.92,0.0996773999954546
"brier",2,10,11,0.93,0.0842959836090909
"brier",2,10,11,0.94,0.0699962085136364
"brier",2,10,11,0.95,0.0572499869409091
"brier",2,10,11,0.96,0.0453774938272727
"brier",2,10,11,0.97,0.0331449462181818
"brier",2,10,11,0.98,0.0238547930863636
"brier",2,10,11,0.99,0.0138004665
"brier",2,10,11,0.995,0.00709763024090909
"brier",2,10,12,0.9,0.148313103654545
"brier",2,10,12,0.91,0.135978587227273
"brier",2,10,12,0.92,0.123581007277273
"brier",2,10,12,0.93,0.113343797918182
"brier",2,10,12,0.94,0.103804507731818
"brier",2,10,12,0.95,0.0959626547
"brier",2,10,12,0.96,0.0791634663954545
"brier",2,10,12,0.97,0.0568727803545455
"brier",2,10,12,0.98,0.0291366790090909
"brier",2,10,12,0.99,0.0107228058454545
"brier",2,10,12,0.995,0.00563332761363636
"brier",2,10,13,0.9,0.150357065109091
"brier",2,10,13,0.91,0.136253538309091
"brier",2,10,13,0.92,0.121724228968182
"brier",2,10,13,0.93,0.106727254922727
"brier",2,10,13,0.94,0.0951517039
"brier",2,10,13,0.95,0.0810668223045455
"brier",2,10,13,0.96,0.0670269413363636
"brier",2,10,13,0.97,0.0546037605045455
"brier",2,10,13,0.98,0.0433332010863636
"brier",2,10,13,0.99,0.0308150173318182
"brier",2,10,13,0.995,0.0223066800818182
"brier",2,10,14,0.9,0.207111364872727
"brier",2,10,14,0.91,0.193841124263636
"brier",2,10,14,0.92,0.181142229640909
"brier",2,10,14,0.93,0.165010617845455
"brier",2,10,14,0.94,0.148944433122727
"brier",2,10,14,0.95,0.125985175536364
"brier",2,10,14,0.96,0.103109974413636
"brier",2,10,14,0.97,0.0846083552318182
"brier",2,10,14,0.98,0.0651632860590909
"brier",2,10,14,0.99,0.0510450926363636
"brier",2,10,14,0.995,0.0425534552409091
"brier",2,10,15,0.9,0.171158297977273
"brier",2,10,15,0.91,0.14416427405
"brier",2,10,15,0.92,0.117761184154545
"brier",2,10,15,0.93,0.0970199450181818
"brier",2,10,15,0.94,0.0757955068227273
"brier",2,10,15,0.95,0.0588215494727273
"brier",2,10,15,0.96,0.0461795465863636
"brier",2,10,15,0.97,0.03497515015
"brier",2,10,15,0.98,0.0346747348818182
"brier",2,10,15,0.99,0.0159465075
"brier",2,10,15,0.995,0.00822170006363636
"brier",2,10,16,0.9,0.225984350504545
"brier",2,10,16,0.91,0.214906317163636
"brier",2,10,16,0.92,0.197676682040909
"brier",2,10,16,0.93,0.178946178890909
"brier",2,10,16,0.94,0.158586523627273
"brier",2,10,16,0.95,0.133572809913636
"brier",2,10,16,0.96,0.105537496240909
"brier",2,10,16,0.97,0.0804671455727273
"brier",2,10,16,0.98,0.0463578306136364
"brier",2,10,16,0.99,0.0221483823454545
"brier",2,10,16,0.995,0.0123571877045455
"brier",2,10,17,0.9,0.110741457727273
"brier",2,10,17,0.91,0.0956945974181818
"brier",2,10,17,0.92,0.0783503991318182
"brier",2,10,17,0.93,0.0615208578090909
"brier",2,10,17,0.94,0.0459870375272727
"brier",2,10,17,0.95,0.0347514153818182
"brier",2,10,17,0.96,0.0270473976136364
"brier",2,10,17,0.97,0.0292065330681818
"brier",2,10,17,0.98,0.0294578143318182
"brier",2,10,17,0.99,0.0234970976363636
"brier",2,10,17,0.995,0.00906621863636364
"brier",2,10,18,0.9,0.174454507181818
"brier",2,10,18,0.91,0.158213556509091
"brier",2,10,18,0.92,0.141481859772727
"brier",2,10,18,0.93,0.121974433677273
"brier",2,10,18,0.94,0.104831359368182
"brier",2,10,18,0.95,0.0898970829409091
"brier",2,10,18,0.96,0.0722483383545455
"brier",2,10,18,0.97,0.0535443974818182
"brier",2,10,18,0.98,0.0388451827636364
"brier",2,10,18,0.99,0.0191950156181818
"brier",2,10,18,0.995,0.0123178126454545
"brier",2,10,19,0.9,0.189198785277273
"brier",2,10,19,0.91,0.168031222413636
"brier",2,10,19,0.92,0.139270967381818
"brier",2,10,19,0.93,0.104039046736364
"brier",2,10,19,0.94,0.07464116965
"brier",2,10,19,0.95,0.0540854831227273
"brier",2,10,19,0.96,0.0397059615045455
"brier",2,10,19,0.97,0.02903731825
"brier",2,10,19,0.98,0.0209456248772727
"brier",2,10,19,0.99,0.0100004797318182
"brier",2,10,19,0.995,0.00500000195909091
"brier",2,10,20,0.9,0.0922916844454545
"brier",2,10,20,0.91,0.0809202153772727
"brier",2,10,20,0.92,0.0666010505409091
"brier",2,10,20,0.93,0.0542253005818182
"brier",2,10,20,0.94,0.0441541393454545
"brier",2,10,20,0.95,0.0324815886136364
"brier",2,10,20,0.96,0.0199556846318182
"brier",2,10,20,0.97,0.0121258207545455
"brier",2,10,20,0.98,0.00792877173181818
"brier",2,10,20,0.99,0.00381477634545455
"brier",2,10,20,0.995,0.00464232580909091
"brier",2,10,21,0.9,0.146607687904545
"brier",2,10,21,0.91,0.128001801263636
"brier",2,10,21,0.92,0.108891844277273
"brier",2,10,21,0.93,0.09400701015
"brier",2,10,21,0.94,0.0773421388863636
"brier",2,10,21,0.95,0.0610428740363636
"brier",2,10,21,0.96,0.04353897395
"brier",2,10,21,0.97,0.0293414476909091
"brier",2,10,21,0.98,0.01665073065
"brier",2,10,21,0.99,0.00920819993636364
"brier",2,10,21,0.995,0.00183937485
"brier",2,10,22,0.9,0.1777344921
"brier",2,10,22,0.91,0.162070183722727
"brier",2,10,22,0.92,0.142117653509091
"brier",2,10,22,0.93,0.110124257590909
"brier",2,10,22,0.94,0.0744211256
"brier",2,10,22,0.95,0.0426910668181818
"brier",2,10,22,0.96,0.0351447482545455
"brier",2,10,22,0.97,0.0299239576272727
"brier",2,10,22,0.98,0.0222720757181818
"brier",2,10,22,0.99,0.00909090920454545
"brier",2,10,22,0.995,0.005
"brier",2,10,23,0.9,0.102504279531818
"brier",2,10,23,0.91,0.0953950222045455
"brier",2,10,23,0.92,0.0870965577318182
"brier",2,10,23,0.93,0.0788769522318182
"brier",2,10,23,0.94,0.0672443274409091
"brier",2,10,23,0.95,0.0582670274454545
"brier",2,10,23,0.96,0.0438306479409091
"brier",2,10,23,0.97,0.0311794805363636
"brier",2,10,23,0.98,0.0224188293045455
"brier",2,10,23,0.99,0.0105334714227273
"brier",2,10,23,0.995,0.00546782940909091
"brier",2,10,24,0.9,0.210424426422727
"brier",2,10,24,0.91,0.198795795009091
"brier",2,10,24,0.92,0.186604169113636
"brier",2,10,24,0.93,0.172180118222727
"brier",2,10,24,0.94,0.153232182422727
"brier",2,10,24,0.95,0.13496459945
"brier",2,10,24,0.96,0.11833403995
"brier",2,10,24,0.97,0.0976056128590909
"brier",2,10,24,0.98,0.0669813434909091
"brier",2,10,24,0.99,0.035627822
"brier",2,10,24,0.995,0.0226284133454545
"brier",2,10,25,0.9,0.154112313290909
"brier",2,10,25,0.91,0.141293997859091
"brier",2,10,25,0.92,0.124967378959091
"brier",2,10,25,0.93,0.109682235572727
"brier",2,10,25,0.94,0.0974505490045455
"brier",2,10,25,0.95,0.08415854305
"brier",2,10,25,0.96,0.0712624129090909
"brier",2,10,25,0.97,0.0580508035772727
"brier",2,10,25,0.98,0.0433696472454545
"brier",2,10,25,0.99,0.0268185469590909
"brier",2,10,25,0.995,0.0137093018681818
"brier",2,10,26,0.9,0.171336317213636
"brier",2,10,26,0.91,0.152064464077273
"brier",2,10,26,0.92,0.133633293709091
"brier",2,10,26,0.93,0.108462595477273
"brier",2,10,26,0.94,0.0825461743181818
"brier",2,10,26,0.95,0.0674201912863636
"brier",2,10,26,0.96,0.0494891598409091
"brier",2,10,26,0.97,0.0309091686
"brier",2,10,26,0.98,0.0190909090909091
"brier",2,10,26,0.99,0.00818181818181818
"brier",2,10,26,0.995,0.00454545454545455
"brier",2,10,27,0.9,0.216372717309091
"brier",2,10,27,0.91,0.195123008377273
"brier",2,10,27,0.92,0.167601607913636
"brier",2,10,27,0.93,0.144485675659091
"brier",2,10,27,0.94,0.119629491486364
"brier",2,10,27,0.95,0.09643761945
"brier",2,10,27,0.96,0.0731881017727273
"brier",2,10,27,0.97,0.0561135165545455
"brier",2,10,27,0.98,0.0408318024090909
"brier",2,10,27,0.99,0.0320996926909091
"brier",2,10,27,0.995,0.0251240600954545
"brier",2,10,28,0.9,0.133443457531818
"brier",2,10,28,0.91,0.123110060159091
"brier",2,10,28,0.92,0.109213153581818
"brier",2,10,28,0.93,0.0956340773954545
"brier",2,10,28,0.94,0.0861535857818182
"brier",2,10,28,0.95,0.0761543872545455
"brier",2,10,28,0.96,0.0674372487863636
"brier",2,10,28,0.97,0.0539091156
"brier",2,10,28,0.98,0.0415456521318182
"brier",2,10,28,0.99,0.0269510624409091
"brier",2,10,28,0.995,0.0169877677227273
"brier",2,10,29,0.9,0.156398057927273
"brier",2,10,29,0.91,0.140715753263636
"brier",2,10,29,0.92,0.128057531931818
"brier",2,10,29,0.93,0.11261450755
"brier",2,10,29,0.94,0.0990287769909091
"brier",2,10,29,0.95,0.0813787949681818
"brier",2,10,29,0.96,0.0657803286454545
"brier",2,10,29,0.97,0.0495203077181818
"brier",2,10,29,0.98,0.0373433914045455
"brier",2,10,29,0.99,0.0206199851090909
"brier",2,10,29,0.995,0.0102915301772727
"brier",2,10,30,0.9,0.141242552072727
"brier",2,10,30,0.91,0.123940428763636
"brier",2,10,30,0.92,0.105025448031818
"brier",2,10,30,0.93,0.0894284042954545
"brier",2,10,30,0.94,0.0733884380045455
"brier",2,10,30,0.95,0.0574556395454545
"brier",2,10,30,0.96,0.0435315230454545
"brier",2,10,30,0.97,0.0312796078409091
"brier",2,10,30,0.98,0.0202166509363636
"brier",2,10,30,0.99,0.00959149237272727
"brier",2,10,30,0.995,0.00273122442727273
"brier",2,10,31,0.9,0.174093444540909
"brier",2,10,31,0.91,0.166145348459091
"brier",2,10,31,0.92,0.153497118990909
"brier",2,10,31,0.93,0.139683935763636
"brier",2,10,31,0.94,0.125981855463636
"brier",2,10,31,0.95,0.113256346377273
"brier",2,10,31,0.96,0.0941810727909091
"brier",2,10,31,0.97,0.0772194761090909
"brier",2,10,31,0.98,0.0586800541363636
"brier",2,10,31,0.99,0.0402893278636364
"brier",2,10,31,0.995,0.03203602755
"brier",2,10,32,0.9,0.182962624454545
"brier",2,10,32,0.91,0.167144632390909
"brier",2,10,32,0.92,0.149826821527273
"brier",2,10,32,0.93,0.129185970490909
"brier",2,10,32,0.94,0.110850155731818
"brier",2,10,32,0.95,0.09253866655
"brier",2,10,32,0.96,0.0707305819772727
"brier",2,10,32,0.97,0.0438780667954545
"brier",2,10,32,0.98,0.0201149092909091
"brier",2,10,32,0.99,0.0109090910954545
"brier",2,10,32,0.995,0.00590909090909091
"brier",2,10,33,0.9,0.171963052445455
"brier",2,10,33,0.91,0.156786589054545
"brier",2,10,33,0.92,0.143854189490909
"brier",2,10,33,0.93,0.129840180636364
"brier",2,10,33,0.94,0.112536057659091
"brier",2,10,33,0.95,0.0921901152090909
"brier",2,10,33,0.96,0.0703083908090909
"brier",2,10,33,0.97,0.0496433209636364
"brier",2,10,33,0.98,0.0206220234136364
"brier",2,10,33,0.99,0.0104545454681818
"brier",2,10,33,0.995,0.005
"brier",2,10,34,0.9,0.147611966486364
"brier",2,10,34,0.91,0.139422434695455
"brier",2,10,34,0.92,0.130439440763636
"brier",2,10,34,0.93,0.123045151281818
"brier",2,10,34,0.94,0.110655999322727
"brier",2,10,34,0.95,0.0997755001909091
"brier",2,10,34,0.96,0.0848805861409091
"brier",2,10,34,0.97,0.0698574976318182
"brier",2,10,34,0.98,0.0513258172636364
"brier",2,10,34,0.99,0.0347397471454545
"brier",2,10,34,0.995,0.0214689478954545
"brier",2,10,35,0.9,0.166062277172727
"brier",2,10,35,0.91,0.154045523877273
"brier",2,10,35,0.92,0.143832414177273
"brier",2,10,35,0.93,0.130283832827273
"brier",2,10,35,0.94,0.120541986727273
"brier",2,10,35,0.95,0.100857543745455
"brier",2,10,35,0.96,0.0785304149909091
"brier",2,10,35,0.97,0.0562456118818182
"brier",2,10,35,0.98,0.0332747789590909
"brier",2,10,35,0.99,0.0189256773954545
"brier",2,10,35,0.995,0.0122091841454545
"brier",2,10,36,0.9,0.184622375722727
"brier",2,10,36,0.91,0.169263695004545
"brier",2,10,36,0.92,0.15202979575
"brier",2,10,36,0.93,0.136144623436364
"brier",2,10,36,0.94,0.118226738518182
"brier",2,10,36,0.95,0.100292385672727
"brier",2,10,36,0.96,0.0835406194409091
"brier",2,10,36,0.97,0.0696432944590909
"brier",2,10,36,0.98,0.0520008939409091
"brier",2,10,36,0.99,0.0369648612818182
"brier",2,10,36,0.995,0.0266117338636364
"brier",2,10,37,0.9,0.102317018886364
"brier",2,10,37,0.91,0.0920619522318182
"brier",2,10,37,0.92,0.0825335610636364
"brier",2,10,37,0.93,0.0693656754045455
"brier",2,10,37,0.94,0.0591956322
"brier",2,10,37,0.95,0.0500489542727273
"brier",2,10,37,0.96,0.0409259116090909
"brier",2,10,37,0.97,0.0304585537681818
"brier",2,10,37,0.98,0.0209094626909091
"brier",2,10,37,0.99,0.0109090999136364
"brier",2,10,37,0.995,0.00409090932272727
"brier",2,10,38,0.9,0.129407526259091
"brier",2,10,38,0.91,0.119783174568182
"brier",2,10,38,0.92,0.105179832577273
"brier",2,10,38,0.93,0.0932139333772727
"brier",2,10,38,0.94,0.0823512438863636
"brier",2,10,38,0.95,0.0684561119863636
"brier",2,10,38,0.96,0.0536611127136364
"brier",2,10,38,0.97,0.0400694101045455
"brier",2,10,38,0.98,0.0251803660363636
"brier",2,10,38,0.99,0.0126954196863636
"brier",2,10,38,0.995,0.00642023387727273
"brier",2,10,39,0.9,0.150814201713636
"brier",2,10,39,0.91,0.133914529522727
"brier",2,10,39,0.92,0.11810022995
"brier",2,10,39,0.93,0.103728591909091
"brier",2,10,39,0.94,0.0885932593318182
"brier",2,10,39,0.95,0.0716524429409091
"brier",2,10,39,0.96,0.0548393728409091
"brier",2,10,39,0.97,0.0409552759772727
"brier",2,10,39,0.98,0.02189990365
"brier",2,10,39,0.99,0.0126075278227273
"brier",2,10,39,0.995,0.00540718361818182
"brier",2,10,40,0.9,0.156451836140909
"brier",2,10,40,0.91,0.141963055336364
"brier",2,10,40,0.92,0.129806108836364
"brier",2,10,40,0.93,0.117567408768182
"brier",2,10,40,0.94,0.0997711905636364
"brier",2,10,40,0.95,0.0857819667409091
"brier",2,10,40,0.96,0.0679717897181818
"brier",2,10,40,0.97,0.0526706845727273
"brier",2,10,40,0.98,0.0382175682636364
"brier",2,10,40,0.99,0.0210550123090909
"brier",2,10,40,0.995,0.0127263559318182
"brier",2,10,41,0.9,0.133592369331818
"brier",2,10,41,0.91,0.122707029463636
"brier",2,10,41,0.92,0.112481230209091
"brier",2,10,41,0.93,0.102401996713636
"brier",2,10,41,0.94,0.0916057365136364
"brier",2,10,41,0.95,0.0742757719772727
"brier",2,10,41,0.96,0.0591970116954545
"brier",2,10,41,0.97,0.0464154394454545
"brier",2,10,41,0.98,0.0271106783090909
"brier",2,10,41,0.99,0.00954545457727273
"brier",2,10,41,0.995,0.00363636363636364
"brier",2,10,42,0.9,0.118257180118182
"brier",2,10,42,0.91,0.104396552054545
"brier",2,10,42,0.92,0.0914213908318182
"brier",2,10,42,0.93,0.0768472042045455
"brier",2,10,42,0.94,0.0628484542090909
"brier",2,10,42,0.95,0.0515374706681818
"brier",2,10,42,0.96,0.0402152040636364
"brier",2,10,42,0.97,0.0290694756409091
"brier",2,10,42,0.98,0.0202050211090909
"brier",2,10,42,0.99,0.00820223625909091
"brier",2,10,42,0.995,0.0045504034
"brier",2,10,43,0.9,0.223646063290909
"brier",2,10,43,0.91,0.208934168754545
"brier",2,10,43,0.92,0.194818771336364
"brier",2,10,43,0.93,0.174789456786364
"brier",2,10,43,0.94,0.154955903109091
"brier",2,10,43,0.95,0.136569721481818
"brier",2,10,43,0.96,0.117408391059091
"brier",2,10,43,0.97,0.0945636517727273
"brier",2,10,43,0.98,0.0684991230681818
"brier",2,10,43,0.99,0.0400116546227273
"brier",2,10,43,0.995,0.0215519718545455
"brier",2,10,44,0.9,0.203035725022727
"brier",2,10,44,0.91,0.192459412068182
"brier",2,10,44,0.92,0.182486606977273
"brier",2,10,44,0.93,0.173936410954545
"brier",2,10,44,0.94,0.162483261263636
"brier",2,10,44,0.95,0.15176561685
"brier",2,10,44,0.96,0.131681723577273
"brier",2,10,44,0.97,0.107360324568182
"brier",2,10,44,0.98,0.0803365714181818
"brier",2,10,44,0.99,0.0443413911681818
"brier",2,10,44,0.995,0.0234394177909091
"brier",2,10,45,0.9,0.210301398722727
"brier",2,10,45,0.91,0.19542160545
"brier",2,10,45,0.92,0.174908821281818
"brier",2,10,45,0.93,0.155918175754545
"brier",2,10,45,0.94,0.1319282264
"brier",2,10,45,0.95,0.110856138481818
"brier",2,10,45,0.96,0.0923256341136364
"brier",2,10,45,0.97,0.0772737987454545
"brier",2,10,45,0.98,0.0520298899136364
"brier",2,10,45,0.99,0.0240409033454545
"brier",2,10,45,0.995,0.0134065414227273
"brier",2,10,46,0.9,0.136544089527273
"brier",2,10,46,0.91,0.122330892390909
"brier",2,10,46,0.92,0.1090015662
"brier",2,10,46,0.93,0.0952823972772727
"brier",2,10,46,0.94,0.0834820082318182
"brier",2,10,46,0.95,0.0690563880590909
"brier",2,10,46,0.96,0.0548173544090909
"brier",2,10,46,0.97,0.0397298897090909
"brier",2,10,46,0.98,0.0238812647818182
"brier",2,10,46,0.99,0.01055967015
"brier",2,10,46,0.995,0.00696084079545455
"brier",2,10,47,0.9,0.171879033790909
"brier",2,10,47,0.91,0.158051741181818
"brier",2,10,47,0.92,0.145507991513636
"brier",2,10,47,0.93,0.134190260345455
"brier",2,10,47,0.94,0.119022861577273
"brier",2,10,47,0.95,0.100687723281818
"brier",2,10,47,0.96,0.0841350050136364
"brier",2,10,47,0.97,0.0633981973090909
"brier",2,10,47,0.98,0.0439793530090909
"brier",2,10,47,0.99,0.0215308664045455
"brier",2,10,47,0.995,0.0110491728363636
"brier",2,10,48,0.9,0.166876827845455
"brier",2,10,48,0.91,0.1599844736
"brier",2,10,48,0.92,0.153569464222727
"brier",2,10,48,0.93,0.143882904640909
"brier",2,10,48,0.94,0.127886288386364
"brier",2,10,48,0.95,0.109637922995455
"brier",2,10,48,0.96,0.0792264672681818
"brier",2,10,48,0.97,0.0522484583818182
"brier",2,10,48,0.98,0.0319673303045455
"brier",2,10,48,0.99,0.0141719392272727
"brier",2,10,48,0.995,0.00701627997727273
"brier",2,10,49,0.9,0.191987679181818
"brier",2,10,49,0.91,0.168023674304545
"brier",2,10,49,0.92,0.145000865804545
"brier",2,10,49,0.93,0.119412360859091
"brier",2,10,49,0.94,0.09626149965
"brier",2,10,49,0.95,0.0738995512727273
"brier",2,10,49,0.96,0.0540606704409091
"brier",2,10,49,0.97,0.0342138260090909
"brier",2,10,49,0.98,0.0202021928181818
"brier",2,10,49,0.99,0.0101277091318182
"brier",2,10,49,0.995,0.00454726623636364
"brier",2,10,50,0.9,0.115146906254545
"brier",2,10,50,0.91,0.102739052304545
"brier",2,10,50,0.92,0.0908255013136364
"brier",2,10,50,0.93,0.07523690935
"brier",2,10,50,0.94,0.0615313816045455
"brier",2,10,50,0.95,0.0482140306727273
"brier",2,10,50,0.96,0.0404560141681818
"brier",2,10,50,0.97,0.0304545637272727
"brier",2,10,50,0.98,0.0209090911
"brier",2,10,50,0.99,0.0131818181818182
"brier",2,10,50,0.995,0.00727272727272727
"brier",3,10,1,0.9,0.136958772572727
"brier",3,10,1,0.91,0.124415232222727
"brier",3,10,1,0.92,0.1097274929
"brier",3,10,1,0.93,0.09925261365
"brier",3,10,1,0.94,0.0891549153636364
"brier",3,10,1,0.95,0.0786406891818182
"brier",3,10,1,0.96,0.0685548879681818
"brier",3,10,1,0.97,0.0561897127454545
"brier",3,10,1,0.98,0.0403134785545455
"brier",3,10,1,0.99,0.0269149549863636
"brier",3,10,1,0.995,0.0188186951681818
"brier",3,10,2,0.9,0.1711679047
"brier",3,10,2,0.91,0.154183545631818
"brier",3,10,2,0.92,0.1396227528
"brier",3,10,2,0.93,0.1218441965
"brier",3,10,2,0.94,0.10438090155
"brier",3,10,2,0.95,0.09078815945
"brier",3,10,2,0.96,0.0752775467954546
"brier",3,10,2,0.97,0.0580025865636364
"brier",3,10,2,0.98,0.0448518769909091
"brier",3,10,2,0.99,0.0250041785636364
"brier",3,10,2,0.995,0.0128595792409091
"brier",3,10,3,0.9,0.103175859736364
"brier",3,10,3,0.91,0.0908855743
"brier",3,10,3,0.92,0.0792648741318182
"brier",3,10,3,0.93,0.0706863037681818
"brier",3,10,3,0.94,0.0624116225136364
"brier",3,10,3,0.95,0.0486348006227273
"brier",3,10,3,0.96,0.0388722875636364
"brier",3,10,3,0.97,0.0312926297818182
"brier",3,10,3,0.98,0.0183933883545455
"brier",3,10,3,0.99,0.011768275
"brier",3,10,3,0.995,0.00619855296363636
"brier",3,10,4,0.9,0.197855171645455
"brier",3,10,4,0.91,0.183541335218182
"brier",3,10,4,0.92,0.169902661709091
"brier",3,10,4,0.93,0.153275476740909
"brier",3,10,4,0.94,0.134902805068182
"brier",3,10,4,0.95,0.114674517754545
"brier",3,10,4,0.96,0.0924063688909091
"brier",3,10,4,0.97,0.0739477841772727
"brier",3,10,4,0.98,0.0527566891772727
"brier",3,10,4,0.99,0.0309575543
"brier",3,10,4,0.995,0.0178744144454545
"brier",3,10,5,0.9,0.110469390977273
"brier",3,10,5,0.91,0.104828464840909
"brier",3,10,5,0.92,0.0984946715454545
"brier",3,10,5,0.93,0.0920072200727273
"brier",3,10,5,0.94,0.0838870822727273
"brier",3,10,5,0.95,0.0769893020181818
"brier",3,10,5,0.96,0.0692996619818182
"brier",3,10,5,0.97,0.0577188371681818
"brier",3,10,5,0.98,0.0379823396409091
"brier",3,10,5,0.99,0.0171195301363636
"brier",3,10,5,0.995,0.00806727222727273
"brier",3,10,6,0.9,0.142813958768182
"brier",3,10,6,0.91,0.12954745615
"brier",3,10,6,0.92,0.115642016245455
"brier",3,10,6,0.93,0.103280022204545
"brier",3,10,6,0.94,0.0889461311590909
"brier",3,10,6,0.95,0.0762343640590909
"brier",3,10,6,0.96,0.0644598175045454
"brier",3,10,6,0.97,0.0527025155090909
"brier",3,10,6,0.98,0.0425528147545455
"brier",3,10,6,0.99,0.0285755784181818
"brier",3,10,6,0.995,0.0225559691818182
"brier",3,10,7,0.9,0.17230198795
"brier",3,10,7,0.91,0.156323298590909
"brier",3,10,7,0.92,0.140635172909091
"brier",3,10,7,0.93,0.123299384781818
"brier",3,10,7,0.94,0.112333968104545
"brier",3,10,7,0.95,0.0978160078409091
"brier",3,10,7,0.96,0.0808889579818182
"brier",3,10,7,0.97,0.0661844038727273
"brier",3,10,7,0.98,0.0484881806636364
"brier",3,10,7,0.99,0.0323776386954545
"brier",3,10,7,0.995,0.0207726281090909
"brier",3,10,8,0.9,0.182673377345455
"brier",3,10,8,0.91,0.167115562636364
"brier",3,10,8,0.92,0.151657830554545
"brier",3,10,8,0.93,0.141736019395455
"brier",3,10,8,0.94,0.129050497722727
"brier",3,10,8,0.95,0.114573144022727
"brier",3,10,8,0.96,0.0987901196045455
"brier",3,10,8,0.97,0.0856607687909091
"brier",3,10,8,0.98,0.0692796992772727
"brier",3,10,8,0.99,0.0532405752
"brier",3,10,8,0.995,0.0427679913954545
"brier",3,10,9,0.9,0.111743951204545
"brier",3,10,9,0.91,0.0983427781409091
"brier",3,10,9,0.92,0.0867111898681818
"brier",3,10,9,0.93,0.0740328973909091
"brier",3,10,9,0.94,0.0641015387909091
"brier",3,10,9,0.95,0.05332817745
"brier",3,10,9,0.96,0.0433379537636364
"brier",3,10,9,0.97,0.0335635552636364
"brier",3,10,9,0.98,0.0209210658409091
"brier",3,10,9,0.99,0.00863636555454545
"brier",3,10,9,0.995,0.00545454546363636
"brier",3,10,10,0.9,0.183789697563636
"brier",3,10,10,0.91,0.170134369863636
"brier",3,10,10,0.92,0.157443224840909
"brier",3,10,10,0.93,0.141667371927273
"brier",3,10,10,0.94,0.124284703581818
"brier",3,10,10,0.95,0.10482405805
"brier",3,10,10,0.96,0.0851930732272727
"brier",3,10,10,0.97,0.0686234977090909
"brier",3,10,10,0.98,0.0489603017818182
"brier",3,10,10,0.99,0.0350188455045455
"brier",3,10,10,0.995,0.0235419568772727
"brier",3,10,11,0.9,0.131166867522727
"brier",3,10,11,0.91,0.114850299895455
"brier",3,10,11,0.92,0.0987228349772727
"brier",3,10,11,0.93,0.0833234876045455
"brier",3,10,11,0.94,0.0692045685363636
"brier",3,10,11,0.95,0.0567737484681818
"brier",3,10,11,0.96,0.0451978133727273
"brier",3,10,11,0.97,0.0330708173181818
"brier",3,10,11,0.98,0.0237649519772727
"brier",3,10,11,0.99,0.0137169740045455
"brier",3,10,11,0.995,0.00705287740454545
"brier",3,10,12,0.9,0.148056449681818
"brier",3,10,12,0.91,0.1355682555
"brier",3,10,12,0.92,0.123154395986364
"brier",3,10,12,0.93,0.112754122768182
"brier",3,10,12,0.94,0.103040786227273
"brier",3,10,12,0.95,0.0950297539681818
"brier",3,10,12,0.96,0.0783944645727273
"brier",3,10,12,0.97,0.0567077858136364
"brier",3,10,12,0.98,0.0292939909318182
"brier",3,10,12,0.99,0.0108289563909091
"brier",3,10,12,0.995,0.00566982087272727
"brier",3,10,13,0.9,0.148650530804545
"brier",3,10,13,0.91,0.134760671645455
"brier",3,10,13,0.92,0.120528649068182
"brier",3,10,13,0.93,0.105800301809091
"brier",3,10,13,0.94,0.0943823801818182
"brier",3,10,13,0.95,0.08042318835
"brier",3,10,13,0.96,0.0665675549636364
"brier",3,10,13,0.97,0.0542674804363636
"brier",3,10,13,0.98,0.0430379263227273
"brier",3,10,13,0.99,0.0303177524136364
"brier",3,10,13,0.995,0.0216467262090909
"brier",3,10,14,0.9,0.2061245491
"brier",3,10,14,0.91,0.193187102236364
"brier",3,10,14,0.92,0.180745271654545
"brier",3,10,14,0.93,0.164662226136364
"brier",3,10,14,0.94,0.148764496068182
"brier",3,10,14,0.95,0.125868457672727
"brier",3,10,14,0.96,0.103169635372727
"brier",3,10,14,0.97,0.0847915006090909
"brier",3,10,14,0.98,0.0652121181272727
"brier",3,10,14,0.99,0.0509161812545455
"brier",3,10,14,0.995,0.0423576308772727
"brier",3,10,15,0.9,0.168625057377273
"brier",3,10,15,0.91,0.141366251486364
"brier",3,10,15,0.92,0.114888805640909
"brier",3,10,15,0.93,0.0945412263363636
"brier",3,10,15,0.94,0.0737141630318182
"brier",3,10,15,0.95,0.0573115413272727
"brier",3,10,15,0.96,0.0452118943772727
"brier",3,10,15,0.97,0.0347477996045455
"brier",3,10,15,0.98,0.0339794139409091
"brier",3,10,15,0.99,0.0154927290318182
"brier",3,10,15,0.995,0.00798868644545454
"brier",3,10,16,0.9,0.219838946513636
"brier",3,10,16,0.91,0.209682260409091
"brier",3,10,16,0.92,0.193620783754545
"brier",3,10,16,0.93,0.175826994709091
"brier",3,10,16,0.94,0.155908612859091
"brier",3,10,16,0.95,0.131372776845455
"brier",3,10,16,0.96,0.104012860645455
"brier",3,10,16,0.97,0.0792873034454546
"brier",3,10,16,0.98,0.0456882500636364
"brier",3,10,16,0.99,0.0216829913681818
"brier",3,10,16,0.995,0.0121018558272727
"brier",3,10,17,0.9,0.111239456445455
"brier",3,10,17,0.91,0.0963254264590909
"brier",3,10,17,0.92,0.0789576724590909
"brier",3,10,17,0.93,0.0620608942636364
"brier",3,10,17,0.94,0.04639230935
"brier",3,10,17,0.95,0.0349938540318182
"brier",3,10,17,0.96,0.0271573356863636
"brier",3,10,17,0.97,0.0292675952318182
"brier",3,10,17,0.98,0.0293903408272727
"brier",3,10,17,0.99,0.0230312040863636
"brier",3,10,17,0.995,0.00906300549090909
"brier",3,10,18,0.9,0.172651795227273
"brier",3,10,18,0.91,0.156737829268182
"brier",3,10,18,0.92,0.140252353318182
"brier",3,10,18,0.93,0.120953126272727
"brier",3,10,18,0.94,0.103990182045455
"brier",3,10,18,0.95,0.0891777154454545
"brier",3,10,18,0.96,0.0716174621181818
"brier",3,10,18,0.97,0.0529246678772727
"brier",3,10,18,0.98,0.03845179375
"brier",3,10,18,0.99,0.0192329399590909
"brier",3,10,18,0.995,0.0125262275272727
"brier",3,10,19,0.9,0.187777777790909
"brier",3,10,19,0.91,0.166807949318182
"brier",3,10,19,0.92,0.138400297086364
"brier",3,10,19,0.93,0.103894025136364
"brier",3,10,19,0.94,0.0750226877409091
"brier",3,10,19,0.95,0.0544575706045455
"brier",3,10,19,0.96,0.0399645156863636
"brier",3,10,19,0.97,0.0291352460636364
"brier",3,10,19,0.98,0.0209661661727273
"brier",3,10,19,0.99,0.0100008825409091
"brier",3,10,19,0.995,0.00500000335454545
"brier",3,10,20,0.9,0.0918639232090909
"brier",3,10,20,0.91,0.0806251402409091
"brier",3,10,20,0.92,0.0664275680727273
"brier",3,10,20,0.93,0.0540826998409091
"brier",3,10,20,0.94,0.0440434504090909
"brier",3,10,20,0.95,0.0323902712681818
"brier",3,10,20,0.96,0.0198175349409091
"brier",3,10,20,0.97,0.0120594843409091
"brier",3,10,20,0.98,0.00795460358636364
"brier",3,10,20,0.99,0.00407775070454545
"brier",3,10,20,0.995,0.00465096950909091
"brier",3,10,21,0.9,0.145274832281818
"brier",3,10,21,0.91,0.127181187931818
"brier",3,10,21,0.92,0.1084046827
"brier",3,10,21,0.93,0.0936000806636364
"brier",3,10,21,0.94,0.0769279526909091
"brier",3,10,21,0.95,0.06068476255
"brier",3,10,21,0.96,0.0432730962772727
"brier",3,10,21,0.97,0.0291648427409091
"brier",3,10,21,0.98,0.0165942825863636
"brier",3,10,21,0.99,0.00921228587727273
"brier",3,10,21,0.995,0.00184362167727273
"brier",3,10,22,0.9,0.174890038704545
"brier",3,10,22,0.91,0.160668538477273
"brier",3,10,22,0.92,0.141762923577273
"brier",3,10,22,0.93,0.110528614
"brier",3,10,22,0.94,0.0745901682
"brier",3,10,22,0.95,0.0423704969136364
"brier",3,10,22,0.96,0.0349356322090909
"brier",3,10,22,0.97,0.0299065480045455
"brier",3,10,22,0.98,0.02227208385
"brier",3,10,22,0.99,0.00909090922272727
"brier",3,10,22,0.995,0.00500000005454545
"brier",3,10,23,0.9,0.101429274427273
"brier",3,10,23,0.91,0.0946496887681818
"brier",3,10,23,0.92,0.0863934082590909
"brier",3,10,23,0.93,0.0783232764363636
"brier",3,10,23,0.94,0.0668379756545455
"brier",3,10,23,0.95,0.0578857620681818
"brier",3,10,23,0.96,0.0436349344681818
"brier",3,10,23,0.97,0.0310554973818182
"brier",3,10,23,0.98,0.0223755850409091
"brier",3,10,23,0.99,0.0105303700909091
"brier",3,10,23,0.995,0.00546837355909091
"brier",3,10,24,0.9,0.207295034568182
"brier",3,10,24,0.91,0.195961314418182
"brier",3,10,24,0.92,0.183466004045455
"brier",3,10,24,0.93,0.169143637036364
"brier",3,10,24,0.94,0.150672947431818
"brier",3,10,24,0.95,0.132806800031818
"brier",3,10,24,0.96,0.116516033445455
"brier",3,10,24,0.97,0.0961502305590909
"brier",3,10,24,0.98,0.0661898510318182
"brier",3,10,24,0.99,0.0354797467181818
"brier",3,10,24,0.995,0.0224573674318182
"brier",3,10,25,0.9,0.154085545404545
"brier",3,10,25,0.91,0.141129033890909
"brier",3,10,25,0.92,0.124570520972727
"brier",3,10,25,0.93,0.10913992905
"brier",3,10,25,0.94,0.09686917555
"brier",3,10,25,0.95,0.0835511927590909
"brier",3,10,25,0.96,0.0706280173318182
"brier",3,10,25,0.97,0.0574149220409091
"brier",3,10,25,0.98,0.04284086705
"brier",3,10,25,0.99,0.0263934658454545
"brier",3,10,25,0.995,0.0134179538409091
"brier",3,10,26,0.9,0.169691323104545
"brier",3,10,26,0.91,0.150661395527273
"brier",3,10,26,0.92,0.132514926377273
"brier",3,10,26,0.93,0.10797859595
"brier",3,10,26,0.94,0.0824641104818182
"brier",3,10,26,0.95,0.0670421234045455
"brier",3,10,26,0.96,0.0489999666181818
"brier",3,10,26,0.97,0.0309092067772727
"brier",3,10,26,0.98,0.0190909091
"brier",3,10,26,0.99,0.00818181818181818
"brier",3,10,26,0.995,0.00454545454545455
"brier",3,10,27,0.9,0.214734284254545
"brier",3,10,27,0.91,0.193947383422727
"brier",3,10,27,0.92,0.166836816218182
"brier",3,10,27,0.93,0.144077666481818
"brier",3,10,27,0.94,0.1196478413
"brier",3,10,27,0.95,0.0966317956590909
"brier",3,10,27,0.96,0.0734056050681818
"brier",3,10,27,0.97,0.0562179176363636
"brier",3,10,27,0.98,0.0408057861
"brier",3,10,27,0.99,0.0319236068636364
"brier",3,10,27,0.995,0.0247982486227273
"brier",3,10,28,0.9,0.13384273385
"brier",3,10,28,0.91,0.1234892215
"brier",3,10,28,0.92,0.109540692745455
"brier",3,10,28,0.93,0.0959680270727273
"brier",3,10,28,0.94,0.0864775858454545
"brier",3,10,28,0.95,0.0764709611409091
"brier",3,10,28,0.96,0.0676886972272727
"brier",3,10,28,0.97,0.0540174043590909
"brier",3,10,28,0.98,0.0414568902272727
"brier",3,10,28,0.99,0.0266239187318182
"brier",3,10,28,0.995,0.0166382059590909
"brier",3,10,29,0.9,0.155709950304545
"brier",3,10,29,0.91,0.140054966836364
"brier",3,10,29,0.92,0.127513029786364
"brier",3,10,29,0.93,0.112252195295455
"brier",3,10,29,0.94,0.0989500663636364
"brier",3,10,29,0.95,0.0813885063363636
"brier",3,10,29,0.96,0.0657675300318182
"brier",3,10,29,0.97,0.0492449490454545
"brier",3,10,29,0.98,0.0363918937636364
"brier",3,10,29,0.99,0.0197392838409091
"brier",3,10,29,0.995,0.0099725137
"brier",3,10,30,0.9,0.140406342904545
"brier",3,10,30,0.91,0.123275577931818
"brier",3,10,30,0.92,0.104438110731818
"brier",3,10,30,0.93,0.0891353629909091
"brier",3,10,30,0.94,0.0733025332590909
"brier",3,10,30,0.95,0.0574700734181818
"brier",3,10,30,0.96,0.0436151818954545
"brier",3,10,30,0.97,0.0313215543227273
"brier",3,10,30,0.98,0.0202536922681818
"brier",3,10,30,0.99,0.00961169365454546
"brier",3,10,30,0.995,0.00273417712727273
"brier",3,10,31,0.9,0.173570843968182
"brier",3,10,31,0.91,0.165877562218182
"brier",3,10,31,0.92,0.1533506664
"brier",3,10,31,0.93,0.139644606777273
"brier",3,10,31,0.94,0.125917751563636
"brier",3,10,31,0.95,0.113323283409091
"brier",3,10,31,0.96,0.09440889635
"brier",3,10,31,0.97,0.0773467879318182
"brier",3,10,31,0.98,0.0587582277181818
"brier",3,10,31,0.99,0.0401434630727273
"brier",3,10,31,0.995,0.0317130917454545
"brier",3,10,32,0.9,0.181163597418182
"brier",3,10,32,0.91,0.165657613727273
"brier",3,10,32,0.92,0.148534343872727
"brier",3,10,32,0.93,0.128016514840909
"brier",3,10,32,0.94,0.109549750954545
"brier",3,10,32,0.95,0.0911254338590909
"brier",3,10,32,0.96,0.0694856029909091
"brier",3,10,32,0.97,0.0434131267727273
"brier",3,10,32,0.98,0.0201215168863636
"brier",3,10,32,0.99,0.0109090912590909
"brier",3,10,32,0.995,0.00590909091818182
"brier",3,10,33,0.9,0.170850441245455
"brier",3,10,33,0.91,0.155793150086364
"brier",3,10,33,0.92,0.142995755
"brier",3,10,33,0.93,0.129160442409091
"brier",3,10,33,0.94,0.111829416413636
"brier",3,10,33,0.95,0.0916353667818182
"brier",3,10,33,0.96,0.0700518785727273
"brier",3,10,33,0.97,0.0496509408045455
"brier",3,10,33,0.98,0.0206719938727273
"brier",3,10,33,0.99,0.0104545455318182
"brier",3,10,33,0.995,0.005
"brier",3,10,34,0.9,0.147350010304545
"brier",3,10,34,0.91,0.139219606181818
"brier",3,10,34,0.92,0.130233585445455
"brier",3,10,34,0.93,0.122897809322727
"brier",3,10,34,0.94,0.110456287086364
"brier",3,10,34,0.95,0.0995517466818182
"brier",3,10,34,0.96,0.0844968456954545
"brier",3,10,34,0.97,0.0691701312
"brier",3,10,34,0.98,0.0501939183272727
"brier",3,10,34,0.99,0.0334798131272727
"brier",3,10,34,0.995,0.0204422196909091
"brier",3,10,35,0.9,0.164644508836364
"brier",3,10,35,0.91,0.152781865709091
"brier",3,10,35,0.92,0.142454535531818
"brier",3,10,35,0.93,0.128913815890909
"brier",3,10,35,0.94,0.119090161022727
"brier",3,10,35,0.95,0.0992714654545455
"brier",3,10,35,0.96,0.0770900774
"brier",3,10,35,0.97,0.0552995994727273
"brier",3,10,35,0.98,0.0330019735545455
"brier",3,10,35,0.99,0.0188343416363636
"brier",3,10,35,0.995,0.0120697362636364
"brier",3,10,36,0.9,0.183997519681818
"brier",3,10,36,0.91,0.168760583559091
"brier",3,10,36,0.92,0.151626004654545
"brier",3,10,36,0.93,0.135847386245455
"brier",3,10,36,0.94,0.118035532154545
"brier",3,10,36,0.95,0.10003558055
"brier",3,10,36,0.96,0.0832511492954545
"brier",3,10,36,0.97,0.0693351601181818
"brier",3,10,36,0.98,0.0517431560181818
"brier",3,10,36,0.99,0.0367099423818182
"brier",3,10,36,0.995,0.0264129315863636
"brier",3,10,37,0.9,0.102156802513636
"brier",3,10,37,0.91,0.0919566293318182
"brier",3,10,37,0.92,0.0825048339772727
"brier",3,10,37,0.93,0.0693663678681818
"brier",3,10,37,0.94,0.0591978268590909
"brier",3,10,37,0.95,0.0500471824227273
"brier",3,10,37,0.96,0.0409222756227273
"brier",3,10,37,0.97,0.0304573085590909
"brier",3,10,37,0.98,0.0209092734681818
"brier",3,10,37,0.99,0.0109090949136364
"brier",3,10,37,0.995,0.00409090921818182
"brier",3,10,38,0.9,0.128830332963636
"brier",3,10,38,0.91,0.119285837736364
"brier",3,10,38,0.92,0.104671234386364
"brier",3,10,38,0.93,0.0926177309409091
"brier",3,10,38,0.94,0.0818606369772727
"brier",3,10,38,0.95,0.0681590348545455
"brier",3,10,38,0.96,0.0536578703818182
"brier",3,10,38,0.97,0.04032031275
"brier",3,10,38,0.98,0.0254873412636364
"brier",3,10,38,0.99,0.0128558134363636
"brier",3,10,38,0.995,0.00644425327272727
"brier",3,10,39,0.9,0.150074953877273
"brier",3,10,39,0.91,0.133201956231818
"brier",3,10,39,0.92,0.117424819140909
"brier",3,10,39,0.93,0.103134692681818
"brier",3,10,39,0.94,0.0881634422090909
"brier",3,10,39,0.95,0.0714736749409091
"brier",3,10,39,0.96,0.0549509072727273
"brier",3,10,39,0.97,0.04116148515
"brier",3,10,39,0.98,0.0222427136818182
"brier",3,10,39,0.99,0.0129097167636364
"brier",3,10,39,0.995,0.00556573815454545
"brier",3,10,40,0.9,0.154305532827273
"brier",3,10,40,0.91,0.140036424109091
"brier",3,10,40,0.92,0.128049720186364
"brier",3,10,40,0.93,0.115938846645455
"brier",3,10,40,0.94,0.0982588825181818
"brier",3,10,40,0.95,0.0844612955318182
"brier",3,10,40,0.96,0.0668102880590909
"brier",3,10,40,0.97,0.0518521168136364
"brier",3,10,40,0.98,0.0376678401727273
"brier",3,10,40,0.99,0.0208246421909091
"brier",3,10,40,0.995,0.0126131668318182
"brier",3,10,41,0.9,0.133809842781818
"brier",3,10,41,0.91,0.122784569131818
"brier",3,10,41,0.92,0.112321165168182
"brier",3,10,41,0.93,0.101906332413636
"brier",3,10,41,0.94,0.0911048810636364
"brier",3,10,41,0.95,0.0739947385454545
"brier",3,10,41,0.96,0.0590286168818182
"brier",3,10,41,0.97,0.0459789901636364
"brier",3,10,41,0.98,0.0270808208545455
"brier",3,10,41,0.99,0.00954545640909091
"brier",3,10,41,0.995,0.00363636363636364
"brier",3,10,42,0.9,0.117750056054545
"brier",3,10,42,0.91,0.103864229804545
"brier",3,10,42,0.92,0.0908847329227273
"brier",3,10,42,0.93,0.076448464
"brier",3,10,42,0.94,0.0625883574227273
"brier",3,10,42,0.95,0.0514795945818182
"brier",3,10,42,0.96,0.0402835386772727
"brier",3,10,42,0.97,0.0291962159272727
"brier",3,10,42,0.98,0.0202883004136364
"brier",3,10,42,0.99,0.00822367064090909
"brier",3,10,42,0.995,0.00455597445909091
"brier",3,10,43,0.9,0.22174888835
"brier",3,10,43,0.91,0.207398372040909
"brier",3,10,43,0.92,0.193604613404545
"brier",3,10,43,0.93,0.173893090127273
"brier",3,10,43,0.94,0.154040526872727
"brier",3,10,43,0.95,0.135627911931818
"brier",3,10,43,0.96,0.116373681731818
"brier",3,10,43,0.97,0.0933616568590909
"brier",3,10,43,0.98,0.0670667588681818
"brier",3,10,43,0.99,0.0391220044
"brier",3,10,43,0.995,0.0214596275681818
"brier",3,10,44,0.9,0.202744888372727
"brier",3,10,44,0.91,0.191357720818182
"brier",3,10,44,0.92,0.180593732304545
"brier",3,10,44,0.93,0.171531176209091
"brier",3,10,44,0.94,0.160005023136364
"brier",3,10,44,0.95,0.149603760045455
"brier",3,10,44,0.96,0.129882520518182
"brier",3,10,44,0.97,0.106462502859091
"brier",3,10,44,0.98,0.0795339761318182
"brier",3,10,44,0.99,0.0435202639681818
"brier",3,10,44,0.995,0.0227894452181818
"brier",3,10,45,0.9,0.210326260854545
"brier",3,10,45,0.91,0.195198170631818
"brier",3,10,45,0.92,0.174462246568182
"brier",3,10,45,0.93,0.155357788395455
"brier",3,10,45,0.94,0.131415492631818
"brier",3,10,45,0.95,0.110426258259091
"brier",3,10,45,0.96,0.0918842149409091
"brier",3,10,45,0.97,0.0766966277818182
"brier",3,10,45,0.98,0.0512856521590909
"brier",3,10,45,0.99,0.0235921279636364
"brier",3,10,45,0.995,0.0131801879909091
"brier",3,10,46,0.9,0.134804277777273
"brier",3,10,46,0.91,0.120835303118182
"brier",3,10,46,0.92,0.107732729327273
"brier",3,10,46,0.93,0.0942673059
"brier",3,10,46,0.94,0.0827699851
"brier",3,10,46,0.95,0.06858421575
"brier",3,10,46,0.96,0.0545415553590909
"brier",3,10,46,0.97,0.0395489142818182
"brier",3,10,46,0.98,0.0237621727227273
"brier",3,10,46,0.99,0.0104849001727273
"brier",3,10,46,0.995,0.0069115368
"brier",3,10,47,0.9,0.170588628609091
"brier",3,10,47,0.91,0.157096415490909
"brier",3,10,47,0.92,0.144787475368182
"brier",3,10,47,0.93,0.133672434968182
"brier",3,10,47,0.94,0.118641931413636
"brier",3,10,47,0.95,0.100358977322727
"brier",3,10,47,0.96,0.0838285281545455
"brier",3,10,47,0.97,0.06319930245
"brier",3,10,47,0.98,0.0439056509727273
"brier",3,10,47,0.99,0.0217301676272727
"brier",3,10,47,0.995,0.0113736608681818
"brier",3,10,48,0.9,0.16521093945
"brier",3,10,48,0.91,0.158390907272727
"brier",3,10,48,0.92,0.151975780586364
"brier",3,10,48,0.93,0.142216425631818
"brier",3,10,48,0.94,0.126209980927273
"brier",3,10,48,0.95,0.108247846659091
"brier",3,10,48,0.96,0.0784702540409091
"brier",3,10,48,0.97,0.05182169455
"brier",3,10,48,0.98,0.0317000530409091
"brier",3,10,48,0.99,0.0140756655681818
"brier",3,10,48,0.995,0.00698962989090909
"brier",3,10,49,0.9,0.191535499245455
"brier",3,10,49,0.91,0.167703364131818
"brier",3,10,49,0.92,0.144729872431818
"brier",3,10,49,0.93,0.119048869418182
"brier",3,10,49,0.94,0.0960885283363636
"brier",3,10,49,0.95,0.0739778568545455
"brier",3,10,49,0.96,0.0542413097090909
"brier",3,10,49,0.97,0.0343613381545455
"brier",3,10,49,0.98,0.0202287040863636
"brier",3,10,49,0.99,0.0101199979909091
"brier",3,10,49,0.995,0.00454687470909091
"brier",3,10,50,0.9,0.114600135527273
"brier",3,10,50,0.91,0.102305250309091
"brier",3,10,50,0.92,0.0904177977772727
"brier",3,10,50,0.93,0.0749516151045455
"brier",3,10,50,0.94,0.0615314434045455
"brier",3,10,50,0.95,0.0482173920227273
"brier",3,10,50,0.96,0.0404564171090909
"brier",3,10,50,0.97,0.0304545796636364
"brier",3,10,50,0.98,0.0209090911772727
"brier",3,10,50,0.99,0.0131818181818182
"brier",3,10,50,0.995,0.00727272727272727
"brier",4,10,1,0.9,0.137460973431818
"brier",4,10,1,0.91,0.124900109372727
"brier",4,10,1,0.92,0.110150711209091
"brier",4,10,1,0.93,0.0996306062863636
"brier",4,10,1,0.94,0.0895436041136364
"brier",4,10,1,0.95,0.0790565442272727
"brier",4,10,1,0.96,0.0691331091
"brier",4,10,1,0.97,0.0569217953090909
"brier",4,10,1,0.98,0.0412730916318182
"brier",4,10,1,0.99,0.0280269522272727
"brier",4,10,1,0.995,0.01990280455
"brier",4,10,2,0.9,0.17090748525
"brier",4,10,2,0.91,0.154044682931818
"brier",4,10,2,0.92,0.139472378063636
"brier",4,10,2,0.93,0.121598813595455
"brier",4,10,2,0.94,0.103964418640909
"brier",4,10,2,0.95,0.0902641537590909
"brier",4,10,2,0.96,0.0747106901181818
"brier",4,10,2,0.97,0.0573827583136364
"brier",4,10,2,0.98,0.0442649133454545
"brier",4,10,2,0.99,0.0245680676863636
"brier",4,10,2,0.995,0.0125890695
"brier",4,10,3,0.9,0.103377300395455
"brier",4,10,3,0.91,0.0910371526409091
"brier",4,10,3,0.92,0.0795207479136364
"brier",4,10,3,0.93,0.0709703218363636
"brier",4,10,3,0.94,0.0626826832318182
"brier",4,10,3,0.95,0.0488639391636364
"brier",4,10,3,0.96,0.0390672152454545
"brier",4,10,3,0.97,0.0314184524136364
"brier",4,10,3,0.98,0.0184336898363636
"brier",4,10,3,0.99,0.01173598065
"brier",4,10,3,0.995,0.00614228222272727
"brier",4,10,4,0.9,0.198300541681818
"brier",4,10,4,0.91,0.183916600154545
"brier",4,10,4,0.92,0.170145462390909
"brier",4,10,4,0.93,0.153412718259091
"brier",4,10,4,0.94,0.134885594545455
"brier",4,10,4,0.95,0.114525410804545
"brier",4,10,4,0.96,0.0922229040272727
"brier",4,10,4,0.97,0.0737642073909091
"brier",4,10,4,0.98,0.0525043138454545
"brier",4,10,4,0.99,0.0307135600454545
"brier",4,10,4,0.995,0.0176609797454545
"brier",4,10,5,0.9,0.111476346595455
"brier",4,10,5,0.91,0.105643454313636
"brier",4,10,5,0.92,0.0992235727318182
"brier",4,10,5,0.93,0.0928765088863636
"brier",4,10,5,0.94,0.08478313555
"brier",4,10,5,0.95,0.0782068677454545
"brier",4,10,5,0.96,0.0708233479045455
"brier",4,10,5,0.97,0.0590786247863636
"brier",4,10,5,0.98,0.0390499343636364
"brier",4,10,5,0.99,0.0179488446727273
"brier",4,10,5,0.995,0.00864479975
"brier",4,10,6,0.9,0.142568587731818
"brier",4,10,6,0.91,0.1292416466
"brier",4,10,6,0.92,0.115302395231818
"brier",4,10,6,0.93,0.103007037827273
"brier",4,10,6,0.94,0.0887640364
"brier",4,10,6,0.95,0.0761860271954545
"brier",4,10,6,0.96,0.0645849279954546
"brier",4,10,6,0.97,0.0529486874045455
"brier",4,10,6,0.98,0.0428391380090909
"brier",4,10,6,0.99,0.0288914727045455
"brier",4,10,6,0.995,0.0229019767863636
"brier",4,10,7,0.9,0.17204780295
"brier",4,10,7,0.91,0.156542814181818
"brier",4,10,7,0.92,0.141190365381818
"brier",4,10,7,0.93,0.124152601545455
"brier",4,10,7,0.94,0.113300188413636
"brier",4,10,7,0.95,0.0986860197863636
"brier",4,10,7,0.96,0.0816713988909091
"brier",4,10,7,0.97,0.0668604750454545
"brier",4,10,7,0.98,0.0488674611363636
"brier",4,10,7,0.99,0.0323905069636364
"brier",4,10,7,0.995,0.0206246427545455
"brier",4,10,8,0.9,0.185599111463636
"brier",4,10,8,0.91,0.169561906863636
"brier",4,10,8,0.92,0.15366395545
"brier",4,10,8,0.93,0.143502397222727
"brier",4,10,8,0.94,0.13059274475
"brier",4,10,8,0.95,0.116033693854545
"brier",4,10,8,0.96,0.100122298359091
"brier",4,10,8,0.97,0.086674277
"brier",4,10,8,0.98,0.0698887837863636
"brier",4,10,8,0.99,0.0533827792090909
"brier",4,10,8,0.995,0.0425959504681818
"brier",4,10,9,0.9,0.110798208945455
"brier",4,10,9,0.91,0.0976299905
"brier",4,10,9,0.92,0.0863063076045455
"brier",4,10,9,0.93,0.0737942427409091
"brier",4,10,9,0.94,0.0641091097863636
"brier",4,10,9,0.95,0.0533127366272727
"brier",4,10,9,0.96,0.0433428281545455
"brier",4,10,9,0.97,0.03367687475
"brier",4,10,9,0.98,0.0209640424409091
"brier",4,10,9,0.99,0.00863676344545455
"brier",4,10,9,0.995,0.00545455540454545
"brier",4,10,10,0.9,0.186932287195455
"brier",4,10,10,0.91,0.172659373277273
"brier",4,10,10,0.92,0.159522242036364
"brier",4,10,10,0.93,0.143283024159091
"brier",4,10,10,0.94,0.125208445809091
"brier",4,10,10,0.95,0.1053602878
"brier",4,10,10,0.96,0.0855445544954545
"brier",4,10,10,0.97,0.0693564659409091
"brier",4,10,10,0.98,0.0502285102727273
"brier",4,10,10,0.99,0.0366302167727273
"brier",4,10,10,0.995,0.0251140743
"brier",4,10,11,0.9,0.132668889104545
"brier",4,10,11,0.91,0.1162707374
"brier",4,10,11,0.92,0.100201780927273
"brier",4,10,11,0.93,0.0846125143681818
"brier",4,10,11,0.94,0.0700029788409091
"brier",4,10,11,0.95,0.0569197086181818
"brier",4,10,11,0.96,0.0449516625727273
"brier",4,10,11,0.97,0.0329532079727273
"brier",4,10,11,0.98,0.0238195250318182
"brier",4,10,11,0.99,0.0138158700772727
"brier",4,10,11,0.995,0.00710957545454545
"brier",4,10,12,0.9,0.148358925681818
"brier",4,10,12,0.91,0.135795908690909
"brier",4,10,12,0.92,0.123323439068182
"brier",4,10,12,0.93,0.112963671136364
"brier",4,10,12,0.94,0.103247241668182
"brier",4,10,12,0.95,0.0950840451090909
"brier",4,10,12,0.96,0.0781853053045455
"brier",4,10,12,0.97,0.0565923413272727
"brier",4,10,12,0.98,0.0293950001318182
"brier",4,10,12,0.99,0.0107027180863636
"brier",4,10,12,0.995,0.00561403584090909
"brier",4,10,13,0.9,0.148282697645455
"brier",4,10,13,0.91,0.134582662863636
"brier",4,10,13,0.92,0.120426154813636
"brier",4,10,13,0.93,0.10586486005
"brier",4,10,13,0.94,0.09455585525
"brier",4,10,13,0.95,0.0806432764681818
"brier",4,10,13,0.96,0.0668310913181818
"brier",4,10,13,0.97,0.0545388739272727
"brier",4,10,13,0.98,0.0432398235636364
"brier",4,10,13,0.99,0.0304408742409091
"brier",4,10,13,0.995,0.0217646718954545
"brier",4,10,14,0.9,0.203808345972727
"brier",4,10,14,0.91,0.190111727227273
"brier",4,10,14,0.92,0.177234263009091
"brier",4,10,14,0.93,0.160702577218182
"brier",4,10,14,0.94,0.144495104027273
"brier",4,10,14,0.95,0.121844058759091
"brier",4,10,14,0.96,0.0998134054954545
"brier",4,10,14,0.97,0.0823540368136364
"brier",4,10,14,0.98,0.0633924280181818
"brier",4,10,14,0.99,0.0494492593363636
"brier",4,10,14,0.995,0.0410772406954545
"brier",4,10,15,0.9,0.168518639872727
"brier",4,10,15,0.91,0.141714504413636
"brier",4,10,15,0.92,0.11549270345
"brier",4,10,15,0.93,0.0953275331909091
"brier",4,10,15,0.94,0.07456676125
"brier",4,10,15,0.95,0.0582615135409091
"brier",4,10,15,0.96,0.0460788632409091
"brier",4,10,15,0.97,0.0353501168181818
"brier",4,10,15,0.98,0.0345330737318182
"brier",4,10,15,0.99,0.0159456343545455
"brier",4,10,15,0.995,0.00815225258636364
"brier",4,10,16,0.9,0.225079246359091
"brier",4,10,16,0.91,0.213910409290909
"brier",4,10,16,0.92,0.196826308036364
"brier",4,10,16,0.93,0.178190119618182
"brier",4,10,16,0.94,0.157985539486364
"brier",4,10,16,0.95,0.133343192454545
"brier",4,10,16,0.96,0.105346104822727
"brier",4,10,16,0.97,0.0802768219272727
"brier",4,10,16,0.98,0.0463095698
"brier",4,10,16,0.99,0.0220327637545455
"brier",4,10,16,0.995,0.0123256194727273
"brier",4,10,17,0.9,0.110530938795455
"brier",4,10,17,0.91,0.0960629725636364
"brier",4,10,17,0.92,0.0789694517818182
"brier",4,10,17,0.93,0.0621994220090909
"brier",4,10,17,0.94,0.0466064019772727
"brier",4,10,17,0.95,0.0351573674363636
"brier",4,10,17,0.96,0.0271601027909091
"brier",4,10,17,0.97,0.0292084913409091
"brier",4,10,17,0.98,0.0296905627
"brier",4,10,17,0.99,0.0240297452318182
"brier",4,10,17,0.995,0.00933481099090909
"brier",4,10,18,0.9,0.172591682436364
"brier",4,10,18,0.91,0.156924518495455
"brier",4,10,18,0.92,0.140741617718182
"brier",4,10,18,0.93,0.121617891322727
"brier",4,10,18,0.94,0.104650475009091
"brier",4,10,18,0.95,0.0896649350772727
"brier",4,10,18,0.96,0.0718580494454545
"brier",4,10,18,0.97,0.0529925176363636
"brier",4,10,18,0.98,0.0384218694454545
"brier",4,10,18,0.99,0.0191781271
"brier",4,10,18,0.995,0.0123765347545455
"brier",4,10,19,0.9,0.188023243059091
"brier",4,10,19,0.91,0.166548338913636
"brier",4,10,19,0.92,0.138130514395455
"brier",4,10,19,0.93,0.104084300681818
"brier",4,10,19,0.94,0.07523572665
"brier",4,10,19,0.95,0.0544822309636364
"brier",4,10,19,0.96,0.0398627077454545
"brier",4,10,19,0.97,0.0291419358181818
"brier",4,10,19,0.98,0.0209699013636364
"brier",4,10,19,0.99,0.0100012695636364
"brier",4,10,19,0.995,0.00500001072272727
"brier",4,10,20,0.9,0.0915613219409091
"brier",4,10,20,0.91,0.0803777502772727
"brier",4,10,20,0.92,0.0662646601409091
"brier",4,10,20,0.93,0.0540082586863636
"brier",4,10,20,0.94,0.0440370353772727
"brier",4,10,20,0.95,0.0324466369090909
"brier",4,10,20,0.96,0.0199962733954545
"brier",4,10,20,0.97,0.0123341892
"brier",4,10,20,0.98,0.00852496051363636
"brier",4,10,20,0.99,0.00443451536818182
"brier",4,10,20,0.995,0.00500782252727273
"brier",4,10,21,0.9,0.147038114318182
"brier",4,10,21,0.91,0.128910980322727
"brier",4,10,21,0.92,0.110111766731818
"brier",4,10,21,0.93,0.0952089319
"brier",4,10,21,0.94,0.0783823997
"brier",4,10,21,0.95,0.0620661803681818
"brier",4,10,21,0.96,0.0445503482090909
"brier",4,10,21,0.97,0.0300502397
"brier",4,10,21,0.98,0.0170106745590909
"brier",4,10,21,0.99,0.00930588805909091
"brier",4,10,21,0.995,0.00185929399090909
"brier",4,10,22,0.9,0.176818752972727
"brier",4,10,22,0.91,0.161006298640909
"brier",4,10,22,0.92,0.140804503422727
"brier",4,10,22,0.93,0.108484187245455
"brier",4,10,22,0.94,0.0734384414590909
"brier",4,10,22,0.95,0.04251014485
"brier",4,10,22,0.96,0.0345603714681818
"brier",4,10,22,0.97,0.0295934520318182
"brier",4,10,22,0.98,0.0222214841590909
"brier",4,10,22,0.99,0.00909055790909091
"brier",4,10,22,0.995,0.00500000056363636
"brier",4,10,23,0.9,0.102441252631818
"brier",4,10,23,0.91,0.0952856854136364
"brier",4,10,23,0.92,0.0868721609181818
"brier",4,10,23,0.93,0.0786595162727273
"brier",4,10,23,0.94,0.0670245121136364
"brier",4,10,23,0.95,0.0580483286636364
"brier",4,10,23,0.96,0.0438641714681818
"brier",4,10,23,0.97,0.0311515900045455
"brier",4,10,23,0.98,0.0223994746409091
"brier",4,10,23,0.99,0.0105330792954545
"brier",4,10,23,0.995,0.00546943705909091
"brier",4,10,24,0.9,0.209216517240909
"brier",4,10,24,0.91,0.197584086104545
"brier",4,10,24,0.92,0.185139470404545
"brier",4,10,24,0.93,0.170435044968182
"brier",4,10,24,0.94,0.151591111236364
"brier",4,10,24,0.95,0.133234564445455
"brier",4,10,24,0.96,0.116780058236364
"brier",4,10,24,0.97,0.0963273296863636
"brier",4,10,24,0.98,0.0662452911318182
"brier",4,10,24,0.99,0.0360593982272727
"brier",4,10,24,0.995,0.0233617933681818
"brier",4,10,25,0.9,0.155022098163636
"brier",4,10,25,0.91,0.142104397890909
"brier",4,10,25,0.92,0.125613420563636
"brier",4,10,25,0.93,0.110238707404545
"brier",4,10,25,0.94,0.0976141983772727
"brier",4,10,25,0.95,0.0843951461590909
"brier",4,10,25,0.96,0.0716001443227273
"brier",4,10,25,0.97,0.0582569064454545
"brier",4,10,25,0.98,0.0431563588863636
"brier",4,10,25,0.99,0.0263527737681818
"brier",4,10,25,0.995,0.0135740623090909
"brier",4,10,26,0.9,0.169775230118182
"brier",4,10,26,0.91,0.15052524825
"brier",4,10,26,0.92,0.132373650872727
"brier",4,10,26,0.93,0.107937501336364
"brier",4,10,26,0.94,0.0828812749909091
"brier",4,10,26,0.95,0.0676683079409091
"brier",4,10,26,0.96,0.0495607306272727
"brier",4,10,26,0.97,0.0309091115681818
"brier",4,10,26,0.98,0.0190909091
"brier",4,10,26,0.99,0.00818181818181818
"brier",4,10,26,0.995,0.00454545454545455
"brier",4,10,27,0.9,0.215231386709091
"brier",4,10,27,0.91,0.1945367481
"brier",4,10,27,0.92,0.167561337795455
"brier",4,10,27,0.93,0.144848826740909
"brier",4,10,27,0.94,0.12039561985
"brier",4,10,27,0.95,0.0972888351409091
"brier",4,10,27,0.96,0.0738444499272727
"brier",4,10,27,0.97,0.0562635943090909
"brier",4,10,27,0.98,0.0408995249681818
"brier",4,10,27,0.99,0.0319916765772727
"brier",4,10,27,0.995,0.0248150406227273
"brier",4,10,28,0.9,0.133645133172727
"brier",4,10,28,0.91,0.123280893368182
"brier",4,10,28,0.92,0.109302526759091
"brier",4,10,28,0.93,0.0956926802863636
"brier",4,10,28,0.94,0.0861627594136364
"brier",4,10,28,0.95,0.0761105949818182
"brier",4,10,28,0.96,0.0672927364590909
"brier",4,10,28,0.97,0.0536245728409091
"brier",4,10,28,0.98,0.0410918159318182
"brier",4,10,28,0.99,0.0262935067409091
"brier",4,10,28,0.995,0.0163204846
"brier",4,10,29,0.9,0.155688120572727
"brier",4,10,29,0.91,0.140098693459091
"brier",4,10,29,0.92,0.127617605563636
"brier",4,10,29,0.93,0.112223157431818
"brier",4,10,29,0.94,0.0991723572772727
"brier",4,10,29,0.95,0.0818364109681818
"brier",4,10,29,0.96,0.06597575415
"brier",4,10,29,0.97,0.0493235750590909
"brier",4,10,29,0.98,0.0363275303818182
"brier",4,10,29,0.99,0.0195734310727273
"brier",4,10,29,0.995,0.00982133897727273
"brier",4,10,30,0.9,0.140875165072727
"brier",4,10,30,0.91,0.123871572813636
"brier",4,10,30,0.92,0.10514514475
"brier",4,10,30,0.93,0.0893883033
"brier",4,10,30,0.94,0.0729554719318182
"brier",4,10,30,0.95,0.0568632917772727
"brier",4,10,30,0.96,0.0431684153045455
"brier",4,10,30,0.97,0.0311374265727273
"brier",4,10,30,0.98,0.0202167335727273
"brier",4,10,30,0.99,0.00960770476818182
"brier",4,10,30,0.995,0.00273546272727273
"brier",4,10,31,0.9,0.175326698031818
"brier",4,10,31,0.91,0.1673402555
"brier",4,10,31,0.92,0.154624149859091
"brier",4,10,31,0.93,0.1407455456
"brier",4,10,31,0.94,0.1265319606
"brier",4,10,31,0.95,0.113493954990909
"brier",4,10,31,0.96,0.0941266751818182
"brier",4,10,31,0.97,0.0767637282909091
"brier",4,10,31,0.98,0.0583433152409091
"brier",4,10,31,0.99,0.0399429889272727
"brier",4,10,31,0.995,0.0318553736090909
"brier",4,10,32,0.9,0.182314945681818
"brier",4,10,32,0.91,0.166761531240909
"brier",4,10,32,0.92,0.149621246886364
"brier",4,10,32,0.93,0.128971007172727
"brier",4,10,32,0.94,0.1104786831
"brier",4,10,32,0.95,0.0921237527272727
"brier",4,10,32,0.96,0.0702605668954545
"brier",4,10,32,0.97,0.0435407568045455
"brier",4,10,32,0.98,0.0201437754272727
"brier",4,10,32,0.99,0.0109090941272727
"brier",4,10,32,0.995,0.00590909102727273
"brier",4,10,33,0.9,0.171932352595455
"brier",4,10,33,0.91,0.156583921268182
"brier",4,10,33,0.92,0.143628188304545
"brier",4,10,33,0.93,0.129553524677273
"brier",4,10,33,0.94,0.112225529809091
"brier",4,10,33,0.95,0.0921917140863636
"brier",4,10,33,0.96,0.0703836018909091
"brier",4,10,33,0.97,0.0493659911681818
"brier",4,10,33,0.98,0.0206291788136364
"brier",4,10,33,0.99,0.0104545456
"brier",4,10,33,0.995,0.00500000004545455
"brier",4,10,34,0.9,0.145307069886364
"brier",4,10,34,0.91,0.136999522722727
"brier",4,10,34,0.92,0.127813122245455
"brier",4,10,34,0.93,0.120316687472727
"brier",4,10,34,0.94,0.107879120795455
"brier",4,10,34,0.95,0.09699077925
"brier",4,10,34,0.96,0.0821495385954545
"brier",4,10,34,0.97,0.0671548206772727
"brier",4,10,34,0.98,0.0488425202363636
"brier",4,10,34,0.99,0.0327413965363636
"brier",4,10,34,0.995,0.0201057845863636
"brier",4,10,35,0.9,0.166043364845455
"brier",4,10,35,0.91,0.154178847836364
"brier",4,10,35,0.92,0.143959667659091
"brier",4,10,35,0.93,0.130378816540909
"brier",4,10,35,0.94,0.120619490513636
"brier",4,10,35,0.95,0.100824626568182
"brier",4,10,35,0.96,0.0785179837818182
"brier",4,10,35,0.97,0.0565073065590909
"brier",4,10,35,0.98,0.0335330528
"brier",4,10,35,0.99,0.0188437270954545
"brier",4,10,35,0.995,0.01208347375
"brier",4,10,36,0.9,0.184811855963636
"brier",4,10,36,0.91,0.169258405486364
"brier",4,10,36,0.92,0.151807358609091
"brier",4,10,36,0.93,0.13579094165
"brier",4,10,36,0.94,0.117800883454545
"brier",4,10,36,0.95,0.0996965367772727
"brier",4,10,36,0.96,0.0828762663818182
"brier",4,10,36,0.97,0.0687954951227273
"brier",4,10,36,0.98,0.0509995277681818
"brier",4,10,36,0.99,0.0363468172409091
"brier",4,10,36,0.995,0.0264456969363636
"brier",4,10,37,0.9,0.102684296781818
"brier",4,10,37,0.91,0.0923364717772727
"brier",4,10,37,0.92,0.0827432770545455
"brier",4,10,37,0.93,0.0694977600954546
"brier",4,10,37,0.94,0.0592669297181818
"brier",4,10,37,0.95,0.05008859455
"brier",4,10,37,0.96,0.0409397130545455
"brier",4,10,37,0.97,0.0304625469681818
"brier",4,10,37,0.98,0.0209098878954545
"brier",4,10,37,0.99,0.0109090394590909
"brier",4,10,37,0.995,0.00409081978636364
"brier",4,10,38,0.9,0.128873811763636
"brier",4,10,38,0.91,0.119210107218182
"brier",4,10,38,0.92,0.104441825431818
"brier",4,10,38,0.93,0.0922653878
"brier",4,10,38,0.94,0.0814228047681818
"brier",4,10,38,0.95,0.0677270032045455
"brier",4,10,38,0.96,0.0533606678772727
"brier",4,10,38,0.97,0.0402000082681818
"brier",4,10,38,0.98,0.0255033241954545
"brier",4,10,38,0.99,0.0129493571545455
"brier",4,10,38,0.995,0.00659532505454545
"brier",4,10,39,0.9,0.149829810363636
"brier",4,10,39,0.91,0.132827231759091
"brier",4,10,39,0.92,0.116920440477273
"brier",4,10,39,0.93,0.102459223268182
"brier",4,10,39,0.94,0.0873129604545455
"brier",4,10,39,0.95,0.0705496780636364
"brier",4,10,39,0.96,0.0540282078363636
"brier",4,10,39,0.97,0.0403934932454545
"brier",4,10,39,0.98,0.0217621939454545
"brier",4,10,39,0.99,0.0127219439454545
"brier",4,10,39,0.995,0.00549949667727273
"brier",4,10,40,0.9,0.156559040140909
"brier",4,10,40,0.91,0.141993105677273
"brier",4,10,40,0.92,0.129722027204545
"brier",4,10,40,0.93,0.117528697295455
"brier",4,10,40,0.94,0.0997533128818182
"brier",4,10,40,0.95,0.0859269917772727
"brier",4,10,40,0.96,0.0681973402681818
"brier",4,10,40,0.97,0.0530531356590909
"brier",4,10,40,0.98,0.0385413391136364
"brier",4,10,40,0.99,0.0211011989227273
"brier",4,10,40,0.995,0.0127236028409091
"brier",4,10,41,0.9,0.133201671936364
"brier",4,10,41,0.91,0.122252850359091
"brier",4,10,41,0.92,0.112036180336364
"brier",4,10,41,0.93,0.102182782545455
"brier",4,10,41,0.94,0.0916001299772727
"brier",4,10,41,0.95,0.0741704266818182
"brier",4,10,41,0.96,0.0588584961227273
"brier",4,10,41,0.97,0.0465333315454545
"brier",4,10,41,0.98,0.0273646822863636
"brier",4,10,41,0.99,0.00954545459090909
"brier",4,10,41,0.995,0.00363636364090909
"brier",4,10,42,0.9,0.11767936095
"brier",4,10,42,0.91,0.103855038063636
"brier",4,10,42,0.92,0.0909797515318182
"brier",4,10,42,0.93,0.0766261227681818
"brier",4,10,42,0.94,0.0628038339545455
"brier",4,10,42,0.95,0.05177051625
"brier",4,10,42,0.96,0.0405246866681818
"brier",4,10,42,0.97,0.0293172768045455
"brier",4,10,42,0.98,0.0203066865772727
"brier",4,10,42,0.99,0.00820909104090909
"brier",4,10,42,0.995,0.00455448024090909
"brier",4,10,43,0.9,0.222549211309091
"brier",4,10,43,0.91,0.207873194795455
"brier",4,10,43,0.92,0.193759710786364
"brier",4,10,43,0.93,0.173683106181818
"brier",4,10,43,0.94,0.153651163781818
"brier",4,10,43,0.95,0.13510731605
"brier",4,10,43,0.96,0.115832890777273
"brier",4,10,43,0.97,0.0930504107409091
"brier",4,10,43,0.98,0.0671511750863636
"brier",4,10,43,0.99,0.0392948027045455
"brier",4,10,43,0.995,0.0213556205090909
"brier",4,10,44,0.9,0.202049990713636
"brier",4,10,44,0.91,0.191060672431818
"brier",4,10,44,0.92,0.180908910177273
"brier",4,10,44,0.93,0.172078791631818
"brier",4,10,44,0.94,0.160658653145455
"brier",4,10,44,0.95,0.150145753740909
"brier",4,10,44,0.96,0.130181385604545
"brier",4,10,44,0.97,0.106396486554545
"brier",4,10,44,0.98,0.0802650746454545
"brier",4,10,44,0.99,0.04486779725
"brier",4,10,44,0.995,0.0236899377727273
"brier",4,10,45,0.9,0.208252662727273
"brier",4,10,45,0.91,0.193483117054545
"brier",4,10,45,0.92,0.173228882259091
"brier",4,10,45,0.93,0.1543921386
"brier",4,10,45,0.94,0.13069274105
"brier",4,10,45,0.95,0.109740544436364
"brier",4,10,45,0.96,0.0912914546954545
"brier",4,10,45,0.97,0.0762625240636364
"brier",4,10,45,0.98,0.0511785623818182
"brier",4,10,45,0.99,0.0236898368681818
"brier",4,10,45,0.995,0.0134608300727273
"brier",4,10,46,0.9,0.136949309831818
"brier",4,10,46,0.91,0.122610253331818
"brier",4,10,46,0.92,0.109103655704545
"brier",4,10,46,0.93,0.0952690629545455
"brier",4,10,46,0.94,0.0833863816545455
"brier",4,10,46,0.95,0.0690223633318182
"brier",4,10,46,0.96,0.0547993338
"brier",4,10,46,0.97,0.0397232142909091
"brier",4,10,46,0.98,0.0239302182818182
"brier",4,10,46,0.99,0.01072043365
"brier",4,10,46,0.995,0.00712610582272727
"brier",4,10,47,0.9,0.172029684668182
"brier",4,10,47,0.91,0.158365552063636
"brier",4,10,47,0.92,0.145856060609091
"brier",4,10,47,0.93,0.134543589
"brier",4,10,47,0.94,0.119444649563636
"brier",4,10,47,0.95,0.101259346627273
"brier",4,10,47,0.96,0.0849264813272727
"brier",4,10,47,0.97,0.0642229679772727
"brier",4,10,47,0.98,0.0445755988409091
"brier",4,10,47,0.99,0.0216901914590909
"brier",4,10,47,0.995,0.0110827369545455
"brier",4,10,48,0.9,0.164512913195455
"brier",4,10,48,0.91,0.158152701836364
"brier",4,10,48,0.92,0.151926598559091
"brier",4,10,48,0.93,0.142625987377273
"brier",4,10,48,0.94,0.126962344018182
"brier",4,10,48,0.95,0.109171636572727
"brier",4,10,48,0.96,0.07929126295
"brier",4,10,48,0.97,0.0522709935863636
"brier",4,10,48,0.98,0.0320313972681818
"brier",4,10,48,0.99,0.0142149386727273
"brier",4,10,48,0.995,0.00707074220454545
"brier",4,10,49,0.9,0.190829821922727
"brier",4,10,49,0.91,0.167205803454545
"brier",4,10,49,0.92,0.144504360645455
"brier",4,10,49,0.93,0.11902903085
"brier",4,10,49,0.94,0.0960161342772727
"brier",4,10,49,0.95,0.0737523257681818
"brier",4,10,49,0.96,0.0540534371681818
"brier",4,10,49,0.97,0.0342735767136364
"brier",4,10,49,0.98,0.0202739498636364
"brier",4,10,49,0.99,0.0101529401272727
"brier",4,10,49,0.995,0.0045486838
"brier",4,10,50,0.9,0.115044439168182
"brier",4,10,50,0.91,0.102602392113636
"brier",4,10,50,0.92,0.0905878220863636
"brier",4,10,50,0.93,0.0749708824818182
"brier",4,10,50,0.94,0.0614508215681818
"brier",4,10,50,0.95,0.0482064901590909
"brier",4,10,50,0.96,0.0404555395909091
"brier",4,10,50,0.97,0.0304545743318182
"brier",4,10,50,0.98,0.0209090917227273
"brier",4,10,50,0.99,0.0131818182227273
"brier",4,10,50,0.995,0.00727272727272727
"brier",5,10,1,0.9,0.137611062577273
"brier",5,10,1,0.91,0.125504246086364
"brier",5,10,1,0.92,0.1110259713
"brier",5,10,1,0.93,0.100737079159091
"brier",5,10,1,0.94,0.0909863490318182
"brier",5,10,1,0.95,0.0807620517045455
"brier",5,10,1,0.96,0.0711744972181818
"brier",5,10,1,0.97,0.0592880025045455
"brier",5,10,1,0.98,0.0439746317545455
"brier",5,10,1,0.99,0.0305851814863636
"brier",5,10,1,0.995,0.0220201600227273
"brier",5,10,2,0.9,0.169581793236364
"brier",5,10,2,0.91,0.152349061336364
"brier",5,10,2,0.92,0.137829440786364
"brier",5,10,2,0.93,0.12058035765
"brier",5,10,2,0.94,0.103979883877273
"brier",5,10,2,0.95,0.0914735854045454
"brier",5,10,2,0.96,0.0774169805681818
"brier",5,10,2,0.97,0.0607245153954545
"brier",5,10,2,0.98,0.0479342958818182
"brier",5,10,2,0.99,0.0265096023545455
"brier",5,10,2,0.995,0.0124409993227273
"brier",5,10,3,0.9,0.103422984913636
"brier",5,10,3,0.91,0.0906121692136364
"brier",5,10,3,0.92,0.0788561842181818
"brier",5,10,3,0.93,0.0704867670227273
"brier",5,10,3,0.94,0.0624452762681818
"brier",5,10,3,0.95,0.0489101475636364
"brier",5,10,3,0.96,0.0389862662954545
"brier",5,10,3,0.97,0.0313165543545455
"brier",5,10,3,0.98,0.0182982331681818
"brier",5,10,3,0.99,0.0116286112454545
"brier",5,10,3,0.995,0.00604960548636364
"brier",5,10,4,0.9,0.1979096977
"brier",5,10,4,0.91,0.183729743740909
"brier",5,10,4,0.92,0.170295984890909
"brier",5,10,4,0.93,0.154073613940909
"brier",5,10,4,0.94,0.136099224727273
"brier",5,10,4,0.95,0.116190303822727
"brier",5,10,4,0.96,0.0940886687863636
"brier",5,10,4,0.97,0.07518060525
"brier",5,10,4,0.98,0.0531261561590909
"brier",5,10,4,0.99,0.0328905808272727
"brier",5,10,4,0.995,0.01985663855
"brier",5,10,5,0.9,0.110076315477273
"brier",5,10,5,0.91,0.105066409181818
"brier",5,10,5,0.92,0.0993411796818182
"brier",5,10,5,0.93,0.0935278876045455
"brier",5,10,5,0.94,0.0855082792363636
"brier",5,10,5,0.95,0.0785240203227273
"brier",5,10,5,0.96,0.0722193122181818
"brier",5,10,5,0.97,0.0620641204818182
"brier",5,10,5,0.98,0.0422485085318182
"brier",5,10,5,0.99,0.0164850951818182
"brier",5,10,5,0.995,0.00754056841363636
"brier",5,10,6,0.9,0.138819116713636
"brier",5,10,6,0.91,0.125768820572727
"brier",5,10,6,0.92,0.112204160131818
"brier",5,10,6,0.93,0.100269431336364
"brier",5,10,6,0.94,0.0862610166136364
"brier",5,10,6,0.95,0.0740699619727273
"brier",5,10,6,0.96,0.0629302398454546
"brier",5,10,6,0.97,0.0518760555590909
"brier",5,10,6,0.98,0.0426658884090909
"brier",5,10,6,0.99,0.0300692700045455
"brier",5,10,6,0.995,0.0254723486
"brier",5,10,7,0.9,0.166672646995455
"brier",5,10,7,0.91,0.153152643068182
"brier",5,10,7,0.92,0.139415586645455
"brier",5,10,7,0.93,0.124010861154545
"brier",5,10,7,0.94,0.115634539204545
"brier",5,10,7,0.95,0.102097481490909
"brier",5,10,7,0.96,0.0850226191318182
"brier",5,10,7,0.97,0.0703201017227273
"brier",5,10,7,0.98,0.0537148086363636
"brier",5,10,7,0.99,0.0387177433681818
"brier",5,10,7,0.995,0.0268950041
"brier",5,10,8,0.9,0.1765305708
"brier",5,10,8,0.91,0.161030325822727
"brier",5,10,8,0.92,0.145659930586364
"brier",5,10,8,0.93,0.136009131781818
"brier",5,10,8,0.94,0.123974349727273
"brier",5,10,8,0.95,0.110002905327273
"brier",5,10,8,0.96,0.0946363651409091
"brier",5,10,8,0.97,0.0823695126818182
"brier",5,10,8,0.98,0.0669348777045455
"brier",5,10,8,0.99,0.0514488796545455
"brier",5,10,8,0.995,0.0411625743181818
"brier",5,10,9,0.9,0.111306536840909
"brier",5,10,9,0.91,0.0979428893181818
"brier",5,10,9,0.92,0.0865792712590909
"brier",5,10,9,0.93,0.0739949520545455
"brier",5,10,9,0.94,0.0642202075545455
"brier",5,10,9,0.95,0.0533685199045455
"brier",5,10,9,0.96,0.0433821691272727
"brier",5,10,9,0.97,0.0336299355272727
"brier",5,10,9,0.98,0.0209416790954545
"brier",5,10,9,0.99,0.00863646950909091
"brier",5,10,9,0.995,0.00545454704545455
"brier",5,10,10,0.9,0.181953172981818
"brier",5,10,10,0.91,0.167733358504545
"brier",5,10,10,0.92,0.153854066990909
"brier",5,10,10,0.93,0.137729619409091
"brier",5,10,10,0.94,0.120054873854545
"brier",5,10,10,0.95,0.100273106518182
"brier",5,10,10,0.96,0.0810319319454545
"brier",5,10,10,0.97,0.0645210724181818
"brier",5,10,10,0.98,0.0472132665954545
"brier",5,10,10,0.99,0.0353471456909091
"brier",5,10,10,0.995,0.0268242171863636
"brier",5,10,11,0.9,0.131472465418182
"brier",5,10,11,0.91,0.1155016824
"brier",5,10,11,0.92,0.0995468193136364
"brier",5,10,11,0.93,0.0841044257727273
"brier",5,10,11,0.94,0.0697409368181818
"brier",5,10,11,0.95,0.0568902244136364
"brier",5,10,11,0.96,0.0452555202681818
"brier",5,10,11,0.97,0.0332883334863636
"brier",5,10,11,0.98,0.0236789958590909
"brier",5,10,11,0.99,0.0133893457045455
"brier",5,10,11,0.995,0.00683837265
"brier",5,10,12,0.9,0.145140597240909
"brier",5,10,12,0.91,0.133689699731818
"brier",5,10,12,0.92,0.123048121786364
"brier",5,10,12,0.93,0.114443544204545
"brier",5,10,12,0.94,0.106439080518182
"brier",5,10,12,0.95,0.0998785281409091
"brier",5,10,12,0.96,0.0835999636772727
"brier",5,10,12,0.97,0.0596869815181818
"brier",5,10,12,0.98,0.0315277972545455
"brier",5,10,12,0.99,0.0112869666636364
"brier",5,10,12,0.995,0.00590389758181818
"brier",5,10,13,0.9,0.144716872031818
"brier",5,10,13,0.91,0.130908043268182
"brier",5,10,13,0.92,0.117030705168182
"brier",5,10,13,0.93,0.10282341435
"brier",5,10,13,0.94,0.0920703604363636
"brier",5,10,13,0.95,0.0786119348409091
"brier",5,10,13,0.96,0.0655221108818182
"brier",5,10,13,0.97,0.0539699016636364
"brier",5,10,13,0.98,0.0434611478681818
"brier",5,10,13,0.99,0.0322963909363636
"brier",5,10,13,0.995,0.0246144989227273
"brier",5,10,14,0.9,0.190645116845455
"brier",5,10,14,0.91,0.177595365372727
"brier",5,10,14,0.92,0.164845792336364
"brier",5,10,14,0.93,0.148233677431818
"brier",5,10,14,0.94,0.132980309313636
"brier",5,10,14,0.95,0.112803629163636
"brier",5,10,14,0.96,0.09357844885
"brier",5,10,14,0.97,0.0780493601909091
"brier",5,10,14,0.98,0.0598375343318182
"brier",5,10,14,0.99,0.04656593185
"brier",5,10,14,0.995,0.0386093595818182
"brier",5,10,15,0.9,0.166487642936364
"brier",5,10,15,0.91,0.136914099772727
"brier",5,10,15,0.92,0.109066624386364
"brier",5,10,15,0.93,0.0884893143409091
"brier",5,10,15,0.94,0.0680882370590909
"brier",5,10,15,0.95,0.0534709431363636
"brier",5,10,15,0.96,0.0432909971363636
"brier",5,10,15,0.97,0.0350190791545455
"brier",5,10,15,0.98,0.0378108450863636
"brier",5,10,15,0.99,0.0186150195
"brier",5,10,15,0.995,0.00823926345
"brier",5,10,16,0.9,0.225024458109091
"brier",5,10,16,0.91,0.212548165395455
"brier",5,10,16,0.92,0.194990142036364
"brier",5,10,16,0.93,0.175616443822727
"brier",5,10,16,0.94,0.155721261963636
"brier",5,10,16,0.95,0.131966011977273
"brier",5,10,16,0.96,0.104184519
"brier",5,10,16,0.97,0.0790195613272727
"brier",5,10,16,0.98,0.0477222921954545
"brier",5,10,16,0.99,0.0241791590136364
"brier",5,10,16,0.995,0.0122167277772727
"brier",5,10,17,0.9,0.107313649854545
"brier",5,10,17,0.91,0.0933188088
"brier",5,10,17,0.92,0.0764450776863636
"brier",5,10,17,0.93,0.0598976496863636
"brier",5,10,17,0.94,0.04447028315
"brier",5,10,17,0.95,0.0341259957772727
"brier",5,10,17,0.96,0.0269642316181818
"brier",5,10,17,0.97,0.0295697849681818
"brier",5,10,17,0.98,0.0309026444090909
"brier",5,10,17,0.99,0.0281825129272727
"brier",5,10,17,0.995,0.00927621493636364
"brier",5,10,18,0.9,0.168190945363636
"brier",5,10,18,0.91,0.153716376981818
"brier",5,10,18,0.92,0.139016740309091
"brier",5,10,18,0.93,0.121406269727273
"brier",5,10,18,0.94,0.105713542759091
"brier",5,10,18,0.95,0.0915201937772727
"brier",5,10,18,0.96,0.0740497371409091
"brier",5,10,18,0.97,0.0549635139272727
"brier",5,10,18,0.98,0.0397940370636364
"brier",5,10,18,0.99,0.0214461375045455
"brier",5,10,18,0.995,0.0135747385772727
"brier",5,10,19,0.9,0.1890358384
"brier",5,10,19,0.91,0.167496559890909
"brier",5,10,19,0.92,0.138684921277273
"brier",5,10,19,0.93,0.104235779445455
"brier",5,10,19,0.94,0.0743088780772727
"brier",5,10,19,0.95,0.0534096700409091
"brier",5,10,19,0.96,0.03948236915
"brier",5,10,19,0.97,0.0289792960590909
"brier",5,10,19,0.98,0.0209310842590909
"brier",5,10,19,0.99,0.0100002424409091
"brier",5,10,19,0.995,0.00500000395909091
"brier",5,10,20,0.9,0.0921461241363636
"brier",5,10,20,0.91,0.0805093645090909
"brier",5,10,20,0.92,0.0661084632818182
"brier",5,10,20,0.93,0.0537412881454545
"brier",5,10,20,0.94,0.0437084434045455
"brier",5,10,20,0.95,0.0321309662045455
"brier",5,10,20,0.96,0.0196364961318182
"brier",5,10,20,0.97,0.0118985625772727
"brier",5,10,20,0.98,0.00783429373181818
"brier",5,10,20,0.99,0.00431936782727273
"brier",5,10,20,0.995,0.00479501971818182
"brier",5,10,21,0.9,0.144218320936364
"brier",5,10,21,0.91,0.126132797704545
"brier",5,10,21,0.92,0.1073220109
"brier",5,10,21,0.93,0.0922375948772727
"brier",5,10,21,0.94,0.0754708936454545
"brier",5,10,21,0.95,0.0593977165863636
"brier",5,10,21,0.96,0.0425120258772727
"brier",5,10,21,0.97,0.02889238525
"brier",5,10,21,0.98,0.0166263006954545
"brier",5,10,21,0.99,0.00926710251818182
"brier",5,10,21,0.995,0.00186462914545455
"brier",5,10,22,0.9,0.1804237753
"brier",5,10,22,0.91,0.163635067872727
"brier",5,10,22,0.92,0.142752830159091
"brier",5,10,22,0.93,0.110533315295455
"brier",5,10,22,0.94,0.0748449375545455
"brier",5,10,22,0.95,0.0420055908636364
"brier",5,10,22,0.96,0.0343207646636364
"brier",5,10,22,0.97,0.0298200509909091
"brier",5,10,22,0.98,0.0222685179363636
"brier",5,10,22,0.99,0.00909090937727273
"brier",5,10,22,0.995,0.00500000002727273
"brier",5,10,23,0.9,0.101619940372727
"brier",5,10,23,0.91,0.0948448715
"brier",5,10,23,0.92,0.0866016478454545
"brier",5,10,23,0.93,0.0781643759
"brier",5,10,23,0.94,0.0664831580227273
"brier",5,10,23,0.95,0.0573760971136364
"brier",5,10,23,0.96,0.0431802775818182
"brier",5,10,23,0.97,0.0308468539545455
"brier",5,10,23,0.98,0.0222929012181818
"brier",5,10,23,0.99,0.0105243293363636
"brier",5,10,23,0.995,0.00546848940909091
"brier",5,10,24,0.9,0.205684906022727
"brier",5,10,24,0.91,0.1937135473
"brier",5,10,24,0.92,0.180721317995455
"brier",5,10,24,0.93,0.165655013140909
"brier",5,10,24,0.94,0.146776982645455
"brier",5,10,24,0.95,0.128731025022727
"brier",5,10,24,0.96,0.112405809209091
"brier",5,10,24,0.97,0.0921594234045455
"brier",5,10,24,0.98,0.0627607031136364
"brier",5,10,24,0.99,0.0355521732727273
"brier",5,10,24,0.995,0.0256555552090909
"brier",5,10,25,0.9,0.152670459077273
"brier",5,10,25,0.91,0.139981382518182
"brier",5,10,25,0.92,0.123789551736364
"brier",5,10,25,0.93,0.108490855745455
"brier",5,10,25,0.94,0.0957262938636364
"brier",5,10,25,0.95,0.0825478014363636
"brier",5,10,25,0.96,0.0700530081818182
"brier",5,10,25,0.97,0.0577202427772727
"brier",5,10,25,0.98,0.0452716736636364
"brier",5,10,25,0.99,0.0271254735818182
"brier",5,10,25,0.995,0.0115791192
"brier",5,10,26,0.9,0.168450698640909
"brier",5,10,26,0.91,0.148837561931818
"brier",5,10,26,0.92,0.130223316468182
"brier",5,10,26,0.93,0.106492812877273
"brier",5,10,26,0.94,0.0828747077409091
"brier",5,10,26,0.95,0.0688450868136364
"brier",5,10,26,0.96,0.0529744839954545
"brier",5,10,26,0.97,0.0309090971409091
"brier",5,10,26,0.98,0.0190909090909091
"brier",5,10,26,0.99,0.00818181818181818
"brier",5,10,26,0.995,0.00454545454545455
"brier",5,10,27,0.9,0.20819177945
"brier",5,10,27,0.91,0.185950798677273
"brier",5,10,27,0.92,0.158299008931818
"brier",5,10,27,0.93,0.135510840804545
"brier",5,10,27,0.94,0.111765829309091
"brier",5,10,27,0.95,0.0907787854409091
"brier",5,10,27,0.96,0.0699764243636364
"brier",5,10,27,0.97,0.0550128400772727
"brier",5,10,27,0.98,0.0407287404318182
"brier",5,10,27,0.99,0.0322754836863636
"brier",5,10,27,0.995,0.0259093259954545
"brier",5,10,28,0.9,0.134159245754545
"brier",5,10,28,0.91,0.123725627904545
"brier",5,10,28,0.92,0.109526023354545
"brier",5,10,28,0.93,0.0954907294590909
"brier",5,10,28,0.94,0.0860011730136364
"brier",5,10,28,0.95,0.0766753787181818
"brier",5,10,28,0.96,0.0686033530090909
"brier",5,10,28,0.97,0.0557620123954545
"brier",5,10,28,0.98,0.0439973326863636
"brier",5,10,28,0.99,0.0289313900363636
"brier",5,10,28,0.995,0.0185044654272727
"brier",5,10,29,0.9,0.164054115863636
"brier",5,10,29,0.91,0.149325017127273
"brier",5,10,29,0.92,0.135751567036364
"brier",5,10,29,0.93,0.117370908727273
"brier",5,10,29,0.94,0.0996740631818182
"brier",5,10,29,0.95,0.0786367434409091
"brier",5,10,29,0.96,0.0622793546954545
"brier",5,10,29,0.97,0.0486854682636364
"brier",5,10,29,0.98,0.0368231884954545
"brier",5,10,29,0.99,0.0202512139863636
"brier",5,10,29,0.995,0.00936793238636364
"brier",5,10,30,0.9,0.140271449913636
"brier",5,10,30,0.91,0.123155949959091
"brier",5,10,30,0.92,0.104112350045455
"brier",5,10,30,0.93,0.0884769963954545
"brier",5,10,30,0.94,0.0724629151727273
"brier",5,10,30,0.95,0.0569712125954545
"brier",5,10,30,0.96,0.0433507875590909
"brier",5,10,30,0.97,0.0312733210363636
"brier",5,10,30,0.98,0.0202593809045455
"brier",5,10,30,0.99,0.00961525321818182
"brier",5,10,30,0.995,0.00273647689090909
"brier",5,10,31,0.9,0.166051424545455
"brier",5,10,31,0.91,0.158113652668182
"brier",5,10,31,0.92,0.145887413363636
"brier",5,10,31,0.93,0.132507207159091
"brier",5,10,31,0.94,0.119407867968182
"brier",5,10,31,0.95,0.107525981545455
"brier",5,10,31,0.96,0.0896579979090909
"brier",5,10,31,0.97,0.0738574264863636
"brier",5,10,31,0.98,0.0574140418409091
"brier",5,10,31,0.99,0.0421770966318182
"brier",5,10,31,0.995,0.0363084887545455
"brier",5,10,32,0.9,0.1776014133
"brier",5,10,32,0.91,0.163355334131818
"brier",5,10,32,0.92,0.147688463090909
"brier",5,10,32,0.93,0.129096443159091
"brier",5,10,32,0.94,0.112332203504545
"brier",5,10,32,0.95,0.0952032921363636
"brier",5,10,32,0.96,0.0723190700363636
"brier",5,10,32,0.97,0.0405688077818182
"brier",5,10,32,0.98,0.0200965693
"brier",5,10,32,0.99,0.0109091000318182
"brier",5,10,32,0.995,0.00590909115
"brier",5,10,33,0.9,0.170737841768182
"brier",5,10,33,0.91,0.155739397422727
"brier",5,10,33,0.92,0.142894939677273
"brier",5,10,33,0.93,0.128589067863636
"brier",5,10,33,0.94,0.110572607681818
"brier",5,10,33,0.95,0.0901635246227273
"brier",5,10,33,0.96,0.0701355185318182
"brier",5,10,33,0.97,0.0506039347863636
"brier",5,10,33,0.98,0.0206119106
"brier",5,10,33,0.99,0.0104545458227273
"brier",5,10,33,0.995,0.00500000002727273
"brier",5,10,34,0.9,0.145991793359091
"brier",5,10,34,0.91,0.138683020209091
"brier",5,10,34,0.92,0.130271794790909
"brier",5,10,34,0.93,0.123176879845455
"brier",5,10,34,0.94,0.110198609572727
"brier",5,10,34,0.95,0.0997514165318182
"brier",5,10,34,0.96,0.0850453025772727
"brier",5,10,34,0.97,0.0713913722363636
"brier",5,10,34,0.98,0.0547712656
"brier",5,10,34,0.99,0.0395690900863636
"brier",5,10,34,0.995,0.0261864127409091
"brier",5,10,35,0.9,0.161881663190909
"brier",5,10,35,0.91,0.150435136118182
"brier",5,10,35,0.92,0.140595808709091
"brier",5,10,35,0.93,0.127549426440909
"brier",5,10,35,0.94,0.117841822609091
"brier",5,10,35,0.95,0.0984980686136364
"brier",5,10,35,0.96,0.0767676051545454
"brier",5,10,35,0.97,0.0557993904
"brier",5,10,35,0.98,0.0352396419454545
"brier",5,10,35,0.99,0.0205615427181818
"brier",5,10,35,0.995,0.0125649771636364
"brier",5,10,36,0.9,0.186078680595455
"brier",5,10,36,0.91,0.172128922227273
"brier",5,10,36,0.92,0.156282838731818
"brier",5,10,36,0.93,0.141455676527273
"brier",5,10,36,0.94,0.124455095022727
"brier",5,10,36,0.95,0.106744779722727
"brier",5,10,36,0.96,0.0894872910818182
"brier",5,10,36,0.97,0.0749901103545455
"brier",5,10,36,0.98,0.0571638905318182
"brier",5,10,36,0.99,0.0422252063590909
"brier",5,10,36,0.995,0.0310843205909091
"brier",5,10,37,0.9,0.102292546522727
"brier",5,10,37,0.91,0.0920092888318182
"brier",5,10,37,0.92,0.0825222762136364
"brier",5,10,37,0.93,0.0693838866636364
"brier",5,10,37,0.94,0.0592113443318182
"brier",5,10,37,0.95,0.0500557186863636
"brier",5,10,37,0.96,0.0409268265818182
"brier",5,10,37,0.97,0.0304587405363636
"brier",5,10,37,0.98,0.0209095531272727
"brier",5,10,37,0.99,0.0109091182
"brier",5,10,37,0.995,0.00409091155909091
"brier",5,10,38,0.9,0.130732327959091
"brier",5,10,38,0.91,0.121427795177273
"brier",5,10,38,0.92,0.106833293331818
"brier",5,10,38,0.93,0.0946275105136364
"brier",5,10,38,0.94,0.0838674923818182
"brier",5,10,38,0.95,0.0701701338863636
"brier",5,10,38,0.96,0.0556019353636364
"brier",5,10,38,0.97,0.0420423852045455
"brier",5,10,38,0.98,0.0267180091772727
"brier",5,10,38,0.99,0.0127019952727273
"brier",5,10,38,0.995,0.00580497511363636
"brier",5,10,39,0.9,0.151215648618182
"brier",5,10,39,0.91,0.134079981181818
"brier",5,10,39,0.92,0.118027655363636
"brier",5,10,39,0.93,0.103448581822727
"brier",5,10,39,0.94,0.0881607434636364
"brier",5,10,39,0.95,0.0712086487590909
"brier",5,10,39,0.96,0.0545802596863636
"brier",5,10,39,0.97,0.0408606976409091
"brier",5,10,39,0.98,0.0220827551727273
"brier",5,10,39,0.99,0.0129286932545455
"brier",5,10,39,0.995,0.00566623315
"brier",5,10,40,0.9,0.153261192118182
"brier",5,10,40,0.91,0.139018696427273
"brier",5,10,40,0.92,0.126769235840909
"brier",5,10,40,0.93,0.11452028355
"brier",5,10,40,0.94,0.0973770220409091
"brier",5,10,40,0.95,0.0841550434636364
"brier",5,10,40,0.96,0.0673211469090909
"brier",5,10,40,0.97,0.0528078571772727
"brier",5,10,40,0.98,0.0386975610818182
"brier",5,10,40,0.99,0.0208063117090909
"brier",5,10,40,0.995,0.0122901054363636
"brier",5,10,41,0.9,0.130916996259091
"brier",5,10,41,0.91,0.121530953245455
"brier",5,10,41,0.92,0.112090878636364
"brier",5,10,41,0.93,0.103110645159091
"brier",5,10,41,0.94,0.0930823488227273
"brier",5,10,41,0.95,0.0753673368363636
"brier",5,10,41,0.96,0.0599969128272727
"brier",5,10,41,0.97,0.0483775074136364
"brier",5,10,41,0.98,0.0297948359
"brier",5,10,41,0.99,0.00954545454545455
"brier",5,10,41,0.995,0.00363636363636364
"brier",5,10,42,0.9,0.118429104963636
"brier",5,10,42,0.91,0.104208505090909
"brier",5,10,42,0.92,0.0906052684318182
"brier",5,10,42,0.93,0.0755509354863636
"brier",5,10,42,0.94,0.0614615841363636
"brier",5,10,42,0.95,0.0503998220954545
"brier",5,10,42,0.96,0.0394947529590909
"brier",5,10,42,0.97,0.0287323161454545
"brier",5,10,42,0.98,0.0201494165727273
"brier",5,10,42,0.99,0.00821907251363636
"brier",5,10,42,0.995,0.00455002779090909
"brier",5,10,43,0.9,0.220575170740909
"brier",5,10,43,0.91,0.206546030522727
"brier",5,10,43,0.92,0.192962723695455
"brier",5,10,43,0.93,0.174009238272727
"brier",5,10,43,0.94,0.154342612181818
"brier",5,10,43,0.95,0.135550545409091
"brier",5,10,43,0.96,0.116065502304545
"brier",5,10,43,0.97,0.0934144142545455
"brier",5,10,43,0.98,0.0683703540136364
"brier",5,10,43,0.99,0.0413321529636364
"brier",5,10,43,0.995,0.0221694494045455
"brier",5,10,44,0.9,0.205095658245455
"brier",5,10,44,0.91,0.193270947681818
"brier",5,10,44,0.92,0.182023617836364
"brier",5,10,44,0.93,0.1725975112
"brier",5,10,44,0.94,0.160169057077273
"brier",5,10,44,0.95,0.148914989772727
"brier",5,10,44,0.96,0.127941912272727
"brier",5,10,44,0.97,0.103291145172727
"brier",5,10,44,0.98,0.0760955299045455
"brier",5,10,44,0.99,0.0428771700090909
"brier",5,10,44,0.995,0.0221784004590909
"brier",5,10,45,0.9,0.209058481904545
"brier",5,10,45,0.91,0.193970113313636
"brier",5,10,45,0.92,0.173353737590909
"brier",5,10,45,0.93,0.1541514539
"brier",5,10,45,0.94,0.130074566509091
"brier",5,10,45,0.95,0.109423517022727
"brier",5,10,45,0.96,0.0915185477
"brier",5,10,45,0.97,0.0768565056681818
"brier",5,10,45,0.98,0.0520164689545455
"brier",5,10,45,0.99,0.0259247973909091
"brier",5,10,45,0.995,0.0138931709590909
"brier",5,10,46,0.9,0.139132681468182
"brier",5,10,46,0.91,0.124716412536364
"brier",5,10,46,0.92,0.110550555354545
"brier",5,10,46,0.93,0.0965980264181818
"brier",5,10,46,0.94,0.0840806479772727
"brier",5,10,46,0.95,0.0689843302818182
"brier",5,10,46,0.96,0.0544458540454545
"brier",5,10,46,0.97,0.0395026060636364
"brier",5,10,46,0.98,0.02384395075
"brier",5,10,46,0.99,0.0104732721590909
"brier",5,10,46,0.995,0.00713461380909091
"brier",5,10,47,0.9,0.169568680513636
"brier",5,10,47,0.91,0.156264516822727
"brier",5,10,47,0.92,0.143777016822727
"brier",5,10,47,0.93,0.132893746990909
"brier",5,10,47,0.94,0.118566865659091
"brier",5,10,47,0.95,0.101448045054545
"brier",5,10,47,0.96,0.0865548576909091
"brier",5,10,47,0.97,0.0669748672090909
"brier",5,10,47,0.98,0.0472268061363636
"brier",5,10,47,0.99,0.0233277924681818
"brier",5,10,47,0.995,0.0108810456409091
"brier",5,10,48,0.9,0.16218108625
"brier",5,10,48,0.91,0.155857366063636
"brier",5,10,48,0.92,0.149404980763636
"brier",5,10,48,0.93,0.140406305604545
"brier",5,10,48,0.94,0.124529925368182
"brier",5,10,48,0.95,0.107546226613636
"brier",5,10,48,0.96,0.0798826488272727
"brier",5,10,48,0.97,0.0531432515954545
"brier",5,10,48,0.98,0.0306972914227273
"brier",5,10,48,0.99,0.0134725458409091
"brier",5,10,48,0.995,0.00655703130454545
"brier",5,10,49,0.9,0.192346409127273
"brier",5,10,49,0.91,0.168593071222727
"brier",5,10,49,0.92,0.145351669763636
"brier",5,10,49,0.93,0.118838267722727
"brier",5,10,49,0.94,0.0951435179909091
"brier",5,10,49,0.95,0.0726891918454545
"brier",5,10,49,0.96,0.0530359120363636
"brier",5,10,49,0.97,0.03356824385
"brier",5,10,49,0.98,0.0199815543090909
"brier",5,10,49,0.99,0.0101330161590909
"brier",5,10,49,0.995,0.00454940448636364
"brier",5,10,50,0.9,0.115410249486364
"brier",5,10,50,0.91,0.102926414381818
"brier",5,10,50,0.92,0.0907818476681818
"brier",5,10,50,0.93,0.0750733416954545
"brier",5,10,50,0.94,0.0614855381772727
"brier",5,10,50,0.95,0.0482076009409091
"brier",5,10,50,0.96,0.0404557004681818
"brier",5,10,50,0.97,0.0304545800136364
"brier",5,10,50,0.98,0.0209090922045455
"brier",5,10,50,0.99,0.0131818182090909
"brier",5,10,50,0.995,0.00727272727727273
"brier",1,15,1,0.9,0.140879646713636
"brier",1,15,1,0.91,0.128061494627273
"brier",1,15,1,0.92,0.113065453345455
"brier",1,15,1,0.93,0.102412680295455
"brier",1,15,1,0.94,0.0922133635863636
"brier",1,15,1,0.95,0.0815024830636364
"brier",1,15,1,0.96,0.0714081094409091
"brier",1,15,1,0.97,0.0591205913409091
"brier",1,15,1,0.98,0.0433707449545455
"brier",1,15,1,0.99,0.0300372598318182
"brier",1,15,1,0.995,0.0218543144
"brier",1,15,2,0.9,0.173037720531818
"brier",1,15,2,0.91,0.1558620515
"brier",1,15,2,0.92,0.140951457290909
"brier",1,15,2,0.93,0.122875551
"brier",1,15,2,0.94,0.105124923531818
"brier",1,15,2,0.95,0.0913822970772727
"brier",1,15,2,0.96,0.0758218743
"brier",1,15,2,0.97,0.0587996595454545
"brier",1,15,2,0.98,0.0460024168727273
"brier",1,15,2,0.99,0.0260321545772727
"brier",1,15,2,0.995,0.0134046556590909
"brier",1,15,3,0.9,0.102859487754545
"brier",1,15,3,0.91,0.0907753250409091
"brier",1,15,3,0.92,0.0794949186363636
"brier",1,15,3,0.93,0.0710769058045455
"brier",1,15,3,0.94,0.0627941144772727
"brier",1,15,3,0.95,0.0490043944909091
"brier",1,15,3,0.96,0.0391827811272727
"brier",1,15,3,0.97,0.0314967290772727
"brier",1,15,3,0.98,0.0184583750318182
"brier",1,15,3,0.99,0.0118573736681818
"brier",1,15,3,0.995,0.00634034915454545
"brier",1,15,4,0.9,0.199537946068182
"brier",1,15,4,0.91,0.18571412635
"brier",1,15,4,0.92,0.172473196509091
"brier",1,15,4,0.93,0.156429165504545
"brier",1,15,4,0.94,0.138493267677273
"brier",1,15,4,0.95,0.118463612931818
"brier",1,15,4,0.96,0.09610054675
"brier",1,15,4,0.97,0.0772751333590909
"brier",1,15,4,0.98,0.0553742926272727
"brier",1,15,4,0.99,0.0330640588818182
"brier",1,15,4,0.995,0.0195010423318182
"brier",1,15,5,0.9,0.111671870254545
"brier",1,15,5,0.91,0.106195087504545
"brier",1,15,5,0.92,0.0999789778272727
"brier",1,15,5,0.93,0.0937814034272727
"brier",1,15,5,0.94,0.0860760966727273
"brier",1,15,5,0.95,0.0800653571772727
"brier",1,15,5,0.96,0.0743378261954546
"brier",1,15,5,0.97,0.0629541979545455
"brier",1,15,5,0.98,0.0415606685272727
"brier",1,15,5,0.99,0.0175688954272727
"brier",1,15,5,0.995,0.00758611478636364
"brier",1,15,6,0.9,0.147473270104545
"brier",1,15,6,0.91,0.133526776086364
"brier",1,15,6,0.92,0.118488158236364
"brier",1,15,6,0.93,0.104804974440909
"brier",1,15,6,0.94,0.0894442419227273
"brier",1,15,6,0.95,0.0759679911454545
"brier",1,15,6,0.96,0.0638231914227273
"brier",1,15,6,0.97,0.0521741539954545
"brier",1,15,6,0.98,0.0426457646363636
"brier",1,15,6,0.99,0.0299018198181818
"brier",1,15,6,0.995,0.0248376071136364
"brier",1,15,7,0.9,0.173551273281818
"brier",1,15,7,0.91,0.157881342059091
"brier",1,15,7,0.92,0.14223694665
"brier",1,15,7,0.93,0.125306616636364
"brier",1,15,7,0.94,0.114900649595455
"brier",1,15,7,0.95,0.100867687454545
"brier",1,15,7,0.96,0.0845243638
"brier",1,15,7,0.97,0.0702987404545455
"brier",1,15,7,0.98,0.0529767837863636
"brier",1,15,7,0.99,0.0364055786
"brier",1,15,7,0.995,0.0241410151681818
"brier",1,15,8,0.9,0.189041306304545
"brier",1,15,8,0.91,0.172629438618182
"brier",1,15,8,0.92,0.156546665954545
"brier",1,15,8,0.93,0.145910619113636
"brier",1,15,8,0.94,0.132615378431818
"brier",1,15,8,0.95,0.117488521068182
"brier",1,15,8,0.96,0.101086867486364
"brier",1,15,8,0.97,0.0873839336863636
"brier",1,15,8,0.98,0.0703082080863636
"brier",1,15,8,0.99,0.0537341016045455
"brier",1,15,8,0.995,0.0431568021136364
"brier",1,15,9,0.9,0.113862390281818
"brier",1,15,9,0.91,0.0999553634272727
"brier",1,15,9,0.92,0.0878455264045455
"brier",1,15,9,0.93,0.0747534471590909
"brier",1,15,9,0.94,0.0643781221636364
"brier",1,15,9,0.95,0.0532237108590909
"brier",1,15,9,0.96,0.0429749811636364
"brier",1,15,9,0.97,0.0332724375863636
"brier",1,15,9,0.98,0.0209090932227273
"brier",1,15,9,0.99,0.00863636363636364
"brier",1,15,9,0.995,0.00545454545454545
"brier",1,15,10,0.9,0.1920072185
"brier",1,15,10,0.91,0.177634896477273
"brier",1,15,10,0.92,0.164140259563636
"brier",1,15,10,0.93,0.148104895954545
"brier",1,15,10,0.94,0.129989162981818
"brier",1,15,10,0.95,0.110227247936364
"brier",1,15,10,0.96,0.0897500999681818
"brier",1,15,10,0.97,0.0735504026
"brier",1,15,10,0.98,0.0526909075545455
"brier",1,15,10,0.99,0.0379212415227273
"brier",1,15,10,0.995,0.0258606032409091
"brier",1,15,11,0.9,0.134257635586364
"brier",1,15,11,0.91,0.117354001372727
"brier",1,15,11,0.92,0.100764169581818
"brier",1,15,11,0.93,0.0849490153045455
"brier",1,15,11,0.94,0.0702043217272727
"brier",1,15,11,0.95,0.0571315611090909
"brier",1,15,11,0.96,0.0450988171454545
"brier",1,15,11,0.97,0.0329554900772727
"brier",1,15,11,0.98,0.0237401172
"brier",1,15,11,0.99,0.0136859913727273
"brier",1,15,11,0.995,0.00700632507272727
"brier",1,15,12,0.9,0.147236340931818
"brier",1,15,12,0.91,0.135627233427273
"brier",1,15,12,0.92,0.124493682963636
"brier",1,15,12,0.93,0.114961099654545
"brier",1,15,12,0.94,0.105588101409091
"brier",1,15,12,0.95,0.0979836864954546
"brier",1,15,12,0.96,0.0819573911863636
"brier",1,15,12,0.97,0.0606639482772727
"brier",1,15,12,0.98,0.0311959975590909
"brier",1,15,12,0.99,0.0102113540318182
"brier",1,15,12,0.995,0.00546203682727273
"brier",1,15,13,0.9,0.150904461281818
"brier",1,15,13,0.91,0.136450618272727
"brier",1,15,13,0.92,0.121526606813636
"brier",1,15,13,0.93,0.106436410972727
"brier",1,15,13,0.94,0.0948005053590909
"brier",1,15,13,0.95,0.0806205877909091
"brier",1,15,13,0.96,0.0666524465681818
"brier",1,15,13,0.97,0.0543519646227273
"brier",1,15,13,0.98,0.0432905399
"brier",1,15,13,0.99,0.0311617676772727
"brier",1,15,13,0.995,0.0229572154227273
"brier",1,15,14,0.9,0.207037291836364
"brier",1,15,14,0.91,0.193005553563636
"brier",1,15,14,0.92,0.179648374372727
"brier",1,15,14,0.93,0.162906299931818
"brier",1,15,14,0.94,0.1473498713
"brier",1,15,14,0.95,0.126047610759091
"brier",1,15,14,0.96,0.105540463818182
"brier",1,15,14,0.97,0.0880798196227273
"brier",1,15,14,0.98,0.0683968398909091
"brier",1,15,14,0.99,0.0538727342227273
"brier",1,15,14,0.995,0.0452710842681818
"brier",1,15,15,0.9,0.169567038481818
"brier",1,15,15,0.91,0.143558428368182
"brier",1,15,15,0.92,0.117485631868182
"brier",1,15,15,0.93,0.0970547075272727
"brier",1,15,15,0.94,0.0757063744863636
"brier",1,15,15,0.95,0.058734207
"brier",1,15,15,0.96,0.0463014282409091
"brier",1,15,15,0.97,0.0353071596636364
"brier",1,15,15,0.98,0.0369508016636364
"brier",1,15,15,0.99,0.0172621994954545
"brier",1,15,15,0.995,0.00831748408181818
"brier",1,15,16,0.9,0.226648870904545
"brier",1,15,16,0.91,0.216307923690909
"brier",1,15,16,0.92,0.20038539295
"brier",1,15,16,0.93,0.182267891722727
"brier",1,15,16,0.94,0.163045731263636
"brier",1,15,16,0.95,0.138081750054545
"brier",1,15,16,0.96,0.109613139227273
"brier",1,15,16,0.97,0.0831474105136364
"brier",1,15,16,0.98,0.0473474811636364
"brier",1,15,16,0.99,0.0216991665045455
"brier",1,15,16,0.995,0.0116850840454545
"brier",1,15,17,0.9,0.111120027836364
"brier",1,15,17,0.91,0.0968236502636364
"brier",1,15,17,0.92,0.0796499845545455
"brier",1,15,17,0.93,0.06264825885
"brier",1,15,17,0.94,0.0466751221863636
"brier",1,15,17,0.95,0.0349352296318182
"brier",1,15,17,0.96,0.02704406715
"brier",1,15,17,0.97,0.0293494508045455
"brier",1,15,17,0.98,0.0303480606227273
"brier",1,15,17,0.99,0.0253836871136364
"brier",1,15,17,0.995,0.00945447816818182
"brier",1,15,18,0.9,0.174089782513636
"brier",1,15,18,0.91,0.158642123209091
"brier",1,15,18,0.92,0.142637944568182
"brier",1,15,18,0.93,0.12361040845
"brier",1,15,18,0.94,0.106722813936364
"brier",1,15,18,0.95,0.0918089302909091
"brier",1,15,18,0.96,0.0739429802636364
"brier",1,15,18,0.97,0.0547755151636364
"brier",1,15,18,0.98,0.0397248018
"brier",1,15,18,0.99,0.0206667475090909
"brier",1,15,18,0.995,0.0139806768954545
"brier",1,15,19,0.9,0.191731519481818
"brier",1,15,19,0.91,0.170228654731818
"brier",1,15,19,0.92,0.140920422004545
"brier",1,15,19,0.93,0.104981433118182
"brier",1,15,19,0.94,0.0751662838681818
"brier",1,15,19,0.95,0.0541988831681818
"brier",1,15,19,0.96,0.0395742605136364
"brier",1,15,19,0.97,0.02894938585
"brier",1,15,19,0.98,0.0209272474181818
"brier",1,15,19,0.99,0.0100000329545455
"brier",1,15,19,0.995,0.00500000000454545
"brier",1,15,20,0.9,0.0936441977772727
"brier",1,15,20,0.91,0.0822748226954546
"brier",1,15,20,0.92,0.0678056394954545
"brier",1,15,20,0.93,0.0551978553454545
"brier",1,15,20,0.94,0.0449304204954545
"brier",1,15,20,0.95,0.0329806028318182
"brier",1,15,20,0.96,0.0202362561181818
"brier",1,15,20,0.97,0.0119635944272727
"brier",1,15,20,0.98,0.00787165379545455
"brier",1,15,20,0.99,0.00426145064545455
"brier",1,15,20,0.995,0.00586144587272727
"brier",1,15,21,0.9,0.145226585622727
"brier",1,15,21,0.91,0.127194866204545
"brier",1,15,21,0.92,0.108592567754545
"brier",1,15,21,0.93,0.0940038049636364
"brier",1,15,21,0.94,0.0774014053090909
"brier",1,15,21,0.95,0.0613532606636364
"brier",1,15,21,0.96,0.04384621
"brier",1,15,21,0.97,0.0295067206136364
"brier",1,15,21,0.98,0.0166514349090909
"brier",1,15,21,0.99,0.00916606585909091
"brier",1,15,21,0.995,0.00182280780454545
"brier",1,15,22,0.9,0.182404754931818
"brier",1,15,22,0.91,0.166324529418182
"brier",1,15,22,0.92,0.145332112168182
"brier",1,15,22,0.93,0.111005856
"brier",1,15,22,0.94,0.0738582815409091
"brier",1,15,22,0.95,0.0414889731181818
"brier",1,15,22,0.96,0.0342742122863636
"brier",1,15,22,0.97,0.02982751115
"brier",1,15,22,0.98,0.0222705471636364
"brier",1,15,22,0.99,0.00909090909090909
"brier",1,15,22,0.995,0.005
"brier",1,15,23,0.9,0.104587320104545
"brier",1,15,23,0.91,0.0969009843590909
"brier",1,15,23,0.92,0.0878774341727273
"brier",1,15,23,0.93,0.0793004270454545
"brier",1,15,23,0.94,0.0674360958227273
"brier",1,15,23,0.95,0.0581969069818182
"brier",1,15,23,0.96,0.0437946219727273
"brier",1,15,23,0.97,0.0310235678727273
"brier",1,15,23,0.98,0.0222511250181818
"brier",1,15,23,0.99,0.0104768575454545
"brier",1,15,23,0.995,0.00545582770454545
"brier",1,15,24,0.9,0.213009152481818
"brier",1,15,24,0.91,0.201052869145455
"brier",1,15,24,0.92,0.188562625818182
"brier",1,15,24,0.93,0.173678536322727
"brier",1,15,24,0.94,0.154486036118182
"brier",1,15,24,0.95,0.135991550972727
"brier",1,15,24,0.96,0.119027003772727
"brier",1,15,24,0.97,0.0980283792181818
"brier",1,15,24,0.98,0.0674604203727273
"brier",1,15,24,0.99,0.0367473353318182
"brier",1,15,24,0.995,0.0245166417545455
"brier",1,15,25,0.9,0.156888028059091
"brier",1,15,25,0.91,0.144824104777273
"brier",1,15,25,0.92,0.128562459622727
"brier",1,15,25,0.93,0.113106457809091
"brier",1,15,25,0.94,0.100865404436364
"brier",1,15,25,0.95,0.0876094506727273
"brier",1,15,25,0.96,0.0749017559090909
"brier",1,15,25,0.97,0.0622425434681818
"brier",1,15,25,0.98,0.0467883885
"brier",1,15,25,0.99,0.0284488273136364
"brier",1,15,25,0.995,0.0148759453454545
"brier",1,15,26,0.9,0.168891643672727
"brier",1,15,26,0.91,0.150142249218182
"brier",1,15,26,0.92,0.132186107231818
"brier",1,15,26,0.93,0.107707012218182
"brier",1,15,26,0.94,0.0831096644954546
"brier",1,15,26,0.95,0.0685903346318182
"brier",1,15,26,0.96,0.0504504593272727
"brier",1,15,26,0.97,0.0309090909136364
"brier",1,15,26,0.98,0.0190909090909091
"brier",1,15,26,0.99,0.00818181818181818
"brier",1,15,26,0.995,0.00454545454545455
"brier",1,15,27,0.9,0.219431657740909
"brier",1,15,27,0.91,0.197837632163636
"brier",1,15,27,0.92,0.170586972859091
"brier",1,15,27,0.93,0.147982740213636
"brier",1,15,27,0.94,0.123333840604545
"brier",1,15,27,0.95,0.0993572632
"brier",1,15,27,0.96,0.0744110458818182
"brier",1,15,27,0.97,0.0559420788318182
"brier",1,15,27,0.98,0.0406180265772727
"brier",1,15,27,0.99,0.0322694604363636
"brier",1,15,27,0.995,0.0257964265863636
"brier",1,15,28,0.9,0.135567661795455
"brier",1,15,28,0.91,0.125114071740909
"brier",1,15,28,0.92,0.111031243195455
"brier",1,15,28,0.93,0.0972288352909091
"brier",1,15,28,0.94,0.0875786738090909
"brier",1,15,28,0.95,0.0774677520136364
"brier",1,15,28,0.96,0.0686428561
"brier",1,15,28,0.97,0.0549674760818182
"brier",1,15,28,0.98,0.0423100946909091
"brier",1,15,28,0.99,0.0275409693090909
"brier",1,15,28,0.995,0.0177348923136364
"brier",1,15,29,0.9,0.157389908240909
"brier",1,15,29,0.91,0.141605079281818
"brier",1,15,29,0.92,0.128933468254545
"brier",1,15,29,0.93,0.113421497186364
"brier",1,15,29,0.94,0.100015339940909
"brier",1,15,29,0.95,0.0822806261545455
"brier",1,15,29,0.96,0.0659972282454546
"brier",1,15,29,0.97,0.0496048398045455
"brier",1,15,29,0.98,0.0378117877863636
"brier",1,15,29,0.99,0.0207927615
"brier",1,15,29,0.995,0.0101096996772727
"brier",1,15,30,0.9,0.142548125381818
"brier",1,15,30,0.91,0.125195070222727
"brier",1,15,30,0.92,0.105907194163636
"brier",1,15,30,0.93,0.0901094860772727
"brier",1,15,30,0.94,0.07367936445
"brier",1,15,30,0.95,0.05735781
"brier",1,15,30,0.96,0.0432819437363636
"brier",1,15,30,0.97,0.0310598327409091
"brier",1,15,30,0.98,0.020121222
"brier",1,15,30,0.99,0.00956276884545455
"brier",1,15,30,0.995,0.00272793228181818
"brier",1,15,31,0.9,0.179010857013636
"brier",1,15,31,0.91,0.170756098772727
"brier",1,15,31,0.92,0.157335022868182
"brier",1,15,31,0.93,0.143177800595455
"brier",1,15,31,0.94,0.128647192963636
"brier",1,15,31,0.95,0.115112072027273
"brier",1,15,31,0.96,0.0952933315136364
"brier",1,15,31,0.97,0.07808720755
"brier",1,15,31,0.98,0.0599680730545455
"brier",1,15,31,0.99,0.0419982574181818
"brier",1,15,31,0.995,0.0340231320318182
"brier",1,15,32,0.9,0.185807030290909
"brier",1,15,32,0.91,0.170219506977273
"brier",1,15,32,0.92,0.153076456104545
"brier",1,15,32,0.93,0.132488430045455
"brier",1,15,32,0.94,0.113943678259091
"brier",1,15,32,0.95,0.0953089307409091
"brier",1,15,32,0.96,0.0726293158181818
"brier",1,15,32,0.97,0.0440168250818182
"brier",1,15,32,0.98,0.0200392584818182
"brier",1,15,32,0.99,0.0109090909090909
"brier",1,15,32,0.995,0.00590909090909091
"brier",1,15,33,0.9,0.174603414754545
"brier",1,15,33,0.91,0.159291837672727
"brier",1,15,33,0.92,0.146371180354545
"brier",1,15,33,0.93,0.132332737922727
"brier",1,15,33,0.94,0.114909029436364
"brier",1,15,33,0.95,0.0944271703909091
"brier",1,15,33,0.96,0.0721142604181818
"brier",1,15,33,0.97,0.0504856802090909
"brier",1,15,33,0.98,0.0205713467045455
"brier",1,15,33,0.99,0.0104545454545455
"brier",1,15,33,0.995,0.005
"brier",1,15,34,0.9,0.149278510945455
"brier",1,15,34,0.91,0.141308987331818
"brier",1,15,34,0.92,0.132272789645455
"brier",1,15,34,0.93,0.124989181154545
"brier",1,15,34,0.94,0.112691867127273
"brier",1,15,34,0.95,0.101487157009091
"brier",1,15,34,0.96,0.0863049047863636
"brier",1,15,34,0.97,0.0709000304681818
"brier",1,15,34,0.98,0.0531102366181818
"brier",1,15,34,0.99,0.0373326245090909
"brier",1,15,34,0.995,0.0238440815954545
"brier",1,15,35,0.9,0.165537464204545
"brier",1,15,35,0.91,0.153254623045455
"brier",1,15,35,0.92,0.142611728686364
"brier",1,15,35,0.93,0.128669504672727
"brier",1,15,35,0.94,0.118896876822727
"brier",1,15,35,0.95,0.0993879721590909
"brier",1,15,35,0.96,0.0782872013227273
"brier",1,15,35,0.97,0.0583588436772727
"brier",1,15,35,0.98,0.0364238374954545
"brier",1,15,35,0.99,0.0205937404272727
"brier",1,15,35,0.995,0.0129905627227273
"brier",1,15,36,0.9,0.186240251818182
"brier",1,15,36,0.91,0.170781010904545
"brier",1,15,36,0.92,0.153394920868182
"brier",1,15,36,0.93,0.137806735922727
"brier",1,15,36,0.94,0.120013331331818
"brier",1,15,36,0.95,0.102179961222727
"brier",1,15,36,0.96,0.0857613014272727
"brier",1,15,36,0.97,0.0721106224318182
"brier",1,15,36,0.98,0.0545392737954545
"brier",1,15,36,0.99,0.0395806873272727
"brier",1,15,36,0.995,0.0294074932818182
"brier",1,15,37,0.9,0.102039539668182
"brier",1,15,37,0.91,0.0918027729863636
"brier",1,15,37,0.92,0.0823648742090909
"brier",1,15,37,0.93,0.0692500592636364
"brier",1,15,37,0.94,0.0591216273454545
"brier",1,15,37,0.95,0.05000571415
"brier",1,15,37,0.96,0.0409094275863636
"brier",1,15,37,0.97,0.0304545525818182
"brier",1,15,37,0.98,0.0209090909136364
"brier",1,15,37,0.99,0.0109090909090909
"brier",1,15,37,0.995,0.00409090909090909
"brier",1,15,38,0.9,0.128230191354545
"brier",1,15,38,0.91,0.118761746031818
"brier",1,15,38,0.92,0.104170075295455
"brier",1,15,38,0.93,0.0922298181909091
"brier",1,15,38,0.94,0.0816637116590909
"brier",1,15,38,0.95,0.0682648144272727
"brier",1,15,38,0.96,0.0541488571909091
"brier",1,15,38,0.97,0.0410383326363636
"brier",1,15,38,0.98,0.0261043675454545
"brier",1,15,38,0.99,0.0128592975954545
"brier",1,15,38,0.995,0.00622977699545455
"brier",1,15,39,0.9,0.153738138090909
"brier",1,15,39,0.91,0.136536004104545
"brier",1,15,39,0.92,0.120671153004545
"brier",1,15,39,0.93,0.105928454159091
"brier",1,15,39,0.94,0.0902063611363636
"brier",1,15,39,0.95,0.0727066736363636
"brier",1,15,39,0.96,0.0553797088272727
"brier",1,15,39,0.97,0.0412154757136364
"brier",1,15,39,0.98,0.0217983877136364
"brier",1,15,39,0.99,0.0122980308363636
"brier",1,15,39,0.995,0.00511474432727273
"brier",1,15,40,0.9,0.159953540877273
"brier",1,15,40,0.91,0.1445074225
"brier",1,15,40,0.92,0.131657984854545
"brier",1,15,40,0.93,0.119082162240909
"brier",1,15,40,0.94,0.100979183295455
"brier",1,15,40,0.95,0.0870022591363636
"brier",1,15,40,0.96,0.0691135808909091
"brier",1,15,40,0.97,0.0538431623909091
"brier",1,15,40,0.98,0.0393514062954545
"brier",1,15,40,0.99,0.0217021016272727
"brier",1,15,40,0.995,0.0129612829590909
"brier",1,15,41,0.9,0.133504043295455
"brier",1,15,41,0.91,0.122631727986364
"brier",1,15,41,0.92,0.112357946318182
"brier",1,15,41,0.93,0.102136683168182
"brier",1,15,41,0.94,0.09159993525
"brier",1,15,41,0.95,0.07436914155
"brier",1,15,41,0.96,0.0593464221363636
"brier",1,15,41,0.97,0.0474531218227273
"brier",1,15,41,0.98,0.0284175997954545
"brier",1,15,41,0.99,0.00954545454545455
"brier",1,15,41,0.995,0.00363636363636364
"brier",1,15,42,0.9,0.118372804063636
"brier",1,15,42,0.91,0.104600650231818
"brier",1,15,42,0.92,0.0917559785909091
"brier",1,15,42,0.93,0.0771555307227273
"brier",1,15,42,0.94,0.0632687141909091
"brier",1,15,42,0.95,0.0519553220227273
"brier",1,15,42,0.96,0.0406130093272727
"brier",1,15,42,0.97,0.0293454648318182
"brier",1,15,42,0.98,0.0203449411545455
"brier",1,15,42,0.99,0.00821046724545454
"brier",1,15,42,0.995,0.00454643317727273
"brier",1,15,43,0.9,0.227895804454545
"brier",1,15,43,0.91,0.213121144968182
"brier",1,15,43,0.92,0.198943822759091
"brier",1,15,43,0.93,0.178404270268182
"brier",1,15,43,0.94,0.158206849336364
"brier",1,15,43,0.95,0.139784938504545
"brier",1,15,43,0.96,0.120675908686364
"brier",1,15,43,0.97,0.0973251521136364
"brier",1,15,43,0.98,0.0694066969590909
"brier",1,15,43,0.99,0.0392494051363636
"brier",1,15,43,0.995,0.02101355365
"brier",1,15,44,0.9,0.20295229495
"brier",1,15,44,0.91,0.19191508975
"brier",1,15,44,0.92,0.181802111140909
"brier",1,15,44,0.93,0.173024277177273
"brier",1,15,44,0.94,0.161656409640909
"brier",1,15,44,0.95,0.151324085131818
"brier",1,15,44,0.96,0.131465725936364
"brier",1,15,44,0.97,0.1073013105
"brier",1,15,44,0.98,0.0805440968181818
"brier",1,15,44,0.99,0.044880881
"brier",1,15,44,0.995,0.0235518628181818
"brier",1,15,45,0.9,0.211107210918182
"brier",1,15,45,0.91,0.196544604527273
"brier",1,15,45,0.92,0.176771693209091
"brier",1,15,45,0.93,0.158524501527273
"brier",1,15,45,0.94,0.135832266927273
"brier",1,15,45,0.95,0.115960320481818
"brier",1,15,45,0.96,0.0980494673045455
"brier",1,15,45,0.97,0.0828984784772727
"brier",1,15,45,0.98,0.0567522057909091
"brier",1,15,45,0.99,0.0259616451272727
"brier",1,15,45,0.995,0.0146889344954545
"brier",1,15,46,0.9,0.144545350718182
"brier",1,15,46,0.91,0.129869317168182
"brier",1,15,46,0.92,0.115822910036364
"brier",1,15,46,0.93,0.100869432427273
"brier",1,15,46,0.94,0.0876105819818182
"brier",1,15,46,0.95,0.0717439663
"brier",1,15,46,0.96,0.0562455300545455
"brier",1,15,46,0.97,0.0401230259
"brier",1,15,46,0.98,0.0236372866772727
"brier",1,15,46,0.99,0.0101434541181818
"brier",1,15,46,0.995,0.00662286956363636
"brier",1,15,47,0.9,0.174525570004545
"brier",1,15,47,0.91,0.160560457336364
"brier",1,15,47,0.92,0.147682189831818
"brier",1,15,47,0.93,0.135965279995455
"brier",1,15,47,0.94,0.120242441136364
"brier",1,15,47,0.95,0.101341413168182
"brier",1,15,47,0.96,0.0845021900227273
"brier",1,15,47,0.97,0.0638390877363636
"brier",1,15,47,0.98,0.0446560845681818
"brier",1,15,47,0.99,0.0221670352227273
"brier",1,15,47,0.995,0.0113693517181818
"brier",1,15,48,0.9,0.1606901278
"brier",1,15,48,0.91,0.154409197922727
"brier",1,15,48,0.92,0.148118253572727
"brier",1,15,48,0.93,0.139487615531818
"brier",1,15,48,0.94,0.125659214709091
"brier",1,15,48,0.95,0.111142306740909
"brier",1,15,48,0.96,0.0843270524181818
"brier",1,15,48,0.97,0.0564622888818182
"brier",1,15,48,0.98,0.0335155529136364
"brier",1,15,48,0.99,0.0136655148954545
"brier",1,15,48,0.995,0.00617186818636364
"brier",1,15,49,0.9,0.194991139077273
"brier",1,15,49,0.91,0.171233278886364
"brier",1,15,49,0.92,0.147961717277273
"brier",1,15,49,0.93,0.121645184981818
"brier",1,15,49,0.94,0.0978473534818182
"brier",1,15,49,0.95,0.0748728626181818
"brier",1,15,49,0.96,0.0544630414954545
"brier",1,15,49,0.97,0.0341403242727273
"brier",1,15,49,0.98,0.0199944330681818
"brier",1,15,49,0.99,0.0100801001090909
"brier",1,15,49,0.995,0.00454574856818182
"brier",1,15,50,0.9,0.120630002154545
"brier",1,15,50,0.91,0.107447379822727
"brier",1,15,50,0.92,0.0937611107772727
"brier",1,15,50,0.93,0.0754471801045455
"brier",1,15,50,0.94,0.0610530500227273
"brier",1,15,50,0.95,0.0481819612954545
"brier",1,15,50,0.96,0.0404545454772727
"brier",1,15,50,0.97,0.0304545454545455
"brier",1,15,50,0.98,0.0209090909090909
"brier",1,15,50,0.99,0.0131818181818182
"brier",1,15,50,0.995,0.00727272727272727
"brier",2,15,1,0.9,0.138053894631818
"brier",2,15,1,0.91,0.125495004922727
"brier",2,15,1,0.92,0.110703972827273
"brier",2,15,1,0.93,0.100187832386364
"brier",2,15,1,0.94,0.0900173900409091
"brier",2,15,1,0.95,0.0794120415909091
"brier",2,15,1,0.96,0.0692879635363636
"brier",2,15,1,0.97,0.0568736692636364
"brier",2,15,1,0.98,0.0409301995727273
"brier",2,15,1,0.99,0.0274986655136364
"brier",2,15,1,0.995,0.0193546439636364
"brier",2,15,2,0.9,0.171656678327273
"brier",2,15,2,0.91,0.154641643368182
"brier",2,15,2,0.92,0.139994948909091
"brier",2,15,2,0.93,0.122102824368182
"brier",2,15,2,0.94,0.104614186727273
"brier",2,15,2,0.95,0.0911736286681818
"brier",2,15,2,0.96,0.0759319415909091
"brier",2,15,2,0.97,0.0587714229590909
"brier",2,15,2,0.98,0.0455143924772727
"brier",2,15,2,0.99,0.0253452306727273
"brier",2,15,2,0.995,0.0130422140772727
"brier",2,15,3,0.9,0.103972836204545
"brier",2,15,3,0.91,0.0916300263363636
"brier",2,15,3,0.92,0.0799418720772727
"brier",2,15,3,0.93,0.0711814915954545
"brier",2,15,3,0.94,0.0627120424454545
"brier",2,15,3,0.95,0.0488802065818182
"brier",2,15,3,0.96,0.0390636779863636
"brier",2,15,3,0.97,0.0313222994
"brier",2,15,3,0.98,0.01838808175
"brier",2,15,3,0.99,0.0117835205772727
"brier",2,15,3,0.995,0.00624964934545455
"brier",2,15,4,0.9,0.199564644822727
"brier",2,15,4,0.91,0.185139786272727
"brier",2,15,4,0.92,0.171349353995455
"brier",2,15,4,0.93,0.154532776231818
"brier",2,15,4,0.94,0.135881236359091
"brier",2,15,4,0.95,0.115327873404545
"brier",2,15,4,0.96,0.0928335178227273
"brier",2,15,4,0.97,0.0742079942318182
"brier",2,15,4,0.98,0.0529194888181818
"brier",2,15,4,0.99,0.0311461952772727
"brier",2,15,4,0.995,0.0180867191090909
"brier",2,15,5,0.9,0.111820364636364
"brier",2,15,5,0.91,0.105919570740909
"brier",2,15,5,0.92,0.0993161105772727
"brier",2,15,5,0.93,0.09274010445
"brier",2,15,5,0.94,0.0847078536909091
"brier",2,15,5,0.95,0.0781024708818182
"brier",2,15,5,0.96,0.0708416068863636
"brier",2,15,5,0.97,0.0590452116136364
"brier",2,15,5,0.98,0.0390545461545455
"brier",2,15,5,0.99,0.0179332988545455
"brier",2,15,5,0.995,0.00842105079090909
"brier",2,15,6,0.9,0.143511131722727
"brier",2,15,6,0.91,0.129951924745455
"brier",2,15,6,0.92,0.1157201412
"brier",2,15,6,0.93,0.103136501518182
"brier",2,15,6,0.94,0.0887013780590909
"brier",2,15,6,0.95,0.0760180150318182
"brier",2,15,6,0.96,0.0643667148818182
"brier",2,15,6,0.97,0.0527481064090909
"brier",2,15,6,0.98,0.0427998579272727
"brier",2,15,6,0.99,0.0290836645818182
"brier",2,15,6,0.995,0.0232949118318182
"brier",2,15,7,0.9,0.172842831213636
"brier",2,15,7,0.91,0.156795005190909
"brier",2,15,7,0.92,0.141089555518182
"brier",2,15,7,0.93,0.123791124377273
"brier",2,15,7,0.94,0.112911014404545
"brier",2,15,7,0.95,0.0983875827090909
"brier",2,15,7,0.96,0.08141999365
"brier",2,15,7,0.97,0.0665896952636364
"brier",2,15,7,0.98,0.0486709602409091
"brier",2,15,7,0.99,0.03242423415
"brier",2,15,7,0.995,0.0207981759681818
"brier",2,15,8,0.9,0.185077378331818
"brier",2,15,8,0.91,0.168712267236364
"brier",2,15,8,0.92,0.152759445340909
"brier",2,15,8,0.93,0.142535582577273
"brier",2,15,8,0.94,0.129577448
"brier",2,15,8,0.95,0.115088248145455
"brier",2,15,8,0.96,0.0993770858590909
"brier",2,15,8,0.97,0.0863108949954546
"brier",2,15,8,0.98,0.0700142728409091
"brier",2,15,8,0.99,0.0538037437909091
"brier",2,15,8,0.995,0.0430549413
"brier",2,15,9,0.9,0.111424038436364
"brier",2,15,9,0.91,0.0980962978363636
"brier",2,15,9,0.92,0.0865331291909091
"brier",2,15,9,0.93,0.0739500535227273
"brier",2,15,9,0.94,0.0640184697090909
"brier",2,15,9,0.95,0.0532905340681818
"brier",2,15,9,0.96,0.0433487630045455
"brier",2,15,9,0.97,0.0336156738545455
"brier",2,15,9,0.98,0.0209268404636364
"brier",2,15,9,0.99,0.00863636662272727
"brier",2,15,9,0.995,0.00545454545454545
"brier",2,15,10,0.9,0.18795382945
"brier",2,15,10,0.91,0.173893426831818
"brier",2,15,10,0.92,0.1609927823
"brier",2,15,10,0.93,0.1448200018
"brier",2,15,10,0.94,0.126711921640909
"brier",2,15,10,0.95,0.106656467440909
"brier",2,15,10,0.96,0.0864367888727273
"brier",2,15,10,0.97,0.0697073940181818
"brier",2,15,10,0.98,0.04980378325
"brier",2,15,10,0.99,0.0358532105863636
"brier",2,15,10,0.995,0.0244045146545455
"brier",2,15,11,0.9,0.132129622727273
"brier",2,15,11,0.91,0.11578431635
"brier",2,15,11,0.92,0.0996766600863636
"brier",2,15,11,0.93,0.0843038397909091
"brier",2,15,11,0.94,0.0699963565681818
"brier",2,15,11,0.95,0.0572745727863636
"brier",2,15,11,0.96,0.0453826599909091
"brier",2,15,11,0.97,0.0331405035772727
"brier",2,15,11,0.98,0.0238545597318182
"brier",2,15,11,0.99,0.0138005475409091
"brier",2,15,11,0.995,0.00709935920909091
"brier",2,15,12,0.9,0.148428979295455
"brier",2,15,12,0.91,0.136088484981818
"brier",2,15,12,0.92,0.123706414331818
"brier",2,15,12,0.93,0.113363068140909
"brier",2,15,12,0.94,0.103769314781818
"brier",2,15,12,0.95,0.0958793694227273
"brier",2,15,12,0.96,0.0791718186863636
"brier",2,15,12,0.97,0.0569256566181818
"brier",2,15,12,0.98,0.0291926577772727
"brier",2,15,12,0.99,0.0107494193954545
"brier",2,15,12,0.995,0.00563564277272727
"brier",2,15,13,0.9,0.150215646013636
"brier",2,15,13,0.91,0.136141353340909
"brier",2,15,13,0.92,0.121627655068182
"brier",2,15,13,0.93,0.106704450363636
"brier",2,15,13,0.94,0.0951532184409091
"brier",2,15,13,0.95,0.0810687551590909
"brier",2,15,13,0.96,0.0670468115181818
"brier",2,15,13,0.97,0.0546063306136364
"brier",2,15,13,0.98,0.04333451335
"brier",2,15,13,0.99,0.03083530485
"brier",2,15,13,0.995,0.0223121279636364
"brier",2,15,14,0.9,0.20720608265
"brier",2,15,14,0.91,0.193913402122727
"brier",2,15,14,0.92,0.181225255013636
"brier",2,15,14,0.93,0.165144671631818
"brier",2,15,14,0.94,0.149177430054545
"brier",2,15,14,0.95,0.126184557822727
"brier",2,15,14,0.96,0.1032588303
"brier",2,15,14,0.97,0.0846853836954545
"brier",2,15,14,0.98,0.0652285466863636
"brier",2,15,14,0.99,0.0510987648090909
"brier",2,15,14,0.995,0.0426063301136364
"brier",2,15,15,0.9,0.171210490363636
"brier",2,15,15,0.91,0.144196368977273
"brier",2,15,15,0.92,0.117745341740909
"brier",2,15,15,0.93,0.0970393380727273
"brier",2,15,15,0.94,0.0758351964318182
"brier",2,15,15,0.95,0.0588364602136364
"brier",2,15,15,0.96,0.0461989522318182
"brier",2,15,15,0.97,0.0350019757
"brier",2,15,15,0.98,0.0346894227954545
"brier",2,15,15,0.99,0.0159925184181818
"brier",2,15,15,0.995,0.00822444425
"brier",2,15,16,0.9,0.225516700509091
"brier",2,15,16,0.91,0.214463935536364
"brier",2,15,16,0.92,0.197226849281818
"brier",2,15,16,0.93,0.178487700509091
"brier",2,15,16,0.94,0.158151002872727
"brier",2,15,16,0.95,0.133164366904545
"brier",2,15,16,0.96,0.105240009877273
"brier",2,15,16,0.97,0.0802641643545455
"brier",2,15,16,0.98,0.0461842640272727
"brier",2,15,16,0.99,0.0220337481454545
"brier",2,15,16,0.995,0.0123044271
"brier",2,15,17,0.9,0.110788826563636
"brier",2,15,17,0.91,0.0957851936227273
"brier",2,15,17,0.92,0.0783913199454545
"brier",2,15,17,0.93,0.0615278746818182
"brier",2,15,17,0.94,0.0459953110409091
"brier",2,15,17,0.95,0.0347649731636364
"brier",2,15,17,0.96,0.0270438726772727
"brier",2,15,17,0.97,0.0292106048818182
"brier",2,15,17,0.98,0.0294520421272727
"brier",2,15,17,0.99,0.0234958138272727
"brier",2,15,17,0.995,0.00905017324545455
"brier",2,15,18,0.9,0.174495427295455
"brier",2,15,18,0.91,0.158271792090909
"brier",2,15,18,0.92,0.141550939895455
"brier",2,15,18,0.93,0.122068777277273
"brier",2,15,18,0.94,0.104940974177273
"brier",2,15,18,0.95,0.0899680974227273
"brier",2,15,18,0.96,0.0722996610772727
"brier",2,15,18,0.97,0.0535135474818182
"brier",2,15,18,0.98,0.03881911235
"brier",2,15,18,0.99,0.0191855355045455
"brier",2,15,18,0.995,0.0123114694318182
"brier",2,15,19,0.9,0.189293042659091
"brier",2,15,19,0.91,0.168070053486364
"brier",2,15,19,0.92,0.139170925268182
"brier",2,15,19,0.93,0.10400542405
"brier",2,15,19,0.94,0.0746577220954545
"brier",2,15,19,0.95,0.0540972843227273
"brier",2,15,19,0.96,0.0397127043727273
"brier",2,15,19,0.97,0.0290412417727273
"brier",2,15,19,0.98,0.0209471873136364
"brier",2,15,19,0.99,0.0100004961772727
"brier",2,15,19,0.995,0.00500000237272727
"brier",2,15,20,0.9,0.0923468541954545
"brier",2,15,20,0.91,0.0809463434863636
"brier",2,15,20,0.92,0.0666209934909091
"brier",2,15,20,0.93,0.0542286351181818
"brier",2,15,20,0.94,0.04414655515
"brier",2,15,20,0.95,0.0324673161909091
"brier",2,15,20,0.96,0.0199433094272727
"brier",2,15,20,0.97,0.0120964945636364
"brier",2,15,20,0.98,0.00790320109090909
"brier",2,15,20,0.99,0.00380011883636364
"brier",2,15,20,0.995,0.00464375171818182
"brier",2,15,21,0.9,0.146557204231818
"brier",2,15,21,0.91,0.128016955563636
"brier",2,15,21,0.92,0.108948806886364
"brier",2,15,21,0.93,0.0940751674318182
"brier",2,15,21,0.94,0.0774133248454545
"brier",2,15,21,0.95,0.0611150959
"brier",2,15,21,0.96,0.0435862429272727
"brier",2,15,21,0.97,0.0293577725772727
"brier",2,15,21,0.98,0.0166606430272727
"brier",2,15,21,0.99,0.00921006332727273
"brier",2,15,21,0.995,0.00183975115909091
"brier",2,15,22,0.9,0.177760057036364
"brier",2,15,22,0.91,0.162066151604545
"brier",2,15,22,0.92,0.142055023590909
"brier",2,15,22,0.93,0.110005498318182
"brier",2,15,22,0.94,0.0743453702409091
"brier",2,15,22,0.95,0.0426850820772727
"brier",2,15,22,0.96,0.0351413052090909
"brier",2,15,22,0.97,0.0299295139772727
"brier",2,15,22,0.98,0.0222720189272727
"brier",2,15,22,0.99,0.00909090914090909
"brier",2,15,22,0.995,0.00500000000454545
"brier",2,15,23,0.9,0.102511056863636
"brier",2,15,23,0.91,0.0954345968545455
"brier",2,15,23,0.92,0.0871094121181818
"brier",2,15,23,0.93,0.0789142316863636
"brier",2,15,23,0.94,0.0672836195454545
"brier",2,15,23,0.95,0.0582781637090909
"brier",2,15,23,0.96,0.0438295584772727
"brier",2,15,23,0.97,0.0311747955
"brier",2,15,23,0.98,0.0224177015318182
"brier",2,15,23,0.99,0.0105312094727273
"brier",2,15,23,0.995,0.00546778383636364
"brier",2,15,24,0.9,0.210539472931818
"brier",2,15,24,0.91,0.198855189804545
"brier",2,15,24,0.92,0.18663442775
"brier",2,15,24,0.93,0.172212004795455
"brier",2,15,24,0.94,0.15324023565
"brier",2,15,24,0.95,0.134977685459091
"brier",2,15,24,0.96,0.118340064418182
"brier",2,15,24,0.97,0.0976020734045455
"brier",2,15,24,0.98,0.0670999746772727
"brier",2,15,24,0.99,0.0356563050272727
"brier",2,15,24,0.995,0.0226195924818182
"brier",2,15,25,0.9,0.154102988627273
"brier",2,15,25,0.91,0.141324534472727
"brier",2,15,25,0.92,0.124982318281818
"brier",2,15,25,0.93,0.109701577695455
"brier",2,15,25,0.94,0.0974528153863636
"brier",2,15,25,0.95,0.0841716716136364
"brier",2,15,25,0.96,0.0712719120818182
"brier",2,15,25,0.97,0.0580394862772727
"brier",2,15,25,0.98,0.0433655831090909
"brier",2,15,25,0.99,0.0268083500454545
"brier",2,15,25,0.995,0.0137185065454545
"brier",2,15,26,0.9,0.171284338268182
"brier",2,15,26,0.91,0.151965347672727
"brier",2,15,26,0.92,0.133510773709091
"brier",2,15,26,0.93,0.108375785436364
"brier",2,15,26,0.94,0.0825520207181818
"brier",2,15,26,0.95,0.0674337490818182
"brier",2,15,26,0.96,0.0494837331227273
"brier",2,15,26,0.97,0.0309091479681818
"brier",2,15,26,0.98,0.0190909090909091
"brier",2,15,26,0.99,0.00818181818181818
"brier",2,15,26,0.995,0.00454545454545455
"brier",2,15,27,0.9,0.216163188754545
"brier",2,15,27,0.91,0.194844181140909
"brier",2,15,27,0.92,0.167305314077273
"brier",2,15,27,0.93,0.144230230586364
"brier",2,15,27,0.94,0.119515785822727
"brier",2,15,27,0.95,0.0963149714409091
"brier",2,15,27,0.96,0.0731849327409091
"brier",2,15,27,0.97,0.0560903009409091
"brier",2,15,27,0.98,0.0408275129818182
"brier",2,15,27,0.99,0.0320943675636364
"brier",2,15,27,0.995,0.0251310960818182
"brier",2,15,28,0.9,0.133376118922727
"brier",2,15,28,0.91,0.123073969968182
"brier",2,15,28,0.92,0.109145930018182
"brier",2,15,28,0.93,0.09555819085
"brier",2,15,28,0.94,0.08607286315
"brier",2,15,28,0.95,0.0761094209818182
"brier",2,15,28,0.96,0.0673821874590909
"brier",2,15,28,0.97,0.0538438694681818
"brier",2,15,28,0.98,0.0414579691545455
"brier",2,15,28,0.99,0.0268784105909091
"brier",2,15,28,0.995,0.0169361127863636
"brier",2,15,29,0.9,0.156365800568182
"brier",2,15,29,0.91,0.140646390209091
"brier",2,15,29,0.92,0.128008343936364
"brier",2,15,29,0.93,0.112578059890909
"brier",2,15,29,0.94,0.0990456219272727
"brier",2,15,29,0.95,0.0813892116318182
"brier",2,15,29,0.96,0.0657513206681818
"brier",2,15,29,0.97,0.0494796003090909
"brier",2,15,29,0.98,0.03730862545
"brier",2,15,29,0.99,0.02057214455
"brier",2,15,29,0.995,0.0102962188136364
"brier",2,15,30,0.9,0.141031412331818
"brier",2,15,30,0.91,0.123836744659091
"brier",2,15,30,0.92,0.104906084759091
"brier",2,15,30,0.93,0.0893632132454545
"brier",2,15,30,0.94,0.0733593248590909
"brier",2,15,30,0.95,0.0574456606863636
"brier",2,15,30,0.96,0.04350219715
"brier",2,15,30,0.97,0.0312606115318182
"brier",2,15,30,0.98,0.0202046882636364
"brier",2,15,30,0.99,0.0095890167
"brier",2,15,30,0.995,0.00273108307727273
"brier",2,15,31,0.9,0.174119937740909
"brier",2,15,31,0.91,0.166218929077273
"brier",2,15,31,0.92,0.153587669990909
"brier",2,15,31,0.93,0.139765748113636
"brier",2,15,31,0.94,0.126038353113636
"brier",2,15,31,0.95,0.113311012445455
"brier",2,15,31,0.96,0.0942534800409091
"brier",2,15,31,0.97,0.0772131185454545
"brier",2,15,31,0.98,0.0586557572
"brier",2,15,31,0.99,0.0403320989454545
"brier",2,15,31,0.995,0.0320647284363636
"brier",2,15,32,0.9,0.182946064022727
"brier",2,15,32,0.91,0.1671480481
"brier",2,15,32,0.92,0.149865292495455
"brier",2,15,32,0.93,0.129207172740909
"brier",2,15,32,0.94,0.110891314540909
"brier",2,15,32,0.95,0.0926064183318182
"brier",2,15,32,0.96,0.0708293229545455
"brier",2,15,32,0.97,0.0439373334636364
"brier",2,15,32,0.98,0.0201193482909091
"brier",2,15,32,0.99,0.0109090911318182
"brier",2,15,32,0.995,0.00590909090909091
"brier",2,15,33,0.9,0.171946934122727
"brier",2,15,33,0.91,0.156808424659091
"brier",2,15,33,0.92,0.143844607981818
"brier",2,15,33,0.93,0.129827561331818
"brier",2,15,33,0.94,0.112492576431818
"brier",2,15,33,0.95,0.0922331268181818
"brier",2,15,33,0.96,0.0703909290909091
"brier",2,15,33,0.97,0.0497198199409091
"brier",2,15,33,0.98,0.0206263764181818
"brier",2,15,33,0.99,0.0104545454818182
"brier",2,15,33,0.995,0.005
"brier",2,15,34,0.9,0.147471332809091
"brier",2,15,34,0.91,0.139317703263636
"brier",2,15,34,0.92,0.130349664340909
"brier",2,15,34,0.93,0.122954516209091
"brier",2,15,34,0.94,0.110600936936364
"brier",2,15,34,0.95,0.0997361653227273
"brier",2,15,34,0.96,0.0848598507363636
"brier",2,15,34,0.97,0.0698082371454545
"brier",2,15,34,0.98,0.0512927924272727
"brier",2,15,34,0.99,0.0347383090954545
"brier",2,15,34,0.995,0.0214296770909091
"brier",2,15,35,0.9,0.166063933304545
"brier",2,15,35,0.91,0.154121478663636
"brier",2,15,35,0.92,0.143935535681818
"brier",2,15,35,0.93,0.130458081909091
"brier",2,15,35,0.94,0.120777078213636
"brier",2,15,35,0.95,0.101047373222727
"brier",2,15,35,0.96,0.07872530315
"brier",2,15,35,0.97,0.0563689943954545
"brier",2,15,35,0.98,0.03339245315
"brier",2,15,35,0.99,0.0190221281227273
"brier",2,15,35,0.995,0.0122770882045455
"brier",2,15,36,0.9,0.184675510713636
"brier",2,15,36,0.91,0.169332079809091
"brier",2,15,36,0.92,0.152059610031818
"brier",2,15,36,0.93,0.136146796545455
"brier",2,15,36,0.94,0.118253436209091
"brier",2,15,36,0.95,0.100291173168182
"brier",2,15,36,0.96,0.0835564272590909
"brier",2,15,36,0.97,0.0696278251545455
"brier",2,15,36,0.98,0.0519555371954545
"brier",2,15,36,0.99,0.0369287018590909
"brier",2,15,36,0.995,0.0265755570954545
"brier",2,15,37,0.9,0.102324105172727
"brier",2,15,37,0.91,0.0920726857181818
"brier",2,15,37,0.92,0.0825381338045455
"brier",2,15,37,0.93,0.0693716334727273
"brier",2,15,37,0.94,0.0591970911272727
"brier",2,15,37,0.95,0.0500488837727273
"brier",2,15,37,0.96,0.0409253690772727
"brier",2,15,37,0.97,0.0304582818045455
"brier",2,15,37,0.98,0.0209094077045455
"brier",2,15,37,0.99,0.0109091009045455
"brier",2,15,37,0.995,0.00409090918181818
"brier",2,15,38,0.9,0.129480807513636
"brier",2,15,38,0.91,0.119898031027273
"brier",2,15,38,0.92,0.105291274486364
"brier",2,15,38,0.93,0.0933086205227273
"brier",2,15,38,0.94,0.0824427418318182
"brier",2,15,38,0.95,0.0685333068909091
"brier",2,15,38,0.96,0.0537852770590909
"brier",2,15,38,0.97,0.0401955537954545
"brier",2,15,38,0.98,0.0252717126136364
"brier",2,15,38,0.99,0.0127372629636364
"brier",2,15,38,0.995,0.00643168331363636
"brier",2,15,39,0.9,0.150714947513636
"brier",2,15,39,0.91,0.133822060477273
"brier",2,15,39,0.92,0.118023806286364
"brier",2,15,39,0.93,0.1036511909
"brier",2,15,39,0.94,0.0884977737909091
"brier",2,15,39,0.95,0.0716109834136364
"brier",2,15,39,0.96,0.0547867041227273
"brier",2,15,39,0.97,0.0409102134181818
"brier",2,15,39,0.98,0.0218968661318182
"brier",2,15,39,0.99,0.0126150263954545
"brier",2,15,39,0.995,0.00540654109090909
"brier",2,15,40,0.9,0.156263351281818
"brier",2,15,40,0.91,0.141809954677273
"brier",2,15,40,0.92,0.129659179404545
"brier",2,15,40,0.93,0.117404470531818
"brier",2,15,40,0.94,0.09958936865
"brier",2,15,40,0.95,0.0856084550590909
"brier",2,15,40,0.96,0.0677936922772727
"brier",2,15,40,0.97,0.0525281887
"brier",2,15,40,0.98,0.0380883673454545
"brier",2,15,40,0.99,0.0209849551
"brier",2,15,40,0.995,0.0126710655545455
"brier",2,15,41,0.9,0.133662895572727
"brier",2,15,41,0.91,0.122753909377273
"brier",2,15,41,0.92,0.112494668018182
"brier",2,15,41,0.93,0.102405782186364
"brier",2,15,41,0.94,0.0916280035318182
"brier",2,15,41,0.95,0.0742888278409091
"brier",2,15,41,0.96,0.0592137445090909
"brier",2,15,41,0.97,0.0463874382227273
"brier",2,15,41,0.98,0.0271095607227273
"brier",2,15,41,0.99,0.0095454546
"brier",2,15,41,0.995,0.00363636363636364
"brier",2,15,42,0.9,0.118141592668182
"brier",2,15,42,0.91,0.1042907999
"brier",2,15,42,0.92,0.0913206342636364
"brier",2,15,42,0.93,0.0767733480681818
"brier",2,15,42,0.94,0.0627930832409091
"brier",2,15,42,0.95,0.0515312141681818
"brier",2,15,42,0.96,0.0402158334090909
"brier",2,15,42,0.97,0.0290769930636364
"brier",2,15,42,0.98,0.0201987951590909
"brier",2,15,42,0.99,0.00819778276363636
"brier",2,15,42,0.995,0.00455057947272727
"brier",2,15,43,0.9,0.223381465463636
"brier",2,15,43,0.91,0.208665507554545
"brier",2,15,43,0.92,0.194613329477273
"brier",2,15,43,0.93,0.174584341413636
"brier",2,15,43,0.94,0.154789108890909
"brier",2,15,43,0.95,0.136414803168182
"brier",2,15,43,0.96,0.117216346518182
"brier",2,15,43,0.97,0.0944039782136364
"brier",2,15,43,0.98,0.0683821337227273
"brier",2,15,43,0.99,0.0399257228954545
"brier",2,15,43,0.995,0.0214550408136364
"brier",2,15,44,0.9,0.203093751459091
"brier",2,15,44,0.91,0.192557952431818
"brier",2,15,44,0.92,0.182605492545455
"brier",2,15,44,0.93,0.174115659890909
"brier",2,15,44,0.94,0.162664665418182
"brier",2,15,44,0.95,0.151936278981818
"brier",2,15,44,0.96,0.131822683795455
"brier",2,15,44,0.97,0.107512580504545
"brier",2,15,44,0.98,0.0805205339090909
"brier",2,15,44,0.99,0.0444894586772727
"brier",2,15,44,0.995,0.0235300318181818
"brier",2,15,45,0.9,0.210242748659091
"brier",2,15,45,0.91,0.195345866613636
"brier",2,15,45,0.92,0.174863492536364
"brier",2,15,45,0.93,0.155912039945455
"brier",2,15,45,0.94,0.131998698672727
"brier",2,15,45,0.95,0.110911489640909
"brier",2,15,45,0.96,0.0924319369818182
"brier",2,15,45,0.97,0.0773915372
"brier",2,15,45,0.98,0.0520842723727273
"brier",2,15,45,0.99,0.0240187563090909
"brier",2,15,45,0.995,0.0133928794090909
"brier",2,15,46,0.9,0.136504730822727
"brier",2,15,46,0.91,0.122280912209091
"brier",2,15,46,0.92,0.109009211972727
"brier",2,15,46,0.93,0.09532192975
"brier",2,15,46,0.94,0.0834977932090909
"brier",2,15,46,0.95,0.0690569403727273
"brier",2,15,46,0.96,0.0548502563272727
"brier",2,15,46,0.97,0.0397172321954545
"brier",2,15,46,0.98,0.0238815190090909
"brier",2,15,46,0.99,0.0105679831045455
"brier",2,15,46,0.995,0.00696726487272727
"brier",2,15,47,0.9,0.171896931222727
"brier",2,15,47,0.91,0.158065384359091
"brier",2,15,47,0.92,0.145493908568182
"brier",2,15,47,0.93,0.134162072427273
"brier",2,15,47,0.94,0.118932331731818
"brier",2,15,47,0.95,0.100601169545455
"brier",2,15,47,0.96,0.0840130197863636
"brier",2,15,47,0.97,0.0633589319909091
"brier",2,15,47,0.98,0.0439207245590909
"brier",2,15,47,0.99,0.0214778232681818
"brier",2,15,47,0.995,0.0109931175227273
"brier",2,15,48,0.9,0.166815608377273
"brier",2,15,48,0.91,0.159931383354545
"brier",2,15,48,0.92,0.153537024777273
"brier",2,15,48,0.93,0.143791370790909
"brier",2,15,48,0.94,0.127779232504545
"brier",2,15,48,0.95,0.109551911027273
"brier",2,15,48,0.96,0.0792115968136364
"brier",2,15,48,0.97,0.0522475472454545
"brier",2,15,48,0.98,0.03193319595
"brier",2,15,48,0.99,0.0141392574045455
"brier",2,15,48,0.995,0.00700755967727273
"brier",2,15,49,0.9,0.192209622918182
"brier",2,15,49,0.91,0.16818599005
"brier",2,15,49,0.92,0.145127449304545
"brier",2,15,49,0.93,0.119487475095455
"brier",2,15,49,0.94,0.096331901
"brier",2,15,49,0.95,0.0739772468636364
"brier",2,15,49,0.96,0.0540957433227273
"brier",2,15,49,0.97,0.0342253949772727
"brier",2,15,49,0.98,0.0202137189636364
"brier",2,15,49,0.99,0.0101297045818182
"brier",2,15,49,0.995,0.00454724946363636
"brier",2,15,50,0.9,0.115180503640909
"brier",2,15,50,0.91,0.102816414218182
"brier",2,15,50,0.92,0.0908770173863636
"brier",2,15,50,0.93,0.0752274550863636
"brier",2,15,50,0.94,0.0615343065409091
"brier",2,15,50,0.95,0.0482148934363636
"brier",2,15,50,0.96,0.0404560518727273
"brier",2,15,50,0.97,0.0304545724
"brier",2,15,50,0.98,0.0209090911045455
"brier",2,15,50,0.99,0.0131818181818182
"brier",2,15,50,0.995,0.00727272727272727
"brier",3,15,1,0.9,0.136773987586364
"brier",3,15,1,0.91,0.124245892977273
"brier",3,15,1,0.92,0.109560401681818
"brier",3,15,1,0.93,0.0990906373545455
"brier",3,15,1,0.94,0.0890105655272727
"brier",3,15,1,0.95,0.0785230574545455
"brier",3,15,1,0.96,0.0684424547863636
"brier",3,15,1,0.97,0.0560809725045455
"brier",3,15,1,0.98,0.0402078826181818
"brier",3,15,1,0.99,0.0268293654318182
"brier",3,15,1,0.995,0.0187581804227273
"brier",3,15,2,0.9,0.171177841268182
"brier",3,15,2,0.91,0.154199213504545
"brier",3,15,2,0.92,0.139628116872727
"brier",3,15,2,0.93,0.121833617154545
"brier",3,15,2,0.94,0.104349407718182
"brier",3,15,2,0.95,0.0907510380545455
"brier",3,15,2,0.96,0.0752145486545455
"brier",3,15,2,0.97,0.0579978729409091
"brier",3,15,2,0.98,0.0448649711454545
"brier",3,15,2,0.99,0.0250089712818182
"brier",3,15,2,0.995,0.0128850775272727
"brier",3,15,3,0.9,0.103326816890909
"brier",3,15,3,0.91,0.0910085395
"brier",3,15,3,0.92,0.07932333015
"brier",3,15,3,0.93,0.0707666123772727
"brier",3,15,3,0.94,0.0624623436136364
"brier",3,15,3,0.95,0.04867826225
"brier",3,15,3,0.96,0.0388863273954545
"brier",3,15,3,0.97,0.0313133822727273
"brier",3,15,3,0.98,0.0184161602545455
"brier",3,15,3,0.99,0.0117781315545455
"brier",3,15,3,0.995,0.00620061150454545
"brier",3,15,4,0.9,0.198218137113636
"brier",3,15,4,0.91,0.183920843409091
"brier",3,15,4,0.92,0.170246308913636
"brier",3,15,4,0.93,0.153651173922727
"brier",3,15,4,0.94,0.135205348431818
"brier",3,15,4,0.95,0.114897730309091
"brier",3,15,4,0.96,0.0925889178227273
"brier",3,15,4,0.97,0.0740901998636364
"brier",3,15,4,0.98,0.0528490843590909
"brier",3,15,4,0.99,0.03109053775
"brier",3,15,4,0.995,0.0180003843409091
"brier",3,15,5,0.9,0.110423766213636
"brier",3,15,5,0.91,0.104813723281818
"brier",3,15,5,0.92,0.0984459961954545
"brier",3,15,5,0.93,0.0919633431454545
"brier",3,15,5,0.94,0.0838217287227273
"brier",3,15,5,0.95,0.0769157171590909
"brier",3,15,5,0.96,0.0691180814363636
"brier",3,15,5,0.97,0.0574595912136364
"brier",3,15,5,0.98,0.0377346727545455
"brier",3,15,5,0.99,0.0170836564454545
"brier",3,15,5,0.995,0.0080855968
"brier",3,15,6,0.9,0.142853663818182
"brier",3,15,6,0.91,0.129557042990909
"brier",3,15,6,0.92,0.115669114222727
"brier",3,15,6,0.93,0.103307483413636
"brier",3,15,6,0.94,0.0889241635318182
"brier",3,15,6,0.95,0.0761810512454545
"brier",3,15,6,0.96,0.0644400895136364
"brier",3,15,6,0.97,0.0526890956681818
"brier",3,15,6,0.98,0.0425704534772727
"brier",3,15,6,0.99,0.0286297613636364
"brier",3,15,6,0.995,0.0225998265727273
"brier",3,15,7,0.9,0.172272429118182
"brier",3,15,7,0.91,0.156293301240909
"brier",3,15,7,0.92,0.140587310609091
"brier",3,15,7,0.93,0.1232323793
"brier",3,15,7,0.94,0.1122872227
"brier",3,15,7,0.95,0.0977589738954545
"brier",3,15,7,0.96,0.0808658920954545
"brier",3,15,7,0.97,0.0661530551909091
"brier",3,15,7,0.98,0.0484793125
"brier",3,15,7,0.99,0.0323546008954545
"brier",3,15,7,0.995,0.0207620524636364
"brier",3,15,8,0.9,0.182660294477273
"brier",3,15,8,0.91,0.16716014375
"brier",3,15,8,0.92,0.151660983631818
"brier",3,15,8,0.93,0.141684526795455
"brier",3,15,8,0.94,0.129015367445455
"brier",3,15,8,0.95,0.114521225995455
"brier",3,15,8,0.96,0.0987270437863636
"brier",3,15,8,0.97,0.0855833229727273
"brier",3,15,8,0.98,0.0691925632681818
"brier",3,15,8,0.99,0.0531396351272727
"brier",3,15,8,0.995,0.0426444197454545
"brier",3,15,9,0.9,0.111675096381818
"brier",3,15,9,0.91,0.0982923687545455
"brier",3,15,9,0.92,0.0866716120590909
"brier",3,15,9,0.93,0.0739873698727273
"brier",3,15,9,0.94,0.0640873806
"brier",3,15,9,0.95,0.0533019166
"brier",3,15,9,0.96,0.0433244278272727
"brier",3,15,9,0.97,0.0335613768909091
"brier",3,15,9,0.98,0.0209216520045455
"brier",3,15,9,0.99,0.00863636669090909
"brier",3,15,9,0.995,0.00545454547727273
"brier",3,15,10,0.9,0.182887999986364
"brier",3,15,10,0.91,0.169414638313636
"brier",3,15,10,0.92,0.156842133990909
"brier",3,15,10,0.93,0.141178837981818
"brier",3,15,10,0.94,0.123832937963636
"brier",3,15,10,0.95,0.104434975668182
"brier",3,15,10,0.96,0.0849567059727273
"brier",3,15,10,0.97,0.0684678018681818
"brier",3,15,10,0.98,0.0489237926590909
"brier",3,15,10,0.99,0.0350153600363636
"brier",3,15,10,0.995,0.023491704
"brier",3,15,11,0.9,0.1312427418
"brier",3,15,11,0.91,0.11488148405
"brier",3,15,11,0.92,0.0987761578363636
"brier",3,15,11,0.93,0.0833662590090909
"brier",3,15,11,0.94,0.0692347728363636
"brier",3,15,11,0.95,0.0567892951545455
"brier",3,15,11,0.96,0.0451824795454545
"brier",3,15,11,0.97,0.0330596107090909
"brier",3,15,11,0.98,0.0237611015454545
"brier",3,15,11,0.99,0.0137266765545455
"brier",3,15,11,0.995,0.00706317458181818
"brier",3,15,12,0.9,0.148013814313636
"brier",3,15,12,0.91,0.135608100704545
"brier",3,15,12,0.92,0.123221535636364
"brier",3,15,12,0.93,0.112769932763636
"brier",3,15,12,0.94,0.102961737704545
"brier",3,15,12,0.95,0.0949418993045455
"brier",3,15,12,0.96,0.0784594318636364
"brier",3,15,12,0.97,0.0568572885727273
"brier",3,15,12,0.98,0.0293697378090909
"brier",3,15,12,0.99,0.0108643639318182
"brier",3,15,12,0.995,0.00567745136363636
"brier",3,15,13,0.9,0.148556749395455
"brier",3,15,13,0.91,0.134740674304545
"brier",3,15,13,0.92,0.120457631613636
"brier",3,15,13,0.93,0.1057613502
"brier",3,15,13,0.94,0.0943366789636364
"brier",3,15,13,0.95,0.0803885451090909
"brier",3,15,13,0.96,0.0665638488090909
"brier",3,15,13,0.97,0.0542772630272727
"brier",3,15,13,0.98,0.0430235734090909
"brier",3,15,13,0.99,0.0302935298772727
"brier",3,15,13,0.995,0.0216246161090909
"brier",3,15,14,0.9,0.20627213475
"brier",3,15,14,0.91,0.193292125318182
"brier",3,15,14,0.92,0.180862027540909
"brier",3,15,14,0.93,0.164759163395455
"brier",3,15,14,0.94,0.148862494913636
"brier",3,15,14,0.95,0.1259691126
"brier",3,15,14,0.96,0.103252346768182
"brier",3,15,14,0.97,0.0848883212363636
"brier",3,15,14,0.98,0.0652785128318182
"brier",3,15,14,0.99,0.0509610515681818
"brier",3,15,14,0.995,0.0423941640954545
"brier",3,15,15,0.9,0.168054711154545
"brier",3,15,15,0.91,0.141027866668182
"brier",3,15,15,0.92,0.114705799172727
"brier",3,15,15,0.93,0.0944546297954545
"brier",3,15,15,0.94,0.07372141625
"brier",3,15,15,0.95,0.0573364411954545
"brier",3,15,15,0.96,0.0452399897681818
"brier",3,15,15,0.97,0.0347609402636364
"brier",3,15,15,0.98,0.0339181681636364
"brier",3,15,15,0.99,0.0154456896045455
"brier",3,15,15,0.995,0.00795589429545455
"brier",3,15,16,0.9,0.220217403804545
"brier",3,15,16,0.91,0.209755890340909
"brier",3,15,16,0.92,0.19345698545
"brier",3,15,16,0.93,0.175639797854545
"brier",3,15,16,0.94,0.155609843895455
"brier",3,15,16,0.95,0.131142662340909
"brier",3,15,16,0.96,0.10381419115
"brier",3,15,16,0.97,0.0790809871545455
"brier",3,15,16,0.98,0.0456008653227273
"brier",3,15,16,0.99,0.0216556077863636
"brier",3,15,16,0.995,0.0120741702045455
"brier",3,15,17,0.9,0.110986586159091
"brier",3,15,17,0.91,0.0961630712454545
"brier",3,15,17,0.92,0.0788476040181818
"brier",3,15,17,0.93,0.0620458083909091
"brier",3,15,17,0.94,0.0463625775727273
"brier",3,15,17,0.95,0.0349949027318182
"brier",3,15,17,0.96,0.0271675977909091
"brier",3,15,17,0.97,0.0292571020681818
"brier",3,15,17,0.98,0.0293809491636364
"brier",3,15,17,0.99,0.0230126816727273
"brier",3,15,17,0.995,0.00902805794090909
"brier",3,15,18,0.9,0.172859266304545
"brier",3,15,18,0.91,0.15693048265
"brier",3,15,18,0.92,0.1404107966
"brier",3,15,18,0.93,0.121128908063636
"brier",3,15,18,0.94,0.104138430127273
"brier",3,15,18,0.95,0.0893213223
"brier",3,15,18,0.96,0.0717290313045455
"brier",3,15,18,0.97,0.0529916810090909
"brier",3,15,18,0.98,0.0384258959909091
"brier",3,15,18,0.99,0.0192322195090909
"brier",3,15,18,0.995,0.0125320448090909
"brier",3,15,19,0.9,0.187383931045455
"brier",3,15,19,0.91,0.166442555127273
"brier",3,15,19,0.92,0.138118632977273
"brier",3,15,19,0.93,0.103750058722727
"brier",3,15,19,0.94,0.0749835389863636
"brier",3,15,19,0.95,0.0544223836772727
"brier",3,15,19,0.96,0.0399810802863636
"brier",3,15,19,0.97,0.0291490364636364
"brier",3,15,19,0.98,0.0209683860090909
"brier",3,15,19,0.99,0.01000115945
"brier",3,15,19,0.995,0.00500000700909091
"brier",3,15,20,0.9,0.09208607535
"brier",3,15,20,0.91,0.08077977195
"brier",3,15,20,0.92,0.0665310590636364
"brier",3,15,20,0.93,0.0541607351772727
"brier",3,15,20,0.94,0.0440983302181818
"brier",3,15,20,0.95,0.03243117065
"brier",3,15,20,0.96,0.0198423800409091
"brier",3,15,20,0.97,0.0120405965
"brier",3,15,20,0.98,0.00793272293181818
"brier",3,15,20,0.99,0.00401725743181818
"brier",3,15,20,0.995,0.0046858604
"brier",3,15,21,0.9,0.144784826559091
"brier",3,15,21,0.91,0.12675597885
"brier",3,15,21,0.92,0.108010755122727
"brier",3,15,21,0.93,0.0932277581272727
"brier",3,15,21,0.94,0.0766085048090909
"brier",3,15,21,0.95,0.0604390720681818
"brier",3,15,21,0.96,0.0431187513363636
"brier",3,15,21,0.97,0.0290866623
"brier",3,15,21,0.98,0.0165545168272727
"brier",3,15,21,0.99,0.00920063775909091
"brier",3,15,21,0.995,0.00184013217727273
"brier",3,15,22,0.9,0.174466208359091
"brier",3,15,22,0.91,0.1602740843
"brier",3,15,22,0.92,0.141360258540909
"brier",3,15,22,0.93,0.110174917218182
"brier",3,15,22,0.94,0.0745087885772727
"brier",3,15,22,0.95,0.0423352380227273
"brier",3,15,22,0.96,0.0349350429409091
"brier",3,15,22,0.97,0.0299042209045455
"brier",3,15,22,0.98,0.0222720698818182
"brier",3,15,22,0.99,0.00909090915454545
"brier",3,15,22,0.995,0.005
"brier",3,15,23,0.9,0.101561242522727
"brier",3,15,23,0.91,0.0947758194045454
"brier",3,15,23,0.92,0.0865572196909091
"brier",3,15,23,0.93,0.0784885760545455
"brier",3,15,23,0.94,0.0669609171363636
"brier",3,15,23,0.95,0.0580269645727273
"brier",3,15,23,0.96,0.0437258370090909
"brier",3,15,23,0.97,0.0311132683318182
"brier",3,15,23,0.98,0.0223896302454545
"brier",3,15,23,0.99,0.0105308469
"brier",3,15,23,0.995,0.00546802745
"brier",3,15,24,0.9,0.207321122481818
"brier",3,15,24,0.91,0.195879372804545
"brier",3,15,24,0.92,0.183349096222727
"brier",3,15,24,0.93,0.168965546568182
"brier",3,15,24,0.94,0.150548567181818
"brier",3,15,24,0.95,0.132648159531818
"brier",3,15,24,0.96,0.116343223372727
"brier",3,15,24,0.97,0.0960126383636364
"brier",3,15,24,0.98,0.0659844294772727
"brier",3,15,24,0.99,0.0352597093181818
"brier",3,15,24,0.995,0.0223505169909091
"brier",3,15,25,0.9,0.154270425436364
"brier",3,15,25,0.91,0.141249335763636
"brier",3,15,25,0.92,0.124623667545455
"brier",3,15,25,0.93,0.109177384404545
"brier",3,15,25,0.94,0.0969457426318182
"brier",3,15,25,0.95,0.0836156083863636
"brier",3,15,25,0.96,0.0706634422818182
"brier",3,15,25,0.97,0.0574762491863636
"brier",3,15,25,0.98,0.0429093769227273
"brier",3,15,25,0.99,0.0264409378181818
"brier",3,15,25,0.995,0.0134481417863636
"brier",3,15,26,0.9,0.169483692790909
"brier",3,15,26,0.91,0.150456605127273
"brier",3,15,26,0.92,0.132318385227273
"brier",3,15,26,0.93,0.107889902427273
"brier",3,15,26,0.94,0.0824752000318182
"brier",3,15,26,0.95,0.0670659796772727
"brier",3,15,26,0.96,0.0489796129863636
"brier",3,15,26,0.97,0.0309091902318182
"brier",3,15,26,0.98,0.0190909090954545
"brier",3,15,26,0.99,0.00818181818181818
"brier",3,15,26,0.995,0.00454545454545455
"brier",3,15,27,0.9,0.214670126636364
"brier",3,15,27,0.91,0.193985768831818
"brier",3,15,27,0.92,0.1669599132
"brier",3,15,27,0.93,0.144247450954545
"brier",3,15,27,0.94,0.119806570390909
"brier",3,15,27,0.95,0.0966928977363636
"brier",3,15,27,0.96,0.0734659294954546
"brier",3,15,27,0.97,0.0562401069590909
"brier",3,15,27,0.98,0.0408124725090909
"brier",3,15,27,0.99,0.0319137052045455
"brier",3,15,27,0.995,0.0247550181409091
"brier",3,15,28,0.9,0.133613453
"brier",3,15,28,0.91,0.123277222068182
"brier",3,15,28,0.92,0.109346894690909
"brier",3,15,28,0.93,0.0957989330454545
"brier",3,15,28,0.94,0.0863066775681818
"brier",3,15,28,0.95,0.0763301517227273
"brier",3,15,28,0.96,0.0675338006863636
"brier",3,15,28,0.97,0.0538539921727273
"brier",3,15,28,0.98,0.0413015881636364
"brier",3,15,28,0.99,0.0264690617863636
"brier",3,15,28,0.995,0.0164909733136364
"brier",3,15,29,0.9,0.155714405722727
"brier",3,15,29,0.91,0.140071866968182
"brier",3,15,29,0.92,0.127549746490909
"brier",3,15,29,0.93,0.112285404690909
"brier",3,15,29,0.94,0.0989884972727273
"brier",3,15,29,0.95,0.0814141576
"brier",3,15,29,0.96,0.0657614430227273
"brier",3,15,29,0.97,0.0492353964363636
"brier",3,15,29,0.98,0.0364566201727273
"brier",3,15,29,0.99,0.0197781402136364
"brier",3,15,29,0.995,0.00999071587272727
"brier",3,15,30,0.9,0.140193820422727
"brier",3,15,30,0.91,0.123052466718182
"brier",3,15,30,0.92,0.104277057540909
"brier",3,15,30,0.93,0.0889584322136364
"brier",3,15,30,0.94,0.0731941730545455
"brier",3,15,30,0.95,0.0574294018227273
"brier",3,15,30,0.96,0.0436165962181818
"brier",3,15,30,0.97,0.0313298661181818
"brier",3,15,30,0.98,0.0202542111
"brier",3,15,30,0.99,0.00961066474545454
"brier",3,15,30,0.995,0.00273412492272727
"brier",3,15,31,0.9,0.173325015168182
"brier",3,15,31,0.91,0.165657853418182
"brier",3,15,31,0.92,0.153158461590909
"brier",3,15,31,0.93,0.139436266486364
"brier",3,15,31,0.94,0.125700614968182
"brier",3,15,31,0.95,0.113136239045455
"brier",3,15,31,0.96,0.09420089315
"brier",3,15,31,0.97,0.0771787016863636
"brier",3,15,31,0.98,0.0586266573590909
"brier",3,15,31,0.99,0.0400711852045455
"brier",3,15,31,0.995,0.0317374446409091
"brier",3,15,32,0.9,0.181084433413636
"brier",3,15,32,0.91,0.165566957540909
"brier",3,15,32,0.92,0.148511028872727
"brier",3,15,32,0.93,0.127999067395455
"brier",3,15,32,0.94,0.109530533781818
"brier",3,15,32,0.95,0.0911352064545455
"brier",3,15,32,0.96,0.0694261769227273
"brier",3,15,32,0.97,0.0433735559363636
"brier",3,15,32,0.98,0.0201230795454545
"brier",3,15,32,0.99,0.01090909205
"brier",3,15,32,0.995,0.00590909091818182
"brier",3,15,33,0.9,0.170914331022727
"brier",3,15,33,0.91,0.155884182877273
"brier",3,15,33,0.92,0.143093709554545
"brier",3,15,33,0.93,0.129238353740909
"brier",3,15,33,0.94,0.11192000415
"brier",3,15,33,0.95,0.0917693678545455
"brier",3,15,33,0.96,0.0701361666318182
"brier",3,15,33,0.97,0.0497610326454545
"brier",3,15,33,0.98,0.0206734365318182
"brier",3,15,33,0.99,0.0104545455090909
"brier",3,15,33,0.995,0.00500000000454545
"brier",3,15,34,0.9,0.147350895568182
"brier",3,15,34,0.91,0.139225648072727
"brier",3,15,34,0.92,0.130227740263636
"brier",3,15,34,0.93,0.122882352118182
"brier",3,15,34,0.94,0.110416534795455
"brier",3,15,34,0.95,0.099559772
"brier",3,15,34,0.96,0.0845020180818182
"brier",3,15,34,0.97,0.0691727384681818
"brier",3,15,34,0.98,0.0502330885045455
"brier",3,15,34,0.99,0.0335430870181818
"brier",3,15,34,0.995,0.0205095336045455
"brier",3,15,35,0.9,0.164911645322727
"brier",3,15,35,0.91,0.153068987386364
"brier",3,15,35,0.92,0.142674968727273
"brier",3,15,35,0.93,0.129180177740909
"brier",3,15,35,0.94,0.1193448707
"brier",3,15,35,0.95,0.0994828069
"brier",3,15,35,0.96,0.0773679366863636
"brier",3,15,35,0.97,0.0556930506318182
"brier",3,15,35,0.98,0.0332186326227273
"brier",3,15,35,0.99,0.0189564057
"brier",3,15,35,0.995,0.0121811222818182
"brier",3,15,36,0.9,0.183848541240909
"brier",3,15,36,0.91,0.168609351386364
"brier",3,15,36,0.92,0.151448955809091
"brier",3,15,36,0.93,0.135649084468182
"brier",3,15,36,0.94,0.117811424036364
"brier",3,15,36,0.95,0.0998853597454546
"brier",3,15,36,0.96,0.0831115601909091
"brier",3,15,36,0.97,0.0691841960090909
"brier",3,15,36,0.98,0.0515517221818182
"brier",3,15,36,0.99,0.0364897794227273
"brier",3,15,36,0.995,0.0262193015590909
"brier",3,15,37,0.9,0.102178716113636
"brier",3,15,37,0.91,0.0919670897727273
"brier",3,15,37,0.92,0.0825023154318182
"brier",3,15,37,0.93,0.0693643323636364
"brier",3,15,37,0.94,0.0591991409545455
"brier",3,15,37,0.95,0.0500486226318182
"brier",3,15,37,0.96,0.0409232472227273
"brier",3,15,37,0.97,0.0304573329227273
"brier",3,15,37,0.98,0.0209093148318182
"brier",3,15,37,0.99,0.0109090968363636
"brier",3,15,37,0.995,0.00409090922272727
"brier",3,15,38,0.9,0.128728522718182
"brier",3,15,38,0.91,0.119184746127273
"brier",3,15,38,0.92,0.1046028198
"brier",3,15,38,0.93,0.0926190144681818
"brier",3,15,38,0.94,0.0818769237090909
"brier",3,15,38,0.95,0.0682127553454545
"brier",3,15,38,0.96,0.0537479143636364
"brier",3,15,38,0.97,0.0403838403909091
"brier",3,15,38,0.98,0.0255203211636364
"brier",3,15,38,0.99,0.0128511398727273
"brier",3,15,38,0.995,0.00646515275454545
"brier",3,15,39,0.9,0.150326146981818
"brier",3,15,39,0.91,0.133424133127273
"brier",3,15,39,0.92,0.11754860825
"brier",3,15,39,0.93,0.103251011468182
"brier",3,15,39,0.94,0.0882742825136364
"brier",3,15,39,0.95,0.0715421856227273
"brier",3,15,39,0.96,0.0549577933
"brier",3,15,39,0.97,0.0411665336454545
"brier",3,15,39,0.98,0.0222548893181818
"brier",3,15,39,0.99,0.0129184496272727
"brier",3,15,39,0.995,0.00557711310454545
"brier",3,15,40,0.9,0.154078454154545
"brier",3,15,40,0.91,0.139822128536364
"brier",3,15,40,0.92,0.127816157231818
"brier",3,15,40,0.93,0.115715744240909
"brier",3,15,40,0.94,0.0981026628818182
"brier",3,15,40,0.95,0.0843175922227273
"brier",3,15,40,0.96,0.0666889094318182
"brier",3,15,40,0.97,0.0517710879545455
"brier",3,15,40,0.98,0.0375664814818182
"brier",3,15,40,0.99,0.0207402028363636
"brier",3,15,40,0.995,0.0125240910636364
"brier",3,15,41,0.9,0.133759834786364
"brier",3,15,41,0.91,0.122854226068182
"brier",3,15,41,0.92,0.112340319259091
"brier",3,15,41,0.93,0.101954165245455
"brier",3,15,41,0.94,0.0911399735772727
"brier",3,15,41,0.95,0.07403409615
"brier",3,15,41,0.96,0.0590312627318182
"brier",3,15,41,0.97,0.0459273421636364
"brier",3,15,41,0.98,0.0269264090727273
"brier",3,15,41,0.99,0.00954545657727273
"brier",3,15,41,0.995,0.00363636363636364
"brier",3,15,42,0.9,0.118013732154545
"brier",3,15,42,0.91,0.104089841077273
"brier",3,15,42,0.92,0.0910979172090909
"brier",3,15,42,0.93,0.0765973355909091
"brier",3,15,42,0.94,0.0627214580363636
"brier",3,15,42,0.95,0.0515941684272727
"brier",3,15,42,0.96,0.0403552926136364
"brier",3,15,42,0.97,0.0292281021863636
"brier",3,15,42,0.98,0.0202985374727273
"brier",3,15,42,0.99,0.0082291713
"brier",3,15,42,0.995,0.00455632734090909
"brier",3,15,43,0.9,0.221773790063636
"brier",3,15,43,0.91,0.207479229131818
"brier",3,15,43,0.92,0.193796514713636
"brier",3,15,43,0.93,0.174066907613636
"brier",3,15,43,0.94,0.154187838268182
"brier",3,15,43,0.95,0.135761755440909
"brier",3,15,43,0.96,0.116495377177273
"brier",3,15,43,0.97,0.0934941548909091
"brier",3,15,43,0.98,0.0672073375818182
"brier",3,15,43,0.99,0.0391976422545455
"brier",3,15,43,0.995,0.0215502580227273
"brier",3,15,44,0.9,0.202806738672727
"brier",3,15,44,0.91,0.191538057759091
"brier",3,15,44,0.92,0.180760920754545
"brier",3,15,44,0.93,0.171717432863636
"brier",3,15,44,0.94,0.160080002995455
"brier",3,15,44,0.95,0.149677727322727
"brier",3,15,44,0.96,0.129896862577273
"brier",3,15,44,0.97,0.106499741931818
"brier",3,15,44,0.98,0.0796582143090909
"brier",3,15,44,0.99,0.0435350110772727
"brier",3,15,44,0.995,0.0228361544545455
"brier",3,15,45,0.9,0.210407742236364
"brier",3,15,45,0.91,0.195224939959091
"brier",3,15,45,0.92,0.174532516259091
"brier",3,15,45,0.93,0.155377307272727
"brier",3,15,45,0.94,0.131400052804545
"brier",3,15,45,0.95,0.110361217959091
"brier",3,15,45,0.96,0.0918141532363636
"brier",3,15,45,0.97,0.0766260212272727
"brier",3,15,45,0.98,0.0512155798818182
"brier",3,15,45,0.99,0.0234805571727273
"brier",3,15,45,0.995,0.0130866761863636
"brier",3,15,46,0.9,0.134724138736364
"brier",3,15,46,0.91,0.120644481904545
"brier",3,15,46,0.92,0.107518668545455
"brier",3,15,46,0.93,0.0941109362818182
"brier",3,15,46,0.94,0.08260030125
"brier",3,15,46,0.95,0.0684589110545454
"brier",3,15,46,0.96,0.0544405285818182
"brier",3,15,46,0.97,0.0394575733454545
"brier",3,15,46,0.98,0.02370122065
"brier",3,15,46,0.99,0.0104577437818182
"brier",3,15,46,0.995,0.00689292110454545
"brier",3,15,47,0.9,0.170429556177273
"brier",3,15,47,0.91,0.156946424913636
"brier",3,15,47,0.92,0.14462757265
"brier",3,15,47,0.93,0.133484018022727
"brier",3,15,47,0.94,0.118476093009091
"brier",3,15,47,0.95,0.100121084427273
"brier",3,15,47,0.96,0.0835405145909091
"brier",3,15,47,0.97,0.0628924856454545
"brier",3,15,47,0.98,0.0436386185454545
"brier",3,15,47,0.99,0.0215926599636364
"brier",3,15,47,0.995,0.0112961120318182
"brier",3,15,48,0.9,0.165035194936364
"brier",3,15,48,0.91,0.158356416104545
"brier",3,15,48,0.92,0.151953643586364
"brier",3,15,48,0.93,0.142205261395455
"brier",3,15,48,0.94,0.126198744636364
"brier",3,15,48,0.95,0.108245565663636
"brier",3,15,48,0.96,0.0785019256318182
"brier",3,15,48,0.97,0.0518556994090909
"brier",3,15,48,0.98,0.0317092698409091
"brier",3,15,48,0.99,0.0140729701545455
"brier",3,15,48,0.995,0.00698356872727273
"brier",3,15,49,0.9,0.191622891404545
"brier",3,15,49,0.91,0.167809500786364
"brier",3,15,49,0.92,0.144766215522727
"brier",3,15,49,0.93,0.119113581227273
"brier",3,15,49,0.94,0.0961634325
"brier",3,15,49,0.95,0.0739978008363636
"brier",3,15,49,0.96,0.0542777431772727
"brier",3,15,49,0.97,0.0344379124545455
"brier",3,15,49,0.98,0.020266342
"brier",3,15,49,0.99,0.0101259981
"brier",3,15,49,0.995,0.00454695465
"brier",3,15,50,0.9,0.114614025327273
"brier",3,15,50,0.91,0.102247168536364
"brier",3,15,50,0.92,0.0903787785772727
"brier",3,15,50,0.93,0.0749356636045455
"brier",3,15,50,0.94,0.0615310936227273
"brier",3,15,50,0.95,0.0482171068409091
"brier",3,15,50,0.96,0.0404563555272727
"brier",3,15,50,0.97,0.0304545738454545
"brier",3,15,50,0.98,0.0209090913590909
"brier",3,15,50,0.99,0.0131818181818182
"brier",3,15,50,0.995,0.00727272727272727
"brier",4,15,1,0.9,0.138023768581818
"brier",4,15,1,0.91,0.125390085004545
"brier",4,15,1,0.92,0.110517249122727
"brier",4,15,1,0.93,0.0999212989590909
"brier",4,15,1,0.94,0.0897550322272727
"brier",4,15,1,0.95,0.0791600744227273
"brier",4,15,1,0.96,0.0690950498590909
"brier",4,15,1,0.97,0.0567412034954545
"brier",4,15,1,0.98,0.0409799961227273
"brier",4,15,1,0.99,0.0276314326318182
"brier",4,15,1,0.995,0.0195311287772727
"brier",4,15,2,0.9,0.170870379263636
"brier",4,15,2,0.91,0.1539433701
"brier",4,15,2,0.92,0.139512588159091
"brier",4,15,2,0.93,0.121811772636364
"brier",4,15,2,0.94,0.104426275481818
"brier",4,15,2,0.95,0.0909488217181818
"brier",4,15,2,0.96,0.0754555817136364
"brier",4,15,2,0.97,0.0578906729454545
"brier",4,15,2,0.98,0.0444271314
"brier",4,15,2,0.99,0.0244913257590909
"brier",4,15,2,0.995,0.0125098389409091
"brier",4,15,3,0.9,0.103699003390909
"brier",4,15,3,0.91,0.0914174903090909
"brier",4,15,3,0.92,0.0798799464636364
"brier",4,15,3,0.93,0.0713066462045455
"brier",4,15,3,0.94,0.0628969563409091
"brier",4,15,3,0.95,0.0489789060772727
"brier",4,15,3,0.96,0.0391271434772727
"brier",4,15,3,0.97,0.0314474761363636
"brier",4,15,3,0.98,0.0184659689136364
"brier",4,15,3,0.99,0.0117786255363636
"brier",4,15,3,0.995,0.00619577511818182
"brier",4,15,4,0.9,0.19825488455
"brier",4,15,4,0.91,0.183830177381818
"brier",4,15,4,0.92,0.170127629872727
"brier",4,15,4,0.93,0.153450245781818
"brier",4,15,4,0.94,0.134949688390909
"brier",4,15,4,0.95,0.114647597004545
"brier",4,15,4,0.96,0.0923026132954545
"brier",4,15,4,0.97,0.0738354624363636
"brier",4,15,4,0.98,0.0526074115
"brier",4,15,4,0.99,0.0308177853818182
"brier",4,15,4,0.995,0.0176985164727273
"brier",4,15,5,0.9,0.111304917590909
"brier",4,15,5,0.91,0.105363533445455
"brier",4,15,5,0.92,0.0987907373590909
"brier",4,15,5,0.93,0.0920790432909091
"brier",4,15,5,0.94,0.0838641454545455
"brier",4,15,5,0.95,0.0771647824727273
"brier",4,15,5,0.96,0.0699594112136364
"brier",4,15,5,0.97,0.0583705538409091
"brier",4,15,5,0.98,0.0386040383818182
"brier",4,15,5,0.99,0.0177059717590909
"brier",4,15,5,0.995,0.00846913899090909
"brier",4,15,6,0.9,0.143172312622727
"brier",4,15,6,0.91,0.130043365968182
"brier",4,15,6,0.92,0.116207779486364
"brier",4,15,6,0.93,0.103972403659091
"brier",4,15,6,0.94,0.0896163228
"brier",4,15,6,0.95,0.0769258148727273
"brier",4,15,6,0.96,0.0650082053772727
"brier",4,15,6,0.97,0.0529833350727273
"brier",4,15,6,0.98,0.0425605519181818
"brier",4,15,6,0.99,0.0285481605727273
"brier",4,15,6,0.995,0.0226424383818182
"brier",4,15,7,0.9,0.171988759063636
"brier",4,15,7,0.91,0.156216881531818
"brier",4,15,7,0.92,0.140721684236364
"brier",4,15,7,0.93,0.123554923936364
"brier",4,15,7,0.94,0.112786977631818
"brier",4,15,7,0.95,0.0982839088545455
"brier",4,15,7,0.96,0.0813304397272727
"brier",4,15,7,0.97,0.0665592975181818
"brier",4,15,7,0.98,0.0487635879227273
"brier",4,15,7,0.99,0.0326406773909091
"brier",4,15,7,0.995,0.0210557537227273
"brier",4,15,8,0.9,0.183962305668182
"brier",4,15,8,0.91,0.167813494959091
"brier",4,15,8,0.92,0.152030635813636
"brier",4,15,8,0.93,0.141899475959091
"brier",4,15,8,0.94,0.129166874090909
"brier",4,15,8,0.95,0.114729254659091
"brier",4,15,8,0.96,0.0989814759863636
"brier",4,15,8,0.97,0.0858585763
"brier",4,15,8,0.98,0.0693797874818182
"brier",4,15,8,0.99,0.0530283628909091
"brier",4,15,8,0.995,0.0423557339272727
"brier",4,15,9,0.9,0.111345725390909
"brier",4,15,9,0.91,0.09809774815
"brier",4,15,9,0.92,0.08653449675
"brier",4,15,9,0.93,0.0739483516590909
"brier",4,15,9,0.94,0.0640939471454545
"brier",4,15,9,0.95,0.0533605576409091
"brier",4,15,9,0.96,0.0434161990181818
"brier",4,15,9,0.97,0.0337017256909091
"brier",4,15,9,0.98,0.0209596905318182
"brier",4,15,9,0.99,0.00863658441363636
"brier",4,15,9,0.995,0.00545454865454545
"brier",4,15,10,0.9,0.186733640377273
"brier",4,15,10,0.91,0.172511019640909
"brier",4,15,10,0.92,0.159464171113636
"brier",4,15,10,0.93,0.143313454959091
"brier",4,15,10,0.94,0.125323834409091
"brier",4,15,10,0.95,0.105544054886364
"brier",4,15,10,0.96,0.0858339276636364
"brier",4,15,10,0.97,0.06957667195
"brier",4,15,10,0.98,0.0500544815090909
"brier",4,15,10,0.99,0.0359293787
"brier",4,15,10,0.995,0.0240634370727273
"brier",4,15,11,0.9,0.131586360381818
"brier",4,15,11,0.91,0.11506940385
"brier",4,15,11,0.92,0.0990050432272727
"brier",4,15,11,0.93,0.0835995627909091
"brier",4,15,11,0.94,0.0693455314454546
"brier",4,15,11,0.95,0.0567474315045455
"brier",4,15,11,0.96,0.0450697279727273
"brier",4,15,11,0.97,0.0330036064136364
"brier",4,15,11,0.98,0.0237612087545455
"brier",4,15,11,0.99,0.0137465497227273
"brier",4,15,11,0.995,0.0070744164
"brier",4,15,12,0.9,0.147957972013636
"brier",4,15,12,0.91,0.135387487009091
"brier",4,15,12,0.92,0.122824761154545
"brier",4,15,12,0.93,0.112504566081818
"brier",4,15,12,0.94,0.102779777477273
"brier",4,15,12,0.95,0.09464652275
"brier",4,15,12,0.96,0.0779451460636364
"brier",4,15,12,0.97,0.0565260805090909
"brier",4,15,12,0.98,0.0301877376090909
"brier",4,15,12,0.99,0.0109249666590909
"brier",4,15,12,0.995,0.00564312162272727
"brier",4,15,13,0.9,0.147745360436364
"brier",4,15,13,0.91,0.134033107659091
"brier",4,15,13,0.92,0.1198914706
"brier",4,15,13,0.93,0.105380522290909
"brier",4,15,13,0.94,0.0941722744409091
"brier",4,15,13,0.95,0.0803531748818182
"brier",4,15,13,0.96,0.0666616154090909
"brier",4,15,13,0.97,0.0545035076409091
"brier",4,15,13,0.98,0.0433787739590909
"brier",4,15,13,0.99,0.0307735233272727
"brier",4,15,13,0.995,0.0221764460545455
"brier",4,15,14,0.9,0.206036818745455
"brier",4,15,14,0.91,0.192488270631818
"brier",4,15,14,0.92,0.179635307681818
"brier",4,15,14,0.93,0.163200026186364
"brier",4,15,14,0.94,0.147033454740909
"brier",4,15,14,0.95,0.124558270872727
"brier",4,15,14,0.96,0.102763630722727
"brier",4,15,14,0.97,0.0851452600136364
"brier",4,15,14,0.98,0.0658801012954545
"brier",4,15,14,0.99,0.0518555823863636
"brier",4,15,14,0.995,0.0434154300681818
"brier",4,15,15,0.9,0.168546995668182
"brier",4,15,15,0.91,0.141844429513636
"brier",4,15,15,0.92,0.115655411131818
"brier",4,15,15,0.93,0.0954608523090909
"brier",4,15,15,0.94,0.0746342249136364
"brier",4,15,15,0.95,0.0581856871363636
"brier",4,15,15,0.96,0.0459678087636364
"brier",4,15,15,0.97,0.0349534742545455
"brier",4,15,15,0.98,0.0342170279636364
"brier",4,15,15,0.99,0.0161193450045455
"brier",4,15,15,0.995,0.00847115706363636
"brier",4,15,16,0.9,0.224367872818182
"brier",4,15,16,0.91,0.213331019804545
"brier",4,15,16,0.92,0.196460319490909
"brier",4,15,16,0.93,0.178008246768182
"brier",4,15,16,0.94,0.157868809481818
"brier",4,15,16,0.95,0.133053079863636
"brier",4,15,16,0.96,0.104992601554545
"brier",4,15,16,0.97,0.0797798415863636
"brier",4,15,16,0.98,0.0462046353545455
"brier",4,15,16,0.99,0.0220411876318182
"brier",4,15,16,0.995,0.0123223557818182
"brier",4,15,17,0.9,0.110114346309091
"brier",4,15,17,0.91,0.0956469455954545
"brier",4,15,17,0.92,0.0786241781681818
"brier",4,15,17,0.93,0.0619946848272727
"brier",4,15,17,0.94,0.0464263703590909
"brier",4,15,17,0.95,0.0350590748454545
"brier",4,15,17,0.96,0.0271990000090909
"brier",4,15,17,0.97,0.0292565406272727
"brier",4,15,17,0.98,0.0295208958136364
"brier",4,15,17,0.99,0.0234085022409091
"brier",4,15,17,0.995,0.00906283317727273
"brier",4,15,18,0.9,0.172269128168182
"brier",4,15,18,0.91,0.156677602513636
"brier",4,15,18,0.92,0.140494269831818
"brier",4,15,18,0.93,0.1214966195
"brier",4,15,18,0.94,0.104580478731818
"brier",4,15,18,0.95,0.0896433856363636
"brier",4,15,18,0.96,0.0718899665318182
"brier",4,15,18,0.97,0.0529879420545455
"brier",4,15,18,0.98,0.0383919289727273
"brier",4,15,18,0.99,0.0192440828363636
"brier",4,15,18,0.995,0.0124574062636364
"brier",4,15,19,0.9,0.189651417686364
"brier",4,15,19,0.91,0.168294838718182
"brier",4,15,19,0.92,0.139976866186364
"brier",4,15,19,0.93,0.10554804025
"brier",4,15,19,0.94,0.0758311944863636
"brier",4,15,19,0.95,0.0545782081318182
"brier",4,15,19,0.96,0.0397177504
"brier",4,15,19,0.97,0.0290238031954545
"brier",4,15,19,0.98,0.0209390135363636
"brier",4,15,19,0.99,0.0100002879
"brier",4,15,19,0.995,0.00500000167272727
"brier",4,15,20,0.9,0.0918631141
"brier",4,15,20,0.91,0.0806142768681818
"brier",4,15,20,0.92,0.0663973778636364
"brier",4,15,20,0.93,0.0540475529954545
"brier",4,15,20,0.94,0.0440020795363636
"brier",4,15,20,0.95,0.0323366710136364
"brier",4,15,20,0.96,0.0197896395636364
"brier",4,15,20,0.97,0.0119841517818182
"brier",4,15,20,0.98,0.00791947203181818
"brier",4,15,20,0.99,0.00406153633636364
"brier",4,15,20,0.995,0.00478166592272727
"brier",4,15,21,0.9,0.146492415854545
"brier",4,15,21,0.91,0.128430722286364
"brier",4,15,21,0.92,0.109754721945455
"brier",4,15,21,0.93,0.0949404396272727
"brier",4,15,21,0.94,0.0782195990318182
"brier",4,15,21,0.95,0.0620277892636364
"brier",4,15,21,0.96,0.0446853022454545
"brier",4,15,21,0.97,0.0302139317545455
"brier",4,15,21,0.98,0.0171742129681818
"brier",4,15,21,0.99,0.00937041126363636
"brier",4,15,21,0.995,0.00187519601818182
"brier",4,15,22,0.9,0.177153084268182
"brier",4,15,22,0.91,0.161372314645455
"brier",4,15,22,0.92,0.141291065031818
"brier",4,15,22,0.93,0.108980120868182
"brier",4,15,22,0.94,0.0736975203772727
"brier",4,15,22,0.95,0.0426847258772727
"brier",4,15,22,0.96,0.0347451354409091
"brier",4,15,22,0.97,0.0298113743318182
"brier",4,15,22,0.98,0.0222629244409091
"brier",4,15,22,0.99,0.00909091751818182
"brier",4,15,22,0.995,0.00500000045
"brier",4,15,23,0.9,0.102846718172727
"brier",4,15,23,0.91,0.0958463649818182
"brier",4,15,23,0.92,0.0874458163318182
"brier",4,15,23,0.93,0.0791847624090909
"brier",4,15,23,0.94,0.0675734946
"brier",4,15,23,0.95,0.0586104673636364
"brier",4,15,23,0.96,0.0441292801954545
"brier",4,15,23,0.97,0.0313412927636364
"brier",4,15,23,0.98,0.0224432629681818
"brier",4,15,23,0.99,0.0105132936863636
"brier",4,15,23,0.995,0.00546222038181818
"brier",4,15,24,0.9,0.208589220909091
"brier",4,15,24,0.91,0.197117665827273
"brier",4,15,24,0.92,0.184571038259091
"brier",4,15,24,0.93,0.169868728736364
"brier",4,15,24,0.94,0.151172931236364
"brier",4,15,24,0.95,0.133048621677273
"brier",4,15,24,0.96,0.116827702395455
"brier",4,15,24,0.97,0.0966798969136364
"brier",4,15,24,0.98,0.0668784242272727
"brier",4,15,24,0.99,0.0361265393090909
"brier",4,15,24,0.995,0.0232097320818182
"brier",4,15,25,0.9,0.154877653172727
"brier",4,15,25,0.91,0.142047066059091
"brier",4,15,25,0.92,0.125548591568182
"brier",4,15,25,0.93,0.110020439
"brier",4,15,25,0.94,0.0975668977363636
"brier",4,15,25,0.95,0.0841433333772727
"brier",4,15,25,0.96,0.0712017185181818
"brier",4,15,25,0.97,0.05782100425
"brier",4,15,25,0.98,0.04296409225
"brier",4,15,25,0.99,0.0264390056136364
"brier",4,15,25,0.995,0.01369255605
"brier",4,15,26,0.9,0.169950986340909
"brier",4,15,26,0.91,0.150817203695455
"brier",4,15,26,0.92,0.132716311631818
"brier",4,15,26,0.93,0.108173314359091
"brier",4,15,26,0.94,0.0826234199227273
"brier",4,15,26,0.95,0.0674473062681818
"brier",4,15,26,0.96,0.0496898624318182
"brier",4,15,26,0.97,0.0309092381363636
"brier",4,15,26,0.98,0.0190909093318182
"brier",4,15,26,0.99,0.00818181824090909
"brier",4,15,26,0.995,0.0045454546
"brier",4,15,27,0.9,0.2149212355
"brier",4,15,27,0.91,0.194235498159091
"brier",4,15,27,0.92,0.167299200445455
"brier",4,15,27,0.93,0.144579059268182
"brier",4,15,27,0.94,0.120012886718182
"brier",4,15,27,0.95,0.0967495521136364
"brier",4,15,27,0.96,0.0733412627727273
"brier",4,15,27,0.97,0.0560990962818182
"brier",4,15,27,0.98,0.0408844776636364
"brier",4,15,27,0.99,0.0320143070909091
"brier",4,15,27,0.995,0.0248328414727273
"brier",4,15,28,0.9,0.1335338518
"brier",4,15,28,0.91,0.123165083713636
"brier",4,15,28,0.92,0.109190548131818
"brier",4,15,28,0.93,0.09557560835
"brier",4,15,28,0.94,0.0860410551590909
"brier",4,15,28,0.95,0.0759894121863636
"brier",4,15,28,0.96,0.0671917544181818
"brier",4,15,28,0.97,0.0535376791045455
"brier",4,15,28,0.98,0.0410272920454545
"brier",4,15,28,0.99,0.0263213415909091
"brier",4,15,28,0.995,0.01643411175
"brier",4,15,29,0.9,0.154483565468182
"brier",4,15,29,0.91,0.138821219759091
"brier",4,15,29,0.92,0.126218018722727
"brier",4,15,29,0.93,0.110671873413636
"brier",4,15,29,0.94,0.09752927935
"brier",4,15,29,0.95,0.0802982178681818
"brier",4,15,29,0.96,0.0644301885181818
"brier",4,15,29,0.97,0.0477057530136364
"brier",4,15,29,0.98,0.0352946565545455
"brier",4,15,29,0.99,0.0191109111409091
"brier",4,15,29,0.995,0.00949735735909091
"brier",4,15,30,0.9,0.140117294545455
"brier",4,15,30,0.91,0.122987598572727
"brier",4,15,30,0.92,0.10418029725
"brier",4,15,30,0.93,0.0888217199954545
"brier",4,15,30,0.94,0.0731701759454546
"brier",4,15,30,0.95,0.0574549696363636
"brier",4,15,30,0.96,0.04366145645
"brier",4,15,30,0.97,0.0314075265363636
"brier",4,15,30,0.98,0.0203275442681818
"brier",4,15,30,0.99,0.00964222798181818
"brier",4,15,30,0.995,0.00274420421818182
"brier",4,15,31,0.9,0.174275455572727
"brier",4,15,31,0.91,0.166429993622727
"brier",4,15,31,0.92,0.153804741040909
"brier",4,15,31,0.93,0.140066496536364
"brier",4,15,31,0.94,0.126187006340909
"brier",4,15,31,0.95,0.11333763865
"brier",4,15,31,0.96,0.0942417833227273
"brier",4,15,31,0.97,0.0770606996727273
"brier",4,15,31,0.98,0.0588476892272727
"brier",4,15,31,0.99,0.0405402905
"brier",4,15,31,0.995,0.0325939185227273
"brier",4,15,32,0.9,0.181680123922727
"brier",4,15,32,0.91,0.166001261036364
"brier",4,15,32,0.92,0.148836828154545
"brier",4,15,32,0.93,0.128384723968182
"brier",4,15,32,0.94,0.110177505577273
"brier",4,15,32,0.95,0.09205227285
"brier",4,15,32,0.96,0.0705728456181818
"brier",4,15,32,0.97,0.0439399861090909
"brier",4,15,32,0.98,0.0201111692272727
"brier",4,15,32,0.99,0.01090909205
"brier",4,15,32,0.995,0.00590909103636364
"brier",4,15,33,0.9,0.169438424695455
"brier",4,15,33,0.91,0.154372479527273
"brier",4,15,33,0.92,0.141733387818182
"brier",4,15,33,0.93,0.128098269436364
"brier",4,15,33,0.94,0.111212109454545
"brier",4,15,33,0.95,0.0922117891636364
"brier",4,15,33,0.96,0.0720974283909091
"brier",4,15,33,0.97,0.0520943315136364
"brier",4,15,33,0.98,0.0205202638090909
"brier",4,15,33,0.99,0.01045454575
"brier",4,15,33,0.995,0.00500000012272727
"brier",4,15,34,0.9,0.147221723963636
"brier",4,15,34,0.91,0.13912763135
"brier",4,15,34,0.92,0.130175239354545
"brier",4,15,34,0.93,0.122827419045455
"brier",4,15,34,0.94,0.110225394954545
"brier",4,15,34,0.95,0.0993357291818182
"brier",4,15,34,0.96,0.0843445938681818
"brier",4,15,34,0.97,0.0691550388272727
"brier",4,15,34,0.98,0.05039775215
"brier",4,15,34,0.99,0.0340295055454545
"brier",4,15,34,0.995,0.0212926913454545
"brier",4,15,35,0.9,0.165786488077273
"brier",4,15,35,0.91,0.154080682554545
"brier",4,15,35,0.92,0.144040648059091
"brier",4,15,35,0.93,0.130863476568182
"brier",4,15,35,0.94,0.1213905532
"brier",4,15,35,0.95,0.101964548777273
"brier",4,15,35,0.96,0.0795318095227273
"brier",4,15,35,0.97,0.0561197921909091
"brier",4,15,35,0.98,0.0327674587590909
"brier",4,15,35,0.99,0.0186553255409091
"brier",4,15,35,0.995,0.0118543971818182
"brier",4,15,36,0.9,0.184531685563636
"brier",4,15,36,0.91,0.169132745768182
"brier",4,15,36,0.92,0.151843759981818
"brier",4,15,36,0.93,0.135802482327273
"brier",4,15,36,0.94,0.117917211677273
"brier",4,15,36,0.95,0.09986381005
"brier",4,15,36,0.96,0.0830325868181818
"brier",4,15,36,0.97,0.0689793301090909
"brier",4,15,36,0.98,0.0512328834181818
"brier",4,15,36,0.99,0.0364722152545455
"brier",4,15,36,0.995,0.0263951309954545
"brier",4,15,37,0.9,0.102245023227273
"brier",4,15,37,0.91,0.0920736822818182
"brier",4,15,37,0.92,0.08261664145
"brier",4,15,37,0.93,0.0694561896772727
"brier",4,15,37,0.94,0.0592549143272727
"brier",4,15,37,0.95,0.0500847714409091
"brier",4,15,37,0.96,0.0409434256363636
"brier",4,15,37,0.97,0.0304649097681818
"brier",4,15,37,0.98,0.0209105707590909
"brier",4,15,37,0.99,0.0109091956136364
"brier",4,15,37,0.995,0.00409091373636364
"brier",4,15,38,0.9,0.1295021028
"brier",4,15,38,0.91,0.1198633397
"brier",4,15,38,0.92,0.105085350554545
"brier",4,15,38,0.93,0.0929039509272727
"brier",4,15,38,0.94,0.0820327941454545
"brier",4,15,38,0.95,0.0682405048272727
"brier",4,15,38,0.96,0.0537488736227273
"brier",4,15,38,0.97,0.0403748721454545
"brier",4,15,38,0.98,0.0254617753954545
"brier",4,15,38,0.99,0.0127941779909091
"brier",4,15,38,0.995,0.0063623768
"brier",4,15,39,0.9,0.149818589540909
"brier",4,15,39,0.91,0.132819676690909
"brier",4,15,39,0.92,0.116929046527273
"brier",4,15,39,0.93,0.102481585495455
"brier",4,15,39,0.94,0.0873304687
"brier",4,15,39,0.95,0.07058358365
"brier",4,15,39,0.96,0.0540547761772727
"brier",4,15,39,0.97,0.0404363941136364
"brier",4,15,39,0.98,0.0217877314863636
"brier",4,15,39,0.99,0.0127248594363636
"brier",4,15,39,0.995,0.00549868116363636
"brier",4,15,40,0.9,0.156992925363636
"brier",4,15,40,0.91,0.142527915509091
"brier",4,15,40,0.92,0.130212060204545
"brier",4,15,40,0.93,0.118003548713636
"brier",4,15,40,0.94,0.100317862863636
"brier",4,15,40,0.95,0.0865188753727273
"brier",4,15,40,0.96,0.0688645907727273
"brier",4,15,40,0.97,0.0538152649090909
"brier",4,15,40,0.98,0.0393949377272727
"brier",4,15,40,0.99,0.0218234852954545
"brier",4,15,40,0.995,0.0131473635181818
"brier",4,15,41,0.9,0.133649137163636
"brier",4,15,41,0.91,0.122609936159091
"brier",4,15,41,0.92,0.112213147509091
"brier",4,15,41,0.93,0.102194550631818
"brier",4,15,41,0.94,0.0916659950909091
"brier",4,15,41,0.95,0.0742746129181818
"brier",4,15,41,0.96,0.0589858728363636
"brier",4,15,41,0.97,0.0461783577454545
"brier",4,15,41,0.98,0.0271196306863636
"brier",4,15,41,0.99,0.00954545477727273
"brier",4,15,41,0.995,0.00363636363636364
"brier",4,15,42,0.9,0.11745617245
"brier",4,15,42,0.91,0.103693251713636
"brier",4,15,42,0.92,0.0908993526181818
"brier",4,15,42,0.93,0.0765582136409091
"brier",4,15,42,0.94,0.0627909844590909
"brier",4,15,42,0.95,0.0517092168272727
"brier",4,15,42,0.96,0.0404883362954545
"brier",4,15,42,0.97,0.0292986413363636
"brier",4,15,42,0.98,0.0203215843727273
"brier",4,15,42,0.99,0.00821566181363636
"brier",4,15,42,0.995,0.00455538943636364
"brier",4,15,43,0.9,0.222725472654545
"brier",4,15,43,0.91,0.208021808413636
"brier",4,15,43,0.92,0.193871012431818
"brier",4,15,43,0.93,0.173686204972727
"brier",4,15,43,0.94,0.153640667918182
"brier",4,15,43,0.95,0.135115452354545
"brier",4,15,43,0.96,0.115798598822727
"brier",4,15,43,0.97,0.0929357731
"brier",4,15,43,0.98,0.0666616869590909
"brier",4,15,43,0.99,0.0383369191136364
"brier",4,15,43,0.995,0.0209102583272727
"brier",4,15,44,0.9,0.20291272145
"brier",4,15,44,0.91,0.191771709409091
"brier",4,15,44,0.92,0.181447271477273
"brier",4,15,44,0.93,0.172601699381818
"brier",4,15,44,0.94,0.160909528863636
"brier",4,15,44,0.95,0.150289335172727
"brier",4,15,44,0.96,0.130176736613636
"brier",4,15,44,0.97,0.105955253968182
"brier",4,15,44,0.98,0.0795186648181818
"brier",4,15,44,0.99,0.0436557816227273
"brier",4,15,44,0.995,0.0230564620227273
"brier",4,15,45,0.9,0.209730273022727
"brier",4,15,45,0.91,0.194805989681818
"brier",4,15,45,0.92,0.174292993386364
"brier",4,15,45,0.93,0.155409047359091
"brier",4,15,45,0.94,0.13163886125
"brier",4,15,45,0.95,0.110751965140909
"brier",4,15,45,0.96,0.0923116315818182
"brier",4,15,45,0.97,0.0771692024272727
"brier",4,15,45,0.98,0.0516667808681818
"brier",4,15,45,0.99,0.0233570394590909
"brier",4,15,45,0.995,0.0131301134590909
"brier",4,15,46,0.9,0.13632829495
"brier",4,15,46,0.91,0.122050238913636
"brier",4,15,46,0.92,0.108634110554545
"brier",4,15,46,0.93,0.09486779095
"brier",4,15,46,0.94,0.0831072372863636
"brier",4,15,46,0.95,0.0688354340863636
"brier",4,15,46,0.96,0.0546120236045455
"brier",4,15,46,0.97,0.0395135135954545
"brier",4,15,46,0.98,0.0236611786818182
"brier",4,15,46,0.99,0.0104680431545455
"brier",4,15,46,0.995,0.0069326707
"brier",4,15,47,0.9,0.1717527278
"brier",4,15,47,0.91,0.157629007222727
"brier",4,15,47,0.92,0.144754799709091
"brier",4,15,47,0.93,0.133125126818182
"brier",4,15,47,0.94,0.117766763968182
"brier",4,15,47,0.95,0.0994966977181818
"brier",4,15,47,0.96,0.0832650235681818
"brier",4,15,47,0.97,0.0630773670863636
"brier",4,15,47,0.98,0.0441440533590909
"brier",4,15,47,0.99,0.0217508490727273
"brier",4,15,47,0.995,0.01100313975
"brier",4,15,48,0.9,0.16485920525
"brier",4,15,48,0.91,0.1582623028
"brier",4,15,48,0.92,0.152003701072727
"brier",4,15,48,0.93,0.14259761295
"brier",4,15,48,0.94,0.127094733668182
"brier",4,15,48,0.95,0.109049775990909
"brier",4,15,48,0.96,0.0785261857772727
"brier",4,15,48,0.97,0.0516729963409091
"brier",4,15,48,0.98,0.0320843469318182
"brier",4,15,48,0.99,0.0143386799863636
"brier",4,15,48,0.995,0.00716976819545455
"brier",4,15,49,0.9,0.191631335286364
"brier",4,15,49,0.91,0.168129227372727
"brier",4,15,49,0.92,0.145419886377273
"brier",4,15,49,0.93,0.119900155868182
"brier",4,15,49,0.94,0.0968082047227273
"brier",4,15,49,0.95,0.0743908178
"brier",4,15,49,0.96,0.0543787157454545
"brier",4,15,49,0.97,0.0343450964545455
"brier",4,15,49,0.98,0.0202530102954545
"brier",4,15,49,0.99,0.0101566364681818
"brier",4,15,49,0.995,0.00454887248636364
"brier",4,15,50,0.9,0.115653888254545
"brier",4,15,50,0.91,0.103066595222727
"brier",4,15,50,0.92,0.09086010325
"brier",4,15,50,0.93,0.0751463884590909
"brier",4,15,50,0.94,0.0615359303409091
"brier",4,15,50,0.95,0.0482233652272727
"brier",4,15,50,0.96,0.0404577740681818
"brier",4,15,50,0.97,0.0304546466272727
"brier",4,15,50,0.98,0.0209090929818182
"brier",4,15,50,0.99,0.0131818182681818
"brier",4,15,50,0.995,0.00727272733181818
"brier",5,15,1,0.9,0.139275212554545
"brier",5,15,1,0.91,0.127680319618182
"brier",5,15,1,0.92,0.113572748086364
"brier",5,15,1,0.93,0.103461488186364
"brier",5,15,1,0.94,0.0936686083318182
"brier",5,15,1,0.95,0.0831803516909091
"brier",5,15,1,0.96,0.0730506677636364
"brier",5,15,1,0.97,0.0604991914545455
"brier",5,15,1,0.98,0.0442633527227273
"brier",5,15,1,0.99,0.0303567198409091
"brier",5,15,1,0.995,0.0213837712636364
"brier",5,15,2,0.9,0.16805365575
"brier",5,15,2,0.91,0.151667796513636
"brier",5,15,2,0.92,0.138040652054545
"brier",5,15,2,0.93,0.121433876954545
"brier",5,15,2,0.94,0.105153024190909
"brier",5,15,2,0.95,0.0927127067545455
"brier",5,15,2,0.96,0.0781826778363636
"brier",5,15,2,0.97,0.0589124394545455
"brier",5,15,2,0.98,0.0461693198636364
"brier",5,15,2,0.99,0.0280825566136364
"brier",5,15,2,0.995,0.0127236600045455
"brier",5,15,3,0.9,0.103303662254545
"brier",5,15,3,0.91,0.0909360257954545
"brier",5,15,3,0.92,0.0793411653136364
"brier",5,15,3,0.93,0.0707543566136364
"brier",5,15,3,0.94,0.0624282778454545
"brier",5,15,3,0.95,0.0486002665818182
"brier",5,15,3,0.96,0.0388231303136364
"brier",5,15,3,0.97,0.0312929182727273
"brier",5,15,3,0.98,0.0183879126818182
"brier",5,15,3,0.99,0.0117513382045455
"brier",5,15,3,0.995,0.00617769451363636
"brier",5,15,4,0.9,0.19995591395
"brier",5,15,4,0.91,0.185467564995455
"brier",5,15,4,0.92,0.171361605454545
"brier",5,15,4,0.93,0.154303938063636
"brier",5,15,4,0.94,0.135285157245455
"brier",5,15,4,0.95,0.114362270454545
"brier",5,15,4,0.96,0.0916454343090909
"brier",5,15,4,0.97,0.0731661225045455
"brier",5,15,4,0.98,0.0521361435954545
"brier",5,15,4,0.99,0.0304466771090909
"brier",5,15,4,0.995,0.0174572645227273
"brier",5,15,5,0.9,0.109966060445455
"brier",5,15,5,0.91,0.105468656409091
"brier",5,15,5,0.92,0.100524965263636
"brier",5,15,5,0.93,0.0956750429727273
"brier",5,15,5,0.94,0.0889664096818182
"brier",5,15,5,0.95,0.0829572235136364
"brier",5,15,5,0.96,0.0764989018272727
"brier",5,15,5,0.97,0.0627476215590909
"brier",5,15,5,0.98,0.0371059124772727
"brier",5,15,5,0.99,0.0131780727681818
"brier",5,15,5,0.995,0.00591297595
"brier",5,15,6,0.9,0.138940577981818
"brier",5,15,6,0.91,0.125803871090909
"brier",5,15,6,0.92,0.112101231504545
"brier",5,15,6,0.93,0.100052778059091
"brier",5,15,6,0.94,0.0860107454272727
"brier",5,15,6,0.95,0.0738084344045455
"brier",5,15,6,0.96,0.0627408937227273
"brier",5,15,6,0.97,0.0517592271636364
"brier",5,15,6,0.98,0.0425939744272727
"brier",5,15,6,0.99,0.0300476073227273
"brier",5,15,6,0.995,0.0254624164272727
"brier",5,15,7,0.9,0.166824789981818
"brier",5,15,7,0.91,0.153078841595455
"brier",5,15,7,0.92,0.139638888931818
"brier",5,15,7,0.93,0.124941345377273
"brier",5,15,7,0.94,0.11704060325
"brier",5,15,7,0.95,0.103497690468182
"brier",5,15,7,0.96,0.0853057983090909
"brier",5,15,7,0.97,0.0700230864590909
"brier",5,15,7,0.98,0.05312167925
"brier",5,15,7,0.99,0.0387875191909091
"brier",5,15,7,0.995,0.0248294480272727
"brier",5,15,8,0.9,0.181387726622727
"brier",5,15,8,0.91,0.165572120136364
"brier",5,15,8,0.92,0.150019102909091
"brier",5,15,8,0.93,0.139963462281818
"brier",5,15,8,0.94,0.127764689754545
"brier",5,15,8,0.95,0.113728231722727
"brier",5,15,8,0.96,0.0985192471409091
"brier",5,15,8,0.97,0.0861996249136364
"brier",5,15,8,0.98,0.0709397761909091
"brier",5,15,8,0.99,0.0548630359181818
"brier",5,15,8,0.995,0.04309782575
"brier",5,15,9,0.9,0.111724440568182
"brier",5,15,9,0.91,0.0983439278136364
"brier",5,15,9,0.92,0.0867826565454545
"brier",5,15,9,0.93,0.0741357640954545
"brier",5,15,9,0.94,0.0643144064272727
"brier",5,15,9,0.95,0.0534731050227273
"brier",5,15,9,0.96,0.0434408411545455
"brier",5,15,9,0.97,0.0336388358954545
"brier",5,15,9,0.98,0.0209375461272727
"brier",5,15,9,0.99,0.00863642700909091
"brier",5,15,9,0.995,0.00545454684090909
"brier",5,15,10,0.9,0.17846098745
"brier",5,15,10,0.91,0.164227051986364
"brier",5,15,10,0.92,0.150318083159091
"brier",5,15,10,0.93,0.134047152513636
"brier",5,15,10,0.94,0.116591618190909
"brier",5,15,10,0.95,0.0970736373045454
"brier",5,15,10,0.96,0.0785548149954546
"brier",5,15,10,0.97,0.0623763203136364
"brier",5,15,10,0.98,0.0460277270227273
"brier",5,15,10,0.99,0.03477723385
"brier",5,15,10,0.995,0.0263612504272727
"brier",5,15,11,0.9,0.131126803440909
"brier",5,15,11,0.91,0.115831351554545
"brier",5,15,11,0.92,0.100828296145455
"brier",5,15,11,0.93,0.0858228058863636
"brier",5,15,11,0.94,0.0708656057045455
"brier",5,15,11,0.95,0.0571404123045455
"brier",5,15,11,0.96,0.0451736691545455
"brier",5,15,11,0.97,0.0334234863681818
"brier",5,15,11,0.98,0.0237694356272727
"brier",5,15,11,0.99,0.0134201264090909
"brier",5,15,11,0.995,0.00688396752727273
"brier",5,15,12,0.9,0.145347404209091
"brier",5,15,12,0.91,0.133956272577273
"brier",5,15,12,0.92,0.123254067054545
"brier",5,15,12,0.93,0.11450700905
"brier",5,15,12,0.94,0.106432431186364
"brier",5,15,12,0.95,0.100444930059091
"brier",5,15,12,0.96,0.0856430059590909
"brier",5,15,12,0.97,0.0609842150909091
"brier",5,15,12,0.98,0.0301102685227273
"brier",5,15,12,0.99,0.00972193748181818
"brier",5,15,12,0.995,0.00546394471818182
"brier",5,15,13,0.9,0.144908710595455
"brier",5,15,13,0.91,0.131216496918182
"brier",5,15,13,0.92,0.117342517886364
"brier",5,15,13,0.93,0.103192617509091
"brier",5,15,13,0.94,0.0924167332545455
"brier",5,15,13,0.95,0.0789420847954545
"brier",5,15,13,0.96,0.0657498124363636
"brier",5,15,13,0.97,0.0540831554136364
"brier",5,15,13,0.98,0.0434913958545455
"brier",5,15,13,0.99,0.0321566465272727
"brier",5,15,13,0.995,0.0245995177818182
"brier",5,15,14,0.9,0.196770260336364
"brier",5,15,14,0.91,0.183850404481818
"brier",5,15,14,0.92,0.171352280377273
"brier",5,15,14,0.93,0.155314836581818
"brier",5,15,14,0.94,0.139608394168182
"brier",5,15,14,0.95,0.117439250363636
"brier",5,15,14,0.96,0.0969011980545455
"brier",5,15,14,0.97,0.08200063505
"brier",5,15,14,0.98,0.0651240715772727
"brier",5,15,14,0.99,0.0529078933409091
"brier",5,15,14,0.995,0.0447855108090909
"brier",5,15,15,0.9,0.1677836337
"brier",5,15,15,0.91,0.138046668386364
"brier",5,15,15,0.92,0.110137814277273
"brier",5,15,15,0.93,0.0895029343681818
"brier",5,15,15,0.94,0.0691262289045455
"brier",5,15,15,0.95,0.0542799624681818
"brier",5,15,15,0.96,0.0437394164818182
"brier",5,15,15,0.97,0.0350710360136364
"brier",5,15,15,0.98,0.0386024639363636
"brier",5,15,15,0.99,0.0166281613318182
"brier",5,15,15,0.995,0.00647153728636364
"brier",5,15,16,0.9,0.224171585704545
"brier",5,15,16,0.91,0.212047984768182
"brier",5,15,16,0.92,0.194474239681818
"brier",5,15,16,0.93,0.175027690545455
"brier",5,15,16,0.94,0.154396556390909
"brier",5,15,16,0.95,0.129704193127273
"brier",5,15,16,0.96,0.102706743077273
"brier",5,15,16,0.97,0.0780375347454546
"brier",5,15,16,0.98,0.0473731082863636
"brier",5,15,16,0.99,0.0244575565772727
"brier",5,15,16,0.995,0.0135808380954545
"brier",5,15,17,0.9,0.108451130336364
"brier",5,15,17,0.91,0.0943868778454545
"brier",5,15,17,0.92,0.0769000951818182
"brier",5,15,17,0.93,0.0593494105909091
"brier",5,15,17,0.94,0.0441251447454545
"brier",5,15,17,0.95,0.0342242209727273
"brier",5,15,17,0.96,0.0270009064590909
"brier",5,15,17,0.97,0.0295799095909091
"brier",5,15,17,0.98,0.0309092420318182
"brier",5,15,17,0.99,0.0279067676909091
"brier",5,15,17,0.995,0.00914866711818182
"brier",5,15,18,0.9,0.168789746336364
"brier",5,15,18,0.91,0.1536375124
"brier",5,15,18,0.92,0.138059712568182
"brier",5,15,18,0.93,0.119684167222727
"brier",5,15,18,0.94,0.103463367477273
"brier",5,15,18,0.95,0.0893475596
"brier",5,15,18,0.96,0.0724104905090909
"brier",5,15,18,0.97,0.0540526647590909
"brier",5,15,18,0.98,0.0387107260272727
"brier",5,15,18,0.99,0.0184254140863636
"brier",5,15,18,0.995,0.0115811282136364
"brier",5,15,19,0.9,0.1885392913
"brier",5,15,19,0.91,0.166933237545455
"brier",5,15,19,0.92,0.138629904168182
"brier",5,15,19,0.93,0.103951279109091
"brier",5,15,19,0.94,0.0743699283727273
"brier",5,15,19,0.95,0.0539742019136364
"brier",5,15,19,0.96,0.0396759552454545
"brier",5,15,19,0.97,0.0290517446954545
"brier",5,15,19,0.98,0.0209557581363636
"brier",5,15,19,0.99,0.01000058105
"brier",5,15,19,0.995,0.00500000860454545
"brier",5,15,20,0.9,0.0923718024363636
"brier",5,15,20,0.91,0.0810394596045454
"brier",5,15,20,0.92,0.0667461365954545
"brier",5,15,20,0.93,0.0542942418590909
"brier",5,15,20,0.94,0.0441871800818182
"brier",5,15,20,0.95,0.0324699927363636
"brier",5,15,20,0.96,0.0199338343227273
"brier",5,15,20,0.97,0.0121580549954545
"brier",5,15,20,0.98,0.00809741152727273
"brier",5,15,20,0.99,0.00407012391363636
"brier",5,15,20,0.995,0.00496874660454545
"brier",5,15,21,0.9,0.143553060040909
"brier",5,15,21,0.91,0.125550372059091
"brier",5,15,21,0.92,0.106810756677273
"brier",5,15,21,0.93,0.0919763014863636
"brier",5,15,21,0.94,0.0755035677636364
"brier",5,15,21,0.95,0.0596435394181818
"brier",5,15,21,0.96,0.0428804865363636
"brier",5,15,21,0.97,0.0291379599227273
"brier",5,15,21,0.98,0.0166689797363636
"brier",5,15,21,0.99,0.00925865229545455
"brier",5,15,21,0.995,0.00186092399090909
"brier",5,15,22,0.9,0.179318948677273
"brier",5,15,22,0.91,0.162734464709091
"brier",5,15,22,0.92,0.14183598455
"brier",5,15,22,0.93,0.108914781295455
"brier",5,15,22,0.94,0.07250133305
"brier",5,15,22,0.95,0.0433792406227273
"brier",5,15,22,0.96,0.0358320023818182
"brier",5,15,22,0.97,0.0298305074318182
"brier",5,15,22,0.98,0.0222620548318182
"brier",5,15,22,0.99,0.00909081844545455
"brier",5,15,22,0.995,0.00500000001363636
"brier",5,15,23,0.9,0.101657533790909
"brier",5,15,23,0.91,0.0947516054636364
"brier",5,15,23,0.92,0.0868909329181818
"brier",5,15,23,0.93,0.0787678552727273
"brier",5,15,23,0.94,0.0672276810545454
"brier",5,15,23,0.95,0.0579945520181818
"brier",5,15,23,0.96,0.0435691055545455
"brier",5,15,23,0.97,0.0309575001136364
"brier",5,15,23,0.98,0.0223298700409091
"brier",5,15,23,0.99,0.0105350812863636
"brier",5,15,23,0.995,0.00547283499545455
"brier",5,15,24,0.9,0.2069088584
"brier",5,15,24,0.91,0.195066058368182
"brier",5,15,24,0.92,0.182077952063636
"brier",5,15,24,0.93,0.167226702695455
"brier",5,15,24,0.94,0.1485530422
"brier",5,15,24,0.95,0.130815000922727
"brier",5,15,24,0.96,0.115012554377273
"brier",5,15,24,0.97,0.0955532587227273
"brier",5,15,24,0.98,0.0660254705818182
"brier",5,15,24,0.99,0.0349316656363636
"brier",5,15,24,0.995,0.0233980519409091
"brier",5,15,25,0.9,0.152835545640909
"brier",5,15,25,0.91,0.140213371422727
"brier",5,15,25,0.92,0.123995405090909
"brier",5,15,25,0.93,0.10864317585
"brier",5,15,25,0.94,0.0966000535909091
"brier",5,15,25,0.95,0.0834279553909091
"brier",5,15,25,0.96,0.0708798399227273
"brier",5,15,25,0.97,0.0586446919181818
"brier",5,15,25,0.98,0.0457674480909091
"brier",5,15,25,0.99,0.0292490809636364
"brier",5,15,25,0.995,0.0144923157636364
"brier",5,15,26,0.9,0.168595593759091
"brier",5,15,26,0.91,0.148770635422727
"brier",5,15,26,0.92,0.129524006945455
"brier",5,15,26,0.93,0.104735012127273
"brier",5,15,26,0.94,0.0819412758409091
"brier",5,15,26,0.95,0.0687819382590909
"brier",5,15,26,0.96,0.0548791220363636
"brier",5,15,26,0.97,0.0309090909818182
"brier",5,15,26,0.98,0.0190909090909091
"brier",5,15,26,0.99,0.00818181818181818
"brier",5,15,26,0.995,0.00454545454545455
"brier",5,15,27,0.9,0.214125640440909
"brier",5,15,27,0.91,0.192261867154545
"brier",5,15,27,0.92,0.163885150981818
"brier",5,15,27,0.93,0.139806690863636
"brier",5,15,27,0.94,0.114161254995455
"brier",5,15,27,0.95,0.0919309546090909
"brier",5,15,27,0.96,0.0703163467818182
"brier",5,15,27,0.97,0.0550079264272727
"brier",5,15,27,0.98,0.0407494131454545
"brier",5,15,27,0.99,0.0322771574636364
"brier",5,15,27,0.995,0.0259094856636364
"brier",5,15,28,0.9,0.136359792072727
"brier",5,15,28,0.91,0.126794611404545
"brier",5,15,28,0.92,0.113208933663636
"brier",5,15,28,0.93,0.0994595455818182
"brier",5,15,28,0.94,0.0895904550227273
"brier",5,15,28,0.95,0.0793764996363636
"brier",5,15,28,0.96,0.0704399340454546
"brier",5,15,28,0.97,0.0565232509772727
"brier",5,15,28,0.98,0.0437890613181818
"brier",5,15,28,0.99,0.0287029347136364
"brier",5,15,28,0.995,0.0178506200409091
"brier",5,15,29,0.9,0.159963830809091
"brier",5,15,29,0.91,0.144030011263636
"brier",5,15,29,0.92,0.130455100131818
"brier",5,15,29,0.93,0.113445486481818
"brier",5,15,29,0.94,0.0984904325863636
"brier",5,15,29,0.95,0.0799682776363636
"brier",5,15,29,0.96,0.0653258531136364
"brier",5,15,29,0.97,0.0509754879909091
"brier",5,15,29,0.98,0.0387197725727273
"brier",5,15,29,0.99,0.0208207527727273
"brier",5,15,29,0.995,0.0093311114
"brier",5,15,30,0.9,0.138555756090909
"brier",5,15,30,0.91,0.121685790881818
"brier",5,15,30,0.92,0.102688729004545
"brier",5,15,30,0.93,0.0876994131636364
"brier",5,15,30,0.94,0.07205477425
"brier",5,15,30,0.95,0.0567667021863636
"brier",5,15,30,0.96,0.0430616224772727
"brier",5,15,30,0.97,0.0310898003818182
"brier",5,15,30,0.98,0.02019398575
"brier",5,15,30,0.99,0.00960323877272727
"brier",5,15,30,0.995,0.00273508349090909
"brier",5,15,31,0.9,0.166082836136364
"brier",5,15,31,0.91,0.158029610640909
"brier",5,15,31,0.92,0.145798896836364
"brier",5,15,31,0.93,0.132431759859091
"brier",5,15,31,0.94,0.119198908754545
"brier",5,15,31,0.95,0.107105933731818
"brier",5,15,31,0.96,0.0888125196909091
"brier",5,15,31,0.97,0.0730318031227273
"brier",5,15,31,0.98,0.0563528003409091
"brier",5,15,31,0.99,0.0410296533772727
"brier",5,15,31,0.995,0.0353986126454545
"brier",5,15,32,0.9,0.176634468490909
"brier",5,15,32,0.91,0.163402149840909
"brier",5,15,32,0.92,0.148768315977273
"brier",5,15,32,0.93,0.130975992895455
"brier",5,15,32,0.94,0.113659966331818
"brier",5,15,32,0.95,0.0948376307909091
"brier",5,15,32,0.96,0.0716373736772727
"brier",5,15,32,0.97,0.0416660395545455
"brier",5,15,32,0.98,0.0200054893909091
"brier",5,15,32,0.99,0.0109090916590909
"brier",5,15,32,0.995,0.00590909101818182
"brier",5,15,33,0.9,0.169338787295455
"brier",5,15,33,0.91,0.153994687959091
"brier",5,15,33,0.92,0.1410352682
"brier",5,15,33,0.93,0.127275150713636
"brier",5,15,33,0.94,0.110131658872727
"brier",5,15,33,0.95,0.0908230774181818
"brier",5,15,33,0.96,0.0708304746454545
"brier",5,15,33,0.97,0.0499256640818182
"brier",5,15,33,0.98,0.0210146281045455
"brier",5,15,33,0.99,0.0104545455590909
"brier",5,15,33,0.995,0.005
"brier",5,15,34,0.9,0.145366217222727
"brier",5,15,34,0.91,0.137655957054545
"brier",5,15,34,0.92,0.129054472818182
"brier",5,15,34,0.93,0.122265735459091
"brier",5,15,34,0.94,0.110269501531818
"brier",5,15,34,0.95,0.0997840428090909
"brier",5,15,34,0.96,0.0854117462636364
"brier",5,15,34,0.97,0.0716818151454545
"brier",5,15,34,0.98,0.0541565341045455
"brier",5,15,34,0.99,0.0395109030636364
"brier",5,15,34,0.995,0.0264202501636364
"brier",5,15,35,0.9,0.161836508677273
"brier",5,15,35,0.91,0.149910159268182
"brier",5,15,35,0.92,0.139665839809091
"brier",5,15,35,0.93,0.126197770222727
"brier",5,15,35,0.94,0.116293064263636
"brier",5,15,35,0.95,0.0968775700772727
"brier",5,15,35,0.96,0.0759767317818182
"brier",5,15,35,0.97,0.0568557812272727
"brier",5,15,35,0.98,0.0369247433772727
"brier",5,15,35,0.99,0.0214499483909091
"brier",5,15,35,0.995,0.0131672828636364
"brier",5,15,36,0.9,0.188185292945455
"brier",5,15,36,0.91,0.173883323095455
"brier",5,15,36,0.92,0.157078210854545
"brier",5,15,36,0.93,0.141132681709091
"brier",5,15,36,0.94,0.1227605977
"brier",5,15,36,0.95,0.103185014790909
"brier",5,15,36,0.96,0.0847093452363636
"brier",5,15,36,0.97,0.0709205082727273
"brier",5,15,36,0.98,0.0538494377909091
"brier",5,15,36,0.99,0.0381446880590909
"brier",5,15,36,0.995,0.0281012317045455
"brier",5,15,37,0.9,0.101755899522727
"brier",5,15,37,0.91,0.0915919620045455
"brier",5,15,37,0.92,0.0823343152681818
"brier",5,15,37,0.93,0.0693266747
"brier",5,15,37,0.94,0.0591900630227273
"brier",5,15,37,0.95,0.0500483168272727
"brier",5,15,37,0.96,0.04092468365
"brier",5,15,37,0.97,0.0304584696318182
"brier",5,15,37,0.98,0.0209094894772727
"brier",5,15,37,0.99,0.0109091081136364
"brier",5,15,37,0.995,0.00409090956818182
"brier",5,15,38,0.9,0.132013751872727
"brier",5,15,38,0.91,0.122859186872727
"brier",5,15,38,0.92,0.108326336959091
"brier",5,15,38,0.93,0.0961425531454545
"brier",5,15,38,0.94,0.0853182057454545
"brier",5,15,38,0.95,0.0713269009
"brier",5,15,38,0.96,0.0563102690863636
"brier",5,15,38,0.97,0.0424953204318182
"brier",5,15,38,0.98,0.0274394893681818
"brier",5,15,38,0.99,0.0135767885863636
"brier",5,15,38,0.995,0.0062007231
"brier",5,15,39,0.9,0.150529795804545
"brier",5,15,39,0.91,0.133941126386364
"brier",5,15,39,0.92,0.118372211186364
"brier",5,15,39,0.93,0.104050524427273
"brier",5,15,39,0.94,0.0885689653272727
"brier",5,15,39,0.95,0.0709371931045455
"brier",5,15,39,0.96,0.0537874737818182
"brier",5,15,39,0.97,0.0399934746681818
"brier",5,15,39,0.98,0.0214311724181818
"brier",5,15,39,0.99,0.0124895233227273
"brier",5,15,39,0.995,0.00546834701363636
"brier",5,15,40,0.9,0.153821911313636
"brier",5,15,40,0.91,0.139473112131818
"brier",5,15,40,0.92,0.127121034513636
"brier",5,15,40,0.93,0.114663852431818
"brier",5,15,40,0.94,0.0971585766727273
"brier",5,15,40,0.95,0.0836377006045455
"brier",5,15,40,0.96,0.0664592620454545
"brier",5,15,40,0.97,0.0519442490909091
"brier",5,15,40,0.98,0.0383102510909091
"brier",5,15,40,0.99,0.0210983232136364
"brier",5,15,40,0.995,0.0118863372772727
"brier",5,15,41,0.9,0.134182545668182
"brier",5,15,41,0.91,0.123935271972727
"brier",5,15,41,0.92,0.114088812459091
"brier",5,15,41,0.93,0.104184322918182
"brier",5,15,41,0.94,0.09296628405
"brier",5,15,41,0.95,0.07589296565
"brier",5,15,41,0.96,0.0595513112045455
"brier",5,15,41,0.97,0.0486292934045455
"brier",5,15,41,0.98,0.02946454595
"brier",5,15,41,0.99,0.00954545454545455
"brier",5,15,41,0.995,0.00363636363636364
"brier",5,15,42,0.9,0.118868261968182
"brier",5,15,42,0.91,0.104690827559091
"brier",5,15,42,0.92,0.0913782880045454
"brier",5,15,42,0.93,0.0764347597045455
"brier",5,15,42,0.94,0.0622415525363636
"brier",5,15,42,0.95,0.0508396006636364
"brier",5,15,42,0.96,0.0396932711863636
"brier",5,15,42,0.97,0.0288264322227273
"brier",5,15,42,0.98,0.0201557184454545
"brier",5,15,42,0.99,0.00820892599545455
"brier",5,15,42,0.995,0.00455000570909091
"brier",5,15,43,0.9,0.220136217572727
"brier",5,15,43,0.91,0.20609144145
"brier",5,15,43,0.92,0.192521437013636
"brier",5,15,43,0.93,0.17365976865
"brier",5,15,43,0.94,0.154425506636364
"brier",5,15,43,0.95,0.13564719885
"brier",5,15,43,0.96,0.115845103627273
"brier",5,15,43,0.97,0.0936860057545455
"brier",5,15,43,0.98,0.0693274442681818
"brier",5,15,43,0.99,0.0399494898045455
"brier",5,15,43,0.995,0.0205188127409091
"brier",5,15,44,0.9,0.206023042481818
"brier",5,15,44,0.91,0.194320142981818
"brier",5,15,44,0.92,0.183203498445455
"brier",5,15,44,0.93,0.1739379254
"brier",5,15,44,0.94,0.161239005577273
"brier",5,15,44,0.95,0.149589991354545
"brier",5,15,44,0.96,0.12828398875
"brier",5,15,44,0.97,0.1040253526
"brier",5,15,44,0.98,0.0772400439227273
"brier",5,15,44,0.99,0.0416450917363636
"brier",5,15,44,0.995,0.0211445701227273
"brier",5,15,45,0.9,0.213434557522727
"brier",5,15,45,0.91,0.19822509085
"brier",5,15,45,0.92,0.176897222786364
"brier",5,15,45,0.93,0.156725542181818
"brier",5,15,45,0.94,0.131204148381818
"brier",5,15,45,0.95,0.108929144018182
"brier",5,15,45,0.96,0.0898837055545455
"brier",5,15,45,0.97,0.0754316922136364
"brier",5,15,45,0.98,0.0521958257272727
"brier",5,15,45,0.99,0.0252168292090909
"brier",5,15,45,0.995,0.0131593208818182
"brier",5,15,46,0.9,0.142291413554545
"brier",5,15,46,0.91,0.127975399363636
"brier",5,15,46,0.92,0.113406718190909
"brier",5,15,46,0.93,0.0981602509772727
"brier",5,15,46,0.94,0.0844392802772727
"brier",5,15,46,0.95,0.0689750275181818
"brier",5,15,46,0.96,0.0544921244681818
"brier",5,15,46,0.97,0.0393647447227273
"brier",5,15,46,0.98,0.0233258375863636
"brier",5,15,46,0.99,0.0104150595590909
"brier",5,15,46,0.995,0.00685086861363636
"brier",5,15,47,0.9,0.169732187236364
"brier",5,15,47,0.91,0.156258765840909
"brier",5,15,47,0.92,0.143649678204545
"brier",5,15,47,0.93,0.132459008931818
"brier",5,15,47,0.94,0.117802160522727
"brier",5,15,47,0.95,0.100527133604545
"brier",5,15,47,0.96,0.0857265640590909
"brier",5,15,47,0.97,0.0663062224318182
"brier",5,15,47,0.98,0.0461298585045455
"brier",5,15,47,0.99,0.0213432516045455
"brier",5,15,47,0.995,0.0108559669818182
"brier",5,15,48,0.9,0.161930687772727
"brier",5,15,48,0.91,0.155710879159091
"brier",5,15,48,0.92,0.149408470463636
"brier",5,15,48,0.93,0.140532041631818
"brier",5,15,48,0.94,0.124894634172727
"brier",5,15,48,0.95,0.108481333409091
"brier",5,15,48,0.96,0.0807047317772727
"brier",5,15,48,0.97,0.0515537135454545
"brier",5,15,48,0.98,0.0300798507909091
"brier",5,15,48,0.99,0.0134903141727273
"brier",5,15,48,0.995,0.00684613325
"brier",5,15,49,0.9,0.190888895354545
"brier",5,15,49,0.91,0.166987000831818
"brier",5,15,49,0.92,0.144392934272727
"brier",5,15,49,0.93,0.118914643881818
"brier",5,15,49,0.94,0.0955967177227273
"brier",5,15,49,0.95,0.0723581404818182
"brier",5,15,49,0.96,0.0511018526363636
"brier",5,15,49,0.97,0.0313074466863636
"brier",5,15,49,0.98,0.0188544332363636
"brier",5,15,49,0.99,0.0100393145772727
"brier",5,15,49,0.995,0.00454633805454545
"brier",5,15,50,0.9,0.114797798327273
"brier",5,15,50,0.91,0.101765159836364
"brier",5,15,50,0.92,0.0892591777090909
"brier",5,15,50,0.93,0.0740664374863636
"brier",5,15,50,0.94,0.0615015924818182
"brier",5,15,50,0.95,0.0482241391590909
"brier",5,15,50,0.96,0.04045763515
"brier",5,15,50,0.97,0.030454687
"brier",5,15,50,0.98,0.0209090947318182
"brier",5,15,50,0.99,0.0131818182272727
"brier",5,15,50,0.995,0.00727272727727273
"brier",1,20,1,0.9,0.140796303909091
"brier",1,20,1,0.91,0.127987383209091
"brier",1,20,1,0.92,0.112975208290909
"brier",1,20,1,0.93,0.102333896304545
"brier",1,20,1,0.94,0.0921397307636364
"brier",1,20,1,0.95,0.0814306095863636
"brier",1,20,1,0.96,0.0713547406
"brier",1,20,1,0.97,0.0590688661545455
"brier",1,20,1,0.98,0.0433161143181818
"brier",1,20,1,0.99,0.0299921262772727
"brier",1,20,1,0.995,0.0217934676727273
"brier",1,20,2,0.9,0.173069053395455
"brier",1,20,2,0.91,0.155892545572727
"brier",1,20,2,0.92,0.140975588477273
"brier",1,20,2,0.93,0.122894407304545
"brier",1,20,2,0.94,0.105144310613636
"brier",1,20,2,0.95,0.0914288465272727
"brier",1,20,2,0.96,0.0758619778363636
"brier",1,20,2,0.97,0.0588495152454545
"brier",1,20,2,0.98,0.0460218140772727
"brier",1,20,2,0.99,0.0260623506863636
"brier",1,20,2,0.995,0.0133881901181818
"brier",1,20,3,0.9,0.102914868854545
"brier",1,20,3,0.91,0.0908298131090909
"brier",1,20,3,0.92,0.0795572764318182
"brier",1,20,3,0.93,0.0711211041545455
"brier",1,20,3,0.94,0.0628649869136364
"brier",1,20,3,0.95,0.0490374488363636
"brier",1,20,3,0.96,0.0391880994727273
"brier",1,20,3,0.97,0.0315007376818182
"brier",1,20,3,0.98,0.0184628275318182
"brier",1,20,3,0.99,0.0118577401090909
"brier",1,20,3,0.995,0.00633922199545455
"brier",1,20,4,0.9,0.199690462240909
"brier",1,20,4,0.91,0.18581933785
"brier",1,20,4,0.92,0.172596107895455
"brier",1,20,4,0.93,0.156565988827273
"brier",1,20,4,0.94,0.138585251409091
"brier",1,20,4,0.95,0.118565310904545
"brier",1,20,4,0.96,0.0961923068681818
"brier",1,20,4,0.97,0.0773447852727273
"brier",1,20,4,0.98,0.0554596657454545
"brier",1,20,4,0.99,0.0330807994136364
"brier",1,20,4,0.995,0.0194954469772727
"brier",1,20,5,0.9,0.111558495336364
"brier",1,20,5,0.91,0.106118770854545
"brier",1,20,5,0.92,0.0999292847636364
"brier",1,20,5,0.93,0.0937277796772727
"brier",1,20,5,0.94,0.0860592617590909
"brier",1,20,5,0.95,0.0800619623409091
"brier",1,20,5,0.96,0.0743090384318182
"brier",1,20,5,0.97,0.0629354731909091
"brier",1,20,5,0.98,0.0414634663045455
"brier",1,20,5,0.99,0.0174569616954545
"brier",1,20,5,0.995,0.00754787888636364
"brier",1,20,6,0.9,0.147436257804545
"brier",1,20,6,0.91,0.133513996659091
"brier",1,20,6,0.92,0.118443220604545
"brier",1,20,6,0.93,0.104704761709091
"brier",1,20,6,0.94,0.0893794698181818
"brier",1,20,6,0.95,0.0759332072090909
"brier",1,20,6,0.96,0.0638409099045455
"brier",1,20,6,0.97,0.0521924826409091
"brier",1,20,6,0.98,0.04264673655
"brier",1,20,6,0.99,0.0299020209318182
"brier",1,20,6,0.995,0.0248413253363636
"brier",1,20,7,0.9,0.173454181022727
"brier",1,20,7,0.91,0.157815666822727
"brier",1,20,7,0.92,0.1421777139
"brier",1,20,7,0.93,0.1252640794
"brier",1,20,7,0.94,0.114901765545455
"brier",1,20,7,0.95,0.100853447054545
"brier",1,20,7,0.96,0.0845254656181818
"brier",1,20,7,0.97,0.0702870804090909
"brier",1,20,7,0.98,0.0529761897909091
"brier",1,20,7,0.99,0.0363773531409091
"brier",1,20,7,0.995,0.0241029049227273
"brier",1,20,8,0.9,0.188724928481818
"brier",1,20,8,0.91,0.1723242613
"brier",1,20,8,0.92,0.156258125336364
"brier",1,20,8,0.93,0.145623141040909
"brier",1,20,8,0.94,0.132299031645455
"brier",1,20,8,0.95,0.117219976895455
"brier",1,20,8,0.96,0.100824638386364
"brier",1,20,8,0.97,0.0871368189681818
"brier",1,20,8,0.98,0.0701246374136364
"brier",1,20,8,0.99,0.0535791303681818
"brier",1,20,8,0.995,0.0430706599727273
"brier",1,20,9,0.9,0.113905727077273
"brier",1,20,9,0.91,0.0999898028818182
"brier",1,20,9,0.92,0.0878508399590909
"brier",1,20,9,0.93,0.0747515908136364
"brier",1,20,9,0.94,0.0644171996590909
"brier",1,20,9,0.95,0.0532515848909091
"brier",1,20,9,0.96,0.0430060788590909
"brier",1,20,9,0.97,0.0332738338545455
"brier",1,20,9,0.98,0.0209090927863636
"brier",1,20,9,0.99,0.00863636363636364
"brier",1,20,9,0.995,0.00545454545454545
"brier",1,20,10,0.9,0.1920714099
"brier",1,20,10,0.91,0.177650507040909
"brier",1,20,10,0.92,0.164163209281818
"brier",1,20,10,0.93,0.148143106340909
"brier",1,20,10,0.94,0.129996986709091
"brier",1,20,10,0.95,0.110217089113636
"brier",1,20,10,0.96,0.0897267122045455
"brier",1,20,10,0.97,0.0735349063590909
"brier",1,20,10,0.98,0.0526698412954545
"brier",1,20,10,0.99,0.0378890338772727
"brier",1,20,10,0.995,0.0258812625909091
"brier",1,20,11,0.9,0.134304003727273
"brier",1,20,11,0.91,0.117329375304545
"brier",1,20,11,0.92,0.100781946122727
"brier",1,20,11,0.93,0.0849534763772727
"brier",1,20,11,0.94,0.0702148438090909
"brier",1,20,11,0.95,0.0570972584590909
"brier",1,20,11,0.96,0.0451074327954545
"brier",1,20,11,0.97,0.0329657869227273
"brier",1,20,11,0.98,0.0237340054227273
"brier",1,20,11,0.99,0.0136997639227273
"brier",1,20,11,0.995,0.00702052849090909
"brier",1,20,12,0.9,0.147264005313636
"brier",1,20,12,0.91,0.135701240090909
"brier",1,20,12,0.92,0.124541449295455
"brier",1,20,12,0.93,0.114989736254545
"brier",1,20,12,0.94,0.105623973868182
"brier",1,20,12,0.95,0.098030343
"brier",1,20,12,0.96,0.0819621706363636
"brier",1,20,12,0.97,0.0606140315636364
"brier",1,20,12,0.98,0.0311417604636364
"brier",1,20,12,0.99,0.0101950111636364
"brier",1,20,12,0.995,0.00546113248181818
"brier",1,20,13,0.9,0.150741544481818
"brier",1,20,13,0.91,0.136298537304545
"brier",1,20,13,0.92,0.121393101822727
"brier",1,20,13,0.93,0.106367897686364
"brier",1,20,13,0.94,0.0947621415227273
"brier",1,20,13,0.95,0.0805896163545455
"brier",1,20,13,0.96,0.0666324058
"brier",1,20,13,0.97,0.0543503091363636
"brier",1,20,13,0.98,0.0432943264045455
"brier",1,20,13,0.99,0.0311549758954545
"brier",1,20,13,0.995,0.0229348513227273
"brier",1,20,14,0.9,0.207214965368182
"brier",1,20,14,0.91,0.193231756731818
"brier",1,20,14,0.92,0.179822347595455
"brier",1,20,14,0.93,0.163063279718182
"brier",1,20,14,0.94,0.147464203740909
"brier",1,20,14,0.95,0.12609853205
"brier",1,20,14,0.96,0.105552072759091
"brier",1,20,14,0.97,0.0881245051545455
"brier",1,20,14,0.98,0.0684631056
"brier",1,20,14,0.99,0.053916718
"brier",1,20,14,0.995,0.0452949136863636
"brier",1,20,15,0.9,0.169266613554545
"brier",1,20,15,0.91,0.143382064240909
"brier",1,20,15,0.92,0.117301949481818
"brier",1,20,15,0.93,0.0969436472409091
"brier",1,20,15,0.94,0.0756011407636364
"brier",1,20,15,0.95,0.0586720128772727
"brier",1,20,15,0.96,0.0462789338318182
"brier",1,20,15,0.97,0.0353143607909091
"brier",1,20,15,0.98,0.0369327015863636
"brier",1,20,15,0.99,0.0172458451363636
"brier",1,20,15,0.995,0.00831148434545455
"brier",1,20,16,0.9,0.226445857904545
"brier",1,20,16,0.91,0.216107484568182
"brier",1,20,16,0.92,0.200179874522727
"brier",1,20,16,0.93,0.182012224481818
"brier",1,20,16,0.94,0.162865274645455
"brier",1,20,16,0.95,0.137978137463636
"brier",1,20,16,0.96,0.109553006277273
"brier",1,20,16,0.97,0.0830272918454545
"brier",1,20,16,0.98,0.0472688681545455
"brier",1,20,16,0.99,0.0216982126590909
"brier",1,20,16,0.995,0.0116654103363636
"brier",1,20,17,0.9,0.110944241295455
"brier",1,20,17,0.91,0.0966877354545455
"brier",1,20,17,0.92,0.0795710685545455
"brier",1,20,17,0.93,0.0626270228454545
"brier",1,20,17,0.94,0.0466343936681818
"brier",1,20,17,0.95,0.0349052096954545
"brier",1,20,17,0.96,0.0270272573636364
"brier",1,20,17,0.97,0.0293429273590909
"brier",1,20,17,0.98,0.0303580972045455
"brier",1,20,17,0.99,0.0253438073727273
"brier",1,20,17,0.995,0.00945954514545455
"brier",1,20,18,0.9,0.174263705477273
"brier",1,20,18,0.91,0.158809166272727
"brier",1,20,18,0.92,0.142771111727273
"brier",1,20,18,0.93,0.123743634168182
"brier",1,20,18,0.94,0.10686689985
"brier",1,20,18,0.95,0.0919239908318182
"brier",1,20,18,0.96,0.0740488999227273
"brier",1,20,18,0.97,0.0548355583363636
"brier",1,20,18,0.98,0.0397565312954545
"brier",1,20,18,0.99,0.0206576881681818
"brier",1,20,18,0.995,0.0139796007227273
"brier",1,20,19,0.9,0.191607473363636
"brier",1,20,19,0.91,0.170149610513636
"brier",1,20,19,0.92,0.140853548054545
"brier",1,20,19,0.93,0.104918421109091
"brier",1,20,19,0.94,0.0751069073727273
"brier",1,20,19,0.95,0.0541399778
"brier",1,20,19,0.96,0.0395503329681818
"brier",1,20,19,0.97,0.0289404789
"brier",1,20,19,0.98,0.0209262405772727
"brier",1,20,19,0.99,0.0100000296636364
"brier",1,20,19,0.995,0.00500000005
"brier",1,20,20,0.9,0.0935731964818182
"brier",1,20,20,0.91,0.0822326414772727
"brier",1,20,20,0.92,0.0677866368772727
"brier",1,20,20,0.93,0.0552051896409091
"brier",1,20,20,0.94,0.0449322606772727
"brier",1,20,20,0.95,0.0329912855363636
"brier",1,20,20,0.96,0.0202548406181818
"brier",1,20,20,0.97,0.0119878422818182
"brier",1,20,20,0.98,0.00790820531363636
"brier",1,20,20,0.99,0.00432851720454545
"brier",1,20,20,0.995,0.00586878174090909
"brier",1,20,21,0.9,0.145574551195455
"brier",1,20,21,0.91,0.127488683281818
"brier",1,20,21,0.92,0.108886428431818
"brier",1,20,21,0.93,0.0942367500045455
"brier",1,20,21,0.94,0.0775983291227273
"brier",1,20,21,0.95,0.0614817708727273
"brier",1,20,21,0.96,0.0438974486272727
"brier",1,20,21,0.97,0.0295120589727273
"brier",1,20,21,0.98,0.0166510628681818
"brier",1,20,21,0.99,0.00916968173181818
"brier",1,20,21,0.995,0.00182315082272727
"brier",1,20,22,0.9,0.182972803677273
"brier",1,20,22,0.91,0.166892624718182
"brier",1,20,22,0.92,0.145810345445455
"brier",1,20,22,0.93,0.111490684540909
"brier",1,20,22,0.94,0.0740829166636364
"brier",1,20,22,0.95,0.0414946642045455
"brier",1,20,22,0.96,0.0342166092727273
"brier",1,20,22,0.97,0.0298277923727273
"brier",1,20,22,0.98,0.0222700020636364
"brier",1,20,22,0.99,0.00909090909090909
"brier",1,20,22,0.995,0.005
"brier",1,20,23,0.9,0.104605069272727
"brier",1,20,23,0.91,0.0969282541727273
"brier",1,20,23,0.92,0.0879191083409091
"brier",1,20,23,0.93,0.0792794582454545
"brier",1,20,23,0.94,0.0674033913727273
"brier",1,20,23,0.95,0.0582037924363636
"brier",1,20,23,0.96,0.04379136005
"brier",1,20,23,0.97,0.0310276330045455
"brier",1,20,23,0.98,0.0222558079954545
"brier",1,20,23,0.99,0.0104777811090909
"brier",1,20,23,0.995,0.00545595867272727
"brier",1,20,24,0.9,0.212706653468182
"brier",1,20,24,0.91,0.200858375527273
"brier",1,20,24,0.92,0.188376923281818
"brier",1,20,24,0.93,0.173513715686364
"brier",1,20,24,0.94,0.154261716445455
"brier",1,20,24,0.95,0.135821374727273
"brier",1,20,24,0.96,0.118899120145455
"brier",1,20,24,0.97,0.0978931197363636
"brier",1,20,24,0.98,0.0673240654227273
"brier",1,20,24,0.99,0.0367181195181818
"brier",1,20,24,0.995,0.0244951695727273
"brier",1,20,25,0.9,0.156829522645455
"brier",1,20,25,0.91,0.14475455175
"brier",1,20,25,0.92,0.128493037404545
"brier",1,20,25,0.93,0.113111070372727
"brier",1,20,25,0.94,0.100894920813636
"brier",1,20,25,0.95,0.0876235835454545
"brier",1,20,25,0.96,0.0748878901590909
"brier",1,20,25,0.97,0.0622348024090909
"brier",1,20,25,0.98,0.0467240245863636
"brier",1,20,25,0.99,0.0284284047136364
"brier",1,20,25,0.995,0.0148489835136364
"brier",1,20,26,0.9,0.168894055636364
"brier",1,20,26,0.91,0.15016139975
"brier",1,20,26,0.92,0.132231714240909
"brier",1,20,26,0.93,0.107724055686364
"brier",1,20,26,0.94,0.0831106187545455
"brier",1,20,26,0.95,0.0686024681772727
"brier",1,20,26,0.96,0.0504228857409091
"brier",1,20,26,0.97,0.0309090909363636
"brier",1,20,26,0.98,0.0190909090909091
"brier",1,20,26,0.99,0.00818181818181818
"brier",1,20,26,0.995,0.00454545454545455
"brier",1,20,27,0.9,0.2195832973
"brier",1,20,27,0.91,0.197913148136364
"brier",1,20,27,0.92,0.170667736331818
"brier",1,20,27,0.93,0.148047762504545
"brier",1,20,27,0.94,0.123355049781818
"brier",1,20,27,0.95,0.0993455135909091
"brier",1,20,27,0.96,0.0743991958318182
"brier",1,20,27,0.97,0.0559453466909091
"brier",1,20,27,0.98,0.0406103656909091
"brier",1,20,27,0.99,0.0322700040909091
"brier",1,20,27,0.995,0.0257878727954545
"brier",1,20,28,0.9,0.135497388477273
"brier",1,20,28,0.91,0.125069141763636
"brier",1,20,28,0.92,0.110994793240909
"brier",1,20,28,0.93,0.0972273504454546
"brier",1,20,28,0.94,0.0875688251318182
"brier",1,20,28,0.95,0.0774730282272727
"brier",1,20,28,0.96,0.0686413138272727
"brier",1,20,28,0.97,0.0549524100090909
"brier",1,20,28,0.98,0.0423061305045455
"brier",1,20,28,0.99,0.0275197496954545
"brier",1,20,28,0.995,0.0177154565409091
"brier",1,20,29,0.9,0.157327909013636
"brier",1,20,29,0.91,0.141613560595455
"brier",1,20,29,0.92,0.128955053609091
"brier",1,20,29,0.93,0.113448017209091
"brier",1,20,29,0.94,0.0999874289272727
"brier",1,20,29,0.95,0.0822796878727273
"brier",1,20,29,0.96,0.0660221258954545
"brier",1,20,29,0.97,0.0496170765863636
"brier",1,20,29,0.98,0.0378116189318182
"brier",1,20,29,0.99,0.0207995092818182
"brier",1,20,29,0.995,0.0100976572727273
"brier",1,20,30,0.9,0.142818755968182
"brier",1,20,30,0.91,0.125392504181818
"brier",1,20,30,0.92,0.106107934154545
"brier",1,20,30,0.93,0.0902616348590909
"brier",1,20,30,0.94,0.0737624134318182
"brier",1,20,30,0.95,0.0574336118818182
"brier",1,20,30,0.96,0.0433479356363636
"brier",1,20,30,0.97,0.0310911171454545
"brier",1,20,30,0.98,0.0201242883181818
"brier",1,20,30,0.99,0.00956280494090909
"brier",1,20,30,0.995,0.0027279125
"brier",1,20,31,0.9,0.179284270722727
"brier",1,20,31,0.91,0.171018935522727
"brier",1,20,31,0.92,0.157568867140909
"brier",1,20,31,0.93,0.143374559536364
"brier",1,20,31,0.94,0.128854538663636
"brier",1,20,31,0.95,0.115277175713636
"brier",1,20,31,0.96,0.09545721465
"brier",1,20,31,0.97,0.0782556598545455
"brier",1,20,31,0.98,0.0600767846318182
"brier",1,20,31,0.99,0.0420916611681818
"brier",1,20,31,0.995,0.0340721503
"brier",1,20,32,0.9,0.185805431895455
"brier",1,20,32,0.91,0.170268212431818
"brier",1,20,32,0.92,0.153152296227273
"brier",1,20,32,0.93,0.132556479495455
"brier",1,20,32,0.94,0.113983872363636
"brier",1,20,32,0.95,0.09534503045
"brier",1,20,32,0.96,0.0727174872272727
"brier",1,20,32,0.97,0.0440611808
"brier",1,20,32,0.98,0.0200421455227273
"brier",1,20,32,0.99,0.0109090909090909
"brier",1,20,32,0.995,0.00590909090909091
"brier",1,20,33,0.9,0.174664932340909
"brier",1,20,33,0.91,0.159320443613636
"brier",1,20,33,0.92,0.146369576604545
"brier",1,20,33,0.93,0.132274353645455
"brier",1,20,33,0.94,0.11487748815
"brier",1,20,33,0.95,0.0944155294136364
"brier",1,20,33,0.96,0.0721501699636364
"brier",1,20,33,0.97,0.0505236886636364
"brier",1,20,33,0.98,0.0205686771363636
"brier",1,20,33,0.99,0.0104545454590909
"brier",1,20,33,0.995,0.005
"brier",1,20,34,0.9,0.149303235313636
"brier",1,20,34,0.91,0.141298929418182
"brier",1,20,34,0.92,0.132260606290909
"brier",1,20,34,0.93,0.124974246904545
"brier",1,20,34,0.94,0.112691605477273
"brier",1,20,34,0.95,0.101500434813636
"brier",1,20,34,0.96,0.0863373522727273
"brier",1,20,34,0.97,0.0709063805590909
"brier",1,20,34,0.98,0.0530975495454545
"brier",1,20,34,0.99,0.0373682182590909
"brier",1,20,34,0.995,0.0238907583818182
"brier",1,20,35,0.9,0.165683666272727
"brier",1,20,35,0.91,0.153402027627273
"brier",1,20,35,0.92,0.142757863809091
"brier",1,20,35,0.93,0.12881215915
"brier",1,20,35,0.94,0.119006573513636
"brier",1,20,35,0.95,0.0994747120090909
"brier",1,20,35,0.96,0.0783938151863636
"brier",1,20,35,0.97,0.0584822894409091
"brier",1,20,35,0.98,0.036541145
"brier",1,20,35,0.99,0.0206466681045455
"brier",1,20,35,0.995,0.0130131000954545
"brier",1,20,36,0.9,0.186172251286364
"brier",1,20,36,0.91,0.170719013204545
"brier",1,20,36,0.92,0.153286594195455
"brier",1,20,36,0.93,0.137674075322727
"brier",1,20,36,0.94,0.119899560868182
"brier",1,20,36,0.95,0.102089985877273
"brier",1,20,36,0.96,0.0856921278363636
"brier",1,20,36,0.97,0.0719839685363636
"brier",1,20,36,0.98,0.0544396815545455
"brier",1,20,36,0.99,0.0394976474681818
"brier",1,20,36,0.995,0.0293674553727273
"brier",1,20,37,0.9,0.102065535718182
"brier",1,20,37,0.91,0.0918153140545455
"brier",1,20,37,0.92,0.0823729326681818
"brier",1,20,37,0.93,0.0692487080681818
"brier",1,20,37,0.94,0.0591217308045455
"brier",1,20,37,0.95,0.0500057541818182
"brier",1,20,37,0.96,0.0409094452681818
"brier",1,20,37,0.97,0.0304545533590909
"brier",1,20,37,0.98,0.0209090909136364
"brier",1,20,37,0.99,0.0109090909090909
"brier",1,20,37,0.995,0.00409090909090909
"brier",1,20,38,0.9,0.128313713186364
"brier",1,20,38,0.91,0.118842397890909
"brier",1,20,38,0.92,0.104264729281818
"brier",1,20,38,0.93,0.0922859918954545
"brier",1,20,38,0.94,0.0817116828954546
"brier",1,20,38,0.95,0.0683296858045455
"brier",1,20,38,0.96,0.0542228000272727
"brier",1,20,38,0.97,0.0411099941590909
"brier",1,20,38,0.98,0.0261439875409091
"brier",1,20,38,0.99,0.0128618559363636
"brier",1,20,38,0.995,0.00625012931363636
"brier",1,20,39,0.9,0.1536539043
"brier",1,20,39,0.91,0.136504030677273
"brier",1,20,39,0.92,0.120670883913636
"brier",1,20,39,0.93,0.105935313327273
"brier",1,20,39,0.94,0.0902760671818182
"brier",1,20,39,0.95,0.0727821555181818
"brier",1,20,39,0.96,0.0554528712409091
"brier",1,20,39,0.97,0.0412427243681818
"brier",1,20,39,0.98,0.0217781684863636
"brier",1,20,39,0.99,0.0122805423409091
"brier",1,20,39,0.995,0.00511148805454545
"brier",1,20,40,0.9,0.160002835531818
"brier",1,20,40,0.91,0.144584832290909
"brier",1,20,40,0.92,0.131770944404545
"brier",1,20,40,0.93,0.119167948868182
"brier",1,20,40,0.94,0.10102693185
"brier",1,20,40,0.95,0.0870316969590909
"brier",1,20,40,0.96,0.0691632607272727
"brier",1,20,40,0.97,0.0538765007090909
"brier",1,20,40,0.98,0.03934725675
"brier",1,20,40,0.99,0.0217240700090909
"brier",1,20,40,0.995,0.0129693959272727
"brier",1,20,41,0.9,0.133495334959091
"brier",1,20,41,0.91,0.12259772305
"brier",1,20,41,0.92,0.112353626731818
"brier",1,20,41,0.93,0.102143532827273
"brier",1,20,41,0.94,0.0915803497681818
"brier",1,20,41,0.95,0.0743397930590909
"brier",1,20,41,0.96,0.0593429305636364
"brier",1,20,41,0.97,0.0474570187954545
"brier",1,20,41,0.98,0.0283804388227273
"brier",1,20,41,0.99,0.00954545454545455
"brier",1,20,41,0.995,0.00363636363636364
"brier",1,20,42,0.9,0.118317754181818
"brier",1,20,42,0.91,0.104520148322727
"brier",1,20,42,0.92,0.0916844651409091
"brier",1,20,42,0.93,0.0771488793772727
"brier",1,20,42,0.94,0.0632677770818182
"brier",1,20,42,0.95,0.0519791894136364
"brier",1,20,42,0.96,0.0406370535227273
"brier",1,20,42,0.97,0.0293532899590909
"brier",1,20,42,0.98,0.0203452808363636
"brier",1,20,42,0.99,0.00821122954090909
"brier",1,20,42,0.995,0.00454639309545455
"brier",1,20,43,0.9,0.2279207034
"brier",1,20,43,0.91,0.213149587159091
"brier",1,20,43,0.92,0.198923288390909
"brier",1,20,43,0.93,0.178383116431818
"brier",1,20,43,0.94,0.158182532259091
"brier",1,20,43,0.95,0.139735977145455
"brier",1,20,43,0.96,0.120627340681818
"brier",1,20,43,0.97,0.0973354201
"brier",1,20,43,0.98,0.0693990692863636
"brier",1,20,43,0.99,0.0392855859090909
"brier",1,20,43,0.995,0.02105256485
"brier",1,20,44,0.9,0.202838183586364
"brier",1,20,44,0.91,0.191809052172727
"brier",1,20,44,0.92,0.181722443813636
"brier",1,20,44,0.93,0.172929037031818
"brier",1,20,44,0.94,0.161551169763636
"brier",1,20,44,0.95,0.151259799104545
"brier",1,20,44,0.96,0.131352368240909
"brier",1,20,44,0.97,0.107147379631818
"brier",1,20,44,0.98,0.0804607350227273
"brier",1,20,44,0.99,0.0448534949181818
"brier",1,20,44,0.995,0.0235650734590909
"brier",1,20,45,0.9,0.2111626854
"brier",1,20,45,0.91,0.196623533377273
"brier",1,20,45,0.92,0.176839432822727
"brier",1,20,45,0.93,0.158571296068182
"brier",1,20,45,0.94,0.135853622763636
"brier",1,20,45,0.95,0.115985607290909
"brier",1,20,45,0.96,0.0980499051727273
"brier",1,20,45,0.97,0.0829248537454546
"brier",1,20,45,0.98,0.0568243153818182
"brier",1,20,45,0.99,0.0259762203409091
"brier",1,20,45,0.995,0.0147102547909091
"brier",1,20,46,0.9,0.144694425813636
"brier",1,20,46,0.91,0.130043325709091
"brier",1,20,46,0.92,0.1159905169
"brier",1,20,46,0.93,0.100997348704545
"brier",1,20,46,0.94,0.0877192498272727
"brier",1,20,46,0.95,0.0718619167136364
"brier",1,20,46,0.96,0.0563751755090909
"brier",1,20,46,0.97,0.0402110096227273
"brier",1,20,46,0.98,0.0236949629909091
"brier",1,20,46,0.99,0.0101760799
"brier",1,20,46,0.995,0.00664471132272727
"brier",1,20,47,0.9,0.174684945445455
"brier",1,20,47,0.91,0.160695439581818
"brier",1,20,47,0.92,0.147860284272727
"brier",1,20,47,0.93,0.136123750363636
"brier",1,20,47,0.94,0.120395079359091
"brier",1,20,47,0.95,0.101453773686364
"brier",1,20,47,0.96,0.0846037501045455
"brier",1,20,47,0.97,0.0639730966681818
"brier",1,20,47,0.98,0.0447326187863636
"brier",1,20,47,0.99,0.0221701895636364
"brier",1,20,47,0.995,0.01136150065
"brier",1,20,48,0.9,0.160920796813636
"brier",1,20,48,0.91,0.154668877409091
"brier",1,20,48,0.92,0.148361346822727
"brier",1,20,48,0.93,0.139704701063636
"brier",1,20,48,0.94,0.125851839813636
"brier",1,20,48,0.95,0.111258203881818
"brier",1,20,48,0.96,0.0843379203772727
"brier",1,20,48,0.97,0.0564990210681818
"brier",1,20,48,0.98,0.0335798048
"brier",1,20,48,0.99,0.0137101073318182
"brier",1,20,48,0.995,0.00619246927272727
"brier",1,20,49,0.9,0.195090054640909
"brier",1,20,49,0.91,0.1713291702
"brier",1,20,49,0.92,0.148019228363636
"brier",1,20,49,0.93,0.121723920222727
"brier",1,20,49,0.94,0.09789861605
"brier",1,20,49,0.95,0.0748995557272727
"brier",1,20,49,0.96,0.0544717545954545
"brier",1,20,49,0.97,0.0341973064318182
"brier",1,20,49,0.98,0.0200193831636364
"brier",1,20,49,0.99,0.0100800613409091
"brier",1,20,49,0.995,0.00454571
"brier",1,20,50,0.9,0.120555883727273
"brier",1,20,50,0.91,0.107358268409091
"brier",1,20,50,0.92,0.0936967493954545
"brier",1,20,50,0.93,0.0754453777545454
"brier",1,20,50,0.94,0.0610570777954545
"brier",1,20,50,0.95,0.0481819821772727
"brier",1,20,50,0.96,0.0404545455181818
"brier",1,20,50,0.97,0.0304545454545455
"brier",1,20,50,0.98,0.0209090909090909
"brier",1,20,50,0.99,0.0131818181818182
"brier",1,20,50,0.995,0.00727272727272727
"brier",2,20,1,0.9,0.138028047909091
"brier",2,20,1,0.91,0.125433074190909
"brier",2,20,1,0.92,0.110650544736364
"brier",2,20,1,0.93,0.100135013136364
"brier",2,20,1,0.94,0.0899800065681818
"brier",2,20,1,0.95,0.0793905972409091
"brier",2,20,1,0.96,0.0692716336545455
"brier",2,20,1,0.97,0.0568488706181818
"brier",2,20,1,0.98,0.0409146414545455
"brier",2,20,1,0.99,0.0274859439
"brier",2,20,1,0.995,0.0193514660909091
"brier",2,20,2,0.9,0.171627127040909
"brier",2,20,2,0.91,0.154605869736364
"brier",2,20,2,0.92,0.13998461115
"brier",2,20,2,0.93,0.122126504536364
"brier",2,20,2,0.94,0.104631574895455
"brier",2,20,2,0.95,0.0911594704818182
"brier",2,20,2,0.96,0.0759162837863636
"brier",2,20,2,0.97,0.0587449630363636
"brier",2,20,2,0.98,0.0454856877227273
"brier",2,20,2,0.99,0.0253207492454545
"brier",2,20,2,0.995,0.0130253474954545
"brier",2,20,3,0.9,0.104038539604545
"brier",2,20,3,0.91,0.0917038874
"brier",2,20,3,0.92,0.0800242905227273
"brier",2,20,3,0.93,0.0712285491363636
"brier",2,20,3,0.94,0.0627609615545455
"brier",2,20,3,0.95,0.0488928256909091
"brier",2,20,3,0.96,0.0390670837090909
"brier",2,20,3,0.97,0.0313044694818182
"brier",2,20,3,0.98,0.0183836965181818
"brier",2,20,3,0.99,0.0117909452590909
"brier",2,20,3,0.995,0.0062535955
"brier",2,20,4,0.9,0.19957046635
"brier",2,20,4,0.91,0.185116659322727
"brier",2,20,4,0.92,0.171284159204545
"brier",2,20,4,0.93,0.154486530631818
"brier",2,20,4,0.94,0.135846833022727
"brier",2,20,4,0.95,0.115336574104545
"brier",2,20,4,0.96,0.0928316820318182
"brier",2,20,4,0.97,0.0741996393136364
"brier",2,20,4,0.98,0.0528767506681818
"brier",2,20,4,0.99,0.0311110025954545
"brier",2,20,4,0.995,0.0180537580636364
"brier",2,20,5,0.9,0.111837835740909
"brier",2,20,5,0.91,0.105941756886364
"brier",2,20,5,0.92,0.0993243974727273
"brier",2,20,5,0.93,0.0927216306045455
"brier",2,20,5,0.94,0.0846821850181818
"brier",2,20,5,0.95,0.0780721766227273
"brier",2,20,5,0.96,0.0707923598090909
"brier",2,20,5,0.97,0.0589849602090909
"brier",2,20,5,0.98,0.0390220195454545
"brier",2,20,5,0.99,0.0178893798227273
"brier",2,20,5,0.995,0.00840476084545455
"brier",2,20,6,0.9,0.143399300877273
"brier",2,20,6,0.91,0.129874068054545
"brier",2,20,6,0.92,0.115631788259091
"brier",2,20,6,0.93,0.103058579831818
"brier",2,20,6,0.94,0.0886722747681818
"brier",2,20,6,0.95,0.0760143345227273
"brier",2,20,6,0.96,0.0643746795681818
"brier",2,20,6,0.97,0.0527843322954545
"brier",2,20,6,0.98,0.0428217035727273
"brier",2,20,6,0.99,0.0291082438590909
"brier",2,20,6,0.995,0.0233065106136364
"brier",2,20,7,0.9,0.172794051195455
"brier",2,20,7,0.91,0.156712187290909
"brier",2,20,7,0.92,0.141047217545455
"brier",2,20,7,0.93,0.123760259331818
"brier",2,20,7,0.94,0.112859674672727
"brier",2,20,7,0.95,0.0983574246909091
"brier",2,20,7,0.96,0.0813785519681818
"brier",2,20,7,0.97,0.0665280131136364
"brier",2,20,7,0.98,0.0486337735318182
"brier",2,20,7,0.99,0.0323873631090909
"brier",2,20,7,0.995,0.0207416812045455
"brier",2,20,8,0.9,0.184828583609091
"brier",2,20,8,0.91,0.168486314481818
"brier",2,20,8,0.92,0.15250627675
"brier",2,20,8,0.93,0.142311091695455
"brier",2,20,8,0.94,0.129354799690909
"brier",2,20,8,0.95,0.114950889768182
"brier",2,20,8,0.96,0.0992724591590909
"brier",2,20,8,0.97,0.0862275428090909
"brier",2,20,8,0.98,0.0699231355954545
"brier",2,20,8,0.99,0.0537638594090909
"brier",2,20,8,0.995,0.0430211605727273
"brier",2,20,9,0.9,0.111383090368182
"brier",2,20,9,0.91,0.0980544876090909
"brier",2,20,9,0.92,0.0864823278772727
"brier",2,20,9,0.93,0.0739017085181818
"brier",2,20,9,0.94,0.0639700136590909
"brier",2,20,9,0.95,0.0532819668272727
"brier",2,20,9,0.96,0.0433486505045455
"brier",2,20,9,0.97,0.0336127525181818
"brier",2,20,9,0.98,0.0209268337
"brier",2,20,9,0.99,0.00863636615454545
"brier",2,20,9,0.995,0.00545454545454545
"brier",2,20,10,0.9,0.187707391072727
"brier",2,20,10,0.91,0.173675352868182
"brier",2,20,10,0.92,0.160792506795455
"brier",2,20,10,0.93,0.144617511686364
"brier",2,20,10,0.94,0.126543679340909
"brier",2,20,10,0.95,0.106520698731818
"brier",2,20,10,0.96,0.0863298835909091
"brier",2,20,10,0.97,0.0696249990181818
"brier",2,20,10,0.98,0.0497442802636364
"brier",2,20,10,0.99,0.0358610707954545
"brier",2,20,10,0.995,0.0243672828227273
"brier",2,20,11,0.9,0.132072413668182
"brier",2,20,11,0.91,0.115768846531818
"brier",2,20,11,0.92,0.0996694763727273
"brier",2,20,11,0.93,0.0842983829136364
"brier",2,20,11,0.94,0.0699937826909091
"brier",2,20,11,0.95,0.0572444284636364
"brier",2,20,11,0.96,0.0453678044818182
"brier",2,20,11,0.97,0.0331396508772727
"brier",2,20,11,0.98,0.0238549936954545
"brier",2,20,11,0.99,0.0138045529
"brier",2,20,11,0.995,0.00710715127727273
"brier",2,20,12,0.9,0.148336986168182
"brier",2,20,12,0.91,0.135984296386364
"brier",2,20,12,0.92,0.123607082204545
"brier",2,20,12,0.93,0.113330245604545
"brier",2,20,12,0.94,0.103733953618182
"brier",2,20,12,0.95,0.0958055546181818
"brier",2,20,12,0.96,0.0790821121
"brier",2,20,12,0.97,0.0568335059954545
"brier",2,20,12,0.98,0.0291353128272727
"brier",2,20,12,0.99,0.0107493770954545
"brier",2,20,12,0.995,0.00563724469545455
"brier",2,20,13,0.9,0.150157108931818
"brier",2,20,13,0.91,0.1360610633
"brier",2,20,13,0.92,0.12157955445
"brier",2,20,13,0.93,0.106636193504545
"brier",2,20,13,0.94,0.09507101605
"brier",2,20,13,0.95,0.0810142195181818
"brier",2,20,13,0.96,0.0670105458954545
"brier",2,20,13,0.97,0.0545883728409091
"brier",2,20,13,0.98,0.0433398977909091
"brier",2,20,13,0.99,0.0308316960681818
"brier",2,20,13,0.995,0.0223479770772727
"brier",2,20,14,0.9,0.207166542963636
"brier",2,20,14,0.91,0.193928522881818
"brier",2,20,14,0.92,0.181275095086364
"brier",2,20,14,0.93,0.165151057127273
"brier",2,20,14,0.94,0.149129909709091
"brier",2,20,14,0.95,0.126202451204545
"brier",2,20,14,0.96,0.103290386936364
"brier",2,20,14,0.97,0.0847406364772727
"brier",2,20,14,0.98,0.0652907459272727
"brier",2,20,14,0.99,0.0511396089045455
"brier",2,20,14,0.995,0.0426241864636364
"brier",2,20,15,0.9,0.171148541713636
"brier",2,20,15,0.91,0.144119002609091
"brier",2,20,15,0.92,0.117681743613636
"brier",2,20,15,0.93,0.0970016937818182
"brier",2,20,15,0.94,0.0757679293409091
"brier",2,20,15,0.95,0.0588099020045455
"brier",2,20,15,0.96,0.0461971717
"brier",2,20,15,0.97,0.0350197825272727
"brier",2,20,15,0.98,0.0347220826045455
"brier",2,20,15,0.99,0.0159574056681818
"brier",2,20,15,0.995,0.00820919233636364
"brier",2,20,16,0.9,0.225393190495455
"brier",2,20,16,0.91,0.214260913259091
"brier",2,20,16,0.92,0.197062797659091
"brier",2,20,16,0.93,0.178403511122727
"brier",2,20,16,0.94,0.158018443554545
"brier",2,20,16,0.95,0.133133368331818
"brier",2,20,16,0.96,0.105212164981818
"brier",2,20,16,0.97,0.0802297093863636
"brier",2,20,16,0.98,0.0461960786909091
"brier",2,20,16,0.99,0.0220114953181818
"brier",2,20,16,0.995,0.0123056521727273
"brier",2,20,17,0.9,0.110704544540909
"brier",2,20,17,0.91,0.0957156023863636
"brier",2,20,17,0.92,0.0783607831272727
"brier",2,20,17,0.93,0.0615046751545455
"brier",2,20,17,0.94,0.0460097142181818
"brier",2,20,17,0.95,0.0347729895
"brier",2,20,17,0.96,0.0270509253681818
"brier",2,20,17,0.97,0.0292066329727273
"brier",2,20,17,0.98,0.0294581745181818
"brier",2,20,17,0.99,0.0235092443545455
"brier",2,20,17,0.995,0.00905834815909091
"brier",2,20,18,0.9,0.174721477672727
"brier",2,20,18,0.91,0.158476854490909
"brier",2,20,18,0.92,0.141744903722727
"brier",2,20,18,0.93,0.122197544740909
"brier",2,20,18,0.94,0.104996557068182
"brier",2,20,18,0.95,0.0900433447818182
"brier",2,20,18,0.96,0.0723327654318182
"brier",2,20,18,0.97,0.0535599634863636
"brier",2,20,18,0.98,0.03886651065
"brier",2,20,18,0.99,0.0191977608909091
"brier",2,20,18,0.995,0.0122992286363636
"brier",2,20,19,0.9,0.189249125495455
"brier",2,20,19,0.91,0.168096320827273
"brier",2,20,19,0.92,0.139283599590909
"brier",2,20,19,0.93,0.1040981044
"brier",2,20,19,0.94,0.0746819082
"brier",2,20,19,0.95,0.0540912187772727
"brier",2,20,19,0.96,0.0397097125454545
"brier",2,20,19,0.97,0.0290346863090909
"brier",2,20,19,0.98,0.0209456800227273
"brier",2,20,19,0.99,0.0100003967181818
"brier",2,20,19,0.995,0.00500000160454545
"brier",2,20,20,0.9,0.0922673301681818
"brier",2,20,20,0.91,0.0808967064818182
"brier",2,20,20,0.92,0.0665695891590909
"brier",2,20,20,0.93,0.0541782544636364
"brier",2,20,20,0.94,0.0441089089636364
"brier",2,20,20,0.95,0.0324520714363636
"brier",2,20,20,0.96,0.0199312953636364
"brier",2,20,20,0.97,0.0121129280363636
"brier",2,20,20,0.98,0.00792317494090909
"brier",2,20,20,0.99,0.00379747332727273
"brier",2,20,20,0.995,0.00462868937272727
"brier",2,20,21,0.9,0.146933462495455
"brier",2,20,21,0.91,0.128374588372727
"brier",2,20,21,0.92,0.1092210639
"brier",2,20,21,0.93,0.0943049927636364
"brier",2,20,21,0.94,0.0776165824363636
"brier",2,20,21,0.95,0.0612195850272727
"brier",2,20,21,0.96,0.0436428649909091
"brier",2,20,21,0.97,0.0293916937863636
"brier",2,20,21,0.98,0.0166679973909091
"brier",2,20,21,0.99,0.00921136901818182
"brier",2,20,21,0.995,0.00183954030909091
"brier",2,20,22,0.9,0.178228290340909
"brier",2,20,22,0.91,0.16242554755
"brier",2,20,22,0.92,0.142472684722727
"brier",2,20,22,0.93,0.110327063627273
"brier",2,20,22,0.94,0.0745740768409091
"brier",2,20,22,0.95,0.0427340649818182
"brier",2,20,22,0.96,0.0351217916045455
"brier",2,20,22,0.97,0.0299254546727273
"brier",2,20,22,0.98,0.0222726395045455
"brier",2,20,22,0.99,0.00909090915909091
"brier",2,20,22,0.995,0.00500000000909091
"brier",2,20,23,0.9,0.102503294622727
"brier",2,20,23,0.91,0.0954388026
"brier",2,20,23,0.92,0.0871456728727273
"brier",2,20,23,0.93,0.0788974003272727
"brier",2,20,23,0.94,0.0672280609181818
"brier",2,20,23,0.95,0.0582618603727273
"brier",2,20,23,0.96,0.0438272959863636
"brier",2,20,23,0.97,0.0311727786181818
"brier",2,20,23,0.98,0.0224201148590909
"brier",2,20,23,0.99,0.0105324348136364
"brier",2,20,23,0.995,0.00546744150909091
"brier",2,20,24,0.9,0.210359867777273
"brier",2,20,24,0.91,0.198687805559091
"brier",2,20,24,0.92,0.186523431186364
"brier",2,20,24,0.93,0.172158561140909
"brier",2,20,24,0.94,0.153294928854545
"brier",2,20,24,0.95,0.135031376386364
"brier",2,20,24,0.96,0.118386403354545
"brier",2,20,24,0.97,0.0976273354590909
"brier",2,20,24,0.98,0.0670528164727273
"brier",2,20,24,0.99,0.0356466007409091
"brier",2,20,24,0.995,0.0226407554090909
"brier",2,20,25,0.9,0.154083656604545
"brier",2,20,25,0.91,0.141291546268182
"brier",2,20,25,0.92,0.124973227631818
"brier",2,20,25,0.93,0.109711525027273
"brier",2,20,25,0.94,0.0974818930363636
"brier",2,20,25,0.95,0.0841965900636364
"brier",2,20,25,0.96,0.0713082033454545
"brier",2,20,25,0.97,0.0580701310818182
"brier",2,20,25,0.98,0.0434114708636364
"brier",2,20,25,0.99,0.0268010060227273
"brier",2,20,25,0.995,0.0136694576681818
"brier",2,20,26,0.9,0.171163704095455
"brier",2,20,26,0.91,0.151891198218182
"brier",2,20,26,0.92,0.133487647077273
"brier",2,20,26,0.93,0.108364427672727
"brier",2,20,26,0.94,0.0825734368272727
"brier",2,20,26,0.95,0.0674398235681818
"brier",2,20,26,0.96,0.0494708319772727
"brier",2,20,26,0.97,0.0309091505772727
"brier",2,20,26,0.98,0.0190909090954545
"brier",2,20,26,0.99,0.00818181818181818
"brier",2,20,26,0.995,0.00454545454545455
"brier",2,20,27,0.9,0.216246714563636
"brier",2,20,27,0.91,0.194916344463636
"brier",2,20,27,0.92,0.167392190781818
"brier",2,20,27,0.93,0.144316370563636
"brier",2,20,27,0.94,0.119495401509091
"brier",2,20,27,0.95,0.0963268097136364
"brier",2,20,27,0.96,0.0731618206045455
"brier",2,20,27,0.97,0.0561173136272727
"brier",2,20,27,0.98,0.0408356537954545
"brier",2,20,27,0.99,0.0321026100863636
"brier",2,20,27,0.995,0.0251320850363636
"brier",2,20,28,0.9,0.133345219786364
"brier",2,20,28,0.91,0.123022584704545
"brier",2,20,28,0.92,0.1091133343
"brier",2,20,28,0.93,0.0955508947545455
"brier",2,20,28,0.94,0.0860542899318182
"brier",2,20,28,0.95,0.0760816390545455
"brier",2,20,28,0.96,0.0673718088863636
"brier",2,20,28,0.97,0.0538598803727273
"brier",2,20,28,0.98,0.0414780741272727
"brier",2,20,28,0.99,0.0268608213772727
"brier",2,20,28,0.995,0.01692726965
"brier",2,20,29,0.9,0.156327004336364
"brier",2,20,29,0.91,0.140649723186364
"brier",2,20,29,0.92,0.128010945068182
"brier",2,20,29,0.93,0.112530349395455
"brier",2,20,29,0.94,0.0989920705954545
"brier",2,20,29,0.95,0.0813516345
"brier",2,20,29,0.96,0.0657208149227273
"brier",2,20,29,0.97,0.0494824906272727
"brier",2,20,29,0.98,0.0372644527954545
"brier",2,20,29,0.99,0.0205074044818182
"brier",2,20,29,0.995,0.0102318209090909
"brier",2,20,30,0.9,0.141171794104545
"brier",2,20,30,0.91,0.123913611904545
"brier",2,20,30,0.92,0.105008262845455
"brier",2,20,30,0.93,0.0894413227545455
"brier",2,20,30,0.94,0.0734399987227273
"brier",2,20,30,0.95,0.0574929183181818
"brier",2,20,30,0.96,0.0435593613545455
"brier",2,20,30,0.97,0.0312994319863636
"brier",2,20,30,0.98,0.0202230155045455
"brier",2,20,30,0.99,0.00959177163636364
"brier",2,20,30,0.995,0.0027313681
"brier",2,20,31,0.9,0.174385012222727
"brier",2,20,31,0.91,0.166439422995455
"brier",2,20,31,0.92,0.153746279290909
"brier",2,20,31,0.93,0.139916053231818
"brier",2,20,31,0.94,0.126185860172727
"brier",2,20,31,0.95,0.113398122618182
"brier",2,20,31,0.96,0.0943171878590909
"brier",2,20,31,0.97,0.0772747082227273
"brier",2,20,31,0.98,0.0587309075409091
"brier",2,20,31,0.99,0.0403618568363636
"brier",2,20,31,0.995,0.0321022451318182
"brier",2,20,32,0.9,0.182913578413636
"brier",2,20,32,0.91,0.167115927822727
"brier",2,20,32,0.92,0.149805411895455
"brier",2,20,32,0.93,0.129144963663636
"brier",2,20,32,0.94,0.110849818659091
"brier",2,20,32,0.95,0.0925455980272727
"brier",2,20,32,0.96,0.0707714703545455
"brier",2,20,32,0.97,0.0439094581636364
"brier",2,20,32,0.98,0.0201156687409091
"brier",2,20,32,0.99,0.0109090910090909
"brier",2,20,32,0.995,0.00590909091363636
"brier",2,20,33,0.9,0.171878189140909
"brier",2,20,33,0.91,0.156729377831818
"brier",2,20,33,0.92,0.143801382054545
"brier",2,20,33,0.93,0.129802768186364
"brier",2,20,33,0.94,0.112531902963636
"brier",2,20,33,0.95,0.0922688667909091
"brier",2,20,33,0.96,0.0704519977272727
"brier",2,20,33,0.97,0.0497523339454545
"brier",2,20,33,0.98,0.0206173217954545
"brier",2,20,33,0.99,0.0104545454818182
"brier",2,20,33,0.995,0.005
"brier",2,20,34,0.9,0.147477077909091
"brier",2,20,34,0.91,0.139306363704545
"brier",2,20,34,0.92,0.130352835659091
"brier",2,20,34,0.93,0.122985191731818
"brier",2,20,34,0.94,0.110615868213636
"brier",2,20,34,0.95,0.0997102646590909
"brier",2,20,34,0.96,0.0848090778318182
"brier",2,20,34,0.97,0.0697902181727273
"brier",2,20,34,0.98,0.0512839478772727
"brier",2,20,34,0.99,0.0347091762727273
"brier",2,20,34,0.995,0.0214216115818182
"brier",2,20,35,0.9,0.166271911722727
"brier",2,20,35,0.91,0.154310307954545
"brier",2,20,35,0.92,0.144136613354545
"brier",2,20,35,0.93,0.130591271822727
"brier",2,20,35,0.94,0.120877094013636
"brier",2,20,35,0.95,0.101125741422727
"brier",2,20,35,0.96,0.0788295774954546
"brier",2,20,35,0.97,0.0564914930454545
"brier",2,20,35,0.98,0.0334229466954545
"brier",2,20,35,0.99,0.019022272
"brier",2,20,35,0.995,0.0123098355181818
"brier",2,20,36,0.9,0.184695326718182
"brier",2,20,36,0.91,0.169353427804545
"brier",2,20,36,0.92,0.152118966145455
"brier",2,20,36,0.93,0.136222585854545
"brier",2,20,36,0.94,0.118324908627273
"brier",2,20,36,0.95,0.100335791072727
"brier",2,20,36,0.96,0.0835947209636364
"brier",2,20,36,0.97,0.0696523786454546
"brier",2,20,36,0.98,0.0520443416863636
"brier",2,20,36,0.99,0.0369353526681818
"brier",2,20,36,0.995,0.02661809725
"brier",2,20,37,0.9,0.102362301668182
"brier",2,20,37,0.91,0.0920928723545455
"brier",2,20,37,0.92,0.0825495397
"brier",2,20,37,0.93,0.0693730751681818
"brier",2,20,37,0.94,0.0591985957227273
"brier",2,20,37,0.95,0.0500497404818182
"brier",2,20,37,0.96,0.0409251620409091
"brier",2,20,37,0.97,0.0304583152909091
"brier",2,20,37,0.98,0.0209094427545455
"brier",2,20,37,0.99,0.0109091002272727
"brier",2,20,37,0.995,0.00409090941363636
"brier",2,20,38,0.9,0.129466992804545
"brier",2,20,38,0.91,0.11987863275
"brier",2,20,38,0.92,0.105319448259091
"brier",2,20,38,0.93,0.0933544591818182
"brier",2,20,38,0.94,0.0825172181409091
"brier",2,20,38,0.95,0.0686318376863636
"brier",2,20,38,0.96,0.0538445619227273
"brier",2,20,38,0.97,0.0402235494681818
"brier",2,20,38,0.98,0.0252839275772727
"brier",2,20,38,0.99,0.0127416292090909
"brier",2,20,38,0.995,0.00643274598181818
"brier",2,20,39,0.9,0.150570150968182
"brier",2,20,39,0.91,0.133650533172727
"brier",2,20,39,0.92,0.117881517904545
"brier",2,20,39,0.93,0.103587477709091
"brier",2,20,39,0.94,0.0884596934727273
"brier",2,20,39,0.95,0.0715760002409091
"brier",2,20,39,0.96,0.0547708879818182
"brier",2,20,39,0.97,0.0408870026454545
"brier",2,20,39,0.98,0.0218508054045455
"brier",2,20,39,0.99,0.0126005860272727
"brier",2,20,39,0.995,0.00539787178181818
"brier",2,20,40,0.9,0.156201706513636
"brier",2,20,40,0.91,0.1417638922
"brier",2,20,40,0.92,0.129630298231818
"brier",2,20,40,0.93,0.117406108736364
"brier",2,20,40,0.94,0.0995815529227273
"brier",2,20,40,0.95,0.0855763023
"brier",2,20,40,0.96,0.0677444390727273
"brier",2,20,40,0.97,0.0524968817227273
"brier",2,20,40,0.98,0.0380659109681818
"brier",2,20,40,0.99,0.0209482087318182
"brier",2,20,40,0.995,0.0126452984772727
"brier",2,20,41,0.9,0.133631948
"brier",2,20,41,0.91,0.122732816831818
"brier",2,20,41,0.92,0.112429094731818
"brier",2,20,41,0.93,0.102325502654545
"brier",2,20,41,0.94,0.0915709760272727
"brier",2,20,41,0.95,0.0742452195909091
"brier",2,20,41,0.96,0.0592092181909091
"brier",2,20,41,0.97,0.0464103153045455
"brier",2,20,41,0.98,0.0271186897318182
"brier",2,20,41,0.99,0.00954545460909091
"brier",2,20,41,0.995,0.00363636363636364
"brier",2,20,42,0.9,0.118159229986364
"brier",2,20,42,0.91,0.104331503095455
"brier",2,20,42,0.92,0.0913464366136364
"brier",2,20,42,0.93,0.0768075115090909
"brier",2,20,42,0.94,0.0628064757636364
"brier",2,20,42,0.95,0.0515318622227273
"brier",2,20,42,0.96,0.0402262159863636
"brier",2,20,42,0.97,0.0290715276545455
"brier",2,20,42,0.98,0.0201974113636364
"brier",2,20,42,0.99,0.00820029255
"brier",2,20,42,0.995,0.00455087225909091
"brier",2,20,43,0.9,0.223419833395455
"brier",2,20,43,0.91,0.208728106118182
"brier",2,20,43,0.92,0.1946487196
"brier",2,20,43,0.93,0.174619011145455
"brier",2,20,43,0.94,0.154862212686364
"brier",2,20,43,0.95,0.136400266959091
"brier",2,20,43,0.96,0.117197155545455
"brier",2,20,43,0.97,0.0943748396590909
"brier",2,20,43,0.98,0.0683618655636364
"brier",2,20,43,0.99,0.0398570745545455
"brier",2,20,43,0.995,0.0214478473772727
"brier",2,20,44,0.9,0.203124414540909
"brier",2,20,44,0.91,0.192533058709091
"brier",2,20,44,0.92,0.182566242677273
"brier",2,20,44,0.93,0.174072551959091
"brier",2,20,44,0.94,0.162550644936364
"brier",2,20,44,0.95,0.151863831504545
"brier",2,20,44,0.96,0.131760636131818
"brier",2,20,44,0.97,0.107430958190909
"brier",2,20,44,0.98,0.0804437579863636
"brier",2,20,44,0.99,0.0444969992636364
"brier",2,20,44,0.995,0.0235721725
"brier",2,20,45,0.9,0.210244995731818
"brier",2,20,45,0.91,0.19535309285
"brier",2,20,45,0.92,0.174882194422727
"brier",2,20,45,0.93,0.155878364504545
"brier",2,20,45,0.94,0.131935985618182
"brier",2,20,45,0.95,0.110852116477273
"brier",2,20,45,0.96,0.0923716566909091
"brier",2,20,45,0.97,0.0773059536727273
"brier",2,20,45,0.98,0.05203935885
"brier",2,20,45,0.99,0.0240430999045455
"brier",2,20,45,0.995,0.0134017227954545
"brier",2,20,46,0.9,0.1366045633
"brier",2,20,46,0.91,0.122385088409091
"brier",2,20,46,0.92,0.1090631524
"brier",2,20,46,0.93,0.0953119631863636
"brier",2,20,46,0.94,0.0835268886681818
"brier",2,20,46,0.95,0.06910166395
"brier",2,20,46,0.96,0.0548740200454545
"brier",2,20,46,0.97,0.0397439085636364
"brier",2,20,46,0.98,0.0238974410045455
"brier",2,20,46,0.99,0.0105696726045455
"brier",2,20,46,0.995,0.00697646280909091
"brier",2,20,47,0.9,0.171871143809091
"brier",2,20,47,0.91,0.158044681159091
"brier",2,20,47,0.92,0.145513312413636
"brier",2,20,47,0.93,0.134151768490909
"brier",2,20,47,0.94,0.118952564195455
"brier",2,20,47,0.95,0.100615865790909
"brier",2,20,47,0.96,0.0840152862
"brier",2,20,47,0.97,0.0633114140136364
"brier",2,20,47,0.98,0.0438900107318182
"brier",2,20,47,0.99,0.0214805738045455
"brier",2,20,47,0.995,0.0110175405636364
"brier",2,20,48,0.9,0.16684864635
"brier",2,20,48,0.91,0.1599659993
"brier",2,20,48,0.92,0.153532166554545
"brier",2,20,48,0.93,0.143880188772727
"brier",2,20,48,0.94,0.12789971365
"brier",2,20,48,0.95,0.1096802084
"brier",2,20,48,0.96,0.0792158973909091
"brier",2,20,48,0.97,0.0522537084681818
"brier",2,20,48,0.98,0.0319828534863636
"brier",2,20,48,0.99,0.0141821683
"brier",2,20,48,0.995,0.00703716040454545
"brier",2,20,49,0.9,0.192471737704545
"brier",2,20,49,0.91,0.168473809804545
"brier",2,20,49,0.92,0.145416132022727
"brier",2,20,49,0.93,0.119748906290909
"brier",2,20,49,0.94,0.0965113808272727
"brier",2,20,49,0.95,0.0741346153318182
"brier",2,20,49,0.96,0.0542303048909091
"brier",2,20,49,0.97,0.0343260019090909
"brier",2,20,49,0.98,0.0202660904318182
"brier",2,20,49,0.99,0.0101357011954545
"brier",2,20,49,0.995,0.00454713050454545
"brier",2,20,50,0.9,0.115196923068182
"brier",2,20,50,0.91,0.102846621781818
"brier",2,20,50,0.92,0.0909065390090909
"brier",2,20,50,0.93,0.0753118350136364
"brier",2,20,50,0.94,0.0615506034181818
"brier",2,20,50,0.95,0.0482148477954545
"brier",2,20,50,0.96,0.0404559925409091
"brier",2,20,50,0.97,0.0304545675909091
"brier",2,20,50,0.98,0.0209090911818182
"brier",2,20,50,0.99,0.0131818181818182
"brier",2,20,50,0.995,0.00727272727272727
"brier",3,20,1,0.9,0.136968230486364
"brier",3,20,1,0.91,0.124418427154545
"brier",3,20,1,0.92,0.109737169681818
"brier",3,20,1,0.93,0.0992522389409091
"brier",3,20,1,0.94,0.0891312227227273
"brier",3,20,1,0.95,0.0786291017363636
"brier",3,20,1,0.96,0.0685695652363636
"brier",3,20,1,0.97,0.0562202807954545
"brier",3,20,1,0.98,0.0403760859590909
"brier",3,20,1,0.99,0.0270084133318182
"brier",3,20,1,0.995,0.0189169390181818
"brier",3,20,2,0.9,0.170896483854545
"brier",3,20,2,0.91,0.153936808513636
"brier",3,20,2,0.92,0.139384171668182
"brier",3,20,2,0.93,0.121667642863636
"brier",3,20,2,0.94,0.104251438368182
"brier",3,20,2,0.95,0.0907105995772727
"brier",3,20,2,0.96,0.07525772835
"brier",3,20,2,0.97,0.0580245200909091
"brier",3,20,2,0.98,0.0448565228681818
"brier",3,20,2,0.99,0.0249767026454545
"brier",3,20,2,0.995,0.01282994975
"brier",3,20,3,0.9,0.103429276045455
"brier",3,20,3,0.91,0.0910625665818182
"brier",3,20,3,0.92,0.0794175464090909
"brier",3,20,3,0.93,0.0708606663363636
"brier",3,20,3,0.94,0.0625336055227273
"brier",3,20,3,0.95,0.04872780445
"brier",3,20,3,0.96,0.0389389729727273
"brier",3,20,3,0.97,0.0313434513727273
"brier",3,20,3,0.98,0.0184103771681818
"brier",3,20,3,0.99,0.0117696074318182
"brier",3,20,3,0.995,0.00619771171818182
"brier",3,20,4,0.9,0.198046975013636
"brier",3,20,4,0.91,0.183728728590909
"brier",3,20,4,0.92,0.1700989058
"brier",3,20,4,0.93,0.153468806409091
"brier",3,20,4,0.94,0.135049278422727
"brier",3,20,4,0.95,0.114773170427273
"brier",3,20,4,0.96,0.0925306127318182
"brier",3,20,4,0.97,0.0741027617863636
"brier",3,20,4,0.98,0.05291832945
"brier",3,20,4,0.99,0.0311224163454545
"brier",3,20,4,0.995,0.0180553539590909
"brier",3,20,5,0.9,0.110465612586364
"brier",3,20,5,0.91,0.104889755231818
"brier",3,20,5,0.92,0.0985170127272727
"brier",3,20,5,0.93,0.0919948098227273
"brier",3,20,5,0.94,0.0838553254136364
"brier",3,20,5,0.95,0.0769716725045455
"brier",3,20,5,0.96,0.06917673165
"brier",3,20,5,0.97,0.0575489366727273
"brier",3,20,5,0.98,0.0377206089590909
"brier",3,20,5,0.99,0.0169659808136364
"brier",3,20,5,0.995,0.00799336340454545
"brier",3,20,6,0.9,0.142544139368182
"brier",3,20,6,0.91,0.129338633136364
"brier",3,20,6,0.92,0.115462843622727
"brier",3,20,6,0.93,0.103135879463636
"brier",3,20,6,0.94,0.0887687254136364
"brier",3,20,6,0.95,0.0760247694727273
"brier",3,20,6,0.96,0.0642976829909091
"brier",3,20,6,0.97,0.0526158813318182
"brier",3,20,6,0.98,0.0425095052409091
"brier",3,20,6,0.99,0.0285424925318182
"brier",3,20,6,0.995,0.0224863102727273
"brier",3,20,7,0.9,0.172710273436364
"brier",3,20,7,0.91,0.156637058709091
"brier",3,20,7,0.92,0.140868346313636
"brier",3,20,7,0.93,0.123473918395455
"brier",3,20,7,0.94,0.112473688422727
"brier",3,20,7,0.95,0.0979463210090909
"brier",3,20,7,0.96,0.0810812679363636
"brier",3,20,7,0.97,0.0664023683090909
"brier",3,20,7,0.98,0.0486862202545455
"brier",3,20,7,0.99,0.0325760074954545
"brier",3,20,7,0.995,0.0209759705045455
"brier",3,20,8,0.9,0.181606562659091
"brier",3,20,8,0.91,0.166354333922727
"brier",3,20,8,0.92,0.15098583935
"brier",3,20,8,0.93,0.141213437913636
"brier",3,20,8,0.94,0.128638587254545
"brier",3,20,8,0.95,0.114208210786364
"brier",3,20,8,0.96,0.0984307799090909
"brier",3,20,8,0.97,0.0853432747590909
"brier",3,20,8,0.98,0.0689562403727273
"brier",3,20,8,0.99,0.0529467729818182
"brier",3,20,8,0.995,0.0425044291545455
"brier",3,20,9,0.9,0.111717427336364
"brier",3,20,9,0.91,0.0983281802227273
"brier",3,20,9,0.92,0.0866653886090909
"brier",3,20,9,0.93,0.0739999020454545
"brier",3,20,9,0.94,0.0641023590545454
"brier",3,20,9,0.95,0.0533345462681818
"brier",3,20,9,0.96,0.0433392724045455
"brier",3,20,9,0.97,0.0335685091136364
"brier",3,20,9,0.98,0.0209216058863636
"brier",3,20,9,0.99,0.00863636606818182
"brier",3,20,9,0.995,0.00545454557272727
"brier",3,20,10,0.9,0.182172638745455
"brier",3,20,10,0.91,0.168823183090909
"brier",3,20,10,0.92,0.156387131031818
"brier",3,20,10,0.93,0.140835590231818
"brier",3,20,10,0.94,0.123571070886364
"brier",3,20,10,0.95,0.104253799904545
"brier",3,20,10,0.96,0.0847318833272727
"brier",3,20,10,0.97,0.0683035769818182
"brier",3,20,10,0.98,0.0488665388045455
"brier",3,20,10,0.99,0.0349917371363636
"brier",3,20,10,0.995,0.0235051454227273
"brier",3,20,11,0.9,0.131082218718182
"brier",3,20,11,0.91,0.11479414345
"brier",3,20,11,0.92,0.0986949665090909
"brier",3,20,11,0.93,0.0832567904
"brier",3,20,11,0.94,0.0691304392409091
"brier",3,20,11,0.95,0.0566949233863636
"brier",3,20,11,0.96,0.0451252586090909
"brier",3,20,11,0.97,0.0330417748
"brier",3,20,11,0.98,0.0237698848136364
"brier",3,20,11,0.99,0.0137315085909091
"brier",3,20,11,0.995,0.00706055208181818
"brier",3,20,12,0.9,0.148159830813636
"brier",3,20,12,0.91,0.135725426186364
"brier",3,20,12,0.92,0.123258724509091
"brier",3,20,12,0.93,0.112784079990909
"brier",3,20,12,0.94,0.102972891668182
"brier",3,20,12,0.95,0.0949359568363636
"brier",3,20,12,0.96,0.0783308896272727
"brier",3,20,12,0.97,0.0567446909818182
"brier",3,20,12,0.98,0.0293135942954545
"brier",3,20,12,0.99,0.0108255831545455
"brier",3,20,12,0.995,0.00567303955
"brier",3,20,13,0.9,0.147994778731818
"brier",3,20,13,0.91,0.134235907272727
"brier",3,20,13,0.92,0.120037070122727
"brier",3,20,13,0.93,0.105398697663636
"brier",3,20,13,0.94,0.0940924135818182
"brier",3,20,13,0.95,0.0802044994227273
"brier",3,20,13,0.96,0.0664181753318182
"brier",3,20,13,0.97,0.0541766669045455
"brier",3,20,13,0.98,0.0429640601045455
"brier",3,20,13,0.99,0.0302399819227273
"brier",3,20,13,0.995,0.0215429395409091
"brier",3,20,14,0.9,0.20607226345
"brier",3,20,14,0.91,0.19313151225
"brier",3,20,14,0.92,0.180659288377273
"brier",3,20,14,0.93,0.164571303018182
"brier",3,20,14,0.94,0.148656578631818
"brier",3,20,14,0.95,0.125773724481818
"brier",3,20,14,0.96,0.103131003754545
"brier",3,20,14,0.97,0.0848100914045455
"brier",3,20,14,0.98,0.0652551413772727
"brier",3,20,14,0.99,0.0509849974181818
"brier",3,20,14,0.995,0.0424245619045455
"brier",3,20,15,0.9,0.166942909622727
"brier",3,20,15,0.91,0.140177262718182
"brier",3,20,15,0.92,0.113995474959091
"brier",3,20,15,0.93,0.0939377632681818
"brier",3,20,15,0.94,0.0733758155545455
"brier",3,20,15,0.95,0.0571108530545455
"brier",3,20,15,0.96,0.0451384722090909
"brier",3,20,15,0.97,0.03473714505
"brier",3,20,15,0.98,0.0339296688181818
"brier",3,20,15,0.99,0.0154625332545455
"brier",3,20,15,0.995,0.00793487465454545
"brier",3,20,16,0.9,0.219584944509091
"brier",3,20,16,0.91,0.209440497068182
"brier",3,20,16,0.92,0.193412137386364
"brier",3,20,16,0.93,0.175674050663636
"brier",3,20,16,0.94,0.155693494363636
"brier",3,20,16,0.95,0.131278714836364
"brier",3,20,16,0.96,0.10390821535
"brier",3,20,16,0.97,0.0791310395818182
"brier",3,20,16,0.98,0.0455762584909091
"brier",3,20,16,0.99,0.0216787632772727
"brier",3,20,16,0.995,0.0120767285045455
"brier",3,20,17,0.9,0.111065721172727
"brier",3,20,17,0.91,0.0962585931045455
"brier",3,20,17,0.92,0.0789421092136364
"brier",3,20,17,0.93,0.0621109881590909
"brier",3,20,17,0.94,0.0464235974818182
"brier",3,20,17,0.95,0.0349992604181818
"brier",3,20,17,0.96,0.0271630178090909
"brier",3,20,17,0.97,0.0292718831590909
"brier",3,20,17,0.98,0.0294036303863636
"brier",3,20,17,0.99,0.0230188249363636
"brier",3,20,17,0.995,0.00907373025454545
"brier",3,20,18,0.9,0.172759197986364
"brier",3,20,18,0.91,0.156848199595455
"brier",3,20,18,0.92,0.140341504240909
"brier",3,20,18,0.93,0.121049018981818
"brier",3,20,18,0.94,0.104079535054545
"brier",3,20,18,0.95,0.0892601353
"brier",3,20,18,0.96,0.0716961386272727
"brier",3,20,18,0.97,0.0529524075181818
"brier",3,20,18,0.98,0.0384165358454545
"brier",3,20,18,0.99,0.0192010720818182
"brier",3,20,18,0.995,0.0125180838045455
"brier",3,20,19,0.9,0.187788552795455
"brier",3,20,19,0.91,0.166853785318182
"brier",3,20,19,0.92,0.138449413795455
"brier",3,20,19,0.93,0.104076262022727
"brier",3,20,19,0.94,0.0751647519545455
"brier",3,20,19,0.95,0.054534703
"brier",3,20,19,0.96,0.0400151060909091
"brier",3,20,19,0.97,0.0291516592090909
"brier",3,20,19,0.98,0.0209664611227273
"brier",3,20,19,0.99,0.0100009809681818
"brier",3,20,19,0.995,0.00500000558636364
"brier",3,20,20,0.9,0.0919663218636364
"brier",3,20,20,0.91,0.0806818962545455
"brier",3,20,20,0.92,0.0664543723545455
"brier",3,20,20,0.93,0.0541079338909091
"brier",3,20,20,0.94,0.0440664365954545
"brier",3,20,20,0.95,0.0324099464818182
"brier",3,20,20,0.96,0.0198277387136364
"brier",3,20,20,0.97,0.0120558001181818
"brier",3,20,20,0.98,0.00795072603181818
"brier",3,20,20,0.99,0.00404073135454545
"brier",3,20,20,0.995,0.00470334349090909
"brier",3,20,21,0.9,0.145374667527273
"brier",3,20,21,0.91,0.127359848627273
"brier",3,20,21,0.92,0.108559168604545
"brier",3,20,21,0.93,0.0935948994454545
"brier",3,20,21,0.94,0.0768698630409091
"brier",3,20,21,0.95,0.0606202717
"brier",3,20,21,0.96,0.0432184599090909
"brier",3,20,21,0.97,0.0291260522045455
"brier",3,20,21,0.98,0.01657547155
"brier",3,20,21,0.99,0.00920498639090909
"brier",3,20,21,0.995,0.00184206561363636
"brier",3,20,22,0.9,0.175853835381818
"brier",3,20,22,0.91,0.16174607715
"brier",3,20,22,0.92,0.142848512704545
"brier",3,20,22,0.93,0.111717074840909
"brier",3,20,22,0.94,0.0755945421181818
"brier",3,20,22,0.95,0.0426604773363636
"brier",3,20,22,0.96,0.0348631095954545
"brier",3,20,22,0.97,0.02990142595
"brier",3,20,22,0.98,0.0222718445772727
"brier",3,20,22,0.99,0.00909090916818182
"brier",3,20,22,0.995,0.005
"brier",3,20,23,0.9,0.101528618540909
"brier",3,20,23,0.91,0.0946869081363636
"brier",3,20,23,0.92,0.0864594142136364
"brier",3,20,23,0.93,0.0783815151
"brier",3,20,23,0.94,0.0668212902681818
"brier",3,20,23,0.95,0.0579047418818182
"brier",3,20,23,0.96,0.0436663879909091
"brier",3,20,23,0.97,0.0310936486181818
"brier",3,20,23,0.98,0.0223854805
"brier",3,20,23,0.99,0.0105318087954545
"brier",3,20,23,0.995,0.00546776192727273
"brier",3,20,24,0.9,0.20635658825
"brier",3,20,24,0.91,0.195101288145455
"brier",3,20,24,0.92,0.182658654118182
"brier",3,20,24,0.93,0.168438791522727
"brier",3,20,24,0.94,0.150135847577273
"brier",3,20,24,0.95,0.132330762122727
"brier",3,20,24,0.96,0.116101912763636
"brier",3,20,24,0.97,0.0957695736909091
"brier",3,20,24,0.98,0.0659182473772727
"brier",3,20,24,0.99,0.0353521540863636
"brier",3,20,24,0.995,0.0223278781636364
"brier",3,20,25,0.9,0.154091043677273
"brier",3,20,25,0.91,0.141193609781818
"brier",3,20,25,0.92,0.124641424068182
"brier",3,20,25,0.93,0.109222747640909
"brier",3,20,25,0.94,0.0969968866409091
"brier",3,20,25,0.95,0.0836706628545455
"brier",3,20,25,0.96,0.0707160629227273
"brier",3,20,25,0.97,0.0574552664318182
"brier",3,20,25,0.98,0.0428352356954545
"brier",3,20,25,0.99,0.0263944219954545
"brier",3,20,25,0.995,0.0134735450909091
"brier",3,20,26,0.9,0.169488802968182
"brier",3,20,26,0.91,0.150472285777273
"brier",3,20,26,0.92,0.132414407013636
"brier",3,20,26,0.93,0.108019734159091
"brier",3,20,26,0.94,0.0825734603136364
"brier",3,20,26,0.95,0.0671156704818182
"brier",3,20,26,0.96,0.0489775756181818
"brier",3,20,26,0.97,0.0309092134409091
"brier",3,20,26,0.98,0.0190909090954545
"brier",3,20,26,0.99,0.00818181818181818
"brier",3,20,26,0.995,0.00454545454545455
"brier",3,20,27,0.9,0.214141009854545
"brier",3,20,27,0.91,0.193328878004545
"brier",3,20,27,0.92,0.166350439363636
"brier",3,20,27,0.93,0.143675363813636
"brier",3,20,27,0.94,0.119297811481818
"brier",3,20,27,0.95,0.0963549191863636
"brier",3,20,27,0.96,0.0733113740409091
"brier",3,20,27,0.97,0.0562108347227273
"brier",3,20,27,0.98,0.0407980617954545
"brier",3,20,27,0.99,0.0319193154227273
"brier",3,20,27,0.995,0.0247589252909091
"brier",3,20,28,0.9,0.133604368736364
"brier",3,20,28,0.91,0.123269719809091
"brier",3,20,28,0.92,0.109328102304545
"brier",3,20,28,0.93,0.0957681949181818
"brier",3,20,28,0.94,0.0862759205636364
"brier",3,20,28,0.95,0.0763111713772727
"brier",3,20,28,0.96,0.0675296089772727
"brier",3,20,28,0.97,0.0538477148727273
"brier",3,20,28,0.98,0.0412999870909091
"brier",3,20,28,0.99,0.0264567826181818
"brier",3,20,28,0.995,0.0164845826636364
"brier",3,20,29,0.9,0.155512688645455
"brier",3,20,29,0.91,0.139863866377273
"brier",3,20,29,0.92,0.127338182422727
"brier",3,20,29,0.93,0.112077765859091
"brier",3,20,29,0.94,0.0987913454363636
"brier",3,20,29,0.95,0.0812439575545455
"brier",3,20,29,0.96,0.0656366895272727
"brier",3,20,29,0.97,0.0491763951681818
"brier",3,20,29,0.98,0.0363571685090909
"brier",3,20,29,0.99,0.0196362845
"brier",3,20,29,0.995,0.00987699734545455
"brier",3,20,30,0.9,0.140234540686364
"brier",3,20,30,0.91,0.123112937522727
"brier",3,20,30,0.92,0.104342643104545
"brier",3,20,30,0.93,0.0889667424090909
"brier",3,20,30,0.94,0.0731971017545455
"brier",3,20,30,0.95,0.0574635447363636
"brier",3,20,30,0.96,0.0436235354954545
"brier",3,20,30,0.97,0.0313442728863636
"brier",3,20,30,0.98,0.0202586921909091
"brier",3,20,30,0.99,0.00960961405454545
"brier",3,20,30,0.995,0.00273446904090909
"brier",3,20,31,0.9,0.173167216768182
"brier",3,20,31,0.91,0.165570231577273
"brier",3,20,31,0.92,0.15312962705
"brier",3,20,31,0.93,0.139434214140909
"brier",3,20,31,0.94,0.125746742309091
"brier",3,20,31,0.95,0.1132008765
"brier",3,20,31,0.96,0.0942516150363636
"brier",3,20,31,0.97,0.0772482925590909
"brier",3,20,31,0.98,0.0586798868
"brier",3,20,31,0.99,0.04011273125
"brier",3,20,31,0.995,0.03169494325
"brier",3,20,32,0.9,0.180700054486364
"brier",3,20,32,0.91,0.165318881318182
"brier",3,20,32,0.92,0.148347663136364
"brier",3,20,32,0.93,0.127943343640909
"brier",3,20,32,0.94,0.10950085315
"brier",3,20,32,0.95,0.0910507916181818
"brier",3,20,32,0.96,0.0693229260454545
"brier",3,20,32,0.97,0.0432478722590909
"brier",3,20,32,0.98,0.0201189952909091
"brier",3,20,32,0.99,0.0109090915454545
"brier",3,20,32,0.995,0.00590909093181818
"brier",3,20,33,0.9,0.171217985109091
"brier",3,20,33,0.91,0.156145762559091
"brier",3,20,33,0.92,0.143344297036364
"brier",3,20,33,0.93,0.129472078922727
"brier",3,20,33,0.94,0.112172460268182
"brier",3,20,33,0.95,0.0919267319545455
"brier",3,20,33,0.96,0.0703453505590909
"brier",3,20,33,0.97,0.0498875443727273
"brier",3,20,33,0.98,0.0206741328
"brier",3,20,33,0.99,0.0104545455
"brier",3,20,33,0.995,0.005
"brier",3,20,34,0.9,0.147523776186364
"brier",3,20,34,0.91,0.1393301932
"brier",3,20,34,0.92,0.130322352981818
"brier",3,20,34,0.93,0.122962690145455
"brier",3,20,34,0.94,0.110518472113636
"brier",3,20,34,0.95,0.0996115237909091
"brier",3,20,34,0.96,0.0845515923590909
"brier",3,20,34,0.97,0.0692280652863636
"brier",3,20,34,0.98,0.0502821146681818
"brier",3,20,34,0.99,0.0336285030136364
"brier",3,20,34,0.995,0.0206130341
"brier",3,20,35,0.9,0.164742526086364
"brier",3,20,35,0.91,0.152869139940909
"brier",3,20,35,0.92,0.142523176604545
"brier",3,20,35,0.93,0.129066338409091
"brier",3,20,35,0.94,0.119218865304545
"brier",3,20,35,0.95,0.0994306682136364
"brier",3,20,35,0.96,0.0773159860136364
"brier",3,20,35,0.97,0.05556569315
"brier",3,20,35,0.98,0.0331811097636364
"brier",3,20,35,0.99,0.0188938441090909
"brier",3,20,35,0.995,0.0121295593318182
"brier",3,20,36,0.9,0.183673242772727
"brier",3,20,36,0.91,0.168439682945455
"brier",3,20,36,0.92,0.151324173690909
"brier",3,20,36,0.93,0.135507976786364
"brier",3,20,36,0.94,0.117690466972727
"brier",3,20,36,0.95,0.0997184188136364
"brier",3,20,36,0.96,0.08297435715
"brier",3,20,36,0.97,0.0691145620454545
"brier",3,20,36,0.98,0.05154401955
"brier",3,20,36,0.99,0.0365235269863636
"brier",3,20,36,0.995,0.0262593717590909
"brier",3,20,37,0.9,0.102230239836364
"brier",3,20,37,0.91,0.0919997022318182
"brier",3,20,37,0.92,0.0825266068272727
"brier",3,20,37,0.93,0.0693755371045455
"brier",3,20,37,0.94,0.0592037450772727
"brier",3,20,37,0.95,0.0500510397
"brier",3,20,37,0.96,0.0409238903454545
"brier",3,20,37,0.97,0.0304576194363636
"brier",3,20,37,0.98,0.0209093023772727
"brier",3,20,37,0.99,0.0109090964454545
"brier",3,20,37,0.995,0.00409090954545455
"brier",3,20,38,0.9,0.128802456763636
"brier",3,20,38,0.91,0.11928895835
"brier",3,20,38,0.92,0.104684369690909
"brier",3,20,38,0.93,0.09268557005
"brier",3,20,38,0.94,0.0819731661409091
"brier",3,20,38,0.95,0.0683040771
"brier",3,20,38,0.96,0.0538271468772727
"brier",3,20,38,0.97,0.0404496952
"brier",3,20,38,0.98,0.0255589504227273
"brier",3,20,38,0.99,0.0128854273409091
"brier",3,20,38,0.995,0.00646923437272727
"brier",3,20,39,0.9,0.150213498927273
"brier",3,20,39,0.91,0.133319791277273
"brier",3,20,39,0.92,0.117473964727273
"brier",3,20,39,0.93,0.10315838545
"brier",3,20,39,0.94,0.0882171131727273
"brier",3,20,39,0.95,0.0715515265454545
"brier",3,20,39,0.96,0.0550486857772727
"brier",3,20,39,0.97,0.0412570572136364
"brier",3,20,39,0.98,0.0223071787727273
"brier",3,20,39,0.99,0.0129536354772727
"brier",3,20,39,0.995,0.00559367842727273
"brier",3,20,40,0.9,0.154315419540909
"brier",3,20,40,0.91,0.140007768831818
"brier",3,20,40,0.92,0.128059032009091
"brier",3,20,40,0.93,0.115980129672727
"brier",3,20,40,0.94,0.0982959202272727
"brier",3,20,40,0.95,0.0844784908227273
"brier",3,20,40,0.96,0.0668435753136364
"brier",3,20,40,0.97,0.0519350568863636
"brier",3,20,40,0.98,0.0377522911863636
"brier",3,20,40,0.99,0.0208795351136364
"brier",3,20,40,0.995,0.0126531837863636
"brier",3,20,41,0.9,0.133877451640909
"brier",3,20,41,0.91,0.122908600027273
"brier",3,20,41,0.92,0.112330763986364
"brier",3,20,41,0.93,0.101903005009091
"brier",3,20,41,0.94,0.0910934010954546
"brier",3,20,41,0.95,0.0740133100090909
"brier",3,20,41,0.96,0.0590582267636364
"brier",3,20,41,0.97,0.0459424453909091
"brier",3,20,41,0.98,0.0270276318
"brier",3,20,41,0.99,0.00954545611818182
"brier",3,20,41,0.995,0.00363636363636364
"brier",3,20,42,0.9,0.117972032627273
"brier",3,20,42,0.91,0.10406583935
"brier",3,20,42,0.92,0.09108651365
"brier",3,20,42,0.93,0.0766204226136364
"brier",3,20,42,0.94,0.0627403471045455
"brier",3,20,42,0.95,0.0515862458181818
"brier",3,20,42,0.96,0.0403704415727273
"brier",3,20,42,0.97,0.0292449398272727
"brier",3,20,42,0.98,0.0203031770818182
"brier",3,20,42,0.99,0.00822647185454545
"brier",3,20,42,0.995,0.00455597681363636
"brier",3,20,43,0.9,0.221606896768182
"brier",3,20,43,0.91,0.207308478704545
"brier",3,20,43,0.92,0.193528934054545
"brier",3,20,43,0.93,0.173830834822727
"brier",3,20,43,0.94,0.153991477031818
"brier",3,20,43,0.95,0.135528817068182
"brier",3,20,43,0.96,0.116288474809091
"brier",3,20,43,0.97,0.0933405178136364
"brier",3,20,43,0.98,0.0670655366545455
"brier",3,20,43,0.99,0.0389998547727273
"brier",3,20,43,0.995,0.0214090214909091
"brier",3,20,44,0.9,0.202091030340909
"brier",3,20,44,0.91,0.190780540454545
"brier",3,20,44,0.92,0.180012886404545
"brier",3,20,44,0.93,0.170984510795455
"brier",3,20,44,0.94,0.159504234609091
"brier",3,20,44,0.95,0.149161249695455
"brier",3,20,44,0.96,0.1294022143
"brier",3,20,44,0.97,0.105992142354545
"brier",3,20,44,0.98,0.0791706810136364
"brier",3,20,44,0.99,0.0433414392590909
"brier",3,20,44,0.995,0.0227505355454545
"brier",3,20,45,0.9,0.210558089718182
"brier",3,20,45,0.91,0.195396869081818
"brier",3,20,45,0.92,0.174653512868182
"brier",3,20,45,0.93,0.155522797181818
"brier",3,20,45,0.94,0.131537175368182
"brier",3,20,45,0.95,0.110487943686364
"brier",3,20,45,0.96,0.0919116404863636
"brier",3,20,45,0.97,0.0766984733818182
"brier",3,20,45,0.98,0.0512301966409091
"brier",3,20,45,0.99,0.0236072526590909
"brier",3,20,45,0.995,0.0132038955681818
"brier",3,20,46,0.9,0.134603372818182
"brier",3,20,46,0.91,0.120554245290909
"brier",3,20,46,0.92,0.107385767895455
"brier",3,20,46,0.93,0.0939849532045455
"brier",3,20,46,0.94,0.0825058567363636
"brier",3,20,46,0.95,0.0683445665545455
"brier",3,20,46,0.96,0.05436653915
"brier",3,20,46,0.97,0.0394331909454545
"brier",3,20,46,0.98,0.0237046232818182
"brier",3,20,46,0.99,0.0104611071181818
"brier",3,20,46,0.995,0.00689463415909091
"brier",3,20,47,0.9,0.170476048963636
"brier",3,20,47,0.91,0.156996157109091
"brier",3,20,47,0.92,0.144694354654545
"brier",3,20,47,0.93,0.133544785013636
"brier",3,20,47,0.94,0.118481498186364
"brier",3,20,47,0.95,0.100161999609091
"brier",3,20,47,0.96,0.0835756544909091
"brier",3,20,47,0.97,0.0629468582954545
"brier",3,20,47,0.98,0.0436469732454545
"brier",3,20,47,0.99,0.0215452826954545
"brier",3,20,47,0.995,0.0112793174090909
"brier",3,20,48,0.9,0.165196211945455
"brier",3,20,48,0.91,0.158512054768182
"brier",3,20,48,0.92,0.152143486236364
"brier",3,20,48,0.93,0.142430929459091
"brier",3,20,48,0.94,0.1264437923
"brier",3,20,48,0.95,0.108500690072727
"brier",3,20,48,0.96,0.0785104787045455
"brier",3,20,48,0.97,0.0518773851136364
"brier",3,20,48,0.98,0.0317099537045455
"brier",3,20,48,0.99,0.0140828381863636
"brier",3,20,48,0.995,0.00699100795454545
"brier",3,20,49,0.9,0.191574958254545
"brier",3,20,49,0.91,0.167745708227273
"brier",3,20,49,0.92,0.144697163881818
"brier",3,20,49,0.93,0.119028758063636
"brier",3,20,49,0.94,0.0960736440090909
"brier",3,20,49,0.95,0.0739575260863636
"brier",3,20,49,0.96,0.0542658603045455
"brier",3,20,49,0.97,0.0343988473636364
"brier",3,20,49,0.98,0.0202815144681818
"brier",3,20,49,0.99,0.0101290495727273
"brier",3,20,49,0.995,0.00454704272727273
"brier",3,20,50,0.9,0.114592183686364
"brier",3,20,50,0.91,0.102283586222727
"brier",3,20,50,0.92,0.0904164770772727
"brier",3,20,50,0.93,0.0749942886727273
"brier",3,20,50,0.94,0.0615449666272727
"brier",3,20,50,0.95,0.0482192858272727
"brier",3,20,50,0.96,0.0404565042863636
"brier",3,20,50,0.97,0.0304545825090909
"brier",3,20,50,0.98,0.0209090911
"brier",3,20,50,0.99,0.0131818181909091
"brier",3,20,50,0.995,0.00727272727727273
"brier",4,20,1,0.9,0.137329421190909
"brier",4,20,1,0.91,0.124746617427273
"brier",4,20,1,0.92,0.109925543131818
"brier",4,20,1,0.93,0.0993616383863636
"brier",4,20,1,0.94,0.0892088735909091
"brier",4,20,1,0.95,0.0786455779090909
"brier",4,20,1,0.96,0.0685968835454545
"brier",4,20,1,0.97,0.0562909953272727
"brier",4,20,1,0.98,0.04056156185
"brier",4,20,1,0.99,0.0272534814772727
"brier",4,20,1,0.995,0.0192220396318182
"brier",4,20,2,0.9,0.170743531372727
"brier",4,20,2,0.91,0.153876767363636
"brier",4,20,2,0.92,0.139502213286364
"brier",4,20,2,0.93,0.121937282359091
"brier",4,20,2,0.94,0.104688572745455
"brier",4,20,2,0.95,0.0913771839863636
"brier",4,20,2,0.96,0.07625034285
"brier",4,20,2,0.97,0.0591708890136364
"brier",4,20,2,0.98,0.0459109017181818
"brier",4,20,2,0.99,0.0254784461454545
"brier",4,20,2,0.995,0.0133167061772727
"brier",4,20,3,0.9,0.103467324922727
"brier",4,20,3,0.91,0.0912280285272727
"brier",4,20,3,0.92,0.0797063176454545
"brier",4,20,3,0.93,0.07108315435
"brier",4,20,3,0.94,0.0627530077318182
"brier",4,20,3,0.95,0.0488908829045455
"brier",4,20,3,0.96,0.0390722699772727
"brier",4,20,3,0.97,0.0314172120409091
"brier",4,20,3,0.98,0.0184600657772727
"brier",4,20,3,0.99,0.0117894141227273
"brier",4,20,3,0.995,0.00621991993181818
"brier",4,20,4,0.9,0.199071316595455
"brier",4,20,4,0.91,0.184715787059091
"brier",4,20,4,0.92,0.171058756804545
"brier",4,20,4,0.93,0.154417660154545
"brier",4,20,4,0.94,0.135814055854545
"brier",4,20,4,0.95,0.115172957559091
"brier",4,20,4,0.96,0.0925477012136364
"brier",4,20,4,0.97,0.0739005416181818
"brier",4,20,4,0.98,0.0526634953545455
"brier",4,20,4,0.99,0.0307663394363636
"brier",4,20,4,0.995,0.0175834857
"brier",4,20,5,0.9,0.110843251568182
"brier",4,20,5,0.91,0.104769850718182
"brier",4,20,5,0.92,0.0981922203772727
"brier",4,20,5,0.93,0.0918109936590909
"brier",4,20,5,0.94,0.0838280962727273
"brier",4,20,5,0.95,0.0774244825727273
"brier",4,20,5,0.96,0.0705586942545455
"brier",4,20,5,0.97,0.0589931435954545
"brier",4,20,5,0.98,0.0392795917681818
"brier",4,20,5,0.99,0.01783539385
"brier",4,20,5,0.995,0.00834002330454546
"brier",4,20,6,0.9,0.142074507981818
"brier",4,20,6,0.91,0.128674010731818
"brier",4,20,6,0.92,0.114440246636364
"brier",4,20,6,0.93,0.101767061254545
"brier",4,20,6,0.94,0.0872478497772727
"brier",4,20,6,0.95,0.0745139241545455
"brier",4,20,6,0.96,0.0627595484318182
"brier",4,20,6,0.97,0.0510328795954545
"brier",4,20,6,0.98,0.0409409587636364
"brier",4,20,6,0.99,0.0271864018
"brier",4,20,6,0.995,0.0215174990909091
"brier",4,20,7,0.9,0.171606814140909
"brier",4,20,7,0.91,0.156069215404545
"brier",4,20,7,0.92,0.140608103186364
"brier",4,20,7,0.93,0.123494620404545
"brier",4,20,7,0.94,0.112609808140909
"brier",4,20,7,0.95,0.0979855176545455
"brier",4,20,7,0.96,0.0809997219590909
"brier",4,20,7,0.97,0.0662572089545455
"brier",4,20,7,0.98,0.0484977479636364
"brier",4,20,7,0.99,0.0322127561318182
"brier",4,20,7,0.995,0.0205572587727273
"brier",4,20,8,0.9,0.184501165977273
"brier",4,20,8,0.91,0.168367639186364
"brier",4,20,8,0.92,0.152527697386364
"brier",4,20,8,0.93,0.142479754313636
"brier",4,20,8,0.94,0.129637317863636
"brier",4,20,8,0.95,0.115183250622727
"brier",4,20,8,0.96,0.0993741493590909
"brier",4,20,8,0.97,0.0861162772136364
"brier",4,20,8,0.98,0.0695259286409091
"brier",4,20,8,0.99,0.0531813632727273
"brier",4,20,8,0.995,0.0424905672090909
"brier",4,20,9,0.9,0.111025849968182
"brier",4,20,9,0.91,0.0977739692590909
"brier",4,20,9,0.92,0.0863069661409091
"brier",4,20,9,0.93,0.0737581606909091
"brier",4,20,9,0.94,0.0639101321363636
"brier",4,20,9,0.95,0.0531804755636364
"brier",4,20,9,0.96,0.0432989708590909
"brier",4,20,9,0.97,0.0336742830090909
"brier",4,20,9,0.98,0.0209569133090909
"brier",4,20,9,0.99,0.00863655348181818
"brier",4,20,9,0.995,0.00545454735909091
"brier",4,20,10,0.9,0.186790609854545
"brier",4,20,10,0.91,0.172488319381818
"brier",4,20,10,0.92,0.159405539790909
"brier",4,20,10,0.93,0.143221249827273
"brier",4,20,10,0.94,0.125205366622727
"brier",4,20,10,0.95,0.105498058995455
"brier",4,20,10,0.96,0.0857744786909091
"brier",4,20,10,0.97,0.0696204434409091
"brier",4,20,10,0.98,0.0500982554409091
"brier",4,20,10,0.99,0.0359596141590909
"brier",4,20,10,0.995,0.02405025875
"brier",4,20,11,0.9,0.131620903845455
"brier",4,20,11,0.91,0.115230106495455
"brier",4,20,11,0.92,0.0991241010681818
"brier",4,20,11,0.93,0.0836500011863636
"brier",4,20,11,0.94,0.0693742868409091
"brier",4,20,11,0.95,0.0568202576954545
"brier",4,20,11,0.96,0.0452018048909091
"brier",4,20,11,0.97,0.03313155115
"brier",4,20,11,0.98,0.0238461069954545
"brier",4,20,11,0.99,0.0137715605409091
"brier",4,20,11,0.995,0.00708249571818182
"brier",4,20,12,0.9,0.147840913336364
"brier",4,20,12,0.91,0.135699350468182
"brier",4,20,12,0.92,0.123717908295455
"brier",4,20,12,0.93,0.113514074940909
"brier",4,20,12,0.94,0.103724718209091
"brier",4,20,12,0.95,0.0953891213772727
"brier",4,20,12,0.96,0.0780746336454545
"brier",4,20,12,0.97,0.0557700087545455
"brier",4,20,12,0.98,0.0290872928272727
"brier",4,20,12,0.99,0.0107217789181818
"brier",4,20,12,0.995,0.00563798474545455
"brier",4,20,13,0.9,0.147799750959091
"brier",4,20,13,0.91,0.134016040190909
"brier",4,20,13,0.92,0.119908920281818
"brier",4,20,13,0.93,0.10539590425
"brier",4,20,13,0.94,0.0942045549681818
"brier",4,20,13,0.95,0.0803830023863636
"brier",4,20,13,0.96,0.0666777379727273
"brier",4,20,13,0.97,0.0544671570136364
"brier",4,20,13,0.98,0.0432134306636364
"brier",4,20,13,0.99,0.0303699765909091
"brier",4,20,13,0.995,0.0216625329863636
"brier",4,20,14,0.9,0.205578174659091
"brier",4,20,14,0.91,0.192479465836364
"brier",4,20,14,0.92,0.179988897345455
"brier",4,20,14,0.93,0.164252489513636
"brier",4,20,14,0.94,0.148548101290909
"brier",4,20,14,0.95,0.125812811845455
"brier",4,20,14,0.96,0.103245838368182
"brier",4,20,14,0.97,0.0849400237818182
"brier",4,20,14,0.98,0.0654098623590909
"brier",4,20,14,0.99,0.0512035829363636
"brier",4,20,14,0.995,0.0427065422136364
"brier",4,20,15,0.9,0.168294394090909
"brier",4,20,15,0.91,0.141513757909091
"brier",4,20,15,0.92,0.115186921
"brier",4,20,15,0.93,0.0949072614318182
"brier",4,20,15,0.94,0.0740894539090909
"brier",4,20,15,0.95,0.0579500339090909
"brier",4,20,15,0.96,0.0459137945
"brier",4,20,15,0.97,0.0353435562
"brier",4,20,15,0.98,0.0359027298954545
"brier",4,20,15,0.99,0.0166350392363636
"brier",4,20,15,0.995,0.00837078889545455
"brier",4,20,16,0.9,0.225521577268182
"brier",4,20,16,0.91,0.214358681740909
"brier",4,20,16,0.92,0.197149998940909
"brier",4,20,16,0.93,0.178322525668182
"brier",4,20,16,0.94,0.157518301363636
"brier",4,20,16,0.95,0.132178569536364
"brier",4,20,16,0.96,0.103995147068182
"brier",4,20,16,0.97,0.0788843410545455
"brier",4,20,16,0.98,0.0457077595454545
"brier",4,20,16,0.99,0.0219528510545455
"brier",4,20,16,0.995,0.0122952005863636
"brier",4,20,17,0.9,0.110104895922727
"brier",4,20,17,0.91,0.0956217377409091
"brier",4,20,17,0.92,0.0785103049545455
"brier",4,20,17,0.93,0.0617746077818182
"brier",4,20,17,0.94,0.0461748876181818
"brier",4,20,17,0.95,0.0349385646681818
"brier",4,20,17,0.96,0.0274499709954545
"brier",4,20,17,0.97,0.0293561103636364
"brier",4,20,17,0.98,0.0295850861227273
"brier",4,20,17,0.99,0.0233484811681818
"brier",4,20,17,0.995,0.00878266436818182
"brier",4,20,18,0.9,0.172490417236364
"brier",4,20,18,0.91,0.156717150268182
"brier",4,20,18,0.92,0.140582656963636
"brier",4,20,18,0.93,0.121511590836364
"brier",4,20,18,0.94,0.104622215172727
"brier",4,20,18,0.95,0.0896926873954546
"brier",4,20,18,0.96,0.0718786372454545
"brier",4,20,18,0.97,0.0529473941545455
"brier",4,20,18,0.98,0.0383039191227273
"brier",4,20,18,0.99,0.0190835975545455
"brier",4,20,18,0.995,0.0123196777045455
"brier",4,20,19,0.9,0.189048981872727
"brier",4,20,19,0.91,0.16764183235
"brier",4,20,19,0.92,0.138981723004545
"brier",4,20,19,0.93,0.104585474254545
"brier",4,20,19,0.94,0.0752645646318182
"brier",4,20,19,0.95,0.0544128167363636
"brier",4,20,19,0.96,0.0397971185045455
"brier",4,20,19,0.97,0.0290936880181818
"brier",4,20,19,0.98,0.0209515872
"brier",4,20,19,0.99,0.0100006872272727
"brier",4,20,19,0.995,0.00500002065
"brier",4,20,20,0.9,0.0918985248136364
"brier",4,20,20,0.91,0.0806169090545455
"brier",4,20,20,0.92,0.0664235158454545
"brier",4,20,20,0.93,0.0540850301409091
"brier",4,20,20,0.94,0.0440456079090909
"brier",4,20,20,0.95,0.0323958666045455
"brier",4,20,20,0.96,0.0198332274863636
"brier",4,20,20,0.97,0.0120207907272727
"brier",4,20,20,0.98,0.00792225387272727
"brier",4,20,20,0.99,0.00404437839090909
"brier",4,20,20,0.995,0.00472431765909091
"brier",4,20,21,0.9,0.145645274677273
"brier",4,20,21,0.91,0.127538455813636
"brier",4,20,21,0.92,0.1088159418
"brier",4,20,21,0.93,0.0941605004045455
"brier",4,20,21,0.94,0.0776448538227273
"brier",4,20,21,0.95,0.0615327644090909
"brier",4,20,21,0.96,0.0440665231318182
"brier",4,20,21,0.97,0.0297035585136364
"brier",4,20,21,0.98,0.0168281909227273
"brier",4,20,21,0.99,0.00926257024090909
"brier",4,20,21,0.995,0.00185522198636364
"brier",4,20,22,0.9,0.177535311177273
"brier",4,20,22,0.91,0.161791998636364
"brier",4,20,22,0.92,0.141682078786364
"brier",4,20,22,0.93,0.109385141936364
"brier",4,20,22,0.94,0.0741968970454545
"brier",4,20,22,0.95,0.0429855924318182
"brier",4,20,22,0.96,0.0347031983136364
"brier",4,20,22,0.97,0.0296990385954545
"brier",4,20,22,0.98,0.0222382308363636
"brier",4,20,22,0.99,0.00909054814090909
"brier",4,20,22,0.995,0.00499990922727273
"brier",4,20,23,0.9,0.102909771218182
"brier",4,20,23,0.91,0.0958656405863636
"brier",4,20,23,0.92,0.0875214621181818
"brier",4,20,23,0.93,0.0792449499090909
"brier",4,20,23,0.94,0.0676158659772727
"brier",4,20,23,0.95,0.0586289624818182
"brier",4,20,23,0.96,0.0442139561545455
"brier",4,20,23,0.97,0.0313683389863636
"brier",4,20,23,0.98,0.0224677669681818
"brier",4,20,23,0.99,0.0105249472545455
"brier",4,20,23,0.995,0.00546477104090909
"brier",4,20,24,0.9,0.209631587272727
"brier",4,20,24,0.91,0.197936547963636
"brier",4,20,24,0.92,0.185289968240909
"brier",4,20,24,0.93,0.170467850340909
"brier",4,20,24,0.94,0.151428639886364
"brier",4,20,24,0.95,0.133062067786364
"brier",4,20,24,0.96,0.116512267668182
"brier",4,20,24,0.97,0.0959213938909091
"brier",4,20,24,0.98,0.0657969098272727
"brier",4,20,24,0.99,0.0355158811136364
"brier",4,20,24,0.995,0.0226748011090909
"brier",4,20,25,0.9,0.154019220509091
"brier",4,20,25,0.91,0.141245995172727
"brier",4,20,25,0.92,0.124784227822727
"brier",4,20,25,0.93,0.10942710905
"brier",4,20,25,0.94,0.0972881956454545
"brier",4,20,25,0.95,0.0840093100954546
"brier",4,20,25,0.96,0.0711237609636364
"brier",4,20,25,0.97,0.0578293946318182
"brier",4,20,25,0.98,0.0429783033454545
"brier",4,20,25,0.99,0.0263911382590909
"brier",4,20,25,0.995,0.0134523693909091
"brier",4,20,26,0.9,0.169732985718182
"brier",4,20,26,0.91,0.150418414622727
"brier",4,20,26,0.92,0.132105723931818
"brier",4,20,26,0.93,0.107472874145455
"brier",4,20,26,0.94,0.0823829851909091
"brier",4,20,26,0.95,0.0672753565863636
"brier",4,20,26,0.96,0.0499358766227273
"brier",4,20,26,0.97,0.0309091412636364
"brier",4,20,26,0.98,0.0190909092318182
"brier",4,20,26,0.99,0.00818181828636364
"brier",4,20,26,0.995,0.00454545461818182
"brier",4,20,27,0.9,0.216073239590909
"brier",4,20,27,0.91,0.195079795036364
"brier",4,20,27,0.92,0.167978649272727
"brier",4,20,27,0.93,0.145145839277273
"brier",4,20,27,0.94,0.120504253872727
"brier",4,20,27,0.95,0.0972815200045455
"brier",4,20,27,0.96,0.0738124532590909
"brier",4,20,27,0.97,0.0562194446772727
"brier",4,20,27,0.98,0.04051940115
"brier",4,20,27,0.99,0.0316443341545455
"brier",4,20,27,0.995,0.0245679330181818
"brier",4,20,28,0.9,0.133158041363636
"brier",4,20,28,0.91,0.12270896055
"brier",4,20,28,0.92,0.108669677690909
"brier",4,20,28,0.93,0.09496250925
"brier",4,20,28,0.94,0.0853588720681818
"brier",4,20,28,0.95,0.0753242000090909
"brier",4,20,28,0.96,0.0665771716636364
"brier",4,20,28,0.97,0.05307739105
"brier",4,20,28,0.98,0.0407862188909091
"brier",4,20,28,0.99,0.0263847244636364
"brier",4,20,28,0.995,0.0165751622636364
"brier",4,20,29,0.9,0.154857908909091
"brier",4,20,29,0.91,0.139080712163636
"brier",4,20,29,0.92,0.126381575336364
"brier",4,20,29,0.93,0.110818524040909
"brier",4,20,29,0.94,0.0973598869
"brier",4,20,29,0.95,0.0797812297454545
"brier",4,20,29,0.96,0.0642421512090909
"brier",4,20,29,0.97,0.0479458338545455
"brier",4,20,29,0.98,0.0356650627272727
"brier",4,20,29,0.99,0.01929749405
"brier",4,20,29,0.995,0.00961913573181818
"brier",4,20,30,0.9,0.139978760231818
"brier",4,20,30,0.91,0.122957216059091
"brier",4,20,30,0.92,0.104185558213636
"brier",4,20,30,0.93,0.0889519446363636
"brier",4,20,30,0.94,0.0732462756636364
"brier",4,20,30,0.95,0.0575646754045455
"brier",4,20,30,0.96,0.0437091410181818
"brier",4,20,30,0.97,0.0314115214863636
"brier",4,20,30,0.98,0.0202992883272727
"brier",4,20,30,0.99,0.00962212244545455
"brier",4,20,30,0.995,0.00273789457727273
"brier",4,20,31,0.9,0.176113516127273
"brier",4,20,31,0.91,0.168306952168182
"brier",4,20,31,0.92,0.1555600708
"brier",4,20,31,0.93,0.141602667577273
"brier",4,20,31,0.94,0.127487799672727
"brier",4,20,31,0.95,0.1141527834
"brier",4,20,31,0.96,0.0946791441636364
"brier",4,20,31,0.97,0.0772696160227273
"brier",4,20,31,0.98,0.0588994744590909
"brier",4,20,31,0.99,0.0404407125727273
"brier",4,20,31,0.995,0.0322047591272727
"brier",4,20,32,0.9,0.181556093759091
"brier",4,20,32,0.91,0.166138231659091
"brier",4,20,32,0.92,0.1491708499
"brier",4,20,32,0.93,0.128910837945455
"brier",4,20,32,0.94,0.110724050881818
"brier",4,20,32,0.95,0.0926513116681818
"brier",4,20,32,0.96,0.0710629050818182
"brier",4,20,32,0.97,0.0439012746590909
"brier",4,20,32,0.98,0.0201110729772727
"brier",4,20,32,0.99,0.0109090955727273
"brier",4,20,32,0.995,0.00590909105
"brier",4,20,33,0.9,0.17134179785
"brier",4,20,33,0.91,0.156058824259091
"brier",4,20,33,0.92,0.143191650527273
"brier",4,20,33,0.93,0.129257185077273
"brier",4,20,33,0.94,0.112011796731818
"brier",4,20,33,0.95,0.0919715473545454
"brier",4,20,33,0.96,0.0704621302090909
"brier",4,20,33,0.97,0.0502195934772727
"brier",4,20,33,0.98,0.0206298931
"brier",4,20,33,0.99,0.0104545457454545
"brier",4,20,33,0.995,0.00500000000454545
"brier",4,20,34,0.9,0.147197636390909
"brier",4,20,34,0.91,0.139165460895455
"brier",4,20,34,0.92,0.130245044013636
"brier",4,20,34,0.93,0.122907810445455
"brier",4,20,34,0.94,0.110383216009091
"brier",4,20,34,0.95,0.0994887716772727
"brier",4,20,34,0.96,0.0845110452863636
"brier",4,20,34,0.97,0.0694306973954545
"brier",4,20,34,0.98,0.0507786971727273
"brier",4,20,34,0.99,0.0344507380954545
"brier",4,20,34,0.995,0.0213025293272727
"brier",4,20,35,0.9,0.165886703768182
"brier",4,20,35,0.91,0.1539721994
"brier",4,20,35,0.92,0.143679448518182
"brier",4,20,35,0.93,0.13009218345
"brier",4,20,35,0.94,0.120235217659091
"brier",4,20,35,0.95,0.100313868677273
"brier",4,20,35,0.96,0.0780745246045455
"brier",4,20,35,0.97,0.0564895866181818
"brier",4,20,35,0.98,0.03411335865
"brier",4,20,35,0.99,0.0193220809227273
"brier",4,20,35,0.995,0.0123608259363636
"brier",4,20,36,0.9,0.184434711318182
"brier",4,20,36,0.91,0.168987531731818
"brier",4,20,36,0.92,0.151652770495455
"brier",4,20,36,0.93,0.135795408740909
"brier",4,20,36,0.94,0.117851533013636
"brier",4,20,36,0.95,0.0997783843136364
"brier",4,20,36,0.96,0.0830133758136364
"brier",4,20,36,0.97,0.0691191349136364
"brier",4,20,36,0.98,0.0516206245
"brier",4,20,36,0.99,0.0369126292
"brier",4,20,36,0.995,0.02682333795
"brier",4,20,37,0.9,0.102170200136364
"brier",4,20,37,0.91,0.0917744785818182
"brier",4,20,37,0.92,0.0824601733363636
"brier",4,20,37,0.93,0.0694086785772727
"brier",4,20,37,0.94,0.0592434231590909
"brier",4,20,37,0.95,0.0500799226045455
"brier",4,20,37,0.96,0.0409395640681818
"brier",4,20,37,0.97,0.0304640962227273
"brier",4,20,37,0.98,0.0209104031045455
"brier",4,20,37,0.99,0.0109091910954545
"brier",4,20,37,0.995,0.00409091301363636
"brier",4,20,38,0.9,0.130180312018182
"brier",4,20,38,0.91,0.120737194154545
"brier",4,20,38,0.92,0.1060384602
"brier",4,20,38,0.93,0.0937407039181818
"brier",4,20,38,0.94,0.08277584515
"brier",4,20,38,0.95,0.0689003089181818
"brier",4,20,38,0.96,0.05424890365
"brier",4,20,38,0.97,0.0404155716909091
"brier",4,20,38,0.98,0.0253903462181818
"brier",4,20,38,0.99,0.0128406012818182
"brier",4,20,38,0.995,0.00641134325454545
"brier",4,20,39,0.9,0.149601273022727
"brier",4,20,39,0.91,0.132593480595455
"brier",4,20,39,0.92,0.116698526536364
"brier",4,20,39,0.93,0.102250597827273
"brier",4,20,39,0.94,0.0871137060681818
"brier",4,20,39,0.95,0.0703819269909091
"brier",4,20,39,0.96,0.0538939214
"brier",4,20,39,0.97,0.0403049296454545
"brier",4,20,39,0.98,0.0217041723954545
"brier",4,20,39,0.99,0.0126851912090909
"brier",4,20,39,0.995,0.00547120647272727
"brier",4,20,40,0.9,0.156031996590909
"brier",4,20,40,0.91,0.141452029968182
"brier",4,20,40,0.92,0.129091402295455
"brier",4,20,40,0.93,0.116859369209091
"brier",4,20,40,0.94,0.0990745972454545
"brier",4,20,40,0.95,0.0852348348590909
"brier",4,20,40,0.96,0.0674945847818182
"brier",4,20,40,0.97,0.0524415838045455
"brier",4,20,40,0.98,0.0380822551863636
"brier",4,20,40,0.99,0.0208572524318182
"brier",4,20,40,0.995,0.01258469695
"brier",4,20,41,0.9,0.133669869863636
"brier",4,20,41,0.91,0.122696753472727
"brier",4,20,41,0.92,0.112030056963636
"brier",4,20,41,0.93,0.101683800913636
"brier",4,20,41,0.94,0.0911575441545455
"brier",4,20,41,0.95,0.0743411922272727
"brier",4,20,41,0.96,0.05933433285
"brier",4,20,41,0.97,0.0464213104318182
"brier",4,20,41,0.98,0.0273181935636364
"brier",4,20,41,0.99,0.0095454557
"brier",4,20,41,0.995,0.00363636363636364
"brier",4,20,42,0.9,0.117490630013636
"brier",4,20,42,0.91,0.103730398568182
"brier",4,20,42,0.92,0.0909499343090909
"brier",4,20,42,0.93,0.0765924521681818
"brier",4,20,42,0.94,0.0628142861363636
"brier",4,20,42,0.95,0.0517559612681818
"brier",4,20,42,0.96,0.0404960532909091
"brier",4,20,42,0.97,0.02929327715
"brier",4,20,42,0.98,0.0203082456363636
"brier",4,20,42,0.99,0.00821105982727273
"brier",4,20,42,0.995,0.00455459781363636
"brier",4,20,43,0.9,0.22167300325
"brier",4,20,43,0.91,0.207078213440909
"brier",4,20,43,0.92,0.192978905968182
"brier",4,20,43,0.93,0.173052266527273
"brier",4,20,43,0.94,0.153200590727273
"brier",4,20,43,0.95,0.134978359840909
"brier",4,20,43,0.96,0.116047223495455
"brier",4,20,43,0.97,0.0932366340772727
"brier",4,20,43,0.98,0.0673983219409091
"brier",4,20,43,0.99,0.0408954421090909
"brier",4,20,43,0.995,0.0225623165863636
"brier",4,20,44,0.9,0.202684243918182
"brier",4,20,44,0.91,0.191625791404545
"brier",4,20,44,0.92,0.181404119581818
"brier",4,20,44,0.93,0.172541718568182
"brier",4,20,44,0.94,0.160897753590909
"brier",4,20,44,0.95,0.150130511722727
"brier",4,20,44,0.96,0.129849181963636
"brier",4,20,44,0.97,0.105670163745455
"brier",4,20,44,0.98,0.0793203542409091
"brier",4,20,44,0.99,0.0442860198681818
"brier",4,20,44,0.995,0.0235521956227273
"brier",4,20,45,0.9,0.209812969709091
"brier",4,20,45,0.91,0.19496615535
"brier",4,20,45,0.92,0.174517181795455
"brier",4,20,45,0.93,0.155575806790909
"brier",4,20,45,0.94,0.131718920809091
"brier",4,20,45,0.95,0.110709919872727
"brier",4,20,45,0.96,0.0921644362
"brier",4,20,45,0.97,0.0770718078772727
"brier",4,20,45,0.98,0.0518038892454545
"brier",4,20,45,0.99,0.0235621709454545
"brier",4,20,45,0.995,0.0132290340318182
"brier",4,20,46,0.9,0.136584271813636
"brier",4,20,46,0.91,0.122115044827273
"brier",4,20,46,0.92,0.108665856386364
"brier",4,20,46,0.93,0.0948032364363636
"brier",4,20,46,0.94,0.0829354863909091
"brier",4,20,46,0.95,0.06861232415
"brier",4,20,46,0.96,0.0544391945727273
"brier",4,20,46,0.97,0.0394016339045455
"brier",4,20,46,0.98,0.0236114199045455
"brier",4,20,46,0.99,0.0104480835363636
"brier",4,20,46,0.995,0.00692704471818182
"brier",4,20,47,0.9,0.171852768781818
"brier",4,20,47,0.91,0.157842626754545
"brier",4,20,47,0.92,0.145086596063636
"brier",4,20,47,0.93,0.133597436777273
"brier",4,20,47,0.94,0.118414560681818
"brier",4,20,47,0.95,0.100230519390909
"brier",4,20,47,0.96,0.0839419047136364
"brier",4,20,47,0.97,0.0635408482954545
"brier",4,20,47,0.98,0.0442667091090909
"brier",4,20,47,0.99,0.0217603428454545
"brier",4,20,47,0.995,0.0112174934772727
"brier",4,20,48,0.9,0.1639686433
"brier",4,20,48,0.91,0.157437715095455
"brier",4,20,48,0.92,0.151195333895455
"brier",4,20,48,0.93,0.141733317454545
"brier",4,20,48,0.94,0.126128240240909
"brier",4,20,48,0.95,0.108640271131818
"brier",4,20,48,0.96,0.0786979286227273
"brier",4,20,48,0.97,0.0526782639636364
"brier",4,20,48,0.98,0.0328266410818182
"brier",4,20,48,0.99,0.0147345257045455
"brier",4,20,48,0.995,0.00741724966818182
"brier",4,20,49,0.9,0.191598102254545
"brier",4,20,49,0.91,0.167935923854545
"brier",4,20,49,0.92,0.1451670343
"brier",4,20,49,0.93,0.1196182787
"brier",4,20,49,0.94,0.0966531525863636
"brier",4,20,49,0.95,0.0743228901045455
"brier",4,20,49,0.96,0.0545065957
"brier",4,20,49,0.97,0.0345454336
"brier",4,20,49,0.98,0.0203551120954545
"brier",4,20,49,0.99,0.0101630516409091
"brier",4,20,49,0.995,0.00454853147272727
"brier",4,20,50,0.9,0.115270165990909
"brier",4,20,50,0.91,0.1027185652
"brier",4,20,50,0.92,0.0906274390681818
"brier",4,20,50,0.93,0.07494828695
"brier",4,20,50,0.94,0.0614502931636364
"brier",4,20,50,0.95,0.0482089285545455
"brier",4,20,50,0.96,0.0404556215818182
"brier",4,20,50,0.97,0.0304545775909091
"brier",4,20,50,0.98,0.0209090915590909
"brier",4,20,50,0.99,0.0131818181863636
"brier",4,20,50,0.995,0.00727272727272727
"brier",5,20,1,0.9,0.138914605054545
"brier",5,20,1,0.91,0.127127896545455
"brier",5,20,1,0.92,0.112929764863636
"brier",5,20,1,0.93,0.102750875263636
"brier",5,20,1,0.94,0.0929256036681818
"brier",5,20,1,0.95,0.0824888089318182
"brier",5,20,1,0.96,0.0724430327
"brier",5,20,1,0.97,0.0599138595136364
"brier",5,20,1,0.98,0.0435390480863636
"brier",5,20,1,0.99,0.0293174826136364
"brier",5,20,1,0.995,0.0204322519272727
"brier",5,20,2,0.9,0.17203151985
"brier",5,20,2,0.91,0.155276382086364
"brier",5,20,2,0.92,0.141137969640909
"brier",5,20,2,0.93,0.123727332936364
"brier",5,20,2,0.94,0.106604650845455
"brier",5,20,2,0.95,0.0933700880863636
"brier",5,20,2,0.96,0.0782846206954545
"brier",5,20,2,0.97,0.0615868876727273
"brier",5,20,2,0.98,0.04877458605
"brier",5,20,2,0.99,0.0287283556727273
"brier",5,20,2,0.995,0.0147462048409091
"brier",5,20,3,0.9,0.102893056781818
"brier",5,20,3,0.91,0.0904002395863636
"brier",5,20,3,0.92,0.0790034079909091
"brier",5,20,3,0.93,0.0708232473681818
"brier",5,20,3,0.94,0.0628346971590909
"brier",5,20,3,0.95,0.0490079712045455
"brier",5,20,3,0.96,0.0391497254590909
"brier",5,20,3,0.97,0.0314029311181818
"brier",5,20,3,0.98,0.0183330598636364
"brier",5,20,3,0.99,0.0116296752363636
"brier",5,20,3,0.995,0.00604509153181818
"brier",5,20,4,0.9,0.198815046772727
"brier",5,20,4,0.91,0.184497394490909
"brier",5,20,4,0.92,0.170750770840909
"brier",5,20,4,0.93,0.15389360555
"brier",5,20,4,0.94,0.134995524177273
"brier",5,20,4,0.95,0.114298303340909
"brier",5,20,4,0.96,0.0918473977818182
"brier",5,20,4,0.97,0.0730912632181818
"brier",5,20,4,0.98,0.0514824010909091
"brier",5,20,4,0.99,0.0299081808863636
"brier",5,20,4,0.995,0.0169472577
"brier",5,20,5,0.9,0.109927673295455
"brier",5,20,5,0.91,0.105368558254545
"brier",5,20,5,0.92,0.100233367204545
"brier",5,20,5,0.93,0.0951481400863636
"brier",5,20,5,0.94,0.0880760945681818
"brier",5,20,5,0.95,0.0823996000863636
"brier",5,20,5,0.96,0.0778642683272727
"brier",5,20,5,0.97,0.0675963632772727
"brier",5,20,5,0.98,0.0420012341409091
"brier",5,20,5,0.99,0.0141692993363636
"brier",5,20,5,0.995,0.00621331615454545
"brier",5,20,6,0.9,0.141570484163636
"brier",5,20,6,0.91,0.128433972104545
"brier",5,20,6,0.92,0.114246670804545
"brier",5,20,6,0.93,0.101179046590909
"brier",5,20,6,0.94,0.0863403289590909
"brier",5,20,6,0.95,0.0736043177136364
"brier",5,20,6,0.96,0.0623708825454545
"brier",5,20,6,0.97,0.0514727323727273
"brier",5,20,6,0.98,0.0425031424363636
"brier",5,20,6,0.99,0.0300444965363636
"brier",5,20,6,0.995,0.0254661844590909
"brier",5,20,7,0.9,0.167726940931818
"brier",5,20,7,0.91,0.153922091627273
"brier",5,20,7,0.92,0.140213112690909
"brier",5,20,7,0.93,0.124936961781818
"brier",5,20,7,0.94,0.115723082390909
"brier",5,20,7,0.95,0.10150639125
"brier",5,20,7,0.96,0.0829689615272727
"brier",5,20,7,0.97,0.0664832215772727
"brier",5,20,7,0.98,0.0495365480181818
"brier",5,20,7,0.99,0.03721215795
"brier",5,20,7,0.995,0.0272729738272727
"brier",5,20,8,0.9,0.174355925454545
"brier",5,20,8,0.91,0.159094606331818
"brier",5,20,8,0.92,0.144073705445455
"brier",5,20,8,0.93,0.134507763013636
"brier",5,20,8,0.94,0.122938491159091
"brier",5,20,8,0.95,0.109532984095455
"brier",5,20,8,0.96,0.0946934902727273
"brier",5,20,8,0.97,0.0831126310636364
"brier",5,20,8,0.98,0.0685950307181818
"brier",5,20,8,0.99,0.0531942575318182
"brier",5,20,8,0.995,0.0422634267909091
"brier",5,20,9,0.9,0.109902883490909
"brier",5,20,9,0.91,0.0967516588772727
"brier",5,20,9,0.92,0.0854184999363636
"brier",5,20,9,0.93,0.0729193114409091
"brier",5,20,9,0.94,0.0633150205727273
"brier",5,20,9,0.95,0.0528013148409091
"brier",5,20,9,0.96,0.0430631415954545
"brier",5,20,9,0.97,0.0335463350636364
"brier",5,20,9,0.98,0.0209364586636364
"brier",5,20,9,0.99,0.0086364468
"brier",5,20,9,0.995,0.00545454644090909
"brier",5,20,10,0.9,0.176661190781818
"brier",5,20,10,0.91,0.162881074540909
"brier",5,20,10,0.92,0.149460216231818
"brier",5,20,10,0.93,0.133576779145455
"brier",5,20,10,0.94,0.116296065981818
"brier",5,20,10,0.95,0.0969048115954545
"brier",5,20,10,0.96,0.0781922149772727
"brier",5,20,10,0.97,0.0621278884954545
"brier",5,20,10,0.98,0.0458926761318182
"brier",5,20,10,0.99,0.0349699512272727
"brier",5,20,10,0.995,0.0272995937318182
"brier",5,20,11,0.9,0.131575154727273
"brier",5,20,11,0.91,0.115514726572727
"brier",5,20,11,0.92,0.0997822531863636
"brier",5,20,11,0.93,0.0845555574090909
"brier",5,20,11,0.94,0.0698746325636364
"brier",5,20,11,0.95,0.0567065738636364
"brier",5,20,11,0.96,0.0454133091772727
"brier",5,20,11,0.97,0.0339491847045455
"brier",5,20,11,0.98,0.0244610835772727
"brier",5,20,11,0.99,0.0137994991454545
"brier",5,20,11,0.995,0.00701605656363636
"brier",5,20,12,0.9,0.145160366859091
"brier",5,20,12,0.91,0.133603430836364
"brier",5,20,12,0.92,0.122893927095455
"brier",5,20,12,0.93,0.114255486068182
"brier",5,20,12,0.94,0.106197428904545
"brier",5,20,12,0.95,0.0994051009772727
"brier",5,20,12,0.96,0.0848974922909091
"brier",5,20,12,0.97,0.0621667749227273
"brier",5,20,12,0.98,0.0298295461181818
"brier",5,20,12,0.99,0.00957652668181818
"brier",5,20,12,0.995,0.00545454739545455
"brier",5,20,13,0.9,0.144125546954545
"brier",5,20,13,0.91,0.130614995904545
"brier",5,20,13,0.92,0.116922744977273
"brier",5,20,13,0.93,0.102896224895455
"brier",5,20,13,0.94,0.0921624226409091
"brier",5,20,13,0.95,0.0787123435772727
"brier",5,20,13,0.96,0.0655655259818182
"brier",5,20,13,0.97,0.0539431960181818
"brier",5,20,13,0.98,0.0433448823545455
"brier",5,20,13,0.99,0.0319216485
"brier",5,20,13,0.995,0.0246647256909091
"brier",5,20,14,0.9,0.1976781444
"brier",5,20,14,0.91,0.184685102663636
"brier",5,20,14,0.92,0.172011136554545
"brier",5,20,14,0.93,0.155150768027273
"brier",5,20,14,0.94,0.139288748895455
"brier",5,20,14,0.95,0.117537386422727
"brier",5,20,14,0.96,0.0969813019090909
"brier",5,20,14,0.97,0.0806198035090909
"brier",5,20,14,0.98,0.0623237699045455
"brier",5,20,14,0.99,0.0491201826909091
"brier",5,20,14,0.995,0.0410838429590909
"brier",5,20,15,0.9,0.164212371740909
"brier",5,20,15,0.91,0.135449406913636
"brier",5,20,15,0.92,0.108194348859091
"brier",5,20,15,0.93,0.0880342952954545
"brier",5,20,15,0.94,0.0678957614363636
"brier",5,20,15,0.95,0.0534071473181818
"brier",5,20,15,0.96,0.0431673487909091
"brier",5,20,15,0.97,0.0348952382681818
"brier",5,20,15,0.98,0.0379630322818182
"brier",5,20,15,0.99,0.0179160796318182
"brier",5,20,15,0.995,0.00749238346818182
"brier",5,20,16,0.9,0.219971997963636
"brier",5,20,16,0.91,0.20823176405
"brier",5,20,16,0.92,0.191153967259091
"brier",5,20,16,0.93,0.172282821572727
"brier",5,20,16,0.94,0.152185391845455
"brier",5,20,16,0.95,0.128101403309091
"brier",5,20,16,0.96,0.1006339039
"brier",5,20,16,0.97,0.0764348420136364
"brier",5,20,16,0.98,0.0461828558045455
"brier",5,20,16,0.99,0.0242801697318182
"brier",5,20,16,0.995,0.0136713173181818
"brier",5,20,17,0.9,0.107808573890909
"brier",5,20,17,0.91,0.0953965178863636
"brier",5,20,17,0.92,0.0785299721272727
"brier",5,20,17,0.93,0.0605550393818182
"brier",5,20,17,0.94,0.0448949130681818
"brier",5,20,17,0.95,0.0344561243727273
"brier",5,20,17,0.96,0.0270042839954545
"brier",5,20,17,0.97,0.0295779849772727
"brier",5,20,17,0.98,0.0309110699409091
"brier",5,20,17,0.99,0.0281502104636364
"brier",5,20,17,0.995,0.00983988397727273
"brier",5,20,18,0.9,0.167546708036364
"brier",5,20,18,0.91,0.152275481759091
"brier",5,20,18,0.92,0.136559522459091
"brier",5,20,18,0.93,0.118058207836364
"brier",5,20,18,0.94,0.101783293790909
"brier",5,20,18,0.95,0.0875976281409091
"brier",5,20,18,0.96,0.0704579250136364
"brier",5,20,18,0.97,0.0517941356318182
"brier",5,20,18,0.98,0.0376420570727273
"brier",5,20,18,0.99,0.0200029680590909
"brier",5,20,18,0.995,0.0129316641136364
"brier",5,20,19,0.9,0.187253143272727
"brier",5,20,19,0.91,0.165984828754545
"brier",5,20,19,0.92,0.137695130190909
"brier",5,20,19,0.93,0.103306178663636
"brier",5,20,19,0.94,0.0738980982409091
"brier",5,20,19,0.95,0.0536978814363636
"brier",5,20,19,0.96,0.0396654824727273
"brier",5,20,19,0.97,0.02905413785
"brier",5,20,19,0.98,0.0209513447954545
"brier",5,20,19,0.99,0.0100007311727273
"brier",5,20,19,0.995,0.00500000871818182
"brier",5,20,20,0.9,0.08981870275
"brier",5,20,20,0.91,0.0785912811772727
"brier",5,20,20,0.92,0.0648746339318182
"brier",5,20,20,0.93,0.0528372158045455
"brier",5,20,20,0.94,0.0430613074
"brier",5,20,20,0.95,0.0316501334909091
"brier",5,20,20,0.96,0.0191883384272727
"brier",5,20,20,0.97,0.0115133173045455
"brier",5,20,20,0.98,0.00798151942727273
"brier",5,20,20,0.99,0.00562013417272727
"brier",5,20,20,0.995,0.00653685725909091
"brier",5,20,21,0.9,0.144856201536364
"brier",5,20,21,0.91,0.127336754736364
"brier",5,20,21,0.92,0.108521670704545
"brier",5,20,21,0.93,0.0931930878318182
"brier",5,20,21,0.94,0.0761242935590909
"brier",5,20,21,0.95,0.0594852560909091
"brier",5,20,21,0.96,0.0420868113909091
"brier",5,20,21,0.97,0.0284342221363636
"brier",5,20,21,0.98,0.0163164221181818
"brier",5,20,21,0.99,0.00914571325454545
"brier",5,20,21,0.995,0.00182625567272727
"brier",5,20,22,0.9,0.180471798895455
"brier",5,20,22,0.91,0.163338765595455
"brier",5,20,22,0.92,0.142164382086364
"brier",5,20,22,0.93,0.109389086104545
"brier",5,20,22,0.94,0.0732878250318182
"brier",5,20,22,0.95,0.0420529594227273
"brier",5,20,22,0.96,0.0338688481590909
"brier",5,20,22,0.97,0.0295684536954545
"brier",5,20,22,0.98,0.0222521050090909
"brier",5,20,22,0.99,0.00909090915
"brier",5,20,22,0.995,0.00500000000909091
"brier",5,20,23,0.9,0.100848251259091
"brier",5,20,23,0.91,0.0946979430409091
"brier",5,20,23,0.92,0.0867606818818182
"brier",5,20,23,0.93,0.07869126535
"brier",5,20,23,0.94,0.0671565174636364
"brier",5,20,23,0.95,0.0577470960136364
"brier",5,20,23,0.96,0.0434703786454545
"brier",5,20,23,0.97,0.0308431371318182
"brier",5,20,23,0.98,0.0222880511409091
"brier",5,20,23,0.99,0.0105275357454545
"brier",5,20,23,0.995,0.00547111505
"brier",5,20,24,0.9,0.20265873595
"brier",5,20,24,0.91,0.191597449872727
"brier",5,20,24,0.92,0.179209768059091
"brier",5,20,24,0.93,0.164715250822727
"brier",5,20,24,0.94,0.146591634463636
"brier",5,20,24,0.95,0.12911335165
"brier",5,20,24,0.96,0.113320355972727
"brier",5,20,24,0.97,0.0936367741954545
"brier",5,20,24,0.98,0.0645673145727273
"brier",5,20,24,0.99,0.0361309350636364
"brier",5,20,24,0.995,0.0252579517363636
"brier",5,20,25,0.9,0.1515810801
"brier",5,20,25,0.91,0.13908091265
"brier",5,20,25,0.92,0.12286005925
"brier",5,20,25,0.93,0.107758712427273
"brier",5,20,25,0.94,0.0957454901863636
"brier",5,20,25,0.95,0.0827249416545455
"brier",5,20,25,0.96,0.0702450679954545
"brier",5,20,25,0.97,0.0580108505954545
"brier",5,20,25,0.98,0.0455596478727273
"brier",5,20,25,0.99,0.0283589540272727
"brier",5,20,25,0.995,0.0135561833227273
"brier",5,20,26,0.9,0.169539836386364
"brier",5,20,26,0.91,0.150253879754545
"brier",5,20,26,0.92,0.131343489372727
"brier",5,20,26,0.93,0.105536390386364
"brier",5,20,26,0.94,0.0826657146772727
"brier",5,20,26,0.95,0.0687788214318182
"brier",5,20,26,0.96,0.0517698384727273
"brier",5,20,26,0.97,0.03090909105
"brier",5,20,26,0.98,0.0190909090909091
"brier",5,20,26,0.99,0.00818181818181818
"brier",5,20,26,0.995,0.00454545454545455
"brier",5,20,27,0.9,0.193946039140909
"brier",5,20,27,0.91,0.178249844345455
"brier",5,20,27,0.92,0.157215784336364
"brier",5,20,27,0.93,0.139743147404545
"brier",5,20,27,0.94,0.120401135909091
"brier",5,20,27,0.95,0.100799635531818
"brier",5,20,27,0.96,0.0783060520590909
"brier",5,20,27,0.97,0.0594565379772727
"brier",5,20,27,0.98,0.0403358111090909
"brier",5,20,27,0.99,0.0316016693681818
"brier",5,20,27,0.995,0.0257406269045455
"brier",5,20,28,0.9,0.133802547
"brier",5,20,28,0.91,0.123543623081818
"brier",5,20,28,0.92,0.109780152881818
"brier",5,20,28,0.93,0.0964024699181818
"brier",5,20,28,0.94,0.0872444287727273
"brier",5,20,28,0.95,0.0778203149909091
"brier",5,20,28,0.96,0.06941219755
"brier",5,20,28,0.97,0.0559653456590909
"brier",5,20,28,0.98,0.0436845261545455
"brier",5,20,28,0.99,0.0287142497863636
"brier",5,20,28,0.995,0.0181594178409091
"brier",5,20,29,0.9,0.158314278036364
"brier",5,20,29,0.91,0.142633659390909
"brier",5,20,29,0.92,0.129488801754545
"brier",5,20,29,0.93,0.112932177704545
"brier",5,20,29,0.94,0.0983828585136364
"brier",5,20,29,0.95,0.0802278788045455
"brier",5,20,29,0.96,0.0649530643181818
"brier",5,20,29,0.97,0.04921287605
"brier",5,20,29,0.98,0.0391254998727273
"brier",5,20,29,0.99,0.0242764701909091
"brier",5,20,29,0.995,0.00996936808181818
"brier",5,20,30,0.9,0.141083040495455
"brier",5,20,30,0.91,0.124345733
"brier",5,20,30,0.92,0.105539277831818
"brier",5,20,30,0.93,0.0897713682
"brier",5,20,30,0.94,0.0730613200863636
"brier",5,20,30,0.95,0.0569018060409091
"brier",5,20,30,0.96,0.0431864700727273
"brier",5,20,30,0.97,0.0310333393227273
"brier",5,20,30,0.98,0.0201209573454545
"brier",5,20,30,0.99,0.00958794743636364
"brier",5,20,30,0.995,0.0027337836
"brier",5,20,31,0.9,0.168796700309091
"brier",5,20,31,0.91,0.161010232113636
"brier",5,20,31,0.92,0.14871556995
"brier",5,20,31,0.93,0.135284398327273
"brier",5,20,31,0.94,0.122220909936364
"brier",5,20,31,0.95,0.110301802263636
"brier",5,20,31,0.96,0.0927120257818182
"brier",5,20,31,0.97,0.0766070775636364
"brier",5,20,31,0.98,0.05838334115
"brier",5,20,31,0.99,0.03899172785
"brier",5,20,31,0.995,0.0317528071136364
"brier",5,20,32,0.9,0.176491092627273
"brier",5,20,32,0.91,0.162142906054545
"brier",5,20,32,0.92,0.146291876145455
"brier",5,20,32,0.93,0.126793509881818
"brier",5,20,32,0.94,0.10824898385
"brier",5,20,32,0.95,0.09039258725
"brier",5,20,32,0.96,0.0706872235090909
"brier",5,20,32,0.97,0.0431841018681818
"brier",5,20,32,0.98,0.0201099059954545
"brier",5,20,32,0.99,0.0109091405590909
"brier",5,20,32,0.995,0.00590909321818182
"brier",5,20,33,0.9,0.170152854059091
"brier",5,20,33,0.91,0.155521920022727
"brier",5,20,33,0.92,0.143258217677273
"brier",5,20,33,0.93,0.129955811072727
"brier",5,20,33,0.94,0.112738606127273
"brier",5,20,33,0.95,0.09205790375
"brier",5,20,33,0.96,0.0708024925590909
"brier",5,20,33,0.97,0.0515702140181818
"brier",5,20,33,0.98,0.0204740102409091
"brier",5,20,33,0.99,0.0104545457772727
"brier",5,20,33,0.995,0.00500000006818182
"brier",5,20,34,0.9,0.14545178635
"brier",5,20,34,0.91,0.137790376781818
"brier",5,20,34,0.92,0.129332112459091
"brier",5,20,34,0.93,0.122240148809091
"brier",5,20,34,0.94,0.109971197831818
"brier",5,20,34,0.95,0.0997036400136364
"brier",5,20,34,0.96,0.0851683072545455
"brier",5,20,34,0.97,0.0715442567590909
"brier",5,20,34,0.98,0.0549256386590909
"brier",5,20,34,0.99,0.0394239692363636
"brier",5,20,34,0.995,0.0258713824
"brier",5,20,35,0.9,0.160555571163636
"brier",5,20,35,0.91,0.14874147565
"brier",5,20,35,0.92,0.138632881836364
"brier",5,20,35,0.93,0.125441534227273
"brier",5,20,35,0.94,0.115526370781818
"brier",5,20,35,0.95,0.0963315791272727
"brier",5,20,35,0.96,0.0758971851636364
"brier",5,20,35,0.97,0.0577906847545455
"brier",5,20,35,0.98,0.0392693703545455
"brier",5,20,35,0.99,0.0241674442181818
"brier",5,20,35,0.995,0.0150177811590909
"brier",5,20,36,0.9,0.186224778690909
"brier",5,20,36,0.91,0.171554490859091
"brier",5,20,36,0.92,0.154640428813636
"brier",5,20,36,0.93,0.13855915285
"brier",5,20,36,0.94,0.120405063804545
"brier",5,20,36,0.95,0.101449688145455
"brier",5,20,36,0.96,0.0832733667090909
"brier",5,20,36,0.97,0.0685225526772727
"brier",5,20,36,0.98,0.0514814945227273
"brier",5,20,36,0.99,0.0374130019409091
"brier",5,20,36,0.995,0.0272326487818182
"brier",5,20,37,0.9,0.102107853013636
"brier",5,20,37,0.91,0.0917848149636364
"brier",5,20,37,0.92,0.0824622724318182
"brier",5,20,37,0.93,0.0693848275227273
"brier",5,20,37,0.94,0.0592232487272727
"brier",5,20,37,0.95,0.0500655584636364
"brier",5,20,37,0.96,0.0409322561818182
"brier",5,20,37,0.97,0.0304609375090909
"brier",5,20,37,0.98,0.0209099697409091
"brier",5,20,37,0.99,0.0109091513
"brier",5,20,37,0.995,0.00409091439090909
"brier",5,20,38,0.9,0.129724223190909
"brier",5,20,38,0.91,0.12065074545
"brier",5,20,38,0.92,0.106200014986364
"brier",5,20,38,0.93,0.0941065534409091
"brier",5,20,38,0.94,0.0834076226090909
"brier",5,20,38,0.95,0.0697587187045455
"brier",5,20,38,0.96,0.0553411083090909
"brier",5,20,38,0.97,0.0420682840409091
"brier",5,20,38,0.98,0.0272072677
"brier",5,20,38,0.99,0.0130839381045455
"brier",5,20,38,0.995,0.00578620575909091
"brier",5,20,39,0.9,0.148461681309091
"brier",5,20,39,0.91,0.131894868881818
"brier",5,20,39,0.92,0.116450712590909
"brier",5,20,39,0.93,0.102170029445455
"brier",5,20,39,0.94,0.0869625564545455
"brier",5,20,39,0.95,0.0698774325227273
"brier",5,20,39,0.96,0.0532060216090909
"brier",5,20,39,0.97,0.0395660464318182
"brier",5,20,39,0.98,0.0210490737954545
"brier",5,20,39,0.99,0.0124616457227273
"brier",5,20,39,0.995,0.00543497150909091
"brier",5,20,40,0.9,0.154913247259091
"brier",5,20,40,0.91,0.141239584886364
"brier",5,20,40,0.92,0.12952808845
"brier",5,20,40,0.93,0.117718161381818
"brier",5,20,40,0.94,0.100809556327273
"brier",5,20,40,0.95,0.0873119665863636
"brier",5,20,40,0.96,0.0697456180590909
"brier",5,20,40,0.97,0.0543759840909091
"brier",5,20,40,0.98,0.0397007529272727
"brier",5,20,40,0.99,0.0214090322954545
"brier",5,20,40,0.995,0.0119135724227273
"brier",5,20,41,0.9,0.132202521895455
"brier",5,20,41,0.91,0.123196095240909
"brier",5,20,41,0.92,0.114219989831818
"brier",5,20,41,0.93,0.104376850945455
"brier",5,20,41,0.94,0.0927321429090909
"brier",5,20,41,0.95,0.0740591788454545
"brier",5,20,41,0.96,0.0597246796681818
"brier",5,20,41,0.97,0.0482931510909091
"brier",5,20,41,0.98,0.0303062933954545
"brier",5,20,41,0.99,0.00954545454545455
"brier",5,20,41,0.995,0.00363636363636364
"brier",5,20,42,0.9,0.118782660845455
"brier",5,20,42,0.91,0.10392631315
"brier",5,20,42,0.92,0.0897176566681818
"brier",5,20,42,0.93,0.0742801399727273
"brier",5,20,42,0.94,0.0603502386863636
"brier",5,20,42,0.95,0.0493856334181818
"brier",5,20,42,0.96,0.03873468475
"brier",5,20,42,0.97,0.0282564473409091
"brier",5,20,42,0.98,0.0199367778954545
"brier",5,20,42,0.99,0.00818014105454546
"brier",5,20,42,0.995,0.00454645228636364
"brier",5,20,43,0.9,0.219730458668182
"brier",5,20,43,0.91,0.206260443422727
"brier",5,20,43,0.92,0.19310234125
"brier",5,20,43,0.93,0.174714402513636
"brier",5,20,43,0.94,0.155678013736364
"brier",5,20,43,0.95,0.137704413240909
"brier",5,20,43,0.96,0.119412158831818
"brier",5,20,43,0.97,0.0977193579045455
"brier",5,20,43,0.98,0.0718577288681818
"brier",5,20,43,0.99,0.0415644785909091
"brier",5,20,43,0.995,0.0203607047227273
"brier",5,20,44,0.9,0.206405153295455
"brier",5,20,44,0.91,0.19454237595
"brier",5,20,44,0.92,0.183241241990909
"brier",5,20,44,0.93,0.173819095931818
"brier",5,20,44,0.94,0.161059487613636
"brier",5,20,44,0.95,0.149541795236364
"brier",5,20,44,0.96,0.128306170695455
"brier",5,20,44,0.97,0.103633096027273
"brier",5,20,44,0.98,0.0755727552227273
"brier",5,20,44,0.99,0.0413212047272727
"brier",5,20,44,0.995,0.0214249458727273
"brier",5,20,45,0.9,0.207352050113636
"brier",5,20,45,0.91,0.192459285418182
"brier",5,20,45,0.92,0.172703195454545
"brier",5,20,45,0.93,0.154511645513636
"brier",5,20,45,0.94,0.132007971604545
"brier",5,20,45,0.95,0.112514671527273
"brier",5,20,45,0.96,0.0948689890545455
"brier",5,20,45,0.97,0.0794878870181818
"brier",5,20,45,0.98,0.0533192036727273
"brier",5,20,45,0.99,0.0240525090409091
"brier",5,20,45,0.995,0.0116189737318182
"brier",5,20,46,0.9,0.137548215145455
"brier",5,20,46,0.91,0.122591608236364
"brier",5,20,46,0.92,0.108319324559091
"brier",5,20,46,0.93,0.0937878638772727
"brier",5,20,46,0.94,0.0809182437818182
"brier",5,20,46,0.95,0.0656535738772727
"brier",5,20,46,0.96,0.0517631049318182
"brier",5,20,46,0.97,0.0377258958727273
"brier",5,20,46,0.98,0.0227908107545455
"brier",5,20,46,0.99,0.0101020781090909
"brier",5,20,46,0.995,0.00674340526818182
"brier",5,20,47,0.9,0.168930066104545
"brier",5,20,47,0.91,0.155675338618182
"brier",5,20,47,0.92,0.14338909535
"brier",5,20,47,0.93,0.132768562931818
"brier",5,20,47,0.94,0.118802895931818
"brier",5,20,47,0.95,0.101494352236364
"brier",5,20,47,0.96,0.0859085345045455
"brier",5,20,47,0.97,0.0656753469318182
"brier",5,20,47,0.98,0.0457472322090909
"brier",5,20,47,0.99,0.0221877844409091
"brier",5,20,47,0.995,0.0107232615454545
"brier",5,20,48,0.9,0.161773767013636
"brier",5,20,48,0.91,0.1550368589
"brier",5,20,48,0.92,0.148473497572727
"brier",5,20,48,0.93,0.13920737125
"brier",5,20,48,0.94,0.124096047677273
"brier",5,20,48,0.95,0.108858764681818
"brier",5,20,48,0.96,0.0852200030136364
"brier",5,20,48,0.97,0.0574833585454545
"brier",5,20,48,0.98,0.0312100939
"brier",5,20,48,0.99,0.0113354366636364
"brier",5,20,48,0.995,0.00511708245909091
"brier",5,20,49,0.9,0.191916889227273
"brier",5,20,49,0.91,0.168937380759091
"brier",5,20,49,0.92,0.147070252154545
"brier",5,20,49,0.93,0.121599596409091
"brier",5,20,49,0.94,0.0975023890045455
"brier",5,20,49,0.95,0.0731952700636364
"brier",5,20,49,0.96,0.0515772738863636
"brier",5,20,49,0.97,0.0317745843318182
"brier",5,20,49,0.98,0.0191954112272727
"brier",5,20,49,0.99,0.01006080555
"brier",5,20,49,0.995,0.00454595264545455
"brier",5,20,50,0.9,0.120496657454545
"brier",5,20,50,0.91,0.106975459404545
"brier",5,20,50,0.92,0.0924469892772727
"brier",5,20,50,0.93,0.0728496728636364
"brier",5,20,50,0.94,0.0608637320272727
"brier",5,20,50,0.95,0.0481780092909091
"brier",5,20,50,0.96,0.0404538184954545
"brier",5,20,50,0.97,0.0304544545818182
"brier",5,20,50,0.98,0.0209090909181818
"brier",5,20,50,0.99,0.0131818181863636
"brier",5,20,50,0.995,0.00727272727727273
"quant",1,0,1,0.9,1.86813082711694
"quant",1,0,1,0.91,1.72230945396077
"quant",1,0,1,0.92,1.56506035837149
"quant",1,0,1,0.93,1.39968506933152
"quant",1,0,1,0.94,1.22890635728369
"quant",1,0,1,0.95,1.05257371036964
"quant",1,0,1,0.96,0.864299961334483
"quant",1,0,1,0.97,0.700260385818677
"quant",1,0,1,0.98,0.527888811308522
"quant",1,0,1,0.99,0.304495810690047
"quant",1,0,1,0.995,0.160396141955991
"quant",1,0,2,0.9,1.57513293771371
"quant",1,0,2,0.91,1.4721137530416
"quant",1,0,2,0.92,1.35975427782602
"quant",1,0,2,0.93,1.23893455871363
"quant",1,0,2,0.94,1.11506171724471
"quant",1,0,2,0.95,0.98212722483632
"quant",1,0,2,0.96,0.839624141026229
"quant",1,0,2,0.97,0.675765635739437
"quant",1,0,2,0.98,0.486742073867769
"quant",1,0,2,0.99,0.271261775494611
"quant",1,0,2,0.995,0.143960304115349
"quant",1,0,3,0.9,1.77190592600566
"quant",1,0,3,0.91,1.65294589435213
"quant",1,0,3,0.92,1.52874571956897
"quant",1,0,3,0.93,1.39719608473049
"quant",1,0,3,0.94,1.25854230520284
"quant",1,0,3,0.95,1.1118380566327
"quant",1,0,3,0.96,0.953097079146366
"quant",1,0,3,0.97,0.778905182431678
"quant",1,0,3,0.98,0.590701709905698
"quant",1,0,3,0.99,0.369749933484909
"quant",1,0,3,0.995,0.233226473812477
"quant",1,0,4,0.9,1.61074018412536
"quant",1,0,4,0.91,1.50088367748058
"quant",1,0,4,0.92,1.38498269268732
"quant",1,0,4,0.93,1.26444444842519
"quant",1,0,4,0.94,1.13822759251947
"quant",1,0,4,0.95,1.00190160746641
"quant",1,0,4,0.96,0.854115472776914
"quant",1,0,4,0.97,0.689697565637782
"quant",1,0,4,0.98,0.517291062140147
"quant",1,0,4,0.99,0.300770146300209
"quant",1,0,4,0.995,0.165302426801733
"quant",1,0,5,0.9,1.64127493377797
"quant",1,0,5,0.91,1.53646642792357
"quant",1,0,5,0.92,1.43848560542593
"quant",1,0,5,0.93,1.35531385937662
"quant",1,0,5,0.94,1.23213305155042
"quant",1,0,5,0.95,1.08523489856688
"quant",1,0,5,0.96,0.911488551009594
"quant",1,0,5,0.97,0.71849912600729
"quant",1,0,5,0.98,0.505956236334227
"quant",1,0,5,0.99,0.272715125285029
"quant",1,0,5,0.995,0.145556917073088
"quant",1,0,6,0.9,1.8770897082042
"quant",1,0,6,0.91,1.75846337538232
"quant",1,0,6,0.92,1.6310825031278
"quant",1,0,6,0.93,1.4931321915907
"quant",1,0,6,0.94,1.34459006203903
"quant",1,0,6,0.95,1.18150625089404
"quant",1,0,6,0.96,1.00159474549632
"quant",1,0,6,0.97,0.806809189335804
"quant",1,0,6,0.98,0.601432117450211
"quant",1,0,6,0.99,0.415305457008807
"quant",1,0,6,0.995,0.218322941701852
"quant",1,0,7,0.9,2.24839623293657
"quant",1,0,7,0.91,2.09658988988357
"quant",1,0,7,0.92,1.93409795123895
"quant",1,0,7,0.93,1.75822318359698
"quant",1,0,7,0.94,1.56634400666086
"quant",1,0,7,0.95,1.3687497364575
"quant",1,0,7,0.96,1.16144955491315
"quant",1,0,7,0.97,0.942195912479776
"quant",1,0,7,0.98,0.68343682694571
"quant",1,0,7,0.99,0.37993147301304
"quant",1,0,7,0.995,0.199114891318496
"quant",1,0,8,0.9,1.43842419012071
"quant",1,0,8,0.91,1.34080593089779
"quant",1,0,8,0.92,1.2402949990337
"quant",1,0,8,0.93,1.13639237897637
"quant",1,0,8,0.94,1.02732565790038
"quant",1,0,8,0.95,0.916884596420012
"quant",1,0,8,0.96,0.808665113358825
"quant",1,0,8,0.97,0.689474098534549
"quant",1,0,8,0.98,0.662392339624307
"quant",1,0,8,0.99,0.473000819779136
"quant",1,0,8,0.995,0.247581074089531
"quant",1,0,9,0.9,2.21027752256009
"quant",1,0,9,0.91,2.09365789406227
"quant",1,0,9,0.92,1.97093851345586
"quant",1,0,9,0.93,1.84108521642919
"quant",1,0,9,0.94,1.70375343115521
"quant",1,0,9,0.95,1.56067204209861
"quant",1,0,9,0.96,1.40488598304764
"quant",1,0,9,0.97,1.23472992030712
"quant",1,0,9,0.98,1.04702359180385
"quant",1,0,9,0.99,0.821381961330695
"quant",1,0,9,0.995,0.680298635435949
"quant",1,0,10,0.9,1.57749595557179
"quant",1,0,10,0.91,1.47719276123157
"quant",1,0,10,0.92,1.36943288991217
"quant",1,0,10,0.93,1.25219925765485
"quant",1,0,10,0.94,1.1239446470659
"quant",1,0,10,0.95,0.984595606418112
"quant",1,0,10,0.96,0.83517993564412
"quant",1,0,10,0.97,0.673263752519969
"quant",1,0,10,0.98,0.516876987197434
"quant",1,0,10,0.99,0.304317165956042
"quant",1,0,10,0.995,0.161881868348651
"quant",1,0,11,0.9,2.30623292932564
"quant",1,0,11,0.91,2.16560495445417
"quant",1,0,11,0.92,2.01385752865354
"quant",1,0,11,0.93,1.85106966912563
"quant",1,0,11,0.94,1.67502549275863
"quant",1,0,11,0.95,1.4852041418846
"quant",1,0,11,0.96,1.27594467304859
"quant",1,0,11,0.97,1.04167538048045
"quant",1,0,11,0.98,0.759909761633204
"quant",1,0,11,0.99,0.431986544144462
"quant",1,0,11,0.995,0.256738140635118
"quant",1,0,12,0.9,2.16070233544044
"quant",1,0,12,0.91,2.03965553417108
"quant",1,0,12,0.92,1.91272677547304
"quant",1,0,12,0.93,1.77288136510254
"quant",1,0,12,0.94,1.62975906214873
"quant",1,0,12,0.95,1.4718933119538
"quant",1,0,12,0.96,1.26530629594704
"quant",1,0,12,0.97,1.02571050751082
"quant",1,0,12,0.98,0.755731412105039
"quant",1,0,12,0.99,0.446886998009632
"quant",1,0,12,0.995,0.27144980462824
"quant",1,0,13,0.9,1.33732866571315
"quant",1,0,13,0.91,1.25754317664078
"quant",1,0,13,0.92,1.1704358780633
"quant",1,0,13,0.93,1.07440990947523
"quant",1,0,13,0.94,0.969312234995146
"quant",1,0,13,0.95,0.850903471969244
"quant",1,0,13,0.96,0.718110216823041
"quant",1,0,13,0.97,0.565607706894818
"quant",1,0,13,0.98,0.409530351244189
"quant",1,0,13,0.99,0.261168432153739
"quant",1,0,13,0.995,0.140088732753772
"quant",1,0,14,0.9,1.80189151257457
"quant",1,0,14,0.91,1.68670798430851
"quant",1,0,14,0.92,1.56428340939488
"quant",1,0,14,0.93,1.43652926035231
"quant",1,0,14,0.94,1.30338635662261
"quant",1,0,14,0.95,1.16829842073289
"quant",1,0,14,0.96,1.06085000039274
"quant",1,0,14,0.97,0.926172694998007
"quant",1,0,14,0.98,0.780460410444283
"quant",1,0,14,0.99,0.488944604999307
"quant",1,0,14,0.995,0.255817050707422
"quant",1,0,15,0.9,1.77590724622475
"quant",1,0,15,0.91,1.66887945038683
"quant",1,0,15,0.92,1.5562310944275
"quant",1,0,15,0.93,1.43721530649679
"quant",1,0,15,0.94,1.31098894445132
"quant",1,0,15,0.95,1.17453475086297
"quant",1,0,15,0.96,1.02496398269975
"quant",1,0,15,0.97,0.859326516317609
"quant",1,0,15,0.98,0.652357928600479
"quant",1,0,15,0.99,0.371415702471384
"quant",1,0,15,0.995,0.204128655604965
"quant",1,0,16,0.9,1.61177127681062
"quant",1,0,16,0.91,1.50682137353858
"quant",1,0,16,0.92,1.39344047176715
"quant",1,0,16,0.93,1.27219758910109
"quant",1,0,16,0.94,1.1392856752813
"quant",1,0,16,0.95,0.994807833189481
"quant",1,0,16,0.96,0.837296975181958
"quant",1,0,16,0.97,0.664269128756623
"quant",1,0,16,0.98,0.470549786030214
"quant",1,0,16,0.99,0.255534479524111
"quant",1,0,16,0.995,0.136114667196011
"quant",1,0,17,0.9,2.45938821283804
"quant",1,0,17,0.91,2.32408441861812
"quant",1,0,17,0.92,2.18145148274575
"quant",1,0,17,0.93,2.02972582831898
"quant",1,0,17,0.94,1.86935073489758
"quant",1,0,17,0.95,1.69199422874597
"quant",1,0,17,0.96,1.49407736378158
"quant",1,0,17,0.97,1.265021359133
"quant",1,0,17,0.98,0.873891224297566
"quant",1,0,17,0.99,0.501003647526544
"quant",1,0,17,0.995,0.282701411559573
"quant",1,0,18,0.9,1.70495825907332
"quant",1,0,18,0.91,1.5831614013068
"quant",1,0,18,0.92,1.45463671738295
"quant",1,0,18,0.93,1.3181680219919
"quant",1,0,18,0.94,1.17275592684651
"quant",1,0,18,0.95,1.01888831151441
"quant",1,0,18,0.96,0.854667515341961
"quant",1,0,18,0.97,0.679502526021907
"quant",1,0,18,0.98,0.519963601716169
"quant",1,0,18,0.99,0.311156905009854
"quant",1,0,18,0.995,0.166628289738963
"quant",1,0,19,0.9,1.91100471993228
"quant",1,0,19,0.91,1.80032606515356
"quant",1,0,19,0.92,1.68001774496439
"quant",1,0,19,0.93,1.54894771411305
"quant",1,0,19,0.94,1.40773201420205
"quant",1,0,19,0.95,1.25407164718819
"quant",1,0,19,0.96,1.08494329318598
"quant",1,0,19,0.97,0.896885531960603
"quant",1,0,19,0.98,0.691365163121112
"quant",1,0,19,0.99,0.461003403280022
"quant",1,0,19,0.995,0.323096585748205
"quant",1,0,20,0.9,2.18141276234277
"quant",1,0,20,0.91,2.04782433416252
"quant",1,0,20,0.92,1.90407567383729
"quant",1,0,20,0.93,1.74545847587874
"quant",1,0,20,0.94,1.57357270631599
"quant",1,0,20,0.95,1.38250116023171
"quant",1,0,20,0.96,1.15966021677244
"quant",1,0,20,0.97,0.925988001034907
"quant",1,0,20,0.98,0.631491412524011
"quant",1,0,20,0.99,0.355736810482028
"quant",1,0,20,0.995,0.198193717355747
"quant",1,0,21,0.9,1.60144235976228
"quant",1,0,21,0.91,1.48413613583827
"quant",1,0,21,0.92,1.36003673154201
"quant",1,0,21,0.93,1.22953056376661
"quant",1,0,21,0.94,1.09272162314988
"quant",1,0,21,0.95,0.946851815166555
"quant",1,0,21,0.96,0.79166946170243
"quant",1,0,21,0.97,0.627456240170138
"quant",1,0,21,0.98,0.451938331084094
"quant",1,0,21,0.99,0.25748476548213
"quant",1,0,21,0.995,0.148502939834754
"quant",1,0,22,0.9,2.18804696544934
"quant",1,0,22,0.91,2.07371469795023
"quant",1,0,22,0.92,1.95049850328879
"quant",1,0,22,0.93,1.81806841998934
"quant",1,0,22,0.94,1.67448162852759
"quant",1,0,22,0.95,1.51777680989784
"quant",1,0,22,0.96,1.34791380246586
"quant",1,0,22,0.97,1.16177295367289
"quant",1,0,22,0.98,0.953469509291288
"quant",1,0,22,0.99,0.710511456647968
"quant",1,0,22,0.995,0.562684866942189
"quant",1,0,23,0.9,1.84156503507954
"quant",1,0,23,0.91,1.71970373303622
"quant",1,0,23,0.92,1.5905411151967
"quant",1,0,23,0.93,1.45354025378594
"quant",1,0,23,0.94,1.30579887190633
"quant",1,0,23,0.95,1.14801569553356
"quant",1,0,23,0.96,0.981584218298826
"quant",1,0,23,0.97,0.801830274426271
"quant",1,0,23,0.98,0.602767837563569
"quant",1,0,23,0.99,0.376092070037754
"quant",1,0,23,0.995,0.244481549412332
"quant",1,0,24,0.9,1.42266585588666
"quant",1,0,24,0.91,1.33573867545757
"quant",1,0,24,0.92,1.24224572521849
"quant",1,0,24,0.93,1.14315861669127
"quant",1,0,24,0.94,1.03734171803922
"quant",1,0,24,0.95,0.92311490997135
"quant",1,0,24,0.96,0.797086572630845
"quant",1,0,24,0.97,0.651521563844707
"quant",1,0,24,0.98,0.515839856651979
"quant",1,0,24,0.99,0.315188911749135
"quant",1,0,24,0.995,0.167531924353255
"quant",1,0,25,0.9,1.96533945902534
"quant",1,0,25,0.91,1.84624605718254
"quant",1,0,25,0.92,1.7162237313296
"quant",1,0,25,0.93,1.57306742914349
"quant",1,0,25,0.94,1.42099245481385
"quant",1,0,25,0.95,1.26144528236448
"quant",1,0,25,0.96,1.08312736121164
"quant",1,0,25,0.97,0.909754290493446
"quant",1,0,25,0.98,0.681973633414677
"quant",1,0,25,0.99,0.390169082957485
"quant",1,0,25,0.995,0.205178147880681
"quant",1,0,26,0.9,3.10040550881382
"quant",1,0,26,0.91,2.99083180332964
"quant",1,0,26,0.92,2.8714766876131
"quant",1,0,26,0.93,2.74049194833397
"quant",1,0,26,0.94,2.59580233923346
"quant",1,0,26,0.95,2.43540128900828
"quant",1,0,26,0.96,2.25414226840953
"quant",1,0,26,0.97,2.04237440622456
"quant",1,0,26,0.98,1.71601842255989
"quant",1,0,26,0.99,1.29049196387719
"quant",1,0,26,0.995,1.07739252991176
"quant",1,0,27,0.9,2.12818137150397
"quant",1,0,27,0.91,2.00302692230728
"quant",1,0,27,0.92,1.87024199862774
"quant",1,0,27,0.93,1.72930866699499
"quant",1,0,27,0.94,1.57937682940884
"quant",1,0,27,0.95,1.41848437674355
"quant",1,0,27,0.96,1.24313844353849
"quant",1,0,27,0.97,1.05081595503091
"quant",1,0,27,0.98,0.821402372979414
"quant",1,0,27,0.99,0.664340852478839
"quant",1,0,27,0.995,0.34268428522188
"quant",1,0,28,0.9,2.08651081451745
"quant",1,0,28,0.91,1.94190836295448
"quant",1,0,28,0.92,1.78690953510144
"quant",1,0,28,0.93,1.61900363242796
"quant",1,0,28,0.94,1.43443204211972
"quant",1,0,28,0.95,1.23330392436207
"quant",1,0,28,0.96,1.00735960590023
"quant",1,0,28,0.97,0.779991941250578
"quant",1,0,28,0.98,0.55353189086239
"quant",1,0,28,0.99,0.327711921567076
"quant",1,0,28,0.995,0.172396172955573
"quant",1,0,29,0.9,1.9612104577736
"quant",1,0,29,0.91,1.81957395145877
"quant",1,0,29,0.92,1.67129019952909
"quant",1,0,29,0.93,1.51651799895849
"quant",1,0,29,0.94,1.35130927662607
"quant",1,0,29,0.95,1.17623701847018
"quant",1,0,29,0.96,0.989184866473547
"quant",1,0,29,0.97,0.787133036727362
"quant",1,0,29,0.98,0.558063437618682
"quant",1,0,29,0.99,0.307581611575207
"quant",1,0,29,0.995,0.162084683161604
"quant",1,0,30,0.9,1.62845926580164
"quant",1,0,30,0.91,1.52293868494083
"quant",1,0,30,0.92,1.40930169517855
"quant",1,0,30,0.93,1.28856953427036
"quant",1,0,30,0.94,1.15977613865404
"quant",1,0,30,0.95,1.02066687044822
"quant",1,0,30,0.96,0.871219730745953
"quant",1,0,30,0.97,0.707023875024258
"quant",1,0,30,0.98,0.524192916213768
"quant",1,0,30,0.99,0.312438293216561
"quant",1,0,30,0.995,0.189603331315684
"quant",1,0,31,0.9,1.58127080449237
"quant",1,0,31,0.91,1.48544903972393
"quant",1,0,31,0.92,1.38435772196214
"quant",1,0,31,0.93,1.27508761643543
"quant",1,0,31,0.94,1.15658682437235
"quant",1,0,31,0.95,1.0333697805161
"quant",1,0,31,0.96,0.934658137189609
"quant",1,0,31,0.97,0.80641356943717
"quant",1,0,31,0.98,0.608998960986666
"quant",1,0,31,0.99,0.343572313432742
"quant",1,0,31,0.995,0.182120356624807
"quant",1,0,32,0.9,2.10422900386702
"quant",1,0,32,0.91,2.00255960526313
"quant",1,0,32,0.92,1.89040350818834
"quant",1,0,32,0.93,1.76749101445941
"quant",1,0,32,0.94,1.62964389541271
"quant",1,0,32,0.95,1.47201947221297
"quant",1,0,32,0.96,1.29253389697174
"quant",1,0,32,0.97,1.09305437785362
"quant",1,0,32,0.98,0.870114299388333
"quant",1,0,32,0.99,0.612978705570889
"quant",1,0,32,0.995,0.461966398568622
"quant",1,0,33,0.9,1.86636465052041
"quant",1,0,33,0.91,1.77221210184261
"quant",1,0,33,0.92,1.67135232020211
"quant",1,0,33,0.93,1.56090913179276
"quant",1,0,33,0.94,1.44079094183935
"quant",1,0,33,0.95,1.30685929750145
"quant",1,0,33,0.96,1.15564452905864
"quant",1,0,33,0.97,0.986053366839826
"quant",1,0,33,0.98,0.789353644252206
"quant",1,0,33,0.99,0.557761188970468
"quant",1,0,33,0.995,0.422489210445203
"quant",1,0,34,0.9,1.87713679544323
"quant",1,0,34,0.91,1.75826399319993
"quant",1,0,34,0.92,1.63130143591195
"quant",1,0,34,0.93,1.49590383620079
"quant",1,0,34,0.94,1.34330705236904
"quant",1,0,34,0.95,1.19454255200729
"quant",1,0,34,0.96,1.07545859354096
"quant",1,0,34,0.97,0.934173873236175
"quant",1,0,34,0.98,0.684031001938388
"quant",1,0,34,0.99,0.376725928823787
"quant",1,0,34,0.995,0.197440981141801
"quant",1,0,35,0.9,1.35975307066858
"quant",1,0,35,0.91,1.27449260357912
"quant",1,0,35,0.92,1.18053999602224
"quant",1,0,35,0.93,1.07769936940794
"quant",1,0,35,0.94,0.964838529087776
"quant",1,0,35,0.95,0.842389288321332
"quant",1,0,35,0.96,0.708442754963776
"quant",1,0,35,0.97,0.561634265756072
"quant",1,0,35,0.98,0.406419035628906
"quant",1,0,35,0.99,0.22484386426444
"quant",1,0,35,0.995,0.11942368217293
"quant",1,0,36,0.9,1.63611598034795
"quant",1,0,36,0.91,1.52938945367907
"quant",1,0,36,0.92,1.41806942057661
"quant",1,0,36,0.93,1.30393844120974
"quant",1,0,36,0.94,1.18381318003607
"quant",1,0,36,0.95,1.04695282457868
"quant",1,0,36,0.96,0.91932572642899
"quant",1,0,36,0.97,0.783326462725327
"quant",1,0,36,0.98,0.578750379353171
"quant",1,0,36,0.99,0.321197906177507
"quant",1,0,36,0.995,0.16994248425338
"quant",1,0,37,0.9,2.61903714077465
"quant",1,0,37,0.91,2.50425057200082
"quant",1,0,37,0.92,2.38069289649102
"quant",1,0,37,0.93,2.24772747655894
"quant",1,0,37,0.94,2.1061784722731
"quant",1,0,37,0.95,1.95152567463172
"quant",1,0,37,0.96,1.78024254815907
"quant",1,0,37,0.97,1.58558971888561
"quant",1,0,37,0.98,1.35665918302213
"quant",1,0,37,0.99,1.06637971675782
"quant",1,0,37,0.995,0.868173296752242
"quant",1,0,38,0.9,1.53895317007461
"quant",1,0,38,0.91,1.43230028726433
"quant",1,0,38,0.92,1.32045158928542
"quant",1,0,38,0.93,1.20361116521151
"quant",1,0,38,0.94,1.07755619198228
"quant",1,0,38,0.95,0.940145084048335
"quant",1,0,38,0.96,0.786067219900114
"quant",1,0,38,0.97,0.623564361047681
"quant",1,0,38,0.98,0.449706447553775
"quant",1,0,38,0.99,0.264148488962086
"quant",1,0,38,0.995,0.158558256244174
"quant",1,0,39,0.9,1.37587759220231
"quant",1,0,39,0.91,1.28443903985329
"quant",1,0,39,0.92,1.18656766133692
"quant",1,0,39,0.93,1.08325431226981
"quant",1,0,39,0.94,0.973691720778762
"quant",1,0,39,0.95,0.854686845969834
"quant",1,0,39,0.96,0.724303242353793
"quant",1,0,39,0.97,0.581432996885885
"quant",1,0,39,0.98,0.422213904126951
"quant",1,0,39,0.99,0.24081857145092
"quant",1,0,39,0.995,0.137272088540052
"quant",1,0,40,0.9,1.6181556161983
"quant",1,0,40,0.91,1.49228485295801
"quant",1,0,40,0.92,1.35979762515503
"quant",1,0,40,0.93,1.21966490636432
"quant",1,0,40,0.94,1.07520847854212
"quant",1,0,40,0.95,0.926135007113899
"quant",1,0,40,0.96,0.771675426510081
"quant",1,0,40,0.97,0.608520251141983
"quant",1,0,40,0.98,0.431199447142562
"quant",1,0,40,0.99,0.239600172831773
"quant",1,0,40,0.995,0.126619190098501
"quant",1,0,41,0.9,3.08975884967678
"quant",1,0,41,0.91,2.96349908757675
"quant",1,0,41,0.92,2.83026230780935
"quant",1,0,41,0.93,2.6873451711566
"quant",1,0,41,0.94,2.52843106994271
"quant",1,0,41,0.95,2.34929579098058
"quant",1,0,41,0.96,2.13138212032636
"quant",1,0,41,0.97,1.88006785254383
"quant",1,0,41,0.98,1.46146527319586
"quant",1,0,41,0.99,0.987276330505249
"quant",1,0,41,0.995,0.74036264457432
"quant",1,0,42,0.9,1.95354650143001
"quant",1,0,42,0.91,1.8104171648018
"quant",1,0,42,0.92,1.65837445555643
"quant",1,0,42,0.93,1.49785105835299
"quant",1,0,42,0.94,1.32989159429427
"quant",1,0,42,0.95,1.15189299095426
"quant",1,0,42,0.96,0.964007864434103
"quant",1,0,42,0.97,0.766959672586286
"quant",1,0,42,0.98,0.551970118094185
"quant",1,0,42,0.99,0.31224232028958
"quant",1,0,42,0.995,0.174526642743978
"quant",1,0,43,0.9,1.68307346034059
"quant",1,0,43,0.91,1.59615247894593
"quant",1,0,43,0.92,1.50117262836512
"quant",1,0,43,0.93,1.39212151703736
"quant",1,0,43,0.94,1.26110450097228
"quant",1,0,43,0.95,1.10866252348814
"quant",1,0,43,0.96,0.936180038920328
"quant",1,0,43,0.97,0.742108316413221
"quant",1,0,43,0.98,0.526819043803999
"quant",1,0,43,0.99,0.284905207480091
"quant",1,0,43,0.995,0.151296004510468
"quant",1,0,44,0.9,1.83521529063446
"quant",1,0,44,0.91,1.70307937195332
"quant",1,0,44,0.92,1.5620398131498
"quant",1,0,44,0.93,1.41228311723747
"quant",1,0,44,0.94,1.25242409716082
"quant",1,0,44,0.95,1.08315563813729
"quant",1,0,44,0.96,0.903096012652018
"quant",1,0,44,0.97,0.709665146410015
"quant",1,0,44,0.98,0.501108676384367
"quant",1,0,44,0.99,0.273530114181687
"quant",1,0,44,0.995,0.145232149510705
"quant",1,0,45,0.9,1.8376154163722
"quant",1,0,45,0.91,1.72740206482438
"quant",1,0,45,0.92,1.61238898782935
"quant",1,0,45,0.93,1.48942883636075
"quant",1,0,45,0.94,1.35457655213692
"quant",1,0,45,0.95,1.20973624883677
"quant",1,0,45,0.96,1.05063850781195
"quant",1,0,45,0.97,0.855431425824172
"quant",1,0,45,0.98,0.6204685391341
"quant",1,0,45,0.99,0.344407081418336
"quant",1,0,45,0.995,0.186488981914955
"quant",1,0,46,0.9,1.79959554397068
"quant",1,0,46,0.91,1.67554816992956
"quant",1,0,46,0.92,1.54431895636341
"quant",1,0,46,0.93,1.40507286777806
"quant",1,0,46,0.94,1.25558547053663
"quant",1,0,46,0.95,1.0926653857667
"quant",1,0,46,0.96,0.915662072658111
"quant",1,0,46,0.97,0.726823612637922
"quant",1,0,46,0.98,0.521805849135221
"quant",1,0,46,0.99,0.294437718799756
"quant",1,0,46,0.995,0.165118190796785
"quant",1,0,47,0.9,1.56904206534509
"quant",1,0,47,0.91,1.45957826263966
"quant",1,0,47,0.92,1.3445317450115
"quant",1,0,47,0.93,1.2200640029441
"quant",1,0,47,0.94,1.08839638543647
"quant",1,0,47,0.95,0.947013083325782
"quant",1,0,47,0.96,0.794936947586344
"quant",1,0,47,0.97,0.629231688468272
"quant",1,0,47,0.98,0.446564789295493
"quant",1,0,47,0.99,0.245163261825568
"quant",1,0,47,0.995,0.132098068811769
"quant",1,0,48,0.9,1.86864451203587
"quant",1,0,48,0.91,1.76317601594532
"quant",1,0,48,0.92,1.64977894779989
"quant",1,0,48,0.93,1.52838357103566
"quant",1,0,48,0.94,1.39886859159641
"quant",1,0,48,0.95,1.24988853963385
"quant",1,0,48,0.96,1.07521238862846
"quant",1,0,48,0.97,0.864734552206975
"quant",1,0,48,0.98,0.619733908485794
"quant",1,0,48,0.99,0.342206934900983
"quant",1,0,48,0.995,0.190731766016005
"quant",1,0,49,0.9,1.86730568202506
"quant",1,0,49,0.91,1.73864846030117
"quant",1,0,49,0.92,1.59938546793863
"quant",1,0,49,0.93,1.45235429623838
"quant",1,0,49,0.94,1.29565220385872
"quant",1,0,49,0.95,1.12691928987374
"quant",1,0,49,0.96,0.946353056917486
"quant",1,0,49,0.97,0.753274749303561
"quant",1,0,49,0.98,0.545720632819446
"quant",1,0,49,0.99,0.32027476142824
"quant",1,0,49,0.995,0.193997067117232
"quant",1,0,50,0.9,3.11681174514273
"quant",1,0,50,0.91,3.02111982449692
"quant",1,0,50,0.92,2.9146083856067
"quant",1,0,50,0.93,2.79356863705209
"quant",1,0,50,0.94,2.65916750077247
"quant",1,0,50,0.95,2.50666526749842
"quant",1,0,50,0.96,2.32325620731988
"quant",1,0,50,0.97,2.10150039135873
"quant",1,0,50,0.98,1.83283175128621
"quant",1,0,50,0.99,1.50020523547406
"quant",1,0,50,0.995,1.29999457086097
"quant",2,0,1,0.9,1.8681659930439
"quant",2,0,1,0.91,1.7222019033896
"quant",2,0,1,0.92,1.56427372384003
"quant",2,0,1,0.93,1.39675785708926
"quant",2,0,1,0.94,1.22457261336909
"quant",2,0,1,0.95,1.04802481819075
"quant",2,0,1,0.96,0.862639942807448
"quant",2,0,1,0.97,0.692414435436504
"quant",2,0,1,0.98,0.515785271230425
"quant",2,0,1,0.99,0.305267683006959
"quant",2,0,1,0.995,0.168980053020854
"quant",2,0,2,0.9,1.57354676314878
"quant",2,0,2,0.91,1.47085814754555
"quant",2,0,2,0.92,1.35927803872341
"quant",2,0,2,0.93,1.23996649460729
"quant",2,0,2,0.94,1.11441987464189
"quant",2,0,2,0.95,0.983971529518406
"quant",2,0,2,0.96,0.845053721604902
"quant",2,0,2,0.97,0.678698199407053
"quant",2,0,2,0.98,0.488820955427211
"quant",2,0,2,0.99,0.27287275190344
"quant",2,0,2,0.995,0.145586294842839
"quant",2,0,3,0.9,1.77046462686022
"quant",2,0,3,0.91,1.65197864020124
"quant",2,0,3,0.92,1.52721790062847
"quant",2,0,3,0.93,1.3949381329417
"quant",2,0,3,0.94,1.25502516111159
"quant",2,0,3,0.95,1.10686050867859
"quant",2,0,3,0.96,0.945267112885691
"quant",2,0,3,0.97,0.766918007762039
"quant",2,0,3,0.98,0.573132248093801
"quant",2,0,3,0.99,0.345063589174068
"quant",2,0,3,0.995,0.205911756669782
"quant",2,0,4,0.9,1.61023011853861
"quant",2,0,4,0.91,1.49943441462578
"quant",2,0,4,0.92,1.38186302837068
"quant",2,0,4,0.93,1.26015632406874
"quant",2,0,4,0.94,1.13282624945848
"quant",2,0,4,0.95,0.99817438988995
"quant",2,0,4,0.96,0.852442341742589
"quant",2,0,4,0.97,0.691943403073487
"quant",2,0,4,0.98,0.515516641417539
"quant",2,0,4,0.99,0.302723236805824
"quant",2,0,4,0.995,0.167409218344281
"quant",2,0,5,0.9,1.6412402115621
"quant",2,0,5,0.91,1.53547482175134
"quant",2,0,5,0.92,1.42765920767266
"quant",2,0,5,0.93,1.34100124253666
"quant",2,0,5,0.94,1.22278812458466
"quant",2,0,5,0.95,1.07804095691405
"quant",2,0,5,0.96,0.911720736754614
"quant",2,0,5,0.97,0.723411889801642
"quant",2,0,5,0.98,0.512104764126222
"quant",2,0,5,0.99,0.277715893455064
"quant",2,0,5,0.995,0.147222474783455
"quant",2,0,6,0.9,1.87485127368472
"quant",2,0,6,0.91,1.75622444836682
"quant",2,0,6,0.92,1.62819933472885
"quant",2,0,6,0.93,1.48960940310289
"quant",2,0,6,0.94,1.33969234821539
"quant",2,0,6,0.95,1.17417934443691
"quant",2,0,6,0.96,0.99363037712233
"quant",2,0,6,0.97,0.79751522587633
"quant",2,0,6,0.98,0.605246460467507
"quant",2,0,6,0.99,0.417708928345586
"quant",2,0,6,0.995,0.229086442873622
"quant",2,0,7,0.9,2.24965112325007
"quant",2,0,7,0.91,2.09651866296768
"quant",2,0,7,0.92,1.93228909430881
"quant",2,0,7,0.93,1.75594460865742
"quant",2,0,7,0.94,1.56249214924991
"quant",2,0,7,0.95,1.35670414461062
"quant",2,0,7,0.96,1.14384447082646
"quant",2,0,7,0.97,0.931238376289646
"quant",2,0,7,0.98,0.678027023018359
"quant",2,0,7,0.99,0.388245143823434
"quant",2,0,7,0.995,0.211334143036493
"quant",2,0,8,0.9,1.43257733880199
"quant",2,0,8,0.91,1.336274461685
"quant",2,0,8,0.92,1.23862859421607
"quant",2,0,8,0.93,1.13786455072733
"quant",2,0,8,0.94,1.03308853216769
"quant",2,0,8,0.95,0.928844084611849
"quant",2,0,8,0.96,0.82481418999965
"quant",2,0,8,0.97,0.696701491162413
"quant",2,0,8,0.98,0.614007403465349
"quant",2,0,8,0.99,0.473588141509587
"quant",2,0,8,0.995,0.264777627185837
"quant",2,0,9,0.9,2.21358143893866
"quant",2,0,9,0.91,2.09523917593257
"quant",2,0,9,0.92,1.9707533596632
"quant",2,0,9,0.93,1.84090223264463
"quant",2,0,9,0.94,1.70339550794741
"quant",2,0,9,0.95,1.55808581462557
"quant",2,0,9,0.96,1.40048072665293
"quant",2,0,9,0.97,1.22591072806347
"quant",2,0,9,0.98,1.03010886295461
"quant",2,0,9,0.99,0.790095268749069
"quant",2,0,9,0.995,0.625774818450432
"quant",2,0,10,0.9,1.57058641713856
"quant",2,0,10,0.91,1.4730369856544
"quant",2,0,10,0.92,1.367691194467
"quant",2,0,10,0.93,1.25313943693673
"quant",2,0,10,0.94,1.12742090053929
"quant",2,0,10,0.95,0.991605541058146
"quant",2,0,10,0.96,0.844559125479179
"quant",2,0,10,0.97,0.689148522752804
"quant",2,0,10,0.98,0.527878276299279
"quant",2,0,10,0.99,0.31221943185585
"quant",2,0,10,0.995,0.170371366877843
"quant",2,0,11,0.9,2.30814750475288
"quant",2,0,11,0.91,2.16692638841311
"quant",2,0,11,0.92,2.01352801941025
"quant",2,0,11,0.93,1.84900877713843
"quant",2,0,11,0.94,1.67060831443351
"quant",2,0,11,0.95,1.47797085181097
"quant",2,0,11,0.96,1.26529391476501
"quant",2,0,11,0.97,1.02843489128765
"quant",2,0,11,0.98,0.744933678057843
"quant",2,0,11,0.99,0.417197641118686
"quant",2,0,11,0.995,0.238843448068574
"quant",2,0,12,0.9,2.16041358598471
"quant",2,0,12,0.91,2.03881431063158
"quant",2,0,12,0.92,1.90951927982848
"quant",2,0,12,0.93,1.76907463545163
"quant",2,0,12,0.94,1.62285106573024
"quant",2,0,12,0.95,1.46351710940724
"quant",2,0,12,0.96,1.25993194677247
"quant",2,0,12,0.97,1.02457340892635
"quant",2,0,12,0.98,0.755794238188569
"quant",2,0,12,0.99,0.443003117186837
"quant",2,0,12,0.995,0.257160330087212
"quant",2,0,13,0.9,1.33703371607609
"quant",2,0,13,0.91,1.25690484894187
"quant",2,0,13,0.92,1.1691548668263
"quant",2,0,13,0.93,1.07273704538562
"quant",2,0,13,0.94,0.965900266267418
"quant",2,0,13,0.95,0.845874485778393
"quant",2,0,13,0.96,0.712175554305565
"quant",2,0,13,0.97,0.559647534488495
"quant",2,0,13,0.98,0.412910399822688
"quant",2,0,13,0.99,0.261344594648607
"quant",2,0,13,0.995,0.141969343047865
"quant",2,0,14,0.9,1.79705794629774
"quant",2,0,14,0.91,1.67869641492923
"quant",2,0,14,0.92,1.5527819091176
"quant",2,0,14,0.93,1.42339540971363
"quant",2,0,14,0.94,1.29457593663252
"quant",2,0,14,0.95,1.16731002736423
"quant",2,0,14,0.96,1.04562991879438
"quant",2,0,14,0.97,0.931411625259317
"quant",2,0,14,0.98,0.779823625844826
"quant",2,0,14,0.99,0.492531500792514
"quant",2,0,14,0.995,0.269350270459177
"quant",2,0,15,0.9,1.77469309084811
"quant",2,0,15,0.91,1.66798922354421
"quant",2,0,15,0.92,1.55555496722861
"quant",2,0,15,0.93,1.43683810664491
"quant",2,0,15,0.94,1.31060405882599
"quant",2,0,15,0.95,1.17444069941083
"quant",2,0,15,0.96,1.02462565988591
"quant",2,0,15,0.97,0.859008958670627
"quant",2,0,15,0.98,0.654745352143613
"quant",2,0,15,0.99,0.37075887209163
"quant",2,0,15,0.995,0.203049609089524
"quant",2,0,16,0.9,1.61181445579118
"quant",2,0,16,0.91,1.50783676566978
"quant",2,0,16,0.92,1.39563526065108
"quant",2,0,16,0.93,1.27481303398906
"quant",2,0,16,0.94,1.14230137247101
"quant",2,0,16,0.95,0.998461199925714
"quant",2,0,16,0.96,0.841611580168586
"quant",2,0,16,0.97,0.669515050107195
"quant",2,0,16,0.98,0.475779613159033
"quant",2,0,16,0.99,0.259244608309422
"quant",2,0,16,0.995,0.137998143351165
"quant",2,0,17,0.9,2.45822370811595
"quant",2,0,17,0.91,2.32353630682627
"quant",2,0,17,0.92,2.18166284710708
"quant",2,0,17,0.93,2.03074437847227
"quant",2,0,17,0.94,1.87127005441069
"quant",2,0,17,0.95,1.69479441253987
"quant",2,0,17,0.96,1.49687898972733
"quant",2,0,17,0.97,1.2655682728858
"quant",2,0,17,0.98,0.88287291634983
"quant",2,0,17,0.99,0.493936816135887
"quant",2,0,17,0.995,0.274676143969792
"quant",2,0,18,0.9,1.70638054317871
"quant",2,0,18,0.91,1.584346441491
"quant",2,0,18,0.92,1.45555446714423
"quant",2,0,18,0.93,1.31979326499082
"quant",2,0,18,0.94,1.17441903006698
"quant",2,0,18,0.95,1.02019068437892
"quant",2,0,18,0.96,0.855893324472649
"quant",2,0,18,0.97,0.680376962235905
"quant",2,0,18,0.98,0.503910647669092
"quant",2,0,18,0.99,0.309714910662126
"quant",2,0,18,0.995,0.168207213900724
"quant",2,0,19,0.9,1.9107241112183
"quant",2,0,19,0.91,1.7992900281037
"quant",2,0,19,0.92,1.67806662190411
"quant",2,0,19,0.93,1.54624837963948
"quant",2,0,19,0.94,1.40427257148765
"quant",2,0,19,0.95,1.24937929535765
"quant",2,0,19,0.96,1.07890857364802
"quant",2,0,19,0.97,0.889873141466145
"quant",2,0,19,0.98,0.682187183697622
"quant",2,0,19,0.99,0.447822380114146
"quant",2,0,19,0.995,0.307203833038424
"quant",2,0,20,0.9,2.21674261296377
"quant",2,0,20,0.91,2.07249773278748
"quant",2,0,20,0.92,1.91994610026588
"quant",2,0,20,0.93,1.7546209330021
"quant",2,0,20,0.94,1.57869606846357
"quant",2,0,20,0.95,1.38508734133561
"quant",2,0,20,0.96,1.16474947065319
"quant",2,0,20,0.97,0.910954851951318
"quant",2,0,20,0.98,0.639183343302523
"quant",2,0,20,0.99,0.34946060374564
"quant",2,0,20,0.995,0.187887209050675
"quant",2,0,21,0.9,1.60053747897822
"quant",2,0,21,0.91,1.4829707188993
"quant",2,0,21,0.92,1.3587607545412
"quant",2,0,21,0.93,1.22802690374603
"quant",2,0,21,0.94,1.09095650856306
"quant",2,0,21,0.95,0.945889863310647
"quant",2,0,21,0.96,0.791131791238308
"quant",2,0,21,0.97,0.626523529792492
"quant",2,0,21,0.98,0.451185191102049
"quant",2,0,21,0.99,0.257719303960935
"quant",2,0,21,0.995,0.149000980368622
"quant",2,0,22,0.9,2.19197653112355
"quant",2,0,22,0.91,2.07766372849296
"quant",2,0,22,0.92,1.95397092081399
"quant",2,0,22,0.93,1.8200736021232
"quant",2,0,22,0.94,1.67434654312344
"quant",2,0,22,0.95,1.51527764951481
"quant",2,0,22,0.96,1.34347320662577
"quant",2,0,22,0.97,1.15478627558938
"quant",2,0,22,0.98,0.945282873247048
"quant",2,0,22,0.99,0.702054193249066
"quant",2,0,22,0.995,0.554385197974936
"quant",2,0,23,0.9,1.84495246761754
"quant",2,0,23,0.91,1.72067700841368
"quant",2,0,23,0.92,1.58927849647339
"quant",2,0,23,0.93,1.44994446290437
"quant",2,0,23,0.94,1.2997137802965
"quant",2,0,23,0.95,1.14161079816104
"quant",2,0,23,0.96,0.975762951543164
"quant",2,0,23,0.97,0.797299477669536
"quant",2,0,23,0.98,0.598788945894616
"quant",2,0,23,0.99,0.362760989387906
"quant",2,0,23,0.995,0.225999593286254
"quant",2,0,24,0.9,1.42846243173416
"quant",2,0,24,0.91,1.34363259991098
"quant",2,0,24,0.92,1.25231891862135
"quant",2,0,24,0.93,1.1549875159082
"quant",2,0,24,0.94,1.04991039402702
"quant",2,0,24,0.95,0.934108352471205
"quant",2,0,24,0.96,0.803065794050169
"quant",2,0,24,0.97,0.653504025989201
"quant",2,0,24,0.98,0.496145166579526
"quant",2,0,24,0.99,0.316053891788732
"quant",2,0,24,0.995,0.174713888259868
"quant",2,0,25,0.9,1.9661419898199
"quant",2,0,25,0.91,1.8483591287163
"quant",2,0,25,0.92,1.72040009249891
"quant",2,0,25,0.93,1.58007395944749
"quant",2,0,25,0.94,1.42496134552891
"quant",2,0,25,0.95,1.26229331162442
"quant",2,0,25,0.96,1.08162095165224
"quant",2,0,25,0.97,0.904659539817586
"quant",2,0,25,0.98,0.697192932506145
"quant",2,0,25,0.99,0.395185028126651
"quant",2,0,25,0.995,0.214149439011008
"quant",2,0,26,0.9,3.10165095180391
"quant",2,0,26,0.91,2.99157041046857
"quant",2,0,26,0.92,2.87106481029978
"quant",2,0,26,0.93,2.73800147749456
"quant",2,0,26,0.94,2.59176153005248
"quant",2,0,26,0.95,2.43030977168547
"quant",2,0,26,0.96,2.25001333414249
"quant",2,0,26,0.97,2.04079301761721
"quant",2,0,26,0.98,1.73732185403737
"quant",2,0,26,0.99,1.28619626566746
"quant",2,0,26,0.995,1.04443822537637
"quant",2,0,27,0.9,2.12764520955362
"quant",2,0,27,0.91,2.00331537526284
"quant",2,0,27,0.92,1.87038040351441
"quant",2,0,27,0.93,1.72981843884905
"quant",2,0,27,0.94,1.58038129068794
"quant",2,0,27,0.95,1.41957335013141
"quant",2,0,27,0.96,1.24469815976335
"quant",2,0,27,0.97,1.05207823926194
"quant",2,0,27,0.98,0.848754795297957
"quant",2,0,27,0.99,0.664902939851443
"quant",2,0,27,0.995,0.358563126121645
"quant",2,0,28,0.9,2.07943124578408
"quant",2,0,28,0.91,1.93738310677471
"quant",2,0,28,0.92,1.78482024177735
"quant",2,0,28,0.93,1.6188338978431
"quant",2,0,28,0.94,1.43600914533133
"quant",2,0,28,0.95,1.23720500670732
"quant",2,0,28,0.96,1.01642630802657
"quant",2,0,28,0.97,0.780842135537198
"quant",2,0,28,0.98,0.551774476668884
"quant",2,0,28,0.99,0.327652434284217
"quant",2,0,28,0.995,0.174620160810178
"quant",2,0,29,0.9,1.97068367261458
"quant",2,0,29,0.91,1.82295423970133
"quant",2,0,29,0.92,1.67248050996194
"quant",2,0,29,0.93,1.51547855808158
"quant",2,0,29,0.94,1.34951328141909
"quant",2,0,29,0.95,1.17506188406717
"quant",2,0,29,0.96,0.988243284178176
"quant",2,0,29,0.97,0.785423623521008
"quant",2,0,29,0.98,0.559185218055171
"quant",2,0,29,0.99,0.308439482139809
"quant",2,0,29,0.995,0.163215671874384
"quant",2,0,30,0.9,1.62776483023608
"quant",2,0,30,0.91,1.52214682695932
"quant",2,0,30,0.92,1.40835236365723
"quant",2,0,30,0.93,1.28736666062575
"quant",2,0,30,0.94,1.15794943148779
"quant",2,0,30,0.95,1.01855327062165
"quant",2,0,30,0.96,0.86765750445257
"quant",2,0,30,0.97,0.701206835922958
"quant",2,0,30,0.98,0.516031967451831
"quant",2,0,30,0.99,0.300585104395419
"quant",2,0,30,0.995,0.176000009890109
"quant",2,0,31,0.9,1.58268268564908
"quant",2,0,31,0.91,1.49052232484125
"quant",2,0,31,0.92,1.39255085628855
"quant",2,0,31,0.93,1.28535662211043
"quant",2,0,31,0.94,1.16820369092219
"quant",2,0,31,0.95,1.04296293509765
"quant",2,0,31,0.96,0.923882863949505
"quant",2,0,31,0.97,0.800355150491428
"quant",2,0,31,0.98,0.615643502434817
"quant",2,0,31,0.99,0.351498453078304
"quant",2,0,31,0.995,0.189394336909191
"quant",2,0,32,0.9,2.10296521149671
"quant",2,0,32,0.91,2.00175371574901
"quant",2,0,32,0.92,1.89008387537368
"quant",2,0,32,0.93,1.76622610160392
"quant",2,0,32,0.94,1.62781054183611
"quant",2,0,32,0.95,1.4704805568318
"quant",2,0,32,0.96,1.29202087022905
"quant",2,0,32,0.97,1.09165066274692
"quant",2,0,32,0.98,0.864992012609539
"quant",2,0,32,0.99,0.600071133086945
"quant",2,0,32,0.995,0.440404886880917
"quant",2,0,33,0.9,1.86467310359674
"quant",2,0,33,0.91,1.77163380300548
"quant",2,0,33,0.92,1.67128867705979
"quant",2,0,33,0.93,1.56095476666351
"quant",2,0,33,0.94,1.4409112784114
"quant",2,0,33,0.95,1.30584901244627
"quant",2,0,33,0.96,1.15378793177439
"quant",2,0,33,0.97,0.983450904902469
"quant",2,0,33,0.98,0.786105389067412
"quant",2,0,33,0.99,0.551253146249467
"quant",2,0,33,0.995,0.41132892268306
"quant",2,0,34,0.9,1.8760605215562
"quant",2,0,34,0.91,1.75741362962261
"quant",2,0,34,0.92,1.62980664646944
"quant",2,0,34,0.93,1.49276338529498
"quant",2,0,34,0.94,1.34173902534479
"quant",2,0,34,0.95,1.190121024039
"quant",2,0,34,0.96,1.07412196291728
"quant",2,0,34,0.97,0.923385971254429
"quant",2,0,34,0.98,0.690526993189313
"quant",2,0,34,0.99,0.38445713471847
"quant",2,0,34,0.995,0.204171156238054
"quant",2,0,35,0.9,1.36605352560892
"quant",2,0,35,0.91,1.27893514974642
"quant",2,0,35,0.92,1.18175399543072
"quant",2,0,35,0.93,1.07594113008895
"quant",2,0,35,0.94,0.959791099126918
"quant",2,0,35,0.95,0.834979334511058
"quant",2,0,35,0.96,0.700764371759761
"quant",2,0,35,0.97,0.555938904531307
"quant",2,0,35,0.98,0.402009613738832
"quant",2,0,35,0.99,0.226730907883643
"quant",2,0,35,0.995,0.122447549052496
"quant",2,0,36,0.9,1.63330406393585
"quant",2,0,36,0.91,1.5278909341104
"quant",2,0,36,0.92,1.41731540123874
"quant",2,0,36,0.93,1.30330234545295
"quant",2,0,36,0.94,1.18163241347673
"quant",2,0,36,0.95,1.0454646852654
"quant",2,0,36,0.96,0.903280719376671
"quant",2,0,36,0.97,0.76970409316598
"quant",2,0,36,0.98,0.576702194969333
"quant",2,0,36,0.99,0.326552821146474
"quant",2,0,36,0.995,0.175357016477118
"quant",2,0,37,0.9,2.61358219955114
"quant",2,0,37,0.91,2.49779358492478
"quant",2,0,37,0.92,2.37273442730097
"quant",2,0,37,0.93,2.23883310441998
"quant",2,0,37,0.94,2.09630326986919
"quant",2,0,37,0.95,1.93996881256537
"quant",2,0,37,0.96,1.76707466326694
"quant",2,0,37,0.97,1.56931559518175
"quant",2,0,37,0.98,1.33471945774425
"quant",2,0,37,0.99,1.03457942504458
"quant",2,0,37,0.995,0.828549072074387
"quant",2,0,38,0.9,1.56688464794021
"quant",2,0,38,0.91,1.45785676597206
"quant",2,0,38,0.92,1.34322557693598
"quant",2,0,38,0.93,1.22159483571637
"quant",2,0,38,0.94,1.0914291497564
"quant",2,0,38,0.95,0.94698861668181
"quant",2,0,38,0.96,0.785230217048899
"quant",2,0,38,0.97,0.617974489045041
"quant",2,0,38,0.98,0.444714180856648
"quant",2,0,38,0.99,0.263275562914376
"quant",2,0,38,0.995,0.158287056485577
"quant",2,0,39,0.9,1.37499251344308
"quant",2,0,39,0.91,1.28407324137027
"quant",2,0,39,0.92,1.18731758880683
"quant",2,0,39,0.93,1.08362242737398
"quant",2,0,39,0.94,0.973396149399908
"quant",2,0,39,0.95,0.853837866738734
"quant",2,0,39,0.96,0.722860349191213
"quant",2,0,39,0.97,0.57887007965528
"quant",2,0,39,0.98,0.418793801001273
"quant",2,0,39,0.99,0.234498937584428
"quant",2,0,39,0.995,0.129494355876547
"quant",2,0,40,0.9,1.61853122683173
"quant",2,0,40,0.91,1.49332446258706
"quant",2,0,40,0.92,1.3605197928607
"quant",2,0,40,0.93,1.2205585330496
"quant",2,0,40,0.94,1.07706685274312
"quant",2,0,40,0.95,0.93085767060205
"quant",2,0,40,0.96,0.777718935060274
"quant",2,0,40,0.97,0.613454161599245
"quant",2,0,40,0.98,0.437712505081722
"quant",2,0,40,0.99,0.24218026045653
"quant",2,0,40,0.995,0.129441953241874
"quant",2,0,41,0.9,3.0884406581895
"quant",2,0,41,0.91,2.96207534997255
"quant",2,0,41,0.92,2.82828912984311
"quant",2,0,41,0.93,2.68432571064837
"quant",2,0,41,0.94,2.52475646312193
"quant",2,0,41,0.95,2.34433054280613
"quant",2,0,41,0.96,2.12762505609389
"quant",2,0,41,0.97,1.87081342300355
"quant",2,0,41,0.98,1.46539930457746
"quant",2,0,41,0.99,0.985531005624946
"quant",2,0,41,0.995,0.718094466994261
"quant",2,0,42,0.9,1.95106325958818
"quant",2,0,42,0.91,1.80559044893622
"quant",2,0,42,0.92,1.65077077157604
"quant",2,0,42,0.93,1.48627838625619
"quant",2,0,42,0.94,1.31520767383331
"quant",2,0,42,0.95,1.13655970262769
"quant",2,0,42,0.96,0.949117409089954
"quant",2,0,42,0.97,0.752749548761001
"quant",2,0,42,0.98,0.541883766866401
"quant",2,0,42,0.99,0.305291343472611
"quant",2,0,42,0.995,0.17163286843254
"quant",2,0,43,0.9,1.67843684695467
"quant",2,0,43,0.91,1.59402282853708
"quant",2,0,43,0.92,1.50086739835198
"quant",2,0,43,0.93,1.39758195905692
"quant",2,0,43,0.94,1.27369078534871
"quant",2,0,43,0.95,1.12551604741146
"quant",2,0,43,0.96,0.953030165336347
"quant",2,0,43,0.97,0.757299936968267
"quant",2,0,43,0.98,0.537186239477841
"quant",2,0,43,0.99,0.290091265784237
"quant",2,0,43,0.995,0.154535197836349
"quant",2,0,44,0.9,1.83998335795976
"quant",2,0,44,0.91,1.70740479257149
"quant",2,0,44,0.92,1.56650333858804
"quant",2,0,44,0.93,1.41593757236255
"quant",2,0,44,0.94,1.25507438011287
"quant",2,0,44,0.95,1.0851289307195
"quant",2,0,44,0.96,0.904526928800236
"quant",2,0,44,0.97,0.710513413817651
"quant",2,0,44,0.98,0.502717343413366
"quant",2,0,44,0.99,0.275233468957076
"quant",2,0,44,0.995,0.146462144735946
"quant",2,0,45,0.9,1.83208693716656
"quant",2,0,45,0.91,1.7200353116685
"quant",2,0,45,0.92,1.60142916714058
"quant",2,0,45,0.93,1.47487634148901
"quant",2,0,45,0.94,1.33778768744932
"quant",2,0,45,0.95,1.19233134190601
"quant",2,0,45,0.96,1.03473236138789
"quant",2,0,45,0.97,0.848252497800514
"quant",2,0,45,0.98,0.624518203376526
"quant",2,0,45,0.99,0.353676920582431
"quant",2,0,45,0.995,0.192588149027042
"quant",2,0,46,0.9,1.79356829205074
"quant",2,0,46,0.91,1.67081402083698
"quant",2,0,46,0.92,1.54094687793155
"quant",2,0,46,0.93,1.40369142659044
"quant",2,0,46,0.94,1.25487009347944
"quant",2,0,46,0.95,1.09056333816068
"quant",2,0,46,0.96,0.913354698267352
"quant",2,0,46,0.97,0.722640071716016
"quant",2,0,46,0.98,0.514837944719096
"quant",2,0,46,0.99,0.284937019338767
"quant",2,0,46,0.995,0.151726447759405
"quant",2,0,47,0.9,1.56838478173274
"quant",2,0,47,0.91,1.45948809550673
"quant",2,0,47,0.92,1.34493549113003
"quant",2,0,47,0.93,1.22167428122306
"quant",2,0,47,0.94,1.09001017181316
"quant",2,0,47,0.95,0.94768331273208
"quant",2,0,47,0.96,0.795280225041372
"quant",2,0,47,0.97,0.628978696453193
"quant",2,0,47,0.98,0.446506339759081
"quant",2,0,47,0.99,0.24499338365753
"quant",2,0,47,0.995,0.132233151550914
"quant",2,0,48,0.9,1.87102622896442
"quant",2,0,48,0.91,1.76396593043763
"quant",2,0,48,0.92,1.64794052796471
"quant",2,0,48,0.93,1.52269417846787
"quant",2,0,48,0.94,1.3886549719714
"quant",2,0,48,0.95,1.24177763890506
"quant",2,0,48,0.96,1.06979874247343
"quant",2,0,48,0.97,0.861159632853751
"quant",2,0,48,0.98,0.617034700771262
"quant",2,0,48,0.99,0.337681222611628
"quant",2,0,48,0.995,0.184150474259808
"quant",2,0,49,0.9,1.86670580837876
"quant",2,0,49,0.91,1.73848301437188
"quant",2,0,49,0.92,1.59954998520068
"quant",2,0,49,0.93,1.45223787980803
"quant",2,0,49,0.94,1.29596769462435
"quant",2,0,49,0.95,1.12754052345729
"quant",2,0,49,0.96,0.945992041908421
"quant",2,0,49,0.97,0.752284590664849
"quant",2,0,49,0.98,0.544119798900951
"quant",2,0,49,0.99,0.317479857320576
"quant",2,0,49,0.995,0.189011973196982
"quant",2,0,50,0.9,3.11712227158466
"quant",2,0,50,0.91,3.02040323745372
"quant",2,0,50,0.92,2.91217432921207
"quant",2,0,50,0.93,2.79034931229268
"quant",2,0,50,0.94,2.65435617593392
"quant",2,0,50,0.95,2.50177313887205
"quant",2,0,50,0.96,2.32082500583708
"quant",2,0,50,0.97,2.09697043664663
"quant",2,0,50,0.98,1.8248604504823
"quant",2,0,50,0.99,1.45683550387636
"quant",2,0,50,0.995,1.19978726550785
"quant",3,0,1,0.9,1.87096494089822
"quant",3,0,1,0.91,1.72429882414476
"quant",3,0,1,0.92,1.56560820955019
"quant",3,0,1,0.93,1.39774585894709
"quant",3,0,1,0.94,1.22553463825642
"quant",3,0,1,0.95,1.04846791529501
"quant",3,0,1,0.96,0.864520422342408
"quant",3,0,1,0.97,0.692846673562571
"quant",3,0,1,0.98,0.515496856514768
"quant",3,0,1,0.99,0.304903498291386
"quant",3,0,1,0.995,0.169185953192637
"quant",3,0,2,0.9,1.57336586152338
"quant",3,0,2,0.91,1.47089620689083
"quant",3,0,2,0.92,1.35909664074007
"quant",3,0,2,0.93,1.23907455943438
"quant",3,0,2,0.94,1.11337172376129
"quant",3,0,2,0.95,0.983333244215676
"quant",3,0,2,0.96,0.843605347677924
"quant",3,0,2,0.97,0.676934603343283
"quant",3,0,2,0.98,0.487238116890042
"quant",3,0,2,0.99,0.273345852958694
"quant",3,0,2,0.995,0.14691437813787
"quant",3,0,3,0.9,1.77271191724346
"quant",3,0,3,0.91,1.65365385892288
"quant",3,0,3,0.92,1.52864172710054
"quant",3,0,3,0.93,1.39600736610294
"quant",3,0,3,0.94,1.25548524067425
"quant",3,0,3,0.95,1.10750063770948
"quant",3,0,3,0.96,0.945698207682618
"quant",3,0,3,0.97,0.767968331891304
"quant",3,0,3,0.98,0.57259046355188
"quant",3,0,3,0.99,0.343033783785226
"quant",3,0,3,0.995,0.205736280054691
"quant",3,0,4,0.9,1.60958920282937
"quant",3,0,4,0.91,1.49887018441963
"quant",3,0,4,0.92,1.38143423226556
"quant",3,0,4,0.93,1.25922082690512
"quant",3,0,4,0.94,1.1322681107727
"quant",3,0,4,0.95,0.997918917890101
"quant",3,0,4,0.96,0.852670594893006
"quant",3,0,4,0.97,0.692992569802712
"quant",3,0,4,0.98,0.516964088932548
"quant",3,0,4,0.99,0.302730547781063
"quant",3,0,4,0.995,0.167104832825143
"quant",3,0,5,0.9,1.64063421435587
"quant",3,0,5,0.91,1.53455409328042
"quant",3,0,5,0.92,1.42353610204679
"quant",3,0,5,0.93,1.33154268879576
"quant",3,0,5,0.94,1.21627180058594
"quant",3,0,5,0.95,1.07295419467341
"quant",3,0,5,0.96,0.908081952945628
"quant",3,0,5,0.97,0.721179887742306
"quant",3,0,5,0.98,0.511251940202078
"quant",3,0,5,0.99,0.277613034521087
"quant",3,0,5,0.995,0.146833327884956
"quant",3,0,6,0.9,1.87572226586277
"quant",3,0,6,0.91,1.75697102647776
"quant",3,0,6,0.92,1.62930290950953
"quant",3,0,6,0.93,1.49099176353254
"quant",3,0,6,0.94,1.34068514141941
"quant",3,0,6,0.95,1.17521705495162
"quant",3,0,6,0.96,0.994233855032908
"quant",3,0,6,0.97,0.797258917160252
"quant",3,0,6,0.98,0.598146733833892
"quant",3,0,6,0.99,0.415090773626173
"quant",3,0,6,0.995,0.230289626856267
"quant",3,0,7,0.9,2.25083061359281
"quant",3,0,7,0.91,2.09706305148293
"quant",3,0,7,0.92,1.93246299634848
"quant",3,0,7,0.93,1.75564705797175
"quant",3,0,7,0.94,1.56221809531409
"quant",3,0,7,0.95,1.35778242519933
"quant",3,0,7,0.96,1.14388244754834
"quant",3,0,7,0.97,0.930562696822761
"quant",3,0,7,0.98,0.678271257366038
"quant",3,0,7,0.99,0.38927506388053
"quant",3,0,7,0.995,0.212575095161679
"quant",3,0,8,0.9,1.43256867493642
"quant",3,0,8,0.91,1.33633461324329
"quant",3,0,8,0.92,1.23774330501844
"quant",3,0,8,0.93,1.13702102608316
"quant",3,0,8,0.94,1.03184553437695
"quant",3,0,8,0.95,0.927811005713771
"quant",3,0,8,0.96,0.824703987644798
"quant",3,0,8,0.97,0.70126398585875
"quant",3,0,8,0.98,0.610367474649327
"quant",3,0,8,0.99,0.472631637224338
"quant",3,0,8,0.995,0.266275753272642
"quant",3,0,9,0.9,2.22064992507448
"quant",3,0,9,0.91,2.10099954006569
"quant",3,0,9,0.92,1.9759329032472
"quant",3,0,9,0.93,1.84519547643415
"quant",3,0,9,0.94,1.70619316642533
"quant",3,0,9,0.95,1.55991472783655
"quant",3,0,9,0.96,1.40110829935903
"quant",3,0,9,0.97,1.22449558781568
"quant",3,0,9,0.98,1.02691293738657
"quant",3,0,9,0.99,0.782824652572821
"quant",3,0,9,0.995,0.617255163796392
"quant",3,0,10,0.9,1.57594253067162
"quant",3,0,10,0.91,1.47891927218005
"quant",3,0,10,0.92,1.37404314317835
"quant",3,0,10,0.93,1.25955386354206
"quant",3,0,10,0.94,1.13311030568531
"quant",3,0,10,0.95,0.995994627577894
"quant",3,0,10,0.96,0.847987191364887
"quant",3,0,10,0.97,0.69101889761719
"quant",3,0,10,0.98,0.526281132636606
"quant",3,0,10,0.99,0.311176936688544
"quant",3,0,10,0.995,0.170642354324576
"quant",3,0,11,0.9,2.31347192581793
"quant",3,0,11,0.91,2.17137032310697
"quant",3,0,11,0.92,2.01742138849552
"quant",3,0,11,0.93,1.85246823140376
"quant",3,0,11,0.94,1.6731514203977
"quant",3,0,11,0.95,1.47905801695016
"quant",3,0,11,0.96,1.26569465662417
"quant",3,0,11,0.97,1.02947882185113
"quant",3,0,11,0.98,0.749637552507982
"quant",3,0,11,0.99,0.41967982886859
"quant",3,0,11,0.995,0.238903202053617
"quant",3,0,12,0.9,2.16076030541623
"quant",3,0,12,0.91,2.03886232161371
"quant",3,0,12,0.92,1.91048286225637
"quant",3,0,12,0.93,1.76982901988124
"quant",3,0,12,0.94,1.62271370758719
"quant",3,0,12,0.95,1.46338699325408
"quant",3,0,12,0.96,1.25997722161618
"quant",3,0,12,0.97,1.02423524635368
"quant",3,0,12,0.98,0.755538313828638
"quant",3,0,12,0.99,0.441676268330944
"quant",3,0,12,0.995,0.254244414183953
"quant",3,0,13,0.9,1.33646417858285
"quant",3,0,13,0.91,1.25626011437962
"quant",3,0,13,0.92,1.16856817661272
"quant",3,0,13,0.93,1.07228527063735
"quant",3,0,13,0.94,0.96640799632035
"quant",3,0,13,0.95,0.846598087228883
"quant",3,0,13,0.96,0.712474715595201
"quant",3,0,13,0.97,0.559093412303663
"quant",3,0,13,0.98,0.408599539492962
"quant",3,0,13,0.99,0.261227024128748
"quant",3,0,13,0.995,0.143133864124272
"quant",3,0,14,0.9,1.79793681713624
"quant",3,0,14,0.91,1.67953804890553
"quant",3,0,14,0.92,1.55374565617952
"quant",3,0,14,0.93,1.42452702296609
"quant",3,0,14,0.94,1.29536232676673
"quant",3,0,14,0.95,1.16781570120911
"quant",3,0,14,0.96,1.04688684625693
"quant",3,0,14,0.97,0.934287985796119
"quant",3,0,14,0.98,0.776878899265735
"quant",3,0,14,0.99,0.492308203005815
"quant",3,0,14,0.995,0.270782982761834
"quant",3,0,15,0.9,1.77282478076512
"quant",3,0,15,0.91,1.66650944978641
"quant",3,0,15,0.92,1.55466073061183
"quant",3,0,15,0.93,1.43651893320797
"quant",3,0,15,0.94,1.31085657813318
"quant",3,0,15,0.95,1.1753047283876
"quant",3,0,15,0.96,1.0260603093308
"quant",3,0,15,0.97,0.859733594536583
"quant",3,0,15,0.98,0.655329897478623
"quant",3,0,15,0.99,0.369140952622611
"quant",3,0,15,0.995,0.200244193053597
"quant",3,0,16,0.9,1.60946330134396
"quant",3,0,16,0.91,1.50603618805686
"quant",3,0,16,0.92,1.39484927086087
"quant",3,0,16,0.93,1.27453604125673
"quant",3,0,16,0.94,1.14270275742396
"quant",3,0,16,0.95,0.999425016327054
"quant",3,0,16,0.96,0.842658791702428
"quant",3,0,16,0.97,0.670002634747235
"quant",3,0,16,0.98,0.476896757231301
"quant",3,0,16,0.99,0.26085392784395
"quant",3,0,16,0.995,0.139010085182507
"quant",3,0,17,0.9,2.45853174182897
"quant",3,0,17,0.91,2.32371007895397
"quant",3,0,17,0.92,2.18179912912222
"quant",3,0,17,0.93,2.03068926659404
"quant",3,0,17,0.94,1.87071732082695
"quant",3,0,17,0.95,1.69440646109679
"quant",3,0,17,0.96,1.49673132579707
"quant",3,0,17,0.97,1.26589945024063
"quant",3,0,17,0.98,0.892630450339592
"quant",3,0,17,0.99,0.500867744186248
"quant",3,0,17,0.995,0.278929309385157
"quant",3,0,18,0.9,1.70443728515153
"quant",3,0,18,0.91,1.58257348674517
"quant",3,0,18,0.92,1.45379674833611
"quant",3,0,18,0.93,1.31791989794839
"quant",3,0,18,0.94,1.17279944132691
"quant",3,0,18,0.95,1.01857813966321
"quant",3,0,18,0.96,0.854722325215268
"quant",3,0,18,0.97,0.679827083599923
"quant",3,0,18,0.98,0.506348917045393
"quant",3,0,18,0.99,0.311757237536559
"quant",3,0,18,0.995,0.169237046748719
"quant",3,0,19,0.9,1.91091621163605
"quant",3,0,19,0.91,1.79989443713835
"quant",3,0,19,0.92,1.67895617660637
"quant",3,0,19,0.93,1.54741723236548
"quant",3,0,19,0.94,1.40542648239885
"quant",3,0,19,0.95,1.25047659956464
"quant",3,0,19,0.96,1.08001449837886
"quant",3,0,19,0.97,0.890164742368036
"quant",3,0,19,0.98,0.681500540420391
"quant",3,0,19,0.99,0.444748371448249
"quant",3,0,19,0.995,0.30306688694354
"quant",3,0,20,0.9,2.21577992449187
"quant",3,0,20,0.91,2.07142373648734
"quant",3,0,20,0.92,1.91918808733997
"quant",3,0,20,0.93,1.75414227069592
"quant",3,0,20,0.94,1.57893352127358
"quant",3,0,20,0.95,1.38479138574093
"quant",3,0,20,0.96,1.16470188998565
"quant",3,0,20,0.97,0.911133325843541
"quant",3,0,20,0.98,0.640854305970985
"quant",3,0,20,0.99,0.349607430851034
"quant",3,0,20,0.995,0.188861522132109
"quant",3,0,21,0.9,1.60086359184011
"quant",3,0,21,0.91,1.48277427832032
"quant",3,0,21,0.92,1.35867544023332
"quant",3,0,21,0.93,1.22818530827413
"quant",3,0,21,0.94,1.09081804363517
"quant",3,0,21,0.95,0.944922239075927
"quant",3,0,21,0.96,0.789912199101536
"quant",3,0,21,0.97,0.626001640218977
"quant",3,0,21,0.98,0.450540192056149
"quant",3,0,21,0.99,0.255556903515983
"quant",3,0,21,0.995,0.146015113005445
"quant",3,0,22,0.9,2.19435551483645
"quant",3,0,22,0.91,2.0795346059381
"quant",3,0,22,0.92,1.95565713990824
"quant",3,0,22,0.93,1.82146800519949
"quant",3,0,22,0.94,1.67544264937119
"quant",3,0,22,0.95,1.51612555250415
"quant",3,0,22,0.96,1.344274825695
"quant",3,0,22,0.97,1.15521588687671
"quant",3,0,22,0.98,0.945318178742554
"quant",3,0,22,0.99,0.701690846237227
"quant",3,0,22,0.995,0.553244462942415
"quant",3,0,23,0.9,1.84997239143701
"quant",3,0,23,0.91,1.72555942222034
"quant",3,0,23,0.92,1.59430026379821
"quant",3,0,23,0.93,1.45498192243768
"quant",3,0,23,0.94,1.30522723001131
"quant",3,0,23,0.95,1.14525234345596
"quant",3,0,23,0.96,0.976665961384577
"quant",3,0,23,0.97,0.795909160692315
"quant",3,0,23,0.98,0.596340437082966
"quant",3,0,23,0.99,0.360133296310135
"quant",3,0,23,0.995,0.220188861371739
"quant",3,0,24,0.9,1.41908769071639
"quant",3,0,24,0.91,1.33597980111702
"quant",3,0,24,0.92,1.24632712088608
"quant",3,0,24,0.93,1.15035634399394
"quant",3,0,24,0.94,1.04661046936065
"quant",3,0,24,0.95,0.931875683951171
"quant",3,0,24,0.96,0.802614350454196
"quant",3,0,24,0.97,0.654433212584954
"quant",3,0,24,0.98,0.497455672876323
"quant",3,0,24,0.99,0.316198252095272
"quant",3,0,24,0.995,0.175520305999472
"quant",3,0,25,0.9,1.96615498226175
"quant",3,0,25,0.91,1.84817303459013
"quant",3,0,25,0.92,1.71954810416436
"quant",3,0,25,0.93,1.57837067741122
"quant",3,0,25,0.94,1.42355567245473
"quant",3,0,25,0.95,1.26026607043069
"quant",3,0,25,0.96,1.08005734483709
"quant",3,0,25,0.97,0.900064769647333
"quant",3,0,25,0.98,0.694257719035749
"quant",3,0,25,0.99,0.394464241684545
"quant",3,0,25,0.995,0.213670253573233
"quant",3,0,26,0.9,3.10139408297599
"quant",3,0,26,0.91,2.99167641313554
"quant",3,0,26,0.92,2.87111502484225
"quant",3,0,26,0.93,2.7384817763411
"quant",3,0,26,0.94,2.59210521107405
"quant",3,0,26,0.95,2.43031022529865
"quant",3,0,26,0.96,2.24884412869485
"quant",3,0,26,0.97,2.03838090897223
"quant",3,0,26,0.98,1.74325429248901
"quant",3,0,26,0.99,1.2883562097299
"quant",3,0,26,0.995,1.03456025161307
"quant",3,0,27,0.9,2.12546207078284
"quant",3,0,27,0.91,2.00140112079618
"quant",3,0,27,0.92,1.868959842564
"quant",3,0,27,0.93,1.72907365772869
"quant",3,0,27,0.94,1.57981048523919
"quant",3,0,27,0.95,1.41931924476631
"quant",3,0,27,0.96,1.24412265053828
"quant",3,0,27,0.97,1.05166024397302
"quant",3,0,27,0.98,0.849124715801628
"quant",3,0,27,0.99,0.664094684037739
"quant",3,0,27,0.995,0.360566479319742
"quant",3,0,28,0.9,2.07958920056716
"quant",3,0,28,0.91,1.93673117673329
"quant",3,0,28,0.92,1.78238207300506
"quant",3,0,28,0.93,1.61497021933144
"quant",3,0,28,0.94,1.43206466433749
"quant",3,0,28,0.95,1.23292164870865
"quant",3,0,28,0.96,1.01103654045119
"quant",3,0,28,0.97,0.776396761602431
"quant",3,0,28,0.98,0.549309214330132
"quant",3,0,28,0.99,0.324766109528913
"quant",3,0,28,0.995,0.172929423170181
"quant",3,0,29,0.9,1.97173486796889
"quant",3,0,29,0.91,1.82383403397048
"quant",3,0,29,0.92,1.672452578739
"quant",3,0,29,0.93,1.5158480260103
"quant",3,0,29,0.94,1.34991609564172
"quant",3,0,29,0.95,1.17475007431551
"quant",3,0,29,0.96,0.987589227703271
"quant",3,0,29,0.97,0.785001905501392
"quant",3,0,29,0.98,0.55846992392421
"quant",3,0,29,0.99,0.307724502995578
"quant",3,0,29,0.995,0.163840914970867
"quant",3,0,30,0.9,1.62839859408106
"quant",3,0,30,0.91,1.52286982143478
"quant",3,0,30,0.92,1.40904298542411
"quant",3,0,30,0.93,1.28802961905426
"quant",3,0,30,0.94,1.1582918334946
"quant",3,0,30,0.95,1.01834722564415
"quant",3,0,30,0.96,0.867029657357307
"quant",3,0,30,0.97,0.699816609220721
"quant",3,0,30,0.98,0.513290611134338
"quant",3,0,30,0.99,0.296159220543841
"quant",3,0,30,0.995,0.171584576810687
"quant",3,0,31,0.9,1.5856500767082
"quant",3,0,31,0.91,1.49380597764951
"quant",3,0,31,0.92,1.39566541379629
"quant",3,0,31,0.93,1.28886572352221
"quant",3,0,31,0.94,1.1723123805441
"quant",3,0,31,0.95,1.04828651152888
"quant",3,0,31,0.96,0.92917276308284
"quant",3,0,31,0.97,0.801043874024413
"quant",3,0,31,0.98,0.614910870379505
"quant",3,0,31,0.99,0.352653035556779
"quant",3,0,31,0.995,0.190687283147986
"quant",3,0,32,0.9,2.10183003491639
"quant",3,0,32,0.91,2.00062822563824
"quant",3,0,32,0.92,1.88855574011368
"quant",3,0,32,0.93,1.76505546532619
"quant",3,0,32,0.94,1.62705784471
"quant",3,0,32,0.95,1.46990843731328
"quant",3,0,32,0.96,1.29205393880622
"quant",3,0,32,0.97,1.09151773410907
"quant",3,0,32,0.98,0.86523312223005
"quant",3,0,32,0.99,0.598908430735318
"quant",3,0,32,0.995,0.437456226350888
"quant",3,0,33,0.9,1.86479597738867
"quant",3,0,33,0.91,1.77190867884613
"quant",3,0,33,0.92,1.67144593861573
"quant",3,0,33,0.93,1.56095133376661
"quant",3,0,33,0.94,1.44092893812196
"quant",3,0,33,0.95,1.30614466180483
"quant",3,0,33,0.96,1.15483166822108
"quant",3,0,33,0.97,0.984487926240426
"quant",3,0,33,0.98,0.786563867930539
"quant",3,0,33,0.99,0.549925327125344
"quant",3,0,33,0.995,0.407816595110041
"quant",3,0,34,0.9,1.87622165917936
"quant",3,0,34,0.91,1.75754793764431
"quant",3,0,34,0.92,1.62979969317007
"quant",3,0,34,0.93,1.49244417348567
"quant",3,0,34,0.94,1.3402652183548
"quant",3,0,34,0.95,1.18844466430599
"quant",3,0,34,0.96,1.06994600073001
"quant",3,0,34,0.97,0.916589862224483
"quant",3,0,34,0.98,0.686551739739893
"quant",3,0,34,0.99,0.385361555574566
"quant",3,0,34,0.995,0.206104307714953
"quant",3,0,35,0.9,1.36341534117823
"quant",3,0,35,0.91,1.27680410312724
"quant",3,0,35,0.92,1.18105098711271
"quant",3,0,35,0.93,1.07567498239377
"quant",3,0,35,0.94,0.960478463344243
"quant",3,0,35,0.95,0.836112603981553
"quant",3,0,35,0.96,0.702254607419287
"quant",3,0,35,0.97,0.557243554037863
"quant",3,0,35,0.98,0.402970030385672
"quant",3,0,35,0.99,0.226981925997397
"quant",3,0,35,0.995,0.122749336122961
"quant",3,0,36,0.9,1.63391721144395
"quant",3,0,36,0.91,1.52828672136543
"quant",3,0,36,0.92,1.41766271757998
"quant",3,0,36,0.93,1.30311327045408
"quant",3,0,36,0.94,1.18132674948411
"quant",3,0,36,0.95,1.04534201077438
"quant",3,0,36,0.96,0.903296321397691
"quant",3,0,36,0.97,0.768574783360716
"quant",3,0,36,0.98,0.575724476745848
"quant",3,0,36,0.99,0.326383385882806
"quant",3,0,36,0.995,0.176657924247367
"quant",3,0,37,0.9,2.61586246148815
"quant",3,0,37,0.91,2.50094208084448
"quant",3,0,37,0.92,2.37745093318515
"quant",3,0,37,0.93,2.24487202275257
"quant",3,0,37,0.94,2.10314875758686
"quant",3,0,37,0.95,1.94847330723303
"quant",3,0,37,0.96,1.7766408372452
"quant",3,0,37,0.97,1.58128236841847
"quant",3,0,37,0.98,1.34942307586252
"quant",3,0,37,0.99,1.05038119497356
"quant",3,0,37,0.995,0.841750098381919
"quant",3,0,38,0.9,1.56715566433754
"quant",3,0,38,0.91,1.4567659194209
"quant",3,0,38,0.92,1.34133771955827
"quant",3,0,38,0.93,1.22013191625239
"quant",3,0,38,0.94,1.09024900595417
"quant",3,0,38,0.95,0.946677198254087
"quant",3,0,38,0.96,0.787224465684837
"quant",3,0,38,0.97,0.621278589426121
"quant",3,0,38,0.98,0.446801892472391
"quant",3,0,38,0.99,0.264018793270952
"quant",3,0,38,0.995,0.158299958168158
"quant",3,0,39,0.9,1.37594244811355
"quant",3,0,39,0.91,1.28530999542566
"quant",3,0,39,0.92,1.18865292298318
"quant",3,0,39,0.93,1.08497607714104
"quant",3,0,39,0.94,0.974550842917879
"quant",3,0,39,0.95,0.854836667285279
"quant",3,0,39,0.96,0.724124446024903
"quant",3,0,39,0.97,0.580440984564003
"quant",3,0,39,0.98,0.420032278502031
"quant",3,0,39,0.99,0.234232836698006
"quant",3,0,39,0.995,0.129215767304483
"quant",3,0,40,0.9,1.61794941847967
"quant",3,0,40,0.91,1.49259007097498
"quant",3,0,40,0.92,1.36006480134801
"quant",3,0,40,0.93,1.21992135330408
"quant",3,0,40,0.94,1.07631784646745
"quant",3,0,40,0.95,0.929431880995077
"quant",3,0,40,0.96,0.776537958951842
"quant",3,0,40,0.97,0.611764722901546
"quant",3,0,40,0.98,0.436838640703116
"quant",3,0,40,0.99,0.2422470678885
"quant",3,0,40,0.995,0.130351460148601
"quant",3,0,41,0.9,3.089047161842
"quant",3,0,41,0.91,2.9626221548805
"quant",3,0,41,0.92,2.82895851191037
"quant",3,0,41,0.93,2.68535536259338
"quant",3,0,41,0.94,2.52559674594583
"quant",3,0,41,0.95,2.3452794166134
"quant",3,0,41,0.96,2.12939709206624
"quant",3,0,41,0.97,1.8735546925178
"quant",3,0,41,0.98,1.47102925312761
"quant",3,0,41,0.99,0.986633652692889
"quant",3,0,41,0.995,0.716358760574947
"quant",3,0,42,0.9,1.95082449983529
"quant",3,0,42,0.91,1.80539233034844
"quant",3,0,42,0.92,1.65003248433702
"quant",3,0,42,0.93,1.48604979740846
"quant",3,0,42,0.94,1.31576208044154
"quant",3,0,42,0.95,1.13672542906236
"quant",3,0,42,0.96,0.948993608425612
"quant",3,0,42,0.97,0.751990250500377
"quant",3,0,42,0.98,0.540427444510203
"quant",3,0,42,0.99,0.302735077192935
"quant",3,0,42,0.995,0.168661844457833
"quant",3,0,43,0.9,1.67646003370642
"quant",3,0,43,0.91,1.58946971318992
"quant",3,0,43,0.92,1.49491524151317
"quant",3,0,43,0.93,1.38947654756745
"quant",3,0,43,0.94,1.26547038295785
"quant",3,0,43,0.95,1.1188305478053
"quant",3,0,43,0.96,0.948917949811931
"quant",3,0,43,0.97,0.755519214140309
"quant",3,0,43,0.98,0.537337573698729
"quant",3,0,43,0.99,0.290822207588743
"quant",3,0,43,0.995,0.154972293530712
"quant",3,0,44,0.9,1.83943914469751
"quant",3,0,44,0.91,1.70759842667371
"quant",3,0,44,0.92,1.56721353352565
"quant",3,0,44,0.93,1.41681675233847
"quant",3,0,44,0.94,1.25620827487606
"quant",3,0,44,0.95,1.08607795916362
"quant",3,0,44,0.96,0.905530480390625
"quant",3,0,44,0.97,0.711206579398989
"quant",3,0,44,0.98,0.502904459173952
"quant",3,0,44,0.99,0.275533429210599
"quant",3,0,44,0.995,0.146738862408981
"quant",3,0,45,0.9,1.83241079355745
"quant",3,0,45,0.91,1.72032465686047
"quant",3,0,45,0.92,1.60178622486275
"quant",3,0,45,0.93,1.47477789422367
"quant",3,0,45,0.94,1.33738116847492
"quant",3,0,45,0.95,1.19147148071081
"quant",3,0,45,0.96,1.03306845432215
"quant",3,0,45,0.97,0.846788755542213
"quant",3,0,45,0.98,0.625388311818611
"quant",3,0,45,0.99,0.353917295253421
"quant",3,0,45,0.995,0.193321778006414
"quant",3,0,46,0.9,1.79866603716728
"quant",3,0,46,0.91,1.67517545769744
"quant",3,0,46,0.92,1.54386661542373
"quant",3,0,46,0.93,1.40487570770156
"quant",3,0,46,0.94,1.25558002980229
"quant",3,0,46,0.95,1.09120966515382
"quant",3,0,46,0.96,0.913998042627456
"quant",3,0,46,0.97,0.723421181296496
"quant",3,0,46,0.98,0.513474376250747
"quant",3,0,46,0.99,0.281301739942659
"quant",3,0,46,0.995,0.149809439679502
"quant",3,0,47,0.9,1.56605604113401
"quant",3,0,47,0.91,1.45787762744334
"quant",3,0,47,0.92,1.3444630204634
"quant",3,0,47,0.93,1.22198421499616
"quant",3,0,47,0.94,1.09099330486637
"quant",3,0,47,0.95,0.949306271855025
"quant",3,0,47,0.96,0.797167803208796
"quant",3,0,47,0.97,0.630709482884478
"quant",3,0,47,0.98,0.44795140178164
"quant",3,0,47,0.99,0.24621167205232
"quant",3,0,47,0.995,0.132804831100893
"quant",3,0,48,0.9,1.86921956842746
"quant",3,0,48,0.91,1.76271562689593
"quant",3,0,48,0.92,1.64704518116903
"quant",3,0,48,0.93,1.52238384741274
"quant",3,0,48,0.94,1.38893327258819
"quant",3,0,48,0.95,1.24232766541442
"quant",3,0,48,0.96,1.07072229727189
"quant",3,0,48,0.97,0.862241458351789
"quant",3,0,48,0.98,0.618374194605377
"quant",3,0,48,0.99,0.339494342972163
"quant",3,0,48,0.995,0.184229760271661
"quant",3,0,49,0.9,1.86642682594689
"quant",3,0,49,0.91,1.73799439900741
"quant",3,0,49,0.92,1.59901838158918
"quant",3,0,49,0.93,1.4518539100567
"quant",3,0,49,0.94,1.29527566080319
"quant",3,0,49,0.95,1.12638686754499
"quant",3,0,49,0.96,0.944917411737938
"quant",3,0,49,0.97,0.751259821121706
"quant",3,0,49,0.98,0.54408800164488
"quant",3,0,49,0.99,0.317389544317829
"quant",3,0,49,0.995,0.188109695603956
"quant",3,0,50,0.9,3.11892175881351
"quant",3,0,50,0.91,3.02215044577443
"quant",3,0,50,0.92,2.91451707762862
"quant",3,0,50,0.93,2.79268768109443
"quant",3,0,50,0.94,2.65702988572979
"quant",3,0,50,0.95,2.50374972471994
"quant",3,0,50,0.96,2.32340084925907
"quant",3,0,50,0.97,2.0999869149322
"quant",3,0,50,0.98,1.8273755424056
"quant",3,0,50,0.99,1.45175012812383
"quant",3,0,50,0.995,1.17987051534028
"quant",4,0,1,0.9,1.87171233571465
"quant",4,0,1,0.91,1.72579243147856
"quant",4,0,1,0.92,1.56756938635881
"quant",4,0,1,0.93,1.39929066743943
"quant",4,0,1,0.94,1.22592145940206
"quant",4,0,1,0.95,1.04811646514926
"quant",4,0,1,0.96,0.863222598988034
"quant",4,0,1,0.97,0.696883953419795
"quant",4,0,1,0.98,0.51922453887793
"quant",4,0,1,0.99,0.305154795006029
"quant",4,0,1,0.995,0.16768447962034
"quant",4,0,2,0.9,1.57326963819349
"quant",4,0,2,0.91,1.47121271898385
"quant",4,0,2,0.92,1.35943365805763
"quant",4,0,2,0.93,1.23944892470577
"quant",4,0,2,0.94,1.11459732463015
"quant",4,0,2,0.95,0.983216834440269
"quant",4,0,2,0.96,0.842596757110774
"quant",4,0,2,0.97,0.676025362547168
"quant",4,0,2,0.98,0.486439863733697
"quant",4,0,2,0.99,0.27301544812231
"quant",4,0,2,0.995,0.146518308419701
"quant",4,0,3,0.9,1.76894519848997
"quant",4,0,3,0.91,1.64989216725471
"quant",4,0,3,0.92,1.52481382676297
"quant",4,0,3,0.93,1.39224493220348
"quant",4,0,3,0.94,1.25243300505609
"quant",4,0,3,0.95,1.10411764298628
"quant",4,0,3,0.96,0.941477557354061
"quant",4,0,3,0.97,0.763807555862931
"quant",4,0,3,0.98,0.570423443246542
"quant",4,0,3,0.99,0.343283293375387
"quant",4,0,3,0.995,0.205927847973094
"quant",4,0,4,0.9,1.60981813859916
"quant",4,0,4,0.91,1.49874991679769
"quant",4,0,4,0.92,1.38157150531215
"quant",4,0,4,0.93,1.25968463917228
"quant",4,0,4,0.94,1.13350918082144
"quant",4,0,4,0.95,0.999405742226352
"quant",4,0,4,0.96,0.853640607415335
"quant",4,0,4,0.97,0.693004358992129
"quant",4,0,4,0.98,0.51607429670438
"quant",4,0,4,0.99,0.302327934927375
"quant",4,0,4,0.995,0.166468905182876
"quant",4,0,5,0.9,1.63874098603897
"quant",4,0,5,0.91,1.53375195333089
"quant",4,0,5,0.92,1.42745817979601
"quant",4,0,5,0.93,1.34331849251195
"quant",4,0,5,0.94,1.22621599966138
"quant",4,0,5,0.95,1.08057717611371
"quant",4,0,5,0.96,0.912586478711201
"quant",4,0,5,0.97,0.723149058300612
"quant",4,0,5,0.98,0.511564740080405
"quant",4,0,5,0.99,0.277920409741376
"quant",4,0,5,0.995,0.147668336182367
"quant",4,0,6,0.9,1.87459045217431
"quant",4,0,6,0.91,1.75610262724445
"quant",4,0,6,0.92,1.62776009143864
"quant",4,0,6,0.93,1.48924576394537
"quant",4,0,6,0.94,1.33935498168333
"quant",4,0,6,0.95,1.17372411273078
"quant",4,0,6,0.96,0.994187230866572
"quant",4,0,6,0.97,0.797392952148145
"quant",4,0,6,0.98,0.600876764249571
"quant",4,0,6,0.99,0.413513678948766
"quant",4,0,6,0.995,0.227503702590503
"quant",4,0,7,0.9,2.24970594097991
"quant",4,0,7,0.91,2.09690469540041
"quant",4,0,7,0.92,1.93316724197405
"quant",4,0,7,0.93,1.7567895758917
"quant",4,0,7,0.94,1.56380012942739
"quant",4,0,7,0.95,1.35969286352102
"quant",4,0,7,0.96,1.14513024371024
"quant",4,0,7,0.97,0.933442856635169
"quant",4,0,7,0.98,0.680515883205538
"quant",4,0,7,0.99,0.387358159551742
"quant",4,0,7,0.995,0.209844581337365
"quant",4,0,8,0.9,1.44050663050094
"quant",4,0,8,0.91,1.34321664641401
"quant",4,0,8,0.92,1.24381815180894
"quant",4,0,8,0.93,1.14129414898312
"quant",4,0,8,0.94,1.03414203572024
"quant",4,0,8,0.95,0.927684757185905
"quant",4,0,8,0.96,0.822139783877797
"quant",4,0,8,0.97,0.697084786972412
"quant",4,0,8,0.98,0.61669237545206
"quant",4,0,8,0.99,0.472325529007341
"quant",4,0,8,0.995,0.262413330968003
"quant",4,0,9,0.9,2.21944346837364
"quant",4,0,9,0.91,2.10119223495003
"quant",4,0,9,0.92,1.97758026931164
"quant",4,0,9,0.93,1.84720846005327
"quant",4,0,9,0.94,1.70836584041395
"quant",4,0,9,0.95,1.56148822339987
"quant",4,0,9,0.96,1.40278567163312
"quant",4,0,9,0.97,1.22630938171983
"quant",4,0,9,0.98,1.02878290658736
"quant",4,0,9,0.99,0.781248539777827
"quant",4,0,9,0.995,0.60830038286043
"quant",4,0,10,0.9,1.57546589840563
"quant",4,0,10,0.91,1.47804290267933
"quant",4,0,10,0.92,1.37364703925254
"quant",4,0,10,0.93,1.26006376510273
"quant",4,0,10,0.94,1.13502680171894
"quant",4,0,10,0.95,0.999185091713199
"quant",4,0,10,0.96,0.851756739368864
"quant",4,0,10,0.97,0.693839037677374
"quant",4,0,10,0.98,0.529713485180863
"quant",4,0,10,0.99,0.31081113794206
"quant",4,0,10,0.995,0.169234931343608
"quant",4,0,11,0.9,2.31011548312976
"quant",4,0,11,0.91,2.16814914727949
"quant",4,0,11,0.92,2.01526187664501
"quant",4,0,11,0.93,1.85138200085746
"quant",4,0,11,0.94,1.67356835139707
"quant",4,0,11,0.95,1.48145079136135
"quant",4,0,11,0.96,1.26983951400662
"quant",4,0,11,0.97,1.03475437183904
"quant",4,0,11,0.98,0.753114607400788
"quant",4,0,11,0.99,0.421137569844501
"quant",4,0,11,0.995,0.23939635801804
"quant",4,0,12,0.9,2.16056955464052
"quant",4,0,12,0.91,2.03906940190134
"quant",4,0,12,0.92,1.90950962395032
"quant",4,0,12,0.93,1.76861292974331
"quant",4,0,12,0.94,1.62182507847748
"quant",4,0,12,0.95,1.46235385521349
"quant",4,0,12,0.96,1.25905538312273
"quant",4,0,12,0.97,1.02403901287039
"quant",4,0,12,0.98,0.755738082149364
"quant",4,0,12,0.99,0.443072767354059
"quant",4,0,12,0.995,0.256485120581901
"quant",4,0,13,0.9,1.3376441993959
"quant",4,0,13,0.91,1.25772908669194
"quant",4,0,13,0.92,1.17043671079363
"quant",4,0,13,0.93,1.07402700720515
"quant",4,0,13,0.94,0.96788070098545
"quant",4,0,13,0.95,0.848119612975703
"quant",4,0,13,0.96,0.713884291120641
"quant",4,0,13,0.97,0.560193055445906
"quant",4,0,13,0.98,0.413997715343226
"quant",4,0,13,0.99,0.261196011139609
"quant",4,0,13,0.995,0.142337194972246
"quant",4,0,14,0.9,1.79423761806669
"quant",4,0,14,0.91,1.67619524767716
"quant",4,0,14,0.92,1.54987912910143
"quant",4,0,14,0.93,1.42078574956405
"quant",4,0,14,0.94,1.29136382657109
"quant",4,0,14,0.95,1.16535278844993
"quant",4,0,14,0.96,1.05240584551371
"quant",4,0,14,0.97,0.933048435462888
"quant",4,0,14,0.98,0.772202807008999
"quant",4,0,14,0.99,0.489505436485832
"quant",4,0,14,0.995,0.266652668332506
"quant",4,0,15,0.9,1.77310092248078
"quant",4,0,15,0.91,1.66690019016038
"quant",4,0,15,0.92,1.55495126661461
"quant",4,0,15,0.93,1.43672253126484
"quant",4,0,15,0.94,1.31100101304412
"quant",4,0,15,0.95,1.17516894852621
"quant",4,0,15,0.96,1.02575102606463
"quant",4,0,15,0.97,0.859561855953549
"quant",4,0,15,0.98,0.653437127980065
"quant",4,0,15,0.99,0.373200124125381
"quant",4,0,15,0.995,0.205387932854467
"quant",4,0,16,0.9,1.60853428556782
"quant",4,0,16,0.91,1.50475098932019
"quant",4,0,16,0.92,1.39263600224008
"quant",4,0,16,0.93,1.27234241662798
"quant",4,0,16,0.94,1.14079990367748
"quant",4,0,16,0.95,0.997452868950152
"quant",4,0,16,0.96,0.841287769883902
"quant",4,0,16,0.97,0.669817855477045
"quant",4,0,16,0.98,0.477121880828638
"quant",4,0,16,0.99,0.261091216867655
"quant",4,0,16,0.995,0.139598515527379
"quant",4,0,17,0.9,2.46132229445787
"quant",4,0,17,0.91,2.32602968947778
"quant",4,0,17,0.92,2.18351419842021
"quant",4,0,17,0.93,2.03228489188068
"quant",4,0,17,0.94,1.87201576256526
"quant",4,0,17,0.95,1.69525128673029
"quant",4,0,17,0.96,1.49667633445339
"quant",4,0,17,0.97,1.26559537057191
"quant",4,0,17,0.98,0.884798657809369
"quant",4,0,17,0.99,0.503974657567809
"quant",4,0,17,0.995,0.282905038436301
"quant",4,0,18,0.9,1.70490868683823
"quant",4,0,18,0.91,1.5829372752637
"quant",4,0,18,0.92,1.45436763167245
"quant",4,0,18,0.93,1.31869022142901
"quant",4,0,18,0.94,1.17379946264877
"quant",4,0,18,0.95,1.02019265903967
"quant",4,0,18,0.96,0.855799128429859
"quant",4,0,18,0.97,0.679865904251651
"quant",4,0,18,0.98,0.509943977524362
"quant",4,0,18,0.99,0.31577436003469
"quant",4,0,18,0.995,0.170760204955039
"quant",4,0,19,0.9,1.91166994133601
"quant",4,0,19,0.91,1.80050892573615
"quant",4,0,19,0.92,1.67972111021804
"quant",4,0,19,0.93,1.5482344093892
"quant",4,0,19,0.94,1.40572330844612
"quant",4,0,19,0.95,1.25011918484763
"quant",4,0,19,0.96,1.07816536115948
"quant",4,0,19,0.97,0.88672119653246
"quant",4,0,19,0.98,0.677147207887471
"quant",4,0,19,0.99,0.44078814367632
"quant",4,0,19,0.995,0.300567578943158
"quant",4,0,20,0.9,2.22701618962166
"quant",4,0,20,0.91,2.08248658619409
"quant",4,0,20,0.92,1.92921859027248
"quant",4,0,20,0.93,1.76244826434699
"quant",4,0,20,0.94,1.58480675979873
"quant",4,0,20,0.95,1.38836633675506
"quant",4,0,20,0.96,1.16335829313782
"quant",4,0,20,0.97,0.913524273106215
"quant",4,0,20,0.98,0.640663664261909
"quant",4,0,20,0.99,0.350956190767766
"quant",4,0,20,0.995,0.191053798353672
"quant",4,0,21,0.9,1.60054476500597
"quant",4,0,21,0.91,1.48288827225328
"quant",4,0,21,0.92,1.35863915482536
"quant",4,0,21,0.93,1.22815670624273
"quant",4,0,21,0.94,1.09086440606655
"quant",4,0,21,0.95,0.944940758467915
"quant",4,0,21,0.96,0.789446890211931
"quant",4,0,21,0.97,0.625390738759903
"quant",4,0,21,0.98,0.448746582216856
"quant",4,0,21,0.99,0.254030451183493
"quant",4,0,21,0.995,0.143685998598248
"quant",4,0,22,0.9,2.19161417660651
"quant",4,0,22,0.91,2.07742138732071
"quant",4,0,22,0.92,1.9540260972486
"quant",4,0,22,0.93,1.82039447296761
"quant",4,0,22,0.94,1.67483616023479
"quant",4,0,22,0.95,1.51585849662538
"quant",4,0,22,0.96,1.3440488016807
"quant",4,0,22,0.97,1.15438659227113
"quant",4,0,22,0.98,0.942149843803256
"quant",4,0,22,0.99,0.694316866848994
"quant",4,0,22,0.995,0.540380373976814
"quant",4,0,23,0.9,1.84780954911505
"quant",4,0,23,0.91,1.72272259849813
"quant",4,0,23,0.92,1.59077333961189
"quant",4,0,23,0.93,1.45184275829588
"quant",4,0,23,0.94,1.30247381470357
"quant",4,0,23,0.95,1.14380518018653
"quant",4,0,23,0.96,0.977232942813732
"quant",4,0,23,0.97,0.800696035002227
"quant",4,0,23,0.98,0.603642422119284
"quant",4,0,23,0.99,0.368436384450946
"quant",4,0,23,0.995,0.2267774373523
"quant",4,0,24,0.9,1.41852750699936
"quant",4,0,24,0.91,1.33487314341987
"quant",4,0,24,0.92,1.2445098383422
"quant",4,0,24,0.93,1.1481133913435
"quant",4,0,24,0.94,1.04456174329677
"quant",4,0,24,0.95,0.930942041497942
"quant",4,0,24,0.96,0.802932582874931
"quant",4,0,24,0.97,0.657792633954908
"quant",4,0,24,0.98,0.50867003082342
"quant",4,0,24,0.99,0.318451715319039
"quant",4,0,24,0.995,0.174850423090445
"quant",4,0,25,0.9,1.96652150446659
"quant",4,0,25,0.91,1.84849352983597
"quant",4,0,25,0.92,1.71936439260497
"quant",4,0,25,0.93,1.57770495539525
"quant",4,0,25,0.94,1.42502076585453
"quant",4,0,25,0.95,1.26385456289467
"quant",4,0,25,0.96,1.08391987993673
"quant",4,0,25,0.97,0.903679304435609
"quant",4,0,25,0.98,0.694207223168234
"quant",4,0,25,0.99,0.395278193740853
"quant",4,0,25,0.995,0.214124858607293
"quant",4,0,26,0.9,3.10312058184172
"quant",4,0,26,0.91,2.99262560387644
"quant",4,0,26,0.92,2.87222622663961
"quant",4,0,26,0.93,2.73915629764117
"quant",4,0,26,0.94,2.59336850654246
"quant",4,0,26,0.95,2.4319236258607
"quant",4,0,26,0.96,2.25107577255504
"quant",4,0,26,0.97,2.03953473400796
"quant",4,0,26,0.98,1.72978737290113
"quant",4,0,26,0.99,1.28433449113221
"quant",4,0,26,0.995,1.04484952093975
"quant",4,0,27,0.9,2.1271695943396
"quant",4,0,27,0.91,2.00289780029232
"quant",4,0,27,0.92,1.87034296747557
"quant",4,0,27,0.93,1.73028455862035
"quant",4,0,27,0.94,1.58099499068179
"quant",4,0,27,0.95,1.4200505644421
"quant",4,0,27,0.96,1.24459453803258
"quant",4,0,27,0.97,1.0523523358148
"quant",4,0,27,0.98,0.860247105126035
"quant",4,0,27,0.99,0.664700174546132
"quant",4,0,27,0.995,0.359160130926076
"quant",4,0,28,0.9,2.08150786313846
"quant",4,0,28,0.91,1.93830813404888
"quant",4,0,28,0.92,1.7837825141953
"quant",4,0,28,0.93,1.61642286967853
"quant",4,0,28,0.94,1.43327234104517
"quant",4,0,28,0.95,1.23338279457294
"quant",4,0,28,0.96,1.01124092723195
"quant",4,0,28,0.97,0.777137132901169
"quant",4,0,28,0.98,0.555714948279957
"quant",4,0,28,0.99,0.327769720078457
"quant",4,0,28,0.995,0.174138692989935
"quant",4,0,29,0.9,1.96986223696602
"quant",4,0,29,0.91,1.82375722850868
"quant",4,0,29,0.92,1.6730513030994
"quant",4,0,29,0.93,1.51612338269666
"quant",4,0,29,0.94,1.34968242115153
"quant",4,0,29,0.95,1.17475324239886
"quant",4,0,29,0.96,0.98774565356669
"quant",4,0,29,0.97,0.786394563671096
"quant",4,0,29,0.98,0.562030780960907
"quant",4,0,29,0.99,0.30876119866528
"quant",4,0,29,0.995,0.163329748683118
"quant",4,0,30,0.9,1.62812393177563
"quant",4,0,30,0.91,1.5230104204762
"quant",4,0,30,0.92,1.40955711029289
"quant",4,0,30,0.93,1.28858954874858
"quant",4,0,30,0.94,1.15911173669781
"quant",4,0,30,0.95,1.01966868340054
"quant",4,0,30,0.96,0.868576084624297
"quant",4,0,30,0.97,0.701214551606903
"quant",4,0,30,0.98,0.514118296696589
"quant",4,0,30,0.99,0.295188410252527
"quant",4,0,30,0.995,0.1686932005069
"quant",4,0,31,0.9,1.58153494161133
"quant",4,0,31,0.91,1.48931936180747
"quant",4,0,31,0.92,1.39156425324653
"quant",4,0,31,0.93,1.28374106870685
"quant",4,0,31,0.94,1.16609052978109
"quant",4,0,31,0.95,1.04173606650435
"quant",4,0,31,0.96,0.93046999399099
"quant",4,0,31,0.97,0.804211932579633
"quant",4,0,31,0.98,0.614633780098727
"quant",4,0,31,0.99,0.349846006872134
"quant",4,0,31,0.995,0.188323383525716
"quant",4,0,32,0.9,2.10398306873918
"quant",4,0,32,0.91,2.00391299852379
"quant",4,0,32,0.92,1.89316359238753
"quant",4,0,32,0.93,1.76947563098354
"quant",4,0,32,0.94,1.63013713687736
"quant",4,0,32,0.95,1.47172467961154
"quant",4,0,32,0.96,1.29262260248086
"quant",4,0,32,0.97,1.09189775471689
"quant",4,0,32,0.98,0.863976459307737
"quant",4,0,32,0.99,0.597325817330804
"quant",4,0,32,0.995,0.435503609543362
"quant",4,0,33,0.9,1.86473985026657
"quant",4,0,33,0.91,1.77152633505741
"quant",4,0,33,0.92,1.6713047656608
"quant",4,0,33,0.93,1.56094773802533
"quant",4,0,33,0.94,1.44072087544217
"quant",4,0,33,0.95,1.30567270396172
"quant",4,0,33,0.96,1.1535316238891
"quant",4,0,33,0.97,0.983270516451658
"quant",4,0,33,0.98,0.784895068574277
"quant",4,0,33,0.99,0.552236953917417
"quant",4,0,33,0.995,0.414017197841727
"quant",4,0,34,0.9,1.87776183359214
"quant",4,0,34,0.91,1.7590821964688
"quant",4,0,34,0.92,1.63088961354808
"quant",4,0,34,0.93,1.49381241426535
"quant",4,0,34,0.94,1.34318079784057
"quant",4,0,34,0.95,1.18881452153395
"quant",4,0,34,0.96,1.06847730252285
"quant",4,0,34,0.97,0.9144743508762
"quant",4,0,34,0.98,0.683963138645636
"quant",4,0,34,0.99,0.385175538936105
"quant",4,0,34,0.995,0.206651943930641
"quant",4,0,35,0.9,1.36500986434225
"quant",4,0,35,0.91,1.27890741241428
"quant",4,0,35,0.92,1.18262706326371
"quant",4,0,35,0.93,1.07747680819211
"quant",4,0,35,0.94,0.962223870680536
"quant",4,0,35,0.95,0.838375035384392
"quant",4,0,35,0.96,0.704679873245992
"quant",4,0,35,0.97,0.559317314328082
"quant",4,0,35,0.98,0.404089414268802
"quant",4,0,35,0.99,0.227267454438781
"quant",4,0,35,0.995,0.122695817869265
"quant",4,0,36,0.9,1.6363920962588
"quant",4,0,36,0.91,1.52893845755547
"quant",4,0,36,0.92,1.41615253193469
"quant",4,0,36,0.93,1.30122975651753
"quant",4,0,36,0.94,1.18011041882133
"quant",4,0,36,0.95,1.04438481431986
"quant",4,0,36,0.96,0.904273119150001
"quant",4,0,36,0.97,0.770976089770756
"quant",4,0,36,0.98,0.576489684121201
"quant",4,0,36,0.99,0.3273215562539
"quant",4,0,36,0.995,0.175559382224583
"quant",4,0,37,0.9,2.62092555020999
"quant",4,0,37,0.91,2.5042722682336
"quant",4,0,37,0.92,2.37866633839029
"quant",4,0,37,0.93,2.24412013484531
"quant",4,0,37,0.94,2.10013914502869
"quant",4,0,37,0.95,1.94371040817623
"quant",4,0,37,0.96,1.77000061228726
"quant",4,0,37,0.97,1.57163021555858
"quant",4,0,37,0.98,1.33600054632642
"quant",4,0,37,0.99,1.03198135069211
"quant",4,0,37,0.995,0.817712649415185
"quant",4,0,38,0.9,1.56570127248863
"quant",4,0,38,0.91,1.45525492822417
"quant",4,0,38,0.92,1.33967006415294
"quant",4,0,38,0.93,1.21841138321127
"quant",4,0,38,0.94,1.08842277346906
"quant",4,0,38,0.95,0.9439179693363
"quant",4,0,38,0.96,0.784114562372032
"quant",4,0,38,0.97,0.6214327039168
"quant",4,0,38,0.98,0.447954492830568
"quant",4,0,38,0.99,0.266025329277152
"quant",4,0,38,0.995,0.160072549641632
"quant",4,0,39,0.9,1.37555754761816
"quant",4,0,39,0.91,1.28461475872126
"quant",4,0,39,0.92,1.18763939700207
"quant",4,0,39,0.93,1.08363230451385
"quant",4,0,39,0.94,0.973385727331125
"quant",4,0,39,0.95,0.853724389227897
"quant",4,0,39,0.96,0.722818796416016
"quant",4,0,39,0.97,0.579931360305375
"quant",4,0,39,0.98,0.420054867306284
"quant",4,0,39,0.99,0.235906756201421
"quant",4,0,39,0.995,0.131304063323502
"quant",4,0,40,0.9,1.61854413282508
"quant",4,0,40,0.91,1.49370723701848
"quant",4,0,40,0.92,1.36129510810586
"quant",4,0,40,0.93,1.22149125845375
"quant",4,0,40,0.94,1.07771298904177
"quant",4,0,40,0.95,0.93173618838634
"quant",4,0,40,0.96,0.779741378620739
"quant",4,0,40,0.97,0.616981956748347
"quant",4,0,40,0.98,0.439753069451375
"quant",4,0,40,0.99,0.242382245722264
"quant",4,0,40,0.995,0.129340662193782
"quant",4,0,41,0.9,3.08876112637763
"quant",4,0,41,0.91,2.96277583168153
"quant",4,0,41,0.92,2.83010163929299
"quant",4,0,41,0.93,2.6868902001079
"quant",4,0,41,0.94,2.52764628840471
"quant",4,0,41,0.95,2.34854202941544
"quant",4,0,41,0.96,2.1316541765284
"quant",4,0,41,0.97,1.87597532239646
"quant",4,0,41,0.98,1.47046647765559
"quant",4,0,41,0.99,0.988298120939107
"quant",4,0,41,0.995,0.720791712008164
"quant",4,0,42,0.9,1.95207929273556
"quant",4,0,42,0.91,1.80662292060709
"quant",4,0,42,0.92,1.65190177410371
"quant",4,0,42,0.93,1.48802867223355
"quant",4,0,42,0.94,1.31799303177939
"quant",4,0,42,0.95,1.13862819111558
"quant",4,0,42,0.96,0.949540747005468
"quant",4,0,42,0.97,0.752148825631072
"quant",4,0,42,0.98,0.539297179742294
"quant",4,0,42,0.99,0.299279979662296
"quant",4,0,42,0.995,0.164233287764347
"quant",4,0,43,0.9,1.67321514622099
"quant",4,0,43,0.91,1.58796940969642
"quant",4,0,43,0.92,1.49392800660592
"quant",4,0,43,0.93,1.38965330004558
"quant",4,0,43,0.94,1.26491813328677
"quant",4,0,43,0.95,1.11744217913901
"quant",4,0,43,0.96,0.946883788465458
"quant",4,0,43,0.97,0.753500730335343
"quant",4,0,43,0.98,0.535751864666756
"quant",4,0,43,0.99,0.289785512795321
"quant",4,0,43,0.995,0.154305369253441
"quant",4,0,44,0.9,1.8359475577531
"quant",4,0,44,0.91,1.70396560998448
"quant",4,0,44,0.92,1.56346904052558
"quant",4,0,44,0.93,1.41358325213673
"quant",4,0,44,0.94,1.25333828928949
"quant",4,0,44,0.95,1.08395586676748
"quant",4,0,44,0.96,0.904076339523196
"quant",4,0,44,0.97,0.710150137454736
"quant",4,0,44,0.98,0.501942784058434
"quant",4,0,44,0.99,0.276034021933656
"quant",4,0,44,0.995,0.147412634972351
"quant",4,0,45,0.9,1.83113509290675
"quant",4,0,45,0.91,1.71851354767067
"quant",4,0,45,0.92,1.60093639082847
"quant",4,0,45,0.93,1.47519439805004
"quant",4,0,45,0.94,1.33862198299323
"quant",4,0,45,0.95,1.19328294038268
"quant",4,0,45,0.96,1.03315692429633
"quant",4,0,45,0.97,0.843051109534365
"quant",4,0,45,0.98,0.61818652801221
"quant",4,0,45,0.99,0.350845840406625
"quant",4,0,45,0.995,0.191623980153821
"quant",4,0,46,0.9,1.79710568255729
"quant",4,0,46,0.91,1.67485451167031
"quant",4,0,46,0.92,1.5450041414336
"quant",4,0,46,0.93,1.4068022598205
"quant",4,0,46,0.94,1.25840422453182
"quant",4,0,46,0.95,1.09420296865501
"quant",4,0,46,0.96,0.917081284955995
"quant",4,0,46,0.97,0.724895847336318
"quant",4,0,46,0.98,0.516271870048757
"quant",4,0,46,0.99,0.28441819553085
"quant",4,0,46,0.995,0.15228450394211
"quant",4,0,47,0.9,1.56682273253393
"quant",4,0,47,0.91,1.45770710129941
"quant",4,0,47,0.92,1.34317607935315
"quant",4,0,47,0.93,1.21879119874263
"quant",4,0,47,0.94,1.08712234293846
"quant",4,0,47,0.95,0.944486710185226
"quant",4,0,47,0.96,0.792593793422478
"quant",4,0,47,0.97,0.627832023671564
"quant",4,0,47,0.98,0.446057237342012
"quant",4,0,47,0.99,0.245366723238653
"quant",4,0,47,0.995,0.13241935873386
"quant",4,0,48,0.9,1.86966402735666
"quant",4,0,48,0.91,1.76353337980332
"quant",4,0,48,0.92,1.64862558882089
"quant",4,0,48,0.93,1.52418548893637
"quant",4,0,48,0.94,1.39056801929879
"quant",4,0,48,0.95,1.24291827261067
"quant",4,0,48,0.96,1.07053215270425
"quant",4,0,48,0.97,0.861881993832873
"quant",4,0,48,0.98,0.61945874311185
"quant",4,0,48,0.99,0.341641467641069
"quant",4,0,48,0.995,0.187783632417467
"quant",4,0,49,0.9,1.86610433744844
"quant",4,0,49,0.91,1.73779991400556
"quant",4,0,49,0.92,1.59912803868891
"quant",4,0,49,0.93,1.45119842853834
"quant",4,0,49,0.94,1.29480118047021
"quant",4,0,49,0.95,1.12659979877491
"quant",4,0,49,0.96,0.944794261544563
"quant",4,0,49,0.97,0.751674961895908
"quant",4,0,49,0.98,0.54370524593079
"quant",4,0,49,0.99,0.316755839077068
"quant",4,0,49,0.995,0.188273702205901
"quant",4,0,50,0.9,3.11926644945268
"quant",4,0,50,0.91,3.02211057097403
"quant",4,0,50,0.92,2.91378875997657
"quant",4,0,50,0.93,2.79141292330685
"quant",4,0,50,0.94,2.6549172004255
"quant",4,0,50,0.95,2.50063162595214
"quant",4,0,50,0.96,2.31863304347919
"quant",4,0,50,0.97,2.09549746460917
"quant",4,0,50,0.98,1.82365877783388
"quant",4,0,50,0.99,1.45472594797267
"quant",4,0,50,0.995,1.19503366177788
"quant",5,0,1,0.9,1.87651507416743
"quant",5,0,1,0.91,1.72899996929493
"quant",5,0,1,0.92,1.5699677193201
"quant",5,0,1,0.93,1.39954653774757
"quant",5,0,1,0.94,1.22207559147012
"quant",5,0,1,0.95,1.04264805493841
"quant",5,0,1,0.96,0.864876267657043
"quant",5,0,1,0.97,0.703449876586673
"quant",5,0,1,0.98,0.531768349824334
"quant",5,0,1,0.99,0.300589068300276
"quant",5,0,1,0.995,0.160924342914036
"quant",5,0,2,0.9,1.57436306850541
"quant",5,0,2,0.91,1.47311960787925
"quant",5,0,2,0.92,1.3613996020953
"quant",5,0,2,0.93,1.24086569272136
"quant",5,0,2,0.94,1.11322277247308
"quant",5,0,2,0.95,0.985733302578003
"quant",5,0,2,0.96,0.858238626810527
"quant",5,0,2,0.97,0.680212574544461
"quant",5,0,2,0.98,0.487005027442925
"quant",5,0,2,0.99,0.262343532645243
"quant",5,0,2,0.995,0.135930374901145
"quant",5,0,3,0.9,1.77493387601753
"quant",5,0,3,0.91,1.65671792931825
"quant",5,0,3,0.92,1.5329695302563
"quant",5,0,3,0.93,1.40158623216824
"quant",5,0,3,0.94,1.26243503731529
"quant",5,0,3,0.95,1.11514063490297
"quant",5,0,3,0.96,0.955396973132916
"quant",5,0,3,0.97,0.778567165151594
"quant",5,0,3,0.98,0.584235300648826
"quant",5,0,3,0.99,0.352694447890515
"quant",5,0,3,0.995,0.210761281502941
"quant",5,0,4,0.9,1.60531507149938
"quant",5,0,4,0.91,1.49374849812783
"quant",5,0,4,0.92,1.37621418415574
"quant",5,0,4,0.93,1.25291314752061
"quant",5,0,4,0.94,1.12797171957417
"quant",5,0,4,0.95,0.995755589696364
"quant",5,0,4,0.96,0.85302963528156
"quant",5,0,4,0.97,0.697422141477724
"quant",5,0,4,0.98,0.52832447236421
"quant",5,0,4,0.99,0.294532488227465
"quant",5,0,4,0.995,0.158488400578589
"quant",5,0,5,0.9,1.63617258824655
"quant",5,0,5,0.91,1.53203406965183
"quant",5,0,5,0.92,1.44565002808437
"quant",5,0,5,0.93,1.35418894107675
"quant",5,0,5,0.94,1.22759561943012
"quant",5,0,5,0.95,1.07769825018711
"quant",5,0,5,0.96,0.900409647983026
"quant",5,0,5,0.97,0.704832079875706
"quant",5,0,5,0.98,0.493487030450247
"quant",5,0,5,0.99,0.265496445661542
"quant",5,0,5,0.995,0.142911855165242
"quant",5,0,6,0.9,1.87506862643182
"quant",5,0,6,0.91,1.75528653681896
"quant",5,0,6,0.92,1.62733353604513
"quant",5,0,6,0.93,1.48992792866282
"quant",5,0,6,0.94,1.33954367256882
"quant",5,0,6,0.95,1.17327481384651
"quant",5,0,6,0.96,0.992795663126624
"quant",5,0,6,0.97,0.794611581698877
"quant",5,0,6,0.98,0.735539873997776
"quant",5,0,6,0.99,0.415100302919099
"quant",5,0,6,0.995,0.213760301115603
"quant",5,0,7,0.9,2.24914978457824
"quant",5,0,7,0.91,2.09560823959065
"quant",5,0,7,0.92,1.93011159082367
"quant",5,0,7,0.93,1.75416890430141
"quant",5,0,7,0.94,1.56620972588234
"quant",5,0,7,0.95,1.36032752666926
"quant",5,0,7,0.96,1.15965211090131
"quant",5,0,7,0.97,0.935047094326133
"quant",5,0,7,0.98,0.679576861651497
"quant",5,0,7,0.99,0.371739965808847
"quant",5,0,7,0.995,0.192997265274867
"quant",5,0,8,0.9,1.41505415334021
"quant",5,0,8,0.91,1.31818782469917
"quant",5,0,8,0.92,1.21919396427975
"quant",5,0,8,0.93,1.12143117386781
"quant",5,0,8,0.94,1.02130639606138
"quant",5,0,8,0.95,0.91964135769559
"quant",5,0,8,0.96,0.814080987307244
"quant",5,0,8,0.97,0.694457115313961
"quant",5,0,8,0.98,0.794049032526099
"quant",5,0,8,0.99,0.458661562794366
"quant",5,0,8,0.995,0.235604109716039
"quant",5,0,9,0.9,2.22583281164257
"quant",5,0,9,0.91,2.1073175696305
"quant",5,0,9,0.92,1.98296594744306
"quant",5,0,9,0.93,1.85336038030348
"quant",5,0,9,0.94,1.71454303582639
"quant",5,0,9,0.95,1.56699166628475
"quant",5,0,9,0.96,1.40865835851896
"quant",5,0,9,0.97,1.23104018270444
"quant",5,0,9,0.98,1.03298132887908
"quant",5,0,9,0.99,0.786655872453939
"quant",5,0,9,0.995,0.619509973016011
"quant",5,0,10,0.9,1.56833623101721
"quant",5,0,10,0.91,1.47202248884104
"quant",5,0,10,0.92,1.36959627192806
"quant",5,0,10,0.93,1.25800055837809
"quant",5,0,10,0.94,1.1346984998394
"quant",5,0,10,0.95,0.998846386615744
"quant",5,0,10,0.96,0.853907534722708
"quant",5,0,10,0.97,0.700362878732581
"quant",5,0,10,0.98,0.545756337988692
"quant",5,0,10,0.99,0.3081244529716
"quant",5,0,10,0.995,0.163957133782428
"quant",5,0,11,0.9,2.31564579233488
"quant",5,0,11,0.91,2.17451508568723
"quant",5,0,11,0.92,2.02159931672798
"quant",5,0,11,0.93,1.8565611244432
"quant",5,0,11,0.94,1.6769438567312
"quant",5,0,11,0.95,1.48060546702708
"quant",5,0,11,0.96,1.26348850205867
"quant",5,0,11,0.97,1.02011674245204
"quant",5,0,11,0.98,0.731201170264965
"quant",5,0,11,0.99,0.4234900025104
"quant",5,0,11,0.995,0.256532491951799
"quant",5,0,12,0.9,2.15775607917655
"quant",5,0,12,0.91,2.03660835262502
"quant",5,0,12,0.92,1.90761814911282
"quant",5,0,12,0.93,1.76963024690037
"quant",5,0,12,0.94,1.62810950525963
"quant",5,0,12,0.95,1.46527850200219
"quant",5,0,12,0.96,1.25696659628888
"quant",5,0,12,0.97,1.02293467080149
"quant",5,0,12,0.98,0.759025417686931
"quant",5,0,12,0.99,0.449127809040748
"quant",5,0,12,0.995,0.256179404496647
"quant",5,0,13,0.9,1.33700401650564
"quant",5,0,13,0.91,1.25741723813427
"quant",5,0,13,0.92,1.1699230524774
"quant",5,0,13,0.93,1.07394766026678
"quant",5,0,13,0.94,0.968713920805042
"quant",5,0,13,0.95,0.850064329407791
"quant",5,0,13,0.96,0.71557094019053
"quant",5,0,13,0.97,0.561713256155001
"quant",5,0,13,0.98,0.450832201326621
"quant",5,0,13,0.99,0.261203349888651
"quant",5,0,13,0.995,0.136632336538575
"quant",5,0,14,0.9,1.77705361158838
"quant",5,0,14,0.91,1.66265019438541
"quant",5,0,14,0.92,1.53910376482756
"quant",5,0,14,0.93,1.40879574391938
"quant",5,0,14,0.94,1.276705723264
"quant",5,0,14,0.95,1.15736931220794
"quant",5,0,14,0.96,1.11336643772986
"quant",5,0,14,0.97,0.907075344472144
"quant",5,0,14,0.98,0.858439883985851
"quant",5,0,14,0.99,0.490015279343105
"quant",5,0,14,0.995,0.250798237543432
"quant",5,0,15,0.9,1.76586292417297
"quant",5,0,15,0.91,1.65940657231572
"quant",5,0,15,0.92,1.54776444880515
"quant",5,0,15,0.93,1.43058194397138
"quant",5,0,15,0.94,1.30624036896503
"quant",5,0,15,0.95,1.17308077563099
"quant",5,0,15,0.96,1.02632077407812
"quant",5,0,15,0.97,0.861143631831221
"quant",5,0,15,0.98,0.651633168063791
"quant",5,0,15,0.99,0.370619418951158
"quant",5,0,15,0.995,0.203462871752007
"quant",5,0,16,0.9,1.60071738093576
"quant",5,0,16,0.91,1.49762452078069
"quant",5,0,16,0.92,1.38753120500836
"quant",5,0,16,0.93,1.2687378055475
"quant",5,0,16,0.94,1.13997318473433
"quant",5,0,16,0.95,0.99870115339515
"quant",5,0,16,0.96,0.843586797139969
"quant",5,0,16,0.97,0.671497137591477
"quant",5,0,16,0.98,0.473954045977597
"quant",5,0,16,0.99,0.2560730739694
"quant",5,0,16,0.995,0.137495666022883
"quant",5,0,17,0.9,2.46152278112533
"quant",5,0,17,0.91,2.32584016643427
"quant",5,0,17,0.92,2.18224151560545
"quant",5,0,17,0.93,2.03151582504072
"quant",5,0,17,0.94,1.87100630263417
"quant",5,0,17,0.95,1.69587932692808
"quant",5,0,17,0.96,1.49983751232047
"quant",5,0,17,0.97,1.26382797793262
"quant",5,0,17,0.98,0.860503811828096
"quant",5,0,17,0.99,0.488864009311597
"quant",5,0,17,0.995,0.273993474452346
"quant",5,0,18,0.9,1.70403504000114
"quant",5,0,18,0.91,1.58211982456798
"quant",5,0,18,0.92,1.4534526119415
"quant",5,0,18,0.93,1.31743734852388
"quant",5,0,18,0.94,1.17265792572589
"quant",5,0,18,0.95,1.01960509921937
"quant",5,0,18,0.96,0.855923305046062
"quant",5,0,18,0.97,0.679383616614295
"quant",5,0,18,0.98,0.501685729145681
"quant",5,0,18,0.99,0.311985488050595
"quant",5,0,18,0.995,0.17092008189429
"quant",5,0,19,0.9,1.91093074134506
"quant",5,0,19,0.91,1.80014360183346
"quant",5,0,19,0.92,1.67986368965992
"quant",5,0,19,0.93,1.5490586085562
"quant",5,0,19,0.94,1.4077704065317
"quant",5,0,19,0.95,1.25383510168025
"quant",5,0,19,0.96,1.08425194297751
"quant",5,0,19,0.97,0.894907940916868
"quant",5,0,19,0.98,0.686109511872561
"quant",5,0,19,0.99,0.449980407766195
"quant",5,0,19,0.995,0.308391846476375
"quant",5,0,20,0.9,2.20938961077205
"quant",5,0,20,0.91,2.06874302082034
"quant",5,0,20,0.92,1.92091455248486
"quant",5,0,20,0.93,1.76062807285047
"quant",5,0,20,0.94,1.58881184306264
"quant",5,0,20,0.95,1.39593081145682
"quant",5,0,20,0.96,1.17245126002144
"quant",5,0,20,0.97,0.917678920901115
"quant",5,0,20,0.98,0.643526080457103
"quant",5,0,20,0.99,0.351133609399894
"quant",5,0,20,0.995,0.192379706726681
"quant",5,0,21,0.9,1.60056685927946
"quant",5,0,21,0.91,1.48245380354562
"quant",5,0,21,0.92,1.35875346149118
"quant",5,0,21,0.93,1.22949374739585
"quant",5,0,21,0.94,1.09243035436232
"quant",5,0,21,0.95,0.948271790540776
"quant",5,0,21,0.96,0.795691064595157
"quant",5,0,21,0.97,0.633804957009389
"quant",5,0,21,0.98,0.459467012300491
"quant",5,0,21,0.99,0.263547216786272
"quant",5,0,21,0.995,0.150295501609613
"quant",5,0,22,0.9,2.18719793500534
"quant",5,0,22,0.91,2.07346972548165
"quant",5,0,22,0.92,1.95092661489823
"quant",5,0,22,0.93,1.81836982093427
"quant",5,0,22,0.94,1.67424777554864
"quant",5,0,22,0.95,1.51686627057909
"quant",5,0,22,0.96,1.3464083155221
"quant",5,0,22,0.97,1.16104359061551
"quant",5,0,22,0.98,0.954005441982442
"quant",5,0,22,0.99,0.713520639381063
"quant",5,0,22,0.995,0.564101852310961
"quant",5,0,23,0.9,1.85554048778506
"quant",5,0,23,0.91,1.72950083000562
"quant",5,0,23,0.92,1.59672201277955
"quant",5,0,23,0.93,1.45683180262018
"quant",5,0,23,0.94,1.30780823688647
"quant",5,0,23,0.95,1.14937174251619
"quant",5,0,23,0.96,0.983832095398489
"quant",5,0,23,0.97,0.804705355350061
"quant",5,0,23,0.98,0.607527113894373
"quant",5,0,23,0.99,0.371637412855967
"quant",5,0,23,0.995,0.227440861739325
"quant",5,0,24,0.9,1.40711809673538
"quant",5,0,24,0.91,1.32376400896633
"quant",5,0,24,0.92,1.2357458465168
"quant",5,0,24,0.93,1.14066615553195
"quant",5,0,24,0.94,1.03727182594493
"quant",5,0,24,0.95,0.923269400008515
"quant",5,0,24,0.96,0.796125481847669
"quant",5,0,24,0.97,0.654080241371614
"quant",5,0,24,0.98,0.5534305959583
"quant",5,0,24,0.99,0.309900420487542
"quant",5,0,24,0.995,0.165705821672366
"quant",5,0,25,0.9,1.9653642689306
"quant",5,0,25,0.91,1.84745533986659
"quant",5,0,25,0.92,1.71852208670336
"quant",5,0,25,0.93,1.57745825294197
"quant",5,0,25,0.94,1.42357759371385
"quant",5,0,25,0.95,1.2562533212222
"quant",5,0,25,0.96,1.07558625374103
"quant",5,0,25,0.97,0.91482751279476
"quant",5,0,25,0.98,0.710043960999811
"quant",5,0,25,0.99,0.383000538449354
"quant",5,0,25,0.995,0.199490897817769
"quant",5,0,26,0.9,3.10034141933282
"quant",5,0,26,0.91,2.99007253811988
"quant",5,0,26,0.92,2.86981064546347
"quant",5,0,26,0.93,2.73903700602914
"quant",5,0,26,0.94,2.59431566763386
"quant",5,0,26,0.95,2.43284642550634
"quant",5,0,26,0.96,2.2499753474746
"quant",5,0,26,0.97,2.03232243268641
"quant",5,0,26,0.98,1.65004954641419
"quant",5,0,26,0.99,1.28569380010427
"quant",5,0,26,0.995,1.09826790961979
"quant",5,0,27,0.9,2.1219259418542
"quant",5,0,27,0.91,1.99866222233965
"quant",5,0,27,0.92,1.86579802582648
"quant",5,0,27,0.93,1.72481743074245
"quant",5,0,27,0.94,1.57513111524218
"quant",5,0,27,0.95,1.41488085229891
"quant",5,0,27,0.96,1.24162734027264
"quant",5,0,27,0.97,1.04996959283043
"quant",5,0,27,0.98,0.967258817783624
"quant",5,0,27,0.99,0.655787457405752
"quant",5,0,27,0.995,0.334313395606499
"quant",5,0,28,0.9,2.0803423548984
"quant",5,0,28,0.91,1.9380332252924
"quant",5,0,28,0.92,1.78403753626816
"quant",5,0,28,0.93,1.61567090610703
"quant",5,0,28,0.94,1.43293989582017
"quant",5,0,28,0.95,1.23447459153007
"quant",5,0,28,0.96,1.0140644032621
"quant",5,0,28,0.97,0.778732889079844
"quant",5,0,28,0.98,0.582196214058609
"quant",5,0,28,0.99,0.323424431949784
"quant",5,0,28,0.995,0.166524569835878
"quant",5,0,29,0.9,1.95254713157647
"quant",5,0,29,0.91,1.80833846797144
"quant",5,0,29,0.92,1.66294146206753
"quant",5,0,29,0.93,1.51108569109111
"quant",5,0,29,0.94,1.35080433796562
"quant",5,0,29,0.95,1.17910724251357
"quant",5,0,29,0.96,0.992373586615327
"quant",5,0,29,0.97,0.790022311528073
"quant",5,0,29,0.98,0.558815902339496
"quant",5,0,29,0.99,0.303935988350217
"quant",5,0,29,0.995,0.159012798270758
"quant",5,0,30,0.9,1.62791756008673
"quant",5,0,30,0.91,1.522841854773
"quant",5,0,30,0.92,1.40969614087877
"quant",5,0,30,0.93,1.28958183226838
"quant",5,0,30,0.94,1.16010874206097
"quant",5,0,30,0.95,1.02089710202752
"quant",5,0,30,0.96,0.871424023518674
"quant",5,0,30,0.97,0.70824767304309
"quant",5,0,30,0.98,0.525671818410456
"quant",5,0,30,0.99,0.308962454902354
"quant",5,0,30,0.995,0.177673759199801
"quant",5,0,31,0.9,1.55790393230953
"quant",5,0,31,0.91,1.46516024228602
"quant",5,0,31,0.92,1.36841701466359
"quant",5,0,31,0.93,1.26548208714296
"quant",5,0,31,0.94,1.15426157655517
"quant",5,0,31,0.95,1.03772492677389
"quant",5,0,31,0.96,0.927293633664175
"quant",5,0,31,0.97,0.818975140120942
"quant",5,0,31,0.98,0.641909327235366
"quant",5,0,31,0.99,0.340984493716805
"quant",5,0,31,0.995,0.178234648451282
"quant",5,0,32,0.9,2.09927227149986
"quant",5,0,32,0.91,1.99949837263065
"quant",5,0,32,0.92,1.88823553080148
"quant",5,0,32,0.93,1.76571045248696
"quant",5,0,32,0.94,1.62929804075467
"quant",5,0,32,0.95,1.47302081376009
"quant",5,0,32,0.96,1.29657109947222
"quant",5,0,32,0.97,1.09530652529175
"quant",5,0,32,0.98,0.869217524974513
"quant",5,0,32,0.99,0.612557079537829
"quant",5,0,32,0.995,0.459359611335242
"quant",5,0,33,0.9,1.86127085445189
"quant",5,0,33,0.91,1.7674788402012
"quant",5,0,33,0.92,1.66695115031164
"quant",5,0,33,0.93,1.55720935997278
"quant",5,0,33,0.94,1.43814668025586
"quant",5,0,33,0.95,1.30486585237155
"quant",5,0,33,0.96,1.15339226710297
"quant",5,0,33,0.97,0.981780698712784
"quant",5,0,33,0.98,0.780784361738889
"quant",5,0,33,0.99,0.556614409924965
"quant",5,0,33,0.995,0.427395431870614
"quant",5,0,34,0.9,1.88769356423405
"quant",5,0,34,0.91,1.7681752377343
"quant",5,0,34,0.92,1.63861844256502
"quant",5,0,34,0.93,1.49955160082278
"quant",5,0,34,0.94,1.34779704122196
"quant",5,0,34,0.95,1.19585763694485
"quant",5,0,34,0.96,1.14410252213529
"quant",5,0,34,0.97,0.92795821868604
"quant",5,0,34,0.98,0.677807928334657
"quant",5,0,34,0.99,0.367828490629494
"quant",5,0,34,0.995,0.189500581974904
"quant",5,0,35,0.9,1.35398133995438
"quant",5,0,35,0.91,1.2693719803533
"quant",5,0,35,0.92,1.1775173777123
"quant",5,0,35,0.93,1.07544437810827
"quant",5,0,35,0.94,0.963416952650709
"quant",5,0,35,0.95,0.841830270016891
"quant",5,0,35,0.96,0.70815121077088
"quant",5,0,35,0.97,0.55960352816532
"quant",5,0,35,0.98,0.401952373132589
"quant",5,0,35,0.99,0.222783551247081
"quant",5,0,35,0.995,0.118981730928227
"quant",5,0,36,0.9,1.63695016394417
"quant",5,0,36,0.91,1.53567385547975
"quant",5,0,36,0.92,1.42611529555623
"quant",5,0,36,0.93,1.30975783121319
"quant",5,0,36,0.94,1.18377268419768
"quant",5,0,36,0.95,1.04403809914971
"quant",5,0,36,0.96,0.889490167855851
"quant",5,0,36,0.97,0.774325863944628
"quant",5,0,36,0.98,0.572804299446664
"quant",5,0,36,0.99,0.32045508593081
"quant",5,0,36,0.995,0.177608822402068
"quant",5,0,37,0.9,2.61626289915178
"quant",5,0,37,0.91,2.50199762826034
"quant",5,0,37,0.92,2.37917259539494
"quant",5,0,37,0.93,2.24722366137552
"quant",5,0,37,0.94,2.10590700256163
"quant",5,0,37,0.95,1.95185590145264
"quant",5,0,37,0.96,1.78024240616045
"quant",5,0,37,0.97,1.58468185506369
"quant",5,0,37,0.98,1.35249456774921
"quant",5,0,37,0.99,1.0509892839786
"quant",5,0,37,0.995,0.840355301700413
"quant",5,0,38,0.9,1.58486998157594
"quant",5,0,38,0.91,1.47278012364264
"quant",5,0,38,0.92,1.35402506972751
"quant",5,0,38,0.93,1.22781783043915
"quant",5,0,38,0.94,1.09301484756582
"quant",5,0,38,0.95,0.942541439875386
"quant",5,0,38,0.96,0.782447087886987
"quant",5,0,38,0.97,0.623896047716958
"quant",5,0,38,0.98,0.450229587930823
"quant",5,0,38,0.99,0.270988096234536
"quant",5,0,38,0.995,0.168910481618212
"quant",5,0,39,0.9,1.37611767346149
"quant",5,0,39,0.91,1.28532716594699
"quant",5,0,39,0.92,1.18825503873975
"quant",5,0,39,0.93,1.08418358750894
"quant",5,0,39,0.94,0.973585511811645
"quant",5,0,39,0.95,0.854211511824152
"quant",5,0,39,0.96,0.723321471953361
"quant",5,0,39,0.97,0.579323027338598
"quant",5,0,39,0.98,0.419236405043829
"quant",5,0,39,0.99,0.235089926050459
"quant",5,0,39,0.995,0.132343100896196
"quant",5,0,40,0.9,1.61704367178832
"quant",5,0,40,0.91,1.49201506184732
"quant",5,0,40,0.92,1.35938843994725
"quant",5,0,40,0.93,1.22105959148741
"quant",5,0,40,0.94,1.07789852837131
"quant",5,0,40,0.95,0.93071439473069
"quant",5,0,40,0.96,0.778912177948731
"quant",5,0,40,0.97,0.615657948973736
"quant",5,0,40,0.98,0.440074755472701
"quant",5,0,40,0.99,0.238043056585586
"quant",5,0,40,0.995,0.123974176984482
"quant",5,0,41,0.9,3.08993048331754
"quant",5,0,41,0.91,2.96323036890063
"quant",5,0,41,0.92,2.82997495726114
"quant",5,0,41,0.93,2.68676501346945
"quant",5,0,41,0.94,2.52583758541796
"quant",5,0,41,0.95,2.33915316721934
"quant",5,0,41,0.96,2.11471796145582
"quant",5,0,41,0.97,1.87850507907468
"quant",5,0,41,0.98,1.44435865010489
"quant",5,0,41,0.99,0.987028605162732
"quant",5,0,41,0.995,0.75162311491124
"quant",5,0,42,0.9,1.94859854589191
"quant",5,0,42,0.91,1.80140289584668
"quant",5,0,42,0.92,1.64469804887189
"quant",5,0,42,0.93,1.48229604096374
"quant",5,0,42,0.94,1.31157093038256
"quant",5,0,42,0.95,1.13245142301617
"quant",5,0,42,0.96,0.945237488111702
"quant",5,0,42,0.97,0.752634744182865
"quant",5,0,42,0.98,0.548567549374287
"quant",5,0,42,0.99,0.323150871025812
"quant",5,0,42,0.995,0.192249392789267
"quant",5,0,43,0.9,1.67723390426272
"quant",5,0,43,0.91,1.5924084682874
"quant",5,0,43,0.92,1.50129719144343
"quant",5,0,43,0.93,1.39992700042902
"quant",5,0,43,0.94,1.27773681358092
"quant",5,0,43,0.95,1.12805743192027
"quant",5,0,43,0.96,0.949984882440535
"quant",5,0,43,0.97,0.750441738496456
"quant",5,0,43,0.98,0.529189275435365
"quant",5,0,43,0.99,0.282269283347939
"quant",5,0,43,0.995,0.15142959718542
"quant",5,0,44,0.9,1.82805010340482
"quant",5,0,44,0.91,1.69728956051176
"quant",5,0,44,0.92,1.55827619873685
"quant",5,0,44,0.93,1.40981758285724
"quant",5,0,44,0.94,1.25114119769232
"quant",5,0,44,0.95,1.08211685894803
"quant",5,0,44,0.96,0.902782090271555
"quant",5,0,44,0.97,0.709938581883225
"quant",5,0,44,0.98,0.50019064140743
"quant",5,0,44,0.99,0.272101497121584
"quant",5,0,44,0.995,0.143853615201604
"quant",5,0,45,0.9,1.83156884760923
"quant",5,0,45,0.91,1.71970764631282
"quant",5,0,45,0.92,1.6018223208496
"quant",5,0,45,0.93,1.47513544641592
"quant",5,0,45,0.94,1.33940428849223
"quant",5,0,45,0.95,1.19894404607248
"quant",5,0,45,0.96,1.04569205752824
"quant",5,0,45,0.97,0.856270320542588
"quant",5,0,45,0.98,0.621846061799211
"quant",5,0,45,0.99,0.350249232011324
"quant",5,0,45,0.995,0.194695682510847
"quant",5,0,46,0.9,1.79933044056891
"quant",5,0,46,0.91,1.67627649412746
"quant",5,0,46,0.92,1.54621888869659
"quant",5,0,46,0.93,1.40754816668178
"quant",5,0,46,0.94,1.25915605330826
"quant",5,0,46,0.95,1.09568447666112
"quant",5,0,46,0.96,0.919331270609726
"quant",5,0,46,0.97,0.727544480153528
"quant",5,0,46,0.98,0.51431920830987
"quant",5,0,46,0.99,0.280493736798231
"quant",5,0,46,0.995,0.150565848116164
"quant",5,0,47,0.9,1.56305243132707
"quant",5,0,47,0.91,1.45362843685762
"quant",5,0,47,0.92,1.33823593630198
"quant",5,0,47,0.93,1.21518253799108
"quant",5,0,47,0.94,1.08487578535988
"quant",5,0,47,0.95,0.945969848139476
"quant",5,0,47,0.96,0.7958968565829
"quant",5,0,47,0.97,0.628323636325224
"quant",5,0,47,0.98,0.445838058256572
"quant",5,0,47,0.99,0.242207919789157
"quant",5,0,47,0.995,0.131095987214408
"quant",5,0,48,0.9,1.87083891788255
"quant",5,0,48,0.91,1.76284245120409
"quant",5,0,48,0.92,1.64630926307086
"quant",5,0,48,0.93,1.52088631914453
"quant",5,0,48,0.94,1.38721364412237
"quant",5,0,48,0.95,1.24111002467291
"quant",5,0,48,0.96,1.07012439887323
"quant",5,0,48,0.97,0.861967646095393
"quant",5,0,48,0.98,0.619671261897468
"quant",5,0,48,0.99,0.341584073576716
"quant",5,0,48,0.995,0.186461266972204
"quant",5,0,49,0.9,1.86139296608253
"quant",5,0,49,0.91,1.73376669603302
"quant",5,0,49,0.92,1.59580433156993
"quant",5,0,49,0.93,1.44838809869413
"quant",5,0,49,0.94,1.29266909682636
"quant",5,0,49,0.95,1.12600398670047
"quant",5,0,49,0.96,0.946716510768075
"quant",5,0,49,0.97,0.755515111220586
"quant",5,0,49,0.98,0.549324324290938
"quant",5,0,49,0.99,0.320045636337534
"quant",5,0,49,0.995,0.18913615324117
"quant",5,0,50,0.9,3.11731180452014
"quant",5,0,50,0.91,3.02090165739954
"quant",5,0,50,0.92,2.91311122897356
"quant",5,0,50,0.93,2.79072399186206
"quant",5,0,50,0.94,2.65432138740859
"quant",5,0,50,0.95,2.50003472384263
"quant",5,0,50,0.96,2.31878216477857
"quant",5,0,50,0.97,2.09670638772061
"quant",5,0,50,0.98,1.82653340797977
"quant",5,0,50,0.99,1.45602403321237
"quant",5,0,50,0.995,1.19379451418896
"quant",1,10,1,0.9,1.86834684810884
"quant",1,10,1,0.91,1.72240174680383
"quant",1,10,1,0.92,1.56527275614317
"quant",1,10,1,0.93,1.39963902872387
"quant",1,10,1,0.94,1.22867522011045
"quant",1,10,1,0.95,1.05224872650076
"quant",1,10,1,0.96,0.863574800995247
"quant",1,10,1,0.97,0.699465482113942
"quant",1,10,1,0.98,0.527532307997108
"quant",1,10,1,0.99,0.304311819255232
"quant",1,10,1,0.995,0.160381044569096
"quant",1,10,2,0.9,1.57520925931974
"quant",1,10,2,0.91,1.47223348778707
"quant",1,10,2,0.92,1.35985260532955
"quant",1,10,2,0.93,1.23894832577937
"quant",1,10,2,0.94,1.11510047340439
"quant",1,10,2,0.95,0.982171395548139
"quant",1,10,2,0.96,0.839493436524057
"quant",1,10,2,0.97,0.675627948864748
"quant",1,10,2,0.98,0.486920260364192
"quant",1,10,2,0.99,0.271346144145266
"quant",1,10,2,0.995,0.143941676807092
"quant",1,10,3,0.9,1.77136368569312
"quant",1,10,3,0.91,1.65236905394892
"quant",1,10,3,0.92,1.52801441111354
"quant",1,10,3,0.93,1.39655178240725
"quant",1,10,3,0.94,1.25787677077971
"quant",1,10,3,0.95,1.11127467503512
"quant",1,10,3,0.96,0.952322499705176
"quant",1,10,3,0.97,0.778261358222273
"quant",1,10,3,0.98,0.590336613149414
"quant",1,10,3,0.99,0.369546542416431
"quant",1,10,3,0.995,0.233044020343438
"quant",1,10,4,0.9,1.61056146078907
"quant",1,10,4,0.91,1.50054256656801
"quant",1,10,4,0.92,1.38468718042598
"quant",1,10,4,0.93,1.26415378798474
"quant",1,10,4,0.94,1.13804642840552
"quant",1,10,4,0.95,1.00160010744092
"quant",1,10,4,0.96,0.853862100825772
"quant",1,10,4,0.97,0.689728980593512
"quant",1,10,4,0.98,0.517304920721365
"quant",1,10,4,0.99,0.300779540035134
"quant",1,10,4,0.995,0.165418782751674
"quant",1,10,5,0.9,1.6412809560251
"quant",1,10,5,0.91,1.53648659099572
"quant",1,10,5,0.92,1.43833062853134
"quant",1,10,5,0.93,1.35516596731861
"quant",1,10,5,0.94,1.23227998067215
"quant",1,10,5,0.95,1.08523846380155
"quant",1,10,5,0.96,0.91151833485293
"quant",1,10,5,0.97,0.718670598175691
"quant",1,10,5,0.98,0.506117172101521
"quant",1,10,5,0.99,0.272779812374229
"quant",1,10,5,0.995,0.145551906388837
"quant",1,10,6,0.9,1.87715042994231
"quant",1,10,6,0.91,1.75856986317281
"quant",1,10,6,0.92,1.63104086349407
"quant",1,10,6,0.93,1.4929994570661
"quant",1,10,6,0.94,1.34438940729285
"quant",1,10,6,0.95,1.18132762173488
"quant",1,10,6,0.96,1.00130820671653
"quant",1,10,6,0.97,0.806758118399878
"quant",1,10,6,0.98,0.601008763115081
"quant",1,10,6,0.99,0.41522665506691
"quant",1,10,6,0.995,0.218246569047609
"quant",1,10,7,0.9,2.24828751000299
"quant",1,10,7,0.91,2.09664349814116
"quant",1,10,7,0.92,1.93400048734398
"quant",1,10,7,0.93,1.75818702852471
"quant",1,10,7,0.94,1.56639652365618
"quant",1,10,7,0.95,1.36866716657443
"quant",1,10,7,0.96,1.1613754704664
"quant",1,10,7,0.97,0.942314156561373
"quant",1,10,7,0.98,0.68281607037375
"quant",1,10,7,0.99,0.379933552582948
"quant",1,10,7,0.995,0.198997696960434
"quant",1,10,8,0.9,1.43858796569548
"quant",1,10,8,0.91,1.34085205763007
"quant",1,10,8,0.92,1.24051561527197
"quant",1,10,8,0.93,1.13664974802651
"quant",1,10,8,0.94,1.02791079506922
"quant",1,10,8,0.95,0.917193890187903
"quant",1,10,8,0.96,0.808957228565757
"quant",1,10,8,0.97,0.689687531037233
"quant",1,10,8,0.98,0.6652416764794
"quant",1,10,8,0.99,0.473171850067736
"quant",1,10,8,0.995,0.247619275047644
"quant",1,10,9,0.9,2.20948392339922
"quant",1,10,9,0.91,2.09294693623031
"quant",1,10,9,0.92,1.9704990403203
"quant",1,10,9,0.93,1.84039938347743
"quant",1,10,9,0.94,1.70313442509698
"quant",1,10,9,0.95,1.5601519080075
"quant",1,10,9,0.96,1.40428908032178
"quant",1,10,9,0.97,1.23427961540875
"quant",1,10,9,0.98,1.04604261202033
"quant",1,10,9,0.99,0.820874862825032
"quant",1,10,9,0.995,0.679798736641423
"quant",1,10,10,0.9,1.57744996324585
"quant",1,10,10,0.91,1.47729842223708
"quant",1,10,10,0.92,1.36969187894192
"quant",1,10,10,0.93,1.25235120235187
"quant",1,10,10,0.94,1.1241027009701
"quant",1,10,10,0.95,0.984848256816865
"quant",1,10,10,0.96,0.835416704468146
"quant",1,10,10,0.97,0.673374866329715
"quant",1,10,10,0.98,0.517476709247442
"quant",1,10,10,0.99,0.304307402979234
"quant",1,10,10,0.995,0.161817762957609
"quant",1,10,11,0.9,2.30610737097706
"quant",1,10,11,0.91,2.16553627372475
"quant",1,10,11,0.92,2.01369680345511
"quant",1,10,11,0.93,1.85079600365056
"quant",1,10,11,0.94,1.67464160150318
"quant",1,10,11,0.95,1.4846036563021
"quant",1,10,11,0.96,1.27535182511901
"quant",1,10,11,0.97,1.04128934529683
"quant",1,10,11,0.98,0.75925776412305
"quant",1,10,11,0.99,0.431198447913799
"quant",1,10,11,0.995,0.256058183821204
"quant",1,10,12,0.9,2.16090973473378
"quant",1,10,12,0.91,2.03990102701781
"quant",1,10,12,0.92,1.91279000075566
"quant",1,10,12,0.93,1.77298293627247
"quant",1,10,12,0.94,1.62987887609249
"quant",1,10,12,0.95,1.47176983233534
"quant",1,10,12,0.96,1.26526745311309
"quant",1,10,12,0.97,1.02564518141663
"quant",1,10,12,0.98,0.755736577649821
"quant",1,10,12,0.99,0.446689359193189
"quant",1,10,12,0.995,0.271211565214015
"quant",1,10,13,0.9,1.33741734529451
"quant",1,10,13,0.91,1.25758719650777
"quant",1,10,13,0.92,1.17049258051317
"quant",1,10,13,0.93,1.07446691787847
"quant",1,10,13,0.94,0.969258831030113
"quant",1,10,13,0.95,0.850710443086635
"quant",1,10,13,0.96,0.717893161142847
"quant",1,10,13,0.97,0.565330443558329
"quant",1,10,13,0.98,0.409414914662723
"quant",1,10,13,0.99,0.261191500004056
"quant",1,10,13,0.995,0.140137806105407
"quant",1,10,14,0.9,1.80136736527147
"quant",1,10,14,0.91,1.68636694070974
"quant",1,10,14,0.92,1.56417007852366
"quant",1,10,14,0.93,1.43689490881266
"quant",1,10,14,0.94,1.30360720377291
"quant",1,10,14,0.95,1.16821467884544
"quant",1,10,14,0.96,1.06154133620616
"quant",1,10,14,0.97,0.925980665612159
"quant",1,10,14,0.98,0.781429844440804
"quant",1,10,14,0.99,0.489076775512196
"quant",1,10,14,0.995,0.255926194003767
"quant",1,10,15,0.9,1.77650024065524
"quant",1,10,15,0.91,1.66943351869434
"quant",1,10,15,0.92,1.5567654990216
"quant",1,10,15,0.93,1.4376747476253
"quant",1,10,15,0.94,1.31129521000569
"quant",1,10,15,0.95,1.17485751279268
"quant",1,10,15,0.96,1.02509945730955
"quant",1,10,15,0.97,0.859518047007543
"quant",1,10,15,0.98,0.652276259688694
"quant",1,10,15,0.99,0.371500684324363
"quant",1,10,15,0.995,0.20407553675242
"quant",1,10,16,0.9,1.61189185647027
"quant",1,10,16,0.91,1.50667327239141
"quant",1,10,16,0.92,1.39344457294755
"quant",1,10,16,0.93,1.27195409202065
"quant",1,10,16,0.94,1.13914732129939
"quant",1,10,16,0.95,0.994753246096017
"quant",1,10,16,0.96,0.837220547956736
"quant",1,10,16,0.97,0.664330131962773
"quant",1,10,16,0.98,0.470541935806413
"quant",1,10,16,0.99,0.255576433798884
"quant",1,10,16,0.995,0.136146269100666
"quant",1,10,17,0.9,2.45966153431162
"quant",1,10,17,0.91,2.32454519726539
"quant",1,10,17,0.92,2.1818764713485
"quant",1,10,17,0.93,2.03020134600129
"quant",1,10,17,0.94,1.86988855974167
"quant",1,10,17,0.95,1.6925675699978
"quant",1,10,17,0.96,1.49475028875948
"quant",1,10,17,0.97,1.26588740626152
"quant",1,10,17,0.98,0.876043971044127
"quant",1,10,17,0.99,0.501239689420675
"quant",1,10,17,0.995,0.282913559437113
"quant",1,10,18,0.9,1.70496813818873
"quant",1,10,18,0.91,1.58325062143371
"quant",1,10,18,0.92,1.45474191634342
"quant",1,10,18,0.93,1.31831083106068
"quant",1,10,18,0.94,1.17290078223985
"quant",1,10,18,0.95,1.01897750541325
"quant",1,10,18,0.96,0.854652476017141
"quant",1,10,18,0.97,0.679465507548651
"quant",1,10,18,0.98,0.51822916852367
"quant",1,10,18,0.99,0.31112809514055
"quant",1,10,18,0.995,0.166694747457252
"quant",1,10,19,0.9,1.91109448659877
"quant",1,10,19,0.91,1.80032607877417
"quant",1,10,19,0.92,1.67991940483467
"quant",1,10,19,0.93,1.54888288644059
"quant",1,10,19,0.94,1.40764023282823
"quant",1,10,19,0.95,1.25398833130992
"quant",1,10,19,0.96,1.08482157728706
"quant",1,10,19,0.97,0.896927280655753
"quant",1,10,19,0.98,0.691307151058352
"quant",1,10,19,0.99,0.460892137192614
"quant",1,10,19,0.995,0.323284324924035
"quant",1,10,20,0.9,2.1810378916474
"quant",1,10,20,0.91,2.04757445195361
"quant",1,10,20,0.92,1.90369029627088
"quant",1,10,20,0.93,1.74507555454062
"quant",1,10,20,0.94,1.57299792211592
"quant",1,10,20,0.95,1.38203567539699
"quant",1,10,20,0.96,1.15912191964275
"quant",1,10,20,0.97,0.925602746954082
"quant",1,10,20,0.98,0.631914803948962
"quant",1,10,20,0.99,0.355682703170452
"quant",1,10,20,0.995,0.198080563543291
"quant",1,10,21,0.9,1.60128143895251
"quant",1,10,21,0.91,1.48400589987721
"quant",1,10,21,0.92,1.35987555797949
"quant",1,10,21,0.93,1.22934269193724
"quant",1,10,21,0.94,1.09250544359969
"quant",1,10,21,0.95,0.946671537798994
"quant",1,10,21,0.96,0.791505018777984
"quant",1,10,21,0.97,0.627536708669347
"quant",1,10,21,0.98,0.451888094269153
"quant",1,10,21,0.99,0.257556739907863
"quant",1,10,21,0.995,0.148590391789812
"quant",1,10,22,0.9,2.18795901446729
"quant",1,10,22,0.91,2.07364549954105
"quant",1,10,22,0.92,1.95055781218715
"quant",1,10,22,0.93,1.8181379229371
"quant",1,10,22,0.94,1.67450840518476
"quant",1,10,22,0.95,1.51784075407402
"quant",1,10,22,0.96,1.34807826497911
"quant",1,10,22,0.97,1.16202863863383
"quant",1,10,22,0.98,0.953779749337453
"quant",1,10,22,0.99,0.710876255987033
"quant",1,10,22,0.995,0.562853595933004
"quant",1,10,23,0.9,1.84101874562787
"quant",1,10,23,0.91,1.71911134764935
"quant",1,10,23,0.92,1.59004099981445
"quant",1,10,23,0.93,1.45310611692375
"quant",1,10,23,0.94,1.30544407659619
"quant",1,10,23,0.95,1.14769778423029
"quant",1,10,23,0.96,0.98136269074211
"quant",1,10,23,0.97,0.801982284440422
"quant",1,10,23,0.98,0.602540830680239
"quant",1,10,23,0.99,0.375799281233103
"quant",1,10,23,0.995,0.244222811409354
"quant",1,10,24,0.9,1.42198683764486
"quant",1,10,24,0.91,1.33516543777248
"quant",1,10,24,0.92,1.24155266571573
"quant",1,10,24,0.93,1.14264369844404
"quant",1,10,24,0.94,1.03683514502087
"quant",1,10,24,0.95,0.922878709978631
"quant",1,10,24,0.96,0.796874428331945
"quant",1,10,24,0.97,0.6512348847897
"quant",1,10,24,0.98,0.515154511622122
"quant",1,10,24,0.99,0.314988929239883
"quant",1,10,24,0.995,0.167447934350282
"quant",1,10,25,0.9,1.96529654606697
"quant",1,10,25,0.91,1.84621064321435
"quant",1,10,25,0.92,1.71626446569134
"quant",1,10,25,0.93,1.57314420406215
"quant",1,10,25,0.94,1.42100067911305
"quant",1,10,25,0.95,1.26137007713473
"quant",1,10,25,0.96,1.08425818726442
"quant",1,10,25,0.97,0.909570927749666
"quant",1,10,25,0.98,0.680718095135155
"quant",1,10,25,0.99,0.390281452789514
"quant",1,10,25,0.995,0.205344930328595
"quant",1,10,26,0.9,3.10039013853197
"quant",1,10,26,0.91,2.99090101405044
"quant",1,10,26,0.92,2.87161746978364
"quant",1,10,26,0.93,2.74054427289439
"quant",1,10,26,0.94,2.59574658432982
"quant",1,10,26,0.95,2.4351638027282
"quant",1,10,26,0.96,2.2539656117076
"quant",1,10,26,0.97,2.04190196078795
"quant",1,10,26,0.98,1.71531341589608
"quant",1,10,26,0.99,1.29011285604189
"quant",1,10,26,0.995,1.07741310695459
"quant",1,10,27,0.9,2.12783271364572
"quant",1,10,27,0.91,2.00283491763712
"quant",1,10,27,0.92,1.87011137544331
"quant",1,10,27,0.93,1.7293040390279
"quant",1,10,27,0.94,1.57936693166134
"quant",1,10,27,0.95,1.41842631111692
"quant",1,10,27,0.96,1.24310137363689
"quant",1,10,27,0.97,1.05070149335936
"quant",1,10,27,0.98,0.822843011716615
"quant",1,10,27,0.99,0.664113047362563
"quant",1,10,27,0.995,0.342606756965109
"quant",1,10,28,0.9,2.08616935305892
"quant",1,10,28,0.91,1.9417492435659
"quant",1,10,28,0.92,1.78675498786168
"quant",1,10,28,0.93,1.61891372511037
"quant",1,10,28,0.94,1.43460776437555
"quant",1,10,28,0.95,1.23306980828478
"quant",1,10,28,0.96,1.00722628590985
"quant",1,10,28,0.97,0.779985999001703
"quant",1,10,28,0.98,0.552690317660717
"quant",1,10,28,0.99,0.327931138299235
"quant",1,10,28,0.995,0.172534428256267
"quant",1,10,29,0.9,1.96128440344095
"quant",1,10,29,0.91,1.81947935754621
"quant",1,10,29,0.92,1.67119734118627
"quant",1,10,29,0.93,1.51641088995007
"quant",1,10,29,0.94,1.35110106448309
"quant",1,10,29,0.95,1.17601703822299
"quant",1,10,29,0.96,0.989159484113607
"quant",1,10,29,0.97,0.787164213775921
"quant",1,10,29,0.98,0.557979135018361
"quant",1,10,29,0.99,0.307624308423598
"quant",1,10,29,0.995,0.162135412306397
"quant",1,10,30,0.9,1.62856057474285
"quant",1,10,30,0.91,1.52306014609512
"quant",1,10,30,0.92,1.40932934132879
"quant",1,10,30,0.93,1.28859846735043
"quant",1,10,30,0.94,1.15990045336215
"quant",1,10,30,0.95,1.02068641819301
"quant",1,10,30,0.96,0.871069725448769
"quant",1,10,30,0.97,0.706696639894809
"quant",1,10,30,0.98,0.5237997512396
"quant",1,10,30,0.99,0.312274162658938
"quant",1,10,30,0.995,0.189415644603449
"quant",1,10,31,0.9,1.58239667325683
"quant",1,10,31,0.91,1.48640646619841
"quant",1,10,31,0.92,1.38544066532399
"quant",1,10,31,0.93,1.27566729310261
"quant",1,10,31,0.94,1.15697055065945
"quant",1,10,31,0.95,1.03386381811639
"quant",1,10,31,0.96,0.935265174027527
"quant",1,10,31,0.97,0.806579021944452
"quant",1,10,31,0.98,0.608745205848332
"quant",1,10,31,0.99,0.343713036233252
"quant",1,10,31,0.995,0.182111932833012
"quant",1,10,32,0.9,2.10428893891812
"quant",1,10,32,0.91,2.00258666518575
"quant",1,10,32,0.92,1.89046150516271
"quant",1,10,32,0.93,1.76748573691782
"quant",1,10,32,0.94,1.62977530259896
"quant",1,10,32,0.95,1.47217449850343
"quant",1,10,32,0.96,1.29269752202385
"quant",1,10,32,0.97,1.09317629497255
"quant",1,10,32,0.98,0.870198091656674
"quant",1,10,32,0.99,0.612978924453716
"quant",1,10,32,0.995,0.462039186609794
"quant",1,10,33,0.9,1.86651264996969
"quant",1,10,33,0.91,1.77242635818118
"quant",1,10,33,0.92,1.67151557025029
"quant",1,10,33,0.93,1.56119511964997
"quant",1,10,33,0.94,1.4411020707105
"quant",1,10,33,0.95,1.30706651190805
"quant",1,10,33,0.96,1.15550379106733
"quant",1,10,33,0.97,0.985912069800493
"quant",1,10,33,0.98,0.789395094211808
"quant",1,10,33,0.99,0.557876555018531
"quant",1,10,33,0.995,0.422571239352228
"quant",1,10,34,0.9,1.87635346702207
"quant",1,10,34,0.91,1.75743186967459
"quant",1,10,34,0.92,1.6304843128046
"quant",1,10,34,0.93,1.49526012618061
"quant",1,10,34,0.94,1.34296096401882
"quant",1,10,34,0.95,1.19432262541814
"quant",1,10,34,0.96,1.07502476003021
"quant",1,10,34,0.97,0.934727740933324
"quant",1,10,34,0.98,0.684049024145258
"quant",1,10,34,0.99,0.376966664205443
"quant",1,10,34,0.995,0.197574644672253
"quant",1,10,35,0.9,1.35994352964977
"quant",1,10,35,0.91,1.27468275318182
"quant",1,10,35,0.92,1.18072665282114
"quant",1,10,35,0.93,1.07779782676954
"quant",1,10,35,0.94,0.96511237703975
"quant",1,10,35,0.95,0.842436893536838
"quant",1,10,35,0.96,0.708426337901509
"quant",1,10,35,0.97,0.561548206090728
"quant",1,10,35,0.98,0.406374152397705
"quant",1,10,35,0.99,0.22488736635823
"quant",1,10,35,0.995,0.11943870559931
"quant",1,10,36,0.9,1.63621626363192
"quant",1,10,36,0.91,1.5297009403263
"quant",1,10,36,0.92,1.4181838921045
"quant",1,10,36,0.93,1.30407667212249
"quant",1,10,36,0.94,1.18398367488246
"quant",1,10,36,0.95,1.04719595569001
"quant",1,10,36,0.96,0.919608380438419
"quant",1,10,36,0.97,0.783516003285446
"quant",1,10,36,0.98,0.579094819198665
"quant",1,10,36,0.99,0.321365210326231
"quant",1,10,36,0.995,0.170044285537421
"quant",1,10,37,0.9,2.61891870595819
"quant",1,10,37,0.91,2.50398918953321
"quant",1,10,37,0.92,2.38051343148619
"quant",1,10,37,0.93,2.2477040921133
"quant",1,10,37,0.94,2.10599808783253
"quant",1,10,37,0.95,1.95155496580358
"quant",1,10,37,0.96,1.78060656725865
"quant",1,10,37,0.97,1.58610957477612
"quant",1,10,37,0.98,1.35696238856645
"quant",1,10,37,0.99,1.06632557477044
"quant",1,10,37,0.995,0.868343930292482
"quant",1,10,38,0.9,1.5385794939012
"quant",1,10,38,0.91,1.432028474509
"quant",1,10,38,0.92,1.32030275323917
"quant",1,10,38,0.93,1.20338570991296
"quant",1,10,38,0.94,1.07736886046749
"quant",1,10,38,0.95,0.939953083855216
"quant",1,10,38,0.96,0.786347946674393
"quant",1,10,38,0.97,0.623671418409202
"quant",1,10,38,0.98,0.449676564426169
"quant",1,10,38,0.99,0.264184699109206
"quant",1,10,38,0.995,0.158370484730935
"quant",1,10,39,0.9,1.37593407406152
"quant",1,10,39,0.91,1.28434707736782
"quant",1,10,39,0.92,1.18644790712803
"quant",1,10,39,0.93,1.08308811589691
"quant",1,10,39,0.94,0.973541105717977
"quant",1,10,39,0.95,0.854506717170796
"quant",1,10,39,0.96,0.72406338737098
"quant",1,10,39,0.97,0.581133073539806
"quant",1,10,39,0.98,0.421907026840025
"quant",1,10,39,0.99,0.240774244550063
"quant",1,10,39,0.995,0.137319008358644
"quant",1,10,40,0.9,1.61830222767511
"quant",1,10,40,0.91,1.4924469628271
"quant",1,10,40,0.92,1.3599144293109
"quant",1,10,40,0.93,1.2196707119494
"quant",1,10,40,0.94,1.07524601137762
"quant",1,10,40,0.95,0.926279338756443
"quant",1,10,40,0.96,0.77180921037788
"quant",1,10,40,0.97,0.608521451085781
"quant",1,10,40,0.98,0.431109758277069
"quant",1,10,40,0.99,0.239723671825634
"quant",1,10,40,0.995,0.126682836142726
"quant",1,10,41,0.9,3.08937735784347
"quant",1,10,41,0.91,2.96314528825664
"quant",1,10,41,0.92,2.83011155442094
"quant",1,10,41,0.93,2.68718781746387
"quant",1,10,41,0.94,2.52810280877528
"quant",1,10,41,0.95,2.34876937396536
"quant",1,10,41,0.96,2.13109693955636
"quant",1,10,41,0.97,1.88004277799896
"quant",1,10,41,0.98,1.46278259942776
"quant",1,10,41,0.99,0.987111612530882
"quant",1,10,41,0.995,0.740416476947421
"quant",1,10,42,0.9,1.9540418179634
"quant",1,10,42,0.91,1.81074381049613
"quant",1,10,42,0.92,1.65881722108343
"quant",1,10,42,0.93,1.49805323025013
"quant",1,10,42,0.94,1.33021255969202
"quant",1,10,42,0.95,1.15182698813963
"quant",1,10,42,0.96,0.964124921089395
"quant",1,10,42,0.97,0.767237809859263
"quant",1,10,42,0.98,0.552196389034668
"quant",1,10,42,0.99,0.312764977866034
"quant",1,10,42,0.995,0.175069567899413
"quant",1,10,43,0.9,1.68296732301457
"quant",1,10,43,0.91,1.59623132204222
"quant",1,10,43,0.92,1.50106713350262
"quant",1,10,43,0.93,1.39219416666599
"quant",1,10,43,0.94,1.26111448023187
"quant",1,10,43,0.95,1.10862779682045
"quant",1,10,43,0.96,0.936301513676586
"quant",1,10,43,0.97,0.742165214057203
"quant",1,10,43,0.98,0.526847864145486
"quant",1,10,43,0.99,0.284868799957193
"quant",1,10,43,0.995,0.151219430761046
"quant",1,10,44,0.9,1.83572127240936
"quant",1,10,44,0.91,1.70333774999218
"quant",1,10,44,0.92,1.56234739433681
"quant",1,10,44,0.93,1.41237620332721
"quant",1,10,44,0.94,1.25252482324912
"quant",1,10,44,0.95,1.08314515270812
"quant",1,10,44,0.96,0.903212331572249
"quant",1,10,44,0.97,0.709650600663086
"quant",1,10,44,0.98,0.50123064740078
"quant",1,10,44,0.99,0.273611077507242
"quant",1,10,44,0.995,0.145352678242098
"quant",1,10,45,0.9,1.83770295625932
"quant",1,10,45,0.91,1.72755409488573
"quant",1,10,45,0.92,1.61279375784646
"quant",1,10,45,0.93,1.48976572234919
"quant",1,10,45,0.94,1.35484332046902
"quant",1,10,45,0.95,1.20966832692262
"quant",1,10,45,0.96,1.05060682385092
"quant",1,10,45,0.97,0.855500299083022
"quant",1,10,45,0.98,0.62050853810361
"quant",1,10,45,0.99,0.344527575084775
"quant",1,10,45,0.995,0.186472040673524
"quant",1,10,46,0.9,1.80053058285295
"quant",1,10,46,0.91,1.67626739249179
"quant",1,10,46,0.92,1.54482802694491
"quant",1,10,46,0.93,1.40575495523559
"quant",1,10,46,0.94,1.25602163346538
"quant",1,10,46,0.95,1.09305887427126
"quant",1,10,46,0.96,0.915691990199578
"quant",1,10,46,0.97,0.727079915710834
"quant",1,10,46,0.98,0.521983476288153
"quant",1,10,46,0.99,0.294739907825511
"quant",1,10,46,0.995,0.165272139923428
"quant",1,10,47,0.9,1.56950747098328
"quant",1,10,47,0.91,1.45989425786731
"quant",1,10,47,0.92,1.34468061293281
"quant",1,10,47,0.93,1.22021230435072
"quant",1,10,47,0.94,1.08856389516164
"quant",1,10,47,0.95,0.947204309738214
"quant",1,10,47,0.96,0.795174806145659
"quant",1,10,47,0.97,0.629402335199511
"quant",1,10,47,0.98,0.446763870790797
"quant",1,10,47,0.99,0.245245266684256
"quant",1,10,47,0.995,0.132171110301664
"quant",1,10,48,0.9,1.8691292748144
"quant",1,10,48,0.91,1.76365652783049
"quant",1,10,48,0.92,1.65002348733442
"quant",1,10,48,0.93,1.52856342779878
"quant",1,10,48,0.94,1.39902451551941
"quant",1,10,48,0.95,1.25021268826605
"quant",1,10,48,0.96,1.0752543497041
"quant",1,10,48,0.97,0.864891193337405
"quant",1,10,48,0.98,0.620135308072308
"quant",1,10,48,0.99,0.342693153217569
"quant",1,10,48,0.995,0.191055932399348
"quant",1,10,49,0.9,1.86742854603094
"quant",1,10,49,0.91,1.73864635822013
"quant",1,10,49,0.92,1.59943965866536
"quant",1,10,49,0.93,1.45233856334765
"quant",1,10,49,0.94,1.29572184378389
"quant",1,10,49,0.95,1.12689184541777
"quant",1,10,49,0.96,0.946388759705261
"quant",1,10,49,0.97,0.753264659480201
"quant",1,10,49,0.98,0.545756953006092
"quant",1,10,49,0.99,0.320255533889446
"quant",1,10,49,0.995,0.193999261010319
"quant",1,10,50,0.9,3.11693893653365
"quant",1,10,50,0.91,3.02132591161699
"quant",1,10,50,0.92,2.91488873666956
"quant",1,10,50,0.93,2.79405355160101
"quant",1,10,50,0.94,2.65942617049636
"quant",1,10,50,0.95,2.50680969711005
"quant",1,10,50,0.96,2.3235025925413
"quant",1,10,50,0.97,2.10175324006567
"quant",1,10,50,0.98,1.83321069792771
"quant",1,10,50,0.99,1.50138277356035
"quant",1,10,50,0.995,1.30134719335465
"quant",2,10,1,0.9,1.86756300273063
"quant",2,10,1,0.91,1.72156552692067
"quant",2,10,1,0.92,1.56372356958716
"quant",2,10,1,0.93,1.39628880959657
"quant",2,10,1,0.94,1.22375016217865
"quant",2,10,1,0.95,1.04732955372642
"quant",2,10,1,0.96,0.861653669899996
"quant",2,10,1,0.97,0.691448576248284
"quant",2,10,1,0.98,0.51575272196944
"quant",2,10,1,0.99,0.305597074358402
"quant",2,10,1,0.995,0.169225738863268
"quant",2,10,2,0.9,1.57357837108413
"quant",2,10,2,0.91,1.47086482073077
"quant",2,10,2,0.92,1.35908124361592
"quant",2,10,2,0.93,1.23969989708368
"quant",2,10,2,0.94,1.11428971533117
"quant",2,10,2,0.95,0.98409450387921
"quant",2,10,2,0.96,0.845115921462603
"quant",2,10,2,0.97,0.678684253077528
"quant",2,10,2,0.98,0.488654903309073
"quant",2,10,2,0.99,0.272746486922633
"quant",2,10,2,0.995,0.145527149965143
"quant",2,10,3,0.9,1.7696535190715
"quant",2,10,3,0.91,1.65126019731476
"quant",2,10,3,0.92,1.52643694190832
"quant",2,10,3,0.93,1.39416163403221
"quant",2,10,3,0.94,1.2542987768946
"quant",2,10,3,0.95,1.10611164575236
"quant",2,10,3,0.96,0.9448156161439
"quant",2,10,3,0.97,0.766439594920581
"quant",2,10,3,0.98,0.573085911995877
"quant",2,10,3,0.99,0.345268190447814
"quant",2,10,3,0.995,0.206006922708487
"quant",2,10,4,0.9,1.6100984628282
"quant",2,10,4,0.91,1.49936621311317
"quant",2,10,4,0.92,1.38162956291594
"quant",2,10,4,0.93,1.2597586917167
"quant",2,10,4,0.94,1.13219877483861
"quant",2,10,4,0.95,0.997569084211474
"quant",2,10,4,0.96,0.851954930247014
"quant",2,10,4,0.97,0.691722817964306
"quant",2,10,4,0.98,0.515215186604389
"quant",2,10,4,0.99,0.302504248569868
"quant",2,10,4,0.995,0.167496622496057
"quant",2,10,5,0.9,1.64109525693417
"quant",2,10,5,0.91,1.53547792853921
"quant",2,10,5,0.92,1.42784069253436
"quant",2,10,5,0.93,1.34110070674527
"quant",2,10,5,0.94,1.22331745999425
"quant",2,10,5,0.95,1.07838284076557
"quant",2,10,5,0.96,0.912046416556311
"quant",2,10,5,0.97,0.723676033343816
"quant",2,10,5,0.98,0.51225887382703
"quant",2,10,5,0.99,0.277792931635135
"quant",2,10,5,0.995,0.14730450386133
"quant",2,10,6,0.9,1.87509465226483
"quant",2,10,6,0.91,1.75648777652422
"quant",2,10,6,0.92,1.62835480891685
"quant",2,10,6,0.93,1.48965866865331
"quant",2,10,6,0.94,1.33957120597051
"quant",2,10,6,0.95,1.17406985012067
"quant",2,10,6,0.96,0.993543691708869
"quant",2,10,6,0.97,0.797167903002351
"quant",2,10,6,0.98,0.604864834897873
"quant",2,10,6,0.99,0.417643804502482
"quant",2,10,6,0.995,0.229197823098037
"quant",2,10,7,0.9,2.24961558697118
"quant",2,10,7,0.91,2.09647844982278
"quant",2,10,7,0.92,1.93221590408523
"quant",2,10,7,0.93,1.75587799518822
"quant",2,10,7,0.94,1.56230050047941
"quant",2,10,7,0.95,1.35683068892398
"quant",2,10,7,0.96,1.14390021389291
"quant",2,10,7,0.97,0.931322400731783
"quant",2,10,7,0.98,0.677857872459627
"quant",2,10,7,0.99,0.388125428663474
"quant",2,10,7,0.995,0.211403256037691
"quant",2,10,8,0.9,1.43309828801162
"quant",2,10,8,0.91,1.33690702557275
"quant",2,10,8,0.92,1.23907821371197
"quant",2,10,8,0.93,1.13832446813858
"quant",2,10,8,0.94,1.0333009081615
"quant",2,10,8,0.95,0.929190568620766
"quant",2,10,8,0.96,0.824568499038576
"quant",2,10,8,0.97,0.696832380429915
"quant",2,10,8,0.98,0.614205278428158
"quant",2,10,8,0.99,0.473637841337664
"quant",2,10,8,0.995,0.264874676711875
"quant",2,10,9,0.9,2.21422406450214
"quant",2,10,9,0.91,2.09598308793675
"quant",2,10,9,0.92,1.97121538775138
"quant",2,10,9,0.93,1.84123094996432
"quant",2,10,9,0.94,1.70374860475285
"quant",2,10,9,0.95,1.55810302689567
"quant",2,10,9,0.96,1.40062797493374
"quant",2,10,9,0.97,1.22589697251018
"quant",2,10,9,0.98,1.02995667444042
"quant",2,10,9,0.99,0.790149865996736
"quant",2,10,9,0.995,0.626267691940759
"quant",2,10,10,0.9,1.57082079569262
"quant",2,10,10,0.91,1.47302502775956
"quant",2,10,10,0.92,1.3677085681194
"quant",2,10,10,0.93,1.25284228877132
"quant",2,10,10,0.94,1.12720522570859
"quant",2,10,10,0.95,0.99135072314948
"quant",2,10,10,0.96,0.844684993017754
"quant",2,10,10,0.97,0.689097958655354
"quant",2,10,10,0.98,0.527654866440934
"quant",2,10,10,0.99,0.31195073018481
"quant",2,10,10,0.995,0.170293239075106
"quant",2,10,11,0.9,2.30761257419485
"quant",2,10,11,0.91,2.16627180268463
"quant",2,10,11,0.92,2.01307154934741
"quant",2,10,11,0.93,1.84817301125533
"quant",2,10,11,0.94,1.66965656785825
"quant",2,10,11,0.95,1.47697803637614
"quant",2,10,11,0.96,1.26429109079566
"quant",2,10,11,0.97,1.02735096788696
"quant",2,10,11,0.98,0.743844011247615
"quant",2,10,11,0.99,0.416828012439816
"quant",2,10,11,0.995,0.238986682367453
"quant",2,10,12,0.9,2.16033319137847
"quant",2,10,12,0.91,2.03896073105438
"quant",2,10,12,0.92,1.9095860681449
"quant",2,10,12,0.93,1.7690669608819
"quant",2,10,12,0.94,1.62272903408016
"quant",2,10,12,0.95,1.4635017152331
"quant",2,10,12,0.96,1.25983215582772
"quant",2,10,12,0.97,1.02447956394
"quant",2,10,12,0.98,0.755808823714557
"quant",2,10,12,0.99,0.443240773466633
"quant",2,10,12,0.995,0.257619995706893
"quant",2,10,13,0.9,1.33720180891902
"quant",2,10,13,0.91,1.25706461819883
"quant",2,10,13,0.92,1.16931287662401
"quant",2,10,13,0.93,1.0727862440406
"quant",2,10,13,0.94,0.965905457818151
"quant",2,10,13,0.95,0.845839697991164
"quant",2,10,13,0.96,0.712051982914324
"quant",2,10,13,0.97,0.559518450566888
"quant",2,10,13,0.98,0.412852641226791
"quant",2,10,13,0.99,0.261575199358355
"quant",2,10,13,0.995,0.142053988441012
"quant",2,10,14,0.9,1.79637808983117
"quant",2,10,14,0.91,1.67818247080399
"quant",2,10,14,0.92,1.55215087325116
"quant",2,10,14,0.93,1.42265313901136
"quant",2,10,14,0.94,1.29377930080961
"quant",2,10,14,0.95,1.16603397804289
"quant",2,10,14,0.96,1.04427481061498
"quant",2,10,14,0.97,0.930748844315215
"quant",2,10,14,0.98,0.778474239765587
"quant",2,10,14,0.99,0.492451264457365
"quant",2,10,14,0.995,0.269357284527355
"quant",2,10,15,0.9,1.77515986920726
"quant",2,10,15,0.91,1.66830374167015
"quant",2,10,15,0.92,1.55587176278142
"quant",2,10,15,0.93,1.43709189469577
"quant",2,10,15,0.94,1.31077658663386
"quant",2,10,15,0.95,1.17471058858623
"quant",2,10,15,0.96,1.0247917919
"quant",2,10,15,0.97,0.859066612994574
"quant",2,10,15,0.98,0.6547940905773
"quant",2,10,15,0.99,0.370500359078443
"quant",2,10,15,0.995,0.203000387380505
"quant",2,10,16,0.9,1.61159512892255
"quant",2,10,16,0.91,1.50745319819253
"quant",2,10,16,0.92,1.39507043448936
"quant",2,10,16,0.93,1.27435666856312
"quant",2,10,16,0.94,1.14195373332592
"quant",2,10,16,0.95,0.998310078905788
"quant",2,10,16,0.96,0.841458927221756
"quant",2,10,16,0.97,0.6696372831047
"quant",2,10,16,0.98,0.475874280493705
"quant",2,10,16,0.99,0.259358457432768
"quant",2,10,16,0.995,0.137981498310193
"quant",2,10,17,0.9,2.45905267623289
"quant",2,10,17,0.91,2.32415201606309
"quant",2,10,17,0.92,2.18229143138752
"quant",2,10,17,0.93,2.03126429638925
"quant",2,10,17,0.94,1.87186495869928
"quant",2,10,17,0.95,1.69527168012773
"quant",2,10,17,0.96,1.49736325439842
"quant",2,10,17,0.97,1.26613879385731
"quant",2,10,17,0.98,0.88313608688015
"quant",2,10,17,0.99,0.493697036858286
"quant",2,10,17,0.995,0.274703432806996
"quant",2,10,18,0.9,1.7064150863718
"quant",2,10,18,0.91,1.58432866093587
"quant",2,10,18,0.92,1.45553767162411
"quant",2,10,18,0.93,1.31983492729594
"quant",2,10,18,0.94,1.17448174952917
"quant",2,10,18,0.95,1.02027910381837
"quant",2,10,18,0.96,0.855670276768946
"quant",2,10,18,0.97,0.680067083356967
"quant",2,10,18,0.98,0.503753498039517
"quant",2,10,18,0.99,0.309548785305288
"quant",2,10,18,0.995,0.168052986569838
"quant",2,10,19,0.9,1.91071340730293
"quant",2,10,19,0.91,1.79934666698795
"quant",2,10,19,0.92,1.67819250033148
"quant",2,10,19,0.93,1.54642134331141
"quant",2,10,19,0.94,1.40449633108222
"quant",2,10,19,0.95,1.24965585437251
"quant",2,10,19,0.96,1.07937979541445
"quant",2,10,19,0.97,0.890355714318657
"quant",2,10,19,0.98,0.682563229235953
"quant",2,10,19,0.99,0.448273041153118
"quant",2,10,19,0.995,0.307449033447139
"quant",2,10,20,0.9,2.21717871589505
"quant",2,10,20,0.91,2.07280597534412
"quant",2,10,20,0.92,1.92006928752554
"quant",2,10,20,0.93,1.75481788999803
"quant",2,10,20,0.94,1.57874932053824
"quant",2,10,20,0.95,1.38525312144138
"quant",2,10,20,0.96,1.16487699848353
"quant",2,10,20,0.97,0.911018818152011
"quant",2,10,20,0.98,0.63908570391423
"quant",2,10,20,0.99,0.349546439851299
"quant",2,10,20,0.995,0.188245163520451
"quant",2,10,21,0.9,1.60036024435204
"quant",2,10,21,0.91,1.48274639052921
"quant",2,10,21,0.92,1.3586121736741
"quant",2,10,21,0.93,1.22800191638155
"quant",2,10,21,0.94,1.09092134346032
"quant",2,10,21,0.95,0.945779468634792
"quant",2,10,21,0.96,0.790973484781705
"quant",2,10,21,0.97,0.626509342556067
"quant",2,10,21,0.98,0.451255009711381
"quant",2,10,21,0.99,0.258008930629901
"quant",2,10,21,0.995,0.149251115068527
"quant",2,10,22,0.9,2.19182549677555
"quant",2,10,22,0.91,2.07752401934078
"quant",2,10,22,0.92,1.95389669788841
"quant",2,10,22,0.93,1.82000431931192
"quant",2,10,22,0.94,1.67427098496654
"quant",2,10,22,0.95,1.51513966397583
"quant",2,10,22,0.96,1.34333013072976
"quant",2,10,22,0.97,1.15476206551798
"quant",2,10,22,0.98,0.945193197585679
"quant",2,10,22,0.99,0.701884774100973
"quant",2,10,22,0.995,0.554632010341866
"quant",2,10,23,0.9,1.84390909753889
"quant",2,10,23,0.91,1.71948317214174
"quant",2,10,23,0.92,1.58827956743342
"quant",2,10,23,0.93,1.44905117530556
"quant",2,10,23,0.94,1.29911380726111
"quant",2,10,23,0.95,1.14130780930498
"quant",2,10,23,0.96,0.97539918801739
"quant",2,10,23,0.97,0.797190186298081
"quant",2,10,23,0.98,0.59866823208268
"quant",2,10,23,0.99,0.362844157078709
"quant",2,10,23,0.995,0.225954048976255
"quant",2,10,24,0.9,1.42698331960247
"quant",2,10,24,0.91,1.34228251895754
"quant",2,10,24,0.92,1.25104507107484
"quant",2,10,24,0.93,1.15387392284712
"quant",2,10,24,0.94,1.04899355287338
"quant",2,10,24,0.95,0.933244993955798
"quant",2,10,24,0.96,0.802234439959576
"quant",2,10,24,0.97,0.652851101660527
"quant",2,10,24,0.98,0.495743841371588
"quant",2,10,24,0.99,0.315703647229613
"quant",2,10,24,0.995,0.174557601426083
"quant",2,10,25,0.9,1.96611922349392
"quant",2,10,25,0.91,1.84822457723748
"quant",2,10,25,0.92,1.72029966604375
"quant",2,10,25,0.93,1.57991171712599
"quant",2,10,25,0.94,1.4250084078722
"quant",2,10,25,0.95,1.26229421134656
"quant",2,10,25,0.96,1.08168062387903
"quant",2,10,25,0.97,0.905043917717817
"quant",2,10,25,0.98,0.697395254573699
"quant",2,10,25,0.99,0.395526892705448
"quant",2,10,25,0.995,0.214310527332015
"quant",2,10,26,0.9,3.10206385862589
"quant",2,10,26,0.91,2.99192002061241
"quant",2,10,26,0.92,2.87140041896887
"quant",2,10,26,0.93,2.7381595883176
"quant",2,10,26,0.94,2.59183645437899
"quant",2,10,26,0.95,2.43024191033396
"quant",2,10,26,0.96,2.24978997661249
"quant",2,10,26,0.97,2.04066445846995
"quant",2,10,26,0.98,1.73735006853318
"quant",2,10,26,0.99,1.28619048650164
"quant",2,10,26,0.995,1.04446102500911
"quant",2,10,27,0.9,2.12740554393534
"quant",2,10,27,0.91,2.00294263853943
"quant",2,10,27,0.92,1.87005176386599
"quant",2,10,27,0.93,1.72962298523427
"quant",2,10,27,0.94,1.58023492797637
"quant",2,10,27,0.95,1.4194720825035
"quant",2,10,27,0.96,1.24445507422089
"quant",2,10,27,0.97,1.05194959007928
"quant",2,10,27,0.98,0.845450548919609
"quant",2,10,27,0.99,0.664513355561668
"quant",2,10,27,0.995,0.35854638712514
"quant",2,10,28,0.9,2.07929581649268
"quant",2,10,28,0.91,1.93733803684698
"quant",2,10,28,0.92,1.78489569340381
"quant",2,10,28,0.93,1.61884930851438
"quant",2,10,28,0.94,1.43609973275471
"quant",2,10,28,0.95,1.23744278910761
"quant",2,10,28,0.96,1.01683772090863
"quant",2,10,28,0.97,0.781181989278941
"quant",2,10,28,0.98,0.552144750031275
"quant",2,10,28,0.99,0.327704400289221
"quant",2,10,28,0.995,0.174710652116853
"quant",2,10,29,0.9,1.97063730685653
"quant",2,10,29,0.91,1.82315686832992
"quant",2,10,29,0.92,1.67280752270327
"quant",2,10,29,0.93,1.51565082517135
"quant",2,10,29,0.94,1.34964419832443
"quant",2,10,29,0.95,1.17517249936474
"quant",2,10,29,0.96,0.988373735754575
"quant",2,10,29,0.97,0.785651983104562
"quant",2,10,29,0.98,0.559157131652883
"quant",2,10,29,0.99,0.308391010119949
"quant",2,10,29,0.995,0.163271871608734
"quant",2,10,30,0.9,1.6277301161635
"quant",2,10,30,0.91,1.52214820319206
"quant",2,10,30,0.92,1.40819456100422
"quant",2,10,30,0.93,1.28718175486959
"quant",2,10,30,0.94,1.15779693774783
"quant",2,10,30,0.95,1.01839618701798
"quant",2,10,30,0.96,0.867497803769413
"quant",2,10,30,0.97,0.700929769837139
"quant",2,10,30,0.98,0.515696028261543
"quant",2,10,30,0.99,0.300035316037141
"quant",2,10,30,0.995,0.175459672429972
"quant",2,10,31,0.9,1.58420577319586
"quant",2,10,31,0.91,1.49217946697358
"quant",2,10,31,0.92,1.3942554682758
"quant",2,10,31,0.93,1.28668843983574
"quant",2,10,31,0.94,1.16916769100558
"quant",2,10,31,0.95,1.0433997548375
"quant",2,10,31,0.96,0.924018554933428
"quant",2,10,31,0.97,0.800265412677935
"quant",2,10,31,0.98,0.61587014343328
"quant",2,10,31,0.99,0.351816641816207
"quant",2,10,31,0.995,0.189647061845119
"quant",2,10,32,0.9,2.1031472796595
"quant",2,10,32,0.91,2.00180614865387
"quant",2,10,32,0.92,1.89008122726584
"quant",2,10,32,0.93,1.76637546941949
"quant",2,10,32,0.94,1.62818808067601
"quant",2,10,32,0.95,1.47062607026608
"quant",2,10,32,0.96,1.29228078254553
"quant",2,10,32,0.97,1.09174021639047
"quant",2,10,32,0.98,0.864788436497926
"quant",2,10,32,0.99,0.599862290511324
"quant",2,10,32,0.995,0.440200064526218
"quant",2,10,33,0.9,1.86495542315552
"quant",2,10,33,0.91,1.77190088965311
"quant",2,10,33,0.92,1.67166572978791
"quant",2,10,33,0.93,1.56130000774167
"quant",2,10,33,0.94,1.44101257505115
"quant",2,10,33,0.95,1.30580784419188
"quant",2,10,33,0.96,1.15356120183112
"quant",2,10,33,0.97,0.98336294847553
"quant",2,10,33,0.98,0.786162787631886
"quant",2,10,33,0.99,0.551218069830101
"quant",2,10,33,0.995,0.411199257645386
"quant",2,10,34,0.9,1.87505628843372
"quant",2,10,34,0.91,1.75636898162318
"quant",2,10,34,0.92,1.62892704087124
"quant",2,10,34,0.93,1.4916849977663
"quant",2,10,34,0.94,1.34076604433824
"quant",2,10,34,0.95,1.19004350253672
"quant",2,10,34,0.96,1.0744795433065
"quant",2,10,34,0.97,0.923699983118736
"quant",2,10,34,0.98,0.690908978722477
"quant",2,10,34,0.99,0.384469520214047
"quant",2,10,34,0.995,0.204150098129495
"quant",2,10,35,0.9,1.36689310093276
"quant",2,10,35,0.91,1.27980280225904
"quant",2,10,35,0.92,1.18251080783913
"quant",2,10,35,0.93,1.07663182773351
"quant",2,10,35,0.94,0.960299750439458
"quant",2,10,35,0.95,0.835230570202003
"quant",2,10,35,0.96,0.700750579789316
"quant",2,10,35,0.97,0.55589716414139
"quant",2,10,35,0.98,0.402040991874915
"quant",2,10,35,0.99,0.226765493948434
"quant",2,10,35,0.995,0.12237319781752
"quant",2,10,36,0.9,1.63336828312541
"quant",2,10,36,0.91,1.52815597967832
"quant",2,10,36,0.92,1.41758040858958
"quant",2,10,36,0.93,1.3036745141415
"quant",2,10,36,0.94,1.18173656589443
"quant",2,10,36,0.95,1.04564975328426
"quant",2,10,36,0.96,0.903425310536684
"quant",2,10,36,0.97,0.769766182063797
"quant",2,10,36,0.98,0.57687131128344
"quant",2,10,36,0.99,0.326756134551726
"quant",2,10,36,0.995,0.175498258525566
"quant",2,10,37,0.9,2.61362374174514
"quant",2,10,37,0.91,2.49785610006407
"quant",2,10,37,0.92,2.37287983384002
"quant",2,10,37,0.93,2.23887343223173
"quant",2,10,37,0.94,2.0963903940745
"quant",2,10,37,0.95,1.93984056675173
"quant",2,10,37,0.96,1.76658263069877
"quant",2,10,37,0.97,1.568848648864
"quant",2,10,37,0.98,1.33430421680102
"quant",2,10,37,0.99,1.03440760625106
"quant",2,10,37,0.995,0.828152447798946
"quant",2,10,38,0.9,1.56568753626498
"quant",2,10,38,0.91,1.45666165674078
"quant",2,10,38,0.92,1.34237061941099
"quant",2,10,38,0.93,1.22103117615938
"quant",2,10,38,0.94,1.09076398929336
"quant",2,10,38,0.95,0.946578059984388
"quant",2,10,38,0.96,0.785108627560962
"quant",2,10,38,0.97,0.61797853381329
"quant",2,10,38,0.98,0.444597312365294
"quant",2,10,38,0.99,0.263398726473013
"quant",2,10,38,0.995,0.158337050206456
"quant",2,10,39,0.9,1.37492698316156
"quant",2,10,39,0.91,1.28401126128331
"quant",2,10,39,0.92,1.18714159301929
"quant",2,10,39,0.93,1.0834544720276
"quant",2,10,39,0.94,0.973217806710016
"quant",2,10,39,0.95,0.853841580328786
"quant",2,10,39,0.96,0.722819968255942
"quant",2,10,39,0.97,0.578579805735028
"quant",2,10,39,0.98,0.418369258831067
"quant",2,10,39,0.99,0.234609932300433
"quant",2,10,39,0.995,0.129451801995455
"quant",2,10,40,0.9,1.61876167174561
"quant",2,10,40,0.91,1.4935394400991
"quant",2,10,40,0.92,1.36059985500542
"quant",2,10,40,0.93,1.22048598761797
"quant",2,10,40,0.94,1.07679705096521
"quant",2,10,40,0.95,0.930393763314133
"quant",2,10,40,0.96,0.777295442159929
"quant",2,10,40,0.97,0.613069963635719
"quant",2,10,40,0.98,0.43752017977516
"quant",2,10,40,0.99,0.242110974563113
"quant",2,10,40,0.995,0.12936677607749
"quant",2,10,41,0.9,3.08773166444794
"quant",2,10,41,0.91,2.9615859473379
"quant",2,10,41,0.92,2.82765122988745
"quant",2,10,41,0.93,2.68368383362721
"quant",2,10,41,0.94,2.52409529652979
"quant",2,10,41,0.95,2.34367617510888
"quant",2,10,41,0.96,2.12733275498846
"quant",2,10,41,0.97,1.87034446144105
"quant",2,10,41,0.98,1.46542784683114
"quant",2,10,41,0.99,0.985378490451997
"quant",2,10,41,0.995,0.717962006500359
"quant",2,10,42,0.9,1.95147493469645
"quant",2,10,42,0.91,1.80605622897531
"quant",2,10,42,0.92,1.65096871594443
"quant",2,10,42,0.93,1.48639672595347
"quant",2,10,42,0.94,1.31567637908864
"quant",2,10,42,0.95,1.13671734730303
"quant",2,10,42,0.96,0.949184696501349
"quant",2,10,42,0.97,0.752981615293355
"quant",2,10,42,0.98,0.542009333023929
"quant",2,10,42,0.99,0.305379855011048
"quant",2,10,42,0.995,0.171829591184389
"quant",2,10,43,0.9,1.67896396631386
"quant",2,10,43,0.91,1.5942686765223
"quant",2,10,43,0.92,1.5011836365919
"quant",2,10,43,0.93,1.39816009089375
"quant",2,10,43,0.94,1.27427615464793
"quant",2,10,43,0.95,1.12577064037085
"quant",2,10,43,0.96,0.95319563984043
"quant",2,10,43,0.97,0.757450774464261
"quant",2,10,43,0.98,0.537226842050175
"quant",2,10,43,0.99,0.289996922485712
"quant",2,10,43,0.995,0.154399499421515
"quant",2,10,44,0.9,1.84069378112594
"quant",2,10,44,0.91,1.70795141165764
"quant",2,10,44,0.92,1.56691494366444
"quant",2,10,44,0.93,1.41646984334153
"quant",2,10,44,0.94,1.25561106479268
"quant",2,10,44,0.95,1.08567474862603
"quant",2,10,44,0.96,0.904927498753142
"quant",2,10,44,0.97,0.71051471281628
"quant",2,10,44,0.98,0.502938470502389
"quant",2,10,44,0.99,0.275329949451702
"quant",2,10,44,0.995,0.146545278039486
"quant",2,10,45,0.9,1.83265218277611
"quant",2,10,45,0.91,1.72053271425445
"quant",2,10,45,0.92,1.60198191675005
"quant",2,10,45,0.93,1.47517571758993
"quant",2,10,45,0.94,1.33801712723044
"quant",2,10,45,0.95,1.19254275503583
"quant",2,10,45,0.96,1.03472418428224
"quant",2,10,45,0.97,0.848541044782372
"quant",2,10,45,0.98,0.624993441837509
"quant",2,10,45,0.99,0.354043680348649
"quant",2,10,45,0.995,0.192755826657922
"quant",2,10,46,0.9,1.79393744602496
"quant",2,10,46,0.91,1.67126318247383
"quant",2,10,46,0.92,1.54148683115464
"quant",2,10,46,0.93,1.4040126090511
"quant",2,10,46,0.94,1.25527844020296
"quant",2,10,46,0.95,1.09098556211012
"quant",2,10,46,0.96,0.913692000284362
"quant",2,10,46,0.97,0.723024162198147
"quant",2,10,46,0.98,0.514998436684481
"quant",2,10,46,0.99,0.285015362471948
"quant",2,10,46,0.995,0.151956453623153
"quant",2,10,47,0.9,1.56896295262435
"quant",2,10,47,0.91,1.45995085232469
"quant",2,10,47,0.92,1.34538546866934
"quant",2,10,47,0.93,1.22210549966721
"quant",2,10,47,0.94,1.09046677396966
"quant",2,10,47,0.95,0.947996156490076
"quant",2,10,47,0.96,0.795673351153015
"quant",2,10,47,0.97,0.62922434856998
"quant",2,10,47,0.98,0.44692367982961
"quant",2,10,47,0.99,0.245273917488875
"quant",2,10,47,0.995,0.132357885143032
"quant",2,10,48,0.9,1.87182304784529
"quant",2,10,48,0.91,1.76453206720226
"quant",2,10,48,0.92,1.64825406384908
"quant",2,10,48,0.93,1.52317786861297
"quant",2,10,48,0.94,1.38893561043559
"quant",2,10,48,0.95,1.24209237040418
"quant",2,10,48,0.96,1.0698918864553
"quant",2,10,48,0.97,0.861428514013717
"quant",2,10,48,0.98,0.617623253771752
"quant",2,10,48,0.99,0.338272654275092
"quant",2,10,48,0.995,0.184431345349761
"quant",2,10,49,0.9,1.86646743982801
"quant",2,10,49,0.91,1.73836061546144
"quant",2,10,49,0.92,1.5994688707706
"quant",2,10,49,0.93,1.45210481264731
"quant",2,10,49,0.94,1.29577320814949
"quant",2,10,49,0.95,1.12747297348638
"quant",2,10,49,0.96,0.945987869156716
"quant",2,10,49,0.97,0.752336973628306
"quant",2,10,49,0.98,0.544110130612771
"quant",2,10,49,0.99,0.317399613295286
"quant",2,10,49,0.995,0.188897020953858
"quant",2,10,50,0.9,3.11772963841831
"quant",2,10,50,0.91,3.02110273610157
"quant",2,10,50,0.92,2.91290808136884
"quant",2,10,50,0.93,2.79106110363177
"quant",2,10,50,0.94,2.65492034686386
"quant",2,10,50,0.95,2.50243623384354
"quant",2,10,50,0.96,2.321422770879
"quant",2,10,50,0.97,2.0981981547407
"quant",2,10,50,0.98,1.82666747540804
"quant",2,10,50,0.99,1.45864419688868
"quant",2,10,50,0.995,1.20172958415142
"quant",3,10,1,0.9,1.87050513480486
"quant",3,10,1,0.91,1.72393013307805
"quant",3,10,1,0.92,1.56543167239515
"quant",3,10,1,0.93,1.3976609385095
"quant",3,10,1,0.94,1.22546879072215
"quant",3,10,1,0.95,1.04840369573184
"quant",3,10,1,0.96,0.86428103741366
"quant",3,10,1,0.97,0.692857133317723
"quant",3,10,1,0.98,0.516108497695952
"quant",3,10,1,0.99,0.304940710522978
"quant",3,10,1,0.995,0.169099637874541
"quant",3,10,2,0.9,1.57326821653584
"quant",3,10,2,0.91,1.47088706050664
"quant",3,10,2,0.92,1.35888365262909
"quant",3,10,2,0.93,1.23899742559593
"quant",3,10,2,0.94,1.11342699284864
"quant",3,10,2,0.95,0.983445588255755
"quant",3,10,2,0.96,0.843480614105842
"quant",3,10,2,0.97,0.676981237152595
"quant",3,10,2,0.98,0.487332509586967
"quant",3,10,2,0.99,0.273384920086511
"quant",3,10,2,0.995,0.146777532611401
"quant",3,10,3,0.9,1.772557322023
"quant",3,10,3,0.91,1.65338865774502
"quant",3,10,3,0.92,1.52842345303687
"quant",3,10,3,0.93,1.39598834078025
"quant",3,10,3,0.94,1.25569775743092
"quant",3,10,3,0.95,1.10743855583293
"quant",3,10,3,0.96,0.945582881995968
"quant",3,10,3,0.97,0.767799138685544
"quant",3,10,3,0.98,0.572588784788605
"quant",3,10,3,0.99,0.342301450904497
"quant",3,10,3,0.995,0.205431141870915
"quant",3,10,4,0.9,1.60956087390468
"quant",3,10,4,0.91,1.49868371805163
"quant",3,10,4,0.92,1.38136534025839
"quant",3,10,4,0.93,1.25927318785889
"quant",3,10,4,0.94,1.1323855813642
"quant",3,10,4,0.95,0.997985563688426
"quant",3,10,4,0.96,0.852640953455177
"quant",3,10,4,0.97,0.69309942084567
"quant",3,10,4,0.98,0.516899972297142
"quant",3,10,4,0.99,0.302761141346706
"quant",3,10,4,0.995,0.167075186482764
"quant",3,10,5,0.9,1.6407393747978
"quant",3,10,5,0.91,1.53447154433325
"quant",3,10,5,0.92,1.42405628615111
"quant",3,10,5,0.93,1.33170414773356
"quant",3,10,5,0.94,1.21621963009572
"quant",3,10,5,0.95,1.07299996625419
"quant",3,10,5,0.96,0.907908811190054
"quant",3,10,5,0.97,0.720974697629465
"quant",3,10,5,0.98,0.511152361648134
"quant",3,10,5,0.99,0.277493565840956
"quant",3,10,5,0.995,0.146805226375673
"quant",3,10,6,0.9,1.87592741106737
"quant",3,10,6,0.91,1.75713459159117
"quant",3,10,6,0.92,1.62934852797784
"quant",3,10,6,0.93,1.49101070126031
"quant",3,10,6,0.94,1.34067004245425
"quant",3,10,6,0.95,1.17500885171817
"quant",3,10,6,0.96,0.994325541239841
"quant",3,10,6,0.97,0.797344088895788
"quant",3,10,6,0.98,0.597728922129419
"quant",3,10,6,0.99,0.415198017329205
"quant",3,10,6,0.995,0.230402227463039
"quant",3,10,7,0.9,2.25131834325174
"quant",3,10,7,0.91,2.09761020605694
"quant",3,10,7,0.92,1.93278695871927
"quant",3,10,7,0.93,1.75585648479236
"quant",3,10,7,0.94,1.56223876294201
"quant",3,10,7,0.95,1.35812802805782
"quant",3,10,7,0.96,1.14478776819734
"quant",3,10,7,0.97,0.931282446050029
"quant",3,10,7,0.98,0.678397214806604
"quant",3,10,7,0.99,0.389353943510534
"quant",3,10,7,0.995,0.212681796182407
"quant",3,10,8,0.9,1.43383586751892
"quant",3,10,8,0.91,1.33773167596169
"quant",3,10,8,0.92,1.23927040302932
"quant",3,10,8,0.93,1.13851477349096
"quant",3,10,8,0.94,1.03332011195196
"quant",3,10,8,0.95,0.929206970313567
"quant",3,10,8,0.96,0.826387349587104
"quant",3,10,8,0.97,0.702271745169085
"quant",3,10,8,0.98,0.610908213588135
"quant",3,10,8,0.99,0.473263031437016
"quant",3,10,8,0.995,0.266223087291773
"quant",3,10,9,0.9,2.21804136245956
"quant",3,10,9,0.91,2.0987222014426
"quant",3,10,9,0.92,1.97366609301409
"quant",3,10,9,0.93,1.84299914869885
"quant",3,10,9,0.94,1.70409292061083
"quant",3,10,9,0.95,1.55803118129844
"quant",3,10,9,0.96,1.39913038215608
"quant",3,10,9,0.97,1.22328725114879
"quant",3,10,9,0.98,1.0258702040324
"quant",3,10,9,0.99,0.782310610880718
"quant",3,10,9,0.995,0.617431159034799
"quant",3,10,10,0.9,1.57776167816553
"quant",3,10,10,0.91,1.48047870299174
"quant",3,10,10,0.92,1.37526190192061
"quant",3,10,10,0.93,1.26033339150664
"quant",3,10,10,0.94,1.13345247142721
"quant",3,10,10,0.95,0.996245921516196
"quant",3,10,10,0.96,0.848519754865868
"quant",3,10,10,0.97,0.691720142150321
"quant",3,10,10,0.98,0.526165186998618
"quant",3,10,10,0.99,0.311231714521183
"quant",3,10,10,0.995,0.170703596815464
"quant",3,10,11,0.9,2.31371805671172
"quant",3,10,11,0.91,2.17159757721588
"quant",3,10,11,0.92,2.01757404650135
"quant",3,10,11,0.93,1.8521925539814
"quant",3,10,11,0.94,1.67293090881929
"quant",3,10,11,0.95,1.47890720692645
"quant",3,10,11,0.96,1.26527038257136
"quant",3,10,11,0.97,1.02907673009392
"quant",3,10,11,0.98,0.749213659426911
"quant",3,10,11,0.99,0.41939753666618
"quant",3,10,11,0.995,0.239092712840739
"quant",3,10,12,0.9,2.1609802497334
"quant",3,10,12,0.91,2.03907045657729
"quant",3,10,12,0.92,1.91064470034166
"quant",3,10,12,0.93,1.76985186902156
"quant",3,10,12,0.94,1.623041325795
"quant",3,10,12,0.95,1.46368193266769
"quant",3,10,12,0.96,1.25998927970333
"quant",3,10,12,0.97,1.02423577265168
"quant",3,10,12,0.98,0.755527164055047
"quant",3,10,12,0.99,0.441837878082651
"quant",3,10,12,0.995,0.254628673662995
"quant",3,10,13,0.9,1.33668932944182
"quant",3,10,13,0.91,1.25633978612833
"quant",3,10,13,0.92,1.16869621335218
"quant",3,10,13,0.93,1.07259661440068
"quant",3,10,13,0.94,0.966801644458538
"quant",3,10,13,0.95,0.847027509915987
"quant",3,10,13,0.96,0.712706406596361
"quant",3,10,13,0.97,0.559241155968288
"quant",3,10,13,0.98,0.409416688638426
"quant",3,10,13,0.99,0.261391517370339
"quant",3,10,13,0.995,0.143042516017872
"quant",3,10,14,0.9,1.7976566417132
"quant",3,10,14,0.91,1.67936643485741
"quant",3,10,14,0.92,1.55369639313991
"quant",3,10,14,0.93,1.42466390981991
"quant",3,10,14,0.94,1.29513416931522
"quant",3,10,14,0.95,1.16781155545755
"quant",3,10,14,0.96,1.04730057655037
"quant",3,10,14,0.97,0.934118376278839
"quant",3,10,14,0.98,0.777917518155591
"quant",3,10,14,0.99,0.492008700335857
"quant",3,10,14,0.995,0.270677714950211
"quant",3,10,15,0.9,1.77317537938773
"quant",3,10,15,0.91,1.6665595604492
"quant",3,10,15,0.92,1.55468044302838
"quant",3,10,15,0.93,1.43634842954399
"quant",3,10,15,0.94,1.31062253797682
"quant",3,10,15,0.95,1.17501558930677
"quant",3,10,15,0.96,1.02583133894881
"quant",3,10,15,0.97,0.859617052799632
"quant",3,10,15,0.98,0.655417992246862
"quant",3,10,15,0.99,0.369428916925249
"quant",3,10,15,0.995,0.200580769886617
"quant",3,10,16,0.9,1.60823713925596
"quant",3,10,16,0.91,1.50526397776389
"quant",3,10,16,0.92,1.39415838886995
"quant",3,10,16,0.93,1.27416042210108
"quant",3,10,16,0.94,1.1424198408569
"quant",3,10,16,0.95,0.999256770917474
"quant",3,10,16,0.96,0.842730227483573
"quant",3,10,16,0.97,0.670053401462545
"quant",3,10,16,0.98,0.47684687888753
"quant",3,10,16,0.99,0.260887123085186
"quant",3,10,16,0.995,0.13912603033788
"quant",3,10,17,0.9,2.45871190219351
"quant",3,10,17,0.91,2.32393104557714
"quant",3,10,17,0.92,2.18201698578175
"quant",3,10,17,0.93,2.0308571336126
"quant",3,10,17,0.94,1.87079738759011
"quant",3,10,17,0.95,1.69463793447829
"quant",3,10,17,0.96,1.49710837679914
"quant",3,10,17,0.97,1.26654575980151
"quant",3,10,17,0.98,0.889921428579037
"quant",3,10,17,0.99,0.501575954794944
"quant",3,10,17,0.995,0.280045135145467
"quant",3,10,18,0.9,1.7048510464125
"quant",3,10,18,0.91,1.58296481358891
"quant",3,10,18,0.92,1.4541757488093
"quant",3,10,18,0.93,1.318183789578
"quant",3,10,18,0.94,1.17305852119153
"quant",3,10,18,0.95,1.01878591071549
"quant",3,10,18,0.96,0.854908490404105
"quant",3,10,18,0.97,0.679927679337372
"quant",3,10,18,0.98,0.505882880835171
"quant",3,10,18,0.99,0.311831186221433
"quant",3,10,18,0.995,0.169346136034493
"quant",3,10,19,0.9,1.91100946910408
"quant",3,10,19,0.91,1.79992623257663
"quant",3,10,19,0.92,1.67886356087063
"quant",3,10,19,0.93,1.54737055295156
"quant",3,10,19,0.94,1.40544893214863
"quant",3,10,19,0.95,1.25041869317303
"quant",3,10,19,0.96,1.07990093451694
"quant",3,10,19,0.97,0.889998101569711
"quant",3,10,19,0.98,0.681402054506138
"quant",3,10,19,0.99,0.444461700695579
"quant",3,10,19,0.995,0.302454226027785
"quant",3,10,20,0.9,2.21419500610208
"quant",3,10,20,0.91,2.07074987359443
"quant",3,10,20,0.92,1.91854729647315
"quant",3,10,20,0.93,1.75393721810576
"quant",3,10,20,0.94,1.57896720359852
"quant",3,10,20,0.95,1.38456720688911
"quant",3,10,20,0.96,1.16430286477435
"quant",3,10,20,0.97,0.910512361562849
"quant",3,10,20,0.98,0.640247217785507
"quant",3,10,20,0.99,0.349575155222374
"quant",3,10,20,0.995,0.189135975456208
"quant",3,10,21,0.9,1.60064977342229
"quant",3,10,21,0.91,1.48253897951444
"quant",3,10,21,0.92,1.35844014439763
"quant",3,10,21,0.93,1.2279250562894
"quant",3,10,21,0.94,1.09042909355322
"quant",3,10,21,0.95,0.944403391061305
"quant",3,10,21,0.96,0.789455727852354
"quant",3,10,21,0.97,0.625642526687121
"quant",3,10,21,0.98,0.450358110629194
"quant",3,10,21,0.99,0.255599567788412
"quant",3,10,21,0.995,0.145902504290522
"quant",3,10,22,0.9,2.19482811007437
"quant",3,10,22,0.91,2.07993762248361
"quant",3,10,22,0.92,1.95603521862422
"quant",3,10,22,0.93,1.82173773409067
"quant",3,10,22,0.94,1.67564649294682
"quant",3,10,22,0.95,1.51633927128436
"quant",3,10,22,0.96,1.34448238069547
"quant",3,10,22,0.97,1.15536401589163
"quant",3,10,22,0.98,0.945375120352385
"quant",3,10,22,0.99,0.701544704800085
"quant",3,10,22,0.995,0.553460042709794
"quant",3,10,23,0.9,1.85116057260673
"quant",3,10,23,0.91,1.72686782045062
"quant",3,10,23,0.92,1.59499076764046
"quant",3,10,23,0.93,1.45577496630339
"quant",3,10,23,0.94,1.30610027862168
"quant",3,10,23,0.95,1.14598973048189
"quant",3,10,23,0.96,0.977087497784015
"quant",3,10,23,0.97,0.796005852635467
"quant",3,10,23,0.98,0.59636595122293
"quant",3,10,23,0.99,0.360083176082309
"quant",3,10,23,0.995,0.220694853425813
"quant",3,10,24,0.9,1.41859118470008
"quant",3,10,24,0.91,1.33520302625525
"quant",3,10,24,0.92,1.24550000371897
"quant",3,10,24,0.93,1.14965567298822
"quant",3,10,24,0.94,1.04595066111275
"quant",3,10,24,0.95,0.931279802879296
"quant",3,10,24,0.96,0.80226379715333
"quant",3,10,24,0.97,0.65421782834652
"quant",3,10,24,0.98,0.497812626628781
"quant",3,10,24,0.99,0.316408905929164
"quant",3,10,24,0.995,0.175361573982866
"quant",3,10,25,0.9,1.96621929937646
"quant",3,10,25,0.91,1.84816828338101
"quant",3,10,25,0.92,1.71941263352059
"quant",3,10,25,0.93,1.57820130274715
"quant",3,10,25,0.94,1.42363006128725
"quant",3,10,25,0.95,1.26040763800267
"quant",3,10,25,0.96,1.08007202481495
"quant",3,10,25,0.97,0.900241988324686
"quant",3,10,25,0.98,0.694445345135957
"quant",3,10,25,0.99,0.394800167037499
"quant",3,10,25,0.995,0.213897924137686
"quant",3,10,26,0.9,3.10144444554401
"quant",3,10,26,0.91,2.99172544062958
"quant",3,10,26,0.92,2.8712710202517
"quant",3,10,26,0.93,2.73850983167234
"quant",3,10,26,0.94,2.59200761080439
"quant",3,10,26,0.95,2.42997778177392
"quant",3,10,26,0.96,2.24858407019548
"quant",3,10,26,0.97,2.03804203746913
"quant",3,10,26,0.98,1.74241297048738
"quant",3,10,26,0.99,1.28803754880754
"quant",3,10,26,0.995,1.03526331550955
"quant",3,10,27,0.9,2.1258333209382
"quant",3,10,27,0.91,2.00155440461431
"quant",3,10,27,0.92,1.8690969483342
"quant",3,10,27,0.93,1.72933702683085
"quant",3,10,27,0.94,1.57988037343428
"quant",3,10,27,0.95,1.41924073033358
"quant",3,10,27,0.96,1.2440276111063
"quant",3,10,27,0.97,1.05143257123528
"quant",3,10,27,0.98,0.855415813711026
"quant",3,10,27,0.99,0.664389372212678
"quant",3,10,27,0.995,0.360737856584209
"quant",3,10,28,0.9,2.08069940253186
"quant",3,10,28,0.91,1.93746330241817
"quant",3,10,28,0.92,1.78291292624878
"quant",3,10,28,0.93,1.61551868210511
"quant",3,10,28,0.94,1.43238862729125
"quant",3,10,28,0.95,1.23325574113549
"quant",3,10,28,0.96,1.01113835032717
"quant",3,10,28,0.97,0.776221360563775
"quant",3,10,28,0.98,0.549909672469739
"quant",3,10,28,0.99,0.324814045398518
"quant",3,10,28,0.995,0.172817755481646
"quant",3,10,29,0.9,1.97188627485801
"quant",3,10,29,0.91,1.82407449285578
"quant",3,10,29,0.92,1.6727490690648
"quant",3,10,29,0.93,1.51629125922236
"quant",3,10,29,0.94,1.3500892261769
"quant",3,10,29,0.95,1.17493169081464
"quant",3,10,29,0.96,0.98777974525872
"quant",3,10,29,0.97,0.785308047333226
"quant",3,10,29,0.98,0.558549719872844
"quant",3,10,29,0.99,0.30795311018354
"quant",3,10,29,0.995,0.163890927356435
"quant",3,10,30,0.9,1.62828472635339
"quant",3,10,30,0.91,1.52264895972339
"quant",3,10,30,0.92,1.40868719392031
"quant",3,10,30,0.93,1.28795272633662
"quant",3,10,30,0.94,1.15812962877246
"quant",3,10,30,0.95,1.01815538094819
"quant",3,10,30,0.96,0.86685163319429
"quant",3,10,30,0.97,0.699678330999663
"quant",3,10,30,0.98,0.512776702258087
"quant",3,10,30,0.99,0.29542118558408
"quant",3,10,30,0.995,0.170702097698599
"quant",3,10,31,0.9,1.58719294466996
"quant",3,10,31,0.91,1.49501533770921
"quant",3,10,31,0.92,1.39721455861816
"quant",3,10,31,0.93,1.28976148812254
"quant",3,10,31,0.94,1.17280512113961
"quant",3,10,31,0.95,1.0489469350173
"quant",3,10,31,0.96,0.92890113994397
"quant",3,10,31,0.97,0.801437108665
"quant",3,10,31,0.98,0.615264302237002
"quant",3,10,31,0.99,0.35276115852899
"quant",3,10,31,0.995,0.190790061415159
"quant",3,10,32,0.9,2.10193809883758
"quant",3,10,32,0.91,2.00057247239387
"quant",3,10,32,0.92,1.88863930831582
"quant",3,10,32,0.93,1.7652230809895
"quant",3,10,32,0.94,1.62763708298539
"quant",3,10,32,0.95,1.4702507805504
"quant",3,10,32,0.96,1.29228822220773
"quant",3,10,32,0.97,1.09156240964838
"quant",3,10,32,0.98,0.865170287295336
"quant",3,10,32,0.99,0.598723200097425
"quant",3,10,32,0.995,0.436777386148815
"quant",3,10,33,0.9,1.86490783386543
"quant",3,10,33,0.91,1.77185353900002
"quant",3,10,33,0.92,1.6713567322767
"quant",3,10,33,0.93,1.56107818969473
"quant",3,10,33,0.94,1.44090554844074
"quant",3,10,33,0.95,1.30613659825228
"quant",3,10,33,0.96,1.1547316965466
"quant",3,10,33,0.97,0.984422060344312
"quant",3,10,33,0.98,0.786539727205263
"quant",3,10,33,0.99,0.550078588523987
"quant",3,10,33,0.995,0.407893405652254
"quant",3,10,34,0.9,1.87646767215341
"quant",3,10,34,0.91,1.75765447224951
"quant",3,10,34,0.92,1.62979387813962
"quant",3,10,34,0.93,1.49233166044851
"quant",3,10,34,0.94,1.34036360441627
"quant",3,10,34,0.95,1.18789631676262
"quant",3,10,34,0.96,1.06966914738803
"quant",3,10,34,0.97,0.915750623056476
"quant",3,10,34,0.98,0.68631980487716
"quant",3,10,34,0.99,0.385600073502223
"quant",3,10,34,0.995,0.206395724922556
"quant",3,10,35,0.9,1.36393178238217
"quant",3,10,35,0.91,1.27721969659072
"quant",3,10,35,0.92,1.18144050344747
"quant",3,10,35,0.93,1.07596817391669
"quant",3,10,35,0.94,0.960778185742192
"quant",3,10,35,0.95,0.836290900549506
"quant",3,10,35,0.96,0.70235133461891
"quant",3,10,35,0.97,0.557125488893593
"quant",3,10,35,0.98,0.402827597712921
"quant",3,10,35,0.99,0.226973391462516
"quant",3,10,35,0.995,0.122764372807236
"quant",3,10,36,0.9,1.63487191023582
"quant",3,10,36,0.91,1.52951275373685
"quant",3,10,36,0.92,1.41866273347685
"quant",3,10,36,0.93,1.30407142070998
"quant",3,10,36,0.94,1.18175399837036
"quant",3,10,36,0.95,1.04573833306488
"quant",3,10,36,0.96,0.904618659607401
"quant",3,10,36,0.97,0.770136665186324
"quant",3,10,36,0.98,0.575944611193232
"quant",3,10,36,0.99,0.326549965230909
"quant",3,10,36,0.995,0.176389859967024
"quant",3,10,37,0.9,2.61545708900803
"quant",3,10,37,0.91,2.50060334735354
"quant",3,10,37,0.92,2.37682327680498
"quant",3,10,37,0.93,2.24363940050028
"quant",3,10,37,0.94,2.10211474936577
"quant",3,10,37,0.95,1.9473245282153
"quant",3,10,37,0.96,1.77557498729679
"quant",3,10,37,0.97,1.579988860208
"quant",3,10,37,0.98,1.34741569306851
"quant",3,10,37,0.99,1.04705287795772
"quant",3,10,37,0.995,0.838407445511879
"quant",3,10,38,0.9,1.5672158502629
"quant",3,10,38,0.91,1.45718207641062
"quant",3,10,38,0.92,1.34176104652
"quant",3,10,38,0.93,1.22070345933197
"quant",3,10,38,0.94,1.09081618370821
"quant",3,10,38,0.95,0.946726509542184
"quant",3,10,38,0.96,0.787004087647888
"quant",3,10,38,0.97,0.621138098677634
"quant",3,10,38,0.98,0.447064877824113
"quant",3,10,38,0.99,0.264103044758138
"quant",3,10,38,0.995,0.158566203493746
"quant",3,10,39,0.9,1.37634905850175
"quant",3,10,39,0.91,1.28564227680367
"quant",3,10,39,0.92,1.18874717276982
"quant",3,10,39,0.93,1.08481363080029
"quant",3,10,39,0.94,0.974279782041077
"quant",3,10,39,0.95,0.854568985720687
"quant",3,10,39,0.96,0.723760209675312
"quant",3,10,39,0.97,0.579709841046142
"quant",3,10,39,0.98,0.419326519428024
"quant",3,10,39,0.99,0.233982363559253
"quant",3,10,39,0.995,0.129070292669798
"quant",3,10,40,0.9,1.61854952337472
"quant",3,10,40,0.91,1.4932158565834
"quant",3,10,40,0.92,1.36054633713788
"quant",3,10,40,0.93,1.22030471747358
"quant",3,10,40,0.94,1.07685621441415
"quant",3,10,40,0.95,0.930254466561058
"quant",3,10,40,0.96,0.777375738473215
"quant",3,10,40,0.97,0.612534585052917
"quant",3,10,40,0.98,0.437208585064345
"quant",3,10,40,0.99,0.242570173804161
"quant",3,10,40,0.995,0.130413848025803
"quant",3,10,41,0.9,3.08937611815788
"quant",3,10,41,0.91,2.96291558013353
"quant",3,10,41,0.92,2.82907290576846
"quant",3,10,41,0.93,2.68531942205068
"quant",3,10,41,0.94,2.52536951641947
"quant",3,10,41,0.95,2.3449444250674
"quant",3,10,41,0.96,2.12896703260042
"quant",3,10,41,0.97,1.87341354289046
"quant",3,10,41,0.98,1.47149358009202
"quant",3,10,41,0.99,0.986745517006103
"quant",3,10,41,0.995,0.716867163134191
"quant",3,10,42,0.9,1.95102268745733
"quant",3,10,42,0.91,1.80550668817857
"quant",3,10,42,0.92,1.65010629250152
"quant",3,10,42,0.93,1.48640628219826
"quant",3,10,42,0.94,1.31595066898975
"quant",3,10,42,0.95,1.13699246738101
"quant",3,10,42,0.96,0.949503721121594
"quant",3,10,42,0.97,0.752803464691555
"quant",3,10,42,0.98,0.54109649911177
"quant",3,10,42,0.99,0.303329303273813
"quant",3,10,42,0.995,0.169369954865931
"quant",3,10,43,0.9,1.67694049645211
"quant",3,10,43,0.91,1.5900032393268
"quant",3,10,43,0.92,1.49532402734856
"quant",3,10,43,0.93,1.39047632186655
"quant",3,10,43,0.94,1.26642252258942
"quant",3,10,43,0.95,1.11943571600458
"quant",3,10,43,0.96,0.94924190218563
"quant",3,10,43,0.97,0.755828561811294
"quant",3,10,43,0.98,0.537407318393151
"quant",3,10,43,0.99,0.290865380934847
"quant",3,10,43,0.995,0.154974007964129
"quant",3,10,44,0.9,1.83890695820002
"quant",3,10,44,0.91,1.70698524318399
"quant",3,10,44,0.92,1.56668053863422
"quant",3,10,44,0.93,1.41634866852369
"quant",3,10,44,0.94,1.25597228373913
"quant",3,10,44,0.95,1.08573379169529
"quant",3,10,44,0.96,0.90520454638391
"quant",3,10,44,0.97,0.710880223686518
"quant",3,10,44,0.98,0.502376849694184
"quant",3,10,44,0.99,0.275130822682122
"quant",3,10,44,0.995,0.146497840339068
"quant",3,10,45,0.9,1.83332070874052
"quant",3,10,45,0.91,1.72114580542952
"quant",3,10,45,0.92,1.60261372198555
"quant",3,10,45,0.93,1.47574768146961
"quant",3,10,45,0.94,1.33852967673611
"quant",3,10,45,0.95,1.19212419523922
"quant",3,10,45,0.96,1.03386997567914
"quant",3,10,45,0.97,0.847212590390151
"quant",3,10,45,0.98,0.625350484905411
"quant",3,10,45,0.99,0.353722034987453
"quant",3,10,45,0.995,0.193333754422315
"quant",3,10,46,0.9,1.79945897800131
"quant",3,10,46,0.91,1.67606956731515
"quant",3,10,46,0.92,1.54481332563897
"quant",3,10,46,0.93,1.40570637830316
"quant",3,10,46,0.94,1.25630928935877
"quant",3,10,46,0.95,1.09197702850007
"quant",3,10,46,0.96,0.914718473853078
"quant",3,10,46,0.97,0.723886095916167
"quant",3,10,46,0.98,0.513863899451038
"quant",3,10,46,0.99,0.281484456295889
"quant",3,10,46,0.995,0.14999294348948
"quant",3,10,47,0.9,1.56706618415896
"quant",3,10,47,0.91,1.45864754336262
"quant",3,10,47,0.92,1.34506777527364
"quant",3,10,47,0.93,1.22246609390878
"quant",3,10,47,0.94,1.09151413391639
"quant",3,10,47,0.95,0.949561068068526
"quant",3,10,47,0.96,0.797673987176116
"quant",3,10,47,0.97,0.631128314277722
"quant",3,10,47,0.98,0.44828041032942
"quant",3,10,47,0.99,0.246376450051288
"quant",3,10,47,0.995,0.132767160797522
"quant",3,10,48,0.9,1.86865470850442
"quant",3,10,48,0.91,1.762221295328
"quant",3,10,48,0.92,1.64690076550999
"quant",3,10,48,0.93,1.52227789512145
"quant",3,10,48,0.94,1.38870522874039
"quant",3,10,48,0.95,1.24211278385689
"quant",3,10,48,0.96,1.07048407790194
"quant",3,10,48,0.97,0.862488945214394
"quant",3,10,48,0.98,0.61859398982525
"quant",3,10,48,0.99,0.339679937789417
"quant",3,10,48,0.995,0.184775816773683
"quant",3,10,49,0.9,1.86732464213634
"quant",3,10,49,0.91,1.73851357490287
"quant",3,10,49,0.92,1.5995626003886
"quant",3,10,49,0.93,1.45250012533457
"quant",3,10,49,0.94,1.29585506980589
"quant",3,10,49,0.95,1.12677165165687
"quant",3,10,49,0.96,0.945069245852763
"quant",3,10,49,0.97,0.751378670133781
"quant",3,10,49,0.98,0.544208534619638
"quant",3,10,49,0.99,0.317657990289379
"quant",3,10,49,0.995,0.188239377221833
"quant",3,10,50,0.9,3.11944777979697
"quant",3,10,50,0.91,3.02268083328048
"quant",3,10,50,0.92,2.91493676439194
"quant",3,10,50,0.93,2.79267247106135
"quant",3,10,50,0.94,2.65680921161452
"quant",3,10,50,0.95,2.50369804708479
"quant",3,10,50,0.96,2.32331779326746
"quant",3,10,50,0.97,2.09972072060974
"quant",3,10,50,0.98,1.82726529064851
"quant",3,10,50,0.99,1.45188431350881
"quant",3,10,50,0.995,1.17889992626256
"quant",4,10,1,0.9,1.87094577308783
"quant",4,10,1,0.91,1.72483588722664
"quant",4,10,1,0.92,1.5663911848198
"quant",4,10,1,0.93,1.39816412925959
"quant",4,10,1,0.94,1.22531706622395
"quant",4,10,1,0.95,1.04789089219043
"quant",4,10,1,0.96,0.864234436605894
"quant",4,10,1,0.97,0.70039693123115
"quant",4,10,1,0.98,0.523068318376737
"quant",4,10,1,0.99,0.307324457216077
"quant",4,10,1,0.995,0.168560734876471
"quant",4,10,2,0.9,1.57408059897448
"quant",4,10,2,0.91,1.47191102168588
"quant",4,10,2,0.92,1.36018353011535
"quant",4,10,2,0.93,1.23999906942765
"quant",4,10,2,0.94,1.1150870644732
"quant",4,10,2,0.95,0.983128483299752
"quant",4,10,2,0.96,0.841132238651022
"quant",4,10,2,0.97,0.676351984851051
"quant",4,10,2,0.98,0.487462527460231
"quant",4,10,2,0.99,0.27293692696214
"quant",4,10,2,0.995,0.146443957768861
"quant",4,10,3,0.9,1.77478792989344
"quant",4,10,3,0.91,1.65657573195902
"quant",4,10,3,0.92,1.53175812380098
"quant",4,10,3,0.93,1.39925098151195
"quant",4,10,3,0.94,1.25900409506145
"quant",4,10,3,0.95,1.11031009624145
"quant",4,10,3,0.96,0.94900436158324
"quant",4,10,3,0.97,0.770638284672074
"quant",4,10,3,0.98,0.574655856079047
"quant",4,10,3,0.99,0.344478242273621
"quant",4,10,3,0.995,0.203860391218568
"quant",4,10,4,0.9,1.60926985682679
"quant",4,10,4,0.91,1.49766213493353
"quant",4,10,4,0.92,1.38009572614368
"quant",4,10,4,0.93,1.25731266496042
"quant",4,10,4,0.94,1.13192574756069
"quant",4,10,4,0.95,0.998027280688669
"quant",4,10,4,0.96,0.852655482250826
"quant",4,10,4,0.97,0.692186710193585
"quant",4,10,4,0.98,0.5146077159672
"quant",4,10,4,0.99,0.302143366141677
"quant",4,10,4,0.995,0.167223383352009
"quant",4,10,5,0.9,1.64050561128793
"quant",4,10,5,0.91,1.53495981123399
"quant",4,10,5,0.92,1.42963933468336
"quant",4,10,5,0.93,1.33999593060133
"quant",4,10,5,0.94,1.22055730717013
"quant",4,10,5,0.95,1.07622691048567
"quant",4,10,5,0.96,0.910302182141216
"quant",4,10,5,0.97,0.722529927977278
"quant",4,10,5,0.98,0.512062436462793
"quant",4,10,5,0.99,0.278608482166269
"quant",4,10,5,0.995,0.147759324139695
"quant",4,10,6,0.9,1.87448416508943
"quant",4,10,6,0.91,1.75575650843826
"quant",4,10,6,0.92,1.62757176520089
"quant",4,10,6,0.93,1.48929320141036
"quant",4,10,6,0.94,1.33922917894883
"quant",4,10,6,0.95,1.174254996798
"quant",4,10,6,0.96,0.994078774158184
"quant",4,10,6,0.97,0.798366899492699
"quant",4,10,6,0.98,0.606165402152571
"quant",4,10,6,0.99,0.414476757129353
"quant",4,10,6,0.995,0.228326091933553
"quant",4,10,7,0.9,2.24943048394336
"quant",4,10,7,0.91,2.09668767784499
"quant",4,10,7,0.92,1.93278765304017
"quant",4,10,7,0.93,1.7562362217866
"quant",4,10,7,0.94,1.5643031860335
"quant",4,10,7,0.95,1.3637095738581
"quant",4,10,7,0.96,1.14870546859467
"quant",4,10,7,0.97,0.930649779347199
"quant",4,10,7,0.98,0.675660089035932
"quant",4,10,7,0.99,0.387375597641617
"quant",4,10,7,0.995,0.210966193322139
"quant",4,10,8,0.9,1.43826150866658
"quant",4,10,8,0.91,1.3414537943918
"quant",4,10,8,0.92,1.24280357367591
"quant",4,10,8,0.93,1.14087210890734
"quant",4,10,8,0.94,1.03386929315959
"quant",4,10,8,0.95,0.92668363167253
"quant",4,10,8,0.96,0.821739664354666
"quant",4,10,8,0.97,0.697067071044003
"quant",4,10,8,0.98,0.622082432132603
"quant",4,10,8,0.99,0.476421897460856
"quant",4,10,8,0.995,0.263791236743135
"quant",4,10,9,0.9,2.21928179980362
"quant",4,10,9,0.91,2.10374345734339
"quant",4,10,9,0.92,1.98294722240071
"quant",4,10,9,0.93,1.85556127206156
"quant",4,10,9,0.94,1.72092490015128
"quant",4,10,9,0.95,1.57672075123503
"quant",4,10,9,0.96,1.41987639350476
"quant",4,10,9,0.97,1.24297972708487
"quant",4,10,9,0.98,1.04123376679972
"quant",4,10,9,0.99,0.788822271071146
"quant",4,10,9,0.995,0.611833959054075
"quant",4,10,10,0.9,1.569242903344
"quant",4,10,10,0.91,1.47262625091587
"quant",4,10,10,0.92,1.36905783480802
"quant",4,10,10,0.93,1.25629753947823
"quant",4,10,10,0.94,1.13227516763529
"quant",4,10,10,0.95,0.997918625142551
"quant",4,10,10,0.96,0.853260841375044
"quant",4,10,10,0.97,0.697843355984962
"quant",4,10,10,0.98,0.535326321822106
"quant",4,10,10,0.99,0.309959450834983
"quant",4,10,10,0.995,0.167397803344088
"quant",4,10,11,0.9,2.30973493551477
"quant",4,10,11,0.91,2.16786842710401
"quant",4,10,11,0.92,2.01396849964067
"quant",4,10,11,0.93,1.84861808883348
"quant",4,10,11,0.94,1.66948055200458
"quant",4,10,11,0.95,1.47617591731744
"quant",4,10,11,0.96,1.26398468998544
"quant",4,10,11,0.97,1.02559594299627
"quant",4,10,11,0.98,0.73894028917005
"quant",4,10,11,0.99,0.417156181728742
"quant",4,10,11,0.995,0.242972164008742
"quant",4,10,12,0.9,2.16159040272773
"quant",4,10,12,0.91,2.03993767943702
"quant",4,10,12,0.92,1.9108267833995
"quant",4,10,12,0.93,1.77035582108674
"quant",4,10,12,0.94,1.62347893338905
"quant",4,10,12,0.95,1.46498229722076
"quant",4,10,12,0.96,1.26097670174814
"quant",4,10,12,0.97,1.02433473545569
"quant",4,10,12,0.98,0.755722937461286
"quant",4,10,12,0.99,0.443414715364338
"quant",4,10,12,0.995,0.257337661440783
"quant",4,10,13,0.9,1.33790181353971
"quant",4,10,13,0.91,1.257969297497
"quant",4,10,13,0.92,1.17050738997986
"quant",4,10,13,0.93,1.07390786840787
"quant",4,10,13,0.94,0.967562722426906
"quant",4,10,13,0.95,0.847358061019967
"quant",4,10,13,0.96,0.712473840971705
"quant",4,10,13,0.97,0.558769330500527
"quant",4,10,13,0.98,0.413505847430071
"quant",4,10,13,0.99,0.260329975210527
"quant",4,10,13,0.995,0.141978284562225
"quant",4,10,14,0.9,1.79241866553582
"quant",4,10,14,0.91,1.67424250757665
"quant",4,10,14,0.92,1.54785752879735
"quant",4,10,14,0.93,1.41856644214945
"quant",4,10,14,0.94,1.28940934618329
"quant",4,10,14,0.95,1.16184216722774
"quant",4,10,14,0.96,1.0398476396837
"quant",4,10,14,0.97,0.911344901632839
"quant",4,10,14,0.98,0.753975815743284
"quant",4,10,14,0.99,0.481198730009384
"quant",4,10,14,0.995,0.264688166047212
"quant",4,10,15,0.9,1.77328047769686
"quant",4,10,15,0.91,1.66700811173291
"quant",4,10,15,0.92,1.55520957245426
"quant",4,10,15,0.93,1.43734105960939
"quant",4,10,15,0.94,1.31196459193349
"quant",4,10,15,0.95,1.17624947464132
"quant",4,10,15,0.96,1.02655304199621
"quant",4,10,15,0.97,0.860147958679678
"quant",4,10,15,0.98,0.654428396763457
"quant",4,10,15,0.99,0.371593954340941
"quant",4,10,15,0.995,0.20379347177827
"quant",4,10,16,0.9,1.60832557857045
"quant",4,10,16,0.91,1.50466543754585
"quant",4,10,16,0.92,1.39265371173633
"quant",4,10,16,0.93,1.27244204839
"quant",4,10,16,0.94,1.14090544407123
"quant",4,10,16,0.95,0.997755657348471
"quant",4,10,16,0.96,0.841233905257779
"quant",4,10,16,0.97,0.669558609280103
"quant",4,10,16,0.98,0.476229675112933
"quant",4,10,16,0.99,0.260327892420176
"quant",4,10,16,0.995,0.139406140476321
"quant",4,10,17,0.9,2.46227972563165
"quant",4,10,17,0.91,2.32700531029128
"quant",4,10,17,0.92,2.18414443983079
"quant",4,10,17,0.93,2.03295926602592
"quant",4,10,17,0.94,1.87264551146048
"quant",4,10,17,0.95,1.69571147786739
"quant",4,10,17,0.96,1.49714362933879
"quant",4,10,17,0.97,1.26677488909276
"quant",4,10,17,0.98,0.878715909699875
"quant",4,10,17,0.99,0.506700089341516
"quant",4,10,17,0.995,0.287920284126486
"quant",4,10,18,0.9,1.70466028029891
"quant",4,10,18,0.91,1.58311321542526
"quant",4,10,18,0.92,1.45445399826123
"quant",4,10,18,0.93,1.31835037059452
"quant",4,10,18,0.94,1.17333175228994
"quant",4,10,18,0.95,1.01992711040172
"quant",4,10,18,0.96,0.855485961562791
"quant",4,10,18,0.97,0.678615860399658
"quant",4,10,18,0.98,0.502682171852915
"quant",4,10,18,0.99,0.313703582343209
"quant",4,10,18,0.995,0.172417824691175
"quant",4,10,19,0.9,1.91103038514705
"quant",4,10,19,0.91,1.80025904845547
"quant",4,10,19,0.92,1.67990413750867
"quant",4,10,19,0.93,1.54839689535057
"quant",4,10,19,0.94,1.40638838851157
"quant",4,10,19,0.95,1.25103687585163
"quant",4,10,19,0.96,1.07955487897317
"quant",4,10,19,0.97,0.888638975230218
"quant",4,10,19,0.98,0.678900628813316
"quant",4,10,19,0.99,0.441020617001726
"quant",4,10,19,0.995,0.298965695886631
"quant",4,10,20,0.9,2.22467419520449
"quant",4,10,20,0.91,2.07992484744386
"quant",4,10,20,0.92,1.92710179711385
"quant",4,10,20,0.93,1.76220737987984
"quant",4,10,20,0.94,1.58657238652019
"quant",4,10,20,0.95,1.39175473384875
"quant",4,10,20,0.96,1.16816826994534
"quant",4,10,20,0.97,0.916398904130841
"quant",4,10,20,0.98,0.64417790759992
"quant",4,10,20,0.99,0.354445535991049
"quant",4,10,20,0.995,0.191676827064246
"quant",4,10,21,0.9,1.60099092371244
"quant",4,10,21,0.91,1.48330280161994
"quant",4,10,21,0.92,1.359106287788
"quant",4,10,21,0.93,1.22857880825997
"quant",4,10,21,0.94,1.09125632766622
"quant",4,10,21,0.95,0.945018666490286
"quant",4,10,21,0.96,0.790246279291016
"quant",4,10,21,0.97,0.625950897625727
"quant",4,10,21,0.98,0.449526671556309
"quant",4,10,21,0.99,0.254807248111015
"quant",4,10,21,0.995,0.145077390827884
"quant",4,10,22,0.9,2.1918911734862
"quant",4,10,22,0.91,2.0780067263261
"quant",4,10,22,0.92,1.95471564622017
"quant",4,10,22,0.93,1.82098795971104
"quant",4,10,22,0.94,1.67526056255887
"quant",4,10,22,0.95,1.51612652663633
"quant",4,10,22,0.96,1.34365909455716
"quant",4,10,22,0.97,1.15380790519515
"quant",4,10,22,0.98,0.941645968888123
"quant",4,10,22,0.99,0.694622958494961
"quant",4,10,22,0.995,0.542531812521575
"quant",4,10,23,0.9,1.84695096031466
"quant",4,10,23,0.91,1.72262801880086
"quant",4,10,23,0.92,1.59161693733632
"quant",4,10,23,0.93,1.45247966681258
"quant",4,10,23,0.94,1.30225601843728
"quant",4,10,23,0.95,1.14218680753474
"quant",4,10,23,0.96,0.973191383225071
"quant",4,10,23,0.97,0.792477614876221
"quant",4,10,23,0.98,0.593078224645145
"quant",4,10,23,0.99,0.359149430970314
"quant",4,10,23,0.995,0.221498575429119
"quant",4,10,24,0.9,1.41872678460837
"quant",4,10,24,0.91,1.33513869680669
"quant",4,10,24,0.92,1.24509212830531
"quant",4,10,24,0.93,1.14875828303928
"quant",4,10,24,0.94,1.04498216702913
"quant",4,10,24,0.95,0.930855770977658
"quant",4,10,24,0.96,0.802582739689281
"quant",4,10,24,0.97,0.656564494761002
"quant",4,10,24,0.98,0.510816764546979
"quant",4,10,24,0.99,0.314643737321565
"quant",4,10,24,0.995,0.17078252822762
"quant",4,10,25,0.9,1.9666078582722
"quant",4,10,25,0.91,1.84854227276299
"quant",4,10,25,0.92,1.71996517676446
"quant",4,10,25,0.93,1.57882748277182
"quant",4,10,25,0.94,1.42558860820968
"quant",4,10,25,0.95,1.26395532050977
"quant",4,10,25,0.96,1.0810519106237
"quant",4,10,25,0.97,0.903476888023398
"quant",4,10,25,0.98,0.691307937083597
"quant",4,10,25,0.99,0.394864472151874
"quant",4,10,25,0.995,0.213150215088194
"quant",4,10,26,0.9,3.10144907049801
"quant",4,10,26,0.91,2.99163210994516
"quant",4,10,26,0.92,2.8712690196369
"quant",4,10,26,0.93,2.73883920736374
"quant",4,10,26,0.94,2.59258514659391
"quant",4,10,26,0.95,2.43051243643784
"quant",4,10,26,0.96,2.24891005888838
"quant",4,10,26,0.97,2.03591880363904
"quant",4,10,26,0.98,1.72376959402406
"quant",4,10,26,0.99,1.28634392140195
"quant",4,10,26,0.995,1.04932753074079
"quant",4,10,27,0.9,2.12791066517607
"quant",4,10,27,0.91,2.00378574260147
"quant",4,10,27,0.92,1.87126291754921
"quant",4,10,27,0.93,1.73093782685921
"quant",4,10,27,0.94,1.58146538778477
"quant",4,10,27,0.95,1.42039394766643
"quant",4,10,27,0.96,1.24485833473178
"quant",4,10,27,0.97,1.0525374602843
"quant",4,10,27,0.98,0.864090429834233
"quant",4,10,27,0.99,0.661797447715439
"quant",4,10,27,0.995,0.355163152607364
"quant",4,10,28,0.9,2.08331429620138
"quant",4,10,28,0.91,1.93998899109551
"quant",4,10,28,0.92,1.78536149945399
"quant",4,10,28,0.93,1.6173412024454
"quant",4,10,28,0.94,1.43276850579542
"quant",4,10,28,0.95,1.23185134508046
"quant",4,10,28,0.96,1.01090501835472
"quant",4,10,28,0.97,0.779026260784448
"quant",4,10,28,0.98,0.549159794235194
"quant",4,10,28,0.99,0.326498456834531
"quant",4,10,28,0.995,0.174345799975465
"quant",4,10,29,0.9,1.96770767119244
"quant",4,10,29,0.91,1.82196917459985
"quant",4,10,29,0.92,1.67218686280796
"quant",4,10,29,0.93,1.51638171472887
"quant",4,10,29,0.94,1.35050310373411
"quant",4,10,29,0.95,1.17532501728578
"quant",4,10,29,0.96,0.98798496584906
"quant",4,10,29,0.97,0.786782304449561
"quant",4,10,29,0.98,0.559310188692015
"quant",4,10,29,0.99,0.307600954854741
"quant",4,10,29,0.995,0.164023651181887
"quant",4,10,30,0.9,1.62747455212868
"quant",4,10,30,0.91,1.52209317060124
"quant",4,10,30,0.92,1.40845968113461
"quant",4,10,30,0.93,1.28767834332934
"quant",4,10,30,0.94,1.15809110040271
"quant",4,10,30,0.95,1.01896415623679
"quant",4,10,30,0.96,0.868484109430038
"quant",4,10,30,0.97,0.703891225299281
"quant",4,10,30,0.98,0.520497480967781
"quant",4,10,30,0.99,0.304144938774792
"quant",4,10,30,0.995,0.175209652440593
"quant",4,10,31,0.9,1.58436136759183
"quant",4,10,31,0.91,1.491226306409
"quant",4,10,31,0.92,1.3921417806873
"quant",4,10,31,0.93,1.28426126295131
"quant",4,10,31,0.94,1.16609037663272
"quant",4,10,31,0.95,1.04162333050279
"quant",4,10,31,0.96,0.925334170160785
"quant",4,10,31,0.97,0.800664210715941
"quant",4,10,31,0.98,0.6147999164272
"quant",4,10,31,0.99,0.35127123790129
"quant",4,10,31,0.995,0.189294218715618
"quant",4,10,32,0.9,2.10284608850626
"quant",4,10,32,0.91,2.00219893643274
"quant",4,10,32,0.92,1.89050058995761
"quant",4,10,32,0.93,1.76706679357819
"quant",4,10,32,0.94,1.62840047128877
"quant",4,10,32,0.95,1.4708523046592
"quant",4,10,32,0.96,1.29150225424785
"quant",4,10,32,0.97,1.09144720445203
"quant",4,10,32,0.98,0.865725101378082
"quant",4,10,32,0.99,0.600606670334199
"quant",4,10,32,0.995,0.439612349484855
"quant",4,10,33,0.9,1.86457139655037
"quant",4,10,33,0.91,1.77083196098581
"quant",4,10,33,0.92,1.67013202833376
"quant",4,10,33,0.93,1.55993479732356
"quant",4,10,33,0.94,1.43976738443681
"quant",4,10,33,0.95,1.30524899092252
"quant",4,10,33,0.96,1.15312000070986
"quant",4,10,33,0.97,0.983461666748806
"quant",4,10,33,0.98,0.786662698969619
"quant",4,10,33,0.99,0.553447360798312
"quant",4,10,33,0.995,0.414001936700376
"quant",4,10,34,0.9,1.8779729969726
"quant",4,10,34,0.91,1.75964146386297
"quant",4,10,34,0.92,1.63306027481503
"quant",4,10,34,0.93,1.49839995816384
"quant",4,10,34,0.94,1.35265211462051
"quant",4,10,34,0.95,1.19834800933146
"quant",4,10,34,0.96,1.06609357125687
"quant",4,10,34,0.97,0.912589487569187
"quant",4,10,34,0.98,0.680903255592854
"quant",4,10,34,0.99,0.382048977714644
"quant",4,10,34,0.995,0.203747577619011
"quant",4,10,35,0.9,1.36717438237578
"quant",4,10,35,0.91,1.28063017340083
"quant",4,10,35,0.92,1.18368396713102
"quant",4,10,35,0.93,1.07784916943561
"quant",4,10,35,0.94,0.961709178700081
"quant",4,10,35,0.95,0.836974824014636
"quant",4,10,35,0.96,0.702514632629491
"quant",4,10,35,0.97,0.557260111393185
"quant",4,10,35,0.98,0.403187805729302
"quant",4,10,35,0.99,0.22716295763031
"quant",4,10,35,0.995,0.123044795944855
"quant",4,10,36,0.9,1.63712965486072
"quant",4,10,36,0.91,1.53012242121343
"quant",4,10,36,0.92,1.41827170743196
"quant",4,10,36,0.93,1.30392509088876
"quant",4,10,36,0.94,1.18173723892583
"quant",4,10,36,0.95,1.04509145149438
"quant",4,10,36,0.96,0.903483118689527
"quant",4,10,36,0.97,0.768848563234536
"quant",4,10,36,0.98,0.576177981847726
"quant",4,10,36,0.99,0.33029574389726
"quant",4,10,36,0.995,0.180146914845614
"quant",4,10,37,0.9,2.61122695553253
"quant",4,10,37,0.91,2.49449802229297
"quant",4,10,37,0.92,2.36939971108708
"quant",4,10,37,0.93,2.23522776660399
"quant",4,10,37,0.94,2.09242600016192
"quant",4,10,37,0.95,1.9358755782141
"quant",4,10,37,0.96,1.76273659200217
"quant",4,10,37,0.97,1.56542459588157
"quant",4,10,37,0.98,1.33038713436884
"quant",4,10,37,0.99,1.02785228587938
"quant",4,10,37,0.995,0.818153223638554
"quant",4,10,38,0.9,1.56378551344728
"quant",4,10,38,0.91,1.45344948769125
"quant",4,10,38,0.92,1.33834374586756
"quant",4,10,38,0.93,1.21805443540076
"quant",4,10,38,0.94,1.08890066704359
"quant",4,10,38,0.95,0.945020434844457
"quant",4,10,38,0.96,0.786264454823542
"quant",4,10,38,0.97,0.624045813190109
"quant",4,10,38,0.98,0.450040556798903
"quant",4,10,38,0.99,0.266689232187209
"quant",4,10,38,0.995,0.161104349887643
"quant",4,10,39,0.9,1.37537128049057
"quant",4,10,39,0.91,1.28437025437431
"quant",4,10,39,0.92,1.18733373743273
"quant",4,10,39,0.93,1.0831726455578
"quant",4,10,39,0.94,0.972959387999925
"quant",4,10,39,0.95,0.853527475593353
"quant",4,10,39,0.96,0.722801897394997
"quant",4,10,39,0.97,0.57966679761728
"quant",4,10,39,0.98,0.419473319768478
"quant",4,10,39,0.99,0.235414402111628
"quant",4,10,39,0.995,0.130815843950656
"quant",4,10,40,0.9,1.61837059480557
"quant",4,10,40,0.91,1.49332150069135
"quant",4,10,40,0.92,1.36128557871084
"quant",4,10,40,0.93,1.22132348209148
"quant",4,10,40,0.94,1.07824209690442
"quant",4,10,40,0.95,0.933044652082079
"quant",4,10,40,0.96,0.780748593886868
"quant",4,10,40,0.97,0.616933142044659
"quant",4,10,40,0.98,0.439251933721425
"quant",4,10,40,0.99,0.242286932644821
"quant",4,10,40,0.995,0.129629645664101
"quant",4,10,41,0.9,3.08712987401403
"quant",4,10,41,0.91,2.96153943780812
"quant",4,10,41,0.92,2.82919937761418
"quant",4,10,41,0.93,2.68654788762659
"quant",4,10,41,0.94,2.5272445227786
"quant",4,10,41,0.95,2.34764525502433
"quant",4,10,41,0.96,2.13107476494412
"quant",4,10,41,0.97,1.87495371185693
"quant",4,10,41,0.98,1.46214708348839
"quant",4,10,41,0.99,0.985715767652065
"quant",4,10,41,0.995,0.720227645057165
"quant",4,10,42,0.9,1.95495171106829
"quant",4,10,42,0.91,1.80984327567682
"quant",4,10,42,0.92,1.65517371808561
"quant",4,10,42,0.93,1.49101926571905
"quant",4,10,42,0.94,1.32049735750573
"quant",4,10,42,0.95,1.14056435031604
"quant",4,10,42,0.96,0.951421916050285
"quant",4,10,42,0.97,0.753813668311017
"quant",4,10,42,0.98,0.540362984118117
"quant",4,10,42,0.99,0.300798163987093
"quant",4,10,42,0.995,0.16606892331377
"quant",4,10,43,0.9,1.67447065414409
"quant",4,10,43,0.91,1.58832943547663
"quant",4,10,43,0.92,1.49394927192074
"quant",4,10,43,0.93,1.38962159715258
"quant",4,10,43,0.94,1.26451732059225
"quant",4,10,43,0.95,1.11644092837056
"quant",4,10,43,0.96,0.946076597239677
"quant",4,10,43,0.97,0.752433174360605
"quant",4,10,43,0.98,0.534944707314301
"quant",4,10,43,0.99,0.289571022851114
"quant",4,10,43,0.995,0.154536412784235
"quant",4,10,44,0.9,1.83513065651802
"quant",4,10,44,0.91,1.70413154967715
"quant",4,10,44,0.92,1.56445980677256
"quant",4,10,44,0.93,1.41554875630942
"quant",4,10,44,0.94,1.25618737012062
"quant",4,10,44,0.95,1.08699752018722
"quant",4,10,44,0.96,0.907260668757869
"quant",4,10,44,0.97,0.712770512985001
"quant",4,10,44,0.98,0.504038799290073
"quant",4,10,44,0.99,0.276828533949328
"quant",4,10,44,0.995,0.147208402346499
"quant",4,10,45,0.9,1.8305001114041
"quant",4,10,45,0.91,1.71816225728113
"quant",4,10,45,0.92,1.59959241074285
"quant",4,10,45,0.93,1.47450232579038
"quant",4,10,45,0.94,1.33858073994484
"quant",4,10,45,0.95,1.19319544235681
"quant",4,10,45,0.96,1.0348654045218
"quant",4,10,45,0.97,0.845483096748634
"quant",4,10,45,0.98,0.620010905933196
"quant",4,10,45,0.99,0.35329267613912
"quant",4,10,45,0.995,0.192942803338353
"quant",4,10,46,0.9,1.7998179118405
"quant",4,10,46,0.91,1.67727496697905
"quant",4,10,46,0.92,1.54691089987146
"quant",4,10,46,0.93,1.40828064557826
"quant",4,10,46,0.94,1.25903241667447
"quant",4,10,46,0.95,1.09524928966835
"quant",4,10,46,0.96,0.919304166490261
"quant",4,10,46,0.97,0.726980605211484
"quant",4,10,46,0.98,0.514470013818761
"quant",4,10,46,0.99,0.282436727022403
"quant",4,10,46,0.995,0.152576797072403
"quant",4,10,47,0.9,1.56824382879486
"quant",4,10,47,0.91,1.45929264782687
"quant",4,10,47,0.92,1.34514682685241
"quant",4,10,47,0.93,1.22178713974592
"quant",4,10,47,0.94,1.0911150228881
"quant",4,10,47,0.95,0.948760570936878
"quant",4,10,47,0.96,0.796582790463443
"quant",4,10,47,0.97,0.629626224787233
"quant",4,10,47,0.98,0.447252278589312
"quant",4,10,47,0.99,0.246776683954057
"quant",4,10,47,0.995,0.133541806711918
"quant",4,10,48,0.9,1.869910099906
"quant",4,10,48,0.91,1.76326418160778
"quant",4,10,48,0.92,1.64791189496308
"quant",4,10,48,0.93,1.52312127373058
"quant",4,10,48,0.94,1.38977882245665
"quant",4,10,48,0.95,1.24278784112123
"quant",4,10,48,0.96,1.07090225448756
"quant",4,10,48,0.97,0.862074662511203
"quant",4,10,48,0.98,0.619421402477332
"quant",4,10,48,0.99,0.342060851996347
"quant",4,10,48,0.995,0.187631086920971
"quant",4,10,49,0.9,1.8666316751145
"quant",4,10,49,0.91,1.73832942183187
"quant",4,10,49,0.92,1.59945785371177
"quant",4,10,49,0.93,1.45171659722992
"quant",4,10,49,0.94,1.29522052657438
"quant",4,10,49,0.95,1.12651236040285
"quant",4,10,49,0.96,0.945260453415805
"quant",4,10,49,0.97,0.752078988931467
"quant",4,10,49,0.98,0.543868025782234
"quant",4,10,49,0.99,0.316510100137519
"quant",4,10,49,0.995,0.187556032592291
"quant",4,10,50,0.9,3.11906088614693
"quant",4,10,50,0.91,3.02195827040084
"quant",4,10,50,0.92,2.91372968787117
"quant",4,10,50,0.93,2.79138273710751
"quant",4,10,50,0.94,2.65515902850965
"quant",4,10,50,0.95,2.50108956679419
"quant",4,10,50,0.96,2.31991715535639
"quant",4,10,50,0.97,2.09731389109028
"quant",4,10,50,0.98,1.82588858193837
"quant",4,10,50,0.99,1.45925215926666
"quant",4,10,50,0.995,1.20081210708337
"quant",5,10,1,0.9,1.87865544197846
"quant",5,10,1,0.91,1.73112709078592
"quant",5,10,1,0.92,1.57233706032941
"quant",5,10,1,0.93,1.40073027346772
"quant",5,10,1,0.94,1.22259056556417
"quant",5,10,1,0.95,1.04281900820062
"quant",5,10,1,0.96,0.868690626948514
"quant",5,10,1,0.97,0.701688751972346
"quant",5,10,1,0.98,0.541824031521989
"quant",5,10,1,0.99,0.296247646729166
"quant",5,10,1,0.995,0.154407777189973
"quant",5,10,2,0.9,1.57269725001303
"quant",5,10,2,0.91,1.4717352360718
"quant",5,10,2,0.92,1.36113353980286
"quant",5,10,2,0.93,1.24258090700696
"quant",5,10,2,0.94,1.11316876747114
"quant",5,10,2,0.95,0.981139528719646
"quant",5,10,2,0.96,0.855212952382624
"quant",5,10,2,0.97,0.677493957613484
"quant",5,10,2,0.98,0.486659985288995
"quant",5,10,2,0.99,0.266819097615629
"quant",5,10,2,0.995,0.138054130361708
"quant",5,10,3,0.9,1.77336944000096
"quant",5,10,3,0.91,1.6534887072646
"quant",5,10,3,0.92,1.527678728446
"quant",5,10,3,0.93,1.39536790385643
"quant",5,10,3,0.94,1.25502583057498
"quant",5,10,3,0.95,1.10665703544144
"quant",5,10,3,0.96,0.945283908210995
"quant",5,10,3,0.97,0.768967793946825
"quant",5,10,3,0.98,0.578231298598822
"quant",5,10,3,0.99,0.354063205708336
"quant",5,10,3,0.995,0.220246456370815
"quant",5,10,4,0.9,1.60908810168948
"quant",5,10,4,0.91,1.49857492718699
"quant",5,10,4,0.92,1.38408577907145
"quant",5,10,4,0.93,1.26349604043005
"quant",5,10,4,0.94,1.13601841810315
"quant",5,10,4,0.95,0.998343332365091
"quant",5,10,4,0.96,0.849902774507879
"quant",5,10,4,0.97,0.693546108199569
"quant",5,10,4,0.98,0.528777893465683
"quant",5,10,4,0.99,0.295047527562054
"quant",5,10,4,0.995,0.161930831910316
"quant",5,10,5,0.9,1.63529942168326
"quant",5,10,5,0.91,1.5292202199704
"quant",5,10,5,0.92,1.43144327408752
"quant",5,10,5,0.93,1.35150006864294
"quant",5,10,5,0.94,1.22948847851383
"quant",5,10,5,0.95,1.08317417728512
"quant",5,10,5,0.96,0.909682633502952
"quant",5,10,5,0.97,0.712998595610624
"quant",5,10,5,0.98,0.501623566478711
"quant",5,10,5,0.99,0.272977306368033
"quant",5,10,5,0.995,0.146053040286684
"quant",5,10,6,0.9,1.87530387379946
"quant",5,10,6,0.91,1.75650314177523
"quant",5,10,6,0.92,1.62829916461145
"quant",5,10,6,0.93,1.49008950422867
"quant",5,10,6,0.94,1.33974589419234
"quant",5,10,6,0.95,1.17407472360352
"quant",5,10,6,0.96,0.994220275681801
"quant",5,10,6,0.97,0.796474519862873
"quant",5,10,6,0.98,0.736808607122848
"quant",5,10,6,0.99,0.416842192544196
"quant",5,10,6,0.995,0.21493653973908
"quant",5,10,7,0.9,2.25066239251154
"quant",5,10,7,0.91,2.09692562671474
"quant",5,10,7,0.92,1.93087986208326
"quant",5,10,7,0.93,1.75387536895067
"quant",5,10,7,0.94,1.57438268874275
"quant",5,10,7,0.95,1.38401647312656
"quant",5,10,7,0.96,1.18024126681477
"quant",5,10,7,0.97,0.95240663464334
"quant",5,10,7,0.98,0.699040425157375
"quant",5,10,7,0.99,0.388360162167464
"quant",5,10,7,0.995,0.201554506039122
"quant",5,10,8,0.9,1.42192210425481
"quant",5,10,8,0.91,1.32393777846137
"quant",5,10,8,0.92,1.2240685615001
"quant",5,10,8,0.93,1.12406684216784
"quant",5,10,8,0.94,1.02280976634672
"quant",5,10,8,0.95,0.922093554957839
"quant",5,10,8,0.96,0.818981356061792
"quant",5,10,8,0.97,0.698660048835897
"quant",5,10,8,0.98,0.773432002252568
"quant",5,10,8,0.99,0.48374794629525
"quant",5,10,8,0.995,0.253697232798634
"quant",5,10,9,0.9,2.22085639119137
"quant",5,10,9,0.91,2.1021128888557
"quant",5,10,9,0.92,1.97707206656335
"quant",5,10,9,0.93,1.84678127159568
"quant",5,10,9,0.94,1.70890217287098
"quant",5,10,9,0.95,1.56427843160988
"quant",5,10,9,0.96,1.40909290057504
"quant",5,10,9,0.97,1.23615888663798
"quant",5,10,9,0.98,1.04068737480823
"quant",5,10,9,0.99,0.791619750717281
"quant",5,10,9,0.995,0.624818894944732
"quant",5,10,10,0.9,1.56627212021471
"quant",5,10,10,0.91,1.4694363512418
"quant",5,10,10,0.92,1.36625550323441
"quant",5,10,10,0.93,1.25364912862337
"quant",5,10,10,0.94,1.13065528343456
"quant",5,10,10,0.95,0.996427067636751
"quant",5,10,10,0.96,0.854916502092321
"quant",5,10,10,0.97,0.709185461512968
"quant",5,10,10,0.98,0.55820769634205
"quant",5,10,10,0.99,0.306861255309248
"quant",5,10,10,0.995,0.160536599737836
"quant",5,10,11,0.9,2.31746717502622
"quant",5,10,11,0.91,2.17728657368252
"quant",5,10,11,0.92,2.02418030629142
"quant",5,10,11,0.93,1.85828813929999
"quant",5,10,11,0.94,1.67744523255042
"quant",5,10,11,0.95,1.48032122980809
"quant",5,10,11,0.96,1.26424461223025
"quant",5,10,11,0.97,1.02321801683209
"quant",5,10,11,0.98,0.735801334461399
"quant",5,10,11,0.99,0.449229455005076
"quant",5,10,11,0.995,0.289778772340622
"quant",5,10,12,0.9,2.15621346522214
"quant",5,10,12,0.91,2.03581999471651
"quant",5,10,12,0.92,1.90700705514439
"quant",5,10,12,0.93,1.76817712416959
"quant",5,10,12,0.94,1.63737850845866
"quant",5,10,12,0.95,1.47583150075961
"quant",5,10,12,0.96,1.26205651088335
"quant",5,10,12,0.97,1.02319216325532
"quant",5,10,12,0.98,0.756829111490691
"quant",5,10,12,0.99,0.455426176852408
"quant",5,10,12,0.995,0.280817329710098
"quant",5,10,13,0.9,1.33629100687933
"quant",5,10,13,0.91,1.25685562186
"quant",5,10,13,0.92,1.16978484504752
"quant",5,10,13,0.93,1.07438927444079
"quant",5,10,13,0.94,0.968939796824069
"quant",5,10,13,0.95,0.850043500905297
"quant",5,10,13,0.96,0.715357842870185
"quant",5,10,13,0.97,0.561899516381674
"quant",5,10,13,0.98,0.445033640453333
"quant",5,10,13,0.99,0.260218430715404
"quant",5,10,13,0.995,0.135757065049796
"quant",5,10,14,0.9,1.76350768777711
"quant",5,10,14,0.91,1.65501054164744
"quant",5,10,14,0.92,1.53552343863982
"quant",5,10,14,0.93,1.4079133072019
"quant",5,10,14,0.94,1.2727908424436
"quant",5,10,14,0.95,1.14089907817809
"quant",5,10,14,0.96,1.02731544334171
"quant",5,10,14,0.97,0.934989959852164
"quant",5,10,14,0.98,0.917239786035919
"quant",5,10,14,0.99,0.492168506698234
"quant",5,10,14,0.995,0.251670563506738
"quant",5,10,15,0.9,1.76845559710699
"quant",5,10,15,0.91,1.66136255564291
"quant",5,10,15,0.92,1.5491618024869
"quant",5,10,15,0.93,1.43192123090119
"quant",5,10,15,0.94,1.30733630238936
"quant",5,10,15,0.95,1.17360499743108
"quant",5,10,15,0.96,1.02698754061592
"quant",5,10,15,0.97,0.86119284012736
"quant",5,10,15,0.98,0.653598886678218
"quant",5,10,15,0.99,0.36913819756205
"quant",5,10,15,0.995,0.201166292572823
"quant",5,10,16,0.9,1.60737269227383
"quant",5,10,16,0.91,1.50334809900798
"quant",5,10,16,0.92,1.39158529834799
"quant",5,10,16,0.93,1.27076493615195
"quant",5,10,16,0.94,1.14120394844013
"quant",5,10,16,0.95,1.00085890959696
"quant",5,10,16,0.96,0.847922109510458
"quant",5,10,16,0.97,0.676885272441827
"quant",5,10,16,0.98,0.477837262056717
"quant",5,10,16,0.99,0.256386544828668
"quant",5,10,16,0.995,0.136648202187689
"quant",5,10,17,0.9,2.4634762420163
"quant",5,10,17,0.91,2.32734913833173
"quant",5,10,17,0.92,2.18422330651285
"quant",5,10,17,0.93,2.03420692041134
"quant",5,10,17,0.94,1.87485039459662
"quant",5,10,17,0.95,1.70191782244131
"quant",5,10,17,0.96,1.505620919194
"quant",5,10,17,0.97,1.26357880862793
"quant",5,10,17,0.98,0.861752063644224
"quant",5,10,17,0.99,0.48893032459293
"quant",5,10,17,0.995,0.272351499377572
"quant",5,10,18,0.9,1.70046769359575
"quant",5,10,18,0.91,1.57960329997664
"quant",5,10,18,0.92,1.45065747355219
"quant",5,10,18,0.93,1.3146406022602
"quant",5,10,18,0.94,1.16943783171998
"quant",5,10,18,0.95,1.01574091939082
"quant",5,10,18,0.96,0.856235718244072
"quant",5,10,18,0.97,0.685727561777061
"quant",5,10,18,0.98,0.531954410425957
"quant",5,10,18,0.99,0.303720240143028
"quant",5,10,18,0.995,0.163737251861293
"quant",5,10,19,0.9,1.91039125656304
"quant",5,10,19,0.91,1.79951521256222
"quant",5,10,19,0.92,1.67907139251496
"quant",5,10,19,0.93,1.54818623632728
"quant",5,10,19,0.94,1.40704527622605
"quant",5,10,19,0.95,1.25275138308158
"quant",5,10,19,0.96,1.08365956221829
"quant",5,10,19,0.97,0.89716305403369
"quant",5,10,19,0.98,0.691458551122991
"quant",5,10,19,0.99,0.459430426088838
"quant",5,10,19,0.995,0.318562899344478
"quant",5,10,20,0.9,2.20470987247327
"quant",5,10,20,0.91,2.06311338680429
"quant",5,10,20,0.92,1.91303069412301
"quant",5,10,20,0.93,1.75243287661743
"quant",5,10,20,0.94,1.58149625911068
"quant",5,10,20,0.95,1.3910644180252
"quant",5,10,20,0.96,1.17184409265966
"quant",5,10,20,0.97,0.915726766240422
"quant",5,10,20,0.98,0.63806037867776
"quant",5,10,20,0.99,0.351584432239715
"quant",5,10,20,0.995,0.192591091165807
"quant",5,10,21,0.9,1.59976181469736
"quant",5,10,21,0.91,1.48168373278863
"quant",5,10,21,0.92,1.3577756496073
"quant",5,10,21,0.93,1.22791929557534
"quant",5,10,21,0.94,1.09071448807252
"quant",5,10,21,0.95,0.945668927071604
"quant",5,10,21,0.96,0.791555136556628
"quant",5,10,21,0.97,0.629625594221992
"quant",5,10,21,0.98,0.455273738253326
"quant",5,10,21,0.99,0.260076922573006
"quant",5,10,21,0.995,0.148669384478713
"quant",5,10,22,0.9,2.19319018707992
"quant",5,10,22,0.91,2.07838165461424
"quant",5,10,22,0.92,1.95485746652205
"quant",5,10,22,0.93,1.82098417004664
"quant",5,10,22,0.94,1.67534591749154
"quant",5,10,22,0.95,1.51657164344755
"quant",5,10,22,0.96,1.34570425576688
"quant",5,10,22,0.97,1.15851742361174
"quant",5,10,22,0.98,0.950713186482163
"quant",5,10,22,0.99,0.710071173212993
"quant",5,10,22,0.995,0.562447213260868
"quant",5,10,23,0.9,1.85227438263833
"quant",5,10,23,0.91,1.72730074643067
"quant",5,10,23,0.92,1.59565017350794
"quant",5,10,23,0.93,1.45705489395561
"quant",5,10,23,0.94,1.30839511261052
"quant",5,10,23,0.95,1.15063934788395
"quant",5,10,23,0.96,0.985109392470978
"quant",5,10,23,0.97,0.807168749527387
"quant",5,10,23,0.98,0.609456849176569
"quant",5,10,23,0.99,0.372106101631246
"quant",5,10,23,0.995,0.227808796815127
"quant",5,10,24,0.9,1.40434812121618
"quant",5,10,24,0.91,1.31978034679327
"quant",5,10,24,0.92,1.23112135767524
"quant",5,10,24,0.93,1.1352504071709
"quant",5,10,24,0.94,1.0320083987252
"quant",5,10,24,0.95,0.919889034508295
"quant",5,10,24,0.96,0.796339956415188
"quant",5,10,24,0.97,0.657808780363225
"quant",5,10,24,0.98,0.559341241444158
"quant",5,10,24,0.99,0.316392612869551
"quant",5,10,24,0.995,0.167396248178857
"quant",5,10,25,0.9,1.96632155528775
"quant",5,10,25,0.91,1.84849503137108
"quant",5,10,25,0.92,1.71993906213344
"quant",5,10,25,0.93,1.57911613624033
"quant",5,10,25,0.94,1.4251315908123
"quant",5,10,25,0.95,1.25481332892197
"quant",5,10,25,0.96,1.07315472817487
"quant",5,10,25,0.97,0.913561503836001
"quant",5,10,25,0.98,0.718409163357757
"quant",5,10,25,0.99,0.388628257975003
"quant",5,10,25,0.995,0.205209803843024
"quant",5,10,26,0.9,3.09974389957986
"quant",5,10,26,0.91,2.98937175299481
"quant",5,10,26,0.92,2.86984965235965
"quant",5,10,26,0.93,2.73909038713366
"quant",5,10,26,0.94,2.59435932853243
"quant",5,10,26,0.95,2.43395544129365
"quant",5,10,26,0.96,2.25405975130792
"quant",5,10,26,0.97,2.04158621869412
"quant",5,10,26,0.98,1.65093107191297
"quant",5,10,26,0.99,1.27812657277733
"quant",5,10,26,0.995,1.09560667339179
"quant",5,10,27,0.9,2.12056501205699
"quant",5,10,27,0.91,1.99722087125227
"quant",5,10,27,0.92,1.86457643365099
"quant",5,10,27,0.93,1.72499762573455
"quant",5,10,27,0.94,1.5754040181072
"quant",5,10,27,0.95,1.41627488514398
"quant",5,10,27,0.96,1.24259761930445
"quant",5,10,27,0.97,1.04992820912655
"quant",5,10,27,0.98,0.999316448763716
"quant",5,10,27,0.99,0.660934223873181
"quant",5,10,27,0.995,0.338740750848706
"quant",5,10,28,0.9,2.07569683716156
"quant",5,10,28,0.91,1.9291483988032
"quant",5,10,28,0.92,1.77182301751842
"quant",5,10,28,0.93,1.60593610064789
"quant",5,10,28,0.94,1.43195873303195
"quant",5,10,28,0.95,1.24015091997345
"quant",5,10,28,0.96,1.01558701381035
"quant",5,10,28,0.97,0.797208519939023
"quant",5,10,28,0.98,0.554858176329166
"quant",5,10,28,0.99,0.320536201360137
"quant",5,10,28,0.995,0.166442579466749
"quant",5,10,29,0.9,1.96165082878065
"quant",5,10,29,0.91,1.81522098522781
"quant",5,10,29,0.92,1.67004966142032
"quant",5,10,29,0.93,1.51573876206908
"quant",5,10,29,0.94,1.35283132736158
"quant",5,10,29,0.95,1.17897574831053
"quant",5,10,29,0.96,0.993700407555133
"quant",5,10,29,0.97,0.794132267400598
"quant",5,10,29,0.98,0.560668585405389
"quant",5,10,29,0.99,0.308739587719964
"quant",5,10,29,0.995,0.162309463926469
"quant",5,10,30,0.9,1.62731288795297
"quant",5,10,30,0.91,1.52249742831213
"quant",5,10,30,0.92,1.40948746753521
"quant",5,10,30,0.93,1.28861630199038
"quant",5,10,30,0.94,1.15904175009966
"quant",5,10,30,0.95,1.01975182219221
"quant",5,10,30,0.96,0.868859495961033
"quant",5,10,30,0.97,0.702432479974467
"quant",5,10,30,0.98,0.515191536655195
"quant",5,10,30,0.99,0.296608314323543
"quant",5,10,30,0.995,0.169870040758044
"quant",5,10,31,0.9,1.56352006914799
"quant",5,10,31,0.91,1.47284918381204
"quant",5,10,31,0.92,1.37977654071072
"quant",5,10,31,0.93,1.28020270901818
"quant",5,10,31,0.94,1.17481361426863
"quant",5,10,31,0.95,1.06910564167317
"quant",5,10,31,0.96,0.991079589438799
"quant",5,10,31,0.97,0.81933239416227
"quant",5,10,31,0.98,0.609379670928323
"quant",5,10,31,0.99,0.335788203190262
"quant",5,10,31,0.995,0.175440208500763
"quant",5,10,32,0.9,2.09902179846827
"quant",5,10,32,0.91,1.99934970212026
"quant",5,10,32,0.92,1.8891778468038
"quant",5,10,32,0.93,1.76556300680945
"quant",5,10,32,0.94,1.63023358909464
"quant",5,10,32,0.95,1.46996771872283
"quant",5,10,32,0.96,1.29173625052518
"quant",5,10,32,0.97,1.09359211145814
"quant",5,10,32,0.98,0.873667200760887
"quant",5,10,32,0.99,0.625243535284926
"quant",5,10,32,0.995,0.477251595028799
"quant",5,10,33,0.9,1.86260739849244
"quant",5,10,33,0.91,1.76912521716606
"quant",5,10,33,0.92,1.66849520414042
"quant",5,10,33,0.93,1.55821208260786
"quant",5,10,33,0.94,1.43689025872664
"quant",5,10,33,0.95,1.30227180726767
"quant",5,10,33,0.96,1.15097204880402
"quant",5,10,33,0.97,0.980257337308601
"quant",5,10,33,0.98,0.782244583783711
"quant",5,10,33,0.99,0.55881714647663
"quant",5,10,33,0.995,0.428998038399184
"quant",5,10,34,0.9,1.8807646394425
"quant",5,10,34,0.91,1.76186051750481
"quant",5,10,34,0.92,1.63243660385122
"quant",5,10,34,0.93,1.49513424816394
"quant",5,10,34,0.94,1.34074903993591
"quant",5,10,34,0.95,1.18642065098744
"quant",5,10,34,0.96,1.12804271895676
"quant",5,10,34,0.97,0.934528252263541
"quant",5,10,34,0.98,0.689937846668661
"quant",5,10,34,0.99,0.394253360679016
"quant",5,10,34,0.995,0.205235737654519
"quant",5,10,35,0.9,1.35732139329431
"quant",5,10,35,0.91,1.27155588693375
"quant",5,10,35,0.92,1.17758537482111
"quant",5,10,35,0.93,1.07352398893006
"quant",5,10,35,0.94,0.959783061708711
"quant",5,10,35,0.95,0.837121777404203
"quant",5,10,35,0.96,0.704992304213225
"quant",5,10,35,0.97,0.561018212278192
"quant",5,10,35,0.98,0.407838361740699
"quant",5,10,35,0.99,0.225084167702496
"quant",5,10,35,0.995,0.120652867642846
"quant",5,10,36,0.9,1.63954404970155
"quant",5,10,36,0.91,1.53685663360997
"quant",5,10,36,0.92,1.42914160301517
"quant",5,10,36,0.93,1.31354957614533
"quant",5,10,36,0.94,1.18924046122749
"quant",5,10,36,0.95,1.04699041672192
"quant",5,10,36,0.96,0.938806815927144
"quant",5,10,36,0.97,0.782172098611458
"quant",5,10,36,0.98,0.559077252681779
"quant",5,10,36,0.99,0.303109719051554
"quant",5,10,36,0.995,0.161423830325738
"quant",5,10,37,0.9,2.61977243679313
"quant",5,10,37,0.91,2.50668275316159
"quant",5,10,37,0.92,2.38565062365975
"quant",5,10,37,0.93,2.25534172878889
"quant",5,10,37,0.94,2.11560961556003
"quant",5,10,37,0.95,1.96307251828629
"quant",5,10,37,0.96,1.79325485205551
"quant",5,10,37,0.97,1.59827963582178
"quant",5,10,37,0.98,1.36255349551434
"quant",5,10,37,0.99,1.05702740242696
"quant",5,10,37,0.995,0.838527679572243
"quant",5,10,38,0.9,1.57943515112042
"quant",5,10,38,0.91,1.46905459560428
"quant",5,10,38,0.92,1.35118634102959
"quant",5,10,38,0.93,1.22782590578255
"quant",5,10,38,0.94,1.09539356386999
"quant",5,10,38,0.95,0.946456706565481
"quant",5,10,38,0.96,0.781944744206413
"quant",5,10,38,0.97,0.622241542938894
"quant",5,10,38,0.98,0.451025081774611
"quant",5,10,38,0.99,0.271455938213015
"quant",5,10,38,0.995,0.168325636799971
"quant",5,10,39,0.9,1.37677568793914
"quant",5,10,39,0.91,1.28594954692781
"quant",5,10,39,0.92,1.1888450926509
"quant",5,10,39,0.93,1.08502983978417
"quant",5,10,39,0.94,0.97441982372625
"quant",5,10,39,0.95,0.854870515106185
"quant",5,10,39,0.96,0.723907683241584
"quant",5,10,39,0.97,0.579788246751829
"quant",5,10,39,0.98,0.419755775023156
"quant",5,10,39,0.99,0.236513358357566
"quant",5,10,39,0.995,0.13370743197372
"quant",5,10,40,0.9,1.61806320523217
"quant",5,10,40,0.91,1.49270926572017
"quant",5,10,40,0.92,1.36037099131987
"quant",5,10,40,0.93,1.22294522195859
"quant",5,10,40,0.94,1.08064900094441
"quant",5,10,40,0.95,0.932576367410802
"quant",5,10,40,0.96,0.779121024181827
"quant",5,10,40,0.97,0.614862073152663
"quant",5,10,40,0.98,0.444741285080819
"quant",5,10,40,0.99,0.242921646623096
"quant",5,10,40,0.995,0.128085015258425
"quant",5,10,41,0.9,3.08664726052563
"quant",5,10,41,0.91,2.96028144225441
"quant",5,10,41,0.92,2.82609396614231
"quant",5,10,41,0.93,2.68188710233454
"quant",5,10,41,0.94,2.52137129308075
"quant",5,10,41,0.95,2.3373799782888
"quant",5,10,41,0.96,2.11587609611937
"quant",5,10,41,0.97,1.86684155588795
"quant",5,10,41,0.98,1.43414604850706
"quant",5,10,41,0.99,0.987198420564196
"quant",5,10,41,0.995,0.754367182240392
"quant",5,10,42,0.9,1.95495361444908
"quant",5,10,42,0.91,1.80788229631215
"quant",5,10,42,0.92,1.64964329823144
"quant",5,10,42,0.93,1.48338699116353
"quant",5,10,42,0.94,1.31212986991015
"quant",5,10,42,0.95,1.13245268274722
"quant",5,10,42,0.96,0.945592796868912
"quant",5,10,42,0.97,0.753316492983138
"quant",5,10,42,0.98,0.547935256769091
"quant",5,10,42,0.99,0.31538290153181
"quant",5,10,42,0.995,0.179301084142688
"quant",5,10,43,0.9,1.67679715317355
"quant",5,10,43,0.91,1.58422263025206
"quant",5,10,43,0.92,1.48784077179657
"quant",5,10,43,0.93,1.38779855393225
"quant",5,10,43,0.94,1.2730416659521
"quant",5,10,43,0.95,1.12730042773188
"quant",5,10,43,0.96,0.947247499009392
"quant",5,10,43,0.97,0.746288418062331
"quant",5,10,43,0.98,0.525584978805296
"quant",5,10,43,0.99,0.280541511548978
"quant",5,10,43,0.995,0.150193828172274
"quant",5,10,44,0.9,1.82625240509886
"quant",5,10,44,0.91,1.69549272229388
"quant",5,10,44,0.92,1.55652039791685
"quant",5,10,44,0.93,1.40769976338429
"quant",5,10,44,0.94,1.24868284622747
"quant",5,10,44,0.95,1.08023393956382
"quant",5,10,44,0.96,0.900970049676308
"quant",5,10,44,0.97,0.706583828626506
"quant",5,10,44,0.98,0.499029564568968
"quant",5,10,44,0.99,0.270151881306013
"quant",5,10,44,0.995,0.142221205312798
"quant",5,10,45,0.9,1.82834306074524
"quant",5,10,45,0.91,1.71669409574014
"quant",5,10,45,0.92,1.59853206024605
"quant",5,10,45,0.93,1.47245693834544
"quant",5,10,45,0.94,1.33733933217219
"quant",5,10,45,0.95,1.19492535245055
"quant",5,10,45,0.96,1.04176793981988
"quant",5,10,45,0.97,0.855796741295954
"quant",5,10,45,0.98,0.625381047630373
"quant",5,10,45,0.99,0.348105793054562
"quant",5,10,45,0.995,0.188184366069448
"quant",5,10,46,0.9,1.80256871241784
"quant",5,10,46,0.91,1.6794435683338
"quant",5,10,46,0.92,1.54829648607696
"quant",5,10,46,0.93,1.40947473355484
"quant",5,10,46,0.94,1.25969837986839
"quant",5,10,46,0.95,1.09734017140495
"quant",5,10,46,0.96,0.923943296223401
"quant",5,10,46,0.97,0.73424187414176
"quant",5,10,46,0.98,0.516199386254885
"quant",5,10,46,0.99,0.286753227430935
"quant",5,10,46,0.995,0.157932929803986
"quant",5,10,47,0.9,1.56327200825808
"quant",5,10,47,0.91,1.45441243419283
"quant",5,10,47,0.92,1.34020916172499
"quant",5,10,47,0.93,1.21795785192597
"quant",5,10,47,0.94,1.09018096850916
"quant",5,10,47,0.95,0.951678726712038
"quant",5,10,47,0.96,0.802446405800066
"quant",5,10,47,0.97,0.635393988534957
"quant",5,10,47,0.98,0.451434226663227
"quant",5,10,47,0.99,0.246332427908231
"quant",5,10,47,0.995,0.13433550479732
"quant",5,10,48,0.9,1.86457931333818
"quant",5,10,48,0.91,1.75868039776817
"quant",5,10,48,0.92,1.64433825400246
"quant",5,10,48,0.93,1.52030148677385
"quant",5,10,48,0.94,1.38933169559211
"quant",5,10,48,0.95,1.24282920311237
"quant",5,10,48,0.96,1.07245400430229
"quant",5,10,48,0.97,0.866479120049278
"quant",5,10,48,0.98,0.625410900813687
"quant",5,10,48,0.99,0.347575957562633
"quant",5,10,48,0.995,0.193909664865385
"quant",5,10,49,0.9,1.86317657289841
"quant",5,10,49,0.91,1.73517532103966
"quant",5,10,49,0.92,1.59660071602693
"quant",5,10,49,0.93,1.44954382163277
"quant",5,10,49,0.94,1.29346415392597
"quant",5,10,49,0.95,1.12544232963911
"quant",5,10,49,0.96,0.944574405777353
"quant",5,10,49,0.97,0.752455833912242
"quant",5,10,49,0.98,0.545898140998219
"quant",5,10,49,0.99,0.31883046587545
"quant",5,10,49,0.995,0.189659309833551
"quant",5,10,50,0.9,3.11528680545828
"quant",5,10,50,0.91,3.01831625319681
"quant",5,10,50,0.92,2.90919707812999
"quant",5,10,50,0.93,2.78578307928138
"quant",5,10,50,0.94,2.64829083348394
"quant",5,10,50,0.95,2.49272700633442
"quant",5,10,50,0.96,2.30935695943669
"quant",5,10,50,0.97,2.08452543862133
"quant",5,10,50,0.98,1.80776608462626
"quant",5,10,50,0.99,1.43671343317389
"quant",5,10,50,0.995,1.17235985589003
"quant",1,15,1,0.9,1.86808407912406
"quant",1,15,1,0.91,1.7222176492769
"quant",1,15,1,0.92,1.56522327796478
"quant",1,15,1,0.93,1.39972465425669
"quant",1,15,1,0.94,1.22903170549065
"quant",1,15,1,0.95,1.052641894521
"quant",1,15,1,0.96,0.864026920116433
"quant",1,15,1,0.97,0.700318424618119
"quant",1,15,1,0.98,0.527932942593477
"quant",1,15,1,0.99,0.304604184367309
"quant",1,15,1,0.995,0.160482821355417
"quant",1,15,2,0.9,1.57516841366284
"quant",1,15,2,0.91,1.47211798925011
"quant",1,15,2,0.92,1.35968715654431
"quant",1,15,2,0.93,1.23878801655655
"quant",1,15,2,0.94,1.11488006954426
"quant",1,15,2,0.95,0.982047046336335
"quant",1,15,2,0.96,0.839404408547387
"quant",1,15,2,0.97,0.675474254930386
"quant",1,15,2,0.98,0.486895910901959
"quant",1,15,2,0.99,0.271375314071611
"quant",1,15,2,0.995,0.14398376078368
"quant",1,15,3,0.9,1.77175040524479
"quant",1,15,3,0.91,1.65299493319986
"quant",1,15,3,0.92,1.52870430881428
"quant",1,15,3,0.93,1.39737136913203
"quant",1,15,3,0.94,1.25863857004431
"quant",1,15,3,0.95,1.11193602947156
"quant",1,15,3,0.96,0.953277240116088
"quant",1,15,3,0.97,0.779351964081156
"quant",1,15,3,0.98,0.591441996471055
"quant",1,15,3,0.99,0.370496295245242
"quant",1,15,3,0.995,0.233710847541247
"quant",1,15,4,0.9,1.61098072039833
"quant",1,15,4,0.91,1.50088094266609
"quant",1,15,4,0.92,1.38483141342223
"quant",1,15,4,0.93,1.26445465170611
"quant",1,15,4,0.94,1.13827897639277
"quant",1,15,4,0.95,1.00172357988334
"quant",1,15,4,0.96,0.854096326182549
"quant",1,15,4,0.97,0.690029804348576
"quant",1,15,4,0.98,0.517640030774609
"quant",1,15,4,0.99,0.300870314963743
"quant",1,15,4,0.995,0.165532345631413
"quant",1,15,5,0.9,1.6415843317619
"quant",1,15,5,0.91,1.53650671595336
"quant",1,15,5,0.92,1.43797282195699
"quant",1,15,5,0.93,1.35524847029997
"quant",1,15,5,0.94,1.23193384064471
"quant",1,15,5,0.95,1.08449514625153
"quant",1,15,5,0.96,0.911027653123078
"quant",1,15,5,0.97,0.718256128840612
"quant",1,15,5,0.98,0.505896768985305
"quant",1,15,5,0.99,0.272751799810956
"quant",1,15,5,0.995,0.145543512186503
"quant",1,15,6,0.9,1.87710678221892
"quant",1,15,6,0.91,1.75846021102784
"quant",1,15,6,0.92,1.63097541742111
"quant",1,15,6,0.93,1.49280988041889
"quant",1,15,6,0.94,1.34424578667097
"quant",1,15,6,0.95,1.18109800914202
"quant",1,15,6,0.96,1.00127601168454
"quant",1,15,6,0.97,0.80664194378374
"quant",1,15,6,0.98,0.602315760617695
"quant",1,15,6,0.99,0.415215422204822
"quant",1,15,6,0.995,0.21833266753107
"quant",1,15,7,0.9,2.24862938042748
"quant",1,15,7,0.91,2.09678813329622
"quant",1,15,7,0.92,1.9341054274084
"quant",1,15,7,0.93,1.75819099844075
"quant",1,15,7,0.94,1.56631854381435
"quant",1,15,7,0.95,1.36828214201705
"quant",1,15,7,0.96,1.16115517955559
"quant",1,15,7,0.97,0.942158824204903
"quant",1,15,7,0.98,0.68447592324545
"quant",1,15,7,0.99,0.379847512876105
"quant",1,15,7,0.995,0.198998534131562
"quant",1,15,8,0.9,1.43834478696667
"quant",1,15,8,0.91,1.3408234907655
"quant",1,15,8,0.92,1.2405418695675
"quant",1,15,8,0.93,1.13685795896056
"quant",1,15,8,0.94,1.02793639862798
"quant",1,15,8,0.95,0.917271760331411
"quant",1,15,8,0.96,0.8087315298238
"quant",1,15,8,0.97,0.689617865071981
"quant",1,15,8,0.98,0.664063625528119
"quant",1,15,8,0.99,0.473091565221828
"quant",1,15,8,0.995,0.247621431450436
"quant",1,15,9,0.9,2.20803036013877
"quant",1,15,9,0.91,2.09143300958837
"quant",1,15,9,0.92,1.96864671545557
"quant",1,15,9,0.93,1.8390388225744
"quant",1,15,9,0.94,1.70215989713264
"quant",1,15,9,0.95,1.55921796878914
"quant",1,15,9,0.96,1.40333831542201
"quant",1,15,9,0.97,1.23384813913186
"quant",1,15,9,0.98,1.04595767987835
"quant",1,15,9,0.99,0.820496289635641
"quant",1,15,9,0.995,0.679390396337921
"quant",1,15,10,0.9,1.57715069294324
"quant",1,15,10,0.91,1.47680205931701
"quant",1,15,10,0.92,1.36923090280913
"quant",1,15,10,0.93,1.25205886456639
"quant",1,15,10,0.94,1.12354365719621
"quant",1,15,10,0.95,0.984470076552993
"quant",1,15,10,0.96,0.835025913713964
"quant",1,15,10,0.97,0.673127322106054
"quant",1,15,10,0.98,0.516625980580885
"quant",1,15,10,0.99,0.304125071009819
"quant",1,15,10,0.995,0.161720018656174
"quant",1,15,11,0.9,2.30613560426871
"quant",1,15,11,0.91,2.1655624335319
"quant",1,15,11,0.92,2.01333575131085
"quant",1,15,11,0.93,1.85053518954113
"quant",1,15,11,0.94,1.6742965593285
"quant",1,15,11,0.95,1.48432137482905
"quant",1,15,11,0.96,1.27512005863974
"quant",1,15,11,0.97,1.04120766526768
"quant",1,15,11,0.98,0.759011023317512
"quant",1,15,11,0.99,0.431129426209734
"quant",1,15,11,0.995,0.25658212679393
"quant",1,15,12,0.9,2.16126153155546
"quant",1,15,12,0.91,2.04028724730823
"quant",1,15,12,0.92,1.91301961657364
"quant",1,15,12,0.93,1.77317061327432
"quant",1,15,12,0.94,1.63026095454922
"quant",1,15,12,0.95,1.47216861376013
"quant",1,15,12,0.96,1.26561036189018
"quant",1,15,12,0.97,1.0256615438102
"quant",1,15,12,0.98,0.755810864566587
"quant",1,15,12,0.99,0.446754089202491
"quant",1,15,12,0.995,0.271223774630538
"quant",1,15,13,0.9,1.33769697242008
"quant",1,15,13,0.91,1.25782033401455
"quant",1,15,13,0.92,1.17092574905003
"quant",1,15,13,0.93,1.07494493638692
"quant",1,15,13,0.94,0.969888238676611
"quant",1,15,13,0.95,0.851468372641407
"quant",1,15,13,0.96,0.718796066182214
"quant",1,15,13,0.97,0.566199672378819
"quant",1,15,13,0.98,0.409337467566609
"quant",1,15,13,0.99,0.261053042747377
"quant",1,15,13,0.995,0.140044167876224
"quant",1,15,14,0.9,1.80195031700413
"quant",1,15,14,0.91,1.68667164887313
"quant",1,15,14,0.92,1.56415071663294
"quant",1,15,14,0.93,1.43686356268776
"quant",1,15,14,0.94,1.30351273769687
"quant",1,15,14,0.95,1.16832190503002
"quant",1,15,14,0.96,1.06079651025669
"quant",1,15,14,0.97,0.925815435235429
"quant",1,15,14,0.98,0.781805534494669
"quant",1,15,14,0.99,0.488873474548936
"quant",1,15,14,0.995,0.255827514991276
"quant",1,15,15,0.9,1.77680244285167
"quant",1,15,15,0.91,1.66961345279664
"quant",1,15,15,0.92,1.55682110934527
"quant",1,15,15,0.93,1.43771980961624
"quant",1,15,15,0.94,1.31130950276004
"quant",1,15,15,0.95,1.1749253713159
"quant",1,15,15,0.96,1.02521242325277
"quant",1,15,15,0.97,0.859689758847496
"quant",1,15,15,0.98,0.652210363318965
"quant",1,15,15,0.99,0.371516456789507
"quant",1,15,15,0.995,0.204104356264173
"quant",1,15,16,0.9,1.60994235087852
"quant",1,15,16,0.91,1.50506215205546
"quant",1,15,16,0.92,1.39196715375661
"quant",1,15,16,0.93,1.27086023487451
"quant",1,15,16,0.94,1.13822044426402
"quant",1,15,16,0.95,0.993920864959106
"quant",1,15,16,0.96,0.836556517164378
"quant",1,15,16,0.97,0.663769656051061
"quant",1,15,16,0.98,0.47021539304561
"quant",1,15,16,0.99,0.255429801566101
"quant",1,15,16,0.995,0.136046163846072
"quant",1,15,17,0.9,2.46029093735614
"quant",1,15,17,0.91,2.325056856285
"quant",1,15,17,0.92,2.18237342637431
"quant",1,15,17,0.93,2.03058849743724
"quant",1,15,17,0.94,1.87011456703877
"quant",1,15,17,0.95,1.69276920576293
"quant",1,15,17,0.96,1.49518425613174
"quant",1,15,17,0.97,1.26640329009958
"quant",1,15,17,0.98,0.877423412048977
"quant",1,15,17,0.99,0.501349700563062
"quant",1,15,17,0.995,0.28294518758209
"quant",1,15,18,0.9,1.70555248524775
"quant",1,15,18,0.91,1.58383296622119
"quant",1,15,18,0.92,1.45507216245258
"quant",1,15,18,0.93,1.31865042831397
"quant",1,15,18,0.94,1.17305073660561
"quant",1,15,18,0.95,1.0191901849031
"quant",1,15,18,0.96,0.854812707997944
"quant",1,15,18,0.97,0.679221030967612
"quant",1,15,18,0.98,0.519363171860891
"quant",1,15,18,0.99,0.31113215154212
"quant",1,15,18,0.995,0.166690205264792
"quant",1,15,19,0.9,1.91096035936769
"quant",1,15,19,0.91,1.80029060585631
"quant",1,15,19,0.92,1.67995971550789
"quant",1,15,19,0.93,1.54894632024484
"quant",1,15,19,0.94,1.40775693083549
"quant",1,15,19,0.95,1.25415618077019
"quant",1,15,19,0.96,1.0852380462652
"quant",1,15,19,0.97,0.897209255621662
"quant",1,15,19,0.98,0.691493584773214
"quant",1,15,19,0.99,0.461179585214687
"quant",1,15,19,0.995,0.323369585283495
"quant",1,15,20,0.9,2.18252998949642
"quant",1,15,20,0.91,2.04905202169551
"quant",1,15,20,0.92,1.9050990052881
"quant",1,15,20,0.93,1.74635401384286
"quant",1,15,20,0.94,1.57428767969717
"quant",1,15,20,0.95,1.3830609528405
"quant",1,15,20,0.96,1.16018766064998
"quant",1,15,20,0.97,0.926910581024063
"quant",1,15,20,0.98,0.631745701790237
"quant",1,15,20,0.99,0.355501963798338
"quant",1,15,20,0.995,0.197930986139372
"quant",1,15,21,0.9,1.60157189492474
"quant",1,15,21,0.91,1.48426903275702
"quant",1,15,21,0.92,1.36020851364265
"quant",1,15,21,0.93,1.22969865058287
"quant",1,15,21,0.94,1.09298196826973
"quant",1,15,21,0.95,0.947037555554448
"quant",1,15,21,0.96,0.791759845987226
"quant",1,15,21,0.97,0.627573755800844
"quant",1,15,21,0.98,0.452044814838054
"quant",1,15,21,0.99,0.257689538503749
"quant",1,15,21,0.995,0.148537815972718
"quant",1,15,22,0.9,2.18808824445164
"quant",1,15,22,0.91,2.07376949634922
"quant",1,15,22,0.92,1.95060589521246
"quant",1,15,22,0.93,1.81815783224378
"quant",1,15,22,0.94,1.67451567194755
"quant",1,15,22,0.95,1.51780287175227
"quant",1,15,22,0.96,1.34789777017389
"quant",1,15,22,0.97,1.16178179369002
"quant",1,15,22,0.98,0.953496519338288
"quant",1,15,22,0.99,0.710567797203518
"quant",1,15,22,0.995,0.562556246307687
"quant",1,15,23,0.9,1.84036554273573
"quant",1,15,23,0.91,1.71846794468498
"quant",1,15,23,0.92,1.58952363306155
"quant",1,15,23,0.93,1.45255880328361
"quant",1,15,23,0.94,1.30495509604825
"quant",1,15,23,0.95,1.14719260822376
"quant",1,15,23,0.96,0.980834795036842
"quant",1,15,23,0.97,0.801532956709708
"quant",1,15,23,0.98,0.602441748828006
"quant",1,15,23,0.99,0.375428030577372
"quant",1,15,23,0.995,0.243992742316091
"quant",1,15,24,0.9,1.42227381130745
"quant",1,15,24,0.91,1.33530440809586
"quant",1,15,24,0.92,1.24183450167357
"quant",1,15,24,0.93,1.1428772951195
"quant",1,15,24,0.94,1.03700360792512
"quant",1,15,24,0.95,0.922944855357037
"quant",1,15,24,0.96,0.796903514080746
"quant",1,15,24,0.97,0.651169483712872
"quant",1,15,24,0.98,0.514322998715607
"quant",1,15,24,0.99,0.314961395428156
"quant",1,15,24,0.995,0.167395220547307
"quant",1,15,25,0.9,1.96548561051137
"quant",1,15,25,0.91,1.84628134077824
"quant",1,15,25,0.92,1.71630652297065
"quant",1,15,25,0.93,1.57335292501367
"quant",1,15,25,0.94,1.42122695685546
"quant",1,15,25,0.95,1.26164107996709
"quant",1,15,25,0.96,1.08398952046303
"quant",1,15,25,0.97,0.909894749494955
"quant",1,15,25,0.98,0.681680590766582
"quant",1,15,25,0.99,0.390388252803967
"quant",1,15,25,0.995,0.205386638686303
"quant",1,15,26,0.9,3.1005988539593
"quant",1,15,26,0.91,2.99116087865148
"quant",1,15,26,0.92,2.87190538656069
"quant",1,15,26,0.93,2.74093389887147
"quant",1,15,26,0.94,2.59626328830857
"quant",1,15,26,0.95,2.43574411934407
"quant",1,15,26,0.96,2.25445853385579
"quant",1,15,26,0.97,2.04250815448983
"quant",1,15,26,0.98,1.71571258764741
"quant",1,15,26,0.99,1.29058602288475
"quant",1,15,26,0.995,1.07733889497547
"quant",1,15,27,0.9,2.12772820340878
"quant",1,15,27,0.91,2.0026604212731
"quant",1,15,27,0.92,1.8700598785934
"quant",1,15,27,0.93,1.7292488813303
"quant",1,15,27,0.94,1.5793647447768
"quant",1,15,27,0.95,1.41847964003873
"quant",1,15,27,0.96,1.24320121525355
"quant",1,15,27,0.97,1.05063482261548
"quant",1,15,27,0.98,0.821748625808746
"quant",1,15,27,0.99,0.664058128613808
"quant",1,15,27,0.995,0.342539219749096
"quant",1,15,28,0.9,2.08696338681385
"quant",1,15,28,0.91,1.94236035538938
"quant",1,15,28,0.92,1.78741650239832
"quant",1,15,28,0.93,1.61919388286192
"quant",1,15,28,0.94,1.43450361699548
"quant",1,15,28,0.95,1.23327817350449
"quant",1,15,28,0.96,1.00769120903402
"quant",1,15,28,0.97,0.780327382608703
"quant",1,15,28,0.98,0.552983759240988
"quant",1,15,28,0.99,0.327762427650063
"quant",1,15,28,0.995,0.172442211049016
"quant",1,15,29,0.9,1.96150505602965
"quant",1,15,29,0.91,1.81984717878582
"quant",1,15,29,0.92,1.67128991622791
"quant",1,15,29,0.93,1.51647237752259
"quant",1,15,29,0.94,1.35122505192242
"quant",1,15,29,0.95,1.17618890640598
"quant",1,15,29,0.96,0.989120414571476
"quant",1,15,29,0.97,0.787149308413224
"quant",1,15,29,0.98,0.557935679102817
"quant",1,15,29,0.99,0.307666757251757
"quant",1,15,29,0.995,0.162123923537471
"quant",1,15,30,0.9,1.62864322397107
"quant",1,15,30,0.91,1.52310692659194
"quant",1,15,30,0.92,1.40943983750763
"quant",1,15,30,0.93,1.28870188542074
"quant",1,15,30,0.94,1.16001533334557
"quant",1,15,30,0.95,1.02093740088576
"quant",1,15,30,0.96,0.871479577858691
"quant",1,15,30,0.97,0.707165159871214
"quant",1,15,30,0.98,0.524363043258384
"quant",1,15,30,0.99,0.312712164892564
"quant",1,15,30,0.995,0.189936744063379
"quant",1,15,31,0.9,1.58272606850401
"quant",1,15,31,0.91,1.4870879971591
"quant",1,15,31,0.92,1.38606614761381
"quant",1,15,31,0.93,1.2763496581898
"quant",1,15,31,0.94,1.15742628106421
"quant",1,15,31,0.95,1.03396978341244
"quant",1,15,31,0.96,0.935077785412224
"quant",1,15,31,0.97,0.806877324487453
"quant",1,15,31,0.98,0.609165705753396
"quant",1,15,31,0.99,0.343888364197022
"quant",1,15,31,0.995,0.182178321469128
"quant",1,15,32,0.9,2.10457646097
"quant",1,15,32,0.91,2.00272111298881
"quant",1,15,32,0.92,1.89046131971584
"quant",1,15,32,0.93,1.76748917844423
"quant",1,15,32,0.94,1.62980128575693
"quant",1,15,32,0.95,1.47205952007109
"quant",1,15,32,0.96,1.29268145563708
"quant",1,15,32,0.97,1.093125684102
"quant",1,15,32,0.98,0.870034898494397
"quant",1,15,32,0.99,0.61281098425086
"quant",1,15,32,0.995,0.461707898903751
"quant",1,15,33,0.9,1.86662624008869
"quant",1,15,33,0.91,1.77262769398492
"quant",1,15,33,0.92,1.67179497241683
"quant",1,15,33,0.93,1.56135902302393
"quant",1,15,33,0.94,1.44119466191632
"quant",1,15,33,0.95,1.30707603689794
"quant",1,15,33,0.96,1.15567839046603
"quant",1,15,33,0.97,0.986006210331715
"quant",1,15,33,0.98,0.78925542487866
"quant",1,15,33,0.99,0.557640153965817
"quant",1,15,33,0.995,0.422455599397602
"quant",1,15,34,0.9,1.87734971369842
"quant",1,15,34,0.91,1.75822287660377
"quant",1,15,34,0.92,1.63105274008583
"quant",1,15,34,0.93,1.49572339353561
"quant",1,15,34,0.94,1.34285934201005
"quant",1,15,34,0.95,1.19380331346033
"quant",1,15,34,0.96,1.0745477994632
"quant",1,15,34,0.97,0.934138656831302
"quant",1,15,34,0.98,0.683776816534013
"quant",1,15,34,0.99,0.376636567011332
"quant",1,15,34,0.995,0.197341000924438
"quant",1,15,35,0.9,1.36086496876219
"quant",1,15,35,0.91,1.27549776512689
"quant",1,15,35,0.92,1.18140095215375
"quant",1,15,35,0.93,1.0786867893732
"quant",1,15,35,0.94,0.96579714480393
"quant",1,15,35,0.95,0.843097226265605
"quant",1,15,35,0.96,0.709095557617894
"quant",1,15,35,0.97,0.562091530451519
"quant",1,15,35,0.98,0.406859555426687
"quant",1,15,35,0.99,0.225187335249987
"quant",1,15,35,0.995,0.119641920217567
"quant",1,15,36,0.9,1.63620834487112
"quant",1,15,36,0.91,1.52959274664734
"quant",1,15,36,0.92,1.41803137282254
"quant",1,15,36,0.93,1.30410312766947
"quant",1,15,36,0.94,1.18406458725928
"quant",1,15,36,0.95,1.0471637347532
"quant",1,15,36,0.96,0.919555015064302
"quant",1,15,36,0.97,0.783487135837468
"quant",1,15,36,0.98,0.578777466012558
"quant",1,15,36,0.99,0.321185233364498
"quant",1,15,36,0.995,0.169962773157198
"quant",1,15,37,0.9,2.62024944639613
"quant",1,15,37,0.91,2.50529672598882
"quant",1,15,37,0.92,2.38170951912655
"quant",1,15,37,0.93,2.24900547393737
"quant",1,15,37,0.94,2.10741097479255
"quant",1,15,37,0.95,1.95270390981922
"quant",1,15,37,0.96,1.78177047324252
"quant",1,15,37,0.97,1.58762926485207
"quant",1,15,37,0.98,1.35874782827498
"quant",1,15,37,0.99,1.06793853647315
"quant",1,15,37,0.995,0.86905603756035
"quant",1,15,38,0.9,1.53808063985793
"quant",1,15,38,0.91,1.43167884949589
"quant",1,15,38,0.92,1.3199613394522
"quant",1,15,38,0.93,1.20313254806378
"quant",1,15,38,0.94,1.07748233690161
"quant",1,15,38,0.95,0.940281013668139
"quant",1,15,38,0.96,0.786259059522409
"quant",1,15,38,0.97,0.62352470345797
"quant",1,15,38,0.98,0.449504630369309
"quant",1,15,38,0.99,0.264323222647433
"quant",1,15,38,0.995,0.158561229145415
"quant",1,15,39,0.9,1.37618786426297
"quant",1,15,39,0.91,1.28468662035633
"quant",1,15,39,0.92,1.18680711506462
"quant",1,15,39,0.93,1.08339009816017
"quant",1,15,39,0.94,0.973775327468418
"quant",1,15,39,0.95,0.854651301679912
"quant",1,15,39,0.96,0.724168036863123
"quant",1,15,39,0.97,0.581200464527624
"quant",1,15,39,0.98,0.421974544394593
"quant",1,15,39,0.99,0.240944266228344
"quant",1,15,39,0.995,0.137423965012962
"quant",1,15,40,0.9,1.61833326814326
"quant",1,15,40,0.91,1.49238968615877
"quant",1,15,40,0.92,1.35989180070903
"quant",1,15,40,0.93,1.21974203784565
"quant",1,15,40,0.94,1.07516761501648
"quant",1,15,40,0.95,0.925784151253478
"quant",1,15,40,0.96,0.771089951778456
"quant",1,15,40,0.97,0.608008362986082
"quant",1,15,40,0.98,0.430855174182705
"quant",1,15,40,0.99,0.239656326585434
"quant",1,15,40,0.995,0.12662024864487
"quant",1,15,41,0.9,3.0899120925697
"quant",1,15,41,0.91,2.96342749420965
"quant",1,15,41,0.92,2.83020140554918
"quant",1,15,41,0.93,2.68736865823584
"quant",1,15,41,0.94,2.52833230826268
"quant",1,15,41,0.95,2.34891343438345
"quant",1,15,41,0.96,2.13109418925622
"quant",1,15,41,0.97,1.8801248251198
"quant",1,15,41,0.98,1.4632290086789
"quant",1,15,41,0.99,0.987206628238514
"quant",1,15,41,0.995,0.740405757732663
"quant",1,15,42,0.9,1.95490084478705
"quant",1,15,42,0.91,1.81162240262975
"quant",1,15,42,0.92,1.65942436800675
"quant",1,15,42,0.93,1.49860962254287
"quant",1,15,42,0.94,1.33086188880658
"quant",1,15,42,0.95,1.15260235158262
"quant",1,15,42,0.96,0.964828456114512
"quant",1,15,42,0.97,0.76743052922356
"quant",1,15,42,0.98,0.5527463923254
"quant",1,15,42,0.99,0.313289060269214
"quant",1,15,42,0.995,0.175265306172931
"quant",1,15,43,0.9,1.68303378153121
"quant",1,15,43,0.91,1.59617387700708
"quant",1,15,43,0.92,1.50131531417109
"quant",1,15,43,0.93,1.3921857043212
"quant",1,15,43,0.94,1.26073675168991
"quant",1,15,43,0.95,1.10840168665168
"quant",1,15,43,0.96,0.936024960309222
"quant",1,15,43,0.97,0.742018621944722
"quant",1,15,43,0.98,0.526683029632335
"quant",1,15,43,0.99,0.284858181074836
"quant",1,15,43,0.995,0.151312469307713
"quant",1,15,44,0.9,1.8369169761129
"quant",1,15,44,0.91,1.70463887029874
"quant",1,15,44,0.92,1.56357421293706
"quant",1,15,44,0.93,1.41358640944833
"quant",1,15,44,0.94,1.25356118980824
"quant",1,15,44,0.95,1.08384429121627
"quant",1,15,44,0.96,0.903799007630407
"quant",1,15,44,0.97,0.710037106902543
"quant",1,15,44,0.98,0.501520819352136
"quant",1,15,44,0.99,0.273727010265263
"quant",1,15,44,0.995,0.145414078990598
"quant",1,15,45,0.9,1.83761034676808
"quant",1,15,45,0.91,1.72756096066417
"quant",1,15,45,0.92,1.61281191113524
"quant",1,15,45,0.93,1.48983019342163
"quant",1,15,45,0.94,1.35495477135648
"quant",1,15,45,0.95,1.20974132145991
"quant",1,15,45,0.96,1.05041877549442
"quant",1,15,45,0.97,0.855417024307519
"quant",1,15,45,0.98,0.620704213097623
"quant",1,15,45,0.99,0.344465584499277
"quant",1,15,45,0.995,0.186472238322353
"quant",1,15,46,0.9,1.80063086308314
"quant",1,15,46,0.91,1.67636786983381
"quant",1,15,46,0.92,1.54508329340765
"quant",1,15,46,0.93,1.40593361792359
"quant",1,15,46,0.94,1.25598324700252
"quant",1,15,46,0.95,1.09316554188379
"quant",1,15,46,0.96,0.91609137998903
"quant",1,15,46,0.97,0.727196750133806
"quant",1,15,46,0.98,0.522314700595686
"quant",1,15,46,0.99,0.294904529907611
"quant",1,15,46,0.995,0.165391646927246
"quant",1,15,47,0.9,1.56918590601571
"quant",1,15,47,0.91,1.45962368368091
"quant",1,15,47,0.92,1.34451997398821
"quant",1,15,47,0.93,1.22003641959251
"quant",1,15,47,0.94,1.0883804374383
"quant",1,15,47,0.95,0.94696473740782
"quant",1,15,47,0.96,0.795117673822237
"quant",1,15,47,0.97,0.629377389331108
"quant",1,15,47,0.98,0.446869132822285
"quant",1,15,47,0.99,0.245442570124062
"quant",1,15,47,0.995,0.132209175016633
"quant",1,15,48,0.9,1.8687488092093
"quant",1,15,48,0.91,1.76316028766538
"quant",1,15,48,0.92,1.64982375777474
"quant",1,15,48,0.93,1.52844690438337
"quant",1,15,48,0.94,1.398820761023
"quant",1,15,48,0.95,1.25005272038493
"quant",1,15,48,0.96,1.07522594257577
"quant",1,15,48,0.97,0.864725725780323
"quant",1,15,48,0.98,0.619880216429699
"quant",1,15,48,0.99,0.342673202870344
"quant",1,15,48,0.995,0.190893821407441
"quant",1,15,49,0.9,1.86742206938261
"quant",1,15,49,0.91,1.73867310363067
"quant",1,15,49,0.92,1.59947086961427
"quant",1,15,49,0.93,1.45237963554408
"quant",1,15,49,0.94,1.29568025991062
"quant",1,15,49,0.95,1.12692251660566
"quant",1,15,49,0.96,0.946488351141154
"quant",1,15,49,0.97,0.753259350231085
"quant",1,15,49,0.98,0.545615138025187
"quant",1,15,49,0.99,0.320042589597437
"quant",1,15,49,0.995,0.193741747373341
"quant",1,15,50,0.9,3.11680917378022
"quant",1,15,50,0.91,3.02117965196321
"quant",1,15,50,0.92,2.91464251323396
"quant",1,15,50,0.93,2.79394834846968
"quant",1,15,50,0.94,2.65956580707912
"quant",1,15,50,0.95,2.50687296817838
"quant",1,15,50,0.96,2.32363294430584
"quant",1,15,50,0.97,2.10177255186245
"quant",1,15,50,0.98,1.8330095958843
"quant",1,15,50,0.99,1.50048603859759
"quant",1,15,50,0.995,1.30050033205512
"quant",2,15,1,0.9,1.8677730916957
"quant",2,15,1,0.91,1.72171838092882
"quant",2,15,1,0.92,1.56372610843671
"quant",2,15,1,0.93,1.39648360862589
"quant",2,15,1,0.94,1.22402884001248
"quant",2,15,1,0.95,1.04754262205532
"quant",2,15,1,0.96,0.862140828857808
"quant",2,15,1,0.97,0.691657746619655
"quant",2,15,1,0.98,0.515392410336667
"quant",2,15,1,0.99,0.305311102540281
"quant",2,15,1,0.995,0.169094615719685
"quant",2,15,2,0.9,1.57330775958779
"quant",2,15,2,0.91,1.47057413346815
"quant",2,15,2,0.92,1.35890305492406
"quant",2,15,2,0.93,1.2395680506038
"quant",2,15,2,0.94,1.11427766222071
"quant",2,15,2,0.95,0.984099003465638
"quant",2,15,2,0.96,0.845199539788918
"quant",2,15,2,0.97,0.678839336116438
"quant",2,15,2,0.98,0.488869498938469
"quant",2,15,2,0.99,0.272972089889396
"quant",2,15,2,0.995,0.145630092715651
"quant",2,15,3,0.9,1.76974937647863
"quant",2,15,3,0.91,1.65142763128497
"quant",2,15,3,0.92,1.52678362857522
"quant",2,15,3,0.93,1.39458792423815
"quant",2,15,3,0.94,1.25466270156318
"quant",2,15,3,0.95,1.10658838701206
"quant",2,15,3,0.96,0.945062896830365
"quant",2,15,3,0.97,0.766829624516788
"quant",2,15,3,0.98,0.573378650077831
"quant",2,15,3,0.99,0.345449225226265
"quant",2,15,3,0.995,0.206772283332776
"quant",2,15,4,0.9,1.61025838439045
"quant",2,15,4,0.91,1.49938800199199
"quant",2,15,4,0.92,1.38167287464678
"quant",2,15,4,0.93,1.25979480572757
"quant",2,15,4,0.94,1.13247444204559
"quant",2,15,4,0.95,0.998143746571758
"quant",2,15,4,0.96,0.852406121207062
"quant",2,15,4,0.97,0.692082192716277
"quant",2,15,4,0.98,0.515358212673486
"quant",2,15,4,0.99,0.302739431949204
"quant",2,15,4,0.995,0.167423629705464
"quant",2,15,5,0.9,1.64115344941014
"quant",2,15,5,0.91,1.53551223040732
"quant",2,15,5,0.92,1.42783703428429
"quant",2,15,5,0.93,1.34101569237727
"quant",2,15,5,0.94,1.22295256917719
"quant",2,15,5,0.95,1.07788949874183
"quant",2,15,5,0.96,0.911800929528546
"quant",2,15,5,0.97,0.723481023933815
"quant",2,15,5,0.98,0.512118641548098
"quant",2,15,5,0.99,0.277842059687997
"quant",2,15,5,0.995,0.147343510988581
"quant",2,15,6,0.9,1.87491854132504
"quant",2,15,6,0.91,1.75626311386184
"quant",2,15,6,0.92,1.62812768684814
"quant",2,15,6,0.93,1.48948797803651
"quant",2,15,6,0.94,1.33951441366813
"quant",2,15,6,0.95,1.17393196797499
"quant",2,15,6,0.96,0.99335430252028
"quant",2,15,6,0.97,0.79716145967183
"quant",2,15,6,0.98,0.604783096431289
"quant",2,15,6,0.99,0.417997280432349
"quant",2,15,6,0.995,0.229284901276709
"quant",2,15,7,0.9,2.24977488516726
"quant",2,15,7,0.91,2.09657620216522
"quant",2,15,7,0.92,1.93246397554752
"quant",2,15,7,0.93,1.75601171491006
"quant",2,15,7,0.94,1.56215948413687
"quant",2,15,7,0.95,1.35645389668409
"quant",2,15,7,0.96,1.14385151095327
"quant",2,15,7,0.97,0.931189021177475
"quant",2,15,7,0.98,0.677990671817848
"quant",2,15,7,0.99,0.388181246958262
"quant",2,15,7,0.995,0.211365664699802
"quant",2,15,8,0.9,1.43262920757766
"quant",2,15,8,0.91,1.33657617301738
"quant",2,15,8,0.92,1.23896413422564
"quant",2,15,8,0.93,1.13810560378739
"quant",2,15,8,0.94,1.03309369200321
"quant",2,15,8,0.95,0.928817734062659
"quant",2,15,8,0.96,0.824103595131796
"quant",2,15,8,0.97,0.696630334750017
"quant",2,15,8,0.98,0.614494970714296
"quant",2,15,8,0.99,0.473610480761391
"quant",2,15,8,0.995,0.264798662629933
"quant",2,15,9,0.9,2.21278212300257
"quant",2,15,9,0.91,2.09445529229292
"quant",2,15,9,0.92,1.96990117670003
"quant",2,15,9,0.93,1.84022403722182
"quant",2,15,9,0.94,1.70281540649728
"quant",2,15,9,0.95,1.55752026645295
"quant",2,15,9,0.96,1.39997680229103
"quant",2,15,9,0.97,1.22555707408397
"quant",2,15,9,0.98,1.02968344665156
"quant",2,15,9,0.99,0.789770713691926
"quant",2,15,9,0.995,0.625556777080029
"quant",2,15,10,0.9,1.56992976372845
"quant",2,15,10,0.91,1.47220340638552
"quant",2,15,10,0.92,1.36713386209063
"quant",2,15,10,0.93,1.2525929544098
"quant",2,15,10,0.94,1.12683974770382
"quant",2,15,10,0.95,0.990935694772642
"quant",2,15,10,0.96,0.844390782282435
"quant",2,15,10,0.97,0.68885906427933
"quant",2,15,10,0.98,0.527808027370312
"quant",2,15,10,0.99,0.311966210592577
"quant",2,15,10,0.995,0.170286868046233
"quant",2,15,11,0.9,2.30799002975342
"quant",2,15,11,0.91,2.16646758284129
"quant",2,15,11,0.92,2.01318819849696
"quant",2,15,11,0.93,1.84817704259293
"quant",2,15,11,0.94,1.66963510019868
"quant",2,15,11,0.95,1.47682162087591
"quant",2,15,11,0.96,1.26410037585262
"quant",2,15,11,0.97,1.02711461800724
"quant",2,15,11,0.98,0.743491186232074
"quant",2,15,11,0.99,0.416362803504152
"quant",2,15,11,0.995,0.238773699180658
"quant",2,15,12,0.9,2.16085812021449
"quant",2,15,12,0.91,2.03933599447966
"quant",2,15,12,0.92,1.91018751886517
"quant",2,15,12,0.93,1.76938509229464
"quant",2,15,12,0.94,1.62330188822755
"quant",2,15,12,0.95,1.46381248498914
"quant",2,15,12,0.96,1.25981356924454
"quant",2,15,12,0.97,1.02445450083658
"quant",2,15,12,0.98,0.755741412147176
"quant",2,15,12,0.99,0.442909248013864
"quant",2,15,12,0.995,0.257430406289353
"quant",2,15,13,0.9,1.33710492418934
"quant",2,15,13,0.91,1.25714137311312
"quant",2,15,13,0.92,1.16951030290172
"quant",2,15,13,0.93,1.07311790433796
"quant",2,15,13,0.94,0.966243801028748
"quant",2,15,13,0.95,0.846216964047756
"quant",2,15,13,0.96,0.712495894917996
"quant",2,15,13,0.97,0.559928791224753
"quant",2,15,13,0.98,0.412599259396118
"quant",2,15,13,0.99,0.261409240002607
"quant",2,15,13,0.995,0.141921687554644
"quant",2,15,14,0.9,1.79736191517319
"quant",2,15,14,0.91,1.67894880050259
"quant",2,15,14,0.92,1.55268923718027
"quant",2,15,14,0.93,1.42312757789466
"quant",2,15,14,0.94,1.29477711031311
"quant",2,15,14,0.95,1.16694616982268
"quant",2,15,14,0.96,1.04484845768073
"quant",2,15,14,0.97,0.931024283182261
"quant",2,15,14,0.98,0.778387089834649
"quant",2,15,14,0.99,0.492490010410949
"quant",2,15,14,0.995,0.269250431121563
"quant",2,15,15,0.9,1.77523366850407
"quant",2,15,15,0.91,1.66837545600273
"quant",2,15,15,0.92,1.55596819306117
"quant",2,15,15,0.93,1.4371202461708
"quant",2,15,15,0.94,1.31080655025141
"quant",2,15,15,0.95,1.17466500380459
"quant",2,15,15,0.96,1.02476318744224
"quant",2,15,15,0.97,0.858957593542693
"quant",2,15,15,0.98,0.654416341585023
"quant",2,15,15,0.99,0.370665208553645
"quant",2,15,15,0.995,0.202773677598954
"quant",2,15,16,0.9,1.60973433729006
"quant",2,15,16,0.91,1.50572633744316
"quant",2,15,16,0.92,1.39371797794398
"quant",2,15,16,0.93,1.27301496866644
"quant",2,15,16,0.94,1.14081649598913
"quant",2,15,16,0.95,0.99723792621547
"quant",2,15,16,0.96,0.84067045692173
"quant",2,15,16,0.97,0.668834408655265
"quant",2,15,16,0.98,0.475469541150617
"quant",2,15,16,0.99,0.259168556330806
"quant",2,15,16,0.995,0.137859316827472
"quant",2,15,17,0.9,2.45969700102618
"quant",2,15,17,0.91,2.32473984793701
"quant",2,15,17,0.92,2.18273021832735
"quant",2,15,17,0.93,2.03175575403253
"quant",2,15,17,0.94,1.87226331703804
"quant",2,15,17,0.95,1.69561389947231
"quant",2,15,17,0.96,1.49773612248206
"quant",2,15,17,0.97,1.26638375021344
"quant",2,15,17,0.98,0.883095555798933
"quant",2,15,17,0.99,0.493970704556108
"quant",2,15,17,0.995,0.274777280907491
"quant",2,15,18,0.9,1.7065309531494
"quant",2,15,18,0.91,1.58449702232171
"quant",2,15,18,0.92,1.45566037102203
"quant",2,15,18,0.93,1.31985004042264
"quant",2,15,18,0.94,1.17457168601505
"quant",2,15,18,0.95,1.02055757958206
"quant",2,15,18,0.96,0.855749442436693
"quant",2,15,18,0.97,0.680048628933308
"quant",2,15,18,0.98,0.50332171362577
"quant",2,15,18,0.99,0.309620125851407
"quant",2,15,18,0.995,0.168144124357823
"quant",2,15,19,0.9,1.91042411609564
"quant",2,15,19,0.91,1.79908709783898
"quant",2,15,19,0.92,1.67794783942954
"quant",2,15,19,0.93,1.54631093353543
"quant",2,15,19,0.94,1.40441038182381
"quant",2,15,19,0.95,1.24957748503952
"quant",2,15,19,0.96,1.07927454829466
"quant",2,15,19,0.97,0.890364337761459
"quant",2,15,19,0.98,0.68247618727474
"quant",2,15,19,0.99,0.447881529450317
"quant",2,15,19,0.995,0.307399964692383
"quant",2,15,20,0.9,2.21901965477669
"quant",2,15,20,0.91,2.07449765314929
"quant",2,15,20,0.92,1.92140984174754
"quant",2,15,20,0.93,1.75619535688821
"quant",2,15,20,0.94,1.5798628743738
"quant",2,15,20,0.95,1.38625032976533
"quant",2,15,20,0.96,1.16538144526661
"quant",2,15,20,0.97,0.911354667558625
"quant",2,15,20,0.98,0.639518572545242
"quant",2,15,20,0.99,0.349297934184628
"quant",2,15,20,0.995,0.188277518751533
"quant",2,15,21,0.9,1.60032492988428
"quant",2,15,21,0.91,1.48279612417428
"quant",2,15,21,0.92,1.35866935829293
"quant",2,15,21,0.93,1.22802631605999
"quant",2,15,21,0.94,1.09093994086418
"quant",2,15,21,0.95,0.94571606735124
"quant",2,15,21,0.96,0.790939577444864
"quant",2,15,21,0.97,0.626664712049263
"quant",2,15,21,0.98,0.451367430536623
"quant",2,15,21,0.99,0.25794668459037
"quant",2,15,21,0.995,0.149088181561461
"quant",2,15,22,0.9,2.19156425430139
"quant",2,15,22,0.91,2.07728114700562
"quant",2,15,22,0.92,1.95363483055266
"quant",2,15,22,0.93,1.81984933000549
"quant",2,15,22,0.94,1.67416682153577
"quant",2,15,22,0.95,1.51513232681219
"quant",2,15,22,0.96,1.34328842463114
"quant",2,15,22,0.97,1.15473343373534
"quant",2,15,22,0.98,0.945045532705606
"quant",2,15,22,0.99,0.701645953288252
"quant",2,15,22,0.995,0.554037611150006
"quant",2,15,23,0.9,1.84330907207199
"quant",2,15,23,0.91,1.7189227404106
"quant",2,15,23,0.92,1.58793661357904
"quant",2,15,23,0.93,1.44881368435535
"quant",2,15,23,0.94,1.2987752124259
"quant",2,15,23,0.95,1.14085423534415
"quant",2,15,23,0.96,0.97515958324105
"quant",2,15,23,0.97,0.79679848520451
"quant",2,15,23,0.98,0.598158842327019
"quant",2,15,23,0.99,0.362301964859691
"quant",2,15,23,0.995,0.225419596454819
"quant",2,15,24,0.9,1.42718127002732
"quant",2,15,24,0.91,1.3425335637324
"quant",2,15,24,0.92,1.25120960751478
"quant",2,15,24,0.93,1.15424973791553
"quant",2,15,24,0.94,1.04927194346331
"quant",2,15,24,0.95,0.933421029520168
"quant",2,15,24,0.96,0.802520330334646
"quant",2,15,24,0.97,0.652999697718041
"quant",2,15,24,0.98,0.495691319684208
"quant",2,15,24,0.99,0.315817667518213
"quant",2,15,24,0.995,0.174634201719857
"quant",2,15,25,0.9,1.96628443108743
"quant",2,15,25,0.91,1.84825464195311
"quant",2,15,25,0.92,1.72002908360269
"quant",2,15,25,0.93,1.57956022385911
"quant",2,15,25,0.94,1.42470835577207
"quant",2,15,25,0.95,1.26252290702755
"quant",2,15,25,0.96,1.08191709693744
"quant",2,15,25,0.97,0.904526859321197
"quant",2,15,25,0.98,0.697389234767581
"quant",2,15,25,0.99,0.395545532528285
"quant",2,15,25,0.995,0.214121357220232
"quant",2,15,26,0.9,3.10210252486894
"quant",2,15,26,0.91,2.99203138192698
"quant",2,15,26,0.92,2.87139660470893
"quant",2,15,26,0.93,2.73825045007456
"quant",2,15,26,0.94,2.59203083135199
"quant",2,15,26,0.95,2.430465527567
"quant",2,15,26,0.96,2.25003754546916
"quant",2,15,26,0.97,2.0407493006718
"quant",2,15,26,0.98,1.73778263983513
"quant",2,15,26,0.99,1.28597061416467
"quant",2,15,26,0.995,1.04462602986538
"quant",2,15,27,0.9,2.1268217442878
"quant",2,15,27,0.91,2.00238917918607
"quant",2,15,27,0.92,1.86954118815715
"quant",2,15,27,0.93,1.72913319031441
"quant",2,15,27,0.94,1.57984406899854
"quant",2,15,27,0.95,1.41939880493622
"quant",2,15,27,0.96,1.24454572735806
"quant",2,15,27,0.97,1.05203170075782
"quant",2,15,27,0.98,0.846023210027036
"quant",2,15,27,0.99,0.664335253002748
"quant",2,15,27,0.995,0.358284656064597
"quant",2,15,28,0.9,2.08085295999497
"quant",2,15,28,0.91,1.93892694741839
"quant",2,15,28,0.92,1.78631098484117
"quant",2,15,28,0.93,1.62044094454432
"quant",2,15,28,0.94,1.4375562366885
"quant",2,15,28,0.95,1.23897888916428
"quant",2,15,28,0.96,1.01796976800955
"quant",2,15,28,0.97,0.781405200712734
"quant",2,15,28,0.98,0.550902936000095
"quant",2,15,28,0.99,0.327317193317958
"quant",2,15,28,0.995,0.174478361524198
"quant",2,15,29,0.9,1.97114113559528
"quant",2,15,29,0.91,1.82310224882779
"quant",2,15,29,0.92,1.67248685397907
"quant",2,15,29,0.93,1.51567347942464
"quant",2,15,29,0.94,1.34949624364323
"quant",2,15,29,0.95,1.17481904903456
"quant",2,15,29,0.96,0.988214296715439
"quant",2,15,29,0.97,0.785550688690154
"quant",2,15,29,0.98,0.559404284141679
"quant",2,15,29,0.99,0.308317204315432
"quant",2,15,29,0.995,0.163265308387303
"quant",2,15,30,0.9,1.62769521159592
"quant",2,15,30,0.91,1.52213899090127
"quant",2,15,30,0.92,1.40816413467784
"quant",2,15,30,0.93,1.28719744538616
"quant",2,15,30,0.94,1.15788922953367
"quant",2,15,30,0.95,1.01859007115415
"quant",2,15,30,0.96,0.867747308992914
"quant",2,15,30,0.97,0.701139595376462
"quant",2,15,30,0.98,0.51606230133413
"quant",2,15,30,0.99,0.300743524203352
"quant",2,15,30,0.995,0.175857161559985
"quant",2,15,31,0.9,1.58482038080981
"quant",2,15,31,0.91,1.49288773624623
"quant",2,15,31,0.92,1.39477734219695
"quant",2,15,31,0.93,1.28702169495929
"quant",2,15,31,0.94,1.16963491886888
"quant",2,15,31,0.95,1.04407552060594
"quant",2,15,31,0.96,0.924555138984737
"quant",2,15,31,0.97,0.800937652025839
"quant",2,15,31,0.98,0.615936627410074
"quant",2,15,31,0.99,0.351707297613704
"quant",2,15,31,0.995,0.189555328893842
"quant",2,15,32,0.9,2.10313810156854
"quant",2,15,32,0.91,2.00167115033471
"quant",2,15,32,0.92,1.88991760831145
"quant",2,15,32,0.93,1.76606812360932
"quant",2,15,32,0.94,1.62801478834286
"quant",2,15,32,0.95,1.47041874056863
"quant",2,15,32,0.96,1.29217612398458
"quant",2,15,32,0.97,1.09161220854675
"quant",2,15,32,0.98,0.864749450069148
"quant",2,15,32,0.99,0.599944931117211
"quant",2,15,32,0.995,0.440148261229147
"quant",2,15,33,0.9,1.86499835444618
"quant",2,15,33,0.91,1.771815376953
"quant",2,15,33,0.92,1.67152771892777
"quant",2,15,33,0.93,1.56124689673972
"quant",2,15,33,0.94,1.44101888799606
"quant",2,15,33,0.95,1.30577565714817
"quant",2,15,33,0.96,1.15369541012522
"quant",2,15,33,0.97,0.983466689239213
"quant",2,15,33,0.98,0.78608890528794
"quant",2,15,33,0.99,0.55084578493452
"quant",2,15,33,0.995,0.410790854865331
"quant",2,15,34,0.9,1.87614020664401
"quant",2,15,34,0.91,1.75710137804399
"quant",2,15,34,0.92,1.62934515851995
"quant",2,15,34,0.93,1.49225634881014
"quant",2,15,34,0.94,1.34079464957818
"quant",2,15,34,0.95,1.18916508398724
"quant",2,15,34,0.96,1.07431438946634
"quant",2,15,34,0.97,0.923753473822
"quant",2,15,34,0.98,0.69043459171011
"quant",2,15,34,0.99,0.38429525699578
"quant",2,15,34,0.995,0.204025464805246
"quant",2,15,35,0.9,1.36761800174038
"quant",2,15,35,0.91,1.28042709320722
"quant",2,15,35,0.92,1.18304499917073
"quant",2,15,35,0.93,1.0771589108605
"quant",2,15,35,0.94,0.960705994549402
"quant",2,15,35,0.95,0.835909169663403
"quant",2,15,35,0.96,0.701523420013999
"quant",2,15,35,0.97,0.556636140718845
"quant",2,15,35,0.98,0.402429935910384
"quant",2,15,35,0.99,0.226980075935576
"quant",2,15,35,0.995,0.122531748878246
"quant",2,15,36,0.9,1.63317784975563
"quant",2,15,36,0.91,1.52806784624945
"quant",2,15,36,0.92,1.41776893700379
"quant",2,15,36,0.93,1.30370409525916
"quant",2,15,36,0.94,1.181917897986
"quant",2,15,36,0.95,1.04544186417561
"quant",2,15,36,0.96,0.903632677562445
"quant",2,15,36,0.97,0.769959341028615
"quant",2,15,36,0.98,0.576582868693964
"quant",2,15,36,0.99,0.326404016305854
"quant",2,15,36,0.995,0.175235729295153
"quant",2,15,37,0.9,2.61476089107631
"quant",2,15,37,0.91,2.49893825533725
"quant",2,15,37,0.92,2.37417472773898
"quant",2,15,37,0.93,2.24005279037827
"quant",2,15,37,0.94,2.09708442979736
"quant",2,15,37,0.95,1.94082049379361
"quant",2,15,37,0.96,1.76801101689161
"quant",2,15,37,0.97,1.57007901609163
"quant",2,15,37,0.98,1.33593863718115
"quant",2,15,37,0.99,1.03570750320165
"quant",2,15,37,0.995,0.82916967858834
"quant",2,15,38,0.9,1.56366260583355
"quant",2,15,38,0.91,1.45523622642482
"quant",2,15,38,0.92,1.34110602156552
"quant",2,15,38,0.93,1.22028009550568
"quant",2,15,38,0.94,1.09030237854751
"quant",2,15,38,0.95,0.945976567944245
"quant",2,15,38,0.96,0.785078796070407
"quant",2,15,38,0.97,0.618057557620145
"quant",2,15,38,0.98,0.444474542325672
"quant",2,15,38,0.99,0.263453029238708
"quant",2,15,38,0.995,0.158330112122727
"quant",2,15,39,0.9,1.37516233388076
"quant",2,15,39,0.91,1.28432452954149
"quant",2,15,39,0.92,1.18746119078273
"quant",2,15,39,0.93,1.08363279153909
"quant",2,15,39,0.94,0.97332441990589
"quant",2,15,39,0.95,0.853909484011123
"quant",2,15,39,0.96,0.722973648724668
"quant",2,15,39,0.97,0.578723323819683
"quant",2,15,39,0.98,0.418627879427316
"quant",2,15,39,0.99,0.234718989020873
"quant",2,15,39,0.995,0.129422291485372
"quant",2,15,40,0.9,1.61877112171367
"quant",2,15,40,0.91,1.49341384973042
"quant",2,15,40,0.92,1.36053647967854
"quant",2,15,40,0.93,1.22035165265416
"quant",2,15,40,0.94,1.07640176626132
"quant",2,15,40,0.95,0.929799053605161
"quant",2,15,40,0.96,0.776788634526984
"quant",2,15,40,0.97,0.612789256832203
"quant",2,15,40,0.98,0.437287081997064
"quant",2,15,40,0.99,0.24191215326904
"quant",2,15,40,0.995,0.12925371147891
"quant",2,15,41,0.9,3.08773963936451
"quant",2,15,41,0.91,2.96148960005111
"quant",2,15,41,0.92,2.82780250482232
"quant",2,15,41,0.93,2.68369038829381
"quant",2,15,41,0.94,2.52412192341439
"quant",2,15,41,0.95,2.34357282771694
"quant",2,15,41,0.96,2.12725615058161
"quant",2,15,41,0.97,1.87026518360939
"quant",2,15,41,0.98,1.46368483277252
"quant",2,15,41,0.99,0.985385080419974
"quant",2,15,41,0.995,0.717732893564318
"quant",2,15,42,0.9,1.95263669219262
"quant",2,15,42,0.91,1.80691624414401
"quant",2,15,42,0.92,1.65170695888731
"quant",2,15,42,0.93,1.4869587168678
"quant",2,15,42,0.94,1.31596199929145
"quant",2,15,42,0.95,1.13718578763033
"quant",2,15,42,0.96,0.949898719858343
"quant",2,15,42,0.97,0.753631642017765
"quant",2,15,42,0.98,0.542602311908871
"quant",2,15,42,0.99,0.306035119605137
"quant",2,15,42,0.995,0.1718289988694
"quant",2,15,43,0.9,1.67809153009077
"quant",2,15,43,0.91,1.59332333665355
"quant",2,15,43,0.92,1.50027710765038
"quant",2,15,43,0.93,1.39748512171925
"quant",2,15,43,0.94,1.2733427132889
"quant",2,15,43,0.95,1.12485569882955
"quant",2,15,43,0.96,0.95258079282131
"quant",2,15,43,0.97,0.75700920480174
"quant",2,15,43,0.98,0.537041614966991
"quant",2,15,43,0.99,0.289975415924614
"quant",2,15,43,0.995,0.154424946690041
"quant",2,15,44,0.9,1.84215573151887
"quant",2,15,44,0.91,1.70939692754994
"quant",2,15,44,0.92,1.56814779042484
"quant",2,15,44,0.93,1.41727568492348
"quant",2,15,44,0.94,1.25641835996068
"quant",2,15,44,0.95,1.08634331566003
"quant",2,15,44,0.96,0.905591551389359
"quant",2,15,44,0.97,0.711192633498333
"quant",2,15,44,0.98,0.503246845843345
"quant",2,15,44,0.99,0.275582422452831
"quant",2,15,44,0.995,0.146606979632319
"quant",2,15,45,0.9,1.83250629993497
"quant",2,15,45,0.91,1.7205289420301
"quant",2,15,45,0.92,1.60213879793173
"quant",2,15,45,0.93,1.47559389770008
"quant",2,15,45,0.94,1.33829736545139
"quant",2,15,45,0.95,1.19262529052852
"quant",2,15,45,0.96,1.03483823221709
"quant",2,15,45,0.97,0.848659258770046
"quant",2,15,45,0.98,0.624821400011377
"quant",2,15,45,0.99,0.353805931934078
"quant",2,15,45,0.995,0.192701562957161
"quant",2,15,46,0.9,1.79434503382766
"quant",2,15,46,0.91,1.67165037023456
"quant",2,15,46,0.92,1.5416923613114
"quant",2,15,46,0.93,1.40432796617408
"quant",2,15,46,0.94,1.25537225521868
"quant",2,15,46,0.95,1.09121959787912
"quant",2,15,46,0.96,0.913778050757635
"quant",2,15,46,0.97,0.722732504905348
"quant",2,15,46,0.98,0.514707202174793
"quant",2,15,46,0.99,0.284752027440195
"quant",2,15,46,0.995,0.151799792573393
"quant",2,15,47,0.9,1.56880820288057
"quant",2,15,47,0.91,1.45986099982283
"quant",2,15,47,0.92,1.34518971382849
"quant",2,15,47,0.93,1.22191447072397
"quant",2,15,47,0.94,1.09028940910975
"quant",2,15,47,0.95,0.947921928971345
"quant",2,15,47,0.96,0.795621436635875
"quant",2,15,47,0.97,0.629156121786886
"quant",2,15,47,0.98,0.446891053183484
"quant",2,15,47,0.99,0.245239289699245
"quant",2,15,47,0.995,0.13235849845445
"quant",2,15,48,0.9,1.87166230938758
"quant",2,15,48,0.91,1.76422902395701
"quant",2,15,48,0.92,1.64811418615509
"quant",2,15,48,0.93,1.52289702331222
"quant",2,15,48,0.94,1.38872565608319
"quant",2,15,48,0.95,1.24207689525457
"quant",2,15,48,0.96,1.07002434260533
"quant",2,15,48,0.97,0.861325869656154
"quant",2,15,48,0.98,0.617579300978605
"quant",2,15,48,0.99,0.338361202038846
"quant",2,15,48,0.995,0.184404833766744
"quant",2,15,49,0.9,1.8663684768244
"quant",2,15,49,0.91,1.73829423997749
"quant",2,15,49,0.92,1.59955764418369
"quant",2,15,49,0.93,1.45215350130961
"quant",2,15,49,0.94,1.29583244020237
"quant",2,15,49,0.95,1.12754178932187
"quant",2,15,49,0.96,0.946094155625705
"quant",2,15,49,0.97,0.75238096714346
"quant",2,15,49,0.98,0.544095968050939
"quant",2,15,49,0.99,0.317393346428257
"quant",2,15,49,0.995,0.189043199512094
"quant",2,15,50,0.9,3.11769494434322
"quant",2,15,50,0.91,3.02105804165846
"quant",2,15,50,0.92,2.91291232131639
"quant",2,15,50,0.93,2.79096452868427
"quant",2,15,50,0.94,2.65514509972181
"quant",2,15,50,0.95,2.50277350739071
"quant",2,15,50,0.96,2.32161540495982
"quant",2,15,50,0.97,2.09797688804104
"quant",2,15,50,0.98,1.82620341234629
"quant",2,15,50,0.99,1.45894612735163
"quant",2,15,50,0.995,1.20197897828772
"quant",3,15,1,0.9,1.87074546598207
"quant",3,15,1,0.91,1.72420433970138
"quant",3,15,1,0.92,1.5658542323712
"quant",3,15,1,0.93,1.39806857988308
"quant",3,15,1,0.94,1.22612410737281
"quant",3,15,1,0.95,1.04940191557768
"quant",3,15,1,0.96,0.865128081071365
"quant",3,15,1,0.97,0.693292605117195
"quant",3,15,1,0.98,0.516091525375188
"quant",3,15,1,0.99,0.305245726822913
"quant",3,15,1,0.995,0.169172414811274
"quant",3,15,2,0.9,1.57342836744163
"quant",3,15,2,0.91,1.47102364847311
"quant",3,15,2,0.92,1.35885319823044
"quant",3,15,2,0.93,1.23884312676297
"quant",3,15,2,0.94,1.11346074612504
"quant",3,15,2,0.95,0.983384618577579
"quant",3,15,2,0.96,0.843553635986606
"quant",3,15,2,0.97,0.676963871860464
"quant",3,15,2,0.98,0.487468136378294
"quant",3,15,2,0.99,0.273406689129675
"quant",3,15,2,0.995,0.146832941971198
"quant",3,15,3,0.9,1.77306425985093
"quant",3,15,3,0.91,1.65429304097461
"quant",3,15,3,0.92,1.52963323484057
"quant",3,15,3,0.93,1.39718361054943
"quant",3,15,3,0.94,1.25701973970262
"quant",3,15,3,0.95,1.10909280111761
"quant",3,15,3,0.96,0.947509764465261
"quant",3,15,3,0.97,0.76963588892046
"quant",3,15,3,0.98,0.574256526384
"quant",3,15,3,0.99,0.344700017741654
"quant",3,15,3,0.995,0.207055736312589
"quant",3,15,4,0.9,1.61017365675623
"quant",3,15,4,0.91,1.49934193551047
"quant",3,15,4,0.92,1.38168037478558
"quant",3,15,4,0.93,1.25959636543606
"quant",3,15,4,0.94,1.13273194243244
"quant",3,15,4,0.95,0.998414071639684
"quant",3,15,4,0.96,0.853068384527965
"quant",3,15,4,0.97,0.693395182491296
"quant",3,15,4,0.98,0.517576747366513
"quant",3,15,4,0.99,0.302849955633862
"quant",3,15,4,0.995,0.167187974330367
"quant",3,15,5,0.9,1.64094266303218
"quant",3,15,5,0.91,1.53452798634235
"quant",3,15,5,0.92,1.42343030345681
"quant",3,15,5,0.93,1.33093537894703
"quant",3,15,5,0.94,1.21484775624035
"quant",3,15,5,0.95,1.07133378715023
"quant",3,15,5,0.96,0.906712689826812
"quant",3,15,5,0.97,0.720431083343878
"quant",3,15,5,0.98,0.510999132391746
"quant",3,15,5,0.99,0.277593385792503
"quant",3,15,5,0.995,0.146935676231006
"quant",3,15,6,0.9,1.87578966884949
"quant",3,15,6,0.91,1.75699468017284
"quant",3,15,6,0.92,1.62925122182308
"quant",3,15,6,0.93,1.49100418666746
"quant",3,15,6,0.94,1.34076530003957
"quant",3,15,6,0.95,1.1753768694766
"quant",3,15,6,0.96,0.994592043549431
"quant",3,15,6,0.97,0.79734858379263
"quant",3,15,6,0.98,0.598315064333824
"quant",3,15,6,0.99,0.415402651451041
"quant",3,15,6,0.995,0.230187226644724
"quant",3,15,7,0.9,2.2512587984037
"quant",3,15,7,0.91,2.09755617647076
"quant",3,15,7,0.92,1.93285374639776
"quant",3,15,7,0.93,1.7559620413024
"quant",3,15,7,0.94,1.56222858398676
"quant",3,15,7,0.95,1.35781053073216
"quant",3,15,7,0.96,1.14465925522728
"quant",3,15,7,0.97,0.931108527150036
"quant",3,15,7,0.98,0.678575560683323
"quant",3,15,7,0.99,0.389564644322545
"quant",3,15,7,0.995,0.212821832890409
"quant",3,15,8,0.9,1.43209916560714
"quant",3,15,8,0.91,1.3364101155594
"quant",3,15,8,0.92,1.237737471521
"quant",3,15,8,0.93,1.13677956131561
"quant",3,15,8,0.94,1.03131855700459
"quant",3,15,8,0.95,0.927289826211673
"quant",3,15,8,0.96,0.824704925459847
"quant",3,15,8,0.97,0.701565854321197
"quant",3,15,8,0.98,0.610687372607365
"quant",3,15,8,0.99,0.473343819339513
"quant",3,15,8,0.995,0.26644494723334
"quant",3,15,9,0.9,2.21710586892169
"quant",3,15,9,0.91,2.09788253116933
"quant",3,15,9,0.92,1.97312074803502
"quant",3,15,9,0.93,1.84264079199108
"quant",3,15,9,0.94,1.70382425761654
"quant",3,15,9,0.95,1.55771018517376
"quant",3,15,9,0.96,1.39907888289117
"quant",3,15,9,0.97,1.22307641989581
"quant",3,15,9,0.98,1.02505072687158
"quant",3,15,9,0.99,0.781726359850687
"quant",3,15,9,0.995,0.617083810039389
"quant",3,15,10,0.9,1.5758768674845
"quant",3,15,10,0.91,1.47877056944777
"quant",3,15,10,0.92,1.3740002097675
"quant",3,15,10,0.93,1.25918403091394
"quant",3,15,10,0.94,1.13268939998465
"quant",3,15,10,0.95,0.995717181085049
"quant",3,15,10,0.96,0.848277013721457
"quant",3,15,10,0.97,0.691700600028755
"quant",3,15,10,0.98,0.525948708834565
"quant",3,15,10,0.99,0.311260020663798
"quant",3,15,10,0.995,0.170667855718803
"quant",3,15,11,0.9,2.31390785136173
"quant",3,15,11,0.91,2.17191636263448
"quant",3,15,11,0.92,2.01765105568387
"quant",3,15,11,0.93,1.85232757362376
"quant",3,15,11,0.94,1.67287035925948
"quant",3,15,11,0.95,1.47911347908691
"quant",3,15,11,0.96,1.26553844010523
"quant",3,15,11,0.97,1.02893173545319
"quant",3,15,11,0.98,0.748580315502857
"quant",3,15,11,0.99,0.418681373474018
"quant",3,15,11,0.995,0.238586912326568
"quant",3,15,12,0.9,2.16171645315065
"quant",3,15,12,0.91,2.03970829496005
"quant",3,15,12,0.92,1.91095194905132
"quant",3,15,12,0.93,1.77014925933609
"quant",3,15,12,0.94,1.62362044740929
"quant",3,15,12,0.95,1.46435834703104
"quant",3,15,12,0.96,1.26047274865775
"quant",3,15,12,0.97,1.02434755218804
"quant",3,15,12,0.98,0.755565633794457
"quant",3,15,12,0.99,0.441970105445264
"quant",3,15,12,0.995,0.254673190165719
"quant",3,15,13,0.9,1.33719937244721
"quant",3,15,13,0.91,1.25672267750014
"quant",3,15,13,0.92,1.16925441875144
"quant",3,15,13,0.93,1.07310830163413
"quant",3,15,13,0.94,0.967347114718547
"quant",3,15,13,0.95,0.847866617290411
"quant",3,15,13,0.96,0.713629565073769
"quant",3,15,13,0.97,0.560030314423482
"quant",3,15,13,0.98,0.409888041875363
"quant",3,15,13,0.99,0.261160315702931
"quant",3,15,13,0.995,0.142858963741221
"quant",3,15,14,0.9,1.79945307098632
"quant",3,15,14,0.91,1.68088725474852
"quant",3,15,14,0.92,1.55466836117911
"quant",3,15,14,0.93,1.42560200715937
"quant",3,15,14,0.94,1.29571807133543
"quant",3,15,14,0.95,1.16776773894687
"quant",3,15,14,0.96,1.04808758620397
"quant",3,15,14,0.97,0.934837977541906
"quant",3,15,14,0.98,0.777975841087941
"quant",3,15,14,0.99,0.492357717774768
"quant",3,15,14,0.995,0.270651229897696
"quant",3,15,15,0.9,1.77393447794784
"quant",3,15,15,0.91,1.66717960886041
"quant",3,15,15,0.92,1.55512072578357
"quant",3,15,15,0.93,1.43676344940852
"quant",3,15,15,0.94,1.3109647390282
"quant",3,15,15,0.95,1.17537956695834
"quant",3,15,15,0.96,1.02603065405654
"quant",3,15,15,0.97,0.85976190474755
"quant",3,15,15,0.98,0.655312119743732
"quant",3,15,15,0.99,0.369049976211977
"quant",3,15,15,0.995,0.200360379561379
"quant",3,15,16,0.9,1.60634453146778
"quant",3,15,16,0.91,1.50340080081163
"quant",3,15,16,0.92,1.39256541446874
"quant",3,15,16,0.93,1.2730137560164
"quant",3,15,16,0.94,1.14166481195134
"quant",3,15,16,0.95,0.99841759981214
"quant",3,15,16,0.96,0.842031838453127
"quant",3,15,16,0.97,0.669735205053388
"quant",3,15,16,0.98,0.476737909741787
"quant",3,15,16,0.99,0.260735445136714
"quant",3,15,16,0.995,0.139028306282419
"quant",3,15,17,0.9,2.45932046539836
"quant",3,15,17,0.91,2.32441159852493
"quant",3,15,17,0.92,2.18251614202558
"quant",3,15,17,0.93,2.03140766032498
"quant",3,15,17,0.94,1.87116481107608
"quant",3,15,17,0.95,1.69490471495367
"quant",3,15,17,0.96,1.49761383428475
"quant",3,15,17,0.97,1.26714575498907
"quant",3,15,17,0.98,0.892830148922778
"quant",3,15,17,0.99,0.501492247404317
"quant",3,15,17,0.995,0.279488409007522
"quant",3,15,18,0.9,1.70537461483176
"quant",3,15,18,0.91,1.58348012249973
"quant",3,15,18,0.92,1.45449814091821
"quant",3,15,18,0.93,1.31834227032635
"quant",3,15,18,0.94,1.17323102745281
"quant",3,15,18,0.95,1.01895032762083
"quant",3,15,18,0.96,0.854906968300563
"quant",3,15,18,0.97,0.679645479634965
"quant",3,15,18,0.98,0.506280302623401
"quant",3,15,18,0.99,0.311974539806474
"quant",3,15,18,0.995,0.169287290786709
"quant",3,15,19,0.9,1.91071353790166
"quant",3,15,19,0.91,1.79981910258967
"quant",3,15,19,0.92,1.67883277735537
"quant",3,15,19,0.93,1.5475725649001
"quant",3,15,19,0.94,1.40579693853985
"quant",3,15,19,0.95,1.25086314021992
"quant",3,15,19,0.96,1.08061251327461
"quant",3,15,19,0.97,0.891026028541543
"quant",3,15,19,0.98,0.682459136283472
"quant",3,15,19,0.99,0.445796520378459
"quant",3,15,19,0.995,0.303618306421797
"quant",3,15,20,0.9,2.21735595314398
"quant",3,15,20,0.91,2.07284869382436
"quant",3,15,20,0.92,1.92047575048562
"quant",3,15,20,0.93,1.75565092978537
"quant",3,15,20,0.94,1.57996942431161
"quant",3,15,20,0.95,1.38571987737979
"quant",3,15,20,0.96,1.16556262267048
"quant",3,15,20,0.97,0.91227739407018
"quant",3,15,20,0.98,0.640794973705754
"quant",3,15,20,0.99,0.349744656776467
"quant",3,15,20,0.995,0.189241335887474
"quant",3,15,21,0.9,1.60179510338147
"quant",3,15,21,0.91,1.48355665526596
"quant",3,15,21,0.92,1.35957717790368
"quant",3,15,21,0.93,1.2292427155515
"quant",3,15,21,0.94,1.0915773668168
"quant",3,15,21,0.95,0.945696914738273
"quant",3,15,21,0.96,0.790404408360556
"quant",3,15,21,0.97,0.626684910114607
"quant",3,15,21,0.98,0.451401957392392
"quant",3,15,21,0.99,0.256218508439548
"quant",3,15,21,0.995,0.146091578258815
"quant",3,15,22,0.9,2.19433365341911
"quant",3,15,22,0.91,2.07964088114123
"quant",3,15,22,0.92,1.9557535548417
"quant",3,15,22,0.93,1.82158076991168
"quant",3,15,22,0.94,1.67553611246074
"quant",3,15,22,0.95,1.51623703007581
"quant",3,15,22,0.96,1.34444806076872
"quant",3,15,22,0.97,1.15530822778106
"quant",3,15,22,0.98,0.945308135124161
"quant",3,15,22,0.99,0.701378389231396
"quant",3,15,22,0.995,0.552909422289109
"quant",3,15,23,0.9,1.85097157226189
"quant",3,15,23,0.91,1.72651405813709
"quant",3,15,23,0.92,1.59446891665743
"quant",3,15,23,0.93,1.45477803646677
"quant",3,15,23,0.94,1.30533305829791
"quant",3,15,23,0.95,1.1452505033265
"quant",3,15,23,0.96,0.976439092400853
"quant",3,15,23,0.97,0.795263654725614
"quant",3,15,23,0.98,0.596035235341852
"quant",3,15,23,0.99,0.35943652175574
"quant",3,15,23,0.995,0.219939919498677
"quant",3,15,24,0.9,1.4181526452451
"quant",3,15,24,0.91,1.33468418440683
"quant",3,15,24,0.92,1.24481608629532
"quant",3,15,24,0.93,1.14874215982334
"quant",3,15,24,0.94,1.0450189443937
"quant",3,15,24,0.95,0.930234229905603
"quant",3,15,24,0.96,0.801323481998271
"quant",3,15,24,0.97,0.653725835616349
"quant",3,15,24,0.98,0.497166114167776
"quant",3,15,24,0.99,0.315989229464665
"quant",3,15,24,0.995,0.175237778135222
"quant",3,15,25,0.9,1.96637785530929
"quant",3,15,25,0.91,1.84822115176588
"quant",3,15,25,0.92,1.71953227021675
"quant",3,15,25,0.93,1.57814618088561
"quant",3,15,25,0.94,1.42358337095008
"quant",3,15,25,0.95,1.26073048104415
"quant",3,15,25,0.96,1.08025339925198
"quant",3,15,25,0.97,0.900447675457296
"quant",3,15,25,0.98,0.694414501611903
"quant",3,15,25,0.99,0.394754805916896
"quant",3,15,25,0.995,0.214008460745824
"quant",3,15,26,0.9,3.10171085462388
"quant",3,15,26,0.91,2.99196572370689
"quant",3,15,26,0.92,2.87148573514142
"quant",3,15,26,0.93,2.73872928163312
"quant",3,15,26,0.94,2.59230602066898
"quant",3,15,26,0.95,2.43037520669441
"quant",3,15,26,0.96,2.24889136374553
"quant",3,15,26,0.97,2.03828866711243
"quant",3,15,26,0.98,1.74244768597397
"quant",3,15,26,0.99,1.28848728331932
"quant",3,15,26,0.995,1.03601176131838
"quant",3,15,27,0.9,2.12604514319129
"quant",3,15,27,0.91,2.00177035365615
"quant",3,15,27,0.92,1.86927488950092
"quant",3,15,27,0.93,1.72954462055062
"quant",3,15,27,0.94,1.58011087259051
"quant",3,15,27,0.95,1.41953606130451
"quant",3,15,27,0.96,1.24419581793875
"quant",3,15,27,0.97,1.05170878584157
"quant",3,15,27,0.98,0.850583067189756
"quant",3,15,27,0.99,0.66387104632734
"quant",3,15,27,0.995,0.360716727679891
"quant",3,15,28,0.9,2.08206388881959
"quant",3,15,28,0.91,1.93907021631358
"quant",3,15,28,0.92,1.7845596795991
"quant",3,15,28,0.93,1.61657779482142
"quant",3,15,28,0.94,1.43323610059954
"quant",3,15,28,0.95,1.23483998078121
"quant",3,15,28,0.96,1.01255494623355
"quant",3,15,28,0.97,0.777032296857352
"quant",3,15,28,0.98,0.548916735600741
"quant",3,15,28,0.99,0.32452976636884
"quant",3,15,28,0.995,0.173025007046305
"quant",3,15,29,0.9,1.97331227354467
"quant",3,15,29,0.91,1.82534167087191
"quant",3,15,29,0.92,1.67331531355786
"quant",3,15,29,0.93,1.51680492467217
"quant",3,15,29,0.94,1.35021827203366
"quant",3,15,29,0.95,1.17468072141998
"quant",3,15,29,0.96,0.987424754360248
"quant",3,15,29,0.97,0.785117746845425
"quant",3,15,29,0.98,0.558797661809965
"quant",3,15,29,0.99,0.307955332921354
"quant",3,15,29,0.995,0.163800607436623
"quant",3,15,30,0.9,1.62817887878598
"quant",3,15,30,0.91,1.52267402966764
"quant",3,15,30,0.92,1.40878767340535
"quant",3,15,30,0.93,1.28791249417061
"quant",3,15,30,0.94,1.15827989201142
"quant",3,15,30,0.95,1.01858062657069
"quant",3,15,30,0.96,0.867443030961519
"quant",3,15,30,0.97,0.700381160929246
"quant",3,15,30,0.98,0.513804575745686
"quant",3,15,30,0.99,0.29619762252845
"quant",3,15,30,0.995,0.171727123154136
"quant",3,15,31,0.9,1.58566145005845
"quant",3,15,31,0.91,1.49339578326548
"quant",3,15,31,0.92,1.39529916063357
"quant",3,15,31,0.93,1.2888689458579
"quant",3,15,31,0.94,1.17233982153086
"quant",3,15,31,0.95,1.04816319511678
"quant",3,15,31,0.96,0.928965761511033
"quant",3,15,31,0.97,0.801289772805951
"quant",3,15,31,0.98,0.615114566401388
"quant",3,15,31,0.99,0.35268574788367
"quant",3,15,31,0.995,0.190737617050928
"quant",3,15,32,0.9,2.1019970323769
"quant",3,15,32,0.91,2.00054638401469
"quant",3,15,32,0.92,1.88842809445839
"quant",3,15,32,0.93,1.76507228415473
"quant",3,15,32,0.94,1.6274326416883
"quant",3,15,32,0.95,1.47011556873042
"quant",3,15,32,0.96,1.29224852688797
"quant",3,15,32,0.97,1.09164667322497
"quant",3,15,32,0.98,0.865345310689543
"quant",3,15,32,0.99,0.59887146545701
"quant",3,15,32,0.995,0.437024314204922
"quant",3,15,33,0.9,1.86566496043624
"quant",3,15,33,0.91,1.77266381189362
"quant",3,15,33,0.92,1.67211100645523
"quant",3,15,33,0.93,1.56161093119305
"quant",3,15,33,0.94,1.44149656318962
"quant",3,15,33,0.95,1.30649159609328
"quant",3,15,33,0.96,1.15502122406348
"quant",3,15,33,0.97,0.984570748151608
"quant",3,15,33,0.98,0.786506220280516
"quant",3,15,33,0.99,0.549787393333336
"quant",3,15,33,0.995,0.407842357222314
"quant",3,15,34,0.9,1.87674912232034
"quant",3,15,34,0.91,1.75818221799418
"quant",3,15,34,0.92,1.62979907310943
"quant",3,15,34,0.93,1.49205922197206
"quant",3,15,34,0.94,1.33984153471199
"quant",3,15,34,0.95,1.18773974244774
"quant",3,15,34,0.96,1.06910994791491
"quant",3,15,34,0.97,0.916430154471539
"quant",3,15,34,0.98,0.687101362578475
"quant",3,15,34,0.99,0.385460336463317
"quant",3,15,34,0.995,0.206087407413304
"quant",3,15,35,0.9,1.36478488090922
"quant",3,15,35,0.91,1.27822625305753
"quant",3,15,35,0.92,1.18209756752107
"quant",3,15,35,0.93,1.07673781068254
"quant",3,15,35,0.94,0.961512380206533
"quant",3,15,35,0.95,0.837028833888836
"quant",3,15,35,0.96,0.702832647625617
"quant",3,15,35,0.97,0.557726282776507
"quant",3,15,35,0.98,0.403483910462049
"quant",3,15,35,0.99,0.227313844930169
"quant",3,15,35,0.995,0.122966951840971
"quant",3,15,36,0.9,1.63425586351386
"quant",3,15,36,0.91,1.52869081589266
"quant",3,15,36,0.92,1.41814291139037
"quant",3,15,36,0.93,1.30335886032546
"quant",3,15,36,0.94,1.18147280698704
"quant",3,15,36,0.95,1.04548474489604
"quant",3,15,36,0.96,0.903694822737781
"quant",3,15,36,0.97,0.768977341888904
"quant",3,15,36,0.98,0.575704399711504
"quant",3,15,36,0.99,0.326447317703348
"quant",3,15,36,0.995,0.176547521591133
"quant",3,15,37,0.9,2.61733100890188
"quant",3,15,37,0.91,2.50247606722086
"quant",3,15,37,0.92,2.37877646938321
"quant",3,15,37,0.93,2.24632264674843
"quant",3,15,37,0.94,2.10434698822563
"quant",3,15,37,0.95,1.94942997474826
"quant",3,15,37,0.96,1.77737703634616
"quant",3,15,37,0.97,1.58170997619307
"quant",3,15,37,0.98,1.34928887914847
"quant",3,15,37,0.99,1.05031059219095
"quant",3,15,37,0.995,0.842535180865604
"quant",3,15,38,0.9,1.56646253911512
"quant",3,15,38,0.91,1.45630329769015
"quant",3,15,38,0.92,1.34056307348814
"quant",3,15,38,0.93,1.21909241730925
"quant",3,15,38,0.94,1.08905065320992
"quant",3,15,38,0.95,0.945153046044747
"quant",3,15,38,0.96,0.786220698921261
"quant",3,15,38,0.97,0.6206397541386
"quant",3,15,38,0.98,0.446430528074547
"quant",3,15,38,0.99,0.263920608514633
"quant",3,15,38,0.995,0.158557725968253
"quant",3,15,39,0.9,1.37645106875009
"quant",3,15,39,0.91,1.28572169621637
"quant",3,15,39,0.92,1.18885722395773
"quant",3,15,39,0.93,1.08489516313569
"quant",3,15,39,0.94,0.974366509606847
"quant",3,15,39,0.95,0.854469776184572
"quant",3,15,39,0.96,0.723691755158489
"quant",3,15,39,0.97,0.579884343422377
"quant",3,15,39,0.98,0.419449453552875
"quant",3,15,39,0.99,0.234293929872825
"quant",3,15,39,0.995,0.129226170270043
"quant",3,15,40,0.9,1.61836230974114
"quant",3,15,40,0.91,1.49297184196656
"quant",3,15,40,0.92,1.36030660274014
"quant",3,15,40,0.93,1.22019421584825
"quant",3,15,40,0.94,1.07633545269426
"quant",3,15,40,0.95,0.929502406696303
"quant",3,15,40,0.96,0.776563246750015
"quant",3,15,40,0.97,0.612083359010078
"quant",3,15,40,0.98,0.436945582535001
"quant",3,15,40,0.99,0.242341200998965
"quant",3,15,40,0.995,0.130344959207122
"quant",3,15,41,0.9,3.08920392309532
"quant",3,15,41,0.91,2.9630056942714
"quant",3,15,41,0.92,2.82924317035751
"quant",3,15,41,0.93,2.68555348399317
"quant",3,15,41,0.94,2.52542973248534
"quant",3,15,41,0.95,2.34481472725589
"quant",3,15,41,0.96,2.12905866773089
"quant",3,15,41,0.97,1.87326659777198
"quant",3,15,41,0.98,1.46931831998851
"quant",3,15,41,0.99,0.986782198106372
"quant",3,15,41,0.995,0.716469986009215
"quant",3,15,42,0.9,1.94648162260071
"quant",3,15,42,0.91,1.80129765595197
"quant",3,15,42,0.92,1.64646392037463
"quant",3,15,42,0.93,1.48279371089154
"quant",3,15,42,0.94,1.31235637340526
"quant",3,15,42,0.95,1.13331368199681
"quant",3,15,42,0.96,0.946015252141777
"quant",3,15,42,0.97,0.749618820530941
"quant",3,15,42,0.98,0.538196412283785
"quant",3,15,42,0.99,0.300447567655386
"quant",3,15,42,0.995,0.167455300380489
"quant",3,15,43,0.9,1.67804853541666
"quant",3,15,43,0.91,1.59097023759766
"quant",3,15,43,0.92,1.49621900692027
"quant",3,15,43,0.93,1.39117105804174
"quant",3,15,43,0.94,1.26708243034519
"quant",3,15,43,0.95,1.11976605850966
"quant",3,15,43,0.96,0.949522556890673
"quant",3,15,43,0.97,0.756198049735256
"quant",3,15,43,0.98,0.537749341586246
"quant",3,15,43,0.99,0.291066482247398
"quant",3,15,43,0.995,0.155200668294351
"quant",3,15,44,0.9,1.83868281744556
"quant",3,15,44,0.91,1.70695954908408
"quant",3,15,44,0.92,1.56653283082783
"quant",3,15,44,0.93,1.41623527621984
"quant",3,15,44,0.94,1.25589036233744
"quant",3,15,44,0.95,1.08578730407375
"quant",3,15,44,0.96,0.905301801269122
"quant",3,15,44,0.97,0.711039014211839
"quant",3,15,44,0.98,0.502527067907833
"quant",3,15,44,0.99,0.275428713269429
"quant",3,15,44,0.995,0.14668872826488
"quant",3,15,45,0.9,1.83313168897256
"quant",3,15,45,0.91,1.72090591059106
"quant",3,15,45,0.92,1.60234633769254
"quant",3,15,45,0.93,1.47545981938596
"quant",3,15,45,0.94,1.3380302747305
"quant",3,15,45,0.95,1.19180633686668
"quant",3,15,45,0.96,1.03359842586358
"quant",3,15,45,0.97,0.846850926187728
"quant",3,15,45,0.98,0.625059519538814
"quant",3,15,45,0.99,0.353787536563511
"quant",3,15,45,0.995,0.193192657617519
"quant",3,15,46,0.9,1.80203340468213
"quant",3,15,46,0.91,1.67722591121828
"quant",3,15,46,0.92,1.54558477513783
"quant",3,15,46,0.93,1.40664876634115
"quant",3,15,46,0.94,1.2571864820876
"quant",3,15,46,0.95,1.09295338869739
"quant",3,15,46,0.96,0.915190360197034
"quant",3,15,46,0.97,0.724316539246506
"quant",3,15,46,0.98,0.514163387977182
"quant",3,15,46,0.99,0.281187372949646
"quant",3,15,46,0.995,0.149761676797032
"quant",3,15,47,0.9,1.56693263015286
"quant",3,15,47,0.91,1.45869744791032
"quant",3,15,47,0.92,1.34511487153798
"quant",3,15,47,0.93,1.22230684584663
"quant",3,15,47,0.94,1.09126382990399
"quant",3,15,47,0.95,0.94928969239027
"quant",3,15,47,0.96,0.797538302177209
"quant",3,15,47,0.97,0.631064446379612
"quant",3,15,47,0.98,0.448356434012136
"quant",3,15,47,0.99,0.246484090076256
"quant",3,15,47,0.995,0.132870127927501
"quant",3,15,48,0.9,1.86883705676653
"quant",3,15,48,0.91,1.76223334617352
"quant",3,15,48,0.92,1.64694640179071
"quant",3,15,48,0.93,1.52231619940164
"quant",3,15,48,0.94,1.38886336578633
"quant",3,15,48,0.95,1.24241618069083
"quant",3,15,48,0.96,1.07072249415763
"quant",3,15,48,0.97,0.86252604843708
"quant",3,15,48,0.98,0.61868293309495
"quant",3,15,48,0.99,0.339320631447236
"quant",3,15,48,0.995,0.184371391686536
"quant",3,15,49,0.9,1.86676896835595
"quant",3,15,49,0.91,1.73822835894589
"quant",3,15,49,0.92,1.59952129051717
"quant",3,15,49,0.93,1.45224119845097
"quant",3,15,49,0.94,1.29574929216275
"quant",3,15,49,0.95,1.12676634782483
"quant",3,15,49,0.96,0.945130020877007
"quant",3,15,49,0.97,0.75118961854509
"quant",3,15,49,0.98,0.543980677923863
"quant",3,15,49,0.99,0.317280514050544
"quant",3,15,49,0.995,0.187965499660901
"quant",3,15,50,0.9,3.12025068817891
"quant",3,15,50,0.91,3.0236293677177
"quant",3,15,50,0.92,2.91624945535741
"quant",3,15,50,0.93,2.79446160322964
"quant",3,15,50,0.94,2.65880130041824
"quant",3,15,50,0.95,2.50586775287035
"quant",3,15,50,0.96,2.32558814155118
"quant",3,15,50,0.97,2.10220982459467
"quant",3,15,50,0.98,1.82968159402654
"quant",3,15,50,0.99,1.45279357153039
"quant",3,15,50,0.995,1.18031786666718
"quant",4,15,1,0.9,1.87034251454083
"quant",4,15,1,0.91,1.72394088378418
"quant",4,15,1,0.92,1.56554261967928
"quant",4,15,1,0.93,1.39786397885375
"quant",4,15,1,0.94,1.22553500261742
"quant",4,15,1,0.95,1.04903732277176
"quant",4,15,1,0.96,0.864859679889999
"quant",4,15,1,0.97,0.701149209199748
"quant",4,15,1,0.98,0.528738573603403
"quant",4,15,1,0.99,0.310335528920631
"quant",4,15,1,0.995,0.16920125426702
"quant",4,15,2,0.9,1.57320562398138
"quant",4,15,2,0.91,1.47102145104037
"quant",4,15,2,0.92,1.35909795457567
"quant",4,15,2,0.93,1.23914111070288
"quant",4,15,2,0.94,1.11458965681388
"quant",4,15,2,0.95,0.983525873451691
"quant",4,15,2,0.96,0.843290162270061
"quant",4,15,2,0.97,0.675760827638792
"quant",4,15,2,0.98,0.484999920823377
"quant",4,15,2,0.99,0.272545458956698
"quant",4,15,2,0.995,0.146799152183438
"quant",4,15,3,0.9,1.77259448199846
"quant",4,15,3,0.91,1.65347881180703
"quant",4,15,3,0.92,1.52839932759474
"quant",4,15,3,0.93,1.39628804522614
"quant",4,15,3,0.94,1.25631705939162
"quant",4,15,3,0.95,1.1084440498139
"quant",4,15,3,0.96,0.946596423933513
"quant",4,15,3,0.97,0.768744264132541
"quant",4,15,3,0.98,0.574176929012566
"quant",4,15,3,0.99,0.345463245706737
"quant",4,15,3,0.995,0.207133001224522
"quant",4,15,4,0.9,1.60964041489161
"quant",4,15,4,0.91,1.4982126879955
"quant",4,15,4,0.92,1.38052624327674
"quant",4,15,4,0.93,1.25795376676805
"quant",4,15,4,0.94,1.13235075601708
"quant",4,15,4,0.95,0.998506333994306
"quant",4,15,4,0.96,0.852524014871526
"quant",4,15,4,0.97,0.692484718474046
"quant",4,15,4,0.98,0.515288582277085
"quant",4,15,4,0.99,0.301760566284022
"quant",4,15,4,0.995,0.166420298810484
"quant",4,15,5,0.9,1.6412097696093
"quant",4,15,5,0.91,1.53505058704008
"quant",4,15,5,0.92,1.42828273861467
"quant",4,15,5,0.93,1.33530298552494
"quant",4,15,5,0.94,1.21649809115111
"quant",4,15,5,0.95,1.07355748732901
"quant",4,15,5,0.96,0.907645807666855
"quant",4,15,5,0.97,0.720875293796639
"quant",4,15,5,0.98,0.511069602778195
"quant",4,15,5,0.99,0.277988143165842
"quant",4,15,5,0.995,0.147542298121438
"quant",4,15,6,0.9,1.87556911217066
"quant",4,15,6,0.91,1.75716849637322
"quant",4,15,6,0.92,1.62946689972635
"quant",4,15,6,0.93,1.49105183311665
"quant",4,15,6,0.94,1.34109179167149
"quant",4,15,6,0.95,1.17557528036622
"quant",4,15,6,0.96,0.995585869704865
"quant",4,15,6,0.97,0.798993512673599
"quant",4,15,6,0.98,0.604500249979747
"quant",4,15,6,0.99,0.414170590111236
"quant",4,15,6,0.995,0.227549210689716
"quant",4,15,7,0.9,2.24921852340118
"quant",4,15,7,0.91,2.09637606400512
"quant",4,15,7,0.92,1.93263728649357
"quant",4,15,7,0.93,1.7563094672789
"quant",4,15,7,0.94,1.56358907637639
"quant",4,15,7,0.95,1.36038380611923
"quant",4,15,7,0.96,1.14423031056527
"quant",4,15,7,0.97,0.929408515681837
"quant",4,15,7,0.98,0.678705768628011
"quant",4,15,7,0.99,0.387204013951241
"quant",4,15,7,0.995,0.210052538146108
"quant",4,15,8,0.9,1.43249731926106
"quant",4,15,8,0.91,1.33650727031288
"quant",4,15,8,0.92,1.23878739856352
"quant",4,15,8,0.93,1.13828219647912
"quant",4,15,8,0.94,1.03304011843177
"quant",4,15,8,0.95,0.928069916110813
"quant",4,15,8,0.96,0.824776193700025
"quant",4,15,8,0.97,0.700764294251829
"quant",4,15,8,0.98,0.612974903065334
"quant",4,15,8,0.99,0.471608065764989
"quant",4,15,8,0.995,0.264712855288087
"quant",4,15,9,0.9,2.21923114527537
"quant",4,15,9,0.91,2.10113401499574
"quant",4,15,9,0.92,1.97744354222988
"quant",4,15,9,0.93,1.84705036752682
"quant",4,15,9,0.94,1.70833672234027
"quant",4,15,9,0.95,1.56175454261367
"quant",4,15,9,0.96,1.40296236051323
"quant",4,15,9,0.97,1.22644642461696
"quant",4,15,9,0.98,1.02798592709282
"quant",4,15,9,0.99,0.781657554231604
"quant",4,15,9,0.995,0.611069035442444
"quant",4,15,10,0.9,1.56908911237671
"quant",4,15,10,0.91,1.47231784066998
"quant",4,15,10,0.92,1.36831429985577
"quant",4,15,10,0.93,1.2555078156075
"quant",4,15,10,0.94,1.13072195134657
"quant",4,15,10,0.95,0.995506230920423
"quant",4,15,10,0.96,0.850195852758906
"quant",4,15,10,0.97,0.693933167972439
"quant",4,15,10,0.98,0.529389418062848
"quant",4,15,10,0.99,0.311384316403624
"quant",4,15,10,0.995,0.170384967534497
"quant",4,15,11,0.9,2.31181853768743
"quant",4,15,11,0.91,2.17006874535404
"quant",4,15,11,0.92,2.01668490549722
"quant",4,15,11,0.93,1.85236568484332
"quant",4,15,11,0.94,1.67411359385663
"quant",4,15,11,0.95,1.48128842005574
"quant",4,15,11,0.96,1.26881340104377
"quant",4,15,11,0.97,1.03172076121771
"quant",4,15,11,0.98,0.749634440948459
"quant",4,15,11,0.99,0.41889863576998
"quant",4,15,11,0.995,0.239449448749806
"quant",4,15,12,0.9,2.16124504908232
"quant",4,15,12,0.91,2.03935306455655
"quant",4,15,12,0.92,1.90947531218131
"quant",4,15,12,0.93,1.76838141853044
"quant",4,15,12,0.94,1.62253667587185
"quant",4,15,12,0.95,1.46509317898027
"quant",4,15,12,0.96,1.26082207419189
"quant",4,15,12,0.97,1.02487254926629
"quant",4,15,12,0.98,0.756194383085274
"quant",4,15,12,0.99,0.443380235699256
"quant",4,15,12,0.995,0.256110750044152
"quant",4,15,13,0.9,1.33812105956243
"quant",4,15,13,0.91,1.25822726087743
"quant",4,15,13,0.92,1.17109856879611
"quant",4,15,13,0.93,1.07468209837252
"quant",4,15,13,0.94,0.9685119610447
"quant",4,15,13,0.95,0.848535889271211
"quant",4,15,13,0.96,0.714324025609864
"quant",4,15,13,0.97,0.561262317131782
"quant",4,15,13,0.98,0.415891628933304
"quant",4,15,13,0.99,0.260665367412837
"quant",4,15,13,0.995,0.141252666704155
"quant",4,15,14,0.9,1.79795132345764
"quant",4,15,14,0.91,1.68080401121501
"quant",4,15,14,0.92,1.55536029563882
"quant",4,15,14,0.93,1.42759355791086
"quant",4,15,14,0.94,1.29987975215757
"quant",4,15,14,0.95,1.17536902060627
"quant",4,15,14,0.96,1.06058193177024
"quant",4,15,14,0.97,0.939317084432392
"quant",4,15,14,0.98,0.773454291014135
"quant",4,15,14,0.99,0.488044302099863
"quant",4,15,14,0.995,0.266867602587924
"quant",4,15,15,0.9,1.77374125334426
"quant",4,15,15,0.91,1.66734760280071
"quant",4,15,15,0.92,1.5553621403235
"quant",4,15,15,0.93,1.43724293436234
"quant",4,15,15,0.94,1.31146807301066
"quant",4,15,15,0.95,1.17567906146482
"quant",4,15,15,0.96,1.02624696228288
"quant",4,15,15,0.97,0.859988344463645
"quant",4,15,15,0.98,0.653968505172898
"quant",4,15,15,0.99,0.373976044682419
"quant",4,15,15,0.995,0.206636308194866
"quant",4,15,16,0.9,1.60593147634596
"quant",4,15,16,0.91,1.50188093704158
"quant",4,15,16,0.92,1.38992976707573
"quant",4,15,16,0.93,1.26968947353357
"quant",4,15,16,0.94,1.13880261541884
"quant",4,15,16,0.95,0.996295012347727
"quant",4,15,16,0.96,0.840451866244845
"quant",4,15,16,0.97,0.669317720219914
"quant",4,15,16,0.98,0.476395138296547
"quant",4,15,16,0.99,0.259874186132094
"quant",4,15,16,0.995,0.1384772576243
"quant",4,15,17,0.9,2.46262923134204
"quant",4,15,17,0.91,2.32766326309546
"quant",4,15,17,0.92,2.18514457265469
"quant",4,15,17,0.93,2.03359624402566
"quant",4,15,17,0.94,1.87309425910111
"quant",4,15,17,0.95,1.6962980831889
"quant",4,15,17,0.96,1.49780060008977
"quant",4,15,17,0.97,1.26634112010471
"quant",4,15,17,0.98,0.884348407889345
"quant",4,15,17,0.99,0.501719973020442
"quant",4,15,17,0.995,0.281682673842156
"quant",4,15,18,0.9,1.70494424193898
"quant",4,15,18,0.91,1.5835339952052
"quant",4,15,18,0.92,1.45497923405333
"quant",4,15,18,0.93,1.31886080582521
"quant",4,15,18,0.94,1.17356867958657
"quant",4,15,18,0.95,1.01970720811102
"quant",4,15,18,0.96,0.855426163056857
"quant",4,15,18,0.97,0.679207462360133
"quant",4,15,18,0.98,0.503502716572235
"quant",4,15,18,0.99,0.313137620180288
"quant",4,15,18,0.995,0.171911936903931
"quant",4,15,19,0.9,1.91099067758037
"quant",4,15,19,0.91,1.79956350015181
"quant",4,15,19,0.92,1.67875272457604
"quant",4,15,19,0.93,1.54704484459819
"quant",4,15,19,0.94,1.40449914914913
"quant",4,15,19,0.95,1.24842504648775
"quant",4,15,19,0.96,1.07664045048291
"quant",4,15,19,0.97,0.885643614339296
"quant",4,15,19,0.98,0.677127633625359
"quant",4,15,19,0.99,0.442095699757105
"quant",4,15,19,0.995,0.302966164188512
"quant",4,15,20,0.9,2.21772644716729
"quant",4,15,20,0.91,2.07323132332335
"quant",4,15,20,0.92,1.92094145020283
"quant",4,15,20,0.93,1.75624885386933
"quant",4,15,20,0.94,1.58026962296902
"quant",4,15,20,0.95,1.38478363009387
"quant",4,15,20,0.96,1.16196994423885
"quant",4,15,20,0.97,0.908649384446311
"quant",4,15,20,0.98,0.637022349252978
"quant",4,15,20,0.99,0.351632994396706
"quant",4,15,20,0.995,0.191939170273615
"quant",4,15,21,0.9,1.60057720065969
"quant",4,15,21,0.91,1.4833742310817
"quant",4,15,21,0.92,1.35950351166263
"quant",4,15,21,0.93,1.22883608365212
"quant",4,15,21,0.94,1.09161373191702
"quant",4,15,21,0.95,0.94544481779173
"quant",4,15,21,0.96,0.790229586042791
"quant",4,15,21,0.97,0.625990212210611
"quant",4,15,21,0.98,0.449940046225348
"quant",4,15,21,0.99,0.254885234785341
"quant",4,15,21,0.995,0.1441247536994
"quant",4,15,22,0.9,2.19093466396211
"quant",4,15,22,0.91,2.07690817201314
"quant",4,15,22,0.92,1.95370511781904
"quant",4,15,22,0.93,1.82026798043644
"quant",4,15,22,0.94,1.67494559190451
"quant",4,15,22,0.95,1.51613091271051
"quant",4,15,22,0.96,1.34416216579455
"quant",4,15,22,0.97,1.15446571192386
"quant",4,15,22,0.98,0.942133053678167
"quant",4,15,22,0.99,0.69447001121494
"quant",4,15,22,0.995,0.54107734529524
"quant",4,15,23,0.9,1.84451354282806
"quant",4,15,23,0.91,1.72129790777364
"quant",4,15,23,0.92,1.59116368185321
"quant",4,15,23,0.93,1.45302385825781
"quant",4,15,23,0.94,1.30357216337096
"quant",4,15,23,0.95,1.14520190730415
"quant",4,15,23,0.96,0.976843678615575
"quant",4,15,23,0.97,0.796213121299591
"quant",4,15,23,0.98,0.5964969618799
"quant",4,15,23,0.99,0.362078806658634
"quant",4,15,23,0.995,0.226699937306015
"quant",4,15,24,0.9,1.41769552316449
"quant",4,15,24,0.91,1.33468763354347
"quant",4,15,24,0.92,1.24555443269451
"quant",4,15,24,0.93,1.15007255085392
"quant",4,15,24,0.94,1.04690499707347
"quant",4,15,24,0.95,0.933359523653266
"quant",4,15,24,0.96,0.803273474877573
"quant",4,15,24,0.97,0.655140068606719
"quant",4,15,24,0.98,0.507188808966269
"quant",4,15,24,0.99,0.313421529326738
"quant",4,15,24,0.995,0.169521044514595
"quant",4,15,25,0.9,1.96672103274298
"quant",4,15,25,0.91,1.84884743122138
"quant",4,15,25,0.92,1.72039934121465
"quant",4,15,25,0.93,1.57875967685306
"quant",4,15,25,0.94,1.42423974077505
"quant",4,15,25,0.95,1.2622847423438
"quant",4,15,25,0.96,1.08016164907091
"quant",4,15,25,0.97,0.906220591888917
"quant",4,15,25,0.98,0.698041711462138
"quant",4,15,25,0.99,0.395702585721932
"quant",4,15,25,0.995,0.213965834833936
"quant",4,15,26,0.9,3.10166507221381
"quant",4,15,26,0.91,2.99169865756152
"quant",4,15,26,0.92,2.87158479533013
"quant",4,15,26,0.93,2.73886044695212
"quant",4,15,26,0.94,2.5927613410065
"quant",4,15,26,0.95,2.43101026324225
"quant",4,15,26,0.96,2.24936237560748
"quant",4,15,26,0.97,2.03697816796269
"quant",4,15,26,0.98,1.72850476363342
"quant",4,15,26,0.99,1.28283520205782
"quant",4,15,26,0.995,1.04364361510705
"quant",4,15,27,0.9,2.1266479799995
"quant",4,15,27,0.91,2.00262143200117
"quant",4,15,27,0.92,1.86984807085773
"quant",4,15,27,0.93,1.72960326595682
"quant",4,15,27,0.94,1.58009172693726
"quant",4,15,27,0.95,1.41922168162911
"quant",4,15,27,0.96,1.24435805042574
"quant",4,15,27,0.97,1.05262978190909
"quant",4,15,27,0.98,0.851898268475869
"quant",4,15,27,0.99,0.661210079893861
"quant",4,15,27,0.995,0.354432908896326
"quant",4,15,28,0.9,2.08615807753683
"quant",4,15,28,0.91,1.94301006665161
"quant",4,15,28,0.92,1.78842144996645
"quant",4,15,28,0.93,1.62014187907595
"quant",4,15,28,0.94,1.43552083627282
"quant",4,15,28,0.95,1.23331666592211
"quant",4,15,28,0.96,1.01077637562158
"quant",4,15,28,0.97,0.778719225431539
"quant",4,15,28,0.98,0.552032578388387
"quant",4,15,28,0.99,0.326525546338042
"quant",4,15,28,0.995,0.174454035249494
"quant",4,15,29,0.9,1.97078616459954
"quant",4,15,29,0.91,1.82501757787682
"quant",4,15,29,0.92,1.6737530347648
"quant",4,15,29,0.93,1.51729405746927
"quant",4,15,29,0.94,1.35159001718326
"quant",4,15,29,0.95,1.17563592684868
"quant",4,15,29,0.96,0.988199723104878
"quant",4,15,29,0.97,0.786758333720081
"quant",4,15,29,0.98,0.563449353481096
"quant",4,15,29,0.99,0.310007718588778
"quant",4,15,29,0.995,0.164529066021209
"quant",4,15,30,0.9,1.62865752645415
"quant",4,15,30,0.91,1.52326450832096
"quant",4,15,30,0.92,1.40964855862527
"quant",4,15,30,0.93,1.28872377408391
"quant",4,15,30,0.94,1.15907475813452
"quant",4,15,30,0.95,1.01937566127463
"quant",4,15,30,0.96,0.868142544247959
"quant",4,15,30,0.97,0.700766011885745
"quant",4,15,30,0.98,0.513597378259271
"quant",4,15,30,0.99,0.294851063144924
"quant",4,15,30,0.995,0.168079267257285
"quant",4,15,31,0.9,1.5832651814997
"quant",4,15,31,0.91,1.49082748821502
"quant",4,15,31,0.92,1.39320103004566
"quant",4,15,31,0.93,1.28693627377881
"quant",4,15,31,0.94,1.17128007236135
"quant",4,15,31,0.95,1.05011933491143
"quant",4,15,31,0.96,0.937565927705967
"quant",4,15,31,0.97,0.809668708315688
"quant",4,15,31,0.98,0.620702072350895
"quant",4,15,31,0.99,0.352006667803814
"quant",4,15,31,0.995,0.188610991981152
"quant",4,15,32,0.9,2.10248645926107
"quant",4,15,32,0.91,2.00174065949491
"quant",4,15,32,0.92,1.89090007233876
"quant",4,15,32,0.93,1.76757042887882
"quant",4,15,32,0.94,1.62982721734173
"quant",4,15,32,0.95,1.4725758746818
"quant",4,15,32,0.96,1.29500032283575
"quant",4,15,32,0.97,1.0942256709832
"quant",4,15,32,0.98,0.865723182696996
"quant",4,15,32,0.99,0.600158511695197
"quant",4,15,32,0.995,0.439878249280092
"quant",4,15,33,0.9,1.86381683923328
"quant",4,15,33,0.91,1.77030975102613
"quant",4,15,33,0.92,1.66950323815554
"quant",4,15,33,0.93,1.55906835934752
"quant",4,15,33,0.94,1.44063308361954
"quant",4,15,33,0.95,1.3074053870009
"quant",4,15,33,0.96,1.15521773041358
"quant",4,15,33,0.97,0.982361147863937
"quant",4,15,33,0.98,0.781219513651196
"quant",4,15,33,0.99,0.557552163080499
"quant",4,15,33,0.995,0.428676583849304
"quant",4,15,34,0.9,1.87757808947391
"quant",4,15,34,0.91,1.7587099915858
"quant",4,15,34,0.92,1.63042992210379
"quant",4,15,34,0.93,1.49321388352138
"quant",4,15,34,0.94,1.34009811238626
"quant",4,15,34,0.95,1.18941413552551
"quant",4,15,34,0.96,1.06928127874779
"quant",4,15,34,0.97,0.920265279043394
"quant",4,15,34,0.98,0.694072889891484
"quant",4,15,34,0.99,0.391377595524226
"quant",4,15,34,0.995,0.210665357338871
"quant",4,15,35,0.9,1.37083309260737
"quant",4,15,35,0.91,1.28472450942289
"quant",4,15,35,0.92,1.1867859053716
"quant",4,15,35,0.93,1.07821181185731
"quant",4,15,35,0.94,0.959388563503643
"quant",4,15,35,0.95,0.833091555414663
"quant",4,15,35,0.96,0.69902737152967
"quant",4,15,35,0.97,0.555907798453145
"quant",4,15,35,0.98,0.402224889592063
"quant",4,15,35,0.99,0.22704521562726
"quant",4,15,35,0.995,0.123231644141826
"quant",4,15,36,0.9,1.6369063699162
"quant",4,15,36,0.91,1.53064769433643
"quant",4,15,36,0.92,1.41862418900026
"quant",4,15,36,0.93,1.30401275626457
"quant",4,15,36,0.94,1.18193844074023
"quant",4,15,36,0.95,1.04508596402427
"quant",4,15,36,0.96,0.901880178553988
"quant",4,15,36,0.97,0.768093796451231
"quant",4,15,36,0.98,0.576147480463403
"quant",4,15,36,0.99,0.327376481945157
"quant",4,15,36,0.995,0.176705804136091
"quant",4,15,37,0.9,2.62250131505547
"quant",4,15,37,0.91,2.50592784354121
"quant",4,15,37,0.92,2.38073466220952
"quant",4,15,37,0.93,2.24605295907143
"quant",4,15,37,0.94,2.10199637099449
"quant",4,15,37,0.95,1.94532603013258
"quant",4,15,37,0.96,1.77157343968292
"quant",4,15,37,0.97,1.57301864453244
"quant",4,15,37,0.98,1.33634990969012
"quant",4,15,37,0.99,1.03098321176575
"quant",4,15,37,0.995,0.816767140820228
"quant",4,15,38,0.9,1.56383518767737
"quant",4,15,38,0.91,1.45416561665952
"quant",4,15,38,0.92,1.33881257718416
"quant",4,15,38,0.93,1.21801430034304
"quant",4,15,38,0.94,1.08857517852925
"quant",4,15,38,0.95,0.944238344083134
"quant",4,15,38,0.96,0.785686175105213
"quant",4,15,38,0.97,0.623597289865873
"quant",4,15,38,0.98,0.447772484985206
"quant",4,15,38,0.99,0.264876916045071
"quant",4,15,38,0.995,0.158251269510682
"quant",4,15,39,0.9,1.3751846362053
"quant",4,15,39,0.91,1.28437289554663
"quant",4,15,39,0.92,1.18725369134256
"quant",4,15,39,0.93,1.08313034212366
"quant",4,15,39,0.94,0.973040683830216
"quant",4,15,39,0.95,0.853667431118708
"quant",4,15,39,0.96,0.7229939874868
"quant",4,15,39,0.97,0.579890376147794
"quant",4,15,39,0.98,0.419800069399228
"quant",4,15,39,0.99,0.235884817950244
"quant",4,15,39,0.995,0.131231563244975
"quant",4,15,40,0.9,1.61909159519606
"quant",4,15,40,0.91,1.49375418854072
"quant",4,15,40,0.92,1.36116061771339
"quant",4,15,40,0.93,1.22161585521539
"quant",4,15,40,0.94,1.07833666222949
"quant",4,15,40,0.95,0.932616959453956
"quant",4,15,40,0.96,0.780470601901976
"quant",4,15,40,0.97,0.616653813288348
"quant",4,15,40,0.98,0.440430705666827
"quant",4,15,40,0.99,0.243024818722923
"quant",4,15,40,0.995,0.130374417572174
"quant",4,15,41,0.9,3.08802551277272
"quant",4,15,41,0.91,2.9625120786303
"quant",4,15,41,0.92,2.82967535703336
"quant",4,15,41,0.93,2.68654541402524
"quant",4,15,41,0.94,2.52732900001714
"quant",4,15,41,0.95,2.3474766035897
"quant",4,15,41,0.96,2.13036975131306
"quant",4,15,41,0.97,1.87446515311447
"quant",4,15,41,0.98,1.46622259421898
"quant",4,15,41,0.99,0.988410431950241
"quant",4,15,41,0.995,0.72226189418182
"quant",4,15,42,0.9,1.95591172615857
"quant",4,15,42,0.91,1.81079133961897
"quant",4,15,42,0.92,1.65585306991164
"quant",4,15,42,0.93,1.49154608994686
"quant",4,15,42,0.94,1.32078243731375
"quant",4,15,42,0.95,1.14114390689933
"quant",4,15,42,0.96,0.952189744428114
"quant",4,15,42,0.97,0.754414986085958
"quant",4,15,42,0.98,0.540445485606712
"quant",4,15,42,0.99,0.300212160078501
"quant",4,15,42,0.995,0.165559328417167
"quant",4,15,43,0.9,1.67471723224955
"quant",4,15,43,0.91,1.58728198969397
"quant",4,15,43,0.92,1.49177226988104
"quant",4,15,43,0.93,1.38657702916793
"quant",4,15,43,0.94,1.26070024066922
"quant",4,15,43,0.95,1.11253278218824
"quant",4,15,43,0.96,0.943768923300882
"quant",4,15,43,0.97,0.751360570592352
"quant",4,15,43,0.98,0.535396465149111
"quant",4,15,43,0.99,0.290412062957851
"quant",4,15,43,0.995,0.154960474970257
"quant",4,15,44,0.9,1.83184317541687
"quant",4,15,44,0.91,1.69958152993594
"quant",4,15,44,0.92,1.55907956055765
"quant",4,15,44,0.93,1.41015042443927
"quant",4,15,44,0.94,1.25140079716273
"quant",4,15,44,0.95,1.08296144606091
"quant",4,15,44,0.96,0.903958868017806
"quant",4,15,44,0.97,0.710808179015234
"quant",4,15,44,0.98,0.502242596738155
"quant",4,15,44,0.99,0.276146826651014
"quant",4,15,44,0.995,0.147697309686814
"quant",4,15,45,0.9,1.83150491696242
"quant",4,15,45,0.91,1.71960104343282
"quant",4,15,45,0.92,1.60184651972572
"quant",4,15,45,0.93,1.47723073867202
"quant",4,15,45,0.94,1.34085271884355
"quant",4,15,45,0.95,1.19633592275982
"quant",4,15,45,0.96,1.03513206604713
"quant",4,15,45,0.97,0.845396659577759
"quant",4,15,45,0.98,0.619976921788546
"quant",4,15,45,0.99,0.350883505585666
"quant",4,15,45,0.995,0.191653158829138
"quant",4,15,46,0.9,1.80075384796554
"quant",4,15,46,0.91,1.67756308127018
"quant",4,15,46,0.92,1.54728794162709
"quant",4,15,46,0.93,1.4080253504774
"quant",4,15,46,0.94,1.25879817598712
"quant",4,15,46,0.95,1.09560784741039
"quant",4,15,46,0.96,0.919639204440299
"quant",4,15,46,0.97,0.726771383200701
"quant",4,15,46,0.98,0.515507259266956
"quant",4,15,46,0.99,0.281908380394127
"quant",4,15,46,0.995,0.152012359586752
"quant",4,15,47,0.9,1.56866539039433
"quant",4,15,47,0.91,1.45974537632151
"quant",4,15,47,0.92,1.34459834352884
"quant",4,15,47,0.93,1.22000247888984
"quant",4,15,47,0.94,1.08864663732236
"quant",4,15,47,0.95,0.946799498103447
"quant",4,15,47,0.96,0.794327235414318
"quant",4,15,47,0.97,0.628931224127025
"quant",4,15,47,0.98,0.447748950153014
"quant",4,15,47,0.99,0.245985568354042
"quant",4,15,47,0.995,0.132833751288049
"quant",4,15,48,0.9,1.87073293558284
"quant",4,15,48,0.91,1.76409893371816
"quant",4,15,48,0.92,1.64907751685364
"quant",4,15,48,0.93,1.52379979646356
"quant",4,15,48,0.94,1.38936326268141
"quant",4,15,48,0.95,1.24120960142657
"quant",4,15,48,0.96,1.06907860503322
"quant",4,15,48,0.97,0.862725010049693
"quant",4,15,48,0.98,0.622352968427555
"quant",4,15,48,0.99,0.345002447601585
"quant",4,15,48,0.995,0.190548537994969
"quant",4,15,49,0.9,1.8670023837302
"quant",4,15,49,0.91,1.73881777601376
"quant",4,15,49,0.92,1.60001515456165
"quant",4,15,49,0.93,1.45251895467851
"quant",4,15,49,0.94,1.29555913523942
"quant",4,15,49,0.95,1.12673940228236
"quant",4,15,49,0.96,0.945218799118425
"quant",4,15,49,0.97,0.751985882993405
"quant",4,15,49,0.98,0.544146933734845
"quant",4,15,49,0.99,0.316526050170955
"quant",4,15,49,0.995,0.188079847784406
"quant",4,15,50,0.9,3.11881552857741
"quant",4,15,50,0.91,3.02159262974794
"quant",4,15,50,0.92,2.9129953363139
"quant",4,15,50,0.93,2.79039404233896
"quant",4,15,50,0.94,2.65348317046312
"quant",4,15,50,0.95,2.49872904420119
"quant",4,15,50,0.96,2.31650893166098
"quant",4,15,50,0.97,2.09326554278831
"quant",4,15,50,0.98,1.82182460774451
"quant",4,15,50,0.99,1.45330584944345
"quant",4,15,50,0.995,1.19739288040097
"quant",5,15,1,0.9,1.88020603717441
"quant",5,15,1,0.91,1.73033478437908
"quant",5,15,1,0.92,1.56940787211448
"quant",5,15,1,0.93,1.39782495177135
"quant",5,15,1,0.94,1.2207335955524
"quant",5,15,1,0.95,1.04301881108342
"quant",5,15,1,0.96,0.882989429489718
"quant",5,15,1,0.97,0.706881307328352
"quant",5,15,1,0.98,0.526921896179587
"quant",5,15,1,0.99,0.292484116896936
"quant",5,15,1,0.995,0.15283547326368
"quant",5,15,2,0.9,1.57387209738911
"quant",5,15,2,0.91,1.47366591596278
"quant",5,15,2,0.92,1.36319757888443
"quant",5,15,2,0.93,1.24340050254324
"quant",5,15,2,0.94,1.11724351170941
"quant",5,15,2,0.95,0.991042632388926
"quant",5,15,2,0.96,0.854920865945308
"quant",5,15,2,0.97,0.675858456568133
"quant",5,15,2,0.98,0.48619350143949
"quant",5,15,2,0.99,0.26397318027094
"quant",5,15,2,0.995,0.137735425954692
"quant",5,15,3,0.9,1.77333105933869
"quant",5,15,3,0.91,1.65498880267883
"quant",5,15,3,0.92,1.53104039964263
"quant",5,15,3,0.93,1.39919649529115
"quant",5,15,3,0.94,1.2595279753572
"quant",5,15,3,0.95,1.1119122807911
"quant",5,15,3,0.96,0.951536936731342
"quant",5,15,3,0.97,0.775008978202726
"quant",5,15,3,0.98,0.581117099812129
"quant",5,15,3,0.99,0.352598310316049
"quant",5,15,3,0.995,0.212961040952702
"quant",5,15,4,0.9,1.61079642460864
"quant",5,15,4,0.91,1.49839877539916
"quant",5,15,4,0.92,1.37918042893556
"quant",5,15,4,0.93,1.25604064437647
"quant",5,15,4,0.94,1.13003404255929
"quant",5,15,4,0.95,0.995474935593042
"quant",5,15,4,0.96,0.849829376711568
"quant",5,15,4,0.97,0.691449132012799
"quant",5,15,4,0.98,0.515419558399197
"quant",5,15,4,0.99,0.301915700453506
"quant",5,15,4,0.995,0.166490774267785
"quant",5,15,5,0.9,1.63438940533683
"quant",5,15,5,0.91,1.52917557700138
"quant",5,15,5,0.92,1.45367624955099
"quant",5,15,5,0.93,1.36364581788045
"quant",5,15,5,0.94,1.22672463784472
"quant",5,15,5,0.95,1.06795320187368
"quant",5,15,5,0.96,0.890823989993108
"quant",5,15,5,0.97,0.698831885074954
"quant",5,15,5,0.98,0.490849554384813
"quant",5,15,5,0.99,0.264412216978896
"quant",5,15,5,0.995,0.142332285336667
"quant",5,15,6,0.9,1.87513645050815
"quant",5,15,6,0.91,1.75627688568988
"quant",5,15,6,0.92,1.62806333711885
"quant",5,15,6,0.93,1.49048070612441
"quant",5,15,6,0.94,1.3399991797533
"quant",5,15,6,0.95,1.17314836135708
"quant",5,15,6,0.96,0.992435374028286
"quant",5,15,6,0.97,0.795695237001133
"quant",5,15,6,0.98,0.742379793690062
"quant",5,15,6,0.99,0.424933040673743
"quant",5,15,6,0.995,0.219287066452426
"quant",5,15,7,0.9,2.25107290327516
"quant",5,15,7,0.91,2.09714189453169
"quant",5,15,7,0.92,1.93019235132506
"quant",5,15,7,0.93,1.75118627107787
"quant",5,15,7,0.94,1.56834582719932
"quant",5,15,7,0.95,1.36881492546914
"quant",5,15,7,0.96,1.16519241863667
"quant",5,15,7,0.97,0.928739394937075
"quant",5,15,7,0.98,0.676251370823006
"quant",5,15,7,0.99,0.370338482122646
"quant",5,15,7,0.995,0.191164710746323
"quant",5,15,8,0.9,1.42862692549524
"quant",5,15,8,0.91,1.33438700590225
"quant",5,15,8,0.92,1.2381340924418
"quant",5,15,8,0.93,1.14134523447328
"quant",5,15,8,0.94,1.03897442234074
"quant",5,15,8,0.95,0.933569581288554
"quant",5,15,8,0.96,0.824629733092105
"quant",5,15,8,0.97,0.681552879083931
"quant",5,15,8,0.98,0.596421909774849
"quant",5,15,8,0.99,0.471000548736112
"quant",5,15,8,0.995,0.266364114438411
"quant",5,15,9,0.9,2.21623339432783
"quant",5,15,9,0.91,2.09818447348094
"quant",5,15,9,0.92,1.97448085633955
"quant",5,15,9,0.93,1.84446355218226
"quant",5,15,9,0.94,1.70624850223426
"quant",5,15,9,0.95,1.56074427647112
"quant",5,15,9,0.96,1.40349856806829
"quant",5,15,9,0.97,1.22970757539576
"quant",5,15,9,0.98,1.0352156308294
"quant",5,15,9,0.99,0.789394892469149
"quant",5,15,9,0.995,0.621088694904978
"quant",5,15,10,0.9,1.55518872312563
"quant",5,15,10,0.91,1.45992130295153
"quant",5,15,10,0.92,1.35715876623801
"quant",5,15,10,0.93,1.24685843796613
"quant",5,15,10,0.94,1.12518565078759
"quant",5,15,10,0.95,0.992814629861407
"quant",5,15,10,0.96,0.850799901283454
"quant",5,15,10,0.97,0.70176674340165
"quant",5,15,10,0.98,0.546822245235125
"quant",5,15,10,0.99,0.306854763293876
"quant",5,15,10,0.995,0.1626496892043
"quant",5,15,11,0.9,2.31813539054512
"quant",5,15,11,0.91,2.17727721120004
"quant",5,15,11,0.92,2.02403791380329
"quant",5,15,11,0.93,1.85825611184901
"quant",5,15,11,0.94,1.67836381535155
"quant",5,15,11,0.95,1.48028163951013
"quant",5,15,11,0.96,1.26081547329566
"quant",5,15,11,0.97,1.01292810507008
"quant",5,15,11,0.98,0.717986814761185
"quant",5,15,11,0.99,0.430425202715085
"quant",5,15,11,0.995,0.265867812807302
"quant",5,15,12,0.9,2.15849832282626
"quant",5,15,12,0.91,2.03706719072278
"quant",5,15,12,0.92,1.90854388917616
"quant",5,15,12,0.93,1.77236922954356
"quant",5,15,12,0.94,1.64970045729931
"quant",5,15,12,0.95,1.47895290099662
"quant",5,15,12,0.96,1.26449835849974
"quant",5,15,12,0.97,1.02565721897327
"quant",5,15,12,0.98,0.758264374357824
"quant",5,15,12,0.99,0.454732174917274
"quant",5,15,12,0.995,0.282712604150702
"quant",5,15,13,0.9,1.33911772267446
"quant",5,15,13,0.91,1.25960432064983
"quant",5,15,13,0.92,1.17236461523203
"quant",5,15,13,0.93,1.07642603086823
"quant",5,15,13,0.94,0.970801556520501
"quant",5,15,13,0.95,0.851972995479002
"quant",5,15,13,0.96,0.716719387317089
"quant",5,15,13,0.97,0.562337262520546
"quant",5,15,13,0.98,0.448257800158859
"quant",5,15,13,0.99,0.261295643794217
"quant",5,15,13,0.995,0.137036433159248
"quant",5,15,14,0.9,1.77512036288611
"quant",5,15,14,0.91,1.66170282591819
"quant",5,15,14,0.92,1.53833810988741
"quant",5,15,14,0.93,1.40959656872096
"quant",5,15,14,0.94,1.28012256424866
"quant",5,15,14,0.95,1.1696286952963
"quant",5,15,14,0.96,1.06498532033476
"quant",5,15,14,0.97,0.875071449734454
"quant",5,15,14,0.98,0.879538812539199
"quant",5,15,14,0.99,0.488705206183809
"quant",5,15,14,0.995,0.250025631852554
"quant",5,15,15,0.9,1.76714004246926
"quant",5,15,15,0.91,1.660645727274
"quant",5,15,15,0.92,1.54911118552395
"quant",5,15,15,0.93,1.43216606308423
"quant",5,15,15,0.94,1.30804482599473
"quant",5,15,15,0.95,1.17454938697122
"quant",5,15,15,0.96,1.02674466829835
"quant",5,15,15,0.97,0.86093632994501
"quant",5,15,15,0.98,0.651963338985725
"quant",5,15,15,0.99,0.363835715550358
"quant",5,15,15,0.995,0.199634314053634
"quant",5,15,16,0.9,1.59503609051273
"quant",5,15,16,0.91,1.49256254454072
"quant",5,15,16,0.92,1.38176089845447
"quant",5,15,16,0.93,1.26451872041424
"quant",5,15,16,0.94,1.13677235837511
"quant",5,15,16,0.95,0.997152973828058
"quant",5,15,16,0.96,0.844197207966533
"quant",5,15,16,0.97,0.675838474080746
"quant",5,15,16,0.98,0.480719034062941
"quant",5,15,16,0.99,0.25959430159844
"quant",5,15,16,0.995,0.138181167536934
"quant",5,15,17,0.9,2.46197233525856
"quant",5,15,17,0.91,2.32543693712697
"quant",5,15,17,0.92,2.18359962329508
"quant",5,15,17,0.93,2.0335901335878
"quant",5,15,17,0.94,1.87362515845197
"quant",5,15,17,0.95,1.70053909248159
"quant",5,15,17,0.96,1.50615002455051
"quant",5,15,17,0.97,1.26999467529532
"quant",5,15,17,0.98,0.859261975848644
"quant",5,15,17,0.99,0.491620903632222
"quant",5,15,17,0.995,0.276117077469332
"quant",5,15,18,0.9,1.70163550354227
"quant",5,15,18,0.91,1.5810050048961
"quant",5,15,18,0.92,1.45222024177427
"quant",5,15,18,0.93,1.31548259244107
"quant",5,15,18,0.94,1.17024181772878
"quant",5,15,18,0.95,1.01631940450779
"quant",5,15,18,0.96,0.858152581127851
"quant",5,15,18,0.97,0.690242989082583
"quant",5,15,18,0.98,0.502521525694689
"quant",5,15,18,0.99,0.307414265197931
"quant",5,15,18,0.995,0.169971524830326
"quant",5,15,19,0.9,1.91088930790951
"quant",5,15,19,0.91,1.8001587553464
"quant",5,15,19,0.92,1.67999947034567
"quant",5,15,19,0.93,1.54925023325099
"quant",5,15,19,0.94,1.40773368678889
"quant",5,15,19,0.95,1.25364130999017
"quant",5,15,19,0.96,1.08382155998533
"quant",5,15,19,0.97,0.894179981661941
"quant",5,15,19,0.98,0.684981800116912
"quant",5,15,19,0.99,0.448126996470635
"quant",5,15,19,0.995,0.303868595644572
"quant",5,15,20,0.9,2.21319920947937
"quant",5,15,20,0.91,2.07146795859166
"quant",5,15,20,0.92,1.92071403346517
"quant",5,15,20,0.93,1.7573975778749
"quant",5,15,20,0.94,1.58209602957295
"quant",5,15,20,0.95,1.38617757906136
"quant",5,15,20,0.96,1.16283930933763
"quant",5,15,20,0.97,0.909652088377774
"quant",5,15,20,0.98,0.638043382392531
"quant",5,15,20,0.99,0.353617795698048
"quant",5,15,20,0.995,0.192518042490995
"quant",5,15,21,0.9,1.60383833591245
"quant",5,15,21,0.91,1.48610395969886
"quant",5,15,21,0.92,1.3620744775185
"quant",5,15,21,0.93,1.23245672098754
"quant",5,15,21,0.94,1.09592784804972
"quant",5,15,21,0.95,0.951066480654016
"quant",5,15,21,0.96,0.79607419690653
"quant",5,15,21,0.97,0.630567124255749
"quant",5,15,21,0.98,0.45374152749494
"quant",5,15,21,0.99,0.255546314840876
"quant",5,15,21,0.995,0.144045680637527
"quant",5,15,22,0.9,2.19133902135472
"quant",5,15,22,0.91,2.07707305578504
"quant",5,15,22,0.92,1.95399369405687
"quant",5,15,22,0.93,1.82071771868886
"quant",5,15,22,0.94,1.67538587959035
"quant",5,15,22,0.95,1.51678301385838
"quant",5,15,22,0.96,1.34609462031257
"quant",5,15,22,0.97,1.16000136750163
"quant",5,15,22,0.98,0.953924922939958
"quant",5,15,22,0.99,0.717260823108255
"quant",5,15,22,0.995,0.572040880096384
"quant",5,15,23,0.9,1.85798735582165
"quant",5,15,23,0.91,1.73170444942542
"quant",5,15,23,0.92,1.59885147003282
"quant",5,15,23,0.93,1.45858173296547
"quant",5,15,23,0.94,1.31071475467032
"quant",5,15,23,0.95,1.15226567360477
"quant",5,15,23,0.96,0.985722098682521
"quant",5,15,23,0.97,0.807677818690424
"quant",5,15,23,0.98,0.608508269695501
"quant",5,15,23,0.99,0.368794095770901
"quant",5,15,23,0.995,0.223355341331227
"quant",5,15,24,0.9,1.41180594248606
"quant",5,15,24,0.91,1.32894686680629
"quant",5,15,24,0.92,1.24158427652635
"quant",5,15,24,0.93,1.1472715179343
"quant",5,15,24,0.94,1.04451706164145
"quant",5,15,24,0.95,0.929467604293505
"quant",5,15,24,0.96,0.796441775183548
"quant",5,15,24,0.97,0.646511748958953
"quant",5,15,24,0.98,0.54056782243522
"quant",5,15,24,0.99,0.307015168376139
"quant",5,15,24,0.995,0.162226917627093
"quant",5,15,25,0.9,1.96482363587158
"quant",5,15,25,0.91,1.84627521127505
"quant",5,15,25,0.92,1.71777858612746
"quant",5,15,25,0.93,1.57670436214222
"quant",5,15,25,0.94,1.42238023862319
"quant",5,15,25,0.95,1.25515230476216
"quant",5,15,25,0.96,1.07517346935785
"quant",5,15,25,0.97,0.913677077264542
"quant",5,15,25,0.98,0.719947106328894
"quant",5,15,25,0.99,0.387139670794517
"quant",5,15,25,0.995,0.200919790571686
"quant",5,15,26,0.9,3.104243532766
"quant",5,15,26,0.91,2.99325700895371
"quant",5,15,26,0.92,2.87183979746908
"quant",5,15,26,0.93,2.74026298080191
"quant",5,15,26,0.94,2.59602597969744
"quant",5,15,26,0.95,2.43693907652057
"quant",5,15,26,0.96,2.25849418893622
"quant",5,15,26,0.97,2.04582160465001
"quant",5,15,26,0.98,1.64228811952091
"quant",5,15,26,0.99,1.26979276493778
"quant",5,15,26,0.995,1.08517095187426
"quant",5,15,27,0.9,2.12558913439888
"quant",5,15,27,0.91,2.00075566451088
"quant",5,15,27,0.92,1.86699977700835
"quant",5,15,27,0.93,1.72527964667151
"quant",5,15,27,0.94,1.57488685600795
"quant",5,15,27,0.95,1.41599559460095
"quant",5,15,27,0.96,1.24241507809294
"quant",5,15,27,0.97,1.04922441629895
"quant",5,15,27,0.98,1.03955736203967
"quant",5,15,27,0.99,0.654068869592058
"quant",5,15,27,0.995,0.331993320571253
"quant",5,15,28,0.9,2.08706637243724
"quant",5,15,28,0.91,1.94413612560547
"quant",5,15,28,0.92,1.7875220133605
"quant",5,15,28,0.93,1.61748330970084
"quant",5,15,28,0.94,1.43046632553017
"quant",5,15,28,0.95,1.2210767589273
"quant",5,15,28,0.96,0.987041703322228
"quant",5,15,28,0.97,0.768694182841694
"quant",5,15,28,0.98,0.555232932925097
"quant",5,15,28,0.99,0.316004545270019
"quant",5,15,28,0.995,0.164038325902641
"quant",5,15,29,0.9,1.95757777491107
"quant",5,15,29,0.91,1.81523486186993
"quant",5,15,29,0.92,1.6670491217823
"quant",5,15,29,0.93,1.51364116176403
"quant",5,15,29,0.94,1.34989013777113
"quant",5,15,29,0.95,1.17706992426163
"quant",5,15,29,0.96,0.992875402026239
"quant",5,15,29,0.97,0.791321291933117
"quant",5,15,29,0.98,0.558825718551139
"quant",5,15,29,0.99,0.306726372780534
"quant",5,15,29,0.995,0.16115930532243
"quant",5,15,30,0.9,1.62834529789597
"quant",5,15,30,0.91,1.52383850113688
"quant",5,15,30,0.92,1.41124356162786
"quant",5,15,30,0.93,1.29097039256991
"quant",5,15,30,0.94,1.16230661564431
"quant",5,15,30,0.95,1.02360197187395
"quant",5,15,30,0.96,0.874118794028523
"quant",5,15,30,0.97,0.710276724772352
"quant",5,15,30,0.98,0.5239646415774
"quant",5,15,30,0.99,0.305796268128769
"quant",5,15,30,0.995,0.175166816575584
"quant",5,15,31,0.9,1.56296269587307
"quant",5,15,31,0.91,1.47013353981574
"quant",5,15,31,0.92,1.37392823249003
"quant",5,15,31,0.93,1.271684792034
"quant",5,15,31,0.94,1.16310252017963
"quant",5,15,31,0.95,1.05440915260262
"quant",5,15,31,0.96,0.988447756972395
"quant",5,15,31,0.97,0.834194470130856
"quant",5,15,31,0.98,0.628303706148333
"quant",5,15,31,0.99,0.33871646450933
"quant",5,15,31,0.995,0.175774500833743
"quant",5,15,32,0.9,2.09748260336022
"quant",5,15,32,0.91,1.99741688040486
"quant",5,15,32,0.92,1.88619158922813
"quant",5,15,32,0.93,1.76237008333017
"quant",5,15,32,0.94,1.62567864680867
"quant",5,15,32,0.95,1.4695300655337
"quant",5,15,32,0.96,1.29215276180777
"quant",5,15,32,0.97,1.09436626349271
"quant",5,15,32,0.98,0.874258382996226
"quant",5,15,32,0.99,0.624122628644946
"quant",5,15,32,0.995,0.479132736738762
"quant",5,15,33,0.9,1.86337323905677
"quant",5,15,33,0.91,1.76964165738607
"quant",5,15,33,0.92,1.66921423758545
"quant",5,15,33,0.93,1.55945668931959
"quant",5,15,33,0.94,1.43997590592695
"quant",5,15,33,0.95,1.30676427952523
"quant",5,15,33,0.96,1.15419358378403
"quant",5,15,33,0.97,0.982323592946776
"quant",5,15,33,0.98,0.782414750456903
"quant",5,15,33,0.99,0.551020890737324
"quant",5,15,33,0.995,0.418548543502943
"quant",5,15,34,0.9,1.88657166051988
"quant",5,15,34,0.91,1.76670264292569
"quant",5,15,34,0.92,1.63834285344664
"quant",5,15,34,0.93,1.50058769554957
"quant",5,15,34,0.94,1.34736813275381
"quant",5,15,34,0.95,1.19634318798751
"quant",5,15,34,0.96,1.14700034595133
"quant",5,15,34,0.97,0.93028096238737
"quant",5,15,34,0.98,0.675042944644876
"quant",5,15,34,0.99,0.364973979779891
"quant",5,15,34,0.995,0.187631052863363
"quant",5,15,35,0.9,1.35627640791865
"quant",5,15,35,0.91,1.27128137766937
"quant",5,15,35,0.92,1.17783018751374
"quant",5,15,35,0.93,1.07554640502733
"quant",5,15,35,0.94,0.963453278490258
"quant",5,15,35,0.95,0.842253927036255
"quant",5,15,35,0.96,0.710133920402324
"quant",5,15,35,0.97,0.565022525179329
"quant",5,15,35,0.98,0.411000640129735
"quant",5,15,35,0.99,0.228015306487468
"quant",5,15,35,0.995,0.122259556098479
"quant",5,15,36,0.9,1.64057122804174
"quant",5,15,36,0.91,1.53709864783
"quant",5,15,36,0.92,1.42470381141284
"quant",5,15,36,0.93,1.30755992672176
"quant",5,15,36,0.94,1.18408379785445
"quant",5,15,36,0.95,1.04711586311448
"quant",5,15,36,0.96,0.893764102402914
"quant",5,15,36,0.97,0.775687798443073
"quant",5,15,36,0.98,0.562254562240994
"quant",5,15,36,0.99,0.314386637656787
"quant",5,15,36,0.995,0.177256415488371
"quant",5,15,37,0.9,2.62483415779255
"quant",5,15,37,0.91,2.51092345274945
"quant",5,15,37,0.92,2.38726828941926
"quant",5,15,37,0.93,2.25565154336209
"quant",5,15,37,0.94,2.11473359361353
"quant",5,15,37,0.95,1.96035484525333
"quant",5,15,37,0.96,1.78991020528692
"quant",5,15,37,0.97,1.59654327404605
"quant",5,15,37,0.98,1.36917318455402
"quant",5,15,37,0.99,1.07715449307518
"quant",5,15,37,0.995,0.866412155243627
"quant",5,15,38,0.9,1.57988322856581
"quant",5,15,38,0.91,1.46831152061304
"quant",5,15,38,0.92,1.3493264611094
"quant",5,15,38,0.93,1.22424939723025
"quant",5,15,38,0.94,1.09056853335259
"quant",5,15,38,0.95,0.940772556679861
"quant",5,15,38,0.96,0.779526395293061
"quant",5,15,38,0.97,0.622256543681147
"quant",5,15,38,0.98,0.450495541441024
"quant",5,15,38,0.99,0.271364649384904
"quant",5,15,38,0.995,0.168281339010668
"quant",5,15,39,0.9,1.37517380749678
"quant",5,15,39,0.91,1.28446100750348
"quant",5,15,39,0.92,1.1879190810146
"quant",5,15,39,0.93,1.08387325034175
"quant",5,15,39,0.94,0.973164049872413
"quant",5,15,39,0.95,0.853334546901543
"quant",5,15,39,0.96,0.722355309686691
"quant",5,15,39,0.97,0.579429866343424
"quant",5,15,39,0.98,0.419032221091249
"quant",5,15,39,0.99,0.235840587845048
"quant",5,15,39,0.995,0.134157155673391
"quant",5,15,40,0.9,1.61722649063764
"quant",5,15,40,0.91,1.49192767854179
"quant",5,15,40,0.92,1.36048520473349
"quant",5,15,40,0.93,1.22181971674916
"quant",5,15,40,0.94,1.07714998223978
"quant",5,15,40,0.95,0.928273142964003
"quant",5,15,40,0.96,0.774994951551855
"quant",5,15,40,0.97,0.611430772343704
"quant",5,15,40,0.98,0.433192204313149
"quant",5,15,40,0.99,0.236500341084681
"quant",5,15,40,0.995,0.124405341858877
"quant",5,15,41,0.9,3.08596240507002
"quant",5,15,41,0.91,2.96282971845325
"quant",5,15,41,0.92,2.83090738361025
"quant",5,15,41,0.93,2.68818151572084
"quant",5,15,41,0.94,2.52897511689284
"quant",5,15,41,0.95,2.343542552541
"quant",5,15,41,0.96,2.11967555239673
"quant",5,15,41,0.97,1.88283801047232
"quant",5,15,41,0.98,1.43961740458714
"quant",5,15,41,0.99,0.994703500710637
"quant",5,15,41,0.995,0.762219356631716
"quant",5,15,42,0.9,1.95214161962547
"quant",5,15,42,0.91,1.80703938695361
"quant",5,15,42,0.92,1.65141432465778
"quant",5,15,42,0.93,1.48829580726941
"quant",5,15,42,0.94,1.31853854026673
"quant",5,15,42,0.95,1.13924680106248
"quant",5,15,42,0.96,0.951865809961736
"quant",5,15,42,0.97,0.756239586831343
"quant",5,15,42,0.98,0.547862907487523
"quant",5,15,42,0.99,0.313744738519235
"quant",5,15,42,0.995,0.178299004576824
"quant",5,15,43,0.9,1.67666044915824
"quant",5,15,43,0.91,1.58179660720097
"quant",5,15,43,0.92,1.48680772534886
"quant",5,15,43,0.93,1.39249485066876
"quant",5,15,43,0.94,1.28127271342933
"quant",5,15,43,0.95,1.13424356215738
"quant",5,15,43,0.96,0.949804847294387
"quant",5,15,43,0.97,0.744547762775347
"quant",5,15,43,0.98,0.521522107265699
"quant",5,15,43,0.99,0.278011077014222
"quant",5,15,43,0.995,0.149430512836089
"quant",5,15,44,0.9,1.82260382137039
"quant",5,15,44,0.91,1.69094696081327
"quant",5,15,44,0.92,1.55176001456068
"quant",5,15,44,0.93,1.40276611468146
"quant",5,15,44,0.94,1.2431112066289
"quant",5,15,44,0.95,1.07353851287619
"quant",5,15,44,0.96,0.895152931028328
"quant",5,15,44,0.97,0.704863833956555
"quant",5,15,44,0.98,0.498927175597396
"quant",5,15,44,0.99,0.269506497067645
"quant",5,15,44,0.995,0.142030594122629
"quant",5,15,45,0.9,1.83595963785896
"quant",5,15,45,0.91,1.71961652880301
"quant",5,15,45,0.92,1.59501807964232
"quant",5,15,45,0.93,1.46383688419509
"quant",5,15,45,0.94,1.32685111606419
"quant",5,15,45,0.95,1.18618065153686
"quant",5,15,45,0.96,1.03722544917297
"quant",5,15,45,0.97,0.850767446473269
"quant",5,15,45,0.98,0.620505411788084
"quant",5,15,45,0.99,0.344830996329738
"quant",5,15,45,0.995,0.188956137922953
"quant",5,15,46,0.9,1.79487473932079
"quant",5,15,46,0.91,1.66954073216104
"quant",5,15,46,0.92,1.54014180608666
"quant",5,15,46,0.93,1.40262373984371
"quant",5,15,46,0.94,1.25589165071699
"quant",5,15,46,0.95,1.09607398041226
"quant",5,15,46,0.96,0.922692698432897
"quant",5,15,46,0.97,0.738199931582145
"quant",5,15,46,0.98,0.533458342382214
"quant",5,15,46,0.99,0.298487157728636
"quant",5,15,46,0.995,0.167704636996864
"quant",5,15,47,0.9,1.56241002104464
"quant",5,15,47,0.91,1.45378249587792
"quant",5,15,47,0.92,1.33987747204157
"quant",5,15,47,0.93,1.21767520527438
"quant",5,15,47,0.94,1.0877260034223
"quant",5,15,47,0.95,0.949009055999876
"quant",5,15,47,0.96,0.7983411941039
"quant",5,15,47,0.97,0.630437477507201
"quant",5,15,47,0.98,0.447723137379896
"quant",5,15,47,0.99,0.245653149509123
"quant",5,15,47,0.995,0.134029908422533
"quant",5,15,48,0.9,1.87018475408662
"quant",5,15,48,0.91,1.76498532967327
"quant",5,15,48,0.92,1.65034908991918
"quant",5,15,48,0.93,1.526063880507
"quant",5,15,48,0.94,1.394390501211
"quant",5,15,48,0.95,1.24677870387706
"quant",5,15,48,0.96,1.07098019497851
"quant",5,15,48,0.97,0.861405395100751
"quant",5,15,48,0.98,0.620598497141433
"quant",5,15,48,0.99,0.346755470978776
"quant",5,15,48,0.995,0.192655350866578
"quant",5,15,49,0.9,1.86515855015063
"quant",5,15,49,0.91,1.73689887937968
"quant",5,15,49,0.92,1.59962913417531
"quant",5,15,49,0.93,1.45230799906982
"quant",5,15,49,0.94,1.29426382227007
"quant",5,15,49,0.95,1.12700810135452
"quant",5,15,49,0.96,0.947240619326214
"quant",5,15,49,0.97,0.754754115438349
"quant",5,15,49,0.98,0.549798309546423
"quant",5,15,49,0.99,0.32669430135701
"quant",5,15,49,0.995,0.200577974392912
"quant",5,15,50,0.9,3.1194862994803
"quant",5,15,50,0.91,3.02140721542399
"quant",5,15,50,0.92,2.91106667335732
"quant",5,15,50,0.93,2.78662741380578
"quant",5,15,50,0.94,2.65019255180168
"quant",5,15,50,0.95,2.49719626524021
"quant",5,15,50,0.96,2.31920446976917
"quant",5,15,50,0.97,2.11576336534897
"quant",5,15,50,0.98,1.87267097307358
"quant",5,15,50,0.99,1.49393792222308
"quant",5,15,50,0.995,1.19278383419973
"quant",1,20,1,0.9,1.86875082215412
"quant",1,20,1,0.91,1.72277276730516
"quant",1,20,1,0.92,1.56563981326098
"quant",1,20,1,0.93,1.40025510022857
"quant",1,20,1,0.94,1.22946953180066
"quant",1,20,1,0.95,1.0530068968491
"quant",1,20,1,0.96,0.864719785196971
"quant",1,20,1,0.97,0.700284343725495
"quant",1,20,1,0.98,0.527702796889886
"quant",1,20,1,0.99,0.304518266273462
"quant",1,20,1,0.995,0.16046780224879
"quant",1,20,2,0.9,1.57525413650763
"quant",1,20,2,0.91,1.47206690509125
"quant",1,20,2,0.92,1.35952319829108
"quant",1,20,2,0.93,1.23872420023615
"quant",1,20,2,0.94,1.11491424469405
"quant",1,20,2,0.95,0.98216103211568
"quant",1,20,2,0.96,0.8394379265118
"quant",1,20,2,0.97,0.675518142041715
"quant",1,20,2,0.98,0.487000118551771
"quant",1,20,2,0.99,0.271397085530661
"quant",1,20,2,0.995,0.144037071289292
"quant",1,20,3,0.9,1.77220110708162
"quant",1,20,3,0.91,1.65339745117247
"quant",1,20,3,0.92,1.5291159363243
"quant",1,20,3,0.93,1.3977375261436
"quant",1,20,3,0.94,1.25928899394832
"quant",1,20,3,0.95,1.11268913570801
"quant",1,20,3,0.96,0.953965928119388
"quant",1,20,3,0.97,0.779853683369306
"quant",1,20,3,0.98,0.591978833676329
"quant",1,20,3,0.99,0.371237125569781
"quant",1,20,3,0.995,0.234262991651393
"quant",1,20,4,0.9,1.61115394518203
"quant",1,20,4,0.91,1.50105556910895
"quant",1,20,4,0.92,1.38498125428405
"quant",1,20,4,0.93,1.26437153554026
"quant",1,20,4,0.94,1.13834687431878
"quant",1,20,4,0.95,1.00180455572871
"quant",1,20,4,0.96,0.854248360732937
"quant",1,20,4,0.97,0.689900787813928
"quant",1,20,4,0.98,0.517585071923338
"quant",1,20,4,0.99,0.300810620759577
"quant",1,20,4,0.995,0.165310130307245
"quant",1,20,5,0.9,1.64199397363256
"quant",1,20,5,0.91,1.53688626788171
"quant",1,20,5,0.92,1.43861828279772
"quant",1,20,5,0.93,1.35528091124465
"quant",1,20,5,0.94,1.23170013889733
"quant",1,20,5,0.95,1.08416924587422
"quant",1,20,5,0.96,0.910803913471335
"quant",1,20,5,0.97,0.717971995041829
"quant",1,20,5,0.98,0.505809196494177
"quant",1,20,5,0.99,0.27281548780089
"quant",1,20,5,0.995,0.145759389176727
"quant",1,20,6,0.9,1.87688470331531
"quant",1,20,6,0.91,1.75820235980768
"quant",1,20,6,0.92,1.6308144767497
"quant",1,20,6,0.93,1.49279041245975
"quant",1,20,6,0.94,1.34424232141078
"quant",1,20,6,0.95,1.18110746888365
"quant",1,20,6,0.96,1.00107305680541
"quant",1,20,6,0.97,0.80665455917349
"quant",1,20,6,0.98,0.599354867299695
"quant",1,20,6,0.99,0.415257516422345
"quant",1,20,6,0.995,0.218273988933948
"quant",1,20,7,0.9,2.2484524483019
"quant",1,20,7,0.91,2.0967232002326
"quant",1,20,7,0.92,1.9340074253253
"quant",1,20,7,0.93,1.75810265759186
"quant",1,20,7,0.94,1.56612696917433
"quant",1,20,7,0.95,1.36844024695248
"quant",1,20,7,0.96,1.1610906924426
"quant",1,20,7,0.97,0.942014283558072
"quant",1,20,7,0.98,0.682883958051116
"quant",1,20,7,0.99,0.379802944744942
"quant",1,20,7,0.995,0.199021571734328
"quant",1,20,8,0.9,1.43671597806233
"quant",1,20,8,0.91,1.33935498796244
"quant",1,20,8,0.92,1.23907639566811
"quant",1,20,8,0.93,1.13569155962235
"quant",1,20,8,0.94,1.02709226821474
"quant",1,20,8,0.95,0.916231254663295
"quant",1,20,8,0.96,0.808032071275725
"quant",1,20,8,0.97,0.688963751750311
"quant",1,20,8,0.98,0.664705007050349
"quant",1,20,8,0.99,0.472834589566262
"quant",1,20,8,0.995,0.247453418435257
"quant",1,20,9,0.9,2.2080115705067
"quant",1,20,9,0.91,2.09146373126594
"quant",1,20,9,0.92,1.96871887619093
"quant",1,20,9,0.93,1.83868702460407
"quant",1,20,9,0.94,1.70184992510013
"quant",1,20,9,0.95,1.55869098897761
"quant",1,20,9,0.96,1.40291882950146
"quant",1,20,9,0.97,1.23334591682515
"quant",1,20,9,0.98,1.04515289688148
"quant",1,20,9,0.99,0.819925301747341
"quant",1,20,9,0.995,0.678660535240773
"quant",1,20,10,0.9,1.57652051522109
"quant",1,20,10,0.91,1.47614136694848
"quant",1,20,10,0.92,1.36853559843533
"quant",1,20,10,0.93,1.25146426059919
"quant",1,20,10,0.94,1.12334972298702
"quant",1,20,10,0.95,0.984119216438592
"quant",1,20,10,0.96,0.834713590829469
"quant",1,20,10,0.97,0.673034633068462
"quant",1,20,10,0.98,0.517388903089918
"quant",1,20,10,0.99,0.304054977169221
"quant",1,20,10,0.995,0.161663676671697
"quant",1,20,11,0.9,2.3062100610057
"quant",1,20,11,0.91,2.16529950428486
"quant",1,20,11,0.92,2.01333424524972
"quant",1,20,11,0.93,1.85029475112507
"quant",1,20,11,0.94,1.67426409694497
"quant",1,20,11,0.95,1.48443325667563
"quant",1,20,11,0.96,1.27534452324578
"quant",1,20,11,0.97,1.04112306069009
"quant",1,20,11,0.98,0.75869513199899
"quant",1,20,11,0.99,0.431014960901785
"quant",1,20,11,0.995,0.256210124202357
"quant",1,20,12,0.9,2.16150301019231
"quant",1,20,12,0.91,2.04041133448633
"quant",1,20,12,0.92,1.91322472491729
"quant",1,20,12,0.93,1.77331842288572
"quant",1,20,12,0.94,1.63017496057475
"quant",1,20,12,0.95,1.47201318451818
"quant",1,20,12,0.96,1.26546982892076
"quant",1,20,12,0.97,1.02562134893353
"quant",1,20,12,0.98,0.75579488048195
"quant",1,20,12,0.99,0.446718038589708
"quant",1,20,12,0.995,0.271175523228238
"quant",1,20,13,0.9,1.33749319888946
"quant",1,20,13,0.91,1.25793178582311
"quant",1,20,13,0.92,1.17104103871801
"quant",1,20,13,0.93,1.07498862038198
"quant",1,20,13,0.94,0.969961177897028
"quant",1,20,13,0.95,0.851583523289734
"quant",1,20,13,0.96,0.718852507857998
"quant",1,20,13,0.97,0.566185628698168
"quant",1,20,13,0.98,0.410132781014905
"quant",1,20,13,0.99,0.260931299995038
"quant",1,20,13,0.995,0.139934528789683
"quant",1,20,14,0.9,1.8026345381388
"quant",1,20,14,0.91,1.68732927976722
"quant",1,20,14,0.92,1.56453463945333
"quant",1,20,14,0.93,1.43709192829537
"quant",1,20,14,0.94,1.30391955138144
"quant",1,20,14,0.95,1.16876064936767
"quant",1,20,14,0.96,1.06124119662018
"quant",1,20,14,0.97,0.925680573279602
"quant",1,20,14,0.98,0.780936788909202
"quant",1,20,14,0.99,0.488963753033428
"quant",1,20,14,0.995,0.255803513740927
"quant",1,20,15,0.9,1.77654751783436
"quant",1,20,15,0.91,1.6693198784021
"quant",1,20,15,0.92,1.55655214180907
"quant",1,20,15,0.93,1.43750350962681
"quant",1,20,15,0.94,1.31118133886331
"quant",1,20,15,0.95,1.17476695398139
"quant",1,20,15,0.96,1.02515087243775
"quant",1,20,15,0.97,0.859670511231829
"quant",1,20,15,0.98,0.652267368847436
"quant",1,20,15,0.99,0.371626820239028
"quant",1,20,15,0.995,0.204219196024432
"quant",1,20,16,0.9,1.60981980143776
"quant",1,20,16,0.91,1.5047904096378
"quant",1,20,16,0.92,1.39179264852417
"quant",1,20,16,0.93,1.27083867558143
"quant",1,20,16,0.94,1.13808799684676
"quant",1,20,16,0.95,0.993985879400816
"quant",1,20,16,0.96,0.836606373932432
"quant",1,20,16,0.97,0.663842377501676
"quant",1,20,16,0.98,0.470274048016918
"quant",1,20,16,0.99,0.255344010821414
"quant",1,20,16,0.995,0.136041583953295
"quant",1,20,17,0.9,2.4620043045898
"quant",1,20,17,0.91,2.32665627330726
"quant",1,20,17,0.92,2.18390326236587
"quant",1,20,17,0.93,2.03170748213446
"quant",1,20,17,0.94,1.87110802694985
"quant",1,20,17,0.95,1.69360705199904
"quant",1,20,17,0.96,1.49583243910896
"quant",1,20,17,0.97,1.26712971677851
"quant",1,20,17,0.98,0.876900679800088
"quant",1,20,17,0.99,0.5018176082012
"quant",1,20,17,0.995,0.283388932079145
"quant",1,20,18,0.9,1.70586096454715
"quant",1,20,18,0.91,1.58395073149674
"quant",1,20,18,0.92,1.45513960327485
"quant",1,20,18,0.93,1.31863661658654
"quant",1,20,18,0.94,1.17314112983127
"quant",1,20,18,0.95,1.01941282547232
"quant",1,20,18,0.96,0.854973634895173
"quant",1,20,18,0.97,0.679322941812622
"quant",1,20,18,0.98,0.519883458100615
"quant",1,20,18,0.99,0.311255442751224
"quant",1,20,18,0.995,0.166741062846946
"quant",1,20,19,0.9,1.9109254236199
"quant",1,20,19,0.91,1.80028667894164
"quant",1,20,19,0.92,1.68003871763933
"quant",1,20,19,0.93,1.54911947592741
"quant",1,20,19,0.94,1.40799578584686
"quant",1,20,19,0.95,1.25438174104584
"quant",1,20,19,0.96,1.08541766533209
"quant",1,20,19,0.97,0.897522948418433
"quant",1,20,19,0.98,0.691914394160512
"quant",1,20,19,0.99,0.461713964475109
"quant",1,20,19,0.995,0.324029704322586
"quant",1,20,20,0.9,2.18583312079707
"quant",1,20,20,0.91,2.05197311064513
"quant",1,20,20,0.92,1.9083031438122
"quant",1,20,20,0.93,1.74951385930737
"quant",1,20,20,0.94,1.57710855035245
"quant",1,20,20,0.95,1.38591094172991
"quant",1,20,20,0.96,1.16261162283894
"quant",1,20,20,0.97,0.928538819523937
"quant",1,20,20,0.98,0.63280734827261
"quant",1,20,20,0.99,0.355864898237483
"quant",1,20,20,0.995,0.198363549874479
"quant",1,20,21,0.9,1.60105977507974
"quant",1,20,21,0.91,1.48386030863492
"quant",1,20,21,0.92,1.35974996286951
"quant",1,20,21,0.93,1.22915013174334
"quant",1,20,21,0.94,1.09226888698347
"quant",1,20,21,0.95,0.946253819044471
"quant",1,20,21,0.96,0.791140949312491
"quant",1,20,21,0.97,0.626989956344603
"quant",1,20,21,0.98,0.451516341204753
"quant",1,20,21,0.99,0.257204463721407
"quant",1,20,21,0.995,0.148211133336157
"quant",1,20,22,0.9,2.1889743649242
"quant",1,20,22,0.91,2.07433993245155
"quant",1,20,22,0.92,1.95095181238808
"quant",1,20,22,0.93,1.81826558115472
"quant",1,20,22,0.94,1.67441222360718
"quant",1,20,22,0.95,1.51749896563073
"quant",1,20,22,0.96,1.34756103107062
"quant",1,20,22,0.97,1.16126546518313
"quant",1,20,22,0.98,0.952647266009652
"quant",1,20,22,0.99,0.709654071143132
"quant",1,20,22,0.995,0.561547667484934
"quant",1,20,23,0.9,1.84002888502146
"quant",1,20,23,0.91,1.71826057036103
"quant",1,20,23,0.92,1.5894408725518
"quant",1,20,23,0.93,1.45259095175141
"quant",1,20,23,0.94,1.30483921020779
"quant",1,20,23,0.95,1.14727007131185
"quant",1,20,23,0.96,0.980528487228419
"quant",1,20,23,0.97,0.801216976379538
"quant",1,20,23,0.98,0.602235792842904
"quant",1,20,23,0.99,0.375250691122233
"quant",1,20,23,0.995,0.243873784494785
"quant",1,20,24,0.9,1.42140712025498
"quant",1,20,24,0.91,1.33455833952502
"quant",1,20,24,0.92,1.24134180237476
"quant",1,20,24,0.93,1.14219272282532
"quant",1,20,24,0.94,1.03636810669094
"quant",1,20,24,0.95,0.922342903988572
"quant",1,20,24,0.96,0.796368607729061
"quant",1,20,24,0.97,0.650887784445427
"quant",1,20,24,0.98,0.515820831282685
"quant",1,20,24,0.99,0.314965314992305
"quant",1,20,24,0.995,0.167363515211708
"quant",1,20,25,0.9,1.96594351987733
"quant",1,20,25,0.91,1.84674558828724
"quant",1,20,25,0.92,1.71693488963326
"quant",1,20,25,0.93,1.57377046349782
"quant",1,20,25,0.94,1.42143532630115
"quant",1,20,25,0.95,1.26184067695632
"quant",1,20,25,0.96,1.08424090714176
"quant",1,20,25,0.97,0.909878834316983
"quant",1,20,25,0.98,0.681776233904238
"quant",1,20,25,0.99,0.390358298358448
"quant",1,20,25,0.995,0.205386787031728
"quant",1,20,26,0.9,3.10078475910899
"quant",1,20,26,0.91,2.99130114065276
"quant",1,20,26,0.92,2.87195707442327
"quant",1,20,26,0.93,2.74085745093699
"quant",1,20,26,0.94,2.59616721509287
"quant",1,20,26,0.95,2.43573562352844
"quant",1,20,26,0.96,2.25465172833745
"quant",1,20,26,0.97,2.04284426033713
"quant",1,20,26,0.98,1.71574303640261
"quant",1,20,26,0.99,1.29067649879224
"quant",1,20,26,0.995,1.07777572152703
"quant",1,20,27,0.9,2.12825997933794
"quant",1,20,27,0.91,2.00319610375703
"quant",1,20,27,0.92,1.87050781106378
"quant",1,20,27,0.93,1.72962526930834
"quant",1,20,27,0.94,1.57967952594328
"quant",1,20,27,0.95,1.41865754292653
"quant",1,20,27,0.96,1.24335750956161
"quant",1,20,27,0.97,1.05063737234173
"quant",1,20,27,0.98,0.82165350813356
"quant",1,20,27,0.99,0.664147985671613
"quant",1,20,27,0.995,0.342654335932709
"quant",1,20,28,0.9,2.08736310919359
"quant",1,20,28,0.91,1.9427968953331
"quant",1,20,28,0.92,1.78757997345404
"quant",1,20,28,0.93,1.6196192714347
"quant",1,20,28,0.94,1.43529322385644
"quant",1,20,28,0.95,1.23383676554616
"quant",1,20,28,0.96,1.00786900402098
"quant",1,20,28,0.97,0.780337406980672
"quant",1,20,28,0.98,0.55245189751565
"quant",1,20,28,0.99,0.327563897195002
"quant",1,20,28,0.995,0.172392606171668
"quant",1,20,29,0.9,1.96164760071605
"quant",1,20,29,0.91,1.81980295107271
"quant",1,20,29,0.92,1.6711622774889
"quant",1,20,29,0.93,1.51648196943393
"quant",1,20,29,0.94,1.35143411324689
"quant",1,20,29,0.95,1.17622138711111
"quant",1,20,29,0.96,0.989090777818385
"quant",1,20,29,0.97,0.787235085943011
"quant",1,20,29,0.98,0.557998970548148
"quant",1,20,29,0.99,0.307646253760581
"quant",1,20,29,0.995,0.162038294316596
"quant",1,20,30,0.9,1.62849296909105
"quant",1,20,30,0.91,1.52291014265671
"quant",1,20,30,0.92,1.40918335316099
"quant",1,20,30,0.93,1.28848747895117
"quant",1,20,30,0.94,1.15969451262811
"quant",1,20,30,0.95,1.02054958185343
"quant",1,20,30,0.96,0.871071987105621
"quant",1,20,30,0.97,0.706698570508633
"quant",1,20,30,0.98,0.523995489466166
"quant",1,20,30,0.99,0.312252038220536
"quant",1,20,30,0.995,0.189363606950242
"quant",1,20,31,0.9,1.58413267938332
"quant",1,20,31,0.91,1.48833946065246
"quant",1,20,31,0.92,1.38721251491807
"quant",1,20,31,0.93,1.2774967785167
"quant",1,20,31,0.94,1.15846234367558
"quant",1,20,31,0.95,1.03518140040234
"quant",1,20,31,0.96,0.936271930189044
"quant",1,20,31,0.97,0.807478313103408
"quant",1,20,31,0.98,0.609209956816386
"quant",1,20,31,0.99,0.343998635853481
"quant",1,20,31,0.995,0.182242386189658
"quant",1,20,32,0.9,2.10479030918113
"quant",1,20,32,0.91,2.00283727043995
"quant",1,20,32,0.92,1.89061809657129
"quant",1,20,32,0.93,1.76763474479919
"quant",1,20,32,0.94,1.62989467703045
"quant",1,20,32,0.95,1.47221072532518
"quant",1,20,32,0.96,1.29276479278957
"quant",1,20,32,0.97,1.09308895418244
"quant",1,20,32,0.98,0.870081924168669
"quant",1,20,32,0.99,0.61284526426062
"quant",1,20,32,0.995,0.461732974507958
"quant",1,20,33,0.9,1.86643529717161
"quant",1,20,33,0.91,1.77229937271584
"quant",1,20,33,0.92,1.67147960687648
"quant",1,20,33,0.93,1.56101235352365
"quant",1,20,33,0.94,1.4409531479964
"quant",1,20,33,0.95,1.30696316451504
"quant",1,20,33,0.96,1.15563776861599
"quant",1,20,33,0.97,0.985969196020547
"quant",1,20,33,0.98,0.789157156801896
"quant",1,20,33,0.99,0.55740054204392
"quant",1,20,33,0.995,0.421979919179659
"quant",1,20,34,0.9,1.87721422039066
"quant",1,20,34,0.91,1.75805850008772
"quant",1,20,34,0.92,1.63099619091274
"quant",1,20,34,0.93,1.49560791179467
"quant",1,20,34,0.94,1.34261469691898
"quant",1,20,34,0.95,1.19393367338785
"quant",1,20,34,0.96,1.07297402888925
"quant",1,20,34,0.97,0.934324682452361
"quant",1,20,34,0.98,0.683895351876537
"quant",1,20,34,0.99,0.376715779283396
"quant",1,20,34,0.995,0.197438437184269
"quant",1,20,35,0.9,1.36152235708345
"quant",1,20,35,0.91,1.27619392091978
"quant",1,20,35,0.92,1.1821223534964
"quant",1,20,35,0.93,1.0792792190622
"quant",1,20,35,0.94,0.9664374850514
"quant",1,20,35,0.95,0.843529016278415
"quant",1,20,35,0.96,0.709401570026078
"quant",1,20,35,0.97,0.562375772306174
"quant",1,20,35,0.98,0.406922071447348
"quant",1,20,35,0.99,0.225162335547523
"quant",1,20,35,0.995,0.119573243944271
"quant",1,20,36,0.9,1.63559986592974
"quant",1,20,36,0.91,1.52933825195548
"quant",1,20,36,0.92,1.41797898298768
"quant",1,20,36,0.93,1.30373509928232
"quant",1,20,36,0.94,1.18379444963921
"quant",1,20,36,0.95,1.04690519978356
"quant",1,20,36,0.96,0.919849946470101
"quant",1,20,36,0.97,0.783386798915671
"quant",1,20,36,0.98,0.578761198928725
"quant",1,20,36,0.99,0.32138157973099
"quant",1,20,36,0.995,0.170067539278469
"quant",1,20,37,0.9,2.62026523489057
"quant",1,20,37,0.91,2.50532266889178
"quant",1,20,37,0.92,2.38190254598511
"quant",1,20,37,0.93,2.24932193603666
"quant",1,20,37,0.94,2.10734242694784
"quant",1,20,37,0.95,1.95262138558053
"quant",1,20,37,0.96,1.78131775186294
"quant",1,20,37,0.97,1.58661481833692
"quant",1,20,37,0.98,1.35718091516978
"quant",1,20,37,0.99,1.06600066961269
"quant",1,20,37,0.995,0.868407859547175
"quant",1,20,38,0.9,1.53480972643031
"quant",1,20,38,0.91,1.42926579833167
"quant",1,20,38,0.92,1.31812437026687
"quant",1,20,38,0.93,1.20178797225014
"quant",1,20,38,0.94,1.07625823440129
"quant",1,20,38,0.95,0.939299941098753
"quant",1,20,38,0.96,0.785684832967515
"quant",1,20,38,0.97,0.622905681981319
"quant",1,20,38,0.98,0.448778674267202
"quant",1,20,38,0.99,0.263883150920888
"quant",1,20,38,0.995,0.158252215838073
"quant",1,20,39,0.9,1.37641839935271
"quant",1,20,39,0.91,1.28475576790337
"quant",1,20,39,0.92,1.18687693595715
"quant",1,20,39,0.93,1.08340919015397
"quant",1,20,39,0.94,0.973846797629822
"quant",1,20,39,0.95,0.854739696764808
"quant",1,20,39,0.96,0.724310402317696
"quant",1,20,39,0.97,0.581432737870161
"quant",1,20,39,0.98,0.422135681263881
"quant",1,20,39,0.99,0.241047603914479
"quant",1,20,39,0.995,0.137557730498881
"quant",1,20,40,0.9,1.61841694885455
"quant",1,20,40,0.91,1.4923491053023
"quant",1,20,40,0.92,1.3598637093686
"quant",1,20,40,0.93,1.21987642500958
"quant",1,20,40,0.94,1.07529920385776
"quant",1,20,40,0.95,0.925969035639054
"quant",1,20,40,0.96,0.771359194938049
"quant",1,20,40,0.97,0.608294442800949
"quant",1,20,40,0.98,0.431153777995132
"quant",1,20,40,0.99,0.23967955014923
"quant",1,20,40,0.995,0.126738625833938
"quant",1,20,41,0.9,3.0902027530967
"quant",1,20,41,0.91,2.96372038307607
"quant",1,20,41,0.92,2.83045023681322
"quant",1,20,41,0.93,2.68745488784915
"quant",1,20,41,0.94,2.52868746681166
"quant",1,20,41,0.95,2.34939820483025
"quant",1,20,41,0.96,2.13152683321386
"quant",1,20,41,0.97,1.88044491540342
"quant",1,20,41,0.98,1.46158660411587
"quant",1,20,41,0.99,0.98719222171846
"quant",1,20,41,0.995,0.740595165837645
"quant",1,20,42,0.9,1.95528615455923
"quant",1,20,42,0.91,1.81180171462788
"quant",1,20,42,0.92,1.6597712984893
"quant",1,20,42,0.93,1.49890392458221
"quant",1,20,42,0.94,1.33102516742757
"quant",1,20,42,0.95,1.15282595332327
"quant",1,20,42,0.96,0.96499073615306
"quant",1,20,42,0.97,0.768048601948299
"quant",1,20,42,0.98,0.552994342298658
"quant",1,20,42,0.99,0.3130606330212
"quant",1,20,42,0.995,0.175098353462934
"quant",1,20,43,0.9,1.6828317716445
"quant",1,20,43,0.91,1.59638497373368
"quant",1,20,43,0.92,1.50110942962783
"quant",1,20,43,0.93,1.39219032729306
"quant",1,20,43,0.94,1.26092931969647
"quant",1,20,43,0.95,1.10845717053404
"quant",1,20,43,0.96,0.936074872529347
"quant",1,20,43,0.97,0.742023373051383
"quant",1,20,43,0.98,0.526662630919518
"quant",1,20,43,0.99,0.284847251151468
"quant",1,20,43,0.995,0.15128287283014
"quant",1,20,44,0.9,1.83631566985112
"quant",1,20,44,0.91,1.70407791819502
"quant",1,20,44,0.92,1.56304401534818
"quant",1,20,44,0.93,1.41293645329576
"quant",1,20,44,0.94,1.25311074487919
"quant",1,20,44,0.95,1.08347103608755
"quant",1,20,44,0.96,0.903394224925683
"quant",1,20,44,0.97,0.709859955613317
"quant",1,20,44,0.98,0.50153656561893
"quant",1,20,44,0.99,0.273652277042852
"quant",1,20,44,0.995,0.145383518221668
"quant",1,20,45,0.9,1.83817489599997
"quant",1,20,45,0.91,1.72804048815793
"quant",1,20,45,0.92,1.61298172561303
"quant",1,20,45,0.93,1.48994575513148
"quant",1,20,45,0.94,1.35525365046286
"quant",1,20,45,0.95,1.21016722977179
"quant",1,20,45,0.96,1.05083204416603
"quant",1,20,45,0.97,0.855675474228523
"quant",1,20,45,0.98,0.620752643704385
"quant",1,20,45,0.99,0.344560349789458
"quant",1,20,45,0.995,0.186460914486403
"quant",1,20,46,0.9,1.79986413229134
"quant",1,20,46,0.91,1.67548708907574
"quant",1,20,46,0.92,1.54441205806779
"quant",1,20,46,0.93,1.40505448381229
"quant",1,20,46,0.94,1.2556483879453
"quant",1,20,46,0.95,1.09300023470437
"quant",1,20,46,0.96,0.915769662435248
"quant",1,20,46,0.97,0.72676609045596
"quant",1,20,46,0.98,0.521559223264206
"quant",1,20,46,0.99,0.294708745952282
"quant",1,20,46,0.995,0.165144059457432
"quant",1,20,47,0.9,1.56934441111665
"quant",1,20,47,0.91,1.45971751867449
"quant",1,20,47,0.92,1.34460288077417
"quant",1,20,47,0.93,1.22016966321981
"quant",1,20,47,0.94,1.08857843733304
"quant",1,20,47,0.95,0.947276267335631
"quant",1,20,47,0.96,0.795288048912902
"quant",1,20,47,0.97,0.629513847499195
"quant",1,20,47,0.98,0.44697970769128
"quant",1,20,47,0.99,0.245412059367549
"quant",1,20,47,0.995,0.132130935161633
"quant",1,20,48,0.9,1.86912776224775
"quant",1,20,48,0.91,1.76355171551275
"quant",1,20,48,0.92,1.65006864094248
"quant",1,20,48,0.93,1.52875027732396
"quant",1,20,48,0.94,1.3989649377867
"quant",1,20,48,0.95,1.25018402982856
"quant",1,20,48,0.96,1.07523817253036
"quant",1,20,48,0.97,0.864631542909112
"quant",1,20,48,0.98,0.61980521765475
"quant",1,20,48,0.99,0.342455968425107
"quant",1,20,48,0.995,0.190695171518974
"quant",1,20,49,0.9,1.86749495329158
"quant",1,20,49,0.91,1.73868790179836
"quant",1,20,49,0.92,1.59942562953379
"quant",1,20,49,0.93,1.45232485147607
"quant",1,20,49,0.94,1.29561580296296
"quant",1,20,49,0.95,1.1268526978484
"quant",1,20,49,0.96,0.946352872226018
"quant",1,20,49,0.97,0.753116446900135
"quant",1,20,49,0.98,0.545622351672194
"quant",1,20,49,0.99,0.319940140577106
"quant",1,20,49,0.995,0.193738568181638
"quant",1,20,50,0.9,3.11716163719759
"quant",1,20,50,0.91,3.02116110000261
"quant",1,20,50,0.92,2.91458743840861
"quant",1,20,50,0.93,2.79380978925991
"quant",1,20,50,0.94,2.65923274439933
"quant",1,20,50,0.95,2.50705670499255
"quant",1,20,50,0.96,2.32345823353017
"quant",1,20,50,0.97,2.10193460604257
"quant",1,20,50,0.98,1.83308032813243
"quant",1,20,50,0.99,1.50058889775146
"quant",1,20,50,0.995,1.30080463852958
"quant",2,20,1,0.9,1.86792078506046
"quant",2,20,1,0.91,1.72186852099155
"quant",2,20,1,0.92,1.56400928501714
"quant",2,20,1,0.93,1.39686056270155
"quant",2,20,1,0.94,1.22455559558511
"quant",2,20,1,0.95,1.04780520177724
"quant",2,20,1,0.96,0.862414107444839
"quant",2,20,1,0.97,0.691788010485206
"quant",2,20,1,0.98,0.515697717887936
"quant",2,20,1,0.99,0.305250676757587
"quant",2,20,1,0.995,0.169047115267548
"quant",2,20,2,0.9,1.57363941738634
"quant",2,20,2,0.91,1.47069964319662
"quant",2,20,2,0.92,1.35876354242794
"quant",2,20,2,0.93,1.23960904148427
"quant",2,20,2,0.94,1.11425570582488
"quant",2,20,2,0.95,0.984103320396594
"quant",2,20,2,0.96,0.845051690951233
"quant",2,20,2,0.97,0.678707133560544
"quant",2,20,2,0.98,0.488933322421108
"quant",2,20,2,0.99,0.272962964851406
"quant",2,20,2,0.995,0.145611920549829
"quant",2,20,3,0.9,1.77024064435548
"quant",2,20,3,0.91,1.65192356244271
"quant",2,20,3,0.92,1.5273649006283
"quant",2,20,3,0.93,1.39514596874713
"quant",2,20,3,0.94,1.25536662115754
"quant",2,20,3,0.95,1.1075582602047
"quant",2,20,3,0.96,0.946051915238449
"quant",2,20,3,0.97,0.767772598972641
"quant",2,20,3,0.98,0.574377730335243
"quant",2,20,3,0.99,0.34638745357069
"quant",2,20,3,0.995,0.206948510012986
"quant",2,20,4,0.9,1.61031635557159
"quant",2,20,4,0.91,1.49943223006429
"quant",2,20,4,0.92,1.38171422478163
"quant",2,20,4,0.93,1.25984360347174
"quant",2,20,4,0.94,1.13246781717075
"quant",2,20,4,0.95,0.997958906018374
"quant",2,20,4,0.96,0.852092545716634
"quant",2,20,4,0.97,0.691739100218776
"quant",2,20,4,0.98,0.515497016429812
"quant",2,20,4,0.99,0.30271549397288
"quant",2,20,4,0.995,0.167445237326646
"quant",2,20,5,0.9,1.6415281764743
"quant",2,20,5,0.91,1.53577023156817
"quant",2,20,5,0.92,1.42800564336571
"quant",2,20,5,0.93,1.34089492081667
"quant",2,20,5,0.94,1.22277127432429
"quant",2,20,5,0.95,1.0777916688661
"quant",2,20,5,0.96,0.911745409709223
"quant",2,20,5,0.97,0.723438528945911
"quant",2,20,5,0.98,0.512222588628542
"quant",2,20,5,0.99,0.277903115921068
"quant",2,20,5,0.995,0.147466812059221
"quant",2,20,6,0.9,1.87507990451748
"quant",2,20,6,0.91,1.75638525039303
"quant",2,20,6,0.92,1.62831240615909
"quant",2,20,6,0.93,1.48957190446036
"quant",2,20,6,0.94,1.3395547809508
"quant",2,20,6,0.95,1.1739117703027
"quant",2,20,6,0.96,0.993385735290735
"quant",2,20,6,0.97,0.7971805802654
"quant",2,20,6,0.98,0.605194724027134
"quant",2,20,6,0.99,0.417855528386763
"quant",2,20,6,0.995,0.229148244619612
"quant",2,20,7,0.9,2.24955468615418
"quant",2,20,7,0.91,2.0962802409309
"quant",2,20,7,0.92,1.93236203305902
"quant",2,20,7,0.93,1.75584412979888
"quant",2,20,7,0.94,1.56211807297154
"quant",2,20,7,0.95,1.35613035254115
"quant",2,20,7,0.96,1.14348357227702
"quant",2,20,7,0.97,0.930904005452604
"quant",2,20,7,0.98,0.677482534939075
"quant",2,20,7,0.99,0.387956385889463
"quant",2,20,7,0.995,0.211354601237835
"quant",2,20,8,0.9,1.43136425427011
"quant",2,20,8,0.91,1.33529498836517
"quant",2,20,8,0.92,1.23780515602381
"quant",2,20,8,0.93,1.13679812657132
"quant",2,20,8,0.94,1.03193998420106
"quant",2,20,8,0.95,0.927946323299315
"quant",2,20,8,0.96,0.823713284746276
"quant",2,20,8,0.97,0.696126281824581
"quant",2,20,8,0.98,0.614098273111622
"quant",2,20,8,0.99,0.473573468520031
"quant",2,20,8,0.995,0.26466825823177
"quant",2,20,9,0.9,2.21359626856559
"quant",2,20,9,0.91,2.0953185046175
"quant",2,20,9,0.92,1.9706545374455
"quant",2,20,9,0.93,1.84095744466292
"quant",2,20,9,0.94,1.70350632804876
"quant",2,20,9,0.95,1.55836518012501
"quant",2,20,9,0.96,1.40075218394944
"quant",2,20,9,0.97,1.22618701577354
"quant",2,20,9,0.98,1.0303078524892
"quant",2,20,9,0.99,0.790475283862961
"quant",2,20,9,0.995,0.62725339883522
"quant",2,20,10,0.9,1.56884660621705
"quant",2,20,10,0.91,1.47123670269074
"quant",2,20,10,0.92,1.36606002587054
"quant",2,20,10,0.93,1.25160129226926
"quant",2,20,10,0.94,1.12616622976805
"quant",2,20,10,0.95,0.990389831804824
"quant",2,20,10,0.96,0.843791953987857
"quant",2,20,10,0.97,0.688294810083015
"quant",2,20,10,0.98,0.527268627528879
"quant",2,20,10,0.99,0.311772663745161
"quant",2,20,10,0.995,0.170203356341358
"quant",2,20,11,0.9,2.30834710472203
"quant",2,20,11,0.91,2.16681675982439
"quant",2,20,11,0.92,2.01338813568525
"quant",2,20,11,0.93,1.84849680386304
"quant",2,20,11,0.94,1.66991384320113
"quant",2,20,11,0.95,1.47726217385498
"quant",2,20,11,0.96,1.26436529259435
"quant",2,20,11,0.97,1.02705393792713
"quant",2,20,11,0.98,0.743364526054602
"quant",2,20,11,0.99,0.41653178808119
"quant",2,20,11,0.995,0.238868719383082
"quant",2,20,12,0.9,2.16079397362752
"quant",2,20,12,0.91,2.03928922926754
"quant",2,20,12,0.92,1.91001067785931
"quant",2,20,12,0.93,1.76933260272044
"quant",2,20,12,0.94,1.6227415677394
"quant",2,20,12,0.95,1.46358807945477
"quant",2,20,12,0.96,1.25973802377921
"quant",2,20,12,0.97,1.02439599326551
"quant",2,20,12,0.98,0.755762218966003
"quant",2,20,12,0.99,0.443211670115355
"quant",2,20,12,0.995,0.257449324334139
"quant",2,20,13,0.9,1.33697354801989
"quant",2,20,13,0.91,1.25698613094738
"quant",2,20,13,0.92,1.16929071637439
"quant",2,20,13,0.93,1.07287816228716
"quant",2,20,13,0.94,0.966104666816484
"quant",2,20,13,0.95,0.84615634404313
"quant",2,20,13,0.96,0.712376254982171
"quant",2,20,13,0.97,0.559847160680316
"quant",2,20,13,0.98,0.412951633875224
"quant",2,20,13,0.99,0.261487595468406
"quant",2,20,13,0.995,0.141998272023513
"quant",2,20,14,0.9,1.79748713594436
"quant",2,20,14,0.91,1.67924105457437
"quant",2,20,14,0.92,1.55300816072024
"quant",2,20,14,0.93,1.42341063291443
"quant",2,20,14,0.94,1.29486129209216
"quant",2,20,14,0.95,1.16735341648241
"quant",2,20,14,0.96,1.04539788482645
"quant",2,20,14,0.97,0.931202305633813
"quant",2,20,14,0.98,0.779053353931712
"quant",2,20,14,0.99,0.492451239719985
"quant",2,20,14,0.995,0.269363243603133
"quant",2,20,15,0.9,1.77505164030675
"quant",2,20,15,0.91,1.66815289827427
"quant",2,20,15,0.92,1.55574825325701
"quant",2,20,15,0.93,1.43696763543821
"quant",2,20,15,0.94,1.31070791170588
"quant",2,20,15,0.95,1.17463250923436
"quant",2,20,15,0.96,1.02482993951338
"quant",2,20,15,0.97,0.859104087711397
"quant",2,20,15,0.98,0.654567488923155
"quant",2,20,15,0.99,0.370576664794893
"quant",2,20,15,0.995,0.202809206782175
"quant",2,20,16,0.9,1.60953088206575
"quant",2,20,16,0.91,1.50538782988617
"quant",2,20,16,0.92,1.39332217382612
"quant",2,20,16,0.93,1.27290218082501
"quant",2,20,16,0.94,1.14076467035212
"quant",2,20,16,0.95,0.997168156599195
"quant",2,20,16,0.96,0.84062208322748
"quant",2,20,16,0.97,0.668830195277027
"quant",2,20,16,0.98,0.475328735381142
"quant",2,20,16,0.99,0.25911437358184
"quant",2,20,16,0.995,0.138022317217231
"quant",2,20,17,0.9,2.46074642500395
"quant",2,20,17,0.91,2.3258085587128
"quant",2,20,17,0.92,2.1837936235973
"quant",2,20,17,0.93,2.03260638099771
"quant",2,20,17,0.94,1.87308685231878
"quant",2,20,17,0.95,1.69627091463748
"quant",2,20,17,0.96,1.49856150204437
"quant",2,20,17,0.97,1.26729371325951
"quant",2,20,17,0.98,0.884185628370224
"quant",2,20,17,0.99,0.494203965742515
"quant",2,20,17,0.995,0.274928943313935
"quant",2,20,18,0.9,1.70685880245506
"quant",2,20,18,0.91,1.58466993713852
"quant",2,20,18,0.92,1.45583226971015
"quant",2,20,18,0.93,1.31988462990029
"quant",2,20,18,0.94,1.17459633433994
"quant",2,20,18,0.95,1.02057386761178
"quant",2,20,18,0.96,0.855963792806613
"quant",2,20,18,0.97,0.680197220580523
"quant",2,20,18,0.98,0.503944153540521
"quant",2,20,18,0.99,0.309711003733558
"quant",2,20,18,0.995,0.168189307796406
"quant",2,20,19,0.9,1.91058894970603
"quant",2,20,19,0.91,1.79918584646561
"quant",2,20,19,0.92,1.67803184583543
"quant",2,20,19,0.93,1.5462818593111
"quant",2,20,19,0.94,1.40440169647094
"quant",2,20,19,0.95,1.24954142451203
"quant",2,20,19,0.96,1.07912861883343
"quant",2,20,19,0.97,0.88997825052342
"quant",2,20,19,0.98,0.682234698152282
"quant",2,20,19,0.99,0.447849473599554
"quant",2,20,19,0.995,0.307332537552054
"quant",2,20,20,0.9,2.22178479475001
"quant",2,20,20,0.91,2.07648557221164
"quant",2,20,20,0.92,1.92347726458146
"quant",2,20,20,0.93,1.75772896587889
"quant",2,20,20,0.94,1.58163630394781
"quant",2,20,20,0.95,1.38826983603507
"quant",2,20,20,0.96,1.16704361310439
"quant",2,20,20,0.97,0.912219582105694
"quant",2,20,20,0.98,0.639172750553476
"quant",2,20,20,0.99,0.349341500703104
"quant",2,20,20,0.995,0.188361879433896
"quant",2,20,21,0.9,1.60025603015268
"quant",2,20,21,0.91,1.48264723946498
"quant",2,20,21,0.92,1.35845823822924
"quant",2,20,21,0.93,1.22769579896538
"quant",2,20,21,0.94,1.09054125423551
"quant",2,20,21,0.95,0.945290686481662
"quant",2,20,21,0.96,0.7905808934534
"quant",2,20,21,0.97,0.626332687775116
"quant",2,20,21,0.98,0.451151523394623
"quant",2,20,21,0.99,0.257926922850625
"quant",2,20,21,0.995,0.149230651584308
"quant",2,20,22,0.9,2.19230994949328
"quant",2,20,22,0.91,2.07785596955696
"quant",2,20,22,0.92,1.95408796182174
"quant",2,20,22,0.93,1.82001280343204
"quant",2,20,22,0.94,1.67410033097114
"quant",2,20,22,0.95,1.51482813600533
"quant",2,20,22,0.96,1.34286240175288
"quant",2,20,22,0.97,1.15423258420061
"quant",2,20,22,0.98,0.944516209981496
"quant",2,20,22,0.99,0.701104315822226
"quant",2,20,22,0.995,0.553168062910803
"quant",2,20,23,0.9,1.84412794673527
"quant",2,20,23,0.91,1.71989749408579
"quant",2,20,23,0.92,1.58870272426335
"quant",2,20,23,0.93,1.44955950640095
"quant",2,20,23,0.94,1.29943420721486
"quant",2,20,23,0.95,1.14121401637338
"quant",2,20,23,0.96,0.97521257874464
"quant",2,20,23,0.97,0.796733261848059
"quant",2,20,23,0.98,0.59802017119604
"quant",2,20,23,0.99,0.361939488268726
"quant",2,20,23,0.995,0.225180154984144
"quant",2,20,24,0.9,1.42727591171876
"quant",2,20,24,0.91,1.34253657219106
"quant",2,20,24,0.92,1.25124679277106
"quant",2,20,24,0.93,1.15415258962444
"quant",2,20,24,0.94,1.04891898316321
"quant",2,20,24,0.95,0.933379915882718
"quant",2,20,24,0.96,0.80243525169608
"quant",2,20,24,0.97,0.653126711341631
"quant",2,20,24,0.98,0.495862091890758
"quant",2,20,24,0.99,0.315537005752628
"quant",2,20,24,0.995,0.174543301230167
"quant",2,20,25,0.9,1.96667142040942
"quant",2,20,25,0.91,1.8487108996405
"quant",2,20,25,0.92,1.72062075146252
"quant",2,20,25,0.93,1.58024289959144
"quant",2,20,25,0.94,1.42494483493666
"quant",2,20,25,0.95,1.26242407767999
"quant",2,20,25,0.96,1.08173919475474
"quant",2,20,25,0.97,0.905082546018372
"quant",2,20,25,0.98,0.697463347745415
"quant",2,20,25,0.99,0.395141093304228
"quant",2,20,25,0.995,0.213994848256275
"quant",2,20,26,0.9,3.10219885392896
"quant",2,20,26,0.91,2.99208510475358
"quant",2,20,26,0.92,2.87141217208997
"quant",2,20,26,0.93,2.73828246933397
"quant",2,20,26,0.94,2.59205210051948
"quant",2,20,26,0.95,2.43045474228427
"quant",2,20,26,0.96,2.25011715737007
"quant",2,20,26,0.97,2.0408687618246
"quant",2,20,26,0.98,1.73753462488845
"quant",2,20,26,0.99,1.28657564131982
"quant",2,20,26,0.995,1.04495092428286
"quant",2,20,27,0.9,2.12740014620311
"quant",2,20,27,0.91,2.00290940840415
"quant",2,20,27,0.92,1.87006890167817
"quant",2,20,27,0.93,1.72946370678313
"quant",2,20,27,0.94,1.58012100810324
"quant",2,20,27,0.95,1.41948991837484
"quant",2,20,27,0.96,1.2447181000635
"quant",2,20,27,0.97,1.05199205663778
"quant",2,20,27,0.98,0.846526350780292
"quant",2,20,27,0.99,0.664730035317553
"quant",2,20,27,0.995,0.358524135823004
"quant",2,20,28,0.9,2.08103433214294
"quant",2,20,28,0.91,1.93914985309253
"quant",2,20,28,0.92,1.78628959368542
"quant",2,20,28,0.93,1.62051856414265
"quant",2,20,28,0.94,1.43787714824475
"quant",2,20,28,0.95,1.23907012963817
"quant",2,20,28,0.96,1.01803568513306
"quant",2,20,28,0.97,0.781601202427123
"quant",2,20,28,0.98,0.551456994148047
"quant",2,20,28,0.99,0.327406237896818
"quant",2,20,28,0.995,0.174552044569013
"quant",2,20,29,0.9,1.97132308501295
"quant",2,20,29,0.91,1.82296242702135
"quant",2,20,29,0.92,1.67234944338998
"quant",2,20,29,0.93,1.51553994369933
"quant",2,20,29,0.94,1.34965448066081
"quant",2,20,29,0.95,1.17490673321096
"quant",2,20,29,0.96,0.988166387144742
"quant",2,20,29,0.97,0.785641626506142
"quant",2,20,29,0.98,0.559352936010928
"quant",2,20,29,0.99,0.308298004034539
"quant",2,20,29,0.995,0.163173594790493
"quant",2,20,30,0.9,1.62766603994335
"quant",2,20,30,0.91,1.52201598114537
"quant",2,20,30,0.92,1.40803785073356
"quant",2,20,30,0.93,1.28716683392943
"quant",2,20,30,0.94,1.15779885634307
"quant",2,20,30,0.95,1.01850237179502
"quant",2,20,30,0.96,0.867593260191212
"quant",2,20,30,0.97,0.700968283981896
"quant",2,20,30,0.98,0.515926433243911
"quant",2,20,30,0.99,0.300463999889303
"quant",2,20,30,0.995,0.175647577244005
"quant",2,20,31,0.9,1.58560845308847
"quant",2,20,31,0.91,1.49353514445419
"quant",2,20,31,0.92,1.39527917580831
"quant",2,20,31,0.93,1.28787291641072
"quant",2,20,31,0.94,1.17012607652416
"quant",2,20,31,0.95,1.04471983689029
"quant",2,20,31,0.96,0.925312169582935
"quant",2,20,31,0.97,0.801611728127081
"quant",2,20,31,0.98,0.616518518376367
"quant",2,20,31,0.99,0.351984981866954
"quant",2,20,31,0.995,0.189747178198008
"quant",2,20,32,0.9,2.10314257568513
"quant",2,20,32,0.91,2.00180333229825
"quant",2,20,32,0.92,1.89016969586759
"quant",2,20,32,0.93,1.76631802560498
"quant",2,20,32,0.94,1.62833196709352
"quant",2,20,32,0.95,1.47068103588534
"quant",2,20,32,0.96,1.29229253638668
"quant",2,20,32,0.97,1.09177359290308
"quant",2,20,32,0.98,0.864755838839066
"quant",2,20,32,0.99,0.599919503707999
"quant",2,20,32,0.995,0.440314848145466
"quant",2,20,33,0.9,1.86450489895485
"quant",2,20,33,0.91,1.77171141011333
"quant",2,20,33,0.92,1.67131861939998
"quant",2,20,33,0.93,1.56092281249626
"quant",2,20,33,0.94,1.44081535671779
"quant",2,20,33,0.95,1.30568477995412
"quant",2,20,33,0.96,1.15358086700882
"quant",2,20,33,0.97,0.983307203963375
"quant",2,20,33,0.98,0.785898118520712
"quant",2,20,33,0.99,0.550812421198445
"quant",2,20,33,0.995,0.410653441602698
"quant",2,20,34,0.9,1.87597632676795
"quant",2,20,34,0.91,1.75696973313507
"quant",2,20,34,0.92,1.62936774341486
"quant",2,20,34,0.93,1.49235980128282
"quant",2,20,34,0.94,1.34049645775043
"quant",2,20,34,0.95,1.18913900768402
"quant",2,20,34,0.96,1.07412178341288
"quant",2,20,34,0.97,0.923212136789028
"quant",2,20,34,0.98,0.690527408580014
"quant",2,20,34,0.99,0.384241561041509
"quant",2,20,34,0.995,0.203952983841944
"quant",2,20,35,0.9,1.3680314207373
"quant",2,20,35,0.91,1.28075723314474
"quant",2,20,35,0.92,1.18344120153118
"quant",2,20,35,0.93,1.07749419499947
"quant",2,20,35,0.94,0.961182528786099
"quant",2,20,35,0.95,0.836197481442222
"quant",2,20,35,0.96,0.701724315566952
"quant",2,20,35,0.97,0.556805397512324
"quant",2,20,35,0.98,0.402649258171256
"quant",2,20,35,0.99,0.22708075895329
"quant",2,20,35,0.995,0.122586940337081
"quant",2,20,36,0.9,1.63321888558651
"quant",2,20,36,0.91,1.52817714033468
"quant",2,20,36,0.92,1.41758473848887
"quant",2,20,36,0.93,1.30364143505813
"quant",2,20,36,0.94,1.1819756382509
"quant",2,20,36,0.95,1.04567638917249
"quant",2,20,36,0.96,0.903808891564706
"quant",2,20,36,0.97,0.770163536170273
"quant",2,20,36,0.98,0.57692532314848
"quant",2,20,36,0.99,0.326647352413467
"quant",2,20,36,0.995,0.17532046154912
"quant",2,20,37,0.9,2.61391048944728
"quant",2,20,37,0.91,2.49801017727569
"quant",2,20,37,0.92,2.3734953112816
"quant",2,20,37,0.93,2.23967792954005
"quant",2,20,37,0.94,2.09687381641476
"quant",2,20,37,0.95,1.94052813241506
"quant",2,20,37,0.96,1.76730304356863
"quant",2,20,37,0.97,1.56941900879898
"quant",2,20,37,0.98,1.33498892068369
"quant",2,20,37,0.99,1.03416699676032
"quant",2,20,37,0.995,0.827853601036103
"quant",2,20,38,0.9,1.56060092450316
"quant",2,20,38,0.91,1.45272124936859
"quant",2,20,38,0.92,1.33928509102052
"quant",2,20,38,0.93,1.21874670523752
"quant",2,20,38,0.94,1.08899090923187
"quant",2,20,38,0.95,0.945027292742769
"quant",2,20,38,0.96,0.784251421536626
"quant",2,20,38,0.97,0.617318558509943
"quant",2,20,38,0.98,0.444140774708061
"quant",2,20,38,0.99,0.263257255454298
"quant",2,20,38,0.995,0.158153280941796
"quant",2,20,39,0.9,1.37510217858283
"quant",2,20,39,0.91,1.28422598426965
"quant",2,20,39,0.92,1.18738775374709
"quant",2,20,39,0.93,1.0834000641052
"quant",2,20,39,0.94,0.97314742319321
"quant",2,20,39,0.95,0.853965491650352
"quant",2,20,39,0.96,0.723103666541694
"quant",2,20,39,0.97,0.5787768361907
"quant",2,20,39,0.98,0.41885253095784
"quant",2,20,39,0.99,0.234836649309375
"quant",2,20,39,0.995,0.129649456632423
"quant",2,20,40,0.9,1.61895956148699
"quant",2,20,40,0.91,1.49374085444493
"quant",2,20,40,0.92,1.36080142178436
"quant",2,20,40,0.93,1.22068011241282
"quant",2,20,40,0.94,1.0765305958584
"quant",2,20,40,0.95,0.929766173344077
"quant",2,20,40,0.96,0.776592757761394
"quant",2,20,40,0.97,0.612653560855243
"quant",2,20,40,0.98,0.437103871501327
"quant",2,20,40,0.99,0.241983699336631
"quant",2,20,40,0.995,0.129289260362085
"quant",2,20,41,0.9,3.08722746400154
"quant",2,20,41,0.91,2.96143948865164
"quant",2,20,41,0.92,2.82769155269142
"quant",2,20,41,0.93,2.68358191675576
"quant",2,20,41,0.94,2.5242190226145
"quant",2,20,41,0.95,2.34373571212677
"quant",2,20,41,0.96,2.12777166304206
"quant",2,20,41,0.97,1.87075257328211
"quant",2,20,41,0.98,1.46457131048577
"quant",2,20,41,0.99,0.985344596130472
"quant",2,20,41,0.995,0.717861706742635
"quant",2,20,42,0.9,1.95292685291792
"quant",2,20,42,0.91,1.80737510529621
"quant",2,20,42,0.92,1.65231150799836
"quant",2,20,42,0.93,1.4876636976578
"quant",2,20,42,0.94,1.31640174502164
"quant",2,20,42,0.95,1.13756410840689
"quant",2,20,42,0.96,0.950023323482403
"quant",2,20,42,0.97,0.753494868833413
"quant",2,20,42,0.98,0.542472468695859
"quant",2,20,42,0.99,0.305446558193083
"quant",2,20,42,0.995,0.171726203226061
"quant",2,20,43,0.9,1.67796983345243
"quant",2,20,43,0.91,1.59333289683636
"quant",2,20,43,0.92,1.50009800389776
"quant",2,20,43,0.93,1.39698587217447
"quant",2,20,43,0.94,1.27308673649224
"quant",2,20,43,0.95,1.12492855559348
"quant",2,20,43,0.96,0.952617059327645
"quant",2,20,43,0.97,0.757192588428917
"quant",2,20,43,0.98,0.537109266722521
"quant",2,20,43,0.99,0.289952864696842
"quant",2,20,43,0.995,0.154395158732439
"quant",2,20,44,0.9,1.84223522000795
"quant",2,20,44,0.91,1.70928683690875
"quant",2,20,44,0.92,1.56788785184133
"quant",2,20,44,0.93,1.41713406906583
"quant",2,20,44,0.94,1.25630269221976
"quant",2,20,44,0.95,1.08634674192916
"quant",2,20,44,0.96,0.9055638931828
"quant",2,20,44,0.97,0.711094568904711
"quant",2,20,44,0.98,0.503373981151937
"quant",2,20,44,0.99,0.275556530292459
"quant",2,20,44,0.995,0.146610218351817
"quant",2,20,45,0.9,1.83269660097025
"quant",2,20,45,0.91,1.72072286369635
"quant",2,20,45,0.92,1.60233031101269
"quant",2,20,45,0.93,1.47558352340422
"quant",2,20,45,0.94,1.33825785382932
"quant",2,20,45,0.95,1.19271751466436
"quant",2,20,45,0.96,1.03504611750001
"quant",2,20,45,0.97,0.84865490233716
"quant",2,20,45,0.98,0.624755126727381
"quant",2,20,45,0.99,0.353920323656616
"quant",2,20,45,0.995,0.192698326522284
"quant",2,20,46,0.9,1.793611423456
"quant",2,20,46,0.91,1.67107171333929
"quant",2,20,46,0.92,1.54137929171292
"quant",2,20,46,0.93,1.40399101116483
"quant",2,20,46,0.94,1.25517070799114
"quant",2,20,46,0.95,1.090985957731
"quant",2,20,46,0.96,0.913433181458126
"quant",2,20,46,0.97,0.722607831852189
"quant",2,20,46,0.98,0.514464451616022
"quant",2,20,46,0.99,0.284500736755503
"quant",2,20,46,0.995,0.151653048967871
"quant",2,20,47,0.9,1.56876291996273
"quant",2,20,47,0.91,1.45980309858128
"quant",2,20,47,0.92,1.34534979034653
"quant",2,20,47,0.93,1.22211154011501
"quant",2,20,47,0.94,1.09050038266831
"quant",2,20,47,0.95,0.948064152255446
"quant",2,20,47,0.96,0.795662760926515
"quant",2,20,47,0.97,0.629229193895115
"quant",2,20,47,0.98,0.446907631471942
"quant",2,20,47,0.99,0.245137047419946
"quant",2,20,47,0.995,0.13233263162651
"quant",2,20,48,0.9,1.872135807581
"quant",2,20,48,0.91,1.76468822533417
"quant",2,20,48,0.92,1.64854042611883
"quant",2,20,48,0.93,1.52318469461184
"quant",2,20,48,0.94,1.38897240316296
"quant",2,20,48,0.95,1.24213640821051
"quant",2,20,48,0.96,1.06995881378261
"quant",2,20,48,0.97,0.861263933577828
"quant",2,20,48,0.98,0.61763451397092
"quant",2,20,48,0.99,0.338418544546368
"quant",2,20,48,0.995,0.184426371138133
"quant",2,20,49,0.9,1.86669870320992
"quant",2,20,49,0.91,1.73838285694466
"quant",2,20,49,0.92,1.59947907326708
"quant",2,20,49,0.93,1.45202047543717
"quant",2,20,49,0.94,1.29575416261048
"quant",2,20,49,0.95,1.12737724533901
"quant",2,20,49,0.96,0.945875468974723
"quant",2,20,49,0.97,0.751999472219813
"quant",2,20,49,0.98,0.543942943473179
"quant",2,20,49,0.99,0.31709473427899
"quant",2,20,49,0.995,0.188581505296355
"quant",2,20,50,0.9,3.11829598027398
"quant",2,20,50,0.91,3.0215084062818
"quant",2,20,50,0.92,2.91332985517955
"quant",2,20,50,0.93,2.79148109258396
"quant",2,20,50,0.94,2.65574839613075
"quant",2,20,50,0.95,2.50324168745825
"quant",2,20,50,0.96,2.32187313366571
"quant",2,20,50,0.97,2.09799570546616
"quant",2,20,50,0.98,1.82646002622083
"quant",2,20,50,0.99,1.45800869789024
"quant",2,20,50,0.995,1.2012506075008
"quant",3,20,1,0.9,1.87073571922559
"quant",3,20,1,0.91,1.72416511663719
"quant",3,20,1,0.92,1.56575909950377
"quant",3,20,1,0.93,1.39830065323184
"quant",3,20,1,0.94,1.22680782803803
"quant",3,20,1,0.95,1.05016099225019
"quant",3,20,1,0.96,0.866037214132884
"quant",3,20,1,0.97,0.694555508774554
"quant",3,20,1,0.98,0.516900474034066
"quant",3,20,1,0.99,0.305542644989863
"quant",3,20,1,0.995,0.169216575726961
"quant",3,20,2,0.9,1.57351257784039
"quant",3,20,2,0.91,1.47091198930225
"quant",3,20,2,0.92,1.35877434837914
"quant",3,20,2,0.93,1.23894318538785
"quant",3,20,2,0.94,1.11324625871557
"quant",3,20,2,0.95,0.983370844854758
"quant",3,20,2,0.96,0.843416479633625
"quant",3,20,2,0.97,0.676635951557064
"quant",3,20,2,0.98,0.487299519229632
"quant",3,20,2,0.99,0.273271377928423
"quant",3,20,2,0.995,0.146754202453746
"quant",3,20,3,0.9,1.77695586872287
"quant",3,20,3,0.91,1.6583094832259
"quant",3,20,3,0.92,1.5337152440068
"quant",3,20,3,0.93,1.40101510159287
"quant",3,20,3,0.94,1.26097082422633
"quant",3,20,3,0.95,1.11327606649041
"quant",3,20,3,0.96,0.951890322320132
"quant",3,20,3,0.97,0.7741931828556
"quant",3,20,3,0.98,0.578939902672971
"quant",3,20,3,0.99,0.348734793658455
"quant",3,20,3,0.995,0.210434406631352
"quant",3,20,4,0.9,1.60980452803173
"quant",3,20,4,0.91,1.49902858165672
"quant",3,20,4,0.92,1.3812178788426
"quant",3,20,4,0.93,1.25929549738477
"quant",3,20,4,0.94,1.13290203132237
"quant",3,20,4,0.95,0.99841681321887
"quant",3,20,4,0.96,0.853134770250072
"quant",3,20,4,0.97,0.6933104137044
"quant",3,20,4,0.98,0.517348019692645
"quant",3,20,4,0.99,0.302683658411937
"quant",3,20,4,0.995,0.167010195594447
"quant",3,20,5,0.9,1.64331710393243
"quant",3,20,5,0.91,1.53615091918582
"quant",3,20,5,0.92,1.4242457210227
"quant",3,20,5,0.93,1.33139694079855
"quant",3,20,5,0.94,1.21571482829193
"quant",3,20,5,0.95,1.07200272196068
"quant",3,20,5,0.96,0.906699399886192
"quant",3,20,5,0.97,0.720432950698552
"quant",3,20,5,0.98,0.511042385647539
"quant",3,20,5,0.99,0.277763202270257
"quant",3,20,5,0.995,0.14695878754244
"quant",3,20,6,0.9,1.87522111293911
"quant",3,20,6,0.91,1.75644397298508
"quant",3,20,6,0.92,1.62896240353893
"quant",3,20,6,0.93,1.49086535802696
"quant",3,20,6,0.94,1.34070572605269
"quant",3,20,6,0.95,1.17499905678235
"quant",3,20,6,0.96,0.9938920120049
"quant",3,20,6,0.97,0.797174493445794
"quant",3,20,6,0.98,0.59708041917395
"quant",3,20,6,0.99,0.414592813945828
"quant",3,20,6,0.995,0.23000381905349
"quant",3,20,7,0.9,2.25177896354605
"quant",3,20,7,0.91,2.09806778312685
"quant",3,20,7,0.92,1.9334456036574
"quant",3,20,7,0.93,1.7564702980477
"quant",3,20,7,0.94,1.56271025314664
"quant",3,20,7,0.95,1.35923901995017
"quant",3,20,7,0.96,1.14636672369664
"quant",3,20,7,0.97,0.932956877657238
"quant",3,20,7,0.98,0.679496822125895
"quant",3,20,7,0.99,0.38965373728152
"quant",3,20,7,0.995,0.212814503071316
"quant",3,20,8,0.9,1.42985946535775
"quant",3,20,8,0.91,1.33459381456453
"quant",3,20,8,0.92,1.23672198791642
"quant",3,20,8,0.93,1.13607536425272
"quant",3,20,8,0.94,1.03091896273608
"quant",3,20,8,0.95,0.9270472569718
"quant",3,20,8,0.96,0.824481182920899
"quant",3,20,8,0.97,0.701040606883534
"quant",3,20,8,0.98,0.610112695973694
"quant",3,20,8,0.99,0.472786861724907
"quant",3,20,8,0.995,0.266262274571689
"quant",3,20,9,0.9,2.21814653481191
"quant",3,20,9,0.91,2.09887872777906
"quant",3,20,9,0.92,1.9741119418546
"quant",3,20,9,0.93,1.8430946710363
"quant",3,20,9,0.94,1.70473347356506
"quant",3,20,9,0.95,1.55871364428126
"quant",3,20,9,0.96,1.39953484228102
"quant",3,20,9,0.97,1.22345129975898
"quant",3,20,9,0.98,1.02482422053964
"quant",3,20,9,0.99,0.781602121643412
"quant",3,20,9,0.995,0.61671316920946
"quant",3,20,10,0.9,1.57445884329004
"quant",3,20,10,0.91,1.47747056717211
"quant",3,20,10,0.92,1.37287265479255
"quant",3,20,10,0.93,1.25792480486789
"quant",3,20,10,0.94,1.13149714081367
"quant",3,20,10,0.95,0.99469722009237
"quant",3,20,10,0.96,0.847353956277704
"quant",3,20,10,0.97,0.691039424457881
"quant",3,20,10,0.98,0.525830637313826
"quant",3,20,10,0.99,0.310904399371652
"quant",3,20,10,0.995,0.170481442863595
"quant",3,20,11,0.9,2.31519582532089
"quant",3,20,11,0.91,2.1733988718552
"quant",3,20,11,0.92,2.01950736407867
"quant",3,20,11,0.93,1.85428900475011
"quant",3,20,11,0.94,1.67512497648667
"quant",3,20,11,0.95,1.48123420841981
"quant",3,20,11,0.96,1.26739638495363
"quant",3,20,11,0.97,1.03084125698484
"quant",3,20,11,0.98,0.750812972118068
"quant",3,20,11,0.99,0.420557624982936
"quant",3,20,11,0.995,0.239531975264129
"quant",3,20,12,0.9,2.16225630419665
"quant",3,20,12,0.91,2.04012490528489
"quant",3,20,12,0.92,1.91118069522828
"quant",3,20,12,0.93,1.77022960474671
"quant",3,20,12,0.94,1.62309508683329
"quant",3,20,12,0.95,1.46369410270614
"quant",3,20,12,0.96,1.26013710517954
"quant",3,20,12,0.97,1.02414599984105
"quant",3,20,12,0.98,0.755521620614555
"quant",3,20,12,0.99,0.441977969106004
"quant",3,20,12,0.995,0.254730201059677
"quant",3,20,13,0.9,1.33724653735101
"quant",3,20,13,0.91,1.25697747102418
"quant",3,20,13,0.92,1.16952027805501
"quant",3,20,13,0.93,1.07350286907814
"quant",3,20,13,0.94,0.967923576753044
"quant",3,20,13,0.95,0.848645236222443
"quant",3,20,13,0.96,0.714443766876861
"quant",3,20,13,0.97,0.560749263541018
"quant",3,20,13,0.98,0.40945686278947
"quant",3,20,13,0.99,0.260953280967483
"quant",3,20,13,0.995,0.142803093789224
"quant",3,20,14,0.9,1.79881276099699
"quant",3,20,14,0.91,1.68038666057093
"quant",3,20,14,0.92,1.55454329421727
"quant",3,20,14,0.93,1.42568466941769
"quant",3,20,14,0.94,1.29634528940246
"quant",3,20,14,0.95,1.1682759678695
"quant",3,20,14,0.96,1.04771596257187
"quant",3,20,14,0.97,0.934487734375168
"quant",3,20,14,0.98,0.777897056021679
"quant",3,20,14,0.99,0.492490991163407
"quant",3,20,14,0.995,0.270929837329652
"quant",3,20,15,0.9,1.77233814552781
"quant",3,20,15,0.91,1.66581943273995
"quant",3,20,15,0.92,1.55384746356802
"quant",3,20,15,0.93,1.4357863621608
"quant",3,20,15,0.94,1.31022040302186
"quant",3,20,15,0.95,1.17481565060229
"quant",3,20,15,0.96,1.02567316792025
"quant",3,20,15,0.97,0.859548225907285
"quant",3,20,15,0.98,0.655074304585492
"quant",3,20,15,0.99,0.369075987061168
"quant",3,20,15,0.995,0.200323705059927
"quant",3,20,16,0.9,1.60730594819554
"quant",3,20,16,0.91,1.50435615259361
"quant",3,20,16,0.92,1.39305270262998
"quant",3,20,16,0.93,1.27316649740552
"quant",3,20,16,0.94,1.14164051429159
"quant",3,20,16,0.95,0.998533893037279
"quant",3,20,16,0.96,0.842082984567534
"quant",3,20,16,0.97,0.669815180023318
"quant",3,20,16,0.98,0.476765279081569
"quant",3,20,16,0.99,0.260723152347543
"quant",3,20,16,0.995,0.139109379524485
"quant",3,20,17,0.9,2.46020429974179
"quant",3,20,17,0.91,2.32559766674973
"quant",3,20,17,0.92,2.18338680389704
"quant",3,20,17,0.93,2.03197485672047
"quant",3,20,17,0.94,1.8718367031882
"quant",3,20,17,0.95,1.69537329235535
"quant",3,20,17,0.96,1.49815110512414
"quant",3,20,17,0.97,1.26766073322894
"quant",3,20,17,0.98,0.893471226154105
"quant",3,20,17,0.99,0.501956941768652
"quant",3,20,17,0.995,0.280431759415503
"quant",3,20,18,0.9,1.70580001847639
"quant",3,20,18,0.91,1.58382852732429
"quant",3,20,18,0.92,1.45467071119783
"quant",3,20,18,0.93,1.31851061717491
"quant",3,20,18,0.94,1.1732728733645
"quant",3,20,18,0.95,1.0192004236898
"quant",3,20,18,0.96,0.855322634967984
"quant",3,20,18,0.97,0.679932626201885
"quant",3,20,18,0.98,0.506844665388254
"quant",3,20,18,0.99,0.311970938162436
"quant",3,20,18,0.995,0.169515182324875
"quant",3,20,19,0.9,1.91156399458819
"quant",3,20,19,0.91,1.80040608782079
"quant",3,20,19,0.92,1.67925616448504
"quant",3,20,19,0.93,1.54782093012343
"quant",3,20,19,0.94,1.4058767497282
"quant",3,20,19,0.95,1.25096046373106
"quant",3,20,19,0.96,1.08034908772228
"quant",3,20,19,0.97,0.890433246118867
"quant",3,20,19,0.98,0.682185548982879
"quant",3,20,19,0.99,0.44572910544912
"quant",3,20,19,0.995,0.303842352341562
"quant",3,20,20,0.9,2.22141828558087
"quant",3,20,20,0.91,2.0765401242796
"quant",3,20,20,0.92,1.92380987670964
"quant",3,20,20,0.93,1.75897999127233
"quant",3,20,20,0.94,1.58325758327056
"quant",3,20,20,0.95,1.38897543220219
"quant",3,20,20,0.96,1.16785847423831
"quant",3,20,20,0.97,0.913675048221335
"quant",3,20,20,0.98,0.641710751440673
"quant",3,20,20,0.99,0.350160409770308
"quant",3,20,20,0.995,0.189210326082072
"quant",3,20,21,0.9,1.60114049514247
"quant",3,20,21,0.91,1.4830596769004
"quant",3,20,21,0.92,1.35905966633166
"quant",3,20,21,0.93,1.22847910342616
"quant",3,20,21,0.94,1.09043495109634
"quant",3,20,21,0.95,0.944255104645894
"quant",3,20,21,0.96,0.789080692252579
"quant",3,20,21,0.97,0.625605235444591
"quant",3,20,21,0.98,0.450604591180232
"quant",3,20,21,0.99,0.255982047135016
"quant",3,20,21,0.995,0.145445805575218
"quant",3,20,22,0.9,2.1974699344545
"quant",3,20,22,0.91,2.08210306528457
"quant",3,20,22,0.92,1.95740986924292
"quant",3,20,22,0.93,1.82243268554617
"quant",3,20,22,0.94,1.67563966884257
"quant",3,20,22,0.95,1.51589638569689
"quant",3,20,22,0.96,1.34344906352496
"quant",3,20,22,0.97,1.15367773822758
"quant",3,20,22,0.98,0.943105257348625
"quant",3,20,22,0.99,0.699048673960459
"quant",3,20,22,0.995,0.550257917906643
"quant",3,20,23,0.9,1.85133714456166
"quant",3,20,23,0.91,1.72657879422148
"quant",3,20,23,0.92,1.59448748687441
"quant",3,20,23,0.93,1.4550137690927
"quant",3,20,23,0.94,1.30536178065359
"quant",3,20,23,0.95,1.14532647365687
"quant",3,20,23,0.96,0.976606625858722
"quant",3,20,23,0.97,0.795459981326376
"quant",3,20,23,0.98,0.596247076113462
"quant",3,20,23,0.99,0.359649534756573
"quant",3,20,23,0.995,0.219829979897871
"quant",3,20,24,0.9,1.41643998997197
"quant",3,20,24,0.91,1.33306078781707
"quant",3,20,24,0.92,1.24371440060837
"quant",3,20,24,0.93,1.14780493657018
"quant",3,20,24,0.94,1.04454910010833
"quant",3,20,24,0.95,0.929971716165606
"quant",3,20,24,0.96,0.80132225344178
"quant",3,20,24,0.97,0.65377768929654
"quant",3,20,24,0.98,0.497398758759411
"quant",3,20,24,0.99,0.315962070496163
"quant",3,20,24,0.995,0.17509956909756
"quant",3,20,25,0.9,1.96661760010718
"quant",3,20,25,0.91,1.8485621258261
"quant",3,20,25,0.92,1.71988174087912
"quant",3,20,25,0.93,1.57843669254982
"quant",3,20,25,0.94,1.42345409854945
"quant",3,20,25,0.95,1.26060831901911
"quant",3,20,25,0.96,1.08052842437346
"quant",3,20,25,0.97,0.900201739211429
"quant",3,20,25,0.98,0.694544677588842
"quant",3,20,25,0.99,0.394698943266941
"quant",3,20,25,0.995,0.214062243455257
"quant",3,20,26,0.9,3.10246099953945
"quant",3,20,26,0.91,2.99258841797382
"quant",3,20,26,0.92,2.8719984199411
"quant",3,20,26,0.93,2.73907735093227
"quant",3,20,26,0.94,2.59240342785266
"quant",3,20,26,0.95,2.43043237082085
"quant",3,20,26,0.96,2.24894040859094
"quant",3,20,26,0.97,2.0380557069315
"quant",3,20,26,0.98,1.74190871535023
"quant",3,20,26,0.99,1.28846126974959
"quant",3,20,26,0.995,1.03495876173805
"quant",3,20,27,0.9,2.1256002249897
"quant",3,20,27,0.91,2.00118748485519
"quant",3,20,27,0.92,1.86870298720639
"quant",3,20,27,0.93,1.7292319443397
"quant",3,20,27,0.94,1.58003630441079
"quant",3,20,27,0.95,1.41958957305834
"quant",3,20,27,0.96,1.24418635295679
"quant",3,20,27,0.97,1.05167639431959
"quant",3,20,27,0.98,0.851300798683651
"quant",3,20,27,0.99,0.663726018986166
"quant",3,20,27,0.995,0.36079859757062
"quant",3,20,28,0.9,2.08402001308146
"quant",3,20,28,0.91,1.9410302444654
"quant",3,20,28,0.92,1.78591355305419
"quant",3,20,28,0.93,1.61791030643701
"quant",3,20,28,0.94,1.43461777871052
"quant",3,20,28,0.95,1.23638418576885
"quant",3,20,28,0.96,1.01356920365808
"quant",3,20,28,0.97,0.77710375396412
"quant",3,20,28,0.98,0.54753693275751
"quant",3,20,28,0.99,0.324248941997249
"quant",3,20,28,0.995,0.172852704617407
"quant",3,20,29,0.9,1.9739494756762
"quant",3,20,29,0.91,1.82574960800329
"quant",3,20,29,0.92,1.67364329352072
"quant",3,20,29,0.93,1.51700144363415
"quant",3,20,29,0.94,1.35047976686882
"quant",3,20,29,0.95,1.17474312273404
"quant",3,20,29,0.96,0.987428136925642
"quant",3,20,29,0.97,0.785350735596806
"quant",3,20,29,0.98,0.558649128796832
"quant",3,20,29,0.99,0.307649359918303
"quant",3,20,29,0.995,0.16365565489075
"quant",3,20,30,0.9,1.62820727502147
"quant",3,20,30,0.91,1.52282734616391
"quant",3,20,30,0.92,1.4090099536117
"quant",3,20,30,0.93,1.28829674294873
"quant",3,20,30,0.94,1.15865981685436
"quant",3,20,30,0.95,1.01866780976163
"quant",3,20,30,0.96,0.867524318121288
"quant",3,20,30,0.97,0.700516456482993
"quant",3,20,30,0.98,0.513819540303824
"quant",3,20,30,0.99,0.296573579834359
"quant",3,20,30,0.995,0.171746605437602
"quant",3,20,31,0.9,1.58722931648285
"quant",3,20,31,0.91,1.49485751736154
"quant",3,20,31,0.92,1.39678806650011
"quant",3,20,31,0.93,1.2901790452174
"quant",3,20,31,0.94,1.17331037810333
"quant",3,20,31,0.95,1.04931444570426
"quant",3,20,31,0.96,0.929733770169816
"quant",3,20,31,0.97,0.801067515559321
"quant",3,20,31,0.98,0.614983788671782
"quant",3,20,31,0.99,0.352855837085031
"quant",3,20,31,0.995,0.190939016750977
"quant",3,20,32,0.9,2.10196653812035
"quant",3,20,32,0.91,2.00064829609144
"quant",3,20,32,0.92,1.88838473536535
"quant",3,20,32,0.93,1.76500086977316
"quant",3,20,32,0.94,1.62720261469104
"quant",3,20,32,0.95,1.46992765613481
"quant",3,20,32,0.96,1.29213713638717
"quant",3,20,32,0.97,1.09158850482588
"quant",3,20,32,0.98,0.865287899139444
"quant",3,20,32,0.99,0.599096895467832
"quant",3,20,32,0.995,0.437561648624043
"quant",3,20,33,0.9,1.86564004779847
"quant",3,20,33,0.91,1.77278394633836
"quant",3,20,33,0.92,1.67208021549752
"quant",3,20,33,0.93,1.56172462460736
"quant",3,20,33,0.94,1.4413693774597
"quant",3,20,33,0.95,1.30680748776065
"quant",3,20,33,0.96,1.1554347353546
"quant",3,20,33,0.97,0.98474333912307
"quant",3,20,33,0.98,0.786461664245234
"quant",3,20,33,0.99,0.549425559909885
"quant",3,20,33,0.995,0.407116188372946
"quant",3,20,34,0.9,1.87591172579326
"quant",3,20,34,0.91,1.75729419897113
"quant",3,20,34,0.92,1.62962472846306
"quant",3,20,34,0.93,1.4919225385868
"quant",3,20,34,0.94,1.33960313283107
"quant",3,20,34,0.95,1.18794470371404
"quant",3,20,34,0.96,1.0708435925674
"quant",3,20,34,0.97,0.917665815087777
"quant",3,20,34,0.98,0.68740110226475
"quant",3,20,34,0.99,0.385580324242119
"quant",3,20,34,0.995,0.206156217940566
"quant",3,20,35,0.9,1.3652185072449
"quant",3,20,35,0.91,1.27837445720713
"quant",3,20,35,0.92,1.18253871479852
"quant",3,20,35,0.93,1.07688059001623
"quant",3,20,35,0.94,0.961597940852231
"quant",3,20,35,0.95,0.83696336731787
"quant",3,20,35,0.96,0.70276280604837
"quant",3,20,35,0.97,0.557842495960122
"quant",3,20,35,0.98,0.403366793170544
"quant",3,20,35,0.99,0.22707688619779
"quant",3,20,35,0.995,0.122680518651151
"quant",3,20,36,0.9,1.63456889808138
"quant",3,20,36,0.91,1.52929277931159
"quant",3,20,36,0.92,1.41839636134581
"quant",3,20,36,0.93,1.30357445084459
"quant",3,20,36,0.94,1.18133085581038
"quant",3,20,36,0.95,1.04501899970867
"quant",3,20,36,0.96,0.903740058806168
"quant",3,20,36,0.97,0.76901354092661
"quant",3,20,36,0.98,0.575105333147427
"quant",3,20,36,0.99,0.326131048423379
"quant",3,20,36,0.995,0.176445548325837
"quant",3,20,37,0.9,2.61586948557894
"quant",3,20,37,0.91,2.50053035359556
"quant",3,20,37,0.92,2.37649389388277
"quant",3,20,37,0.93,2.24413878644712
"quant",3,20,37,0.94,2.10209195086944
"quant",3,20,37,0.95,1.94682496334166
"quant",3,20,37,0.96,1.77445613248751
"quant",3,20,37,0.97,1.57864722343059
"quant",3,20,37,0.98,1.34622688106144
"quant",3,20,37,0.99,1.04728692939656
"quant",3,20,37,0.995,0.838183527952533
"quant",3,20,38,0.9,1.56228139616179
"quant",3,20,38,0.91,1.45304982852886
"quant",3,20,38,0.92,1.33811370577186
"quant",3,20,38,0.93,1.21713277907097
"quant",3,20,38,0.94,1.08760822770063
"quant",3,20,38,0.95,0.944536162604915
"quant",3,20,38,0.96,0.78615496686521
"quant",3,20,38,0.97,0.620399617130877
"quant",3,20,38,0.98,0.446045252510967
"quant",3,20,38,0.99,0.263891071026463
"quant",3,20,38,0.995,0.158283642423196
"quant",3,20,39,0.9,1.37632859608291
"quant",3,20,39,0.91,1.28563831638932
"quant",3,20,39,0.92,1.18868253517654
"quant",3,20,39,0.93,1.08496984831366
"quant",3,20,39,0.94,0.974551247401546
"quant",3,20,39,0.95,0.854770749281185
"quant",3,20,39,0.96,0.724080102231909
"quant",3,20,39,0.97,0.580278415490891
"quant",3,20,39,0.98,0.419838897864483
"quant",3,20,39,0.99,0.234450956844165
"quant",3,20,39,0.995,0.129382222971351
"quant",3,20,40,0.9,1.61993337742302
"quant",3,20,40,0.91,1.49442780419544
"quant",3,20,40,0.92,1.36161142660921
"quant",3,20,40,0.93,1.22138165786083
"quant",3,20,40,0.94,1.0770603113904
"quant",3,20,40,0.95,0.930326707893882
"quant",3,20,40,0.96,0.777600602929272
"quant",3,20,40,0.97,0.613166742591609
"quant",3,20,40,0.98,0.437916236708126
"quant",3,20,40,0.99,0.24282713803417
"quant",3,20,40,0.995,0.130563154633929
"quant",3,20,41,0.9,3.09001124143121
"quant",3,20,41,0.91,2.96384701396392
"quant",3,20,41,0.92,2.83026296182091
"quant",3,20,41,0.93,2.68655013815058
"quant",3,20,41,0.94,2.52657370302976
"quant",3,20,41,0.95,2.34608670154417
"quant",3,20,41,0.96,2.12997939630551
"quant",3,20,41,0.97,1.87388545330747
"quant",3,20,41,0.98,1.47192340189528
"quant",3,20,41,0.99,0.986486206130718
"quant",3,20,41,0.995,0.716635076335764
"quant",3,20,42,0.9,1.94583623448427
"quant",3,20,42,0.91,1.8006069407156
"quant",3,20,42,0.92,1.64533731437919
"quant",3,20,42,0.93,1.48207960285697
"quant",3,20,42,0.94,1.31215684425566
"quant",3,20,42,0.95,1.13346644201285
"quant",3,20,42,0.96,0.946349951183039
"quant",3,20,42,0.97,0.750218311523174
"quant",3,20,42,0.98,0.539101655960471
"quant",3,20,42,0.99,0.301304831727109
"quant",3,20,42,0.995,0.168146205195855
"quant",3,20,43,0.9,1.67661066232676
"quant",3,20,43,0.91,1.58991250121271
"quant",3,20,43,0.92,1.49525590717172
"quant",3,20,43,0.93,1.39041619877993
"quant",3,20,43,0.94,1.26604623132577
"quant",3,20,43,0.95,1.1187723895708
"quant",3,20,43,0.96,0.948798120293166
"quant",3,20,43,0.97,0.755547625711196
"quant",3,20,43,0.98,0.537377265102371
"quant",3,20,43,0.99,0.290995178681375
"quant",3,20,43,0.995,0.15514931846142
"quant",3,20,44,0.9,1.83664347774544
"quant",3,20,44,0.91,1.70504341921755
"quant",3,20,44,0.92,1.56462995393361
"quant",3,20,44,0.93,1.41480819127139
"quant",3,20,44,0.94,1.25464475542314
"quant",3,20,44,0.95,1.08492346128431
"quant",3,20,44,0.96,0.904589045768665
"quant",3,20,44,0.97,0.710402475390637
"quant",3,20,44,0.98,0.502476490020833
"quant",3,20,44,0.99,0.275314538703429
"quant",3,20,44,0.995,0.146701398694246
"quant",3,20,45,0.9,1.83371792718405
"quant",3,20,45,0.91,1.7218680536366
"quant",3,20,45,0.92,1.60342899640802
"quant",3,20,45,0.93,1.4764346477874
"quant",3,20,45,0.94,1.33857646415239
"quant",3,20,45,0.95,1.19242980108605
"quant",3,20,45,0.96,1.03407860072841
"quant",3,20,45,0.97,0.847410792315729
"quant",3,20,45,0.98,0.625513376898575
"quant",3,20,45,0.99,0.354022700604796
"quant",3,20,45,0.995,0.19333412158106
"quant",3,20,46,0.9,1.80045058583375
"quant",3,20,46,0.91,1.67582559428907
"quant",3,20,46,0.92,1.54477168816871
"quant",3,20,46,0.93,1.40594148633576
"quant",3,20,46,0.94,1.25689586633627
"quant",3,20,46,0.95,1.09283425608054
"quant",3,20,46,0.96,0.914397852783582
"quant",3,20,46,0.97,0.723599499523855
"quant",3,20,46,0.98,0.513399870901451
"quant",3,20,46,0.99,0.281422072774113
"quant",3,20,46,0.995,0.149745979492002
"quant",3,20,47,0.9,1.56665589285609
"quant",3,20,47,0.91,1.45858453087625
"quant",3,20,47,0.92,1.34502900361568
"quant",3,20,47,0.93,1.22219296539207
"quant",3,20,47,0.94,1.09118851650811
"quant",3,20,47,0.95,0.949292955576306
"quant",3,20,47,0.96,0.797208785542163
"quant",3,20,47,0.97,0.631004272063539
"quant",3,20,47,0.98,0.448215174838905
"quant",3,20,47,0.99,0.246350669054824
"quant",3,20,47,0.995,0.132825622053939
"quant",3,20,48,0.9,1.86998924957537
"quant",3,20,48,0.91,1.76303154666964
"quant",3,20,48,0.92,1.64755295348013
"quant",3,20,48,0.93,1.52280127044456
"quant",3,20,48,0.94,1.38924613853986
"quant",3,20,48,0.95,1.2425054211537
"quant",3,20,48,0.96,1.07098140003835
"quant",3,20,48,0.97,0.862895100052646
"quant",3,20,48,0.98,0.619334387270744
"quant",3,20,48,0.99,0.339552793517289
"quant",3,20,48,0.995,0.184322567434984
"quant",3,20,49,0.9,1.86695874302016
"quant",3,20,49,0.91,1.7382753560491
"quant",3,20,49,0.92,1.59968689008963
"quant",3,20,49,0.93,1.45235892326987
"quant",3,20,49,0.94,1.29586135109765
"quant",3,20,49,0.95,1.12697503814305
"quant",3,20,49,0.96,0.945366756495501
"quant",3,20,49,0.97,0.751489232918982
"quant",3,20,49,0.98,0.543994842000018
"quant",3,20,49,0.99,0.317312137748142
"quant",3,20,49,0.995,0.187808914740946
"quant",3,20,50,0.9,3.12032938943359
"quant",3,20,50,0.91,3.02346739984243
"quant",3,20,50,0.92,2.91593630843659
"quant",3,20,50,0.93,2.79413145615895
"quant",3,20,50,0.94,2.65859139195764
"quant",3,20,50,0.95,2.5055301338675
"quant",3,20,50,0.96,2.32534370003601
"quant",3,20,50,0.97,2.10135984381196
"quant",3,20,50,0.98,1.82832153295193
"quant",3,20,50,0.99,1.45268453951919
"quant",3,20,50,0.995,1.1789616179693
"quant",4,20,1,0.9,1.87049713722082
"quant",4,20,1,0.91,1.72454922956845
"quant",4,20,1,0.92,1.56626544332512
"quant",4,20,1,0.93,1.39879659748235
"quant",4,20,1,0.94,1.22680038116403
"quant",4,20,1,0.95,1.04959896412634
"quant",4,20,1,0.96,0.864716204299345
"quant",4,20,1,0.97,0.697005035731123
"quant",4,20,1,0.98,0.520743940126983
"quant",4,20,1,0.99,0.307222226289343
"quant",4,20,1,0.995,0.168843322865366
"quant",4,20,2,0.9,1.57389612416672
"quant",4,20,2,0.91,1.47155113335282
"quant",4,20,2,0.92,1.35955788598479
"quant",4,20,2,0.93,1.23927824501819
"quant",4,20,2,0.94,1.11444568219107
"quant",4,20,2,0.95,0.983972819036831
"quant",4,20,2,0.96,0.847128180540023
"quant",4,20,2,0.97,0.680369713789157
"quant",4,20,2,0.98,0.489183192751667
"quant",4,20,2,0.99,0.273813708291814
"quant",4,20,2,0.995,0.146306308929127
"quant",4,20,3,0.9,1.7738383436103
"quant",4,20,3,0.91,1.65505525706548
"quant",4,20,3,0.92,1.53038699500668
"quant",4,20,3,0.93,1.39861772881616
"quant",4,20,3,0.94,1.25929344249164
"quant",4,20,3,0.95,1.11166706005814
"quant",4,20,3,0.96,0.950481185882929
"quant",4,20,3,0.97,0.772520937387194
"quant",4,20,3,0.98,0.577556305070606
"quant",4,20,3,0.99,0.347404884414824
"quant",4,20,3,0.995,0.207529754152288
"quant",4,20,4,0.9,1.61003808135277
"quant",4,20,4,0.91,1.49864078979647
"quant",4,20,4,0.92,1.38110430287341
"quant",4,20,4,0.93,1.25873235423787
"quant",4,20,4,0.94,1.13267726118461
"quant",4,20,4,0.95,0.997816108142138
"quant",4,20,4,0.96,0.85149914675324
"quant",4,20,4,0.97,0.691365486119023
"quant",4,20,4,0.98,0.514619300079357
"quant",4,20,4,0.99,0.302046896624022
"quant",4,20,4,0.995,0.166660146162718
"quant",4,20,5,0.9,1.63980004074462
"quant",4,20,5,0.91,1.53359628806893
"quant",4,20,5,0.92,1.425736923375
"quant",4,20,5,0.93,1.3372799916591
"quant",4,20,5,0.94,1.22139549775222
"quant",4,20,5,0.95,1.07745871248371
"quant",4,20,5,0.96,0.910840194068585
"quant",4,20,5,0.97,0.721976084298584
"quant",4,20,5,0.98,0.51097225291006
"quant",4,20,5,0.99,0.277356877662407
"quant",4,20,5,0.995,0.1474530489592
"quant",4,20,6,0.9,1.87425294842803
"quant",4,20,6,0.91,1.75494893454493
"quant",4,20,6,0.92,1.62619836926049
"quant",4,20,6,0.93,1.48730203188073
"quant",4,20,6,0.94,1.33693253578787
"quant",4,20,6,0.95,1.17209996351298
"quant",4,20,6,0.96,0.994324776164771
"quant",4,20,6,0.97,0.800600494254852
"quant",4,20,6,0.98,0.606612926143398
"quant",4,20,6,0.99,0.408751025922721
"quant",4,20,6,0.995,0.22398088882837
"quant",4,20,7,0.9,2.24919005552162
"quant",4,20,7,0.91,2.09641965732223
"quant",4,20,7,0.92,1.93237320224454
"quant",4,20,7,0.93,1.75614104697006
"quant",4,20,7,0.94,1.56311652247697
"quant",4,20,7,0.95,1.35921659122888
"quant",4,20,7,0.96,1.14499731915803
"quant",4,20,7,0.97,0.930155755171169
"quant",4,20,7,0.98,0.677968042501881
"quant",4,20,7,0.99,0.387923628245748
"quant",4,20,7,0.995,0.211239068197363
"quant",4,20,8,0.9,1.43378108392823
"quant",4,20,8,0.91,1.33664860840919
"quant",4,20,8,0.92,1.2380333140869
"quant",4,20,8,0.93,1.13653828861937
"quant",4,20,8,0.94,1.03099500357657
"quant",4,20,8,0.95,0.925387093215722
"quant",4,20,8,0.96,0.819826634044213
"quant",4,20,8,0.97,0.694591859066084
"quant",4,20,8,0.98,0.609165817890425
"quant",4,20,8,0.99,0.465144525000438
"quant",4,20,8,0.995,0.259446668198916
"quant",4,20,9,0.9,2.217492399505
"quant",4,20,9,0.91,2.09970317099661
"quant",4,20,9,0.92,1.97628740387443
"quant",4,20,9,0.93,1.84620013493149
"quant",4,20,9,0.94,1.70838984264176
"quant",4,20,9,0.95,1.56221354036749
"quant",4,20,9,0.96,1.40463802739926
"quant",4,20,9,0.97,1.23052549024431
"quant",4,20,9,0.98,1.03475729634741
"quant",4,20,9,0.99,0.791628146661542
"quant",4,20,9,0.995,0.622514164255775
"quant",4,20,10,0.9,1.56841066389459
"quant",4,20,10,0.91,1.47188343548644
"quant",4,20,10,0.92,1.36833613793274
"quant",4,20,10,0.93,1.25587160043764
"quant",4,20,10,0.94,1.13150874751482
"quant",4,20,10,0.95,0.996195496757243
"quant",4,20,10,0.96,0.850516852150999
"quant",4,20,10,0.97,0.694022972568394
"quant",4,20,10,0.98,0.52901058668211
"quant",4,20,10,0.99,0.310891540109887
"quant",4,20,10,0.995,0.170194571161377
"quant",4,20,11,0.9,2.31201934828709
"quant",4,20,11,0.91,2.170349629882
"quant",4,20,11,0.92,2.01709222724547
"quant",4,20,11,0.93,1.85304455277955
"quant",4,20,11,0.94,1.67450362924369
"quant",4,20,11,0.95,1.481564813796
"quant",4,20,11,0.96,1.26813158951659
"quant",4,20,11,0.97,1.03026004297136
"quant",4,20,11,0.98,0.746911626160346
"quant",4,20,11,0.99,0.417035687101618
"quant",4,20,11,0.995,0.236715274010732
"quant",4,20,12,0.9,2.162162914838
"quant",4,20,12,0.91,2.04060351824431
"quant",4,20,12,0.92,1.91232030764985
"quant",4,20,12,0.93,1.77275618588582
"quant",4,20,12,0.94,1.62619095549773
"quant",4,20,12,0.95,1.46638915572101
"quant",4,20,12,0.96,1.26059539459834
"quant",4,20,12,0.97,1.0239964862693
"quant",4,20,12,0.98,0.757534056794403
"quant",4,20,12,0.99,0.444581889235847
"quant",4,20,12,0.995,0.257383073259843
"quant",4,20,13,0.9,1.33801137282171
"quant",4,20,13,0.91,1.25807681508043
"quant",4,20,13,0.92,1.17089647635614
"quant",4,20,13,0.93,1.07433688593404
"quant",4,20,13,0.94,0.968187658449613
"quant",4,20,13,0.95,0.848701412047683
"quant",4,20,13,0.96,0.714398132206704
"quant",4,20,13,0.97,0.561204765907325
"quant",4,20,13,0.98,0.41252968173808
"quant",4,20,13,0.99,0.260811894776964
"quant",4,20,13,0.995,0.142455803076164
"quant",4,20,14,0.9,1.79759554917557
"quant",4,20,14,0.91,1.67887053078586
"quant",4,20,14,0.92,1.55216558094487
"quant",4,20,14,0.93,1.42259918202669
"quant",4,20,14,0.94,1.29208386618999
"quant",4,20,14,0.95,1.166424123404
"quant",4,20,14,0.96,1.04991408741232
"quant",4,20,14,0.97,0.932794341552506
"quant",4,20,14,0.98,0.773083311539363
"quant",4,20,14,0.99,0.490271170881179
"quant",4,20,14,0.995,0.268907031881844
"quant",4,20,15,0.9,1.77327804371195
"quant",4,20,15,0.91,1.66692214097902
"quant",4,20,15,0.92,1.55480797404282
"quant",4,20,15,0.93,1.4369183888396
"quant",4,20,15,0.94,1.3114704228467
"quant",4,20,15,0.95,1.17595287470918
"quant",4,20,15,0.96,1.02668126482327
"quant",4,20,15,0.97,0.860376744395608
"quant",4,20,15,0.98,0.652552666333504
"quant",4,20,15,0.99,0.372956675083155
"quant",4,20,15,0.995,0.202803454813145
"quant",4,20,16,0.9,1.60367511378118
"quant",4,20,16,0.91,1.49986680740761
"quant",4,20,16,0.92,1.38757050350773
"quant",4,20,16,0.93,1.26763489741418
"quant",4,20,16,0.94,1.13696407799289
"quant",4,20,16,0.95,0.994210265981698
"quant",4,20,16,0.96,0.838486678796077
"quant",4,20,16,0.97,0.667672168267095
"quant",4,20,16,0.98,0.474735906394576
"quant",4,20,16,0.99,0.258754314289013
"quant",4,20,16,0.995,0.138225023277513
"quant",4,20,17,0.9,2.46248075965964
"quant",4,20,17,0.91,2.32712111725971
"quant",4,20,17,0.92,2.18455192216803
"quant",4,20,17,0.93,2.03268222678315
"quant",4,20,17,0.94,1.87296680363418
"quant",4,20,17,0.95,1.6959997899934
"quant",4,20,17,0.96,1.49749270606224
"quant",4,20,17,0.97,1.26701707097776
"quant",4,20,17,0.98,0.89469553189853
"quant",4,20,17,0.99,0.502846959973045
"quant",4,20,17,0.995,0.276976235349274
"quant",4,20,18,0.9,1.70521142680613
"quant",4,20,18,0.91,1.58382994588214
"quant",4,20,18,0.92,1.45525168094449
"quant",4,20,18,0.93,1.31913174536667
"quant",4,20,18,0.94,1.17382162457325
"quant",4,20,18,0.95,1.0197792452686
"quant",4,20,18,0.96,0.85580477071672
"quant",4,20,18,0.97,0.679532395316465
"quant",4,20,18,0.98,0.504502130826604
"quant",4,20,18,0.99,0.314383993655839
"quant",4,20,18,0.995,0.173082570989484
"quant",4,20,19,0.9,1.91104706268012
"quant",4,20,19,0.91,1.80009282385615
"quant",4,20,19,0.92,1.67978169693299
"quant",4,20,19,0.93,1.54875533247864
"quant",4,20,19,0.94,1.40721983733387
"quant",4,20,19,0.95,1.25233200763965
"quant",4,20,19,0.96,1.08176386036446
"quant",4,20,19,0.97,0.891749790906707
"quant",4,20,19,0.98,0.682438188600932
"quant",4,20,19,0.99,0.44513791368843
"quant",4,20,19,0.995,0.303923693663765
"quant",4,20,20,0.9,2.2195153393845
"quant",4,20,20,0.91,2.07360595160627
"quant",4,20,20,0.92,1.92071416843235
"quant",4,20,20,0.93,1.75537145150684
"quant",4,20,20,0.94,1.57902618077584
"quant",4,20,20,0.95,1.38431450694623
"quant",4,20,20,0.96,1.16259852963701
"quant",4,20,20,0.97,0.91027991794028
"quant",4,20,20,0.98,0.637338709888697
"quant",4,20,20,0.99,0.349878331731948
"quant",4,20,20,0.995,0.190320106040548
"quant",4,20,21,0.9,1.60163140541867
"quant",4,20,21,0.91,1.48436539802497
"quant",4,20,21,0.92,1.3602110906636
"quant",4,20,21,0.93,1.22942015775247
"quant",4,20,21,0.94,1.09253457014188
"quant",4,20,21,0.95,0.946370817508871
"quant",4,20,21,0.96,0.790459034316784
"quant",4,20,21,0.97,0.625744567094344
"quant",4,20,21,0.98,0.449223645858501
"quant",4,20,21,0.99,0.254054640576153
"quant",4,20,21,0.995,0.143768273855467
"quant",4,20,22,0.9,2.19172923820055
"quant",4,20,22,0.91,2.07756813452449
"quant",4,20,22,0.92,1.95405997328231
"quant",4,20,22,0.93,1.82026064970024
"quant",4,20,22,0.94,1.67460707235414
"quant",4,20,22,0.95,1.51553586376748
"quant",4,20,22,0.96,1.3435811286043
"quant",4,20,22,0.97,1.15390550820042
"quant",4,20,22,0.98,0.941682815981748
"quant",4,20,22,0.99,0.693446092526492
"quant",4,20,22,0.995,0.53974904799809
"quant",4,20,23,0.9,1.84598675218092
"quant",4,20,23,0.91,1.7231660433517
"quant",4,20,23,0.92,1.59260816673126
"quant",4,20,23,0.93,1.4542433934864
"quant",4,20,23,0.94,1.30491223305771
"quant",4,20,23,0.95,1.14632222000122
"quant",4,20,23,0.96,0.977772414844927
"quant",4,20,23,0.97,0.797075422231054
"quant",4,20,23,0.98,0.596858215860235
"quant",4,20,23,0.99,0.361302724193659
"quant",4,20,23,0.995,0.225709830282482
"quant",4,20,24,0.9,1.41768572764072
"quant",4,20,24,0.91,1.33375448208036
"quant",4,20,24,0.92,1.24356413096573
"quant",4,20,24,0.93,1.14708559386178
"quant",4,20,24,0.94,1.0433199241976
"quant",4,20,24,0.95,0.929161334800339
"quant",4,20,24,0.96,0.80147717272024
"quant",4,20,24,0.97,0.655740715231556
"quant",4,20,24,0.98,0.500881021963544
"quant",4,20,24,0.99,0.315781557593136
"quant",4,20,24,0.995,0.174510240302804
"quant",4,20,25,0.9,1.9674021821335
"quant",4,20,25,0.91,1.84922369964343
"quant",4,20,25,0.92,1.72015364140124
"quant",4,20,25,0.93,1.5781313751108
"quant",4,20,25,0.94,1.42332105633445
"quant",4,20,25,0.95,1.26163821206647
"quant",4,20,25,0.96,1.08253835118632
"quant",4,20,25,0.97,0.901389551243159
"quant",4,20,25,0.98,0.690001264900307
"quant",4,20,25,0.99,0.39439784888563
"quant",4,20,25,0.995,0.214037948269579
"quant",4,20,26,0.9,3.10221901581824
"quant",4,20,26,0.91,2.99212570912638
"quant",4,20,26,0.92,2.87171543821838
"quant",4,20,26,0.93,2.73899827579346
"quant",4,20,26,0.94,2.59291644777592
"quant",4,20,26,0.95,2.4315005933535
"quant",4,20,26,0.96,2.25043743181622
"quant",4,20,26,0.97,2.03861120772066
"quant",4,20,26,0.98,1.72538735536607
"quant",4,20,26,0.99,1.28341007111189
"quant",4,20,26,0.995,1.04729835758411
"quant",4,20,27,0.9,2.12957958494501
"quant",4,20,27,0.91,2.00528095696874
"quant",4,20,27,0.92,1.87252354657325
"quant",4,20,27,0.93,1.73190894527502
"quant",4,20,27,0.94,1.58200152660774
"quant",4,20,27,0.95,1.42115456601596
"quant",4,20,27,0.96,1.24558149119813
"quant",4,20,27,0.97,1.05252076877177
"quant",4,20,27,0.98,0.852495750881405
"quant",4,20,27,0.99,0.661793436871464
"quant",4,20,27,0.995,0.356447252768565
"quant",4,20,28,0.9,2.08311470049803
"quant",4,20,28,0.91,1.93893201228321
"quant",4,20,28,0.92,1.7844453066104
"quant",4,20,28,0.93,1.6174810893949
"quant",4,20,28,0.94,1.4344692839012
"quant",4,20,28,0.95,1.23508001009375
"quant",4,20,28,0.96,1.01642325806618
"quant",4,20,28,0.97,0.783072248746344
"quant",4,20,28,0.98,0.547099519687552
"quant",4,20,28,0.99,0.326510752652414
"quant",4,20,28,0.995,0.174638520077179
"quant",4,20,29,0.9,1.97248331011483
"quant",4,20,29,0.91,1.82599093385807
"quant",4,20,29,0.92,1.67424384687015
"quant",4,20,29,0.93,1.51777253336928
"quant",4,20,29,0.94,1.35231301344318
"quant",4,20,29,0.95,1.17627581756261
"quant",4,20,29,0.96,0.989927759285261
"quant",4,20,29,0.97,0.787801037380531
"quant",4,20,29,0.98,0.560821748865188
"quant",4,20,29,0.99,0.306911619813368
"quant",4,20,29,0.995,0.16220260770458
"quant",4,20,30,0.9,1.62845827016541
"quant",4,20,30,0.91,1.52311291414286
"quant",4,20,30,0.92,1.40961073600811
"quant",4,20,30,0.93,1.28880311541967
"quant",4,20,30,0.94,1.15913679098557
"quant",4,20,30,0.95,1.01946590773343
"quant",4,20,30,0.96,0.86824973491748
"quant",4,20,30,0.97,0.700621025139063
"quant",4,20,30,0.98,0.513373167422932
"quant",4,20,30,0.99,0.295078721249038
"quant",4,20,30,0.995,0.169697020123073
"quant",4,20,31,0.9,1.58357370108215
"quant",4,20,31,0.91,1.49051273372556
"quant",4,20,31,0.92,1.39151476441772
"quant",4,20,31,0.93,1.2838983308775
"quant",4,20,31,0.94,1.16773865309827
"quant",4,20,31,0.95,1.04477891771342
"quant",4,20,31,0.96,0.930255695839551
"quant",4,20,31,0.97,0.805119731455319
"quant",4,20,31,0.98,0.618045419508184
"quant",4,20,31,0.99,0.352345859692567
"quant",4,20,31,0.995,0.189627739327167
"quant",4,20,32,0.9,2.1026544201517
"quant",4,20,32,0.91,2.00219716572759
"quant",4,20,32,0.92,1.89170025447706
"quant",4,20,32,0.93,1.76903407697846
"quant",4,20,32,0.94,1.63133082811429
"quant",4,20,32,0.95,1.47304186644352
"quant",4,20,32,0.96,1.29296120101926
"quant",4,20,32,0.97,1.09190596718946
"quant",4,20,32,0.98,0.866027127391964
"quant",4,20,32,0.99,0.603827466856023
"quant",4,20,32,0.995,0.445696634535948
"quant",4,20,33,0.9,1.86453290619171
"quant",4,20,33,0.91,1.77140783910076
"quant",4,20,33,0.92,1.67093022002315
"quant",4,20,33,0.93,1.56022095733907
"quant",4,20,33,0.94,1.44058782256559
"quant",4,20,33,0.95,1.305623380519
"quant",4,20,33,0.96,1.15430687936545
"quant",4,20,33,0.97,0.983984681765032
"quant",4,20,33,0.98,0.785201654456388
"quant",4,20,33,0.99,0.551273084699206
"quant",4,20,33,0.995,0.411803645973329
"quant",4,20,34,0.9,1.87799208237055
"quant",4,20,34,0.91,1.75912731858355
"quant",4,20,34,0.92,1.63084068104517
"quant",4,20,34,0.93,1.49391047739568
"quant",4,20,34,0.94,1.34121214239149
"quant",4,20,34,0.95,1.18766420080271
"quant",4,20,34,0.96,1.07323392415288
"quant",4,20,34,0.97,0.920895999231436
"quant",4,20,34,0.98,0.687171727310086
"quant",4,20,34,0.99,0.383298297467396
"quant",4,20,34,0.995,0.203970547874673
"quant",4,20,35,0.9,1.36674118009272
"quant",4,20,35,0.91,1.28013902125847
"quant",4,20,35,0.92,1.18341376002414
"quant",4,20,35,0.93,1.07782075815436
"quant",4,20,35,0.94,0.962301431164232
"quant",4,20,35,0.95,0.838245521791504
"quant",4,20,35,0.96,0.704521552191863
"quant",4,20,35,0.97,0.559373826048172
"quant",4,20,35,0.98,0.404735366628448
"quant",4,20,35,0.99,0.227421396676341
"quant",4,20,35,0.995,0.122839165079521
"quant",4,20,36,0.9,1.63469908664902
"quant",4,20,36,0.91,1.5293575562212
"quant",4,20,36,0.92,1.41867828892508
"quant",4,20,36,0.93,1.30467179145222
"quant",4,20,36,0.94,1.18242792699912
"quant",4,20,36,0.95,1.04542409021874
"quant",4,20,36,0.96,0.905504264102141
"quant",4,20,36,0.97,0.774351543453484
"quant",4,20,36,0.98,0.576799939589863
"quant",4,20,36,0.99,0.32716718000282
"quant",4,20,36,0.995,0.176966862822679
"quant",4,20,37,0.9,2.62305999169723
"quant",4,20,37,0.91,2.50561590807232
"quant",4,20,37,0.92,2.38032327566375
"quant",4,20,37,0.93,2.24581965926214
"quant",4,20,37,0.94,2.10204421416893
"quant",4,20,37,0.95,1.94708906169379
"quant",4,20,37,0.96,1.77652172245327
"quant",4,20,37,0.97,1.58317364467983
"quant",4,20,37,0.98,1.35416288163033
"quant",4,20,37,0.99,1.05202361181217
"quant",4,20,37,0.995,0.833421265170322
"quant",4,20,38,0.9,1.56406182894592
"quant",4,20,38,0.91,1.45454271907395
"quant",4,20,38,0.92,1.33853773729732
"quant",4,20,38,0.93,1.21675449858805
"quant",4,20,38,0.94,1.0860525154585
"quant",4,20,38,0.95,0.940886273066037
"quant",4,20,38,0.96,0.783224247285607
"quant",4,20,38,0.97,0.622112236144872
"quant",4,20,38,0.98,0.447538579601487
"quant",4,20,38,0.99,0.265241017053336
"quant",4,20,38,0.995,0.158822268375086
"quant",4,20,39,0.9,1.37557914239442
"quant",4,20,39,0.91,1.2846584869278
"quant",4,20,39,0.92,1.18756478115302
"quant",4,20,39,0.93,1.08340855815929
"quant",4,20,39,0.94,0.973327182529425
"quant",4,20,39,0.95,0.853975327865634
"quant",4,20,39,0.96,0.723347383002861
"quant",4,20,39,0.97,0.58033627182987
"quant",4,20,39,0.98,0.420565160644672
"quant",4,20,39,0.99,0.236402612795257
"quant",4,20,39,0.995,0.131854405339563
"quant",4,20,40,0.9,1.61941033010563
"quant",4,20,40,0.91,1.49416519080366
"quant",4,20,40,0.92,1.36173795267003
"quant",4,20,40,0.93,1.22196187098093
"quant",4,20,40,0.94,1.07773906974321
"quant",4,20,40,0.95,0.931007668195576
"quant",4,20,40,0.96,0.778972009590686
"quant",4,20,40,0.97,0.615108057162857
"quant",4,20,40,0.98,0.438399670776395
"quant",4,20,40,0.99,0.242573170022118
"quant",4,20,40,0.995,0.130281801778027
"quant",4,20,41,0.9,3.08961197485842
"quant",4,20,41,0.91,2.96380483710598
"quant",4,20,41,0.92,2.83012141745937
"quant",4,20,41,0.93,2.68669193340675
"quant",4,20,41,0.94,2.52672609473995
"quant",4,20,41,0.95,2.34710030008344
"quant",4,20,41,0.96,2.13082475327203
"quant",4,20,41,0.97,1.87435394942874
"quant",4,20,41,0.98,1.45370298737356
"quant",4,20,41,0.99,0.988973152385671
"quant",4,20,41,0.995,0.728075106906172
"quant",4,20,42,0.9,1.95524293161372
"quant",4,20,42,0.91,1.80993254910568
"quant",4,20,42,0.92,1.65468386803609
"quant",4,20,42,0.93,1.49052265693763
"quant",4,20,42,0.94,1.32006145923519
"quant",4,20,42,0.95,1.14006748995516
"quant",4,20,42,0.96,0.950131159620431
"quant",4,20,42,0.97,0.752299454566764
"quant",4,20,42,0.98,0.538661567372067
"quant",4,20,42,0.99,0.298090037424784
"quant",4,20,42,0.995,0.162706092882715
"quant",4,20,43,0.9,1.67345262829408
"quant",4,20,43,0.91,1.58804573562939
"quant",4,20,43,0.92,1.49491291782214
"quant",4,20,43,0.93,1.39177925815952
"quant",4,20,43,0.94,1.26849174613045
"quant",4,20,43,0.95,1.12070468854087
"quant",4,20,43,0.96,0.948730059486962
"quant",4,20,43,0.97,0.754525910237227
"quant",4,20,43,0.98,0.534722651986156
"quant",4,20,43,0.99,0.287543786948618
"quant",4,20,43,0.995,0.154023214159441
"quant",4,20,44,0.9,1.83284186112463
"quant",4,20,44,0.91,1.70190775638649
"quant",4,20,44,0.92,1.56207789140223
"quant",4,20,44,0.93,1.41342353557595
"quant",4,20,44,0.94,1.25444503458092
"quant",4,20,44,0.95,1.08561405980058
"quant",4,20,44,0.96,0.906158673525259
"quant",4,20,44,0.97,0.712201108201517
"quant",4,20,44,0.98,0.504605058894429
"quant",4,20,44,0.99,0.276432563105128
"quant",4,20,44,0.995,0.146861042030281
"quant",4,20,45,0.9,1.83274639803033
"quant",4,20,45,0.91,1.72065839447522
"quant",4,20,45,0.92,1.60283444270242
"quant",4,20,45,0.93,1.4782858151022
"quant",4,20,45,0.94,1.34185596253729
"quant",4,20,45,0.95,1.19671533340099
"quant",4,20,45,0.96,1.03649616581545
"quant",4,20,45,0.97,0.847260330426281
"quant",4,20,45,0.98,0.621794722656767
"quant",4,20,45,0.99,0.35314830829646
"quant",4,20,45,0.995,0.193119493838009
"quant",4,20,46,0.9,1.79693161585814
"quant",4,20,46,0.91,1.67491982825438
"quant",4,20,46,0.92,1.54592866220282
"quant",4,20,46,0.93,1.40813597902198
"quant",4,20,46,0.94,1.25982669342648
"quant",4,20,46,0.95,1.09621333501412
"quant",4,20,46,0.96,0.919042505313709
"quant",4,20,46,0.97,0.726795657506952
"quant",4,20,46,0.98,0.516839145083046
"quant",4,20,46,0.99,0.285497902621293
"quant",4,20,46,0.995,0.15247641775161
"quant",4,20,47,0.9,1.56876892052656
"quant",4,20,47,0.91,1.4596447984979
"quant",4,20,47,0.92,1.34447213441833
"quant",4,20,47,0.93,1.22012060089023
"quant",4,20,47,0.94,1.08932617897166
"quant",4,20,47,0.95,0.94792404791673
"quant",4,20,47,0.96,0.79604206708956
"quant",4,20,47,0.97,0.630473812460419
"quant",4,20,47,0.98,0.448474747234808
"quant",4,20,47,0.99,0.246698862103212
"quant",4,20,47,0.995,0.133031016844389
"quant",4,20,48,0.9,1.86904186407643
"quant",4,20,48,0.91,1.76271310404929
"quant",4,20,48,0.92,1.64776255387301
"quant",4,20,48,0.93,1.52352623042958
"quant",4,20,48,0.94,1.39012006193297
"quant",4,20,48,0.95,1.24321551134038
"quant",4,20,48,0.96,1.07116534797935
"quant",4,20,48,0.97,0.864432464500125
"quant",4,20,48,0.98,0.619179895665807
"quant",4,20,48,0.99,0.339978621735227
"quant",4,20,48,0.995,0.18665622366885
"quant",4,20,49,0.9,1.86736572059317
"quant",4,20,49,0.91,1.73862189955932
"quant",4,20,49,0.92,1.60006210606139
"quant",4,20,49,0.93,1.45196861531867
"quant",4,20,49,0.94,1.29495867591393
"quant",4,20,49,0.95,1.12639095038951
"quant",4,20,49,0.96,0.944998208821209
"quant",4,20,49,0.97,0.752010123548813
"quant",4,20,49,0.98,0.543890394911523
"quant",4,20,49,0.99,0.316601314332434
"quant",4,20,49,0.995,0.187894627470474
"quant",4,20,50,0.9,3.11995633117765
"quant",4,20,50,0.91,3.02277840952438
"quant",4,20,50,0.92,2.91434395563096
"quant",4,20,50,0.93,2.79170959505797
"quant",4,20,50,0.94,2.65529767071526
"quant",4,20,50,0.95,2.50132343053683
"quant",4,20,50,0.96,2.31959157683955
"quant",4,20,50,0.97,2.09636361282828
"quant",4,20,50,0.98,1.82463957534148
"quant",4,20,50,0.99,1.45817391335686
"quant",4,20,50,0.995,1.199256738117
"quant",5,20,1,0.9,1.8741888091474
"quant",5,20,1,0.91,1.72555895318185
"quant",5,20,1,0.92,1.56491864788846
"quant",5,20,1,0.93,1.39320674057532
"quant",5,20,1,0.94,1.21865447164281
"quant",5,20,1,0.95,1.04016673745203
"quant",5,20,1,0.96,0.87484345906151
"quant",5,20,1,0.97,0.697752533135978
"quant",5,20,1,0.98,0.512694771188256
"quant",5,20,1,0.99,0.29441730709914
"quant",5,20,1,0.995,0.155227799148822
"quant",5,20,2,0.9,1.57144478866608
"quant",5,20,2,0.91,1.46972679551879
"quant",5,20,2,0.92,1.35797916233639
"quant",5,20,2,0.93,1.23944999118078
"quant",5,20,2,0.94,1.12182693051109
"quant",5,20,2,0.95,0.989934823211872
"quant",5,20,2,0.96,0.850176814671138
"quant",5,20,2,0.97,0.680644013261509
"quant",5,20,2,0.98,0.49068600723191
"quant",5,20,2,0.99,0.267290335419669
"quant",5,20,2,0.995,0.139866085079694
"quant",5,20,3,0.9,1.780622833063
"quant",5,20,3,0.91,1.66119199378879
"quant",5,20,3,0.92,1.53543213643457
"quant",5,20,3,0.93,1.40296932075309
"quant",5,20,3,0.94,1.26285042028881
"quant",5,20,3,0.95,1.11540796590518
"quant",5,20,3,0.96,0.956054067196471
"quant",5,20,3,0.97,0.781483718464995
"quant",5,20,3,0.98,0.589498980362657
"quant",5,20,3,0.99,0.362125512433667
"quant",5,20,3,0.995,0.224290011218959
"quant",5,20,4,0.9,1.61005328926988
"quant",5,20,4,0.91,1.49862170730603
"quant",5,20,4,0.92,1.38149133390592
"quant",5,20,4,0.93,1.26080115778867
"quant",5,20,4,0.94,1.13195534385552
"quant",5,20,4,0.95,0.994578695927804
"quant",5,20,4,0.96,0.847419438436877
"quant",5,20,4,0.97,0.688771355160576
"quant",5,20,4,0.98,0.512762695416203
"quant",5,20,4,0.99,0.300520344089704
"quant",5,20,4,0.995,0.166283711245632
"quant",5,20,5,0.9,1.64109882504045
"quant",5,20,5,0.91,1.53323894779671
"quant",5,20,5,0.92,1.46020920065311
"quant",5,20,5,0.93,1.38357672249454
"quant",5,20,5,0.94,1.24980730111907
"quant",5,20,5,0.95,1.08748212373
"quant",5,20,5,0.96,0.904837110353231
"quant",5,20,5,0.97,0.708432418281803
"quant",5,20,5,0.98,0.496344454738959
"quant",5,20,5,0.99,0.268169829576335
"quant",5,20,5,0.995,0.145501946956695
"quant",5,20,6,0.9,1.870142475474
"quant",5,20,6,0.91,1.74984033633965
"quant",5,20,6,0.92,1.62078791929639
"quant",5,20,6,0.93,1.48252472453138
"quant",5,20,6,0.94,1.33404752680252
"quant",5,20,6,0.95,1.17036603476247
"quant",5,20,6,0.96,0.99020442734163
"quant",5,20,6,0.97,0.797519634309613
"quant",5,20,6,0.98,0.734976152848805
"quant",5,20,6,0.99,0.414278458342726
"quant",5,20,6,0.995,0.213036846961437
"quant",5,20,7,0.9,2.25230188258237
"quant",5,20,7,0.91,2.09849251741575
"quant",5,20,7,0.92,1.93252136229425
"quant",5,20,7,0.93,1.75456443598714
"quant",5,20,7,0.94,1.56971904428619
"quant",5,20,7,0.95,1.36044640005611
"quant",5,20,7,0.96,1.17011165640675
"quant",5,20,7,0.97,0.957297190365762
"quant",5,20,7,0.98,0.68602803117553
"quant",5,20,7,0.99,0.373626018482588
"quant",5,20,7,0.995,0.194110273057893
"quant",5,20,8,0.9,1.41295916697954
"quant",5,20,8,0.91,1.31776687527104
"quant",5,20,8,0.92,1.22251883144412
"quant",5,20,8,0.93,1.12725992521126
"quant",5,20,8,0.94,1.0295142528646
"quant",5,20,8,0.95,0.930276523676705
"quant",5,20,8,0.96,0.820565834825225
"quant",5,20,8,0.97,0.680598892019112
"quant",5,20,8,0.98,0.76917726159804
"quant",5,20,8,0.99,0.45400140643761
"quant",5,20,8,0.995,0.235907039364736
"quant",5,20,9,0.9,2.22261020723102
"quant",5,20,9,0.91,2.10505832875218
"quant",5,20,9,0.92,1.9813125786363
"quant",5,20,9,0.93,1.85162556886167
"quant",5,20,9,0.94,1.71458098003049
"quant",5,20,9,0.95,1.57058806585946
"quant",5,20,9,0.96,1.41469096780823
"quant",5,20,9,0.97,1.23868711163048
"quant",5,20,9,0.98,1.04056464117193
"quant",5,20,9,0.99,0.794884405623546
"quant",5,20,9,0.995,0.625640590374858
"quant",5,20,10,0.9,1.55361907534761
"quant",5,20,10,0.91,1.45738567288381
"quant",5,20,10,0.92,1.35419557129311
"quant",5,20,10,0.93,1.24310181010603
"quant",5,20,10,0.94,1.12176357771588
"quant",5,20,10,0.95,0.989912672204051
"quant",5,20,10,0.96,0.850169199316599
"quant",5,20,10,0.97,0.705950611290035
"quant",5,20,10,0.98,0.566814167837777
"quant",5,20,10,0.99,0.305980791476798
"quant",5,20,10,0.995,0.159934877709072
"quant",5,20,11,0.9,2.3225120224507
"quant",5,20,11,0.91,2.18136918706578
"quant",5,20,11,0.92,2.02688039216738
"quant",5,20,11,0.93,1.85969450128087
"quant",5,20,11,0.94,1.67894479495583
"quant",5,20,11,0.95,1.4829617843019
"quant",5,20,11,0.96,1.26907005825878
"quant",5,20,11,0.97,1.02806969716414
"quant",5,20,11,0.98,0.73502614433275
"quant",5,20,11,0.99,0.445837784098181
"quant",5,20,11,0.995,0.288089397852433
"quant",5,20,12,0.9,2.15648457945172
"quant",5,20,12,0.91,2.0367290457918
"quant",5,20,12,0.92,1.90809763052609
"quant",5,20,12,0.93,1.77096247303808
"quant",5,20,12,0.94,1.64897273981659
"quant",5,20,12,0.95,1.48287182218138
"quant",5,20,12,0.96,1.26520298080901
"quant",5,20,12,0.97,1.02405985763392
"quant",5,20,12,0.98,0.757034089507819
"quant",5,20,12,0.99,0.453722621989984
"quant",5,20,12,0.995,0.283584818669494
"quant",5,20,13,0.9,1.33906322260109
"quant",5,20,13,0.91,1.25920363440767
"quant",5,20,13,0.92,1.17164943289047
"quant",5,20,13,0.93,1.07618741895555
"quant",5,20,13,0.94,0.97051754841204
"quant",5,20,13,0.95,0.852180622380766
"quant",5,20,13,0.96,0.716005336395337
"quant",5,20,13,0.97,0.561619527711769
"quant",5,20,13,0.98,0.452733716632125
"quant",5,20,13,0.99,0.264325590251653
"quant",5,20,13,0.995,0.138523417862611
"quant",5,20,14,0.9,1.7866933279747
"quant",5,20,14,0.91,1.67357829721058
"quant",5,20,14,0.92,1.55001267129637
"quant",5,20,14,0.93,1.42093959842518
"quant",5,20,14,0.94,1.28546867202601
"quant",5,20,14,0.95,1.15298629895093
"quant",5,20,14,0.96,1.04462318337271
"quant",5,20,14,0.97,0.941739928516969
"quant",5,20,14,0.98,0.881648654508593
"quant",5,20,14,0.99,0.483085215034602
"quant",5,20,14,0.995,0.248216958385159
"quant",5,20,15,0.9,1.76374464722021
"quant",5,20,15,0.91,1.65747592505162
"quant",5,20,15,0.92,1.54574474174476
"quant",5,20,15,0.93,1.42869980200483
"quant",5,20,15,0.94,1.3044300911669
"quant",5,20,15,0.95,1.17139406633102
"quant",5,20,15,0.96,1.02467132891763
"quant",5,20,15,0.97,0.85951630516917
"quant",5,20,15,0.98,0.653353247419181
"quant",5,20,15,0.99,0.369547030391402
"quant",5,20,15,0.995,0.204496128855908
"quant",5,20,16,0.9,1.59662825790419
"quant",5,20,16,0.91,1.49258141695484
"quant",5,20,16,0.92,1.38112660394413
"quant",5,20,16,0.93,1.26222244552375
"quant",5,20,16,0.94,1.13395740652366
"quant",5,20,16,0.95,0.993788072873561
"quant",5,20,16,0.96,0.842090427618983
"quant",5,20,16,0.97,0.674264844599105
"quant",5,20,16,0.98,0.481632034939763
"quant",5,20,16,0.99,0.261788783135507
"quant",5,20,16,0.995,0.139780558239023
"quant",5,20,17,0.9,2.46911232354293
"quant",5,20,17,0.91,2.33318760313075
"quant",5,20,17,0.92,2.18995128091947
"quant",5,20,17,0.93,2.03702799861051
"quant",5,20,17,0.94,1.87199872408128
"quant",5,20,17,0.95,1.69359720624367
"quant",5,20,17,0.96,1.49988758725267
"quant",5,20,17,0.97,1.26748895563742
"quant",5,20,17,0.98,0.860095146763495
"quant",5,20,17,0.99,0.492786454528027
"quant",5,20,17,0.995,0.2761156853714
"quant",5,20,18,0.9,1.70166399294026
"quant",5,20,18,0.91,1.58064773080797
"quant",5,20,18,0.92,1.45204834751051
"quant",5,20,18,0.93,1.31633891573871
"quant",5,20,18,0.94,1.17108993797684
"quant",5,20,18,0.95,1.01638925384804
"quant",5,20,18,0.96,0.855078855025623
"quant",5,20,18,0.97,0.678302829652092
"quant",5,20,18,0.98,0.513691394585061
"quant",5,20,18,0.99,0.300599441742261
"quant",5,20,18,0.995,0.162334763492034
"quant",5,20,19,0.9,1.91043082167498
"quant",5,20,19,0.91,1.79967218603617
"quant",5,20,19,0.92,1.67894162735319
"quant",5,20,19,0.93,1.54787900201344
"quant",5,20,19,0.94,1.4065078288707
"quant",5,20,19,0.95,1.25237987849764
"quant",5,20,19,0.96,1.08324015207082
"quant",5,20,19,0.97,0.895391024043244
"quant",5,20,19,0.98,0.688650172324469
"quant",5,20,19,0.99,0.453813932578173
"quant",5,20,19,0.995,0.310931040735086
"quant",5,20,20,0.9,2.22435454332584
"quant",5,20,20,0.91,2.08097667583071
"quant",5,20,20,0.92,1.92670727772484
"quant",5,20,20,0.93,1.76261866116069
"quant",5,20,20,0.94,1.58683036371373
"quant",5,20,20,0.95,1.39028937879996
"quant",5,20,20,0.96,1.16579720306558
"quant",5,20,20,0.97,0.901460595247951
"quant",5,20,20,0.98,0.62467533758135
"quant",5,20,20,0.99,0.35875061757637
"quant",5,20,20,0.995,0.203604616790711
"quant",5,20,21,0.9,1.60073517900371
"quant",5,20,21,0.91,1.48242317021859
"quant",5,20,21,0.92,1.3580073692257
"quant",5,20,21,0.93,1.22754313526629
"quant",5,20,21,0.94,1.09013649603099
"quant",5,20,21,0.95,0.944451939608534
"quant",5,20,21,0.96,0.789686680562871
"quant",5,20,21,0.97,0.626987201764661
"quant",5,20,21,0.98,0.453057797850931
"quant",5,20,21,0.99,0.259110123032594
"quant",5,20,21,0.995,0.149448049295321
"quant",5,20,22,0.9,2.19223375594027
"quant",5,20,22,0.91,2.07771537926417
"quant",5,20,22,0.92,1.9541643209273
"quant",5,20,22,0.93,1.82099066210098
"quant",5,20,22,0.94,1.67589251233847
"quant",5,20,22,0.95,1.51754999157043
"quant",5,20,22,0.96,1.34655260451115
"quant",5,20,22,0.97,1.15832216153676
"quant",5,20,22,0.98,0.948816104383698
"quant",5,20,22,0.99,0.707749986421964
"quant",5,20,22,0.995,0.562007189343664
"quant",5,20,23,0.9,1.85292598841393
"quant",5,20,23,0.91,1.72660098507283
"quant",5,20,23,0.92,1.5938116772284
"quant",5,20,23,0.93,1.45511819068595
"quant",5,20,23,0.94,1.30934363801202
"quant",5,20,23,0.95,1.15491064623999
"quant",5,20,23,0.96,0.992561249777559
"quant",5,20,23,0.97,0.813939354076286
"quant",5,20,23,0.98,0.611971919193968
"quant",5,20,23,0.99,0.369573607002001
"quant",5,20,23,0.995,0.223625418047352
"quant",5,20,24,0.9,1.40372239350575
"quant",5,20,24,0.91,1.32088624740164
"quant",5,20,24,0.92,1.23390190865941
"quant",5,20,24,0.93,1.14009575945044
"quant",5,20,24,0.94,1.03869934639724
"quant",5,20,24,0.95,0.927136915595597
"quant",5,20,24,0.96,0.798985296880542
"quant",5,20,24,0.97,0.653947809498108
"quant",5,20,24,0.98,0.546593445257343
"quant",5,20,24,0.99,0.316334350996735
"quant",5,20,24,0.995,0.167334742929131
"quant",5,20,25,0.9,1.96722108288791
"quant",5,20,25,0.91,1.84879640815946
"quant",5,20,25,0.92,1.72049303486907
"quant",5,20,25,0.93,1.57983675882973
"quant",5,20,25,0.94,1.42462108690771
"quant",5,20,25,0.95,1.25763150781345
"quant",5,20,25,0.96,1.07568584589561
"quant",5,20,25,0.97,0.915265457758308
"quant",5,20,25,0.98,0.708635622258793
"quant",5,20,25,0.99,0.384559460328335
"quant",5,20,25,0.995,0.199812857389706
"quant",5,20,26,0.9,3.10270771497842
"quant",5,20,26,0.91,2.99304807083285
"quant",5,20,26,0.92,2.87245929229936
"quant",5,20,26,0.93,2.74097373248373
"quant",5,20,26,0.94,2.59710082114839
"quant",5,20,26,0.95,2.43918371820237
"quant",5,20,26,0.96,2.26092557390186
"quant",5,20,26,0.97,2.05067385470354
"quant",5,20,26,0.98,1.66304650167114
"quant",5,20,26,0.99,1.28941995097675
"quant",5,20,26,0.995,1.1003245691015
"quant",5,20,27,0.9,2.2751863929251
"quant",5,20,27,0.91,2.15502880460677
"quant",5,20,27,0.92,2.02277609150602
"quant",5,20,27,0.93,1.88055911063627
"quant",5,20,27,0.94,1.73097119282947
"quant",5,20,27,0.95,1.57363300757437
"quant",5,20,27,0.96,1.45905846946115
"quant",5,20,27,0.97,1.86639949440861
"quant",5,20,27,0.98,1.3703828249851
"quant",5,20,27,0.99,1.73858962618763
"quant",5,20,27,0.995,2.68437309089102
"quant",5,20,28,0.9,2.08569293064623
"quant",5,20,28,0.91,1.94082347641296
"quant",5,20,28,0.92,1.78363671500566
"quant",5,20,28,0.93,1.61725832873749
"quant",5,20,28,0.94,1.43890735388954
"quant",5,20,28,0.95,1.23966652262015
"quant",5,20,28,0.96,1.00931151107555
"quant",5,20,28,0.97,0.789074146471926
"quant",5,20,28,0.98,0.551306041760198
"quant",5,20,28,0.99,0.324427412081777
"quant",5,20,28,0.995,0.169425578585165
"quant",5,20,29,0.9,1.9646345913051
"quant",5,20,29,0.91,1.81618275467147
"quant",5,20,29,0.92,1.66694535106392
"quant",5,20,29,0.93,1.51215090536995
"quant",5,20,29,0.94,1.34835853585416
"quant",5,20,29,0.95,1.17473288387266
"quant",5,20,29,0.96,0.989051800530718
"quant",5,20,29,0.97,0.788359235110339
"quant",5,20,29,0.98,0.563837939010707
"quant",5,20,29,0.99,0.305818600750721
"quant",5,20,29,0.995,0.159162805334184
"quant",5,20,30,0.9,1.62824649525056
"quant",5,20,30,0.91,1.52325523320571
"quant",5,20,30,0.92,1.40989268435055
"quant",5,20,30,0.93,1.28889373985086
"quant",5,20,30,0.94,1.15890549109544
"quant",5,20,30,0.95,1.01848196373075
"quant",5,20,30,0.96,0.86834733114844
"quant",5,20,30,0.97,0.704367608195057
"quant",5,20,30,0.98,0.521453743206947
"quant",5,20,30,0.99,0.30821079424078
"quant",5,20,30,0.995,0.181840513395843
"quant",5,20,31,0.9,1.5693141903539
"quant",5,20,31,0.91,1.48123735745512
"quant",5,20,31,0.92,1.38798059779583
"quant",5,20,31,0.93,1.28064782525934
"quant",5,20,31,0.94,1.15808463716651
"quant",5,20,31,0.95,1.02526456063509
"quant",5,20,31,0.96,0.912201924572813
"quant",5,20,31,0.97,0.801491722915554
"quant",5,20,31,0.98,0.629474297660558
"quant",5,20,31,0.99,0.345257963576552
"quant",5,20,31,0.995,0.182550197385759
"quant",5,20,32,0.9,2.09891248878643
"quant",5,20,32,0.91,1.99751075920799
"quant",5,20,32,0.92,1.88628297737512
"quant",5,20,32,0.93,1.76333148753799
"quant",5,20,32,0.94,1.62393135517196
"quant",5,20,32,0.95,1.46681703836061
"quant",5,20,32,0.96,1.28904488949477
"quant",5,20,32,0.97,1.09078691505122
"quant",5,20,32,0.98,0.870040216730332
"quant",5,20,32,0.99,0.617415888935962
"quant",5,20,32,0.995,0.464700784860535
"quant",5,20,33,0.9,1.86546316039046
"quant",5,20,33,0.91,1.77276848874595
"quant",5,20,33,0.92,1.67303485874032
"quant",5,20,33,0.93,1.56367211646615
"quant",5,20,33,0.94,1.44199287784368
"quant",5,20,33,0.95,1.30616434177006
"quant",5,20,33,0.96,1.15475991146569
"quant",5,20,33,0.97,0.982818428517433
"quant",5,20,33,0.98,0.78212090234451
"quant",5,20,33,0.99,0.556111333821309
"quant",5,20,33,0.995,0.426867428862099
"quant",5,20,34,0.9,1.88713734305548
"quant",5,20,34,0.91,1.76646369048693
"quant",5,20,34,0.92,1.63696937165904
"quant",5,20,34,0.93,1.49612151914734
"quant",5,20,34,0.94,1.3400991131303
"quant",5,20,34,0.95,1.18547610116727
"quant",5,20,34,0.96,1.15738591973707
"quant",5,20,34,0.97,0.934724267087104
"quant",5,20,34,0.98,0.674421996465475
"quant",5,20,34,0.99,0.366838499933374
"quant",5,20,34,0.995,0.190261804715156
"quant",5,20,35,0.9,1.36007032315977
"quant",5,20,35,0.91,1.27624830226558
"quant",5,20,35,0.92,1.1834107229736
"quant",5,20,35,0.93,1.08148486809903
"quant",5,20,35,0.94,0.97000233204083
"quant",5,20,35,0.95,0.848976727055762
"quant",5,20,35,0.96,0.718483318670782
"quant",5,20,35,0.97,0.573138741615036
"quant",5,20,35,0.98,0.415615033875085
"quant",5,20,35,0.99,0.225888900507502
"quant",5,20,35,0.995,0.118972783871227
"quant",5,20,36,0.9,1.63771716811909
"quant",5,20,36,0.91,1.53465793630419
"quant",5,20,36,0.92,1.42260343288381
"quant",5,20,36,0.93,1.30582204327161
"quant",5,20,36,0.94,1.1805559013107
"quant",5,20,36,0.95,1.03988818216389
"quant",5,20,36,0.96,0.887071000666607
"quant",5,20,36,0.97,0.772647527276267
"quant",5,20,36,0.98,0.564762878544462
"quant",5,20,36,0.99,0.31447691597956
"quant",5,20,36,0.995,0.174548102505104
"quant",5,20,37,0.9,2.62404942842404
"quant",5,20,37,0.91,2.51135542232081
"quant",5,20,37,0.92,2.39002801549002
"quant",5,20,37,0.93,2.2611566544494
"quant",5,20,37,0.94,2.12250523659095
"quant",5,20,37,0.95,1.97086213388637
"quant",5,20,37,0.96,1.80063683267984
"quant",5,20,37,0.97,1.6046347247967
"quant",5,20,37,0.98,1.37019204860581
"quant",5,20,37,0.99,1.06884501514787
"quant",5,20,37,0.995,0.852685639791265
"quant",5,20,38,0.9,1.5792261357885
"quant",5,20,38,0.91,1.46771743212318
"quant",5,20,38,0.92,1.34863382005137
"quant",5,20,38,0.93,1.22475491243589
"quant",5,20,38,0.94,1.09230343736035
"quant",5,20,38,0.95,0.945380612540223
"quant",5,20,38,0.96,0.78274414527937
"quant",5,20,38,0.97,0.62125140981735
"quant",5,20,38,0.98,0.451924911024852
"quant",5,20,38,0.99,0.268463101233067
"quant",5,20,38,0.995,0.163259553893416
"quant",5,20,39,0.9,1.37481294724017
"quant",5,20,39,0.91,1.28400339678955
"quant",5,20,39,0.92,1.18701780290062
"quant",5,20,39,0.93,1.08252605568576
"quant",5,20,39,0.94,0.972558067045692
"quant",5,20,39,0.95,0.853609185018629
"quant",5,20,39,0.96,0.722693642277191
"quant",5,20,39,0.97,0.578934656226513
"quant",5,20,39,0.98,0.419828650337068
"quant",5,20,39,0.99,0.236752239055292
"quant",5,20,39,0.995,0.134596224552585
"quant",5,20,40,0.9,1.6188751013982
"quant",5,20,40,0.91,1.49372627033168
"quant",5,20,40,0.92,1.36231457343548
"quant",5,20,40,0.93,1.22363051924013
"quant",5,20,40,0.94,1.08000681159751
"quant",5,20,40,0.95,0.933687106402655
"quant",5,20,40,0.96,0.781968834470944
"quant",5,20,40,0.97,0.617405546773125
"quant",5,20,40,0.98,0.436060245909559
"quant",5,20,40,0.99,0.23629409050419
"quant",5,20,40,0.995,0.123831224313553
"quant",5,20,41,0.9,3.08547417653141
"quant",5,20,41,0.91,2.96193573188867
"quant",5,20,41,0.92,2.82985800291216
"quant",5,20,41,0.93,2.68692184569688
"quant",5,20,41,0.94,2.52668590727559
"quant",5,20,41,0.95,2.34038405115011
"quant",5,20,41,0.96,2.11890448456693
"quant",5,20,41,0.97,1.88586406331101
"quant",5,20,41,0.98,1.43779748365478
"quant",5,20,41,0.99,0.990103465488163
"quant",5,20,41,0.995,0.753045705701436
"quant",5,20,42,0.9,1.95193228948209
"quant",5,20,42,0.91,1.80436970660045
"quant",5,20,42,0.92,1.64820153568017
"quant",5,20,42,0.93,1.48662381053248
"quant",5,20,42,0.94,1.31927166540903
"quant",5,20,42,0.95,1.14390970008173
"quant",5,20,42,0.96,0.959473404663939
"quant",5,20,42,0.97,0.768417003770162
"quant",5,20,42,0.98,0.561596785481173
"quant",5,20,42,0.99,0.332924739101633
"quant",5,20,42,0.995,0.199288967034821
"quant",5,20,43,0.9,1.68448750533025
"quant",5,20,43,0.91,1.59628142896677
"quant",5,20,43,0.92,1.50830378756617
"quant",5,20,43,0.93,1.40823620381721
"quant",5,20,43,0.94,1.28049600971816
"quant",5,20,43,0.95,1.1231694036263
"quant",5,20,43,0.96,0.941979025575596
"quant",5,20,43,0.97,0.741180187194203
"quant",5,20,43,0.98,0.521242099777958
"quant",5,20,43,0.99,0.279790525511819
"quant",5,20,43,0.995,0.149581277155625
"quant",5,20,44,0.9,1.81907457942411
"quant",5,20,44,0.91,1.68697770966949
"quant",5,20,44,0.92,1.54746996089072
"quant",5,20,44,0.93,1.39926526799154
"quant",5,20,44,0.94,1.24159009092714
"quant",5,20,44,0.95,1.07475053780716
"quant",5,20,44,0.96,0.897952762600483
"quant",5,20,44,0.97,0.707236794362838
"quant",5,20,44,0.98,0.501807181571836
"quant",5,20,44,0.99,0.272300986341677
"quant",5,20,44,0.995,0.144311193741931
"quant",5,20,45,0.9,1.83316023455249
"quant",5,20,45,0.91,1.72223047237359
"quant",5,20,45,0.92,1.60636277523137
"quant",5,20,45,0.93,1.48137933531614
"quant",5,20,45,0.94,1.34535145223506
"quant",5,20,45,0.95,1.19784212646918
"quant",5,20,45,0.96,1.02765030587492
"quant",5,20,45,0.97,0.844578915391682
"quant",5,20,45,0.98,0.620671750543514
"quant",5,20,45,0.99,0.339568351484462
"quant",5,20,45,0.995,0.185327532826803
"quant",5,20,46,0.9,1.79093637856514
"quant",5,20,46,0.91,1.66693621476623
"quant",5,20,46,0.92,1.53749267262747
"quant",5,20,46,0.93,1.40112416985514
"quant",5,20,46,0.94,1.25665832838546
"quant",5,20,46,0.95,1.10068497852455
"quant",5,20,46,0.96,0.930292574021619
"quant",5,20,46,0.97,0.744243602444503
"quant",5,20,46,0.98,0.534394427962632
"quant",5,20,46,0.99,0.283151623069584
"quant",5,20,46,0.995,0.148973182645325
"quant",5,20,47,0.9,1.56587595896245
"quant",5,20,47,0.91,1.45712800815172
"quant",5,20,47,0.92,1.34427492433225
"quant",5,20,47,0.93,1.22232744783799
"quant",5,20,47,0.94,1.09194802357324
"quant",5,20,47,0.95,0.951235209564798
"quant",5,20,47,0.96,0.798804583639362
"quant",5,20,47,0.97,0.631004141085446
"quant",5,20,47,0.98,0.449583016729818
"quant",5,20,47,0.99,0.244195620582719
"quant",5,20,47,0.995,0.131527152716677
"quant",5,20,48,0.9,1.86448305142345
"quant",5,20,48,0.91,1.758915034181
"quant",5,20,48,0.92,1.64633588853455
"quant",5,20,48,0.93,1.52606437605888
"quant",5,20,48,0.94,1.39971261863945
"quant",5,20,48,0.95,1.25800816479304
"quant",5,20,48,0.96,1.08062268203981
"quant",5,20,48,0.97,0.861935076326335
"quant",5,20,48,0.98,0.619852633178757
"quant",5,20,48,0.99,0.346880487082766
"quant",5,20,48,0.995,0.194923561382121
"quant",5,20,49,0.9,1.86313955223225
"quant",5,20,49,0.91,1.73558910213649
"quant",5,20,49,0.92,1.59877793054233
"quant",5,20,49,0.93,1.45243850453676
"quant",5,20,49,0.94,1.29653495400617
"quant",5,20,49,0.95,1.12977740524585
"quant",5,20,49,0.96,0.94974461854071
"quant",5,20,49,0.97,0.757545121152896
"quant",5,20,49,0.98,0.553478344314031
"quant",5,20,49,0.99,0.331689192231537
"quant",5,20,49,0.995,0.20633556584351
"quant",5,20,50,0.9,3.12176843250923
"quant",5,20,50,0.91,3.02243804187622
"quant",5,20,50,0.92,2.9107422045717
"quant",5,20,50,0.93,2.78484648432325
"quant",5,20,50,0.94,2.64364244737814
"quant",5,20,50,0.95,2.48190457056635
"quant",5,20,50,0.96,2.29456736355034
"quant",5,20,50,0.97,2.08000886293471
"quant",5,20,50,0.98,1.81658921261109
"quant",5,20,50,0.99,1.53630649913945
"quant",5,20,50,0.995,1.37129426509628
