"setting","dataset","method_id","method_key","family","baseline_label","proposal_label","prop_k","quantile","band","baseline_brier","prop_brier","delta_brier","improve_brier_pct","baseline_quant","prop_quant","delta_quant","improve_quant_pct"
3,1,1,"1","gaussian","Gaussian","Gaussian + prop(k=4)",4,0.9,"bulk",0.0666626029363636,0.0836499880681818,0.0169873851318182,-25.4826310158252,0.679644383337279,0.681857457927419,0.0022130745901402,-0.325622434967132
3,1,1,"1","gaussian","Gaussian","Gaussian + prop(k=4)",4,0.91,"bulk",0.0611457775772727,0.0758156269318182,0.0146698493545455,-23.9915983340084,0.631937737101833,0.634187140367564,0.00224940326573153,-0.355953305787316
3,1,1,"1","gaussian","Gaussian","Gaussian + prop(k=4)",4,0.92,"bulk",0.05515827245,0.067932295,0.01277402255,-23.1588517598687,0.581829826535276,0.583707166477833,0.00187733994255701,-0.322661344767479
3,1,1,"1","gaussian","Gaussian","Gaussian + prop(k=4)",4,0.93,"bulk",0.04685470515,0.0585077429545455,0.0116530378045455,-24.8705818705711,0.528661610198131,0.530609495172827,0.00194788497469633,-0.368455915300207
3,1,1,"1","gaussian","Gaussian","Gaussian + prop(k=4)",4,0.94,"bulk",0.0398262005090909,0.0486556092045455,0.00882940869545455,-22.1698494523451,0.472651433968795,0.474600447776969,0.00194901380817381,-0.412357536252071
3,1,1,"1","gaussian","Gaussian","Gaussian + prop(k=4)",4,0.95,"bulk",0.0347174419818182,0.0413624373863636,0.00664499540454545,-19.1402218171071,0.413254722052407,0.414672667691096,0.00141794563868908,-0.343116621062895
3,1,1,"1","gaussian","Gaussian","Gaussian + prop(k=4)",4,0.96,"other",0.0264275440636364,0.0315575065909091,0.00512996252727273,-19.4114236075816,0.349793062471131,0.349792960807856,-1.01663274298947e-07,2.90638337938269e-05
3,1,1,"1","gaussian","Gaussian","Gaussian + prop(k=4)",4,0.97,"other",0.0221744172545455,0.0248766418181818,0.00270222456363636,-12.1862258323043,0.280863857676203,0.280207788945161,-0.00065606873104207,0.23358958908783
3,1,1,"1","gaussian","Gaussian","Gaussian + prop(k=4)",4,0.98,"tail",0.0153570454863636,0.0163829911363636,0.00102594565,-6.68061868352863,0.205066794227059,0.204048612820769,-0.00101818140628995,0.496512080431011
3,1,1,"1","gaussian","Gaussian","Gaussian + prop(k=4)",4,0.99,"tail",0.00780399910454545,0.00805294363636364,0.000248944531818182,-3.18996105052324,0.118319219211913,0.117931246394015,-0.000387972817898138,0.32790346359814
3,1,1,"1","gaussian","Gaussian","Gaussian + prop(k=4)",4,0.995,"tail",0.00377927591818182,0.00405717465909091,0.000277898740909091,-7.35322709760727,0.0670762882409583,0.0672443760243047,0.000168087783346427,-0.250591956941035
3,1,4,"4","skew_t_k5_thresh0","Skew-t, K=5","Skew-t, K=5 + prop(k=4)",4,0.9,"bulk",0.0651850512318182,0.0778760203409091,0.0126909691090909,-19.4691403462397,0.676811374282266,0.676469192287464,-0.000342181994802404,0.0505579557029868
3,1,4,"4","skew_t_k5_thresh0","Skew-t, K=5","Skew-t, K=5 + prop(k=4)",4,0.91,"bulk",0.0597441981727273,0.0703601122727273,0.0106159141,-17.768945646083,0.629813537645492,0.628890121904372,-0.000923415741120315,0.146617321782639
3,1,4,"4","skew_t_k5_thresh0","Skew-t, K=5","Skew-t, K=5 + prop(k=4)",4,0.92,"bulk",0.0541937178727273,0.0630509852272727,0.00885726735454546,-16.3437160287592,0.579595013398774,0.579246769618125,-0.000348243780648683,0.0600839849546952
3,1,4,"4","skew_t_k5_thresh0","Skew-t, K=5","Skew-t, K=5 + prop(k=4)",4,0.93,"bulk",0.04609552245,0.0541884571590909,0.00809293470909091,-17.5568781498666,0.527122475796475,0.526681478355645,-0.000440997440829927,0.0836612857692295
3,1,4,"4","skew_t_k5_thresh0","Skew-t, K=5","Skew-t, K=5 + prop(k=4)",4,0.94,"bulk",0.0393636917681818,0.0456535878409091,0.00628989607272727,-15.9789282716909,0.471219779953596,0.471308035116823,8.82551632272466e-05,-0.0187290871439942
3,1,4,"4","skew_t_k5_thresh0","Skew-t, K=5","Skew-t, K=5 + prop(k=4)",4,0.95,"bulk",0.0344175499818182,0.0391323278409091,0.00471477785909091,-13.6987608402736,0.412242930518466,0.412416492070916,0.000173561552450019,-0.0421017656340972
3,1,4,"4","skew_t_k5_thresh0","Skew-t, K=5","Skew-t, K=5 + prop(k=4)",4,0.96,"other",0.0261656573,0.0299092982954545,0.00374364099545455,-14.3074601663248,0.349257014741266,0.349035346697723,-0.000221668043543233,0.0634684585240033
3,1,4,"4","skew_t_k5_thresh0","Skew-t, K=5","Skew-t, K=5 + prop(k=4)",4,0.97,"other",0.0219271706545455,0.0239268214772727,0.00199965082272727,-9.11951137805712,0.280429977230075,0.279672299566093,-0.000757677663982548,0.270184261849054
3,1,4,"4","skew_t_k5_thresh0","Skew-t, K=5","Skew-t, K=5 + prop(k=4)",4,0.98,"tail",0.0151204422681818,0.0159624863636364,0.000842044095454544,-5.56891181170322,0.205734753413355,0.204893095736383,-0.000841657676971225,0.409098444967243
3,1,4,"4","skew_t_k5_thresh0","Skew-t, K=5","Skew-t, K=5 + prop(k=4)",4,0.99,"tail",0.00787430939090909,0.00789955636363636,2.52469727272733e-05,-0.320624596696963,0.116763331329119,0.117104565652361,0.000341234323241971,-0.292244422420715
3,1,4,"4","skew_t_k5_thresh0","Skew-t, K=5","Skew-t, K=5 + prop(k=4)",4,0.995,"tail",0.0037175461,0.00390078625,0.00018324015,-4.9290619422312,0.0655979787747308,0.065992306360659,0.000394327585928264,-0.601127646451455
3,1,5,"5","t_k5_thresh_q80","t, K=5, q(0.80)","t, K=5, q(0.80) + prop(k=4)",4,0.9,"bulk",0.0666770625409091,0.0769746053409091,0.0102975428,-15.4439059064458,0.678965875660581,0.677075203831484,-0.00189067182909752,0.278463454037075
3,1,5,"5","t_k5_thresh_q80","t, K=5, q(0.80)","t, K=5, q(0.80) + prop(k=4)",4,0.91,"bulk",0.0609785593545455,0.0695367371590909,0.00855817780454545,-14.034732691512,0.631802416923344,0.63002400651228,-0.0017784104110643,0.281482052525936
3,1,5,"5","t_k5_thresh_q80","t, K=5, q(0.80)","t, K=5, q(0.80) + prop(k=4)",4,0.92,"bulk",0.0549809869909091,0.0622131955681818,0.00723220857727273,-13.1540173668918,0.581709568499526,0.579621621775788,-0.00208794672373847,0.358932848418526
3,1,5,"5","t_k5_thresh_q80","t, K=5, q(0.80)","t, K=5, q(0.80) + prop(k=4)",4,0.93,"bulk",0.0469265415818182,0.0533922431818182,0.00646570160000001,-13.7783467139312,0.529069298462855,0.526429923330032,-0.00263937513282297,0.498871346436346
3,1,5,"5","t_k5_thresh_q80","t, K=5, q(0.80)","t, K=5, q(0.80) + prop(k=4)",4,0.94,"bulk",0.0400094685181818,0.0449413517045455,0.00493188318636364,-12.3267900550151,0.473171369757302,0.470961861228782,-0.0022095085285197,0.466957358314599
3,1,5,"5","t_k5_thresh_q80","t, K=5, q(0.80)","t, K=5, q(0.80) + prop(k=4)",4,0.95,"bulk",0.0352104837,0.0384811536363636,0.00327066993636364,-9.28890941751997,0.413971306888473,0.411424588470175,-0.00254671841829779,0.615192013533415
3,1,5,"5","t_k5_thresh_q80","t, K=5, q(0.80)","t, K=5, q(0.80) + prop(k=4)",4,0.96,"other",0.0267207503181818,0.0294976943181818,0.002776944,-10.3924626626613,0.351334201488638,0.34807473558383,-0.00325946590480847,0.927739426163972
3,1,5,"5","t_k5_thresh_q80","t, K=5, q(0.80)","t, K=5, q(0.80) + prop(k=4)",4,0.97,"other",0.0224559836181818,0.0237347127272727,0.00127872910909091,-5.69438030786399,0.282544626202344,0.278636116080035,-0.00390851012230908,1.38332488387516
3,1,5,"5","t_k5_thresh_q80","t, K=5, q(0.80)","t, K=5, q(0.80) + prop(k=4)",4,0.98,"tail",0.0155238309409091,0.0159645660227273,0.000440735081818184,-2.83908710095998,0.207244891772732,0.204260812776853,-0.0029840789958786,1.43988060229296
3,1,5,"5","t_k5_thresh_q80","t, K=5, q(0.80)","t, K=5, q(0.80) + prop(k=4)",4,0.99,"tail",0.00798400225,0.00799313920454546,9.1369545454547e-06,-0.114440781194102,0.117800910933676,0.117341424593946,-0.000459486339729726,0.390053299323318
3,1,5,"5","t_k5_thresh_q80","t, K=5, q(0.80)","t, K=5, q(0.80) + prop(k=4)",4,0.995,"tail",0.00374781771363636,0.00396303090909091,0.000215213195454546,-5.74236027199233,0.0656605912402067,0.0675134025410038,0.00185281130079709,-2.82180112271444
3,2,1,"1","gaussian","Gaussian","Gaussian + prop(k=4)",4,0.9,"bulk",0.0752875175318182,0.0914943979545455,0.0162068804227273,-21.5266500397996,0.691438346950882,0.693071036706577,0.00163268975569508,-0.236129477471845
3,2,1,"1","gaussian","Gaussian","Gaussian + prop(k=4)",4,0.91,"bulk",0.0681606077090909,0.0835121590909091,0.0153515513818182,-22.5226151846218,0.642265858877387,0.643373296586316,0.0011074377089294,-0.172426681820685
3,2,1,"1","gaussian","Gaussian","Gaussian + prop(k=4)",4,0.92,"bulk",0.0621969653954545,0.0749709948863636,0.0127740294909091,-20.5380269112657,0.590938354353805,0.591517077331405,0.000578722977599977,-0.0979328847647424
3,2,1,"1","gaussian","Gaussian","Gaussian + prop(k=4)",4,0.93,"bulk",0.0583319075,0.0672125576136364,0.00888065011363637,-15.224343749836,0.536856693305276,0.536829572756552,-2.71205487245574e-05,0.00505172964456935
3,2,1,"1","gaussian","Gaussian","Gaussian + prop(k=4)",4,0.94,"bulk",0.0538708499181818,0.0613603206818182,0.00748947076363636,-13.9026408066909,0.479149410688282,0.478647640389013,-0.0005017702992684,0.104721051111724
3,2,1,"1","gaussian","Gaussian","Gaussian + prop(k=4)",4,0.95,"bulk",0.0459269294772727,0.0508666348863636,0.00493970540909091,-10.7555751392772,0.41794633498703,0.416793954037989,-0.00115238094904047,0.275724621218709
3,2,1,"1","gaussian","Gaussian","Gaussian + prop(k=4)",4,0.96,"other",0.0376732424681818,0.0401016328409091,0.00242839037272728,-6.44592876436971,0.352452060747449,0.351064500995337,-0.00138755975211291,0.393687512897582
3,2,1,"1","gaussian","Gaussian","Gaussian + prop(k=4)",4,0.97,"other",0.0288810474772727,0.0303636122727273,0.00148256479545454,-5.13334842381051,0.281935435720981,0.279742269248074,-0.00219316647290707,0.777896707910655
3,2,1,"1","gaussian","Gaussian","Gaussian + prop(k=4)",4,0.98,"tail",0.0183151447863636,0.0177088889772727,-0.000606255809090909,3.31013386005166,0.204290985313007,0.20250041699271,-0.00179056832029759,0.876479359847495
3,2,1,"1","gaussian","Gaussian","Gaussian + prop(k=4)",4,0.99,"tail",0.0102805423136364,0.00942661511363636,-0.0008539272,8.30624663513451,0.117298208221157,0.116354471908664,-0.000943736312493143,0.804561575837372
3,2,1,"1","gaussian","Gaussian","Gaussian + prop(k=4)",4,0.995,"tail",0.00440441822272727,0.00406213556818182,-0.000342282654545454,7.7713477067014,0.0667727474375768,0.0658005540484498,-0.000972193389127032,1.45597332210405
3,2,4,"4","skew_t_k5_thresh0","Skew-t, K=5","Skew-t, K=5 + prop(k=4)",4,0.9,"bulk",0.0747391804909091,0.0882925738636364,0.0135533933727273,-18.1342547291856,0.692382998475328,0.696199908895904,0.00381691042057641,-0.551271540315331
3,2,4,"4","skew_t_k5_thresh0","Skew-t, K=5","Skew-t, K=5 + prop(k=4)",4,0.91,"bulk",0.0674527407909091,0.0801339689772727,0.0126812281863636,-18.8001674026458,0.64324189393685,0.646521365962641,0.00327947202579071,-0.509834955823426
3,2,4,"4","skew_t_k5_thresh0","Skew-t, K=5","Skew-t, K=5 + prop(k=4)",4,0.92,"bulk",0.0614340677,0.0720181205681818,0.0105840528681818,-17.2283120171478,0.59127549949565,0.5939054852986,0.00262998580294971,-0.444798711462431
3,2,4,"4","skew_t_k5_thresh0","Skew-t, K=5","Skew-t, K=5 + prop(k=4)",4,0.93,"bulk",0.0576457108272727,0.0647605520454545,0.00711484121818182,-12.3423601098448,0.537035180805905,0.538795588839515,0.00176040803360944,-0.327801249625336
3,2,4,"4","skew_t_k5_thresh0","Skew-t, K=5","Skew-t, K=5 + prop(k=4)",4,0.94,"bulk",0.0533249738909091,0.0591774768181818,0.00585250292727273,-10.9751632307324,0.479282784064857,0.480385214924456,0.00110243085959899,-0.230016786801549
3,2,4,"4","skew_t_k5_thresh0","Skew-t, K=5","Skew-t, K=5 + prop(k=4)",4,0.95,"bulk",0.0453710061454545,0.0490371489772727,0.00366614283181819,-8.08036484812554,0.417650460265653,0.417818542829666,0.000168082564012906,-0.0402447931952462
3,2,4,"4","skew_t_k5_thresh0","Skew-t, K=5","Skew-t, K=5 + prop(k=4)",4,0.96,"other",0.0372233283590909,0.0388543377272727,0.00163100936818182,-4.3816860019813,0.351779730472325,0.351116552838947,-0.000663177633378309,0.188520706547781
3,2,4,"4","skew_t_k5_thresh0","Skew-t, K=5","Skew-t, K=5 + prop(k=4)",4,0.97,"other",0.02831709425,0.0291762182954545,0.000859124045454546,-3.03394139903513,0.28127813838484,0.279876453848967,-0.00140168453587264,0.498326867463435
3,2,4,"4","skew_t_k5_thresh0","Skew-t, K=5","Skew-t, K=5 + prop(k=4)",4,0.98,"tail",0.0178767892909091,0.0171204446590909,-0.000756344631818184,4.23087512813505,0.203651035383485,0.202461715928806,-0.00118931945467921,0.58399872725403
3,2,4,"4","skew_t_k5_thresh0","Skew-t, K=5","Skew-t, K=5 + prop(k=4)",4,0.99,"tail",0.0100690347681818,0.00929272909090909,-0.000776305677272727,7.70983212537765,0.11673545176669,0.114214231623188,-0.00252122014350262,2.15977246444514
3,2,4,"4","skew_t_k5_thresh0","Skew-t, K=5","Skew-t, K=5 + prop(k=4)",4,0.995,"tail",0.00456153300909091,0.00404204943181818,-0.000519483577272727,11.3883551042472,0.0650578761697907,0.0637227750222254,-0.0013351011475653,2.05217450394614
3,2,5,"5","t_k5_thresh_q80","t, K=5, q(0.80)","t, K=5, q(0.80) + prop(k=4)",4,0.9,"bulk",0.0759696579454545,0.0864841078409091,0.0105144498954546,-13.8403280728259,0.692354936593818,0.696584425206123,0.00422948861230588,-0.610884445067109
3,2,5,"5","t_k5_thresh_q80","t, K=5, q(0.80)","t, K=5, q(0.80) + prop(k=4)",4,0.91,"bulk",0.0686886445545455,0.0782973778409091,0.00960873328636364,-13.9888235510796,0.643221408620726,0.647038881017389,0.00381747239666341,-0.593492745343988
3,2,5,"5","t_k5_thresh_q80","t, K=5, q(0.80)","t, K=5, q(0.80) + prop(k=4)",4,0.92,"bulk",0.0624288716045455,0.0705627989772727,0.00813392737272728,-13.0291116332384,0.591364494819419,0.594235590390076,0.00287109557065701,-0.485503542368356
3,2,5,"5","t_k5_thresh_q80","t, K=5, q(0.80)","t, K=5, q(0.80) + prop(k=4)",4,0.93,"bulk",0.0581308702636364,0.0637016907954545,0.00557082053181818,-9.58323951895658,0.536943529897565,0.538333350954477,0.00138982105691243,-0.258839334031565
3,2,5,"5","t_k5_thresh_q80","t, K=5, q(0.80)","t, K=5, q(0.80) + prop(k=4)",4,0.94,"bulk",0.0536501684045455,0.0586204253409091,0.00497025693636363,-9.26419633743877,0.478966943889783,0.479191531546136,0.000224587656352915,-0.046890011767617
3,2,5,"5","t_k5_thresh_q80","t, K=5, q(0.80)","t, K=5, q(0.80) + prop(k=4)",4,0.95,"bulk",0.0453209045454545,0.0484545315909091,0.00313362704545454,-6.91430825770848,0.417097561091093,0.416434680490859,-0.000662880600233784,0.158926990246537
3,2,5,"5","t_k5_thresh_q80","t, K=5, q(0.80)","t, K=5, q(0.80) + prop(k=4)",4,0.96,"other",0.0369587483363636,0.0385410832954545,0.00158233495909091,-4.28135429449609,0.351209812880905,0.349648288325496,-0.00156152455540898,0.444613019949556
3,2,5,"5","t_k5_thresh_q80","t, K=5, q(0.80)","t, K=5, q(0.80) + prop(k=4)",4,0.97,"other",0.0280557318272727,0.0290172927272727,0.000961560900000002,-3.42732424846347,0.280841033416667,0.277747836229881,-0.00309319718678569,1.10140500095529
3,2,5,"5","t_k5_thresh_q80","t, K=5, q(0.80)","t, K=5, q(0.80) + prop(k=4)",4,0.98,"tail",0.0176312813909091,0.0170940669318182,-0.000537214459090909,3.04693939810809,0.2036326048879,0.201415180285572,-0.00221742460232804,1.08893396691003
3,2,5,"5","t_k5_thresh_q80","t, K=5, q(0.80)","t, K=5, q(0.80) + prop(k=4)",4,0.99,"tail",0.00994319319545455,0.00923045318181818,-0.000712740013636365,7.16811993517523,0.116589912452252,0.11514201938783,-0.00144789306442147,1.24186821481185
3,2,5,"5","t_k5_thresh_q80","t, K=5, q(0.80)","t, K=5, q(0.80) + prop(k=4)",4,0.995,"tail",0.00448958243636364,0.00401175420454545,-0.000477828231818182,10.6430439487642,0.065013854498669,0.0645997088173048,-0.000414145681364206,0.637011425576505
3,3,1,"1","gaussian","Gaussian","Gaussian + prop(k=4)",4,0.9,"bulk",0.0747959306409091,0.0941223501136364,0.0193264194727273,-25.8388649049803,0.707863931388592,0.712414366122021,0.00455043473342853,-0.642840316005662
3,3,1,"1","gaussian","Gaussian","Gaussian + prop(k=4)",4,0.91,"bulk",0.0656578603090909,0.0830604982954545,0.0174026379863636,-26.5050336767586,0.657880300453548,0.663092467086304,0.00521216663275648,-0.792266713133555
3,3,1,"1","gaussian","Gaussian","Gaussian + prop(k=4)",4,0.92,"bulk",0.0588555322863636,0.0757213955681818,0.0168658632818182,-28.6563771095583,0.605946599416681,0.611577454584153,0.00563085516747119,-0.929265907737047
3,3,1,"1","gaussian","Gaussian","Gaussian + prop(k=4)",4,0.93,"bulk",0.0541330406772727,0.0692928623863636,0.0151598217090909,-28.0047481527407,0.551678868871233,0.556813695372724,0.00513482650149089,-0.930763672713628
3,3,1,"1","gaussian","Gaussian","Gaussian + prop(k=4)",4,0.94,"bulk",0.0482817450045455,0.0610241428409091,0.0127423978363636,-26.3917508266613,0.494527955589432,0.498277099682149,0.00374914409271693,-0.758125814798133
3,3,1,"1","gaussian","Gaussian","Gaussian + prop(k=4)",4,0.95,"bulk",0.0398978665272727,0.0502457538636364,0.0103478873363636,-25.9359415353455,0.432716846382087,0.435966800713272,0.00324995433118458,-0.75105796281268
3,3,1,"1","gaussian","Gaussian","Gaussian + prop(k=4)",4,0.96,"other",0.0326872418,0.0415161045454545,0.00882886274545455,-27.010118502732,0.365588334390282,0.368530049925053,0.00294171553477129,-0.804652462359721
3,3,1,"1","gaussian","Gaussian","Gaussian + prop(k=4)",4,0.97,"other",0.02587431365,0.0324141690909091,0.00653985544090909,-25.2754740835767,0.293150961075922,0.296198008547517,0.00304704747159484,-1.03941241072913
3,3,1,"1","gaussian","Gaussian","Gaussian + prop(k=4)",4,0.98,"tail",0.0163872265818182,0.0195237215909091,0.00313649500909091,-19.1398769854741,0.214720486171756,0.217505926002517,0.00278543983076124,-1.29723990496796
3,3,1,"1","gaussian","Gaussian","Gaussian + prop(k=4)",4,0.99,"tail",0.00984894328181818,0.0111704419318182,0.00132149865,-13.4176694106826,0.128026927558153,0.131031850796587,0.0030049232384331,-2.34710251643599
3,3,1,"1","gaussian","Gaussian","Gaussian + prop(k=4)",4,0.995,"tail",0.00476565672727273,0.00541222125,0.000646564522727273,-13.567165235111,0.076346034496866,0.0796790115959795,0.00333297709911348,-4.36561914587758
3,3,4,"4","skew_t_k5_thresh0","Skew-t, K=5","Skew-t, K=5 + prop(k=4)",4,0.9,"bulk",0.0737252048772727,0.08937214625,0.0156469413727273,-21.2233270816596,0.708641211591169,0.716588579229051,0.00794736763788273,-1.12149385442005
3,3,4,"4","skew_t_k5_thresh0","Skew-t, K=5","Skew-t, K=5 + prop(k=4)",4,0.91,"bulk",0.0647957626181818,0.0788023244318182,0.0140065618136364,-21.6164780653513,0.658116690936756,0.666338966809885,0.00822227587312918,-1.24936443435672
3,3,4,"4","skew_t_k5_thresh0","Skew-t, K=5","Skew-t, K=5 + prop(k=4)",4,0.92,"bulk",0.0581880076090909,0.0718715213636364,0.0136835137545455,-23.516037611172,0.60548261903978,0.613352314866951,0.00786969582717079,-1.29973934506182
3,3,4,"4","skew_t_k5_thresh0","Skew-t, K=5","Skew-t, K=5 + prop(k=4)",4,0.93,"bulk",0.0538083344909091,0.0660206582954545,0.0122123238045455,-22.695970652295,0.550826910260978,0.558016882263134,0.00718997200215588,-1.30530514544929
3,3,4,"4","skew_t_k5_thresh0","Skew-t, K=5","Skew-t, K=5 + prop(k=4)",4,0.94,"bulk",0.0479061818454545,0.0582159402272727,0.0103097583818182,-21.5207265214278,0.493411190002394,0.498745025718104,0.00533383571570989,-1.08101231260767
3,3,4,"4","skew_t_k5_thresh0","Skew-t, K=5","Skew-t, K=5 + prop(k=4)",4,0.95,"bulk",0.03956361435,0.0477261730681818,0.00816255871818182,-20.6314788279242,0.431879910684647,0.436040529881192,0.00416061919654437,-0.963374098588807
3,3,4,"4","skew_t_k5_thresh0","Skew-t, K=5","Skew-t, K=5 + prop(k=4)",4,0.96,"other",0.0324022339909091,0.0393015326136364,0.00689929862272727,-21.2926634153156,0.364174016813592,0.36741963881752,0.00324562200392864,-0.891228328788202
3,3,4,"4","skew_t_k5_thresh0","Skew-t, K=5","Skew-t, K=5 + prop(k=4)",4,0.97,"other",0.0255001164090909,0.0305250919318182,0.00502497552272727,-19.7056964059029,0.291775088098261,0.293889423341752,0.00211433524349136,-0.724645567677566
3,3,4,"4","skew_t_k5_thresh0","Skew-t, K=5","Skew-t, K=5 + prop(k=4)",4,0.98,"tail",0.0162747633318182,0.0184037623863636,0.00212899905454545,-13.0815976314883,0.214996502771634,0.217080941682136,0.00208443891050203,-0.969522240422716
3,3,4,"4","skew_t_k5_thresh0","Skew-t, K=5","Skew-t, K=5 + prop(k=4)",4,0.99,"tail",0.00964504033636364,0.0104618196590909,0.000816779322727272,-8.46838680029008,0.126585442238777,0.12853910653611,0.00195366429733246,-1.54335622073135
3,3,4,"4","skew_t_k5_thresh0","Skew-t, K=5","Skew-t, K=5 + prop(k=4)",4,0.995,"tail",0.00451373459545455,0.00498929204545455,0.000475557450000001,-10.5357867181402,0.0727073906448231,0.075494644131913,0.00278725348708998,-3.83352154763161
3,3,5,"5","t_k5_thresh_q80","t, K=5, q(0.80)","t, K=5, q(0.80) + prop(k=4)",4,0.9,"bulk",0.0741671166136364,0.0864660635227273,0.0122989469090909,-16.5827491624902,0.708135335136541,0.723645951218048,0.0155106160815069,-2.19034629567189
3,3,5,"5","t_k5_thresh_q80","t, K=5, q(0.80)","t, K=5, q(0.80) + prop(k=4)",4,0.91,"bulk",0.06504289655,0.0765648914772727,0.0115219949272727,-17.7144554415954,0.658057387266418,0.672805629235113,0.0147482419686952,-2.24117869566963
3,3,5,"5","t_k5_thresh_q80","t, K=5, q(0.80)","t, K=5, q(0.80) + prop(k=4)",4,0.92,"bulk",0.0585040302454545,0.0694210494318182,0.0109170191863636,-18.6602856940985,0.605561453426362,0.619305721758592,0.0137442683322295,-2.26967358217111
3,3,5,"5","t_k5_thresh_q80","t, K=5, q(0.80)","t, K=5, q(0.80) + prop(k=4)",4,0.93,"bulk",0.0540657043590909,0.0639088940909091,0.00984318973181818,-18.2059770579186,0.551118515198674,0.563346753621125,0.0122282384224509,-2.2188037754534
3,3,5,"5","t_k5_thresh_q80","t, K=5, q(0.80)","t, K=5, q(0.80) + prop(k=4)",4,0.94,"bulk",0.0481382228590909,0.0564795736363636,0.00834135077727272,-17.3279159093374,0.493756015698391,0.503775382838489,0.0100193671400979,-2.02921419112758
3,3,5,"5","t_k5_thresh_q80","t, K=5, q(0.80)","t, K=5, q(0.80) + prop(k=4)",4,0.95,"bulk",0.0395780774272727,0.0460545611363636,0.00647648370909091,-16.3638158548552,0.432149076199474,0.439839202046836,0.00769012584736201,-1.779507644675
3,3,5,"5","t_k5_thresh_q80","t, K=5, q(0.80)","t, K=5, q(0.80) + prop(k=4)",4,0.96,"other",0.0324320569545455,0.0380726827272727,0.00564062577272727,-17.3921308186921,0.364245187866848,0.370877037411043,0.00663184954419505,-1.82071027019837
3,3,5,"5","t_k5_thresh_q80","t, K=5, q(0.80)","t, K=5, q(0.80) + prop(k=4)",4,0.97,"other",0.0256520770136364,0.0297697356818182,0.00411765866818182,-16.051950358612,0.291859355356652,0.296244146976083,0.00438479161943128,-1.50236459409467
3,3,5,"5","t_k5_thresh_q80","t, K=5, q(0.80)","t, K=5, q(0.80) + prop(k=4)",4,0.98,"tail",0.0163751703227273,0.0180464832954545,0.00167131297272727,-10.2063852759299,0.214909784438907,0.217367110985387,0.00245732654648001,-1.14342236808606
3,3,5,"5","t_k5_thresh_q80","t, K=5, q(0.80)","t, K=5, q(0.80) + prop(k=4)",4,0.99,"tail",0.00972995998636364,0.0103405939772727,0.00061063399090909,-6.27581194336752,0.126729842033838,0.129613132961324,0.00288329092748588,-2.27514757472514
3,3,5,"5","t_k5_thresh_q80","t, K=5, q(0.80)","t, K=5, q(0.80) + prop(k=4)",4,0.995,"tail",0.00457922983181818,0.00513012409090909,0.000550894259090909,-12.0302819321951,0.0733286232838799,0.0752062681126216,0.00187764482874168,-2.56058922785538
4,1,1,"1","gaussian","Gaussian","Gaussian + prop(k=4)",4,0.9,"bulk",0.0320168788909091,0.0908503601136364,0.0588334812227273,-183.757703001564,1.88865031887476,1.89492403980034,0.00627372092558343,-0.332180121586576
4,1,1,"1","gaussian","Gaussian","Gaussian + prop(k=4)",4,0.91,"bulk",0.0298826491454545,0.0832052327272727,0.0533225835818182,-178.439947951968,1.7648904871004,1.77334635230546,0.00845586520506392,-0.479115574981446
4,1,1,"1","gaussian","Gaussian","Gaussian + prop(k=4)",4,0.92,"bulk",0.0258219754181818,0.0733938065909091,0.0475718311727273,-184.230022693116,1.63515098526225,1.6447980682649,0.00964708300265005,-0.589981175414381
4,1,1,"1","gaussian","Gaussian","Gaussian + prop(k=4)",4,0.93,"bulk",0.0207637329136364,0.0640720329545455,0.0433083000409091,-208.576657294926,1.49898819998025,1.5091066270964,0.010118427116155,-0.675017129306841
4,1,1,"1","gaussian","Gaussian","Gaussian + prop(k=4)",4,0.94,"bulk",0.0170259229545455,0.0566187760227273,0.0395928530681818,-232.54453326192,1.35391870216598,1.36500205318092,0.0110833510149406,-0.818612742198597
4,1,1,"1","gaussian","Gaussian","Gaussian + prop(k=4)",4,0.95,"bulk",0.0117300013454545,0.0473886069318182,0.0356586055863636,-303.994897666244,1.19287807967678,1.21206071126005,0.0191826315832799,-1.60809657835927
4,1,1,"1","gaussian","Gaussian","Gaussian + prop(k=4)",4,0.96,"other",0.00986603681818182,0.037476205,0.0276101681818182,-279.850650171265,1.01373690497944,1.04646804195964,0.032731136980201,-3.22876052153441
4,1,1,"1","gaussian","Gaussian","Gaussian + prop(k=4)",4,0.97,"other",0.00738632251363636,0.0290893405681818,0.0217030180545455,-293.827111048538,0.81750287031379,0.862946457826917,0.045443587513127,-5.55882910792521
4,1,1,"1","gaussian","Gaussian","Gaussian + prop(k=4)",4,0.98,"tail",0.00554441845909091,0.0189749673863636,0.0134305489272727,-242.235484683724,0.593346968198149,0.657606693285513,0.0642597250873639,-10.8300418695161
4,1,1,"1","gaussian","Gaussian","Gaussian + prop(k=4)",4,0.99,"tail",0.00557575250454545,0.00908478863636364,0.00350903613181818,-62.9338574292448,0.331811423770113,0.415064453294151,0.0832530295240376,-25.0904651136174
4,1,1,"1","gaussian","Gaussian","Gaussian + prop(k=4)",4,0.995,"tail",0.00295117366818182,0.00454548465909091,0.00159431099090909,-54.0229471446635,0.180086470193564,0.263941074992696,0.0838546047991313,-46.563522905969
4,1,2,"2","skew_t_k1_thresh0","Skew-t, K=1","Skew-t, K=1 + prop(k=4)",4,0.9,"bulk",0.0314130563590909,0.0387967945454545,0.00738373818636363,-23.5053160760869,1.88884350781923,1.89217917737394,0.00333566955470799,-0.176598513370713
4,1,2,"2","skew_t_k1_thresh0","Skew-t, K=1","Skew-t, K=1 + prop(k=4)",4,0.91,"bulk",0.0290628734318182,0.0366105772727273,0.0075477038409091,-25.9702601623893,1.76423284295043,1.77007008678458,0.00583724383415407,-0.330865841063933
4,1,2,"2","skew_t_k1_thresh0","Skew-t, K=1","Skew-t, K=1 + prop(k=4)",4,0.92,"bulk",0.0251499802409091,0.0313733088636364,0.00622332862272728,-24.7448648591953,1.6342235116075,1.64061395925052,0.0063904476430181,-0.391038777598551
4,1,2,"2","skew_t_k1_thresh0","Skew-t, K=1","Skew-t, K=1 + prop(k=4)",4,0.93,"bulk",0.0205529565227273,0.0262828146590909,0.00572985813636364,-27.8785104713651,1.49805810861078,1.5035101323311,0.00545202372032416,-0.363939401882086
4,1,2,"2","skew_t_k1_thresh0","Skew-t, K=1","Skew-t, K=1 + prop(k=4)",4,0.94,"bulk",0.0166079846454545,0.0213296176136364,0.00472163296818182,-28.4298972390614,1.35251016821383,1.357488220241,0.00497805202716495,-0.368060229354069
4,1,2,"2","skew_t_k1_thresh0","Skew-t, K=1","Skew-t, K=1 + prop(k=4)",4,0.95,"bulk",0.0120118251318182,0.0151538965909091,0.00314207145909091,-26.1581518596026,1.19002072655355,1.19584911875127,0.00582839219771314,-0.489772326452908
4,1,2,"2","skew_t_k1_thresh0","Skew-t, K=1","Skew-t, K=1 + prop(k=4)",4,0.96,"other",0.0101912766136364,0.0124925268181818,0.00230125020454545,-22.580588200955,1.01348416055245,1.01949810633315,0.00601394578069536,-0.593393169303915
4,1,2,"2","skew_t_k1_thresh0","Skew-t, K=1","Skew-t, K=1 + prop(k=4)",4,0.97,"other",0.00726881426818182,0.00969290761363636,0.00242409334545455,-33.3492266553799,0.817188768689684,0.828060495497121,0.0108717268074375,-1.33038132974707
4,1,2,"2","skew_t_k1_thresh0","Skew-t, K=1","Skew-t, K=1 + prop(k=4)",4,0.98,"tail",0.00548837185,0.00818276375,0.0026943919,-49.0927359449962,0.592052159807761,0.606780688901135,0.0147285290933747,-2.4877080252789
4,1,2,"2","skew_t_k1_thresh0","Skew-t, K=1","Skew-t, K=1 + prop(k=4)",4,0.99,"tail",0.00492749071363636,0.00590558625,0.000978095536363636,-19.8497692478009,0.331524750804531,0.343137402212995,0.0116126514084635,-3.50280073517357
4,1,2,"2","skew_t_k1_thresh0","Skew-t, K=1","Skew-t, K=1 + prop(k=4)",4,0.995,"tail",0.00272958845454545,0.00328865784090909,0.000559069386363637,-20.4818197202089,0.178280139222079,0.182691469759309,0.00441133053722931,-2.47438136209565
4,1,3,"3","t_k1_thresh_q80","t, K=1, q(0.80)","t, K=1, q(0.80) + prop(k=4)",4,0.9,"bulk",0.031374975,0.0590085522727273,0.0276335772727273,-88.075216865439,1.88885465563134,2.04195676225036,0.153102106619016,-8.10555254543086
4,1,3,"3","t_k1_thresh_q80","t, K=1, q(0.80)","t, K=1, q(0.80) + prop(k=4)",4,0.91,"bulk",0.0291243264045455,0.0549092236363636,0.0257848972318182,-88.5338835777981,1.76443100233882,1.92328296879085,0.158851966452025,-9.00301378979741
4,1,3,"3","t_k1_thresh_q80","t, K=1, q(0.80)","t, K=1, q(0.80) + prop(k=4)",4,0.92,"bulk",0.0252908735363636,0.0483377822727273,0.0230469087363636,-91.1273732922922,1.63461032724676,1.79068954191056,0.156079214663801,-9.54840502731263
4,1,3,"3","t_k1_thresh_q80","t, K=1, q(0.80)","t, K=1, q(0.80) + prop(k=4)",4,0.93,"bulk",0.020690441,0.0421861243181818,0.0214956833181818,-103.891856718674,1.49779575822634,1.64505210397868,0.147256345752341,-9.8315371066826
4,1,3,"3","t_k1_thresh_q80","t, K=1, q(0.80)","t, K=1, q(0.80) + prop(k=4)",4,0.94,"bulk",0.0168871664409091,0.0371730064772727,0.0202858400363636,-120.12577780498,1.35287116811622,1.48287962338458,0.130008455268359,-9.60981786975229
4,1,3,"3","t_k1_thresh_q80","t, K=1, q(0.80)","t, K=1, q(0.80) + prop(k=4)",4,0.95,"bulk",0.0120549380090909,0.0304830459090909,0.0184281079,-152.867711854702,1.19050819335049,1.30481360753438,0.11430541418389,-9.60139668272217
4,1,3,"3","t_k1_thresh_q80","t, K=1, q(0.80)","t, K=1, q(0.80) + prop(k=4)",4,0.96,"other",0.0101658185863636,0.0243324486363636,0.01416663005,-139.355526853519,1.01306462140644,1.11493846367884,0.101873842272395,-10.0560063119135
4,1,3,"3","t_k1_thresh_q80","t, K=1, q(0.80)","t, K=1, q(0.80) + prop(k=4)",4,0.97,"other",0.00756340783181818,0.0191429682954545,0.0115795604636364,-153.099776200389,0.817983243222981,0.910017191722492,0.0920339484995105,-11.2513244326231
4,1,3,"3","t_k1_thresh_q80","t, K=1, q(0.80)","t, K=1, q(0.80) + prop(k=4)",4,0.98,"tail",0.00558175150909091,0.0129134440909091,0.00733169258181818,-131.351110307888,0.593303506459576,0.671534928169162,0.0782314217095857,-13.1857339216511
4,1,3,"3","t_k1_thresh_q80","t, K=1, q(0.80)","t, K=1, q(0.80) + prop(k=4)",4,0.99,"tail",0.00497813584545455,0.00698073886363636,0.00200260301818182,-40.2279704763453,0.331740234689848,0.379861986682014,0.0481217519921655,-14.5058533635981
4,1,3,"3","t_k1_thresh_q80","t, K=1, q(0.80)","t, K=1, q(0.80) + prop(k=4)",4,0.995,"tail",0.00265454345909091,0.00371421545454545,0.00105967199545455,-39.9191805214388,0.178347603803568,0.193188911579251,0.0148413077756831,-8.32156275675526
4,1,4,"4","skew_t_k5_thresh0","Skew-t, K=5","Skew-t, K=5 + prop(k=4)",4,0.9,"bulk",0.0316535195818182,0.0374365902272727,0.00578307064545455,-18.269913494158,1.88915563069698,1.8933853154263,0.00422968472931839,-0.223892868358225
4,1,4,"4","skew_t_k5_thresh0","Skew-t, K=5","Skew-t, K=5 + prop(k=4)",4,0.91,"bulk",0.0293582958,0.0342797452272727,0.00492144942727273,-16.7634029604427,1.76473063303072,1.76994637636649,0.00521574333577135,-0.29555464375965
4,1,4,"4","skew_t_k5_thresh0","Skew-t, K=5","Skew-t, K=5 + prop(k=4)",4,0.92,"bulk",0.0254939325181818,0.0294606005681818,0.00396666805,-15.5592631586792,1.6344488328864,1.64019841475375,0.00574958186735386,-0.351774968519524
4,1,4,"4","skew_t_k5_thresh0","Skew-t, K=5","Skew-t, K=5 + prop(k=4)",4,0.93,"bulk",0.0208644193772727,0.0243454651136364,0.00348104573636364,-16.6841246498117,1.49774144460722,1.5034606473354,0.0057192027281836,-0.38185514253987
4,1,4,"4","skew_t_k5_thresh0","Skew-t, K=5","Skew-t, K=5 + prop(k=4)",4,0.94,"bulk",0.0169239589136364,0.0191735055681818,0.00224954665454545,-13.2920829341703,1.35269946409593,1.35663291681192,0.00393345271599066,-0.29078541245816
4,1,4,"4","skew_t_k5_thresh0","Skew-t, K=5","Skew-t, K=5 + prop(k=4)",4,0.95,"bulk",0.0120429567045455,0.0137048696590909,0.00166191295454545,-13.7998748589554,1.1901157620461,1.19320125255002,0.00308549050391838,-0.259259695763852
4,1,4,"4","skew_t_k5_thresh0","Skew-t, K=5","Skew-t, K=5 + prop(k=4)",4,0.96,"other",0.0102637069727273,0.0118569273863636,0.00159322041363636,-15.5228556102573,1.0129595629925,1.01605614267613,0.00309657968363242,-0.305696278189472
4,1,4,"4","skew_t_k5_thresh0","Skew-t, K=5","Skew-t, K=5 + prop(k=4)",4,0.97,"other",0.00760003868181818,0.00960219670454545,0.00200215802272727,-26.3440504259156,0.818083908647363,0.820581589307896,0.00249768066053335,-0.305308616161766
4,1,4,"4","skew_t_k5_thresh0","Skew-t, K=5","Skew-t, K=5 + prop(k=4)",4,0.98,"tail",0.00550587555454545,0.00725201193181818,0.00174613637727273,-31.7140545581561,0.593415534130969,0.594987531402665,0.00157199727169599,-0.264906660051984
4,1,4,"4","skew_t_k5_thresh0","Skew-t, K=5","Skew-t, K=5 + prop(k=4)",4,0.99,"tail",0.00511746794090909,0.00478830409090909,-0.00032916385,6.4321624248715,0.332437656586523,0.333589181508663,0.00115152492213999,-0.346388232297109
4,1,4,"4","skew_t_k5_thresh0","Skew-t, K=5","Skew-t, K=5 + prop(k=4)",4,0.995,"tail",0.00277266665909091,0.00280202613636364,2.93594772727275e-05,-1.05888954146236,0.178821123364358,0.179697701974488,0.000876578610130074,-0.490198581486369
4,1,5,"5","t_k5_thresh_q80","t, K=5, q(0.80)","t, K=5, q(0.80) + prop(k=4)",4,0.9,"bulk",0.0322954251590909,0.0592622795454545,0.0269668543863636,-83.5005399480634,1.89064496696959,2.0628595648021,0.172214597832504,-9.10877509216003
4,1,5,"5","t_k5_thresh_q80","t, K=5, q(0.80)","t, K=5, q(0.80) + prop(k=4)",4,0.91,"bulk",0.0304880664545455,0.0548371698863636,0.0243491034318182,-79.8643740432676,1.76666079082755,1.9406223194197,0.173961528592149,-9.84691172721736
4,1,5,"5","t_k5_thresh_q80","t, K=5, q(0.80)","t, K=5, q(0.80) + prop(k=4)",4,0.92,"bulk",0.0262685477363636,0.0482439710227273,0.0219754232863636,-83.6567879842972,1.6360715879248,1.80512085410663,0.169049266181837,-10.3326325956348
4,1,5,"5","t_k5_thresh_q80","t, K=5, q(0.80)","t, K=5, q(0.80) + prop(k=4)",4,0.93,"bulk",0.0219308543363636,0.0419133104545455,0.0199824561181818,-91.1157213107235,1.49931774647984,1.65911122762673,0.159793481146892,-10.6577462663976
4,1,5,"5","t_k5_thresh_q80","t, K=5, q(0.80)","t, K=5, q(0.80) + prop(k=4)",4,0.94,"bulk",0.01781434425,0.0367750206818182,0.0189606764318182,-106.43488284346,1.35432539585209,1.49714828724945,0.142822891397358,-10.5456850942014
4,1,5,"5","t_k5_thresh_q80","t, K=5, q(0.80)","t, K=5, q(0.80) + prop(k=4)",4,0.95,"bulk",0.0125131672454545,0.0303173585227273,0.0178041912772727,-142.283651517086,1.19172410757367,1.31924365354943,0.127519545975764,-10.7004251374416
4,1,5,"5","t_k5_thresh_q80","t, K=5, q(0.80)","t, K=5, q(0.80) + prop(k=4)",4,0.96,"other",0.0108937448909091,0.0242988697727273,0.0134051248818182,-123.053412908584,1.01493785101752,1.12627660469433,0.111338753676808,-10.9700070369024
4,1,5,"5","t_k5_thresh_q80","t, K=5, q(0.80)","t, K=5, q(0.80) + prop(k=4)",4,0.97,"other",0.00790384552272727,0.0192385488636364,0.0113347033409091,-143.40745031411,0.819772538544967,0.916717645421461,0.0969451068764937,-11.825854406951
4,1,5,"5","t_k5_thresh_q80","t, K=5, q(0.80)","t, K=5, q(0.80) + prop(k=4)",4,0.98,"tail",0.00574376503181818,0.0129553042045455,0.00721153917272727,-125.554216315922,0.597895023910171,0.672467938152832,0.0745729142426613,-12.4725764992929
4,1,5,"5","t_k5_thresh_q80","t, K=5, q(0.80)","t, K=5, q(0.80) + prop(k=4)",4,0.99,"tail",0.00620453019545455,0.00700355647727273,0.000799026281818181,-12.8781109390611,0.338171755970229,0.374571459055146,0.0363997030849167,-10.7636733234816
4,1,5,"5","t_k5_thresh_q80","t, K=5, q(0.80)","t, K=5, q(0.80) + prop(k=4)",4,0.995,"tail",0.00399619806363636,0.00372386193181818,-0.000272336131818182,6.81488073117097,0.187992158812572,0.18986935659429,0.00187719778171797,-0.998551106373288
4,2,1,"1","gaussian","Gaussian","Gaussian + prop(k=4)",4,0.9,"bulk",0.0208181792636364,0.0871992684090909,0.0663810891454545,-318.861166026196,1.81563410869836,1.8214768229904,0.0058427142920392,-0.32180020545152
4,2,1,"1","gaussian","Gaussian","Gaussian + prop(k=4)",4,0.91,"bulk",0.0187419365636364,0.0786111859090909,0.0598692493454546,-319.440038344888,1.7155743179587,1.71789732476937,0.00232300681066655,-0.135406947186678
4,2,1,"1","gaussian","Gaussian","Gaussian + prop(k=4)",4,0.92,"bulk",0.0183136448090909,0.0709234301136364,0.0526097853045455,-287.27097119646,1.60471496537448,1.60734778426292,0.00263281888844014,-0.164067697083247
4,2,1,"1","gaussian","Gaussian","Gaussian + prop(k=4)",4,0.93,"bulk",0.0154146059818182,0.06326173875,0.0478471327681818,-310.40127022785,1.48127972775127,1.48876494577654,0.00748521802526847,-0.505321033227923
4,2,1,"1","gaussian","Gaussian","Gaussian + prop(k=4)",4,0.94,"bulk",0.0112904171636364,0.05563733875,0.0443469215863636,-392.783729277906,1.34506346844155,1.36034445091429,0.0152809824727427,-1.13607891607137
4,2,1,"1","gaussian","Gaussian","Gaussian + prop(k=4)",4,0.95,"bulk",0.00739039842727273,0.0480091277272727,0.0406187293,-549.614878003127,1.19192945831837,1.22064814208395,0.0287186837655837,-2.40942813898579
4,2,1,"1","gaussian","Gaussian","Gaussian + prop(k=4)",4,0.96,"other",0.00714534788636364,0.0394765045454545,0.0323311566590909,-452.478412153907,1.01282678245555,1.06665657777085,0.0538297953152977,-5.31480765000999
4,2,1,"1","gaussian","Gaussian","Gaussian + prop(k=4)",4,0.97,"other",0.00786583397272727,0.0289498255681818,0.0210839915954545,-268.045215148931,0.801099599185516,0.89535935812432,0.0942597589388042,-11.7662971039605
4,2,1,"1","gaussian","Gaussian","Gaussian + prop(k=4)",4,0.98,"tail",0.00616087567272727,0.01996483875,0.0138039630772727,-224.058458741175,0.566846736999221,0.696891507450965,0.130044770451744,-22.941786899961
4,2,1,"1","gaussian","Gaussian","Gaussian + prop(k=4)",4,0.99,"tail",0.00448968785,0.00908793636363636,0.00459824851363636,-102.418000254436,0.305397753027321,0.450388784426787,0.144991031399466,-47.4761290684724
4,2,1,"1","gaussian","Gaussian","Gaussian + prop(k=4)",4,0.995,"tail",0.00316085064545455,0.00499961897727273,0.00183876833181818,-58.1732115202095,0.161266188759213,0.286404509564837,0.125138320805624,-77.5973697700937
4,2,2,"2","skew_t_k1_thresh0","Skew-t, K=1","Skew-t, K=1 + prop(k=4)",4,0.9,"bulk",0.0210330373318182,0.0251335889772727,0.00410055164545454,-19.4957655461931,1.81535538607135,1.81498316249908,-0.00037222357226474,0.0205041709805526
4,2,2,"2","skew_t_k1_thresh0","Skew-t, K=1","Skew-t, K=1 + prop(k=4)",4,0.91,"bulk",0.0191186122454545,0.0231713220454545,0.0040527098,-21.1977195204821,1.71479263358619,1.71500848017041,0.000215846584216584,-0.0125873286360683
4,2,2,"2","skew_t_k1_thresh0","Skew-t, K=1","Skew-t, K=1 + prop(k=4)",4,0.92,"bulk",0.0181740708409091,0.0198913048863636,0.00171723404545454,-9.44881342483336,1.60396081585643,1.6073883969658,0.00342758110936425,-0.213694815701224
4,2,2,"2","skew_t_k1_thresh0","Skew-t, K=1","Skew-t, K=1 + prop(k=4)",4,0.93,"bulk",0.0147690530227273,0.0182885313636364,0.00351947834090909,-23.8300880597636,1.48122147642426,1.48677349912991,0.00555202270565003,-0.374827316104873
4,2,2,"2","skew_t_k1_thresh0","Skew-t, K=1","Skew-t, K=1 + prop(k=4)",4,0.94,"bulk",0.0107246135636364,0.0138879113636364,0.0031632978,-29.495680951393,1.34492003791896,1.35182388206207,0.00690384414311307,-0.513327480330773
4,2,2,"2","skew_t_k1_thresh0","Skew-t, K=1","Skew-t, K=1 + prop(k=4)",4,0.95,"bulk",0.00699725778636364,0.00902514181818182,0.00202788403181818,-28.9811250883189,1.19233292556696,1.20090357342785,0.00857064786089734,-0.718813317750325
4,2,2,"2","skew_t_k1_thresh0","Skew-t, K=1","Skew-t, K=1 + prop(k=4)",4,0.96,"other",0.00680145174545455,0.00851128511363636,0.00170983336818182,-25.1392413292429,1.01182710163165,1.01867929854611,0.00685219691446015,-0.677210256911525
4,2,2,"2","skew_t_k1_thresh0","Skew-t, K=1","Skew-t, K=1 + prop(k=4)",4,0.97,"other",0.00759597173181818,0.00915360943181818,0.0015576377,-20.5061018523191,0.801340371397501,0.805728228879106,0.00438785748160575,-0.547564760022452
4,2,2,"2","skew_t_k1_thresh0","Skew-t, K=1","Skew-t, K=1 + prop(k=4)",4,0.98,"tail",0.00611250055,0.00804529227272727,0.00193279172272727,-31.6203116370643,0.567102770223705,0.568237212566798,0.00113444234309357,-0.200041756566638
4,2,2,"2","skew_t_k1_thresh0","Skew-t, K=1","Skew-t, K=1 + prop(k=4)",4,0.99,"tail",0.00444616147727273,0.00557577056818182,0.00112960909090909,-25.4063892344727,0.305444856793312,0.307589902270409,0.00214504547709732,-0.702269306354314
4,2,2,"2","skew_t_k1_thresh0","Skew-t, K=1","Skew-t, K=1 + prop(k=4)",4,0.995,"tail",0.00302967182727273,0.00382430511363636,0.000794633286363637,-26.2283617390652,0.160849151205712,0.162743186369721,0.00189403516400927,-1.17752263522172
4,2,3,"3","t_k1_thresh_q80","t, K=1, q(0.80)","t, K=1, q(0.80) + prop(k=4)",4,0.9,"bulk",0.0206797871863636,0.0524124753409091,0.0317326881545455,-153.447846772186,1.8145955878663,1.93187861240668,0.117283024540378,-6.46331476416106
4,2,3,"3","t_k1_thresh_q80","t, K=1, q(0.80)","t, K=1, q(0.80) + prop(k=4)",4,0.91,"bulk",0.0188219010681818,0.0473836044318182,0.0285617033636364,-151.74717612303,1.71466454867391,1.84266402473726,0.127999476063347,-7.46498644077871
4,2,3,"3","t_k1_thresh_q80","t, K=1, q(0.80)","t, K=1, q(0.80) + prop(k=4)",4,0.92,"bulk",0.0177837303909091,0.0427382321590909,0.0249545017681818,-140.322087771519,1.60444741079338,1.74414873684513,0.139701326051749,-8.70713026254115
4,2,3,"3","t_k1_thresh_q80","t, K=1, q(0.80)","t, K=1, q(0.80) + prop(k=4)",4,0.93,"bulk",0.0149406622318182,0.0388882614772727,0.0239475992454545,-160.284724156703,1.48161327456342,1.63342802276877,0.151814748205348,-10.246583964367
4,2,3,"3","t_k1_thresh_q80","t, K=1, q(0.80)","t, K=1, q(0.80) + prop(k=4)",4,0.94,"bulk",0.0109743082545455,0.0340423503409091,0.0230680420863636,-210.200420393778,1.3452558114027,1.50639978009686,0.161143968694158,-11.9786859367761
4,2,3,"3","t_k1_thresh_q80","t, K=1, q(0.80)","t, K=1, q(0.80) + prop(k=4)",4,0.95,"bulk",0.00727907445,0.0294050547727273,0.0221259803227273,-303.966946274705,1.19297255082753,1.36296956490594,0.169997014078407,-14.2498680259227
4,2,3,"3","t_k1_thresh_q80","t, K=1, q(0.80)","t, K=1, q(0.80) + prop(k=4)",4,0.96,"other",0.00702808708181818,0.0255203096590909,0.0184922225772727,-263.118859541631,1.01201187519357,1.19248904041273,0.180477165219161,-17.8335027130626
4,2,3,"3","t_k1_thresh_q80","t, K=1, q(0.80)","t, K=1, q(0.80) + prop(k=4)",4,0.97,"other",0.0077891179,0.0199214164772727,0.0121322985772727,-155.759596054808,0.801049523101092,0.986683272620083,0.185633749518991,-23.1738168696923
4,2,3,"3","t_k1_thresh_q80","t, K=1, q(0.80)","t, K=1, q(0.80) + prop(k=4)",4,0.98,"tail",0.00640941005,0.0142844909090909,0.00787508085909091,-122.867483866021,0.567353986646147,0.72416351467798,0.156809528031833,-27.6387461307527
4,2,3,"3","t_k1_thresh_q80","t, K=1, q(0.80)","t, K=1, q(0.80) + prop(k=4)",4,0.99,"tail",0.00460896212727273,0.00705540488636364,0.00244644275909091,-53.0801228461938,0.306401390463974,0.352177739836692,0.0457763493727185,-14.9399940070118
4,2,3,"3","t_k1_thresh_q80","t, K=1, q(0.80)","t, K=1, q(0.80) + prop(k=4)",4,0.995,"tail",0.00321268998181818,0.00419508340909091,0.000982393427272727,-30.5785317859009,0.161435088569065,0.164623511809797,0.00318842324073115,-1.97504970511233
4,2,4,"4","skew_t_k5_thresh0","Skew-t, K=5","Skew-t, K=5 + prop(k=4)",4,0.9,"bulk",0.0204322117227273,0.0248821497727273,0.00444993805,-21.7790325902419,1.81486050127712,1.8163474548906,0.00148695361348561,-0.0819321161289938
4,2,4,"4","skew_t_k5_thresh0","Skew-t, K=5","Skew-t, K=5 + prop(k=4)",4,0.91,"bulk",0.0186307455272727,0.0227001888636364,0.00406944333636364,-21.8426220808317,1.71446004165645,1.71801747519499,0.00355743353853555,-0.207495855960485
4,2,4,"4","skew_t_k5_thresh0","Skew-t, K=5","Skew-t, K=5 + prop(k=4)",4,0.92,"bulk",0.0177317943545455,0.0206440221590909,0.00291222780454545,-16.4237625719978,1.6039631599255,1.60931052087285,0.005347360947354,-0.333384274711296
4,2,4,"4","skew_t_k5_thresh0","Skew-t, K=5","Skew-t, K=5 + prop(k=4)",4,0.93,"bulk",0.0147841841409091,0.0182545905681818,0.00347040642727273,-23.4737770728235,1.48128251443613,1.48823244013497,0.00694992569884545,-0.469182997241485
4,2,4,"4","skew_t_k5_thresh0","Skew-t, K=5","Skew-t, K=5 + prop(k=4)",4,0.94,"bulk",0.0108919834136364,0.0134260314772727,0.00253404806363636,-23.265258194057,1.3452289459465,1.3526148977978,0.00738595185130131,-0.549047942623964
4,2,4,"4","skew_t_k5_thresh0","Skew-t, K=5","Skew-t, K=5 + prop(k=4)",4,0.95,"bulk",0.00739229549090909,0.00886212545454545,0.00146982996363636,-19.8832685387635,1.1932863954026,1.19815113459872,0.00486473919612673,-0.407675744470836
4,2,4,"4","skew_t_k5_thresh0","Skew-t, K=5","Skew-t, K=5 + prop(k=4)",4,0.96,"other",0.00717263054545455,0.00817800852272727,0.00100537797727273,-14.0168655126097,1.01245886720125,1.01508732898814,0.00262846178688347,-0.259611710858867
4,2,4,"4","skew_t_k5_thresh0","Skew-t, K=5","Skew-t, K=5 + prop(k=4)",4,0.97,"other",0.00811628985454545,0.00914825363636364,0.00103196378181818,-12.7147231100949,0.802338811477405,0.803337660618525,0.000998849141119473,-0.124492187942425
4,2,4,"4","skew_t_k5_thresh0","Skew-t, K=5","Skew-t, K=5 + prop(k=4)",4,0.98,"tail",0.00644985893181818,0.00786220556818182,0.00141234663636364,-21.897325992609,0.56727244291316,0.569609175374229,0.00233673246106869,-0.411924198021797
4,2,4,"4","skew_t_k5_thresh0","Skew-t, K=5","Skew-t, K=5 + prop(k=4)",4,0.99,"tail",0.00463722845909091,0.00543097965909091,0.0007937512,-17.1169310936992,0.306041321423468,0.308555977884902,0.0025146564614339,-0.821672200909881
4,2,4,"4","skew_t_k5_thresh0","Skew-t, K=5","Skew-t, K=5 + prop(k=4)",4,0.995,"tail",0.00313551808181818,0.00396453295454545,0.000829014872727273,-26.4394862697317,0.161657013865955,0.16378136409989,0.00212435023393462,-1.314109535449
4,2,5,"5","t_k5_thresh_q80","t, K=5, q(0.80)","t, K=5, q(0.80) + prop(k=4)",4,0.9,"bulk",0.02143938215,0.0509109290909091,0.0294715469409091,-137.464534820604,1.81279610002736,1.92778525267437,0.114989152647013,-6.34319285248227
4,2,5,"5","t_k5_thresh_q80","t, K=5, q(0.80)","t, K=5, q(0.80) + prop(k=4)",4,0.91,"bulk",0.0192657357090909,0.0463392247727273,0.0270734890636364,-140.5266296208,1.71420849020561,1.83493972015075,0.120731229945141,-7.04297234758536
4,2,5,"5","t_k5_thresh_q80","t, K=5, q(0.80)","t, K=5, q(0.80) + prop(k=4)",4,0.92,"bulk",0.0178016594045455,0.0418822042045455,0.0240805448,-135.271348882517,1.60515542097621,1.73079120173118,0.125635780754966,-7.82701656881038
4,2,5,"5","t_k5_thresh_q80","t, K=5, q(0.80)","t, K=5, q(0.80) + prop(k=4)",4,0.93,"bulk",0.0153201096181818,0.0381879438636364,0.0228678342454545,-149.26677951648,1.48339192142917,1.61401164336417,0.130619721935006,-8.80547615556384
4,2,5,"5","t_k5_thresh_q80","t, K=5, q(0.80)","t, K=5, q(0.80) + prop(k=4)",4,0.94,"bulk",0.0114323086590909,0.0334791261363636,0.0220468174772727,-192.846590611785,1.34704267681417,1.48338687478308,0.136344197968915,-10.1217430090172
4,2,5,"5","t_k5_thresh_q80","t, K=5, q(0.80)","t, K=5, q(0.80) + prop(k=4)",4,0.95,"bulk",0.00736336054090909,0.0291524034090909,0.0217890428681818,-295.911666244333,1.19531393029051,1.33540963102597,0.14009570073546,-11.720410612249
4,2,5,"5","t_k5_thresh_q80","t, K=5, q(0.80)","t, K=5, q(0.80) + prop(k=4)",4,0.96,"other",0.0070291425,0.0253228590909091,0.0182937165909091,-260.255309817792,1.01354323103195,1.16694182845031,0.153398597418366,-15.1348845043523
4,2,5,"5","t_k5_thresh_q80","t, K=5, q(0.80)","t, K=5, q(0.80) + prop(k=4)",4,0.97,"other",0.00968927204545455,0.0196881505681818,0.00999887852272727,-103.195353333257,0.803319344147357,0.965020086421789,0.161700742274432,-20.1290736308686
4,2,5,"5","t_k5_thresh_q80","t, K=5, q(0.80)","t, K=5, q(0.80) + prop(k=4)",4,0.98,"tail",0.00830503801363636,0.0141231920454545,0.00581815403181818,-70.0557182551739,0.569086559583766,0.707645993823917,0.13855943424015,-24.3476905062551
4,2,5,"5","t_k5_thresh_q80","t, K=5, q(0.80)","t, K=5, q(0.80) + prop(k=4)",4,0.99,"tail",0.00708900406363636,0.00704129386363636,-4.77102000000004e-05,0.673016965030868,0.308651612330317,0.336764905437758,0.0281132931074418,-9.1084225658783
4,2,5,"5","t_k5_thresh_q80","t, K=5, q(0.80)","t, K=5, q(0.80) + prop(k=4)",4,0.995,"tail",0.00429077037272727,0.00422231636363636,-6.84540090909094e-05,1.59537805905467,0.166462470946359,0.164598218013474,-0.00186425293288503,1.11992386168878
4,3,1,"1","gaussian","Gaussian","Gaussian + prop(k=4)",4,0.9,"bulk",0.0387125975,0.0867585211363636,0.0480459236363636,-124.109273825823,1.28868338865158,1.29943424619886,0.0107508575472803,-0.834251270867204
4,3,1,"1","gaussian","Gaussian","Gaussian + prop(k=4)",4,0.91,"bulk",0.0348130813045455,0.0774676930681818,0.0426546117636364,-122.524666491004,1.19208865822241,1.20293103874389,0.0108423805214841,-0.909528032726344
4,3,1,"1","gaussian","Gaussian","Gaussian + prop(k=4)",4,0.92,"bulk",0.03107300545,0.0679813292045455,0.0369083237545455,-118.779381717469,1.09188711816748,1.1016900227054,0.0098029045379191,-0.897794687272376
4,3,1,"1","gaussian","Gaussian","Gaussian + prop(k=4)",4,0.93,"bulk",0.0288686649590909,0.0585942215909091,0.0297255566318182,-102.968241426964,0.985746887881437,0.996119865277189,0.0103729773957525,-1.05229623580614
4,3,1,"1","gaussian","Gaussian","Gaussian + prop(k=4)",4,0.94,"bulk",0.0233407125409091,0.0493860492045455,0.0260453366636364,-111.587581647248,0.873861865272906,0.885162891277507,0.0113010260046011,-1.29322796356056
4,3,1,"1","gaussian","Gaussian","Gaussian + prop(k=4)",4,0.95,"bulk",0.0223066088681818,0.0424582472727273,0.0201516384045455,-90.3393183770295,0.755929452727459,0.767693146808724,0.011763694081265,-1.55618940878948
4,3,1,"1","gaussian","Gaussian","Gaussian + prop(k=4)",4,0.96,"other",0.0179133505727273,0.0328608927272727,0.0149475421545455,-83.4435863567745,0.631914661367928,0.643139351070634,0.0112246897027067,-1.77629834990824
4,3,1,"1","gaussian","Gaussian","Gaussian + prop(k=4)",4,0.97,"other",0.0129071311909091,0.02301585125,0.0101087200590909,-78.3188758956042,0.499283791010827,0.508676583654481,0.00939279264365389,-1.88125326973617
4,3,1,"1","gaussian","Gaussian","Gaussian + prop(k=4)",4,0.98,"tail",0.00890379274090909,0.0143067384090909,0.00540294566818182,-60.6813952817838,0.355823669790171,0.364350654152066,0.00852698436189492,-2.39640728985885
4,3,1,"1","gaussian","Gaussian","Gaussian + prop(k=4)",4,0.99,"tail",0.00542352684545455,0.00810706125,0.00268353440454545,-49.4795080952632,0.193431474592043,0.203868058930702,0.0104365843386585,-5.39549437891107
4,3,1,"1","gaussian","Gaussian","Gaussian + prop(k=4)",4,0.995,"tail",0.0033877986,0.00452091102272727,0.00113311242272727,-33.4468649561185,0.102502367296078,0.113275439365877,0.0107730720697985,-10.5100714783303
4,3,2,"2","skew_t_k1_thresh0","Skew-t, K=1","Skew-t, K=1 + prop(k=4)",4,0.9,"bulk",0.0378373387909091,0.0488301481818182,0.0109928093909091,-29.0528079991457,1.28862316506673,1.2983983591775,0.00977519411077199,-0.758576624708261
4,3,2,"2","skew_t_k1_thresh0","Skew-t, K=1","Skew-t, K=1 + prop(k=4)",4,0.91,"bulk",0.0339907546136364,0.0441670969318182,0.0101763423181818,-29.9385595696639,1.19213088077023,1.20275100718852,0.0106201264182888,-0.89085238790452
4,3,2,"2","skew_t_k1_thresh0","Skew-t, K=1","Skew-t, K=1 + prop(k=4)",4,0.92,"bulk",0.0301823952454545,0.0385968259090909,0.00841443066363636,-27.8786047137978,1.09135593458171,1.1022757275172,0.0109197929354834,-1.00057117842756
4,3,2,"2","skew_t_k1_thresh0","Skew-t, K=1","Skew-t, K=1 + prop(k=4)",4,0.93,"bulk",0.0282580468454545,0.03579258625,0.00753453940454546,-26.6633410502588,0.984984888277641,0.997062786603259,0.0120778983256179,-1.22620138332655
4,3,2,"2","skew_t_k1_thresh0","Skew-t, K=1","Skew-t, K=1 + prop(k=4)",4,0.94,"bulk",0.0232722770090909,0.0306626855681818,0.00739040855909091,-31.7562761744542,0.873524746414538,0.885120345716044,0.0115955993015058,-1.32744943392857
4,3,2,"2","skew_t_k1_thresh0","Skew-t, K=1","Skew-t, K=1 + prop(k=4)",4,0.95,"bulk",0.0221725478181818,0.0279614415909091,0.00578889377272727,-26.1083833044225,0.756491964625417,0.766707612550469,0.0102156479250514,-1.35039741368697
4,3,2,"2","skew_t_k1_thresh0","Skew-t, K=1","Skew-t, K=1 + prop(k=4)",4,0.96,"other",0.0176334168136364,0.0215812679545455,0.00394785114090909,-22.3884638050189,0.633290757372984,0.641573726643182,0.008282969270198,-1.3079251787216
4,3,2,"2","skew_t_k1_thresh0","Skew-t, K=1","Skew-t, K=1 + prop(k=4)",4,0.97,"other",0.0127569431818182,0.0164946164772727,0.00373767329545455,-29.2991294402068,0.50115781197649,0.508112465742579,0.00695465376608939,-1.38771732174767
4,3,2,"2","skew_t_k1_thresh0","Skew-t, K=1","Skew-t, K=1 + prop(k=4)",4,0.98,"tail",0.00872168043636364,0.0113314490909091,0.00260976865454545,-29.9227731810082,0.357652764755487,0.363916020017607,0.00626325526211929,-1.75121119681578
4,3,2,"2","skew_t_k1_thresh0","Skew-t, K=1","Skew-t, K=1 + prop(k=4)",4,0.99,"tail",0.00514125541363636,0.007386885,0.00224562958636364,-43.6786233262689,0.193933023686706,0.203863024554438,0.00993000086773185,-5.12032488276649
4,3,2,"2","skew_t_k1_thresh0","Skew-t, K=1","Skew-t, K=1 + prop(k=4)",4,0.995,"tail",0.00325472336363636,0.0042734425,0.00101871913636364,-31.299714984854,0.103389542573309,0.110966177388376,0.00757663481506744,-7.32824096759613
4,3,3,"3","t_k1_thresh_q80","t, K=1, q(0.80)","t, K=1, q(0.80) + prop(k=4)",4,0.9,"bulk",0.0383468333909091,0.0618716670454545,0.0235248336545455,-61.3475261822336,1.28892197790353,1.35442787031218,0.0655058924086511,-5.08222324792681
4,3,3,"3","t_k1_thresh_q80","t, K=1, q(0.80)","t, K=1, q(0.80) + prop(k=4)",4,0.91,"bulk",0.0343461375136364,0.0554923336363636,0.0211461961227273,-61.5679015270106,1.19283498037718,1.25324913348443,0.0604141531072446,-5.06475364162621
4,3,3,"3","t_k1_thresh_q80","t, K=1, q(0.80)","t, K=1, q(0.80) + prop(k=4)",4,0.92,"bulk",0.0305803670772727,0.0490964105681818,0.0185160434909091,-60.5487940812528,1.09231210811129,1.14586977270721,0.0535576645959188,-4.9031466554486
4,3,3,"3","t_k1_thresh_q80","t, K=1, q(0.80)","t, K=1, q(0.80) + prop(k=4)",4,0.93,"bulk",0.0283609147681818,0.04363650125,0.0152755864818182,-53.8614025911319,0.98596743031616,1.03180372724739,0.0458362969312267,-4.64886521824852
4,3,3,"3","t_k1_thresh_q80","t, K=1, q(0.80)","t, K=1, q(0.80) + prop(k=4)",4,0.94,"bulk",0.0233282897,0.0370705253409091,0.0137422356409091,-58.9080289109625,0.874099577764184,0.913042135573277,0.0389425578090929,-4.45516263818616
4,3,3,"3","t_k1_thresh_q80","t, K=1, q(0.80)","t, K=1, q(0.80) + prop(k=4)",4,0.95,"bulk",0.0222274194136364,0.0328119681818182,0.0105845487681818,-47.6193325514354,0.756261299972299,0.787916944798736,0.0316556448264369,-4.18580784546246
4,3,3,"3","t_k1_thresh_q80","t, K=1, q(0.80)","t, K=1, q(0.80) + prop(k=4)",4,0.96,"other",0.0177527856454545,0.0252340123863636,0.00748122674090909,-42.1411427497554,0.632692093862803,0.655421640880368,0.0227295470175654,-3.59251320477132
4,3,3,"3","t_k1_thresh_q80","t, K=1, q(0.80)","t, K=1, q(0.80) + prop(k=4)",4,0.97,"other",0.0128038694772727,0.0183080381818182,0.00550416870454545,-42.9883225091878,0.500397932135281,0.514047243018283,0.0136493108830015,-2.72769130454988
4,3,3,"3","t_k1_thresh_q80","t, K=1, q(0.80)","t, K=1, q(0.80) + prop(k=4)",4,0.98,"tail",0.00876458578181818,0.0119670113636364,0.00320242558181818,-36.5382422117597,0.357385703844307,0.3621561895005,0.0047704856561927,-1.33482833948807
4,3,3,"3","t_k1_thresh_q80","t, K=1, q(0.80)","t, K=1, q(0.80) + prop(k=4)",4,0.99,"tail",0.00535815947272727,0.00721117215909091,0.00185301268636364,-34.5830073889246,0.193796804642131,0.201774654567478,0.0079778499253462,-4.11660550341799
4,3,3,"3","t_k1_thresh_q80","t, K=1, q(0.80)","t, K=1, q(0.80) + prop(k=4)",4,0.995,"tail",0.00336035594090909,0.00416596886363636,0.000805612922727273,-23.9740353966588,0.103730157756372,0.110850292219742,0.00712013446336965,-6.86409296715086
4,3,4,"4","skew_t_k5_thresh0","Skew-t, K=5","Skew-t, K=5 + prop(k=4)",4,0.9,"bulk",0.0383003670590909,0.0453934394318182,0.00709307237272727,-18.5195937203001,1.29062390657677,1.29481585699037,0.00419195041359743,-0.324800307218552
4,3,4,"4","skew_t_k5_thresh0","Skew-t, K=5","Skew-t, K=5 + prop(k=4)",4,0.91,"bulk",0.0344298438681818,0.0414342814772727,0.0070044376090909,-20.3440876348673,1.19451280718725,1.19990673300454,0.00539392581728304,-0.451558642555222
4,3,4,"4","skew_t_k5_thresh0","Skew-t, K=5","Skew-t, K=5 + prop(k=4)",4,0.92,"bulk",0.0307273104545455,0.0369238364772727,0.00619652602272728,-20.1661841894484,1.09398905139228,1.09966455895182,0.0056755075595345,-0.518790160862348
4,3,4,"4","skew_t_k5_thresh0","Skew-t, K=5","Skew-t, K=5 + prop(k=4)",4,0.93,"bulk",0.0288236249727273,0.0344356444318182,0.00561201945909091,-19.4702070416228,0.987545321630438,0.993718552084302,0.00617323045386464,-0.625108571591695
4,3,4,"4","skew_t_k5_thresh0","Skew-t, K=5","Skew-t, K=5 + prop(k=4)",4,0.94,"bulk",0.0237966066,0.0294464106818182,0.00564980408181818,-23.7420577512854,0.875852290531711,0.880989003593628,0.00513671306191688,-0.586481661057082
4,3,4,"4","skew_t_k5_thresh0","Skew-t, K=5","Skew-t, K=5 + prop(k=4)",4,0.95,"bulk",0.0227300625136364,0.0276685421590909,0.00493847964545454,-21.7266434814767,0.758919039325691,0.763178429183973,0.00425938985828211,-0.561244301113678
4,3,4,"4","skew_t_k5_thresh0","Skew-t, K=5","Skew-t, K=5 + prop(k=4)",4,0.96,"other",0.0182806278363636,0.0214863555681818,0.00320572773181818,-17.5362014943567,0.635336095486686,0.638496032103296,0.00315993661661007,-0.497364566417318
4,3,4,"4","skew_t_k5_thresh0","Skew-t, K=5","Skew-t, K=5 + prop(k=4)",4,0.97,"other",0.0129150127727273,0.01587174625,0.00295673347727273,-22.8937712203931,0.502131853198317,0.5050175027867,0.00288564958838267,-0.574679652366722
4,3,4,"4","skew_t_k5_thresh0","Skew-t, K=5","Skew-t, K=5 + prop(k=4)",4,0.98,"tail",0.00901656945454546,0.0116064768181818,0.00258990736363636,-28.7238663961129,0.35912303867928,0.362690877029136,0.0035678383498558,-0.993486344673672
4,3,4,"4","skew_t_k5_thresh0","Skew-t, K=5","Skew-t, K=5 + prop(k=4)",4,0.99,"tail",0.00529327161363636,0.00706434806818182,0.00177107645454545,-33.4590133251969,0.195234415149002,0.201613905459588,0.00637949031058613,-3.26760540948548
4,3,4,"4","skew_t_k5_thresh0","Skew-t, K=5","Skew-t, K=5 + prop(k=4)",4,0.995,"tail",0.00348637926818182,0.00414061977272727,0.000654240504545454,-18.7656148175367,0.104450920119013,0.107301744592351,0.00285082447333823,-2.72934357121024
4,3,5,"5","t_k5_thresh_q80","t, K=5, q(0.80)","t, K=5, q(0.80) + prop(k=4)",4,0.9,"bulk",0.0385526122590909,0.0610810175,0.0225284052409091,-58.4354831509421,1.28894821614883,1.35641258930772,0.0674643731588884,-5.23406389129123
4,3,5,"5","t_k5_thresh_q80","t, K=5, q(0.80)","t, K=5, q(0.80) + prop(k=4)",4,0.91,"bulk",0.0343568628590909,0.0550251098863636,0.0206682470272727,-60.1575502165031,1.19251371925129,1.25538554360596,0.062871824354672,-5.27220973140214
4,3,5,"5","t_k5_thresh_q80","t, K=5, q(0.80)","t, K=5, q(0.80) + prop(k=4)",4,0.92,"bulk",0.0305684546772727,0.0487567652272727,0.01818831055,-59.5002617633884,1.09177875171153,1.14820305601263,0.0564243043010999,-5.16810793511469
4,3,5,"5","t_k5_thresh_q80","t, K=5, q(0.80)","t, K=5, q(0.80) + prop(k=4)",4,0.93,"bulk",0.0283410041863636,0.0434631881818182,0.0151221839954545,-53.357968179302,0.985691835046723,1.03430808515301,0.0486162501062903,-4.93219568000032
4,3,5,"5","t_k5_thresh_q80","t, K=5, q(0.80)","t, K=5, q(0.80) + prop(k=4)",4,0.94,"bulk",0.0233215971863636,0.0368109954545455,0.0134893982681818,-57.8407994975113,0.873941954172906,0.915231036001338,0.0412890818284324,-4.72446500952208
4,3,5,"5","t_k5_thresh_q80","t, K=5, q(0.80)","t, K=5, q(0.80) + prop(k=4)",4,0.95,"bulk",0.0224501158181818,0.03261522,0.0101651041818182,-45.2786269083998,0.756276829317681,0.789812226855748,0.0335353975380671,-4.43427541847646
4,3,5,"5","t_k5_thresh_q80","t, K=5, q(0.80)","t, K=5, q(0.80) + prop(k=4)",4,0.96,"other",0.0180822762045455,0.0253032868181818,0.00722101061363636,-39.9341904301914,0.632055595860775,0.657721789580201,0.0256661937194266,-4.06074938462853
4,3,5,"5","t_k5_thresh_q80","t, K=5, q(0.80)","t, K=5, q(0.80) + prop(k=4)",4,0.97,"other",0.0127569793227273,0.0179936697727273,0.00523669045,-41.0496114912606,0.499717393125531,0.51470990410183,0.0149925109762994,-3.00019794838984
4,3,5,"5","t_k5_thresh_q80","t, K=5, q(0.80)","t, K=5, q(0.80) + prop(k=4)",4,0.98,"tail",0.00882198603181818,0.01170159625,0.00287961021818182,-32.6412919698121,0.356114989186956,0.361343282919178,0.00522829373222233,-1.46814761831818
4,3,5,"5","t_k5_thresh_q80","t, K=5, q(0.80)","t, K=5, q(0.80) + prop(k=4)",4,0.99,"tail",0.00524637561818182,0.00693553545454545,0.00168915983636364,-32.1967003374614,0.193812360869127,0.200288476469157,0.0064761156000295,-3.34143579438802
4,3,5,"5","t_k5_thresh_q80","t, K=5, q(0.80)","t, K=5, q(0.80) + prop(k=4)",4,0.995,"tail",0.00334270100909091,0.00395527465909091,0.00061257365,-18.3257087108308,0.103540395654994,0.109888635550464,0.00634823989547,-6.13117214330811
5,1,1,"1","gaussian","Gaussian","Gaussian + prop(k=4)",4,0.9,"bulk",0.0337628858590909,0.0669233252525253,0.0331604393934343,-98.2156547038933,1.84103271871628,1.86457814500199,0.0235454262857089,-1.27892492329668
5,1,1,"1","gaussian","Gaussian","Gaussian + prop(k=4)",4,0.91,"bulk",0.0305990109636364,0.0602925508080808,0.0296935398444444,-97.0408484108589,1.72878599892921,1.75624413709338,0.0274581381641614,-1.58829017479136
5,1,1,"1","gaussian","Gaussian","Gaussian + prop(k=4)",4,0.92,"bulk",0.0262769353727273,0.0548852027777778,0.0286082674050505,-108.872161076831,1.61002927796467,1.64118848226444,0.0311592042997699,-1.93531911041767
5,1,1,"1","gaussian","Gaussian","Gaussian + prop(k=4)",4,0.93,"bulk",0.0254780251272727,0.0521958616666667,0.0267178365393939,-104.86619903202,1.48319213076926,1.51766358982842,0.0344714590591604,-2.32413982949611
5,1,1,"1","gaussian","Gaussian","Gaussian + prop(k=4)",4,0.94,"bulk",0.0226687324545455,0.0480099527272727,0.0253412202727273,-111.789312982279,1.34869729105773,1.38320990406243,0.034512613004694,-2.55895916997261
5,1,1,"1","gaussian","Gaussian","Gaussian + prop(k=4)",4,0.95,"bulk",0.0204411740409091,0.0406862468181818,0.0202450727772727,-99.0406555746558,1.19818064878369,1.2337099469757,0.0355292981920083,-2.96527057318738
5,1,1,"1","gaussian","Gaussian","Gaussian + prop(k=4)",4,0.96,"other",0.0193592356545455,0.0330535713131313,0.0136943356585859,-70.7379976304513,1.02772436586479,1.06832963894868,0.0406052730838879,-3.95098865343336
5,1,1,"1","gaussian","Gaussian","Gaussian + prop(k=4)",4,0.97,"other",0.0139996817772727,0.025578798030303,0.0115791162530303,-82.7098532470074,0.828233597014462,0.885447972412182,0.0572143753977195,-6.90799982081872
5,1,1,"1","gaussian","Gaussian","Gaussian + prop(k=4)",4,0.98,"tail",0.00795296951818182,0.0184206135858586,0.0104676440676768,-131.619315825944,0.599029833526843,0.679698072095869,0.0806682385690258,-13.4664809754272
5,1,1,"1","gaussian","Gaussian","Gaussian + prop(k=4)",4,0.99,"tail",0.00459491733636364,0.00998695484848485,0.00539203751212121,-117.347867598167,0.332788108402925,0.434698432412058,0.101910324009133,-30.6231867773785
5,1,1,"1","gaussian","Gaussian","Gaussian + prop(k=4)",4,0.995,"tail",0.00321253681818182,0.00360774464646465,0.000395207828282828,-12.3020482145478,0.187998867750359,0.281753533356721,0.0937546656063613,-49.8698033282076
5,1,1,"1","gaussian","Gaussian","Gaussian + prop(k=8)",8,0.9,"bulk",0.0337628858590909,0.0574569151515152,0.0236940292924242,-70.1777371499316,1.84103271871628,1.86165062267005,0.0206179039537693,-1.11990969764762
5,1,1,"1","gaussian","Gaussian","Gaussian + prop(k=8)",8,0.91,"bulk",0.0305990109636364,0.0512280494444444,0.0206290384808081,-67.4173374601012,1.72878599892921,1.75212963953328,0.0233436406040619,-1.35029093355225
5,1,1,"1","gaussian","Gaussian","Gaussian + prop(k=8)",8,0.92,"bulk",0.0262769353727273,0.0458285824242424,0.0195516470515152,-74.4061161401939,1.61002927796467,1.63526225781349,0.0252329798488191,-1.56723732879675
5,1,1,"1","gaussian","Gaussian","Gaussian + prop(k=8)",8,0.93,"bulk",0.0254780251272727,0.0435274993434343,0.0180494742161616,-70.8433017315801,1.48319213076926,1.50848900430663,0.0252968735373713,-1.70556956260623
5,1,1,"1","gaussian","Gaussian","Gaussian + prop(k=8)",8,0.94,"bulk",0.0226687324545455,0.038842193989899,0.0161734615353535,-71.3470043717001,1.34869729105773,1.36948353657681,0.0207862455190739,-1.54120911022013
5,1,1,"1","gaussian","Gaussian","Gaussian + prop(k=8)",8,0.95,"bulk",0.0204411740409091,0.0337594434343434,0.0133182693934343,-65.1541313956839,1.19818064878369,1.21634673351016,0.0181660847264733,-1.51613905172933
5,1,1,"1","gaussian","Gaussian","Gaussian + prop(k=8)",8,0.96,"other",0.0193592356545455,0.0280850092424242,0.00872577358787879,-45.0729240739937,1.02772436586479,1.04898465141133,0.0212602855465376,-2.06867582911181
5,1,1,"1","gaussian","Gaussian","Gaussian + prop(k=8)",8,0.97,"other",0.0139996817772727,0.0217707090909091,0.00777102731363636,-55.5085996758295,0.828233597014462,0.863900703498151,0.0356671064836888,-4.30640662395949
5,1,1,"1","gaussian","Gaussian","Gaussian + prop(k=8)",8,0.98,"tail",0.00795296951818182,0.016141266010101,0.00818829649191919,-102.958982468113,0.599029833526843,0.652895787886076,0.053865954359233,-8.99219894309642
5,1,1,"1","gaussian","Gaussian","Gaussian + prop(k=8)",8,0.99,"tail",0.00459491733636364,0.00930200994949495,0.00470709261313131,-102.441290420612,0.332788108402925,0.40412245514758,0.0713343467446552,-21.4353653100749
5,1,1,"1","gaussian","Gaussian","Gaussian + prop(k=8)",8,0.995,"tail",0.00321253681818182,0.00359765353535354,0.000385116717171717,-11.9879316243815,0.187998867750359,0.254824507675835,0.066825639925476,-35.5457672299456
5,1,2,"2","skew_t_k1_thresh0","Skew-t, K=1","Skew-t, K=1 + prop(k=4)",4,0.9,"bulk",0.0332285232090909,0.0608643298484848,0.0276358066393939,-83.1689282893954,1.84116354699656,1.85996174486485,0.0187981978682883,-1.02099554919786
5,1,2,"2","skew_t_k1_thresh0","Skew-t, K=1","Skew-t, K=1 + prop(k=4)",4,0.91,"bulk",0.0303654394636364,0.0551837452525253,0.0248183057888889,-81.7320816931026,1.72854536179863,1.75156063423335,0.0230152724347188,-1.33148212036336
5,1,2,"2","skew_t_k1_thresh0","Skew-t, K=1","Skew-t, K=1 + prop(k=4)",4,0.92,"bulk",0.0259242943227273,0.0499704187878788,0.0240461244651515,-92.7551746088255,1.60899189131126,1.63527254576714,0.026280654455888,-1.63336152269049
5,1,2,"2","skew_t_k1_thresh0","Skew-t, K=1","Skew-t, K=1 + prop(k=4)",4,0.93,"bulk",0.0251207548,0.0473557438888889,0.0222349890888889,-88.5124243515521,1.48233409711412,1.50858343957751,0.0262493424633896,-1.77081148672847
5,1,2,"2","skew_t_k1_thresh0","Skew-t, K=1","Skew-t, K=1 + prop(k=4)",4,0.94,"bulk",0.0226042064136364,0.0430281885353535,0.0204239821217172,-90.3547850695438,1.34786237668855,1.37027141531589,0.0224090386273341,-1.66256132784038
5,1,2,"2","skew_t_k1_thresh0","Skew-t, K=1","Skew-t, K=1 + prop(k=4)",4,0.95,"bulk",0.0200805576045455,0.0361668734848485,0.016086315880303,-80.1089103056666,1.19702773250402,1.21845541227012,0.0214276797660946,-1.7900737956397
5,1,2,"2","skew_t_k1_thresh0","Skew-t, K=1","Skew-t, K=1 + prop(k=4)",4,0.96,"other",0.0188272447227273,0.0295689825757576,0.0107417378530303,-57.0542212162539,1.02580901896566,1.05019548507936,0.0243864661136972,-2.37729106128219
5,1,2,"2","skew_t_k1_thresh0","Skew-t, K=1","Skew-t, K=1 + prop(k=4)",4,0.97,"other",0.0137103603954545,0.0230743351515152,0.00936397475606061,-68.2985310813936,0.827936270737413,0.864460628264406,0.0365243575269937,-4.41149383327086
5,1,2,"2","skew_t_k1_thresh0","Skew-t, K=1","Skew-t, K=1 + prop(k=4)",4,0.98,"tail",0.00780320735909091,0.0161060462626263,0.00830283890353535,-106.402899749452,0.59959374421084,0.645017836174513,0.0454240919636728,-7.57581152275998
5,1,2,"2","skew_t_k1_thresh0","Skew-t, K=1","Skew-t, K=1 + prop(k=4)",4,0.99,"tail",0.00455655577727273,0.00776486606060606,0.00320831028333333,-70.4108638225346,0.333718397007086,0.371024959323014,0.0373065623159273,-11.1790547511036
5,1,2,"2","skew_t_k1_thresh0","Skew-t, K=1","Skew-t, K=1 + prop(k=4)",4,0.995,"tail",0.0029560484,0.00333595196969697,0.00037990356969697,-12.8517371263938,0.184968790089851,0.206053625533603,0.0210848354437519,-11.3991314067144
5,1,2,"2","skew_t_k1_thresh0","Skew-t, K=1","Skew-t, K=1 + prop(k=8)",8,0.9,"bulk",0.0332285232090909,0.0513504805555556,0.0181219573464646,-54.5373540449932,1.84116354699656,1.85747045615907,0.0163069091625105,-0.885684989207588
5,1,2,"2","skew_t_k1_thresh0","Skew-t, K=1","Skew-t, K=1 + prop(k=8)",8,0.91,"bulk",0.0303654394636364,0.0458934666666667,0.0155280272030303,-51.1371726453215,1.72854536179863,1.74703755498933,0.0184921931907003,-1.06981243300774
5,1,2,"2","skew_t_k1_thresh0","Skew-t, K=1","Skew-t, K=1 + prop(k=8)",8,0.92,"bulk",0.0259242943227273,0.0405916312121212,0.0146673368893939,-56.5775743277818,1.60899189131126,1.62794957115304,0.0189576798417803,-1.17823339844992
5,1,2,"2","skew_t_k1_thresh0","Skew-t, K=1","Skew-t, K=1 + prop(k=8)",8,0.93,"bulk",0.0251207548,0.0384832941414141,0.0133625393414141,-53.1932238812113,1.48233409711412,1.49852081894957,0.0161867218354423,-1.09197527513908
5,1,2,"2","skew_t_k1_thresh0","Skew-t, K=1","Skew-t, K=1 + prop(k=8)",8,0.94,"bulk",0.0226042064136364,0.0335431732323232,0.0109389668186869,-48.3935008312778,1.34786237668855,1.3581781835963,0.010315806907744,-0.765345712303956
5,1,2,"2","skew_t_k1_thresh0","Skew-t, K=1","Skew-t, K=1 + prop(k=8)",8,0.95,"bulk",0.0200805576045455,0.0291385939393939,0.00905803633484848,-45.1084900789712,1.19702773250402,1.20644350946942,0.00941577696539908,-0.786596392859047
5,1,2,"2","skew_t_k1_thresh0","Skew-t, K=1","Skew-t, K=1 + prop(k=8)",8,0.96,"other",0.0188272447227273,0.0246598840909091,0.00583263936818182,-30.979781981274,1.02580901896566,1.03829950569534,0.0124904867296722,-1.21762301741766
5,1,2,"2","skew_t_k1_thresh0","Skew-t, K=1","Skew-t, K=1 + prop(k=8)",8,0.97,"other",0.0137103603954545,0.0193862635858586,0.00567590319040404,-41.3986432645913,0.827936270737413,0.849454420643604,0.0215181499061911,-2.5990104150197
5,1,2,"2","skew_t_k1_thresh0","Skew-t, K=1","Skew-t, K=1 + prop(k=8)",8,0.98,"tail",0.00780320735909091,0.0140004988888889,0.00619729152979798,-79.4197980985088,0.59959374421084,0.633410160281299,0.0338164160704585,-5.63988807371001
5,1,2,"2","skew_t_k1_thresh0","Skew-t, K=1","Skew-t, K=1 + prop(k=8)",8,0.99,"tail",0.00455655577727273,0.00768359717171717,0.00312704139444444,-68.6273042029148,0.333718397007086,0.371692394501724,0.037973997494638,-11.3790542670717
5,1,2,"2","skew_t_k1_thresh0","Skew-t, K=1","Skew-t, K=1 + prop(k=8)",8,0.995,"tail",0.0029560484,0.00343506747474747,0.000479019074747475,-16.2047101376106,0.184968790089851,0.211038238812939,0.0260694487230883,-14.0939715886257
5,1,3,"3","t_k1_thresh_q80","t, K=1, q(0.80)","t, K=1, q(0.80) + prop(k=4)",4,0.9,"bulk",0.0309840213727273,0.0556949029292929,0.0247108815565657,-79.7536293281693,1.84105822079873,1.85930695275052,0.018248731951785,-0.991208846392045
5,1,3,"3","t_k1_thresh_q80","t, K=1, q(0.80)","t, K=1, q(0.80) + prop(k=4)",4,0.91,"bulk",0.0287838571045455,0.0500758588888889,0.0212920017843434,-73.9720243433986,1.72794103181931,1.74801429187927,0.0200732600599578,-1.16168663688848
5,1,3,"3","t_k1_thresh_q80","t, K=1, q(0.80)","t, K=1, q(0.80) + prop(k=4)",4,0.92,"bulk",0.0244965162454545,0.0446297084343434,0.0201331921888889,-82.1879812915222,1.60774201603025,1.62689592743109,0.019153911400845,-1.19135478266213
5,1,3,"3","t_k1_thresh_q80","t, K=1, q(0.80)","t, K=1, q(0.80) + prop(k=4)",4,0.93,"bulk",0.0238624317863636,0.0424028582828283,0.0185404264964646,-77.6971377538299,1.48170712754867,1.49655877632853,0.0148516487798591,-1.00233362610799
5,1,3,"3","t_k1_thresh_q80","t, K=1, q(0.80)","t, K=1, q(0.80) + prop(k=4)",4,0.94,"bulk",0.0214023738636364,0.037893594949495,0.0164912210858586,-77.0532333979921,1.34638596393428,1.35615225214045,0.00976628820617065,-0.725370619404893
5,1,3,"3","t_k1_thresh_q80","t, K=1, q(0.80)","t, K=1, q(0.80) + prop(k=4)",4,0.95,"bulk",0.0191984148090909,0.0321739518181818,0.0129755370090909,-67.5865020009188,1.19566065659875,1.20403849215715,0.00837783555840232,-0.700686730149207
5,1,3,"3","t_k1_thresh_q80","t, K=1, q(0.80)","t, K=1, q(0.80) + prop(k=4)",4,0.96,"other",0.0182210782136364,0.0272620192424242,0.00904094102878788,-49.6180353477753,1.0255080717267,1.03212841469326,0.00662034296656433,-0.645567124149237
5,1,3,"3","t_k1_thresh_q80","t, K=1, q(0.80)","t, K=1, q(0.80) + prop(k=4)",4,0.97,"other",0.0136990869363636,0.0210468984343434,0.0073478114979798,-53.6372353289864,0.829965076087122,0.837380633574538,0.00741555748741618,-0.893478256022156
5,1,3,"3","t_k1_thresh_q80","t, K=1, q(0.80)","t, K=1, q(0.80) + prop(k=4)",4,0.98,"tail",0.00769878356363636,0.0140922850505051,0.00639350148686869,-83.0456062834016,0.603050226742667,0.60817015308963,0.0051199263469629,-0.84900496176211
5,1,3,"3","t_k1_thresh_q80","t, K=1, q(0.80)","t, K=1, q(0.80) + prop(k=4)",4,0.99,"tail",0.00494778583636364,0.00624327691919192,0.00129549108282828,-26.1832489455607,0.340175477617844,0.33914269765108,-0.0010327799667636,0.303602121468565
5,1,3,"3","t_k1_thresh_q80","t, K=1, q(0.80)","t, K=1, q(0.80) + prop(k=4)",4,0.995,"tail",0.00300658542727273,0.00322600671717172,0.00021942128989899,-7.29802279717782,0.189100309835848,0.190758466375602,0.0016581565397534,-0.87686611470536
5,1,3,"3","t_k1_thresh_q80","t, K=1, q(0.80)","t, K=1, q(0.80) + prop(k=8)",8,0.9,"bulk",0.0309840213727273,0.0479300236363636,0.0169460022636364,-54.6927142212488,1.84105822079873,1.85603645022531,0.0149782294265741,-0.813566309710505
5,1,3,"3","t_k1_thresh_q80","t, K=1, q(0.80)","t, K=1, q(0.80) + prop(k=8)",8,0.91,"bulk",0.0287838571045455,0.0431542516666667,0.0143703945621212,-49.9251872670389,1.72794103181931,1.74188590070112,0.0139448688818122,-0.807022266675965
5,1,3,"3","t_k1_thresh_q80","t, K=1, q(0.80)","t, K=1, q(0.80) + prop(k=8)",8,0.92,"bulk",0.0244965162454545,0.0381021606565657,0.0136056444111111,-55.5411401147121,1.60774201603025,1.61947830960906,0.0117362935788166,-0.729986121019291
5,1,3,"3","t_k1_thresh_q80","t, K=1, q(0.80)","t, K=1, q(0.80) + prop(k=8)",8,0.93,"bulk",0.0238624317863636,0.0360994086868687,0.012236976900505,-51.2813489004836,1.48170712754867,1.49114121903317,0.00943409148450525,-0.636704198090278
5,1,3,"3","t_k1_thresh_q80","t, K=1, q(0.80)","t, K=1, q(0.80) + prop(k=8)",8,0.94,"bulk",0.0214023738636364,0.0308830917171717,0.00948071785353535,-44.297506033401,1.34638596393428,1.35283570426917,0.00644974033489087,-0.479040966532661
5,1,3,"3","t_k1_thresh_q80","t, K=1, q(0.80)","t, K=1, q(0.80) + prop(k=8)",8,0.95,"bulk",0.0191984148090909,0.0270920451515152,0.00789363034242424,-41.1160526580894,1.19566065659875,1.19971418027668,0.00405352367792844,-0.339019575124211
5,1,3,"3","t_k1_thresh_q80","t, K=1, q(0.80)","t, K=1, q(0.80) + prop(k=8)",8,0.96,"other",0.0182210782136364,0.0237750786363636,0.00555400042272727,-30.4811842505058,1.0255080717267,1.02740632925587,0.00189825752917505,-0.185104104151893
5,1,3,"3","t_k1_thresh_q80","t, K=1, q(0.80)","t, K=1, q(0.80) + prop(k=8)",8,0.97,"other",0.0136990869363636,0.0184027679292929,0.00470368099292929,-34.3357262770818,0.829965076087122,0.835391018454266,0.00542594236714455,-0.653755504114126
5,1,3,"3","t_k1_thresh_q80","t, K=1, q(0.80)","t, K=1, q(0.80) + prop(k=8)",8,0.98,"tail",0.00769878356363636,0.0122764532828283,0.00457766971919192,-59.45964945441,0.603050226742667,0.613086085760339,0.0100358590176713,-1.66418294407737
5,1,3,"3","t_k1_thresh_q80","t, K=1, q(0.80)","t, K=1, q(0.80) + prop(k=8)",8,0.99,"tail",0.00494778583636364,0.00620910338383838,0.00126131754747475,-25.4925655472944,0.340175477617844,0.351936077984354,0.0117606003665103,-3.45721580193452
5,1,3,"3","t_k1_thresh_q80","t, K=1, q(0.80)","t, K=1, q(0.80) + prop(k=8)",8,0.995,"tail",0.00300658542727273,0.00343372515151515,0.000427139724242424,-14.2068048480459,0.189100309835848,0.197954983544055,0.00885467370820694,-4.68252734006274
5,1,4,"4","skew_t_k5_thresh0","Skew-t, K=5","Skew-t, K=5 + prop(k=4)",4,0.9,"bulk",0.0287454030272727,0.0371740656565657,0.00842866262929293,-29.321775802886,1.8390386427343,1.8434989470971,0.00446030436280553,-0.242534564481686
5,1,4,"4","skew_t_k5_thresh0","Skew-t, K=5","Skew-t, K=5 + prop(k=4)",4,0.91,"bulk",0.0263944166363636,0.0329089091414141,0.00651449250505051,-24.6813278535411,1.72677479804419,1.73401249529859,0.0072376972543966,-0.419145406951403
5,1,4,"4","skew_t_k5_thresh0","Skew-t, K=5","Skew-t, K=5 + prop(k=4)",4,0.92,"bulk",0.0220587318136364,0.0282112958585859,0.00615256404494949,-27.8917396382057,1.60706205213866,1.61576830347935,0.00870625134069414,-0.54174954408935
5,1,4,"4","skew_t_k5_thresh0","Skew-t, K=5","Skew-t, K=5 + prop(k=4)",4,0.93,"bulk",0.0211844123636364,0.0261521931313131,0.00496778076767677,-23.4501702591671,1.48190904539549,1.48663704833486,0.00472800293936948,-0.31904811932015
5,1,4,"4","skew_t_k5_thresh0","Skew-t, K=5","Skew-t, K=5 + prop(k=4)",4,0.94,"bulk",0.0181360638909091,0.0220612945454545,0.00392523065454545,-21.6432334940826,1.3441027110152,1.34555756976035,0.00145485874515061,-0.108240146621813
5,1,4,"4","skew_t_k5_thresh0","Skew-t, K=5","Skew-t, K=5 + prop(k=4)",4,0.95,"bulk",0.0166383507727273,0.0189212091414141,0.00228285836868687,-13.7204606386158,1.1906390627747,1.19365221323212,0.00301315045741801,-0.25307001522326
5,1,4,"4","skew_t_k5_thresh0","Skew-t, K=5","Skew-t, K=5 + prop(k=4)",4,0.96,"other",0.0160286886727273,0.0169714126262626,0.000942723953535354,-5.88147897051238,1.02062435558069,1.02466623224833,0.00404187666764178,-0.396020009275806
5,1,4,"4","skew_t_k5_thresh0","Skew-t, K=5","Skew-t, K=5 + prop(k=4)",4,0.97,"other",0.0119372698727273,0.0134474813636364,0.00151021149090909,-12.6512301976135,0.822333364255562,0.820280835406991,-0.00205252884857043,0.249598148121904
5,1,4,"4","skew_t_k5_thresh0","Skew-t, K=5","Skew-t, K=5 + prop(k=4)",4,0.98,"tail",0.00607784419545455,0.00757590691919192,0.00149806272373737,-24.6479290281533,0.591964106101891,0.590072485787386,-0.00189162031450474,0.319549833343974
5,1,4,"4","skew_t_k5_thresh0","Skew-t, K=5","Skew-t, K=5 + prop(k=4)",4,0.99,"tail",0.00280826571818182,0.00280635308080808,-1.9126373737373e-06,0.0681074216501001,0.324293565870146,0.331689247485272,0.00739568161512622,-2.28055144889541
5,1,4,"4","skew_t_k5_thresh0","Skew-t, K=5","Skew-t, K=5 + prop(k=4)",4,0.995,"tail",0.00299791522727273,0.00384221181818182,0.000844296590909091,-28.1627907029635,0.175524233367633,0.182434169906748,0.00690993653911495,-3.93674218456332
5,1,4,"4","skew_t_k5_thresh0","Skew-t, K=5","Skew-t, K=5 + prop(k=8)",8,0.9,"bulk",0.0287454030272727,0.0346657491919192,0.00592034616464646,-20.595801558355,1.8390386427343,1.83900949486595,-2.91478683502877e-05,0.00158495138019234
5,1,4,"4","skew_t_k5_thresh0","Skew-t, K=5","Skew-t, K=5 + prop(k=8)",8,0.91,"bulk",0.0263944166363636,0.0315232595959596,0.00512884295959596,-19.4315450508194,1.72677479804419,1.72901437286031,0.00223957481611992,-0.129696982991444
5,1,4,"4","skew_t_k5_thresh0","Skew-t, K=5","Skew-t, K=5 + prop(k=8)",8,0.92,"bulk",0.0220587318136364,0.0265543506060606,0.00449561879242424,-20.3802232621783,1.60706205213866,1.6117845869675,0.00472253482884732,-0.29386138653219
5,1,4,"4","skew_t_k5_thresh0","Skew-t, K=5","Skew-t, K=5 + prop(k=8)",8,0.93,"bulk",0.0211844123636364,0.0258785225757576,0.00469411021212121,-22.1583215599541,1.48190904539549,1.48580302281924,0.00389397742374942,-0.262767639879694
5,1,4,"4","skew_t_k5_thresh0","Skew-t, K=5","Skew-t, K=5 + prop(k=8)",8,0.94,"bulk",0.0181360638909091,0.02312672,0.00499065610909091,-27.517856901643,1.3441027110152,1.34880910991263,0.00470639889743296,-0.350151730136623
5,1,4,"4","skew_t_k5_thresh0","Skew-t, K=5","Skew-t, K=5 + prop(k=8)",8,0.95,"bulk",0.0166383507727273,0.0211784528787879,0.00454010210606061,-27.2869719365606,1.1906390627747,1.19542602749671,0.0047869647220109,-0.402050031086266
5,1,4,"4","skew_t_k5_thresh0","Skew-t, K=5","Skew-t, K=5 + prop(k=8)",8,0.96,"other",0.0160286886727273,0.0192791767676768,0.0032504880949495,-20.2791891546324,1.02062435558069,1.02744025091091,0.00681589533022309,-0.667816253154684
5,1,4,"4","skew_t_k5_thresh0","Skew-t, K=5","Skew-t, K=5 + prop(k=8)",8,0.97,"other",0.0119372698727273,0.0145256302525253,0.00258836037979798,-21.6830180384171,0.822333364255562,0.825687611462017,0.00335424720645516,-0.407893848438423
5,1,4,"4","skew_t_k5_thresh0","Skew-t, K=5","Skew-t, K=5 + prop(k=8)",8,0.98,"tail",0.00607784419545455,0.00776363181818182,0.00168578762272727,-27.7366047650255,0.591964106101891,0.59349432829394,0.0015302221920489,-0.25849915159983
5,1,4,"4","skew_t_k5_thresh0","Skew-t, K=5","Skew-t, K=5 + prop(k=8)",8,0.99,"tail",0.00280826571818182,0.00374863909090909,0.000940373372727273,-33.4859114876105,0.324293565870146,0.333228605107178,0.00893503923703198,-2.7552317336477
5,1,4,"4","skew_t_k5_thresh0","Skew-t, K=5","Skew-t, K=5 + prop(k=8)",8,0.995,"tail",0.00299791522727273,0.00402859535353535,0.00103068012626263,-34.3798956316807,0.175524233367633,0.182707912537101,0.00718367916946877,-4.09269935646018
5,1,5,"5","t_k5_thresh_q80","t, K=5, q(0.80)","t, K=5, q(0.80) + prop(k=4)",4,0.9,"bulk",0.0293923274636364,0.0464821802525253,0.0170898527888889,-58.143924838998,1.84174997426312,1.84823474004829,0.00648476578517632,-0.352098052167524
5,1,5,"5","t_k5_thresh_q80","t, K=5, q(0.80)","t, K=5, q(0.80) + prop(k=4)",4,0.91,"bulk",0.0267682530272727,0.0404575165656566,0.0136892635383838,-51.1399213255964,1.72816309769707,1.74348644448412,0.0153233467870457,-0.886684063990571
5,1,5,"5","t_k5_thresh_q80","t, K=5, q(0.80)","t, K=5, q(0.80) + prop(k=4)",4,0.92,"bulk",0.0226336250545455,0.0355163292424242,0.0128827041878788,-56.9184306836946,1.60828262785666,1.62749442168108,0.0192117938244254,-1.19455333855274
5,1,5,"5","t_k5_thresh_q80","t, K=5, q(0.80)","t, K=5, q(0.80) + prop(k=4)",4,0.93,"bulk",0.0218623360636364,0.0340146511111111,0.0121523150474748,-55.5856200000864,1.48253260589433,1.5060518317458,0.0235192258514687,-1.58642216420467
5,1,5,"5","t_k5_thresh_q80","t, K=5, q(0.80)","t, K=5, q(0.80) + prop(k=4)",4,0.94,"bulk",0.0192377970545455,0.0298539201010101,0.0106161230464646,-55.1836731428472,1.34688925086889,1.37991606423623,0.0330268133673408,-2.45208084822379
5,1,5,"5","t_k5_thresh_q80","t, K=5, q(0.80)","t, K=5, q(0.80) + prop(k=4)",4,0.95,"bulk",0.0172552327545455,0.0259282797979798,0.00867304704343434,-50.2632863132469,1.19437535162613,1.24271525210093,0.0483399004748015,-4.0472955515188
5,1,5,"5","t_k5_thresh_q80","t, K=5, q(0.80)","t, K=5, q(0.80) + prop(k=4)",4,0.96,"other",0.0165987801909091,0.0272235440909091,0.0106247639,-64.0093053694333,1.02266881615846,1.10752168576044,0.0848528696019804,-8.29719927519843
5,1,5,"5","t_k5_thresh_q80","t, K=5, q(0.80)","t, K=5, q(0.80) + prop(k=4)",4,0.97,"other",0.0123751040363636,0.021969328030303,0.0095942239939394,-77.5284309994262,0.823238201166601,0.918617725492333,0.0953795243257323,-11.585896304444
5,1,5,"5","t_k5_thresh_q80","t, K=5, q(0.80)","t, K=5, q(0.80) + prop(k=4)",4,0.98,"tail",0.00655083364090909,0.0159661423232323,0.00941530868232323,-143.726878110991,0.592758085098547,0.67445056242675,0.0816924773282033,-13.7817567371724
5,1,5,"5","t_k5_thresh_q80","t, K=5, q(0.80)","t, K=5, q(0.80) + prop(k=4)",4,0.99,"tail",0.00359841535454545,0.0102380232828283,0.00663960792828283,-184.51477314579,0.330764563118733,0.414573515115289,0.0838089519965556,-25.3379476949805
5,1,5,"5","t_k5_thresh_q80","t, K=5, q(0.80)","t, K=5, q(0.80) + prop(k=4)",4,0.995,"tail",0.0027851224,0.0068988351010101,0.0041137127010101,-147.703120732148,0.182058660893248,0.2435790387315,0.0615203778382522,-33.7915139748969
5,1,5,"5","t_k5_thresh_q80","t, K=5, q(0.80)","t, K=5, q(0.80) + prop(k=8)",8,0.9,"bulk",0.0293923274636364,0.0470166048484848,0.0176242773848485,-59.9621700821512,1.84174997426312,1.85565981261571,0.0139098383525895,-0.755251176705178
5,1,5,"5","t_k5_thresh_q80","t, K=5, q(0.80)","t, K=5, q(0.80) + prop(k=8)",8,0.91,"bulk",0.0267682530272727,0.0455103898484849,0.0187421368212121,-70.0162868384305,1.72816309769707,1.74625491252665,0.0180918148295786,-1.04688121472374
5,1,5,"5","t_k5_thresh_q80","t, K=5, q(0.80)","t, K=5, q(0.80) + prop(k=8)",8,0.92,"bulk",0.0226336250545455,0.0410747856060606,0.0184411605515152,-81.4768315153814,1.60828262785666,1.62694455247079,0.0186619246141331,-1.16036350147011
5,1,5,"5","t_k5_thresh_q80","t, K=5, q(0.80)","t, K=5, q(0.80) + prop(k=8)",8,0.93,"bulk",0.0218623360636364,0.037142332979798,0.0152799969161616,-69.8918764750709,1.48253260589433,1.5001482762455,0.0176156703511745,-1.18821469970625
5,1,5,"5","t_k5_thresh_q80","t, K=5, q(0.80)","t, K=5, q(0.80) + prop(k=8)",8,0.94,"bulk",0.0192377970545455,0.0320532794949495,0.012815482440404,-66.6161640237079,1.34688925086889,1.36004224581305,0.0131529949441624,-0.976546136638729
5,1,5,"5","t_k5_thresh_q80","t, K=5, q(0.80)","t, K=5, q(0.80) + prop(k=8)",8,0.95,"bulk",0.0172552327545455,0.0322825880808081,0.0150273553262626,-87.0886851543863,1.19437535162613,1.21047507115485,0.01609971952872,-1.34796146846135
5,1,5,"5","t_k5_thresh_q80","t, K=5, q(0.80)","t, K=5, q(0.80) + prop(k=8)",8,0.96,"other",0.0165987801909091,0.0298457281818182,0.0132469479909091,-79.8067559094749,1.02266881615846,1.04871529102614,0.0260464748676776,-2.54691200671574
5,1,5,"5","t_k5_thresh_q80","t, K=5, q(0.80)","t, K=5, q(0.80) + prop(k=8)",8,0.97,"other",0.0123751040363636,0.0221952943939394,0.00982019035757576,-79.3544064657526,0.823238201166601,0.868058923957036,0.0448207227904351,-5.4444415634406
5,1,5,"5","t_k5_thresh_q80","t, K=5, q(0.80)","t, K=5, q(0.80) + prop(k=8)",8,0.98,"tail",0.00655083364090909,0.0140773957575758,0.00752656211666667,-114.894722248238,0.592758085098547,0.645105935275844,0.0523478501772976,-8.83123343118883
5,1,5,"5","t_k5_thresh_q80","t, K=5, q(0.80)","t, K=5, q(0.80) + prop(k=8)",8,0.99,"tail",0.00359841535454545,0.00834014101010101,0.00474172565555555,-131.772605115357,0.330764563118733,0.375673812928685,0.0449092498099516,-13.577406656417
5,1,5,"5","t_k5_thresh_q80","t, K=5, q(0.80)","t, K=5, q(0.80) + prop(k=8)",8,0.995,"tail",0.0027851224,0.00528463308080808,0.00249951068080808,-89.7450927401999,0.182058660893248,0.206148893589549,0.0240902326963008,-13.2321267102071
5,2,1,"1","gaussian","Gaussian","Gaussian + prop(k=4)",4,0.9,"bulk",0.0403826827545455,0.0706898068181818,0.0303071240636364,-75.0498035206069,1.53530792372345,1.5443024649645,0.00899454124105059,-0.585846077003036
5,2,1,"1","gaussian","Gaussian","Gaussian + prop(k=4)",4,0.91,"bulk",0.0359834789181818,0.0656333226767677,0.0296498437585859,-82.3984913354342,1.44019283567686,1.44891735871554,0.0087245230386801,-0.605788532101658
5,2,1,"1","gaussian","Gaussian","Gaussian + prop(k=4)",4,0.92,"bulk",0.0320142176772727,0.0573748456060606,0.0253606279287879,-79.2167660770036,1.33863184126428,1.34818209241584,0.00955025115156394,-0.713433735637435
5,2,1,"1","gaussian","Gaussian","Gaussian + prop(k=4)",4,0.93,"bulk",0.0302001021363636,0.0525882312626263,0.0223881291262626,-74.132627185076,1.23018086460801,1.23965464432545,0.00947377971744134,-0.770112752522786
5,2,1,"1","gaussian","Gaussian","Gaussian + prop(k=4)",4,0.94,"bulk",0.0251848809227273,0.0449835762121212,0.0197986952893939,-78.6134163196589,1.11424227894343,1.12366752653584,0.00942524759241214,-0.845888526268234
5,2,1,"1","gaussian","Gaussian","Gaussian + prop(k=4)",4,0.95,"bulk",0.0212000405681818,0.0380850192929293,0.0168849787247475,-79.6459736501135,0.984841460267291,0.998763702199256,0.0139222419319657,-1.41365311003327
5,2,1,"1","gaussian","Gaussian","Gaussian + prop(k=4)",4,0.96,"other",0.0178015556545455,0.0330018073232323,0.0152002516686869,-85.3872097678476,0.842693554900063,0.864204863879057,0.0215113089789931,-2.55268464484034
5,2,1,"1","gaussian","Gaussian","Gaussian + prop(k=4)",4,0.97,"other",0.0123868152818182,0.0250538048484848,0.0126669895666667,-102.261875054032,0.683454888657333,0.715191872729861,0.0317369840725287,-4.64361066095773
5,2,1,"1","gaussian","Gaussian","Gaussian + prop(k=4)",4,0.98,"tail",0.00668440693181818,0.0143997317171717,0.00771532478535353,-115.422727312248,0.505955109958604,0.547257759165049,0.0413026492064449,-8.16330310604515
5,2,1,"1","gaussian","Gaussian","Gaussian + prop(k=4)",4,0.99,"tail",0.00534898921818182,0.00831778444444444,0.00296879522626263,-55.5019856119985,0.296171968552461,0.353342566737464,0.0571705981850037,-19.3031766187816
5,2,1,"1","gaussian","Gaussian","Gaussian + prop(k=4)",4,0.995,"tail",0.00231204016818182,0.00361539777777778,0.00130335760959596,-56.3726196254158,0.175901457743982,0.235057448512408,0.0591559907684256,-33.6301879058472
5,2,1,"1","gaussian","Gaussian","Gaussian + prop(k=8)",8,0.9,"bulk",0.0403826827545455,0.0622639527777778,0.0218812700232323,-54.1847854839941,1.53530792372345,1.54480157171079,0.00949364798733754,-0.618354653202949
5,2,1,"1","gaussian","Gaussian","Gaussian + prop(k=8)",8,0.91,"bulk",0.0359834789181818,0.0574304998484848,0.021447020930303,-59.6024108148871,1.44019283567686,1.4495390053425,0.00934616966563606,-0.648952656485307
5,2,1,"1","gaussian","Gaussian","Gaussian + prop(k=8)",8,0.92,"bulk",0.0320142176772727,0.0511678186363636,0.0191536009590909,-59.8284210851989,1.33863184126428,1.34923108577435,0.0105992445100713,-0.791796831910168
5,2,1,"1","gaussian","Gaussian","Gaussian + prop(k=8)",8,0.93,"bulk",0.0302001021363636,0.0473397985353535,0.0171396963989899,-56.7537696448787,1.23018086460801,1.24114705826334,0.0109661936553307,-0.891429380087538
5,2,1,"1","gaussian","Gaussian","Gaussian + prop(k=8)",8,0.94,"bulk",0.0251848809227273,0.0399191879292929,0.0147343070065657,-58.5045728497734,1.11424227894343,1.12409904455032,0.00985676560688775,-0.884616011540538
5,2,1,"1","gaussian","Gaussian","Gaussian + prop(k=8)",8,0.95,"bulk",0.0212000405681818,0.0338038121212121,0.0126037715530303,-59.4516388423649,0.984841460267291,0.998140071957928,0.0132986116906368,-1.35033020309965
5,2,1,"1","gaussian","Gaussian","Gaussian + prop(k=8)",8,0.96,"other",0.0178015556545455,0.0286605987373737,0.0108590430828283,-61.0005287939851,0.842693554900063,0.860168358955511,0.0174748040554472,-2.07368431309761
5,2,1,"1","gaussian","Gaussian","Gaussian + prop(k=8)",8,0.97,"other",0.0123868152818182,0.0209849788888889,0.00859816360707071,-69.4138356910142,0.683454888657333,0.70681714579831,0.0233622571409772,-3.41825883883471
5,2,1,"1","gaussian","Gaussian","Gaussian + prop(k=8)",8,0.98,"tail",0.00668440693181818,0.0109472508585859,0.00426284392676768,-63.7729565277703,0.505955109958604,0.531740466874172,0.0257853569155675,-5.09637246626033
5,2,1,"1","gaussian","Gaussian","Gaussian + prop(k=8)",8,0.99,"tail",0.00534898921818182,0.0069071094949495,0.00155812027676768,-29.1292469140048,0.296171968552461,0.327422235124399,0.0312502665719389,-10.5513923970166
5,2,1,"1","gaussian","Gaussian","Gaussian + prop(k=8)",8,0.995,"tail",0.00231204016818182,0.00357396717171717,0.00126192700353535,-54.5806695273694,0.175901457743982,0.203972125739088,0.0280706679951054,-15.9581781499282
5,2,2,"2","skew_t_k1_thresh0","Skew-t, K=1","Skew-t, K=1 + prop(k=4)",4,0.9,"bulk",0.0407006435954545,0.0661840534848485,0.0254834098893939,-62.6118106207046,1.53475740292136,1.53871669778714,0.00395929486577828,-0.257975290312456
5,2,2,"2","skew_t_k1_thresh0","Skew-t, K=1","Skew-t, K=1 + prop(k=4)",4,0.91,"bulk",0.0361316838954545,0.0610729584343434,0.0249412745388889,-69.0288186154163,1.43985152237956,1.44508984977438,0.00523832739482089,-0.363810248029173
5,2,2,"2","skew_t_k1_thresh0","Skew-t, K=1","Skew-t, K=1 + prop(k=4)",4,0.92,"bulk",0.0317916228590909,0.0537458917171717,0.0219542688580808,-69.0567730857531,1.33840852700413,1.34474661223074,0.00633808522661239,-0.473553858835573
5,2,2,"2","skew_t_k1_thresh0","Skew-t, K=1","Skew-t, K=1 + prop(k=4)",4,0.93,"bulk",0.0300603211318182,0.0494946814646465,0.0194343603328283,-64.6512066441547,1.23059035045644,1.23777554998788,0.00718519953143693,-0.583882323534542
5,2,2,"2","skew_t_k1_thresh0","Skew-t, K=1","Skew-t, K=1 + prop(k=4)",4,0.94,"bulk",0.0251741179227273,0.0422289478787879,0.0170548299560606,-67.7474778199218,1.11481411995215,1.1227943507751,0.00798023082294486,-0.715835104715696
5,2,2,"2","skew_t_k1_thresh0","Skew-t, K=1","Skew-t, K=1 + prop(k=4)",4,0.95,"bulk",0.0212688552818182,0.0355888450505051,0.0143199897686869,-67.3284461196574,0.985168866870145,0.99686647884479,0.011697611974645,-1.1873712586765
5,2,2,"2","skew_t_k1_thresh0","Skew-t, K=1","Skew-t, K=1 + prop(k=4)",4,0.96,"other",0.0177831416727273,0.0301800283333333,0.0123968866606061,-69.7114541893251,0.843730214906969,0.859424552443337,0.0156943375363686,-1.86011325173404
5,2,2,"2","skew_t_k1_thresh0","Skew-t, K=1","Skew-t, K=1 + prop(k=4)",4,0.97,"other",0.0122163545590909,0.021957881969697,0.00974152741060606,-79.7416885985584,0.682686728236895,0.705516514376508,0.0228297861396128,-3.34410868050313
5,2,2,"2","skew_t_k1_thresh0","Skew-t, K=1","Skew-t, K=1 + prop(k=4)",4,0.98,"tail",0.00657722472272727,0.0111201594949495,0.00454293477222222,-69.0706941565238,0.504168179614288,0.52827474397923,0.024106564364942,-4.78145296345053
5,2,2,"2","skew_t_k1_thresh0","Skew-t, K=1","Skew-t, K=1 + prop(k=4)",4,0.99,"tail",0.00484691461818182,0.00647741368686869,0.00163049906868687,-33.6399379219621,0.29420682116057,0.314888794701851,0.0206819735412817,-7.02973964359379
5,2,2,"2","skew_t_k1_thresh0","Skew-t, K=1","Skew-t, K=1 + prop(k=4)",4,0.995,"tail",0.00228507789545455,0.00316732196969697,0.000882244074242424,-38.6089277742949,0.17034181343986,0.182995924376509,0.0126541109366493,-7.42865810872499
5,2,2,"2","skew_t_k1_thresh0","Skew-t, K=1","Skew-t, K=1 + prop(k=8)",8,0.9,"bulk",0.0407006435954545,0.0549986082828283,0.0142979646873737,-35.1295788574963,1.53475740292136,1.54108447924357,0.00632707632221208,-0.4122525364705
5,2,2,"2","skew_t_k1_thresh0","Skew-t, K=1","Skew-t, K=1 + prop(k=8)",8,0.91,"bulk",0.0361316838954545,0.0498621778787879,0.0137304939833333,-38.0012568001589,1.43985152237956,1.44747377604801,0.00762225366845226,-0.52937775527406
5,2,2,"2","skew_t_k1_thresh0","Skew-t, K=1","Skew-t, K=1 + prop(k=8)",8,0.92,"bulk",0.0317916228590909,0.045347911010101,0.0135562881510101,-42.641069979646,1.33840852700413,1.34689688586465,0.00848835886052313,-0.634212849758462
5,2,2,"2","skew_t_k1_thresh0","Skew-t, K=1","Skew-t, K=1 + prop(k=8)",8,0.93,"bulk",0.0300603211318182,0.0425286623737374,0.0124683412419192,-41.4777380030107,1.23059035045644,1.24007181873212,0.00948146827568142,-0.770481279344067
5,2,2,"2","skew_t_k1_thresh0","Skew-t, K=1","Skew-t, K=1 + prop(k=8)",8,0.94,"bulk",0.0251741179227273,0.0356968134848485,0.0105226955621212,-41.7996594534949,1.11481411995215,1.12427704218335,0.00946292223119838,-0.848834084699656
5,2,2,"2","skew_t_k1_thresh0","Skew-t, K=1","Skew-t, K=1 + prop(k=8)",8,0.95,"bulk",0.0212688552818182,0.0305607393434343,0.00929188406161616,-43.6877487692503,0.985168866870145,0.996823324181693,0.0116544573115485,-1.18299082558043
5,2,2,"2","skew_t_k1_thresh0","Skew-t, K=1","Skew-t, K=1 + prop(k=8)",8,0.96,"other",0.0177831416727273,0.0257508369191919,0.00796769524646465,-44.8047673077032,0.843730214906969,0.857930035692841,0.0141998207858723,-1.68298118699448
5,2,2,"2","skew_t_k1_thresh0","Skew-t, K=1","Skew-t, K=1 + prop(k=8)",8,0.97,"other",0.0122163545590909,0.0185649332828283,0.00634857872373737,-51.9678656429714,0.682686728236895,0.700244995693467,0.0175582674565725,-2.57193625279906
5,2,2,"2","skew_t_k1_thresh0","Skew-t, K=1","Skew-t, K=1 + prop(k=8)",8,0.98,"tail",0.00657722472272727,0.00874271388888889,0.00216548916616162,-32.9240562311772,0.504168179614288,0.515802120948443,0.0116339413341551,-2.30755168702943
5,2,2,"2","skew_t_k1_thresh0","Skew-t, K=1","Skew-t, K=1 + prop(k=8)",8,0.99,"tail",0.00484691461818182,0.00492884,8.19253818181822e-05,-1.69025840708773,0.29420682116057,0.300800082217265,0.006593261056695,-2.24102929724277
5,2,2,"2","skew_t_k1_thresh0","Skew-t, K=1","Skew-t, K=1 + prop(k=8)",8,0.995,"tail",0.00228507789545455,0.00315671813131313,0.000871640235858586,-38.1448806446574,0.17034181343986,0.179523693495808,0.00918188005594797,-5.39026787993524
5,2,3,"3","t_k1_thresh_q80","t, K=1, q(0.80)","t, K=1, q(0.80) + prop(k=4)",4,0.9,"bulk",0.0382787059636364,0.0609363476262626,0.0226576416626263,-59.1912424734273,1.53110356680743,1.53600368901447,0.00490012220703528,-0.320038586106408
5,2,3,"3","t_k1_thresh_q80","t, K=1, q(0.80)","t, K=1, q(0.80) + prop(k=4)",4,0.91,"bulk",0.0336143650818182,0.0558669081313131,0.0222525430494949,-66.1995042754243,1.43681518249726,1.44224148575768,0.00542630326042337,-0.377661882093435
5,2,3,"3","t_k1_thresh_q80","t, K=1, q(0.80)","t, K=1, q(0.80) + prop(k=4)",4,0.92,"bulk",0.0297432912818182,0.0490434965151515,0.0193002052333333,-64.8892721738948,1.33573024439144,1.34240157550228,0.00667133111083751,-0.499451976838105
5,2,3,"3","t_k1_thresh_q80","t, K=1, q(0.80)","t, K=1, q(0.80) + prop(k=4)",4,0.93,"bulk",0.0279930653545455,0.0458134984848485,0.017820433130303,-63.660170490794,1.22872646671032,1.23484036338192,0.00611389667160123,-0.497579960816668
5,2,3,"3","t_k1_thresh_q80","t, K=1, q(0.80)","t, K=1, q(0.80) + prop(k=4)",4,0.94,"bulk",0.0235777558772727,0.0389499815656566,0.0153722256883838,-65.1980017453721,1.11288921631675,1.11832275163159,0.00543353531483759,-0.488236855490484
5,2,3,"3","t_k1_thresh_q80","t, K=1, q(0.80)","t, K=1, q(0.80) + prop(k=4)",4,0.95,"bulk",0.0198708342954545,0.0331459421717172,0.0132751078762626,-66.8069980297672,0.98472749298154,0.993202057243634,0.00847456426209392,-0.860599944908087
5,2,3,"3","t_k1_thresh_q80","t, K=1, q(0.80)","t, K=1, q(0.80) + prop(k=4)",4,0.96,"other",0.0165637202136364,0.0278506835353535,0.0112869633217172,-68.1426827798322,0.843242653433579,0.853869707110213,0.0106270536766341,-1.2602604521204
5,2,3,"3","t_k1_thresh_q80","t, K=1, q(0.80)","t, K=1, q(0.80) + prop(k=4)",4,0.97,"other",0.0114595193681818,0.0198748286363636,0.00841530926818182,-73.4350979112399,0.682662504690639,0.695216682825634,0.0125541781349955,-1.83900214948595
5,2,3,"3","t_k1_thresh_q80","t, K=1, q(0.80)","t, K=1, q(0.80) + prop(k=4)",4,0.98,"tail",0.00661879675909091,0.00953978585858586,0.00292098909949495,-44.1317237227896,0.501519972170719,0.514173952427457,0.0126539802567377,-2.5231258890783
5,2,3,"3","t_k1_thresh_q80","t, K=1, q(0.80)","t, K=1, q(0.80) + prop(k=4)",4,0.99,"tail",0.00472603804545455,0.00518605414141414,0.000460016095959596,-9.7336519836533,0.292097939720239,0.303349370896058,0.0112514311758183,-3.85193787624606
5,2,3,"3","t_k1_thresh_q80","t, K=1, q(0.80)","t, K=1, q(0.80) + prop(k=4)",4,0.995,"tail",0.00237330091363636,0.00282913808080808,0.000455837167171717,-19.2068845780405,0.171493295990888,0.183416178444582,0.0119228824536944,-6.9523898207239
5,2,3,"3","t_k1_thresh_q80","t, K=1, q(0.80)","t, K=1, q(0.80) + prop(k=8)",8,0.9,"bulk",0.0382787059636364,0.052377372979798,0.0140986670161616,-36.8316186799913,1.53110356680743,1.54132447270902,0.0102209059015932,-0.667551570198823
5,2,3,"3","t_k1_thresh_q80","t, K=1, q(0.80)","t, K=1, q(0.80) + prop(k=8)",8,0.91,"bulk",0.0336143650818182,0.0473229523737374,0.0137085872919192,-40.7819313515283,1.43681518249726,1.44716571001441,0.0103505275171496,-0.720379882063876
5,2,3,"3","t_k1_thresh_q80","t, K=1, q(0.80)","t, K=1, q(0.80) + prop(k=8)",8,0.92,"bulk",0.0297432912818182,0.0424665502525253,0.0127232589707071,-42.7769033700877,1.33573024439144,1.34594289084084,0.0102126464493959,-0.764574021759069
5,2,3,"3","t_k1_thresh_q80","t, K=1, q(0.80)","t, K=1, q(0.80) + prop(k=8)",8,0.93,"bulk",0.0279930653545455,0.0396723197474747,0.0116792543929293,-41.7219559380368,1.22872646671032,1.23938627350614,0.010659806795823,-0.867549213321874
5,2,3,"3","t_k1_thresh_q80","t, K=1, q(0.80)","t, K=1, q(0.80) + prop(k=8)",8,0.94,"bulk",0.0235777558772727,0.0335254248484848,0.00994766897121212,-42.190906645195,1.11288921631675,1.12317505149022,0.0102858351734723,-0.924246099491786
5,2,3,"3","t_k1_thresh_q80","t, K=1, q(0.80)","t, K=1, q(0.80) + prop(k=8)",8,0.95,"bulk",0.0198708342954545,0.0288584102020202,0.00898757590656566,-45.2299876941834,0.98472749298154,0.994959394310127,0.0102319013285871,-1.03905917134568
5,2,3,"3","t_k1_thresh_q80","t, K=1, q(0.80)","t, K=1, q(0.80) + prop(k=8)",8,0.96,"other",0.0165637202136364,0.0244190174242424,0.00785529721060606,-47.4247156392986,0.843242653433579,0.851238550399477,0.00799589696589853,-0.948232034200386
5,2,3,"3","t_k1_thresh_q80","t, K=1, q(0.80)","t, K=1, q(0.80) + prop(k=8)",8,0.97,"other",0.0114595193681818,0.0177169563131313,0.00625743694494949,-54.6047067412244,0.682662504690639,0.68836964021916,0.0057071355285212,-0.836011277799342
5,2,3,"3","t_k1_thresh_q80","t, K=1, q(0.80)","t, K=1, q(0.80) + prop(k=8)",8,0.98,"tail",0.00661879675909091,0.00864022262626263,0.00202142586717172,-30.5406849726167,0.501519972170719,0.508540296001792,0.00702032383107254,-1.39980942347851
5,2,3,"3","t_k1_thresh_q80","t, K=1, q(0.80)","t, K=1, q(0.80) + prop(k=8)",8,0.99,"tail",0.00472603804545455,0.00487067691919192,0.000144638873737373,-3.060467824132,0.292097939720239,0.301396526090208,0.00929858636996844,-3.18337964960461
5,2,3,"3","t_k1_thresh_q80","t, K=1, q(0.80)","t, K=1, q(0.80) + prop(k=8)",8,0.995,"tail",0.00237330091363636,0.00294668914141414,0.000573388227777778,-24.1599463634485,0.171493295990888,0.179589879793638,0.00809658380275066,-4.72122467293466
5,2,4,"4","skew_t_k5_thresh0","Skew-t, K=5","Skew-t, K=5 + prop(k=4)",4,0.9,"bulk",0.0376443495227273,0.0460579005555556,0.00841355103282829,-22.3501033740767,1.53192298822338,1.53634607778556,0.0044230895621824,-0.288727931898979
5,2,4,"4","skew_t_k5_thresh0","Skew-t, K=5","Skew-t, K=5 + prop(k=4)",4,0.91,"bulk",0.0328157065409091,0.0405560797979798,0.00774037325707071,-23.5874039384808,1.43605676756938,1.44163180109073,0.00557503352135291,-0.388218185189783
5,2,4,"4","skew_t_k5_thresh0","Skew-t, K=5","Skew-t, K=5 + prop(k=4)",4,0.92,"bulk",0.0288439188090909,0.0357082609090909,0.0068643421,-23.7982298640937,1.33525478408167,1.34083335710489,0.0055785730232194,-0.417790903258671
5,2,4,"4","skew_t_k5_thresh0","Skew-t, K=5","Skew-t, K=5 + prop(k=4)",4,0.93,"bulk",0.0266417660727273,0.0330314688888889,0.00638970281616161,-23.9837809502526,1.22792399934591,1.23399432241398,0.00607032306806876,-0.494356578363343
5,2,4,"4","skew_t_k5_thresh0","Skew-t, K=5","Skew-t, K=5 + prop(k=4)",4,0.94,"bulk",0.0226629737272727,0.028177148030303,0.0055141743030303,-24.3312037042805,1.11141191956711,1.11878518633214,0.00737326676503725,-0.663414404256986
5,2,4,"4","skew_t_k5_thresh0","Skew-t, K=5","Skew-t, K=5 + prop(k=4)",4,0.95,"bulk",0.0185541156272727,0.0234539479292929,0.0048998323020202,-26.408331178113,0.984554961111179,0.991642556826221,0.00708759571504258,-0.719878117016794
5,2,4,"4","skew_t_k5_thresh0","Skew-t, K=5","Skew-t, K=5 + prop(k=4)",4,0.96,"other",0.0155845829090909,0.0191664951010101,0.00358191219191919,-22.9836897965987,0.844083632158952,0.850964550655348,0.00688091849639549,-0.815193925606145
5,2,4,"4","skew_t_k5_thresh0","Skew-t, K=5","Skew-t, K=5 + prop(k=4)",4,0.97,"other",0.0108420264,0.0142654616161616,0.00342343521616162,-31.5756030271391,0.684612515029158,0.689523364668207,0.00491084963904964,-0.717318122476988
5,2,4,"4","skew_t_k5_thresh0","Skew-t, K=5","Skew-t, K=5 + prop(k=4)",4,0.98,"tail",0.00603440195454545,0.00669353575757576,0.000659133803030304,-10.9229349982861,0.501535046592273,0.502826433376003,0.0012913867837302,-0.25748684812849
5,2,4,"4","skew_t_k5_thresh0","Skew-t, K=5","Skew-t, K=5 + prop(k=4)",4,0.99,"tail",0.0036415165,0.00388212601010101,0.00024060951010101,-6.60739859618953,0.281094054363055,0.288753430614365,0.0076593762513103,-2.72484463204534
5,2,4,"4","skew_t_k5_thresh0","Skew-t, K=5","Skew-t, K=5 + prop(k=4)",4,0.995,"tail",0.00148907159090909,0.00207235707070707,0.00058328547979798,-39.1710837382828,0.157127252428809,0.159149882741957,0.00202263031314831,-1.2872562091447
5,2,4,"4","skew_t_k5_thresh0","Skew-t, K=5","Skew-t, K=5 + prop(k=8)",8,0.9,"bulk",0.0376443495227273,0.045586246969697,0.0079418974469697,-21.0971833692461,1.53192298822338,1.53590743845103,0.00398445022764737,-0.260094682192103
5,2,4,"4","skew_t_k5_thresh0","Skew-t, K=5","Skew-t, K=5 + prop(k=8)",8,0.91,"bulk",0.0328157065409091,0.0399419374747475,0.00712623093383839,-21.7159149840477,1.43605676756938,1.44193961285273,0.00588284528335348,-0.409652697317152
5,2,4,"4","skew_t_k5_thresh0","Skew-t, K=5","Skew-t, K=5 + prop(k=8)",8,0.92,"bulk",0.0288439188090909,0.0349327186868687,0.00608879987777778,-21.1094751655546,1.33525478408167,1.34194636671463,0.00669158263296832,-0.50114650123276
5,2,4,"4","skew_t_k5_thresh0","Skew-t, K=5","Skew-t, K=5 + prop(k=8)",8,0.93,"bulk",0.0266417660727273,0.0327789615151515,0.00613719544242424,-23.0359932808913,1.22792399934591,1.2360097586524,0.00808575930648647,-0.658490208742039
5,2,4,"4","skew_t_k5_thresh0","Skew-t, K=5","Skew-t, K=5 + prop(k=8)",8,0.94,"bulk",0.0226629737272727,0.0283125199494949,0.00564954622222222,-24.9285300782198,1.11141191956711,1.12117750842699,0.00976558885988643,-0.878665118481915
5,2,4,"4","skew_t_k5_thresh0","Skew-t, K=5","Skew-t, K=5 + prop(k=8)",8,0.95,"bulk",0.0185541156272727,0.0243518066666667,0.00579769103939394,-31.2474663619747,0.984554961111179,0.995773655512542,0.0112186944013634,-1.13946857661474
5,2,4,"4","skew_t_k5_thresh0","Skew-t, K=5","Skew-t, K=5 + prop(k=8)",8,0.96,"other",0.0155845829090909,0.0208464766161616,0.00526189370707071,-33.7634554467371,0.844083632158952,0.858174113341992,0.0140904811830398,-1.66932287823185
5,2,4,"4","skew_t_k5_thresh0","Skew-t, K=5","Skew-t, K=5 + prop(k=8)",8,0.97,"other",0.0108420264,0.0152598364141414,0.00441781001414141,-40.7470877781797,0.684612515029158,0.701399530323319,0.0167870152941618,-2.45204621967024
5,2,4,"4","skew_t_k5_thresh0","Skew-t, K=5","Skew-t, K=5 + prop(k=8)",8,0.98,"tail",0.00603440195454545,0.00808553141414141,0.00205112945959596,-33.9906004778308,0.501535046592273,0.516117209823208,0.0145821632309343,-2.9075063308166
5,2,4,"4","skew_t_k5_thresh0","Skew-t, K=5","Skew-t, K=5 + prop(k=8)",8,0.99,"tail",0.0036415165,0.00403782398989899,0.000396307489898991,-10.883034304499,0.281094054363055,0.288438665574796,0.00734461121174174,-2.61286608440874
5,2,4,"4","skew_t_k5_thresh0","Skew-t, K=5","Skew-t, K=5 + prop(k=8)",8,0.995,"tail",0.00148907159090909,0.00217009858585859,0.000681026994949495,-45.7350069068017,0.157127252428809,0.160669475436284,0.003542223007475,-2.2543657785144
5,2,5,"5","t_k5_thresh_q80","t, K=5, q(0.80)","t, K=5, q(0.80) + prop(k=4)",4,0.9,"bulk",0.0369849896227273,0.0486000628282828,0.0116150732055556,-31.4048302406934,1.53089559559696,1.54109347874165,0.0101978831446867,-0.666138381612506
5,2,5,"5","t_k5_thresh_q80","t, K=5, q(0.80)","t, K=5, q(0.80) + prop(k=4)",4,0.91,"bulk",0.0324569290681818,0.043597935050505,0.0111410059823232,-34.3255086114878,1.43572728676219,1.44738437785266,0.0116570910904703,-0.811929340477958
5,2,5,"5","t_k5_thresh_q80","t, K=5, q(0.80)","t, K=5, q(0.80) + prop(k=4)",4,0.92,"bulk",0.0282793823409091,0.037150942979798,0.00887156063888889,-31.3711259034652,1.33449743073302,1.34661696118325,0.012119530450226,-0.908171883371021
5,2,5,"5","t_k5_thresh_q80","t, K=5, q(0.80)","t, K=5, q(0.80) + prop(k=4)",4,0.93,"bulk",0.0264194168363636,0.0358565335353535,0.0094371166989899,-35.7203823136651,1.22667612682162,1.23834976416717,0.0116736373455506,-0.951647879199997
5,2,5,"5","t_k5_thresh_q80","t, K=5, q(0.80)","t, K=5, q(0.80) + prop(k=4)",4,0.94,"bulk",0.0222005879090909,0.0308265175757576,0.00862592966666667,-38.8545100786923,1.11159040328884,1.12316157081016,0.0115711675213255,-1.04095604703766
5,2,5,"5","t_k5_thresh_q80","t, K=5, q(0.80)","t, K=5, q(0.80) + prop(k=4)",4,0.95,"bulk",0.0179161612409091,0.0266330527777778,0.00871689153686869,-48.6537903943668,0.982665643555205,0.995909793564204,0.0132441500089996,-1.34777786278182
5,2,5,"5","t_k5_thresh_q80","t, K=5, q(0.80)","t, K=5, q(0.80) + prop(k=4)",4,0.96,"other",0.0148042881681818,0.0222440650505051,0.00743977688232323,-50.2542020109633,0.84213343390387,0.855922899599824,0.0137894656959542,-1.63744427436285
5,2,5,"5","t_k5_thresh_q80","t, K=5, q(0.80)","t, K=5, q(0.80) + prop(k=4)",4,0.97,"other",0.0104082567363636,0.0159935336363636,0.0055852769,-53.6619824190784,0.682435676942471,0.694625673201918,0.0121899962594471,-1.78624838520491
5,2,5,"5","t_k5_thresh_q80","t, K=5, q(0.80)","t, K=5, q(0.80) + prop(k=4)",4,0.98,"tail",0.00607393970909091,0.00794147646464646,0.00186753675555556,-30.746712101215,0.49902053126244,0.510016337480441,0.0109958062180002,-2.20347771867874
5,2,5,"5","t_k5_thresh_q80","t, K=5, q(0.80)","t, K=5, q(0.80) + prop(k=4)",4,0.99,"tail",0.00406967255909091,0.00474004141414141,0.000670368855050505,-16.4723044745461,0.286333197234225,0.294811879111436,0.00847868187721112,-2.96112429823337
5,2,5,"5","t_k5_thresh_q80","t, K=5, q(0.80)","t, K=5, q(0.80) + prop(k=4)",4,0.995,"tail",0.0018559084,0.00242602580808081,0.000570117408080808,-30.7190488539633,0.16294475692789,0.169425279554006,0.00648052262611559,-3.97712865899913
5,2,5,"5","t_k5_thresh_q80","t, K=5, q(0.80)","t, K=5, q(0.80) + prop(k=8)",8,0.9,"bulk",0.0369849896227273,0.0570806397979798,0.0200956501752525,-54.3346108252083,1.53089559559696,1.56892417301655,0.0380285774195919,-2.48407386688985
5,2,5,"5","t_k5_thresh_q80","t, K=5, q(0.80)","t, K=5, q(0.80) + prop(k=8)",8,0.91,"bulk",0.0324569290681818,0.0509678284848485,0.0185108994166667,-57.0321960459693,1.43572728676219,1.46728541546072,0.0315581286985349,-2.19805871139386
5,2,5,"5","t_k5_thresh_q80","t, K=5, q(0.80)","t, K=5, q(0.80) + prop(k=8)",8,0.92,"bulk",0.0282793823409091,0.0441353261616162,0.0158559438207071,-56.0689184422878,1.33449743073302,1.36307768987605,0.0285802591430266,-2.14164961916247
5,2,5,"5","t_k5_thresh_q80","t, K=5, q(0.80)","t, K=5, q(0.80) + prop(k=8)",8,0.93,"bulk",0.0264194168363636,0.0413528296969697,0.0149334128606061,-56.5243848988057,1.22667612682162,1.25283746166194,0.0261613348403216,-2.13270106658935
5,2,5,"5","t_k5_thresh_q80","t, K=5, q(0.80)","t, K=5, q(0.80) + prop(k=8)",8,0.94,"bulk",0.0222005879090909,0.0349683873737374,0.0127677994646465,-57.5110871699852,1.11159040328884,1.1322942268162,0.0207038235273609,-1.86254068639896
5,2,5,"5","t_k5_thresh_q80","t, K=5, q(0.80)","t, K=5, q(0.80) + prop(k=8)",8,0.95,"bulk",0.0179161612409091,0.0300392358585859,0.0121230746176768,-67.6655811178758,0.982665643555205,1.00363444456484,0.0209688010096355,-2.13386935293393
5,2,5,"5","t_k5_thresh_q80","t, K=5, q(0.80)","t, K=5, q(0.80) + prop(k=8)",8,0.96,"other",0.0148042881681818,0.0255015268181818,0.01069723865,-72.2577035010105,0.84213343390387,0.865476386766168,0.0233429528622983,-2.77188292526133
5,2,5,"5","t_k5_thresh_q80","t, K=5, q(0.80)","t, K=5, q(0.80) + prop(k=8)",8,0.97,"other",0.0104082567363636,0.019029792020202,0.00862153528383838,-82.8336147177949,0.682435676942471,0.718278935664209,0.0358432587217375,-5.25225452489922
5,2,5,"5","t_k5_thresh_q80","t, K=5, q(0.80)","t, K=5, q(0.80) + prop(k=8)",8,0.98,"tail",0.00607393970909091,0.0109727539393939,0.00489881423030303,-80.6529940192021,0.49902053126244,0.552834177379446,0.053813646117006,-10.7838541193618
5,2,5,"5","t_k5_thresh_q80","t, K=5, q(0.80)","t, K=5, q(0.80) + prop(k=8)",8,0.99,"tail",0.00406967255909091,0.00665854621212121,0.0025888736530303,-63.6138071414918,0.286333197234225,0.370271565797694,0.0839383685634687,-29.3149272855029
5,2,5,"5","t_k5_thresh_q80","t, K=5, q(0.80)","t, K=5, q(0.80) + prop(k=8)",8,0.995,"tail",0.0018559084,0.00424166878787879,0.00238576038787879,-128.549468706472,0.16294475692789,0.243688291367807,0.0807435344399166,-49.5527048321346
5,3,1,"1","gaussian","Gaussian","Gaussian + prop(k=4)",4,0.9,"bulk",0.0274149546409091,0.0623370929545455,0.0349221383136364,-127.383534902972,1.78227494304819,1.79192266352675,0.00964772047856188,-0.541314936631582
5,3,1,"1","gaussian","Gaussian","Gaussian + prop(k=4)",4,0.91,"bulk",0.0246905071363636,0.0578350592045455,0.0331445520681818,-134.240061919859,1.6655077178694,1.68230769364556,0.0167999757761599,-1.00869996553671
5,3,1,"1","gaussian","Gaussian","Gaussian + prop(k=4)",4,0.92,"bulk",0.0230556100363636,0.0526796478409091,0.0296240378045455,-128.489498902098,1.53864489027388,1.56454668583301,0.0259017955591265,-1.68341608403976
5,3,1,"1","gaussian","Gaussian","Gaussian + prop(k=4)",4,0.93,"bulk",0.0207226494090909,0.0474877710227273,0.0267651216136364,-129.15878218687,1.40314226368755,1.43779074362838,0.0346484799408335,-2.46934903448601
5,3,1,"1","gaussian","Gaussian","Gaussian + prop(k=4)",4,0.94,"bulk",0.0183368914272727,0.0418844543181818,0.0235475628909091,-128.416329366964,1.25308428057008,1.30028271827078,0.0471984377006993,-3.76658126133597
5,3,1,"1","gaussian","Gaussian","Gaussian + prop(k=4)",4,0.95,"bulk",0.0183358055954545,0.0392335638636364,0.0208977582681818,-113.972403117987,1.08943177308528,1.14901689221934,0.0595851191340597,-5.46937592661855
5,3,1,"1","gaussian","Gaussian","Gaussian + prop(k=4)",4,0.96,"other",0.0138954465227273,0.0316910831818182,0.0177956366590909,-128.068116630758,0.912632669921088,0.982558207621375,0.0699255377002871,-7.66195863954041
5,3,1,"1","gaussian","Gaussian","Gaussian + prop(k=4)",4,0.97,"other",0.00991894625,0.024893525,0.01497457875,-150.969451518099,0.72972242935079,0.79915611918664,0.0694336898358503,-9.51508231665884
5,3,1,"1","gaussian","Gaussian","Gaussian + prop(k=4)",4,0.98,"tail",0.00685917866818182,0.0199189326136364,0.0130597539454545,-190.398217880456,0.523279349290569,0.590535561525644,0.0672562122350754,-12.8528313464419
5,3,1,"1","gaussian","Gaussian","Gaussian + prop(k=4)",4,0.99,"tail",0.0067993528,0.00990324863636364,0.00310389583636364,-45.6498717990282,0.283528051920763,0.345431118343164,0.0619030664224008,-21.8331364403057
5,3,1,"1","gaussian","Gaussian","Gaussian + prop(k=4)",4,0.995,"tail",0.00507254712272727,0.00675381431818182,0.00168126719545455,-33.1444371984583,0.151829732387496,0.196769595304382,0.0449398629168852,-29.5988553824166
5,3,2,"2","skew_t_k1_thresh0","Skew-t, K=1","Skew-t, K=1 + prop(k=4)",4,0.9,"bulk",0.0268815866318182,0.0505012815909091,0.0236196949590909,-87.8657025814601,1.78246341679871,1.79441976205001,0.0119563452513005,-0.670776473649823
5,3,2,"2","skew_t_k1_thresh0","Skew-t, K=1","Skew-t, K=1 + prop(k=4)",4,0.91,"bulk",0.0246489803454545,0.0477855230681818,0.0231365427227273,-93.8640966014394,1.66518979214627,1.68301744756591,0.0178276554196426,-1.07060801739989
5,3,2,"2","skew_t_k1_thresh0","Skew-t, K=1","Skew-t, K=1 + prop(k=4)",4,0.92,"bulk",0.0227463116409091,0.0431437763636364,0.0203974647227273,-89.6737240073796,1.53764244867451,1.56213730928031,0.0244948606058029,-1.59301407338996
5,3,2,"2","skew_t_k1_thresh0","Skew-t, K=1","Skew-t, K=1 + prop(k=4)",4,0.93,"bulk",0.0204811038272727,0.0377603019318182,0.0172791981045455,-84.3665373227414,1.40199994079365,1.4312592685301,0.0292593277364519,-2.08697068274401
5,3,2,"2","skew_t_k1_thresh0","Skew-t, K=1","Skew-t, K=1 + prop(k=4)",4,0.94,"bulk",0.0181146244909091,0.0320059227272727,0.0138912982363636,-76.6855434587399,1.25216076832127,1.28447581866719,0.0323150503459226,-2.58074291764038
5,3,2,"2","skew_t_k1_thresh0","Skew-t, K=1","Skew-t, K=1 + prop(k=4)",4,0.95,"bulk",0.0180302704363636,0.0305277434090909,0.0124974729727273,-69.3138409478442,1.08855672648003,1.12285290299594,0.0342961765159064,-3.15060994816567
5,3,2,"2","skew_t_k1_thresh0","Skew-t, K=1","Skew-t, K=1 + prop(k=4)",4,0.96,"other",0.0138569417863636,0.0245214944318182,0.0106645526454545,-76.9618059300021,0.912014759724083,0.946121840043843,0.0341070803197602,-3.7397509147855
5,3,2,"2","skew_t_k1_thresh0","Skew-t, K=1","Skew-t, K=1 + prop(k=4)",4,0.97,"other",0.0100893738272727,0.0189632271590909,0.00887385333181818,-87.9524684458727,0.729071482291673,0.7520812246253,0.0230097423336271,-3.15603378989686
5,3,2,"2","skew_t_k1_thresh0","Skew-t, K=1","Skew-t, K=1 + prop(k=4)",4,0.98,"tail",0.00735245768636364,0.0154449253409091,0.00809246765454546,-110.064797374547,0.520742761676911,0.533412838107763,0.0126700764308517,-2.43307778106241
5,3,2,"2","skew_t_k1_thresh0","Skew-t, K=1","Skew-t, K=1 + prop(k=4)",4,0.99,"tail",0.00652842333181818,0.00790094659090909,0.00137252325909091,-21.0238091087249,0.281086860636073,0.281538278880252,0.000451418244179158,-0.160597419302219
5,3,2,"2","skew_t_k1_thresh0","Skew-t, K=1","Skew-t, K=1 + prop(k=4)",4,0.995,"tail",0.00479250549090909,0.00561370465909091,0.000821199168181818,-17.1350699491018,0.1496296066684,0.147820061513281,-0.00180954515511936,1.20934967043625
5,3,3,"3","t_k1_thresh_q80","t, K=1, q(0.80)","t, K=1, q(0.80) + prop(k=4)",4,0.9,"bulk",0.0248705456090909,0.0461726470454545,0.0213021014363636,-85.6519264642795,1.77948216367594,1.78957191373344,0.0100897500574988,-0.567004843513354
5,3,3,"3","t_k1_thresh_q80","t, K=1, q(0.80)","t, K=1, q(0.80) + prop(k=4)",4,0.91,"bulk",0.0233213532909091,0.0426701698863636,0.0193488165954545,-82.9660970103177,1.6624165182481,1.67837853889849,0.0159620206503912,-0.960169757409079
5,3,3,"3","t_k1_thresh_q80","t, K=1, q(0.80)","t, K=1, q(0.80) + prop(k=4)",4,0.92,"bulk",0.0217114942545455,0.0385791727272727,0.0168676784727273,-77.6900856061342,1.53539695104395,1.55676056043307,0.0213636093891192,-1.39140626628141
5,3,3,"3","t_k1_thresh_q80","t, K=1, q(0.80)","t, K=1, q(0.80) + prop(k=4)",4,0.93,"bulk",0.0195129596227273,0.0338909693181818,0.0143780096954545,-73.6844126849322,1.39853310845593,1.42289741105291,0.0243643025969777,-1.74213269958818
5,3,3,"3","t_k1_thresh_q80","t, K=1, q(0.80)","t, K=1, q(0.80) + prop(k=4)",4,0.94,"bulk",0.0174747019045455,0.0288064531818182,0.0113317512772727,-64.8466070504193,1.24766118511764,1.27424857419145,0.0265873890738086,-2.13097829690853
5,3,3,"3","t_k1_thresh_q80","t, K=1, q(0.80)","t, K=1, q(0.80) + prop(k=4)",4,0.95,"bulk",0.0173953937681818,0.0272022254545455,0.00980683168636363,-56.3760258437004,1.08552202646668,1.11039201325717,0.024869986790492,-2.2910623814279
5,3,3,"3","t_k1_thresh_q80","t, K=1, q(0.80)","t, K=1, q(0.80) + prop(k=4)",4,0.96,"other",0.0133496789863636,0.0217055401136364,0.00835586112727273,-62.5922251449494,0.911247659985395,0.932727117859397,0.021479457874002,-2.35714820648716
5,3,3,"3","t_k1_thresh_q80","t, K=1, q(0.80)","t, K=1, q(0.80) + prop(k=4)",4,0.97,"other",0.00986467130454546,0.0166064195454545,0.00674174824090909,-68.3423505231504,0.728160305471728,0.740288997839765,0.0121286923680365,-1.66566239286816
5,3,3,"3","t_k1_thresh_q80","t, K=1, q(0.80)","t, K=1, q(0.80) + prop(k=4)",4,0.98,"tail",0.00691232744090909,0.0134672673863636,0.00655493994545455,-94.8297082493601,0.518738981398249,0.521926142769961,0.00318716137171116,-0.614405603974514
5,3,3,"3","t_k1_thresh_q80","t, K=1, q(0.80)","t, K=1, q(0.80) + prop(k=4)",4,0.99,"tail",0.00635527158636364,0.00802188670454545,0.00166661511818182,-26.2241368529055,0.281343386735371,0.280038573277114,-0.00130481345825706,0.463779679841685
5,3,3,"3","t_k1_thresh_q80","t, K=1, q(0.80)","t, K=1, q(0.80) + prop(k=4)",4,0.995,"tail",0.00489739158636364,0.00611367170454545,0.00121628011818182,-24.8352637671132,0.149102621054596,0.153456013430063,0.004353392375467,-2.91972893881789
5,3,4,"4","skew_t_k5_thresh0","Skew-t, K=5","Skew-t, K=5 + prop(k=4)",4,0.9,"bulk",0.0241199543272727,0.0318094407954545,0.00768948646818182,-31.8801866862875,1.77684868404683,1.78516195947719,0.00831327543036253,-0.467866256986431
5,3,4,"4","skew_t_k5_thresh0","Skew-t, K=5","Skew-t, K=5 + prop(k=4)",4,0.91,"bulk",0.0224734299727273,0.0282051602272727,0.00573173025454546,-25.5044746685362,1.65941015899064,1.66641558685611,0.00700542786547054,-0.422163732547696
5,3,4,"4","skew_t_k5_thresh0","Skew-t, K=5","Skew-t, K=5 + prop(k=4)",4,0.92,"bulk",0.0212988812772727,0.0250592155681818,0.00376033429090909,-17.6550788839863,1.53116786239496,1.53687048177855,0.00570261938359495,-0.372435937538244
5,3,4,"4","skew_t_k5_thresh0","Skew-t, K=5","Skew-t, K=5 + prop(k=4)",4,0.93,"bulk",0.0196792335863636,0.0221256620454545,0.00244642845909091,-12.4315230486726,1.39418121152913,1.39849386939473,0.00431265786560076,-0.309332662779945
5,3,4,"4","skew_t_k5_thresh0","Skew-t, K=5","Skew-t, K=5 + prop(k=4)",4,0.94,"bulk",0.0179585581909091,0.01903240875,0.00107385055909091,-5.97960341623923,1.24565731426326,1.25035934025889,0.00470202599563274,-0.377473478603844
5,3,4,"4","skew_t_k5_thresh0","Skew-t, K=5","Skew-t, K=5 + prop(k=4)",4,0.95,"bulk",0.0177534453363636,0.0188814667045455,0.00112802136818182,-6.35381666380744,1.08622625475585,1.08969922478601,0.00347297003016656,-0.319728050667233
5,3,4,"4","skew_t_k5_thresh0","Skew-t, K=5","Skew-t, K=5 + prop(k=4)",4,0.96,"other",0.0133733572272727,0.0159539322727273,0.00258057504545454,-19.2963890936219,0.913148127261899,0.916548662322346,0.00340053506044702,-0.372396871758761
5,3,4,"4","skew_t_k5_thresh0","Skew-t, K=5","Skew-t, K=5 + prop(k=4)",4,0.97,"other",0.00998616073636364,0.0120878255681818,0.00210166483181818,-21.0457741198294,0.725547984889592,0.727632769453908,0.00208478456431571,-0.287339308734068
5,3,4,"4","skew_t_k5_thresh0","Skew-t, K=5","Skew-t, K=5 + prop(k=4)",4,0.98,"tail",0.00658075945454545,0.00868519545454545,0.002104436,-31.9786191021832,0.51811538658846,0.515392248629599,-0.00272313795886059,0.52558523243078
5,3,4,"4","skew_t_k5_thresh0","Skew-t, K=5","Skew-t, K=5 + prop(k=4)",4,0.99,"tail",0.00600994307272727,0.00583353590909091,-0.000176407163636363,2.93525515136553,0.277848491174088,0.274178487478627,-0.00367000369546155,1.32086508008499
5,3,4,"4","skew_t_k5_thresh0","Skew-t, K=5","Skew-t, K=5 + prop(k=4)",4,0.995,"tail",0.00457897878181818,0.00485172727272727,0.000272748490909091,-5.95653537404666,0.143923808866033,0.144744836058281,0.000821027192247969,-0.570459605479311
5,3,5,"5","t_k5_thresh_q80","t, K=5, q(0.80)","t, K=5, q(0.80) + prop(k=4)",4,0.9,"bulk",0.0243891864909091,0.0433034202272727,0.0189142337363636,-77.5517204865107,1.77766437709359,1.79882920481276,0.0211648277191709,-1.19059750489992
5,3,5,"5","t_k5_thresh_q80","t, K=5, q(0.80)","t, K=5, q(0.80) + prop(k=4)",4,0.91,"bulk",0.0224311521090909,0.0398401027272727,0.0174089506181818,-77.6105950042856,1.66078400241936,1.68291706156179,0.0221330591424287,-1.33268740005841
5,3,5,"5","t_k5_thresh_q80","t, K=5, q(0.80)","t, K=5, q(0.80) + prop(k=4)",4,0.92,"bulk",0.0212109997,0.03578742875,0.01457642905,-68.7210846078132,1.5330510276404,1.55237110197494,0.0193200743345374,-1.26023687315052
5,3,5,"5","t_k5_thresh_q80","t, K=5, q(0.80)","t, K=5, q(0.80) + prop(k=4)",4,0.93,"bulk",0.0190588303818182,0.03228748,0.0132286496181818,-69.4095563744654,1.39596499483678,1.40365058081193,0.00768558597514812,-0.550557213366709
5,3,5,"5","t_k5_thresh_q80","t, K=5, q(0.80)","t, K=5, q(0.80) + prop(k=4)",4,0.94,"bulk",0.0171908858045455,0.0271639780681818,0.00997309226363637,-58.013835802454,1.24582633168901,1.258196947044,0.0123706153549847,-0.992964672548976
5,3,5,"5","t_k5_thresh_q80","t, K=5, q(0.80)","t, K=5, q(0.80) + prop(k=4)",4,0.95,"bulk",0.0172205627136364,0.0276361002272727,0.0104155375136364,-60.4831426640238,1.0836857046169,1.1061140155114,0.0224283108944949,-2.06963244037843
5,3,5,"5","t_k5_thresh_q80","t, K=5, q(0.80)","t, K=5, q(0.80) + prop(k=4)",4,0.96,"other",0.01295756235,0.0246472802272727,0.0116897178772727,-90.2154090524035,0.909345522221477,0.942328932442508,0.032983410221031,-3.62715924970461
5,3,5,"5","t_k5_thresh_q80","t, K=5, q(0.80)","t, K=5, q(0.80) + prop(k=4)",4,0.97,"other",0.00949809864090909,0.0190630692045455,0.00956497056363636,-100.704055887978,0.725373223617748,0.75771771835664,0.0323444947388921,-4.45901415792221
5,3,5,"5","t_k5_thresh_q80","t, K=5, q(0.80)","t, K=5, q(0.80) + prop(k=4)",4,0.98,"tail",0.00662310162727273,0.0147528028409091,0.00812970121363637,-122.747644097136,0.516874399254624,0.564907276820744,0.0480328775661196,-9.29294962865002
5,3,5,"5","t_k5_thresh_q80","t, K=5, q(0.80)","t, K=5, q(0.80) + prop(k=4)",4,0.99,"tail",0.00622932518181818,0.0110505919318182,0.00482126675,-77.3962926846724,0.279680155453038,0.325087687043785,0.0454075315907468,-16.2355214359752
5,3,5,"5","t_k5_thresh_q80","t, K=5, q(0.80)","t, K=5, q(0.80) + prop(k=4)",4,0.995,"tail",0.00470140389090909,0.00845523943181818,0.00375383554090909,-79.8449915815088,0.147412595071733,0.166418109265028,0.0190055141932951,-12.8927342904768
