"score","method","prop_k","dataset","quantile","value"
"brier",1,40,1,0.9,0.0900998921363636
"brier",1,40,1,0.91,0.0803116633454545
"brier",1,40,1,0.92,0.0733321718863636
"brier",1,40,1,0.93,0.0671536427545455
"brier",1,40,1,0.94,0.0583927060318182
"brier",1,40,1,0.95,0.0471247442954545
"brier",1,40,1,0.96,0.0380899065227273
"brier",1,40,1,0.97,0.0297100542454545
"brier",1,40,1,0.98,0.02026956015
"brier",1,40,1,0.99,0.0122649847363636
"brier",1,40,1,0.995,0.00590791749545455
"brier",1,40,2,0.9,0.103580093790909
"brier",1,40,2,0.91,0.0952305772818182
"brier",1,40,2,0.92,0.0842154316136364
"brier",1,40,2,0.93,0.0703360578863636
"brier",1,40,2,0.94,0.0581870062318182
"brier",1,40,2,0.95,0.0456142638318182
"brier",1,40,2,0.96,0.0344699001909091
"brier",1,40,2,0.97,0.0277867907409091
"brier",1,40,2,0.98,0.0194170521
"brier",1,40,2,0.99,0.00999990910909091
"brier",1,40,2,0.995,0.00454545454545455
"brier",1,40,3,0.9,0.0880206273181818
"brier",1,40,3,0.91,0.0812530086045455
"brier",1,40,3,0.92,0.0716890588954545
"brier",1,40,3,0.93,0.0635520492636364
"brier",1,40,3,0.94,0.0547391551636364
"brier",1,40,3,0.95,0.0444492559181818
"brier",1,40,3,0.96,0.03900703395
"brier",1,40,3,0.97,0.0281742863181818
"brier",1,40,3,0.98,0.0181187303363636
"brier",1,40,3,0.99,0.00772600225909091
"brier",1,40,3,0.995,0.00318172736818182
"brier",1,40,4,0.9,0.108745328345455
"brier",1,40,4,0.91,0.100433533568182
"brier",1,40,4,0.92,0.0918654530227273
"brier",1,40,4,0.93,0.0793700004318182
"brier",1,40,4,0.94,0.0683402185681818
"brier",1,40,4,0.95,0.0568216784954545
"brier",1,40,4,0.96,0.0434580851
"brier",1,40,4,0.97,0.0295822629045455
"brier",1,40,4,0.98,0.0199328329409091
"brier",1,40,4,0.99,0.0109090909090909
"brier",1,40,4,0.995,0.00590909090909091
"brier",1,40,5,0.9,0.0849843441727273
"brier",1,40,5,0.91,0.0769764836
"brier",1,40,5,0.92,0.07051807
"brier",1,40,5,0.93,0.06506495525
"brier",1,40,5,0.94,0.0580707578363636
"brier",1,40,5,0.95,0.0496923649318182
"brier",1,40,5,0.96,0.0394107247
"brier",1,40,5,0.97,0.0324273353818182
"brier",1,40,5,0.98,0.0223792080772727
"brier",1,40,5,0.99,0.0113072308954545
"brier",1,40,5,0.995,0.00499024971818182
"brier",1,40,6,0.9,0.0864401952181818
"brier",1,40,6,0.91,0.0827673498181818
"brier",1,40,6,0.92,0.0752870958772727
"brier",1,40,6,0.93,0.0675813752545455
"brier",1,40,6,0.94,0.0600806540045455
"brier",1,40,6,0.95,0.0489047165272727
"brier",1,40,6,0.96,0.0400196444090909
"brier",1,40,6,0.97,0.0295179627545455
"brier",1,40,6,0.98,0.0194861554863636
"brier",1,40,6,0.99,0.00884002561818182
"brier",1,40,6,0.995,0.00405954452727273
"brier",1,40,7,0.9,0.0883155742181818
"brier",1,40,7,0.91,0.0798035420863636
"brier",1,40,7,0.92,0.0725928670136364
"brier",1,40,7,0.93,0.0637557194772727
"brier",1,40,7,0.94,0.0577593850772727
"brier",1,40,7,0.95,0.04939736915
"brier",1,40,7,0.96,0.038541001
"brier",1,40,7,0.97,0.0301104766227273
"brier",1,40,7,0.98,0.0205010073318182
"brier",1,40,7,0.99,0.00992077605909091
"brier",1,40,7,0.995,0.00498901934545455
"brier",1,40,8,0.9,0.0861828072090909
"brier",1,40,8,0.91,0.0778916735136364
"brier",1,40,8,0.92,0.0684598709681818
"brier",1,40,8,0.93,0.0610272219454545
"brier",1,40,8,0.94,0.0533043745863636
"brier",1,40,8,0.95,0.0473446803863636
"brier",1,40,8,0.96,0.0362657507227273
"brier",1,40,8,0.97,0.0319857082909091
"brier",1,40,8,0.98,0.0208858907227273
"brier",1,40,8,0.99,0.00999927497272727
"brier",1,40,8,0.995,0.00500000034090909
"brier",1,40,9,0.9,0.0909015367545455
"brier",1,40,9,0.91,0.0811201958909091
"brier",1,40,9,0.92,0.0742533792545454
"brier",1,40,9,0.93,0.0641139114681818
"brier",1,40,9,0.94,0.0542218115409091
"brier",1,40,9,0.95,0.04436163515
"brier",1,40,9,0.96,0.0369834266136364
"brier",1,40,9,0.97,0.0262360294454545
"brier",1,40,9,0.98,0.0163234830136364
"brier",1,40,9,0.99,0.00862816202727273
"brier",1,40,9,0.995,0.0045439817
"brier",1,40,10,0.9,0.0923912724
"brier",1,40,10,0.91,0.0849744418181818
"brier",1,40,10,0.92,0.07712343205
"brier",1,40,10,0.93,0.0710526088681818
"brier",1,40,10,0.94,0.06287378865
"brier",1,40,10,0.95,0.0530795664
"brier",1,40,10,0.96,0.0418623569818182
"brier",1,40,10,0.97,0.0319878935318182
"brier",1,40,10,0.98,0.0210976488863636
"brier",1,40,10,0.99,0.0108439933272727
"brier",1,40,10,0.995,0.00452864641363636
"brier",1,40,11,0.9,NA
"brier",1,40,11,0.91,NA
"brier",1,40,11,0.92,NA
"brier",1,40,11,0.93,NA
"brier",1,40,11,0.94,NA
"brier",1,40,11,0.95,NA
"brier",1,40,11,0.96,NA
"brier",1,40,11,0.97,NA
"brier",1,40,11,0.98,NA
"brier",1,40,11,0.99,NA
"brier",1,40,11,0.995,NA
"brier",1,40,12,0.9,NA
"brier",1,40,12,0.91,NA
"brier",1,40,12,0.92,NA
"brier",1,40,12,0.93,NA
"brier",1,40,12,0.94,NA
"brier",1,40,12,0.95,NA
"brier",1,40,12,0.96,NA
"brier",1,40,12,0.97,NA
"brier",1,40,12,0.98,NA
"brier",1,40,12,0.99,NA
"brier",1,40,12,0.995,NA
"brier",1,40,13,0.9,NA
"brier",1,40,13,0.91,NA
"brier",1,40,13,0.92,NA
"brier",1,40,13,0.93,NA
"brier",1,40,13,0.94,NA
"brier",1,40,13,0.95,NA
"brier",1,40,13,0.96,NA
"brier",1,40,13,0.97,NA
"brier",1,40,13,0.98,NA
"brier",1,40,13,0.99,NA
"brier",1,40,13,0.995,NA
"brier",1,40,14,0.9,NA
"brier",1,40,14,0.91,NA
"brier",1,40,14,0.92,NA
"brier",1,40,14,0.93,NA
"brier",1,40,14,0.94,NA
"brier",1,40,14,0.95,NA
"brier",1,40,14,0.96,NA
"brier",1,40,14,0.97,NA
"brier",1,40,14,0.98,NA
"brier",1,40,14,0.99,NA
"brier",1,40,14,0.995,NA
"brier",1,40,15,0.9,NA
"brier",1,40,15,0.91,NA
"brier",1,40,15,0.92,NA
"brier",1,40,15,0.93,NA
"brier",1,40,15,0.94,NA
"brier",1,40,15,0.95,NA
"brier",1,40,15,0.96,NA
"brier",1,40,15,0.97,NA
"brier",1,40,15,0.98,NA
"brier",1,40,15,0.99,NA
"brier",1,40,15,0.995,NA
"brier",1,40,16,0.9,NA
"brier",1,40,16,0.91,NA
"brier",1,40,16,0.92,NA
"brier",1,40,16,0.93,NA
"brier",1,40,16,0.94,NA
"brier",1,40,16,0.95,NA
"brier",1,40,16,0.96,NA
"brier",1,40,16,0.97,NA
"brier",1,40,16,0.98,NA
"brier",1,40,16,0.99,NA
"brier",1,40,16,0.995,NA
"brier",1,40,17,0.9,NA
"brier",1,40,17,0.91,NA
"brier",1,40,17,0.92,NA
"brier",1,40,17,0.93,NA
"brier",1,40,17,0.94,NA
"brier",1,40,17,0.95,NA
"brier",1,40,17,0.96,NA
"brier",1,40,17,0.97,NA
"brier",1,40,17,0.98,NA
"brier",1,40,17,0.99,NA
"brier",1,40,17,0.995,NA
"brier",1,40,18,0.9,NA
"brier",1,40,18,0.91,NA
"brier",1,40,18,0.92,NA
"brier",1,40,18,0.93,NA
"brier",1,40,18,0.94,NA
"brier",1,40,18,0.95,NA
"brier",1,40,18,0.96,NA
"brier",1,40,18,0.97,NA
"brier",1,40,18,0.98,NA
"brier",1,40,18,0.99,NA
"brier",1,40,18,0.995,NA
"brier",1,40,19,0.9,NA
"brier",1,40,19,0.91,NA
"brier",1,40,19,0.92,NA
"brier",1,40,19,0.93,NA
"brier",1,40,19,0.94,NA
"brier",1,40,19,0.95,NA
"brier",1,40,19,0.96,NA
"brier",1,40,19,0.97,NA
"brier",1,40,19,0.98,NA
"brier",1,40,19,0.99,NA
"brier",1,40,19,0.995,NA
"brier",1,40,20,0.9,NA
"brier",1,40,20,0.91,NA
"brier",1,40,20,0.92,NA
"brier",1,40,20,0.93,NA
"brier",1,40,20,0.94,NA
"brier",1,40,20,0.95,NA
"brier",1,40,20,0.96,NA
"brier",1,40,20,0.97,NA
"brier",1,40,20,0.98,NA
"brier",1,40,20,0.99,NA
"brier",1,40,20,0.995,NA
"brier",1,40,21,0.9,NA
"brier",1,40,21,0.91,NA
"brier",1,40,21,0.92,NA
"brier",1,40,21,0.93,NA
"brier",1,40,21,0.94,NA
"brier",1,40,21,0.95,NA
"brier",1,40,21,0.96,NA
"brier",1,40,21,0.97,NA
"brier",1,40,21,0.98,NA
"brier",1,40,21,0.99,NA
"brier",1,40,21,0.995,NA
"brier",1,40,22,0.9,NA
"brier",1,40,22,0.91,NA
"brier",1,40,22,0.92,NA
"brier",1,40,22,0.93,NA
"brier",1,40,22,0.94,NA
"brier",1,40,22,0.95,NA
"brier",1,40,22,0.96,NA
"brier",1,40,22,0.97,NA
"brier",1,40,22,0.98,NA
"brier",1,40,22,0.99,NA
"brier",1,40,22,0.995,NA
"brier",1,40,23,0.9,NA
"brier",1,40,23,0.91,NA
"brier",1,40,23,0.92,NA
"brier",1,40,23,0.93,NA
"brier",1,40,23,0.94,NA
"brier",1,40,23,0.95,NA
"brier",1,40,23,0.96,NA
"brier",1,40,23,0.97,NA
"brier",1,40,23,0.98,NA
"brier",1,40,23,0.99,NA
"brier",1,40,23,0.995,NA
"brier",1,40,24,0.9,NA
"brier",1,40,24,0.91,NA
"brier",1,40,24,0.92,NA
"brier",1,40,24,0.93,NA
"brier",1,40,24,0.94,NA
"brier",1,40,24,0.95,NA
"brier",1,40,24,0.96,NA
"brier",1,40,24,0.97,NA
"brier",1,40,24,0.98,NA
"brier",1,40,24,0.99,NA
"brier",1,40,24,0.995,NA
"brier",1,40,25,0.9,NA
"brier",1,40,25,0.91,NA
"brier",1,40,25,0.92,NA
"brier",1,40,25,0.93,NA
"brier",1,40,25,0.94,NA
"brier",1,40,25,0.95,NA
"brier",1,40,25,0.96,NA
"brier",1,40,25,0.97,NA
"brier",1,40,25,0.98,NA
"brier",1,40,25,0.99,NA
"brier",1,40,25,0.995,NA
"brier",1,40,26,0.9,NA
"brier",1,40,26,0.91,NA
"brier",1,40,26,0.92,NA
"brier",1,40,26,0.93,NA
"brier",1,40,26,0.94,NA
"brier",1,40,26,0.95,NA
"brier",1,40,26,0.96,NA
"brier",1,40,26,0.97,NA
"brier",1,40,26,0.98,NA
"brier",1,40,26,0.99,NA
"brier",1,40,26,0.995,NA
"brier",1,40,27,0.9,NA
"brier",1,40,27,0.91,NA
"brier",1,40,27,0.92,NA
"brier",1,40,27,0.93,NA
"brier",1,40,27,0.94,NA
"brier",1,40,27,0.95,NA
"brier",1,40,27,0.96,NA
"brier",1,40,27,0.97,NA
"brier",1,40,27,0.98,NA
"brier",1,40,27,0.99,NA
"brier",1,40,27,0.995,NA
"brier",1,40,28,0.9,NA
"brier",1,40,28,0.91,NA
"brier",1,40,28,0.92,NA
"brier",1,40,28,0.93,NA
"brier",1,40,28,0.94,NA
"brier",1,40,28,0.95,NA
"brier",1,40,28,0.96,NA
"brier",1,40,28,0.97,NA
"brier",1,40,28,0.98,NA
"brier",1,40,28,0.99,NA
"brier",1,40,28,0.995,NA
"brier",1,40,29,0.9,NA
"brier",1,40,29,0.91,NA
"brier",1,40,29,0.92,NA
"brier",1,40,29,0.93,NA
"brier",1,40,29,0.94,NA
"brier",1,40,29,0.95,NA
"brier",1,40,29,0.96,NA
"brier",1,40,29,0.97,NA
"brier",1,40,29,0.98,NA
"brier",1,40,29,0.99,NA
"brier",1,40,29,0.995,NA
"brier",1,40,30,0.9,NA
"brier",1,40,30,0.91,NA
"brier",1,40,30,0.92,NA
"brier",1,40,30,0.93,NA
"brier",1,40,30,0.94,NA
"brier",1,40,30,0.95,NA
"brier",1,40,30,0.96,NA
"brier",1,40,30,0.97,NA
"brier",1,40,30,0.98,NA
"brier",1,40,30,0.99,NA
"brier",1,40,30,0.995,NA
"brier",1,40,31,0.9,NA
"brier",1,40,31,0.91,NA
"brier",1,40,31,0.92,NA
"brier",1,40,31,0.93,NA
"brier",1,40,31,0.94,NA
"brier",1,40,31,0.95,NA
"brier",1,40,31,0.96,NA
"brier",1,40,31,0.97,NA
"brier",1,40,31,0.98,NA
"brier",1,40,31,0.99,NA
"brier",1,40,31,0.995,NA
"brier",1,40,32,0.9,NA
"brier",1,40,32,0.91,NA
"brier",1,40,32,0.92,NA
"brier",1,40,32,0.93,NA
"brier",1,40,32,0.94,NA
"brier",1,40,32,0.95,NA
"brier",1,40,32,0.96,NA
"brier",1,40,32,0.97,NA
"brier",1,40,32,0.98,NA
"brier",1,40,32,0.99,NA
"brier",1,40,32,0.995,NA
"brier",1,40,33,0.9,NA
"brier",1,40,33,0.91,NA
"brier",1,40,33,0.92,NA
"brier",1,40,33,0.93,NA
"brier",1,40,33,0.94,NA
"brier",1,40,33,0.95,NA
"brier",1,40,33,0.96,NA
"brier",1,40,33,0.97,NA
"brier",1,40,33,0.98,NA
"brier",1,40,33,0.99,NA
"brier",1,40,33,0.995,NA
"brier",1,40,34,0.9,NA
"brier",1,40,34,0.91,NA
"brier",1,40,34,0.92,NA
"brier",1,40,34,0.93,NA
"brier",1,40,34,0.94,NA
"brier",1,40,34,0.95,NA
"brier",1,40,34,0.96,NA
"brier",1,40,34,0.97,NA
"brier",1,40,34,0.98,NA
"brier",1,40,34,0.99,NA
"brier",1,40,34,0.995,NA
"brier",1,40,35,0.9,NA
"brier",1,40,35,0.91,NA
"brier",1,40,35,0.92,NA
"brier",1,40,35,0.93,NA
"brier",1,40,35,0.94,NA
"brier",1,40,35,0.95,NA
"brier",1,40,35,0.96,NA
"brier",1,40,35,0.97,NA
"brier",1,40,35,0.98,NA
"brier",1,40,35,0.99,NA
"brier",1,40,35,0.995,NA
"brier",1,40,36,0.9,NA
"brier",1,40,36,0.91,NA
"brier",1,40,36,0.92,NA
"brier",1,40,36,0.93,NA
"brier",1,40,36,0.94,NA
"brier",1,40,36,0.95,NA
"brier",1,40,36,0.96,NA
"brier",1,40,36,0.97,NA
"brier",1,40,36,0.98,NA
"brier",1,40,36,0.99,NA
"brier",1,40,36,0.995,NA
"brier",1,40,37,0.9,NA
"brier",1,40,37,0.91,NA
"brier",1,40,37,0.92,NA
"brier",1,40,37,0.93,NA
"brier",1,40,37,0.94,NA
"brier",1,40,37,0.95,NA
"brier",1,40,37,0.96,NA
"brier",1,40,37,0.97,NA
"brier",1,40,37,0.98,NA
"brier",1,40,37,0.99,NA
"brier",1,40,37,0.995,NA
"brier",1,40,38,0.9,NA
"brier",1,40,38,0.91,NA
"brier",1,40,38,0.92,NA
"brier",1,40,38,0.93,NA
"brier",1,40,38,0.94,NA
"brier",1,40,38,0.95,NA
"brier",1,40,38,0.96,NA
"brier",1,40,38,0.97,NA
"brier",1,40,38,0.98,NA
"brier",1,40,38,0.99,NA
"brier",1,40,38,0.995,NA
"brier",1,40,39,0.9,NA
"brier",1,40,39,0.91,NA
"brier",1,40,39,0.92,NA
"brier",1,40,39,0.93,NA
"brier",1,40,39,0.94,NA
"brier",1,40,39,0.95,NA
"brier",1,40,39,0.96,NA
"brier",1,40,39,0.97,NA
"brier",1,40,39,0.98,NA
"brier",1,40,39,0.99,NA
"brier",1,40,39,0.995,NA
"brier",1,40,40,0.9,NA
"brier",1,40,40,0.91,NA
"brier",1,40,40,0.92,NA
"brier",1,40,40,0.93,NA
"brier",1,40,40,0.94,NA
"brier",1,40,40,0.95,NA
"brier",1,40,40,0.96,NA
"brier",1,40,40,0.97,NA
"brier",1,40,40,0.98,NA
"brier",1,40,40,0.99,NA
"brier",1,40,40,0.995,NA
"brier",1,40,41,0.9,NA
"brier",1,40,41,0.91,NA
"brier",1,40,41,0.92,NA
"brier",1,40,41,0.93,NA
"brier",1,40,41,0.94,NA
"brier",1,40,41,0.95,NA
"brier",1,40,41,0.96,NA
"brier",1,40,41,0.97,NA
"brier",1,40,41,0.98,NA
"brier",1,40,41,0.99,NA
"brier",1,40,41,0.995,NA
"brier",1,40,42,0.9,NA
"brier",1,40,42,0.91,NA
"brier",1,40,42,0.92,NA
"brier",1,40,42,0.93,NA
"brier",1,40,42,0.94,NA
"brier",1,40,42,0.95,NA
"brier",1,40,42,0.96,NA
"brier",1,40,42,0.97,NA
"brier",1,40,42,0.98,NA
"brier",1,40,42,0.99,NA
"brier",1,40,42,0.995,NA
"brier",1,40,43,0.9,NA
"brier",1,40,43,0.91,NA
"brier",1,40,43,0.92,NA
"brier",1,40,43,0.93,NA
"brier",1,40,43,0.94,NA
"brier",1,40,43,0.95,NA
"brier",1,40,43,0.96,NA
"brier",1,40,43,0.97,NA
"brier",1,40,43,0.98,NA
"brier",1,40,43,0.99,NA
"brier",1,40,43,0.995,NA
"brier",1,40,44,0.9,NA
"brier",1,40,44,0.91,NA
"brier",1,40,44,0.92,NA
"brier",1,40,44,0.93,NA
"brier",1,40,44,0.94,NA
"brier",1,40,44,0.95,NA
"brier",1,40,44,0.96,NA
"brier",1,40,44,0.97,NA
"brier",1,40,44,0.98,NA
"brier",1,40,44,0.99,NA
"brier",1,40,44,0.995,NA
"brier",1,40,45,0.9,NA
"brier",1,40,45,0.91,NA
"brier",1,40,45,0.92,NA
"brier",1,40,45,0.93,NA
"brier",1,40,45,0.94,NA
"brier",1,40,45,0.95,NA
"brier",1,40,45,0.96,NA
"brier",1,40,45,0.97,NA
"brier",1,40,45,0.98,NA
"brier",1,40,45,0.99,NA
"brier",1,40,45,0.995,NA
"brier",1,40,46,0.9,NA
"brier",1,40,46,0.91,NA
"brier",1,40,46,0.92,NA
"brier",1,40,46,0.93,NA
"brier",1,40,46,0.94,NA
"brier",1,40,46,0.95,NA
"brier",1,40,46,0.96,NA
"brier",1,40,46,0.97,NA
"brier",1,40,46,0.98,NA
"brier",1,40,46,0.99,NA
"brier",1,40,46,0.995,NA
"brier",1,40,47,0.9,NA
"brier",1,40,47,0.91,NA
"brier",1,40,47,0.92,NA
"brier",1,40,47,0.93,NA
"brier",1,40,47,0.94,NA
"brier",1,40,47,0.95,NA
"brier",1,40,47,0.96,NA
"brier",1,40,47,0.97,NA
"brier",1,40,47,0.98,NA
"brier",1,40,47,0.99,NA
"brier",1,40,47,0.995,NA
"brier",1,40,48,0.9,NA
"brier",1,40,48,0.91,NA
"brier",1,40,48,0.92,NA
"brier",1,40,48,0.93,NA
"brier",1,40,48,0.94,NA
"brier",1,40,48,0.95,NA
"brier",1,40,48,0.96,NA
"brier",1,40,48,0.97,NA
"brier",1,40,48,0.98,NA
"brier",1,40,48,0.99,NA
"brier",1,40,48,0.995,NA
"brier",1,40,49,0.9,NA
"brier",1,40,49,0.91,NA
"brier",1,40,49,0.92,NA
"brier",1,40,49,0.93,NA
"brier",1,40,49,0.94,NA
"brier",1,40,49,0.95,NA
"brier",1,40,49,0.96,NA
"brier",1,40,49,0.97,NA
"brier",1,40,49,0.98,NA
"brier",1,40,49,0.99,NA
"brier",1,40,49,0.995,NA
"brier",1,40,50,0.9,NA
"brier",1,40,50,0.91,NA
"brier",1,40,50,0.92,NA
"brier",1,40,50,0.93,NA
"brier",1,40,50,0.94,NA
"brier",1,40,50,0.95,NA
"brier",1,40,50,0.96,NA
"brier",1,40,50,0.97,NA
"brier",1,40,50,0.98,NA
"brier",1,40,50,0.99,NA
"brier",1,40,50,0.995,NA
"brier",2,40,1,0.9,0.0210684501772727
"brier",2,40,1,0.91,0.02098022725
"brier",2,40,1,0.92,0.0202052892909091
"brier",2,40,1,0.93,0.0184981106454545
"brier",2,40,1,0.94,0.0161172953363636
"brier",2,40,1,0.95,0.0140477029409091
"brier",2,40,1,0.96,0.0105258756454545
"brier",2,40,1,0.97,0.00754149490909091
"brier",2,40,1,0.98,0.00335376614545455
"brier",2,40,1,0.99,0.00398554328636364
"brier",2,40,1,0.995,0.00400652218636364
"brier",2,40,2,0.9,0.0363195152590909
"brier",2,40,2,0.91,0.0325075196863636
"brier",2,40,2,0.92,0.0289736264545455
"brier",2,40,2,0.93,0.0234741215136364
"brier",2,40,2,0.94,0.0203802697318182
"brier",2,40,2,0.95,0.0157402602727273
"brier",2,40,2,0.96,0.0122628848636364
"brier",2,40,2,0.97,0.0146885381545455
"brier",2,40,2,0.98,0.0104928952454545
"brier",2,40,2,0.99,0.00664621116818182
"brier",2,40,2,0.995,0.00337151964090909
"brier",2,40,3,0.9,0.0240573814318182
"brier",2,40,3,0.91,0.0236346829818182
"brier",2,40,3,0.92,0.02041494895
"brier",2,40,3,0.93,0.0198605979636364
"brier",2,40,3,0.94,0.0151749401772727
"brier",2,40,3,0.95,0.0109189301227273
"brier",2,40,3,0.96,0.00949943877727273
"brier",2,40,3,0.97,0.00819073252727273
"brier",2,40,3,0.98,0.00681408040454545
"brier",2,40,3,0.99,0.00280643640454545
"brier",2,40,3,0.995,0.00167300304545455
"brier",2,40,4,0.9,0.0399785195772727
"brier",2,40,4,0.91,0.0387987621818182
"brier",2,40,4,0.92,0.0373398375090909
"brier",2,40,4,0.93,0.0358297787
"brier",2,40,4,0.94,0.0323343514818182
"brier",2,40,4,0.95,0.0280952423636364
"brier",2,40,4,0.96,0.0245412475818182
"brier",2,40,4,0.97,0.0171943755909091
"brier",2,40,4,0.98,0.0110466129363636
"brier",2,40,4,0.99,0.00739717108181818
"brier",2,40,4,0.995,0.00432860727727273
"brier",2,40,5,0.9,0.0273058817318182
"brier",2,40,5,0.91,0.0228675927363636
"brier",2,40,5,0.92,0.0196694515
"brier",2,40,5,0.93,0.0167826541954545
"brier",2,40,5,0.94,0.0168956518772727
"brier",2,40,5,0.95,0.01926855705
"brier",2,40,5,0.96,0.0191058715772727
"brier",2,40,5,0.97,0.0189349608681818
"brier",2,40,5,0.98,0.0156827288863636
"brier",2,40,5,0.99,0.0107564058545455
"brier",2,40,5,0.995,0.00499353753636364
"brier",2,40,6,0.9,0.0385196737181818
"brier",2,40,6,0.91,0.0383367244863636
"brier",2,40,6,0.92,0.0362501111045455
"brier",2,40,6,0.93,0.0341860435590909
"brier",2,40,6,0.94,0.0329633128181818
"brier",2,40,6,0.95,0.0294219863681818
"brier",2,40,6,0.96,0.0246823863363636
"brier",2,40,6,0.97,0.0200429869136364
"brier",2,40,6,0.98,0.0150466412863636
"brier",2,40,6,0.99,0.00832546376818182
"brier",2,40,6,0.995,0.0043692766
"brier",2,40,7,0.9,0.0220574548863636
"brier",2,40,7,0.91,0.0187808613
"brier",2,40,7,0.92,0.0164191163909091
"brier",2,40,7,0.93,0.0130175527818182
"brier",2,40,7,0.94,0.0145493454545455
"brier",2,40,7,0.95,0.0136934058136364
"brier",2,40,7,0.96,0.0112741292363636
"brier",2,40,7,0.97,0.00793330324090909
"brier",2,40,7,0.98,0.00788487408636364
"brier",2,40,7,0.99,0.0048426454
"brier",2,40,7,0.995,0.00267671217727273
"brier",2,40,8,0.9,0.0176349049636364
"brier",2,40,8,0.91,0.0165454403454545
"brier",2,40,8,0.92,0.0160944553818182
"brier",2,40,8,0.93,0.0139485776227273
"brier",2,40,8,0.94,0.00955991127727273
"brier",2,40,8,0.95,0.00879640722727273
"brier",2,40,8,0.96,0.00738805810909091
"brier",2,40,8,0.97,0.00549636074545455
"brier",2,40,8,0.98,0.00324760837272727
"brier",2,40,8,0.99,0.00398659846818182
"brier",2,40,8,0.995,0.00249767968636364
"brier",2,40,9,0.9,0.0557144369090909
"brier",2,40,9,0.91,0.0510512703681818
"brier",2,40,9,0.92,0.0470455785636364
"brier",2,40,9,0.93,0.0415343761545455
"brier",2,40,9,0.94,0.0360128846863636
"brier",2,40,9,0.95,0.0300367209636364
"brier",2,40,9,0.96,0.0254847404318182
"brier",2,40,9,0.97,0.0190343048954545
"brier",2,40,9,0.98,0.0127652459363636
"brier",2,40,9,0.99,0.00741206136818182
"brier",2,40,9,0.995,0.00442939990909091
"brier",2,40,10,0.9,0.0303683089454545
"brier",2,40,10,0.91,0.0282102992545455
"brier",2,40,10,0.92,0.0275879303181818
"brier",2,40,10,0.93,0.0268148846909091
"brier",2,40,10,0.94,0.0258372737636364
"brier",2,40,10,0.95,0.0247292607909091
"brier",2,40,10,0.96,0.0211441189363636
"brier",2,40,10,0.97,0.0176274131818182
"brier",2,40,10,0.98,0.0146300507
"brier",2,40,10,0.99,0.00866451508636364
"brier",2,40,10,0.995,0.00384188149545455
"brier",2,40,11,0.9,NA
"brier",2,40,11,0.91,NA
"brier",2,40,11,0.92,NA
"brier",2,40,11,0.93,NA
"brier",2,40,11,0.94,NA
"brier",2,40,11,0.95,NA
"brier",2,40,11,0.96,NA
"brier",2,40,11,0.97,NA
"brier",2,40,11,0.98,NA
"brier",2,40,11,0.99,NA
"brier",2,40,11,0.995,NA
"brier",2,40,12,0.9,NA
"brier",2,40,12,0.91,NA
"brier",2,40,12,0.92,NA
"brier",2,40,12,0.93,NA
"brier",2,40,12,0.94,NA
"brier",2,40,12,0.95,NA
"brier",2,40,12,0.96,NA
"brier",2,40,12,0.97,NA
"brier",2,40,12,0.98,NA
"brier",2,40,12,0.99,NA
"brier",2,40,12,0.995,NA
"brier",2,40,13,0.9,NA
"brier",2,40,13,0.91,NA
"brier",2,40,13,0.92,NA
"brier",2,40,13,0.93,NA
"brier",2,40,13,0.94,NA
"brier",2,40,13,0.95,NA
"brier",2,40,13,0.96,NA
"brier",2,40,13,0.97,NA
"brier",2,40,13,0.98,NA
"brier",2,40,13,0.99,NA
"brier",2,40,13,0.995,NA
"brier",2,40,14,0.9,NA
"brier",2,40,14,0.91,NA
"brier",2,40,14,0.92,NA
"brier",2,40,14,0.93,NA
"brier",2,40,14,0.94,NA
"brier",2,40,14,0.95,NA
"brier",2,40,14,0.96,NA
"brier",2,40,14,0.97,NA
"brier",2,40,14,0.98,NA
"brier",2,40,14,0.99,NA
"brier",2,40,14,0.995,NA
"brier",2,40,15,0.9,NA
"brier",2,40,15,0.91,NA
"brier",2,40,15,0.92,NA
"brier",2,40,15,0.93,NA
"brier",2,40,15,0.94,NA
"brier",2,40,15,0.95,NA
"brier",2,40,15,0.96,NA
"brier",2,40,15,0.97,NA
"brier",2,40,15,0.98,NA
"brier",2,40,15,0.99,NA
"brier",2,40,15,0.995,NA
"brier",2,40,16,0.9,NA
"brier",2,40,16,0.91,NA
"brier",2,40,16,0.92,NA
"brier",2,40,16,0.93,NA
"brier",2,40,16,0.94,NA
"brier",2,40,16,0.95,NA
"brier",2,40,16,0.96,NA
"brier",2,40,16,0.97,NA
"brier",2,40,16,0.98,NA
"brier",2,40,16,0.99,NA
"brier",2,40,16,0.995,NA
"brier",2,40,17,0.9,NA
"brier",2,40,17,0.91,NA
"brier",2,40,17,0.92,NA
"brier",2,40,17,0.93,NA
"brier",2,40,17,0.94,NA
"brier",2,40,17,0.95,NA
"brier",2,40,17,0.96,NA
"brier",2,40,17,0.97,NA
"brier",2,40,17,0.98,NA
"brier",2,40,17,0.99,NA
"brier",2,40,17,0.995,NA
"brier",2,40,18,0.9,NA
"brier",2,40,18,0.91,NA
"brier",2,40,18,0.92,NA
"brier",2,40,18,0.93,NA
"brier",2,40,18,0.94,NA
"brier",2,40,18,0.95,NA
"brier",2,40,18,0.96,NA
"brier",2,40,18,0.97,NA
"brier",2,40,18,0.98,NA
"brier",2,40,18,0.99,NA
"brier",2,40,18,0.995,NA
"brier",2,40,19,0.9,NA
"brier",2,40,19,0.91,NA
"brier",2,40,19,0.92,NA
"brier",2,40,19,0.93,NA
"brier",2,40,19,0.94,NA
"brier",2,40,19,0.95,NA
"brier",2,40,19,0.96,NA
"brier",2,40,19,0.97,NA
"brier",2,40,19,0.98,NA
"brier",2,40,19,0.99,NA
"brier",2,40,19,0.995,NA
"brier",2,40,20,0.9,NA
"brier",2,40,20,0.91,NA
"brier",2,40,20,0.92,NA
"brier",2,40,20,0.93,NA
"brier",2,40,20,0.94,NA
"brier",2,40,20,0.95,NA
"brier",2,40,20,0.96,NA
"brier",2,40,20,0.97,NA
"brier",2,40,20,0.98,NA
"brier",2,40,20,0.99,NA
"brier",2,40,20,0.995,NA
"brier",2,40,21,0.9,NA
"brier",2,40,21,0.91,NA
"brier",2,40,21,0.92,NA
"brier",2,40,21,0.93,NA
"brier",2,40,21,0.94,NA
"brier",2,40,21,0.95,NA
"brier",2,40,21,0.96,NA
"brier",2,40,21,0.97,NA
"brier",2,40,21,0.98,NA
"brier",2,40,21,0.99,NA
"brier",2,40,21,0.995,NA
"brier",2,40,22,0.9,NA
"brier",2,40,22,0.91,NA
"brier",2,40,22,0.92,NA
"brier",2,40,22,0.93,NA
"brier",2,40,22,0.94,NA
"brier",2,40,22,0.95,NA
"brier",2,40,22,0.96,NA
"brier",2,40,22,0.97,NA
"brier",2,40,22,0.98,NA
"brier",2,40,22,0.99,NA
"brier",2,40,22,0.995,NA
"brier",2,40,23,0.9,NA
"brier",2,40,23,0.91,NA
"brier",2,40,23,0.92,NA
"brier",2,40,23,0.93,NA
"brier",2,40,23,0.94,NA
"brier",2,40,23,0.95,NA
"brier",2,40,23,0.96,NA
"brier",2,40,23,0.97,NA
"brier",2,40,23,0.98,NA
"brier",2,40,23,0.99,NA
"brier",2,40,23,0.995,NA
"brier",2,40,24,0.9,NA
"brier",2,40,24,0.91,NA
"brier",2,40,24,0.92,NA
"brier",2,40,24,0.93,NA
"brier",2,40,24,0.94,NA
"brier",2,40,24,0.95,NA
"brier",2,40,24,0.96,NA
"brier",2,40,24,0.97,NA
"brier",2,40,24,0.98,NA
"brier",2,40,24,0.99,NA
"brier",2,40,24,0.995,NA
"brier",2,40,25,0.9,NA
"brier",2,40,25,0.91,NA
"brier",2,40,25,0.92,NA
"brier",2,40,25,0.93,NA
"brier",2,40,25,0.94,NA
"brier",2,40,25,0.95,NA
"brier",2,40,25,0.96,NA
"brier",2,40,25,0.97,NA
"brier",2,40,25,0.98,NA
"brier",2,40,25,0.99,NA
"brier",2,40,25,0.995,NA
"brier",2,40,26,0.9,NA
"brier",2,40,26,0.91,NA
"brier",2,40,26,0.92,NA
"brier",2,40,26,0.93,NA
"brier",2,40,26,0.94,NA
"brier",2,40,26,0.95,NA
"brier",2,40,26,0.96,NA
"brier",2,40,26,0.97,NA
"brier",2,40,26,0.98,NA
"brier",2,40,26,0.99,NA
"brier",2,40,26,0.995,NA
"brier",2,40,27,0.9,NA
"brier",2,40,27,0.91,NA
"brier",2,40,27,0.92,NA
"brier",2,40,27,0.93,NA
"brier",2,40,27,0.94,NA
"brier",2,40,27,0.95,NA
"brier",2,40,27,0.96,NA
"brier",2,40,27,0.97,NA
"brier",2,40,27,0.98,NA
"brier",2,40,27,0.99,NA
"brier",2,40,27,0.995,NA
"brier",2,40,28,0.9,NA
"brier",2,40,28,0.91,NA
"brier",2,40,28,0.92,NA
"brier",2,40,28,0.93,NA
"brier",2,40,28,0.94,NA
"brier",2,40,28,0.95,NA
"brier",2,40,28,0.96,NA
"brier",2,40,28,0.97,NA
"brier",2,40,28,0.98,NA
"brier",2,40,28,0.99,NA
"brier",2,40,28,0.995,NA
"brier",2,40,29,0.9,NA
"brier",2,40,29,0.91,NA
"brier",2,40,29,0.92,NA
"brier",2,40,29,0.93,NA
"brier",2,40,29,0.94,NA
"brier",2,40,29,0.95,NA
"brier",2,40,29,0.96,NA
"brier",2,40,29,0.97,NA
"brier",2,40,29,0.98,NA
"brier",2,40,29,0.99,NA
"brier",2,40,29,0.995,NA
"brier",2,40,30,0.9,NA
"brier",2,40,30,0.91,NA
"brier",2,40,30,0.92,NA
"brier",2,40,30,0.93,NA
"brier",2,40,30,0.94,NA
"brier",2,40,30,0.95,NA
"brier",2,40,30,0.96,NA
"brier",2,40,30,0.97,NA
"brier",2,40,30,0.98,NA
"brier",2,40,30,0.99,NA
"brier",2,40,30,0.995,NA
"brier",2,40,31,0.9,NA
"brier",2,40,31,0.91,NA
"brier",2,40,31,0.92,NA
"brier",2,40,31,0.93,NA
"brier",2,40,31,0.94,NA
"brier",2,40,31,0.95,NA
"brier",2,40,31,0.96,NA
"brier",2,40,31,0.97,NA
"brier",2,40,31,0.98,NA
"brier",2,40,31,0.99,NA
"brier",2,40,31,0.995,NA
"brier",2,40,32,0.9,NA
"brier",2,40,32,0.91,NA
"brier",2,40,32,0.92,NA
"brier",2,40,32,0.93,NA
"brier",2,40,32,0.94,NA
"brier",2,40,32,0.95,NA
"brier",2,40,32,0.96,NA
"brier",2,40,32,0.97,NA
"brier",2,40,32,0.98,NA
"brier",2,40,32,0.99,NA
"brier",2,40,32,0.995,NA
"brier",2,40,33,0.9,NA
"brier",2,40,33,0.91,NA
"brier",2,40,33,0.92,NA
"brier",2,40,33,0.93,NA
"brier",2,40,33,0.94,NA
"brier",2,40,33,0.95,NA
"brier",2,40,33,0.96,NA
"brier",2,40,33,0.97,NA
"brier",2,40,33,0.98,NA
"brier",2,40,33,0.99,NA
"brier",2,40,33,0.995,NA
"brier",2,40,34,0.9,NA
"brier",2,40,34,0.91,NA
"brier",2,40,34,0.92,NA
"brier",2,40,34,0.93,NA
"brier",2,40,34,0.94,NA
"brier",2,40,34,0.95,NA
"brier",2,40,34,0.96,NA
"brier",2,40,34,0.97,NA
"brier",2,40,34,0.98,NA
"brier",2,40,34,0.99,NA
"brier",2,40,34,0.995,NA
"brier",2,40,35,0.9,NA
"brier",2,40,35,0.91,NA
"brier",2,40,35,0.92,NA
"brier",2,40,35,0.93,NA
"brier",2,40,35,0.94,NA
"brier",2,40,35,0.95,NA
"brier",2,40,35,0.96,NA
"brier",2,40,35,0.97,NA
"brier",2,40,35,0.98,NA
"brier",2,40,35,0.99,NA
"brier",2,40,35,0.995,NA
"brier",2,40,36,0.9,NA
"brier",2,40,36,0.91,NA
"brier",2,40,36,0.92,NA
"brier",2,40,36,0.93,NA
"brier",2,40,36,0.94,NA
"brier",2,40,36,0.95,NA
"brier",2,40,36,0.96,NA
"brier",2,40,36,0.97,NA
"brier",2,40,36,0.98,NA
"brier",2,40,36,0.99,NA
"brier",2,40,36,0.995,NA
"brier",2,40,37,0.9,NA
"brier",2,40,37,0.91,NA
"brier",2,40,37,0.92,NA
"brier",2,40,37,0.93,NA
"brier",2,40,37,0.94,NA
"brier",2,40,37,0.95,NA
"brier",2,40,37,0.96,NA
"brier",2,40,37,0.97,NA
"brier",2,40,37,0.98,NA
"brier",2,40,37,0.99,NA
"brier",2,40,37,0.995,NA
"brier",2,40,38,0.9,NA
"brier",2,40,38,0.91,NA
"brier",2,40,38,0.92,NA
"brier",2,40,38,0.93,NA
"brier",2,40,38,0.94,NA
"brier",2,40,38,0.95,NA
"brier",2,40,38,0.96,NA
"brier",2,40,38,0.97,NA
"brier",2,40,38,0.98,NA
"brier",2,40,38,0.99,NA
"brier",2,40,38,0.995,NA
"brier",2,40,39,0.9,NA
"brier",2,40,39,0.91,NA
"brier",2,40,39,0.92,NA
"brier",2,40,39,0.93,NA
"brier",2,40,39,0.94,NA
"brier",2,40,39,0.95,NA
"brier",2,40,39,0.96,NA
"brier",2,40,39,0.97,NA
"brier",2,40,39,0.98,NA
"brier",2,40,39,0.99,NA
"brier",2,40,39,0.995,NA
"brier",2,40,40,0.9,NA
"brier",2,40,40,0.91,NA
"brier",2,40,40,0.92,NA
"brier",2,40,40,0.93,NA
"brier",2,40,40,0.94,NA
"brier",2,40,40,0.95,NA
"brier",2,40,40,0.96,NA
"brier",2,40,40,0.97,NA
"brier",2,40,40,0.98,NA
"brier",2,40,40,0.99,NA
"brier",2,40,40,0.995,NA
"brier",2,40,41,0.9,NA
"brier",2,40,41,0.91,NA
"brier",2,40,41,0.92,NA
"brier",2,40,41,0.93,NA
"brier",2,40,41,0.94,NA
"brier",2,40,41,0.95,NA
"brier",2,40,41,0.96,NA
"brier",2,40,41,0.97,NA
"brier",2,40,41,0.98,NA
"brier",2,40,41,0.99,NA
"brier",2,40,41,0.995,NA
"brier",2,40,42,0.9,NA
"brier",2,40,42,0.91,NA
"brier",2,40,42,0.92,NA
"brier",2,40,42,0.93,NA
"brier",2,40,42,0.94,NA
"brier",2,40,42,0.95,NA
"brier",2,40,42,0.96,NA
"brier",2,40,42,0.97,NA
"brier",2,40,42,0.98,NA
"brier",2,40,42,0.99,NA
"brier",2,40,42,0.995,NA
"brier",2,40,43,0.9,NA
"brier",2,40,43,0.91,NA
"brier",2,40,43,0.92,NA
"brier",2,40,43,0.93,NA
"brier",2,40,43,0.94,NA
"brier",2,40,43,0.95,NA
"brier",2,40,43,0.96,NA
"brier",2,40,43,0.97,NA
"brier",2,40,43,0.98,NA
"brier",2,40,43,0.99,NA
"brier",2,40,43,0.995,NA
"brier",2,40,44,0.9,NA
"brier",2,40,44,0.91,NA
"brier",2,40,44,0.92,NA
"brier",2,40,44,0.93,NA
"brier",2,40,44,0.94,NA
"brier",2,40,44,0.95,NA
"brier",2,40,44,0.96,NA
"brier",2,40,44,0.97,NA
"brier",2,40,44,0.98,NA
"brier",2,40,44,0.99,NA
"brier",2,40,44,0.995,NA
"brier",2,40,45,0.9,NA
"brier",2,40,45,0.91,NA
"brier",2,40,45,0.92,NA
"brier",2,40,45,0.93,NA
"brier",2,40,45,0.94,NA
"brier",2,40,45,0.95,NA
"brier",2,40,45,0.96,NA
"brier",2,40,45,0.97,NA
"brier",2,40,45,0.98,NA
"brier",2,40,45,0.99,NA
"brier",2,40,45,0.995,NA
"brier",2,40,46,0.9,NA
"brier",2,40,46,0.91,NA
"brier",2,40,46,0.92,NA
"brier",2,40,46,0.93,NA
"brier",2,40,46,0.94,NA
"brier",2,40,46,0.95,NA
"brier",2,40,46,0.96,NA
"brier",2,40,46,0.97,NA
"brier",2,40,46,0.98,NA
"brier",2,40,46,0.99,NA
"brier",2,40,46,0.995,NA
"brier",2,40,47,0.9,NA
"brier",2,40,47,0.91,NA
"brier",2,40,47,0.92,NA
"brier",2,40,47,0.93,NA
"brier",2,40,47,0.94,NA
"brier",2,40,47,0.95,NA
"brier",2,40,47,0.96,NA
"brier",2,40,47,0.97,NA
"brier",2,40,47,0.98,NA
"brier",2,40,47,0.99,NA
"brier",2,40,47,0.995,NA
"brier",2,40,48,0.9,NA
"brier",2,40,48,0.91,NA
"brier",2,40,48,0.92,NA
"brier",2,40,48,0.93,NA
"brier",2,40,48,0.94,NA
"brier",2,40,48,0.95,NA
"brier",2,40,48,0.96,NA
"brier",2,40,48,0.97,NA
"brier",2,40,48,0.98,NA
"brier",2,40,48,0.99,NA
"brier",2,40,48,0.995,NA
"brier",2,40,49,0.9,NA
"brier",2,40,49,0.91,NA
"brier",2,40,49,0.92,NA
"brier",2,40,49,0.93,NA
"brier",2,40,49,0.94,NA
"brier",2,40,49,0.95,NA
"brier",2,40,49,0.96,NA
"brier",2,40,49,0.97,NA
"brier",2,40,49,0.98,NA
"brier",2,40,49,0.99,NA
"brier",2,40,49,0.995,NA
"brier",2,40,50,0.9,NA
"brier",2,40,50,0.91,NA
"brier",2,40,50,0.92,NA
"brier",2,40,50,0.93,NA
"brier",2,40,50,0.94,NA
"brier",2,40,50,0.95,NA
"brier",2,40,50,0.96,NA
"brier",2,40,50,0.97,NA
"brier",2,40,50,0.98,NA
"brier",2,40,50,0.99,NA
"brier",2,40,50,0.995,NA
"brier",3,40,1,0.9,0.0504746739181818
"brier",3,40,1,0.91,0.0462796334727273
"brier",3,40,1,0.92,0.0429983524590909
"brier",3,40,1,0.93,0.0403447991272727
"brier",3,40,1,0.94,0.0350845927
"brier",3,40,1,0.95,0.0289812284136364
"brier",3,40,1,0.96,0.0231555300454545
"brier",3,40,1,0.97,0.0177220861318182
"brier",3,40,1,0.98,0.0119710706318182
"brier",3,40,1,0.99,0.00815648840909091
"brier",3,40,1,0.995,0.00443671959090909
"brier",3,40,2,0.9,0.0514596106636364
"brier",3,40,2,0.91,0.0476004461045455
"brier",3,40,2,0.92,0.0427483843
"brier",3,40,2,0.93,0.0354880837681818
"brier",3,40,2,0.94,0.0291288188909091
"brier",3,40,2,0.95,0.0232141866227273
"brier",3,40,2,0.96,0.01845227385
"brier",3,40,2,0.97,0.0148088801909091
"brier",3,40,2,0.98,0.00998438707272727
"brier",3,40,2,0.99,0.00648092802272727
"brier",3,40,2,0.995,0.00337250883181818
"brier",3,40,3,0.9,0.04986360315
"brier",3,40,3,0.91,0.0468428355818182
"brier",3,40,3,0.92,0.0419157805227273
"brier",3,40,3,0.93,0.0381031133272727
"brier",3,40,3,0.94,0.0328539277772727
"brier",3,40,3,0.95,0.0261842307318182
"brier",3,40,3,0.96,0.0234332808272727
"brier",3,40,3,0.97,0.0174188902272727
"brier",3,40,3,0.98,0.0116131521045455
"brier",3,40,3,0.99,0.00526268714090909
"brier",3,40,3,0.995,0.00252601521818182
"brier",3,40,4,0.9,0.0503748040863636
"brier",3,40,4,0.91,0.0472431169409091
"brier",3,40,4,0.92,0.0424736636318182
"brier",3,40,4,0.93,0.03629650305
"brier",3,40,4,0.94,0.0306710024545455
"brier",3,40,4,0.95,0.02588406985
"brier",3,40,4,0.96,0.02183871535
"brier",3,40,4,0.97,0.0145495624909091
"brier",3,40,4,0.98,0.00897659843636364
"brier",3,40,4,0.99,0.00723389286818182
"brier",3,40,4,0.995,0.00435150716363636
"brier",3,40,5,0.9,0.0520641322090909
"brier",3,40,5,0.91,0.0469601843636364
"brier",3,40,5,0.92,0.04254679925
"brier",3,40,5,0.93,0.0389757751772727
"brier",3,40,5,0.94,0.0353693212954545
"brier",3,40,5,0.95,0.0319414142181818
"brier",3,40,5,0.96,0.0264726907818182
"brier",3,40,5,0.97,0.0228167612863636
"brier",3,40,5,0.98,0.0166035236545455
"brier",3,40,5,0.99,0.00964018223181818
"brier",3,40,5,0.995,0.00468821688636364
"brier",3,40,6,0.9,0.0512704261772727
"brier",3,40,6,0.91,0.0508415826409091
"brier",3,40,6,0.92,0.0471200248318182
"brier",3,40,6,0.93,0.0432409746318182
"brier",3,40,6,0.94,0.0414529266409091
"brier",3,40,6,0.95,0.0351974129136364
"brier",3,40,6,0.96,0.0290555096818182
"brier",3,40,6,0.97,0.0227471639772727
"brier",3,40,6,0.98,0.0169285433545455
"brier",3,40,6,0.99,0.00864003944090909
"brier",3,40,6,0.995,0.00491911775
"brier",3,40,7,0.9,0.0531383579090909
"brier",3,40,7,0.91,0.0489129586227273
"brier",3,40,7,0.92,0.0450900833681818
"brier",3,40,7,0.93,0.0394666924454545
"brier",3,40,7,0.94,0.0364850866045455
"brier",3,40,7,0.95,0.0314230729954545
"brier",3,40,7,0.96,0.02473479105
"brier",3,40,7,0.97,0.0193077983454545
"brier",3,40,7,0.98,0.0135161557136364
"brier",3,40,7,0.99,0.00708778078636364
"brier",3,40,7,0.995,0.00382394917727273
"brier",3,40,8,0.9,0.0460431050909091
"brier",3,40,8,0.91,0.0430556921454545
"brier",3,40,8,0.92,0.0386357488363636
"brier",3,40,8,0.93,0.0344950972363636
"brier",3,40,8,0.94,0.0299009630636364
"brier",3,40,8,0.95,0.0267856699681818
"brier",3,40,8,0.96,0.0206099785
"brier",3,40,8,0.97,0.0189851259681818
"brier",3,40,8,0.98,0.01271496315
"brier",3,40,8,0.99,0.00683133903181818
"brier",3,40,8,0.995,0.00382074913181818
"brier",3,40,9,0.9,0.0510566861772727
"brier",3,40,9,0.91,0.0476229672590909
"brier",3,40,9,0.92,0.0447391445318182
"brier",3,40,9,0.93,0.0400327792909091
"brier",3,40,9,0.94,0.0350024831954545
"brier",3,40,9,0.95,0.02941262865
"brier",3,40,9,0.96,0.0251305882045455
"brier",3,40,9,0.97,0.0189449537545455
"brier",3,40,9,0.98,0.0127581380545455
"brier",3,40,9,0.99,0.00733807933636364
"brier",3,40,9,0.995,0.00432048474090909
"brier",3,40,10,0.9,0.0564107721
"brier",3,40,10,0.91,0.0526453279181818
"brier",3,40,10,0.92,0.0498258814636364
"brier",3,40,10,0.93,0.0463134162681818
"brier",3,40,10,0.94,0.0424947284090909
"brier",3,40,10,0.95,0.0373288510090909
"brier",3,40,10,0.96,0.0303007347181818
"brier",3,40,10,0.97,0.0239061825909091
"brier",3,40,10,0.98,0.0166916624090909
"brier",3,40,10,0.99,0.00941363193181818
"brier",3,40,10,0.995,0.00449465698181818
"brier",3,40,11,0.9,NA
"brier",3,40,11,0.91,NA
"brier",3,40,11,0.92,NA
"brier",3,40,11,0.93,NA
"brier",3,40,11,0.94,NA
"brier",3,40,11,0.95,NA
"brier",3,40,11,0.96,NA
"brier",3,40,11,0.97,NA
"brier",3,40,11,0.98,NA
"brier",3,40,11,0.99,NA
"brier",3,40,11,0.995,NA
"brier",3,40,12,0.9,NA
"brier",3,40,12,0.91,NA
"brier",3,40,12,0.92,NA
"brier",3,40,12,0.93,NA
"brier",3,40,12,0.94,NA
"brier",3,40,12,0.95,NA
"brier",3,40,12,0.96,NA
"brier",3,40,12,0.97,NA
"brier",3,40,12,0.98,NA
"brier",3,40,12,0.99,NA
"brier",3,40,12,0.995,NA
"brier",3,40,13,0.9,NA
"brier",3,40,13,0.91,NA
"brier",3,40,13,0.92,NA
"brier",3,40,13,0.93,NA
"brier",3,40,13,0.94,NA
"brier",3,40,13,0.95,NA
"brier",3,40,13,0.96,NA
"brier",3,40,13,0.97,NA
"brier",3,40,13,0.98,NA
"brier",3,40,13,0.99,NA
"brier",3,40,13,0.995,NA
"brier",3,40,14,0.9,NA
"brier",3,40,14,0.91,NA
"brier",3,40,14,0.92,NA
"brier",3,40,14,0.93,NA
"brier",3,40,14,0.94,NA
"brier",3,40,14,0.95,NA
"brier",3,40,14,0.96,NA
"brier",3,40,14,0.97,NA
"brier",3,40,14,0.98,NA
"brier",3,40,14,0.99,NA
"brier",3,40,14,0.995,NA
"brier",3,40,15,0.9,NA
"brier",3,40,15,0.91,NA
"brier",3,40,15,0.92,NA
"brier",3,40,15,0.93,NA
"brier",3,40,15,0.94,NA
"brier",3,40,15,0.95,NA
"brier",3,40,15,0.96,NA
"brier",3,40,15,0.97,NA
"brier",3,40,15,0.98,NA
"brier",3,40,15,0.99,NA
"brier",3,40,15,0.995,NA
"brier",3,40,16,0.9,NA
"brier",3,40,16,0.91,NA
"brier",3,40,16,0.92,NA
"brier",3,40,16,0.93,NA
"brier",3,40,16,0.94,NA
"brier",3,40,16,0.95,NA
"brier",3,40,16,0.96,NA
"brier",3,40,16,0.97,NA
"brier",3,40,16,0.98,NA
"brier",3,40,16,0.99,NA
"brier",3,40,16,0.995,NA
"brier",3,40,17,0.9,NA
"brier",3,40,17,0.91,NA
"brier",3,40,17,0.92,NA
"brier",3,40,17,0.93,NA
"brier",3,40,17,0.94,NA
"brier",3,40,17,0.95,NA
"brier",3,40,17,0.96,NA
"brier",3,40,17,0.97,NA
"brier",3,40,17,0.98,NA
"brier",3,40,17,0.99,NA
"brier",3,40,17,0.995,NA
"brier",3,40,18,0.9,NA
"brier",3,40,18,0.91,NA
"brier",3,40,18,0.92,NA
"brier",3,40,18,0.93,NA
"brier",3,40,18,0.94,NA
"brier",3,40,18,0.95,NA
"brier",3,40,18,0.96,NA
"brier",3,40,18,0.97,NA
"brier",3,40,18,0.98,NA
"brier",3,40,18,0.99,NA
"brier",3,40,18,0.995,NA
"brier",3,40,19,0.9,NA
"brier",3,40,19,0.91,NA
"brier",3,40,19,0.92,NA
"brier",3,40,19,0.93,NA
"brier",3,40,19,0.94,NA
"brier",3,40,19,0.95,NA
"brier",3,40,19,0.96,NA
"brier",3,40,19,0.97,NA
"brier",3,40,19,0.98,NA
"brier",3,40,19,0.99,NA
"brier",3,40,19,0.995,NA
"brier",3,40,20,0.9,NA
"brier",3,40,20,0.91,NA
"brier",3,40,20,0.92,NA
"brier",3,40,20,0.93,NA
"brier",3,40,20,0.94,NA
"brier",3,40,20,0.95,NA
"brier",3,40,20,0.96,NA
"brier",3,40,20,0.97,NA
"brier",3,40,20,0.98,NA
"brier",3,40,20,0.99,NA
"brier",3,40,20,0.995,NA
"brier",3,40,21,0.9,NA
"brier",3,40,21,0.91,NA
"brier",3,40,21,0.92,NA
"brier",3,40,21,0.93,NA
"brier",3,40,21,0.94,NA
"brier",3,40,21,0.95,NA
"brier",3,40,21,0.96,NA
"brier",3,40,21,0.97,NA
"brier",3,40,21,0.98,NA
"brier",3,40,21,0.99,NA
"brier",3,40,21,0.995,NA
"brier",3,40,22,0.9,NA
"brier",3,40,22,0.91,NA
"brier",3,40,22,0.92,NA
"brier",3,40,22,0.93,NA
"brier",3,40,22,0.94,NA
"brier",3,40,22,0.95,NA
"brier",3,40,22,0.96,NA
"brier",3,40,22,0.97,NA
"brier",3,40,22,0.98,NA
"brier",3,40,22,0.99,NA
"brier",3,40,22,0.995,NA
"brier",3,40,23,0.9,NA
"brier",3,40,23,0.91,NA
"brier",3,40,23,0.92,NA
"brier",3,40,23,0.93,NA
"brier",3,40,23,0.94,NA
"brier",3,40,23,0.95,NA
"brier",3,40,23,0.96,NA
"brier",3,40,23,0.97,NA
"brier",3,40,23,0.98,NA
"brier",3,40,23,0.99,NA
"brier",3,40,23,0.995,NA
"brier",3,40,24,0.9,NA
"brier",3,40,24,0.91,NA
"brier",3,40,24,0.92,NA
"brier",3,40,24,0.93,NA
"brier",3,40,24,0.94,NA
"brier",3,40,24,0.95,NA
"brier",3,40,24,0.96,NA
"brier",3,40,24,0.97,NA
"brier",3,40,24,0.98,NA
"brier",3,40,24,0.99,NA
"brier",3,40,24,0.995,NA
"brier",3,40,25,0.9,NA
"brier",3,40,25,0.91,NA
"brier",3,40,25,0.92,NA
"brier",3,40,25,0.93,NA
"brier",3,40,25,0.94,NA
"brier",3,40,25,0.95,NA
"brier",3,40,25,0.96,NA
"brier",3,40,25,0.97,NA
"brier",3,40,25,0.98,NA
"brier",3,40,25,0.99,NA
"brier",3,40,25,0.995,NA
"brier",3,40,26,0.9,NA
"brier",3,40,26,0.91,NA
"brier",3,40,26,0.92,NA
"brier",3,40,26,0.93,NA
"brier",3,40,26,0.94,NA
"brier",3,40,26,0.95,NA
"brier",3,40,26,0.96,NA
"brier",3,40,26,0.97,NA
"brier",3,40,26,0.98,NA
"brier",3,40,26,0.99,NA
"brier",3,40,26,0.995,NA
"brier",3,40,27,0.9,NA
"brier",3,40,27,0.91,NA
"brier",3,40,27,0.92,NA
"brier",3,40,27,0.93,NA
"brier",3,40,27,0.94,NA
"brier",3,40,27,0.95,NA
"brier",3,40,27,0.96,NA
"brier",3,40,27,0.97,NA
"brier",3,40,27,0.98,NA
"brier",3,40,27,0.99,NA
"brier",3,40,27,0.995,NA
"brier",3,40,28,0.9,NA
"brier",3,40,28,0.91,NA
"brier",3,40,28,0.92,NA
"brier",3,40,28,0.93,NA
"brier",3,40,28,0.94,NA
"brier",3,40,28,0.95,NA
"brier",3,40,28,0.96,NA
"brier",3,40,28,0.97,NA
"brier",3,40,28,0.98,NA
"brier",3,40,28,0.99,NA
"brier",3,40,28,0.995,NA
"brier",3,40,29,0.9,NA
"brier",3,40,29,0.91,NA
"brier",3,40,29,0.92,NA
"brier",3,40,29,0.93,NA
"brier",3,40,29,0.94,NA
"brier",3,40,29,0.95,NA
"brier",3,40,29,0.96,NA
"brier",3,40,29,0.97,NA
"brier",3,40,29,0.98,NA
"brier",3,40,29,0.99,NA
"brier",3,40,29,0.995,NA
"brier",3,40,30,0.9,NA
"brier",3,40,30,0.91,NA
"brier",3,40,30,0.92,NA
"brier",3,40,30,0.93,NA
"brier",3,40,30,0.94,NA
"brier",3,40,30,0.95,NA
"brier",3,40,30,0.96,NA
"brier",3,40,30,0.97,NA
"brier",3,40,30,0.98,NA
"brier",3,40,30,0.99,NA
"brier",3,40,30,0.995,NA
"brier",3,40,31,0.9,NA
"brier",3,40,31,0.91,NA
"brier",3,40,31,0.92,NA
"brier",3,40,31,0.93,NA
"brier",3,40,31,0.94,NA
"brier",3,40,31,0.95,NA
"brier",3,40,31,0.96,NA
"brier",3,40,31,0.97,NA
"brier",3,40,31,0.98,NA
"brier",3,40,31,0.99,NA
"brier",3,40,31,0.995,NA
"brier",3,40,32,0.9,NA
"brier",3,40,32,0.91,NA
"brier",3,40,32,0.92,NA
"brier",3,40,32,0.93,NA
"brier",3,40,32,0.94,NA
"brier",3,40,32,0.95,NA
"brier",3,40,32,0.96,NA
"brier",3,40,32,0.97,NA
"brier",3,40,32,0.98,NA
"brier",3,40,32,0.99,NA
"brier",3,40,32,0.995,NA
"brier",3,40,33,0.9,NA
"brier",3,40,33,0.91,NA
"brier",3,40,33,0.92,NA
"brier",3,40,33,0.93,NA
"brier",3,40,33,0.94,NA
"brier",3,40,33,0.95,NA
"brier",3,40,33,0.96,NA
"brier",3,40,33,0.97,NA
"brier",3,40,33,0.98,NA
"brier",3,40,33,0.99,NA
"brier",3,40,33,0.995,NA
"brier",3,40,34,0.9,NA
"brier",3,40,34,0.91,NA
"brier",3,40,34,0.92,NA
"brier",3,40,34,0.93,NA
"brier",3,40,34,0.94,NA
"brier",3,40,34,0.95,NA
"brier",3,40,34,0.96,NA
"brier",3,40,34,0.97,NA
"brier",3,40,34,0.98,NA
"brier",3,40,34,0.99,NA
"brier",3,40,34,0.995,NA
"brier",3,40,35,0.9,NA
"brier",3,40,35,0.91,NA
"brier",3,40,35,0.92,NA
"brier",3,40,35,0.93,NA
"brier",3,40,35,0.94,NA
"brier",3,40,35,0.95,NA
"brier",3,40,35,0.96,NA
"brier",3,40,35,0.97,NA
"brier",3,40,35,0.98,NA
"brier",3,40,35,0.99,NA
"brier",3,40,35,0.995,NA
"brier",3,40,36,0.9,NA
"brier",3,40,36,0.91,NA
"brier",3,40,36,0.92,NA
"brier",3,40,36,0.93,NA
"brier",3,40,36,0.94,NA
"brier",3,40,36,0.95,NA
"brier",3,40,36,0.96,NA
"brier",3,40,36,0.97,NA
"brier",3,40,36,0.98,NA
"brier",3,40,36,0.99,NA
"brier",3,40,36,0.995,NA
"brier",3,40,37,0.9,NA
"brier",3,40,37,0.91,NA
"brier",3,40,37,0.92,NA
"brier",3,40,37,0.93,NA
"brier",3,40,37,0.94,NA
"brier",3,40,37,0.95,NA
"brier",3,40,37,0.96,NA
"brier",3,40,37,0.97,NA
"brier",3,40,37,0.98,NA
"brier",3,40,37,0.99,NA
"brier",3,40,37,0.995,NA
"brier",3,40,38,0.9,NA
"brier",3,40,38,0.91,NA
"brier",3,40,38,0.92,NA
"brier",3,40,38,0.93,NA
"brier",3,40,38,0.94,NA
"brier",3,40,38,0.95,NA
"brier",3,40,38,0.96,NA
"brier",3,40,38,0.97,NA
"brier",3,40,38,0.98,NA
"brier",3,40,38,0.99,NA
"brier",3,40,38,0.995,NA
"brier",3,40,39,0.9,NA
"brier",3,40,39,0.91,NA
"brier",3,40,39,0.92,NA
"brier",3,40,39,0.93,NA
"brier",3,40,39,0.94,NA
"brier",3,40,39,0.95,NA
"brier",3,40,39,0.96,NA
"brier",3,40,39,0.97,NA
"brier",3,40,39,0.98,NA
"brier",3,40,39,0.99,NA
"brier",3,40,39,0.995,NA
"brier",3,40,40,0.9,NA
"brier",3,40,40,0.91,NA
"brier",3,40,40,0.92,NA
"brier",3,40,40,0.93,NA
"brier",3,40,40,0.94,NA
"brier",3,40,40,0.95,NA
"brier",3,40,40,0.96,NA
"brier",3,40,40,0.97,NA
"brier",3,40,40,0.98,NA
"brier",3,40,40,0.99,NA
"brier",3,40,40,0.995,NA
"brier",3,40,41,0.9,NA
"brier",3,40,41,0.91,NA
"brier",3,40,41,0.92,NA
"brier",3,40,41,0.93,NA
"brier",3,40,41,0.94,NA
"brier",3,40,41,0.95,NA
"brier",3,40,41,0.96,NA
"brier",3,40,41,0.97,NA
"brier",3,40,41,0.98,NA
"brier",3,40,41,0.99,NA
"brier",3,40,41,0.995,NA
"brier",3,40,42,0.9,NA
"brier",3,40,42,0.91,NA
"brier",3,40,42,0.92,NA
"brier",3,40,42,0.93,NA
"brier",3,40,42,0.94,NA
"brier",3,40,42,0.95,NA
"brier",3,40,42,0.96,NA
"brier",3,40,42,0.97,NA
"brier",3,40,42,0.98,NA
"brier",3,40,42,0.99,NA
"brier",3,40,42,0.995,NA
"brier",3,40,43,0.9,NA
"brier",3,40,43,0.91,NA
"brier",3,40,43,0.92,NA
"brier",3,40,43,0.93,NA
"brier",3,40,43,0.94,NA
"brier",3,40,43,0.95,NA
"brier",3,40,43,0.96,NA
"brier",3,40,43,0.97,NA
"brier",3,40,43,0.98,NA
"brier",3,40,43,0.99,NA
"brier",3,40,43,0.995,NA
"brier",3,40,44,0.9,NA
"brier",3,40,44,0.91,NA
"brier",3,40,44,0.92,NA
"brier",3,40,44,0.93,NA
"brier",3,40,44,0.94,NA
"brier",3,40,44,0.95,NA
"brier",3,40,44,0.96,NA
"brier",3,40,44,0.97,NA
"brier",3,40,44,0.98,NA
"brier",3,40,44,0.99,NA
"brier",3,40,44,0.995,NA
"brier",3,40,45,0.9,NA
"brier",3,40,45,0.91,NA
"brier",3,40,45,0.92,NA
"brier",3,40,45,0.93,NA
"brier",3,40,45,0.94,NA
"brier",3,40,45,0.95,NA
"brier",3,40,45,0.96,NA
"brier",3,40,45,0.97,NA
"brier",3,40,45,0.98,NA
"brier",3,40,45,0.99,NA
"brier",3,40,45,0.995,NA
"brier",3,40,46,0.9,NA
"brier",3,40,46,0.91,NA
"brier",3,40,46,0.92,NA
"brier",3,40,46,0.93,NA
"brier",3,40,46,0.94,NA
"brier",3,40,46,0.95,NA
"brier",3,40,46,0.96,NA
"brier",3,40,46,0.97,NA
"brier",3,40,46,0.98,NA
"brier",3,40,46,0.99,NA
"brier",3,40,46,0.995,NA
"brier",3,40,47,0.9,NA
"brier",3,40,47,0.91,NA
"brier",3,40,47,0.92,NA
"brier",3,40,47,0.93,NA
"brier",3,40,47,0.94,NA
"brier",3,40,47,0.95,NA
"brier",3,40,47,0.96,NA
"brier",3,40,47,0.97,NA
"brier",3,40,47,0.98,NA
"brier",3,40,47,0.99,NA
"brier",3,40,47,0.995,NA
"brier",3,40,48,0.9,NA
"brier",3,40,48,0.91,NA
"brier",3,40,48,0.92,NA
"brier",3,40,48,0.93,NA
"brier",3,40,48,0.94,NA
"brier",3,40,48,0.95,NA
"brier",3,40,48,0.96,NA
"brier",3,40,48,0.97,NA
"brier",3,40,48,0.98,NA
"brier",3,40,48,0.99,NA
"brier",3,40,48,0.995,NA
"brier",3,40,49,0.9,NA
"brier",3,40,49,0.91,NA
"brier",3,40,49,0.92,NA
"brier",3,40,49,0.93,NA
"brier",3,40,49,0.94,NA
"brier",3,40,49,0.95,NA
"brier",3,40,49,0.96,NA
"brier",3,40,49,0.97,NA
"brier",3,40,49,0.98,NA
"brier",3,40,49,0.99,NA
"brier",3,40,49,0.995,NA
"brier",3,40,50,0.9,NA
"brier",3,40,50,0.91,NA
"brier",3,40,50,0.92,NA
"brier",3,40,50,0.93,NA
"brier",3,40,50,0.94,NA
"brier",3,40,50,0.95,NA
"brier",3,40,50,0.96,NA
"brier",3,40,50,0.97,NA
"brier",3,40,50,0.98,NA
"brier",3,40,50,0.99,NA
"brier",3,40,50,0.995,NA
"brier",4,40,1,0.9,0.0573989809
"brier",4,40,1,0.91,0.0540506234636364
"brier",4,40,1,0.92,0.0497667629090909
"brier",4,40,1,0.93,0.0461006439818182
"brier",4,40,1,0.94,0.0410477830272727
"brier",4,40,1,0.95,0.0354779745090909
"brier",4,40,1,0.96,0.0294509937045455
"brier",4,40,1,0.97,0.0241084184681818
"brier",4,40,1,0.98,0.0153246006227273
"brier",4,40,1,0.99,0.00996910965454545
"brier",4,40,1,0.995,0.0074647754
"brier",4,40,2,0.9,0.0287659229545455
"brier",4,40,2,0.91,0.0250152366045455
"brier",4,40,2,0.92,0.0219042625909091
"brier",4,40,2,0.93,0.0160805180772727
"brier",4,40,2,0.94,0.0131691034318182
"brier",4,40,2,0.95,0.00864961722727273
"brier",4,40,2,0.96,0.00423932302272727
"brier",4,40,2,0.97,0.00522224721363636
"brier",4,40,2,0.98,0.0012611354
"brier",4,40,2,0.99,0.00326337209545455
"brier",4,40,2,0.995,0.00287136625454545
"brier",4,40,3,0.9,0.0234455589818182
"brier",4,40,3,0.91,0.0224839541045455
"brier",4,40,3,0.92,0.0191467197136364
"brier",4,40,3,0.93,0.0192047374863636
"brier",4,40,3,0.94,0.0151947334863636
"brier",4,40,3,0.95,0.0107906436636364
"brier",4,40,3,0.96,0.00972149208181818
"brier",4,40,3,0.97,0.00854997239090909
"brier",4,40,3,0.98,0.0070215858
"brier",4,40,3,0.99,0.00288716685909091
"brier",4,40,3,0.995,0.00167670472272727
"brier",4,40,4,0.9,0.0247453100409091
"brier",4,40,4,0.91,0.0234665329363636
"brier",4,40,4,0.92,0.0217825344090909
"brier",4,40,4,0.93,0.0202311216318182
"brier",4,40,4,0.94,0.0172524997272727
"brier",4,40,4,0.95,0.0129468496090909
"brier",4,40,4,0.96,0.0106932078181818
"brier",4,40,4,0.97,0.00499823473636364
"brier",4,40,4,0.98,0.00062344655
"brier",4,40,4,0.99,0.00312329370454545
"brier",4,40,4,0.995,0.00245297751363636
"brier",4,40,5,0.9,0.0279583190090909
"brier",4,40,5,0.91,0.0232321576181818
"brier",4,40,5,0.92,0.0200621147909091
"brier",4,40,5,0.93,0.0171292275181818
"brier",4,40,5,0.94,0.0176090967727273
"brier",4,40,5,0.95,0.0201440436863636
"brier",4,40,5,0.96,0.0197826473090909
"brier",4,40,5,0.97,0.0194333517954545
"brier",4,40,5,0.98,0.0154181720636364
"brier",4,40,5,0.99,0.0108397207409091
"brier",4,40,5,0.995,0.00520333756363636
"brier",4,40,6,0.9,0.0612145391090909
"brier",4,40,6,0.91,0.0600348712681818
"brier",4,40,6,0.92,0.0563759640318182
"brier",4,40,6,0.93,0.0524596926636364
"brier",4,40,6,0.94,0.0494728060136364
"brier",4,40,6,0.95,0.04391048645
"brier",4,40,6,0.96,0.03926570625
"brier",4,40,6,0.97,0.0330170357727273
"brier",4,40,6,0.98,0.0266387553727273
"brier",4,40,6,0.99,0.0179277482136364
"brier",4,40,6,0.995,0.0125872692181818
"brier",4,40,7,0.9,0.0224296035909091
"brier",4,40,7,0.91,0.0185528595409091
"brier",4,40,7,0.92,0.0161375091818182
"brier",4,40,7,0.93,0.0129427207681818
"brier",4,40,7,0.94,0.0148425719636364
"brier",4,40,7,0.95,0.0141244916272727
"brier",4,40,7,0.96,0.0109760240818182
"brier",4,40,7,0.97,0.00776592642727273
"brier",4,40,7,0.98,0.00810865755909091
"brier",4,40,7,0.99,0.00542454322272727
"brier",4,40,7,0.995,0.00235695371818182
"brier",4,40,8,0.9,0.0167888467681818
"brier",4,40,8,0.91,0.0159927509090909
"brier",4,40,8,0.92,0.0147925224272727
"brier",4,40,8,0.93,0.0136570751090909
"brier",4,40,8,0.94,0.00974427951363636
"brier",4,40,8,0.95,0.00928255900454546
"brier",4,40,8,0.96,0.00777541404545455
"brier",4,40,8,0.97,0.00560346302272727
"brier",4,40,8,0.98,0.00340949625909091
"brier",4,40,8,0.99,0.00401506930909091
"brier",4,40,8,0.995,0.00262185452272727
"brier",4,40,9,0.9,0.0112855709272727
"brier",4,40,9,0.91,0.0125491522045455
"brier",4,40,9,0.92,0.0119658734363636
"brier",4,40,9,0.93,0.0130159024136364
"brier",4,40,9,0.94,0.0135571676272727
"brier",4,40,9,0.95,0.0119515651545455
"brier",4,40,9,0.96,0.0107308466045455
"brier",4,40,9,0.97,0.0123197601863636
"brier",4,40,9,0.98,0.0104061044090909
"brier",4,40,9,0.99,0.00548262780909091
"brier",4,40,9,0.995,0.00299405573181818
"brier",4,40,10,0.9,0.0304688973045455
"brier",4,40,10,0.91,0.0280616195818182
"brier",4,40,10,0.92,0.0273753534545455
"brier",4,40,10,0.93,0.0270302646636364
"brier",4,40,10,0.94,0.0261315075636364
"brier",4,40,10,0.95,0.0252276968954545
"brier",4,40,10,0.96,0.0214224535636364
"brier",4,40,10,0.97,0.0181888006409091
"brier",4,40,10,0.98,0.0148748495136364
"brier",4,40,10,0.99,0.00853876837272727
"brier",4,40,10,0.995,0.00385132684090909
"brier",4,40,11,0.9,NA
"brier",4,40,11,0.91,NA
"brier",4,40,11,0.92,NA
"brier",4,40,11,0.93,NA
"brier",4,40,11,0.94,NA
"brier",4,40,11,0.95,NA
"brier",4,40,11,0.96,NA
"brier",4,40,11,0.97,NA
"brier",4,40,11,0.98,NA
"brier",4,40,11,0.99,NA
"brier",4,40,11,0.995,NA
"brier",4,40,12,0.9,NA
"brier",4,40,12,0.91,NA
"brier",4,40,12,0.92,NA
"brier",4,40,12,0.93,NA
"brier",4,40,12,0.94,NA
"brier",4,40,12,0.95,NA
"brier",4,40,12,0.96,NA
"brier",4,40,12,0.97,NA
"brier",4,40,12,0.98,NA
"brier",4,40,12,0.99,NA
"brier",4,40,12,0.995,NA
"brier",4,40,13,0.9,NA
"brier",4,40,13,0.91,NA
"brier",4,40,13,0.92,NA
"brier",4,40,13,0.93,NA
"brier",4,40,13,0.94,NA
"brier",4,40,13,0.95,NA
"brier",4,40,13,0.96,NA
"brier",4,40,13,0.97,NA
"brier",4,40,13,0.98,NA
"brier",4,40,13,0.99,NA
"brier",4,40,13,0.995,NA
"brier",4,40,14,0.9,NA
"brier",4,40,14,0.91,NA
"brier",4,40,14,0.92,NA
"brier",4,40,14,0.93,NA
"brier",4,40,14,0.94,NA
"brier",4,40,14,0.95,NA
"brier",4,40,14,0.96,NA
"brier",4,40,14,0.97,NA
"brier",4,40,14,0.98,NA
"brier",4,40,14,0.99,NA
"brier",4,40,14,0.995,NA
"brier",4,40,15,0.9,NA
"brier",4,40,15,0.91,NA
"brier",4,40,15,0.92,NA
"brier",4,40,15,0.93,NA
"brier",4,40,15,0.94,NA
"brier",4,40,15,0.95,NA
"brier",4,40,15,0.96,NA
"brier",4,40,15,0.97,NA
"brier",4,40,15,0.98,NA
"brier",4,40,15,0.99,NA
"brier",4,40,15,0.995,NA
"brier",4,40,16,0.9,NA
"brier",4,40,16,0.91,NA
"brier",4,40,16,0.92,NA
"brier",4,40,16,0.93,NA
"brier",4,40,16,0.94,NA
"brier",4,40,16,0.95,NA
"brier",4,40,16,0.96,NA
"brier",4,40,16,0.97,NA
"brier",4,40,16,0.98,NA
"brier",4,40,16,0.99,NA
"brier",4,40,16,0.995,NA
"brier",4,40,17,0.9,NA
"brier",4,40,17,0.91,NA
"brier",4,40,17,0.92,NA
"brier",4,40,17,0.93,NA
"brier",4,40,17,0.94,NA
"brier",4,40,17,0.95,NA
"brier",4,40,17,0.96,NA
"brier",4,40,17,0.97,NA
"brier",4,40,17,0.98,NA
"brier",4,40,17,0.99,NA
"brier",4,40,17,0.995,NA
"brier",4,40,18,0.9,NA
"brier",4,40,18,0.91,NA
"brier",4,40,18,0.92,NA
"brier",4,40,18,0.93,NA
"brier",4,40,18,0.94,NA
"brier",4,40,18,0.95,NA
"brier",4,40,18,0.96,NA
"brier",4,40,18,0.97,NA
"brier",4,40,18,0.98,NA
"brier",4,40,18,0.99,NA
"brier",4,40,18,0.995,NA
"brier",4,40,19,0.9,NA
"brier",4,40,19,0.91,NA
"brier",4,40,19,0.92,NA
"brier",4,40,19,0.93,NA
"brier",4,40,19,0.94,NA
"brier",4,40,19,0.95,NA
"brier",4,40,19,0.96,NA
"brier",4,40,19,0.97,NA
"brier",4,40,19,0.98,NA
"brier",4,40,19,0.99,NA
"brier",4,40,19,0.995,NA
"brier",4,40,20,0.9,NA
"brier",4,40,20,0.91,NA
"brier",4,40,20,0.92,NA
"brier",4,40,20,0.93,NA
"brier",4,40,20,0.94,NA
"brier",4,40,20,0.95,NA
"brier",4,40,20,0.96,NA
"brier",4,40,20,0.97,NA
"brier",4,40,20,0.98,NA
"brier",4,40,20,0.99,NA
"brier",4,40,20,0.995,NA
"brier",4,40,21,0.9,NA
"brier",4,40,21,0.91,NA
"brier",4,40,21,0.92,NA
"brier",4,40,21,0.93,NA
"brier",4,40,21,0.94,NA
"brier",4,40,21,0.95,NA
"brier",4,40,21,0.96,NA
"brier",4,40,21,0.97,NA
"brier",4,40,21,0.98,NA
"brier",4,40,21,0.99,NA
"brier",4,40,21,0.995,NA
"brier",4,40,22,0.9,NA
"brier",4,40,22,0.91,NA
"brier",4,40,22,0.92,NA
"brier",4,40,22,0.93,NA
"brier",4,40,22,0.94,NA
"brier",4,40,22,0.95,NA
"brier",4,40,22,0.96,NA
"brier",4,40,22,0.97,NA
"brier",4,40,22,0.98,NA
"brier",4,40,22,0.99,NA
"brier",4,40,22,0.995,NA
"brier",4,40,23,0.9,NA
"brier",4,40,23,0.91,NA
"brier",4,40,23,0.92,NA
"brier",4,40,23,0.93,NA
"brier",4,40,23,0.94,NA
"brier",4,40,23,0.95,NA
"brier",4,40,23,0.96,NA
"brier",4,40,23,0.97,NA
"brier",4,40,23,0.98,NA
"brier",4,40,23,0.99,NA
"brier",4,40,23,0.995,NA
"brier",4,40,24,0.9,NA
"brier",4,40,24,0.91,NA
"brier",4,40,24,0.92,NA
"brier",4,40,24,0.93,NA
"brier",4,40,24,0.94,NA
"brier",4,40,24,0.95,NA
"brier",4,40,24,0.96,NA
"brier",4,40,24,0.97,NA
"brier",4,40,24,0.98,NA
"brier",4,40,24,0.99,NA
"brier",4,40,24,0.995,NA
"brier",4,40,25,0.9,NA
"brier",4,40,25,0.91,NA
"brier",4,40,25,0.92,NA
"brier",4,40,25,0.93,NA
"brier",4,40,25,0.94,NA
"brier",4,40,25,0.95,NA
"brier",4,40,25,0.96,NA
"brier",4,40,25,0.97,NA
"brier",4,40,25,0.98,NA
"brier",4,40,25,0.99,NA
"brier",4,40,25,0.995,NA
"brier",4,40,26,0.9,NA
"brier",4,40,26,0.91,NA
"brier",4,40,26,0.92,NA
"brier",4,40,26,0.93,NA
"brier",4,40,26,0.94,NA
"brier",4,40,26,0.95,NA
"brier",4,40,26,0.96,NA
"brier",4,40,26,0.97,NA
"brier",4,40,26,0.98,NA
"brier",4,40,26,0.99,NA
"brier",4,40,26,0.995,NA
"brier",4,40,27,0.9,NA
"brier",4,40,27,0.91,NA
"brier",4,40,27,0.92,NA
"brier",4,40,27,0.93,NA
"brier",4,40,27,0.94,NA
"brier",4,40,27,0.95,NA
"brier",4,40,27,0.96,NA
"brier",4,40,27,0.97,NA
"brier",4,40,27,0.98,NA
"brier",4,40,27,0.99,NA
"brier",4,40,27,0.995,NA
"brier",4,40,28,0.9,NA
"brier",4,40,28,0.91,NA
"brier",4,40,28,0.92,NA
"brier",4,40,28,0.93,NA
"brier",4,40,28,0.94,NA
"brier",4,40,28,0.95,NA
"brier",4,40,28,0.96,NA
"brier",4,40,28,0.97,NA
"brier",4,40,28,0.98,NA
"brier",4,40,28,0.99,NA
"brier",4,40,28,0.995,NA
"brier",4,40,29,0.9,NA
"brier",4,40,29,0.91,NA
"brier",4,40,29,0.92,NA
"brier",4,40,29,0.93,NA
"brier",4,40,29,0.94,NA
"brier",4,40,29,0.95,NA
"brier",4,40,29,0.96,NA
"brier",4,40,29,0.97,NA
"brier",4,40,29,0.98,NA
"brier",4,40,29,0.99,NA
"brier",4,40,29,0.995,NA
"brier",4,40,30,0.9,NA
"brier",4,40,30,0.91,NA
"brier",4,40,30,0.92,NA
"brier",4,40,30,0.93,NA
"brier",4,40,30,0.94,NA
"brier",4,40,30,0.95,NA
"brier",4,40,30,0.96,NA
"brier",4,40,30,0.97,NA
"brier",4,40,30,0.98,NA
"brier",4,40,30,0.99,NA
"brier",4,40,30,0.995,NA
"brier",4,40,31,0.9,NA
"brier",4,40,31,0.91,NA
"brier",4,40,31,0.92,NA
"brier",4,40,31,0.93,NA
"brier",4,40,31,0.94,NA
"brier",4,40,31,0.95,NA
"brier",4,40,31,0.96,NA
"brier",4,40,31,0.97,NA
"brier",4,40,31,0.98,NA
"brier",4,40,31,0.99,NA
"brier",4,40,31,0.995,NA
"brier",4,40,32,0.9,NA
"brier",4,40,32,0.91,NA
"brier",4,40,32,0.92,NA
"brier",4,40,32,0.93,NA
"brier",4,40,32,0.94,NA
"brier",4,40,32,0.95,NA
"brier",4,40,32,0.96,NA
"brier",4,40,32,0.97,NA
"brier",4,40,32,0.98,NA
"brier",4,40,32,0.99,NA
"brier",4,40,32,0.995,NA
"brier",4,40,33,0.9,NA
"brier",4,40,33,0.91,NA
"brier",4,40,33,0.92,NA
"brier",4,40,33,0.93,NA
"brier",4,40,33,0.94,NA
"brier",4,40,33,0.95,NA
"brier",4,40,33,0.96,NA
"brier",4,40,33,0.97,NA
"brier",4,40,33,0.98,NA
"brier",4,40,33,0.99,NA
"brier",4,40,33,0.995,NA
"brier",4,40,34,0.9,NA
"brier",4,40,34,0.91,NA
"brier",4,40,34,0.92,NA
"brier",4,40,34,0.93,NA
"brier",4,40,34,0.94,NA
"brier",4,40,34,0.95,NA
"brier",4,40,34,0.96,NA
"brier",4,40,34,0.97,NA
"brier",4,40,34,0.98,NA
"brier",4,40,34,0.99,NA
"brier",4,40,34,0.995,NA
"brier",4,40,35,0.9,NA
"brier",4,40,35,0.91,NA
"brier",4,40,35,0.92,NA
"brier",4,40,35,0.93,NA
"brier",4,40,35,0.94,NA
"brier",4,40,35,0.95,NA
"brier",4,40,35,0.96,NA
"brier",4,40,35,0.97,NA
"brier",4,40,35,0.98,NA
"brier",4,40,35,0.99,NA
"brier",4,40,35,0.995,NA
"brier",4,40,36,0.9,NA
"brier",4,40,36,0.91,NA
"brier",4,40,36,0.92,NA
"brier",4,40,36,0.93,NA
"brier",4,40,36,0.94,NA
"brier",4,40,36,0.95,NA
"brier",4,40,36,0.96,NA
"brier",4,40,36,0.97,NA
"brier",4,40,36,0.98,NA
"brier",4,40,36,0.99,NA
"brier",4,40,36,0.995,NA
"brier",4,40,37,0.9,NA
"brier",4,40,37,0.91,NA
"brier",4,40,37,0.92,NA
"brier",4,40,37,0.93,NA
"brier",4,40,37,0.94,NA
"brier",4,40,37,0.95,NA
"brier",4,40,37,0.96,NA
"brier",4,40,37,0.97,NA
"brier",4,40,37,0.98,NA
"brier",4,40,37,0.99,NA
"brier",4,40,37,0.995,NA
"brier",4,40,38,0.9,NA
"brier",4,40,38,0.91,NA
"brier",4,40,38,0.92,NA
"brier",4,40,38,0.93,NA
"brier",4,40,38,0.94,NA
"brier",4,40,38,0.95,NA
"brier",4,40,38,0.96,NA
"brier",4,40,38,0.97,NA
"brier",4,40,38,0.98,NA
"brier",4,40,38,0.99,NA
"brier",4,40,38,0.995,NA
"brier",4,40,39,0.9,NA
"brier",4,40,39,0.91,NA
"brier",4,40,39,0.92,NA
"brier",4,40,39,0.93,NA
"brier",4,40,39,0.94,NA
"brier",4,40,39,0.95,NA
"brier",4,40,39,0.96,NA
"brier",4,40,39,0.97,NA
"brier",4,40,39,0.98,NA
"brier",4,40,39,0.99,NA
"brier",4,40,39,0.995,NA
"brier",4,40,40,0.9,NA
"brier",4,40,40,0.91,NA
"brier",4,40,40,0.92,NA
"brier",4,40,40,0.93,NA
"brier",4,40,40,0.94,NA
"brier",4,40,40,0.95,NA
"brier",4,40,40,0.96,NA
"brier",4,40,40,0.97,NA
"brier",4,40,40,0.98,NA
"brier",4,40,40,0.99,NA
"brier",4,40,40,0.995,NA
"brier",4,40,41,0.9,NA
"brier",4,40,41,0.91,NA
"brier",4,40,41,0.92,NA
"brier",4,40,41,0.93,NA
"brier",4,40,41,0.94,NA
"brier",4,40,41,0.95,NA
"brier",4,40,41,0.96,NA
"brier",4,40,41,0.97,NA
"brier",4,40,41,0.98,NA
"brier",4,40,41,0.99,NA
"brier",4,40,41,0.995,NA
"brier",4,40,42,0.9,NA
"brier",4,40,42,0.91,NA
"brier",4,40,42,0.92,NA
"brier",4,40,42,0.93,NA
"brier",4,40,42,0.94,NA
"brier",4,40,42,0.95,NA
"brier",4,40,42,0.96,NA
"brier",4,40,42,0.97,NA
"brier",4,40,42,0.98,NA
"brier",4,40,42,0.99,NA
"brier",4,40,42,0.995,NA
"brier",4,40,43,0.9,NA
"brier",4,40,43,0.91,NA
"brier",4,40,43,0.92,NA
"brier",4,40,43,0.93,NA
"brier",4,40,43,0.94,NA
"brier",4,40,43,0.95,NA
"brier",4,40,43,0.96,NA
"brier",4,40,43,0.97,NA
"brier",4,40,43,0.98,NA
"brier",4,40,43,0.99,NA
"brier",4,40,43,0.995,NA
"brier",4,40,44,0.9,NA
"brier",4,40,44,0.91,NA
"brier",4,40,44,0.92,NA
"brier",4,40,44,0.93,NA
"brier",4,40,44,0.94,NA
"brier",4,40,44,0.95,NA
"brier",4,40,44,0.96,NA
"brier",4,40,44,0.97,NA
"brier",4,40,44,0.98,NA
"brier",4,40,44,0.99,NA
"brier",4,40,44,0.995,NA
"brier",4,40,45,0.9,NA
"brier",4,40,45,0.91,NA
"brier",4,40,45,0.92,NA
"brier",4,40,45,0.93,NA
"brier",4,40,45,0.94,NA
"brier",4,40,45,0.95,NA
"brier",4,40,45,0.96,NA
"brier",4,40,45,0.97,NA
"brier",4,40,45,0.98,NA
"brier",4,40,45,0.99,NA
"brier",4,40,45,0.995,NA
"brier",4,40,46,0.9,NA
"brier",4,40,46,0.91,NA
"brier",4,40,46,0.92,NA
"brier",4,40,46,0.93,NA
"brier",4,40,46,0.94,NA
"brier",4,40,46,0.95,NA
"brier",4,40,46,0.96,NA
"brier",4,40,46,0.97,NA
"brier",4,40,46,0.98,NA
"brier",4,40,46,0.99,NA
"brier",4,40,46,0.995,NA
"brier",4,40,47,0.9,NA
"brier",4,40,47,0.91,NA
"brier",4,40,47,0.92,NA
"brier",4,40,47,0.93,NA
"brier",4,40,47,0.94,NA
"brier",4,40,47,0.95,NA
"brier",4,40,47,0.96,NA
"brier",4,40,47,0.97,NA
"brier",4,40,47,0.98,NA
"brier",4,40,47,0.99,NA
"brier",4,40,47,0.995,NA
"brier",4,40,48,0.9,NA
"brier",4,40,48,0.91,NA
"brier",4,40,48,0.92,NA
"brier",4,40,48,0.93,NA
"brier",4,40,48,0.94,NA
"brier",4,40,48,0.95,NA
"brier",4,40,48,0.96,NA
"brier",4,40,48,0.97,NA
"brier",4,40,48,0.98,NA
"brier",4,40,48,0.99,NA
"brier",4,40,48,0.995,NA
"brier",4,40,49,0.9,NA
"brier",4,40,49,0.91,NA
"brier",4,40,49,0.92,NA
"brier",4,40,49,0.93,NA
"brier",4,40,49,0.94,NA
"brier",4,40,49,0.95,NA
"brier",4,40,49,0.96,NA
"brier",4,40,49,0.97,NA
"brier",4,40,49,0.98,NA
"brier",4,40,49,0.99,NA
"brier",4,40,49,0.995,NA
"brier",4,40,50,0.9,NA
"brier",4,40,50,0.91,NA
"brier",4,40,50,0.92,NA
"brier",4,40,50,0.93,NA
"brier",4,40,50,0.94,NA
"brier",4,40,50,0.95,NA
"brier",4,40,50,0.96,NA
"brier",4,40,50,0.97,NA
"brier",4,40,50,0.98,NA
"brier",4,40,50,0.99,NA
"brier",4,40,50,0.995,NA
"brier",5,40,1,0.9,0.0479361840590909
"brier",5,40,1,0.91,0.0442670928954545
"brier",5,40,1,0.92,0.0416011166545455
"brier",5,40,1,0.93,0.0393537632681818
"brier",5,40,1,0.94,0.0341729311454545
"brier",5,40,1,0.95,0.0282530424
"brier",5,40,1,0.96,0.0225628427636364
"brier",5,40,1,0.97,0.0172731650363636
"brier",5,40,1,0.98,0.0118027911909091
"brier",5,40,1,0.99,0.00812913645
"brier",5,40,1,0.995,0.00439610235454545
"brier",5,40,2,0.9,0.0512613791772727
"brier",5,40,2,0.91,0.0472539247727273
"brier",5,40,2,0.92,0.0425552660636364
"brier",5,40,2,0.93,0.0355290815227273
"brier",5,40,2,0.94,0.0291228557
"brier",5,40,2,0.95,0.0228531543136364
"brier",5,40,2,0.96,0.01875246655
"brier",5,40,2,0.97,0.0150219864
"brier",5,40,2,0.98,0.00997928795909091
"brier",5,40,2,0.99,0.00644606890454545
"brier",5,40,2,0.995,0.00333792614545455
"brier",5,40,3,0.9,0.0484712647863636
"brier",5,40,3,0.91,0.0458328983136364
"brier",5,40,3,0.92,0.0410276461954545
"brier",5,40,3,0.93,0.0376833172181818
"brier",5,40,3,0.94,0.0326223862
"brier",5,40,3,0.95,0.0256712730090909
"brier",5,40,3,0.96,0.0228987628090909
"brier",5,40,3,0.97,0.0171025360227273
"brier",5,40,3,0.98,0.0115357819863636
"brier",5,40,3,0.99,0.00523452834090909
"brier",5,40,3,0.995,0.00244457359090909
"brier",5,40,4,0.9,0.0506994880772727
"brier",5,40,4,0.91,0.0473082575272727
"brier",5,40,4,0.92,0.0427059789590909
"brier",5,40,4,0.93,0.0366208439409091
"brier",5,40,4,0.94,0.0310181131545455
"brier",5,40,4,0.95,0.02582678815
"brier",5,40,4,0.96,0.02200869765
"brier",5,40,4,0.97,0.0144145682409091
"brier",5,40,4,0.98,0.00905555184090909
"brier",5,40,4,0.99,0.00724239006818182
"brier",5,40,4,0.995,0.00435792831363636
"brier",5,40,5,0.9,0.0514033930681818
"brier",5,40,5,0.91,0.0452516887909091
"brier",5,40,5,0.92,0.0408657314863636
"brier",5,40,5,0.93,0.0376998968636364
"brier",5,40,5,0.94,0.0348475868636364
"brier",5,40,5,0.95,0.03168897715
"brier",5,40,5,0.96,0.0263272657318182
"brier",5,40,5,0.97,0.0227010583818182
"brier",5,40,5,0.98,0.0164885496409091
"brier",5,40,5,0.99,0.00940818511818182
"brier",5,40,5,0.995,0.00462010770909091
"brier",5,40,6,0.9,0.0492347658590909
"brier",5,40,6,0.91,0.0491325935863636
"brier",5,40,6,0.92,0.0452465022272727
"brier",5,40,6,0.93,0.0421901933136364
"brier",5,40,6,0.94,0.0411950602
"brier",5,40,6,0.95,0.0356861919272727
"brier",5,40,6,0.96,0.0297672349863636
"brier",5,40,6,0.97,0.0234971087590909
"brier",5,40,6,0.98,0.0174776125045455
"brier",5,40,6,0.99,0.00897515310454546
"brier",5,40,6,0.995,0.00486812334545455
"brier",5,40,7,0.9,0.0514294207272727
"brier",5,40,7,0.91,0.0475397526909091
"brier",5,40,7,0.92,0.0441487850909091
"brier",5,40,7,0.93,0.0387530078909091
"brier",5,40,7,0.94,0.0361679429363636
"brier",5,40,7,0.95,0.031078642
"brier",5,40,7,0.96,0.0243385732590909
"brier",5,40,7,0.97,0.0190239842272727
"brier",5,40,7,0.98,0.0134095702363636
"brier",5,40,7,0.99,0.00702611155
"brier",5,40,7,0.995,0.00379747492272727
"brier",5,40,8,0.9,0.0443851415136364
"brier",5,40,8,0.91,0.0418273093681818
"brier",5,40,8,0.92,0.0381201854090909
"brier",5,40,8,0.93,0.0341708754727273
"brier",5,40,8,0.94,0.0295922147863636
"brier",5,40,8,0.95,0.0265821955363636
"brier",5,40,8,0.96,0.0204700202227273
"brier",5,40,8,0.97,0.0189794418454545
"brier",5,40,8,0.98,0.0127555562590909
"brier",5,40,8,0.99,0.00689936188636364
"brier",5,40,8,0.995,0.00382774300909091
"brier",5,40,9,0.9,0.0514125691045455
"brier",5,40,9,0.91,0.0476683699227273
"brier",5,40,9,0.92,0.0450876542272727
"brier",5,40,9,0.93,0.0400208756636364
"brier",5,40,9,0.94,0.0348210419545455
"brier",5,40,9,0.95,0.0290971086818182
"brier",5,40,9,0.96,0.0248383981272727
"brier",5,40,9,0.97,0.0187773932909091
"brier",5,40,9,0.98,0.0125614780363636
"brier",5,40,9,0.99,0.00719571588181818
"brier",5,40,9,0.995,0.00421815937727273
"brier",5,40,10,0.9,0.0558580968
"brier",5,40,10,0.91,0.05207616895
"brier",5,40,10,0.92,0.0499559755545455
"brier",5,40,10,0.93,0.0464922152545455
"brier",5,40,10,0.94,0.0424810971863636
"brier",5,40,10,0.95,0.03741243945
"brier",5,40,10,0.96,0.0304268366181818
"brier",5,40,10,0.97,0.0238644887909091
"brier",5,40,10,0.98,0.01661443345
"brier",5,40,10,0.99,0.00934935571363636
"brier",5,40,10,0.995,0.00432440101363636
"brier",5,40,11,0.9,NA
"brier",5,40,11,0.91,NA
"brier",5,40,11,0.92,NA
"brier",5,40,11,0.93,NA
"brier",5,40,11,0.94,NA
"brier",5,40,11,0.95,NA
"brier",5,40,11,0.96,NA
"brier",5,40,11,0.97,NA
"brier",5,40,11,0.98,NA
"brier",5,40,11,0.99,NA
"brier",5,40,11,0.995,NA
"brier",5,40,12,0.9,NA
"brier",5,40,12,0.91,NA
"brier",5,40,12,0.92,NA
"brier",5,40,12,0.93,NA
"brier",5,40,12,0.94,NA
"brier",5,40,12,0.95,NA
"brier",5,40,12,0.96,NA
"brier",5,40,12,0.97,NA
"brier",5,40,12,0.98,NA
"brier",5,40,12,0.99,NA
"brier",5,40,12,0.995,NA
"brier",5,40,13,0.9,NA
"brier",5,40,13,0.91,NA
"brier",5,40,13,0.92,NA
"brier",5,40,13,0.93,NA
"brier",5,40,13,0.94,NA
"brier",5,40,13,0.95,NA
"brier",5,40,13,0.96,NA
"brier",5,40,13,0.97,NA
"brier",5,40,13,0.98,NA
"brier",5,40,13,0.99,NA
"brier",5,40,13,0.995,NA
"brier",5,40,14,0.9,NA
"brier",5,40,14,0.91,NA
"brier",5,40,14,0.92,NA
"brier",5,40,14,0.93,NA
"brier",5,40,14,0.94,NA
"brier",5,40,14,0.95,NA
"brier",5,40,14,0.96,NA
"brier",5,40,14,0.97,NA
"brier",5,40,14,0.98,NA
"brier",5,40,14,0.99,NA
"brier",5,40,14,0.995,NA
"brier",5,40,15,0.9,NA
"brier",5,40,15,0.91,NA
"brier",5,40,15,0.92,NA
"brier",5,40,15,0.93,NA
"brier",5,40,15,0.94,NA
"brier",5,40,15,0.95,NA
"brier",5,40,15,0.96,NA
"brier",5,40,15,0.97,NA
"brier",5,40,15,0.98,NA
"brier",5,40,15,0.99,NA
"brier",5,40,15,0.995,NA
"brier",5,40,16,0.9,NA
"brier",5,40,16,0.91,NA
"brier",5,40,16,0.92,NA
"brier",5,40,16,0.93,NA
"brier",5,40,16,0.94,NA
"brier",5,40,16,0.95,NA
"brier",5,40,16,0.96,NA
"brier",5,40,16,0.97,NA
"brier",5,40,16,0.98,NA
"brier",5,40,16,0.99,NA
"brier",5,40,16,0.995,NA
"brier",5,40,17,0.9,NA
"brier",5,40,17,0.91,NA
"brier",5,40,17,0.92,NA
"brier",5,40,17,0.93,NA
"brier",5,40,17,0.94,NA
"brier",5,40,17,0.95,NA
"brier",5,40,17,0.96,NA
"brier",5,40,17,0.97,NA
"brier",5,40,17,0.98,NA
"brier",5,40,17,0.99,NA
"brier",5,40,17,0.995,NA
"brier",5,40,18,0.9,NA
"brier",5,40,18,0.91,NA
"brier",5,40,18,0.92,NA
"brier",5,40,18,0.93,NA
"brier",5,40,18,0.94,NA
"brier",5,40,18,0.95,NA
"brier",5,40,18,0.96,NA
"brier",5,40,18,0.97,NA
"brier",5,40,18,0.98,NA
"brier",5,40,18,0.99,NA
"brier",5,40,18,0.995,NA
"brier",5,40,19,0.9,NA
"brier",5,40,19,0.91,NA
"brier",5,40,19,0.92,NA
"brier",5,40,19,0.93,NA
"brier",5,40,19,0.94,NA
"brier",5,40,19,0.95,NA
"brier",5,40,19,0.96,NA
"brier",5,40,19,0.97,NA
"brier",5,40,19,0.98,NA
"brier",5,40,19,0.99,NA
"brier",5,40,19,0.995,NA
"brier",5,40,20,0.9,NA
"brier",5,40,20,0.91,NA
"brier",5,40,20,0.92,NA
"brier",5,40,20,0.93,NA
"brier",5,40,20,0.94,NA
"brier",5,40,20,0.95,NA
"brier",5,40,20,0.96,NA
"brier",5,40,20,0.97,NA
"brier",5,40,20,0.98,NA
"brier",5,40,20,0.99,NA
"brier",5,40,20,0.995,NA
"brier",5,40,21,0.9,NA
"brier",5,40,21,0.91,NA
"brier",5,40,21,0.92,NA
"brier",5,40,21,0.93,NA
"brier",5,40,21,0.94,NA
"brier",5,40,21,0.95,NA
"brier",5,40,21,0.96,NA
"brier",5,40,21,0.97,NA
"brier",5,40,21,0.98,NA
"brier",5,40,21,0.99,NA
"brier",5,40,21,0.995,NA
"brier",5,40,22,0.9,NA
"brier",5,40,22,0.91,NA
"brier",5,40,22,0.92,NA
"brier",5,40,22,0.93,NA
"brier",5,40,22,0.94,NA
"brier",5,40,22,0.95,NA
"brier",5,40,22,0.96,NA
"brier",5,40,22,0.97,NA
"brier",5,40,22,0.98,NA
"brier",5,40,22,0.99,NA
"brier",5,40,22,0.995,NA
"brier",5,40,23,0.9,NA
"brier",5,40,23,0.91,NA
"brier",5,40,23,0.92,NA
"brier",5,40,23,0.93,NA
"brier",5,40,23,0.94,NA
"brier",5,40,23,0.95,NA
"brier",5,40,23,0.96,NA
"brier",5,40,23,0.97,NA
"brier",5,40,23,0.98,NA
"brier",5,40,23,0.99,NA
"brier",5,40,23,0.995,NA
"brier",5,40,24,0.9,NA
"brier",5,40,24,0.91,NA
"brier",5,40,24,0.92,NA
"brier",5,40,24,0.93,NA
"brier",5,40,24,0.94,NA
"brier",5,40,24,0.95,NA
"brier",5,40,24,0.96,NA
"brier",5,40,24,0.97,NA
"brier",5,40,24,0.98,NA
"brier",5,40,24,0.99,NA
"brier",5,40,24,0.995,NA
"brier",5,40,25,0.9,NA
"brier",5,40,25,0.91,NA
"brier",5,40,25,0.92,NA
"brier",5,40,25,0.93,NA
"brier",5,40,25,0.94,NA
"brier",5,40,25,0.95,NA
"brier",5,40,25,0.96,NA
"brier",5,40,25,0.97,NA
"brier",5,40,25,0.98,NA
"brier",5,40,25,0.99,NA
"brier",5,40,25,0.995,NA
"brier",5,40,26,0.9,NA
"brier",5,40,26,0.91,NA
"brier",5,40,26,0.92,NA
"brier",5,40,26,0.93,NA
"brier",5,40,26,0.94,NA
"brier",5,40,26,0.95,NA
"brier",5,40,26,0.96,NA
"brier",5,40,26,0.97,NA
"brier",5,40,26,0.98,NA
"brier",5,40,26,0.99,NA
"brier",5,40,26,0.995,NA
"brier",5,40,27,0.9,NA
"brier",5,40,27,0.91,NA
"brier",5,40,27,0.92,NA
"brier",5,40,27,0.93,NA
"brier",5,40,27,0.94,NA
"brier",5,40,27,0.95,NA
"brier",5,40,27,0.96,NA
"brier",5,40,27,0.97,NA
"brier",5,40,27,0.98,NA
"brier",5,40,27,0.99,NA
"brier",5,40,27,0.995,NA
"brier",5,40,28,0.9,NA
"brier",5,40,28,0.91,NA
"brier",5,40,28,0.92,NA
"brier",5,40,28,0.93,NA
"brier",5,40,28,0.94,NA
"brier",5,40,28,0.95,NA
"brier",5,40,28,0.96,NA
"brier",5,40,28,0.97,NA
"brier",5,40,28,0.98,NA
"brier",5,40,28,0.99,NA
"brier",5,40,28,0.995,NA
"brier",5,40,29,0.9,NA
"brier",5,40,29,0.91,NA
"brier",5,40,29,0.92,NA
"brier",5,40,29,0.93,NA
"brier",5,40,29,0.94,NA
"brier",5,40,29,0.95,NA
"brier",5,40,29,0.96,NA
"brier",5,40,29,0.97,NA
"brier",5,40,29,0.98,NA
"brier",5,40,29,0.99,NA
"brier",5,40,29,0.995,NA
"brier",5,40,30,0.9,NA
"brier",5,40,30,0.91,NA
"brier",5,40,30,0.92,NA
"brier",5,40,30,0.93,NA
"brier",5,40,30,0.94,NA
"brier",5,40,30,0.95,NA
"brier",5,40,30,0.96,NA
"brier",5,40,30,0.97,NA
"brier",5,40,30,0.98,NA
"brier",5,40,30,0.99,NA
"brier",5,40,30,0.995,NA
"brier",5,40,31,0.9,NA
"brier",5,40,31,0.91,NA
"brier",5,40,31,0.92,NA
"brier",5,40,31,0.93,NA
"brier",5,40,31,0.94,NA
"brier",5,40,31,0.95,NA
"brier",5,40,31,0.96,NA
"brier",5,40,31,0.97,NA
"brier",5,40,31,0.98,NA
"brier",5,40,31,0.99,NA
"brier",5,40,31,0.995,NA
"brier",5,40,32,0.9,NA
"brier",5,40,32,0.91,NA
"brier",5,40,32,0.92,NA
"brier",5,40,32,0.93,NA
"brier",5,40,32,0.94,NA
"brier",5,40,32,0.95,NA
"brier",5,40,32,0.96,NA
"brier",5,40,32,0.97,NA
"brier",5,40,32,0.98,NA
"brier",5,40,32,0.99,NA
"brier",5,40,32,0.995,NA
"brier",5,40,33,0.9,NA
"brier",5,40,33,0.91,NA
"brier",5,40,33,0.92,NA
"brier",5,40,33,0.93,NA
"brier",5,40,33,0.94,NA
"brier",5,40,33,0.95,NA
"brier",5,40,33,0.96,NA
"brier",5,40,33,0.97,NA
"brier",5,40,33,0.98,NA
"brier",5,40,33,0.99,NA
"brier",5,40,33,0.995,NA
"brier",5,40,34,0.9,NA
"brier",5,40,34,0.91,NA
"brier",5,40,34,0.92,NA
"brier",5,40,34,0.93,NA
"brier",5,40,34,0.94,NA
"brier",5,40,34,0.95,NA
"brier",5,40,34,0.96,NA
"brier",5,40,34,0.97,NA
"brier",5,40,34,0.98,NA
"brier",5,40,34,0.99,NA
"brier",5,40,34,0.995,NA
"brier",5,40,35,0.9,NA
"brier",5,40,35,0.91,NA
"brier",5,40,35,0.92,NA
"brier",5,40,35,0.93,NA
"brier",5,40,35,0.94,NA
"brier",5,40,35,0.95,NA
"brier",5,40,35,0.96,NA
"brier",5,40,35,0.97,NA
"brier",5,40,35,0.98,NA
"brier",5,40,35,0.99,NA
"brier",5,40,35,0.995,NA
"brier",5,40,36,0.9,NA
"brier",5,40,36,0.91,NA
"brier",5,40,36,0.92,NA
"brier",5,40,36,0.93,NA
"brier",5,40,36,0.94,NA
"brier",5,40,36,0.95,NA
"brier",5,40,36,0.96,NA
"brier",5,40,36,0.97,NA
"brier",5,40,36,0.98,NA
"brier",5,40,36,0.99,NA
"brier",5,40,36,0.995,NA
"brier",5,40,37,0.9,NA
"brier",5,40,37,0.91,NA
"brier",5,40,37,0.92,NA
"brier",5,40,37,0.93,NA
"brier",5,40,37,0.94,NA
"brier",5,40,37,0.95,NA
"brier",5,40,37,0.96,NA
"brier",5,40,37,0.97,NA
"brier",5,40,37,0.98,NA
"brier",5,40,37,0.99,NA
"brier",5,40,37,0.995,NA
"brier",5,40,38,0.9,NA
"brier",5,40,38,0.91,NA
"brier",5,40,38,0.92,NA
"brier",5,40,38,0.93,NA
"brier",5,40,38,0.94,NA
"brier",5,40,38,0.95,NA
"brier",5,40,38,0.96,NA
"brier",5,40,38,0.97,NA
"brier",5,40,38,0.98,NA
"brier",5,40,38,0.99,NA
"brier",5,40,38,0.995,NA
"brier",5,40,39,0.9,NA
"brier",5,40,39,0.91,NA
"brier",5,40,39,0.92,NA
"brier",5,40,39,0.93,NA
"brier",5,40,39,0.94,NA
"brier",5,40,39,0.95,NA
"brier",5,40,39,0.96,NA
"brier",5,40,39,0.97,NA
"brier",5,40,39,0.98,NA
"brier",5,40,39,0.99,NA
"brier",5,40,39,0.995,NA
"brier",5,40,40,0.9,NA
"brier",5,40,40,0.91,NA
"brier",5,40,40,0.92,NA
"brier",5,40,40,0.93,NA
"brier",5,40,40,0.94,NA
"brier",5,40,40,0.95,NA
"brier",5,40,40,0.96,NA
"brier",5,40,40,0.97,NA
"brier",5,40,40,0.98,NA
"brier",5,40,40,0.99,NA
"brier",5,40,40,0.995,NA
"brier",5,40,41,0.9,NA
"brier",5,40,41,0.91,NA
"brier",5,40,41,0.92,NA
"brier",5,40,41,0.93,NA
"brier",5,40,41,0.94,NA
"brier",5,40,41,0.95,NA
"brier",5,40,41,0.96,NA
"brier",5,40,41,0.97,NA
"brier",5,40,41,0.98,NA
"brier",5,40,41,0.99,NA
"brier",5,40,41,0.995,NA
"brier",5,40,42,0.9,NA
"brier",5,40,42,0.91,NA
"brier",5,40,42,0.92,NA
"brier",5,40,42,0.93,NA
"brier",5,40,42,0.94,NA
"brier",5,40,42,0.95,NA
"brier",5,40,42,0.96,NA
"brier",5,40,42,0.97,NA
"brier",5,40,42,0.98,NA
"brier",5,40,42,0.99,NA
"brier",5,40,42,0.995,NA
"brier",5,40,43,0.9,NA
"brier",5,40,43,0.91,NA
"brier",5,40,43,0.92,NA
"brier",5,40,43,0.93,NA
"brier",5,40,43,0.94,NA
"brier",5,40,43,0.95,NA
"brier",5,40,43,0.96,NA
"brier",5,40,43,0.97,NA
"brier",5,40,43,0.98,NA
"brier",5,40,43,0.99,NA
"brier",5,40,43,0.995,NA
"brier",5,40,44,0.9,NA
"brier",5,40,44,0.91,NA
"brier",5,40,44,0.92,NA
"brier",5,40,44,0.93,NA
"brier",5,40,44,0.94,NA
"brier",5,40,44,0.95,NA
"brier",5,40,44,0.96,NA
"brier",5,40,44,0.97,NA
"brier",5,40,44,0.98,NA
"brier",5,40,44,0.99,NA
"brier",5,40,44,0.995,NA
"brier",5,40,45,0.9,NA
"brier",5,40,45,0.91,NA
"brier",5,40,45,0.92,NA
"brier",5,40,45,0.93,NA
"brier",5,40,45,0.94,NA
"brier",5,40,45,0.95,NA
"brier",5,40,45,0.96,NA
"brier",5,40,45,0.97,NA
"brier",5,40,45,0.98,NA
"brier",5,40,45,0.99,NA
"brier",5,40,45,0.995,NA
"brier",5,40,46,0.9,NA
"brier",5,40,46,0.91,NA
"brier",5,40,46,0.92,NA
"brier",5,40,46,0.93,NA
"brier",5,40,46,0.94,NA
"brier",5,40,46,0.95,NA
"brier",5,40,46,0.96,NA
"brier",5,40,46,0.97,NA
"brier",5,40,46,0.98,NA
"brier",5,40,46,0.99,NA
"brier",5,40,46,0.995,NA
"brier",5,40,47,0.9,NA
"brier",5,40,47,0.91,NA
"brier",5,40,47,0.92,NA
"brier",5,40,47,0.93,NA
"brier",5,40,47,0.94,NA
"brier",5,40,47,0.95,NA
"brier",5,40,47,0.96,NA
"brier",5,40,47,0.97,NA
"brier",5,40,47,0.98,NA
"brier",5,40,47,0.99,NA
"brier",5,40,47,0.995,NA
"brier",5,40,48,0.9,NA
"brier",5,40,48,0.91,NA
"brier",5,40,48,0.92,NA
"brier",5,40,48,0.93,NA
"brier",5,40,48,0.94,NA
"brier",5,40,48,0.95,NA
"brier",5,40,48,0.96,NA
"brier",5,40,48,0.97,NA
"brier",5,40,48,0.98,NA
"brier",5,40,48,0.99,NA
"brier",5,40,48,0.995,NA
"brier",5,40,49,0.9,NA
"brier",5,40,49,0.91,NA
"brier",5,40,49,0.92,NA
"brier",5,40,49,0.93,NA
"brier",5,40,49,0.94,NA
"brier",5,40,49,0.95,NA
"brier",5,40,49,0.96,NA
"brier",5,40,49,0.97,NA
"brier",5,40,49,0.98,NA
"brier",5,40,49,0.99,NA
"brier",5,40,49,0.995,NA
"brier",5,40,50,0.9,NA
"brier",5,40,50,0.91,NA
"brier",5,40,50,0.92,NA
"brier",5,40,50,0.93,NA
"brier",5,40,50,0.94,NA
"brier",5,40,50,0.95,NA
"brier",5,40,50,0.96,NA
"brier",5,40,50,0.97,NA
"brier",5,40,50,0.98,NA
"brier",5,40,50,0.99,NA
"brier",5,40,50,0.995,NA
"quant",1,40,1,0.9,2.09480746794043
"quant",1,40,1,0.91,1.96667155965958
"quant",1,40,1,0.92,1.83144639547388
"quant",1,40,1,0.93,1.68610048554213
"quant",1,40,1,0.94,1.52993993803722
"quant",1,40,1,0.95,1.36069118815815
"quant",1,40,1,0.96,1.17632485159252
"quant",1,40,1,0.97,0.976187928327988
"quant",1,40,1,0.98,0.75429949603286
"quant",1,40,1,0.99,0.491550654527797
"quant",1,40,1,0.995,0.328700813752182
"quant",1,40,2,0.9,4.08379362886646
"quant",1,40,2,0.91,3.89039350229297
"quant",1,40,2,0.92,3.68224210184777
"quant",1,40,2,0.93,3.45800392344005
"quant",1,40,2,0.94,3.21314264377704
"quant",1,40,2,0.95,2.94534197141279
"quant",1,40,2,0.96,2.64973829730643
"quant",1,40,2,0.97,2.31757223955145
"quant",1,40,2,0.98,1.93618646951586
"quant",1,40,2,0.99,1.47127330632819
"quant",1,40,2,0.995,1.17705050227662
"quant",1,40,3,0.9,2.84467486858994
"quant",1,40,3,0.91,2.6843693277878
"quant",1,40,3,0.92,2.51292184176332
"quant",1,40,3,0.93,2.32942116515893
"quant",1,40,3,0.94,2.13245368892717
"quant",1,40,3,0.95,1.9193834482473
"quant",1,40,3,0.96,1.68666239981849
"quant",1,40,3,0.97,1.43016811439891
"quant",1,40,3,0.98,1.1384398568458
"quant",1,40,3,0.99,0.775851389787519
"quant",1,40,3,0.995,0.539521447108392
"quant",1,40,4,0.9,4.46027044741592
"quant",1,40,4,0.91,4.27108443131218
"quant",1,40,4,0.92,4.06654295587035
"quant",1,40,4,0.93,3.84335779235396
"quant",1,40,4,0.94,3.59955312290794
"quant",1,40,4,0.95,3.33349949026338
"quant",1,40,4,0.96,3.03959211058848
"quant",1,40,4,0.97,2.70827102272485
"quant",1,40,4,0.98,2.32701464113416
"quant",1,40,4,0.99,1.86111165467083
"quant",1,40,4,0.995,1.56456528106638
"quant",1,40,5,0.9,1.98713982825857
"quant",1,40,5,0.91,1.86556777941746
"quant",1,40,5,0.92,1.73574622116486
"quant",1,40,5,0.93,1.59719957407638
"quant",1,40,5,0.94,1.44767388841366
"quant",1,40,5,0.95,1.28420475774988
"quant",1,40,5,0.96,1.10360956503419
"quant",1,40,5,0.97,0.902300339389521
"quant",1,40,5,0.98,0.673074551913014
"quant",1,40,5,0.99,0.398025130159998
"quant",1,40,5,0.995,0.230076312940007
"quant",1,40,6,0.9,1.24862600497004
"quant",1,40,6,0.91,1.15866472231775
"quant",1,40,6,0.92,1.06320034216273
"quant",1,40,6,0.93,0.960808000372727
"quant",1,40,6,0.94,0.851068986089993
"quant",1,40,6,0.95,0.73425502373579
"quant",1,40,6,0.96,0.60836763329832
"quant",1,40,6,0.97,0.473349596146794
"quant",1,40,6,0.98,0.33068644651127
"quant",1,40,6,0.99,0.175591335143842
"quant",1,40,6,0.995,0.0932648661527881
"quant",1,40,7,0.9,2.99561744130358
"quant",1,40,7,0.91,2.82326946736548
"quant",1,40,7,0.92,2.63837537485039
"quant",1,40,7,0.93,2.43884079662491
"quant",1,40,7,0.94,2.22115537010824
"quant",1,40,7,0.95,1.98282228751226
"quant",1,40,7,0.96,1.72165393330494
"quant",1,40,7,0.97,1.42883232873001
"quant",1,40,7,0.98,1.09550978758088
"quant",1,40,7,0.99,0.705559845757253
"quant",1,40,7,0.995,0.460751889284681
"quant",1,40,8,0.9,2.69216711183188
"quant",1,40,8,0.91,2.55135240984611
"quant",1,40,8,0.92,2.39962191364402
"quant",1,40,8,0.93,2.23623427016498
"quant",1,40,8,0.94,2.05906273000409
"quant",1,40,8,0.95,1.86684900348893
"quant",1,40,8,0.96,1.65405674249999
"quant",1,40,8,0.97,1.41481829363618
"quant",1,40,8,0.98,1.13791307922745
"quant",1,40,8,0.99,0.807252503729322
"quant",1,40,8,0.995,0.585465684405797
"quant",1,40,9,0.9,2.68565253328712
"quant",1,40,9,0.91,2.53105398578974
"quant",1,40,9,0.92,2.36429426785867
"quant",1,40,9,0.93,2.18324390493818
"quant",1,40,9,0.94,1.98616072550991
"quant",1,40,9,0.95,1.76970158784233
"quant",1,40,9,0.96,1.5303664993603
"quant",1,40,9,0.97,1.25903295691261
"quant",1,40,9,0.98,0.945812306391513
"quant",1,40,9,0.99,0.559000172474355
"quant",1,40,9,0.995,0.316545222932294
"quant",1,40,10,0.9,1.93315930536639
"quant",1,40,10,0.91,1.80329218177583
"quant",1,40,10,0.92,1.66449209298856
"quant",1,40,10,0.93,1.51581596672792
"quant",1,40,10,0.94,1.35767745263239
"quant",1,40,10,0.95,1.18754657170369
"quant",1,40,10,0.96,1.00363931286073
"quant",1,40,10,0.97,0.801885498459827
"quant",1,40,10,0.98,0.576139138489139
"quant",1,40,10,0.99,0.320017771812235
"quant",1,40,10,0.995,0.172129350450401
"quant",1,40,11,0.9,NA
"quant",1,40,11,0.91,NA
"quant",1,40,11,0.92,NA
"quant",1,40,11,0.93,NA
"quant",1,40,11,0.94,NA
"quant",1,40,11,0.95,NA
"quant",1,40,11,0.96,NA
"quant",1,40,11,0.97,NA
"quant",1,40,11,0.98,NA
"quant",1,40,11,0.99,NA
"quant",1,40,11,0.995,NA
"quant",1,40,12,0.9,NA
"quant",1,40,12,0.91,NA
"quant",1,40,12,0.92,NA
"quant",1,40,12,0.93,NA
"quant",1,40,12,0.94,NA
"quant",1,40,12,0.95,NA
"quant",1,40,12,0.96,NA
"quant",1,40,12,0.97,NA
"quant",1,40,12,0.98,NA
"quant",1,40,12,0.99,NA
"quant",1,40,12,0.995,NA
"quant",1,40,13,0.9,NA
"quant",1,40,13,0.91,NA
"quant",1,40,13,0.92,NA
"quant",1,40,13,0.93,NA
"quant",1,40,13,0.94,NA
"quant",1,40,13,0.95,NA
"quant",1,40,13,0.96,NA
"quant",1,40,13,0.97,NA
"quant",1,40,13,0.98,NA
"quant",1,40,13,0.99,NA
"quant",1,40,13,0.995,NA
"quant",1,40,14,0.9,NA
"quant",1,40,14,0.91,NA
"quant",1,40,14,0.92,NA
"quant",1,40,14,0.93,NA
"quant",1,40,14,0.94,NA
"quant",1,40,14,0.95,NA
"quant",1,40,14,0.96,NA
"quant",1,40,14,0.97,NA
"quant",1,40,14,0.98,NA
"quant",1,40,14,0.99,NA
"quant",1,40,14,0.995,NA
"quant",1,40,15,0.9,NA
"quant",1,40,15,0.91,NA
"quant",1,40,15,0.92,NA
"quant",1,40,15,0.93,NA
"quant",1,40,15,0.94,NA
"quant",1,40,15,0.95,NA
"quant",1,40,15,0.96,NA
"quant",1,40,15,0.97,NA
"quant",1,40,15,0.98,NA
"quant",1,40,15,0.99,NA
"quant",1,40,15,0.995,NA
"quant",1,40,16,0.9,NA
"quant",1,40,16,0.91,NA
"quant",1,40,16,0.92,NA
"quant",1,40,16,0.93,NA
"quant",1,40,16,0.94,NA
"quant",1,40,16,0.95,NA
"quant",1,40,16,0.96,NA
"quant",1,40,16,0.97,NA
"quant",1,40,16,0.98,NA
"quant",1,40,16,0.99,NA
"quant",1,40,16,0.995,NA
"quant",1,40,17,0.9,NA
"quant",1,40,17,0.91,NA
"quant",1,40,17,0.92,NA
"quant",1,40,17,0.93,NA
"quant",1,40,17,0.94,NA
"quant",1,40,17,0.95,NA
"quant",1,40,17,0.96,NA
"quant",1,40,17,0.97,NA
"quant",1,40,17,0.98,NA
"quant",1,40,17,0.99,NA
"quant",1,40,17,0.995,NA
"quant",1,40,18,0.9,NA
"quant",1,40,18,0.91,NA
"quant",1,40,18,0.92,NA
"quant",1,40,18,0.93,NA
"quant",1,40,18,0.94,NA
"quant",1,40,18,0.95,NA
"quant",1,40,18,0.96,NA
"quant",1,40,18,0.97,NA
"quant",1,40,18,0.98,NA
"quant",1,40,18,0.99,NA
"quant",1,40,18,0.995,NA
"quant",1,40,19,0.9,NA
"quant",1,40,19,0.91,NA
"quant",1,40,19,0.92,NA
"quant",1,40,19,0.93,NA
"quant",1,40,19,0.94,NA
"quant",1,40,19,0.95,NA
"quant",1,40,19,0.96,NA
"quant",1,40,19,0.97,NA
"quant",1,40,19,0.98,NA
"quant",1,40,19,0.99,NA
"quant",1,40,19,0.995,NA
"quant",1,40,20,0.9,NA
"quant",1,40,20,0.91,NA
"quant",1,40,20,0.92,NA
"quant",1,40,20,0.93,NA
"quant",1,40,20,0.94,NA
"quant",1,40,20,0.95,NA
"quant",1,40,20,0.96,NA
"quant",1,40,20,0.97,NA
"quant",1,40,20,0.98,NA
"quant",1,40,20,0.99,NA
"quant",1,40,20,0.995,NA
"quant",1,40,21,0.9,NA
"quant",1,40,21,0.91,NA
"quant",1,40,21,0.92,NA
"quant",1,40,21,0.93,NA
"quant",1,40,21,0.94,NA
"quant",1,40,21,0.95,NA
"quant",1,40,21,0.96,NA
"quant",1,40,21,0.97,NA
"quant",1,40,21,0.98,NA
"quant",1,40,21,0.99,NA
"quant",1,40,21,0.995,NA
"quant",1,40,22,0.9,NA
"quant",1,40,22,0.91,NA
"quant",1,40,22,0.92,NA
"quant",1,40,22,0.93,NA
"quant",1,40,22,0.94,NA
"quant",1,40,22,0.95,NA
"quant",1,40,22,0.96,NA
"quant",1,40,22,0.97,NA
"quant",1,40,22,0.98,NA
"quant",1,40,22,0.99,NA
"quant",1,40,22,0.995,NA
"quant",1,40,23,0.9,NA
"quant",1,40,23,0.91,NA
"quant",1,40,23,0.92,NA
"quant",1,40,23,0.93,NA
"quant",1,40,23,0.94,NA
"quant",1,40,23,0.95,NA
"quant",1,40,23,0.96,NA
"quant",1,40,23,0.97,NA
"quant",1,40,23,0.98,NA
"quant",1,40,23,0.99,NA
"quant",1,40,23,0.995,NA
"quant",1,40,24,0.9,NA
"quant",1,40,24,0.91,NA
"quant",1,40,24,0.92,NA
"quant",1,40,24,0.93,NA
"quant",1,40,24,0.94,NA
"quant",1,40,24,0.95,NA
"quant",1,40,24,0.96,NA
"quant",1,40,24,0.97,NA
"quant",1,40,24,0.98,NA
"quant",1,40,24,0.99,NA
"quant",1,40,24,0.995,NA
"quant",1,40,25,0.9,NA
"quant",1,40,25,0.91,NA
"quant",1,40,25,0.92,NA
"quant",1,40,25,0.93,NA
"quant",1,40,25,0.94,NA
"quant",1,40,25,0.95,NA
"quant",1,40,25,0.96,NA
"quant",1,40,25,0.97,NA
"quant",1,40,25,0.98,NA
"quant",1,40,25,0.99,NA
"quant",1,40,25,0.995,NA
"quant",1,40,26,0.9,NA
"quant",1,40,26,0.91,NA
"quant",1,40,26,0.92,NA
"quant",1,40,26,0.93,NA
"quant",1,40,26,0.94,NA
"quant",1,40,26,0.95,NA
"quant",1,40,26,0.96,NA
"quant",1,40,26,0.97,NA
"quant",1,40,26,0.98,NA
"quant",1,40,26,0.99,NA
"quant",1,40,26,0.995,NA
"quant",1,40,27,0.9,NA
"quant",1,40,27,0.91,NA
"quant",1,40,27,0.92,NA
"quant",1,40,27,0.93,NA
"quant",1,40,27,0.94,NA
"quant",1,40,27,0.95,NA
"quant",1,40,27,0.96,NA
"quant",1,40,27,0.97,NA
"quant",1,40,27,0.98,NA
"quant",1,40,27,0.99,NA
"quant",1,40,27,0.995,NA
"quant",1,40,28,0.9,NA
"quant",1,40,28,0.91,NA
"quant",1,40,28,0.92,NA
"quant",1,40,28,0.93,NA
"quant",1,40,28,0.94,NA
"quant",1,40,28,0.95,NA
"quant",1,40,28,0.96,NA
"quant",1,40,28,0.97,NA
"quant",1,40,28,0.98,NA
"quant",1,40,28,0.99,NA
"quant",1,40,28,0.995,NA
"quant",1,40,29,0.9,NA
"quant",1,40,29,0.91,NA
"quant",1,40,29,0.92,NA
"quant",1,40,29,0.93,NA
"quant",1,40,29,0.94,NA
"quant",1,40,29,0.95,NA
"quant",1,40,29,0.96,NA
"quant",1,40,29,0.97,NA
"quant",1,40,29,0.98,NA
"quant",1,40,29,0.99,NA
"quant",1,40,29,0.995,NA
"quant",1,40,30,0.9,NA
"quant",1,40,30,0.91,NA
"quant",1,40,30,0.92,NA
"quant",1,40,30,0.93,NA
"quant",1,40,30,0.94,NA
"quant",1,40,30,0.95,NA
"quant",1,40,30,0.96,NA
"quant",1,40,30,0.97,NA
"quant",1,40,30,0.98,NA
"quant",1,40,30,0.99,NA
"quant",1,40,30,0.995,NA
"quant",1,40,31,0.9,NA
"quant",1,40,31,0.91,NA
"quant",1,40,31,0.92,NA
"quant",1,40,31,0.93,NA
"quant",1,40,31,0.94,NA
"quant",1,40,31,0.95,NA
"quant",1,40,31,0.96,NA
"quant",1,40,31,0.97,NA
"quant",1,40,31,0.98,NA
"quant",1,40,31,0.99,NA
"quant",1,40,31,0.995,NA
"quant",1,40,32,0.9,NA
"quant",1,40,32,0.91,NA
"quant",1,40,32,0.92,NA
"quant",1,40,32,0.93,NA
"quant",1,40,32,0.94,NA
"quant",1,40,32,0.95,NA
"quant",1,40,32,0.96,NA
"quant",1,40,32,0.97,NA
"quant",1,40,32,0.98,NA
"quant",1,40,32,0.99,NA
"quant",1,40,32,0.995,NA
"quant",1,40,33,0.9,NA
"quant",1,40,33,0.91,NA
"quant",1,40,33,0.92,NA
"quant",1,40,33,0.93,NA
"quant",1,40,33,0.94,NA
"quant",1,40,33,0.95,NA
"quant",1,40,33,0.96,NA
"quant",1,40,33,0.97,NA
"quant",1,40,33,0.98,NA
"quant",1,40,33,0.99,NA
"quant",1,40,33,0.995,NA
"quant",1,40,34,0.9,NA
"quant",1,40,34,0.91,NA
"quant",1,40,34,0.92,NA
"quant",1,40,34,0.93,NA
"quant",1,40,34,0.94,NA
"quant",1,40,34,0.95,NA
"quant",1,40,34,0.96,NA
"quant",1,40,34,0.97,NA
"quant",1,40,34,0.98,NA
"quant",1,40,34,0.99,NA
"quant",1,40,34,0.995,NA
"quant",1,40,35,0.9,NA
"quant",1,40,35,0.91,NA
"quant",1,40,35,0.92,NA
"quant",1,40,35,0.93,NA
"quant",1,40,35,0.94,NA
"quant",1,40,35,0.95,NA
"quant",1,40,35,0.96,NA
"quant",1,40,35,0.97,NA
"quant",1,40,35,0.98,NA
"quant",1,40,35,0.99,NA
"quant",1,40,35,0.995,NA
"quant",1,40,36,0.9,NA
"quant",1,40,36,0.91,NA
"quant",1,40,36,0.92,NA
"quant",1,40,36,0.93,NA
"quant",1,40,36,0.94,NA
"quant",1,40,36,0.95,NA
"quant",1,40,36,0.96,NA
"quant",1,40,36,0.97,NA
"quant",1,40,36,0.98,NA
"quant",1,40,36,0.99,NA
"quant",1,40,36,0.995,NA
"quant",1,40,37,0.9,NA
"quant",1,40,37,0.91,NA
"quant",1,40,37,0.92,NA
"quant",1,40,37,0.93,NA
"quant",1,40,37,0.94,NA
"quant",1,40,37,0.95,NA
"quant",1,40,37,0.96,NA
"quant",1,40,37,0.97,NA
"quant",1,40,37,0.98,NA
"quant",1,40,37,0.99,NA
"quant",1,40,37,0.995,NA
"quant",1,40,38,0.9,NA
"quant",1,40,38,0.91,NA
"quant",1,40,38,0.92,NA
"quant",1,40,38,0.93,NA
"quant",1,40,38,0.94,NA
"quant",1,40,38,0.95,NA
"quant",1,40,38,0.96,NA
"quant",1,40,38,0.97,NA
"quant",1,40,38,0.98,NA
"quant",1,40,38,0.99,NA
"quant",1,40,38,0.995,NA
"quant",1,40,39,0.9,NA
"quant",1,40,39,0.91,NA
"quant",1,40,39,0.92,NA
"quant",1,40,39,0.93,NA
"quant",1,40,39,0.94,NA
"quant",1,40,39,0.95,NA
"quant",1,40,39,0.96,NA
"quant",1,40,39,0.97,NA
"quant",1,40,39,0.98,NA
"quant",1,40,39,0.99,NA
"quant",1,40,39,0.995,NA
"quant",1,40,40,0.9,NA
"quant",1,40,40,0.91,NA
"quant",1,40,40,0.92,NA
"quant",1,40,40,0.93,NA
"quant",1,40,40,0.94,NA
"quant",1,40,40,0.95,NA
"quant",1,40,40,0.96,NA
"quant",1,40,40,0.97,NA
"quant",1,40,40,0.98,NA
"quant",1,40,40,0.99,NA
"quant",1,40,40,0.995,NA
"quant",1,40,41,0.9,NA
"quant",1,40,41,0.91,NA
"quant",1,40,41,0.92,NA
"quant",1,40,41,0.93,NA
"quant",1,40,41,0.94,NA
"quant",1,40,41,0.95,NA
"quant",1,40,41,0.96,NA
"quant",1,40,41,0.97,NA
"quant",1,40,41,0.98,NA
"quant",1,40,41,0.99,NA
"quant",1,40,41,0.995,NA
"quant",1,40,42,0.9,NA
"quant",1,40,42,0.91,NA
"quant",1,40,42,0.92,NA
"quant",1,40,42,0.93,NA
"quant",1,40,42,0.94,NA
"quant",1,40,42,0.95,NA
"quant",1,40,42,0.96,NA
"quant",1,40,42,0.97,NA
"quant",1,40,42,0.98,NA
"quant",1,40,42,0.99,NA
"quant",1,40,42,0.995,NA
"quant",1,40,43,0.9,NA
"quant",1,40,43,0.91,NA
"quant",1,40,43,0.92,NA
"quant",1,40,43,0.93,NA
"quant",1,40,43,0.94,NA
"quant",1,40,43,0.95,NA
"quant",1,40,43,0.96,NA
"quant",1,40,43,0.97,NA
"quant",1,40,43,0.98,NA
"quant",1,40,43,0.99,NA
"quant",1,40,43,0.995,NA
"quant",1,40,44,0.9,NA
"quant",1,40,44,0.91,NA
"quant",1,40,44,0.92,NA
"quant",1,40,44,0.93,NA
"quant",1,40,44,0.94,NA
"quant",1,40,44,0.95,NA
"quant",1,40,44,0.96,NA
"quant",1,40,44,0.97,NA
"quant",1,40,44,0.98,NA
"quant",1,40,44,0.99,NA
"quant",1,40,44,0.995,NA
"quant",1,40,45,0.9,NA
"quant",1,40,45,0.91,NA
"quant",1,40,45,0.92,NA
"quant",1,40,45,0.93,NA
"quant",1,40,45,0.94,NA
"quant",1,40,45,0.95,NA
"quant",1,40,45,0.96,NA
"quant",1,40,45,0.97,NA
"quant",1,40,45,0.98,NA
"quant",1,40,45,0.99,NA
"quant",1,40,45,0.995,NA
"quant",1,40,46,0.9,NA
"quant",1,40,46,0.91,NA
"quant",1,40,46,0.92,NA
"quant",1,40,46,0.93,NA
"quant",1,40,46,0.94,NA
"quant",1,40,46,0.95,NA
"quant",1,40,46,0.96,NA
"quant",1,40,46,0.97,NA
"quant",1,40,46,0.98,NA
"quant",1,40,46,0.99,NA
"quant",1,40,46,0.995,NA
"quant",1,40,47,0.9,NA
"quant",1,40,47,0.91,NA
"quant",1,40,47,0.92,NA
"quant",1,40,47,0.93,NA
"quant",1,40,47,0.94,NA
"quant",1,40,47,0.95,NA
"quant",1,40,47,0.96,NA
"quant",1,40,47,0.97,NA
"quant",1,40,47,0.98,NA
"quant",1,40,47,0.99,NA
"quant",1,40,47,0.995,NA
"quant",1,40,48,0.9,NA
"quant",1,40,48,0.91,NA
"quant",1,40,48,0.92,NA
"quant",1,40,48,0.93,NA
"quant",1,40,48,0.94,NA
"quant",1,40,48,0.95,NA
"quant",1,40,48,0.96,NA
"quant",1,40,48,0.97,NA
"quant",1,40,48,0.98,NA
"quant",1,40,48,0.99,NA
"quant",1,40,48,0.995,NA
"quant",1,40,49,0.9,NA
"quant",1,40,49,0.91,NA
"quant",1,40,49,0.92,NA
"quant",1,40,49,0.93,NA
"quant",1,40,49,0.94,NA
"quant",1,40,49,0.95,NA
"quant",1,40,49,0.96,NA
"quant",1,40,49,0.97,NA
"quant",1,40,49,0.98,NA
"quant",1,40,49,0.99,NA
"quant",1,40,49,0.995,NA
"quant",1,40,50,0.9,NA
"quant",1,40,50,0.91,NA
"quant",1,40,50,0.92,NA
"quant",1,40,50,0.93,NA
"quant",1,40,50,0.94,NA
"quant",1,40,50,0.95,NA
"quant",1,40,50,0.96,NA
"quant",1,40,50,0.97,NA
"quant",1,40,50,0.98,NA
"quant",1,40,50,0.99,NA
"quant",1,40,50,0.995,NA
"quant",2,40,1,0.9,2.09057056020621
"quant",2,40,1,0.91,1.96035377372149
"quant",2,40,1,0.92,1.81726884822886
"quant",2,40,1,0.93,1.66377188507254
"quant",2,40,1,0.94,1.49904535707637
"quant",2,40,1,0.95,1.3243625050967
"quant",2,40,1,0.96,1.131667231185
"quant",2,40,1,0.97,0.920303377180739
"quant",2,40,1,0.98,0.68918996456955
"quant",2,40,1,0.99,0.378589682448374
"quant",2,40,1,0.995,0.19793666632438
"quant",2,40,2,0.9,3.80780149529228
"quant",2,40,2,0.91,3.66367395235394
"quant",2,40,2,0.92,3.50735917933739
"quant",2,40,2,0.93,3.33572327263357
"quant",2,40,2,0.94,3.14236333480448
"quant",2,40,2,0.95,2.92204365692508
"quant",2,40,2,0.96,2.66154221990112
"quant",2,40,2,0.97,2.33370086107639
"quant",2,40,2,0.98,1.93487361969799
"quant",2,40,2,0.99,1.46686870799401
"quant",2,40,2,0.995,0.863725597470078
"quant",2,40,3,0.9,2.82147109066304
"quant",2,40,3,0.91,2.66906047770736
"quant",2,40,3,0.92,2.50183762651287
"quant",2,40,3,0.93,2.31862090957484
"quant",2,40,3,0.94,2.11848413649805
"quant",2,40,3,0.95,1.89257116378925
"quant",2,40,3,0.96,1.63125294652819
"quant",2,40,3,0.97,1.33903325154761
"quant",2,40,3,0.98,0.997577134463839
"quant",2,40,3,0.99,0.552192759268119
"quant",2,40,3,0.995,0.299439769458819
"quant",2,40,4,0.9,4.09907210786914
"quant",2,40,4,0.91,3.96106168391844
"quant",2,40,4,0.92,3.81312040609816
"quant",2,40,4,0.93,3.65114775713029
"quant",2,40,4,0.94,3.47587050915332
"quant",2,40,4,0.95,3.28624160151849
"quant",2,40,4,0.96,3.08120156196169
"quant",2,40,4,0.97,2.84937980684475
"quant",2,40,4,0.98,2.56089648243562
"quant",2,40,4,0.99,2.03356367068421
"quant",2,40,4,0.995,1.1725524414321
"quant",2,40,5,0.9,1.98746662653964
"quant",2,40,5,0.91,1.86299236571005
"quant",2,40,5,0.92,1.72735160175411
"quant",2,40,5,0.93,1.57855323152269
"quant",2,40,5,0.94,1.4154849434188
"quant",2,40,5,0.95,1.23890660420591
"quant",2,40,5,0.96,1.04205455305063
"quant",2,40,5,0.97,0.824962776573533
"quant",2,40,5,0.98,0.588791520332801
"quant",2,40,5,0.99,0.322939405555412
"quant",2,40,5,0.995,0.17809999585644
"quant",2,40,6,0.9,1.22834218414985
"quant",2,40,6,0.91,1.13533588679945
"quant",2,40,6,0.92,1.03684091712274
"quant",2,40,6,0.93,0.932929532391651
"quant",2,40,6,0.94,0.823830695751148
"quant",2,40,6,0.95,0.708328955290679
"quant",2,40,6,0.96,0.586708397495703
"quant",2,40,6,0.97,0.458871584600326
"quant",2,40,6,0.98,0.321304243123725
"quant",2,40,6,0.99,0.174189748981221
"quant",2,40,6,0.995,0.0926833120882651
"quant",2,40,7,0.9,2.9971592715339
"quant",2,40,7,0.91,2.81806092732128
"quant",2,40,7,0.92,2.62115215285312
"quant",2,40,7,0.93,2.40496342868449
"quant",2,40,7,0.94,2.16004181616402
"quant",2,40,7,0.95,1.89441645077385
"quant",2,40,7,0.96,1.61074493149228
"quant",2,40,7,0.97,1.29628908672999
"quant",2,40,7,0.98,0.944790001720642
"quant",2,40,7,0.99,0.519169324113358
"quant",2,40,7,0.995,0.286831212410458
"quant",2,40,8,0.9,2.65156145647146
"quant",2,40,8,0.91,2.52664580918168
"quant",2,40,8,0.92,2.38670281848011
"quant",2,40,8,0.93,2.22985297292119
"quant",2,40,8,0.94,2.0524622831573
"quant",2,40,8,0.95,1.85107827512203
"quant",2,40,8,0.96,1.61263041124781
"quant",2,40,8,0.97,1.32958590111819
"quant",2,40,8,0.98,0.974082052505022
"quant",2,40,8,0.99,0.523549683952193
"quant",2,40,8,0.995,0.271722614020314
"quant",2,40,9,0.9,2.88064839025037
"quant",2,40,9,0.91,2.77137237438482
"quant",2,40,9,0.92,2.64789778582018
"quant",2,40,9,0.93,2.5071222994617
"quant",2,40,9,0.94,2.34559922437699
"quant",2,40,9,0.95,2.15558150761487
"quant",2,40,9,0.96,1.9154167530603
"quant",2,40,9,0.97,1.55404616738638
"quant",2,40,9,0.98,0.893174487307488
"quant",2,40,9,0.99,0.420632786438963
"quant",2,40,9,0.995,0.2876522727716
"quant",2,40,10,0.9,1.90534507762092
"quant",2,40,10,0.91,1.76937465261337
"quant",2,40,10,0.92,1.62294293317931
"quant",2,40,10,0.93,1.4655048553593
"quant",2,40,10,0.94,1.2965913410736
"quant",2,40,10,0.95,1.11668039559577
"quant",2,40,10,0.96,0.924395732010588
"quant",2,40,10,0.97,0.719964145577816
"quant",2,40,10,0.98,0.499126906240298
"quant",2,40,10,0.99,0.265530208712487
"quant",2,40,10,0.995,0.139748581397055
"quant",2,40,11,0.9,NA
"quant",2,40,11,0.91,NA
"quant",2,40,11,0.92,NA
"quant",2,40,11,0.93,NA
"quant",2,40,11,0.94,NA
"quant",2,40,11,0.95,NA
"quant",2,40,11,0.96,NA
"quant",2,40,11,0.97,NA
"quant",2,40,11,0.98,NA
"quant",2,40,11,0.99,NA
"quant",2,40,11,0.995,NA
"quant",2,40,12,0.9,NA
"quant",2,40,12,0.91,NA
"quant",2,40,12,0.92,NA
"quant",2,40,12,0.93,NA
"quant",2,40,12,0.94,NA
"quant",2,40,12,0.95,NA
"quant",2,40,12,0.96,NA
"quant",2,40,12,0.97,NA
"quant",2,40,12,0.98,NA
"quant",2,40,12,0.99,NA
"quant",2,40,12,0.995,NA
"quant",2,40,13,0.9,NA
"quant",2,40,13,0.91,NA
"quant",2,40,13,0.92,NA
"quant",2,40,13,0.93,NA
"quant",2,40,13,0.94,NA
"quant",2,40,13,0.95,NA
"quant",2,40,13,0.96,NA
"quant",2,40,13,0.97,NA
"quant",2,40,13,0.98,NA
"quant",2,40,13,0.99,NA
"quant",2,40,13,0.995,NA
"quant",2,40,14,0.9,NA
"quant",2,40,14,0.91,NA
"quant",2,40,14,0.92,NA
"quant",2,40,14,0.93,NA
"quant",2,40,14,0.94,NA
"quant",2,40,14,0.95,NA
"quant",2,40,14,0.96,NA
"quant",2,40,14,0.97,NA
"quant",2,40,14,0.98,NA
"quant",2,40,14,0.99,NA
"quant",2,40,14,0.995,NA
"quant",2,40,15,0.9,NA
"quant",2,40,15,0.91,NA
"quant",2,40,15,0.92,NA
"quant",2,40,15,0.93,NA
"quant",2,40,15,0.94,NA
"quant",2,40,15,0.95,NA
"quant",2,40,15,0.96,NA
"quant",2,40,15,0.97,NA
"quant",2,40,15,0.98,NA
"quant",2,40,15,0.99,NA
"quant",2,40,15,0.995,NA
"quant",2,40,16,0.9,NA
"quant",2,40,16,0.91,NA
"quant",2,40,16,0.92,NA
"quant",2,40,16,0.93,NA
"quant",2,40,16,0.94,NA
"quant",2,40,16,0.95,NA
"quant",2,40,16,0.96,NA
"quant",2,40,16,0.97,NA
"quant",2,40,16,0.98,NA
"quant",2,40,16,0.99,NA
"quant",2,40,16,0.995,NA
"quant",2,40,17,0.9,NA
"quant",2,40,17,0.91,NA
"quant",2,40,17,0.92,NA
"quant",2,40,17,0.93,NA
"quant",2,40,17,0.94,NA
"quant",2,40,17,0.95,NA
"quant",2,40,17,0.96,NA
"quant",2,40,17,0.97,NA
"quant",2,40,17,0.98,NA
"quant",2,40,17,0.99,NA
"quant",2,40,17,0.995,NA
"quant",2,40,18,0.9,NA
"quant",2,40,18,0.91,NA
"quant",2,40,18,0.92,NA
"quant",2,40,18,0.93,NA
"quant",2,40,18,0.94,NA
"quant",2,40,18,0.95,NA
"quant",2,40,18,0.96,NA
"quant",2,40,18,0.97,NA
"quant",2,40,18,0.98,NA
"quant",2,40,18,0.99,NA
"quant",2,40,18,0.995,NA
"quant",2,40,19,0.9,NA
"quant",2,40,19,0.91,NA
"quant",2,40,19,0.92,NA
"quant",2,40,19,0.93,NA
"quant",2,40,19,0.94,NA
"quant",2,40,19,0.95,NA
"quant",2,40,19,0.96,NA
"quant",2,40,19,0.97,NA
"quant",2,40,19,0.98,NA
"quant",2,40,19,0.99,NA
"quant",2,40,19,0.995,NA
"quant",2,40,20,0.9,NA
"quant",2,40,20,0.91,NA
"quant",2,40,20,0.92,NA
"quant",2,40,20,0.93,NA
"quant",2,40,20,0.94,NA
"quant",2,40,20,0.95,NA
"quant",2,40,20,0.96,NA
"quant",2,40,20,0.97,NA
"quant",2,40,20,0.98,NA
"quant",2,40,20,0.99,NA
"quant",2,40,20,0.995,NA
"quant",2,40,21,0.9,NA
"quant",2,40,21,0.91,NA
"quant",2,40,21,0.92,NA
"quant",2,40,21,0.93,NA
"quant",2,40,21,0.94,NA
"quant",2,40,21,0.95,NA
"quant",2,40,21,0.96,NA
"quant",2,40,21,0.97,NA
"quant",2,40,21,0.98,NA
"quant",2,40,21,0.99,NA
"quant",2,40,21,0.995,NA
"quant",2,40,22,0.9,NA
"quant",2,40,22,0.91,NA
"quant",2,40,22,0.92,NA
"quant",2,40,22,0.93,NA
"quant",2,40,22,0.94,NA
"quant",2,40,22,0.95,NA
"quant",2,40,22,0.96,NA
"quant",2,40,22,0.97,NA
"quant",2,40,22,0.98,NA
"quant",2,40,22,0.99,NA
"quant",2,40,22,0.995,NA
"quant",2,40,23,0.9,NA
"quant",2,40,23,0.91,NA
"quant",2,40,23,0.92,NA
"quant",2,40,23,0.93,NA
"quant",2,40,23,0.94,NA
"quant",2,40,23,0.95,NA
"quant",2,40,23,0.96,NA
"quant",2,40,23,0.97,NA
"quant",2,40,23,0.98,NA
"quant",2,40,23,0.99,NA
"quant",2,40,23,0.995,NA
"quant",2,40,24,0.9,NA
"quant",2,40,24,0.91,NA
"quant",2,40,24,0.92,NA
"quant",2,40,24,0.93,NA
"quant",2,40,24,0.94,NA
"quant",2,40,24,0.95,NA
"quant",2,40,24,0.96,NA
"quant",2,40,24,0.97,NA
"quant",2,40,24,0.98,NA
"quant",2,40,24,0.99,NA
"quant",2,40,24,0.995,NA
"quant",2,40,25,0.9,NA
"quant",2,40,25,0.91,NA
"quant",2,40,25,0.92,NA
"quant",2,40,25,0.93,NA
"quant",2,40,25,0.94,NA
"quant",2,40,25,0.95,NA
"quant",2,40,25,0.96,NA
"quant",2,40,25,0.97,NA
"quant",2,40,25,0.98,NA
"quant",2,40,25,0.99,NA
"quant",2,40,25,0.995,NA
"quant",2,40,26,0.9,NA
"quant",2,40,26,0.91,NA
"quant",2,40,26,0.92,NA
"quant",2,40,26,0.93,NA
"quant",2,40,26,0.94,NA
"quant",2,40,26,0.95,NA
"quant",2,40,26,0.96,NA
"quant",2,40,26,0.97,NA
"quant",2,40,26,0.98,NA
"quant",2,40,26,0.99,NA
"quant",2,40,26,0.995,NA
"quant",2,40,27,0.9,NA
"quant",2,40,27,0.91,NA
"quant",2,40,27,0.92,NA
"quant",2,40,27,0.93,NA
"quant",2,40,27,0.94,NA
"quant",2,40,27,0.95,NA
"quant",2,40,27,0.96,NA
"quant",2,40,27,0.97,NA
"quant",2,40,27,0.98,NA
"quant",2,40,27,0.99,NA
"quant",2,40,27,0.995,NA
"quant",2,40,28,0.9,NA
"quant",2,40,28,0.91,NA
"quant",2,40,28,0.92,NA
"quant",2,40,28,0.93,NA
"quant",2,40,28,0.94,NA
"quant",2,40,28,0.95,NA
"quant",2,40,28,0.96,NA
"quant",2,40,28,0.97,NA
"quant",2,40,28,0.98,NA
"quant",2,40,28,0.99,NA
"quant",2,40,28,0.995,NA
"quant",2,40,29,0.9,NA
"quant",2,40,29,0.91,NA
"quant",2,40,29,0.92,NA
"quant",2,40,29,0.93,NA
"quant",2,40,29,0.94,NA
"quant",2,40,29,0.95,NA
"quant",2,40,29,0.96,NA
"quant",2,40,29,0.97,NA
"quant",2,40,29,0.98,NA
"quant",2,40,29,0.99,NA
"quant",2,40,29,0.995,NA
"quant",2,40,30,0.9,NA
"quant",2,40,30,0.91,NA
"quant",2,40,30,0.92,NA
"quant",2,40,30,0.93,NA
"quant",2,40,30,0.94,NA
"quant",2,40,30,0.95,NA
"quant",2,40,30,0.96,NA
"quant",2,40,30,0.97,NA
"quant",2,40,30,0.98,NA
"quant",2,40,30,0.99,NA
"quant",2,40,30,0.995,NA
"quant",2,40,31,0.9,NA
"quant",2,40,31,0.91,NA
"quant",2,40,31,0.92,NA
"quant",2,40,31,0.93,NA
"quant",2,40,31,0.94,NA
"quant",2,40,31,0.95,NA
"quant",2,40,31,0.96,NA
"quant",2,40,31,0.97,NA
"quant",2,40,31,0.98,NA
"quant",2,40,31,0.99,NA
"quant",2,40,31,0.995,NA
"quant",2,40,32,0.9,NA
"quant",2,40,32,0.91,NA
"quant",2,40,32,0.92,NA
"quant",2,40,32,0.93,NA
"quant",2,40,32,0.94,NA
"quant",2,40,32,0.95,NA
"quant",2,40,32,0.96,NA
"quant",2,40,32,0.97,NA
"quant",2,40,32,0.98,NA
"quant",2,40,32,0.99,NA
"quant",2,40,32,0.995,NA
"quant",2,40,33,0.9,NA
"quant",2,40,33,0.91,NA
"quant",2,40,33,0.92,NA
"quant",2,40,33,0.93,NA
"quant",2,40,33,0.94,NA
"quant",2,40,33,0.95,NA
"quant",2,40,33,0.96,NA
"quant",2,40,33,0.97,NA
"quant",2,40,33,0.98,NA
"quant",2,40,33,0.99,NA
"quant",2,40,33,0.995,NA
"quant",2,40,34,0.9,NA
"quant",2,40,34,0.91,NA
"quant",2,40,34,0.92,NA
"quant",2,40,34,0.93,NA
"quant",2,40,34,0.94,NA
"quant",2,40,34,0.95,NA
"quant",2,40,34,0.96,NA
"quant",2,40,34,0.97,NA
"quant",2,40,34,0.98,NA
"quant",2,40,34,0.99,NA
"quant",2,40,34,0.995,NA
"quant",2,40,35,0.9,NA
"quant",2,40,35,0.91,NA
"quant",2,40,35,0.92,NA
"quant",2,40,35,0.93,NA
"quant",2,40,35,0.94,NA
"quant",2,40,35,0.95,NA
"quant",2,40,35,0.96,NA
"quant",2,40,35,0.97,NA
"quant",2,40,35,0.98,NA
"quant",2,40,35,0.99,NA
"quant",2,40,35,0.995,NA
"quant",2,40,36,0.9,NA
"quant",2,40,36,0.91,NA
"quant",2,40,36,0.92,NA
"quant",2,40,36,0.93,NA
"quant",2,40,36,0.94,NA
"quant",2,40,36,0.95,NA
"quant",2,40,36,0.96,NA
"quant",2,40,36,0.97,NA
"quant",2,40,36,0.98,NA
"quant",2,40,36,0.99,NA
"quant",2,40,36,0.995,NA
"quant",2,40,37,0.9,NA
"quant",2,40,37,0.91,NA
"quant",2,40,37,0.92,NA
"quant",2,40,37,0.93,NA
"quant",2,40,37,0.94,NA
"quant",2,40,37,0.95,NA
"quant",2,40,37,0.96,NA
"quant",2,40,37,0.97,NA
"quant",2,40,37,0.98,NA
"quant",2,40,37,0.99,NA
"quant",2,40,37,0.995,NA
"quant",2,40,38,0.9,NA
"quant",2,40,38,0.91,NA
"quant",2,40,38,0.92,NA
"quant",2,40,38,0.93,NA
"quant",2,40,38,0.94,NA
"quant",2,40,38,0.95,NA
"quant",2,40,38,0.96,NA
"quant",2,40,38,0.97,NA
"quant",2,40,38,0.98,NA
"quant",2,40,38,0.99,NA
"quant",2,40,38,0.995,NA
"quant",2,40,39,0.9,NA
"quant",2,40,39,0.91,NA
"quant",2,40,39,0.92,NA
"quant",2,40,39,0.93,NA
"quant",2,40,39,0.94,NA
"quant",2,40,39,0.95,NA
"quant",2,40,39,0.96,NA
"quant",2,40,39,0.97,NA
"quant",2,40,39,0.98,NA
"quant",2,40,39,0.99,NA
"quant",2,40,39,0.995,NA
"quant",2,40,40,0.9,NA
"quant",2,40,40,0.91,NA
"quant",2,40,40,0.92,NA
"quant",2,40,40,0.93,NA
"quant",2,40,40,0.94,NA
"quant",2,40,40,0.95,NA
"quant",2,40,40,0.96,NA
"quant",2,40,40,0.97,NA
"quant",2,40,40,0.98,NA
"quant",2,40,40,0.99,NA
"quant",2,40,40,0.995,NA
"quant",2,40,41,0.9,NA
"quant",2,40,41,0.91,NA
"quant",2,40,41,0.92,NA
"quant",2,40,41,0.93,NA
"quant",2,40,41,0.94,NA
"quant",2,40,41,0.95,NA
"quant",2,40,41,0.96,NA
"quant",2,40,41,0.97,NA
"quant",2,40,41,0.98,NA
"quant",2,40,41,0.99,NA
"quant",2,40,41,0.995,NA
"quant",2,40,42,0.9,NA
"quant",2,40,42,0.91,NA
"quant",2,40,42,0.92,NA
"quant",2,40,42,0.93,NA
"quant",2,40,42,0.94,NA
"quant",2,40,42,0.95,NA
"quant",2,40,42,0.96,NA
"quant",2,40,42,0.97,NA
"quant",2,40,42,0.98,NA
"quant",2,40,42,0.99,NA
"quant",2,40,42,0.995,NA
"quant",2,40,43,0.9,NA
"quant",2,40,43,0.91,NA
"quant",2,40,43,0.92,NA
"quant",2,40,43,0.93,NA
"quant",2,40,43,0.94,NA
"quant",2,40,43,0.95,NA
"quant",2,40,43,0.96,NA
"quant",2,40,43,0.97,NA
"quant",2,40,43,0.98,NA
"quant",2,40,43,0.99,NA
"quant",2,40,43,0.995,NA
"quant",2,40,44,0.9,NA
"quant",2,40,44,0.91,NA
"quant",2,40,44,0.92,NA
"quant",2,40,44,0.93,NA
"quant",2,40,44,0.94,NA
"quant",2,40,44,0.95,NA
"quant",2,40,44,0.96,NA
"quant",2,40,44,0.97,NA
"quant",2,40,44,0.98,NA
"quant",2,40,44,0.99,NA
"quant",2,40,44,0.995,NA
"quant",2,40,45,0.9,NA
"quant",2,40,45,0.91,NA
"quant",2,40,45,0.92,NA
"quant",2,40,45,0.93,NA
"quant",2,40,45,0.94,NA
"quant",2,40,45,0.95,NA
"quant",2,40,45,0.96,NA
"quant",2,40,45,0.97,NA
"quant",2,40,45,0.98,NA
"quant",2,40,45,0.99,NA
"quant",2,40,45,0.995,NA
"quant",2,40,46,0.9,NA
"quant",2,40,46,0.91,NA
"quant",2,40,46,0.92,NA
"quant",2,40,46,0.93,NA
"quant",2,40,46,0.94,NA
"quant",2,40,46,0.95,NA
"quant",2,40,46,0.96,NA
"quant",2,40,46,0.97,NA
"quant",2,40,46,0.98,NA
"quant",2,40,46,0.99,NA
"quant",2,40,46,0.995,NA
"quant",2,40,47,0.9,NA
"quant",2,40,47,0.91,NA
"quant",2,40,47,0.92,NA
"quant",2,40,47,0.93,NA
"quant",2,40,47,0.94,NA
"quant",2,40,47,0.95,NA
"quant",2,40,47,0.96,NA
"quant",2,40,47,0.97,NA
"quant",2,40,47,0.98,NA
"quant",2,40,47,0.99,NA
"quant",2,40,47,0.995,NA
"quant",2,40,48,0.9,NA
"quant",2,40,48,0.91,NA
"quant",2,40,48,0.92,NA
"quant",2,40,48,0.93,NA
"quant",2,40,48,0.94,NA
"quant",2,40,48,0.95,NA
"quant",2,40,48,0.96,NA
"quant",2,40,48,0.97,NA
"quant",2,40,48,0.98,NA
"quant",2,40,48,0.99,NA
"quant",2,40,48,0.995,NA
"quant",2,40,49,0.9,NA
"quant",2,40,49,0.91,NA
"quant",2,40,49,0.92,NA
"quant",2,40,49,0.93,NA
"quant",2,40,49,0.94,NA
"quant",2,40,49,0.95,NA
"quant",2,40,49,0.96,NA
"quant",2,40,49,0.97,NA
"quant",2,40,49,0.98,NA
"quant",2,40,49,0.99,NA
"quant",2,40,49,0.995,NA
"quant",2,40,50,0.9,NA
"quant",2,40,50,0.91,NA
"quant",2,40,50,0.92,NA
"quant",2,40,50,0.93,NA
"quant",2,40,50,0.94,NA
"quant",2,40,50,0.95,NA
"quant",2,40,50,0.96,NA
"quant",2,40,50,0.97,NA
"quant",2,40,50,0.98,NA
"quant",2,40,50,0.99,NA
"quant",2,40,50,0.995,NA
"quant",3,40,1,0.9,2.26904252536005
"quant",3,40,1,0.91,2.13583548145234
"quant",3,40,1,0.92,1.9865786698285
"quant",3,40,1,0.93,1.82009804283115
"quant",3,40,1,0.94,1.63884357992676
"quant",3,40,1,0.95,1.44271524033836
"quant",3,40,1,0.96,1.22677849166616
"quant",3,40,1,0.97,0.982641890384765
"quant",3,40,1,0.98,0.716259980668154
"quant",3,40,1,0.99,0.411295597105873
"quant",3,40,1,0.995,0.201775505341554
"quant",3,40,2,0.9,3.93573525338884
"quant",3,40,2,0.91,3.79492170257984
"quant",3,40,2,0.92,3.6344637803647
"quant",3,40,2,0.93,3.45230428115749
"quant",3,40,2,0.94,3.25172150238472
"quant",3,40,2,0.95,3.02612785822112
"quant",3,40,2,0.96,2.76735130618043
"quant",3,40,2,0.97,2.44116795897787
"quant",3,40,2,0.98,2.02744693521028
"quant",3,40,2,0.99,1.37464682504726
"quant",3,40,2,0.995,0.6819030582313
"quant",3,40,3,0.9,3.07980526034439
"quant",3,40,3,0.91,2.93144111450983
"quant",3,40,3,0.92,2.75707065351315
"quant",3,40,3,0.93,2.55738990008491
"quant",3,40,3,0.94,2.32836273114799
"quant",3,40,3,0.95,2.07159394801651
"quant",3,40,3,0.96,1.78479090696363
"quant",3,40,3,0.97,1.45951242023133
"quant",3,40,3,0.98,1.08367654309559
"quant",3,40,3,0.99,0.591976849604857
"quant",3,40,3,0.995,0.320180877537389
"quant",3,40,4,0.9,4.29205473984173
"quant",3,40,4,0.91,4.14189601595965
"quant",3,40,4,0.92,3.9689325950382
"quant",3,40,4,0.93,3.77541313265353
"quant",3,40,4,0.94,3.56306204747234
"quant",3,40,4,0.95,3.33226119756572
"quant",3,40,4,0.96,3.07477836776738
"quant",3,40,4,0.97,2.79096655958726
"quant",3,40,4,0.98,2.43713874929564
"quant",3,40,4,0.99,1.85277676347387
"quant",3,40,4,0.995,0.955268093474198
"quant",3,40,5,0.9,2.1117682957294
"quant",3,40,5,0.91,1.99004376950905
"quant",3,40,5,0.92,1.85626047523188
"quant",3,40,5,0.93,1.7087613350269
"quant",3,40,5,0.94,1.54670099902319
"quant",3,40,5,0.95,1.36711472230123
"quant",3,40,5,0.96,1.15849641882104
"quant",3,40,5,0.97,0.910639667504787
"quant",3,40,5,0.98,0.62570272496189
"quant",3,40,5,0.99,0.328672797435171
"quant",3,40,5,0.995,0.186082661618068
"quant",3,40,6,0.9,1.24888500900094
"quant",3,40,6,0.91,1.15361855000754
"quant",3,40,6,0.92,1.05367804563829
"quant",3,40,6,0.93,0.946706948942258
"quant",3,40,6,0.94,0.832784914596884
"quant",3,40,6,0.95,0.713047818067032
"quant",3,40,6,0.96,0.590639951314046
"quant",3,40,6,0.97,0.462934240240179
"quant",3,40,6,0.98,0.329912085934062
"quant",3,40,6,0.99,0.186025337933233
"quant",3,40,6,0.995,0.104517122711613
"quant",3,40,7,0.9,3.24595868591899
"quant",3,40,7,0.91,3.08372991195683
"quant",3,40,7,0.92,2.89889789026965
"quant",3,40,7,0.93,2.68816791019397
"quant",3,40,7,0.94,2.45070392432913
"quant",3,40,7,0.95,2.17704193096264
"quant",3,40,7,0.96,1.86009495525341
"quant",3,40,7,0.97,1.48640657181104
"quant",3,40,7,0.98,1.04019754212613
"quant",3,40,7,0.99,0.546255754501974
"quant",3,40,7,0.995,0.309786531840919
"quant",3,40,8,0.9,2.78764665739026
"quant",3,40,8,0.91,2.66967430642419
"quant",3,40,8,0.92,2.53929417295718
"quant",3,40,8,0.93,2.39171920126645
"quant",3,40,8,0.94,2.22862879888363
"quant",3,40,8,0.95,2.03999658124085
"quant",3,40,8,0.96,1.81020625504567
"quant",3,40,8,0.97,1.5181615539617
"quant",3,40,8,0.98,1.13620661059982
"quant",3,40,8,0.99,0.608477687253668
"quant",3,40,8,0.995,0.275642588123272
"quant",3,40,9,0.9,2.90517558859151
"quant",3,40,9,0.91,2.78948957866951
"quant",3,40,9,0.92,2.65556072382986
"quant",3,40,9,0.93,2.49906385423504
"quant",3,40,9,0.94,2.31099327841763
"quant",3,40,9,0.95,2.08205990507922
"quant",3,40,9,0.96,1.78171150976818
"quant",3,40,9,0.97,1.36376018323226
"quant",3,40,9,0.98,0.827212625868087
"quant",3,40,9,0.99,0.413866349070427
"quant",3,40,9,0.995,0.263590054360805
"quant",3,40,10,0.9,2.07878930500278
"quant",3,40,10,0.91,1.94602494509183
"quant",3,40,10,0.92,1.79801162056148
"quant",3,40,10,0.93,1.63471621335499
"quant",3,40,10,0.94,1.45336380884666
"quant",3,40,10,0.95,1.24950003895221
"quant",3,40,10,0.96,1.03377233205526
"quant",3,40,10,0.97,0.79108585195486
"quant",3,40,10,0.98,0.523049735265974
"quant",3,40,10,0.99,0.270713844062427
"quant",3,40,10,0.995,0.160114167873788
"quant",3,40,11,0.9,NA
"quant",3,40,11,0.91,NA
"quant",3,40,11,0.92,NA
"quant",3,40,11,0.93,NA
"quant",3,40,11,0.94,NA
"quant",3,40,11,0.95,NA
"quant",3,40,11,0.96,NA
"quant",3,40,11,0.97,NA
"quant",3,40,11,0.98,NA
"quant",3,40,11,0.99,NA
"quant",3,40,11,0.995,NA
"quant",3,40,12,0.9,NA
"quant",3,40,12,0.91,NA
"quant",3,40,12,0.92,NA
"quant",3,40,12,0.93,NA
"quant",3,40,12,0.94,NA
"quant",3,40,12,0.95,NA
"quant",3,40,12,0.96,NA
"quant",3,40,12,0.97,NA
"quant",3,40,12,0.98,NA
"quant",3,40,12,0.99,NA
"quant",3,40,12,0.995,NA
"quant",3,40,13,0.9,NA
"quant",3,40,13,0.91,NA
"quant",3,40,13,0.92,NA
"quant",3,40,13,0.93,NA
"quant",3,40,13,0.94,NA
"quant",3,40,13,0.95,NA
"quant",3,40,13,0.96,NA
"quant",3,40,13,0.97,NA
"quant",3,40,13,0.98,NA
"quant",3,40,13,0.99,NA
"quant",3,40,13,0.995,NA
"quant",3,40,14,0.9,NA
"quant",3,40,14,0.91,NA
"quant",3,40,14,0.92,NA
"quant",3,40,14,0.93,NA
"quant",3,40,14,0.94,NA
"quant",3,40,14,0.95,NA
"quant",3,40,14,0.96,NA
"quant",3,40,14,0.97,NA
"quant",3,40,14,0.98,NA
"quant",3,40,14,0.99,NA
"quant",3,40,14,0.995,NA
"quant",3,40,15,0.9,NA
"quant",3,40,15,0.91,NA
"quant",3,40,15,0.92,NA
"quant",3,40,15,0.93,NA
"quant",3,40,15,0.94,NA
"quant",3,40,15,0.95,NA
"quant",3,40,15,0.96,NA
"quant",3,40,15,0.97,NA
"quant",3,40,15,0.98,NA
"quant",3,40,15,0.99,NA
"quant",3,40,15,0.995,NA
"quant",3,40,16,0.9,NA
"quant",3,40,16,0.91,NA
"quant",3,40,16,0.92,NA
"quant",3,40,16,0.93,NA
"quant",3,40,16,0.94,NA
"quant",3,40,16,0.95,NA
"quant",3,40,16,0.96,NA
"quant",3,40,16,0.97,NA
"quant",3,40,16,0.98,NA
"quant",3,40,16,0.99,NA
"quant",3,40,16,0.995,NA
"quant",3,40,17,0.9,NA
"quant",3,40,17,0.91,NA
"quant",3,40,17,0.92,NA
"quant",3,40,17,0.93,NA
"quant",3,40,17,0.94,NA
"quant",3,40,17,0.95,NA
"quant",3,40,17,0.96,NA
"quant",3,40,17,0.97,NA
"quant",3,40,17,0.98,NA
"quant",3,40,17,0.99,NA
"quant",3,40,17,0.995,NA
"quant",3,40,18,0.9,NA
"quant",3,40,18,0.91,NA
"quant",3,40,18,0.92,NA
"quant",3,40,18,0.93,NA
"quant",3,40,18,0.94,NA
"quant",3,40,18,0.95,NA
"quant",3,40,18,0.96,NA
"quant",3,40,18,0.97,NA
"quant",3,40,18,0.98,NA
"quant",3,40,18,0.99,NA
"quant",3,40,18,0.995,NA
"quant",3,40,19,0.9,NA
"quant",3,40,19,0.91,NA
"quant",3,40,19,0.92,NA
"quant",3,40,19,0.93,NA
"quant",3,40,19,0.94,NA
"quant",3,40,19,0.95,NA
"quant",3,40,19,0.96,NA
"quant",3,40,19,0.97,NA
"quant",3,40,19,0.98,NA
"quant",3,40,19,0.99,NA
"quant",3,40,19,0.995,NA
"quant",3,40,20,0.9,NA
"quant",3,40,20,0.91,NA
"quant",3,40,20,0.92,NA
"quant",3,40,20,0.93,NA
"quant",3,40,20,0.94,NA
"quant",3,40,20,0.95,NA
"quant",3,40,20,0.96,NA
"quant",3,40,20,0.97,NA
"quant",3,40,20,0.98,NA
"quant",3,40,20,0.99,NA
"quant",3,40,20,0.995,NA
"quant",3,40,21,0.9,NA
"quant",3,40,21,0.91,NA
"quant",3,40,21,0.92,NA
"quant",3,40,21,0.93,NA
"quant",3,40,21,0.94,NA
"quant",3,40,21,0.95,NA
"quant",3,40,21,0.96,NA
"quant",3,40,21,0.97,NA
"quant",3,40,21,0.98,NA
"quant",3,40,21,0.99,NA
"quant",3,40,21,0.995,NA
"quant",3,40,22,0.9,NA
"quant",3,40,22,0.91,NA
"quant",3,40,22,0.92,NA
"quant",3,40,22,0.93,NA
"quant",3,40,22,0.94,NA
"quant",3,40,22,0.95,NA
"quant",3,40,22,0.96,NA
"quant",3,40,22,0.97,NA
"quant",3,40,22,0.98,NA
"quant",3,40,22,0.99,NA
"quant",3,40,22,0.995,NA
"quant",3,40,23,0.9,NA
"quant",3,40,23,0.91,NA
"quant",3,40,23,0.92,NA
"quant",3,40,23,0.93,NA
"quant",3,40,23,0.94,NA
"quant",3,40,23,0.95,NA
"quant",3,40,23,0.96,NA
"quant",3,40,23,0.97,NA
"quant",3,40,23,0.98,NA
"quant",3,40,23,0.99,NA
"quant",3,40,23,0.995,NA
"quant",3,40,24,0.9,NA
"quant",3,40,24,0.91,NA
"quant",3,40,24,0.92,NA
"quant",3,40,24,0.93,NA
"quant",3,40,24,0.94,NA
"quant",3,40,24,0.95,NA
"quant",3,40,24,0.96,NA
"quant",3,40,24,0.97,NA
"quant",3,40,24,0.98,NA
"quant",3,40,24,0.99,NA
"quant",3,40,24,0.995,NA
"quant",3,40,25,0.9,NA
"quant",3,40,25,0.91,NA
"quant",3,40,25,0.92,NA
"quant",3,40,25,0.93,NA
"quant",3,40,25,0.94,NA
"quant",3,40,25,0.95,NA
"quant",3,40,25,0.96,NA
"quant",3,40,25,0.97,NA
"quant",3,40,25,0.98,NA
"quant",3,40,25,0.99,NA
"quant",3,40,25,0.995,NA
"quant",3,40,26,0.9,NA
"quant",3,40,26,0.91,NA
"quant",3,40,26,0.92,NA
"quant",3,40,26,0.93,NA
"quant",3,40,26,0.94,NA
"quant",3,40,26,0.95,NA
"quant",3,40,26,0.96,NA
"quant",3,40,26,0.97,NA
"quant",3,40,26,0.98,NA
"quant",3,40,26,0.99,NA
"quant",3,40,26,0.995,NA
"quant",3,40,27,0.9,NA
"quant",3,40,27,0.91,NA
"quant",3,40,27,0.92,NA
"quant",3,40,27,0.93,NA
"quant",3,40,27,0.94,NA
"quant",3,40,27,0.95,NA
"quant",3,40,27,0.96,NA
"quant",3,40,27,0.97,NA
"quant",3,40,27,0.98,NA
"quant",3,40,27,0.99,NA
"quant",3,40,27,0.995,NA
"quant",3,40,28,0.9,NA
"quant",3,40,28,0.91,NA
"quant",3,40,28,0.92,NA
"quant",3,40,28,0.93,NA
"quant",3,40,28,0.94,NA
"quant",3,40,28,0.95,NA
"quant",3,40,28,0.96,NA
"quant",3,40,28,0.97,NA
"quant",3,40,28,0.98,NA
"quant",3,40,28,0.99,NA
"quant",3,40,28,0.995,NA
"quant",3,40,29,0.9,NA
"quant",3,40,29,0.91,NA
"quant",3,40,29,0.92,NA
"quant",3,40,29,0.93,NA
"quant",3,40,29,0.94,NA
"quant",3,40,29,0.95,NA
"quant",3,40,29,0.96,NA
"quant",3,40,29,0.97,NA
"quant",3,40,29,0.98,NA
"quant",3,40,29,0.99,NA
"quant",3,40,29,0.995,NA
"quant",3,40,30,0.9,NA
"quant",3,40,30,0.91,NA
"quant",3,40,30,0.92,NA
"quant",3,40,30,0.93,NA
"quant",3,40,30,0.94,NA
"quant",3,40,30,0.95,NA
"quant",3,40,30,0.96,NA
"quant",3,40,30,0.97,NA
"quant",3,40,30,0.98,NA
"quant",3,40,30,0.99,NA
"quant",3,40,30,0.995,NA
"quant",3,40,31,0.9,NA
"quant",3,40,31,0.91,NA
"quant",3,40,31,0.92,NA
"quant",3,40,31,0.93,NA
"quant",3,40,31,0.94,NA
"quant",3,40,31,0.95,NA
"quant",3,40,31,0.96,NA
"quant",3,40,31,0.97,NA
"quant",3,40,31,0.98,NA
"quant",3,40,31,0.99,NA
"quant",3,40,31,0.995,NA
"quant",3,40,32,0.9,NA
"quant",3,40,32,0.91,NA
"quant",3,40,32,0.92,NA
"quant",3,40,32,0.93,NA
"quant",3,40,32,0.94,NA
"quant",3,40,32,0.95,NA
"quant",3,40,32,0.96,NA
"quant",3,40,32,0.97,NA
"quant",3,40,32,0.98,NA
"quant",3,40,32,0.99,NA
"quant",3,40,32,0.995,NA
"quant",3,40,33,0.9,NA
"quant",3,40,33,0.91,NA
"quant",3,40,33,0.92,NA
"quant",3,40,33,0.93,NA
"quant",3,40,33,0.94,NA
"quant",3,40,33,0.95,NA
"quant",3,40,33,0.96,NA
"quant",3,40,33,0.97,NA
"quant",3,40,33,0.98,NA
"quant",3,40,33,0.99,NA
"quant",3,40,33,0.995,NA
"quant",3,40,34,0.9,NA
"quant",3,40,34,0.91,NA
"quant",3,40,34,0.92,NA
"quant",3,40,34,0.93,NA
"quant",3,40,34,0.94,NA
"quant",3,40,34,0.95,NA
"quant",3,40,34,0.96,NA
"quant",3,40,34,0.97,NA
"quant",3,40,34,0.98,NA
"quant",3,40,34,0.99,NA
"quant",3,40,34,0.995,NA
"quant",3,40,35,0.9,NA
"quant",3,40,35,0.91,NA
"quant",3,40,35,0.92,NA
"quant",3,40,35,0.93,NA
"quant",3,40,35,0.94,NA
"quant",3,40,35,0.95,NA
"quant",3,40,35,0.96,NA
"quant",3,40,35,0.97,NA
"quant",3,40,35,0.98,NA
"quant",3,40,35,0.99,NA
"quant",3,40,35,0.995,NA
"quant",3,40,36,0.9,NA
"quant",3,40,36,0.91,NA
"quant",3,40,36,0.92,NA
"quant",3,40,36,0.93,NA
"quant",3,40,36,0.94,NA
"quant",3,40,36,0.95,NA
"quant",3,40,36,0.96,NA
"quant",3,40,36,0.97,NA
"quant",3,40,36,0.98,NA
"quant",3,40,36,0.99,NA
"quant",3,40,36,0.995,NA
"quant",3,40,37,0.9,NA
"quant",3,40,37,0.91,NA
"quant",3,40,37,0.92,NA
"quant",3,40,37,0.93,NA
"quant",3,40,37,0.94,NA
"quant",3,40,37,0.95,NA
"quant",3,40,37,0.96,NA
"quant",3,40,37,0.97,NA
"quant",3,40,37,0.98,NA
"quant",3,40,37,0.99,NA
"quant",3,40,37,0.995,NA
"quant",3,40,38,0.9,NA
"quant",3,40,38,0.91,NA
"quant",3,40,38,0.92,NA
"quant",3,40,38,0.93,NA
"quant",3,40,38,0.94,NA
"quant",3,40,38,0.95,NA
"quant",3,40,38,0.96,NA
"quant",3,40,38,0.97,NA
"quant",3,40,38,0.98,NA
"quant",3,40,38,0.99,NA
"quant",3,40,38,0.995,NA
"quant",3,40,39,0.9,NA
"quant",3,40,39,0.91,NA
"quant",3,40,39,0.92,NA
"quant",3,40,39,0.93,NA
"quant",3,40,39,0.94,NA
"quant",3,40,39,0.95,NA
"quant",3,40,39,0.96,NA
"quant",3,40,39,0.97,NA
"quant",3,40,39,0.98,NA
"quant",3,40,39,0.99,NA
"quant",3,40,39,0.995,NA
"quant",3,40,40,0.9,NA
"quant",3,40,40,0.91,NA
"quant",3,40,40,0.92,NA
"quant",3,40,40,0.93,NA
"quant",3,40,40,0.94,NA
"quant",3,40,40,0.95,NA
"quant",3,40,40,0.96,NA
"quant",3,40,40,0.97,NA
"quant",3,40,40,0.98,NA
"quant",3,40,40,0.99,NA
"quant",3,40,40,0.995,NA
"quant",3,40,41,0.9,NA
"quant",3,40,41,0.91,NA
"quant",3,40,41,0.92,NA
"quant",3,40,41,0.93,NA
"quant",3,40,41,0.94,NA
"quant",3,40,41,0.95,NA
"quant",3,40,41,0.96,NA
"quant",3,40,41,0.97,NA
"quant",3,40,41,0.98,NA
"quant",3,40,41,0.99,NA
"quant",3,40,41,0.995,NA
"quant",3,40,42,0.9,NA
"quant",3,40,42,0.91,NA
"quant",3,40,42,0.92,NA
"quant",3,40,42,0.93,NA
"quant",3,40,42,0.94,NA
"quant",3,40,42,0.95,NA
"quant",3,40,42,0.96,NA
"quant",3,40,42,0.97,NA
"quant",3,40,42,0.98,NA
"quant",3,40,42,0.99,NA
"quant",3,40,42,0.995,NA
"quant",3,40,43,0.9,NA
"quant",3,40,43,0.91,NA
"quant",3,40,43,0.92,NA
"quant",3,40,43,0.93,NA
"quant",3,40,43,0.94,NA
"quant",3,40,43,0.95,NA
"quant",3,40,43,0.96,NA
"quant",3,40,43,0.97,NA
"quant",3,40,43,0.98,NA
"quant",3,40,43,0.99,NA
"quant",3,40,43,0.995,NA
"quant",3,40,44,0.9,NA
"quant",3,40,44,0.91,NA
"quant",3,40,44,0.92,NA
"quant",3,40,44,0.93,NA
"quant",3,40,44,0.94,NA
"quant",3,40,44,0.95,NA
"quant",3,40,44,0.96,NA
"quant",3,40,44,0.97,NA
"quant",3,40,44,0.98,NA
"quant",3,40,44,0.99,NA
"quant",3,40,44,0.995,NA
"quant",3,40,45,0.9,NA
"quant",3,40,45,0.91,NA
"quant",3,40,45,0.92,NA
"quant",3,40,45,0.93,NA
"quant",3,40,45,0.94,NA
"quant",3,40,45,0.95,NA
"quant",3,40,45,0.96,NA
"quant",3,40,45,0.97,NA
"quant",3,40,45,0.98,NA
"quant",3,40,45,0.99,NA
"quant",3,40,45,0.995,NA
"quant",3,40,46,0.9,NA
"quant",3,40,46,0.91,NA
"quant",3,40,46,0.92,NA
"quant",3,40,46,0.93,NA
"quant",3,40,46,0.94,NA
"quant",3,40,46,0.95,NA
"quant",3,40,46,0.96,NA
"quant",3,40,46,0.97,NA
"quant",3,40,46,0.98,NA
"quant",3,40,46,0.99,NA
"quant",3,40,46,0.995,NA
"quant",3,40,47,0.9,NA
"quant",3,40,47,0.91,NA
"quant",3,40,47,0.92,NA
"quant",3,40,47,0.93,NA
"quant",3,40,47,0.94,NA
"quant",3,40,47,0.95,NA
"quant",3,40,47,0.96,NA
"quant",3,40,47,0.97,NA
"quant",3,40,47,0.98,NA
"quant",3,40,47,0.99,NA
"quant",3,40,47,0.995,NA
"quant",3,40,48,0.9,NA
"quant",3,40,48,0.91,NA
"quant",3,40,48,0.92,NA
"quant",3,40,48,0.93,NA
"quant",3,40,48,0.94,NA
"quant",3,40,48,0.95,NA
"quant",3,40,48,0.96,NA
"quant",3,40,48,0.97,NA
"quant",3,40,48,0.98,NA
"quant",3,40,48,0.99,NA
"quant",3,40,48,0.995,NA
"quant",3,40,49,0.9,NA
"quant",3,40,49,0.91,NA
"quant",3,40,49,0.92,NA
"quant",3,40,49,0.93,NA
"quant",3,40,49,0.94,NA
"quant",3,40,49,0.95,NA
"quant",3,40,49,0.96,NA
"quant",3,40,49,0.97,NA
"quant",3,40,49,0.98,NA
"quant",3,40,49,0.99,NA
"quant",3,40,49,0.995,NA
"quant",3,40,50,0.9,NA
"quant",3,40,50,0.91,NA
"quant",3,40,50,0.92,NA
"quant",3,40,50,0.93,NA
"quant",3,40,50,0.94,NA
"quant",3,40,50,0.95,NA
"quant",3,40,50,0.96,NA
"quant",3,40,50,0.97,NA
"quant",3,40,50,0.98,NA
"quant",3,40,50,0.99,NA
"quant",3,40,50,0.995,NA
"quant",4,40,1,0.9,2.33181279874689
"quant",4,40,1,0.91,2.21223354186708
"quant",4,40,1,0.92,2.08403267641755
"quant",4,40,1,0.93,1.94575516424419
"quant",4,40,1,0.94,1.79217215127873
"quant",4,40,1,0.95,1.61309457540245
"quant",4,40,1,0.96,1.40776113509289
"quant",4,40,1,0.97,1.17788096447339
"quant",4,40,1,0.98,0.919308929461571
"quant",4,40,1,0.99,0.604294840715757
"quant",4,40,1,0.995,0.403561206641829
"quant",4,40,2,0.9,3.80473146115513
"quant",4,40,2,0.91,3.65822872335409
"quant",4,40,2,0.92,3.49944280004569
"quant",4,40,2,0.93,3.32498405388615
"quant",4,40,2,0.94,3.13380622814681
"quant",4,40,2,0.95,2.90993871841232
"quant",4,40,2,0.96,2.63113716579616
"quant",4,40,2,0.97,2.28782553342712
"quant",4,40,2,0.98,1.87871197099334
"quant",4,40,2,0.99,1.07099224242387
"quant",4,40,2,0.995,0.576581365046934
"quant",4,40,3,0.9,2.82060260878696
"quant",4,40,3,0.91,2.66554804530136
"quant",4,40,3,0.92,2.4993203950967
"quant",4,40,3,0.93,2.32071480009226
"quant",4,40,3,0.94,2.1199365436004
"quant",4,40,3,0.95,1.89242907014785
"quant",4,40,3,0.96,1.63715766003371
"quant",4,40,3,0.97,1.34725474970169
"quant",4,40,3,0.98,0.993541348117699
"quant",4,40,3,0.99,0.556645217782904
"quant",4,40,3,0.995,0.301682660401431
"quant",4,40,4,0.9,4.06922781270681
"quant",4,40,4,0.91,3.92575669598526
"quant",4,40,4,0.92,3.77173399988644
"quant",4,40,4,0.93,3.60810903632348
"quant",4,40,4,0.94,3.42740254664751
"quant",4,40,4,0.95,3.22746570238312
"quant",4,40,4,0.96,2.99366492512229
"quant",4,40,4,0.97,2.69489124950302
"quant",4,40,4,0.98,2.2951436371285
"quant",4,40,4,0.99,1.24243721637626
"quant",4,40,4,0.995,0.667948246345966
"quant",4,40,5,0.9,1.9901482537221
"quant",4,40,5,0.91,1.86614924054392
"quant",4,40,5,0.92,1.72965455828359
"quant",4,40,5,0.93,1.58191944628917
"quant",4,40,5,0.94,1.41985586180105
"quant",4,40,5,0.95,1.2429684101919
"quant",4,40,5,0.96,1.04400422344164
"quant",4,40,5,0.97,0.827119121952177
"quant",4,40,5,0.98,0.590896095084727
"quant",4,40,5,0.99,0.324816376217604
"quant",4,40,5,0.995,0.180693999621162
"quant",4,40,6,0.9,1.30293049653763
"quant",4,40,6,0.91,1.21803459798173
"quant",4,40,6,0.92,1.12997607837102
"quant",4,40,6,0.93,1.03833879163972
"quant",4,40,6,0.94,0.944999379360996
"quant",4,40,6,0.95,0.854532566859977
"quant",4,40,6,0.96,0.765270916532208
"quant",4,40,6,0.97,0.665468907505526
"quant",4,40,6,0.98,0.542591928052823
"quant",4,40,6,0.99,0.370500215924647
"quant",4,40,6,0.995,0.256555095125436
"quant",4,40,7,0.9,2.99736062119071
"quant",4,40,7,0.91,2.81875424522055
"quant",4,40,7,0.92,2.62368038902625
"quant",4,40,7,0.93,2.40792924003236
"quant",4,40,7,0.94,2.16450601127462
"quant",4,40,7,0.95,1.89969982182865
"quant",4,40,7,0.96,1.61312937472823
"quant",4,40,7,0.97,1.29747445614895
"quant",4,40,7,0.98,0.94670845539913
"quant",4,40,7,0.99,0.524530387415557
"quant",4,40,7,0.995,0.287864014166022
"quant",4,40,8,0.9,2.65544492690851
"quant",4,40,8,0.91,2.52758995717739
"quant",4,40,8,0.92,2.38558442692332
"quant",4,40,8,0.93,2.22622887811601
"quant",4,40,8,0.94,2.05203371292946
"quant",4,40,8,0.95,1.85289223691397
"quant",4,40,8,0.96,1.61844121468406
"quant",4,40,8,0.97,1.33139411126998
"quant",4,40,8,0.98,0.975546778622951
"quant",4,40,8,0.99,0.522668343513069
"quant",4,40,8,0.995,0.274010096590652
"quant",4,40,9,0.9,2.68458856809303
"quant",4,40,9,0.91,2.51684949267732
"quant",4,40,9,0.92,2.32337801210917
"quant",4,40,9,0.93,2.11003207161431
"quant",4,40,9,0.94,1.87773466825396
"quant",4,40,9,0.95,1.62406417870658
"quant",4,40,9,0.96,1.35357841697192
"quant",4,40,9,0.97,1.05639535113315
"quant",4,40,9,0.98,0.734285967349787
"quant",4,40,9,0.99,0.38533636191213
"quant",4,40,9,0.995,0.202343082865748
"quant",4,40,10,0.9,1.90651635771438
"quant",4,40,10,0.91,1.76891095599138
"quant",4,40,10,0.92,1.62262021451823
"quant",4,40,10,0.93,1.46492444376566
"quant",4,40,10,0.94,1.29841190338633
"quant",4,40,10,0.95,1.12112764833189
"quant",4,40,10,0.96,0.929358080506325
"quant",4,40,10,0.97,0.725636128023457
"quant",4,40,10,0.98,0.503535686334277
"quant",4,40,10,0.99,0.26464988848361
"quant",4,40,10,0.995,0.137532417591606
"quant",4,40,11,0.9,NA
"quant",4,40,11,0.91,NA
"quant",4,40,11,0.92,NA
"quant",4,40,11,0.93,NA
"quant",4,40,11,0.94,NA
"quant",4,40,11,0.95,NA
"quant",4,40,11,0.96,NA
"quant",4,40,11,0.97,NA
"quant",4,40,11,0.98,NA
"quant",4,40,11,0.99,NA
"quant",4,40,11,0.995,NA
"quant",4,40,12,0.9,NA
"quant",4,40,12,0.91,NA
"quant",4,40,12,0.92,NA
"quant",4,40,12,0.93,NA
"quant",4,40,12,0.94,NA
"quant",4,40,12,0.95,NA
"quant",4,40,12,0.96,NA
"quant",4,40,12,0.97,NA
"quant",4,40,12,0.98,NA
"quant",4,40,12,0.99,NA
"quant",4,40,12,0.995,NA
"quant",4,40,13,0.9,NA
"quant",4,40,13,0.91,NA
"quant",4,40,13,0.92,NA
"quant",4,40,13,0.93,NA
"quant",4,40,13,0.94,NA
"quant",4,40,13,0.95,NA
"quant",4,40,13,0.96,NA
"quant",4,40,13,0.97,NA
"quant",4,40,13,0.98,NA
"quant",4,40,13,0.99,NA
"quant",4,40,13,0.995,NA
"quant",4,40,14,0.9,NA
"quant",4,40,14,0.91,NA
"quant",4,40,14,0.92,NA
"quant",4,40,14,0.93,NA
"quant",4,40,14,0.94,NA
"quant",4,40,14,0.95,NA
"quant",4,40,14,0.96,NA
"quant",4,40,14,0.97,NA
"quant",4,40,14,0.98,NA
"quant",4,40,14,0.99,NA
"quant",4,40,14,0.995,NA
"quant",4,40,15,0.9,NA
"quant",4,40,15,0.91,NA
"quant",4,40,15,0.92,NA
"quant",4,40,15,0.93,NA
"quant",4,40,15,0.94,NA
"quant",4,40,15,0.95,NA
"quant",4,40,15,0.96,NA
"quant",4,40,15,0.97,NA
"quant",4,40,15,0.98,NA
"quant",4,40,15,0.99,NA
"quant",4,40,15,0.995,NA
"quant",4,40,16,0.9,NA
"quant",4,40,16,0.91,NA
"quant",4,40,16,0.92,NA
"quant",4,40,16,0.93,NA
"quant",4,40,16,0.94,NA
"quant",4,40,16,0.95,NA
"quant",4,40,16,0.96,NA
"quant",4,40,16,0.97,NA
"quant",4,40,16,0.98,NA
"quant",4,40,16,0.99,NA
"quant",4,40,16,0.995,NA
"quant",4,40,17,0.9,NA
"quant",4,40,17,0.91,NA
"quant",4,40,17,0.92,NA
"quant",4,40,17,0.93,NA
"quant",4,40,17,0.94,NA
"quant",4,40,17,0.95,NA
"quant",4,40,17,0.96,NA
"quant",4,40,17,0.97,NA
"quant",4,40,17,0.98,NA
"quant",4,40,17,0.99,NA
"quant",4,40,17,0.995,NA
"quant",4,40,18,0.9,NA
"quant",4,40,18,0.91,NA
"quant",4,40,18,0.92,NA
"quant",4,40,18,0.93,NA
"quant",4,40,18,0.94,NA
"quant",4,40,18,0.95,NA
"quant",4,40,18,0.96,NA
"quant",4,40,18,0.97,NA
"quant",4,40,18,0.98,NA
"quant",4,40,18,0.99,NA
"quant",4,40,18,0.995,NA
"quant",4,40,19,0.9,NA
"quant",4,40,19,0.91,NA
"quant",4,40,19,0.92,NA
"quant",4,40,19,0.93,NA
"quant",4,40,19,0.94,NA
"quant",4,40,19,0.95,NA
"quant",4,40,19,0.96,NA
"quant",4,40,19,0.97,NA
"quant",4,40,19,0.98,NA
"quant",4,40,19,0.99,NA
"quant",4,40,19,0.995,NA
"quant",4,40,20,0.9,NA
"quant",4,40,20,0.91,NA
"quant",4,40,20,0.92,NA
"quant",4,40,20,0.93,NA
"quant",4,40,20,0.94,NA
"quant",4,40,20,0.95,NA
"quant",4,40,20,0.96,NA
"quant",4,40,20,0.97,NA
"quant",4,40,20,0.98,NA
"quant",4,40,20,0.99,NA
"quant",4,40,20,0.995,NA
"quant",4,40,21,0.9,NA
"quant",4,40,21,0.91,NA
"quant",4,40,21,0.92,NA
"quant",4,40,21,0.93,NA
"quant",4,40,21,0.94,NA
"quant",4,40,21,0.95,NA
"quant",4,40,21,0.96,NA
"quant",4,40,21,0.97,NA
"quant",4,40,21,0.98,NA
"quant",4,40,21,0.99,NA
"quant",4,40,21,0.995,NA
"quant",4,40,22,0.9,NA
"quant",4,40,22,0.91,NA
"quant",4,40,22,0.92,NA
"quant",4,40,22,0.93,NA
"quant",4,40,22,0.94,NA
"quant",4,40,22,0.95,NA
"quant",4,40,22,0.96,NA
"quant",4,40,22,0.97,NA
"quant",4,40,22,0.98,NA
"quant",4,40,22,0.99,NA
"quant",4,40,22,0.995,NA
"quant",4,40,23,0.9,NA
"quant",4,40,23,0.91,NA
"quant",4,40,23,0.92,NA
"quant",4,40,23,0.93,NA
"quant",4,40,23,0.94,NA
"quant",4,40,23,0.95,NA
"quant",4,40,23,0.96,NA
"quant",4,40,23,0.97,NA
"quant",4,40,23,0.98,NA
"quant",4,40,23,0.99,NA
"quant",4,40,23,0.995,NA
"quant",4,40,24,0.9,NA
"quant",4,40,24,0.91,NA
"quant",4,40,24,0.92,NA
"quant",4,40,24,0.93,NA
"quant",4,40,24,0.94,NA
"quant",4,40,24,0.95,NA
"quant",4,40,24,0.96,NA
"quant",4,40,24,0.97,NA
"quant",4,40,24,0.98,NA
"quant",4,40,24,0.99,NA
"quant",4,40,24,0.995,NA
"quant",4,40,25,0.9,NA
"quant",4,40,25,0.91,NA
"quant",4,40,25,0.92,NA
"quant",4,40,25,0.93,NA
"quant",4,40,25,0.94,NA
"quant",4,40,25,0.95,NA
"quant",4,40,25,0.96,NA
"quant",4,40,25,0.97,NA
"quant",4,40,25,0.98,NA
"quant",4,40,25,0.99,NA
"quant",4,40,25,0.995,NA
"quant",4,40,26,0.9,NA
"quant",4,40,26,0.91,NA
"quant",4,40,26,0.92,NA
"quant",4,40,26,0.93,NA
"quant",4,40,26,0.94,NA
"quant",4,40,26,0.95,NA
"quant",4,40,26,0.96,NA
"quant",4,40,26,0.97,NA
"quant",4,40,26,0.98,NA
"quant",4,40,26,0.99,NA
"quant",4,40,26,0.995,NA
"quant",4,40,27,0.9,NA
"quant",4,40,27,0.91,NA
"quant",4,40,27,0.92,NA
"quant",4,40,27,0.93,NA
"quant",4,40,27,0.94,NA
"quant",4,40,27,0.95,NA
"quant",4,40,27,0.96,NA
"quant",4,40,27,0.97,NA
"quant",4,40,27,0.98,NA
"quant",4,40,27,0.99,NA
"quant",4,40,27,0.995,NA
"quant",4,40,28,0.9,NA
"quant",4,40,28,0.91,NA
"quant",4,40,28,0.92,NA
"quant",4,40,28,0.93,NA
"quant",4,40,28,0.94,NA
"quant",4,40,28,0.95,NA
"quant",4,40,28,0.96,NA
"quant",4,40,28,0.97,NA
"quant",4,40,28,0.98,NA
"quant",4,40,28,0.99,NA
"quant",4,40,28,0.995,NA
"quant",4,40,29,0.9,NA
"quant",4,40,29,0.91,NA
"quant",4,40,29,0.92,NA
"quant",4,40,29,0.93,NA
"quant",4,40,29,0.94,NA
"quant",4,40,29,0.95,NA
"quant",4,40,29,0.96,NA
"quant",4,40,29,0.97,NA
"quant",4,40,29,0.98,NA
"quant",4,40,29,0.99,NA
"quant",4,40,29,0.995,NA
"quant",4,40,30,0.9,NA
"quant",4,40,30,0.91,NA
"quant",4,40,30,0.92,NA
"quant",4,40,30,0.93,NA
"quant",4,40,30,0.94,NA
"quant",4,40,30,0.95,NA
"quant",4,40,30,0.96,NA
"quant",4,40,30,0.97,NA
"quant",4,40,30,0.98,NA
"quant",4,40,30,0.99,NA
"quant",4,40,30,0.995,NA
"quant",4,40,31,0.9,NA
"quant",4,40,31,0.91,NA
"quant",4,40,31,0.92,NA
"quant",4,40,31,0.93,NA
"quant",4,40,31,0.94,NA
"quant",4,40,31,0.95,NA
"quant",4,40,31,0.96,NA
"quant",4,40,31,0.97,NA
"quant",4,40,31,0.98,NA
"quant",4,40,31,0.99,NA
"quant",4,40,31,0.995,NA
"quant",4,40,32,0.9,NA
"quant",4,40,32,0.91,NA
"quant",4,40,32,0.92,NA
"quant",4,40,32,0.93,NA
"quant",4,40,32,0.94,NA
"quant",4,40,32,0.95,NA
"quant",4,40,32,0.96,NA
"quant",4,40,32,0.97,NA
"quant",4,40,32,0.98,NA
"quant",4,40,32,0.99,NA
"quant",4,40,32,0.995,NA
"quant",4,40,33,0.9,NA
"quant",4,40,33,0.91,NA
"quant",4,40,33,0.92,NA
"quant",4,40,33,0.93,NA
"quant",4,40,33,0.94,NA
"quant",4,40,33,0.95,NA
"quant",4,40,33,0.96,NA
"quant",4,40,33,0.97,NA
"quant",4,40,33,0.98,NA
"quant",4,40,33,0.99,NA
"quant",4,40,33,0.995,NA
"quant",4,40,34,0.9,NA
"quant",4,40,34,0.91,NA
"quant",4,40,34,0.92,NA
"quant",4,40,34,0.93,NA
"quant",4,40,34,0.94,NA
"quant",4,40,34,0.95,NA
"quant",4,40,34,0.96,NA
"quant",4,40,34,0.97,NA
"quant",4,40,34,0.98,NA
"quant",4,40,34,0.99,NA
"quant",4,40,34,0.995,NA
"quant",4,40,35,0.9,NA
"quant",4,40,35,0.91,NA
"quant",4,40,35,0.92,NA
"quant",4,40,35,0.93,NA
"quant",4,40,35,0.94,NA
"quant",4,40,35,0.95,NA
"quant",4,40,35,0.96,NA
"quant",4,40,35,0.97,NA
"quant",4,40,35,0.98,NA
"quant",4,40,35,0.99,NA
"quant",4,40,35,0.995,NA
"quant",4,40,36,0.9,NA
"quant",4,40,36,0.91,NA
"quant",4,40,36,0.92,NA
"quant",4,40,36,0.93,NA
"quant",4,40,36,0.94,NA
"quant",4,40,36,0.95,NA
"quant",4,40,36,0.96,NA
"quant",4,40,36,0.97,NA
"quant",4,40,36,0.98,NA
"quant",4,40,36,0.99,NA
"quant",4,40,36,0.995,NA
"quant",4,40,37,0.9,NA
"quant",4,40,37,0.91,NA
"quant",4,40,37,0.92,NA
"quant",4,40,37,0.93,NA
"quant",4,40,37,0.94,NA
"quant",4,40,37,0.95,NA
"quant",4,40,37,0.96,NA
"quant",4,40,37,0.97,NA
"quant",4,40,37,0.98,NA
"quant",4,40,37,0.99,NA
"quant",4,40,37,0.995,NA
"quant",4,40,38,0.9,NA
"quant",4,40,38,0.91,NA
"quant",4,40,38,0.92,NA
"quant",4,40,38,0.93,NA
"quant",4,40,38,0.94,NA
"quant",4,40,38,0.95,NA
"quant",4,40,38,0.96,NA
"quant",4,40,38,0.97,NA
"quant",4,40,38,0.98,NA
"quant",4,40,38,0.99,NA
"quant",4,40,38,0.995,NA
"quant",4,40,39,0.9,NA
"quant",4,40,39,0.91,NA
"quant",4,40,39,0.92,NA
"quant",4,40,39,0.93,NA
"quant",4,40,39,0.94,NA
"quant",4,40,39,0.95,NA
"quant",4,40,39,0.96,NA
"quant",4,40,39,0.97,NA
"quant",4,40,39,0.98,NA
"quant",4,40,39,0.99,NA
"quant",4,40,39,0.995,NA
"quant",4,40,40,0.9,NA
"quant",4,40,40,0.91,NA
"quant",4,40,40,0.92,NA
"quant",4,40,40,0.93,NA
"quant",4,40,40,0.94,NA
"quant",4,40,40,0.95,NA
"quant",4,40,40,0.96,NA
"quant",4,40,40,0.97,NA
"quant",4,40,40,0.98,NA
"quant",4,40,40,0.99,NA
"quant",4,40,40,0.995,NA
"quant",4,40,41,0.9,NA
"quant",4,40,41,0.91,NA
"quant",4,40,41,0.92,NA
"quant",4,40,41,0.93,NA
"quant",4,40,41,0.94,NA
"quant",4,40,41,0.95,NA
"quant",4,40,41,0.96,NA
"quant",4,40,41,0.97,NA
"quant",4,40,41,0.98,NA
"quant",4,40,41,0.99,NA
"quant",4,40,41,0.995,NA
"quant",4,40,42,0.9,NA
"quant",4,40,42,0.91,NA
"quant",4,40,42,0.92,NA
"quant",4,40,42,0.93,NA
"quant",4,40,42,0.94,NA
"quant",4,40,42,0.95,NA
"quant",4,40,42,0.96,NA
"quant",4,40,42,0.97,NA
"quant",4,40,42,0.98,NA
"quant",4,40,42,0.99,NA
"quant",4,40,42,0.995,NA
"quant",4,40,43,0.9,NA
"quant",4,40,43,0.91,NA
"quant",4,40,43,0.92,NA
"quant",4,40,43,0.93,NA
"quant",4,40,43,0.94,NA
"quant",4,40,43,0.95,NA
"quant",4,40,43,0.96,NA
"quant",4,40,43,0.97,NA
"quant",4,40,43,0.98,NA
"quant",4,40,43,0.99,NA
"quant",4,40,43,0.995,NA
"quant",4,40,44,0.9,NA
"quant",4,40,44,0.91,NA
"quant",4,40,44,0.92,NA
"quant",4,40,44,0.93,NA
"quant",4,40,44,0.94,NA
"quant",4,40,44,0.95,NA
"quant",4,40,44,0.96,NA
"quant",4,40,44,0.97,NA
"quant",4,40,44,0.98,NA
"quant",4,40,44,0.99,NA
"quant",4,40,44,0.995,NA
"quant",4,40,45,0.9,NA
"quant",4,40,45,0.91,NA
"quant",4,40,45,0.92,NA
"quant",4,40,45,0.93,NA
"quant",4,40,45,0.94,NA
"quant",4,40,45,0.95,NA
"quant",4,40,45,0.96,NA
"quant",4,40,45,0.97,NA
"quant",4,40,45,0.98,NA
"quant",4,40,45,0.99,NA
"quant",4,40,45,0.995,NA
"quant",4,40,46,0.9,NA
"quant",4,40,46,0.91,NA
"quant",4,40,46,0.92,NA
"quant",4,40,46,0.93,NA
"quant",4,40,46,0.94,NA
"quant",4,40,46,0.95,NA
"quant",4,40,46,0.96,NA
"quant",4,40,46,0.97,NA
"quant",4,40,46,0.98,NA
"quant",4,40,46,0.99,NA
"quant",4,40,46,0.995,NA
"quant",4,40,47,0.9,NA
"quant",4,40,47,0.91,NA
"quant",4,40,47,0.92,NA
"quant",4,40,47,0.93,NA
"quant",4,40,47,0.94,NA
"quant",4,40,47,0.95,NA
"quant",4,40,47,0.96,NA
"quant",4,40,47,0.97,NA
"quant",4,40,47,0.98,NA
"quant",4,40,47,0.99,NA
"quant",4,40,47,0.995,NA
"quant",4,40,48,0.9,NA
"quant",4,40,48,0.91,NA
"quant",4,40,48,0.92,NA
"quant",4,40,48,0.93,NA
"quant",4,40,48,0.94,NA
"quant",4,40,48,0.95,NA
"quant",4,40,48,0.96,NA
"quant",4,40,48,0.97,NA
"quant",4,40,48,0.98,NA
"quant",4,40,48,0.99,NA
"quant",4,40,48,0.995,NA
"quant",4,40,49,0.9,NA
"quant",4,40,49,0.91,NA
"quant",4,40,49,0.92,NA
"quant",4,40,49,0.93,NA
"quant",4,40,49,0.94,NA
"quant",4,40,49,0.95,NA
"quant",4,40,49,0.96,NA
"quant",4,40,49,0.97,NA
"quant",4,40,49,0.98,NA
"quant",4,40,49,0.99,NA
"quant",4,40,49,0.995,NA
"quant",4,40,50,0.9,NA
"quant",4,40,50,0.91,NA
"quant",4,40,50,0.92,NA
"quant",4,40,50,0.93,NA
"quant",4,40,50,0.94,NA
"quant",4,40,50,0.95,NA
"quant",4,40,50,0.96,NA
"quant",4,40,50,0.97,NA
"quant",4,40,50,0.98,NA
"quant",4,40,50,0.99,NA
"quant",4,40,50,0.995,NA
"quant",5,40,1,0.9,2.23154382316959
"quant",5,40,1,0.91,2.09638640512476
"quant",5,40,1,0.92,1.94728336858915
"quant",5,40,1,0.93,1.78885906788102
"quant",5,40,1,0.94,1.6218708039829
"quant",5,40,1,0.95,1.43893713451555
"quant",5,40,1,0.96,1.23057066972248
"quant",5,40,1,0.97,0.992421585581903
"quant",5,40,1,0.98,0.726082561389616
"quant",5,40,1,0.99,0.41889802401657
"quant",5,40,1,0.995,0.205756267516679
"quant",5,40,2,0.9,3.9178285359887
"quant",5,40,2,0.91,3.77973334168547
"quant",5,40,2,0.92,3.62081650458843
"quant",5,40,2,0.93,3.44270453978331
"quant",5,40,2,0.94,3.24467517246579
"quant",5,40,2,0.95,3.02395964000308
"quant",5,40,2,0.96,2.76366133787309
"quant",5,40,2,0.97,2.43845361076374
"quant",5,40,2,0.98,2.0408435402465
"quant",5,40,2,0.99,1.39441914758044
"quant",5,40,2,0.995,0.671889280118205
"quant",5,40,3,0.9,3.04410910517795
"quant",5,40,3,0.91,2.89540057489103
"quant",5,40,3,0.92,2.71948119639742
"quant",5,40,3,0.93,2.52314696841258
"quant",5,40,3,0.94,2.30532187961046
"quant",5,40,3,0.95,2.06328451979861
"quant",5,40,3,0.96,1.79139008480479
"quant",5,40,3,0.97,1.48277486031419
"quant",5,40,3,0.98,1.10893196683119
"quant",5,40,3,0.99,0.596484860678752
"quant",5,40,3,0.995,0.319864335848715
"quant",5,40,4,0.9,4.23417215546312
"quant",5,40,4,0.91,4.08218113787546
"quant",5,40,4,0.92,3.91787539361325
"quant",5,40,4,0.93,3.74075173469401
"quant",5,40,4,0.94,3.54628036598242
"quant",5,40,4,0.95,3.330270730615
"quant",5,40,4,0.96,3.08505250270971
"quant",5,40,4,0.97,2.80978015332585
"quant",5,40,4,0.98,2.46882561148416
"quant",5,40,4,0.99,1.85816305022794
"quant",5,40,4,0.995,0.947761472918436
"quant",5,40,5,0.9,2.09379820524194
"quant",5,40,5,0.91,1.97400887863338
"quant",5,40,5,0.92,1.84385307076205
"quant",5,40,5,0.93,1.70331134899773
"quant",5,40,5,0.94,1.54998216873968
"quant",5,40,5,0.95,1.37862431523497
"quant",5,40,5,0.96,1.17725348590211
"quant",5,40,5,0.97,0.936079728596149
"quant",5,40,5,0.98,0.643468583259624
"quant",5,40,5,0.99,0.32918245740184
"quant",5,40,5,0.995,0.182620737653255
"quant",5,40,6,0.9,1.24587238198826
"quant",5,40,6,0.91,1.15246951992754
"quant",5,40,6,0.92,1.05302412474337
"quant",5,40,6,0.93,0.947027824762873
"quant",5,40,6,0.94,0.833784226189559
"quant",5,40,6,0.95,0.714324531304455
"quant",5,40,6,0.96,0.59130315200961
"quant",5,40,6,0.97,0.460925767908183
"quant",5,40,6,0.98,0.325757327169534
"quant",5,40,6,0.99,0.18057938290951
"quant",5,40,6,0.995,0.102370690395743
"quant",5,40,7,0.9,3.21111001191805
"quant",5,40,7,0.91,3.05164199793095
"quant",5,40,7,0.92,2.87001932054371
"quant",5,40,7,0.93,2.6619590697636
"quant",5,40,7,0.94,2.42765825214272
"quant",5,40,7,0.95,2.16428199544927
"quant",5,40,7,0.96,1.85651571975472
"quant",5,40,7,0.97,1.49385720135495
"quant",5,40,7,0.98,1.04854234169558
"quant",5,40,7,0.99,0.548926819580832
"quant",5,40,7,0.995,0.305162815173414
"quant",5,40,8,0.9,2.77938986762024
"quant",5,40,8,0.91,2.66731186199634
"quant",5,40,8,0.92,2.54050508235909
"quant",5,40,8,0.93,2.39654962525058
"quant",5,40,8,0.94,2.23745210880727
"quant",5,40,8,0.95,2.05332788685153
"quant",5,40,8,0.96,1.8231605359543
"quant",5,40,8,0.97,1.52338079272891
"quant",5,40,8,0.98,1.14262936306373
"quant",5,40,8,0.99,0.616574222190885
"quant",5,40,8,0.995,0.280423698799336
"quant",5,40,9,0.9,2.88770267915037
"quant",5,40,9,0.91,2.77438069085629
"quant",5,40,9,0.92,2.64143785775718
"quant",5,40,9,0.93,2.48177963066389
"quant",5,40,9,0.94,2.28875668554121
"quant",5,40,9,0.95,2.06102330852825
"quant",5,40,9,0.96,1.77165923966615
"quant",5,40,9,0.97,1.35961083323818
"quant",5,40,9,0.98,0.82711144937774
"quant",5,40,9,0.99,0.409778888296098
"quant",5,40,9,0.995,0.261130057603719
"quant",5,40,10,0.9,2.0511669633323
"quant",5,40,10,0.91,1.92283733077917
"quant",5,40,10,0.92,1.78366399039121
"quant",5,40,10,0.93,1.62709443175377
"quant",5,40,10,0.94,1.4501064557393
"quant",5,40,10,0.95,1.25030027343471
"quant",5,40,10,0.96,1.03545681251174
"quant",5,40,10,0.97,0.795533856463407
"quant",5,40,10,0.98,0.526880311478831
"quant",5,40,10,0.99,0.271734353493737
"quant",5,40,10,0.995,0.161685081900267
"quant",5,40,11,0.9,NA
"quant",5,40,11,0.91,NA
"quant",5,40,11,0.92,NA
"quant",5,40,11,0.93,NA
"quant",5,40,11,0.94,NA
"quant",5,40,11,0.95,NA
"quant",5,40,11,0.96,NA
"quant",5,40,11,0.97,NA
"quant",5,40,11,0.98,NA
"quant",5,40,11,0.99,NA
"quant",5,40,11,0.995,NA
"quant",5,40,12,0.9,NA
"quant",5,40,12,0.91,NA
"quant",5,40,12,0.92,NA
"quant",5,40,12,0.93,NA
"quant",5,40,12,0.94,NA
"quant",5,40,12,0.95,NA
"quant",5,40,12,0.96,NA
"quant",5,40,12,0.97,NA
"quant",5,40,12,0.98,NA
"quant",5,40,12,0.99,NA
"quant",5,40,12,0.995,NA
"quant",5,40,13,0.9,NA
"quant",5,40,13,0.91,NA
"quant",5,40,13,0.92,NA
"quant",5,40,13,0.93,NA
"quant",5,40,13,0.94,NA
"quant",5,40,13,0.95,NA
"quant",5,40,13,0.96,NA
"quant",5,40,13,0.97,NA
"quant",5,40,13,0.98,NA
"quant",5,40,13,0.99,NA
"quant",5,40,13,0.995,NA
"quant",5,40,14,0.9,NA
"quant",5,40,14,0.91,NA
"quant",5,40,14,0.92,NA
"quant",5,40,14,0.93,NA
"quant",5,40,14,0.94,NA
"quant",5,40,14,0.95,NA
"quant",5,40,14,0.96,NA
"quant",5,40,14,0.97,NA
"quant",5,40,14,0.98,NA
"quant",5,40,14,0.99,NA
"quant",5,40,14,0.995,NA
"quant",5,40,15,0.9,NA
"quant",5,40,15,0.91,NA
"quant",5,40,15,0.92,NA
"quant",5,40,15,0.93,NA
"quant",5,40,15,0.94,NA
"quant",5,40,15,0.95,NA
"quant",5,40,15,0.96,NA
"quant",5,40,15,0.97,NA
"quant",5,40,15,0.98,NA
"quant",5,40,15,0.99,NA
"quant",5,40,15,0.995,NA
"quant",5,40,16,0.9,NA
"quant",5,40,16,0.91,NA
"quant",5,40,16,0.92,NA
"quant",5,40,16,0.93,NA
"quant",5,40,16,0.94,NA
"quant",5,40,16,0.95,NA
"quant",5,40,16,0.96,NA
"quant",5,40,16,0.97,NA
"quant",5,40,16,0.98,NA
"quant",5,40,16,0.99,NA
"quant",5,40,16,0.995,NA
"quant",5,40,17,0.9,NA
"quant",5,40,17,0.91,NA
"quant",5,40,17,0.92,NA
"quant",5,40,17,0.93,NA
"quant",5,40,17,0.94,NA
"quant",5,40,17,0.95,NA
"quant",5,40,17,0.96,NA
"quant",5,40,17,0.97,NA
"quant",5,40,17,0.98,NA
"quant",5,40,17,0.99,NA
"quant",5,40,17,0.995,NA
"quant",5,40,18,0.9,NA
"quant",5,40,18,0.91,NA
"quant",5,40,18,0.92,NA
"quant",5,40,18,0.93,NA
"quant",5,40,18,0.94,NA
"quant",5,40,18,0.95,NA
"quant",5,40,18,0.96,NA
"quant",5,40,18,0.97,NA
"quant",5,40,18,0.98,NA
"quant",5,40,18,0.99,NA
"quant",5,40,18,0.995,NA
"quant",5,40,19,0.9,NA
"quant",5,40,19,0.91,NA
"quant",5,40,19,0.92,NA
"quant",5,40,19,0.93,NA
"quant",5,40,19,0.94,NA
"quant",5,40,19,0.95,NA
"quant",5,40,19,0.96,NA
"quant",5,40,19,0.97,NA
"quant",5,40,19,0.98,NA
"quant",5,40,19,0.99,NA
"quant",5,40,19,0.995,NA
"quant",5,40,20,0.9,NA
"quant",5,40,20,0.91,NA
"quant",5,40,20,0.92,NA
"quant",5,40,20,0.93,NA
"quant",5,40,20,0.94,NA
"quant",5,40,20,0.95,NA
"quant",5,40,20,0.96,NA
"quant",5,40,20,0.97,NA
"quant",5,40,20,0.98,NA
"quant",5,40,20,0.99,NA
"quant",5,40,20,0.995,NA
"quant",5,40,21,0.9,NA
"quant",5,40,21,0.91,NA
"quant",5,40,21,0.92,NA
"quant",5,40,21,0.93,NA
"quant",5,40,21,0.94,NA
"quant",5,40,21,0.95,NA
"quant",5,40,21,0.96,NA
"quant",5,40,21,0.97,NA
"quant",5,40,21,0.98,NA
"quant",5,40,21,0.99,NA
"quant",5,40,21,0.995,NA
"quant",5,40,22,0.9,NA
"quant",5,40,22,0.91,NA
"quant",5,40,22,0.92,NA
"quant",5,40,22,0.93,NA
"quant",5,40,22,0.94,NA
"quant",5,40,22,0.95,NA
"quant",5,40,22,0.96,NA
"quant",5,40,22,0.97,NA
"quant",5,40,22,0.98,NA
"quant",5,40,22,0.99,NA
"quant",5,40,22,0.995,NA
"quant",5,40,23,0.9,NA
"quant",5,40,23,0.91,NA
"quant",5,40,23,0.92,NA
"quant",5,40,23,0.93,NA
"quant",5,40,23,0.94,NA
"quant",5,40,23,0.95,NA
"quant",5,40,23,0.96,NA
"quant",5,40,23,0.97,NA
"quant",5,40,23,0.98,NA
"quant",5,40,23,0.99,NA
"quant",5,40,23,0.995,NA
"quant",5,40,24,0.9,NA
"quant",5,40,24,0.91,NA
"quant",5,40,24,0.92,NA
"quant",5,40,24,0.93,NA
"quant",5,40,24,0.94,NA
"quant",5,40,24,0.95,NA
"quant",5,40,24,0.96,NA
"quant",5,40,24,0.97,NA
"quant",5,40,24,0.98,NA
"quant",5,40,24,0.99,NA
"quant",5,40,24,0.995,NA
"quant",5,40,25,0.9,NA
"quant",5,40,25,0.91,NA
"quant",5,40,25,0.92,NA
"quant",5,40,25,0.93,NA
"quant",5,40,25,0.94,NA
"quant",5,40,25,0.95,NA
"quant",5,40,25,0.96,NA
"quant",5,40,25,0.97,NA
"quant",5,40,25,0.98,NA
"quant",5,40,25,0.99,NA
"quant",5,40,25,0.995,NA
"quant",5,40,26,0.9,NA
"quant",5,40,26,0.91,NA
"quant",5,40,26,0.92,NA
"quant",5,40,26,0.93,NA
"quant",5,40,26,0.94,NA
"quant",5,40,26,0.95,NA
"quant",5,40,26,0.96,NA
"quant",5,40,26,0.97,NA
"quant",5,40,26,0.98,NA
"quant",5,40,26,0.99,NA
"quant",5,40,26,0.995,NA
"quant",5,40,27,0.9,NA
"quant",5,40,27,0.91,NA
"quant",5,40,27,0.92,NA
"quant",5,40,27,0.93,NA
"quant",5,40,27,0.94,NA
"quant",5,40,27,0.95,NA
"quant",5,40,27,0.96,NA
"quant",5,40,27,0.97,NA
"quant",5,40,27,0.98,NA
"quant",5,40,27,0.99,NA
"quant",5,40,27,0.995,NA
"quant",5,40,28,0.9,NA
"quant",5,40,28,0.91,NA
"quant",5,40,28,0.92,NA
"quant",5,40,28,0.93,NA
"quant",5,40,28,0.94,NA
"quant",5,40,28,0.95,NA
"quant",5,40,28,0.96,NA
"quant",5,40,28,0.97,NA
"quant",5,40,28,0.98,NA
"quant",5,40,28,0.99,NA
"quant",5,40,28,0.995,NA
"quant",5,40,29,0.9,NA
"quant",5,40,29,0.91,NA
"quant",5,40,29,0.92,NA
"quant",5,40,29,0.93,NA
"quant",5,40,29,0.94,NA
"quant",5,40,29,0.95,NA
"quant",5,40,29,0.96,NA
"quant",5,40,29,0.97,NA
"quant",5,40,29,0.98,NA
"quant",5,40,29,0.99,NA
"quant",5,40,29,0.995,NA
"quant",5,40,30,0.9,NA
"quant",5,40,30,0.91,NA
"quant",5,40,30,0.92,NA
"quant",5,40,30,0.93,NA
"quant",5,40,30,0.94,NA
"quant",5,40,30,0.95,NA
"quant",5,40,30,0.96,NA
"quant",5,40,30,0.97,NA
"quant",5,40,30,0.98,NA
"quant",5,40,30,0.99,NA
"quant",5,40,30,0.995,NA
"quant",5,40,31,0.9,NA
"quant",5,40,31,0.91,NA
"quant",5,40,31,0.92,NA
"quant",5,40,31,0.93,NA
"quant",5,40,31,0.94,NA
"quant",5,40,31,0.95,NA
"quant",5,40,31,0.96,NA
"quant",5,40,31,0.97,NA
"quant",5,40,31,0.98,NA
"quant",5,40,31,0.99,NA
"quant",5,40,31,0.995,NA
"quant",5,40,32,0.9,NA
"quant",5,40,32,0.91,NA
"quant",5,40,32,0.92,NA
"quant",5,40,32,0.93,NA
"quant",5,40,32,0.94,NA
"quant",5,40,32,0.95,NA
"quant",5,40,32,0.96,NA
"quant",5,40,32,0.97,NA
"quant",5,40,32,0.98,NA
"quant",5,40,32,0.99,NA
"quant",5,40,32,0.995,NA
"quant",5,40,33,0.9,NA
"quant",5,40,33,0.91,NA
"quant",5,40,33,0.92,NA
"quant",5,40,33,0.93,NA
"quant",5,40,33,0.94,NA
"quant",5,40,33,0.95,NA
"quant",5,40,33,0.96,NA
"quant",5,40,33,0.97,NA
"quant",5,40,33,0.98,NA
"quant",5,40,33,0.99,NA
"quant",5,40,33,0.995,NA
"quant",5,40,34,0.9,NA
"quant",5,40,34,0.91,NA
"quant",5,40,34,0.92,NA
"quant",5,40,34,0.93,NA
"quant",5,40,34,0.94,NA
"quant",5,40,34,0.95,NA
"quant",5,40,34,0.96,NA
"quant",5,40,34,0.97,NA
"quant",5,40,34,0.98,NA
"quant",5,40,34,0.99,NA
"quant",5,40,34,0.995,NA
"quant",5,40,35,0.9,NA
"quant",5,40,35,0.91,NA
"quant",5,40,35,0.92,NA
"quant",5,40,35,0.93,NA
"quant",5,40,35,0.94,NA
"quant",5,40,35,0.95,NA
"quant",5,40,35,0.96,NA
"quant",5,40,35,0.97,NA
"quant",5,40,35,0.98,NA
"quant",5,40,35,0.99,NA
"quant",5,40,35,0.995,NA
"quant",5,40,36,0.9,NA
"quant",5,40,36,0.91,NA
"quant",5,40,36,0.92,NA
"quant",5,40,36,0.93,NA
"quant",5,40,36,0.94,NA
"quant",5,40,36,0.95,NA
"quant",5,40,36,0.96,NA
"quant",5,40,36,0.97,NA
"quant",5,40,36,0.98,NA
"quant",5,40,36,0.99,NA
"quant",5,40,36,0.995,NA
"quant",5,40,37,0.9,NA
"quant",5,40,37,0.91,NA
"quant",5,40,37,0.92,NA
"quant",5,40,37,0.93,NA
"quant",5,40,37,0.94,NA
"quant",5,40,37,0.95,NA
"quant",5,40,37,0.96,NA
"quant",5,40,37,0.97,NA
"quant",5,40,37,0.98,NA
"quant",5,40,37,0.99,NA
"quant",5,40,37,0.995,NA
"quant",5,40,38,0.9,NA
"quant",5,40,38,0.91,NA
"quant",5,40,38,0.92,NA
"quant",5,40,38,0.93,NA
"quant",5,40,38,0.94,NA
"quant",5,40,38,0.95,NA
"quant",5,40,38,0.96,NA
"quant",5,40,38,0.97,NA
"quant",5,40,38,0.98,NA
"quant",5,40,38,0.99,NA
"quant",5,40,38,0.995,NA
"quant",5,40,39,0.9,NA
"quant",5,40,39,0.91,NA
"quant",5,40,39,0.92,NA
"quant",5,40,39,0.93,NA
"quant",5,40,39,0.94,NA
"quant",5,40,39,0.95,NA
"quant",5,40,39,0.96,NA
"quant",5,40,39,0.97,NA
"quant",5,40,39,0.98,NA
"quant",5,40,39,0.99,NA
"quant",5,40,39,0.995,NA
"quant",5,40,40,0.9,NA
"quant",5,40,40,0.91,NA
"quant",5,40,40,0.92,NA
"quant",5,40,40,0.93,NA
"quant",5,40,40,0.94,NA
"quant",5,40,40,0.95,NA
"quant",5,40,40,0.96,NA
"quant",5,40,40,0.97,NA
"quant",5,40,40,0.98,NA
"quant",5,40,40,0.99,NA
"quant",5,40,40,0.995,NA
"quant",5,40,41,0.9,NA
"quant",5,40,41,0.91,NA
"quant",5,40,41,0.92,NA
"quant",5,40,41,0.93,NA
"quant",5,40,41,0.94,NA
"quant",5,40,41,0.95,NA
"quant",5,40,41,0.96,NA
"quant",5,40,41,0.97,NA
"quant",5,40,41,0.98,NA
"quant",5,40,41,0.99,NA
"quant",5,40,41,0.995,NA
"quant",5,40,42,0.9,NA
"quant",5,40,42,0.91,NA
"quant",5,40,42,0.92,NA
"quant",5,40,42,0.93,NA
"quant",5,40,42,0.94,NA
"quant",5,40,42,0.95,NA
"quant",5,40,42,0.96,NA
"quant",5,40,42,0.97,NA
"quant",5,40,42,0.98,NA
"quant",5,40,42,0.99,NA
"quant",5,40,42,0.995,NA
"quant",5,40,43,0.9,NA
"quant",5,40,43,0.91,NA
"quant",5,40,43,0.92,NA
"quant",5,40,43,0.93,NA
"quant",5,40,43,0.94,NA
"quant",5,40,43,0.95,NA
"quant",5,40,43,0.96,NA
"quant",5,40,43,0.97,NA
"quant",5,40,43,0.98,NA
"quant",5,40,43,0.99,NA
"quant",5,40,43,0.995,NA
"quant",5,40,44,0.9,NA
"quant",5,40,44,0.91,NA
"quant",5,40,44,0.92,NA
"quant",5,40,44,0.93,NA
"quant",5,40,44,0.94,NA
"quant",5,40,44,0.95,NA
"quant",5,40,44,0.96,NA
"quant",5,40,44,0.97,NA
"quant",5,40,44,0.98,NA
"quant",5,40,44,0.99,NA
"quant",5,40,44,0.995,NA
"quant",5,40,45,0.9,NA
"quant",5,40,45,0.91,NA
"quant",5,40,45,0.92,NA
"quant",5,40,45,0.93,NA
"quant",5,40,45,0.94,NA
"quant",5,40,45,0.95,NA
"quant",5,40,45,0.96,NA
"quant",5,40,45,0.97,NA
"quant",5,40,45,0.98,NA
"quant",5,40,45,0.99,NA
"quant",5,40,45,0.995,NA
"quant",5,40,46,0.9,NA
"quant",5,40,46,0.91,NA
"quant",5,40,46,0.92,NA
"quant",5,40,46,0.93,NA
"quant",5,40,46,0.94,NA
"quant",5,40,46,0.95,NA
"quant",5,40,46,0.96,NA
"quant",5,40,46,0.97,NA
"quant",5,40,46,0.98,NA
"quant",5,40,46,0.99,NA
"quant",5,40,46,0.995,NA
"quant",5,40,47,0.9,NA
"quant",5,40,47,0.91,NA
"quant",5,40,47,0.92,NA
"quant",5,40,47,0.93,NA
"quant",5,40,47,0.94,NA
"quant",5,40,47,0.95,NA
"quant",5,40,47,0.96,NA
"quant",5,40,47,0.97,NA
"quant",5,40,47,0.98,NA
"quant",5,40,47,0.99,NA
"quant",5,40,47,0.995,NA
"quant",5,40,48,0.9,NA
"quant",5,40,48,0.91,NA
"quant",5,40,48,0.92,NA
"quant",5,40,48,0.93,NA
"quant",5,40,48,0.94,NA
"quant",5,40,48,0.95,NA
"quant",5,40,48,0.96,NA
"quant",5,40,48,0.97,NA
"quant",5,40,48,0.98,NA
"quant",5,40,48,0.99,NA
"quant",5,40,48,0.995,NA
"quant",5,40,49,0.9,NA
"quant",5,40,49,0.91,NA
"quant",5,40,49,0.92,NA
"quant",5,40,49,0.93,NA
"quant",5,40,49,0.94,NA
"quant",5,40,49,0.95,NA
"quant",5,40,49,0.96,NA
"quant",5,40,49,0.97,NA
"quant",5,40,49,0.98,NA
"quant",5,40,49,0.99,NA
"quant",5,40,49,0.995,NA
"quant",5,40,50,0.9,NA
"quant",5,40,50,0.91,NA
"quant",5,40,50,0.92,NA
"quant",5,40,50,0.93,NA
"quant",5,40,50,0.94,NA
"quant",5,40,50,0.95,NA
"quant",5,40,50,0.96,NA
"quant",5,40,50,0.97,NA
"quant",5,40,50,0.98,NA
"quant",5,40,50,0.99,NA
"quant",5,40,50,0.995,NA
