"score","method","prop_k","dataset","quantile","value"
"brier",1,40,1,0.9,0.0902117681136364
"brier",1,40,1,0.91,0.0815498035272727
"brier",1,40,1,0.92,0.0703814975863636
"brier",1,40,1,0.93,0.06201716755
"brier",1,40,1,0.94,0.0537539094590909
"brier",1,40,1,0.95,0.0472695601863636
"brier",1,40,1,0.96,0.0363884656863636
"brier",1,40,1,0.97,0.0262759834727273
"brier",1,40,1,0.98,0.0192219942545455
"brier",1,40,1,0.99,0.0126935532545455
"brier",1,40,1,0.995,0.00772709161363636
"brier",1,40,2,0.9,0.0857665174590909
"brier",1,40,2,0.91,0.077847094
"brier",1,40,2,0.92,0.0705108875772727
"brier",1,40,2,0.93,0.0639692350636364
"brier",1,40,2,0.94,0.0566872672954545
"brier",1,40,2,0.95,0.0462492980818182
"brier",1,40,2,0.96,0.0374686395090909
"brier",1,40,2,0.97,0.0306214875909091
"brier",1,40,2,0.98,0.02156471425
"brier",1,40,2,0.99,0.0103582132545455
"brier",1,40,2,0.995,0.00408267693636364
"brier",1,40,3,0.9,0.0914406597090909
"brier",1,40,3,0.91,0.0847477356136364
"brier",1,40,3,0.92,0.0763837413454545
"brier",1,40,3,0.93,0.0643928081045455
"brier",1,40,3,0.94,0.0568234705090909
"brier",1,40,3,0.95,0.0463917306272727
"brier",1,40,3,0.96,0.0377461821909091
"brier",1,40,3,0.97,0.0286220215909091
"brier",1,40,3,0.98,0.0185325742454545
"brier",1,40,3,0.99,0.00999963700909091
"brier",1,40,3,0.995,0.00500000001818182
"brier",1,40,4,0.9,0.0980800705181818
"brier",1,40,4,0.91,0.0867741971272727
"brier",1,40,4,0.92,0.0724240906409091
"brier",1,40,4,0.93,0.0625972590818182
"brier",1,40,4,0.94,0.0551825677181818
"brier",1,40,4,0.95,0.0463312124136364
"brier",1,40,4,0.96,0.0387709955272727
"brier",1,40,4,0.97,0.0297102413909091
"brier",1,40,4,0.98,0.0190062732409091
"brier",1,40,4,0.99,0.00953837553181818
"brier",1,40,4,0.995,0.00545454545909091
"brier",1,40,5,0.9,0.0804339834136364
"brier",1,40,5,0.91,0.0749408296090909
"brier",1,40,5,0.92,0.0659166738909091
"brier",1,40,5,0.93,0.0599185332090909
"brier",1,40,5,0.94,0.0490873387590909
"brier",1,40,5,0.95,0.0403054479863636
"brier",1,40,5,0.96,0.0329243632
"brier",1,40,5,0.97,0.0252071467772727
"brier",1,40,5,0.98,0.0183404937863636
"brier",1,40,5,0.99,0.00967408331363636
"brier",1,40,5,0.995,0.00533190712727273
"brier",1,40,6,0.9,0.0903570500863636
"brier",1,40,6,0.91,0.0797284553136364
"brier",1,40,6,0.92,0.07238850325
"brier",1,40,6,0.93,0.0621791166454545
"brier",1,40,6,0.94,0.0526917280954545
"brier",1,40,6,0.95,0.0460294655818182
"brier",1,40,6,0.96,0.0401228281409091
"brier",1,40,6,0.97,0.0291353169318182
"brier",1,40,6,0.98,0.0178239526363636
"brier",1,40,6,0.99,0.0103854856545455
"brier",1,40,6,0.995,0.00589802840454545
"brier",1,40,7,0.9,0.0883794479454545
"brier",1,40,7,0.91,0.0820884921363636
"brier",1,40,7,0.92,0.0741843126636364
"brier",1,40,7,0.93,0.0672998167818182
"brier",1,40,7,0.94,0.0565955339545455
"brier",1,40,7,0.95,0.0482520285181818
"brier",1,40,7,0.96,0.0372543064272727
"brier",1,40,7,0.97,0.0286706578545455
"brier",1,40,7,0.98,0.0198534951772727
"brier",1,40,7,0.99,0.00954509134090909
"brier",1,40,7,0.995,0.005
"brier",1,40,8,0.9,0.0890816030363636
"brier",1,40,8,0.91,0.0790832725045455
"brier",1,40,8,0.92,0.0691011394272727
"brier",1,40,8,0.93,0.06204722605
"brier",1,40,8,0.94,0.05324698565
"brier",1,40,8,0.95,0.0434458291545455
"brier",1,40,8,0.96,0.0351171850727273
"brier",1,40,8,0.97,0.0310079604454545
"brier",1,40,8,0.98,0.0224951150090909
"brier",1,40,8,0.99,0.0122578885363636
"brier",1,40,8,0.995,0.00772564133636364
"brier",1,40,9,0.9,0.0853086917727273
"brier",1,40,9,0.91,0.0768814459454545
"brier",1,40,9,0.92,0.0692124334045455
"brier",1,40,9,0.93,0.0633922626590909
"brier",1,40,9,0.94,0.0562016854590909
"brier",1,40,9,0.95,0.0474847240409091
"brier",1,40,9,0.96,0.0379592424818182
"brier",1,40,9,0.97,0.0280328303818182
"brier",1,40,9,0.98,0.0216367901590909
"brier",1,40,9,0.99,0.0110313281681818
"brier",1,40,9,0.995,0.00526734585454545
"brier",1,40,10,0.9,0.0952323481681818
"brier",1,40,10,0.91,0.08638841835
"brier",1,40,10,0.92,0.0748585691909091
"brier",1,40,10,0.93,0.0650329406818182
"brier",1,40,10,0.94,0.0560493855318182
"brier",1,40,10,0.95,0.0465111049409091
"brier",1,40,10,0.96,0.0376146997181818
"brier",1,40,10,0.97,0.0291375699772727
"brier",1,40,10,0.98,0.0199047122545455
"brier",1,40,10,0.99,0.0100000000090909
"brier",1,40,10,0.995,0.00545454545909091
"brier",1,40,11,0.9,NA
"brier",1,40,11,0.91,NA
"brier",1,40,11,0.92,NA
"brier",1,40,11,0.93,NA
"brier",1,40,11,0.94,NA
"brier",1,40,11,0.95,NA
"brier",1,40,11,0.96,NA
"brier",1,40,11,0.97,NA
"brier",1,40,11,0.98,NA
"brier",1,40,11,0.99,NA
"brier",1,40,11,0.995,NA
"brier",1,40,12,0.9,NA
"brier",1,40,12,0.91,NA
"brier",1,40,12,0.92,NA
"brier",1,40,12,0.93,NA
"brier",1,40,12,0.94,NA
"brier",1,40,12,0.95,NA
"brier",1,40,12,0.96,NA
"brier",1,40,12,0.97,NA
"brier",1,40,12,0.98,NA
"brier",1,40,12,0.99,NA
"brier",1,40,12,0.995,NA
"brier",1,40,13,0.9,NA
"brier",1,40,13,0.91,NA
"brier",1,40,13,0.92,NA
"brier",1,40,13,0.93,NA
"brier",1,40,13,0.94,NA
"brier",1,40,13,0.95,NA
"brier",1,40,13,0.96,NA
"brier",1,40,13,0.97,NA
"brier",1,40,13,0.98,NA
"brier",1,40,13,0.99,NA
"brier",1,40,13,0.995,NA
"brier",1,40,14,0.9,NA
"brier",1,40,14,0.91,NA
"brier",1,40,14,0.92,NA
"brier",1,40,14,0.93,NA
"brier",1,40,14,0.94,NA
"brier",1,40,14,0.95,NA
"brier",1,40,14,0.96,NA
"brier",1,40,14,0.97,NA
"brier",1,40,14,0.98,NA
"brier",1,40,14,0.99,NA
"brier",1,40,14,0.995,NA
"brier",1,40,15,0.9,NA
"brier",1,40,15,0.91,NA
"brier",1,40,15,0.92,NA
"brier",1,40,15,0.93,NA
"brier",1,40,15,0.94,NA
"brier",1,40,15,0.95,NA
"brier",1,40,15,0.96,NA
"brier",1,40,15,0.97,NA
"brier",1,40,15,0.98,NA
"brier",1,40,15,0.99,NA
"brier",1,40,15,0.995,NA
"brier",1,40,16,0.9,NA
"brier",1,40,16,0.91,NA
"brier",1,40,16,0.92,NA
"brier",1,40,16,0.93,NA
"brier",1,40,16,0.94,NA
"brier",1,40,16,0.95,NA
"brier",1,40,16,0.96,NA
"brier",1,40,16,0.97,NA
"brier",1,40,16,0.98,NA
"brier",1,40,16,0.99,NA
"brier",1,40,16,0.995,NA
"brier",1,40,17,0.9,NA
"brier",1,40,17,0.91,NA
"brier",1,40,17,0.92,NA
"brier",1,40,17,0.93,NA
"brier",1,40,17,0.94,NA
"brier",1,40,17,0.95,NA
"brier",1,40,17,0.96,NA
"brier",1,40,17,0.97,NA
"brier",1,40,17,0.98,NA
"brier",1,40,17,0.99,NA
"brier",1,40,17,0.995,NA
"brier",1,40,18,0.9,NA
"brier",1,40,18,0.91,NA
"brier",1,40,18,0.92,NA
"brier",1,40,18,0.93,NA
"brier",1,40,18,0.94,NA
"brier",1,40,18,0.95,NA
"brier",1,40,18,0.96,NA
"brier",1,40,18,0.97,NA
"brier",1,40,18,0.98,NA
"brier",1,40,18,0.99,NA
"brier",1,40,18,0.995,NA
"brier",1,40,19,0.9,NA
"brier",1,40,19,0.91,NA
"brier",1,40,19,0.92,NA
"brier",1,40,19,0.93,NA
"brier",1,40,19,0.94,NA
"brier",1,40,19,0.95,NA
"brier",1,40,19,0.96,NA
"brier",1,40,19,0.97,NA
"brier",1,40,19,0.98,NA
"brier",1,40,19,0.99,NA
"brier",1,40,19,0.995,NA
"brier",1,40,20,0.9,NA
"brier",1,40,20,0.91,NA
"brier",1,40,20,0.92,NA
"brier",1,40,20,0.93,NA
"brier",1,40,20,0.94,NA
"brier",1,40,20,0.95,NA
"brier",1,40,20,0.96,NA
"brier",1,40,20,0.97,NA
"brier",1,40,20,0.98,NA
"brier",1,40,20,0.99,NA
"brier",1,40,20,0.995,NA
"brier",1,40,21,0.9,NA
"brier",1,40,21,0.91,NA
"brier",1,40,21,0.92,NA
"brier",1,40,21,0.93,NA
"brier",1,40,21,0.94,NA
"brier",1,40,21,0.95,NA
"brier",1,40,21,0.96,NA
"brier",1,40,21,0.97,NA
"brier",1,40,21,0.98,NA
"brier",1,40,21,0.99,NA
"brier",1,40,21,0.995,NA
"brier",1,40,22,0.9,NA
"brier",1,40,22,0.91,NA
"brier",1,40,22,0.92,NA
"brier",1,40,22,0.93,NA
"brier",1,40,22,0.94,NA
"brier",1,40,22,0.95,NA
"brier",1,40,22,0.96,NA
"brier",1,40,22,0.97,NA
"brier",1,40,22,0.98,NA
"brier",1,40,22,0.99,NA
"brier",1,40,22,0.995,NA
"brier",1,40,23,0.9,NA
"brier",1,40,23,0.91,NA
"brier",1,40,23,0.92,NA
"brier",1,40,23,0.93,NA
"brier",1,40,23,0.94,NA
"brier",1,40,23,0.95,NA
"brier",1,40,23,0.96,NA
"brier",1,40,23,0.97,NA
"brier",1,40,23,0.98,NA
"brier",1,40,23,0.99,NA
"brier",1,40,23,0.995,NA
"brier",1,40,24,0.9,NA
"brier",1,40,24,0.91,NA
"brier",1,40,24,0.92,NA
"brier",1,40,24,0.93,NA
"brier",1,40,24,0.94,NA
"brier",1,40,24,0.95,NA
"brier",1,40,24,0.96,NA
"brier",1,40,24,0.97,NA
"brier",1,40,24,0.98,NA
"brier",1,40,24,0.99,NA
"brier",1,40,24,0.995,NA
"brier",1,40,25,0.9,NA
"brier",1,40,25,0.91,NA
"brier",1,40,25,0.92,NA
"brier",1,40,25,0.93,NA
"brier",1,40,25,0.94,NA
"brier",1,40,25,0.95,NA
"brier",1,40,25,0.96,NA
"brier",1,40,25,0.97,NA
"brier",1,40,25,0.98,NA
"brier",1,40,25,0.99,NA
"brier",1,40,25,0.995,NA
"brier",1,40,26,0.9,NA
"brier",1,40,26,0.91,NA
"brier",1,40,26,0.92,NA
"brier",1,40,26,0.93,NA
"brier",1,40,26,0.94,NA
"brier",1,40,26,0.95,NA
"brier",1,40,26,0.96,NA
"brier",1,40,26,0.97,NA
"brier",1,40,26,0.98,NA
"brier",1,40,26,0.99,NA
"brier",1,40,26,0.995,NA
"brier",1,40,27,0.9,NA
"brier",1,40,27,0.91,NA
"brier",1,40,27,0.92,NA
"brier",1,40,27,0.93,NA
"brier",1,40,27,0.94,NA
"brier",1,40,27,0.95,NA
"brier",1,40,27,0.96,NA
"brier",1,40,27,0.97,NA
"brier",1,40,27,0.98,NA
"brier",1,40,27,0.99,NA
"brier",1,40,27,0.995,NA
"brier",1,40,28,0.9,NA
"brier",1,40,28,0.91,NA
"brier",1,40,28,0.92,NA
"brier",1,40,28,0.93,NA
"brier",1,40,28,0.94,NA
"brier",1,40,28,0.95,NA
"brier",1,40,28,0.96,NA
"brier",1,40,28,0.97,NA
"brier",1,40,28,0.98,NA
"brier",1,40,28,0.99,NA
"brier",1,40,28,0.995,NA
"brier",1,40,29,0.9,NA
"brier",1,40,29,0.91,NA
"brier",1,40,29,0.92,NA
"brier",1,40,29,0.93,NA
"brier",1,40,29,0.94,NA
"brier",1,40,29,0.95,NA
"brier",1,40,29,0.96,NA
"brier",1,40,29,0.97,NA
"brier",1,40,29,0.98,NA
"brier",1,40,29,0.99,NA
"brier",1,40,29,0.995,NA
"brier",1,40,30,0.9,NA
"brier",1,40,30,0.91,NA
"brier",1,40,30,0.92,NA
"brier",1,40,30,0.93,NA
"brier",1,40,30,0.94,NA
"brier",1,40,30,0.95,NA
"brier",1,40,30,0.96,NA
"brier",1,40,30,0.97,NA
"brier",1,40,30,0.98,NA
"brier",1,40,30,0.99,NA
"brier",1,40,30,0.995,NA
"brier",1,40,31,0.9,NA
"brier",1,40,31,0.91,NA
"brier",1,40,31,0.92,NA
"brier",1,40,31,0.93,NA
"brier",1,40,31,0.94,NA
"brier",1,40,31,0.95,NA
"brier",1,40,31,0.96,NA
"brier",1,40,31,0.97,NA
"brier",1,40,31,0.98,NA
"brier",1,40,31,0.99,NA
"brier",1,40,31,0.995,NA
"brier",1,40,32,0.9,NA
"brier",1,40,32,0.91,NA
"brier",1,40,32,0.92,NA
"brier",1,40,32,0.93,NA
"brier",1,40,32,0.94,NA
"brier",1,40,32,0.95,NA
"brier",1,40,32,0.96,NA
"brier",1,40,32,0.97,NA
"brier",1,40,32,0.98,NA
"brier",1,40,32,0.99,NA
"brier",1,40,32,0.995,NA
"brier",1,40,33,0.9,NA
"brier",1,40,33,0.91,NA
"brier",1,40,33,0.92,NA
"brier",1,40,33,0.93,NA
"brier",1,40,33,0.94,NA
"brier",1,40,33,0.95,NA
"brier",1,40,33,0.96,NA
"brier",1,40,33,0.97,NA
"brier",1,40,33,0.98,NA
"brier",1,40,33,0.99,NA
"brier",1,40,33,0.995,NA
"brier",1,40,34,0.9,NA
"brier",1,40,34,0.91,NA
"brier",1,40,34,0.92,NA
"brier",1,40,34,0.93,NA
"brier",1,40,34,0.94,NA
"brier",1,40,34,0.95,NA
"brier",1,40,34,0.96,NA
"brier",1,40,34,0.97,NA
"brier",1,40,34,0.98,NA
"brier",1,40,34,0.99,NA
"brier",1,40,34,0.995,NA
"brier",1,40,35,0.9,NA
"brier",1,40,35,0.91,NA
"brier",1,40,35,0.92,NA
"brier",1,40,35,0.93,NA
"brier",1,40,35,0.94,NA
"brier",1,40,35,0.95,NA
"brier",1,40,35,0.96,NA
"brier",1,40,35,0.97,NA
"brier",1,40,35,0.98,NA
"brier",1,40,35,0.99,NA
"brier",1,40,35,0.995,NA
"brier",1,40,36,0.9,NA
"brier",1,40,36,0.91,NA
"brier",1,40,36,0.92,NA
"brier",1,40,36,0.93,NA
"brier",1,40,36,0.94,NA
"brier",1,40,36,0.95,NA
"brier",1,40,36,0.96,NA
"brier",1,40,36,0.97,NA
"brier",1,40,36,0.98,NA
"brier",1,40,36,0.99,NA
"brier",1,40,36,0.995,NA
"brier",1,40,37,0.9,NA
"brier",1,40,37,0.91,NA
"brier",1,40,37,0.92,NA
"brier",1,40,37,0.93,NA
"brier",1,40,37,0.94,NA
"brier",1,40,37,0.95,NA
"brier",1,40,37,0.96,NA
"brier",1,40,37,0.97,NA
"brier",1,40,37,0.98,NA
"brier",1,40,37,0.99,NA
"brier",1,40,37,0.995,NA
"brier",1,40,38,0.9,NA
"brier",1,40,38,0.91,NA
"brier",1,40,38,0.92,NA
"brier",1,40,38,0.93,NA
"brier",1,40,38,0.94,NA
"brier",1,40,38,0.95,NA
"brier",1,40,38,0.96,NA
"brier",1,40,38,0.97,NA
"brier",1,40,38,0.98,NA
"brier",1,40,38,0.99,NA
"brier",1,40,38,0.995,NA
"brier",1,40,39,0.9,NA
"brier",1,40,39,0.91,NA
"brier",1,40,39,0.92,NA
"brier",1,40,39,0.93,NA
"brier",1,40,39,0.94,NA
"brier",1,40,39,0.95,NA
"brier",1,40,39,0.96,NA
"brier",1,40,39,0.97,NA
"brier",1,40,39,0.98,NA
"brier",1,40,39,0.99,NA
"brier",1,40,39,0.995,NA
"brier",1,40,40,0.9,NA
"brier",1,40,40,0.91,NA
"brier",1,40,40,0.92,NA
"brier",1,40,40,0.93,NA
"brier",1,40,40,0.94,NA
"brier",1,40,40,0.95,NA
"brier",1,40,40,0.96,NA
"brier",1,40,40,0.97,NA
"brier",1,40,40,0.98,NA
"brier",1,40,40,0.99,NA
"brier",1,40,40,0.995,NA
"brier",1,40,41,0.9,NA
"brier",1,40,41,0.91,NA
"brier",1,40,41,0.92,NA
"brier",1,40,41,0.93,NA
"brier",1,40,41,0.94,NA
"brier",1,40,41,0.95,NA
"brier",1,40,41,0.96,NA
"brier",1,40,41,0.97,NA
"brier",1,40,41,0.98,NA
"brier",1,40,41,0.99,NA
"brier",1,40,41,0.995,NA
"brier",1,40,42,0.9,NA
"brier",1,40,42,0.91,NA
"brier",1,40,42,0.92,NA
"brier",1,40,42,0.93,NA
"brier",1,40,42,0.94,NA
"brier",1,40,42,0.95,NA
"brier",1,40,42,0.96,NA
"brier",1,40,42,0.97,NA
"brier",1,40,42,0.98,NA
"brier",1,40,42,0.99,NA
"brier",1,40,42,0.995,NA
"brier",1,40,43,0.9,NA
"brier",1,40,43,0.91,NA
"brier",1,40,43,0.92,NA
"brier",1,40,43,0.93,NA
"brier",1,40,43,0.94,NA
"brier",1,40,43,0.95,NA
"brier",1,40,43,0.96,NA
"brier",1,40,43,0.97,NA
"brier",1,40,43,0.98,NA
"brier",1,40,43,0.99,NA
"brier",1,40,43,0.995,NA
"brier",1,40,44,0.9,NA
"brier",1,40,44,0.91,NA
"brier",1,40,44,0.92,NA
"brier",1,40,44,0.93,NA
"brier",1,40,44,0.94,NA
"brier",1,40,44,0.95,NA
"brier",1,40,44,0.96,NA
"brier",1,40,44,0.97,NA
"brier",1,40,44,0.98,NA
"brier",1,40,44,0.99,NA
"brier",1,40,44,0.995,NA
"brier",1,40,45,0.9,NA
"brier",1,40,45,0.91,NA
"brier",1,40,45,0.92,NA
"brier",1,40,45,0.93,NA
"brier",1,40,45,0.94,NA
"brier",1,40,45,0.95,NA
"brier",1,40,45,0.96,NA
"brier",1,40,45,0.97,NA
"brier",1,40,45,0.98,NA
"brier",1,40,45,0.99,NA
"brier",1,40,45,0.995,NA
"brier",1,40,46,0.9,NA
"brier",1,40,46,0.91,NA
"brier",1,40,46,0.92,NA
"brier",1,40,46,0.93,NA
"brier",1,40,46,0.94,NA
"brier",1,40,46,0.95,NA
"brier",1,40,46,0.96,NA
"brier",1,40,46,0.97,NA
"brier",1,40,46,0.98,NA
"brier",1,40,46,0.99,NA
"brier",1,40,46,0.995,NA
"brier",1,40,47,0.9,NA
"brier",1,40,47,0.91,NA
"brier",1,40,47,0.92,NA
"brier",1,40,47,0.93,NA
"brier",1,40,47,0.94,NA
"brier",1,40,47,0.95,NA
"brier",1,40,47,0.96,NA
"brier",1,40,47,0.97,NA
"brier",1,40,47,0.98,NA
"brier",1,40,47,0.99,NA
"brier",1,40,47,0.995,NA
"brier",1,40,48,0.9,NA
"brier",1,40,48,0.91,NA
"brier",1,40,48,0.92,NA
"brier",1,40,48,0.93,NA
"brier",1,40,48,0.94,NA
"brier",1,40,48,0.95,NA
"brier",1,40,48,0.96,NA
"brier",1,40,48,0.97,NA
"brier",1,40,48,0.98,NA
"brier",1,40,48,0.99,NA
"brier",1,40,48,0.995,NA
"brier",1,40,49,0.9,NA
"brier",1,40,49,0.91,NA
"brier",1,40,49,0.92,NA
"brier",1,40,49,0.93,NA
"brier",1,40,49,0.94,NA
"brier",1,40,49,0.95,NA
"brier",1,40,49,0.96,NA
"brier",1,40,49,0.97,NA
"brier",1,40,49,0.98,NA
"brier",1,40,49,0.99,NA
"brier",1,40,49,0.995,NA
"brier",1,40,50,0.9,NA
"brier",1,40,50,0.91,NA
"brier",1,40,50,0.92,NA
"brier",1,40,50,0.93,NA
"brier",1,40,50,0.94,NA
"brier",1,40,50,0.95,NA
"brier",1,40,50,0.96,NA
"brier",1,40,50,0.97,NA
"brier",1,40,50,0.98,NA
"brier",1,40,50,0.99,NA
"brier",1,40,50,0.995,NA
"brier",2,40,1,0.9,0.0296277222454545
"brier",2,40,1,0.91,0.0263196625318182
"brier",2,40,1,0.92,0.0218653328
"brier",2,40,1,0.93,0.0191364198045455
"brier",2,40,1,0.94,0.0183831523
"brier",2,40,1,0.95,0.0189424372545455
"brier",2,40,1,0.96,0.0189552890454545
"brier",2,40,1,0.97,0.0167890560227273
"brier",2,40,1,0.98,0.01237672965
"brier",2,40,1,0.99,0.00839432730454545
"brier",2,40,1,0.995,0.00569342158181818
"brier",2,40,2,0.9,0.0391670340636364
"brier",2,40,2,0.91,0.0356509342818182
"brier",2,40,2,0.92,0.0333135841590909
"brier",2,40,2,0.93,0.0306875369909091
"brier",2,40,2,0.94,0.0276775327863636
"brier",2,40,2,0.95,0.0217133829045455
"brier",2,40,2,0.96,0.0157027960181818
"brier",2,40,2,0.97,0.01134565485
"brier",2,40,2,0.98,0.00888048879545454
"brier",2,40,2,0.99,0.00515271757727273
"brier",2,40,2,0.995,0.00243615475
"brier",2,40,3,0.9,0.0475678934272727
"brier",2,40,3,0.91,0.0437562321681818
"brier",2,40,3,0.92,0.0410168807636364
"brier",2,40,3,0.93,0.0349937115
"brier",2,40,3,0.94,0.0313096664227273
"brier",2,40,3,0.95,0.0270145287363636
"brier",2,40,3,0.96,0.0221546165090909
"brier",2,40,3,0.97,0.0181972964090909
"brier",2,40,3,0.98,0.0108829656090909
"brier",2,40,3,0.99,0.00687144332727273
"brier",2,40,3,0.995,0.00381873602727273
"brier",2,40,4,0.9,0.0111269841409091
"brier",2,40,4,0.91,0.0104453739545455
"brier",2,40,4,0.92,0.00979664409090909
"brier",2,40,4,0.93,0.00691557954090909
"brier",2,40,4,0.94,0.00501997966818182
"brier",2,40,4,0.95,0.00659762243636364
"brier",2,40,4,0.96,0.00677949091363636
"brier",2,40,4,0.97,0.00681508866818182
"brier",2,40,4,0.98,0.00609413850909091
"brier",2,40,4,0.99,0.00527360846363636
"brier",2,40,4,0.995,0.00430639651363636
"brier",2,40,5,0.9,0.0366427886136364
"brier",2,40,5,0.91,0.0345599904318182
"brier",2,40,5,0.92,0.0315137015590909
"brier",2,40,5,0.93,0.0302565942772727
"brier",2,40,5,0.94,0.0254818606090909
"brier",2,40,5,0.95,0.0208964679272727
"brier",2,40,5,0.96,0.0180569350181818
"brier",2,40,5,0.97,0.0157586309
"brier",2,40,5,0.98,0.0109383493590909
"brier",2,40,5,0.99,0.00723649169090909
"brier",2,40,5,0.995,0.00432814851818182
"brier",2,40,6,0.9,0.0150522586590909
"brier",2,40,6,0.91,0.0154705321227273
"brier",2,40,6,0.92,0.0134595425545455
"brier",2,40,6,0.93,0.0112978220409091
"brier",2,40,6,0.94,0.00675697290909091
"brier",2,40,6,0.95,0.00752921486363636
"brier",2,40,6,0.96,0.0101833836090909
"brier",2,40,6,0.97,0.0107608316727273
"brier",2,40,6,0.98,0.00938476385909091
"brier",2,40,6,0.99,0.00689773815909091
"brier",2,40,6,0.995,0.00364414411818182
"brier",2,40,7,0.9,0.0190891580681818
"brier",2,40,7,0.91,0.0214962129727273
"brier",2,40,7,0.92,0.0250506456409091
"brier",2,40,7,0.93,0.0262559533863636
"brier",2,40,7,0.94,0.0262879971545455
"brier",2,40,7,0.95,0.0234682654
"brier",2,40,7,0.96,0.01905260725
"brier",2,40,7,0.97,0.0156542381318182
"brier",2,40,7,0.98,0.0114992481681818
"brier",2,40,7,0.99,0.00646226320909091
"brier",2,40,7,0.995,0.00391810846818182
"brier",2,40,8,0.9,0.0414303541681818
"brier",2,40,8,0.91,0.0339472539136364
"brier",2,40,8,0.92,0.0277674934318182
"brier",2,40,8,0.93,0.0237683237272727
"brier",2,40,8,0.94,0.0181831644227273
"brier",2,40,8,0.95,0.0151150477227273
"brier",2,40,8,0.96,0.0101965779727273
"brier",2,40,8,0.97,0.00835000219090909
"brier",2,40,8,0.98,0.00734636188636364
"brier",2,40,8,0.99,0.00492118879090909
"brier",2,40,8,0.995,0.00452759901818182
"brier",2,40,9,0.9,0.0298909811727273
"brier",2,40,9,0.91,0.0258711850818182
"brier",2,40,9,0.92,0.0220443615318182
"brier",2,40,9,0.93,0.0208874863409091
"brier",2,40,9,0.94,0.0182335636727273
"brier",2,40,9,0.95,0.0186359145590909
"brier",2,40,9,0.96,0.0178495934409091
"brier",2,40,9,0.97,0.0139969707136364
"brier",2,40,9,0.98,0.00880796848181818
"brier",2,40,9,0.99,0.00511317439090909
"brier",2,40,9,0.995,0.00367712088181818
"brier",2,40,10,0.9,0.03535852295
"brier",2,40,10,0.91,0.0337784059136364
"brier",2,40,10,0.92,0.0321519203272727
"brier",2,40,10,0.93,0.0271888568227273
"brier",2,40,10,0.94,0.0252766669772727
"brier",2,40,10,0.95,0.0214139071681818
"brier",2,40,10,0.96,0.0170017600818182
"brier",2,40,10,0.97,0.0146797831545455
"brier",2,40,10,0.98,0.010656153
"brier",2,40,10,0.99,0.00693096307272727
"brier",2,40,10,0.995,0.00418615038181818
"brier",2,40,11,0.9,NA
"brier",2,40,11,0.91,NA
"brier",2,40,11,0.92,NA
"brier",2,40,11,0.93,NA
"brier",2,40,11,0.94,NA
"brier",2,40,11,0.95,NA
"brier",2,40,11,0.96,NA
"brier",2,40,11,0.97,NA
"brier",2,40,11,0.98,NA
"brier",2,40,11,0.99,NA
"brier",2,40,11,0.995,NA
"brier",2,40,12,0.9,NA
"brier",2,40,12,0.91,NA
"brier",2,40,12,0.92,NA
"brier",2,40,12,0.93,NA
"brier",2,40,12,0.94,NA
"brier",2,40,12,0.95,NA
"brier",2,40,12,0.96,NA
"brier",2,40,12,0.97,NA
"brier",2,40,12,0.98,NA
"brier",2,40,12,0.99,NA
"brier",2,40,12,0.995,NA
"brier",2,40,13,0.9,NA
"brier",2,40,13,0.91,NA
"brier",2,40,13,0.92,NA
"brier",2,40,13,0.93,NA
"brier",2,40,13,0.94,NA
"brier",2,40,13,0.95,NA
"brier",2,40,13,0.96,NA
"brier",2,40,13,0.97,NA
"brier",2,40,13,0.98,NA
"brier",2,40,13,0.99,NA
"brier",2,40,13,0.995,NA
"brier",2,40,14,0.9,NA
"brier",2,40,14,0.91,NA
"brier",2,40,14,0.92,NA
"brier",2,40,14,0.93,NA
"brier",2,40,14,0.94,NA
"brier",2,40,14,0.95,NA
"brier",2,40,14,0.96,NA
"brier",2,40,14,0.97,NA
"brier",2,40,14,0.98,NA
"brier",2,40,14,0.99,NA
"brier",2,40,14,0.995,NA
"brier",2,40,15,0.9,NA
"brier",2,40,15,0.91,NA
"brier",2,40,15,0.92,NA
"brier",2,40,15,0.93,NA
"brier",2,40,15,0.94,NA
"brier",2,40,15,0.95,NA
"brier",2,40,15,0.96,NA
"brier",2,40,15,0.97,NA
"brier",2,40,15,0.98,NA
"brier",2,40,15,0.99,NA
"brier",2,40,15,0.995,NA
"brier",2,40,16,0.9,NA
"brier",2,40,16,0.91,NA
"brier",2,40,16,0.92,NA
"brier",2,40,16,0.93,NA
"brier",2,40,16,0.94,NA
"brier",2,40,16,0.95,NA
"brier",2,40,16,0.96,NA
"brier",2,40,16,0.97,NA
"brier",2,40,16,0.98,NA
"brier",2,40,16,0.99,NA
"brier",2,40,16,0.995,NA
"brier",2,40,17,0.9,NA
"brier",2,40,17,0.91,NA
"brier",2,40,17,0.92,NA
"brier",2,40,17,0.93,NA
"brier",2,40,17,0.94,NA
"brier",2,40,17,0.95,NA
"brier",2,40,17,0.96,NA
"brier",2,40,17,0.97,NA
"brier",2,40,17,0.98,NA
"brier",2,40,17,0.99,NA
"brier",2,40,17,0.995,NA
"brier",2,40,18,0.9,NA
"brier",2,40,18,0.91,NA
"brier",2,40,18,0.92,NA
"brier",2,40,18,0.93,NA
"brier",2,40,18,0.94,NA
"brier",2,40,18,0.95,NA
"brier",2,40,18,0.96,NA
"brier",2,40,18,0.97,NA
"brier",2,40,18,0.98,NA
"brier",2,40,18,0.99,NA
"brier",2,40,18,0.995,NA
"brier",2,40,19,0.9,NA
"brier",2,40,19,0.91,NA
"brier",2,40,19,0.92,NA
"brier",2,40,19,0.93,NA
"brier",2,40,19,0.94,NA
"brier",2,40,19,0.95,NA
"brier",2,40,19,0.96,NA
"brier",2,40,19,0.97,NA
"brier",2,40,19,0.98,NA
"brier",2,40,19,0.99,NA
"brier",2,40,19,0.995,NA
"brier",2,40,20,0.9,NA
"brier",2,40,20,0.91,NA
"brier",2,40,20,0.92,NA
"brier",2,40,20,0.93,NA
"brier",2,40,20,0.94,NA
"brier",2,40,20,0.95,NA
"brier",2,40,20,0.96,NA
"brier",2,40,20,0.97,NA
"brier",2,40,20,0.98,NA
"brier",2,40,20,0.99,NA
"brier",2,40,20,0.995,NA
"brier",2,40,21,0.9,NA
"brier",2,40,21,0.91,NA
"brier",2,40,21,0.92,NA
"brier",2,40,21,0.93,NA
"brier",2,40,21,0.94,NA
"brier",2,40,21,0.95,NA
"brier",2,40,21,0.96,NA
"brier",2,40,21,0.97,NA
"brier",2,40,21,0.98,NA
"brier",2,40,21,0.99,NA
"brier",2,40,21,0.995,NA
"brier",2,40,22,0.9,NA
"brier",2,40,22,0.91,NA
"brier",2,40,22,0.92,NA
"brier",2,40,22,0.93,NA
"brier",2,40,22,0.94,NA
"brier",2,40,22,0.95,NA
"brier",2,40,22,0.96,NA
"brier",2,40,22,0.97,NA
"brier",2,40,22,0.98,NA
"brier",2,40,22,0.99,NA
"brier",2,40,22,0.995,NA
"brier",2,40,23,0.9,NA
"brier",2,40,23,0.91,NA
"brier",2,40,23,0.92,NA
"brier",2,40,23,0.93,NA
"brier",2,40,23,0.94,NA
"brier",2,40,23,0.95,NA
"brier",2,40,23,0.96,NA
"brier",2,40,23,0.97,NA
"brier",2,40,23,0.98,NA
"brier",2,40,23,0.99,NA
"brier",2,40,23,0.995,NA
"brier",2,40,24,0.9,NA
"brier",2,40,24,0.91,NA
"brier",2,40,24,0.92,NA
"brier",2,40,24,0.93,NA
"brier",2,40,24,0.94,NA
"brier",2,40,24,0.95,NA
"brier",2,40,24,0.96,NA
"brier",2,40,24,0.97,NA
"brier",2,40,24,0.98,NA
"brier",2,40,24,0.99,NA
"brier",2,40,24,0.995,NA
"brier",2,40,25,0.9,NA
"brier",2,40,25,0.91,NA
"brier",2,40,25,0.92,NA
"brier",2,40,25,0.93,NA
"brier",2,40,25,0.94,NA
"brier",2,40,25,0.95,NA
"brier",2,40,25,0.96,NA
"brier",2,40,25,0.97,NA
"brier",2,40,25,0.98,NA
"brier",2,40,25,0.99,NA
"brier",2,40,25,0.995,NA
"brier",2,40,26,0.9,NA
"brier",2,40,26,0.91,NA
"brier",2,40,26,0.92,NA
"brier",2,40,26,0.93,NA
"brier",2,40,26,0.94,NA
"brier",2,40,26,0.95,NA
"brier",2,40,26,0.96,NA
"brier",2,40,26,0.97,NA
"brier",2,40,26,0.98,NA
"brier",2,40,26,0.99,NA
"brier",2,40,26,0.995,NA
"brier",2,40,27,0.9,NA
"brier",2,40,27,0.91,NA
"brier",2,40,27,0.92,NA
"brier",2,40,27,0.93,NA
"brier",2,40,27,0.94,NA
"brier",2,40,27,0.95,NA
"brier",2,40,27,0.96,NA
"brier",2,40,27,0.97,NA
"brier",2,40,27,0.98,NA
"brier",2,40,27,0.99,NA
"brier",2,40,27,0.995,NA
"brier",2,40,28,0.9,NA
"brier",2,40,28,0.91,NA
"brier",2,40,28,0.92,NA
"brier",2,40,28,0.93,NA
"brier",2,40,28,0.94,NA
"brier",2,40,28,0.95,NA
"brier",2,40,28,0.96,NA
"brier",2,40,28,0.97,NA
"brier",2,40,28,0.98,NA
"brier",2,40,28,0.99,NA
"brier",2,40,28,0.995,NA
"brier",2,40,29,0.9,NA
"brier",2,40,29,0.91,NA
"brier",2,40,29,0.92,NA
"brier",2,40,29,0.93,NA
"brier",2,40,29,0.94,NA
"brier",2,40,29,0.95,NA
"brier",2,40,29,0.96,NA
"brier",2,40,29,0.97,NA
"brier",2,40,29,0.98,NA
"brier",2,40,29,0.99,NA
"brier",2,40,29,0.995,NA
"brier",2,40,30,0.9,NA
"brier",2,40,30,0.91,NA
"brier",2,40,30,0.92,NA
"brier",2,40,30,0.93,NA
"brier",2,40,30,0.94,NA
"brier",2,40,30,0.95,NA
"brier",2,40,30,0.96,NA
"brier",2,40,30,0.97,NA
"brier",2,40,30,0.98,NA
"brier",2,40,30,0.99,NA
"brier",2,40,30,0.995,NA
"brier",2,40,31,0.9,NA
"brier",2,40,31,0.91,NA
"brier",2,40,31,0.92,NA
"brier",2,40,31,0.93,NA
"brier",2,40,31,0.94,NA
"brier",2,40,31,0.95,NA
"brier",2,40,31,0.96,NA
"brier",2,40,31,0.97,NA
"brier",2,40,31,0.98,NA
"brier",2,40,31,0.99,NA
"brier",2,40,31,0.995,NA
"brier",2,40,32,0.9,NA
"brier",2,40,32,0.91,NA
"brier",2,40,32,0.92,NA
"brier",2,40,32,0.93,NA
"brier",2,40,32,0.94,NA
"brier",2,40,32,0.95,NA
"brier",2,40,32,0.96,NA
"brier",2,40,32,0.97,NA
"brier",2,40,32,0.98,NA
"brier",2,40,32,0.99,NA
"brier",2,40,32,0.995,NA
"brier",2,40,33,0.9,NA
"brier",2,40,33,0.91,NA
"brier",2,40,33,0.92,NA
"brier",2,40,33,0.93,NA
"brier",2,40,33,0.94,NA
"brier",2,40,33,0.95,NA
"brier",2,40,33,0.96,NA
"brier",2,40,33,0.97,NA
"brier",2,40,33,0.98,NA
"brier",2,40,33,0.99,NA
"brier",2,40,33,0.995,NA
"brier",2,40,34,0.9,NA
"brier",2,40,34,0.91,NA
"brier",2,40,34,0.92,NA
"brier",2,40,34,0.93,NA
"brier",2,40,34,0.94,NA
"brier",2,40,34,0.95,NA
"brier",2,40,34,0.96,NA
"brier",2,40,34,0.97,NA
"brier",2,40,34,0.98,NA
"brier",2,40,34,0.99,NA
"brier",2,40,34,0.995,NA
"brier",2,40,35,0.9,NA
"brier",2,40,35,0.91,NA
"brier",2,40,35,0.92,NA
"brier",2,40,35,0.93,NA
"brier",2,40,35,0.94,NA
"brier",2,40,35,0.95,NA
"brier",2,40,35,0.96,NA
"brier",2,40,35,0.97,NA
"brier",2,40,35,0.98,NA
"brier",2,40,35,0.99,NA
"brier",2,40,35,0.995,NA
"brier",2,40,36,0.9,NA
"brier",2,40,36,0.91,NA
"brier",2,40,36,0.92,NA
"brier",2,40,36,0.93,NA
"brier",2,40,36,0.94,NA
"brier",2,40,36,0.95,NA
"brier",2,40,36,0.96,NA
"brier",2,40,36,0.97,NA
"brier",2,40,36,0.98,NA
"brier",2,40,36,0.99,NA
"brier",2,40,36,0.995,NA
"brier",2,40,37,0.9,NA
"brier",2,40,37,0.91,NA
"brier",2,40,37,0.92,NA
"brier",2,40,37,0.93,NA
"brier",2,40,37,0.94,NA
"brier",2,40,37,0.95,NA
"brier",2,40,37,0.96,NA
"brier",2,40,37,0.97,NA
"brier",2,40,37,0.98,NA
"brier",2,40,37,0.99,NA
"brier",2,40,37,0.995,NA
"brier",2,40,38,0.9,NA
"brier",2,40,38,0.91,NA
"brier",2,40,38,0.92,NA
"brier",2,40,38,0.93,NA
"brier",2,40,38,0.94,NA
"brier",2,40,38,0.95,NA
"brier",2,40,38,0.96,NA
"brier",2,40,38,0.97,NA
"brier",2,40,38,0.98,NA
"brier",2,40,38,0.99,NA
"brier",2,40,38,0.995,NA
"brier",2,40,39,0.9,NA
"brier",2,40,39,0.91,NA
"brier",2,40,39,0.92,NA
"brier",2,40,39,0.93,NA
"brier",2,40,39,0.94,NA
"brier",2,40,39,0.95,NA
"brier",2,40,39,0.96,NA
"brier",2,40,39,0.97,NA
"brier",2,40,39,0.98,NA
"brier",2,40,39,0.99,NA
"brier",2,40,39,0.995,NA
"brier",2,40,40,0.9,NA
"brier",2,40,40,0.91,NA
"brier",2,40,40,0.92,NA
"brier",2,40,40,0.93,NA
"brier",2,40,40,0.94,NA
"brier",2,40,40,0.95,NA
"brier",2,40,40,0.96,NA
"brier",2,40,40,0.97,NA
"brier",2,40,40,0.98,NA
"brier",2,40,40,0.99,NA
"brier",2,40,40,0.995,NA
"brier",2,40,41,0.9,NA
"brier",2,40,41,0.91,NA
"brier",2,40,41,0.92,NA
"brier",2,40,41,0.93,NA
"brier",2,40,41,0.94,NA
"brier",2,40,41,0.95,NA
"brier",2,40,41,0.96,NA
"brier",2,40,41,0.97,NA
"brier",2,40,41,0.98,NA
"brier",2,40,41,0.99,NA
"brier",2,40,41,0.995,NA
"brier",2,40,42,0.9,NA
"brier",2,40,42,0.91,NA
"brier",2,40,42,0.92,NA
"brier",2,40,42,0.93,NA
"brier",2,40,42,0.94,NA
"brier",2,40,42,0.95,NA
"brier",2,40,42,0.96,NA
"brier",2,40,42,0.97,NA
"brier",2,40,42,0.98,NA
"brier",2,40,42,0.99,NA
"brier",2,40,42,0.995,NA
"brier",2,40,43,0.9,NA
"brier",2,40,43,0.91,NA
"brier",2,40,43,0.92,NA
"brier",2,40,43,0.93,NA
"brier",2,40,43,0.94,NA
"brier",2,40,43,0.95,NA
"brier",2,40,43,0.96,NA
"brier",2,40,43,0.97,NA
"brier",2,40,43,0.98,NA
"brier",2,40,43,0.99,NA
"brier",2,40,43,0.995,NA
"brier",2,40,44,0.9,NA
"brier",2,40,44,0.91,NA
"brier",2,40,44,0.92,NA
"brier",2,40,44,0.93,NA
"brier",2,40,44,0.94,NA
"brier",2,40,44,0.95,NA
"brier",2,40,44,0.96,NA
"brier",2,40,44,0.97,NA
"brier",2,40,44,0.98,NA
"brier",2,40,44,0.99,NA
"brier",2,40,44,0.995,NA
"brier",2,40,45,0.9,NA
"brier",2,40,45,0.91,NA
"brier",2,40,45,0.92,NA
"brier",2,40,45,0.93,NA
"brier",2,40,45,0.94,NA
"brier",2,40,45,0.95,NA
"brier",2,40,45,0.96,NA
"brier",2,40,45,0.97,NA
"brier",2,40,45,0.98,NA
"brier",2,40,45,0.99,NA
"brier",2,40,45,0.995,NA
"brier",2,40,46,0.9,NA
"brier",2,40,46,0.91,NA
"brier",2,40,46,0.92,NA
"brier",2,40,46,0.93,NA
"brier",2,40,46,0.94,NA
"brier",2,40,46,0.95,NA
"brier",2,40,46,0.96,NA
"brier",2,40,46,0.97,NA
"brier",2,40,46,0.98,NA
"brier",2,40,46,0.99,NA
"brier",2,40,46,0.995,NA
"brier",2,40,47,0.9,NA
"brier",2,40,47,0.91,NA
"brier",2,40,47,0.92,NA
"brier",2,40,47,0.93,NA
"brier",2,40,47,0.94,NA
"brier",2,40,47,0.95,NA
"brier",2,40,47,0.96,NA
"brier",2,40,47,0.97,NA
"brier",2,40,47,0.98,NA
"brier",2,40,47,0.99,NA
"brier",2,40,47,0.995,NA
"brier",2,40,48,0.9,NA
"brier",2,40,48,0.91,NA
"brier",2,40,48,0.92,NA
"brier",2,40,48,0.93,NA
"brier",2,40,48,0.94,NA
"brier",2,40,48,0.95,NA
"brier",2,40,48,0.96,NA
"brier",2,40,48,0.97,NA
"brier",2,40,48,0.98,NA
"brier",2,40,48,0.99,NA
"brier",2,40,48,0.995,NA
"brier",2,40,49,0.9,NA
"brier",2,40,49,0.91,NA
"brier",2,40,49,0.92,NA
"brier",2,40,49,0.93,NA
"brier",2,40,49,0.94,NA
"brier",2,40,49,0.95,NA
"brier",2,40,49,0.96,NA
"brier",2,40,49,0.97,NA
"brier",2,40,49,0.98,NA
"brier",2,40,49,0.99,NA
"brier",2,40,49,0.995,NA
"brier",2,40,50,0.9,NA
"brier",2,40,50,0.91,NA
"brier",2,40,50,0.92,NA
"brier",2,40,50,0.93,NA
"brier",2,40,50,0.94,NA
"brier",2,40,50,0.95,NA
"brier",2,40,50,0.96,NA
"brier",2,40,50,0.97,NA
"brier",2,40,50,0.98,NA
"brier",2,40,50,0.99,NA
"brier",2,40,50,0.995,NA
"brier",3,40,1,0.9,0.0513912626409091
"brier",3,40,1,0.91,0.0468504223818182
"brier",3,40,1,0.92,0.0403263766818182
"brier",3,40,1,0.93,0.0358171010636364
"brier",3,40,1,0.94,0.0316539934772727
"brier",3,40,1,0.95,0.0289402331045455
"brier",3,40,1,0.96,0.0229368678636364
"brier",3,40,1,0.97,0.0170247142818182
"brier",3,40,1,0.98,0.0120590125090909
"brier",3,40,1,0.99,0.00804400902727273
"brier",3,40,1,0.995,0.00559415043181818
"brier",3,40,2,0.9,0.0525357680272727
"brier",3,40,2,0.91,0.0485745313363636
"brier",3,40,2,0.92,0.0447146407272727
"brier",3,40,2,0.93,0.0409876288545455
"brier",3,40,2,0.94,0.0377250694
"brier",3,40,2,0.95,0.0303811044818182
"brier",3,40,2,0.96,0.0244308366090909
"brier",3,40,2,0.97,0.0196177637681818
"brier",3,40,2,0.98,0.0139354281590909
"brier",3,40,2,0.99,0.00707270756818182
"brier",3,40,2,0.995,0.00305420531818182
"brier",3,40,3,0.9,0.0565111875545455
"brier",3,40,3,0.91,0.0517270780136364
"brier",3,40,3,0.92,0.0465816779
"brier",3,40,3,0.93,0.0375381076909091
"brier",3,40,3,0.94,0.0331823663136364
"brier",3,40,3,0.95,0.0276659311727273
"brier",3,40,3,0.96,0.0226098942
"brier",3,40,3,0.97,0.0168401966454545
"brier",3,40,3,0.98,0.00984693668636364
"brier",3,40,3,0.99,0.00677950283636364
"brier",3,40,3,0.995,0.00390072060909091
"brier",3,40,4,0.9,0.0431940887181818
"brier",3,40,4,0.91,0.0407956837227273
"brier",3,40,4,0.92,0.0368235607818182
"brier",3,40,4,0.93,0.0324568321909091
"brier",3,40,4,0.94,0.0299518458818182
"brier",3,40,4,0.95,0.0259578026590909
"brier",3,40,4,0.96,0.0225012653090909
"brier",3,40,4,0.97,0.0177878105227273
"brier",3,40,4,0.98,0.0119366019272727
"brier",3,40,4,0.99,0.00671507974090909
"brier",3,40,4,0.995,0.0042365824
"brier",3,40,5,0.9,0.0568446862863636
"brier",3,40,5,0.91,0.0526596649681818
"brier",3,40,5,0.92,0.0466779364272727
"brier",3,40,5,0.93,0.0428041027636364
"brier",3,40,5,0.94,0.0356867469181818
"brier",3,40,5,0.95,0.0293950412
"brier",3,40,5,0.96,0.0241483492136364
"brier",3,40,5,0.97,0.0187291484590909
"brier",3,40,5,0.98,0.0133426635909091
"brier",3,40,5,0.99,0.00776977455
"brier",3,40,5,0.995,0.00452071244545455
"brier",3,40,6,0.9,0.0466035425272727
"brier",3,40,6,0.91,0.0426191850954545
"brier",3,40,6,0.92,0.0403792835272727
"brier",3,40,6,0.93,0.0352021606454545
"brier",3,40,6,0.94,0.0294660677545455
"brier",3,40,6,0.95,0.0259983858181818
"brier",3,40,6,0.96,0.0239892188363636
"brier",3,40,6,0.97,0.0187971181681818
"brier",3,40,6,0.98,0.0123363329545455
"brier",3,40,6,0.99,0.00783958636363636
"brier",3,40,6,0.995,0.00466884425909091
"brier",3,40,7,0.9,0.0483157490636364
"brier",3,40,7,0.91,0.0476833495727273
"brier",3,40,7,0.92,0.0442615480590909
"brier",3,40,7,0.93,0.0410329787590909
"brier",3,40,7,0.94,0.0345964443045455
"brier",3,40,7,0.95,0.0297854441727273
"brier",3,40,7,0.96,0.0225794290636364
"brier",3,40,7,0.97,0.0170300743772727
"brier",3,40,7,0.98,0.0111916987227273
"brier",3,40,7,0.99,0.00631103961363636
"brier",3,40,7,0.995,0.00389189528181818
"brier",3,40,8,0.9,0.0550744744136364
"brier",3,40,8,0.91,0.0488661464727273
"brier",3,40,8,0.92,0.0422474685772727
"brier",3,40,8,0.93,0.03778383145
"brier",3,40,8,0.94,0.0320077838909091
"brier",3,40,8,0.95,0.0264237716
"brier",3,40,8,0.96,0.0211374599772727
"brier",3,40,8,0.97,0.0189417286409091
"brier",3,40,8,0.98,0.0142926010454545
"brier",3,40,8,0.99,0.00825768794090909
"brier",3,40,8,0.995,0.00570137716363636
"brier",3,40,9,0.9,0.0532899333409091
"brier",3,40,9,0.91,0.0482280027318182
"brier",3,40,9,0.92,0.0438846771772727
"brier",3,40,9,0.93,0.0405483693863636
"brier",3,40,9,0.94,0.0360212771227273
"brier",3,40,9,0.95,0.0308711428090909
"brier",3,40,9,0.96,0.0253728885590909
"brier",3,40,9,0.97,0.0190514241045455
"brier",3,40,9,0.98,0.01456685365
"brier",3,40,9,0.99,0.00753143528636364
"brier",3,40,9,0.995,0.00403887033181818
"brier",3,40,10,0.9,0.0543015320545455
"brier",3,40,10,0.91,0.0513055227909091
"brier",3,40,10,0.92,0.0451119309272727
"brier",3,40,10,0.93,0.0389933841318182
"brier",3,40,10,0.94,0.0337065379863636
"brier",3,40,10,0.95,0.0272534324909091
"brier",3,40,10,0.96,0.0213521567545455
"brier",3,40,10,0.97,0.0156776040090909
"brier",3,40,10,0.98,0.00962969815909091
"brier",3,40,10,0.99,0.00691293275454545
"brier",3,40,10,0.995,0.00418227290454545
"brier",3,40,11,0.9,NA
"brier",3,40,11,0.91,NA
"brier",3,40,11,0.92,NA
"brier",3,40,11,0.93,NA
"brier",3,40,11,0.94,NA
"brier",3,40,11,0.95,NA
"brier",3,40,11,0.96,NA
"brier",3,40,11,0.97,NA
"brier",3,40,11,0.98,NA
"brier",3,40,11,0.99,NA
"brier",3,40,11,0.995,NA
"brier",3,40,12,0.9,NA
"brier",3,40,12,0.91,NA
"brier",3,40,12,0.92,NA
"brier",3,40,12,0.93,NA
"brier",3,40,12,0.94,NA
"brier",3,40,12,0.95,NA
"brier",3,40,12,0.96,NA
"brier",3,40,12,0.97,NA
"brier",3,40,12,0.98,NA
"brier",3,40,12,0.99,NA
"brier",3,40,12,0.995,NA
"brier",3,40,13,0.9,NA
"brier",3,40,13,0.91,NA
"brier",3,40,13,0.92,NA
"brier",3,40,13,0.93,NA
"brier",3,40,13,0.94,NA
"brier",3,40,13,0.95,NA
"brier",3,40,13,0.96,NA
"brier",3,40,13,0.97,NA
"brier",3,40,13,0.98,NA
"brier",3,40,13,0.99,NA
"brier",3,40,13,0.995,NA
"brier",3,40,14,0.9,NA
"brier",3,40,14,0.91,NA
"brier",3,40,14,0.92,NA
"brier",3,40,14,0.93,NA
"brier",3,40,14,0.94,NA
"brier",3,40,14,0.95,NA
"brier",3,40,14,0.96,NA
"brier",3,40,14,0.97,NA
"brier",3,40,14,0.98,NA
"brier",3,40,14,0.99,NA
"brier",3,40,14,0.995,NA
"brier",3,40,15,0.9,NA
"brier",3,40,15,0.91,NA
"brier",3,40,15,0.92,NA
"brier",3,40,15,0.93,NA
"brier",3,40,15,0.94,NA
"brier",3,40,15,0.95,NA
"brier",3,40,15,0.96,NA
"brier",3,40,15,0.97,NA
"brier",3,40,15,0.98,NA
"brier",3,40,15,0.99,NA
"brier",3,40,15,0.995,NA
"brier",3,40,16,0.9,NA
"brier",3,40,16,0.91,NA
"brier",3,40,16,0.92,NA
"brier",3,40,16,0.93,NA
"brier",3,40,16,0.94,NA
"brier",3,40,16,0.95,NA
"brier",3,40,16,0.96,NA
"brier",3,40,16,0.97,NA
"brier",3,40,16,0.98,NA
"brier",3,40,16,0.99,NA
"brier",3,40,16,0.995,NA
"brier",3,40,17,0.9,NA
"brier",3,40,17,0.91,NA
"brier",3,40,17,0.92,NA
"brier",3,40,17,0.93,NA
"brier",3,40,17,0.94,NA
"brier",3,40,17,0.95,NA
"brier",3,40,17,0.96,NA
"brier",3,40,17,0.97,NA
"brier",3,40,17,0.98,NA
"brier",3,40,17,0.99,NA
"brier",3,40,17,0.995,NA
"brier",3,40,18,0.9,NA
"brier",3,40,18,0.91,NA
"brier",3,40,18,0.92,NA
"brier",3,40,18,0.93,NA
"brier",3,40,18,0.94,NA
"brier",3,40,18,0.95,NA
"brier",3,40,18,0.96,NA
"brier",3,40,18,0.97,NA
"brier",3,40,18,0.98,NA
"brier",3,40,18,0.99,NA
"brier",3,40,18,0.995,NA
"brier",3,40,19,0.9,NA
"brier",3,40,19,0.91,NA
"brier",3,40,19,0.92,NA
"brier",3,40,19,0.93,NA
"brier",3,40,19,0.94,NA
"brier",3,40,19,0.95,NA
"brier",3,40,19,0.96,NA
"brier",3,40,19,0.97,NA
"brier",3,40,19,0.98,NA
"brier",3,40,19,0.99,NA
"brier",3,40,19,0.995,NA
"brier",3,40,20,0.9,NA
"brier",3,40,20,0.91,NA
"brier",3,40,20,0.92,NA
"brier",3,40,20,0.93,NA
"brier",3,40,20,0.94,NA
"brier",3,40,20,0.95,NA
"brier",3,40,20,0.96,NA
"brier",3,40,20,0.97,NA
"brier",3,40,20,0.98,NA
"brier",3,40,20,0.99,NA
"brier",3,40,20,0.995,NA
"brier",3,40,21,0.9,NA
"brier",3,40,21,0.91,NA
"brier",3,40,21,0.92,NA
"brier",3,40,21,0.93,NA
"brier",3,40,21,0.94,NA
"brier",3,40,21,0.95,NA
"brier",3,40,21,0.96,NA
"brier",3,40,21,0.97,NA
"brier",3,40,21,0.98,NA
"brier",3,40,21,0.99,NA
"brier",3,40,21,0.995,NA
"brier",3,40,22,0.9,NA
"brier",3,40,22,0.91,NA
"brier",3,40,22,0.92,NA
"brier",3,40,22,0.93,NA
"brier",3,40,22,0.94,NA
"brier",3,40,22,0.95,NA
"brier",3,40,22,0.96,NA
"brier",3,40,22,0.97,NA
"brier",3,40,22,0.98,NA
"brier",3,40,22,0.99,NA
"brier",3,40,22,0.995,NA
"brier",3,40,23,0.9,NA
"brier",3,40,23,0.91,NA
"brier",3,40,23,0.92,NA
"brier",3,40,23,0.93,NA
"brier",3,40,23,0.94,NA
"brier",3,40,23,0.95,NA
"brier",3,40,23,0.96,NA
"brier",3,40,23,0.97,NA
"brier",3,40,23,0.98,NA
"brier",3,40,23,0.99,NA
"brier",3,40,23,0.995,NA
"brier",3,40,24,0.9,NA
"brier",3,40,24,0.91,NA
"brier",3,40,24,0.92,NA
"brier",3,40,24,0.93,NA
"brier",3,40,24,0.94,NA
"brier",3,40,24,0.95,NA
"brier",3,40,24,0.96,NA
"brier",3,40,24,0.97,NA
"brier",3,40,24,0.98,NA
"brier",3,40,24,0.99,NA
"brier",3,40,24,0.995,NA
"brier",3,40,25,0.9,NA
"brier",3,40,25,0.91,NA
"brier",3,40,25,0.92,NA
"brier",3,40,25,0.93,NA
"brier",3,40,25,0.94,NA
"brier",3,40,25,0.95,NA
"brier",3,40,25,0.96,NA
"brier",3,40,25,0.97,NA
"brier",3,40,25,0.98,NA
"brier",3,40,25,0.99,NA
"brier",3,40,25,0.995,NA
"brier",3,40,26,0.9,NA
"brier",3,40,26,0.91,NA
"brier",3,40,26,0.92,NA
"brier",3,40,26,0.93,NA
"brier",3,40,26,0.94,NA
"brier",3,40,26,0.95,NA
"brier",3,40,26,0.96,NA
"brier",3,40,26,0.97,NA
"brier",3,40,26,0.98,NA
"brier",3,40,26,0.99,NA
"brier",3,40,26,0.995,NA
"brier",3,40,27,0.9,NA
"brier",3,40,27,0.91,NA
"brier",3,40,27,0.92,NA
"brier",3,40,27,0.93,NA
"brier",3,40,27,0.94,NA
"brier",3,40,27,0.95,NA
"brier",3,40,27,0.96,NA
"brier",3,40,27,0.97,NA
"brier",3,40,27,0.98,NA
"brier",3,40,27,0.99,NA
"brier",3,40,27,0.995,NA
"brier",3,40,28,0.9,NA
"brier",3,40,28,0.91,NA
"brier",3,40,28,0.92,NA
"brier",3,40,28,0.93,NA
"brier",3,40,28,0.94,NA
"brier",3,40,28,0.95,NA
"brier",3,40,28,0.96,NA
"brier",3,40,28,0.97,NA
"brier",3,40,28,0.98,NA
"brier",3,40,28,0.99,NA
"brier",3,40,28,0.995,NA
"brier",3,40,29,0.9,NA
"brier",3,40,29,0.91,NA
"brier",3,40,29,0.92,NA
"brier",3,40,29,0.93,NA
"brier",3,40,29,0.94,NA
"brier",3,40,29,0.95,NA
"brier",3,40,29,0.96,NA
"brier",3,40,29,0.97,NA
"brier",3,40,29,0.98,NA
"brier",3,40,29,0.99,NA
"brier",3,40,29,0.995,NA
"brier",3,40,30,0.9,NA
"brier",3,40,30,0.91,NA
"brier",3,40,30,0.92,NA
"brier",3,40,30,0.93,NA
"brier",3,40,30,0.94,NA
"brier",3,40,30,0.95,NA
"brier",3,40,30,0.96,NA
"brier",3,40,30,0.97,NA
"brier",3,40,30,0.98,NA
"brier",3,40,30,0.99,NA
"brier",3,40,30,0.995,NA
"brier",3,40,31,0.9,NA
"brier",3,40,31,0.91,NA
"brier",3,40,31,0.92,NA
"brier",3,40,31,0.93,NA
"brier",3,40,31,0.94,NA
"brier",3,40,31,0.95,NA
"brier",3,40,31,0.96,NA
"brier",3,40,31,0.97,NA
"brier",3,40,31,0.98,NA
"brier",3,40,31,0.99,NA
"brier",3,40,31,0.995,NA
"brier",3,40,32,0.9,NA
"brier",3,40,32,0.91,NA
"brier",3,40,32,0.92,NA
"brier",3,40,32,0.93,NA
"brier",3,40,32,0.94,NA
"brier",3,40,32,0.95,NA
"brier",3,40,32,0.96,NA
"brier",3,40,32,0.97,NA
"brier",3,40,32,0.98,NA
"brier",3,40,32,0.99,NA
"brier",3,40,32,0.995,NA
"brier",3,40,33,0.9,NA
"brier",3,40,33,0.91,NA
"brier",3,40,33,0.92,NA
"brier",3,40,33,0.93,NA
"brier",3,40,33,0.94,NA
"brier",3,40,33,0.95,NA
"brier",3,40,33,0.96,NA
"brier",3,40,33,0.97,NA
"brier",3,40,33,0.98,NA
"brier",3,40,33,0.99,NA
"brier",3,40,33,0.995,NA
"brier",3,40,34,0.9,NA
"brier",3,40,34,0.91,NA
"brier",3,40,34,0.92,NA
"brier",3,40,34,0.93,NA
"brier",3,40,34,0.94,NA
"brier",3,40,34,0.95,NA
"brier",3,40,34,0.96,NA
"brier",3,40,34,0.97,NA
"brier",3,40,34,0.98,NA
"brier",3,40,34,0.99,NA
"brier",3,40,34,0.995,NA
"brier",3,40,35,0.9,NA
"brier",3,40,35,0.91,NA
"brier",3,40,35,0.92,NA
"brier",3,40,35,0.93,NA
"brier",3,40,35,0.94,NA
"brier",3,40,35,0.95,NA
"brier",3,40,35,0.96,NA
"brier",3,40,35,0.97,NA
"brier",3,40,35,0.98,NA
"brier",3,40,35,0.99,NA
"brier",3,40,35,0.995,NA
"brier",3,40,36,0.9,NA
"brier",3,40,36,0.91,NA
"brier",3,40,36,0.92,NA
"brier",3,40,36,0.93,NA
"brier",3,40,36,0.94,NA
"brier",3,40,36,0.95,NA
"brier",3,40,36,0.96,NA
"brier",3,40,36,0.97,NA
"brier",3,40,36,0.98,NA
"brier",3,40,36,0.99,NA
"brier",3,40,36,0.995,NA
"brier",3,40,37,0.9,NA
"brier",3,40,37,0.91,NA
"brier",3,40,37,0.92,NA
"brier",3,40,37,0.93,NA
"brier",3,40,37,0.94,NA
"brier",3,40,37,0.95,NA
"brier",3,40,37,0.96,NA
"brier",3,40,37,0.97,NA
"brier",3,40,37,0.98,NA
"brier",3,40,37,0.99,NA
"brier",3,40,37,0.995,NA
"brier",3,40,38,0.9,NA
"brier",3,40,38,0.91,NA
"brier",3,40,38,0.92,NA
"brier",3,40,38,0.93,NA
"brier",3,40,38,0.94,NA
"brier",3,40,38,0.95,NA
"brier",3,40,38,0.96,NA
"brier",3,40,38,0.97,NA
"brier",3,40,38,0.98,NA
"brier",3,40,38,0.99,NA
"brier",3,40,38,0.995,NA
"brier",3,40,39,0.9,NA
"brier",3,40,39,0.91,NA
"brier",3,40,39,0.92,NA
"brier",3,40,39,0.93,NA
"brier",3,40,39,0.94,NA
"brier",3,40,39,0.95,NA
"brier",3,40,39,0.96,NA
"brier",3,40,39,0.97,NA
"brier",3,40,39,0.98,NA
"brier",3,40,39,0.99,NA
"brier",3,40,39,0.995,NA
"brier",3,40,40,0.9,NA
"brier",3,40,40,0.91,NA
"brier",3,40,40,0.92,NA
"brier",3,40,40,0.93,NA
"brier",3,40,40,0.94,NA
"brier",3,40,40,0.95,NA
"brier",3,40,40,0.96,NA
"brier",3,40,40,0.97,NA
"brier",3,40,40,0.98,NA
"brier",3,40,40,0.99,NA
"brier",3,40,40,0.995,NA
"brier",3,40,41,0.9,NA
"brier",3,40,41,0.91,NA
"brier",3,40,41,0.92,NA
"brier",3,40,41,0.93,NA
"brier",3,40,41,0.94,NA
"brier",3,40,41,0.95,NA
"brier",3,40,41,0.96,NA
"brier",3,40,41,0.97,NA
"brier",3,40,41,0.98,NA
"brier",3,40,41,0.99,NA
"brier",3,40,41,0.995,NA
"brier",3,40,42,0.9,NA
"brier",3,40,42,0.91,NA
"brier",3,40,42,0.92,NA
"brier",3,40,42,0.93,NA
"brier",3,40,42,0.94,NA
"brier",3,40,42,0.95,NA
"brier",3,40,42,0.96,NA
"brier",3,40,42,0.97,NA
"brier",3,40,42,0.98,NA
"brier",3,40,42,0.99,NA
"brier",3,40,42,0.995,NA
"brier",3,40,43,0.9,NA
"brier",3,40,43,0.91,NA
"brier",3,40,43,0.92,NA
"brier",3,40,43,0.93,NA
"brier",3,40,43,0.94,NA
"brier",3,40,43,0.95,NA
"brier",3,40,43,0.96,NA
"brier",3,40,43,0.97,NA
"brier",3,40,43,0.98,NA
"brier",3,40,43,0.99,NA
"brier",3,40,43,0.995,NA
"brier",3,40,44,0.9,NA
"brier",3,40,44,0.91,NA
"brier",3,40,44,0.92,NA
"brier",3,40,44,0.93,NA
"brier",3,40,44,0.94,NA
"brier",3,40,44,0.95,NA
"brier",3,40,44,0.96,NA
"brier",3,40,44,0.97,NA
"brier",3,40,44,0.98,NA
"brier",3,40,44,0.99,NA
"brier",3,40,44,0.995,NA
"brier",3,40,45,0.9,NA
"brier",3,40,45,0.91,NA
"brier",3,40,45,0.92,NA
"brier",3,40,45,0.93,NA
"brier",3,40,45,0.94,NA
"brier",3,40,45,0.95,NA
"brier",3,40,45,0.96,NA
"brier",3,40,45,0.97,NA
"brier",3,40,45,0.98,NA
"brier",3,40,45,0.99,NA
"brier",3,40,45,0.995,NA
"brier",3,40,46,0.9,NA
"brier",3,40,46,0.91,NA
"brier",3,40,46,0.92,NA
"brier",3,40,46,0.93,NA
"brier",3,40,46,0.94,NA
"brier",3,40,46,0.95,NA
"brier",3,40,46,0.96,NA
"brier",3,40,46,0.97,NA
"brier",3,40,46,0.98,NA
"brier",3,40,46,0.99,NA
"brier",3,40,46,0.995,NA
"brier",3,40,47,0.9,NA
"brier",3,40,47,0.91,NA
"brier",3,40,47,0.92,NA
"brier",3,40,47,0.93,NA
"brier",3,40,47,0.94,NA
"brier",3,40,47,0.95,NA
"brier",3,40,47,0.96,NA
"brier",3,40,47,0.97,NA
"brier",3,40,47,0.98,NA
"brier",3,40,47,0.99,NA
"brier",3,40,47,0.995,NA
"brier",3,40,48,0.9,NA
"brier",3,40,48,0.91,NA
"brier",3,40,48,0.92,NA
"brier",3,40,48,0.93,NA
"brier",3,40,48,0.94,NA
"brier",3,40,48,0.95,NA
"brier",3,40,48,0.96,NA
"brier",3,40,48,0.97,NA
"brier",3,40,48,0.98,NA
"brier",3,40,48,0.99,NA
"brier",3,40,48,0.995,NA
"brier",3,40,49,0.9,NA
"brier",3,40,49,0.91,NA
"brier",3,40,49,0.92,NA
"brier",3,40,49,0.93,NA
"brier",3,40,49,0.94,NA
"brier",3,40,49,0.95,NA
"brier",3,40,49,0.96,NA
"brier",3,40,49,0.97,NA
"brier",3,40,49,0.98,NA
"brier",3,40,49,0.99,NA
"brier",3,40,49,0.995,NA
"brier",3,40,50,0.9,NA
"brier",3,40,50,0.91,NA
"brier",3,40,50,0.92,NA
"brier",3,40,50,0.93,NA
"brier",3,40,50,0.94,NA
"brier",3,40,50,0.95,NA
"brier",3,40,50,0.96,NA
"brier",3,40,50,0.97,NA
"brier",3,40,50,0.98,NA
"brier",3,40,50,0.99,NA
"brier",3,40,50,0.995,NA
"brier",4,40,1,0.9,0.0244922119545455
"brier",4,40,1,0.91,0.02142408465
"brier",4,40,1,0.92,0.01657267165
"brier",4,40,1,0.93,0.0140244294863636
"brier",4,40,1,0.94,0.0129379897954545
"brier",4,40,1,0.95,0.0130237579227273
"brier",4,40,1,0.96,0.0117141947818182
"brier",4,40,1,0.97,0.00991229705
"brier",4,40,1,0.98,0.00623910501363636
"brier",4,40,1,0.99,0.00431935844090909
"brier",4,40,1,0.995,0.00452807298181818
"brier",4,40,2,0.9,0.0405745111909091
"brier",4,40,2,0.91,0.0366934400590909
"brier",4,40,2,0.92,0.0339540509227273
"brier",4,40,2,0.93,0.0319572681454545
"brier",4,40,2,0.94,0.0289109620227273
"brier",4,40,2,0.95,0.0226046587
"brier",4,40,2,0.96,0.0169104350818182
"brier",4,40,2,0.97,0.0125811102227273
"brier",4,40,2,0.98,0.00903817887272727
"brier",4,40,2,0.99,0.00569586257727273
"brier",4,40,2,0.995,0.00214275129545455
"brier",4,40,3,0.9,0.0400104621681818
"brier",4,40,3,0.91,0.0356991979409091
"brier",4,40,3,0.92,0.0324015600272727
"brier",4,40,3,0.93,0.0258097440954545
"brier",4,40,3,0.94,0.0224488366409091
"brier",4,40,3,0.95,0.0175792030954545
"brier",4,40,3,0.96,0.0128216580090909
"brier",4,40,3,0.97,0.00903457098636364
"brier",4,40,3,0.98,0.00189692896363636
"brier",4,40,3,0.99,0.00333057686818182
"brier",4,40,3,0.995,0.00341084104090909
"brier",4,40,4,0.9,0.0114533900590909
"brier",4,40,4,0.91,0.0101590817363636
"brier",4,40,4,0.92,0.00983502770909091
"brier",4,40,4,0.93,0.00787159761363636
"brier",4,40,4,0.94,0.00534903199545455
"brier",4,40,4,0.95,0.00705363649545454
"brier",4,40,4,0.96,0.00696803960909091
"brier",4,40,4,0.97,0.00708799500454545
"brier",4,40,4,0.98,0.0061664741
"brier",4,40,4,0.99,0.00452678942272727
"brier",4,40,4,0.995,0.00440532883181818
"brier",4,40,5,0.9,0.0371820527090909
"brier",4,40,5,0.91,0.0348564199909091
"brier",4,40,5,0.92,0.0313449327636364
"brier",4,40,5,0.93,0.0301774920909091
"brier",4,40,5,0.94,0.0253365188681818
"brier",4,40,5,0.95,0.0212720475681818
"brier",4,40,5,0.96,0.0177972349454545
"brier",4,40,5,0.97,0.0151844107181818
"brier",4,40,5,0.98,0.0111904698590909
"brier",4,40,5,0.99,0.00771754960454545
"brier",4,40,5,0.995,0.00438834270909091
"brier",4,40,6,0.9,0.0153242734590909
"brier",4,40,6,0.91,0.0157569390454545
"brier",4,40,6,0.92,0.0137619297681818
"brier",4,40,6,0.93,0.0112517563
"brier",4,40,6,0.94,0.00754364849090909
"brier",4,40,6,0.95,0.00760423865
"brier",4,40,6,0.96,0.00938691796363636
"brier",4,40,6,0.97,0.00974335191363636
"brier",4,40,6,0.98,0.00925435103636364
"brier",4,40,6,0.99,0.00732622714545455
"brier",4,40,6,0.995,0.00402574316818182
"brier",4,40,7,0.9,0.0118512527954545
"brier",4,40,7,0.91,0.0139491749090909
"brier",4,40,7,0.92,0.0170594059454545
"brier",4,40,7,0.93,0.0188836155590909
"brier",4,40,7,0.94,0.0190308924545455
"brier",4,40,7,0.95,0.0162296094136364
"brier",4,40,7,0.96,0.0115548428681818
"brier",4,40,7,0.97,0.00749143281818182
"brier",4,40,7,0.98,0.00316700601818182
"brier",4,40,7,0.99,0.00361233737727273
"brier",4,40,7,0.995,0.00430554289090909
"brier",4,40,8,0.9,0.0558528587772727
"brier",4,40,8,0.91,0.0492732391636364
"brier",4,40,8,0.92,0.0434300695318182
"brier",4,40,8,0.93,0.0389698639545455
"brier",4,40,8,0.94,0.0333422928772727
"brier",4,40,8,0.95,0.0287448128090909
"brier",4,40,8,0.96,0.0235132532818182
"brier",4,40,8,0.97,0.0209192827272727
"brier",4,40,8,0.98,0.0154504107227273
"brier",4,40,8,0.99,0.00856095582727273
"brier",4,40,8,0.995,0.00576726580909091
"brier",4,40,9,0.9,0.0308878412409091
"brier",4,40,9,0.91,0.0270913631681818
"brier",4,40,9,0.92,0.0232437259318182
"brier",4,40,9,0.93,0.0228770202136364
"brier",4,40,9,0.94,0.0200960650409091
"brier",4,40,9,0.95,0.0204316440772727
"brier",4,40,9,0.96,0.0189534706681818
"brier",4,40,9,0.97,0.0148992567454545
"brier",4,40,9,0.98,0.00968428704545455
"brier",4,40,9,0.99,0.00525087037727273
"brier",4,40,9,0.995,0.00353820764090909
"brier",4,40,10,0.9,0.0279142733363636
"brier",4,40,10,0.91,0.0270657797272727
"brier",4,40,10,0.92,0.0254171614363636
"brier",4,40,10,0.93,0.0199447641227273
"brier",4,40,10,0.94,0.0187741084772727
"brier",4,40,10,0.95,0.0145157404409091
"brier",4,40,10,0.96,0.00814157149090909
"brier",4,40,10,0.97,0.00465438271363636
"brier",4,40,10,0.98,8.73450818181818e-05
"brier",4,40,10,0.99,0.00472112105909091
"brier",4,40,10,0.995,0.00427690579090909
"brier",4,40,11,0.9,NA
"brier",4,40,11,0.91,NA
"brier",4,40,11,0.92,NA
"brier",4,40,11,0.93,NA
"brier",4,40,11,0.94,NA
"brier",4,40,11,0.95,NA
"brier",4,40,11,0.96,NA
"brier",4,40,11,0.97,NA
"brier",4,40,11,0.98,NA
"brier",4,40,11,0.99,NA
"brier",4,40,11,0.995,NA
"brier",4,40,12,0.9,NA
"brier",4,40,12,0.91,NA
"brier",4,40,12,0.92,NA
"brier",4,40,12,0.93,NA
"brier",4,40,12,0.94,NA
"brier",4,40,12,0.95,NA
"brier",4,40,12,0.96,NA
"brier",4,40,12,0.97,NA
"brier",4,40,12,0.98,NA
"brier",4,40,12,0.99,NA
"brier",4,40,12,0.995,NA
"brier",4,40,13,0.9,NA
"brier",4,40,13,0.91,NA
"brier",4,40,13,0.92,NA
"brier",4,40,13,0.93,NA
"brier",4,40,13,0.94,NA
"brier",4,40,13,0.95,NA
"brier",4,40,13,0.96,NA
"brier",4,40,13,0.97,NA
"brier",4,40,13,0.98,NA
"brier",4,40,13,0.99,NA
"brier",4,40,13,0.995,NA
"brier",4,40,14,0.9,NA
"brier",4,40,14,0.91,NA
"brier",4,40,14,0.92,NA
"brier",4,40,14,0.93,NA
"brier",4,40,14,0.94,NA
"brier",4,40,14,0.95,NA
"brier",4,40,14,0.96,NA
"brier",4,40,14,0.97,NA
"brier",4,40,14,0.98,NA
"brier",4,40,14,0.99,NA
"brier",4,40,14,0.995,NA
"brier",4,40,15,0.9,NA
"brier",4,40,15,0.91,NA
"brier",4,40,15,0.92,NA
"brier",4,40,15,0.93,NA
"brier",4,40,15,0.94,NA
"brier",4,40,15,0.95,NA
"brier",4,40,15,0.96,NA
"brier",4,40,15,0.97,NA
"brier",4,40,15,0.98,NA
"brier",4,40,15,0.99,NA
"brier",4,40,15,0.995,NA
"brier",4,40,16,0.9,NA
"brier",4,40,16,0.91,NA
"brier",4,40,16,0.92,NA
"brier",4,40,16,0.93,NA
"brier",4,40,16,0.94,NA
"brier",4,40,16,0.95,NA
"brier",4,40,16,0.96,NA
"brier",4,40,16,0.97,NA
"brier",4,40,16,0.98,NA
"brier",4,40,16,0.99,NA
"brier",4,40,16,0.995,NA
"brier",4,40,17,0.9,NA
"brier",4,40,17,0.91,NA
"brier",4,40,17,0.92,NA
"brier",4,40,17,0.93,NA
"brier",4,40,17,0.94,NA
"brier",4,40,17,0.95,NA
"brier",4,40,17,0.96,NA
"brier",4,40,17,0.97,NA
"brier",4,40,17,0.98,NA
"brier",4,40,17,0.99,NA
"brier",4,40,17,0.995,NA
"brier",4,40,18,0.9,NA
"brier",4,40,18,0.91,NA
"brier",4,40,18,0.92,NA
"brier",4,40,18,0.93,NA
"brier",4,40,18,0.94,NA
"brier",4,40,18,0.95,NA
"brier",4,40,18,0.96,NA
"brier",4,40,18,0.97,NA
"brier",4,40,18,0.98,NA
"brier",4,40,18,0.99,NA
"brier",4,40,18,0.995,NA
"brier",4,40,19,0.9,NA
"brier",4,40,19,0.91,NA
"brier",4,40,19,0.92,NA
"brier",4,40,19,0.93,NA
"brier",4,40,19,0.94,NA
"brier",4,40,19,0.95,NA
"brier",4,40,19,0.96,NA
"brier",4,40,19,0.97,NA
"brier",4,40,19,0.98,NA
"brier",4,40,19,0.99,NA
"brier",4,40,19,0.995,NA
"brier",4,40,20,0.9,NA
"brier",4,40,20,0.91,NA
"brier",4,40,20,0.92,NA
"brier",4,40,20,0.93,NA
"brier",4,40,20,0.94,NA
"brier",4,40,20,0.95,NA
"brier",4,40,20,0.96,NA
"brier",4,40,20,0.97,NA
"brier",4,40,20,0.98,NA
"brier",4,40,20,0.99,NA
"brier",4,40,20,0.995,NA
"brier",4,40,21,0.9,NA
"brier",4,40,21,0.91,NA
"brier",4,40,21,0.92,NA
"brier",4,40,21,0.93,NA
"brier",4,40,21,0.94,NA
"brier",4,40,21,0.95,NA
"brier",4,40,21,0.96,NA
"brier",4,40,21,0.97,NA
"brier",4,40,21,0.98,NA
"brier",4,40,21,0.99,NA
"brier",4,40,21,0.995,NA
"brier",4,40,22,0.9,NA
"brier",4,40,22,0.91,NA
"brier",4,40,22,0.92,NA
"brier",4,40,22,0.93,NA
"brier",4,40,22,0.94,NA
"brier",4,40,22,0.95,NA
"brier",4,40,22,0.96,NA
"brier",4,40,22,0.97,NA
"brier",4,40,22,0.98,NA
"brier",4,40,22,0.99,NA
"brier",4,40,22,0.995,NA
"brier",4,40,23,0.9,NA
"brier",4,40,23,0.91,NA
"brier",4,40,23,0.92,NA
"brier",4,40,23,0.93,NA
"brier",4,40,23,0.94,NA
"brier",4,40,23,0.95,NA
"brier",4,40,23,0.96,NA
"brier",4,40,23,0.97,NA
"brier",4,40,23,0.98,NA
"brier",4,40,23,0.99,NA
"brier",4,40,23,0.995,NA
"brier",4,40,24,0.9,NA
"brier",4,40,24,0.91,NA
"brier",4,40,24,0.92,NA
"brier",4,40,24,0.93,NA
"brier",4,40,24,0.94,NA
"brier",4,40,24,0.95,NA
"brier",4,40,24,0.96,NA
"brier",4,40,24,0.97,NA
"brier",4,40,24,0.98,NA
"brier",4,40,24,0.99,NA
"brier",4,40,24,0.995,NA
"brier",4,40,25,0.9,NA
"brier",4,40,25,0.91,NA
"brier",4,40,25,0.92,NA
"brier",4,40,25,0.93,NA
"brier",4,40,25,0.94,NA
"brier",4,40,25,0.95,NA
"brier",4,40,25,0.96,NA
"brier",4,40,25,0.97,NA
"brier",4,40,25,0.98,NA
"brier",4,40,25,0.99,NA
"brier",4,40,25,0.995,NA
"brier",4,40,26,0.9,NA
"brier",4,40,26,0.91,NA
"brier",4,40,26,0.92,NA
"brier",4,40,26,0.93,NA
"brier",4,40,26,0.94,NA
"brier",4,40,26,0.95,NA
"brier",4,40,26,0.96,NA
"brier",4,40,26,0.97,NA
"brier",4,40,26,0.98,NA
"brier",4,40,26,0.99,NA
"brier",4,40,26,0.995,NA
"brier",4,40,27,0.9,NA
"brier",4,40,27,0.91,NA
"brier",4,40,27,0.92,NA
"brier",4,40,27,0.93,NA
"brier",4,40,27,0.94,NA
"brier",4,40,27,0.95,NA
"brier",4,40,27,0.96,NA
"brier",4,40,27,0.97,NA
"brier",4,40,27,0.98,NA
"brier",4,40,27,0.99,NA
"brier",4,40,27,0.995,NA
"brier",4,40,28,0.9,NA
"brier",4,40,28,0.91,NA
"brier",4,40,28,0.92,NA
"brier",4,40,28,0.93,NA
"brier",4,40,28,0.94,NA
"brier",4,40,28,0.95,NA
"brier",4,40,28,0.96,NA
"brier",4,40,28,0.97,NA
"brier",4,40,28,0.98,NA
"brier",4,40,28,0.99,NA
"brier",4,40,28,0.995,NA
"brier",4,40,29,0.9,NA
"brier",4,40,29,0.91,NA
"brier",4,40,29,0.92,NA
"brier",4,40,29,0.93,NA
"brier",4,40,29,0.94,NA
"brier",4,40,29,0.95,NA
"brier",4,40,29,0.96,NA
"brier",4,40,29,0.97,NA
"brier",4,40,29,0.98,NA
"brier",4,40,29,0.99,NA
"brier",4,40,29,0.995,NA
"brier",4,40,30,0.9,NA
"brier",4,40,30,0.91,NA
"brier",4,40,30,0.92,NA
"brier",4,40,30,0.93,NA
"brier",4,40,30,0.94,NA
"brier",4,40,30,0.95,NA
"brier",4,40,30,0.96,NA
"brier",4,40,30,0.97,NA
"brier",4,40,30,0.98,NA
"brier",4,40,30,0.99,NA
"brier",4,40,30,0.995,NA
"brier",4,40,31,0.9,NA
"brier",4,40,31,0.91,NA
"brier",4,40,31,0.92,NA
"brier",4,40,31,0.93,NA
"brier",4,40,31,0.94,NA
"brier",4,40,31,0.95,NA
"brier",4,40,31,0.96,NA
"brier",4,40,31,0.97,NA
"brier",4,40,31,0.98,NA
"brier",4,40,31,0.99,NA
"brier",4,40,31,0.995,NA
"brier",4,40,32,0.9,NA
"brier",4,40,32,0.91,NA
"brier",4,40,32,0.92,NA
"brier",4,40,32,0.93,NA
"brier",4,40,32,0.94,NA
"brier",4,40,32,0.95,NA
"brier",4,40,32,0.96,NA
"brier",4,40,32,0.97,NA
"brier",4,40,32,0.98,NA
"brier",4,40,32,0.99,NA
"brier",4,40,32,0.995,NA
"brier",4,40,33,0.9,NA
"brier",4,40,33,0.91,NA
"brier",4,40,33,0.92,NA
"brier",4,40,33,0.93,NA
"brier",4,40,33,0.94,NA
"brier",4,40,33,0.95,NA
"brier",4,40,33,0.96,NA
"brier",4,40,33,0.97,NA
"brier",4,40,33,0.98,NA
"brier",4,40,33,0.99,NA
"brier",4,40,33,0.995,NA
"brier",4,40,34,0.9,NA
"brier",4,40,34,0.91,NA
"brier",4,40,34,0.92,NA
"brier",4,40,34,0.93,NA
"brier",4,40,34,0.94,NA
"brier",4,40,34,0.95,NA
"brier",4,40,34,0.96,NA
"brier",4,40,34,0.97,NA
"brier",4,40,34,0.98,NA
"brier",4,40,34,0.99,NA
"brier",4,40,34,0.995,NA
"brier",4,40,35,0.9,NA
"brier",4,40,35,0.91,NA
"brier",4,40,35,0.92,NA
"brier",4,40,35,0.93,NA
"brier",4,40,35,0.94,NA
"brier",4,40,35,0.95,NA
"brier",4,40,35,0.96,NA
"brier",4,40,35,0.97,NA
"brier",4,40,35,0.98,NA
"brier",4,40,35,0.99,NA
"brier",4,40,35,0.995,NA
"brier",4,40,36,0.9,NA
"brier",4,40,36,0.91,NA
"brier",4,40,36,0.92,NA
"brier",4,40,36,0.93,NA
"brier",4,40,36,0.94,NA
"brier",4,40,36,0.95,NA
"brier",4,40,36,0.96,NA
"brier",4,40,36,0.97,NA
"brier",4,40,36,0.98,NA
"brier",4,40,36,0.99,NA
"brier",4,40,36,0.995,NA
"brier",4,40,37,0.9,NA
"brier",4,40,37,0.91,NA
"brier",4,40,37,0.92,NA
"brier",4,40,37,0.93,NA
"brier",4,40,37,0.94,NA
"brier",4,40,37,0.95,NA
"brier",4,40,37,0.96,NA
"brier",4,40,37,0.97,NA
"brier",4,40,37,0.98,NA
"brier",4,40,37,0.99,NA
"brier",4,40,37,0.995,NA
"brier",4,40,38,0.9,NA
"brier",4,40,38,0.91,NA
"brier",4,40,38,0.92,NA
"brier",4,40,38,0.93,NA
"brier",4,40,38,0.94,NA
"brier",4,40,38,0.95,NA
"brier",4,40,38,0.96,NA
"brier",4,40,38,0.97,NA
"brier",4,40,38,0.98,NA
"brier",4,40,38,0.99,NA
"brier",4,40,38,0.995,NA
"brier",4,40,39,0.9,NA
"brier",4,40,39,0.91,NA
"brier",4,40,39,0.92,NA
"brier",4,40,39,0.93,NA
"brier",4,40,39,0.94,NA
"brier",4,40,39,0.95,NA
"brier",4,40,39,0.96,NA
"brier",4,40,39,0.97,NA
"brier",4,40,39,0.98,NA
"brier",4,40,39,0.99,NA
"brier",4,40,39,0.995,NA
"brier",4,40,40,0.9,NA
"brier",4,40,40,0.91,NA
"brier",4,40,40,0.92,NA
"brier",4,40,40,0.93,NA
"brier",4,40,40,0.94,NA
"brier",4,40,40,0.95,NA
"brier",4,40,40,0.96,NA
"brier",4,40,40,0.97,NA
"brier",4,40,40,0.98,NA
"brier",4,40,40,0.99,NA
"brier",4,40,40,0.995,NA
"brier",4,40,41,0.9,NA
"brier",4,40,41,0.91,NA
"brier",4,40,41,0.92,NA
"brier",4,40,41,0.93,NA
"brier",4,40,41,0.94,NA
"brier",4,40,41,0.95,NA
"brier",4,40,41,0.96,NA
"brier",4,40,41,0.97,NA
"brier",4,40,41,0.98,NA
"brier",4,40,41,0.99,NA
"brier",4,40,41,0.995,NA
"brier",4,40,42,0.9,NA
"brier",4,40,42,0.91,NA
"brier",4,40,42,0.92,NA
"brier",4,40,42,0.93,NA
"brier",4,40,42,0.94,NA
"brier",4,40,42,0.95,NA
"brier",4,40,42,0.96,NA
"brier",4,40,42,0.97,NA
"brier",4,40,42,0.98,NA
"brier",4,40,42,0.99,NA
"brier",4,40,42,0.995,NA
"brier",4,40,43,0.9,NA
"brier",4,40,43,0.91,NA
"brier",4,40,43,0.92,NA
"brier",4,40,43,0.93,NA
"brier",4,40,43,0.94,NA
"brier",4,40,43,0.95,NA
"brier",4,40,43,0.96,NA
"brier",4,40,43,0.97,NA
"brier",4,40,43,0.98,NA
"brier",4,40,43,0.99,NA
"brier",4,40,43,0.995,NA
"brier",4,40,44,0.9,NA
"brier",4,40,44,0.91,NA
"brier",4,40,44,0.92,NA
"brier",4,40,44,0.93,NA
"brier",4,40,44,0.94,NA
"brier",4,40,44,0.95,NA
"brier",4,40,44,0.96,NA
"brier",4,40,44,0.97,NA
"brier",4,40,44,0.98,NA
"brier",4,40,44,0.99,NA
"brier",4,40,44,0.995,NA
"brier",4,40,45,0.9,NA
"brier",4,40,45,0.91,NA
"brier",4,40,45,0.92,NA
"brier",4,40,45,0.93,NA
"brier",4,40,45,0.94,NA
"brier",4,40,45,0.95,NA
"brier",4,40,45,0.96,NA
"brier",4,40,45,0.97,NA
"brier",4,40,45,0.98,NA
"brier",4,40,45,0.99,NA
"brier",4,40,45,0.995,NA
"brier",4,40,46,0.9,NA
"brier",4,40,46,0.91,NA
"brier",4,40,46,0.92,NA
"brier",4,40,46,0.93,NA
"brier",4,40,46,0.94,NA
"brier",4,40,46,0.95,NA
"brier",4,40,46,0.96,NA
"brier",4,40,46,0.97,NA
"brier",4,40,46,0.98,NA
"brier",4,40,46,0.99,NA
"brier",4,40,46,0.995,NA
"brier",4,40,47,0.9,NA
"brier",4,40,47,0.91,NA
"brier",4,40,47,0.92,NA
"brier",4,40,47,0.93,NA
"brier",4,40,47,0.94,NA
"brier",4,40,47,0.95,NA
"brier",4,40,47,0.96,NA
"brier",4,40,47,0.97,NA
"brier",4,40,47,0.98,NA
"brier",4,40,47,0.99,NA
"brier",4,40,47,0.995,NA
"brier",4,40,48,0.9,NA
"brier",4,40,48,0.91,NA
"brier",4,40,48,0.92,NA
"brier",4,40,48,0.93,NA
"brier",4,40,48,0.94,NA
"brier",4,40,48,0.95,NA
"brier",4,40,48,0.96,NA
"brier",4,40,48,0.97,NA
"brier",4,40,48,0.98,NA
"brier",4,40,48,0.99,NA
"brier",4,40,48,0.995,NA
"brier",4,40,49,0.9,NA
"brier",4,40,49,0.91,NA
"brier",4,40,49,0.92,NA
"brier",4,40,49,0.93,NA
"brier",4,40,49,0.94,NA
"brier",4,40,49,0.95,NA
"brier",4,40,49,0.96,NA
"brier",4,40,49,0.97,NA
"brier",4,40,49,0.98,NA
"brier",4,40,49,0.99,NA
"brier",4,40,49,0.995,NA
"brier",4,40,50,0.9,NA
"brier",4,40,50,0.91,NA
"brier",4,40,50,0.92,NA
"brier",4,40,50,0.93,NA
"brier",4,40,50,0.94,NA
"brier",4,40,50,0.95,NA
"brier",4,40,50,0.96,NA
"brier",4,40,50,0.97,NA
"brier",4,40,50,0.98,NA
"brier",4,40,50,0.99,NA
"brier",4,40,50,0.995,NA
"brier",5,40,1,0.9,0.0504043776954545
"brier",5,40,1,0.91,0.0459071156363636
"brier",5,40,1,0.92,0.0398353097363636
"brier",5,40,1,0.93,0.0350152540363636
"brier",5,40,1,0.94,0.0313050615272727
"brier",5,40,1,0.95,0.0289375829363636
"brier",5,40,1,0.96,0.0230714247136364
"brier",5,40,1,0.97,0.0171003911136364
"brier",5,40,1,0.98,0.0121600582272727
"brier",5,40,1,0.99,0.00816588271818182
"brier",5,40,1,0.995,0.00560670566818182
"brier",5,40,2,0.9,0.0522531540227273
"brier",5,40,2,0.91,0.0484367280090909
"brier",5,40,2,0.92,0.0447739848590909
"brier",5,40,2,0.93,0.04086653535
"brier",5,40,2,0.94,0.0377107864409091
"brier",5,40,2,0.95,0.0303316058454545
"brier",5,40,2,0.96,0.0240164709454545
"brier",5,40,2,0.97,0.0193235369727273
"brier",5,40,2,0.98,0.0138539765318182
"brier",5,40,2,0.99,0.00703184420909091
"brier",5,40,2,0.995,0.00303553593636364
"brier",5,40,3,0.9,0.0559672678136364
"brier",5,40,3,0.91,0.0509703208863636
"brier",5,40,3,0.92,0.0457773725363636
"brier",5,40,3,0.93,0.0366580041227273
"brier",5,40,3,0.94,0.0324386155590909
"brier",5,40,3,0.95,0.0270640384818182
"brier",5,40,3,0.96,0.0223225593954545
"brier",5,40,3,0.97,0.0165877068090909
"brier",5,40,3,0.98,0.00979935343181818
"brier",5,40,3,0.99,0.00678550595454545
"brier",5,40,3,0.995,0.00389086861818182
"brier",5,40,4,0.9,0.0421628303818182
"brier",5,40,4,0.91,0.0399680325181818
"brier",5,40,4,0.92,0.0361612572454545
"brier",5,40,4,0.93,0.0320871954
"brier",5,40,4,0.94,0.0297452351909091
"brier",5,40,4,0.95,0.0257985165
"brier",5,40,4,0.96,0.0223667955545455
"brier",5,40,4,0.97,0.0177405758272727
"brier",5,40,4,0.98,0.0120080413818182
"brier",5,40,4,0.99,0.00664532090454545
"brier",5,40,4,0.995,0.00417355502727273
"brier",5,40,5,0.9,0.0602891748227273
"brier",5,40,5,0.91,0.0553592021454545
"brier",5,40,5,0.92,0.0487351419
"brier",5,40,5,0.93,0.0443975140636364
"brier",5,40,5,0.94,0.0367358486181818
"brier",5,40,5,0.95,0.0298691579181818
"brier",5,40,5,0.96,0.0245082203363636
"brier",5,40,5,0.97,0.0190141324590909
"brier",5,40,5,0.98,0.0135707415772727
"brier",5,40,5,0.99,0.00769859941818182
"brier",5,40,5,0.995,0.00450445154545455
"brier",5,40,6,0.9,0.0450311555
"brier",5,40,6,0.91,0.0414274852636364
"brier",5,40,6,0.92,0.0392668841318182
"brier",5,40,6,0.93,0.03425285125
"brier",5,40,6,0.94,0.0287943345818182
"brier",5,40,6,0.95,0.0255459096681818
"brier",5,40,6,0.96,0.0237707005227273
"brier",5,40,6,0.97,0.0186038445636364
"brier",5,40,6,0.98,0.0122015856318182
"brier",5,40,6,0.99,0.00772814466363636
"brier",5,40,6,0.995,0.00449940908181818
"brier",5,40,7,0.9,0.0472817442181818
"brier",5,40,7,0.91,0.0470399739909091
"brier",5,40,7,0.92,0.0437702326227273
"brier",5,40,7,0.93,0.0406700584363636
"brier",5,40,7,0.94,0.0343021286227273
"brier",5,40,7,0.95,0.0295966852454545
"brier",5,40,7,0.96,0.0224031416954545
"brier",5,40,7,0.97,0.0168904391681818
"brier",5,40,7,0.98,0.0111871896454545
"brier",5,40,7,0.99,0.00637885650909091
"brier",5,40,7,0.995,0.00388692208181818
"brier",5,40,8,0.9,0.0556010294909091
"brier",5,40,8,0.91,0.0493781967090909
"brier",5,40,8,0.92,0.0425928474136364
"brier",5,40,8,0.93,0.0379770136318182
"brier",5,40,8,0.94,0.0317944148363636
"brier",5,40,8,0.95,0.0262138401909091
"brier",5,40,8,0.96,0.0208100114681818
"brier",5,40,8,0.97,0.0187363117545455
"brier",5,40,8,0.98,0.0142566513590909
"brier",5,40,8,0.99,0.00828733560454546
"brier",5,40,8,0.995,0.00565342028636364
"brier",5,40,9,0.9,0.0559403234181818
"brier",5,40,9,0.91,0.0511899165409091
"brier",5,40,9,0.92,0.0460087401090909
"brier",5,40,9,0.93,0.04245294255
"brier",5,40,9,0.94,0.0381181178045455
"brier",5,40,9,0.95,0.0326259051090909
"brier",5,40,9,0.96,0.0270203887454545
"brier",5,40,9,0.97,0.0204876370727273
"brier",5,40,9,0.98,0.0156589612181818
"brier",5,40,9,0.99,0.00805764597727273
"brier",5,40,9,0.995,0.00434685881818182
"brier",5,40,10,0.9,0.0533402830727273
"brier",5,40,10,0.91,0.0511778657590909
"brier",5,40,10,0.92,0.0453280454136364
"brier",5,40,10,0.93,0.0387340010136364
"brier",5,40,10,0.94,0.0333683824227273
"brier",5,40,10,0.95,0.0269215065363636
"brier",5,40,10,0.96,0.0210340681045455
"brier",5,40,10,0.97,0.01532390595
"brier",5,40,10,0.98,0.00948543397727273
"brier",5,40,10,0.99,0.00693630570909091
"brier",5,40,10,0.995,0.00419085883181818
"brier",5,40,11,0.9,NA
"brier",5,40,11,0.91,NA
"brier",5,40,11,0.92,NA
"brier",5,40,11,0.93,NA
"brier",5,40,11,0.94,NA
"brier",5,40,11,0.95,NA
"brier",5,40,11,0.96,NA
"brier",5,40,11,0.97,NA
"brier",5,40,11,0.98,NA
"brier",5,40,11,0.99,NA
"brier",5,40,11,0.995,NA
"brier",5,40,12,0.9,NA
"brier",5,40,12,0.91,NA
"brier",5,40,12,0.92,NA
"brier",5,40,12,0.93,NA
"brier",5,40,12,0.94,NA
"brier",5,40,12,0.95,NA
"brier",5,40,12,0.96,NA
"brier",5,40,12,0.97,NA
"brier",5,40,12,0.98,NA
"brier",5,40,12,0.99,NA
"brier",5,40,12,0.995,NA
"brier",5,40,13,0.9,NA
"brier",5,40,13,0.91,NA
"brier",5,40,13,0.92,NA
"brier",5,40,13,0.93,NA
"brier",5,40,13,0.94,NA
"brier",5,40,13,0.95,NA
"brier",5,40,13,0.96,NA
"brier",5,40,13,0.97,NA
"brier",5,40,13,0.98,NA
"brier",5,40,13,0.99,NA
"brier",5,40,13,0.995,NA
"brier",5,40,14,0.9,NA
"brier",5,40,14,0.91,NA
"brier",5,40,14,0.92,NA
"brier",5,40,14,0.93,NA
"brier",5,40,14,0.94,NA
"brier",5,40,14,0.95,NA
"brier",5,40,14,0.96,NA
"brier",5,40,14,0.97,NA
"brier",5,40,14,0.98,NA
"brier",5,40,14,0.99,NA
"brier",5,40,14,0.995,NA
"brier",5,40,15,0.9,NA
"brier",5,40,15,0.91,NA
"brier",5,40,15,0.92,NA
"brier",5,40,15,0.93,NA
"brier",5,40,15,0.94,NA
"brier",5,40,15,0.95,NA
"brier",5,40,15,0.96,NA
"brier",5,40,15,0.97,NA
"brier",5,40,15,0.98,NA
"brier",5,40,15,0.99,NA
"brier",5,40,15,0.995,NA
"brier",5,40,16,0.9,NA
"brier",5,40,16,0.91,NA
"brier",5,40,16,0.92,NA
"brier",5,40,16,0.93,NA
"brier",5,40,16,0.94,NA
"brier",5,40,16,0.95,NA
"brier",5,40,16,0.96,NA
"brier",5,40,16,0.97,NA
"brier",5,40,16,0.98,NA
"brier",5,40,16,0.99,NA
"brier",5,40,16,0.995,NA
"brier",5,40,17,0.9,NA
"brier",5,40,17,0.91,NA
"brier",5,40,17,0.92,NA
"brier",5,40,17,0.93,NA
"brier",5,40,17,0.94,NA
"brier",5,40,17,0.95,NA
"brier",5,40,17,0.96,NA
"brier",5,40,17,0.97,NA
"brier",5,40,17,0.98,NA
"brier",5,40,17,0.99,NA
"brier",5,40,17,0.995,NA
"brier",5,40,18,0.9,NA
"brier",5,40,18,0.91,NA
"brier",5,40,18,0.92,NA
"brier",5,40,18,0.93,NA
"brier",5,40,18,0.94,NA
"brier",5,40,18,0.95,NA
"brier",5,40,18,0.96,NA
"brier",5,40,18,0.97,NA
"brier",5,40,18,0.98,NA
"brier",5,40,18,0.99,NA
"brier",5,40,18,0.995,NA
"brier",5,40,19,0.9,NA
"brier",5,40,19,0.91,NA
"brier",5,40,19,0.92,NA
"brier",5,40,19,0.93,NA
"brier",5,40,19,0.94,NA
"brier",5,40,19,0.95,NA
"brier",5,40,19,0.96,NA
"brier",5,40,19,0.97,NA
"brier",5,40,19,0.98,NA
"brier",5,40,19,0.99,NA
"brier",5,40,19,0.995,NA
"brier",5,40,20,0.9,NA
"brier",5,40,20,0.91,NA
"brier",5,40,20,0.92,NA
"brier",5,40,20,0.93,NA
"brier",5,40,20,0.94,NA
"brier",5,40,20,0.95,NA
"brier",5,40,20,0.96,NA
"brier",5,40,20,0.97,NA
"brier",5,40,20,0.98,NA
"brier",5,40,20,0.99,NA
"brier",5,40,20,0.995,NA
"brier",5,40,21,0.9,NA
"brier",5,40,21,0.91,NA
"brier",5,40,21,0.92,NA
"brier",5,40,21,0.93,NA
"brier",5,40,21,0.94,NA
"brier",5,40,21,0.95,NA
"brier",5,40,21,0.96,NA
"brier",5,40,21,0.97,NA
"brier",5,40,21,0.98,NA
"brier",5,40,21,0.99,NA
"brier",5,40,21,0.995,NA
"brier",5,40,22,0.9,NA
"brier",5,40,22,0.91,NA
"brier",5,40,22,0.92,NA
"brier",5,40,22,0.93,NA
"brier",5,40,22,0.94,NA
"brier",5,40,22,0.95,NA
"brier",5,40,22,0.96,NA
"brier",5,40,22,0.97,NA
"brier",5,40,22,0.98,NA
"brier",5,40,22,0.99,NA
"brier",5,40,22,0.995,NA
"brier",5,40,23,0.9,NA
"brier",5,40,23,0.91,NA
"brier",5,40,23,0.92,NA
"brier",5,40,23,0.93,NA
"brier",5,40,23,0.94,NA
"brier",5,40,23,0.95,NA
"brier",5,40,23,0.96,NA
"brier",5,40,23,0.97,NA
"brier",5,40,23,0.98,NA
"brier",5,40,23,0.99,NA
"brier",5,40,23,0.995,NA
"brier",5,40,24,0.9,NA
"brier",5,40,24,0.91,NA
"brier",5,40,24,0.92,NA
"brier",5,40,24,0.93,NA
"brier",5,40,24,0.94,NA
"brier",5,40,24,0.95,NA
"brier",5,40,24,0.96,NA
"brier",5,40,24,0.97,NA
"brier",5,40,24,0.98,NA
"brier",5,40,24,0.99,NA
"brier",5,40,24,0.995,NA
"brier",5,40,25,0.9,NA
"brier",5,40,25,0.91,NA
"brier",5,40,25,0.92,NA
"brier",5,40,25,0.93,NA
"brier",5,40,25,0.94,NA
"brier",5,40,25,0.95,NA
"brier",5,40,25,0.96,NA
"brier",5,40,25,0.97,NA
"brier",5,40,25,0.98,NA
"brier",5,40,25,0.99,NA
"brier",5,40,25,0.995,NA
"brier",5,40,26,0.9,NA
"brier",5,40,26,0.91,NA
"brier",5,40,26,0.92,NA
"brier",5,40,26,0.93,NA
"brier",5,40,26,0.94,NA
"brier",5,40,26,0.95,NA
"brier",5,40,26,0.96,NA
"brier",5,40,26,0.97,NA
"brier",5,40,26,0.98,NA
"brier",5,40,26,0.99,NA
"brier",5,40,26,0.995,NA
"brier",5,40,27,0.9,NA
"brier",5,40,27,0.91,NA
"brier",5,40,27,0.92,NA
"brier",5,40,27,0.93,NA
"brier",5,40,27,0.94,NA
"brier",5,40,27,0.95,NA
"brier",5,40,27,0.96,NA
"brier",5,40,27,0.97,NA
"brier",5,40,27,0.98,NA
"brier",5,40,27,0.99,NA
"brier",5,40,27,0.995,NA
"brier",5,40,28,0.9,NA
"brier",5,40,28,0.91,NA
"brier",5,40,28,0.92,NA
"brier",5,40,28,0.93,NA
"brier",5,40,28,0.94,NA
"brier",5,40,28,0.95,NA
"brier",5,40,28,0.96,NA
"brier",5,40,28,0.97,NA
"brier",5,40,28,0.98,NA
"brier",5,40,28,0.99,NA
"brier",5,40,28,0.995,NA
"brier",5,40,29,0.9,NA
"brier",5,40,29,0.91,NA
"brier",5,40,29,0.92,NA
"brier",5,40,29,0.93,NA
"brier",5,40,29,0.94,NA
"brier",5,40,29,0.95,NA
"brier",5,40,29,0.96,NA
"brier",5,40,29,0.97,NA
"brier",5,40,29,0.98,NA
"brier",5,40,29,0.99,NA
"brier",5,40,29,0.995,NA
"brier",5,40,30,0.9,NA
"brier",5,40,30,0.91,NA
"brier",5,40,30,0.92,NA
"brier",5,40,30,0.93,NA
"brier",5,40,30,0.94,NA
"brier",5,40,30,0.95,NA
"brier",5,40,30,0.96,NA
"brier",5,40,30,0.97,NA
"brier",5,40,30,0.98,NA
"brier",5,40,30,0.99,NA
"brier",5,40,30,0.995,NA
"brier",5,40,31,0.9,NA
"brier",5,40,31,0.91,NA
"brier",5,40,31,0.92,NA
"brier",5,40,31,0.93,NA
"brier",5,40,31,0.94,NA
"brier",5,40,31,0.95,NA
"brier",5,40,31,0.96,NA
"brier",5,40,31,0.97,NA
"brier",5,40,31,0.98,NA
"brier",5,40,31,0.99,NA
"brier",5,40,31,0.995,NA
"brier",5,40,32,0.9,NA
"brier",5,40,32,0.91,NA
"brier",5,40,32,0.92,NA
"brier",5,40,32,0.93,NA
"brier",5,40,32,0.94,NA
"brier",5,40,32,0.95,NA
"brier",5,40,32,0.96,NA
"brier",5,40,32,0.97,NA
"brier",5,40,32,0.98,NA
"brier",5,40,32,0.99,NA
"brier",5,40,32,0.995,NA
"brier",5,40,33,0.9,NA
"brier",5,40,33,0.91,NA
"brier",5,40,33,0.92,NA
"brier",5,40,33,0.93,NA
"brier",5,40,33,0.94,NA
"brier",5,40,33,0.95,NA
"brier",5,40,33,0.96,NA
"brier",5,40,33,0.97,NA
"brier",5,40,33,0.98,NA
"brier",5,40,33,0.99,NA
"brier",5,40,33,0.995,NA
"brier",5,40,34,0.9,NA
"brier",5,40,34,0.91,NA
"brier",5,40,34,0.92,NA
"brier",5,40,34,0.93,NA
"brier",5,40,34,0.94,NA
"brier",5,40,34,0.95,NA
"brier",5,40,34,0.96,NA
"brier",5,40,34,0.97,NA
"brier",5,40,34,0.98,NA
"brier",5,40,34,0.99,NA
"brier",5,40,34,0.995,NA
"brier",5,40,35,0.9,NA
"brier",5,40,35,0.91,NA
"brier",5,40,35,0.92,NA
"brier",5,40,35,0.93,NA
"brier",5,40,35,0.94,NA
"brier",5,40,35,0.95,NA
"brier",5,40,35,0.96,NA
"brier",5,40,35,0.97,NA
"brier",5,40,35,0.98,NA
"brier",5,40,35,0.99,NA
"brier",5,40,35,0.995,NA
"brier",5,40,36,0.9,NA
"brier",5,40,36,0.91,NA
"brier",5,40,36,0.92,NA
"brier",5,40,36,0.93,NA
"brier",5,40,36,0.94,NA
"brier",5,40,36,0.95,NA
"brier",5,40,36,0.96,NA
"brier",5,40,36,0.97,NA
"brier",5,40,36,0.98,NA
"brier",5,40,36,0.99,NA
"brier",5,40,36,0.995,NA
"brier",5,40,37,0.9,NA
"brier",5,40,37,0.91,NA
"brier",5,40,37,0.92,NA
"brier",5,40,37,0.93,NA
"brier",5,40,37,0.94,NA
"brier",5,40,37,0.95,NA
"brier",5,40,37,0.96,NA
"brier",5,40,37,0.97,NA
"brier",5,40,37,0.98,NA
"brier",5,40,37,0.99,NA
"brier",5,40,37,0.995,NA
"brier",5,40,38,0.9,NA
"brier",5,40,38,0.91,NA
"brier",5,40,38,0.92,NA
"brier",5,40,38,0.93,NA
"brier",5,40,38,0.94,NA
"brier",5,40,38,0.95,NA
"brier",5,40,38,0.96,NA
"brier",5,40,38,0.97,NA
"brier",5,40,38,0.98,NA
"brier",5,40,38,0.99,NA
"brier",5,40,38,0.995,NA
"brier",5,40,39,0.9,NA
"brier",5,40,39,0.91,NA
"brier",5,40,39,0.92,NA
"brier",5,40,39,0.93,NA
"brier",5,40,39,0.94,NA
"brier",5,40,39,0.95,NA
"brier",5,40,39,0.96,NA
"brier",5,40,39,0.97,NA
"brier",5,40,39,0.98,NA
"brier",5,40,39,0.99,NA
"brier",5,40,39,0.995,NA
"brier",5,40,40,0.9,NA
"brier",5,40,40,0.91,NA
"brier",5,40,40,0.92,NA
"brier",5,40,40,0.93,NA
"brier",5,40,40,0.94,NA
"brier",5,40,40,0.95,NA
"brier",5,40,40,0.96,NA
"brier",5,40,40,0.97,NA
"brier",5,40,40,0.98,NA
"brier",5,40,40,0.99,NA
"brier",5,40,40,0.995,NA
"brier",5,40,41,0.9,NA
"brier",5,40,41,0.91,NA
"brier",5,40,41,0.92,NA
"brier",5,40,41,0.93,NA
"brier",5,40,41,0.94,NA
"brier",5,40,41,0.95,NA
"brier",5,40,41,0.96,NA
"brier",5,40,41,0.97,NA
"brier",5,40,41,0.98,NA
"brier",5,40,41,0.99,NA
"brier",5,40,41,0.995,NA
"brier",5,40,42,0.9,NA
"brier",5,40,42,0.91,NA
"brier",5,40,42,0.92,NA
"brier",5,40,42,0.93,NA
"brier",5,40,42,0.94,NA
"brier",5,40,42,0.95,NA
"brier",5,40,42,0.96,NA
"brier",5,40,42,0.97,NA
"brier",5,40,42,0.98,NA
"brier",5,40,42,0.99,NA
"brier",5,40,42,0.995,NA
"brier",5,40,43,0.9,NA
"brier",5,40,43,0.91,NA
"brier",5,40,43,0.92,NA
"brier",5,40,43,0.93,NA
"brier",5,40,43,0.94,NA
"brier",5,40,43,0.95,NA
"brier",5,40,43,0.96,NA
"brier",5,40,43,0.97,NA
"brier",5,40,43,0.98,NA
"brier",5,40,43,0.99,NA
"brier",5,40,43,0.995,NA
"brier",5,40,44,0.9,NA
"brier",5,40,44,0.91,NA
"brier",5,40,44,0.92,NA
"brier",5,40,44,0.93,NA
"brier",5,40,44,0.94,NA
"brier",5,40,44,0.95,NA
"brier",5,40,44,0.96,NA
"brier",5,40,44,0.97,NA
"brier",5,40,44,0.98,NA
"brier",5,40,44,0.99,NA
"brier",5,40,44,0.995,NA
"brier",5,40,45,0.9,NA
"brier",5,40,45,0.91,NA
"brier",5,40,45,0.92,NA
"brier",5,40,45,0.93,NA
"brier",5,40,45,0.94,NA
"brier",5,40,45,0.95,NA
"brier",5,40,45,0.96,NA
"brier",5,40,45,0.97,NA
"brier",5,40,45,0.98,NA
"brier",5,40,45,0.99,NA
"brier",5,40,45,0.995,NA
"brier",5,40,46,0.9,NA
"brier",5,40,46,0.91,NA
"brier",5,40,46,0.92,NA
"brier",5,40,46,0.93,NA
"brier",5,40,46,0.94,NA
"brier",5,40,46,0.95,NA
"brier",5,40,46,0.96,NA
"brier",5,40,46,0.97,NA
"brier",5,40,46,0.98,NA
"brier",5,40,46,0.99,NA
"brier",5,40,46,0.995,NA
"brier",5,40,47,0.9,NA
"brier",5,40,47,0.91,NA
"brier",5,40,47,0.92,NA
"brier",5,40,47,0.93,NA
"brier",5,40,47,0.94,NA
"brier",5,40,47,0.95,NA
"brier",5,40,47,0.96,NA
"brier",5,40,47,0.97,NA
"brier",5,40,47,0.98,NA
"brier",5,40,47,0.99,NA
"brier",5,40,47,0.995,NA
"brier",5,40,48,0.9,NA
"brier",5,40,48,0.91,NA
"brier",5,40,48,0.92,NA
"brier",5,40,48,0.93,NA
"brier",5,40,48,0.94,NA
"brier",5,40,48,0.95,NA
"brier",5,40,48,0.96,NA
"brier",5,40,48,0.97,NA
"brier",5,40,48,0.98,NA
"brier",5,40,48,0.99,NA
"brier",5,40,48,0.995,NA
"brier",5,40,49,0.9,NA
"brier",5,40,49,0.91,NA
"brier",5,40,49,0.92,NA
"brier",5,40,49,0.93,NA
"brier",5,40,49,0.94,NA
"brier",5,40,49,0.95,NA
"brier",5,40,49,0.96,NA
"brier",5,40,49,0.97,NA
"brier",5,40,49,0.98,NA
"brier",5,40,49,0.99,NA
"brier",5,40,49,0.995,NA
"brier",5,40,50,0.9,NA
"brier",5,40,50,0.91,NA
"brier",5,40,50,0.92,NA
"brier",5,40,50,0.93,NA
"brier",5,40,50,0.94,NA
"brier",5,40,50,0.95,NA
"brier",5,40,50,0.96,NA
"brier",5,40,50,0.97,NA
"brier",5,40,50,0.98,NA
"brier",5,40,50,0.99,NA
"brier",5,40,50,0.995,NA
"quant",1,40,1,0.9,3.64940424661124
"quant",1,40,1,0.91,3.47155649510517
"quant",1,40,1,0.92,3.27969375831079
"quant",1,40,1,0.93,3.07127351726685
"quant",1,40,1,0.94,2.84357673432349
"quant",1,40,1,0.95,2.59284626210986
"quant",1,40,1,0.96,2.32022557377689
"quant",1,40,1,0.97,2.02119598511552
"quant",1,40,1,0.98,1.68341994095214
"quant",1,40,1,0.99,1.27613535048274
"quant",1,40,1,0.995,1.01164387284558
"quant",1,40,2,0.9,1.96096135877582
"quant",1,40,2,0.91,1.82651254873786
"quant",1,40,2,0.92,1.68568671788015
"quant",1,40,2,0.93,1.53850912200878
"quant",1,40,2,0.94,1.38362125963912
"quant",1,40,2,0.95,1.21744857713823
"quant",1,40,2,0.96,1.03920214839088
"quant",1,40,2,0.97,0.848906729787621
"quant",1,40,2,0.98,0.641417143199622
"quant",1,40,2,0.99,0.396201032161088
"quant",1,40,2,0.995,0.245907373909212
"quant",1,40,3,0.9,2.31459339024061
"quant",1,40,3,0.91,2.19168828587647
"quant",1,40,3,0.92,2.06030134652052
"quant",1,40,3,0.93,1.91948759376102
"quant",1,40,3,0.94,1.76929346538021
"quant",1,40,3,0.95,1.6059230566175
"quant",1,40,3,0.96,1.42358708900251
"quant",1,40,3,0.97,1.21903102247794
"quant",1,40,3,0.98,0.986182762697309
"quant",1,40,3,0.99,0.710707947779616
"quant",1,40,3,0.995,0.538238666048235
"quant",1,40,4,0.9,5.41025011684272
"quant",1,40,4,0.91,5.14883632760251
"quant",1,40,4,0.92,4.86823546372263
"quant",1,40,4,0.93,4.56381521986541
"quant",1,40,4,0.94,4.23242821454171
"quant",1,40,4,0.95,3.86548986087116
"quant",1,40,4,0.96,3.45711422099877
"quant",1,40,4,0.97,2.98952166705095
"quant",1,40,4,0.98,2.44142850411235
"quant",1,40,4,0.99,1.7511858098306
"quant",1,40,4,0.995,1.28761043898787
"quant",1,40,5,0.9,2.00558380493193
"quant",1,40,5,0.91,1.8691521743464
"quant",1,40,5,0.92,1.72601046291996
"quant",1,40,5,0.93,1.5732105492117
"quant",1,40,5,0.94,1.41112356152794
"quant",1,40,5,0.95,1.24045534490134
"quant",1,40,5,0.96,1.05808776748481
"quant",1,40,5,0.97,0.863921347283823
"quant",1,40,5,0.98,0.648605716612194
"quant",1,40,5,0.99,0.394886090292239
"quant",1,40,5,0.995,0.241940858641751
"quant",1,40,6,0.9,4.0821288719984
"quant",1,40,6,0.91,3.88632559433291
"quant",1,40,6,0.92,3.67484819693754
"quant",1,40,6,0.93,3.44713873518023
"quant",1,40,6,0.94,3.19851716843448
"quant",1,40,6,0.95,2.92709533135992
"quant",1,40,6,0.96,2.62890868123762
"quant",1,40,6,0.97,2.29256453209555
"quant",1,40,6,0.98,1.89646277996234
"quant",1,40,6,0.99,1.38174027036134
"quant",1,40,6,0.995,1.01765657763471
"quant",1,40,7,0.9,4.36923063022929
"quant",1,40,7,0.91,4.13789981668564
"quant",1,40,7,0.92,3.88868248437345
"quant",1,40,7,0.93,3.6222538346572
"quant",1,40,7,0.94,3.33496501218932
"quant",1,40,7,0.95,3.0222137477604
"quant",1,40,7,0.96,2.68457788027944
"quant",1,40,7,0.97,2.31033950013393
"quant",1,40,7,0.98,1.89181351184574
"quant",1,40,7,0.99,1.39790489286885
"quant",1,40,7,0.995,1.08340380343483
"quant",1,40,8,0.9,1.86710673200849
"quant",1,40,8,0.91,1.76167838003432
"quant",1,40,8,0.92,1.64944911270348
"quant",1,40,8,0.93,1.5280692668556
"quant",1,40,8,0.94,1.39712106488025
"quant",1,40,8,0.95,1.25729405025569
"quant",1,40,8,0.96,1.10494214193233
"quant",1,40,8,0.97,0.934941256152002
"quant",1,40,8,0.98,0.741958491821869
"quant",1,40,8,0.99,0.502814404833115
"quant",1,40,8,0.995,0.344692150086655
"quant",1,40,9,0.9,2.3549052410159
"quant",1,40,9,0.91,2.21768364796538
"quant",1,40,9,0.92,2.07018438221412
"quant",1,40,9,0.93,1.91100771194034
"quant",1,40,9,0.94,1.739540300409
"quant",1,40,9,0.95,1.55142923429102
"quant",1,40,9,0.96,1.34290087645121
"quant",1,40,9,0.97,1.10989580102705
"quant",1,40,9,0.98,0.842339049463267
"quant",1,40,9,0.99,0.524531331672217
"quant",1,40,9,0.995,0.330587557758378
"quant",1,40,10,0.9,3.69017467557059
"quant",1,40,10,0.91,3.49868755382023
"quant",1,40,10,0.92,3.2933808833849
"quant",1,40,10,0.93,3.07520758433903
"quant",1,40,10,0.94,2.84353299544547
"quant",1,40,10,0.95,2.59431432486017
"quant",1,40,10,0.96,2.32243462758279
"quant",1,40,10,0.97,2.02428820994693
"quant",1,40,10,0.98,1.68703456618689
"quant",1,40,10,0.99,1.28790873264286
"quant",1,40,10,0.995,1.02975294214002
"quant",1,40,11,0.9,NA
"quant",1,40,11,0.91,NA
"quant",1,40,11,0.92,NA
"quant",1,40,11,0.93,NA
"quant",1,40,11,0.94,NA
"quant",1,40,11,0.95,NA
"quant",1,40,11,0.96,NA
"quant",1,40,11,0.97,NA
"quant",1,40,11,0.98,NA
"quant",1,40,11,0.99,NA
"quant",1,40,11,0.995,NA
"quant",1,40,12,0.9,NA
"quant",1,40,12,0.91,NA
"quant",1,40,12,0.92,NA
"quant",1,40,12,0.93,NA
"quant",1,40,12,0.94,NA
"quant",1,40,12,0.95,NA
"quant",1,40,12,0.96,NA
"quant",1,40,12,0.97,NA
"quant",1,40,12,0.98,NA
"quant",1,40,12,0.99,NA
"quant",1,40,12,0.995,NA
"quant",1,40,13,0.9,NA
"quant",1,40,13,0.91,NA
"quant",1,40,13,0.92,NA
"quant",1,40,13,0.93,NA
"quant",1,40,13,0.94,NA
"quant",1,40,13,0.95,NA
"quant",1,40,13,0.96,NA
"quant",1,40,13,0.97,NA
"quant",1,40,13,0.98,NA
"quant",1,40,13,0.99,NA
"quant",1,40,13,0.995,NA
"quant",1,40,14,0.9,NA
"quant",1,40,14,0.91,NA
"quant",1,40,14,0.92,NA
"quant",1,40,14,0.93,NA
"quant",1,40,14,0.94,NA
"quant",1,40,14,0.95,NA
"quant",1,40,14,0.96,NA
"quant",1,40,14,0.97,NA
"quant",1,40,14,0.98,NA
"quant",1,40,14,0.99,NA
"quant",1,40,14,0.995,NA
"quant",1,40,15,0.9,NA
"quant",1,40,15,0.91,NA
"quant",1,40,15,0.92,NA
"quant",1,40,15,0.93,NA
"quant",1,40,15,0.94,NA
"quant",1,40,15,0.95,NA
"quant",1,40,15,0.96,NA
"quant",1,40,15,0.97,NA
"quant",1,40,15,0.98,NA
"quant",1,40,15,0.99,NA
"quant",1,40,15,0.995,NA
"quant",1,40,16,0.9,NA
"quant",1,40,16,0.91,NA
"quant",1,40,16,0.92,NA
"quant",1,40,16,0.93,NA
"quant",1,40,16,0.94,NA
"quant",1,40,16,0.95,NA
"quant",1,40,16,0.96,NA
"quant",1,40,16,0.97,NA
"quant",1,40,16,0.98,NA
"quant",1,40,16,0.99,NA
"quant",1,40,16,0.995,NA
"quant",1,40,17,0.9,NA
"quant",1,40,17,0.91,NA
"quant",1,40,17,0.92,NA
"quant",1,40,17,0.93,NA
"quant",1,40,17,0.94,NA
"quant",1,40,17,0.95,NA
"quant",1,40,17,0.96,NA
"quant",1,40,17,0.97,NA
"quant",1,40,17,0.98,NA
"quant",1,40,17,0.99,NA
"quant",1,40,17,0.995,NA
"quant",1,40,18,0.9,NA
"quant",1,40,18,0.91,NA
"quant",1,40,18,0.92,NA
"quant",1,40,18,0.93,NA
"quant",1,40,18,0.94,NA
"quant",1,40,18,0.95,NA
"quant",1,40,18,0.96,NA
"quant",1,40,18,0.97,NA
"quant",1,40,18,0.98,NA
"quant",1,40,18,0.99,NA
"quant",1,40,18,0.995,NA
"quant",1,40,19,0.9,NA
"quant",1,40,19,0.91,NA
"quant",1,40,19,0.92,NA
"quant",1,40,19,0.93,NA
"quant",1,40,19,0.94,NA
"quant",1,40,19,0.95,NA
"quant",1,40,19,0.96,NA
"quant",1,40,19,0.97,NA
"quant",1,40,19,0.98,NA
"quant",1,40,19,0.99,NA
"quant",1,40,19,0.995,NA
"quant",1,40,20,0.9,NA
"quant",1,40,20,0.91,NA
"quant",1,40,20,0.92,NA
"quant",1,40,20,0.93,NA
"quant",1,40,20,0.94,NA
"quant",1,40,20,0.95,NA
"quant",1,40,20,0.96,NA
"quant",1,40,20,0.97,NA
"quant",1,40,20,0.98,NA
"quant",1,40,20,0.99,NA
"quant",1,40,20,0.995,NA
"quant",1,40,21,0.9,NA
"quant",1,40,21,0.91,NA
"quant",1,40,21,0.92,NA
"quant",1,40,21,0.93,NA
"quant",1,40,21,0.94,NA
"quant",1,40,21,0.95,NA
"quant",1,40,21,0.96,NA
"quant",1,40,21,0.97,NA
"quant",1,40,21,0.98,NA
"quant",1,40,21,0.99,NA
"quant",1,40,21,0.995,NA
"quant",1,40,22,0.9,NA
"quant",1,40,22,0.91,NA
"quant",1,40,22,0.92,NA
"quant",1,40,22,0.93,NA
"quant",1,40,22,0.94,NA
"quant",1,40,22,0.95,NA
"quant",1,40,22,0.96,NA
"quant",1,40,22,0.97,NA
"quant",1,40,22,0.98,NA
"quant",1,40,22,0.99,NA
"quant",1,40,22,0.995,NA
"quant",1,40,23,0.9,NA
"quant",1,40,23,0.91,NA
"quant",1,40,23,0.92,NA
"quant",1,40,23,0.93,NA
"quant",1,40,23,0.94,NA
"quant",1,40,23,0.95,NA
"quant",1,40,23,0.96,NA
"quant",1,40,23,0.97,NA
"quant",1,40,23,0.98,NA
"quant",1,40,23,0.99,NA
"quant",1,40,23,0.995,NA
"quant",1,40,24,0.9,NA
"quant",1,40,24,0.91,NA
"quant",1,40,24,0.92,NA
"quant",1,40,24,0.93,NA
"quant",1,40,24,0.94,NA
"quant",1,40,24,0.95,NA
"quant",1,40,24,0.96,NA
"quant",1,40,24,0.97,NA
"quant",1,40,24,0.98,NA
"quant",1,40,24,0.99,NA
"quant",1,40,24,0.995,NA
"quant",1,40,25,0.9,NA
"quant",1,40,25,0.91,NA
"quant",1,40,25,0.92,NA
"quant",1,40,25,0.93,NA
"quant",1,40,25,0.94,NA
"quant",1,40,25,0.95,NA
"quant",1,40,25,0.96,NA
"quant",1,40,25,0.97,NA
"quant",1,40,25,0.98,NA
"quant",1,40,25,0.99,NA
"quant",1,40,25,0.995,NA
"quant",1,40,26,0.9,NA
"quant",1,40,26,0.91,NA
"quant",1,40,26,0.92,NA
"quant",1,40,26,0.93,NA
"quant",1,40,26,0.94,NA
"quant",1,40,26,0.95,NA
"quant",1,40,26,0.96,NA
"quant",1,40,26,0.97,NA
"quant",1,40,26,0.98,NA
"quant",1,40,26,0.99,NA
"quant",1,40,26,0.995,NA
"quant",1,40,27,0.9,NA
"quant",1,40,27,0.91,NA
"quant",1,40,27,0.92,NA
"quant",1,40,27,0.93,NA
"quant",1,40,27,0.94,NA
"quant",1,40,27,0.95,NA
"quant",1,40,27,0.96,NA
"quant",1,40,27,0.97,NA
"quant",1,40,27,0.98,NA
"quant",1,40,27,0.99,NA
"quant",1,40,27,0.995,NA
"quant",1,40,28,0.9,NA
"quant",1,40,28,0.91,NA
"quant",1,40,28,0.92,NA
"quant",1,40,28,0.93,NA
"quant",1,40,28,0.94,NA
"quant",1,40,28,0.95,NA
"quant",1,40,28,0.96,NA
"quant",1,40,28,0.97,NA
"quant",1,40,28,0.98,NA
"quant",1,40,28,0.99,NA
"quant",1,40,28,0.995,NA
"quant",1,40,29,0.9,NA
"quant",1,40,29,0.91,NA
"quant",1,40,29,0.92,NA
"quant",1,40,29,0.93,NA
"quant",1,40,29,0.94,NA
"quant",1,40,29,0.95,NA
"quant",1,40,29,0.96,NA
"quant",1,40,29,0.97,NA
"quant",1,40,29,0.98,NA
"quant",1,40,29,0.99,NA
"quant",1,40,29,0.995,NA
"quant",1,40,30,0.9,NA
"quant",1,40,30,0.91,NA
"quant",1,40,30,0.92,NA
"quant",1,40,30,0.93,NA
"quant",1,40,30,0.94,NA
"quant",1,40,30,0.95,NA
"quant",1,40,30,0.96,NA
"quant",1,40,30,0.97,NA
"quant",1,40,30,0.98,NA
"quant",1,40,30,0.99,NA
"quant",1,40,30,0.995,NA
"quant",1,40,31,0.9,NA
"quant",1,40,31,0.91,NA
"quant",1,40,31,0.92,NA
"quant",1,40,31,0.93,NA
"quant",1,40,31,0.94,NA
"quant",1,40,31,0.95,NA
"quant",1,40,31,0.96,NA
"quant",1,40,31,0.97,NA
"quant",1,40,31,0.98,NA
"quant",1,40,31,0.99,NA
"quant",1,40,31,0.995,NA
"quant",1,40,32,0.9,NA
"quant",1,40,32,0.91,NA
"quant",1,40,32,0.92,NA
"quant",1,40,32,0.93,NA
"quant",1,40,32,0.94,NA
"quant",1,40,32,0.95,NA
"quant",1,40,32,0.96,NA
"quant",1,40,32,0.97,NA
"quant",1,40,32,0.98,NA
"quant",1,40,32,0.99,NA
"quant",1,40,32,0.995,NA
"quant",1,40,33,0.9,NA
"quant",1,40,33,0.91,NA
"quant",1,40,33,0.92,NA
"quant",1,40,33,0.93,NA
"quant",1,40,33,0.94,NA
"quant",1,40,33,0.95,NA
"quant",1,40,33,0.96,NA
"quant",1,40,33,0.97,NA
"quant",1,40,33,0.98,NA
"quant",1,40,33,0.99,NA
"quant",1,40,33,0.995,NA
"quant",1,40,34,0.9,NA
"quant",1,40,34,0.91,NA
"quant",1,40,34,0.92,NA
"quant",1,40,34,0.93,NA
"quant",1,40,34,0.94,NA
"quant",1,40,34,0.95,NA
"quant",1,40,34,0.96,NA
"quant",1,40,34,0.97,NA
"quant",1,40,34,0.98,NA
"quant",1,40,34,0.99,NA
"quant",1,40,34,0.995,NA
"quant",1,40,35,0.9,NA
"quant",1,40,35,0.91,NA
"quant",1,40,35,0.92,NA
"quant",1,40,35,0.93,NA
"quant",1,40,35,0.94,NA
"quant",1,40,35,0.95,NA
"quant",1,40,35,0.96,NA
"quant",1,40,35,0.97,NA
"quant",1,40,35,0.98,NA
"quant",1,40,35,0.99,NA
"quant",1,40,35,0.995,NA
"quant",1,40,36,0.9,NA
"quant",1,40,36,0.91,NA
"quant",1,40,36,0.92,NA
"quant",1,40,36,0.93,NA
"quant",1,40,36,0.94,NA
"quant",1,40,36,0.95,NA
"quant",1,40,36,0.96,NA
"quant",1,40,36,0.97,NA
"quant",1,40,36,0.98,NA
"quant",1,40,36,0.99,NA
"quant",1,40,36,0.995,NA
"quant",1,40,37,0.9,NA
"quant",1,40,37,0.91,NA
"quant",1,40,37,0.92,NA
"quant",1,40,37,0.93,NA
"quant",1,40,37,0.94,NA
"quant",1,40,37,0.95,NA
"quant",1,40,37,0.96,NA
"quant",1,40,37,0.97,NA
"quant",1,40,37,0.98,NA
"quant",1,40,37,0.99,NA
"quant",1,40,37,0.995,NA
"quant",1,40,38,0.9,NA
"quant",1,40,38,0.91,NA
"quant",1,40,38,0.92,NA
"quant",1,40,38,0.93,NA
"quant",1,40,38,0.94,NA
"quant",1,40,38,0.95,NA
"quant",1,40,38,0.96,NA
"quant",1,40,38,0.97,NA
"quant",1,40,38,0.98,NA
"quant",1,40,38,0.99,NA
"quant",1,40,38,0.995,NA
"quant",1,40,39,0.9,NA
"quant",1,40,39,0.91,NA
"quant",1,40,39,0.92,NA
"quant",1,40,39,0.93,NA
"quant",1,40,39,0.94,NA
"quant",1,40,39,0.95,NA
"quant",1,40,39,0.96,NA
"quant",1,40,39,0.97,NA
"quant",1,40,39,0.98,NA
"quant",1,40,39,0.99,NA
"quant",1,40,39,0.995,NA
"quant",1,40,40,0.9,NA
"quant",1,40,40,0.91,NA
"quant",1,40,40,0.92,NA
"quant",1,40,40,0.93,NA
"quant",1,40,40,0.94,NA
"quant",1,40,40,0.95,NA
"quant",1,40,40,0.96,NA
"quant",1,40,40,0.97,NA
"quant",1,40,40,0.98,NA
"quant",1,40,40,0.99,NA
"quant",1,40,40,0.995,NA
"quant",1,40,41,0.9,NA
"quant",1,40,41,0.91,NA
"quant",1,40,41,0.92,NA
"quant",1,40,41,0.93,NA
"quant",1,40,41,0.94,NA
"quant",1,40,41,0.95,NA
"quant",1,40,41,0.96,NA
"quant",1,40,41,0.97,NA
"quant",1,40,41,0.98,NA
"quant",1,40,41,0.99,NA
"quant",1,40,41,0.995,NA
"quant",1,40,42,0.9,NA
"quant",1,40,42,0.91,NA
"quant",1,40,42,0.92,NA
"quant",1,40,42,0.93,NA
"quant",1,40,42,0.94,NA
"quant",1,40,42,0.95,NA
"quant",1,40,42,0.96,NA
"quant",1,40,42,0.97,NA
"quant",1,40,42,0.98,NA
"quant",1,40,42,0.99,NA
"quant",1,40,42,0.995,NA
"quant",1,40,43,0.9,NA
"quant",1,40,43,0.91,NA
"quant",1,40,43,0.92,NA
"quant",1,40,43,0.93,NA
"quant",1,40,43,0.94,NA
"quant",1,40,43,0.95,NA
"quant",1,40,43,0.96,NA
"quant",1,40,43,0.97,NA
"quant",1,40,43,0.98,NA
"quant",1,40,43,0.99,NA
"quant",1,40,43,0.995,NA
"quant",1,40,44,0.9,NA
"quant",1,40,44,0.91,NA
"quant",1,40,44,0.92,NA
"quant",1,40,44,0.93,NA
"quant",1,40,44,0.94,NA
"quant",1,40,44,0.95,NA
"quant",1,40,44,0.96,NA
"quant",1,40,44,0.97,NA
"quant",1,40,44,0.98,NA
"quant",1,40,44,0.99,NA
"quant",1,40,44,0.995,NA
"quant",1,40,45,0.9,NA
"quant",1,40,45,0.91,NA
"quant",1,40,45,0.92,NA
"quant",1,40,45,0.93,NA
"quant",1,40,45,0.94,NA
"quant",1,40,45,0.95,NA
"quant",1,40,45,0.96,NA
"quant",1,40,45,0.97,NA
"quant",1,40,45,0.98,NA
"quant",1,40,45,0.99,NA
"quant",1,40,45,0.995,NA
"quant",1,40,46,0.9,NA
"quant",1,40,46,0.91,NA
"quant",1,40,46,0.92,NA
"quant",1,40,46,0.93,NA
"quant",1,40,46,0.94,NA
"quant",1,40,46,0.95,NA
"quant",1,40,46,0.96,NA
"quant",1,40,46,0.97,NA
"quant",1,40,46,0.98,NA
"quant",1,40,46,0.99,NA
"quant",1,40,46,0.995,NA
"quant",1,40,47,0.9,NA
"quant",1,40,47,0.91,NA
"quant",1,40,47,0.92,NA
"quant",1,40,47,0.93,NA
"quant",1,40,47,0.94,NA
"quant",1,40,47,0.95,NA
"quant",1,40,47,0.96,NA
"quant",1,40,47,0.97,NA
"quant",1,40,47,0.98,NA
"quant",1,40,47,0.99,NA
"quant",1,40,47,0.995,NA
"quant",1,40,48,0.9,NA
"quant",1,40,48,0.91,NA
"quant",1,40,48,0.92,NA
"quant",1,40,48,0.93,NA
"quant",1,40,48,0.94,NA
"quant",1,40,48,0.95,NA
"quant",1,40,48,0.96,NA
"quant",1,40,48,0.97,NA
"quant",1,40,48,0.98,NA
"quant",1,40,48,0.99,NA
"quant",1,40,48,0.995,NA
"quant",1,40,49,0.9,NA
"quant",1,40,49,0.91,NA
"quant",1,40,49,0.92,NA
"quant",1,40,49,0.93,NA
"quant",1,40,49,0.94,NA
"quant",1,40,49,0.95,NA
"quant",1,40,49,0.96,NA
"quant",1,40,49,0.97,NA
"quant",1,40,49,0.98,NA
"quant",1,40,49,0.99,NA
"quant",1,40,49,0.995,NA
"quant",1,40,50,0.9,NA
"quant",1,40,50,0.91,NA
"quant",1,40,50,0.92,NA
"quant",1,40,50,0.93,NA
"quant",1,40,50,0.94,NA
"quant",1,40,50,0.95,NA
"quant",1,40,50,0.96,NA
"quant",1,40,50,0.97,NA
"quant",1,40,50,0.98,NA
"quant",1,40,50,0.99,NA
"quant",1,40,50,0.995,NA
"quant",2,40,1,0.9,3.59249641223968
"quant",2,40,1,0.91,3.42819850089414
"quant",2,40,1,0.92,3.25333032458406
"quant",2,40,1,0.93,3.06294151396173
"quant",2,40,1,0.94,2.84988848826357
"quant",2,40,1,0.95,2.61052666583284
"quant",2,40,1,0.96,2.33698322631537
"quant",2,40,1,0.97,2.02283965974704
"quant",2,40,1,0.98,1.66667976219254
"quant",2,40,1,0.99,1.24671726456877
"quant",2,40,1,0.995,0.803506853505278
"quant",2,40,2,0.9,1.94953182556444
"quant",2,40,2,0.91,1.81452441286757
"quant",2,40,2,0.92,1.67322275420296
"quant",2,40,2,0.93,1.52505614509119
"quant",2,40,2,0.94,1.37081162290799
"quant",2,40,2,0.95,1.20738379772553
"quant",2,40,2,0.96,1.03054295908921
"quant",2,40,2,0.97,0.834780570985613
"quant",2,40,2,0.98,0.607342766761174
"quant",2,40,2,0.99,0.344226461424828
"quant",2,40,2,0.995,0.193021859711776
"quant",2,40,3,0.9,2.26538188370292
"quant",2,40,3,0.91,2.14689967470132
"quant",2,40,3,0.92,2.02089115746105
"quant",2,40,3,0.93,1.88736014443271
"quant",2,40,3,0.94,1.74547238434127
"quant",2,40,3,0.95,1.59277637104135
"quant",2,40,3,0.96,1.42377441859738
"quant",2,40,3,0.97,1.23363585126146
"quant",2,40,3,0.98,1.01132305560487
"quant",2,40,3,0.99,0.730343095874683
"quant",2,40,3,0.995,0.464047570348997
"quant",2,40,4,0.9,5.3039637984761
"quant",2,40,4,0.91,5.09109461033877
"quant",2,40,4,0.92,4.84155771718492
"quant",2,40,4,0.93,4.55754010396285
"quant",2,40,4,0.94,4.22211567527087
"quant",2,40,4,0.95,3.78130480927805
"quant",2,40,4,0.96,3.25654774978788
"quant",2,40,4,0.97,2.64627005904482
"quant",2,40,4,0.98,1.973566074684
"quant",2,40,4,0.99,1.15831970356811
"quant",2,40,4,0.995,0.641633487570527
"quant",2,40,5,0.9,2.00806092353278
"quant",2,40,5,0.91,1.86986085037396
"quant",2,40,5,0.92,1.72361121364432
"quant",2,40,5,0.93,1.5695637029213
"quant",2,40,5,0.94,1.40639005001373
"quant",2,40,5,0.95,1.23213577772533
"quant",2,40,5,0.96,1.04924841389927
"quant",2,40,5,0.97,0.843233157295874
"quant",2,40,5,0.98,0.614815463638862
"quant",2,40,5,0.99,0.354760672757223
"quant",2,40,5,0.995,0.206104112739009
"quant",2,40,6,0.9,4.03555556229619
"quant",2,40,6,0.91,3.86412348569669
"quant",2,40,6,0.92,3.66506399012834
"quant",2,40,6,0.93,3.43880282332485
"quant",2,40,6,0.94,3.18254353786156
"quant",2,40,6,0.95,2.87178815046429
"quant",2,40,6,0.96,2.46823193727977
"quant",2,40,6,0.97,1.9964969808951
"quant",2,40,6,0.98,1.45768227277429
"quant",2,40,6,0.99,0.821422457439676
"quant",2,40,6,0.995,0.443623816847553
"quant",2,40,7,0.9,4.36686491739228
"quant",2,40,7,0.91,4.14947671585761
"quant",2,40,7,0.92,3.90112718388026
"quant",2,40,7,0.93,3.62482440181948
"quant",2,40,7,0.94,3.32553573812117
"quant",2,40,7,0.95,3.00000329249248
"quant",2,40,7,0.96,2.64499638023772
"quant",2,40,7,0.97,2.25192898605738
"quant",2,40,7,0.98,1.8039436547111
"quant",2,40,7,0.99,1.25550022595505
"quant",2,40,7,0.995,0.73323690890188
"quant",2,40,8,0.9,1.85734590969279
"quant",2,40,8,0.91,1.75238128328008
"quant",2,40,8,0.92,1.64221941073788
"quant",2,40,8,0.93,1.52484980326469
"quant",2,40,8,0.94,1.4001115819571
"quant",2,40,8,0.95,1.25924684314261
"quant",2,40,8,0.96,1.09862835905582
"quant",2,40,8,0.97,0.905283684024415
"quant",2,40,8,0.98,0.671477119364128
"quant",2,40,8,0.99,0.384184272516745
"quant",2,40,8,0.995,0.208235436618662
"quant",2,40,9,0.9,2.3517273861162
"quant",2,40,9,0.91,2.21657467105377
"quant",2,40,9,0.92,2.06628438681119
"quant",2,40,9,0.93,1.89625182797368
"quant",2,40,9,0.94,1.70426539681658
"quant",2,40,9,0.95,1.49481025753312
"quant",2,40,9,0.96,1.26303085331497
"quant",2,40,9,0.97,1.01085964026443
"quant",2,40,9,0.98,0.729675275293183
"quant",2,40,9,0.99,0.404335400543492
"quant",2,40,9,0.995,0.220715701097594
"quant",2,40,10,0.9,3.64311748521099
"quant",2,40,10,0.91,3.4621416834822
"quant",2,40,10,0.92,3.26732513601229
"quant",2,40,10,0.93,3.05494819780356
"quant",2,40,10,0.94,2.82986080240605
"quant",2,40,10,0.95,2.58966394669084
"quant",2,40,10,0.96,2.32830332338311
"quant",2,40,10,0.97,2.03857329535931
"quant",2,40,10,0.98,1.71306367710885
"quant",2,40,10,0.99,1.32714206898654
"quant",2,40,10,0.995,0.85015284125383
"quant",2,40,11,0.9,NA
"quant",2,40,11,0.91,NA
"quant",2,40,11,0.92,NA
"quant",2,40,11,0.93,NA
"quant",2,40,11,0.94,NA
"quant",2,40,11,0.95,NA
"quant",2,40,11,0.96,NA
"quant",2,40,11,0.97,NA
"quant",2,40,11,0.98,NA
"quant",2,40,11,0.99,NA
"quant",2,40,11,0.995,NA
"quant",2,40,12,0.9,NA
"quant",2,40,12,0.91,NA
"quant",2,40,12,0.92,NA
"quant",2,40,12,0.93,NA
"quant",2,40,12,0.94,NA
"quant",2,40,12,0.95,NA
"quant",2,40,12,0.96,NA
"quant",2,40,12,0.97,NA
"quant",2,40,12,0.98,NA
"quant",2,40,12,0.99,NA
"quant",2,40,12,0.995,NA
"quant",2,40,13,0.9,NA
"quant",2,40,13,0.91,NA
"quant",2,40,13,0.92,NA
"quant",2,40,13,0.93,NA
"quant",2,40,13,0.94,NA
"quant",2,40,13,0.95,NA
"quant",2,40,13,0.96,NA
"quant",2,40,13,0.97,NA
"quant",2,40,13,0.98,NA
"quant",2,40,13,0.99,NA
"quant",2,40,13,0.995,NA
"quant",2,40,14,0.9,NA
"quant",2,40,14,0.91,NA
"quant",2,40,14,0.92,NA
"quant",2,40,14,0.93,NA
"quant",2,40,14,0.94,NA
"quant",2,40,14,0.95,NA
"quant",2,40,14,0.96,NA
"quant",2,40,14,0.97,NA
"quant",2,40,14,0.98,NA
"quant",2,40,14,0.99,NA
"quant",2,40,14,0.995,NA
"quant",2,40,15,0.9,NA
"quant",2,40,15,0.91,NA
"quant",2,40,15,0.92,NA
"quant",2,40,15,0.93,NA
"quant",2,40,15,0.94,NA
"quant",2,40,15,0.95,NA
"quant",2,40,15,0.96,NA
"quant",2,40,15,0.97,NA
"quant",2,40,15,0.98,NA
"quant",2,40,15,0.99,NA
"quant",2,40,15,0.995,NA
"quant",2,40,16,0.9,NA
"quant",2,40,16,0.91,NA
"quant",2,40,16,0.92,NA
"quant",2,40,16,0.93,NA
"quant",2,40,16,0.94,NA
"quant",2,40,16,0.95,NA
"quant",2,40,16,0.96,NA
"quant",2,40,16,0.97,NA
"quant",2,40,16,0.98,NA
"quant",2,40,16,0.99,NA
"quant",2,40,16,0.995,NA
"quant",2,40,17,0.9,NA
"quant",2,40,17,0.91,NA
"quant",2,40,17,0.92,NA
"quant",2,40,17,0.93,NA
"quant",2,40,17,0.94,NA
"quant",2,40,17,0.95,NA
"quant",2,40,17,0.96,NA
"quant",2,40,17,0.97,NA
"quant",2,40,17,0.98,NA
"quant",2,40,17,0.99,NA
"quant",2,40,17,0.995,NA
"quant",2,40,18,0.9,NA
"quant",2,40,18,0.91,NA
"quant",2,40,18,0.92,NA
"quant",2,40,18,0.93,NA
"quant",2,40,18,0.94,NA
"quant",2,40,18,0.95,NA
"quant",2,40,18,0.96,NA
"quant",2,40,18,0.97,NA
"quant",2,40,18,0.98,NA
"quant",2,40,18,0.99,NA
"quant",2,40,18,0.995,NA
"quant",2,40,19,0.9,NA
"quant",2,40,19,0.91,NA
"quant",2,40,19,0.92,NA
"quant",2,40,19,0.93,NA
"quant",2,40,19,0.94,NA
"quant",2,40,19,0.95,NA
"quant",2,40,19,0.96,NA
"quant",2,40,19,0.97,NA
"quant",2,40,19,0.98,NA
"quant",2,40,19,0.99,NA
"quant",2,40,19,0.995,NA
"quant",2,40,20,0.9,NA
"quant",2,40,20,0.91,NA
"quant",2,40,20,0.92,NA
"quant",2,40,20,0.93,NA
"quant",2,40,20,0.94,NA
"quant",2,40,20,0.95,NA
"quant",2,40,20,0.96,NA
"quant",2,40,20,0.97,NA
"quant",2,40,20,0.98,NA
"quant",2,40,20,0.99,NA
"quant",2,40,20,0.995,NA
"quant",2,40,21,0.9,NA
"quant",2,40,21,0.91,NA
"quant",2,40,21,0.92,NA
"quant",2,40,21,0.93,NA
"quant",2,40,21,0.94,NA
"quant",2,40,21,0.95,NA
"quant",2,40,21,0.96,NA
"quant",2,40,21,0.97,NA
"quant",2,40,21,0.98,NA
"quant",2,40,21,0.99,NA
"quant",2,40,21,0.995,NA
"quant",2,40,22,0.9,NA
"quant",2,40,22,0.91,NA
"quant",2,40,22,0.92,NA
"quant",2,40,22,0.93,NA
"quant",2,40,22,0.94,NA
"quant",2,40,22,0.95,NA
"quant",2,40,22,0.96,NA
"quant",2,40,22,0.97,NA
"quant",2,40,22,0.98,NA
"quant",2,40,22,0.99,NA
"quant",2,40,22,0.995,NA
"quant",2,40,23,0.9,NA
"quant",2,40,23,0.91,NA
"quant",2,40,23,0.92,NA
"quant",2,40,23,0.93,NA
"quant",2,40,23,0.94,NA
"quant",2,40,23,0.95,NA
"quant",2,40,23,0.96,NA
"quant",2,40,23,0.97,NA
"quant",2,40,23,0.98,NA
"quant",2,40,23,0.99,NA
"quant",2,40,23,0.995,NA
"quant",2,40,24,0.9,NA
"quant",2,40,24,0.91,NA
"quant",2,40,24,0.92,NA
"quant",2,40,24,0.93,NA
"quant",2,40,24,0.94,NA
"quant",2,40,24,0.95,NA
"quant",2,40,24,0.96,NA
"quant",2,40,24,0.97,NA
"quant",2,40,24,0.98,NA
"quant",2,40,24,0.99,NA
"quant",2,40,24,0.995,NA
"quant",2,40,25,0.9,NA
"quant",2,40,25,0.91,NA
"quant",2,40,25,0.92,NA
"quant",2,40,25,0.93,NA
"quant",2,40,25,0.94,NA
"quant",2,40,25,0.95,NA
"quant",2,40,25,0.96,NA
"quant",2,40,25,0.97,NA
"quant",2,40,25,0.98,NA
"quant",2,40,25,0.99,NA
"quant",2,40,25,0.995,NA
"quant",2,40,26,0.9,NA
"quant",2,40,26,0.91,NA
"quant",2,40,26,0.92,NA
"quant",2,40,26,0.93,NA
"quant",2,40,26,0.94,NA
"quant",2,40,26,0.95,NA
"quant",2,40,26,0.96,NA
"quant",2,40,26,0.97,NA
"quant",2,40,26,0.98,NA
"quant",2,40,26,0.99,NA
"quant",2,40,26,0.995,NA
"quant",2,40,27,0.9,NA
"quant",2,40,27,0.91,NA
"quant",2,40,27,0.92,NA
"quant",2,40,27,0.93,NA
"quant",2,40,27,0.94,NA
"quant",2,40,27,0.95,NA
"quant",2,40,27,0.96,NA
"quant",2,40,27,0.97,NA
"quant",2,40,27,0.98,NA
"quant",2,40,27,0.99,NA
"quant",2,40,27,0.995,NA
"quant",2,40,28,0.9,NA
"quant",2,40,28,0.91,NA
"quant",2,40,28,0.92,NA
"quant",2,40,28,0.93,NA
"quant",2,40,28,0.94,NA
"quant",2,40,28,0.95,NA
"quant",2,40,28,0.96,NA
"quant",2,40,28,0.97,NA
"quant",2,40,28,0.98,NA
"quant",2,40,28,0.99,NA
"quant",2,40,28,0.995,NA
"quant",2,40,29,0.9,NA
"quant",2,40,29,0.91,NA
"quant",2,40,29,0.92,NA
"quant",2,40,29,0.93,NA
"quant",2,40,29,0.94,NA
"quant",2,40,29,0.95,NA
"quant",2,40,29,0.96,NA
"quant",2,40,29,0.97,NA
"quant",2,40,29,0.98,NA
"quant",2,40,29,0.99,NA
"quant",2,40,29,0.995,NA
"quant",2,40,30,0.9,NA
"quant",2,40,30,0.91,NA
"quant",2,40,30,0.92,NA
"quant",2,40,30,0.93,NA
"quant",2,40,30,0.94,NA
"quant",2,40,30,0.95,NA
"quant",2,40,30,0.96,NA
"quant",2,40,30,0.97,NA
"quant",2,40,30,0.98,NA
"quant",2,40,30,0.99,NA
"quant",2,40,30,0.995,NA
"quant",2,40,31,0.9,NA
"quant",2,40,31,0.91,NA
"quant",2,40,31,0.92,NA
"quant",2,40,31,0.93,NA
"quant",2,40,31,0.94,NA
"quant",2,40,31,0.95,NA
"quant",2,40,31,0.96,NA
"quant",2,40,31,0.97,NA
"quant",2,40,31,0.98,NA
"quant",2,40,31,0.99,NA
"quant",2,40,31,0.995,NA
"quant",2,40,32,0.9,NA
"quant",2,40,32,0.91,NA
"quant",2,40,32,0.92,NA
"quant",2,40,32,0.93,NA
"quant",2,40,32,0.94,NA
"quant",2,40,32,0.95,NA
"quant",2,40,32,0.96,NA
"quant",2,40,32,0.97,NA
"quant",2,40,32,0.98,NA
"quant",2,40,32,0.99,NA
"quant",2,40,32,0.995,NA
"quant",2,40,33,0.9,NA
"quant",2,40,33,0.91,NA
"quant",2,40,33,0.92,NA
"quant",2,40,33,0.93,NA
"quant",2,40,33,0.94,NA
"quant",2,40,33,0.95,NA
"quant",2,40,33,0.96,NA
"quant",2,40,33,0.97,NA
"quant",2,40,33,0.98,NA
"quant",2,40,33,0.99,NA
"quant",2,40,33,0.995,NA
"quant",2,40,34,0.9,NA
"quant",2,40,34,0.91,NA
"quant",2,40,34,0.92,NA
"quant",2,40,34,0.93,NA
"quant",2,40,34,0.94,NA
"quant",2,40,34,0.95,NA
"quant",2,40,34,0.96,NA
"quant",2,40,34,0.97,NA
"quant",2,40,34,0.98,NA
"quant",2,40,34,0.99,NA
"quant",2,40,34,0.995,NA
"quant",2,40,35,0.9,NA
"quant",2,40,35,0.91,NA
"quant",2,40,35,0.92,NA
"quant",2,40,35,0.93,NA
"quant",2,40,35,0.94,NA
"quant",2,40,35,0.95,NA
"quant",2,40,35,0.96,NA
"quant",2,40,35,0.97,NA
"quant",2,40,35,0.98,NA
"quant",2,40,35,0.99,NA
"quant",2,40,35,0.995,NA
"quant",2,40,36,0.9,NA
"quant",2,40,36,0.91,NA
"quant",2,40,36,0.92,NA
"quant",2,40,36,0.93,NA
"quant",2,40,36,0.94,NA
"quant",2,40,36,0.95,NA
"quant",2,40,36,0.96,NA
"quant",2,40,36,0.97,NA
"quant",2,40,36,0.98,NA
"quant",2,40,36,0.99,NA
"quant",2,40,36,0.995,NA
"quant",2,40,37,0.9,NA
"quant",2,40,37,0.91,NA
"quant",2,40,37,0.92,NA
"quant",2,40,37,0.93,NA
"quant",2,40,37,0.94,NA
"quant",2,40,37,0.95,NA
"quant",2,40,37,0.96,NA
"quant",2,40,37,0.97,NA
"quant",2,40,37,0.98,NA
"quant",2,40,37,0.99,NA
"quant",2,40,37,0.995,NA
"quant",2,40,38,0.9,NA
"quant",2,40,38,0.91,NA
"quant",2,40,38,0.92,NA
"quant",2,40,38,0.93,NA
"quant",2,40,38,0.94,NA
"quant",2,40,38,0.95,NA
"quant",2,40,38,0.96,NA
"quant",2,40,38,0.97,NA
"quant",2,40,38,0.98,NA
"quant",2,40,38,0.99,NA
"quant",2,40,38,0.995,NA
"quant",2,40,39,0.9,NA
"quant",2,40,39,0.91,NA
"quant",2,40,39,0.92,NA
"quant",2,40,39,0.93,NA
"quant",2,40,39,0.94,NA
"quant",2,40,39,0.95,NA
"quant",2,40,39,0.96,NA
"quant",2,40,39,0.97,NA
"quant",2,40,39,0.98,NA
"quant",2,40,39,0.99,NA
"quant",2,40,39,0.995,NA
"quant",2,40,40,0.9,NA
"quant",2,40,40,0.91,NA
"quant",2,40,40,0.92,NA
"quant",2,40,40,0.93,NA
"quant",2,40,40,0.94,NA
"quant",2,40,40,0.95,NA
"quant",2,40,40,0.96,NA
"quant",2,40,40,0.97,NA
"quant",2,40,40,0.98,NA
"quant",2,40,40,0.99,NA
"quant",2,40,40,0.995,NA
"quant",2,40,41,0.9,NA
"quant",2,40,41,0.91,NA
"quant",2,40,41,0.92,NA
"quant",2,40,41,0.93,NA
"quant",2,40,41,0.94,NA
"quant",2,40,41,0.95,NA
"quant",2,40,41,0.96,NA
"quant",2,40,41,0.97,NA
"quant",2,40,41,0.98,NA
"quant",2,40,41,0.99,NA
"quant",2,40,41,0.995,NA
"quant",2,40,42,0.9,NA
"quant",2,40,42,0.91,NA
"quant",2,40,42,0.92,NA
"quant",2,40,42,0.93,NA
"quant",2,40,42,0.94,NA
"quant",2,40,42,0.95,NA
"quant",2,40,42,0.96,NA
"quant",2,40,42,0.97,NA
"quant",2,40,42,0.98,NA
"quant",2,40,42,0.99,NA
"quant",2,40,42,0.995,NA
"quant",2,40,43,0.9,NA
"quant",2,40,43,0.91,NA
"quant",2,40,43,0.92,NA
"quant",2,40,43,0.93,NA
"quant",2,40,43,0.94,NA
"quant",2,40,43,0.95,NA
"quant",2,40,43,0.96,NA
"quant",2,40,43,0.97,NA
"quant",2,40,43,0.98,NA
"quant",2,40,43,0.99,NA
"quant",2,40,43,0.995,NA
"quant",2,40,44,0.9,NA
"quant",2,40,44,0.91,NA
"quant",2,40,44,0.92,NA
"quant",2,40,44,0.93,NA
"quant",2,40,44,0.94,NA
"quant",2,40,44,0.95,NA
"quant",2,40,44,0.96,NA
"quant",2,40,44,0.97,NA
"quant",2,40,44,0.98,NA
"quant",2,40,44,0.99,NA
"quant",2,40,44,0.995,NA
"quant",2,40,45,0.9,NA
"quant",2,40,45,0.91,NA
"quant",2,40,45,0.92,NA
"quant",2,40,45,0.93,NA
"quant",2,40,45,0.94,NA
"quant",2,40,45,0.95,NA
"quant",2,40,45,0.96,NA
"quant",2,40,45,0.97,NA
"quant",2,40,45,0.98,NA
"quant",2,40,45,0.99,NA
"quant",2,40,45,0.995,NA
"quant",2,40,46,0.9,NA
"quant",2,40,46,0.91,NA
"quant",2,40,46,0.92,NA
"quant",2,40,46,0.93,NA
"quant",2,40,46,0.94,NA
"quant",2,40,46,0.95,NA
"quant",2,40,46,0.96,NA
"quant",2,40,46,0.97,NA
"quant",2,40,46,0.98,NA
"quant",2,40,46,0.99,NA
"quant",2,40,46,0.995,NA
"quant",2,40,47,0.9,NA
"quant",2,40,47,0.91,NA
"quant",2,40,47,0.92,NA
"quant",2,40,47,0.93,NA
"quant",2,40,47,0.94,NA
"quant",2,40,47,0.95,NA
"quant",2,40,47,0.96,NA
"quant",2,40,47,0.97,NA
"quant",2,40,47,0.98,NA
"quant",2,40,47,0.99,NA
"quant",2,40,47,0.995,NA
"quant",2,40,48,0.9,NA
"quant",2,40,48,0.91,NA
"quant",2,40,48,0.92,NA
"quant",2,40,48,0.93,NA
"quant",2,40,48,0.94,NA
"quant",2,40,48,0.95,NA
"quant",2,40,48,0.96,NA
"quant",2,40,48,0.97,NA
"quant",2,40,48,0.98,NA
"quant",2,40,48,0.99,NA
"quant",2,40,48,0.995,NA
"quant",2,40,49,0.9,NA
"quant",2,40,49,0.91,NA
"quant",2,40,49,0.92,NA
"quant",2,40,49,0.93,NA
"quant",2,40,49,0.94,NA
"quant",2,40,49,0.95,NA
"quant",2,40,49,0.96,NA
"quant",2,40,49,0.97,NA
"quant",2,40,49,0.98,NA
"quant",2,40,49,0.99,NA
"quant",2,40,49,0.995,NA
"quant",2,40,50,0.9,NA
"quant",2,40,50,0.91,NA
"quant",2,40,50,0.92,NA
"quant",2,40,50,0.93,NA
"quant",2,40,50,0.94,NA
"quant",2,40,50,0.95,NA
"quant",2,40,50,0.96,NA
"quant",2,40,50,0.97,NA
"quant",2,40,50,0.98,NA
"quant",2,40,50,0.99,NA
"quant",2,40,50,0.995,NA
"quant",3,40,1,0.9,3.73608719491092
"quant",3,40,1,0.91,3.57175043890267
"quant",3,40,1,0.92,3.39406762250289
"quant",3,40,1,0.93,3.200572817741
"quant",3,40,1,0.94,2.98965187180797
"quant",3,40,1,0.95,2.75851802919951
"quant",3,40,1,0.96,2.49287874916276
"quant",3,40,1,0.97,2.16630591560966
"quant",3,40,1,0.98,1.73621465936319
"quant",3,40,1,0.99,1.17729277943763
"quant",3,40,1,0.995,0.691899839224597
"quant",3,40,2,0.9,2.09502103281186
"quant",3,40,2,0.91,1.94877403098101
"quant",3,40,2,0.92,1.78950739282482
"quant",3,40,2,0.93,1.61772446247678
"quant",3,40,2,0.94,1.43475051424012
"quant",3,40,2,0.95,1.24577198609679
"quant",3,40,2,0.96,1.04877103249004
"quant",3,40,2,0.97,0.848287151690187
"quant",3,40,2,0.98,0.623496327004995
"quant",3,40,2,0.99,0.353996077112548
"quant",3,40,2,0.995,0.201418290507077
"quant",3,40,3,0.9,2.35376205709027
"quant",3,40,3,0.91,2.23414171452135
"quant",3,40,3,0.92,2.1012887919966
"quant",3,40,3,0.93,1.95587927623783
"quant",3,40,3,0.94,1.79649855841104
"quant",3,40,3,0.95,1.62505124593139
"quant",3,40,3,0.96,1.44379260480084
"quant",3,40,3,0.97,1.24565903699503
"quant",3,40,3,0.98,1.00454378682919
"quant",3,40,3,0.99,0.675268534160381
"quant",3,40,3,0.995,0.362732009406991
"quant",3,40,4,0.9,5.65688820547268
"quant",3,40,4,0.91,5.49835539163163
"quant",3,40,4,0.92,5.30659534844922
"quant",3,40,4,0.93,5.06317511154518
"quant",3,40,4,0.94,4.77192893663479
"quant",3,40,4,0.95,4.42167041681928
"quant",3,40,4,0.96,3.96863523213093
"quant",3,40,4,0.97,3.33489848625619
"quant",3,40,4,0.98,2.42130599884056
"quant",3,40,4,0.99,1.1975284216978
"quant",3,40,4,0.995,0.630923249813203
"quant",3,40,5,0.9,2.10448400582797
"quant",3,40,5,0.91,1.96361637562963
"quant",3,40,5,0.92,1.80970921508119
"quant",3,40,5,0.93,1.64401411196786
"quant",3,40,5,0.94,1.46730412211471
"quant",3,40,5,0.95,1.27957760755849
"quant",3,40,5,0.96,1.07647994343368
"quant",3,40,5,0.97,0.860861566851257
"quant",3,40,5,0.98,0.621178896971799
"quant",3,40,5,0.99,0.357147709228506
"quant",3,40,5,0.995,0.207809416612116
"quant",3,40,6,0.9,4.30354475070485
"quant",3,40,6,0.91,4.1750547084178
"quant",3,40,6,0.92,4.02528097429096
"quant",3,40,6,0.93,3.84251507062867
"quant",3,40,6,0.94,3.61643525596931
"quant",3,40,6,0.95,3.32362547003296
"quant",3,40,6,0.96,2.93649866159448
"quant",3,40,6,0.97,2.4427141466683
"quant",3,40,6,0.98,1.78223294060469
"quant",3,40,6,0.99,0.857796722728771
"quant",3,40,6,0.995,0.460042558768649
"quant",3,40,7,0.9,4.80688247003577
"quant",3,40,7,0.91,4.6807351712636
"quant",3,40,7,0.92,4.51239194071216
"quant",3,40,7,0.93,4.29588891015908
"quant",3,40,7,0.94,4.01530783215964
"quant",3,40,7,0.95,3.64236675836346
"quant",3,40,7,0.96,3.13948421447144
"quant",3,40,7,0.97,2.48244905672317
"quant",3,40,7,0.98,1.81900015000476
"quant",3,40,7,0.99,1.12864483344659
"quant",3,40,7,0.995,0.612795255727478
"quant",3,40,8,0.9,1.90468102696061
"quant",3,40,8,0.91,1.80013612639333
"quant",3,40,8,0.92,1.68974755947209
"quant",3,40,8,0.93,1.5715223164987
"quant",3,40,8,0.94,1.44315684004349
"quant",3,40,8,0.95,1.30372403187483
"quant",3,40,8,0.96,1.15071875427857
"quant",3,40,8,0.97,0.970551068233936
"quant",3,40,8,0.98,0.747557710702868
"quant",3,40,8,0.99,0.416066048981613
"quant",3,40,8,0.995,0.214403414698422
"quant",3,40,9,0.9,2.49367547293333
"quant",3,40,9,0.91,2.35787471955283
"quant",3,40,9,0.92,2.2075320307361
"quant",3,40,9,0.93,2.03767775126833
"quant",3,40,9,0.94,1.85098992731959
"quant",3,40,9,0.95,1.64591347989221
"quant",3,40,9,0.96,1.40780208402044
"quant",3,40,9,0.97,1.11320566025583
"quant",3,40,9,0.98,0.768645971831197
"quant",3,40,9,0.99,0.409088527748406
"quant",3,40,9,0.995,0.24017073650784
"quant",3,40,10,0.9,3.89003520618517
"quant",3,40,10,0.91,3.70929981774746
"quant",3,40,10,0.92,3.50923728927547
"quant",3,40,10,0.93,3.2834198219506
"quant",3,40,10,0.94,3.03277287614491
"quant",3,40,10,0.95,2.75912837405842
"quant",3,40,10,0.96,2.45410443738507
"quant",3,40,10,0.97,2.11700375367692
"quant",3,40,10,0.98,1.73149063012239
"quant",3,40,10,0.99,1.23479387861329
"quant",3,40,10,0.995,0.663150113835273
"quant",3,40,11,0.9,NA
"quant",3,40,11,0.91,NA
"quant",3,40,11,0.92,NA
"quant",3,40,11,0.93,NA
"quant",3,40,11,0.94,NA
"quant",3,40,11,0.95,NA
"quant",3,40,11,0.96,NA
"quant",3,40,11,0.97,NA
"quant",3,40,11,0.98,NA
"quant",3,40,11,0.99,NA
"quant",3,40,11,0.995,NA
"quant",3,40,12,0.9,NA
"quant",3,40,12,0.91,NA
"quant",3,40,12,0.92,NA
"quant",3,40,12,0.93,NA
"quant",3,40,12,0.94,NA
"quant",3,40,12,0.95,NA
"quant",3,40,12,0.96,NA
"quant",3,40,12,0.97,NA
"quant",3,40,12,0.98,NA
"quant",3,40,12,0.99,NA
"quant",3,40,12,0.995,NA
"quant",3,40,13,0.9,NA
"quant",3,40,13,0.91,NA
"quant",3,40,13,0.92,NA
"quant",3,40,13,0.93,NA
"quant",3,40,13,0.94,NA
"quant",3,40,13,0.95,NA
"quant",3,40,13,0.96,NA
"quant",3,40,13,0.97,NA
"quant",3,40,13,0.98,NA
"quant",3,40,13,0.99,NA
"quant",3,40,13,0.995,NA
"quant",3,40,14,0.9,NA
"quant",3,40,14,0.91,NA
"quant",3,40,14,0.92,NA
"quant",3,40,14,0.93,NA
"quant",3,40,14,0.94,NA
"quant",3,40,14,0.95,NA
"quant",3,40,14,0.96,NA
"quant",3,40,14,0.97,NA
"quant",3,40,14,0.98,NA
"quant",3,40,14,0.99,NA
"quant",3,40,14,0.995,NA
"quant",3,40,15,0.9,NA
"quant",3,40,15,0.91,NA
"quant",3,40,15,0.92,NA
"quant",3,40,15,0.93,NA
"quant",3,40,15,0.94,NA
"quant",3,40,15,0.95,NA
"quant",3,40,15,0.96,NA
"quant",3,40,15,0.97,NA
"quant",3,40,15,0.98,NA
"quant",3,40,15,0.99,NA
"quant",3,40,15,0.995,NA
"quant",3,40,16,0.9,NA
"quant",3,40,16,0.91,NA
"quant",3,40,16,0.92,NA
"quant",3,40,16,0.93,NA
"quant",3,40,16,0.94,NA
"quant",3,40,16,0.95,NA
"quant",3,40,16,0.96,NA
"quant",3,40,16,0.97,NA
"quant",3,40,16,0.98,NA
"quant",3,40,16,0.99,NA
"quant",3,40,16,0.995,NA
"quant",3,40,17,0.9,NA
"quant",3,40,17,0.91,NA
"quant",3,40,17,0.92,NA
"quant",3,40,17,0.93,NA
"quant",3,40,17,0.94,NA
"quant",3,40,17,0.95,NA
"quant",3,40,17,0.96,NA
"quant",3,40,17,0.97,NA
"quant",3,40,17,0.98,NA
"quant",3,40,17,0.99,NA
"quant",3,40,17,0.995,NA
"quant",3,40,18,0.9,NA
"quant",3,40,18,0.91,NA
"quant",3,40,18,0.92,NA
"quant",3,40,18,0.93,NA
"quant",3,40,18,0.94,NA
"quant",3,40,18,0.95,NA
"quant",3,40,18,0.96,NA
"quant",3,40,18,0.97,NA
"quant",3,40,18,0.98,NA
"quant",3,40,18,0.99,NA
"quant",3,40,18,0.995,NA
"quant",3,40,19,0.9,NA
"quant",3,40,19,0.91,NA
"quant",3,40,19,0.92,NA
"quant",3,40,19,0.93,NA
"quant",3,40,19,0.94,NA
"quant",3,40,19,0.95,NA
"quant",3,40,19,0.96,NA
"quant",3,40,19,0.97,NA
"quant",3,40,19,0.98,NA
"quant",3,40,19,0.99,NA
"quant",3,40,19,0.995,NA
"quant",3,40,20,0.9,NA
"quant",3,40,20,0.91,NA
"quant",3,40,20,0.92,NA
"quant",3,40,20,0.93,NA
"quant",3,40,20,0.94,NA
"quant",3,40,20,0.95,NA
"quant",3,40,20,0.96,NA
"quant",3,40,20,0.97,NA
"quant",3,40,20,0.98,NA
"quant",3,40,20,0.99,NA
"quant",3,40,20,0.995,NA
"quant",3,40,21,0.9,NA
"quant",3,40,21,0.91,NA
"quant",3,40,21,0.92,NA
"quant",3,40,21,0.93,NA
"quant",3,40,21,0.94,NA
"quant",3,40,21,0.95,NA
"quant",3,40,21,0.96,NA
"quant",3,40,21,0.97,NA
"quant",3,40,21,0.98,NA
"quant",3,40,21,0.99,NA
"quant",3,40,21,0.995,NA
"quant",3,40,22,0.9,NA
"quant",3,40,22,0.91,NA
"quant",3,40,22,0.92,NA
"quant",3,40,22,0.93,NA
"quant",3,40,22,0.94,NA
"quant",3,40,22,0.95,NA
"quant",3,40,22,0.96,NA
"quant",3,40,22,0.97,NA
"quant",3,40,22,0.98,NA
"quant",3,40,22,0.99,NA
"quant",3,40,22,0.995,NA
"quant",3,40,23,0.9,NA
"quant",3,40,23,0.91,NA
"quant",3,40,23,0.92,NA
"quant",3,40,23,0.93,NA
"quant",3,40,23,0.94,NA
"quant",3,40,23,0.95,NA
"quant",3,40,23,0.96,NA
"quant",3,40,23,0.97,NA
"quant",3,40,23,0.98,NA
"quant",3,40,23,0.99,NA
"quant",3,40,23,0.995,NA
"quant",3,40,24,0.9,NA
"quant",3,40,24,0.91,NA
"quant",3,40,24,0.92,NA
"quant",3,40,24,0.93,NA
"quant",3,40,24,0.94,NA
"quant",3,40,24,0.95,NA
"quant",3,40,24,0.96,NA
"quant",3,40,24,0.97,NA
"quant",3,40,24,0.98,NA
"quant",3,40,24,0.99,NA
"quant",3,40,24,0.995,NA
"quant",3,40,25,0.9,NA
"quant",3,40,25,0.91,NA
"quant",3,40,25,0.92,NA
"quant",3,40,25,0.93,NA
"quant",3,40,25,0.94,NA
"quant",3,40,25,0.95,NA
"quant",3,40,25,0.96,NA
"quant",3,40,25,0.97,NA
"quant",3,40,25,0.98,NA
"quant",3,40,25,0.99,NA
"quant",3,40,25,0.995,NA
"quant",3,40,26,0.9,NA
"quant",3,40,26,0.91,NA
"quant",3,40,26,0.92,NA
"quant",3,40,26,0.93,NA
"quant",3,40,26,0.94,NA
"quant",3,40,26,0.95,NA
"quant",3,40,26,0.96,NA
"quant",3,40,26,0.97,NA
"quant",3,40,26,0.98,NA
"quant",3,40,26,0.99,NA
"quant",3,40,26,0.995,NA
"quant",3,40,27,0.9,NA
"quant",3,40,27,0.91,NA
"quant",3,40,27,0.92,NA
"quant",3,40,27,0.93,NA
"quant",3,40,27,0.94,NA
"quant",3,40,27,0.95,NA
"quant",3,40,27,0.96,NA
"quant",3,40,27,0.97,NA
"quant",3,40,27,0.98,NA
"quant",3,40,27,0.99,NA
"quant",3,40,27,0.995,NA
"quant",3,40,28,0.9,NA
"quant",3,40,28,0.91,NA
"quant",3,40,28,0.92,NA
"quant",3,40,28,0.93,NA
"quant",3,40,28,0.94,NA
"quant",3,40,28,0.95,NA
"quant",3,40,28,0.96,NA
"quant",3,40,28,0.97,NA
"quant",3,40,28,0.98,NA
"quant",3,40,28,0.99,NA
"quant",3,40,28,0.995,NA
"quant",3,40,29,0.9,NA
"quant",3,40,29,0.91,NA
"quant",3,40,29,0.92,NA
"quant",3,40,29,0.93,NA
"quant",3,40,29,0.94,NA
"quant",3,40,29,0.95,NA
"quant",3,40,29,0.96,NA
"quant",3,40,29,0.97,NA
"quant",3,40,29,0.98,NA
"quant",3,40,29,0.99,NA
"quant",3,40,29,0.995,NA
"quant",3,40,30,0.9,NA
"quant",3,40,30,0.91,NA
"quant",3,40,30,0.92,NA
"quant",3,40,30,0.93,NA
"quant",3,40,30,0.94,NA
"quant",3,40,30,0.95,NA
"quant",3,40,30,0.96,NA
"quant",3,40,30,0.97,NA
"quant",3,40,30,0.98,NA
"quant",3,40,30,0.99,NA
"quant",3,40,30,0.995,NA
"quant",3,40,31,0.9,NA
"quant",3,40,31,0.91,NA
"quant",3,40,31,0.92,NA
"quant",3,40,31,0.93,NA
"quant",3,40,31,0.94,NA
"quant",3,40,31,0.95,NA
"quant",3,40,31,0.96,NA
"quant",3,40,31,0.97,NA
"quant",3,40,31,0.98,NA
"quant",3,40,31,0.99,NA
"quant",3,40,31,0.995,NA
"quant",3,40,32,0.9,NA
"quant",3,40,32,0.91,NA
"quant",3,40,32,0.92,NA
"quant",3,40,32,0.93,NA
"quant",3,40,32,0.94,NA
"quant",3,40,32,0.95,NA
"quant",3,40,32,0.96,NA
"quant",3,40,32,0.97,NA
"quant",3,40,32,0.98,NA
"quant",3,40,32,0.99,NA
"quant",3,40,32,0.995,NA
"quant",3,40,33,0.9,NA
"quant",3,40,33,0.91,NA
"quant",3,40,33,0.92,NA
"quant",3,40,33,0.93,NA
"quant",3,40,33,0.94,NA
"quant",3,40,33,0.95,NA
"quant",3,40,33,0.96,NA
"quant",3,40,33,0.97,NA
"quant",3,40,33,0.98,NA
"quant",3,40,33,0.99,NA
"quant",3,40,33,0.995,NA
"quant",3,40,34,0.9,NA
"quant",3,40,34,0.91,NA
"quant",3,40,34,0.92,NA
"quant",3,40,34,0.93,NA
"quant",3,40,34,0.94,NA
"quant",3,40,34,0.95,NA
"quant",3,40,34,0.96,NA
"quant",3,40,34,0.97,NA
"quant",3,40,34,0.98,NA
"quant",3,40,34,0.99,NA
"quant",3,40,34,0.995,NA
"quant",3,40,35,0.9,NA
"quant",3,40,35,0.91,NA
"quant",3,40,35,0.92,NA
"quant",3,40,35,0.93,NA
"quant",3,40,35,0.94,NA
"quant",3,40,35,0.95,NA
"quant",3,40,35,0.96,NA
"quant",3,40,35,0.97,NA
"quant",3,40,35,0.98,NA
"quant",3,40,35,0.99,NA
"quant",3,40,35,0.995,NA
"quant",3,40,36,0.9,NA
"quant",3,40,36,0.91,NA
"quant",3,40,36,0.92,NA
"quant",3,40,36,0.93,NA
"quant",3,40,36,0.94,NA
"quant",3,40,36,0.95,NA
"quant",3,40,36,0.96,NA
"quant",3,40,36,0.97,NA
"quant",3,40,36,0.98,NA
"quant",3,40,36,0.99,NA
"quant",3,40,36,0.995,NA
"quant",3,40,37,0.9,NA
"quant",3,40,37,0.91,NA
"quant",3,40,37,0.92,NA
"quant",3,40,37,0.93,NA
"quant",3,40,37,0.94,NA
"quant",3,40,37,0.95,NA
"quant",3,40,37,0.96,NA
"quant",3,40,37,0.97,NA
"quant",3,40,37,0.98,NA
"quant",3,40,37,0.99,NA
"quant",3,40,37,0.995,NA
"quant",3,40,38,0.9,NA
"quant",3,40,38,0.91,NA
"quant",3,40,38,0.92,NA
"quant",3,40,38,0.93,NA
"quant",3,40,38,0.94,NA
"quant",3,40,38,0.95,NA
"quant",3,40,38,0.96,NA
"quant",3,40,38,0.97,NA
"quant",3,40,38,0.98,NA
"quant",3,40,38,0.99,NA
"quant",3,40,38,0.995,NA
"quant",3,40,39,0.9,NA
"quant",3,40,39,0.91,NA
"quant",3,40,39,0.92,NA
"quant",3,40,39,0.93,NA
"quant",3,40,39,0.94,NA
"quant",3,40,39,0.95,NA
"quant",3,40,39,0.96,NA
"quant",3,40,39,0.97,NA
"quant",3,40,39,0.98,NA
"quant",3,40,39,0.99,NA
"quant",3,40,39,0.995,NA
"quant",3,40,40,0.9,NA
"quant",3,40,40,0.91,NA
"quant",3,40,40,0.92,NA
"quant",3,40,40,0.93,NA
"quant",3,40,40,0.94,NA
"quant",3,40,40,0.95,NA
"quant",3,40,40,0.96,NA
"quant",3,40,40,0.97,NA
"quant",3,40,40,0.98,NA
"quant",3,40,40,0.99,NA
"quant",3,40,40,0.995,NA
"quant",3,40,41,0.9,NA
"quant",3,40,41,0.91,NA
"quant",3,40,41,0.92,NA
"quant",3,40,41,0.93,NA
"quant",3,40,41,0.94,NA
"quant",3,40,41,0.95,NA
"quant",3,40,41,0.96,NA
"quant",3,40,41,0.97,NA
"quant",3,40,41,0.98,NA
"quant",3,40,41,0.99,NA
"quant",3,40,41,0.995,NA
"quant",3,40,42,0.9,NA
"quant",3,40,42,0.91,NA
"quant",3,40,42,0.92,NA
"quant",3,40,42,0.93,NA
"quant",3,40,42,0.94,NA
"quant",3,40,42,0.95,NA
"quant",3,40,42,0.96,NA
"quant",3,40,42,0.97,NA
"quant",3,40,42,0.98,NA
"quant",3,40,42,0.99,NA
"quant",3,40,42,0.995,NA
"quant",3,40,43,0.9,NA
"quant",3,40,43,0.91,NA
"quant",3,40,43,0.92,NA
"quant",3,40,43,0.93,NA
"quant",3,40,43,0.94,NA
"quant",3,40,43,0.95,NA
"quant",3,40,43,0.96,NA
"quant",3,40,43,0.97,NA
"quant",3,40,43,0.98,NA
"quant",3,40,43,0.99,NA
"quant",3,40,43,0.995,NA
"quant",3,40,44,0.9,NA
"quant",3,40,44,0.91,NA
"quant",3,40,44,0.92,NA
"quant",3,40,44,0.93,NA
"quant",3,40,44,0.94,NA
"quant",3,40,44,0.95,NA
"quant",3,40,44,0.96,NA
"quant",3,40,44,0.97,NA
"quant",3,40,44,0.98,NA
"quant",3,40,44,0.99,NA
"quant",3,40,44,0.995,NA
"quant",3,40,45,0.9,NA
"quant",3,40,45,0.91,NA
"quant",3,40,45,0.92,NA
"quant",3,40,45,0.93,NA
"quant",3,40,45,0.94,NA
"quant",3,40,45,0.95,NA
"quant",3,40,45,0.96,NA
"quant",3,40,45,0.97,NA
"quant",3,40,45,0.98,NA
"quant",3,40,45,0.99,NA
"quant",3,40,45,0.995,NA
"quant",3,40,46,0.9,NA
"quant",3,40,46,0.91,NA
"quant",3,40,46,0.92,NA
"quant",3,40,46,0.93,NA
"quant",3,40,46,0.94,NA
"quant",3,40,46,0.95,NA
"quant",3,40,46,0.96,NA
"quant",3,40,46,0.97,NA
"quant",3,40,46,0.98,NA
"quant",3,40,46,0.99,NA
"quant",3,40,46,0.995,NA
"quant",3,40,47,0.9,NA
"quant",3,40,47,0.91,NA
"quant",3,40,47,0.92,NA
"quant",3,40,47,0.93,NA
"quant",3,40,47,0.94,NA
"quant",3,40,47,0.95,NA
"quant",3,40,47,0.96,NA
"quant",3,40,47,0.97,NA
"quant",3,40,47,0.98,NA
"quant",3,40,47,0.99,NA
"quant",3,40,47,0.995,NA
"quant",3,40,48,0.9,NA
"quant",3,40,48,0.91,NA
"quant",3,40,48,0.92,NA
"quant",3,40,48,0.93,NA
"quant",3,40,48,0.94,NA
"quant",3,40,48,0.95,NA
"quant",3,40,48,0.96,NA
"quant",3,40,48,0.97,NA
"quant",3,40,48,0.98,NA
"quant",3,40,48,0.99,NA
"quant",3,40,48,0.995,NA
"quant",3,40,49,0.9,NA
"quant",3,40,49,0.91,NA
"quant",3,40,49,0.92,NA
"quant",3,40,49,0.93,NA
"quant",3,40,49,0.94,NA
"quant",3,40,49,0.95,NA
"quant",3,40,49,0.96,NA
"quant",3,40,49,0.97,NA
"quant",3,40,49,0.98,NA
"quant",3,40,49,0.99,NA
"quant",3,40,49,0.995,NA
"quant",3,40,50,0.9,NA
"quant",3,40,50,0.91,NA
"quant",3,40,50,0.92,NA
"quant",3,40,50,0.93,NA
"quant",3,40,50,0.94,NA
"quant",3,40,50,0.95,NA
"quant",3,40,50,0.96,NA
"quant",3,40,50,0.97,NA
"quant",3,40,50,0.98,NA
"quant",3,40,50,0.99,NA
"quant",3,40,50,0.995,NA
"quant",4,40,1,0.9,3.59035429003963
"quant",4,40,1,0.91,3.42780956662527
"quant",4,40,1,0.92,3.25167774194828
"quant",4,40,1,0.93,3.05666835441941
"quant",4,40,1,0.94,2.83823680395043
"quant",4,40,1,0.95,2.5910236983419
"quant",4,40,1,0.96,2.31454161258379
"quant",4,40,1,0.97,2.00145034779828
"quant",4,40,1,0.98,1.63480389368153
"quant",4,40,1,0.99,1.03466228727688
"quant",4,40,1,0.995,0.589553855057145
"quant",4,40,2,0.9,1.95182291933163
"quant",4,40,2,0.91,1.81604776762535
"quant",4,40,2,0.92,1.67385544532025
"quant",4,40,2,0.93,1.5250281038643
"quant",4,40,2,0.94,1.37097647674882
"quant",4,40,2,0.95,1.20701314501157
"quant",4,40,2,0.96,1.03126488593759
"quant",4,40,2,0.97,0.836100702153425
"quant",4,40,2,0.98,0.609166881494239
"quant",4,40,2,0.99,0.34786936148497
"quant",4,40,2,0.995,0.195306764760612
"quant",4,40,3,0.9,2.25841258483938
"quant",4,40,3,0.91,2.13829962666828
"quant",4,40,3,0.92,2.01218581268245
"quant",4,40,3,0.93,1.87965025069884
"quant",4,40,3,0.94,1.73697846740222
"quant",4,40,3,0.95,1.58017208325303
"quant",4,40,3,0.96,1.40751740345937
"quant",4,40,3,0.97,1.20668132664007
"quant",4,40,3,0.98,0.964481868750421
"quant",4,40,3,0.99,0.544675020410541
"quant",4,40,3,0.995,0.294770691375548
"quant",4,40,4,0.9,5.29865703025627
"quant",4,40,4,0.91,5.08943699438055
"quant",4,40,4,0.92,4.8451463983476
"quant",4,40,4,0.93,4.5649248487799
"quant",4,40,4,0.94,4.22153928614843
"quant",4,40,4,0.95,3.78254840849607
"quant",4,40,4,0.96,3.25947714477387
"quant",4,40,4,0.97,2.64947425152624
"quant",4,40,4,0.98,1.97750511875992
"quant",4,40,4,0.99,1.14649313953859
"quant",4,40,4,0.995,0.619204156490185
"quant",4,40,5,0.9,2.00917656407037
"quant",4,40,5,0.91,1.86942148028234
"quant",4,40,5,0.92,1.72314043001499
"quant",4,40,5,0.93,1.56913399474839
"quant",4,40,5,0.94,1.40617325927474
"quant",4,40,5,0.95,1.23391018165344
"quant",4,40,5,0.96,1.04865224311289
"quant",4,40,5,0.97,0.842295103914729
"quant",4,40,5,0.98,0.616445378778412
"quant",4,40,5,0.99,0.359866527078735
"quant",4,40,5,0.995,0.20698770973408
"quant",4,40,6,0.9,4.03547811506791
"quant",4,40,6,0.91,3.865155794472
"quant",4,40,6,0.92,3.66530477967395
"quant",4,40,6,0.93,3.43798492602296
"quant",4,40,6,0.94,3.18177329890873
"quant",4,40,6,0.95,2.86337828289927
"quant",4,40,6,0.96,2.4587149283815
"quant",4,40,6,0.97,1.99298166175758
"quant",4,40,6,0.98,1.46638613242519
"quant",4,40,6,0.99,0.822314132979433
"quant",4,40,6,0.995,0.448127519061865
"quant",4,40,7,0.9,4.35406938373596
"quant",4,40,7,0.91,4.13296637379103
"quant",4,40,7,0.92,3.87975286722941
"quant",4,40,7,0.93,3.60481388130058
"quant",4,40,7,0.94,3.30464106723573
"quant",4,40,7,0.95,2.97611685708856
"quant",4,40,7,0.96,2.61135962773818
"quant",4,40,7,0.97,2.20448700208421
"quant",4,40,7,0.98,1.74381676350308
"quant",4,40,7,0.99,1.03438764319571
"quant",4,40,7,0.995,0.58272750661939
"quant",4,40,8,0.9,1.88416507830894
"quant",4,40,8,0.91,1.78378849544171
"quant",4,40,8,0.92,1.67881887007603
"quant",4,40,8,0.93,1.56674042263257
"quant",4,40,8,0.94,1.44450095121022
"quant",4,40,8,0.95,1.30973017102364
"quant",4,40,8,0.96,1.15963479528715
"quant",4,40,8,0.97,0.990222008482645
"quant",4,40,8,0.98,0.779567444279063
"quant",4,40,8,0.99,0.471328105813843
"quant",4,40,8,0.995,0.225612064638212
"quant",4,40,9,0.9,2.35685189651283
"quant",4,40,9,0.91,2.22163795348226
"quant",4,40,9,0.92,2.0690599149477
"quant",4,40,9,0.93,1.89971402565899
"quant",4,40,9,0.94,1.71180789805166
"quant",4,40,9,0.95,1.49923996541244
"quant",4,40,9,0.96,1.26610520531986
"quant",4,40,9,0.97,1.0117630799196
"quant",4,40,9,0.98,0.73115275164919
"quant",4,40,9,0.99,0.404364409216365
"quant",4,40,9,0.995,0.222140233017263
"quant",4,40,10,0.9,3.63300084823326
"quant",4,40,10,0.91,3.44956779949195
"quant",4,40,10,0.92,3.25187521314367
"quant",4,40,10,0.93,3.04628020053212
"quant",4,40,10,0.94,2.82617549831003
"quant",4,40,10,0.95,2.58303631420716
"quant",4,40,10,0.96,2.31813444049206
"quant",4,40,10,0.97,2.01982038694254
"quant",4,40,10,0.98,1.67092463135101
"quant",4,40,10,0.99,0.933280901681634
"quant",4,40,10,0.995,0.508494165538942
"quant",4,40,11,0.9,NA
"quant",4,40,11,0.91,NA
"quant",4,40,11,0.92,NA
"quant",4,40,11,0.93,NA
"quant",4,40,11,0.94,NA
"quant",4,40,11,0.95,NA
"quant",4,40,11,0.96,NA
"quant",4,40,11,0.97,NA
"quant",4,40,11,0.98,NA
"quant",4,40,11,0.99,NA
"quant",4,40,11,0.995,NA
"quant",4,40,12,0.9,NA
"quant",4,40,12,0.91,NA
"quant",4,40,12,0.92,NA
"quant",4,40,12,0.93,NA
"quant",4,40,12,0.94,NA
"quant",4,40,12,0.95,NA
"quant",4,40,12,0.96,NA
"quant",4,40,12,0.97,NA
"quant",4,40,12,0.98,NA
"quant",4,40,12,0.99,NA
"quant",4,40,12,0.995,NA
"quant",4,40,13,0.9,NA
"quant",4,40,13,0.91,NA
"quant",4,40,13,0.92,NA
"quant",4,40,13,0.93,NA
"quant",4,40,13,0.94,NA
"quant",4,40,13,0.95,NA
"quant",4,40,13,0.96,NA
"quant",4,40,13,0.97,NA
"quant",4,40,13,0.98,NA
"quant",4,40,13,0.99,NA
"quant",4,40,13,0.995,NA
"quant",4,40,14,0.9,NA
"quant",4,40,14,0.91,NA
"quant",4,40,14,0.92,NA
"quant",4,40,14,0.93,NA
"quant",4,40,14,0.94,NA
"quant",4,40,14,0.95,NA
"quant",4,40,14,0.96,NA
"quant",4,40,14,0.97,NA
"quant",4,40,14,0.98,NA
"quant",4,40,14,0.99,NA
"quant",4,40,14,0.995,NA
"quant",4,40,15,0.9,NA
"quant",4,40,15,0.91,NA
"quant",4,40,15,0.92,NA
"quant",4,40,15,0.93,NA
"quant",4,40,15,0.94,NA
"quant",4,40,15,0.95,NA
"quant",4,40,15,0.96,NA
"quant",4,40,15,0.97,NA
"quant",4,40,15,0.98,NA
"quant",4,40,15,0.99,NA
"quant",4,40,15,0.995,NA
"quant",4,40,16,0.9,NA
"quant",4,40,16,0.91,NA
"quant",4,40,16,0.92,NA
"quant",4,40,16,0.93,NA
"quant",4,40,16,0.94,NA
"quant",4,40,16,0.95,NA
"quant",4,40,16,0.96,NA
"quant",4,40,16,0.97,NA
"quant",4,40,16,0.98,NA
"quant",4,40,16,0.99,NA
"quant",4,40,16,0.995,NA
"quant",4,40,17,0.9,NA
"quant",4,40,17,0.91,NA
"quant",4,40,17,0.92,NA
"quant",4,40,17,0.93,NA
"quant",4,40,17,0.94,NA
"quant",4,40,17,0.95,NA
"quant",4,40,17,0.96,NA
"quant",4,40,17,0.97,NA
"quant",4,40,17,0.98,NA
"quant",4,40,17,0.99,NA
"quant",4,40,17,0.995,NA
"quant",4,40,18,0.9,NA
"quant",4,40,18,0.91,NA
"quant",4,40,18,0.92,NA
"quant",4,40,18,0.93,NA
"quant",4,40,18,0.94,NA
"quant",4,40,18,0.95,NA
"quant",4,40,18,0.96,NA
"quant",4,40,18,0.97,NA
"quant",4,40,18,0.98,NA
"quant",4,40,18,0.99,NA
"quant",4,40,18,0.995,NA
"quant",4,40,19,0.9,NA
"quant",4,40,19,0.91,NA
"quant",4,40,19,0.92,NA
"quant",4,40,19,0.93,NA
"quant",4,40,19,0.94,NA
"quant",4,40,19,0.95,NA
"quant",4,40,19,0.96,NA
"quant",4,40,19,0.97,NA
"quant",4,40,19,0.98,NA
"quant",4,40,19,0.99,NA
"quant",4,40,19,0.995,NA
"quant",4,40,20,0.9,NA
"quant",4,40,20,0.91,NA
"quant",4,40,20,0.92,NA
"quant",4,40,20,0.93,NA
"quant",4,40,20,0.94,NA
"quant",4,40,20,0.95,NA
"quant",4,40,20,0.96,NA
"quant",4,40,20,0.97,NA
"quant",4,40,20,0.98,NA
"quant",4,40,20,0.99,NA
"quant",4,40,20,0.995,NA
"quant",4,40,21,0.9,NA
"quant",4,40,21,0.91,NA
"quant",4,40,21,0.92,NA
"quant",4,40,21,0.93,NA
"quant",4,40,21,0.94,NA
"quant",4,40,21,0.95,NA
"quant",4,40,21,0.96,NA
"quant",4,40,21,0.97,NA
"quant",4,40,21,0.98,NA
"quant",4,40,21,0.99,NA
"quant",4,40,21,0.995,NA
"quant",4,40,22,0.9,NA
"quant",4,40,22,0.91,NA
"quant",4,40,22,0.92,NA
"quant",4,40,22,0.93,NA
"quant",4,40,22,0.94,NA
"quant",4,40,22,0.95,NA
"quant",4,40,22,0.96,NA
"quant",4,40,22,0.97,NA
"quant",4,40,22,0.98,NA
"quant",4,40,22,0.99,NA
"quant",4,40,22,0.995,NA
"quant",4,40,23,0.9,NA
"quant",4,40,23,0.91,NA
"quant",4,40,23,0.92,NA
"quant",4,40,23,0.93,NA
"quant",4,40,23,0.94,NA
"quant",4,40,23,0.95,NA
"quant",4,40,23,0.96,NA
"quant",4,40,23,0.97,NA
"quant",4,40,23,0.98,NA
"quant",4,40,23,0.99,NA
"quant",4,40,23,0.995,NA
"quant",4,40,24,0.9,NA
"quant",4,40,24,0.91,NA
"quant",4,40,24,0.92,NA
"quant",4,40,24,0.93,NA
"quant",4,40,24,0.94,NA
"quant",4,40,24,0.95,NA
"quant",4,40,24,0.96,NA
"quant",4,40,24,0.97,NA
"quant",4,40,24,0.98,NA
"quant",4,40,24,0.99,NA
"quant",4,40,24,0.995,NA
"quant",4,40,25,0.9,NA
"quant",4,40,25,0.91,NA
"quant",4,40,25,0.92,NA
"quant",4,40,25,0.93,NA
"quant",4,40,25,0.94,NA
"quant",4,40,25,0.95,NA
"quant",4,40,25,0.96,NA
"quant",4,40,25,0.97,NA
"quant",4,40,25,0.98,NA
"quant",4,40,25,0.99,NA
"quant",4,40,25,0.995,NA
"quant",4,40,26,0.9,NA
"quant",4,40,26,0.91,NA
"quant",4,40,26,0.92,NA
"quant",4,40,26,0.93,NA
"quant",4,40,26,0.94,NA
"quant",4,40,26,0.95,NA
"quant",4,40,26,0.96,NA
"quant",4,40,26,0.97,NA
"quant",4,40,26,0.98,NA
"quant",4,40,26,0.99,NA
"quant",4,40,26,0.995,NA
"quant",4,40,27,0.9,NA
"quant",4,40,27,0.91,NA
"quant",4,40,27,0.92,NA
"quant",4,40,27,0.93,NA
"quant",4,40,27,0.94,NA
"quant",4,40,27,0.95,NA
"quant",4,40,27,0.96,NA
"quant",4,40,27,0.97,NA
"quant",4,40,27,0.98,NA
"quant",4,40,27,0.99,NA
"quant",4,40,27,0.995,NA
"quant",4,40,28,0.9,NA
"quant",4,40,28,0.91,NA
"quant",4,40,28,0.92,NA
"quant",4,40,28,0.93,NA
"quant",4,40,28,0.94,NA
"quant",4,40,28,0.95,NA
"quant",4,40,28,0.96,NA
"quant",4,40,28,0.97,NA
"quant",4,40,28,0.98,NA
"quant",4,40,28,0.99,NA
"quant",4,40,28,0.995,NA
"quant",4,40,29,0.9,NA
"quant",4,40,29,0.91,NA
"quant",4,40,29,0.92,NA
"quant",4,40,29,0.93,NA
"quant",4,40,29,0.94,NA
"quant",4,40,29,0.95,NA
"quant",4,40,29,0.96,NA
"quant",4,40,29,0.97,NA
"quant",4,40,29,0.98,NA
"quant",4,40,29,0.99,NA
"quant",4,40,29,0.995,NA
"quant",4,40,30,0.9,NA
"quant",4,40,30,0.91,NA
"quant",4,40,30,0.92,NA
"quant",4,40,30,0.93,NA
"quant",4,40,30,0.94,NA
"quant",4,40,30,0.95,NA
"quant",4,40,30,0.96,NA
"quant",4,40,30,0.97,NA
"quant",4,40,30,0.98,NA
"quant",4,40,30,0.99,NA
"quant",4,40,30,0.995,NA
"quant",4,40,31,0.9,NA
"quant",4,40,31,0.91,NA
"quant",4,40,31,0.92,NA
"quant",4,40,31,0.93,NA
"quant",4,40,31,0.94,NA
"quant",4,40,31,0.95,NA
"quant",4,40,31,0.96,NA
"quant",4,40,31,0.97,NA
"quant",4,40,31,0.98,NA
"quant",4,40,31,0.99,NA
"quant",4,40,31,0.995,NA
"quant",4,40,32,0.9,NA
"quant",4,40,32,0.91,NA
"quant",4,40,32,0.92,NA
"quant",4,40,32,0.93,NA
"quant",4,40,32,0.94,NA
"quant",4,40,32,0.95,NA
"quant",4,40,32,0.96,NA
"quant",4,40,32,0.97,NA
"quant",4,40,32,0.98,NA
"quant",4,40,32,0.99,NA
"quant",4,40,32,0.995,NA
"quant",4,40,33,0.9,NA
"quant",4,40,33,0.91,NA
"quant",4,40,33,0.92,NA
"quant",4,40,33,0.93,NA
"quant",4,40,33,0.94,NA
"quant",4,40,33,0.95,NA
"quant",4,40,33,0.96,NA
"quant",4,40,33,0.97,NA
"quant",4,40,33,0.98,NA
"quant",4,40,33,0.99,NA
"quant",4,40,33,0.995,NA
"quant",4,40,34,0.9,NA
"quant",4,40,34,0.91,NA
"quant",4,40,34,0.92,NA
"quant",4,40,34,0.93,NA
"quant",4,40,34,0.94,NA
"quant",4,40,34,0.95,NA
"quant",4,40,34,0.96,NA
"quant",4,40,34,0.97,NA
"quant",4,40,34,0.98,NA
"quant",4,40,34,0.99,NA
"quant",4,40,34,0.995,NA
"quant",4,40,35,0.9,NA
"quant",4,40,35,0.91,NA
"quant",4,40,35,0.92,NA
"quant",4,40,35,0.93,NA
"quant",4,40,35,0.94,NA
"quant",4,40,35,0.95,NA
"quant",4,40,35,0.96,NA
"quant",4,40,35,0.97,NA
"quant",4,40,35,0.98,NA
"quant",4,40,35,0.99,NA
"quant",4,40,35,0.995,NA
"quant",4,40,36,0.9,NA
"quant",4,40,36,0.91,NA
"quant",4,40,36,0.92,NA
"quant",4,40,36,0.93,NA
"quant",4,40,36,0.94,NA
"quant",4,40,36,0.95,NA
"quant",4,40,36,0.96,NA
"quant",4,40,36,0.97,NA
"quant",4,40,36,0.98,NA
"quant",4,40,36,0.99,NA
"quant",4,40,36,0.995,NA
"quant",4,40,37,0.9,NA
"quant",4,40,37,0.91,NA
"quant",4,40,37,0.92,NA
"quant",4,40,37,0.93,NA
"quant",4,40,37,0.94,NA
"quant",4,40,37,0.95,NA
"quant",4,40,37,0.96,NA
"quant",4,40,37,0.97,NA
"quant",4,40,37,0.98,NA
"quant",4,40,37,0.99,NA
"quant",4,40,37,0.995,NA
"quant",4,40,38,0.9,NA
"quant",4,40,38,0.91,NA
"quant",4,40,38,0.92,NA
"quant",4,40,38,0.93,NA
"quant",4,40,38,0.94,NA
"quant",4,40,38,0.95,NA
"quant",4,40,38,0.96,NA
"quant",4,40,38,0.97,NA
"quant",4,40,38,0.98,NA
"quant",4,40,38,0.99,NA
"quant",4,40,38,0.995,NA
"quant",4,40,39,0.9,NA
"quant",4,40,39,0.91,NA
"quant",4,40,39,0.92,NA
"quant",4,40,39,0.93,NA
"quant",4,40,39,0.94,NA
"quant",4,40,39,0.95,NA
"quant",4,40,39,0.96,NA
"quant",4,40,39,0.97,NA
"quant",4,40,39,0.98,NA
"quant",4,40,39,0.99,NA
"quant",4,40,39,0.995,NA
"quant",4,40,40,0.9,NA
"quant",4,40,40,0.91,NA
"quant",4,40,40,0.92,NA
"quant",4,40,40,0.93,NA
"quant",4,40,40,0.94,NA
"quant",4,40,40,0.95,NA
"quant",4,40,40,0.96,NA
"quant",4,40,40,0.97,NA
"quant",4,40,40,0.98,NA
"quant",4,40,40,0.99,NA
"quant",4,40,40,0.995,NA
"quant",4,40,41,0.9,NA
"quant",4,40,41,0.91,NA
"quant",4,40,41,0.92,NA
"quant",4,40,41,0.93,NA
"quant",4,40,41,0.94,NA
"quant",4,40,41,0.95,NA
"quant",4,40,41,0.96,NA
"quant",4,40,41,0.97,NA
"quant",4,40,41,0.98,NA
"quant",4,40,41,0.99,NA
"quant",4,40,41,0.995,NA
"quant",4,40,42,0.9,NA
"quant",4,40,42,0.91,NA
"quant",4,40,42,0.92,NA
"quant",4,40,42,0.93,NA
"quant",4,40,42,0.94,NA
"quant",4,40,42,0.95,NA
"quant",4,40,42,0.96,NA
"quant",4,40,42,0.97,NA
"quant",4,40,42,0.98,NA
"quant",4,40,42,0.99,NA
"quant",4,40,42,0.995,NA
"quant",4,40,43,0.9,NA
"quant",4,40,43,0.91,NA
"quant",4,40,43,0.92,NA
"quant",4,40,43,0.93,NA
"quant",4,40,43,0.94,NA
"quant",4,40,43,0.95,NA
"quant",4,40,43,0.96,NA
"quant",4,40,43,0.97,NA
"quant",4,40,43,0.98,NA
"quant",4,40,43,0.99,NA
"quant",4,40,43,0.995,NA
"quant",4,40,44,0.9,NA
"quant",4,40,44,0.91,NA
"quant",4,40,44,0.92,NA
"quant",4,40,44,0.93,NA
"quant",4,40,44,0.94,NA
"quant",4,40,44,0.95,NA
"quant",4,40,44,0.96,NA
"quant",4,40,44,0.97,NA
"quant",4,40,44,0.98,NA
"quant",4,40,44,0.99,NA
"quant",4,40,44,0.995,NA
"quant",4,40,45,0.9,NA
"quant",4,40,45,0.91,NA
"quant",4,40,45,0.92,NA
"quant",4,40,45,0.93,NA
"quant",4,40,45,0.94,NA
"quant",4,40,45,0.95,NA
"quant",4,40,45,0.96,NA
"quant",4,40,45,0.97,NA
"quant",4,40,45,0.98,NA
"quant",4,40,45,0.99,NA
"quant",4,40,45,0.995,NA
"quant",4,40,46,0.9,NA
"quant",4,40,46,0.91,NA
"quant",4,40,46,0.92,NA
"quant",4,40,46,0.93,NA
"quant",4,40,46,0.94,NA
"quant",4,40,46,0.95,NA
"quant",4,40,46,0.96,NA
"quant",4,40,46,0.97,NA
"quant",4,40,46,0.98,NA
"quant",4,40,46,0.99,NA
"quant",4,40,46,0.995,NA
"quant",4,40,47,0.9,NA
"quant",4,40,47,0.91,NA
"quant",4,40,47,0.92,NA
"quant",4,40,47,0.93,NA
"quant",4,40,47,0.94,NA
"quant",4,40,47,0.95,NA
"quant",4,40,47,0.96,NA
"quant",4,40,47,0.97,NA
"quant",4,40,47,0.98,NA
"quant",4,40,47,0.99,NA
"quant",4,40,47,0.995,NA
"quant",4,40,48,0.9,NA
"quant",4,40,48,0.91,NA
"quant",4,40,48,0.92,NA
"quant",4,40,48,0.93,NA
"quant",4,40,48,0.94,NA
"quant",4,40,48,0.95,NA
"quant",4,40,48,0.96,NA
"quant",4,40,48,0.97,NA
"quant",4,40,48,0.98,NA
"quant",4,40,48,0.99,NA
"quant",4,40,48,0.995,NA
"quant",4,40,49,0.9,NA
"quant",4,40,49,0.91,NA
"quant",4,40,49,0.92,NA
"quant",4,40,49,0.93,NA
"quant",4,40,49,0.94,NA
"quant",4,40,49,0.95,NA
"quant",4,40,49,0.96,NA
"quant",4,40,49,0.97,NA
"quant",4,40,49,0.98,NA
"quant",4,40,49,0.99,NA
"quant",4,40,49,0.995,NA
"quant",4,40,50,0.9,NA
"quant",4,40,50,0.91,NA
"quant",4,40,50,0.92,NA
"quant",4,40,50,0.93,NA
"quant",4,40,50,0.94,NA
"quant",4,40,50,0.95,NA
"quant",4,40,50,0.96,NA
"quant",4,40,50,0.97,NA
"quant",4,40,50,0.98,NA
"quant",4,40,50,0.99,NA
"quant",4,40,50,0.995,NA
"quant",5,40,1,0.9,3.72427637576997
"quant",5,40,1,0.91,3.56933861408255
"quant",5,40,1,0.92,3.40088617076085
"quant",5,40,1,0.93,3.2163476957048
"quant",5,40,1,0.94,3.01167117806624
"quant",5,40,1,0.95,2.78576682332026
"quant",5,40,1,0.96,2.52057218988677
"quant",5,40,1,0.97,2.18553159607139
"quant",5,40,1,0.98,1.74800707041786
"quant",5,40,1,0.99,1.18916348280131
"quant",5,40,1,0.995,0.702786537538671
"quant",5,40,2,0.9,2.06717106937497
"quant",5,40,2,0.91,1.92491469452312
"quant",5,40,2,0.92,1.76848061760517
"quant",5,40,2,0.93,1.60401340819305
"quant",5,40,2,0.94,1.43153348842729
"quant",5,40,2,0.95,1.24845325830569
"quant",5,40,2,0.96,1.05429420971713
"quant",5,40,2,0.97,0.848889672732911
"quant",5,40,2,0.98,0.625065654599696
"quant",5,40,2,0.99,0.353879407996176
"quant",5,40,2,0.995,0.200251571798129
"quant",5,40,3,0.9,2.33584740044943
"quant",5,40,3,0.91,2.21553211333583
"quant",5,40,3,0.92,2.08448797564977
"quant",5,40,3,0.93,1.94211120708612
"quant",5,40,3,0.94,1.78923178929101
"quant",5,40,3,0.95,1.62396931693811
"quant",5,40,3,0.96,1.44656942243694
"quant",5,40,3,0.97,1.24792412245911
"quant",5,40,3,0.98,1.00979206104575
"quant",5,40,3,0.99,0.674509044895069
"quant",5,40,3,0.995,0.345912181775077
"quant",5,40,4,0.9,5.60158437322304
"quant",5,40,4,0.91,5.4461509576007
"quant",5,40,4,0.92,5.25193442566373
"quant",5,40,4,0.93,5.02137893369531
"quant",5,40,4,0.94,4.75603551847082
"quant",5,40,4,0.95,4.43145755065299
"quant",5,40,4,0.96,3.99574880877467
"quant",5,40,4,0.97,3.34393495465543
"quant",5,40,4,0.98,2.43299204699847
"quant",5,40,4,0.99,1.19528726244262
"quant",5,40,4,0.995,0.628655379361427
"quant",5,40,5,0.9,2.09791796704515
"quant",5,40,5,0.91,1.95918495385773
"quant",5,40,5,0.92,1.80932969791843
"quant",5,40,5,0.93,1.64544839155673
"quant",5,40,5,0.94,1.46973051318902
"quant",5,40,5,0.95,1.28008453809444
"quant",5,40,5,0.96,1.07970459353344
"quant",5,40,5,0.97,0.864076300441752
"quant",5,40,5,0.98,0.623918313173437
"quant",5,40,5,0.99,0.364023636545711
"quant",5,40,5,0.995,0.218484670672506
"quant",5,40,6,0.9,4.27983165069117
"quant",5,40,6,0.91,4.15718122894931
"quant",5,40,6,0.92,4.01155154659314
"quant",5,40,6,0.93,3.82639863888511
"quant",5,40,6,0.94,3.59286286842296
"quant",5,40,6,0.95,3.29673417216937
"quant",5,40,6,0.96,2.91758947586115
"quant",5,40,6,0.97,2.43233440195665
"quant",5,40,6,0.98,1.76744767144599
"quant",5,40,6,0.99,0.84300163537054
"quant",5,40,6,0.995,0.467166072218855
"quant",5,40,7,0.9,4.7711167963506
"quant",5,40,7,0.91,4.6429000676769
"quant",5,40,7,0.92,4.47710667517356
"quant",5,40,7,0.93,4.26052506545047
"quant",5,40,7,0.94,3.99042854477769
"quant",5,40,7,0.95,3.6245467332497
"quant",5,40,7,0.96,3.12659972584833
"quant",5,40,7,0.97,2.47643292406473
"quant",5,40,7,0.98,1.82383501292193
"quant",5,40,7,0.99,1.12719214162843
"quant",5,40,7,0.995,0.60685253154932
"quant",5,40,8,0.9,1.90542196611934
"quant",5,40,8,0.91,1.80111094586284
"quant",5,40,8,0.92,1.6894818713572
"quant",5,40,8,0.93,1.57283497869361
"quant",5,40,8,0.94,1.44713598143096
"quant",5,40,8,0.95,1.30786517369246
"quant",5,40,8,0.96,1.15388511754813
"quant",5,40,8,0.97,0.973730479383806
"quant",5,40,8,0.98,0.744044240875275
"quant",5,40,8,0.99,0.41497476509322
"quant",5,40,8,0.995,0.213888530785645
"quant",5,40,9,0.9,2.51354110536797
"quant",5,40,9,0.91,2.37540594531882
"quant",5,40,9,0.92,2.22201062816166
"quant",5,40,9,0.93,2.05094513045084
"quant",5,40,9,0.94,1.86403654697907
"quant",5,40,9,0.95,1.65585011709644
"quant",5,40,9,0.96,1.41383719442086
"quant",5,40,9,0.97,1.12060787286901
"quant",5,40,9,0.98,0.780231113787489
"quant",5,40,9,0.99,0.419203796735529
"quant",5,40,9,0.995,0.255542753530549
"quant",5,40,10,0.9,3.84919860223888
"quant",5,40,10,0.91,3.67890444288602
"quant",5,40,10,0.92,3.48786456349154
"quant",5,40,10,0.93,3.27705765153937
"quant",5,40,10,0.94,3.03937366368075
"quant",5,40,10,0.95,2.77322160453174
"quant",5,40,10,0.96,2.47755287971435
"quant",5,40,10,0.97,2.14167464708167
"quant",5,40,10,0.98,1.74704923504291
"quant",5,40,10,0.99,1.23157009098618
"quant",5,40,10,0.995,0.653312201171343
"quant",5,40,11,0.9,NA
"quant",5,40,11,0.91,NA
"quant",5,40,11,0.92,NA
"quant",5,40,11,0.93,NA
"quant",5,40,11,0.94,NA
"quant",5,40,11,0.95,NA
"quant",5,40,11,0.96,NA
"quant",5,40,11,0.97,NA
"quant",5,40,11,0.98,NA
"quant",5,40,11,0.99,NA
"quant",5,40,11,0.995,NA
"quant",5,40,12,0.9,NA
"quant",5,40,12,0.91,NA
"quant",5,40,12,0.92,NA
"quant",5,40,12,0.93,NA
"quant",5,40,12,0.94,NA
"quant",5,40,12,0.95,NA
"quant",5,40,12,0.96,NA
"quant",5,40,12,0.97,NA
"quant",5,40,12,0.98,NA
"quant",5,40,12,0.99,NA
"quant",5,40,12,0.995,NA
"quant",5,40,13,0.9,NA
"quant",5,40,13,0.91,NA
"quant",5,40,13,0.92,NA
"quant",5,40,13,0.93,NA
"quant",5,40,13,0.94,NA
"quant",5,40,13,0.95,NA
"quant",5,40,13,0.96,NA
"quant",5,40,13,0.97,NA
"quant",5,40,13,0.98,NA
"quant",5,40,13,0.99,NA
"quant",5,40,13,0.995,NA
"quant",5,40,14,0.9,NA
"quant",5,40,14,0.91,NA
"quant",5,40,14,0.92,NA
"quant",5,40,14,0.93,NA
"quant",5,40,14,0.94,NA
"quant",5,40,14,0.95,NA
"quant",5,40,14,0.96,NA
"quant",5,40,14,0.97,NA
"quant",5,40,14,0.98,NA
"quant",5,40,14,0.99,NA
"quant",5,40,14,0.995,NA
"quant",5,40,15,0.9,NA
"quant",5,40,15,0.91,NA
"quant",5,40,15,0.92,NA
"quant",5,40,15,0.93,NA
"quant",5,40,15,0.94,NA
"quant",5,40,15,0.95,NA
"quant",5,40,15,0.96,NA
"quant",5,40,15,0.97,NA
"quant",5,40,15,0.98,NA
"quant",5,40,15,0.99,NA
"quant",5,40,15,0.995,NA
"quant",5,40,16,0.9,NA
"quant",5,40,16,0.91,NA
"quant",5,40,16,0.92,NA
"quant",5,40,16,0.93,NA
"quant",5,40,16,0.94,NA
"quant",5,40,16,0.95,NA
"quant",5,40,16,0.96,NA
"quant",5,40,16,0.97,NA
"quant",5,40,16,0.98,NA
"quant",5,40,16,0.99,NA
"quant",5,40,16,0.995,NA
"quant",5,40,17,0.9,NA
"quant",5,40,17,0.91,NA
"quant",5,40,17,0.92,NA
"quant",5,40,17,0.93,NA
"quant",5,40,17,0.94,NA
"quant",5,40,17,0.95,NA
"quant",5,40,17,0.96,NA
"quant",5,40,17,0.97,NA
"quant",5,40,17,0.98,NA
"quant",5,40,17,0.99,NA
"quant",5,40,17,0.995,NA
"quant",5,40,18,0.9,NA
"quant",5,40,18,0.91,NA
"quant",5,40,18,0.92,NA
"quant",5,40,18,0.93,NA
"quant",5,40,18,0.94,NA
"quant",5,40,18,0.95,NA
"quant",5,40,18,0.96,NA
"quant",5,40,18,0.97,NA
"quant",5,40,18,0.98,NA
"quant",5,40,18,0.99,NA
"quant",5,40,18,0.995,NA
"quant",5,40,19,0.9,NA
"quant",5,40,19,0.91,NA
"quant",5,40,19,0.92,NA
"quant",5,40,19,0.93,NA
"quant",5,40,19,0.94,NA
"quant",5,40,19,0.95,NA
"quant",5,40,19,0.96,NA
"quant",5,40,19,0.97,NA
"quant",5,40,19,0.98,NA
"quant",5,40,19,0.99,NA
"quant",5,40,19,0.995,NA
"quant",5,40,20,0.9,NA
"quant",5,40,20,0.91,NA
"quant",5,40,20,0.92,NA
"quant",5,40,20,0.93,NA
"quant",5,40,20,0.94,NA
"quant",5,40,20,0.95,NA
"quant",5,40,20,0.96,NA
"quant",5,40,20,0.97,NA
"quant",5,40,20,0.98,NA
"quant",5,40,20,0.99,NA
"quant",5,40,20,0.995,NA
"quant",5,40,21,0.9,NA
"quant",5,40,21,0.91,NA
"quant",5,40,21,0.92,NA
"quant",5,40,21,0.93,NA
"quant",5,40,21,0.94,NA
"quant",5,40,21,0.95,NA
"quant",5,40,21,0.96,NA
"quant",5,40,21,0.97,NA
"quant",5,40,21,0.98,NA
"quant",5,40,21,0.99,NA
"quant",5,40,21,0.995,NA
"quant",5,40,22,0.9,NA
"quant",5,40,22,0.91,NA
"quant",5,40,22,0.92,NA
"quant",5,40,22,0.93,NA
"quant",5,40,22,0.94,NA
"quant",5,40,22,0.95,NA
"quant",5,40,22,0.96,NA
"quant",5,40,22,0.97,NA
"quant",5,40,22,0.98,NA
"quant",5,40,22,0.99,NA
"quant",5,40,22,0.995,NA
"quant",5,40,23,0.9,NA
"quant",5,40,23,0.91,NA
"quant",5,40,23,0.92,NA
"quant",5,40,23,0.93,NA
"quant",5,40,23,0.94,NA
"quant",5,40,23,0.95,NA
"quant",5,40,23,0.96,NA
"quant",5,40,23,0.97,NA
"quant",5,40,23,0.98,NA
"quant",5,40,23,0.99,NA
"quant",5,40,23,0.995,NA
"quant",5,40,24,0.9,NA
"quant",5,40,24,0.91,NA
"quant",5,40,24,0.92,NA
"quant",5,40,24,0.93,NA
"quant",5,40,24,0.94,NA
"quant",5,40,24,0.95,NA
"quant",5,40,24,0.96,NA
"quant",5,40,24,0.97,NA
"quant",5,40,24,0.98,NA
"quant",5,40,24,0.99,NA
"quant",5,40,24,0.995,NA
"quant",5,40,25,0.9,NA
"quant",5,40,25,0.91,NA
"quant",5,40,25,0.92,NA
"quant",5,40,25,0.93,NA
"quant",5,40,25,0.94,NA
"quant",5,40,25,0.95,NA
"quant",5,40,25,0.96,NA
"quant",5,40,25,0.97,NA
"quant",5,40,25,0.98,NA
"quant",5,40,25,0.99,NA
"quant",5,40,25,0.995,NA
"quant",5,40,26,0.9,NA
"quant",5,40,26,0.91,NA
"quant",5,40,26,0.92,NA
"quant",5,40,26,0.93,NA
"quant",5,40,26,0.94,NA
"quant",5,40,26,0.95,NA
"quant",5,40,26,0.96,NA
"quant",5,40,26,0.97,NA
"quant",5,40,26,0.98,NA
"quant",5,40,26,0.99,NA
"quant",5,40,26,0.995,NA
"quant",5,40,27,0.9,NA
"quant",5,40,27,0.91,NA
"quant",5,40,27,0.92,NA
"quant",5,40,27,0.93,NA
"quant",5,40,27,0.94,NA
"quant",5,40,27,0.95,NA
"quant",5,40,27,0.96,NA
"quant",5,40,27,0.97,NA
"quant",5,40,27,0.98,NA
"quant",5,40,27,0.99,NA
"quant",5,40,27,0.995,NA
"quant",5,40,28,0.9,NA
"quant",5,40,28,0.91,NA
"quant",5,40,28,0.92,NA
"quant",5,40,28,0.93,NA
"quant",5,40,28,0.94,NA
"quant",5,40,28,0.95,NA
"quant",5,40,28,0.96,NA
"quant",5,40,28,0.97,NA
"quant",5,40,28,0.98,NA
"quant",5,40,28,0.99,NA
"quant",5,40,28,0.995,NA
"quant",5,40,29,0.9,NA
"quant",5,40,29,0.91,NA
"quant",5,40,29,0.92,NA
"quant",5,40,29,0.93,NA
"quant",5,40,29,0.94,NA
"quant",5,40,29,0.95,NA
"quant",5,40,29,0.96,NA
"quant",5,40,29,0.97,NA
"quant",5,40,29,0.98,NA
"quant",5,40,29,0.99,NA
"quant",5,40,29,0.995,NA
"quant",5,40,30,0.9,NA
"quant",5,40,30,0.91,NA
"quant",5,40,30,0.92,NA
"quant",5,40,30,0.93,NA
"quant",5,40,30,0.94,NA
"quant",5,40,30,0.95,NA
"quant",5,40,30,0.96,NA
"quant",5,40,30,0.97,NA
"quant",5,40,30,0.98,NA
"quant",5,40,30,0.99,NA
"quant",5,40,30,0.995,NA
"quant",5,40,31,0.9,NA
"quant",5,40,31,0.91,NA
"quant",5,40,31,0.92,NA
"quant",5,40,31,0.93,NA
"quant",5,40,31,0.94,NA
"quant",5,40,31,0.95,NA
"quant",5,40,31,0.96,NA
"quant",5,40,31,0.97,NA
"quant",5,40,31,0.98,NA
"quant",5,40,31,0.99,NA
"quant",5,40,31,0.995,NA
"quant",5,40,32,0.9,NA
"quant",5,40,32,0.91,NA
"quant",5,40,32,0.92,NA
"quant",5,40,32,0.93,NA
"quant",5,40,32,0.94,NA
"quant",5,40,32,0.95,NA
"quant",5,40,32,0.96,NA
"quant",5,40,32,0.97,NA
"quant",5,40,32,0.98,NA
"quant",5,40,32,0.99,NA
"quant",5,40,32,0.995,NA
"quant",5,40,33,0.9,NA
"quant",5,40,33,0.91,NA
"quant",5,40,33,0.92,NA
"quant",5,40,33,0.93,NA
"quant",5,40,33,0.94,NA
"quant",5,40,33,0.95,NA
"quant",5,40,33,0.96,NA
"quant",5,40,33,0.97,NA
"quant",5,40,33,0.98,NA
"quant",5,40,33,0.99,NA
"quant",5,40,33,0.995,NA
"quant",5,40,34,0.9,NA
"quant",5,40,34,0.91,NA
"quant",5,40,34,0.92,NA
"quant",5,40,34,0.93,NA
"quant",5,40,34,0.94,NA
"quant",5,40,34,0.95,NA
"quant",5,40,34,0.96,NA
"quant",5,40,34,0.97,NA
"quant",5,40,34,0.98,NA
"quant",5,40,34,0.99,NA
"quant",5,40,34,0.995,NA
"quant",5,40,35,0.9,NA
"quant",5,40,35,0.91,NA
"quant",5,40,35,0.92,NA
"quant",5,40,35,0.93,NA
"quant",5,40,35,0.94,NA
"quant",5,40,35,0.95,NA
"quant",5,40,35,0.96,NA
"quant",5,40,35,0.97,NA
"quant",5,40,35,0.98,NA
"quant",5,40,35,0.99,NA
"quant",5,40,35,0.995,NA
"quant",5,40,36,0.9,NA
"quant",5,40,36,0.91,NA
"quant",5,40,36,0.92,NA
"quant",5,40,36,0.93,NA
"quant",5,40,36,0.94,NA
"quant",5,40,36,0.95,NA
"quant",5,40,36,0.96,NA
"quant",5,40,36,0.97,NA
"quant",5,40,36,0.98,NA
"quant",5,40,36,0.99,NA
"quant",5,40,36,0.995,NA
"quant",5,40,37,0.9,NA
"quant",5,40,37,0.91,NA
"quant",5,40,37,0.92,NA
"quant",5,40,37,0.93,NA
"quant",5,40,37,0.94,NA
"quant",5,40,37,0.95,NA
"quant",5,40,37,0.96,NA
"quant",5,40,37,0.97,NA
"quant",5,40,37,0.98,NA
"quant",5,40,37,0.99,NA
"quant",5,40,37,0.995,NA
"quant",5,40,38,0.9,NA
"quant",5,40,38,0.91,NA
"quant",5,40,38,0.92,NA
"quant",5,40,38,0.93,NA
"quant",5,40,38,0.94,NA
"quant",5,40,38,0.95,NA
"quant",5,40,38,0.96,NA
"quant",5,40,38,0.97,NA
"quant",5,40,38,0.98,NA
"quant",5,40,38,0.99,NA
"quant",5,40,38,0.995,NA
"quant",5,40,39,0.9,NA
"quant",5,40,39,0.91,NA
"quant",5,40,39,0.92,NA
"quant",5,40,39,0.93,NA
"quant",5,40,39,0.94,NA
"quant",5,40,39,0.95,NA
"quant",5,40,39,0.96,NA
"quant",5,40,39,0.97,NA
"quant",5,40,39,0.98,NA
"quant",5,40,39,0.99,NA
"quant",5,40,39,0.995,NA
"quant",5,40,40,0.9,NA
"quant",5,40,40,0.91,NA
"quant",5,40,40,0.92,NA
"quant",5,40,40,0.93,NA
"quant",5,40,40,0.94,NA
"quant",5,40,40,0.95,NA
"quant",5,40,40,0.96,NA
"quant",5,40,40,0.97,NA
"quant",5,40,40,0.98,NA
"quant",5,40,40,0.99,NA
"quant",5,40,40,0.995,NA
"quant",5,40,41,0.9,NA
"quant",5,40,41,0.91,NA
"quant",5,40,41,0.92,NA
"quant",5,40,41,0.93,NA
"quant",5,40,41,0.94,NA
"quant",5,40,41,0.95,NA
"quant",5,40,41,0.96,NA
"quant",5,40,41,0.97,NA
"quant",5,40,41,0.98,NA
"quant",5,40,41,0.99,NA
"quant",5,40,41,0.995,NA
"quant",5,40,42,0.9,NA
"quant",5,40,42,0.91,NA
"quant",5,40,42,0.92,NA
"quant",5,40,42,0.93,NA
"quant",5,40,42,0.94,NA
"quant",5,40,42,0.95,NA
"quant",5,40,42,0.96,NA
"quant",5,40,42,0.97,NA
"quant",5,40,42,0.98,NA
"quant",5,40,42,0.99,NA
"quant",5,40,42,0.995,NA
"quant",5,40,43,0.9,NA
"quant",5,40,43,0.91,NA
"quant",5,40,43,0.92,NA
"quant",5,40,43,0.93,NA
"quant",5,40,43,0.94,NA
"quant",5,40,43,0.95,NA
"quant",5,40,43,0.96,NA
"quant",5,40,43,0.97,NA
"quant",5,40,43,0.98,NA
"quant",5,40,43,0.99,NA
"quant",5,40,43,0.995,NA
"quant",5,40,44,0.9,NA
"quant",5,40,44,0.91,NA
"quant",5,40,44,0.92,NA
"quant",5,40,44,0.93,NA
"quant",5,40,44,0.94,NA
"quant",5,40,44,0.95,NA
"quant",5,40,44,0.96,NA
"quant",5,40,44,0.97,NA
"quant",5,40,44,0.98,NA
"quant",5,40,44,0.99,NA
"quant",5,40,44,0.995,NA
"quant",5,40,45,0.9,NA
"quant",5,40,45,0.91,NA
"quant",5,40,45,0.92,NA
"quant",5,40,45,0.93,NA
"quant",5,40,45,0.94,NA
"quant",5,40,45,0.95,NA
"quant",5,40,45,0.96,NA
"quant",5,40,45,0.97,NA
"quant",5,40,45,0.98,NA
"quant",5,40,45,0.99,NA
"quant",5,40,45,0.995,NA
"quant",5,40,46,0.9,NA
"quant",5,40,46,0.91,NA
"quant",5,40,46,0.92,NA
"quant",5,40,46,0.93,NA
"quant",5,40,46,0.94,NA
"quant",5,40,46,0.95,NA
"quant",5,40,46,0.96,NA
"quant",5,40,46,0.97,NA
"quant",5,40,46,0.98,NA
"quant",5,40,46,0.99,NA
"quant",5,40,46,0.995,NA
"quant",5,40,47,0.9,NA
"quant",5,40,47,0.91,NA
"quant",5,40,47,0.92,NA
"quant",5,40,47,0.93,NA
"quant",5,40,47,0.94,NA
"quant",5,40,47,0.95,NA
"quant",5,40,47,0.96,NA
"quant",5,40,47,0.97,NA
"quant",5,40,47,0.98,NA
"quant",5,40,47,0.99,NA
"quant",5,40,47,0.995,NA
"quant",5,40,48,0.9,NA
"quant",5,40,48,0.91,NA
"quant",5,40,48,0.92,NA
"quant",5,40,48,0.93,NA
"quant",5,40,48,0.94,NA
"quant",5,40,48,0.95,NA
"quant",5,40,48,0.96,NA
"quant",5,40,48,0.97,NA
"quant",5,40,48,0.98,NA
"quant",5,40,48,0.99,NA
"quant",5,40,48,0.995,NA
"quant",5,40,49,0.9,NA
"quant",5,40,49,0.91,NA
"quant",5,40,49,0.92,NA
"quant",5,40,49,0.93,NA
"quant",5,40,49,0.94,NA
"quant",5,40,49,0.95,NA
"quant",5,40,49,0.96,NA
"quant",5,40,49,0.97,NA
"quant",5,40,49,0.98,NA
"quant",5,40,49,0.99,NA
"quant",5,40,49,0.995,NA
"quant",5,40,50,0.9,NA
"quant",5,40,50,0.91,NA
"quant",5,40,50,0.92,NA
"quant",5,40,50,0.93,NA
"quant",5,40,50,0.94,NA
"quant",5,40,50,0.95,NA
"quant",5,40,50,0.96,NA
"quant",5,40,50,0.97,NA
"quant",5,40,50,0.98,NA
"quant",5,40,50,0.99,NA
"quant",5,40,50,0.995,NA
