"setting","method","dataset","block","param","mean","sd","q025","q50","q975","truth","truth_is_generating","covered"
7,1,1,1,"beta0",9.72671959227944,0.174100214314142,9.37012550089153,9.73231763942846,10.0553027259591,10,TRUE,TRUE
7,1,1,1,"beta1",0.0188615688514194,0.0142833669242085,-0.00955736807765798,0.018859904906338,0.0464248199811875,0,TRUE,TRUE
7,1,1,1,"beta2",0.0405913485231091,0.0142602526498205,0.0126924712341712,0.0404699087382469,0.06835204159479,0,TRUE,FALSE
7,1,1,1,"lambda",0.807803428080377,0.111446695203872,0.611689547557949,0.799626775906484,1.04987446354331,3,TRUE,FALSE
7,1,1,1,"rho",1.12379814671413,0.119578467059802,0.902453159069523,1.12646897455173,1.36864404180594,1,TRUE,TRUE
7,1,1,1,"nu",0.415227773300094,0.05522404596381,0.341187133289182,0.400162000581685,0.544101520678148,0.5,TRUE,TRUE
7,1,1,1,"gamma",0.953674118734812,0.03284910070548,0.880989659810026,0.961097073081884,0.997691305054079,0.9,TRUE,TRUE
7,1,1,1,"tau.alpha",4.3765,0.478380219870634,3.25,4.45,5,3,TRUE,FALSE
7,1,1,1,"tau.beta",11.8129914159872,1.55984872551441,8.4642498952446,11.957631558,14.5478207059509,8,TRUE,FALSE
7,1,1,1,"phi.z1",NA,NA,NA,NA,NA,0.580645161290323,FALSE,NA
7,1,1,1,"phi.z2",NA,NA,NA,NA,NA,0.290322580645161,FALSE,NA
7,1,1,1,"phi.tau1",NA,NA,NA,NA,NA,0.580645161290323,FALSE,NA
7,1,1,1,"phi.tau2",NA,NA,NA,NA,NA,0.290322580645161,FALSE,NA
7,1,1,1,"phi.w1",NA,NA,NA,NA,NA,NA,FALSE,NA
7,1,1,1,"phi.w2",NA,NA,NA,NA,NA,NA,FALSE,NA
7,1,1,2,"beta0",9.92079393452477,0.147200584693282,9.62071399430542,9.92521354070358,10.2000675107328,10,TRUE,TRUE
7,1,1,2,"beta1",0.0128763317085026,0.01187376682329,-0.0104888354669805,0.0128967195071232,0.0357510065327133,0,TRUE,TRUE
7,1,1,2,"beta2",0.0184551371308837,0.0116714741635356,-0.00430738154364421,0.0184368716861903,0.041332624888029,0,TRUE,TRUE
7,1,1,2,"lambda",1.1243646090448,0.105921358953299,0.940457713860879,1.115451030942,1.3513982293225,3,TRUE,FALSE
7,1,1,2,"rho",1.18485384213109,0.101195019767247,1.01622359151033,1.17704835004727,1.40988263129532,1,TRUE,FALSE
7,1,1,2,"nu",0.408384215382774,0.0412769229883428,0.338496521912096,0.404504236925846,0.490217608228133,0.5,TRUE,FALSE
7,1,1,2,"gamma",0.955066949281843,0.026160531838364,0.905303324641006,0.956204386228569,0.998030131089645,0.9,TRUE,FALSE
7,1,1,2,"tau.alpha",4.60044,0.34390206929201,3.75,4.7,5,3,TRUE,FALSE
7,1,1,2,"tau.beta",12.7638043516206,1.19037832371269,10.0676552734153,12.8689844379561,14.8321503101694,8,TRUE,FALSE
7,1,1,2,"phi.z1",NA,NA,NA,NA,NA,0.580645161290323,FALSE,NA
7,1,1,2,"phi.z2",NA,NA,NA,NA,NA,0.290322580645161,FALSE,NA
7,1,1,2,"phi.tau1",NA,NA,NA,NA,NA,0.580645161290323,FALSE,NA
7,1,1,2,"phi.tau2",NA,NA,NA,NA,NA,0.290322580645161,FALSE,NA
7,1,1,2,"phi.w1",NA,NA,NA,NA,NA,NA,FALSE,NA
7,1,1,2,"phi.w2",NA,NA,NA,NA,NA,NA,FALSE,NA
7,1,1,3,"beta0",10.0295260071907,0.12880586232908,9.76823190967354,10.0324315677444,10.2739802767616,10,TRUE,TRUE
7,1,1,3,"beta1",0.00485452126568476,0.0100542431541934,-0.014628513280902,0.00485151092758112,0.024893899877636,0,TRUE,TRUE
7,1,1,3,"beta2",0.0181373795838002,0.010010486780675,-0.00179970849664893,0.0182063517433988,0.0376402284710238,0,TRUE,TRUE
7,1,1,3,"lambda",1.27065584599061,0.102593462689112,1.08294106074755,1.26737421388264,1.49410940042108,3,TRUE,FALSE
7,1,1,3,"rho",1.14510107628148,0.0746906834641732,1.01153987346515,1.13853182309354,1.30702483790251,1,TRUE,FALSE
7,1,1,3,"nu",0.426952560910835,0.0342159148684347,0.363809875840339,0.426893872442079,0.491359932179525,0.5,TRUE,FALSE
7,1,1,3,"gamma",0.945151938380189,0.0216386009354753,0.905208688873331,0.943903996613213,0.988268478428182,0.9,TRUE,FALSE
7,1,1,3,"tau.alpha",4.719495,0.25368608680427,4.1,4.8,5,3,TRUE,FALSE
7,1,1,3,"tau.beta",13.4501474149931,0.959486358853895,11.4274446943634,13.5060843025367,15.1598038652682,8,TRUE,FALSE
7,1,1,3,"phi.z1",NA,NA,NA,NA,NA,0.580645161290323,FALSE,NA
7,1,1,3,"phi.z2",NA,NA,NA,NA,NA,0.290322580645161,FALSE,NA
7,1,1,3,"phi.tau1",NA,NA,NA,NA,NA,0.580645161290323,FALSE,NA
7,1,1,3,"phi.tau2",NA,NA,NA,NA,NA,0.290322580645161,FALSE,NA
7,1,1,3,"phi.w1",NA,NA,NA,NA,NA,NA,FALSE,NA
7,1,1,3,"phi.w2",NA,NA,NA,NA,NA,NA,FALSE,NA
7,1,1,4,"beta0",10.0331947947204,0.124679935574437,9.78385982904997,10.035185483634,10.2733461480415,10,TRUE,TRUE
7,1,1,4,"beta1",0.00721712963376692,0.00869885958023689,-0.00981678856106851,0.00717652224394758,0.0243853205101067,0,TRUE,TRUE
7,1,1,4,"beta2",0.0156385747359741,0.00871768160979536,-0.0014621487492165,0.0156509676271026,0.032757279591561,0,TRUE,TRUE
7,1,1,4,"lambda",1.61385498789758,0.106805814100728,1.41923179901825,1.6091607794063,1.84229619018811,3,TRUE,FALSE
7,1,1,4,"rho",1.14422014898288,0.072608045492272,1.00993830359338,1.14438800566905,1.29114285841081,1,TRUE,FALSE
7,1,1,4,"nu",0.432170533860142,0.0357985752315142,0.367919205113059,0.429503873798354,0.506937649600291,0.5,TRUE,TRUE
7,1,1,4,"gamma",0.939043116109686,0.0213015460823788,0.898835895695224,0.938668962008453,0.982957454577023,0.9,TRUE,TRUE
7,1,1,4,"tau.alpha",4.81565,0.190142559463398,4.3,4.85,5,3,TRUE,FALSE
7,1,1,4,"tau.beta",13.461154283357,0.78732170939165,11.7665310423718,13.5041744699736,14.911473551651,8,TRUE,FALSE
7,1,1,4,"phi.z1",NA,NA,NA,NA,NA,0.580645161290323,FALSE,NA
7,1,1,4,"phi.z2",NA,NA,NA,NA,NA,0.290322580645161,FALSE,NA
7,1,1,4,"phi.tau1",NA,NA,NA,NA,NA,0.580645161290323,FALSE,NA
7,1,1,4,"phi.tau2",NA,NA,NA,NA,NA,0.290322580645161,FALSE,NA
7,1,1,4,"phi.w1",NA,NA,NA,NA,NA,NA,FALSE,NA
7,1,1,4,"phi.w2",NA,NA,NA,NA,NA,NA,FALSE,NA
7,1,1,5,"beta0",10.0523696605329,0.117273316219891,9.81342624725238,10.05411997428,10.2743073188899,10,TRUE,TRUE
7,1,1,5,"beta1",0.00978431118408385,0.00786954289008496,-0.00585395833671711,0.00976838979196523,0.0254253355444212,0,TRUE,TRUE
7,1,1,5,"beta2",0.0128798564695832,0.00782152482428515,-0.00240605626339344,0.0129035391617217,0.0281802671803385,0,TRUE,TRUE
7,1,1,5,"lambda",1.87111742823504,0.128143448463965,1.63367555020946,1.86448951312021,2.13769632616393,3,TRUE,FALSE
7,1,1,5,"rho",1.12510220035079,0.0766001051520252,0.992666274622061,1.11780699601435,1.29970957913808,1,TRUE,TRUE
7,1,1,5,"nu",0.45252330677607,0.0400565893809103,0.362572449891627,0.452982479259555,0.528417116293024,0.5,TRUE,TRUE
7,1,1,5,"gamma",0.928569917841784,0.0230974138776703,0.891048986501713,0.926124236138893,0.987745772932552,0.9,TRUE,TRUE
7,1,1,5,"tau.alpha",4.84993,0.159666979850079,4.45,4.9,5,3,TRUE,FALSE
7,1,1,5,"tau.beta",13.4784703030634,0.679309008984407,12.0013057866823,13.5170422535834,14.6994711939303,8,TRUE,FALSE
7,1,1,5,"phi.z1",NA,NA,NA,NA,NA,0.580645161290323,FALSE,NA
7,1,1,5,"phi.z2",NA,NA,NA,NA,NA,0.290322580645161,FALSE,NA
7,1,1,5,"phi.tau1",NA,NA,NA,NA,NA,0.580645161290323,FALSE,NA
7,1,1,5,"phi.tau2",NA,NA,NA,NA,NA,0.290322580645161,FALSE,NA
7,1,1,5,"phi.w1",NA,NA,NA,NA,NA,NA,FALSE,NA
7,1,1,5,"phi.w2",NA,NA,NA,NA,NA,NA,FALSE,NA
7,1,10,1,"beta0",12.0305039853329,0.298583748034674,11.371207367301,12.0519269530068,12.5617839935415,10,TRUE,FALSE
7,1,10,1,"beta1",-0.0163841115563986,0.0169134690379947,-0.0495262319922581,-0.0164034065423392,0.0169759601402522,0,TRUE,TRUE
7,1,10,1,"beta2",0.0178404152257554,0.0168451755022635,-0.0147919083059248,0.0177720323478902,0.0509355742082263,0,TRUE,TRUE
7,1,10,1,"lambda",2.99785544337022,0.346427469033459,2.43392372788054,2.95560729949151,3.76926818798504,3,TRUE,TRUE
7,1,10,1,"rho",0.867043181907987,0.103650202174641,0.700315863290784,0.85655907089621,1.09979250865546,1,TRUE,TRUE
7,1,10,1,"nu",0.595364762954558,0.100529767137401,0.414035587182893,0.588771160827295,0.797902268576786,0.5,TRUE,TRUE
7,1,10,1,"gamma",0.862432623816198,0.0346282103343895,0.805850717021722,0.858933938011594,0.93895856995548,0.9,TRUE,TRUE
7,1,10,1,"tau.alpha",2.66681,0.49868105255686,1.8,2.65,3.75,3,TRUE,TRUE
7,1,10,1,"tau.beta",11.0873461180885,2.27915072287456,7.14587173752034,10.9060084660745,15.9695011748024,8,TRUE,TRUE
7,1,10,1,"phi.z1",NA,NA,NA,NA,NA,0.580645161290323,FALSE,NA
7,1,10,1,"phi.z2",NA,NA,NA,NA,NA,0.290322580645161,FALSE,NA
7,1,10,1,"phi.tau1",NA,NA,NA,NA,NA,0.580645161290323,FALSE,NA
7,1,10,1,"phi.tau2",NA,NA,NA,NA,NA,0.290322580645161,FALSE,NA
7,1,10,1,"phi.w1",NA,NA,NA,NA,NA,NA,FALSE,NA
7,1,10,1,"phi.w2",NA,NA,NA,NA,NA,NA,FALSE,NA
7,1,10,2,"beta0",12.0270120979848,0.239240149631954,11.5324126746668,12.0358577774646,12.4727318331254,10,TRUE,FALSE
7,1,10,2,"beta1",-0.0249418150928333,0.0130080611023367,-0.0501361649227023,-0.0248568536859622,0.000757374299198978,0,TRUE,TRUE
7,1,10,2,"beta2",0.0175601996612991,0.0129655843752345,-0.00832154750442581,0.0176995520154429,0.0423504316733572,0,TRUE,TRUE
7,1,10,2,"lambda",2.91986704645689,0.241710535425748,2.46586887983552,2.92062958750939,3.39131788604989,3,TRUE,TRUE
7,1,10,2,"rho",0.93081653072571,0.0912248138398223,0.780590725348487,0.924035458503627,1.13597361569027,1,TRUE,TRUE
7,1,10,2,"nu",0.536661996126184,0.0711730767030441,0.403048763293783,0.534355341844051,0.677017694239403,0.5,TRUE,TRUE
7,1,10,2,"gamma",0.887859656390485,0.0289723730884478,0.838368638952156,0.885778322404632,0.954878695104256,0.9,TRUE,TRUE
7,1,10,2,"tau.alpha",3.40948,0.508937649769729,2.5,3.4,4.5,3,TRUE,TRUE
7,1,10,2,"tau.beta",13.3750809449146,2.15375641165677,9.48138118468642,13.2538688961566,17.8675390874775,8,TRUE,FALSE
7,1,10,2,"phi.z1",NA,NA,NA,NA,NA,0.580645161290323,FALSE,NA
7,1,10,2,"phi.z2",NA,NA,NA,NA,NA,0.290322580645161,FALSE,NA
7,1,10,2,"phi.tau1",NA,NA,NA,NA,NA,0.580645161290323,FALSE,NA
7,1,10,2,"phi.tau2",NA,NA,NA,NA,NA,0.290322580645161,FALSE,NA
7,1,10,2,"phi.w1",NA,NA,NA,NA,NA,NA,FALSE,NA
7,1,10,2,"phi.w2",NA,NA,NA,NA,NA,NA,FALSE,NA
7,1,10,3,"beta0",12.2376217378763,0.215337196781855,11.7969767834988,12.2442949936029,12.6354151582681,10,TRUE,FALSE
7,1,10,3,"beta1",-0.015344039046147,0.0113768670623275,-0.0374745768382143,-0.0153232955999821,0.00666803003297428,0,TRUE,TRUE
7,1,10,3,"beta2",0.00821569885625934,0.0112511041556876,-0.0138475292296832,0.00813172910202516,0.0307745990009348,0,TRUE,TRUE
7,1,10,3,"lambda",2.7898040265693,0.194684959904856,2.43186664575978,2.78326420809136,3.18664334675137,3,TRUE,TRUE
7,1,10,3,"rho",0.957836800481623,0.0891113798970547,0.789653643002042,0.954677621727344,1.14385153943019,1,TRUE,TRUE
7,1,10,3,"nu",0.537319126484879,0.0706792097292527,0.413202549686775,0.534076645490855,0.691249343899123,0.5,TRUE,TRUE
7,1,10,3,"gamma",0.894262247557314,0.027391258884921,0.844106957283443,0.89257917011217,0.953861117566276,0.9,TRUE,TRUE
7,1,10,3,"tau.alpha",3.91471,0.486906894315919,3,3.9,4.85,3,TRUE,TRUE
7,1,10,3,"tau.beta",15.7977064966507,2.13108237256375,11.7941062510968,15.7408124660671,19.9447099441901,8,TRUE,FALSE
7,1,10,3,"phi.z1",NA,NA,NA,NA,NA,0.580645161290323,FALSE,NA
7,1,10,3,"phi.z2",NA,NA,NA,NA,NA,0.290322580645161,FALSE,NA
7,1,10,3,"phi.tau1",NA,NA,NA,NA,NA,0.580645161290323,FALSE,NA
7,1,10,3,"phi.tau2",NA,NA,NA,NA,NA,0.290322580645161,FALSE,NA
7,1,10,3,"phi.w1",NA,NA,NA,NA,NA,NA,FALSE,NA
7,1,10,3,"phi.w2",NA,NA,NA,NA,NA,NA,FALSE,NA
7,1,10,4,"beta0",12.3088953898485,0.207728163153273,11.8742626978549,12.3181967659355,12.6918776245041,10,TRUE,FALSE
7,1,10,4,"beta1",-0.0139526716413625,0.0101921698746863,-0.0339459069422272,-0.0139050883997071,0.0060339908781819,0,TRUE,TRUE
7,1,10,4,"beta2",0.0035269841724923,0.0100693188894502,-0.0164039953348532,0.00359548176428405,0.0231713771412249,0,TRUE,TRUE
7,1,10,4,"lambda",3.19112876417763,0.208388820426722,2.77111109987876,3.197440292521,3.60490764949013,3,TRUE,TRUE
7,1,10,4,"rho",0.969011969130413,0.0637331280971925,0.851355806362414,0.96572890575003,1.09644199880408,1,TRUE,TRUE
7,1,10,4,"nu",0.516577246538225,0.0474115436320923,0.434899877376472,0.515889446096196,0.609438221499093,0.5,TRUE,TRUE
7,1,10,4,"gamma",0.900577389628088,0.0206846223862506,0.863850138336155,0.899229696047182,0.941769381363029,0.9,TRUE,TRUE
7,1,10,4,"tau.alpha",3.896875,0.433051657136623,3.1,3.9,4.8,3,TRUE,FALSE
7,1,10,4,"tau.beta",16.0224005980396,1.93675923606561,12.4369547752577,15.9584921424558,19.9257373950521,8,TRUE,FALSE
7,1,10,4,"phi.z1",NA,NA,NA,NA,NA,0.580645161290323,FALSE,NA
7,1,10,4,"phi.z2",NA,NA,NA,NA,NA,0.290322580645161,FALSE,NA
7,1,10,4,"phi.tau1",NA,NA,NA,NA,NA,0.580645161290323,FALSE,NA
7,1,10,4,"phi.tau2",NA,NA,NA,NA,NA,0.290322580645161,FALSE,NA
7,1,10,4,"phi.w1",NA,NA,NA,NA,NA,NA,FALSE,NA
7,1,10,4,"phi.w2",NA,NA,NA,NA,NA,NA,FALSE,NA
7,1,10,5,"beta0",12.4217767609404,0.186632787542722,12.0514928676198,12.4227683996408,12.7811790110753,10,TRUE,FALSE
7,1,10,5,"beta1",-0.0130526372305691,0.00960171475258457,-0.0318958091726868,-0.0130787085140633,0.00584193712766252,0,TRUE,TRUE
7,1,10,5,"beta2",0.00326869145957648,0.00947457892847118,-0.0153711307072226,0.00341504789669637,0.0213677492321275,0,TRUE,TRUE
7,1,10,5,"lambda",2.99028368793534,0.17991035258372,2.6352989160471,2.99466652272406,3.34651745081618,3,TRUE,TRUE
7,1,10,5,"rho",0.904854332732887,0.0575638945361036,0.787447693535159,0.901332246175613,1.02611814659797,1,TRUE,TRUE
7,1,10,5,"nu",0.591194580450963,0.052783760363881,0.494287726408954,0.592059992886813,0.714695148177586,0.5,TRUE,TRUE
7,1,10,5,"gamma",0.870835490687062,0.0168454121530783,0.839022674542299,0.869639822487455,0.907937877204921,0.9,TRUE,TRUE
7,1,10,5,"tau.alpha",3.74494,0.388870181939732,3.05,3.7,4.55,3,TRUE,FALSE
7,1,10,5,"tau.beta",16.4617673261383,1.85039590095373,13.0795921819844,16.3621727435664,20.2918842522641,8,TRUE,FALSE
7,1,10,5,"phi.z1",NA,NA,NA,NA,NA,0.580645161290323,FALSE,NA
7,1,10,5,"phi.z2",NA,NA,NA,NA,NA,0.290322580645161,FALSE,NA
7,1,10,5,"phi.tau1",NA,NA,NA,NA,NA,0.580645161290323,FALSE,NA
7,1,10,5,"phi.tau2",NA,NA,NA,NA,NA,0.290322580645161,FALSE,NA
7,1,10,5,"phi.w1",NA,NA,NA,NA,NA,NA,FALSE,NA
7,1,10,5,"phi.w2",NA,NA,NA,NA,NA,NA,FALSE,NA
7,1,2,1,"beta0",10.3239169488236,0.214040967399296,9.88614100944349,10.3268389800773,10.7335741892208,10,TRUE,TRUE
7,1,2,1,"beta1",-0.0207156865927427,0.0174473988960922,-0.0543975088216004,-0.0204627356777579,0.0133291779734095,0,TRUE,TRUE
7,1,2,1,"beta2",-0.0292168958142826,0.0171586351827299,-0.0623660489468026,-0.029411553128844,0.00448694108120791,0,TRUE,TRUE
7,1,2,1,"lambda",1.18223732093802,0.145779904480487,0.929470626175237,1.17093015783361,1.49049362331262,3,TRUE,FALSE
7,1,2,1,"rho",0.963706843729625,0.114963711044709,0.74462201812965,0.957931968849075,1.2143099429566,1,TRUE,TRUE
7,1,2,1,"nu",0.573319362972815,0.0937932989509298,0.42101022263418,0.565349312317124,0.789080534129489,0.5,TRUE,TRUE
7,1,2,1,"gamma",0.889134207267356,0.0309373180982617,0.833696659998822,0.886484781792647,0.955055545934973,0.9,TRUE,TRUE
7,1,2,1,"tau.alpha",3.57862,0.620453376039799,2.4,3.55,4.8,3,TRUE,TRUE
7,1,2,1,"tau.beta",13.8937999084848,2.62943363118028,8.96919220257451,13.8327456838624,19.0784842484289,8,TRUE,FALSE
7,1,2,1,"phi.z1",NA,NA,NA,NA,NA,0.580645161290323,FALSE,NA
7,1,2,1,"phi.z2",NA,NA,NA,NA,NA,0.290322580645161,FALSE,NA
7,1,2,1,"phi.tau1",NA,NA,NA,NA,NA,0.580645161290323,FALSE,NA
7,1,2,1,"phi.tau2",NA,NA,NA,NA,NA,0.290322580645161,FALSE,NA
7,1,2,1,"phi.w1",NA,NA,NA,NA,NA,NA,FALSE,NA
7,1,2,1,"phi.w2",NA,NA,NA,NA,NA,NA,FALSE,NA
7,1,2,2,"beta0",10.0087254043958,0.16802020302941,9.66893110042441,10.0125378365211,10.3281189450203,10,TRUE,TRUE
7,1,2,2,"beta1",-0.0127298285679434,0.0136560479128998,-0.03934061033387,-0.0128303519147887,0.0134510345302603,0,TRUE,TRUE
7,1,2,2,"beta2",0.000303507262388368,0.0135366202158221,-0.0263888173340646,0.000324474941275109,0.0264768875117992,0,TRUE,TRUE
7,1,2,2,"lambda",1.09328760598046,0.110326969162223,0.898401365427671,1.08647217822081,1.32778466735137,3,TRUE,FALSE
7,1,2,2,"rho",0.982293282619141,0.0876261332517248,0.825358245069486,0.979142734276227,1.16215836778328,1,TRUE,TRUE
7,1,2,2,"nu",0.537434559062354,0.0636068602300143,0.426821591293443,0.531828226053517,0.671089529955627,0.5,TRUE,TRUE
7,1,2,2,"gamma",0.907226110205884,0.0242804502973244,0.864097811930905,0.905515079186314,0.956094342271761,0.9,TRUE,TRUE
7,1,2,2,"tau.alpha",4.25624,0.478773939191018,3.2,4.3,5,3,TRUE,FALSE
7,1,2,2,"tau.beta",16.9964924297711,2.14472735676887,12.6099341662884,17.1497677634068,20.7807614756607,8,TRUE,FALSE
7,1,2,2,"phi.z1",NA,NA,NA,NA,NA,0.580645161290323,FALSE,NA
7,1,2,2,"phi.z2",NA,NA,NA,NA,NA,0.290322580645161,FALSE,NA
7,1,2,2,"phi.tau1",NA,NA,NA,NA,NA,0.580645161290323,FALSE,NA
7,1,2,2,"phi.tau2",NA,NA,NA,NA,NA,0.290322580645161,FALSE,NA
7,1,2,2,"phi.w1",NA,NA,NA,NA,NA,NA,FALSE,NA
7,1,2,2,"phi.w2",NA,NA,NA,NA,NA,NA,FALSE,NA
7,1,2,3,"beta0",9.87235894463654,0.133017166217989,9.60997062805037,9.87518601129922,10.1273364710243,10,TRUE,TRUE
7,1,2,3,"beta1",-0.0207807152050352,0.0113603140560244,-0.0432926736020289,-0.0207399319073944,0.00114144937268331,0,TRUE,TRUE
7,1,2,3,"beta2",-0.00127475833331302,0.0113794986837979,-0.0235186578397798,-0.00131165600162265,0.0213414256403066,0,TRUE,TRUE
7,1,2,3,"lambda",1.09195770694009,0.0910626204977333,0.928644873361849,1.08751362168096,1.28470755411223,3,TRUE,FALSE
7,1,2,3,"rho",0.959468656439106,0.0652234843645682,0.840066394780941,0.956435424589773,1.09067097874651,1,TRUE,TRUE
7,1,2,3,"nu",0.530700242570459,0.0474882778692463,0.443993855054623,0.528789769061606,0.626729034102525,0.5,TRUE,TRUE
7,1,2,3,"gamma",0.904964296351201,0.0193870543846813,0.869060022504071,0.904400424660735,0.94592271462693,0.9,TRUE,TRUE
7,1,2,3,"tau.alpha",4.599055,0.330259389119235,3.8,4.65,5,3,TRUE,FALSE
7,1,2,3,"tau.beta",18.0841536850709,1.55733970613433,14.6048030140362,18.242574309037,20.6966769467116,8,TRUE,FALSE
7,1,2,3,"phi.z1",NA,NA,NA,NA,NA,0.580645161290323,FALSE,NA
7,1,2,3,"phi.z2",NA,NA,NA,NA,NA,0.290322580645161,FALSE,NA
7,1,2,3,"phi.tau1",NA,NA,NA,NA,NA,0.580645161290323,FALSE,NA
7,1,2,3,"phi.tau2",NA,NA,NA,NA,NA,0.290322580645161,FALSE,NA
7,1,2,3,"phi.w1",NA,NA,NA,NA,NA,NA,FALSE,NA
7,1,2,3,"phi.w2",NA,NA,NA,NA,NA,NA,FALSE,NA
7,1,2,4,"beta0",9.80376967995283,0.1132098514033,9.57766563955329,9.80655496272511,10.0205893170814,10,TRUE,TRUE
7,1,2,4,"beta1",0.00034817882025113,0.00996790412161356,-0.0191486900882156,0.000429622342186837,0.0195667931892993,0,TRUE,TRUE
7,1,2,4,"beta2",-0.00422066138484287,0.00984365789648385,-0.0235491166657023,-0.00418408252745288,0.0148946522410835,0,TRUE,TRUE
7,1,2,4,"lambda",0.994055401657279,0.0743408543472315,0.859702317170659,0.990630042115311,1.15013493663898,3,TRUE,FALSE
7,1,2,4,"rho",1.00713183629161,0.0624195036077486,0.888847608584484,1.00388098583809,1.13171376687347,1,TRUE,TRUE
7,1,2,4,"nu",0.498468830523232,0.0407451225180777,0.425715962608942,0.494719232626047,0.588368355451079,0.5,TRUE,TRUE
7,1,2,4,"gamma",0.917094279434327,0.0184670520872914,0.881614230226769,0.917069388776354,0.952699214486082,0.9,TRUE,TRUE
7,1,2,4,"tau.alpha",4.725615,0.254095608448519,4.1,4.8,5,3,TRUE,FALSE
7,1,2,4,"tau.beta",17.7591563617253,1.21998345224675,15.0587337571787,17.8771198760241,19.8757498270169,8,TRUE,FALSE
7,1,2,4,"phi.z1",NA,NA,NA,NA,NA,0.580645161290323,FALSE,NA
7,1,2,4,"phi.z2",NA,NA,NA,NA,NA,0.290322580645161,FALSE,NA
7,1,2,4,"phi.tau1",NA,NA,NA,NA,NA,0.580645161290323,FALSE,NA
7,1,2,4,"phi.tau2",NA,NA,NA,NA,NA,0.290322580645161,FALSE,NA
7,1,2,4,"phi.w1",NA,NA,NA,NA,NA,NA,FALSE,NA
7,1,2,4,"phi.w2",NA,NA,NA,NA,NA,NA,FALSE,NA
7,1,2,5,"beta0",9.8183164207098,0.103647515008575,9.61202248826085,9.82015207027141,10.0156719246675,10,TRUE,TRUE
7,1,2,5,"beta1",0.00136514173825337,0.00883741911488056,-0.015849871242529,0.00137379190173183,0.0184537496544044,0,TRUE,TRUE
7,1,2,5,"beta2",-0.00452320035026329,0.00892128978583525,-0.0216427524558541,-0.00461823031437477,0.0128922677513348,0,TRUE,TRUE
7,1,2,5,"lambda",1.05987702103481,0.0731456336590951,0.930810456079061,1.05577165757202,1.21986521590929,3,TRUE,FALSE
7,1,2,5,"rho",0.980675828819942,0.0589739472228308,0.878579470426566,0.977075356313015,1.10445008200711,1,TRUE,TRUE
7,1,2,5,"nu",0.499922584416095,0.0414905004176859,0.424989343950049,0.499900484150554,0.580858106087668,0.5,TRUE,TRUE
7,1,2,5,"gamma",0.917966713396924,0.0190256182305609,0.883778771476834,0.916593804236382,0.955164725805562,0.9,TRUE,TRUE
7,1,2,5,"tau.alpha",4.782735,0.20893308756276,4.25,4.85,5,3,TRUE,FALSE
7,1,2,5,"tau.beta",17.9220688137694,1.04398813088843,15.5665538099603,18.0110997626149,19.7275623335978,8,TRUE,FALSE
7,1,2,5,"phi.z1",NA,NA,NA,NA,NA,0.580645161290323,FALSE,NA
7,1,2,5,"phi.z2",NA,NA,NA,NA,NA,0.290322580645161,FALSE,NA
7,1,2,5,"phi.tau1",NA,NA,NA,NA,NA,0.580645161290323,FALSE,NA
7,1,2,5,"phi.tau2",NA,NA,NA,NA,NA,0.290322580645161,FALSE,NA
7,1,2,5,"phi.w1",NA,NA,NA,NA,NA,NA,FALSE,NA
7,1,2,5,"phi.w2",NA,NA,NA,NA,NA,NA,FALSE,NA
7,1,3,1,"beta0",11.1053965496707,0.37357237943385,10.2981602277736,11.1264263607179,11.7645490202288,10,TRUE,FALSE
7,1,3,1,"beta1",0.0220741308240613,0.0195504509128943,-0.0158787356248123,0.0217714645910914,0.0608840852100163,0,TRUE,TRUE
7,1,3,1,"beta2",0.045212719986904,0.0196659128848585,0.00703283952323846,0.0452305180904447,0.0834572417746782,0,TRUE,FALSE
7,1,3,1,"lambda",4.30612171738772,0.517454784135303,3.47165120566275,4.25745876098301,5.45638960189584,3,TRUE,FALSE
7,1,3,1,"rho",1.06161748126209,0.119489432869841,0.824938316940773,1.06600828769071,1.29257622867228,1,TRUE,TRUE
7,1,3,1,"nu",0.44147473478997,0.0712960786046947,0.349709466178137,0.424260231761955,0.61749721608359,0.5,TRUE,TRUE
7,1,3,1,"gamma",0.94145439288961,0.0368290921981416,0.860022192699708,0.944709037483475,0.996102084764076,0.9,TRUE,TRUE
7,1,3,1,"tau.alpha",2.839185,0.540822553781245,1.9,2.8,4,3,TRUE,TRUE
7,1,3,1,"tau.beta",14.428220622541,3.00722813802062,9.0750410275032,14.2127323437154,20.8090657119131,8,TRUE,FALSE
7,1,3,1,"phi.z1",NA,NA,NA,NA,NA,0.580645161290323,FALSE,NA
7,1,3,1,"phi.z2",NA,NA,NA,NA,NA,0.290322580645161,FALSE,NA
7,1,3,1,"phi.tau1",NA,NA,NA,NA,NA,0.580645161290323,FALSE,NA
7,1,3,1,"phi.tau2",NA,NA,NA,NA,NA,0.290322580645161,FALSE,NA
7,1,3,1,"phi.w1",NA,NA,NA,NA,NA,NA,FALSE,NA
7,1,3,1,"phi.w2",NA,NA,NA,NA,NA,NA,FALSE,NA
7,1,3,2,"beta0",11.1302643316241,0.267167311902489,10.5907821569772,11.1375774155537,11.6475565654117,10,TRUE,FALSE
7,1,3,2,"beta1",0.00812306840806169,0.0147433291511692,-0.0207761635700155,0.00812424873160665,0.0364491330715827,0,TRUE,TRUE
7,1,3,2,"beta2",0.0190297687520164,0.0146244532367555,-0.00957307947606999,0.0189601525969975,0.0477755318568283,0,TRUE,TRUE
7,1,3,2,"lambda",3.57583727782372,0.285181581398674,3.03236155183064,3.57532588589948,4.13174471004801,3,TRUE,FALSE
7,1,3,2,"rho",1.03534799847096,0.07740202475609,0.894717255729436,1.03236557773288,1.19309625937971,1,TRUE,TRUE
7,1,3,2,"nu",0.46932922800079,0.0468657032048744,0.38814067564591,0.466009253239019,0.561199024764972,0.5,TRUE,TRUE
7,1,3,2,"gamma",0.92552120899841,0.025085638616714,0.879595823743715,0.924947756221168,0.974594302087252,0.9,TRUE,TRUE
7,1,3,2,"tau.alpha",3.50269,0.524862660113289,2.55,3.5,4.6,3,TRUE,TRUE
7,1,3,2,"tau.beta",16.3048392664664,2.66102383510959,11.3059945169741,16.1998314903423,21.8711445383664,8,TRUE,FALSE
7,1,3,2,"phi.z1",NA,NA,NA,NA,NA,0.580645161290323,FALSE,NA
7,1,3,2,"phi.z2",NA,NA,NA,NA,NA,0.290322580645161,FALSE,NA
7,1,3,2,"phi.tau1",NA,NA,NA,NA,NA,0.580645161290323,FALSE,NA
7,1,3,2,"phi.tau2",NA,NA,NA,NA,NA,0.290322580645161,FALSE,NA
7,1,3,2,"phi.w1",NA,NA,NA,NA,NA,NA,FALSE,NA
7,1,3,2,"phi.w2",NA,NA,NA,NA,NA,NA,FALSE,NA
7,1,3,3,"beta0",11.3407953441092,0.245840365127564,10.8460853720189,11.3477896315058,11.8143170000431,10,TRUE,FALSE
7,1,3,3,"beta1",0.0103109436127331,0.0126873017714201,-0.0143920834090551,0.0103569298700287,0.0354144547098169,0,TRUE,TRUE
7,1,3,3,"beta2",0.0161846386778165,0.0124035475662689,-0.00790477676460003,0.0161797163117538,0.0404819008388133,0,TRUE,TRUE
7,1,3,3,"lambda",3.2506803490157,0.207734207938546,2.87554007173106,3.24481535110951,3.67960272895355,3,TRUE,TRUE
7,1,3,3,"rho",1.01680782714739,0.0799183106234774,0.883008587141817,1.00915364868693,1.18607050989177,1,TRUE,TRUE
7,1,3,3,"nu",0.486453040545723,0.0500376007539454,0.394014829476075,0.485885228988035,0.578299581123973,0.5,TRUE,TRUE
7,1,3,3,"gamma",0.918226769237502,0.0249666675104151,0.877020282148407,0.915698626537094,0.971959078624732,0.9,TRUE,TRUE
7,1,3,3,"tau.alpha",3.940405,0.467556998589148,3,3.95,4.85,3,TRUE,TRUE
7,1,3,3,"tau.beta",18.8390870242762,2.42721159101846,14.1609747813892,18.7969204984792,23.4746770958519,8,TRUE,FALSE
7,1,3,3,"phi.z1",NA,NA,NA,NA,NA,0.580645161290323,FALSE,NA
7,1,3,3,"phi.z2",NA,NA,NA,NA,NA,0.290322580645161,FALSE,NA
7,1,3,3,"phi.tau1",NA,NA,NA,NA,NA,0.580645161290323,FALSE,NA
7,1,3,3,"phi.tau2",NA,NA,NA,NA,NA,0.290322580645161,FALSE,NA
7,1,3,3,"phi.w1",NA,NA,NA,NA,NA,NA,FALSE,NA
7,1,3,3,"phi.w2",NA,NA,NA,NA,NA,NA,FALSE,NA
7,1,3,4,"beta0",11.2668426419675,0.219671535351796,10.8338811229767,11.2695898761058,11.7021983154589,10,TRUE,FALSE
7,1,3,4,"beta1",0.00186787016753382,0.0112996814037432,-0.0200320417624587,0.00194547772980822,0.0236666453264682,0,TRUE,TRUE
7,1,3,4,"beta2",0.00796304670054442,0.0112533926235989,-0.0143128908049279,0.0081038888370165,0.0299501440322326,0,TRUE,TRUE
7,1,3,4,"lambda",3.1566819882348,0.179784760940088,2.82418010222543,3.14213577372375,3.53999598627365,3,TRUE,TRUE
7,1,3,4,"rho",0.996548089074049,0.0706568854507897,0.877172799901945,0.989177860863013,1.14490972790269,1,TRUE,TRUE
7,1,3,4,"nu",0.516077564687648,0.0475764540059991,0.417208602017362,0.517287555478301,0.60889616033777,0.5,TRUE,TRUE
7,1,3,4,"gamma",0.901378700737162,0.0207198642819181,0.865496291256481,0.899222944066611,0.950035429309861,0.9,TRUE,TRUE
7,1,3,4,"tau.alpha",4.21458,0.416128273341271,3.4,4.25,4.95,3,TRUE,FALSE
7,1,3,4,"tau.beta",20.5540465037639,2.22789007719762,16.2036182042822,20.5677052409319,24.7120606580263,8,TRUE,FALSE
7,1,3,4,"phi.z1",NA,NA,NA,NA,NA,0.580645161290323,FALSE,NA
7,1,3,4,"phi.z2",NA,NA,NA,NA,NA,0.290322580645161,FALSE,NA
7,1,3,4,"phi.tau1",NA,NA,NA,NA,NA,0.580645161290323,FALSE,NA
7,1,3,4,"phi.tau2",NA,NA,NA,NA,NA,0.290322580645161,FALSE,NA
7,1,3,4,"phi.w1",NA,NA,NA,NA,NA,NA,FALSE,NA
7,1,3,4,"phi.w2",NA,NA,NA,NA,NA,NA,FALSE,NA
7,1,3,5,"beta0",11.4132726300895,0.204179641951507,11.0033739991152,11.4163847123745,11.8017235660734,10,TRUE,FALSE
7,1,3,5,"beta1",0.00132930619015856,0.0102870955265976,-0.0187666175456141,0.0014613044686383,0.0214133337030245,0,TRUE,TRUE
7,1,3,5,"beta2",0.00126139646910086,0.0101309045713331,-0.018789890052062,0.00131082582294385,0.0209159219411856,0,TRUE,TRUE
7,1,3,5,"lambda",3.2151565870191,0.202467620745259,2.83666680183418,3.2068239036221,3.61061514149209,3,TRUE,TRUE
7,1,3,5,"rho",1.00744458154558,0.0658186593369163,0.88535376232202,1.00619294873925,1.15006791545362,1,TRUE,TRUE
7,1,3,5,"nu",0.497224818701707,0.0437420521344771,0.411857489585115,0.49491634731173,0.585989971690411,0.5,TRUE,TRUE
7,1,3,5,"gamma",0.909169593354542,0.0199477974108712,0.872648076371004,0.908818491700093,0.953354565726406,0.9,TRUE,TRUE
7,1,3,5,"tau.alpha",4.326465,0.386586728567951,3.5,4.35,4.95,3,TRUE,FALSE
7,1,3,5,"tau.beta",21.0258968124137,2.06855443885273,16.8747443549047,21.1020701628876,24.7810986619022,8,TRUE,FALSE
7,1,3,5,"phi.z1",NA,NA,NA,NA,NA,0.580645161290323,FALSE,NA
7,1,3,5,"phi.z2",NA,NA,NA,NA,NA,0.290322580645161,FALSE,NA
7,1,3,5,"phi.tau1",NA,NA,NA,NA,NA,0.580645161290323,FALSE,NA
7,1,3,5,"phi.tau2",NA,NA,NA,NA,NA,0.290322580645161,FALSE,NA
7,1,3,5,"phi.w1",NA,NA,NA,NA,NA,NA,FALSE,NA
7,1,3,5,"phi.w2",NA,NA,NA,NA,NA,NA,FALSE,NA
7,1,4,1,"beta0",10.2147341328196,0.130483135497057,9.94734093185637,10.2162661710724,10.4665367803968,10,TRUE,TRUE
7,1,4,1,"beta1",0.00952366878780869,0.0110609697802461,-0.012178202949492,0.00948823552515756,0.0315631536859794,0,TRUE,TRUE
7,1,4,1,"beta2",0.0104066051183256,0.0110746053926933,-0.0114595063636476,0.0102443776451385,0.0322811183395554,0,TRUE,TRUE
7,1,4,1,"lambda",1.35656832415844,0.161627779394866,1.08598002252444,1.34381852927158,1.7045309441024,3,TRUE,FALSE
7,1,4,1,"rho",1.10597347662407,0.106774215356987,0.908650377601782,1.10245236304584,1.32596155416586,1,TRUE,TRUE
7,1,4,1,"nu",0.407741546222132,0.0531376940566695,0.333986617784374,0.396802260784779,0.529907363289399,0.5,TRUE,TRUE
7,1,4,1,"gamma",0.946372588994676,0.0353492057738524,0.869510110239418,0.951445078640732,0.997581463524151,0.9,TRUE,TRUE
7,1,4,1,"tau.alpha",4.54279,0.389068957082593,3.6,4.65,5,3,TRUE,FALSE
7,1,4,1,"tau.beta",7.71838713028538,0.862751221262927,5.86108998262529,7.77585482757,9.29545718183968,8,TRUE,TRUE
7,1,4,1,"phi.z1",NA,NA,NA,NA,NA,0.580645161290323,FALSE,NA
7,1,4,1,"phi.z2",NA,NA,NA,NA,NA,0.290322580645161,FALSE,NA
7,1,4,1,"phi.tau1",NA,NA,NA,NA,NA,0.580645161290323,FALSE,NA
7,1,4,1,"phi.tau2",NA,NA,NA,NA,NA,0.290322580645161,FALSE,NA
7,1,4,1,"phi.w1",NA,NA,NA,NA,NA,NA,FALSE,NA
7,1,4,1,"phi.w2",NA,NA,NA,NA,NA,NA,FALSE,NA
7,1,4,2,"beta0",10.2228266085911,0.112403317959628,9.99459191845019,10.225337418639,10.4361611475967,10,TRUE,TRUE
7,1,4,2,"beta1",0.0108155753094379,0.00929836434703128,-0.0074327559384916,0.0109663289066979,0.0287794220463232,0,TRUE,TRUE
7,1,4,2,"beta2",-0.00219371427947961,0.00920954146227038,-0.0203194245607098,-0.00215912976440139,0.0159812111379309,0,TRUE,TRUE
7,1,4,2,"lambda",1.301671197429,0.11931964534311,1.08794345786082,1.29513849866111,1.55427561391616,3,TRUE,FALSE
7,1,4,2,"rho",1.09587652776005,0.0931081349416984,0.928722581250079,1.09013471037116,1.29275247711405,1,TRUE,TRUE
7,1,4,2,"nu",0.43083754841511,0.0495167944844516,0.344812867790908,0.430640426692529,0.528218116563379,0.5,TRUE,TRUE
7,1,4,2,"gamma",0.936351282119803,0.0305470967146816,0.884024569591599,0.933569099523434,0.994836676302851,0.9,TRUE,TRUE
7,1,4,2,"tau.alpha",4.73295,0.257935942813443,4.05,4.8,5,3,TRUE,FALSE
7,1,4,2,"tau.beta",9.07538503435745,0.709829803099842,7.5375506159302,9.12347217143436,10.3529092538462,8,TRUE,TRUE
7,1,4,2,"phi.z1",NA,NA,NA,NA,NA,0.580645161290323,FALSE,NA
7,1,4,2,"phi.z2",NA,NA,NA,NA,NA,0.290322580645161,FALSE,NA
7,1,4,2,"phi.tau1",NA,NA,NA,NA,NA,0.580645161290323,FALSE,NA
7,1,4,2,"phi.tau2",NA,NA,NA,NA,NA,0.290322580645161,FALSE,NA
7,1,4,2,"phi.w1",NA,NA,NA,NA,NA,NA,FALSE,NA
7,1,4,2,"phi.w2",NA,NA,NA,NA,NA,NA,FALSE,NA
7,1,4,3,"beta0",10.0881132405529,0.0878429550071489,9.91199776110956,10.0901009539345,10.2551729455703,10,TRUE,TRUE
7,1,4,3,"beta1",0.0096789820631824,0.00761550788050885,-0.0053799132665153,0.00965649992359947,0.0244393927763285,0,TRUE,TRUE
7,1,4,3,"beta2",-0.00276256287453291,0.00763769129424535,-0.0176996827182771,-0.00279636352791247,0.0124250302434465,0,TRUE,TRUE
7,1,4,3,"lambda",1.21179173085077,0.096965327597985,1.03361887568118,1.20861458999467,1.41340882881107,3,TRUE,FALSE
7,1,4,3,"rho",1.14770613141266,0.0784001104713955,0.991296688717016,1.14571133462813,1.30638374566794,1,TRUE,TRUE
7,1,4,3,"nu",0.403339681936776,0.0364934282238535,0.349701989120248,0.399644945462775,0.50128689970699,0.5,TRUE,TRUE
7,1,4,3,"gamma",0.957034124605315,0.0241495155128603,0.902215372369634,0.958126872046826,0.996159836710954,0.9,TRUE,FALSE
7,1,4,3,"tau.alpha",4.79357,0.207902567198543,4.25,4.85,5,3,TRUE,FALSE
7,1,4,3,"tau.beta",8.31964430683904,0.539349322828283,7.15696365394746,8.35032753259047,9.29547822742834,8,TRUE,TRUE
7,1,4,3,"phi.z1",NA,NA,NA,NA,NA,0.580645161290323,FALSE,NA
7,1,4,3,"phi.z2",NA,NA,NA,NA,NA,0.290322580645161,FALSE,NA
7,1,4,3,"phi.tau1",NA,NA,NA,NA,NA,0.580645161290323,FALSE,NA
7,1,4,3,"phi.tau2",NA,NA,NA,NA,NA,0.290322580645161,FALSE,NA
7,1,4,3,"phi.w1",NA,NA,NA,NA,NA,NA,FALSE,NA
7,1,4,3,"phi.w2",NA,NA,NA,NA,NA,NA,FALSE,NA
7,1,4,4,"beta0",10.1055768102062,0.0839289165416794,9.93622358294496,10.106256284586,10.265820376727,10,TRUE,TRUE
7,1,4,4,"beta1",0.00147825535102856,0.0067822896652217,-0.0117458447815791,0.00147597878554447,0.0149246101091922,0,TRUE,TRUE
7,1,4,4,"beta2",0.0028169772593952,0.00661202245380954,-0.0100166730316415,0.00279846322768806,0.0157661306710281,0,TRUE,TRUE
7,1,4,4,"lambda",1.27312722019791,0.095671027391799,1.09411514788964,1.26874251154264,1.47952545427857,3,TRUE,FALSE
7,1,4,4,"rho",1.15196843253685,0.0681455900350197,1.01680932716257,1.15331200993504,1.28195790287333,1,TRUE,FALSE
7,1,4,4,"nu",0.401421653571348,0.0308222743266868,0.353014134929366,0.397671656074351,0.468834448315314,0.5,TRUE,FALSE
7,1,4,4,"gamma",0.959922824920803,0.020800653277051,0.91836162878145,0.960805422083557,0.996168033266648,0.9,TRUE,FALSE
7,1,4,4,"tau.alpha",4.85753,0.154182282761774,4.45,4.9,5,3,TRUE,FALSE
7,1,4,4,"tau.beta",8.30467493371268,0.431942132865001,7.40227423525359,8.31930446886814,9.10762491808366,8,TRUE,TRUE
7,1,4,4,"phi.z1",NA,NA,NA,NA,NA,0.580645161290323,FALSE,NA
7,1,4,4,"phi.z2",NA,NA,NA,NA,NA,0.290322580645161,FALSE,NA
7,1,4,4,"phi.tau1",NA,NA,NA,NA,NA,0.580645161290323,FALSE,NA
7,1,4,4,"phi.tau2",NA,NA,NA,NA,NA,0.290322580645161,FALSE,NA
7,1,4,4,"phi.w1",NA,NA,NA,NA,NA,NA,FALSE,NA
7,1,4,4,"phi.w2",NA,NA,NA,NA,NA,NA,FALSE,NA
7,1,4,5,"beta0",10.0722118134533,0.0740312385881789,9.92437439376616,10.0745751606335,10.2143674310529,10,TRUE,TRUE
7,1,4,5,"beta1",0.00308789065394975,0.00608735281389768,-0.00879530163114867,0.0031035479667738,0.0150133627688904,0,TRUE,TRUE
7,1,4,5,"beta2",0.0018058989637458,0.00607072617069319,-0.00987155928233954,0.00175839253633092,0.0139017885664276,0,TRUE,TRUE
7,1,4,5,"lambda",1.23514099829186,0.0786023437715344,1.08954614909887,1.23146263759142,1.39660741380703,3,TRUE,FALSE
7,1,4,5,"rho",1.1354383858394,0.0746859931441102,0.985035935323724,1.1375668901089,1.27067723408089,1,TRUE,TRUE
7,1,4,5,"nu",0.40974069356997,0.0376788456771838,0.353295123693734,0.407085030667522,0.492210990577958,0.5,TRUE,FALSE
7,1,4,5,"gamma",0.954655483924041,0.0241030468099375,0.908106152388197,0.953861395141718,0.995785047132354,0.9,TRUE,FALSE
7,1,4,5,"tau.alpha",4.89312,0.122949897388029,4.55,4.95,5,3,TRUE,FALSE
7,1,4,5,"tau.beta",8.4294707939067,0.384873987869901,7.63986482055105,8.44304631574235,9.15639499250844,8,TRUE,TRUE
7,1,4,5,"phi.z1",NA,NA,NA,NA,NA,0.580645161290323,FALSE,NA
7,1,4,5,"phi.z2",NA,NA,NA,NA,NA,0.290322580645161,FALSE,NA
7,1,4,5,"phi.tau1",NA,NA,NA,NA,NA,0.580645161290323,FALSE,NA
7,1,4,5,"phi.tau2",NA,NA,NA,NA,NA,0.290322580645161,FALSE,NA
7,1,4,5,"phi.w1",NA,NA,NA,NA,NA,NA,FALSE,NA
7,1,4,5,"phi.w2",NA,NA,NA,NA,NA,NA,FALSE,NA
7,1,5,1,"beta0",14.3092751378908,0.166279577691983,13.9488305414215,14.3193422418102,14.6065573103936,10,TRUE,FALSE
7,1,5,1,"beta1",-0.00718406673932965,0.0110823153028196,-0.0286304803372064,-0.00711264914702794,0.0149557444466052,0,TRUE,TRUE
7,1,5,1,"beta2",0.000647256564837298,0.0108709458310564,-0.0206200032176956,0.000584116746766892,0.0220393251152111,0,TRUE,TRUE
7,1,5,1,"lambda",2.70768295308798,0.323459126914365,2.20574441726705,2.66530207782706,3.47366349358282,3,TRUE,TRUE
7,1,5,1,"rho",1.0044351058522,0.105072826023417,0.810512409302797,1.00523775383764,1.20468339579841,1,TRUE,TRUE
7,1,5,1,"nu",0.439952652789507,0.0604314549679978,0.354030503855065,0.427138688650036,0.576303047950558,0.5,TRUE,TRUE
7,1,5,1,"gamma",0.942783401779895,0.0327551690994746,0.877542201150618,0.945493824252745,0.995563385940478,0.9,TRUE,TRUE
7,1,5,1,"tau.alpha",4.477135,0.432203796590427,3.45,4.6,5,3,TRUE,FALSE
7,1,5,1,"tau.beta",7.78936953691989,0.930045237420636,5.77851025559255,7.86909098777914,9.42535813647067,8,TRUE,TRUE
7,1,5,1,"phi.z1",NA,NA,NA,NA,NA,0.580645161290323,FALSE,NA
7,1,5,1,"phi.z2",NA,NA,NA,NA,NA,0.290322580645161,FALSE,NA
7,1,5,1,"phi.tau1",NA,NA,NA,NA,NA,0.580645161290323,FALSE,NA
7,1,5,1,"phi.tau2",NA,NA,NA,NA,NA,0.290322580645161,FALSE,NA
7,1,5,1,"phi.w1",NA,NA,NA,NA,NA,NA,FALSE,NA
7,1,5,1,"phi.w2",NA,NA,NA,NA,NA,NA,FALSE,NA
7,1,5,2,"beta0",14.2888316385979,0.158454361639373,13.9475185356884,14.299406469366,14.5716096305373,10,TRUE,FALSE
7,1,5,2,"beta1",0.000398007806609092,0.00875079344899955,-0.0169049588029395,0.000466729427367263,0.0175351708630911,0,TRUE,TRUE
7,1,5,2,"beta2",-6.27228365027886e-05,0.00861670060330678,-0.0170181397493973,-8.25301769285924e-05,0.0167710359116613,0,TRUE,TRUE
7,1,5,2,"lambda",4.15289778694204,0.342774803080433,3.57344852303305,4.10324953144104,4.96929198171192,3,TRUE,FALSE
7,1,5,2,"rho",1.07363865826672,0.080081722883687,0.915649047417307,1.07551535783769,1.23623535118838,1,TRUE,TRUE
7,1,5,2,"nu",0.401857330404536,0.0351293198527151,0.352490947730583,0.394922771816516,0.49389315428677,0.5,TRUE,FALSE
7,1,5,2,"gamma",0.966716180288228,0.0217259359551971,0.913418733971338,0.970466565466043,0.996783719062052,0.9,TRUE,FALSE
7,1,5,2,"tau.alpha",4.73829,0.259112118221014,4.05,4.8,5,3,TRUE,FALSE
7,1,5,2,"tau.beta",8.21896785813464,0.639401263605558,6.80325282432873,8.26028789670996,9.34928239840861,8,TRUE,TRUE
7,1,5,2,"phi.z1",NA,NA,NA,NA,NA,0.580645161290323,FALSE,NA
7,1,5,2,"phi.z2",NA,NA,NA,NA,NA,0.290322580645161,FALSE,NA
7,1,5,2,"phi.tau1",NA,NA,NA,NA,NA,0.580645161290323,FALSE,NA
7,1,5,2,"phi.tau2",NA,NA,NA,NA,NA,0.290322580645161,FALSE,NA
7,1,5,2,"phi.w1",NA,NA,NA,NA,NA,NA,FALSE,NA
7,1,5,2,"phi.w2",NA,NA,NA,NA,NA,NA,FALSE,NA
7,1,5,3,"beta0",14.1053271137155,0.199635529058133,13.6682797181956,14.1223411172518,14.4510685036844,10,TRUE,FALSE
7,1,5,3,"beta1",0.00656958275892056,0.00831979675785579,-0.00958903367642595,0.00661543293377413,0.022648400148222,0,TRUE,TRUE
7,1,5,3,"beta2",0.00155111450094564,0.00822817618575449,-0.0148026984791803,0.00163355868764156,0.0176864744957809,0,TRUE,TRUE
7,1,5,3,"lambda",3.80062702790609,0.25035807599595,3.34453124064357,3.79483958984299,4.31590057600848,3,TRUE,FALSE
7,1,5,3,"rho",1.14169522896993,0.0795124756524896,0.978771145970595,1.14423800732376,1.28664275487221,1,TRUE,TRUE
7,1,5,3,"nu",0.387607063450948,0.0326518035896433,0.347176780986479,0.379156778298092,0.472526280095343,0.5,TRUE,FALSE
7,1,5,3,"gamma",0.976502009470258,0.0205701429665641,0.918764716904303,0.982688729454439,0.999109680909553,0.9,TRUE,FALSE
7,1,5,3,"tau.alpha",4.3903,0.408275126425657,3.5,4.45,5,3,TRUE,FALSE
7,1,5,3,"tau.beta",9.13121901226098,0.970023211810873,7.10811620963634,9.1978208117446,10.84951006188,8,TRUE,TRUE
7,1,5,3,"phi.z1",NA,NA,NA,NA,NA,0.580645161290323,FALSE,NA
7,1,5,3,"phi.z2",NA,NA,NA,NA,NA,0.290322580645161,FALSE,NA
7,1,5,3,"phi.tau1",NA,NA,NA,NA,NA,0.580645161290323,FALSE,NA
7,1,5,3,"phi.tau2",NA,NA,NA,NA,NA,0.290322580645161,FALSE,NA
7,1,5,3,"phi.w1",NA,NA,NA,NA,NA,NA,FALSE,NA
7,1,5,3,"phi.w2",NA,NA,NA,NA,NA,NA,FALSE,NA
7,1,5,4,"beta0",14.0806960037161,0.172528162764832,13.7181774280164,14.0898065148321,14.3899462865903,10,TRUE,FALSE
7,1,5,4,"beta1",0.00574939540474852,0.00775202852330343,-0.00940321437722572,0.00574225353360679,0.0207896448208062,0,TRUE,TRUE
7,1,5,4,"beta2",0.00411218528288343,0.00757604477213252,-0.0108363866568414,0.00416864024076176,0.018753217919599,0,TRUE,TRUE
7,1,5,4,"lambda",3.61597917871772,0.257328634941738,3.20448430319468,3.58373774208978,4.35648649061658,3,TRUE,FALSE
7,1,5,4,"rho",1.14646914761863,0.0678516401069094,1.02041014939875,1.14320533069357,1.2860017619946,1,TRUE,FALSE
7,1,5,4,"nu",0.384014312647154,0.0251370125534144,0.347904056472879,0.379980672661362,0.448773697641948,0.5,TRUE,FALSE
7,1,5,4,"gamma",0.977354873730272,0.017239567170367,0.934878173438372,0.980509991698263,0.99927518869305,0.9,TRUE,FALSE
7,1,5,4,"tau.alpha",4.355375,0.395916069803226,3.5,4.4,5,3,TRUE,FALSE
7,1,5,4,"tau.beta",9.83321352609411,0.990381778423653,7.7841440115271,9.88170375521816,11.5579351084942,8,TRUE,TRUE
7,1,5,4,"phi.z1",NA,NA,NA,NA,NA,0.580645161290323,FALSE,NA
7,1,5,4,"phi.z2",NA,NA,NA,NA,NA,0.290322580645161,FALSE,NA
7,1,5,4,"phi.tau1",NA,NA,NA,NA,NA,0.580645161290323,FALSE,NA
7,1,5,4,"phi.tau2",NA,NA,NA,NA,NA,0.290322580645161,FALSE,NA
7,1,5,4,"phi.w1",NA,NA,NA,NA,NA,NA,FALSE,NA
7,1,5,4,"phi.w2",NA,NA,NA,NA,NA,NA,FALSE,NA
7,1,5,5,"beta0",14.1049263871889,0.145668981386608,13.8068026443861,14.1110911888634,14.3765244992576,10,TRUE,FALSE
7,1,5,5,"beta1",0.00309641418289348,0.0070287350987952,-0.0107718956162606,0.00304320816077537,0.0167628167438286,0,TRUE,TRUE
7,1,5,5,"beta2",0.00636467115836172,0.00689277601349429,-0.00722995639320497,0.00636345678218,0.020105096726642,0,TRUE,TRUE
7,1,5,5,"lambda",3.40619619156167,0.192320628800483,3.04062251831274,3.39703205389204,3.8299999931962,3,TRUE,FALSE
7,1,5,5,"rho",1.07260710942017,0.0774715558287976,0.939041194590567,1.07464761191769,1.21229355014257,1,TRUE,TRUE
7,1,5,5,"nu",0.417597349971671,0.0389270151034944,0.35902389503333,0.412979620942506,0.493634954787449,0.5,TRUE,FALSE
7,1,5,5,"gamma",0.961742486974997,0.0234116424746378,0.919638225916807,0.962683491711511,0.997302254185754,0.9,TRUE,FALSE
7,1,5,5,"tau.alpha",4.549615,0.326598788197147,3.8,4.6,5,3,TRUE,FALSE
7,1,5,5,"tau.beta",10.6574017947556,0.873284336825071,8.77926362854902,10.7415976423793,12.131761337637,8,TRUE,FALSE
7,1,5,5,"phi.z1",NA,NA,NA,NA,NA,0.580645161290323,FALSE,NA
7,1,5,5,"phi.z2",NA,NA,NA,NA,NA,0.290322580645161,FALSE,NA
7,1,5,5,"phi.tau1",NA,NA,NA,NA,NA,0.580645161290323,FALSE,NA
7,1,5,5,"phi.tau2",NA,NA,NA,NA,NA,0.290322580645161,FALSE,NA
7,1,5,5,"phi.w1",NA,NA,NA,NA,NA,NA,FALSE,NA
7,1,5,5,"phi.w2",NA,NA,NA,NA,NA,NA,FALSE,NA
7,1,6,1,"beta0",12.0310027311695,0.307981122097348,11.4092458084694,12.0389826912486,12.6045363781274,10,TRUE,FALSE
7,1,6,1,"beta1",-0.0322871545731824,0.0159751535619706,-0.0636033438941769,-0.0324000354071862,-0.00106215962291763,0,TRUE,FALSE
7,1,6,1,"beta2",-0.00964295444060345,0.0154628547127113,-0.0398187436596806,-0.009452786972039,0.0212263512301937,0,TRUE,TRUE
7,1,6,1,"lambda",3.74222548033599,0.472506381070846,2.97702088566305,3.67707813891105,4.8579246776747,3,TRUE,TRUE
7,1,6,1,"rho",1.3672886753798,0.158678940025407,1.06530938305425,1.35143469104823,1.70127280098742,1,TRUE,FALSE
7,1,6,1,"nu",0.37922064631192,0.054323895145807,0.303385741585149,0.369788702942055,0.520831545724478,0.5,TRUE,TRUE
7,1,6,1,"gamma",0.939956214236326,0.0375132197166606,0.861270057541194,0.94323618280681,0.996681371696929,0.9,TRUE,TRUE
7,1,6,1,"tau.alpha",4.249135,0.525832341854487,3.05,4.35,5,3,TRUE,FALSE
7,1,6,1,"tau.beta",12.304004685622,1.76043611030543,8.61006559964532,12.4484050059186,15.4410672174964,8,TRUE,FALSE
7,1,6,1,"phi.z1",NA,NA,NA,NA,NA,0.580645161290323,FALSE,NA
7,1,6,1,"phi.z2",NA,NA,NA,NA,NA,0.290322580645161,FALSE,NA
7,1,6,1,"phi.tau1",NA,NA,NA,NA,NA,0.580645161290323,FALSE,NA
7,1,6,1,"phi.tau2",NA,NA,NA,NA,NA,0.290322580645161,FALSE,NA
7,1,6,1,"phi.w1",NA,NA,NA,NA,NA,NA,FALSE,NA
7,1,6,1,"phi.w2",NA,NA,NA,NA,NA,NA,FALSE,NA
7,1,6,2,"beta0",12.1374052899636,0.229969531258151,11.6738708755,12.1437189788101,12.5763270718144,10,TRUE,FALSE
7,1,6,2,"beta1",-0.0230778903534747,0.0122060554149048,-0.0472261182370119,-0.0231037451360404,0.000850012807525291,0,TRUE,TRUE
7,1,6,2,"beta2",-0.0124171059810379,0.0119861822919878,-0.0360317801058749,-0.012424026941683,0.0111540215629496,0,TRUE,TRUE
7,1,6,2,"lambda",3.48861921386518,0.283687069671078,2.95013011331275,3.47524924316194,4.06682184455175,3,TRUE,TRUE
7,1,6,2,"rho",1.1647430881674,0.0989062822692681,0.989311961819164,1.1585133739853,1.36319125315309,1,TRUE,TRUE
7,1,6,2,"nu",0.413158921035778,0.0448808123141579,0.341509616076903,0.408055431418803,0.506454880660697,0.5,TRUE,TRUE
7,1,6,2,"gamma",0.940103310378244,0.0289916070561628,0.882678062462121,0.941110559073618,0.991327030494682,0.9,TRUE,TRUE
7,1,6,2,"tau.alpha",4.59158,0.342338755010762,3.79875,4.65,5,3,TRUE,FALSE
7,1,6,2,"tau.beta",14.013610389071,1.29353112428098,11.1763090445717,14.1273401895621,16.2699387611878,8,TRUE,FALSE
7,1,6,2,"phi.z1",NA,NA,NA,NA,NA,0.580645161290323,FALSE,NA
7,1,6,2,"phi.z2",NA,NA,NA,NA,NA,0.290322580645161,FALSE,NA
7,1,6,2,"phi.tau1",NA,NA,NA,NA,NA,0.580645161290323,FALSE,NA
7,1,6,2,"phi.tau2",NA,NA,NA,NA,NA,0.290322580645161,FALSE,NA
7,1,6,2,"phi.w1",NA,NA,NA,NA,NA,NA,FALSE,NA
7,1,6,2,"phi.w2",NA,NA,NA,NA,NA,NA,FALSE,NA
7,1,6,3,"beta0",11.8241615004673,0.239200684734288,11.3028020932289,11.8289117735208,12.2661208870323,10,TRUE,FALSE
7,1,6,3,"beta1",-0.0231313810703269,0.0110953490546441,-0.0452728051870325,-0.023094575457224,-0.00170654899347999,0,TRUE,FALSE
7,1,6,3,"beta2",-0.00614198323316988,0.0111460147091304,-0.0278067854339733,-0.00622049877563041,0.015555034922288,0,TRUE,TRUE
7,1,6,3,"lambda",3.45381923995737,0.280655691177269,2.97853822292263,3.42709951539554,4.08289813816203,3,TRUE,TRUE
7,1,6,3,"rho",1.23153787813925,0.0897933170627201,1.05599210680929,1.22992797048318,1.41460707543971,1,TRUE,FALSE
7,1,6,3,"nu",0.382896161882004,0.0343070546587901,0.332988777210412,0.37618209476315,0.462598606429815,0.5,TRUE,FALSE
7,1,6,3,"gamma",0.962700774255156,0.0238219184036874,0.904825433732255,0.965819304082734,0.996986774263047,0.9,TRUE,FALSE
7,1,6,3,"tau.alpha",4.30604,0.442428064954367,3.35,4.35,5,3,TRUE,FALSE
7,1,6,3,"tau.beta",14.7899774929187,1.6921377996422,11.2700897503118,14.8780431190569,17.7402849736711,8,TRUE,FALSE
7,1,6,3,"phi.z1",NA,NA,NA,NA,NA,0.580645161290323,FALSE,NA
7,1,6,3,"phi.z2",NA,NA,NA,NA,NA,0.290322580645161,FALSE,NA
7,1,6,3,"phi.tau1",NA,NA,NA,NA,NA,0.580645161290323,FALSE,NA
7,1,6,3,"phi.tau2",NA,NA,NA,NA,NA,0.290322580645161,FALSE,NA
7,1,6,3,"phi.w1",NA,NA,NA,NA,NA,NA,FALSE,NA
7,1,6,3,"phi.w2",NA,NA,NA,NA,NA,NA,FALSE,NA
7,1,6,4,"beta0",11.6948688782787,0.194534696811006,11.3114444641053,11.699709174902,12.0648533095117,10,TRUE,FALSE
7,1,6,4,"beta1",-0.0233813068670813,0.00967760357548204,-0.0422028444285301,-0.0233433988891459,-0.00442653923421279,0,TRUE,FALSE
7,1,6,4,"beta2",-0.00894156513945623,0.00953563348315083,-0.0278026158474399,-0.00894260611468477,0.00978548046219172,0,TRUE,TRUE
7,1,6,4,"lambda",3.41651375441922,0.217584048632079,3.00936232574807,3.40949469902172,3.83525759661634,3,TRUE,FALSE
7,1,6,4,"rho",1.18489117040493,0.0864405564695786,1.01882431300109,1.18269792706894,1.36187480872119,1,TRUE,FALSE
7,1,6,4,"nu",0.396964816212755,0.0363370605659332,0.338174457009737,0.393739309362356,0.481628457184838,0.5,TRUE,FALSE
7,1,6,4,"gamma",0.956342145444165,0.0239600246757887,0.909137210709072,0.956536415516873,0.996945921604503,0.9,TRUE,FALSE
7,1,6,4,"tau.alpha",4.55145,0.33774591741496,3.75,4.6,5,3,TRUE,FALSE
7,1,6,4,"tau.beta",15.3549609000129,1.3154606786786,12.4639803745522,15.4893257470228,17.6237741566583,8,TRUE,FALSE
7,1,6,4,"phi.z1",NA,NA,NA,NA,NA,0.580645161290323,FALSE,NA
7,1,6,4,"phi.z2",NA,NA,NA,NA,NA,0.290322580645161,FALSE,NA
7,1,6,4,"phi.tau1",NA,NA,NA,NA,NA,0.580645161290323,FALSE,NA
7,1,6,4,"phi.tau2",NA,NA,NA,NA,NA,0.290322580645161,FALSE,NA
7,1,6,4,"phi.w1",NA,NA,NA,NA,NA,NA,FALSE,NA
7,1,6,4,"phi.w2",NA,NA,NA,NA,NA,NA,FALSE,NA
7,1,6,5,"beta0",11.7692801883665,0.187716148607553,11.3907216204358,11.7752989398409,12.1253763627666,10,TRUE,FALSE
7,1,6,5,"beta1",-0.0198270623504442,0.00890905426309105,-0.0373450795689373,-0.0198903992905989,-0.00211699428414884,0,TRUE,FALSE
7,1,6,5,"beta2",-0.00581879783240678,0.008897444020746,-0.0232620459009511,-0.00579089260921547,0.0117753076633764,0,TRUE,TRUE
7,1,6,5,"lambda",3.52874263235642,0.191437070839062,3.16347983083979,3.53112927738961,3.91787052601684,3,TRUE,FALSE
7,1,6,5,"rho",1.21776409830666,0.0673986764297546,1.08692487735036,1.21949964442046,1.34980429391445,1,TRUE,FALSE
7,1,6,5,"nu",0.382948464342394,0.0254789076392639,0.343543260032143,0.380199213105302,0.442127464713255,0.5,TRUE,FALSE
7,1,6,5,"gamma",0.967524822420858,0.0186867329437829,0.925890481910366,0.968509915382309,0.997609752822518,0.9,TRUE,FALSE
7,1,6,5,"tau.alpha",4.29175,0.397042443285572,3.45,4.3,4.95,3,TRUE,FALSE
7,1,6,5,"tau.beta",15.1420132309037,1.53969294693191,11.9222024390301,15.198154749336,17.932966282827,8,TRUE,FALSE
7,1,6,5,"phi.z1",NA,NA,NA,NA,NA,0.580645161290323,FALSE,NA
7,1,6,5,"phi.z2",NA,NA,NA,NA,NA,0.290322580645161,FALSE,NA
7,1,6,5,"phi.tau1",NA,NA,NA,NA,NA,0.580645161290323,FALSE,NA
7,1,6,5,"phi.tau2",NA,NA,NA,NA,NA,0.290322580645161,FALSE,NA
7,1,6,5,"phi.w1",NA,NA,NA,NA,NA,NA,FALSE,NA
7,1,6,5,"phi.w2",NA,NA,NA,NA,NA,NA,FALSE,NA
7,1,7,1,"beta0",11.5514746177305,0.333857633581287,10.8278931025851,11.5726853946399,12.1516951343825,10,TRUE,FALSE
7,1,7,1,"beta1",0.00341755555852966,0.0174586893885324,-0.0308483360198336,0.00307791290245675,0.0382598747220444,0,TRUE,TRUE
7,1,7,1,"beta2",-0.0247304873392278,0.017394908701857,-0.0585365235319966,-0.024639195935645,0.00956850259759627,0,TRUE,TRUE
7,1,7,1,"lambda",3.2265941878076,0.348845441451412,2.59732353828635,3.18427755985255,4.05975854340624,3,TRUE,TRUE
7,1,7,1,"rho",1.04113053834518,0.120583335184435,0.824651577861277,1.03586881490115,1.28342803221377,1,TRUE,TRUE
7,1,7,1,"nu",0.492906027738698,0.0791228610420577,0.363210218647632,0.486469361976874,0.654968677059609,0.5,TRUE,TRUE
7,1,7,1,"gamma",0.896426971088605,0.0365783612188114,0.832913155906551,0.894059867625599,0.968575943042773,0.9,TRUE,TRUE
7,1,7,1,"tau.alpha",3.11034,0.590925125248847,2.1,3.05,4.35124999999998,3,TRUE,TRUE
7,1,7,1,"tau.beta",12.3935025228064,2.5486578990541,7.96223132220558,12.1857485230669,17.8297430661264,8,TRUE,TRUE
7,1,7,1,"phi.z1",NA,NA,NA,NA,NA,0.580645161290323,FALSE,NA
7,1,7,1,"phi.z2",NA,NA,NA,NA,NA,0.290322580645161,FALSE,NA
7,1,7,1,"phi.tau1",NA,NA,NA,NA,NA,0.580645161290323,FALSE,NA
7,1,7,1,"phi.tau2",NA,NA,NA,NA,NA,0.290322580645161,FALSE,NA
7,1,7,1,"phi.w1",NA,NA,NA,NA,NA,NA,FALSE,NA
7,1,7,1,"phi.w2",NA,NA,NA,NA,NA,NA,FALSE,NA
7,1,7,2,"beta0",11.7186590428359,0.290315993513495,11.1119537228853,11.7287256470708,12.2655365140536,10,TRUE,FALSE
7,1,7,2,"beta1",0.00527774815210072,0.0142711637150085,-0.0223518250227076,0.00513834983277086,0.0333384719462555,0,TRUE,TRUE
7,1,7,2,"beta2",-0.0114672855251485,0.0141298317892229,-0.0392717969071946,-0.011466404157941,0.0161206446546045,0,TRUE,TRUE
7,1,7,2,"lambda",3.37207280456507,0.256598256629586,2.86298961259886,3.36962707657343,3.87672312253004,3,TRUE,TRUE
7,1,7,2,"rho",1.06640449412257,0.0864160872264214,0.907107919022153,1.06716906626046,1.23373342086551,1,TRUE,TRUE
7,1,7,2,"nu",0.475806676436988,0.0503267691978175,0.397584034126767,0.468028047863764,0.579278561487103,0.5,TRUE,TRUE
7,1,7,2,"gamma",0.907199050937827,0.024361252944489,0.861973073706444,0.907347299509146,0.952458120862481,0.9,TRUE,TRUE
7,1,7,2,"tau.alpha",3.426395,0.514299527877907,2.5,3.4,4.5,3,TRUE,TRUE
7,1,7,2,"tau.beta",14.5967433380053,2.36288496570666,10.2810879019239,14.4776594391835,19.4415891226095,8,TRUE,FALSE
7,1,7,2,"phi.z1",NA,NA,NA,NA,NA,0.580645161290323,FALSE,NA
7,1,7,2,"phi.z2",NA,NA,NA,NA,NA,0.290322580645161,FALSE,NA
7,1,7,2,"phi.tau1",NA,NA,NA,NA,NA,0.580645161290323,FALSE,NA
7,1,7,2,"phi.tau2",NA,NA,NA,NA,NA,0.290322580645161,FALSE,NA
7,1,7,2,"phi.w1",NA,NA,NA,NA,NA,NA,FALSE,NA
7,1,7,2,"phi.w2",NA,NA,NA,NA,NA,NA,FALSE,NA
7,1,7,3,"beta0",11.901402433686,0.273242612636712,11.3518808413397,11.9016317916446,12.4398987590173,10,TRUE,FALSE
7,1,7,3,"beta1",0.00940378066858322,0.0130623895688873,-0.0158854576775187,0.00945510132424464,0.0351702332965839,0,TRUE,TRUE
7,1,7,3,"beta2",-0.00443342899401851,0.0129339823061985,-0.0296737353774158,-0.00444998727863937,0.0206574476734124,0,TRUE,TRUE
7,1,7,3,"lambda",3.158539097081,0.254168276869975,2.6708599865936,3.14907447709222,3.69444812635827,3,TRUE,TRUE
7,1,7,3,"rho",1.097429134339,0.0930412532646043,0.934231382945035,1.08993418580283,1.29149173872172,1,TRUE,TRUE
7,1,7,3,"nu",0.437614025002858,0.0483035202165909,0.355252243144484,0.434945102046501,0.53325111072011,0.5,TRUE,TRUE
7,1,7,3,"gamma",0.935125352043337,0.0275826834568526,0.883958313494376,0.934221762477863,0.989246204645303,0.9,TRUE,TRUE
7,1,7,3,"tau.alpha",3.211805,0.407324174673352,2.45,3.2,4.05,3,TRUE,TRUE
7,1,7,3,"tau.beta",15.6782828580919,2.17859597123603,11.6623727289918,15.5877011540791,20.1913733111171,8,TRUE,FALSE
7,1,7,3,"phi.z1",NA,NA,NA,NA,NA,0.580645161290323,FALSE,NA
7,1,7,3,"phi.z2",NA,NA,NA,NA,NA,0.290322580645161,FALSE,NA
7,1,7,3,"phi.tau1",NA,NA,NA,NA,NA,0.580645161290323,FALSE,NA
7,1,7,3,"phi.tau2",NA,NA,NA,NA,NA,0.290322580645161,FALSE,NA
7,1,7,3,"phi.w1",NA,NA,NA,NA,NA,NA,FALSE,NA
7,1,7,3,"phi.w2",NA,NA,NA,NA,NA,NA,FALSE,NA
7,1,7,4,"beta0",12.0721933989108,0.249510124618482,11.5890303433406,12.0697155280086,12.5607026283102,10,TRUE,FALSE
7,1,7,4,"beta1",0.00163012442077796,0.0121382457243071,-0.0222219963335778,0.00164581520238193,0.0254466822858183,0,TRUE,TRUE
7,1,7,4,"beta2",-0.000964514139019544,0.0121874858440163,-0.0250716680836208,-0.00096182509718461,0.022915652190276,0,TRUE,TRUE
7,1,7,4,"lambda",3.0697331705555,0.222049580729779,2.59153792724378,3.07065860836415,3.50215175922379,3,TRUE,TRUE
7,1,7,4,"rho",1.10737849336029,0.0676654354350909,0.982933223335031,1.10320670461555,1.24927662363331,1,TRUE,TRUE
7,1,7,4,"nu",0.424883646298508,0.0328867185045735,0.366643240104889,0.42496657591715,0.497373703522693,0.5,TRUE,FALSE
7,1,7,4,"gamma",0.942238756992829,0.020714151169871,0.897739546940686,0.941339449240482,0.983423431193348,0.9,TRUE,TRUE
7,1,7,4,"tau.alpha",2.9321,0.349433542150776,2.3,2.9,3.65,3,TRUE,TRUE
7,1,7,4,"tau.beta",16.0540386755334,2.10194825558013,12.2621794265752,15.940234371828,20.5161211049462,8,TRUE,FALSE
7,1,7,4,"phi.z1",NA,NA,NA,NA,NA,0.580645161290323,FALSE,NA
7,1,7,4,"phi.z2",NA,NA,NA,NA,NA,0.290322580645161,FALSE,NA
7,1,7,4,"phi.tau1",NA,NA,NA,NA,NA,0.580645161290323,FALSE,NA
7,1,7,4,"phi.tau2",NA,NA,NA,NA,NA,0.290322580645161,FALSE,NA
7,1,7,4,"phi.w1",NA,NA,NA,NA,NA,NA,FALSE,NA
7,1,7,4,"phi.w2",NA,NA,NA,NA,NA,NA,FALSE,NA
7,1,7,5,"beta0",12.3161289697048,0.253505867099012,11.8104002248894,12.3190818970088,12.8083746282937,10,TRUE,FALSE
7,1,7,5,"beta1",0.00293640526615334,0.0107119387054478,-0.0183385222165176,0.00284072936310244,0.0241930294033599,0,TRUE,TRUE
7,1,7,5,"beta2",-0.00727297453402965,0.0107274081338924,-0.0284781620427219,-0.00722368296601284,0.0135646033861333,0,TRUE,TRUE
7,1,7,5,"lambda",2.97636949389624,0.176049736085517,2.63834149346564,2.97186904418284,3.32483155026214,3,TRUE,TRUE
7,1,7,5,"rho",1.13320987610255,0.0799769300168036,0.988379154415241,1.13392129471972,1.2894442865816,1,TRUE,TRUE
7,1,7,5,"nu",0.411937481628605,0.0386675330273501,0.352385169011767,0.40725983238332,0.490371201637202,0.5,TRUE,FALSE
7,1,7,5,"gamma",0.949092578756696,0.0245279607084226,0.902563905500778,0.950628054502795,0.990577473881114,0.9,TRUE,FALSE
7,1,7,5,"tau.alpha",3.252425,0.341842880619888,2.6,3.25,3.95,3,TRUE,TRUE
7,1,7,5,"tau.beta",17.1396121325899,1.96094456510702,13.5046881464531,17.053811821232,21.2085550407317,8,TRUE,FALSE
7,1,7,5,"phi.z1",NA,NA,NA,NA,NA,0.580645161290323,FALSE,NA
7,1,7,5,"phi.z2",NA,NA,NA,NA,NA,0.290322580645161,FALSE,NA
7,1,7,5,"phi.tau1",NA,NA,NA,NA,NA,0.580645161290323,FALSE,NA
7,1,7,5,"phi.tau2",NA,NA,NA,NA,NA,0.290322580645161,FALSE,NA
7,1,7,5,"phi.w1",NA,NA,NA,NA,NA,NA,FALSE,NA
7,1,7,5,"phi.w2",NA,NA,NA,NA,NA,NA,FALSE,NA
7,1,8,1,"beta0",10.6351672067737,0.20455620010365,10.2277555309289,10.6405951703364,11.0259051494757,10,TRUE,FALSE
7,1,8,1,"beta1",0.0178609836533713,0.0150217127653521,-0.0113641871834957,0.0180384247631385,0.0469934660865465,0,TRUE,TRUE
7,1,8,1,"beta2",0.0292356656345729,0.015123651547047,-0.000405655595349074,0.029355208578338,0.0587973636130529,0,TRUE,TRUE
7,1,8,1,"lambda",1.05309725898237,0.148220895609896,0.789996911255091,1.04499745179835,1.37742635191116,3,TRUE,FALSE
7,1,8,1,"rho",1.20321025010942,0.12853791847606,0.970473498130756,1.20207544960903,1.46201617330969,1,TRUE,TRUE
7,1,8,1,"nu",0.439111983725819,0.0578334701635723,0.351141237865505,0.431419966829792,0.556626113542564,0.5,TRUE,TRUE
7,1,8,1,"gamma",0.927095918167313,0.0323031091380157,0.868011934744259,0.926809856210715,0.986701340871276,0.9,TRUE,TRUE
7,1,8,1,"tau.alpha",4.510285,0.406828612227524,3.5,4.6,5,3,TRUE,FALSE
7,1,8,1,"tau.beta",12.6164084672646,1.45500086609754,9.49216396826072,12.7163776404796,15.187375001042,8,TRUE,FALSE
7,1,8,1,"phi.z1",NA,NA,NA,NA,NA,0.580645161290323,FALSE,NA
7,1,8,1,"phi.z2",NA,NA,NA,NA,NA,0.290322580645161,FALSE,NA
7,1,8,1,"phi.tau1",NA,NA,NA,NA,NA,0.580645161290323,FALSE,NA
7,1,8,1,"phi.tau2",NA,NA,NA,NA,NA,0.290322580645161,FALSE,NA
7,1,8,1,"phi.w1",NA,NA,NA,NA,NA,NA,FALSE,NA
7,1,8,1,"phi.w2",NA,NA,NA,NA,NA,NA,FALSE,NA
7,1,8,2,"beta0",10.3041715890344,0.156170655233216,9.9911939035878,10.3058486976733,10.6059304773047,10,TRUE,TRUE
7,1,8,2,"beta1",0.00661457873293467,0.0121475536989231,-0.0170180545246045,0.00670429245748477,0.0304237326643509,0,TRUE,TRUE
7,1,8,2,"beta2",0.0252470260842575,0.0119609026339918,0.0016815646865992,0.0251921146464764,0.0484473326544058,0,TRUE,FALSE
7,1,8,2,"lambda",1.17354021556971,0.115131080914404,0.966822386018246,1.16629375700952,1.41921136947037,3,TRUE,FALSE
7,1,8,2,"rho",1.00391111246124,0.0945519753519371,0.816943968235613,1.00341978974751,1.20521080796249,1,TRUE,TRUE
7,1,8,2,"nu",0.534318569271468,0.0693329823056058,0.420746079148126,0.52417767341051,0.697503445112206,0.5,TRUE,TRUE
7,1,8,2,"gamma",0.874494415342555,0.0263038432398012,0.823677194810189,0.874631558352448,0.929300980990574,0.9,TRUE,TRUE
7,1,8,2,"tau.alpha",4.495545,0.395657121041367,3.55,4.6,5,3,TRUE,FALSE
7,1,8,2,"tau.beta",14.0984171962701,1.46458870297913,10.8443523687711,14.2513775706816,16.5788400322014,8,TRUE,FALSE
7,1,8,2,"phi.z1",NA,NA,NA,NA,NA,0.580645161290323,FALSE,NA
7,1,8,2,"phi.z2",NA,NA,NA,NA,NA,0.290322580645161,FALSE,NA
7,1,8,2,"phi.tau1",NA,NA,NA,NA,NA,0.580645161290323,FALSE,NA
7,1,8,2,"phi.tau2",NA,NA,NA,NA,NA,0.290322580645161,FALSE,NA
7,1,8,2,"phi.w1",NA,NA,NA,NA,NA,NA,FALSE,NA
7,1,8,2,"phi.w2",NA,NA,NA,NA,NA,NA,FALSE,NA
7,1,8,3,"beta0",10.3890588256952,0.140159066248136,10.107542163554,10.3917322366153,10.6573434053296,10,TRUE,FALSE
7,1,8,3,"beta1",0.00447129909778348,0.0104886049704717,-0.0158182627553925,0.00441426800630262,0.0250476048203061,0,TRUE,TRUE
7,1,8,3,"beta2",0.0212551509492861,0.0102170804607008,0.00149279892272238,0.0211770743338937,0.0411994232838639,0,TRUE,FALSE
7,1,8,3,"lambda",1.3058112678992,0.103706450164695,1.12155538444611,1.3017179388,1.51994547306273,3,TRUE,FALSE
7,1,8,3,"rho",0.926167469751032,0.0672971553466572,0.792025887766549,0.928661822604245,1.05936132965312,1,TRUE,TRUE
7,1,8,3,"nu",0.583754384203957,0.0602374333483736,0.486709381810476,0.577793259411213,0.723491850075341,0.5,TRUE,TRUE
7,1,8,3,"gamma",0.862440042623651,0.0195168676902563,0.822756038216572,0.862355865745795,0.899971580800597,0.9,TRUE,FALSE
7,1,8,3,"tau.alpha",4.658065,0.286529083456753,4,4.7,5,3,TRUE,FALSE
7,1,8,3,"tau.beta",15.6405158492661,1.20577005930096,13.0805178494915,15.7413585229079,17.7419450428573,8,TRUE,FALSE
7,1,8,3,"phi.z1",NA,NA,NA,NA,NA,0.580645161290323,FALSE,NA
7,1,8,3,"phi.z2",NA,NA,NA,NA,NA,0.290322580645161,FALSE,NA
7,1,8,3,"phi.tau1",NA,NA,NA,NA,NA,0.580645161290323,FALSE,NA
7,1,8,3,"phi.tau2",NA,NA,NA,NA,NA,0.290322580645161,FALSE,NA
7,1,8,3,"phi.w1",NA,NA,NA,NA,NA,NA,FALSE,NA
7,1,8,3,"phi.w2",NA,NA,NA,NA,NA,NA,FALSE,NA
7,1,8,4,"beta0",10.4196092746834,0.131516174275671,10.1542257279173,10.4219711815075,10.6704778223692,10,TRUE,FALSE
7,1,8,4,"beta1",0.00444255343647439,0.00976587253841753,-0.0144944478226347,0.00442595294397804,0.0236104525308612,0,TRUE,TRUE
7,1,8,4,"beta2",0.0142780767455167,0.00963526945832689,-0.00509760861823746,0.0142727470292444,0.0333082543158202,0,TRUE,TRUE
7,1,8,4,"lambda",1.50995896459461,0.0981275517670318,1.32579198534568,1.50762562025344,1.70572069116949,3,TRUE,FALSE
7,1,8,4,"rho",0.949437141456842,0.0669625970766383,0.826625767763432,0.945182928711971,1.08999360996868,1,TRUE,TRUE
7,1,8,4,"nu",0.569173453100509,0.0558853527738638,0.465979254486558,0.565569468447214,0.693518977933401,0.5,TRUE,TRUE
7,1,8,4,"gamma",0.862830827384724,0.0194798147130839,0.825636897381125,0.862425367060984,0.903192175857801,0.9,TRUE,TRUE
7,1,8,4,"tau.alpha",4.08035,0.436696058883962,3.2,4.1,4.9,3,TRUE,FALSE
7,1,8,4,"tau.beta",15.2128874767799,1.76816752435633,11.6794278733329,15.2422914673304,18.5581043883902,8,TRUE,FALSE
7,1,8,4,"phi.z1",NA,NA,NA,NA,NA,0.580645161290323,FALSE,NA
7,1,8,4,"phi.z2",NA,NA,NA,NA,NA,0.290322580645161,FALSE,NA
7,1,8,4,"phi.tau1",NA,NA,NA,NA,NA,0.580645161290323,FALSE,NA
7,1,8,4,"phi.tau2",NA,NA,NA,NA,NA,0.290322580645161,FALSE,NA
7,1,8,4,"phi.w1",NA,NA,NA,NA,NA,NA,FALSE,NA
7,1,8,4,"phi.w2",NA,NA,NA,NA,NA,NA,FALSE,NA
7,1,8,5,"beta0",10.5192839147413,0.123426995850591,10.2714694366534,10.5212695256325,10.7569265749856,10,TRUE,FALSE
7,1,8,5,"beta1",0.000554988140952617,0.0087291708754179,-0.016422675704829,0.000640459616758759,0.0175499846528877,0,TRUE,TRUE
7,1,8,5,"beta2",0.012792447750516,0.00862178656416539,-0.00427537641600933,0.0128110868809467,0.0296815094212829,0,TRUE,TRUE
7,1,8,5,"lambda",1.56455409339553,0.0953108267947716,1.39031982487948,1.55974645287383,1.77032564956254,3,TRUE,FALSE
7,1,8,5,"rho",0.960229010021579,0.0544243751635966,0.851030689985031,0.959955517522847,1.06456932591292,1,TRUE,TRUE
7,1,8,5,"nu",0.547200183468105,0.0433884144638847,0.467689671800856,0.545442174932577,0.646258386005003,0.5,TRUE,TRUE
7,1,8,5,"gamma",0.868833735457987,0.017021604169373,0.837801355640044,0.868051297880107,0.90639780320267,0.9,TRUE,TRUE
7,1,8,5,"tau.alpha",4.09262,0.402265729800262,3.35,4.1,4.9,3,TRUE,FALSE
7,1,8,5,"tau.beta",14.8352563211378,1.57824560747741,11.9177650672611,14.8001963737899,17.9278125957555,8,TRUE,FALSE
7,1,8,5,"phi.z1",NA,NA,NA,NA,NA,0.580645161290323,FALSE,NA
7,1,8,5,"phi.z2",NA,NA,NA,NA,NA,0.290322580645161,FALSE,NA
7,1,8,5,"phi.tau1",NA,NA,NA,NA,NA,0.580645161290323,FALSE,NA
7,1,8,5,"phi.tau2",NA,NA,NA,NA,NA,0.290322580645161,FALSE,NA
7,1,8,5,"phi.w1",NA,NA,NA,NA,NA,NA,FALSE,NA
7,1,8,5,"phi.w2",NA,NA,NA,NA,NA,NA,FALSE,NA
7,1,9,1,"beta0",10.4936865516077,0.15155365499728,10.1879964512795,10.4969895534627,10.7876005414898,10,TRUE,FALSE
7,1,9,1,"beta1",0.0209490871964126,0.0134368080265942,-0.00539568934039564,0.020849008521527,0.0471388394129858,0,TRUE,TRUE
7,1,9,1,"beta2",-0.000307384668822718,0.0131840802406938,-0.0260186839431439,-0.00016706014088411,0.025496445797599,0,TRUE,TRUE
7,1,9,1,"lambda",0.832294035891327,0.114241971451213,0.634058572244244,0.823592145480454,1.07606316888311,3,TRUE,FALSE
7,1,9,1,"rho",1.15485775204216,0.121052960776422,0.930832904365964,1.14894367430025,1.39839391100198,1,TRUE,TRUE
7,1,9,1,"nu",0.443323840927579,0.0587705623419881,0.348337135835026,0.435626221909913,0.565196196095781,0.5,TRUE,TRUE
7,1,9,1,"gamma",0.929990735076286,0.0318461939083748,0.87255226771028,0.928996568851525,0.993826214351684,0.9,TRUE,TRUE
7,1,9,1,"tau.alpha",4.312505,0.506699170494622,3.15,4.4,5,3,TRUE,FALSE
7,1,9,1,"tau.beta",9.70011850803461,1.33549139320755,6.85455685553459,9.80592380088899,12.0047136145142,8,TRUE,TRUE
7,1,9,1,"phi.z1",NA,NA,NA,NA,NA,0.580645161290323,FALSE,NA
7,1,9,1,"phi.z2",NA,NA,NA,NA,NA,0.290322580645161,FALSE,NA
7,1,9,1,"phi.tau1",NA,NA,NA,NA,NA,0.580645161290323,FALSE,NA
7,1,9,1,"phi.tau2",NA,NA,NA,NA,NA,0.290322580645161,FALSE,NA
7,1,9,1,"phi.w1",NA,NA,NA,NA,NA,NA,FALSE,NA
7,1,9,1,"phi.w2",NA,NA,NA,NA,NA,NA,FALSE,NA
7,1,9,2,"beta0",10.4614346488827,0.12766154855737,10.2026347197419,10.4644072228454,10.7021845649057,10,TRUE,FALSE
7,1,9,2,"beta1",0.0197757173431276,0.0103607935954236,-0.000451396941922869,0.0196590392222308,0.0403439307304693,0,TRUE,TRUE
7,1,9,2,"beta2",-0.00116648367338281,0.0101571826448911,-0.020844736269298,-0.00129573425165609,0.0188218983911604,0,TRUE,TRUE
7,1,9,2,"lambda",1.36966207938165,0.120192719571317,1.15848051466098,1.36136476964772,1.6270366627403,3,TRUE,FALSE
7,1,9,2,"rho",1.03311085408963,0.0941165872151784,0.858657266039752,1.03354878981491,1.22110063052061,1,TRUE,TRUE
7,1,9,2,"nu",0.510173824315663,0.0639139450637465,0.407478829794696,0.50189913517632,0.659527043456193,0.5,TRUE,TRUE
7,1,9,2,"gamma",0.896955996908489,0.026799141373729,0.842792089198748,0.897959679559956,0.949002393966257,0.9,TRUE,TRUE
7,1,9,2,"tau.alpha",4.6631,0.30653186812894,3.85,4.75,5,3,TRUE,FALSE
7,1,9,2,"tau.beta",10.640254674131,0.911427588642847,8.62644457514506,10.692797083392,12.2840472740265,8,TRUE,FALSE
7,1,9,2,"phi.z1",NA,NA,NA,NA,NA,0.580645161290323,FALSE,NA
7,1,9,2,"phi.z2",NA,NA,NA,NA,NA,0.290322580645161,FALSE,NA
7,1,9,2,"phi.tau1",NA,NA,NA,NA,NA,0.580645161290323,FALSE,NA
7,1,9,2,"phi.tau2",NA,NA,NA,NA,NA,0.290322580645161,FALSE,NA
7,1,9,2,"phi.w1",NA,NA,NA,NA,NA,NA,FALSE,NA
7,1,9,2,"phi.w2",NA,NA,NA,NA,NA,NA,FALSE,NA
7,1,9,3,"beta0",10.4896677786867,0.11325988625187,10.2601056043651,10.4914194866717,10.7086944749843,10,TRUE,FALSE
7,1,9,3,"beta1",0.0164739943962391,0.00905049885072728,-0.00139601259328368,0.0166614427708154,0.0342886251261766,0,TRUE,TRUE
7,1,9,3,"beta2",0.00664869979330417,0.00899236978844992,-0.011053939806895,0.00672419332128964,0.0240042010832233,0,TRUE,TRUE
7,1,9,3,"lambda",1.51387616669434,0.1174293004005,1.30177180211821,1.50650023600189,1.76071153072378,3,TRUE,FALSE
7,1,9,3,"rho",0.999321009863275,0.097201440179083,0.864392916338256,0.981421584154201,1.26028522243483,1,TRUE,TRUE
7,1,9,3,"nu",0.542892041267038,0.0654542185049359,0.382157204379397,0.548003586673883,0.654767586460343,0.5,TRUE,TRUE
7,1,9,3,"gamma",0.885345465902538,0.0276101027635842,0.845333327499867,0.880976771136485,0.966294802317917,0.9,TRUE,TRUE
7,1,9,3,"tau.alpha",4.76528,0.226520755705248,4.2,4.85,5,3,TRUE,FALSE
7,1,9,3,"tau.beta",11.5660143479876,0.77502432583353,9.86376217655875,11.6126425664265,12.9567766575462,8,TRUE,FALSE
7,1,9,3,"phi.z1",NA,NA,NA,NA,NA,0.580645161290323,FALSE,NA
7,1,9,3,"phi.z2",NA,NA,NA,NA,NA,0.290322580645161,FALSE,NA
7,1,9,3,"phi.tau1",NA,NA,NA,NA,NA,0.580645161290323,FALSE,NA
7,1,9,3,"phi.tau2",NA,NA,NA,NA,NA,0.290322580645161,FALSE,NA
7,1,9,3,"phi.w1",NA,NA,NA,NA,NA,NA,FALSE,NA
7,1,9,3,"phi.w2",NA,NA,NA,NA,NA,NA,FALSE,NA
7,1,9,4,"beta0",10.536307882191,0.104585019837308,10.3247392053375,10.53902904514,10.7347408041877,10,TRUE,FALSE
7,1,9,4,"beta1",0.0134626459729101,0.00804637118479071,-0.00246276272808541,0.0135135476060444,0.0292505063807232,0,TRUE,TRUE
7,1,9,4,"beta2",0.00970280222252374,0.00793709264588181,-0.00578925622831874,0.00968539426638188,0.0252675035555886,0,TRUE,TRUE
7,1,9,4,"lambda",1.65316205809122,0.111591031526006,1.445395267426,1.64846410593363,1.88354228404684,3,TRUE,FALSE
7,1,9,4,"rho",1.04856855590747,0.0673894076413928,0.904025320368118,1.04925955524164,1.18407001099332,1,TRUE,TRUE
7,1,9,4,"nu",0.503800934810091,0.0455503509428206,0.422820064723777,0.50077812311222,0.614618771861736,0.5,TRUE,TRUE
7,1,9,4,"gamma",0.898910993911751,0.0200005849470917,0.85732888916832,0.898705130807902,0.938317132956374,0.9,TRUE,TRUE
7,1,9,4,"tau.alpha",4.805625,0.193386527994897,4.3,4.85,5,3,TRUE,FALSE
7,1,9,4,"tau.beta",11.786821037304,0.694404983495175,10.257275823316,11.8371786626027,13.031511738887,8,TRUE,FALSE
7,1,9,4,"phi.z1",NA,NA,NA,NA,NA,0.580645161290323,FALSE,NA
7,1,9,4,"phi.z2",NA,NA,NA,NA,NA,0.290322580645161,FALSE,NA
7,1,9,4,"phi.tau1",NA,NA,NA,NA,NA,0.580645161290323,FALSE,NA
7,1,9,4,"phi.tau2",NA,NA,NA,NA,NA,0.290322580645161,FALSE,NA
7,1,9,4,"phi.w1",NA,NA,NA,NA,NA,NA,FALSE,NA
7,1,9,4,"phi.w2",NA,NA,NA,NA,NA,NA,FALSE,NA
7,1,9,5,"beta0",10.5967243348963,0.100246375337577,10.3990653786797,10.5967039807881,10.7908586978369,10,TRUE,FALSE
7,1,9,5,"beta1",0.0106439937520188,0.00731260053101082,-0.00353205217553211,0.0106607138293925,0.0250134749381382,0,TRUE,TRUE
7,1,9,5,"beta2",0.00721336304200981,0.00739363812784414,-0.00714415033227009,0.00713530050400862,0.0217950901480236,0,TRUE,TRUE
7,1,9,5,"lambda",1.74473899478287,0.105672694954702,1.55531307156123,1.73916861854377,1.9725237667305,3,TRUE,FALSE
7,1,9,5,"rho",1.06754200417398,0.083014144250993,0.922106495079696,1.06628015469689,1.24051568508577,1,TRUE,TRUE
7,1,9,5,"nu",0.478330681994913,0.0507657831210407,0.383469657573914,0.475010125964272,0.574287062261739,0.5,TRUE,TRUE
7,1,9,5,"gamma",0.911943419989894,0.0243644092747451,0.870709233068526,0.910950311664039,0.962481932795879,0.9,TRUE,TRUE
7,1,9,5,"tau.alpha",4.852265,0.1556070086118,4.45,4.9,5,3,TRUE,FALSE
7,1,9,5,"tau.beta",12.1538021292549,0.612341837656971,10.839496589417,12.1883331330372,13.2793569567233,8,TRUE,FALSE
7,1,9,5,"phi.z1",NA,NA,NA,NA,NA,0.580645161290323,FALSE,NA
7,1,9,5,"phi.z2",NA,NA,NA,NA,NA,0.290322580645161,FALSE,NA
7,1,9,5,"phi.tau1",NA,NA,NA,NA,NA,0.580645161290323,FALSE,NA
7,1,9,5,"phi.tau2",NA,NA,NA,NA,NA,0.290322580645161,FALSE,NA
7,1,9,5,"phi.w1",NA,NA,NA,NA,NA,NA,FALSE,NA
7,1,9,5,"phi.w2",NA,NA,NA,NA,NA,NA,FALSE,NA
7,2,1,1,"beta0",9.67737912598693,0.198877988356633,9.26362112380987,9.68413712907397,10.0421599606451,10,TRUE,TRUE
7,2,1,1,"beta1",0.0182149889435952,0.0140083551638788,-0.00905350926056767,0.0183182659130176,0.0455416001040339,0,TRUE,TRUE
7,2,1,1,"beta2",0.0407735502048334,0.0139557084656491,0.0131688497874401,0.0408440070616935,0.0675970325355287,0,TRUE,FALSE
7,2,1,1,"lambda",0.968218829763216,0.214594220732859,0.653366844313347,0.93436042579074,1.51136131384766,3,TRUE,FALSE
7,2,1,1,"rho",1.06948691788768,0.0968743336166243,0.88934577398835,1.06842855781758,1.26401185946607,1,TRUE,TRUE
7,2,1,1,"nu",0.419248833675941,0.0458852362221767,0.349069042584038,0.411367397929607,0.53346419244923,0.5,TRUE,TRUE
7,2,1,1,"gamma",0.95574473990259,0.0279626241964233,0.889659215358795,0.958168084748651,0.997266127234116,0.9,TRUE,TRUE
7,2,1,1,"tau.alpha",4.41734,0.461170892684291,3.35,4.5,5,3,TRUE,FALSE
7,2,1,1,"tau.beta",11.7823169307588,1.48341821897067,8.61815688373602,11.8927380220457,14.3921242885811,8,TRUE,FALSE
7,2,1,1,"phi.z1",0.353653044871394,0.149778181772959,0.0656787677200901,0.352495847686246,0.65001734559952,0.580645161290323,FALSE,NA
7,2,1,1,"phi.z2",0.286151240992348,0.156702349723011,-0.0379974620749003,0.298634775660995,0.572844824738178,0.290322580645161,FALSE,NA
7,2,1,1,"phi.tau1",0.398324848177403,0.256359344930422,-0.237949883302655,0.437048476961694,0.807197925633016,0.580645161290323,FALSE,NA
7,2,1,1,"phi.tau2",-0.159337772255663,0.329878817203091,-0.702919693689999,-0.145200808147115,0.41596403234574,0.290322580645161,FALSE,NA
7,2,1,1,"phi.w1",0,0,0,0,0,NA,FALSE,NA
7,2,1,1,"phi.w2",0,0,0,0,0,NA,FALSE,NA
7,2,1,2,"beta0",9.88973369374609,0.189378667447058,9.47192044922202,9.90438458500744,10.2194210588094,10,TRUE,TRUE
7,2,1,2,"beta1",0.0124193675310213,0.0114168024273264,-0.00960161930449877,0.0123714116189562,0.0348404036433256,0,TRUE,TRUE
7,2,1,2,"beta2",0.0182003528774618,0.0113045596883362,-0.00404646911387458,0.0181948560630486,0.0403417851104546,0,TRUE,TRUE
7,2,1,2,"lambda",1.39251303050795,0.29696558532906,0.963194661851569,1.34638800955583,2.19296780051862,3,TRUE,FALSE
7,2,1,2,"rho",1.11214591968106,0.0967426737079071,0.933125766584244,1.11156433011557,1.30519007502204,1,TRUE,TRUE
7,2,1,2,"nu",0.431617920468187,0.0517306029517569,0.352012847762366,0.423891122066694,0.562023209723399,0.5,TRUE,TRUE
7,2,1,2,"gamma",0.943704795756158,0.0287089082262215,0.880707417345026,0.945369026497329,0.994757092004816,0.9,TRUE,TRUE
7,2,1,2,"tau.alpha",4.63808,0.319227355047184,3.85,4.7,5,3,TRUE,FALSE
7,2,1,2,"tau.beta",12.7476254339699,1.14765119263522,10.2229055588178,12.8365786056841,14.7529675313627,8,TRUE,FALSE
7,2,1,2,"phi.z1",0.354901333271194,0.115099809208841,0.139732742785113,0.35223510652048,0.576650726612248,0.580645161290323,FALSE,NA
7,2,1,2,"phi.z2",0.35126037646217,0.118402485317525,0.105906793074435,0.347978319677495,0.582704350060242,0.290322580645161,FALSE,NA
7,2,1,2,"phi.tau1",0.555355993046791,0.140973000974602,0.278997653895687,0.558727730023468,0.806632825470432,0.580645161290323,FALSE,NA
7,2,1,2,"phi.tau2",0.047555458634598,0.193700152273333,-0.376812514968095,0.0599626311253744,0.375549510032151,0.290322580645161,FALSE,NA
7,2,1,2,"phi.w1",0,0,0,0,0,NA,FALSE,NA
7,2,1,2,"phi.w2",0,0,0,0,0,NA,FALSE,NA
7,2,1,3,"beta0",9.97859079048638,0.159481895896258,9.63159957543921,9.98745502500742,10.2666769455405,10,TRUE,TRUE
7,2,1,3,"beta1",0.00457689218921097,0.00984649816025869,-0.0146244185664478,0.00458853969960543,0.0239617877455523,0,TRUE,TRUE
7,2,1,3,"beta2",0.0182514618537926,0.0096944454651631,-0.00103411260659644,0.0182302474902366,0.0369724363241359,0,TRUE,TRUE
7,2,1,3,"lambda",1.40719047954161,0.210682481042668,1.09553695640504,1.3686877381788,1.91981748609925,3,TRUE,FALSE
7,2,1,3,"rho",1.10983018964607,0.0852718916693947,0.944012494890889,1.11049275067627,1.28234529912935,1,TRUE,TRUE
7,2,1,3,"nu",0.434141072359596,0.0456109092295493,0.36187496926776,0.427134178845719,0.544716788134222,0.5,TRUE,TRUE
7,2,1,3,"gamma",0.943455052696113,0.0257255402002623,0.887543412954792,0.944986611719063,0.989305856325212,0.9,TRUE,TRUE
7,2,1,3,"tau.alpha",4.746275,0.246543003795022,4.1,4.8,5,3,TRUE,FALSE
7,2,1,3,"tau.beta",13.4300667429318,0.947374106558168,11.2659355663701,13.5053765214838,15.0731558717332,8,TRUE,FALSE
7,2,1,3,"phi.z1",0.414070816998621,0.102735133622897,0.212383717857139,0.415482315662672,0.614547046314303,0.580645161290323,FALSE,NA
7,2,1,3,"phi.z2",0.259584795917074,0.102722267919015,0.0459134344710004,0.257697411880035,0.464153342660824,0.290322580645161,FALSE,NA
7,2,1,3,"phi.tau1",0.563446826459516,0.108338256022598,0.336190444985508,0.568104944780226,0.768731620468952,0.580645161290323,FALSE,NA
7,2,1,3,"phi.tau2",0.0514125982792971,0.149313577754021,-0.279881219657649,0.0576117501898236,0.313320720448153,0.290322580645161,FALSE,NA
7,2,1,3,"phi.w1",0,0,0,0,0,NA,FALSE,NA
7,2,1,3,"phi.w2",0,0,0,0,0,NA,FALSE,NA
7,2,1,4,"beta0",9.99660582888429,0.165366699437459,9.64169260455054,10.0062286278363,10.2864907122153,10,TRUE,TRUE
7,2,1,4,"beta1",0.0071148340404719,0.00865979202424955,-0.0101275686600862,0.00709386674777413,0.0241686086371492,0,TRUE,TRUE
7,2,1,4,"beta2",0.0154186772431356,0.00854688489052652,-0.00118611701242298,0.015426768285067,0.032022189493097,0,TRUE,TRUE
7,2,1,4,"lambda",1.84954711153458,0.228226166196234,1.44369519919263,1.84823218552348,2.29191567902582,3,TRUE,FALSE
7,2,1,4,"rho",1.10814321816795,0.0718179851514785,0.976788951516745,1.10779633490995,1.24750690427536,1,TRUE,TRUE
7,2,1,4,"nu",0.442158384902815,0.0403763724180117,0.374971237928218,0.438631806848132,0.525036857985228,0.5,TRUE,TRUE
7,2,1,4,"gamma",0.935231733906496,0.0237414135697444,0.89180889950426,0.935665839560595,0.977890178265237,0.9,TRUE,TRUE
7,2,1,4,"tau.alpha",4.833565,0.17405364185223,4.35,4.9,5,3,TRUE,FALSE
7,2,1,4,"tau.beta",13.4451081083485,0.741905059501132,11.8574644614988,13.4886419728687,14.7992326271605,8,TRUE,FALSE
7,2,1,4,"phi.z1",0.535892151340348,0.0847182485624728,0.371158626211239,0.53590826900543,0.70778444071559,0.580645161290323,FALSE,NA
7,2,1,4,"phi.z2",0.211163522355193,0.0975814915928711,0.0120296229374572,0.21144142527756,0.400173634700171,0.290322580645161,FALSE,NA
7,2,1,4,"phi.tau1",0.582906048551591,0.0972355067068861,0.376278328686662,0.587163265044086,0.760361289016865,0.580645161290323,FALSE,NA
7,2,1,4,"phi.tau2",0.0400909175986996,0.139126134184948,-0.285471431364724,0.0494867768654198,0.29312823594619,0.290322580645161,FALSE,NA
7,2,1,4,"phi.w1",0,0,0,0,0,NA,FALSE,NA
7,2,1,4,"phi.w2",0,0,0,0,0,NA,FALSE,NA
7,2,1,5,"beta0",10.0211676460608,0.153039182682172,9.68135792688798,10.0358554982483,10.2900312086297,10,TRUE,TRUE
7,2,1,5,"beta1",0.00964016523306246,0.0079027107858037,-0.00588362216957411,0.00967803549146998,0.0250072289073856,0,TRUE,TRUE
7,2,1,5,"beta2",0.0126147054170028,0.00784308198699063,-0.00254064063393709,0.0126297907707441,0.0280674605462289,0,TRUE,TRUE
7,2,1,5,"lambda",1.99934377086433,0.239458981416493,1.58207604082669,1.98223033925996,2.49332051027845,3,TRUE,FALSE
7,2,1,5,"rho",1.11793730840492,0.0736537381003827,0.990626033690642,1.11448052809592,1.2701411959343,1,TRUE,TRUE
7,2,1,5,"nu",0.449369569626474,0.0395418499141017,0.375587203629847,0.449789216603371,0.524144273912863,0.5,TRUE,TRUE
7,2,1,5,"gamma",0.930380813716421,0.0220112767091991,0.891685278719266,0.928491910723291,0.974393661723505,0.9,TRUE,TRUE
7,2,1,5,"tau.alpha",4.862155,0.14828757498688,4.45,4.9,5,3,TRUE,FALSE
7,2,1,5,"tau.beta",13.4822704033437,0.659116864020372,12.0805482443226,13.5029358003145,14.7206195600333,8,TRUE,FALSE
7,2,1,5,"phi.z1",0.550703005123547,0.0851398880399279,0.377749476681648,0.550910838592933,0.724122150658612,0.580645161290323,FALSE,NA
7,2,1,5,"phi.z2",0.200558869642349,0.0888328498558912,0.0233270133703829,0.202710570822031,0.376881356483691,0.290322580645161,FALSE,NA
7,2,1,5,"phi.tau1",0.449048063728732,0.0899324317147043,0.264017781089926,0.451582657145398,0.617793791849919,0.580645161290323,FALSE,NA
7,2,1,5,"phi.tau2",0.171048663857817,0.113940815568925,-0.0639236289969314,0.175130118191846,0.382828731147754,0.290322580645161,FALSE,NA
7,2,1,5,"phi.w1",0,0,0,0,0,NA,FALSE,NA
7,2,1,5,"phi.w2",0,0,0,0,0,NA,FALSE,NA
7,2,10,1,"beta0",11.0192854472483,0.875491480256645,8.92890228725313,11.2184170776615,12.2253825544504,10,TRUE,TRUE
7,2,10,1,"beta1",-0.0170567827561135,0.0173164741334295,-0.0500823851466661,-0.0170615697925114,0.0170232847324022,0,TRUE,TRUE
7,2,10,1,"beta2",0.0178882482541474,0.017471747911058,-0.0167191295851268,0.0177289743970618,0.051988928754673,0,TRUE,TRUE
7,2,10,1,"lambda",2.77185667989707,0.627442980565698,1.85265222176904,2.70414305331023,4.45549572032004,3,TRUE,TRUE
7,2,10,1,"rho",0.894611780704263,0.107767803466928,0.722217378897331,0.879435238676386,1.13028254730457,1,TRUE,TRUE
7,2,10,1,"nu",0.579783898101736,0.096720363445315,0.414805944141501,0.575196919925732,0.778279791620957,0.5,TRUE,TRUE
7,2,10,1,"gamma",0.869264168437643,0.0342081178569912,0.811529127675317,0.865414100329836,0.943795841535373,0.9,TRUE,TRUE
7,2,10,1,"tau.alpha",2.67668,0.524766820236915,1.75,2.6,3.80124999999998,3,TRUE,TRUE
7,2,10,1,"tau.beta",11.3318427417164,2.42995821909645,7.1978017280653,11.0996725755754,16.7358521240863,8,TRUE,TRUE
7,2,10,1,"phi.z1",0.499001370087763,0.132717467436111,0.240243733884692,0.499730549137058,0.762339253807134,0.580645161290323,FALSE,NA
7,2,10,1,"phi.z2",0.22318377904242,0.16849257144129,-0.167983425567827,0.23755939172206,0.504308052001227,0.290322580645161,FALSE,NA
7,2,10,1,"phi.tau1",0.765482584128025,0.167238175635949,0.419933427572744,0.774600752654281,1.08418667858757,0.580645161290323,FALSE,NA
7,2,10,1,"phi.tau2",-0.0537633207314101,0.196440551208322,-0.461071520529954,-0.0500515627453298,0.311076495375327,0.290322580645161,FALSE,NA
7,2,10,1,"phi.w1",0,0,0,0,0,NA,FALSE,NA
7,2,10,1,"phi.w2",0,0,0,0,0,NA,FALSE,NA
7,2,10,2,"beta0",10.670527963276,0.823498943071253,8.64776400825473,10.801511203849,11.9778966625186,10,TRUE,TRUE
7,2,10,2,"beta1",-0.0262927245141258,0.0128953891018861,-0.0518641405268331,-0.0264516307436223,-0.000919225032796309,0,TRUE,FALSE
7,2,10,2,"beta2",0.018186395442073,0.0126458794014016,-0.00679064492530869,0.0182021569989708,0.0428995716421704,0,TRUE,TRUE
7,2,10,2,"lambda",6.42180830257537,1.58542954666051,3.45111700360956,6.688684445511,9.44760367012031,3,TRUE,FALSE
7,2,10,2,"rho",0.882374874715993,0.0907544137511599,0.726358889067644,0.875854270055976,1.09156750436968,1,TRUE,TRUE
7,2,10,2,"nu",0.572588016726947,0.0847831630267261,0.409198749482244,0.568384953213814,0.749464894848206,0.5,TRUE,TRUE
7,2,10,2,"gamma",0.875812053277516,0.0316062196028057,0.821892180196017,0.873547706592426,0.953200745185446,0.9,TRUE,TRUE
7,2,10,2,"tau.alpha",3.50779,0.521900425278032,2.55,3.5,4.55,3,TRUE,TRUE
7,2,10,2,"tau.beta",13.67614836319,2.20643374987389,9.57580985616327,13.616450274361,18.120931953828,8,TRUE,FALSE
7,2,10,2,"phi.z1",0.669819537683695,0.118645260217652,0.426303458358631,0.681203176295886,0.869299614492051,0.580645161290323,FALSE,NA
7,2,10,2,"phi.z2",0.232659120408099,0.143752081445053,-0.0713669507296298,0.229575734553685,0.509449862383696,0.290322580645161,FALSE,NA
7,2,10,2,"phi.tau1",0.59833537827762,0.12394941088077,0.345527171244181,0.602392653502239,0.843003544182113,0.580645161290323,FALSE,NA
7,2,10,2,"phi.tau2",0.113033101921759,0.138703291629422,-0.179091439335123,0.120122703660167,0.372764857772283,0.290322580645161,FALSE,NA
7,2,10,2,"phi.w1",0,0,0,0,0,NA,FALSE,NA
7,2,10,2,"phi.w2",0,0,0,0,0,NA,FALSE,NA
7,2,10,3,"beta0",11.2755881951159,0.604965350206722,9.86242756889596,11.3423525448824,12.2270894694715,10,TRUE,TRUE
7,2,10,3,"beta1",-0.0166390627244644,0.0113173306324968,-0.0386960034590565,-0.0168066659075588,0.00583258907452455,0,TRUE,TRUE
7,2,10,3,"beta2",0.00846399028889035,0.0113407286019819,-0.0140945446959308,0.00848186817006979,0.0308903026326366,0,TRUE,TRUE
7,2,10,3,"lambda",3.59465363253712,0.56645189727661,2.59590536819598,3.51342519415551,4.99425894474891,3,TRUE,TRUE
7,2,10,3,"rho",0.910829456121036,0.0722817467909165,0.776978679795066,0.908649767546467,1.05847475123208,1,TRUE,TRUE
7,2,10,3,"nu",0.566994657821935,0.064848194885174,0.4471066404388,0.562833312918731,0.714633779444003,0.5,TRUE,TRUE
7,2,10,3,"gamma",0.884130254134728,0.0232729027109072,0.839878752936033,0.882479659601541,0.93312703553049,0.9,TRUE,TRUE
7,2,10,3,"tau.alpha",3.97261,0.468943790584621,3.05,3.95,4.9,3,TRUE,FALSE
7,2,10,3,"tau.beta",15.9808471033437,2.04194051475679,12.0018264977137,15.9612371871271,19.9500316256956,8,TRUE,FALSE
7,2,10,3,"phi.z1",0.640006393735832,0.0895095022735027,0.475499566988338,0.634105815291919,0.832249808930451,0.580645161290323,FALSE,NA
7,2,10,3,"phi.z2",0.167518839410522,0.106627236236666,-0.0446926432012034,0.172690400749456,0.358813068485688,0.290322580645161,FALSE,NA
7,2,10,3,"phi.tau1",0.650364991076376,0.109496943791691,0.430413351334059,0.648680404649291,0.864935685754487,0.580645161290323,FALSE,NA
7,2,10,3,"phi.tau2",0.0566227153170129,0.122727900532786,-0.192159419237827,0.059935508780044,0.288811670464279,0.290322580645161,FALSE,NA
7,2,10,3,"phi.w1",0,0,0,0,0,NA,FALSE,NA
7,2,10,3,"phi.w2",0,0,0,0,0,NA,FALSE,NA
7,2,10,4,"beta0",11.1619563014438,0.715563611215527,9.41361086966673,11.2579372321121,12.2588958419196,10,TRUE,TRUE
7,2,10,4,"beta1",-0.0144106618046044,0.010291374993516,-0.0340020020447234,-0.0145104555463352,0.00582835153269176,0,TRUE,TRUE
7,2,10,4,"beta2",0.00363729147477751,0.0101124315619375,-0.0160757773368826,0.00363757111353809,0.0234908885924915,0,TRUE,TRUE
7,2,10,4,"lambda",3.55036007408629,0.636804417709589,2.45480985910705,3.55771641958398,4.88906248102676,3,TRUE,TRUE
7,2,10,4,"rho",0.941513551844291,0.0699935224947105,0.813594141674987,0.938546461720653,1.07892735852839,1,TRUE,TRUE
7,2,10,4,"nu",0.536980419863242,0.0558569134935329,0.43724732175417,0.53408470700485,0.655260574237493,0.5,TRUE,TRUE
7,2,10,4,"gamma",0.894485869488123,0.0220587950669476,0.856582545958638,0.893237683712262,0.938779159313983,0.9,TRUE,TRUE
7,2,10,4,"tau.alpha",3.959235,0.441569318591444,3.1,3.95,4.85,3,TRUE,FALSE
7,2,10,4,"tau.beta",16.3043639694645,1.980570507574,12.6160386451494,16.2692454523174,20.2001642915139,8,TRUE,FALSE
7,2,10,4,"phi.z1",0.64891634884709,0.0603821622794613,0.53736225079895,0.646769702252941,0.768831193328265,0.580645161290323,FALSE,NA
7,2,10,4,"phi.z2",0.187306651888381,0.0783062044826825,0.0338275427766874,0.187288445684931,0.329048246903814,0.290322580645161,FALSE,NA
7,2,10,4,"phi.tau1",0.619146916358025,0.0960603343056434,0.429583097416679,0.619425397503329,0.803021928544802,0.580645161290323,FALSE,NA
7,2,10,4,"phi.tau2",0.0750754592216518,0.108628121237376,-0.143631920175532,0.0771520464005727,0.284694717374758,0.290322580645161,FALSE,NA
7,2,10,4,"phi.w1",0,0,0,0,0,NA,FALSE,NA
7,2,10,4,"phi.w2",0,0,0,0,0,NA,FALSE,NA
7,2,10,5,"beta0",11.4408144931012,0.415767703425016,10.5257227856277,11.4676791671332,12.1758336036372,10,TRUE,FALSE
7,2,10,5,"beta1",-0.0139740223624245,0.0095674090791175,-0.0330415790891497,-0.0139215348393512,0.00481590005702951,0,TRUE,TRUE
7,2,10,5,"beta2",0.00298021437280481,0.00949116344004083,-0.015399976822146,0.00295431305295053,0.0213596308247131,0,TRUE,TRUE
7,2,10,5,"lambda",3.0566173740531,0.283380075496881,2.56640775540382,3.03352184086741,3.64771029379389,3,TRUE,TRUE
7,2,10,5,"rho",0.900708214750907,0.0559312154192029,0.796353603937081,0.899306196848161,1.01800934754559,1,TRUE,TRUE
7,2,10,5,"nu",0.591931405904431,0.0517170185504478,0.502729229959166,0.586883425117023,0.703396890394709,0.5,TRUE,FALSE
7,2,10,5,"gamma",0.872062065555952,0.0166849162154674,0.840687115939985,0.87165813133216,0.905490842355781,0.9,TRUE,TRUE
7,2,10,5,"tau.alpha",3.79181,0.399946771010799,3.05,3.8,4.6,3,TRUE,FALSE
7,2,10,5,"tau.beta",16.7336682036666,1.90572070520294,13.1629552743891,16.6731667348197,20.6222013490112,8,TRUE,FALSE
7,2,10,5,"phi.z1",0.654437656157023,0.0725661564500764,0.513360484935566,0.654647360378594,0.79584789709469,0.580645161290323,FALSE,NA
7,2,10,5,"phi.z2",0.15284458396275,0.0830189819234904,-0.0148934088895746,0.152549384834867,0.304338359661167,0.290322580645161,FALSE,NA
7,2,10,5,"phi.tau1",0.619377985964159,0.0868841271565339,0.439867424039587,0.621453628925503,0.781213451889891,0.580645161290323,FALSE,NA
7,2,10,5,"phi.tau2",0.0877624922982138,0.0968654200540194,-0.102927859243489,0.0875463322554984,0.276405013315606,0.290322580645161,FALSE,NA
7,2,10,5,"phi.w1",0,0,0,0,0,NA,FALSE,NA
7,2,10,5,"phi.w2",0,0,0,0,0,NA,FALSE,NA
7,2,2,1,"beta0",10.2908916711472,0.240655461709078,9.78229420234845,10.3035343878028,10.7302252813189,10,TRUE,TRUE
7,2,2,1,"beta1",-0.0208277237524321,0.0175230790143714,-0.0547152782936574,-0.0207974285939737,0.0137870072733228,0,TRUE,TRUE
7,2,2,1,"beta2",-0.0286304042237642,0.0172435407034276,-0.0616150290385394,-0.0287206596278446,0.00517228007712377,0,TRUE,TRUE
7,2,2,1,"lambda",1.35132394902264,0.215332530460741,1.00698580158737,1.32617126796849,1.84633948817343,3,TRUE,FALSE
7,2,2,1,"rho",0.956277018373095,0.132795282405913,0.737099297923167,0.942646890255,1.28715532116475,1,TRUE,TRUE
7,2,2,1,"nu",0.580967081893905,0.106675016622066,0.372540965708833,0.577312991199537,0.803210548671633,0.5,TRUE,TRUE
7,2,2,1,"gamma",0.888366501830587,0.0364600743194801,0.830533198822399,0.88357575918927,0.987973488980611,0.9,TRUE,TRUE
7,2,2,1,"tau.alpha",3.64716,0.622045519606762,2.45,3.65,4.85,3,TRUE,TRUE
7,2,2,1,"tau.beta",14.2057465691758,2.64309944789139,9.30060819199062,14.1290254492303,19.5120599130187,8,TRUE,FALSE
7,2,2,1,"phi.z1",0.274625622364191,0.156200890092367,-0.0332014117146982,0.275888533054793,0.58350105530544,0.580645161290323,FALSE,NA
7,2,2,1,"phi.z2",0.0568268943093288,0.157384876377709,-0.246589816517086,0.0592554786035111,0.36087477566054,0.290322580645161,FALSE,NA
7,2,2,1,"phi.tau1",0.574090113726927,0.164447127922356,0.224284903918906,0.578023843572682,0.885870464333908,0.580645161290323,FALSE,NA
7,2,2,1,"phi.tau2",0.0812528077799895,0.210018345780609,-0.376014493645875,0.102624103470406,0.4465095081636,0.290322580645161,FALSE,NA
7,2,2,1,"phi.w1",0,0,0,0,0,NA,FALSE,NA
7,2,2,1,"phi.w2",0,0,0,0,0,NA,FALSE,NA
7,2,2,2,"beta0",9.98715533481745,0.1935543481367,9.58395930851527,9.99821156698226,10.3431493884564,10,TRUE,TRUE
7,2,2,2,"beta1",-0.0128075052905713,0.013488874232177,-0.0392210066365512,-0.0128125698915502,0.0139792223234729,0,TRUE,TRUE
7,2,2,2,"beta2",0.000784972164813383,0.0135839505400617,-0.0262186569447826,0.000933998001010749,0.0270797405148999,0,TRUE,TRUE
7,2,2,2,"lambda",1.19765845789276,0.168128188435084,0.929303297731494,1.17543355660461,1.5814241015209,3,TRUE,FALSE
7,2,2,2,"rho",0.960014035187671,0.104224902686412,0.780928380891857,0.946831859292089,1.19379047237297,1,TRUE,TRUE
7,2,2,2,"nu",0.556001175002262,0.0794592159856188,0.406030153214839,0.558842133933602,0.718832487402292,0.5,TRUE,TRUE
7,2,2,2,"gamma",0.902608040045183,0.0287436350808158,0.854884125772743,0.898487809521508,0.968352880977253,0.9,TRUE,TRUE
7,2,2,2,"tau.alpha",4.29846,0.461222723898231,3.3,4.35,5,3,TRUE,FALSE
7,2,2,2,"tau.beta",17.1819172416568,2.09052055670473,12.9816994121205,17.2799396861906,20.9103403659987,8,TRUE,FALSE
7,2,2,2,"phi.z1",0.291502031151127,0.114860350925424,0.0679220649996823,0.288957748565567,0.520405726849879,0.580645161290323,FALSE,NA
7,2,2,2,"phi.z2",0.199783003715789,0.116980021251101,-0.0354809803239606,0.202735339503313,0.424913763130379,0.290322580645161,FALSE,NA
7,2,2,2,"phi.tau1",0.587933258298241,0.137853767859607,0.302565094238715,0.596817084694461,0.829811486780365,0.580645161290323,FALSE,NA
7,2,2,2,"phi.tau2",-0.0136204735370034,0.185270962961825,-0.385599224968972,-0.0012451718166846,0.314987146762191,0.290322580645161,FALSE,NA
7,2,2,2,"phi.w1",0,0,0,0,0,NA,FALSE,NA
7,2,2,2,"phi.w2",0,0,0,0,0,NA,FALSE,NA
7,2,2,3,"beta0",9.90048412883889,0.152735149814302,9.58618390857783,9.90616800705422,10.187904693907,10,TRUE,TRUE
7,2,2,3,"beta1",-0.0210199942339489,0.0115878863387517,-0.0437087760707299,-0.0210742722097147,0.00194409001602567,0,TRUE,TRUE
7,2,2,3,"beta2",-0.000861113668848646,0.0114057759478773,-0.0232557043005222,-0.000797313477803777,0.021155327113399,0,TRUE,TRUE
7,2,2,3,"lambda",1.17438408405011,0.14129563356036,0.935086778768197,1.160784719741,1.48106875077909,3,TRUE,FALSE
7,2,2,3,"rho",0.950104252348592,0.075022736803275,0.829136465272753,0.939740333785099,1.11640084516665,1,TRUE,TRUE
7,2,2,3,"nu",0.537970599977544,0.056540800641034,0.43228677757113,0.540684821241566,0.643711883694972,0.5,TRUE,TRUE
7,2,2,3,"gamma",0.902800461927673,0.023093400928699,0.861660496099919,0.901491567930303,0.950632070244692,0.9,TRUE,TRUE
7,2,2,3,"tau.alpha",4.63909,0.305629371676354,3.9,4.7,5,3,TRUE,FALSE
7,2,2,3,"tau.beta",18.2851324512121,1.49270670127141,15.0554656276963,18.4346680938293,20.8822797318374,8,TRUE,FALSE
7,2,2,3,"phi.z1",0.335725678447024,0.098318752212889,0.145099949349271,0.332851673332863,0.537149037665764,0.580645161290323,FALSE,NA
7,2,2,3,"phi.z2",0.199391158130418,0.101469801377033,-0.0111820234575988,0.202408429380279,0.39059956773696,0.290322580645161,FALSE,NA
7,2,2,3,"phi.tau1",0.553822741523746,0.115591249416029,0.306990455103868,0.554429821279814,0.769781147557136,0.580645161290323,FALSE,NA
7,2,2,3,"phi.tau2",-0.00480954916567889,0.164339952444585,-0.362638228448063,0.00577407171416433,0.276070830507306,0.290322580645161,FALSE,NA
7,2,2,3,"phi.w1",0,0,0,0,0,NA,FALSE,NA
7,2,2,3,"phi.w2",0,0,0,0,0,NA,FALSE,NA
7,2,2,4,"beta0",9.87057785985846,0.124004152507109,9.62117154484594,9.87326190161991,10.1030984032089,10,TRUE,TRUE
7,2,2,4,"beta1",0.000579367607418658,0.00980566693392231,-0.0188865959212066,0.000617285222947155,0.0199264157733087,0,TRUE,TRUE
7,2,2,4,"beta2",-0.00410810846457348,0.0095684340629554,-0.0228674756173779,-0.00400164015793496,0.0147014213238064,0,TRUE,TRUE
7,2,2,4,"lambda",1.27351852738686,0.381007319669438,0.93330686220797,1.14475335691057,2.40372094319637,3,TRUE,FALSE
7,2,2,4,"rho",0.958868973339757,0.0566040915353288,0.847898599979361,0.958047216508374,1.07035920490077,1,TRUE,TRUE
7,2,2,4,"nu",0.528272214022281,0.0435386033169156,0.451737072505626,0.526324407961062,0.621298303675488,0.5,TRUE,TRUE
7,2,2,4,"gamma",0.905465075144148,0.0179283812898653,0.871857398112356,0.904684238153298,0.941699331162578,0.9,TRUE,TRUE
7,2,2,4,"tau.alpha",4.743805,0.238843205016719,4.14875,4.8,5,3,TRUE,FALSE
7,2,2,4,"tau.beta",17.740025438578,1.15105334911368,15.1343589625796,17.8389116416089,19.7522250588651,8,TRUE,FALSE
7,2,2,4,"phi.z1",0.364139432605893,0.0895517357549139,0.180975195484509,0.366357278472047,0.530020043728768,0.580645161290323,FALSE,NA
7,2,2,4,"phi.z2",0.253984499428933,0.102260795911672,0.0545474100091994,0.252175279173977,0.453665636287036,0.290322580645161,FALSE,NA
7,2,2,4,"phi.tau1",0.565093051412394,0.0941689723766453,0.371736491829882,0.567437071835045,0.746919220916908,0.580645161290323,FALSE,NA
7,2,2,4,"phi.tau2",0.091527866203138,0.125528640179377,-0.166039443270268,0.0944076512890347,0.318803700229948,0.290322580645161,FALSE,NA
7,2,2,4,"phi.w1",0,0,0,0,0,NA,FALSE,NA
7,2,2,4,"phi.w2",0,0,0,0,0,NA,FALSE,NA
7,2,2,5,"beta0",9.84512727940191,0.118802105224584,9.60344123739715,9.84871593516614,10.0665189996205,10,TRUE,TRUE
7,2,2,5,"beta1",0.0015359848925639,0.00875945656476321,-0.0157146994820974,0.00161050380008289,0.0184077019175982,0,TRUE,TRUE
7,2,2,5,"beta2",-0.00428003474357687,0.00873758911056594,-0.0215559453462538,-0.00430268950398793,0.0127138678726029,0,TRUE,TRUE
7,2,2,5,"lambda",1.18110890067652,0.137905905910915,0.966891100082309,1.15786612891481,1.55448829700316,3,TRUE,FALSE
7,2,2,5,"rho",0.955226491881688,0.0644027144110035,0.832254072293133,0.953229209346259,1.07905214943105,1,TRUE,TRUE
7,2,2,5,"nu",0.515803470438619,0.0486623551513265,0.433011948161632,0.513686514412296,0.620280061692476,0.5,TRUE,TRUE
7,2,2,5,"gamma",0.911787461410833,0.0203176713469706,0.872860016012986,0.91064705941316,0.951859275716393,0.9,TRUE,TRUE
7,2,2,5,"tau.alpha",4.80297,0.196936684002119,4.3,4.85,5,3,TRUE,FALSE
7,2,2,5,"tau.beta",17.9665733173284,0.986421636590583,15.792071124885,18.0445716501168,19.7134975728703,8,TRUE,FALSE
7,2,2,5,"phi.z1",0.372307005637609,0.0809478817545367,0.21880484241929,0.369318072504145,0.535132205208058,0.580645161290323,FALSE,NA
7,2,2,5,"phi.z2",0.192361785134344,0.0834879531552858,0.0288005115214964,0.191908286687511,0.35035818824416,0.290322580645161,FALSE,NA
7,2,2,5,"phi.tau1",0.591989247787909,0.0941627568898947,0.4079737598101,0.593017010514656,0.774388847675404,0.580645161290323,FALSE,NA
7,2,2,5,"phi.tau2",0.0724094254653583,0.120934308096266,-0.183795187897922,0.0740088829808527,0.294149131957993,0.290322580645161,FALSE,NA
7,2,2,5,"phi.w1",0,0,0,0,0,NA,FALSE,NA
7,2,2,5,"phi.w2",0,0,0,0,0,NA,FALSE,NA
7,2,3,1,"beta0",8.70174624111506,1.21280885372691,6.14277627005775,8.77212663465369,10.8589827688666,10,TRUE,TRUE
7,2,3,1,"beta1",0.0223781997208182,0.0197378136094731,-0.017150182471179,0.0226702359934238,0.0606828857276743,0,TRUE,TRUE
7,2,3,1,"beta2",0.0458381078776285,0.0195101336496981,0.00767625123201348,0.0459862285812905,0.083994037078464,0,TRUE,FALSE
7,2,3,1,"lambda",12.0891758687437,2.21706535128816,8.21058823283905,11.7234497295613,16.5230249503602,3,TRUE,FALSE
7,2,3,1,"rho",1.04650421018837,0.105328760507754,0.864285911161106,1.04030070497262,1.26149823289768,1,TRUE,TRUE
7,2,3,1,"nu",0.437063066916129,0.0582259754394904,0.350677630572685,0.429829444506328,0.561825731927216,0.5,TRUE,TRUE
7,2,3,1,"gamma",0.943174770247526,0.0332498447387438,0.878185171709428,0.945089484326449,0.996199614805192,0.9,TRUE,TRUE
7,2,3,1,"tau.alpha",2.93527,0.560076240916863,1.95,2.9,4.15,3,TRUE,TRUE
7,2,3,1,"tau.beta",14.858303640342,3.0835058726365,9.34827847849327,14.6721952885799,21.5006671232385,8,TRUE,FALSE
7,2,3,1,"phi.z1",0.501627161737803,0.0757995141605995,0.351405533882042,0.503697024912252,0.646624003728977,0.580645161290323,FALSE,NA
7,2,3,1,"phi.z2",0.472139067053088,0.0746440801602688,0.324266155639838,0.471463832054548,0.624178899783537,0.290322580645161,FALSE,NA
7,2,3,1,"phi.tau1",0.558006879579116,0.171209605402682,0.205788440388803,0.5629216680616,0.872485997212128,0.580645161290323,FALSE,NA
7,2,3,1,"phi.tau2",0.102425908469926,0.221008282810144,-0.401905415000926,0.124013289762794,0.49295823059749,0.290322580645161,FALSE,NA
7,2,3,1,"phi.w1",0,0,0,0,0,NA,FALSE,NA
7,2,3,1,"phi.w2",0,0,0,0,0,NA,FALSE,NA
7,2,3,2,"beta0",7.92890612732317,1.2760120659551,5.52131303047031,7.91378558229066,10.2761072703989,10,TRUE,TRUE
7,2,3,2,"beta1",0.0075772642769832,0.0145507641649227,-0.0210834994746917,0.00751910022314024,0.0361713620420866,0,TRUE,TRUE
7,2,3,2,"beta2",0.0193943747029507,0.0145640229074284,-0.00914387835866122,0.0195232406806798,0.0477443762150016,0,TRUE,TRUE
7,2,3,2,"lambda",7.9920633874318,2.69697117376149,4.7466960418373,7.37006138329322,13.4134191324898,3,TRUE,FALSE
7,2,3,2,"rho",0.99433787437514,0.0779012658118944,0.856819525192269,0.988097303212624,1.15740875504953,1,TRUE,TRUE
7,2,3,2,"nu",0.492936895545841,0.0523735669422381,0.401430874511931,0.49140077990298,0.602598174890451,0.5,TRUE,TRUE
7,2,3,2,"gamma",0.914711703786365,0.0254745767183723,0.869049510271513,0.913363469469935,0.967958715101008,0.9,TRUE,TRUE
7,2,3,2,"tau.alpha",3.576385,0.523661153681832,2.6,3.55,4.65,3,TRUE,TRUE
7,2,3,2,"tau.beta",16.609074965395,2.62582629429974,11.8834764217046,16.4579681953368,22.0481743015682,8,TRUE,FALSE
7,2,3,2,"phi.z1",0.516336502895276,0.0994038677208206,0.294414420715475,0.532970036758641,0.676395491444835,0.580645161290323,FALSE,NA
7,2,3,2,"phi.z2",0.444605221268389,0.0979349676975583,0.277669540582008,0.434255044380679,0.663188453004053,0.290322580645161,FALSE,NA
7,2,3,2,"phi.tau1",0.452387312653499,0.119579420750124,0.201067266984687,0.453140018556007,0.682832793022784,0.580645161290323,FALSE,NA
7,2,3,2,"phi.tau2",0.237489368573857,0.135648646564732,-0.0487308535249242,0.244627460341057,0.479191443137562,0.290322580645161,FALSE,NA
7,2,3,2,"phi.w1",0,0,0,0,0,NA,FALSE,NA
7,2,3,2,"phi.w2",0,0,0,0,0,NA,FALSE,NA
7,2,3,3,"beta0",8.85280576912171,0.888030125360158,6.90147236262741,8.90847603623971,10.393747958357,10,TRUE,TRUE
7,2,3,3,"beta1",0.00996543865544408,0.0123692559001734,-0.0144980696684173,0.0100031202912485,0.0336744361661991,0,TRUE,TRUE
7,2,3,3,"beta2",0.0165876864155321,0.0123687517803513,-0.00780986033542111,0.0165816007762995,0.0407520159572675,0,TRUE,TRUE
7,2,3,3,"lambda",9.68430517114302,1.72397010156222,7.27927117083607,9.25072318053134,13.4174082225688,3,TRUE,FALSE
7,2,3,3,"rho",0.986281587011504,0.0861208169241062,0.844651500397103,0.974576663436297,1.18400398591405,1,TRUE,TRUE
7,2,3,3,"nu",0.499646190642434,0.0607245970303682,0.374661403041175,0.500680622840589,0.609982652361433,0.5,TRUE,TRUE
7,2,3,3,"gamma",0.911492524924755,0.0288723914524499,0.865696736082377,0.90801156606195,0.979981244414231,0.9,TRUE,TRUE
7,2,3,3,"tau.alpha",3.99327,0.466220916834851,3.1,4,4.9,3,TRUE,FALSE
7,2,3,3,"tau.beta",18.882098894039,2.37827029798923,14.3519024000968,18.8314366556651,23.5216562731738,8,TRUE,FALSE
7,2,3,3,"phi.z1",0.532217034703958,0.0790000378977125,0.382176771431114,0.518682175970466,0.709613692090854,0.580645161290323,FALSE,NA
7,2,3,3,"phi.z2",0.434314890982026,0.082432694264727,0.24073477288069,0.447175662616875,0.58367498543976,0.290322580645161,FALSE,NA
7,2,3,3,"phi.tau1",0.449220852197809,0.0999201894776777,0.240011064246541,0.452797013593835,0.636502715662068,0.580645161290323,FALSE,NA
7,2,3,3,"phi.tau2",0.276853804515687,0.111307482843171,0.0506778755176826,0.280394745549654,0.484813602648358,0.290322580645161,FALSE,NA
7,2,3,3,"phi.w1",0,0,0,0,0,NA,FALSE,NA
7,2,3,3,"phi.w2",0,0,0,0,0,NA,FALSE,NA
7,2,3,4,"beta0",9.81602484079616,0.61808565511073,8.56374969853892,9.87118950038433,10.8709102342615,10,TRUE,TRUE
7,2,3,4,"beta1",0.00165653103569017,0.0111307706768221,-0.0202491502428343,0.00169589250532968,0.0233059576996686,0,TRUE,TRUE
7,2,3,4,"beta2",0.00785995480924639,0.011022869271144,-0.013812549729225,0.00792704087398415,0.0292460061701729,0,TRUE,TRUE
7,2,3,4,"lambda",4.03144544479925,0.478985202092324,3.27012571814424,3.98022847543955,5.00682873679186,3,TRUE,FALSE
7,2,3,4,"rho",0.964785245257596,0.0754086052089198,0.83981688547838,0.962170045738556,1.11369194892339,1,TRUE,TRUE
7,2,3,4,"nu",0.536577577235962,0.0597717781952895,0.436728538902241,0.534140127058699,0.652115474190432,0.5,TRUE,TRUE
7,2,3,4,"gamma",0.89421089992467,0.0221977577642941,0.854862143157947,0.893531606105806,0.939301936116056,0.9,TRUE,TRUE
7,2,3,4,"tau.alpha",4.30144,0.402154944343503,3.45,4.35,4.95,3,TRUE,FALSE
7,2,3,4,"tau.beta",20.9392780324041,2.14222672867767,16.5860873089372,21.0217576994027,24.7633203480616,8,TRUE,FALSE
7,2,3,4,"phi.z1",0.4996287414843,0.0610892864901827,0.375873207798175,0.503576290365522,0.610350937914002,0.580645161290323,FALSE,NA
7,2,3,4,"phi.z2",0.402393797332957,0.0633917684903528,0.290407434386341,0.398791254792267,0.527210841510965,0.290322580645161,FALSE,NA
7,2,3,4,"phi.tau1",0.429332825667775,0.0892116135523054,0.245698792682063,0.433486693688533,0.598373384405646,0.580645161290323,FALSE,NA
7,2,3,4,"phi.tau2",0.223440668504871,0.101198325822695,0.0204438182895022,0.228127983835846,0.408726962206313,0.290322580645161,FALSE,NA
7,2,3,4,"phi.w1",0,0,0,0,0,NA,FALSE,NA
7,2,3,4,"phi.w2",0,0,0,0,0,NA,FALSE,NA
7,2,3,5,"beta0",9.66243928654747,0.718290545377145,8.07599312662874,9.80169436029685,10.8033036573859,10,TRUE,TRUE
7,2,3,5,"beta1",0.00119124420799135,0.00993725641726612,-0.0179419454027613,0.00105079497377142,0.0209570068154194,0,TRUE,TRUE
7,2,3,5,"beta2",0.00191835447660296,0.0100021650982004,-0.0178067097229278,0.00192798397087433,0.0215679496843035,0,TRUE,TRUE
7,2,3,5,"lambda",5.59493440667182,1.25574444193627,3.51833761132719,5.62122039665538,8.0093388042537,3,TRUE,FALSE
7,2,3,5,"rho",0.95958675034583,0.0574404232148955,0.8544625790139,0.959387811889687,1.07051080267004,1,TRUE,TRUE
7,2,3,5,"nu",0.519765234655965,0.0429978265700546,0.443262970078836,0.515411569261039,0.607936640927155,0.5,TRUE,TRUE
7,2,3,5,"gamma",0.899855677038727,0.0179505668342753,0.866132323061486,0.899842789386579,0.936859427545374,0.9,TRUE,TRUE
7,2,3,5,"tau.alpha",4.37098,0.382860284960167,3.55,4.4,5,3,TRUE,FALSE
7,2,3,5,"tau.beta",21.0340281626447,2.0162403619466,16.883267718178,21.129313020019,24.5795770477642,8,TRUE,FALSE
7,2,3,5,"phi.z1",0.483730958749036,0.0716261867845919,0.363743033522988,0.476512914325448,0.659223942441869,0.580645161290323,FALSE,NA
7,2,3,5,"phi.z2",0.45224691539122,0.071218360616174,0.288374457113971,0.459201741859185,0.577473637810427,0.290322580645161,FALSE,NA
7,2,3,5,"phi.tau1",0.469329580984554,0.0845105384819733,0.299425269744327,0.468893341652534,0.635044827805652,0.580645161290323,FALSE,NA
7,2,3,5,"phi.tau2",0.188943719561048,0.0972950470714859,-0.00923177186583475,0.189656631813451,0.376606901817753,0.290322580645161,FALSE,NA
7,2,3,5,"phi.w1",0,0,0,0,0,NA,FALSE,NA
7,2,3,5,"phi.w2",0,0,0,0,0,NA,FALSE,NA
7,2,4,1,"beta0",10.1618115329986,0.184053240239401,9.73437090919453,10.1822622834073,10.4645253459442,10,TRUE,TRUE
7,2,4,1,"beta1",0.00916101756348912,0.0110073265964571,-0.0122712778827748,0.00909678505211083,0.030979014867633,0,TRUE,TRUE
7,2,4,1,"beta2",0.00953646487336072,0.0110531975511918,-0.0124411383451226,0.00960493684491016,0.0307258765589055,0,TRUE,TRUE
7,2,4,1,"lambda",1.42587227418373,0.269583862898257,1.07001599391284,1.37437088046516,2.14937097117342,3,TRUE,FALSE
7,2,4,1,"rho",1.11547914897046,0.113646983348814,0.896437291114126,1.11550148176701,1.33501605545998,1,TRUE,TRUE
7,2,4,1,"nu",0.405364310014656,0.0545256655542222,0.329820245632002,0.394733181478124,0.544625201438857,0.5,TRUE,TRUE
7,2,4,1,"gamma",0.947993293075876,0.0327725060426979,0.874342426046337,0.952012660691674,0.99652918728967,0.9,TRUE,TRUE
7,2,4,1,"tau.alpha",4.5739,0.373532117259363,3.65,4.65,5,3,TRUE,FALSE
7,2,4,1,"tau.beta",7.82083809261528,0.834889637804239,6.04579734086078,7.87396151671605,9.31552611696685,8,TRUE,TRUE
7,2,4,1,"phi.z1",0.324784815064819,0.142984939259511,0.0460692804959946,0.324100633336298,0.609808308619215,0.580645161290323,FALSE,NA
7,2,4,1,"phi.z2",0.121394302829863,0.15482491791686,-0.176459091958474,0.121202390965039,0.423955504883117,0.290322580645161,FALSE,NA
7,2,4,1,"phi.tau1",0.573946075957249,0.166039879761444,0.227332311164541,0.578760811694456,0.87188696340011,0.580645161290323,FALSE,NA
7,2,4,1,"phi.tau2",0.142890582887296,0.212005713351435,-0.354301179420147,0.164798608526291,0.503076288956726,0.290322580645161,FALSE,NA
7,2,4,1,"phi.w1",0,0,0,0,0,NA,FALSE,NA
7,2,4,1,"phi.w2",0,0,0,0,0,NA,FALSE,NA
7,2,4,2,"beta0",10.1861255918527,0.126890708841981,9.91832031852933,10.1930731170059,10.4226492810109,10,TRUE,TRUE
7,2,4,2,"beta1",0.0107690235641233,0.0092575348678233,-0.00695322638630868,0.0107578253697681,0.0288763061403948,0,TRUE,TRUE
7,2,4,2,"beta2",-0.00242444133541005,0.00931029863957208,-0.0208622084788627,-0.00239483776642917,0.0157924648785704,0,TRUE,TRUE
7,2,4,2,"lambda",1.3466110346243,0.140568273596718,1.10757084151085,1.33658418551714,1.65489626676961,3,TRUE,FALSE
7,2,4,2,"rho",1.10006603647544,0.0937711883178757,0.942596960245626,1.09561581940721,1.30187905785917,1,TRUE,TRUE
7,2,4,2,"nu",0.424087336003574,0.0470233924411941,0.346187707231165,0.418965964290666,0.518218795893268,0.5,TRUE,TRUE
7,2,4,2,"gamma",0.941136240238312,0.029171250519002,0.885255640259085,0.941605373403026,0.992044923138825,0.9,TRUE,TRUE
7,2,4,2,"tau.alpha",4.756155,0.239687527806723,4.15,4.8,5,3,TRUE,FALSE
7,2,4,2,"tau.beta",9.15435758985807,0.689935086582799,7.69718500306798,9.18435675849304,10.4417057056662,8,TRUE,TRUE
7,2,4,2,"phi.z1",0.298017368884206,0.114117915078464,0.0823591636127614,0.299084752641634,0.521757589867191,0.580645161290323,FALSE,NA
7,2,4,2,"phi.z2",0.0558310580746677,0.112610382777247,-0.163906812066865,0.0536466601076978,0.281252226537424,0.290322580645161,FALSE,NA
7,2,4,2,"phi.tau1",0.559119400253438,0.125395082757493,0.319134628252001,0.55595951443568,0.82362611526251,0.580645161290323,FALSE,NA
7,2,4,2,"phi.tau2",0.203336821137524,0.158293403216605,-0.162243082067111,0.217266051581582,0.469039174020551,0.290322580645161,FALSE,NA
7,2,4,2,"phi.w1",0,0,0,0,0,NA,FALSE,NA
7,2,4,2,"phi.w2",0,0,0,0,0,NA,FALSE,NA
7,2,4,3,"beta0",10.0893340909014,0.101067486381002,9.8830287240783,10.0927408118386,10.2787893769906,10,TRUE,TRUE
7,2,4,3,"beta1",0.00958828472642461,0.0076409207764039,-0.00541427144242233,0.00953531282495013,0.0247879630393531,0,TRUE,TRUE
7,2,4,3,"beta2",-0.00297782657626357,0.00757038742934751,-0.017659880739393,-0.00303415197131609,0.0121081042688458,0,TRUE,TRUE
7,2,4,3,"lambda",1.33908384548938,0.188587671938502,1.04859072876663,1.30025480295528,1.76410365001774,3,TRUE,FALSE
7,2,4,3,"rho",1.10383459695089,0.0882750585222659,0.917905574571803,1.112104200142,1.26511600474759,1,TRUE,TRUE
7,2,4,3,"nu",0.424119833057943,0.0527584199037643,0.352759851537246,0.411788444245368,0.553714890467679,0.5,TRUE,TRUE
7,2,4,3,"gamma",0.946168535438002,0.030878798600752,0.876593475699844,0.950163625665515,0.994895374591027,0.9,TRUE,TRUE
7,2,4,3,"tau.alpha",4.79984,0.202492159619751,4.25,4.85,5,3,TRUE,FALSE
7,2,4,3,"tau.beta",8.31676358616654,0.521548271544093,7.19607103302345,8.3413474703592,9.28197148349096,8,TRUE,TRUE
7,2,4,3,"phi.z1",0.384865127989705,0.0979721950257355,0.188900358041553,0.387733147536563,0.573088052240544,0.580645161290323,FALSE,NA
7,2,4,3,"phi.z2",0.160171337099198,0.105238912531649,-0.0368217700966306,0.156938531381508,0.374694585030255,0.290322580645161,FALSE,NA
7,2,4,3,"phi.tau1",0.648559779636471,0.101107125987314,0.469506612515616,0.645756080385252,0.84313405446472,0.580645161290323,FALSE,NA
7,2,4,3,"phi.tau2",0.154604362189637,0.118050091811593,-0.0910627151393641,0.161544547378656,0.36223744582216,0.290322580645161,FALSE,NA
7,2,4,3,"phi.w1",0,0,0,0,0,NA,FALSE,NA
7,2,4,3,"phi.w2",0,0,0,0,0,NA,FALSE,NA
7,2,4,4,"beta0",10.1111107843779,0.0916596186554813,9.92001711573512,10.1154221352273,10.2793112243033,10,TRUE,TRUE
7,2,4,4,"beta1",0.00131213791237352,0.00660690453626048,-0.0116576566223766,0.00136474545530759,0.0143152176084397,0,TRUE,TRUE
7,2,4,4,"beta2",0.00253641326803999,0.00657187251350449,-0.0101399609984926,0.00252276432072309,0.0155200866719076,0,TRUE,TRUE
7,2,4,4,"lambda",1.43495726358996,0.148089270353613,1.19694748533403,1.41652653846462,1.76797002931557,3,TRUE,FALSE
7,2,4,4,"rho",1.09950671095284,0.0644710728600935,0.979042544470243,1.09595976593862,1.23033334927604,1,TRUE,TRUE
7,2,4,4,"nu",0.418697533228535,0.0326455539059104,0.359582095041569,0.416767792761974,0.486308055723268,0.5,TRUE,FALSE
7,2,4,4,"gamma",0.94984514653397,0.0213625480109644,0.909621040860927,0.950026715527446,0.991347799025565,0.9,TRUE,FALSE
7,2,4,4,"tau.alpha",4.87091,0.143212509517459,4.5,4.9,5,3,TRUE,FALSE
7,2,4,4,"tau.beta",8.2692155611703,0.418904942271665,7.40665936727291,8.28071110368575,9.0376238665253,8,TRUE,TRUE
7,2,4,4,"phi.z1",0.341122236058289,0.0862569571000583,0.170732302399288,0.344233302754693,0.51146333467996,0.580645161290323,FALSE,NA
7,2,4,4,"phi.z2",0.229984812877757,0.0879047697419532,0.0563378894645557,0.228488389579561,0.399864674474926,0.290322580645161,FALSE,NA
7,2,4,4,"phi.tau1",0.663933357661996,0.0961490526996509,0.485549895579998,0.659616278841909,0.854821013933721,0.580645161290323,FALSE,NA
7,2,4,4,"phi.tau2",0.144521573847157,0.109543740191949,-0.074783022352253,0.149909732875037,0.338480683273203,0.290322580645161,FALSE,NA
7,2,4,4,"phi.w1",0,0,0,0,0,NA,FALSE,NA
7,2,4,4,"phi.w2",0,0,0,0,0,NA,FALSE,NA
7,2,4,5,"beta0",10.083506354047,0.0812101264416685,9.91622275763353,10.0863611496389,10.2357858041511,10,TRUE,TRUE
7,2,4,5,"beta1",0.0029722936892015,0.00601614410526301,-0.00878892740432018,0.00306514622339546,0.014641206779458,0,TRUE,TRUE
7,2,4,5,"beta2",0.00140150109776017,0.00597629974541468,-0.0103876147877556,0.00140864255755579,0.0132076348535184,0,TRUE,TRUE
7,2,4,5,"lambda",1.33912364361415,0.127983675255501,1.09966335163131,1.33588860324417,1.61599155632274,3,TRUE,FALSE
7,2,4,5,"rho",1.10369244796477,0.0699131491491554,0.958328165060813,1.10616880146268,1.22624195686035,1,TRUE,TRUE
7,2,4,5,"nu",0.416966523805528,0.0401103365001141,0.355553326121543,0.41106117878124,0.507542223851417,0.5,TRUE,TRUE
7,2,4,5,"gamma",0.951839220581002,0.025585132155038,0.901812188307565,0.953834178809264,0.997602920724394,0.9,TRUE,FALSE
7,2,4,5,"tau.alpha",4.90479,0.111390289880528,4.6,4.95,5,3,TRUE,FALSE
7,2,4,5,"tau.beta",8.42296522900711,0.371415615217323,7.67367992394594,8.42931986946523,9.1334183610119,8,TRUE,TRUE
7,2,4,5,"phi.z1",0.326829367432001,0.0770608112575418,0.175231658777168,0.328465579832622,0.482323829458615,0.580645161290323,FALSE,NA
7,2,4,5,"phi.z2",0.278389221111559,0.0834195936081352,0.105897014538762,0.279925934898512,0.441021067025734,0.290322580645161,FALSE,NA
7,2,4,5,"phi.tau1",0.637911577379477,0.0937140142349355,0.464513756694061,0.636298436817884,0.833292579359355,0.580645161290323,FALSE,NA
7,2,4,5,"phi.tau2",0.173267308335904,0.111777267822206,-0.0677692550134965,0.178955264933445,0.372679110722572,0.290322580645161,FALSE,NA
7,2,4,5,"phi.w1",0,0,0,0,0,NA,FALSE,NA
7,2,4,5,"phi.w2",0,0,0,0,0,NA,FALSE,NA
7,2,5,1,"beta0",13.6594171875068,0.641129054918471,12.021596137585,13.8267833357032,14.502743140308,10,TRUE,FALSE
7,2,5,1,"beta1",-0.0074039579334642,0.0107671368502131,-0.0283632471203336,-0.00752754186728567,0.0136741579858702,0,TRUE,TRUE
7,2,5,1,"beta2",0.00152838198765703,0.0107167246073257,-0.0192556769627355,0.00139847649189533,0.0225541106070497,0,TRUE,TRUE
7,2,5,1,"lambda",5.34542226420843,1.43508821642987,2.80028688388734,5.38708038719355,8.06672155253595,3,TRUE,TRUE
7,2,5,1,"rho",0.965279849280745,0.0962926025715055,0.798107248406712,0.960583512565586,1.16266564914452,1,TRUE,TRUE
7,2,5,1,"nu",0.456320957099418,0.0619385711453656,0.356829955533196,0.447119462161343,0.584900392007739,0.5,TRUE,TRUE
7,2,5,1,"gamma",0.934304503742173,0.0338950411194717,0.873559686773026,0.933932831874988,0.995531950372039,0.9,TRUE,TRUE
7,2,5,1,"tau.alpha",4.498155,0.418881119309777,3.5,4.6,5,3,TRUE,FALSE
7,2,5,1,"tau.beta",7.7739174086914,0.902396173532006,5.83560212275083,7.84757861447411,9.37403192770862,8,TRUE,TRUE
7,2,5,1,"phi.z1",0.558579257399018,0.122742018525275,0.300737060441442,0.550179295945942,0.771197305016726,0.580645161290323,FALSE,NA
7,2,5,1,"phi.z2",0.332950226054262,0.134779115314561,0.0507996707733502,0.336403531009769,0.571736896772819,0.290322580645161,FALSE,NA
7,2,5,1,"phi.tau1",0.66401305804613,0.161496558214925,0.312747721611633,0.669570944926043,0.956005059809971,0.580645161290323,FALSE,NA
7,2,5,1,"phi.tau2",0.0433585578276044,0.19520474358779,-0.368598666251458,0.0497180011334386,0.410253590960565,0.290322580645161,FALSE,NA
7,2,5,1,"phi.w1",0,0,0,0,0,NA,FALSE,NA
7,2,5,1,"phi.w2",0,0,0,0,0,NA,FALSE,NA
7,2,5,2,"beta0",13.5529429477427,0.479667106386688,12.5414516663323,13.5886110812467,14.3547475612994,10,TRUE,FALSE
7,2,5,2,"beta1",0.00052991192285441,0.00861913122052446,-0.016231284094337,0.000537005256355313,0.0174614334913795,0,TRUE,TRUE
7,2,5,2,"beta2",0.000512721591643485,0.00846240057771377,-0.0162382520797904,0.000573936731478496,0.0168604358037367,0,TRUE,TRUE
7,2,5,2,"lambda",6.07433942189418,0.917210215378133,4.58374789870908,5.95471288704669,7.85325663707872,3,TRUE,FALSE
7,2,5,2,"rho",1.04988098166281,0.0796844224089692,0.900513733635148,1.04326206588716,1.20588677512604,1,TRUE,TRUE
7,2,5,2,"nu",0.408513614287543,0.0368567127974499,0.351737179179069,0.402463388625218,0.48995685579037,0.5,TRUE,FALSE
7,2,5,2,"gamma",0.964129228705392,0.0235768558685676,0.913746718298342,0.967768192628758,0.998849593888649,0.9,TRUE,FALSE
7,2,5,2,"tau.alpha",4.75519,0.240851333474581,4.15,4.8,5,3,TRUE,FALSE
7,2,5,2,"tau.beta",8.23341192793193,0.607704455431898,6.92574322226974,8.26149265833368,9.35930790425757,8,TRUE,TRUE
7,2,5,2,"phi.z1",0.530652965110316,0.0997047645744874,0.310181180851817,0.529299139622384,0.720064081473844,0.580645161290323,FALSE,NA
7,2,5,2,"phi.z2",0.391536630971828,0.0967549244804612,0.208747903017448,0.395206616984857,0.593676918507444,0.290322580645161,FALSE,NA
7,2,5,2,"phi.tau1",0.571098945437747,0.138049188534767,0.295324745606692,0.569483544122027,0.846623305948473,0.580645161290323,FALSE,NA
7,2,5,2,"phi.tau2",0.199288578389707,0.160962738487055,-0.149229904004464,0.21207255538666,0.486273102778511,0.290322580645161,FALSE,NA
7,2,5,2,"phi.w1",0,0,0,0,0,NA,FALSE,NA
7,2,5,2,"phi.w2",0,0,0,0,0,NA,FALSE,NA
7,2,5,3,"beta0",11.9613378050328,1.01814532759175,9.44044655632779,12.2095155172886,13.405843132634,10,TRUE,TRUE
7,2,5,3,"beta1",0.00643110795167578,0.00833954514064271,-0.00989773188442045,0.00644786010356526,0.0225759613859066,0,TRUE,TRUE
7,2,5,3,"beta2",0.00197437546348829,0.00820635633543794,-0.0142036876258069,0.00210470773865716,0.0178267898301492,0,TRUE,TRUE
7,2,5,3,"lambda",3.64959153607054,0.580026053203172,2.77888037530816,3.51977398346755,4.86793038717686,3,TRUE,TRUE
7,2,5,3,"rho",1.10949321736915,0.0766320967103146,0.970108160130267,1.10851601743717,1.27011389846717,1,TRUE,TRUE
7,2,5,3,"nu",0.397086945517814,0.0283135544701693,0.352738638448943,0.392164252480611,0.458555541355333,0.5,TRUE,FALSE
7,2,5,3,"gamma",0.974585057428753,0.0179771641422637,0.934308348328595,0.977613274727323,0.998741455451661,0.9,TRUE,FALSE
7,2,5,3,"tau.alpha",4.468565,0.383308339725775,3.6,4.55,5,3,TRUE,FALSE
7,2,5,3,"tau.beta",9.38751992294162,0.932642019211607,7.39436110813255,9.47006740123374,11.0002906266931,8,TRUE,TRUE
7,2,5,3,"phi.z1",0.489487395849808,0.0865298218108167,0.319241493760531,0.493700631024669,0.655470582963487,0.580645161290323,FALSE,NA
7,2,5,3,"phi.z2",0.406548721594853,0.0831147157461881,0.247211337198942,0.397737035102208,0.582154906171837,0.290322580645161,FALSE,NA
7,2,5,3,"phi.tau1",0.596657644632214,0.0997748072288969,0.389546895723603,0.601818376368864,0.789081722877859,0.580645161290323,FALSE,NA
7,2,5,3,"phi.tau2",0.231462673134548,0.109164417430614,0.0123457748224158,0.230326687901848,0.451603335344811,0.290322580645161,FALSE,NA
7,2,5,3,"phi.w1",0,0,0,0,0,NA,FALSE,NA
7,2,5,3,"phi.w2",0,0,0,0,0,NA,FALSE,NA
7,2,5,4,"beta0",11.5397519441468,0.766035170686601,9.83726373417535,11.5770784862276,12.8887749136013,10,TRUE,TRUE
7,2,5,4,"beta1",0.00585484728653361,0.00742620859833646,-0.00850603659505904,0.00582967932792976,0.0205370802308968,0,TRUE,TRUE
7,2,5,4,"beta2",0.00455159634670666,0.0073836568754179,-0.0101647478138183,0.00458282041590833,0.0191308627860622,0,TRUE,TRUE
7,2,5,4,"lambda",6.95969762575409,1.41015289488477,4.52476503471741,7.00056125451864,9.89518877644616,3,TRUE,FALSE
7,2,5,4,"rho",1.06350402440714,0.0646918912065733,0.93775942979659,1.06061292286763,1.19735144027392,1,TRUE,TRUE
7,2,5,4,"nu",0.403575659043428,0.0307464431746088,0.354847553048527,0.401480436486864,0.475406867095628,0.5,TRUE,FALSE
7,2,5,4,"gamma",0.967821808284838,0.0203630466175447,0.923878141057027,0.969160771970011,0.998077800194673,0.9,TRUE,FALSE
7,2,5,4,"tau.alpha",4.377495,0.387613595485169,3.55,4.4,5,3,TRUE,FALSE
7,2,5,4,"tau.beta",9.68445498750552,0.951507581560672,7.72153847936445,9.73790162227324,11.3417720949641,8,TRUE,TRUE
7,2,5,4,"phi.z1",0.435435790510074,0.0682167522776139,0.261846843190929,0.438105990606496,0.552204633478856,0.580645161290323,FALSE,NA
7,2,5,4,"phi.z2",0.520238553248812,0.0730879280953368,0.399946168504742,0.521299978275616,0.695753496351744,0.290322580645161,FALSE,NA
7,2,5,4,"phi.tau1",0.570495991035202,0.091273145068275,0.389866393409691,0.573258312553725,0.753386176873964,0.580645161290323,FALSE,NA
7,2,5,4,"phi.tau2",0.232322324365698,0.0998482565673235,0.0173059380234772,0.23424541824566,0.430489463433182,0.290322580645161,FALSE,NA
7,2,5,4,"phi.w1",0,0,0,0,0,NA,FALSE,NA
7,2,5,4,"phi.w2",0,0,0,0,0,NA,FALSE,NA
7,2,5,5,"beta0",11.9916959406103,0.61948445888913,10.6185779000536,12.0176689040725,13.0946672001022,10,TRUE,FALSE
7,2,5,5,"beta1",0.00335714938042849,0.00679110996475196,-0.0100145559969066,0.0034047039036197,0.0164174552751399,0,TRUE,TRUE
7,2,5,5,"beta2",0.00663243766654064,0.00670836189085286,-0.00637623205815916,0.00667403058790016,0.0199533988194165,0,TRUE,TRUE
7,2,5,5,"lambda",8.16126660072982,1.0903416105315,6.31359150982489,8.08579666787074,10.3331359501681,3,TRUE,FALSE
7,2,5,5,"rho",1.00987422366743,0.0675806927954556,0.877129985074014,1.00851355298551,1.13690483233486,1,TRUE,TRUE
7,2,5,5,"nu",0.43324881812878,0.0413401930467051,0.371316880190477,0.429200438931823,0.524566303257284,0.5,TRUE,TRUE
7,2,5,5,"gamma",0.953901723213526,0.0245059239203886,0.905170822778124,0.954241056043556,0.994194459338245,0.9,TRUE,FALSE
7,2,5,5,"tau.alpha",4.587975,0.304602901607596,3.9,4.65,5,3,TRUE,FALSE
7,2,5,5,"tau.beta",10.5253792702264,0.802037614987805,8.82833255113023,10.5981153895005,11.899220448042,8,TRUE,FALSE
7,2,5,5,"phi.z1",0.435047494703959,0.0630866801194365,0.316982902478849,0.440372954266711,0.542489114083404,0.580645161290323,FALSE,NA
7,2,5,5,"phi.z2",0.524451684589126,0.0602561305290174,0.415167828495451,0.523092050876753,0.643405425759768,0.290322580645161,FALSE,NA
7,2,5,5,"phi.tau1",0.545111397644797,0.0870648137777645,0.36973008246271,0.547331944994607,0.719948674195395,0.580645161290323,FALSE,NA
7,2,5,5,"phi.tau2",0.257521735128032,0.0953795504270846,0.0662737982197896,0.256895550245375,0.439773076267144,0.290322580645161,FALSE,NA
7,2,5,5,"phi.w1",0,0,0,0,0,NA,FALSE,NA
7,2,5,5,"phi.w2",0,0,0,0,0,NA,FALSE,NA
7,2,6,1,"beta0",8.43191075012768,1.38392708557313,5.72515532217754,8.49256547377395,11.1314495649687,10,TRUE,TRUE
7,2,6,1,"beta1",-0.0328573213935294,0.0153887645937424,-0.0634509651434715,-0.0327036977956137,-0.0034402094736315,0,TRUE,FALSE
7,2,6,1,"beta2",-0.0101739855416461,0.0152888874008186,-0.0399354339268018,-0.0103791866645698,0.0196102626387968,0,TRUE,TRUE
7,2,6,1,"lambda",7.10192032868093,2.34886040884646,4.00269891952802,6.82759717151533,12.6715800466009,3,TRUE,FALSE
7,2,6,1,"rho",1.32913169852432,0.1592462503005,1.05195249375054,1.31349559785025,1.67954813922679,1,TRUE,FALSE
7,2,6,1,"nu",0.385406830951399,0.0527610468758007,0.304190045484377,0.380356238756686,0.502106284796039,0.5,TRUE,TRUE
7,2,6,1,"gamma",0.93677104573442,0.0356379259570559,0.867632162270918,0.937270462060371,0.99712399521101,0.9,TRUE,TRUE
7,2,6,1,"tau.alpha",4.32109,0.497991979354236,3.2,4.4,5,3,TRUE,FALSE
7,2,6,1,"tau.beta",12.4775833121017,1.70867767468622,8.87237566882131,12.6072084794993,15.5345808129549,8,TRUE,FALSE
7,2,6,1,"phi.z1",0.635096525445881,0.122328289973839,0.436570658424297,0.611714596675935,0.897398620422714,0.580645161290323,FALSE,NA
7,2,6,1,"phi.z2",0.304126482388088,0.115820860791156,0.0581180776577981,0.330802108711691,0.480971684639771,0.290322580645161,FALSE,NA
7,2,6,1,"phi.tau1",0.585070455679068,0.184856272830478,0.181132364778902,0.601122847198594,0.915426724050275,0.580645161290323,FALSE,NA
7,2,6,1,"phi.tau2",0.0570694082609326,0.251735096016397,-0.511651801287997,0.0805531490837991,0.473041017624068,0.290322580645161,FALSE,NA
7,2,6,1,"phi.w1",0,0,0,0,0,NA,FALSE,NA
7,2,6,1,"phi.w2",0,0,0,0,0,NA,FALSE,NA
7,2,6,2,"beta0",8.7826134505477,1.24799201987929,6.15243378102765,8.90605914620125,10.875229554875,10,TRUE,TRUE
7,2,6,2,"beta1",-0.0238260244364507,0.0120825527627287,-0.0475170973922477,-0.0238419763320855,-0.000199712694032933,0,TRUE,FALSE
7,2,6,2,"beta2",-0.0128887950139361,0.0119122469720445,-0.0363015442707102,-0.0129208454991267,0.0102613905820714,0,TRUE,TRUE
7,2,6,2,"lambda",6.45340870471331,1.33624932868578,4.3377238178687,6.29249851282972,9.08860650307896,3,TRUE,FALSE
7,2,6,2,"rho",1.12755896572631,0.109060324131354,0.943454184386011,1.11798746207136,1.34971197236737,1,TRUE,TRUE
7,2,6,2,"nu",0.428228120317088,0.0563574509940388,0.337749334001541,0.42433887392108,0.54739175502043,0.5,TRUE,TRUE
7,2,6,2,"gamma",0.932190804820977,0.0344304989601908,0.869703565693678,0.931015598929066,0.996762005423737,0.9,TRUE,TRUE
7,2,6,2,"tau.alpha",4.614865,0.337707989901993,3.75,4.7,5,3,TRUE,FALSE
7,2,6,2,"tau.beta",14.0368695765281,1.30325431280381,11.1929790781689,14.1528198156328,16.3444091634531,8,TRUE,FALSE
7,2,6,2,"phi.z1",0.520240413298553,0.073009212468274,0.377821702938613,0.509738271085856,0.666112720737302,0.580645161290323,FALSE,NA
7,2,6,2,"phi.z2",0.423487732220126,0.0790451432675098,0.266827457935624,0.442448896060771,0.56758851655316,0.290322580645161,FALSE,NA
7,2,6,2,"phi.tau1",0.592895807068003,0.140970884449263,0.310916464154355,0.589711929585697,0.866810819017673,0.580645161290323,FALSE,NA
7,2,6,2,"phi.tau2",0.10013670613208,0.186955091712195,-0.331163523850473,0.120859804475493,0.410925687876383,0.290322580645161,FALSE,NA
7,2,6,2,"phi.w1",0,0,0,0,0,NA,FALSE,NA
7,2,6,2,"phi.w2",0,0,0,0,0,NA,FALSE,NA
7,2,6,3,"beta0",9.27463525676424,1.0125813248993,7.26913653500537,9.32897730653733,11.0999440763977,10,TRUE,TRUE
7,2,6,3,"beta1",-0.0233962708613097,0.0110259326916305,-0.0449070146547661,-0.0233415256797958,-0.00166842308029185,0,TRUE,FALSE
7,2,6,3,"beta2",-0.00657829927968837,0.0109041605922695,-0.0276961227441522,-0.00659037234475801,0.0146282776728679,0,TRUE,TRUE
7,2,6,3,"lambda",3.96990384791113,0.729876924450535,2.62605469115029,4.0009992791826,5.41059757746467,3,TRUE,TRUE
7,2,6,3,"rho",1.17893419383921,0.102377795147215,0.98658004059506,1.18233816319384,1.368734234851,1,TRUE,TRUE
7,2,6,3,"nu",0.408125264423276,0.0450683806862712,0.340863319081604,0.399586966982323,0.5033887975333,0.5,TRUE,TRUE
7,2,6,3,"gamma",0.948267549656553,0.0287305635999537,0.895914645062424,0.949626384635281,0.995462241599431,0.9,TRUE,TRUE
7,2,6,3,"tau.alpha",4.39973,0.410146619058249,3.5,4.45,5,3,TRUE,FALSE
7,2,6,3,"tau.beta",15.2035933963248,1.59483266718982,11.8862625230798,15.3002573149407,18.0088450538079,8,TRUE,FALSE
7,2,6,3,"phi.z1",0.599813593133025,0.0872539586368551,0.420888480850912,0.598162573193494,0.771266398659959,0.580645161290323,FALSE,NA
7,2,6,3,"phi.z2",0.29425462724508,0.0936584279187605,0.110949053525502,0.303863655503117,0.464316946511727,0.290322580645161,FALSE,NA
7,2,6,3,"phi.tau1",0.541916736262071,0.104217005118043,0.329696360450735,0.545876604637396,0.735072218244813,0.580645161290323,FALSE,NA
7,2,6,3,"phi.tau2",0.213836684421771,0.119833889170044,-0.0213133958646998,0.212926038749787,0.447360243263136,0.290322580645161,FALSE,NA
7,2,6,3,"phi.w1",0,0,0,0,0,NA,FALSE,NA
7,2,6,3,"phi.w2",0,0,0,0,0,NA,FALSE,NA
7,2,6,4,"beta0",10.2464352806786,0.805724707098155,8.42081329565604,10.4560162854338,11.3878724161492,10,TRUE,TRUE
7,2,6,4,"beta1",-0.0235548960436929,0.00953438814964242,-0.0424034932280183,-0.0235184160898042,-0.00535926394634562,0,TRUE,FALSE
7,2,6,4,"beta2",-0.00927241164327778,0.00956004757880678,-0.0277655283514437,-0.00932457458317115,0.00937043825649337,0,TRUE,TRUE
7,2,6,4,"lambda",3.64979774881256,0.479952367266319,2.81424758184619,3.70183942947329,4.61952419623479,3,TRUE,TRUE
7,2,6,4,"rho",1.17732373509174,0.0730161201265251,1.03698766929625,1.17680176399259,1.32193033350067,1,TRUE,FALSE
7,2,6,4,"nu",0.394437251724266,0.0307641415200501,0.346500655812633,0.389603746977185,0.465715449528218,0.5,TRUE,FALSE
7,2,6,4,"gamma",0.960498557219715,0.0211231419229447,0.917720994429478,0.962051179152928,0.995609787871314,0.9,TRUE,FALSE
7,2,6,4,"tau.alpha",4.613735,0.303571763108059,3.9,4.65,5,3,TRUE,FALSE
7,2,6,4,"tau.beta",15.656856997264,1.22498844209609,13.0309656140895,15.763606387416,17.7484015552303,8,TRUE,FALSE
7,2,6,4,"phi.z1",0.562265129742978,0.0767580724745301,0.404598424787595,0.563385284467846,0.711868422074763,0.580645161290323,FALSE,NA
7,2,6,4,"phi.z2",0.305878719926121,0.0875607704956006,0.121667585415603,0.310222639130298,0.464207336832977,0.290322580645161,FALSE,NA
7,2,6,4,"phi.tau1",0.521486702154958,0.0881973511944483,0.342756652169891,0.525611375439013,0.68344885699397,0.580645161290323,FALSE,NA
7,2,6,4,"phi.tau2",0.187486861810508,0.101376464058498,-0.0125660735609809,0.18653606915688,0.37921573919792,0.290322580645161,FALSE,NA
7,2,6,4,"phi.w1",0,0,0,0,0,NA,FALSE,NA
7,2,6,4,"phi.w2",0,0,0,0,0,NA,FALSE,NA
7,2,6,5,"beta0",8.91925164764944,0.843851701305034,7.14192151637969,9.02099973569103,10.2817058451145,10,TRUE,TRUE
7,2,6,5,"beta1",-0.0202214043352629,0.00854710851304229,-0.037059012076745,-0.0201981689881278,-0.00323229339240206,0,TRUE,FALSE
7,2,6,5,"beta2",-0.0063703970682756,0.0087028644359943,-0.0234714693493359,-0.00638424137358761,0.0104962690622601,0,TRUE,TRUE
7,2,6,5,"lambda",12.9176461393394,2.50356575102949,9.57242193941245,12.5155135144636,19.1229127375175,3,TRUE,FALSE
7,2,6,5,"rho",1.14740703594526,0.0698389255691442,1.01095271900435,1.14840839661299,1.28683376806146,1,TRUE,FALSE
7,2,6,5,"nu",0.39744931169561,0.0334415183459838,0.344540163585605,0.394524903300641,0.474913238304225,0.5,TRUE,FALSE
7,2,6,5,"gamma",0.959116362746461,0.0224290932881969,0.911906723546521,0.95986958082644,0.996422408692194,0.9,TRUE,FALSE
7,2,6,5,"tau.alpha",4.40647,0.373404716371153,3.6,4.45,5,3,TRUE,FALSE
7,2,6,5,"tau.beta",15.2719351103849,1.41599714907131,12.3300667654911,15.3586952009139,17.6847159076675,8,TRUE,FALSE
7,2,6,5,"phi.z1",0.601459874194527,0.0639321592788828,0.506190750160175,0.596626942748403,0.716382697746253,0.580645161290323,FALSE,NA
7,2,6,5,"phi.z2",0.373138238174565,0.0684891200302982,0.25053951921967,0.38073041993349,0.474661796057768,0.290322580645161,FALSE,NA
7,2,6,5,"phi.tau1",0.509898567162142,0.0786407510447955,0.353216269989489,0.51365761201117,0.659924964438107,0.580645161290323,FALSE,NA
7,2,6,5,"phi.tau2",0.222678255672428,0.0871265728725127,0.0438377395759984,0.224501131369257,0.391926598018014,0.290322580645161,FALSE,NA
7,2,6,5,"phi.w1",0,0,0,0,0,NA,FALSE,NA
7,2,6,5,"phi.w2",0,0,0,0,0,NA,FALSE,NA
7,2,7,1,"beta0",10.9851264467471,0.78865365932085,9.0538206563286,11.1381743141573,12.1240929218059,10,TRUE,TRUE
7,2,7,1,"beta1",0.00361311822474639,0.0177212930460501,-0.0307118382948257,0.00373922942904543,0.0381279698100122,0,TRUE,TRUE
7,2,7,1,"beta2",-0.0259702997891326,0.0176637911424694,-0.0613406347535871,-0.0257317180948019,0.00839874704890199,0,TRUE,TRUE
7,2,7,1,"lambda",3.51845758518642,0.739476006429327,2.46385058267401,3.34442276805084,5.24598603172065,3,TRUE,TRUE
7,2,7,1,"rho",1.10884192246781,0.140941262191067,0.829451363256391,1.10530386867586,1.40304104222954,1,TRUE,TRUE
7,2,7,1,"nu",0.454863382654343,0.081522892809283,0.337273994303633,0.4411995243983,0.652597357080027,0.5,TRUE,TRUE
7,2,7,1,"gamma",0.915641651583766,0.0394219457255189,0.838254024670525,0.914910339772546,0.987001741050464,0.9,TRUE,TRUE
7,2,7,1,"tau.alpha",3.162495,0.584381532179547,2.15,3.1,4.4,3,TRUE,TRUE
7,2,7,1,"tau.beta",12.7332092669444,2.52954096673544,8.28433244280178,12.5288345066111,18.1175577394254,8,TRUE,FALSE
7,2,7,1,"phi.z1",0.499354367745012,0.156155737971717,0.173415311864082,0.505089307927038,0.786691952417751,0.580645161290323,FALSE,NA
7,2,7,1,"phi.z2",0.157867097743768,0.163160861436668,-0.173268282318811,0.160015352810558,0.456222625166177,0.290322580645161,FALSE,NA
7,2,7,1,"phi.tau1",0.312097712561969,0.180717264835399,-0.117956323546972,0.332054215881826,0.61154615389498,0.580645161290323,FALSE,NA
7,2,7,1,"phi.tau2",0.348963288269174,0.165107319297675,-0.00263092721763541,0.353524394906796,0.643049653517102,0.290322580645161,FALSE,NA
7,2,7,1,"phi.w1",0,0,0,0,0,NA,FALSE,NA
7,2,7,1,"phi.w2",0,0,0,0,0,NA,FALSE,NA
7,2,7,2,"beta0",10.6241667823601,0.667913818717916,9.1514489281155,10.6957750105819,11.7140925461866,10,TRUE,TRUE
7,2,7,2,"beta1",0.00545215306856446,0.0143526887773025,-0.0233536325031779,0.00575102469595943,0.0327974587153193,0,TRUE,TRUE
7,2,7,2,"beta2",-0.0121924713755948,0.0142244710861685,-0.0404761218634098,-0.0122360956115989,0.0160812152410139,0,TRUE,TRUE
7,2,7,2,"lambda",4.08257026667405,0.641016434399497,2.82926186493668,4.09539110560494,5.46735794730655,3,TRUE,TRUE
7,2,7,2,"rho",1.08141424423451,0.0919321083229962,0.920223937165254,1.0767493263078,1.27883602320314,1,TRUE,TRUE
7,2,7,2,"nu",0.461815688239287,0.0515279031818416,0.366207333090492,0.459530458862754,0.572858873063185,0.5,TRUE,TRUE
7,2,7,2,"gamma",0.914600511099418,0.0275021460589511,0.864357429748597,0.913462268428523,0.976599142647381,0.9,TRUE,TRUE
7,2,7,2,"tau.alpha",3.50354,0.510356752479557,2.55,3.5,4.6,3,TRUE,TRUE
7,2,7,2,"tau.beta",14.9482650749251,2.35284317077409,10.6401948751416,14.8431664164032,19.9394285681123,8,TRUE,FALSE
7,2,7,2,"phi.z1",0.58750687902163,0.111714235495595,0.350659558344793,0.588087046117745,0.787715293510364,0.580645161290323,FALSE,NA
7,2,7,2,"phi.z2",0.248269566873249,0.120419864043613,0.0263778771502486,0.247389923070893,0.481376595633059,0.290322580645161,FALSE,NA
7,2,7,2,"phi.tau1",0.400143594490051,0.132485655259589,0.12087802106791,0.406019123163245,0.642637764211233,0.580645161290323,FALSE,NA
7,2,7,2,"phi.tau2",0.195564558441157,0.144677902203185,-0.101169641459328,0.20201105869342,0.458536938468468,0.290322580645161,FALSE,NA
7,2,7,2,"phi.w1",0,0,0,0,0,NA,FALSE,NA
7,2,7,2,"phi.w2",0,0,0,0,0,NA,FALSE,NA
7,2,7,3,"beta0",9.28609785352921,0.954233474314166,7.3378483564548,9.33403575896961,11.0046166136189,10,TRUE,TRUE
7,2,7,3,"beta1",0.00926259464192751,0.0125643525047464,-0.0152480745514303,0.0092350370842196,0.0341862963255994,0,TRUE,TRUE
7,2,7,3,"beta2",-0.00538985376844165,0.0125049980512684,-0.0293131878165938,-0.00539978379156044,0.0194223081700447,0,TRUE,TRUE
7,2,7,3,"lambda",9.88747451816084,2.36753750930836,5.81828564429653,9.886540575812,14.8511213658261,3,TRUE,FALSE
7,2,7,3,"rho",1.02746788400189,0.0716299174408375,0.889997972743454,1.02526605840035,1.16959182744591,1,TRUE,TRUE
7,2,7,3,"nu",0.4618796511641,0.0447267374807453,0.385092345778943,0.461741356808692,0.553406574041179,0.5,TRUE,TRUE
7,2,7,3,"gamma",0.921518600863558,0.0241130381100032,0.878514741359299,0.920346341074319,0.970032949802107,0.9,TRUE,TRUE
7,2,7,3,"tau.alpha",3.274995,0.41594086196846,2.55,3.25,4.15,3,TRUE,TRUE
7,2,7,3,"tau.beta",15.7268670457607,2.15976989137743,11.8467798048223,15.6192491050486,20.2201970127504,8,TRUE,FALSE
7,2,7,3,"phi.z1",0.685494228924751,0.0700311093203542,0.55170865616835,0.682690559230523,0.810498202807856,0.580645161290323,FALSE,NA
7,2,7,3,"phi.z2",0.270501643854151,0.0745922158305002,0.139931413701073,0.27104603854748,0.409729544956242,0.290322580645161,FALSE,NA
7,2,7,3,"phi.tau1",0.444876150187427,0.104121499619723,0.225106187532207,0.448911995845398,0.639265955672146,0.580645161290323,FALSE,NA
7,2,7,3,"phi.tau2",0.212125748293509,0.114382967922213,-0.0217659874955894,0.216837012309978,0.428795960515732,0.290322580645161,FALSE,NA
7,2,7,3,"phi.w1",0,0,0,0,0,NA,FALSE,NA
7,2,7,3,"phi.w2",0,0,0,0,0,NA,FALSE,NA
7,2,7,4,"beta0",10.5510100732833,0.71373942789218,8.95553811408167,10.6848328010459,11.6224256420596,10,TRUE,TRUE
7,2,7,4,"beta1",0.0021970172920047,0.0120718163056452,-0.0213804052894979,0.00221085596323282,0.0258963784779995,0,TRUE,TRUE
7,2,7,4,"beta2",-0.00156003128631772,0.012082728518953,-0.0252578955057573,-0.00151541542199556,0.0223798036476293,0,TRUE,TRUE
7,2,7,4,"lambda",3.67178553237963,1.68428438068899,2.14871341218146,2.77151527812084,7.49205642111838,3,TRUE,TRUE
7,2,7,4,"rho",1.12562142900683,0.0834373112542481,0.983732498938289,1.12299482857535,1.3042009864446,1,TRUE,TRUE
7,2,7,4,"nu",0.414542146637662,0.0342979375758746,0.351231475551362,0.415207121339715,0.480559346898029,0.5,TRUE,FALSE
7,2,7,4,"gamma",0.950881388849109,0.0220134087174093,0.910771057465949,0.949146893788853,0.994075592765303,0.9,TRUE,FALSE
7,2,7,4,"tau.alpha",2.96527,0.33333232388086,2.35,2.95,3.65,3,TRUE,TRUE
7,2,7,4,"tau.beta",16.3931662587158,2.03138627128927,12.5668085017895,16.3173203588423,20.5256855942425,8,TRUE,FALSE
7,2,7,4,"phi.z1",0.551292191576521,0.0863069446427434,0.374756846572197,0.549821238025329,0.720560593466448,0.580645161290323,FALSE,NA
7,2,7,4,"phi.z2",0.293526629290873,0.0749612852436382,0.149240923677007,0.298204397620604,0.426070658852649,0.290322580645161,FALSE,NA
7,2,7,4,"phi.tau1",0.458387261588387,0.0841134277868492,0.281145455465472,0.461306383753509,0.620701431190212,0.580645161290323,FALSE,NA
7,2,7,4,"phi.tau2",0.279667622027272,0.0963786113546256,0.0826064356933686,0.281567430656711,0.470454022416754,0.290322580645161,FALSE,NA
7,2,7,4,"phi.w1",0,0,0,0,0,NA,FALSE,NA
7,2,7,4,"phi.w2",0,0,0,0,0,NA,FALSE,NA
7,2,7,5,"beta0",9.75029593933652,0.671335991320588,8.42671150199685,9.78349849152919,10.9853347502793,10,TRUE,TRUE
7,2,7,5,"beta1",0.00309471601917116,0.0103921137958998,-0.0170156214213339,0.00316796783452856,0.0233903160436437,0,TRUE,TRUE
7,2,7,5,"beta2",-0.00792407011456206,0.010376589121887,-0.0282999543832471,-0.00790390889378707,0.0119109559014462,0,TRUE,TRUE
7,2,7,5,"lambda",12.5597928405343,1.39031659458426,9.73377368041894,12.5472772646111,15.2859328699495,3,TRUE,FALSE
7,2,7,5,"rho",1.05463818042684,0.0643294698241681,0.93840718864181,1.04962067860943,1.18568062880001,1,TRUE,TRUE
7,2,7,5,"nu",0.433080216833201,0.0352252437093257,0.366026882814995,0.433692143929625,0.506382229717328,0.5,TRUE,TRUE
7,2,7,5,"gamma",0.935936771248276,0.0218714825200536,0.898612965648531,0.934387058942166,0.981847839741006,0.9,TRUE,TRUE
7,2,7,5,"tau.alpha",3.319115,0.339820415170214,2.7,3.3,4.05,3,TRUE,TRUE
7,2,7,5,"tau.beta",17.1020340642728,1.89094763240441,13.6229989858791,17.0074625785384,21.0153077806051,8,TRUE,FALSE
7,2,7,5,"phi.z1",0.69880173940358,0.0425019178981892,0.628976383926692,0.691522874222677,0.779628757902356,0.580645161290323,FALSE,NA
7,2,7,5,"phi.z2",0.267914073009717,0.0433960080070711,0.182042233033939,0.274811659349441,0.341105777748983,0.290322580645161,FALSE,NA
7,2,7,5,"phi.tau1",0.458521436990524,0.0762435618569244,0.305154938459903,0.458483670519232,0.603643146332909,0.580645161290323,FALSE,NA
7,2,7,5,"phi.tau2",0.279001593813098,0.084473627399903,0.104986481818983,0.279811743522596,0.439865915127288,0.290322580645161,FALSE,NA
7,2,7,5,"phi.w1",0,0,0,0,0,NA,FALSE,NA
7,2,7,5,"phi.w2",0,0,0,0,0,NA,FALSE,NA
7,2,8,1,"beta0",10.3879559911235,0.294898073028409,9.72698138960152,10.4191586092316,10.8716813111609,10,TRUE,TRUE
7,2,8,1,"beta1",0.0177806349682768,0.0148941014995337,-0.0114635571290363,0.0175669809888043,0.0477328906561385,0,TRUE,TRUE
7,2,8,1,"beta2",0.0303209735161078,0.0145973429754467,0.00198694020319587,0.0303581581752373,0.058619042694965,0,TRUE,FALSE
7,2,8,1,"lambda",1.20123028895727,0.258119357181055,0.856751354328285,1.14889280464702,1.89184504487164,3,TRUE,FALSE
7,2,8,1,"rho",1.09684191484134,0.148008985599921,0.82560965022886,1.08959728342104,1.40777588028105,1,TRUE,TRUE
7,2,8,1,"nu",0.493582609207759,0.0882798056184586,0.357091717272468,0.484348704653824,0.702912852381828,0.5,TRUE,TRUE
7,2,8,1,"gamma",0.904376114091856,0.0375932011298685,0.833850454122903,0.902466392465728,0.980661890646392,0.9,TRUE,TRUE
7,2,8,1,"tau.alpha",4.558495,0.393410170345421,3.55,4.65,5,3,TRUE,FALSE
7,2,8,1,"tau.beta",12.7031234885858,1.43292546609801,9.51743448471725,12.8010721198153,15.2520809991294,8,TRUE,FALSE
7,2,8,1,"phi.z1",0.398754230820614,0.158738170370352,0.0794415480547582,0.399152427132721,0.701641612202655,0.580645161290323,FALSE,NA
7,2,8,1,"phi.z2",0.142325855749517,0.176194369812312,-0.21122997468596,0.143584128095892,0.480801204853882,0.290322580645161,FALSE,NA
7,2,8,1,"phi.tau1",0.686366489427499,0.186522941399118,0.348597715634526,0.678505117317087,1.07052712734138,0.580645161290323,FALSE,NA
7,2,8,1,"phi.tau2",0.161136299333187,0.237328697646736,-0.428596773411894,0.184662658111556,0.548628756552344,0.290322580645161,FALSE,NA
7,2,8,1,"phi.w1",0,0,0,0,0,NA,FALSE,NA
7,2,8,1,"phi.w2",0,0,0,0,0,NA,FALSE,NA
7,2,8,2,"beta0",10.1475018744051,0.208650773957354,9.70381737516371,10.1580495669698,10.52394655741,10,TRUE,TRUE
7,2,8,2,"beta1",0.00708891829532841,0.0119702060602474,-0.0165759827566856,0.00716384012979934,0.0305629000539243,0,TRUE,TRUE
7,2,8,2,"beta2",0.0259126637251343,0.011834805584992,0.00269815578757884,0.0259828433951805,0.0492580898974699,0,TRUE,FALSE
7,2,8,2,"lambda",1.24731392409659,0.179981154465002,0.953170357248733,1.21966386900095,1.6420830162885,3,TRUE,FALSE
7,2,8,2,"rho",0.955143206846147,0.0862473211708115,0.806957594581639,0.948168476311426,1.14629769849626,1,TRUE,TRUE
7,2,8,2,"nu",0.56646462765075,0.0689015533940925,0.434010266880713,0.565155042038033,0.713345100419534,0.5,TRUE,TRUE
7,2,8,2,"gamma",0.86523676219067,0.0250663618860137,0.820522075377586,0.863134707264533,0.922078670895137,0.9,TRUE,TRUE
7,2,8,2,"tau.alpha",4.541555,0.372228810550366,3.65,4.6,5,3,TRUE,FALSE
7,2,8,2,"tau.beta",14.2809205364142,1.40227151493245,11.1959743976949,14.3984564757004,16.6717157514772,8,TRUE,FALSE
7,2,8,2,"phi.z1",0.43504858073787,0.128558582324647,0.180810125445467,0.431984210532193,0.691390918532661,0.580645161290323,FALSE,NA
7,2,8,2,"phi.z2",0.15425584372747,0.133835758320438,-0.113808684417121,0.156917675533121,0.412319631486801,0.290322580645161,FALSE,NA
7,2,8,2,"phi.tau1",0.566081378710274,0.113064805278851,0.361385400319185,0.563037139072074,0.795460257023654,0.580645161290323,FALSE,NA
7,2,8,2,"phi.tau2",0.27874639705433,0.124609096835101,0.0112489511525288,0.287517723702133,0.492695656501418,0.290322580645161,FALSE,NA
7,2,8,2,"phi.w1",0,0,0,0,0,NA,FALSE,NA
7,2,8,2,"phi.w2",0,0,0,0,0,NA,FALSE,NA
7,2,8,3,"beta0",10.2553619340213,0.188146952460435,9.85772054896424,10.2665778109222,10.5962444678806,10,TRUE,TRUE
7,2,8,3,"beta1",0.00434236566247995,0.0102271521869701,-0.0157819081578612,0.00442933362682585,0.0242494978040695,0,TRUE,TRUE
7,2,8,3,"beta2",0.0215276258657746,0.0102112478109485,0.00144857344536055,0.0216874261118733,0.0413042578084995,0,TRUE,FALSE
7,2,8,3,"lambda",1.49390733252538,0.308792394187715,1.13689946704326,1.41876525777174,2.43789112920893,3,TRUE,FALSE
7,2,8,3,"rho",0.900749535183338,0.0662266756639154,0.777383558416178,0.895217732257485,1.04672194996343,1,TRUE,TRUE
7,2,8,3,"nu",0.594847170171061,0.0611294788441657,0.479794926997967,0.592209698908202,0.731804198528298,0.5,TRUE,TRUE
7,2,8,3,"gamma",0.860855252824681,0.0201761617281218,0.822902153746422,0.859808445341727,0.902598964678045,0.9,TRUE,TRUE
7,2,8,3,"tau.alpha",4.692835,0.276778925195441,4,4.75,5,3,TRUE,FALSE
7,2,8,3,"tau.beta",15.7561686433807,1.18297844024043,13.1929933635668,15.8572957697142,17.8011021468517,8,TRUE,FALSE
7,2,8,3,"phi.z1",0.490740251808946,0.111609854352616,0.277788065816385,0.493947399716073,0.713294380661927,0.580645161290323,FALSE,NA
7,2,8,3,"phi.z2",0.129538591631171,0.121582638121868,-0.0996448846168849,0.126873403128869,0.378533639495208,0.290322580645161,FALSE,NA
7,2,8,3,"phi.tau1",0.483787700574427,0.103566891516377,0.284769623693946,0.481285712432739,0.699059836841599,0.580645161290323,FALSE,NA
7,2,8,3,"phi.tau2",0.338923698018219,0.112654736960295,0.0994472013373279,0.347278900478241,0.548668519278756,0.290322580645161,FALSE,NA
7,2,8,3,"phi.w1",0,0,0,0,0,NA,FALSE,NA
7,2,8,3,"phi.w2",0,0,0,0,0,NA,FALSE,NA
7,2,8,4,"beta0",10.3407527412038,0.169646457804866,9.99717379541754,10.3429992359678,10.657670497973,10,TRUE,TRUE
7,2,8,4,"beta1",0.00429538009770711,0.00976596886845932,-0.0147916293298103,0.00438391339456704,0.0230130107244663,0,TRUE,TRUE
7,2,8,4,"beta2",0.0145704914991208,0.00958688716953839,-0.0045127461327871,0.0146125580489895,0.0333428144335293,0,TRUE,TRUE
7,2,8,4,"lambda",1.53604944013898,0.135101831054807,1.30924278532772,1.52109711115984,1.85052595701394,3,TRUE,FALSE
7,2,8,4,"rho",0.937020897733931,0.0614601252287413,0.832104651298722,0.932319465991974,1.06571418859039,1,TRUE,TRUE
7,2,8,4,"nu",0.57417610274706,0.0513628472750639,0.481680361970296,0.574143657814673,0.677950756620997,0.5,TRUE,TRUE
7,2,8,4,"gamma",0.862373994090872,0.0177935267712933,0.830442901541431,0.861216332206859,0.898983398037488,0.9,TRUE,FALSE
7,2,8,4,"tau.alpha",4.114715,0.424121099033831,3.3,4.1,4.9,3,TRUE,FALSE
7,2,8,4,"tau.beta",15.3663879433825,1.70864190106564,12.086432921024,15.3562865228112,18.6227130456637,8,TRUE,FALSE
7,2,8,4,"phi.z1",0.428954065479721,0.0908733808039251,0.246718798089144,0.429169336320567,0.604667018830145,0.580645161290323,FALSE,NA
7,2,8,4,"phi.z2",0.175821202246978,0.0996860607877483,-0.0280341367171723,0.179781729728307,0.364202388896309,0.290322580645161,FALSE,NA
7,2,8,4,"phi.tau1",0.518018430421944,0.0900782865097739,0.332491738745946,0.526279461421303,0.679236096476359,0.580645161290323,FALSE,NA
7,2,8,4,"phi.tau2",0.287032923443911,0.0970190683639778,0.104624410090408,0.281796891879828,0.482170145434025,0.290322580645161,FALSE,NA
7,2,8,4,"phi.w1",0,0,0,0,0,NA,FALSE,NA
7,2,8,4,"phi.w2",0,0,0,0,0,NA,FALSE,NA
7,2,8,5,"beta0",10.4423372831121,0.151941672555071,10.1244741127856,10.4489253686517,10.7150378606335,10,TRUE,FALSE
7,2,8,5,"beta1",0.000641726932015554,0.00871315664440567,-0.0167761398072455,0.000591154901109219,0.0175942781495069,0,TRUE,TRUE
7,2,8,5,"beta2",0.0132290127041358,0.00861235348555341,-0.00388499312961204,0.0132774399342244,0.030021131673615,0,TRUE,TRUE
7,2,8,5,"lambda",1.63543013072005,0.16691254416561,1.36202402390571,1.61996430328437,1.97049870546574,3,TRUE,FALSE
7,2,8,5,"rho",0.931184272122782,0.0623895441400259,0.809388712291572,0.929497927536945,1.05542383007044,1,TRUE,TRUE
7,2,8,5,"nu",0.567336844561194,0.0559149780547621,0.478430735178438,0.560321891648964,0.696941656693582,0.5,TRUE,TRUE
7,2,8,5,"gamma",0.863219061023542,0.0193373769301765,0.823232849740111,0.864017598990731,0.898651691059081,0.9,TRUE,FALSE
7,2,8,5,"tau.alpha",4.111515,0.407708569204451,3.3,4.1,4.9,3,TRUE,FALSE
7,2,8,5,"tau.beta",14.8577730134263,1.59526981034304,11.7663982494306,14.8393915927109,17.9595997249148,8,TRUE,FALSE
7,2,8,5,"phi.z1",0.42193514317509,0.086250717119506,0.252478351346909,0.421981322086094,0.593520401344548,0.580645161290323,FALSE,NA
7,2,8,5,"phi.z2",0.159217413811188,0.0908862809087858,-0.0221057548732097,0.159170893054529,0.337101094270456,0.290322580645161,FALSE,NA
7,2,8,5,"phi.tau1",0.524306887614864,0.0832496577107202,0.359074510463811,0.527857710020981,0.684525577914846,0.580645161290323,FALSE,NA
7,2,8,5,"phi.tau2",0.280276462533635,0.0919376506936282,0.107064367862258,0.276751533833498,0.461207430309345,0.290322580645161,FALSE,NA
7,2,8,5,"phi.w1",0,0,0,0,0,NA,FALSE,NA
7,2,8,5,"phi.w2",0,0,0,0,0,NA,FALSE,NA
7,2,9,1,"beta0",10.4712375301646,0.186988223433912,10.0521459005154,10.4858198130973,10.7897310230871,10,TRUE,FALSE
7,2,9,1,"beta1",0.0210093144353274,0.0129670080410454,-0.00441641039296742,0.0209871357235134,0.0460679352600527,0,TRUE,TRUE
7,2,9,1,"beta2",0.00054029095215322,0.0130063768137671,-0.0249892028498491,0.000536970978866718,0.0258180045568337,0,TRUE,TRUE
7,2,9,1,"lambda",1.07013328041841,0.311887848527266,0.702600244900848,0.988114149496355,1.85318304906374,3,TRUE,FALSE
7,2,9,1,"rho",1.0595887036342,0.130032107005962,0.845907156057817,1.0558241388136,1.35211715413536,1,TRUE,TRUE
7,2,9,1,"nu",0.496493128440114,0.079644220057399,0.358265302211969,0.487076228076565,0.660016797582377,0.5,TRUE,TRUE
7,2,9,1,"gamma",0.9059798230129,0.0365813228302433,0.843413433946011,0.904556968556004,0.979202454765017,0.9,TRUE,TRUE
7,2,9,1,"tau.alpha",4.393475,0.467171274025841,3.3,4.5,5,3,TRUE,FALSE
7,2,9,1,"tau.beta",9.82406623204387,1.25882242794626,7.12094948861893,9.92787572038654,12.0212792158201,8,TRUE,TRUE
7,2,9,1,"phi.z1",0.125468071942061,0.141125208931098,-0.139318612522913,0.118241647655055,0.447543880788805,0.580645161290323,FALSE,NA
7,2,9,1,"phi.z2",0.402052354569251,0.165186295576857,0.0465102856637897,0.405551399626145,0.705282329695783,0.290322580645161,FALSE,NA
7,2,9,1,"phi.tau1",0.533753689951764,0.161124950595982,0.189885690951474,0.538936131292902,0.82731738529063,0.580645161290323,FALSE,NA
7,2,9,1,"phi.tau2",0.185135548653513,0.196324486684994,-0.231616128108852,0.198178952467555,0.533591245127033,0.290322580645161,FALSE,NA
7,2,9,1,"phi.w1",0,0,0,0,0,NA,FALSE,NA
7,2,9,1,"phi.w2",0,0,0,0,0,NA,FALSE,NA
7,2,9,2,"beta0",10.4848753188217,0.156285745236238,10.1539146839631,10.4934854995866,10.7686178989681,10,TRUE,FALSE
7,2,9,2,"beta1",0.0198534222503059,0.0103074941502189,-0.000181512066872881,0.019855561257953,0.0402467918022643,0,TRUE,TRUE
7,2,9,2,"beta2",-0.000607150926788381,0.0103484049308841,-0.0208082115450004,-0.000642147544973082,0.0198972256906409,0,TRUE,TRUE
7,2,9,2,"lambda",1.45233532760655,0.257855820773906,1.0928733363155,1.40349498505641,2.14950962649787,3,TRUE,FALSE
7,2,9,2,"rho",1.04159236805871,0.110703330886103,0.84354756651889,1.03807984107877,1.26122249153508,1,TRUE,TRUE
7,2,9,2,"nu",0.505016254526606,0.0744212415944987,0.375741622687331,0.4999355727193,0.674409213850938,0.5,TRUE,TRUE
7,2,9,2,"gamma",0.900988871101309,0.0324424970100703,0.841551047543066,0.898792159677424,0.971969289150913,0.9,TRUE,TRUE
7,2,9,2,"tau.alpha",4.68472,0.285052007648967,4,4.75,5,3,TRUE,FALSE
7,2,9,2,"tau.beta",10.7276500825373,0.872648270963326,8.85550961487354,10.7994955042045,12.2592822602467,8,TRUE,FALSE
7,2,9,2,"phi.z1",0.272154310252311,0.109245213336393,0.0690306140153881,0.268262409859943,0.492678513616815,0.580645161290323,FALSE,NA
7,2,9,2,"phi.z2",0.361453113409116,0.11476143439245,0.124239238925276,0.36203222284317,0.575843486315121,0.290322580645161,FALSE,NA
7,2,9,2,"phi.tau1",0.563955384187334,0.135982517678405,0.276904891881332,0.571135298443642,0.823158991997413,0.580645161290323,FALSE,NA
7,2,9,2,"phi.tau2",0.0535371359956384,0.183989535775523,-0.341883983940369,0.0709160050772679,0.371328862945868,0.290322580645161,FALSE,NA
7,2,9,2,"phi.w1",0,0,0,0,0,NA,FALSE,NA
7,2,9,2,"phi.w2",0,0,0,0,0,NA,FALSE,NA
7,2,9,3,"beta0",10.524328957425,0.158127318195824,10.2071994110746,10.5389783856431,10.7775186274271,10,TRUE,FALSE
7,2,9,3,"beta1",0.0165091862188162,0.00891196547432255,-0.00101689621371658,0.0164350206453606,0.0341421130198632,0,TRUE,TRUE
7,2,9,3,"beta2",0.00679332756303393,0.00889250590883381,-0.0104870876894124,0.00673088388511449,0.0241203767976865,0,TRUE,TRUE
7,2,9,3,"lambda",1.82905800372389,0.316027249011866,1.36939219402971,1.76672781719246,2.64480154212036,3,TRUE,FALSE
7,2,9,3,"rho",0.957797761207665,0.0853304818994087,0.790071884354687,0.955798781812912,1.14004833813018,1,TRUE,TRUE
7,2,9,3,"nu",0.572830698934659,0.0727167360166907,0.440292720165009,0.567578978324896,0.742079863258624,0.5,TRUE,TRUE
7,2,9,3,"gamma",0.874443991012531,0.0248760325887053,0.827866647824351,0.873081640475567,0.930163262848824,0.9,TRUE,TRUE
7,2,9,3,"tau.alpha",4.79311,0.202857445055146,4.25,4.85,5,3,TRUE,FALSE
7,2,9,3,"tau.beta",11.6102329490728,0.734460789331163,10.0573984263326,11.639292341156,12.95950285701,8,TRUE,FALSE
7,2,9,3,"phi.z1",0.239494279058571,0.0891647343422243,0.0582470037381597,0.241397194476751,0.418233283535048,0.580645161290323,FALSE,NA
7,2,9,3,"phi.z2",0.451747028177741,0.0997470285787328,0.258856786374859,0.451567953620601,0.640714453726577,0.290322580645161,FALSE,NA
7,2,9,3,"phi.tau1",0.616789347271655,0.112331025271226,0.392078311796461,0.615148334904262,0.836094876705661,0.580645161290323,FALSE,NA
7,2,9,3,"phi.tau2",0.035500674238615,0.158431527075802,-0.313552870027543,0.0507777238168447,0.319473238803191,0.290322580645161,FALSE,NA
7,2,9,3,"phi.w1",0,0,0,0,0,NA,FALSE,NA
7,2,9,3,"phi.w2",0,0,0,0,0,NA,FALSE,NA
7,2,9,4,"beta0",10.5472108717149,0.128247197705971,10.274372627693,10.5533138488504,10.7821997317291,10,TRUE,FALSE
7,2,9,4,"beta1",0.0135659296588944,0.00800805165073284,-0.00216034281879997,0.0136305909553073,0.0291185334707156,0,TRUE,TRUE
7,2,9,4,"beta2",0.0098814652081741,0.0080979805098405,-0.00601286141659745,0.0099224193179014,0.0259419036644688,0,TRUE,TRUE
7,2,9,4,"lambda",1.76393153359184,0.180227433923266,1.42994255454805,1.75897951314541,2.12211459094534,3,TRUE,FALSE
7,2,9,4,"rho",1.03125672756618,0.0722597826611906,0.870966792678039,1.03765177514675,1.16116936928938,1,TRUE,TRUE
7,2,9,4,"nu",0.514178097516074,0.0514957764359479,0.435123064330967,0.505198937606593,0.641221606475829,0.5,TRUE,TRUE
7,2,9,4,"gamma",0.894995670638657,0.0206039353481466,0.851259465103319,0.896478657055351,0.933469831640929,0.9,TRUE,TRUE
7,2,9,4,"tau.alpha",4.82232,0.184429441852168,4.35,4.9,5,3,TRUE,FALSE
7,2,9,4,"tau.beta",11.831912286333,0.657873040528662,10.4232632183352,11.8766746884637,13.0319652989662,8,TRUE,FALSE
7,2,9,4,"phi.z1",0.29493948390316,0.0801806858219064,0.134679416703115,0.294387615217462,0.452635998319047,0.580645161290323,FALSE,NA
7,2,9,4,"phi.z2",0.367881031763267,0.0852094361813502,0.193126107093819,0.369193408242273,0.525983003914966,0.290322580645161,FALSE,NA
7,2,9,4,"phi.tau1",0.515487777461041,0.0956414770756473,0.320100756883893,0.513465602633925,0.701217414395002,0.580645161290323,FALSE,NA
7,2,9,4,"phi.tau2",0.138254988401468,0.122500128367003,-0.123416332244287,0.144721183632841,0.349153500806768,0.290322580645161,FALSE,NA
7,2,9,4,"phi.w1",0,0,0,0,0,NA,FALSE,NA
7,2,9,4,"phi.w2",0,0,0,0,0,NA,FALSE,NA
7,2,9,5,"beta0",10.6109476027618,0.130836769662984,10.3302688859779,10.6190591040732,10.850854295379,10,TRUE,FALSE
7,2,9,5,"beta1",0.0104119599728541,0.00747817392025655,-0.00419108395727593,0.0104585393924324,0.0250865563827957,0,TRUE,TRUE
7,2,9,5,"beta2",0.00737725602869027,0.00724319940600835,-0.00684283783940731,0.00739312974726839,0.021536127995292,0,TRUE,TRUE
7,2,9,5,"lambda",1.91717682050435,0.274249048936983,1.50572704683417,1.86078970909967,2.51976673213864,3,TRUE,FALSE
7,2,9,5,"rho",1.06000249033439,0.0696389474097139,0.93165151322932,1.05545774908021,1.20183664767794,1,TRUE,TRUE
7,2,9,5,"nu",0.479462149310397,0.0422913148593419,0.401221557431802,0.478572398918223,0.564944744355762,0.5,TRUE,TRUE
7,2,9,5,"gamma",0.910061041022653,0.0207073160994954,0.871405386213406,0.909848180402093,0.952633577610727,0.9,TRUE,TRUE
7,2,9,5,"tau.alpha",4.867845,0.144070752108682,4.5,4.9,5,3,TRUE,FALSE
7,2,9,5,"tau.beta",12.2002407737795,0.581080611492698,10.9818292303923,12.2243184952113,13.265725743968,8,TRUE,FALSE
7,2,9,5,"phi.z1",0.336264464048163,0.0782600905807728,0.184454492968368,0.338046320955399,0.485222545344071,0.580645161290323,FALSE,NA
7,2,9,5,"phi.z2",0.360950966221389,0.0763928900836561,0.208616500355293,0.361916377969471,0.503377841972727,0.290322580645161,FALSE,NA
7,2,9,5,"phi.tau1",0.539874988918385,0.0826515866348152,0.376555829448371,0.541776978062758,0.697797112864356,0.580645161290323,FALSE,NA
7,2,9,5,"phi.tau2",0.126295285240495,0.107476713040589,-0.0972265347950914,0.132632542918478,0.3192676742058,0.290322580645161,FALSE,NA
7,2,9,5,"phi.w1",0,0,0,0,0,NA,FALSE,NA
7,2,9,5,"phi.w2",0,0,0,0,0,NA,FALSE,NA
7,4,1,1,"beta0",9.6702447989985,0.191375327858957,9.27203505743848,9.68075832879464,10.0229796637072,10,TRUE,TRUE
7,4,1,1,"beta1",0.0186359026542763,0.0142117344832728,-0.00901807372804566,0.0186099874114245,0.0466163613081665,0,TRUE,TRUE
7,4,1,1,"beta2",0.040488030405693,0.0138669517825528,0.0137013463439485,0.0404014940710158,0.0673344668877699,0,TRUE,FALSE
7,4,1,1,"lambda",0.935997850394769,0.198601280021271,0.652131276314694,0.900659959273089,1.45273782392098,3,TRUE,FALSE
7,4,1,1,"rho",1.09766098722609,0.109217022437136,0.888387412260105,1.09045612346298,1.32485812592298,1,TRUE,TRUE
7,4,1,1,"nu",0.41094654908737,0.0459567740745768,0.343006486742572,0.402435077486934,0.521260724665358,0.5,TRUE,TRUE
7,4,1,1,"gamma",0.958713932103071,0.0275086955915059,0.900616104889225,0.963113602273637,0.997796047385639,0.9,TRUE,FALSE
7,4,1,1,"tau.alpha",4.43851,0.452244881058088,3.35,4.55,5,3,TRUE,FALSE
7,4,1,1,"tau.beta",11.9051557533412,1.49026263569729,8.65827581314889,12.0273796190584,14.5052361993097,8,TRUE,FALSE
7,4,1,1,"phi.z1",0.548912355699749,0.13360723381017,0.255798153821654,0.560223300637537,0.785623018953705,0.580645161290323,FALSE,NA
7,4,1,1,"phi.z2",NA,NA,NA,NA,NA,0.290322580645161,FALSE,NA
7,4,1,1,"phi.tau1",0.476590368152847,0.260041831081146,-0.257098122558769,0.542364135606447,0.784221478278405,0.580645161290323,FALSE,NA
7,4,1,1,"phi.tau2",NA,NA,NA,NA,NA,0.290322580645161,FALSE,NA
7,4,1,1,"phi.w1",0,0,0,0,0,NA,FALSE,NA
7,4,1,1,"phi.w2",NA,NA,NA,NA,NA,NA,FALSE,NA
7,4,1,2,"beta0",9.84545502649881,0.176013964388352,9.47568983839492,9.85678238150927,10.1706116463997,10,TRUE,TRUE
7,4,1,2,"beta1",0.0125531147180796,0.0114456966740516,-0.00997549969574725,0.0126389227366717,0.0349659361630948,0,TRUE,TRUE
7,4,1,2,"beta2",0.0183417054989112,0.0113953753042781,-0.00414843589584674,0.0184636788852779,0.0403157805992106,0,TRUE,TRUE
7,4,1,2,"lambda",1.22583490812857,0.153095052283409,0.957638887372409,1.21380081802531,1.55717624070527,3,TRUE,FALSE
7,4,1,2,"rho",1.14503970158703,0.0920554488290198,0.984258225894024,1.14183415870746,1.33944222951363,1,TRUE,TRUE
7,4,1,2,"nu",0.417024886970503,0.0420395737405654,0.349659438280357,0.4137255347679,0.50389360226848,0.5,TRUE,TRUE
7,4,1,2,"gamma",0.951636698560905,0.0264659584831722,0.901216789077368,0.952935693242887,0.994961238210862,0.9,TRUE,FALSE
7,4,1,2,"tau.alpha",4.634085,0.320061254599287,3.85,4.7,5,3,TRUE,FALSE
7,4,1,2,"tau.beta",12.8148329790974,1.13820046877505,10.3759489383,12.9015620965694,14.8297953310847,8,TRUE,FALSE
7,4,1,2,"phi.z1",0.564016498306651,0.0960840498937922,0.360760081051614,0.568749523409126,0.735468286888241,0.580645161290323,FALSE,NA
7,4,1,2,"phi.z2",NA,NA,NA,NA,NA,0.290322580645161,FALSE,NA
7,4,1,2,"phi.tau1",0.608982927618159,0.104865007566329,0.358814969415942,0.625372999660404,0.764968413405903,0.580645161290323,FALSE,NA
7,4,1,2,"phi.tau2",NA,NA,NA,NA,NA,0.290322580645161,FALSE,NA
7,4,1,2,"phi.w1",0,0,0,0,0,NA,FALSE,NA
7,4,1,2,"phi.w2",NA,NA,NA,NA,NA,NA,FALSE,NA
7,4,1,3,"beta0",9.94490009358062,0.160515997020243,9.599172563857,9.95544395809625,10.2351474684225,10,TRUE,TRUE
7,4,1,3,"beta1",0.00465244164341735,0.00993419613945328,-0.0147200466902049,0.00456864274288528,0.0243317750762305,0,TRUE,TRUE
7,4,1,3,"beta2",0.0183277589502816,0.00983407444772499,-0.000897405029193275,0.0182747141405243,0.0374023595379459,0,TRUE,TRUE
7,4,1,3,"lambda",1.40922006809247,0.194658921071871,1.11179850877073,1.38602777281925,1.83251400962979,3,TRUE,FALSE
7,4,1,3,"rho",1.12071675730843,0.0802958218142345,0.962412748161646,1.11887587785187,1.28514816075836,1,TRUE,TRUE
7,4,1,3,"nu",0.426794539333644,0.0418874517143365,0.356057162699796,0.423897015327277,0.524142373187703,0.5,TRUE,TRUE
7,4,1,3,"gamma",0.947944620921312,0.025739952683861,0.895097124626568,0.947566985342915,0.998263924154109,0.9,TRUE,TRUE
7,4,1,3,"tau.alpha",4.741245,0.245656538053578,4.1,4.8,5,3,TRUE,FALSE
7,4,1,3,"tau.beta",13.4277432946092,0.945410599691453,11.3717312739597,13.4927537811887,15.1133076638261,8,TRUE,FALSE
7,4,1,3,"phi.z1",0.598553859948853,0.0803631999729182,0.4361394424223,0.599633917463732,0.747201161216426,0.580645161290323,FALSE,NA
7,4,1,3,"phi.z2",NA,NA,NA,NA,NA,0.290322580645161,FALSE,NA
7,4,1,3,"phi.tau1",0.605179920003477,0.0855376481540392,0.402854754927482,0.615109617591907,0.742295042240132,0.580645161290323,FALSE,NA
7,4,1,3,"phi.tau2",NA,NA,NA,NA,NA,0.290322580645161,FALSE,NA
7,4,1,3,"phi.w1",0,0,0,0,0,NA,FALSE,NA
7,4,1,3,"phi.w2",NA,NA,NA,NA,NA,NA,FALSE,NA
7,4,1,4,"beta0",9.99880984973012,0.1497606288062,9.6935612837937,10.0064924262239,10.2760645358372,10,TRUE,TRUE
7,4,1,4,"beta1",0.00697088929335119,0.00866523597049344,-0.00979157904979363,0.00688048413008676,0.0238309247739656,0,TRUE,TRUE
7,4,1,4,"beta2",0.0153359861301702,0.00863194652986702,-0.00183436749898921,0.0152695704452254,0.0323235400602685,0,TRUE,TRUE
7,4,1,4,"lambda",1.8856862621324,0.203262269531082,1.50344701309874,1.87933059149523,2.34196576521172,3,TRUE,FALSE
7,4,1,4,"rho",1.1235216229722,0.0834197831043482,0.964379165499447,1.12745755480751,1.28533228691813,1,TRUE,TRUE
7,4,1,4,"nu",0.435959113324131,0.0447297467623019,0.36354221143199,0.427894617324814,0.529029566606554,0.5,TRUE,TRUE
7,4,1,4,"gamma",0.93842182697059,0.0256715283669212,0.890101317870784,0.93956617522121,0.987050265372989,0.9,TRUE,TRUE
7,4,1,4,"tau.alpha",4.83184,0.177715707486054,4.35,4.9,5,3,TRUE,FALSE
7,4,1,4,"tau.beta",13.4439235025209,0.741906207414654,11.8360840883793,13.481445289969,14.8059018105354,8,TRUE,FALSE
7,4,1,4,"phi.z1",0.696081824390345,0.0595981483286792,0.570793377654266,0.699569740045364,0.80041166221284,0.580645161290323,FALSE,NA
7,4,1,4,"phi.z2",NA,NA,NA,NA,NA,0.290322580645161,FALSE,NA
7,4,1,4,"phi.tau1",0.615349697116018,0.072573247103593,0.451205225683129,0.622937948473738,0.735276779761457,0.580645161290323,FALSE,NA
7,4,1,4,"phi.tau2",NA,NA,NA,NA,NA,0.290322580645161,FALSE,NA
7,4,1,4,"phi.w1",0,0,0,0,0,NA,FALSE,NA
7,4,1,4,"phi.w2",NA,NA,NA,NA,NA,NA,FALSE,NA
7,4,1,5,"beta0",10.0169146649333,0.151613438710856,9.68086668155498,10.0293242351814,10.2839448357396,10,TRUE,TRUE
7,4,1,5,"beta1",0.00971380022654981,0.00782836749361442,-0.00571575583183493,0.00974353301843053,0.0251897050911764,0,TRUE,TRUE
7,4,1,5,"beta2",0.0125918965013734,0.00782143959611106,-0.00288992636470024,0.0126699321549802,0.0280216260699823,0,TRUE,TRUE
7,4,1,5,"lambda",1.99736417744262,0.20005523324094,1.65012948349817,1.99176892180198,2.37060617962806,3,TRUE,FALSE
7,4,1,5,"rho",1.11976198272651,0.0644773347796259,1.00519581025003,1.11602622870277,1.25983456516029,1,TRUE,FALSE
7,4,1,5,"nu",0.446844394867753,0.033810483637168,0.384515328223071,0.44481089232337,0.51913390477073,0.5,TRUE,TRUE
7,4,1,5,"gamma",0.931461611399263,0.0192694654909102,0.892768467400411,0.930439185269487,0.969566156130923,0.9,TRUE,TRUE
7,4,1,5,"tau.alpha",4.85824,0.152379212304153,4.45,4.9,5,3,TRUE,FALSE
7,4,1,5,"tau.beta",13.451059847693,0.659603630880703,12.0463230464358,13.4804665789273,14.6628637002982,8,TRUE,FALSE
7,4,1,5,"phi.z1",0.70648215466235,0.0504180136005392,0.598889829216103,0.707774026155695,0.794179152381351,0.580645161290323,FALSE,NA
7,4,1,5,"phi.z2",NA,NA,NA,NA,NA,0.290322580645161,FALSE,NA
7,4,1,5,"phi.tau1",0.518812077521008,0.0839443115752666,0.331592883449995,0.526561779913537,0.660379061610352,0.580645161290323,FALSE,NA
7,4,1,5,"phi.tau2",NA,NA,NA,NA,NA,0.290322580645161,FALSE,NA
7,4,1,5,"phi.w1",0,0,0,0,0,NA,FALSE,NA
7,4,1,5,"phi.w2",NA,NA,NA,NA,NA,NA,FALSE,NA
7,4,10,1,"beta0",11.6262201346022,0.510311108488474,10.4021913842128,11.6807516203356,12.4667310296198,10,TRUE,FALSE
7,4,10,1,"beta1",-0.0170685330079358,0.0171147184820486,-0.0501609889809414,-0.0169156369839233,0.0165879783768246,0,TRUE,TRUE
7,4,10,1,"beta2",0.0179194928033323,0.0170099163555544,-0.0152545748224422,0.0179193355867353,0.0517373867295604,0,TRUE,TRUE
7,4,10,1,"lambda",3.00699556175897,0.629931096680061,2.21686613308474,2.85633727039649,4.68186945381597,3,TRUE,TRUE
7,4,10,1,"rho",0.887379225576297,0.0905259017458917,0.73934904076071,0.877472442377289,1.09234282312258,1,TRUE,TRUE
7,4,10,1,"nu",0.575990266094285,0.0848591392115039,0.418311320640371,0.574939731505129,0.744357359912056,0.5,TRUE,TRUE
7,4,10,1,"gamma",0.86866439524885,0.0319340210948043,0.815239372109332,0.8661561671941,0.937115695733493,0.9,TRUE,TRUE
7,4,10,1,"tau.alpha",2.684775,0.499167673444126,1.8,2.65,3.8,3,TRUE,TRUE
7,4,10,1,"tau.beta",11.2666835069491,2.31214273560548,7.20577377693253,11.0903172610144,16.3475102946267,8,TRUE,TRUE
7,4,10,1,"phi.z1",0.604523259501475,0.130128798944184,0.329633523265297,0.615662088778297,0.833651110029869,0.580645161290323,FALSE,NA
7,4,10,1,"phi.z2",NA,NA,NA,NA,NA,0.290322580645161,FALSE,NA
7,4,10,1,"phi.tau1",0.731682238626816,0.0862396742337162,0.526373172105768,0.744960481085524,0.866076704425517,0.580645161290323,FALSE,NA
7,4,10,1,"phi.tau2",NA,NA,NA,NA,NA,0.290322580645161,FALSE,NA
7,4,10,1,"phi.w1",0,0,0,0,0,NA,FALSE,NA
7,4,10,1,"phi.w2",NA,NA,NA,NA,NA,NA,FALSE,NA
7,4,10,2,"beta0",11.3383506753656,0.5456052252894,10.1040083320758,11.374074868288,12.242288923596,10,TRUE,FALSE
7,4,10,2,"beta1",-0.0261792310359855,0.0132865465506044,-0.051974848162828,-0.0262537588058523,0.000303704113873325,0,TRUE,TRUE
7,4,10,2,"beta2",0.017859719529235,0.0129656332874739,-0.0078920662516033,0.018028786503532,0.0428611092383289,0,TRUE,TRUE
7,4,10,2,"lambda",2.75587589371992,0.466463296128519,2.10630586120463,2.66652530881077,3.83386030358928,3,TRUE,TRUE
7,4,10,2,"rho",0.927285833831024,0.0910368892294471,0.746047534116683,0.928404408496228,1.10243173854765,1,TRUE,TRUE
7,4,10,2,"nu",0.544460958227383,0.0746250263104227,0.422805190248285,0.533454706834519,0.722685603844257,0.5,TRUE,TRUE
7,4,10,2,"gamma",0.887046412728936,0.0282324591438639,0.83513487173741,0.88640332565152,0.94476024433238,0.9,TRUE,TRUE
7,4,10,2,"tau.alpha",3.47425,0.513316945881093,2.55,3.45,4.55,3,TRUE,TRUE
7,4,10,2,"tau.beta",13.7902147534281,2.19223150515072,9.79951199284854,13.705628730709,18.3838118958647,8,TRUE,FALSE
7,4,10,2,"phi.z1",0.701826217919241,0.0868227724175079,0.503385767803681,0.7126401940742,0.844821785292,0.580645161290323,FALSE,NA
7,4,10,2,"phi.z2",NA,NA,NA,NA,NA,0.290322580645161,FALSE,NA
7,4,10,2,"phi.tau1",0.687350596739581,0.0764586391405345,0.511142162116017,0.695343882954881,0.814734687606711,0.580645161290323,FALSE,NA
7,4,10,2,"phi.tau2",NA,NA,NA,NA,NA,0.290322580645161,FALSE,NA
7,4,10,2,"phi.w1",0,0,0,0,0,NA,FALSE,NA
7,4,10,2,"phi.w2",NA,NA,NA,NA,NA,NA,FALSE,NA
7,4,10,3,"beta0",11.5780584092983,0.458680381604355,10.5601032487781,11.6372539040865,12.3379115875943,10,TRUE,FALSE
7,4,10,3,"beta1",-0.016217357896387,0.011292013472041,-0.0382209967710451,-0.0163915721604945,0.00613356971379712,0,TRUE,TRUE
7,4,10,3,"beta2",0.00813012244224652,0.0110918163211624,-0.0132102318748028,0.00819894389940659,0.0299465883966097,0,TRUE,TRUE
7,4,10,3,"lambda",2.97724575700856,0.287892689815473,2.46261197850806,2.95922676800029,3.58049631105138,3,TRUE,TRUE
7,4,10,3,"rho",0.909752262297747,0.0641990650684997,0.769570329613711,0.914215230281545,1.02610096826793,1,TRUE,TRUE
7,4,10,3,"nu",0.569796434515287,0.0620613666349027,0.47998487871732,0.559523407856231,0.721317293919674,0.5,TRUE,TRUE
7,4,10,3,"gamma",0.883661382283645,0.02138132897601,0.840210819929309,0.884233418054055,0.922547907808295,0.9,TRUE,TRUE
7,4,10,3,"tau.alpha",3.944965,0.478582075359374,3,3.95,4.85,3,TRUE,TRUE
7,4,10,3,"tau.beta",15.9299603928413,2.09988776999346,11.8339062976414,15.9538728798364,19.9166406660904,8,TRUE,FALSE
7,4,10,3,"phi.z1",0.713544764088997,0.0730340972192386,0.560648675440235,0.718320257347971,0.83948646969865,0.580645161290323,FALSE,NA
7,4,10,3,"phi.z2",NA,NA,NA,NA,NA,0.290322580645161,FALSE,NA
7,4,10,3,"phi.tau1",0.700704969464634,0.0617265476394116,0.569482182698696,0.706492998866111,0.810057792864003,0.580645161290323,FALSE,NA
7,4,10,3,"phi.tau2",NA,NA,NA,NA,NA,0.290322580645161,FALSE,NA
7,4,10,3,"phi.w1",0,0,0,0,0,NA,FALSE,NA
7,4,10,3,"phi.w2",NA,NA,NA,NA,NA,NA,FALSE,NA
7,4,10,4,"beta0",10.8115284205417,0.876135030648504,8.5816628316535,10.9420436573145,12.0812627137317,10,TRUE,TRUE
7,4,10,4,"beta1",-0.0143027486904834,0.0099214723526033,-0.0336226321807746,-0.0143166337636304,0.00524166086928148,0,TRUE,TRUE
7,4,10,4,"beta2",0.0034649915332149,0.009918297410839,-0.016014627157101,0.00352104635364171,0.0229296510464458,0,TRUE,TRUE
7,4,10,4,"lambda",6.06443916180406,1.44492031048333,4.12892850494581,5.78098261703082,8.86648508593199,3,TRUE,FALSE
7,4,10,4,"rho",0.905884074369648,0.0630254285838411,0.787891297429221,0.905231143227134,1.04546075794034,1,TRUE,TRUE
7,4,10,4,"nu",0.554724455235927,0.058000036797303,0.439864335617364,0.551366594650145,0.67998206633168,0.5,TRUE,TRUE
7,4,10,4,"gamma",0.88748329860998,0.0221345219964399,0.847788154682533,0.885806985395763,0.937584821001663,0.9,TRUE,TRUE
7,4,10,4,"tau.alpha",4.001515,0.423578087977484,3.2,4,4.85,3,TRUE,FALSE
7,4,10,4,"tau.beta",16.2687925307119,1.84852875264707,12.7568589879687,16.2218402854398,19.947235871309,8,TRUE,FALSE
7,4,10,4,"phi.z1",0.889386882564995,0.0456877480054924,0.789364649123799,0.897998406082362,0.953163522300577,0.580645161290323,FALSE,NA
7,4,10,4,"phi.z2",NA,NA,NA,NA,NA,0.290322580645161,FALSE,NA
7,4,10,4,"phi.tau1",0.670914452218323,0.0579879798788097,0.5447756715188,0.675418713701988,0.773579205453198,0.580645161290323,FALSE,NA
7,4,10,4,"phi.tau2",NA,NA,NA,NA,NA,0.290322580645161,FALSE,NA
7,4,10,4,"phi.w1",0,0,0,0,0,NA,FALSE,NA
7,4,10,4,"phi.w2",NA,NA,NA,NA,NA,NA,FALSE,NA
7,4,10,5,"beta0",11.5468350899941,0.482961263592567,10.5123554206437,11.6085149715049,12.322570923307,10,TRUE,FALSE
7,4,10,5,"beta1",-0.0137890639053366,0.00952084627360759,-0.0324822517278549,-0.0136444921618008,0.005061872486576,0,TRUE,TRUE
7,4,10,5,"beta2",0.0029905815720934,0.00956610404415464,-0.0157970093471042,0.00304528851107865,0.0217418302606077,0,TRUE,TRUE
7,4,10,5,"lambda",2.93646707268596,0.405298976497412,2.47531943182924,2.80552672826134,4.06459491762154,3,TRUE,TRUE
7,4,10,5,"rho",0.915697032029355,0.0556289108747606,0.806466264950043,0.913440740557699,1.02597111593174,1,TRUE,TRUE
7,4,10,5,"nu",0.577486328482836,0.0509669765051335,0.48103678043808,0.575477401845419,0.688177684743864,0.5,TRUE,TRUE
7,4,10,5,"gamma",0.87691830782599,0.017477804886632,0.843821987755803,0.875986483740493,0.914287275415137,0.9,TRUE,TRUE
7,4,10,5,"tau.alpha",3.82682,0.398943734391607,3.1,3.8,4.65,3,TRUE,FALSE
7,4,10,5,"tau.beta",16.9308829417832,1.89698291041942,13.4569199011755,16.8565067976064,20.7390383971514,8,TRUE,FALSE
7,4,10,5,"phi.z1",0.753399115265707,0.0562951109420122,0.639563645439208,0.755823464163083,0.858714248495214,0.580645161290323,FALSE,NA
7,4,10,5,"phi.z2",NA,NA,NA,NA,NA,0.290322580645161,FALSE,NA
7,4,10,5,"phi.tau1",0.681030415802124,0.0504314678486044,0.571917041551239,0.683337427393783,0.772875707882808,0.580645161290323,FALSE,NA
7,4,10,5,"phi.tau2",NA,NA,NA,NA,NA,0.290322580645161,FALSE,NA
7,4,10,5,"phi.w1",0,0,0,0,0,NA,FALSE,NA
7,4,10,5,"phi.w2",NA,NA,NA,NA,NA,NA,FALSE,NA
7,4,2,1,"beta0",10.2687235356002,0.236784543254122,9.7551359818621,10.2815294887687,10.7027173511923,10,TRUE,TRUE
7,4,2,1,"beta1",-0.0202450536584382,0.0170862231083163,-0.0542357008179671,-0.0203924362989314,0.0127303728468922,0,TRUE,TRUE
7,4,2,1,"beta2",-0.0289135259649649,0.0170288907907575,-0.0622969312260438,-0.0290716208558923,0.0049916798198067,0,TRUE,TRUE
7,4,2,1,"lambda",1.31296043751035,0.194700668083762,1.01105654492646,1.28890599719035,1.76859594212734,3,TRUE,FALSE
7,4,2,1,"rho",0.935578773440096,0.0931336426694388,0.773420987347225,0.930334267680261,1.15072136639393,1,TRUE,TRUE
7,4,2,1,"nu",0.589317008327686,0.0786059323335868,0.444364093869817,0.58411126799412,0.746776067934026,0.5,TRUE,TRUE
7,4,2,1,"gamma",0.882868310819586,0.0261518176739656,0.832309708261286,0.88099073757556,0.937599317852031,0.9,TRUE,TRUE
7,4,2,1,"tau.alpha",3.67634,0.629139321635997,2.45,3.7,4.85,3,TRUE,TRUE
7,4,2,1,"tau.beta",14.2844522680369,2.68274412509563,9.19082782183051,14.2883570380375,19.358745467511,8,TRUE,FALSE
7,4,2,1,"phi.z1",0.277973240452372,0.158476078512335,-0.0326060111998473,0.280774284214278,0.575165140144114,0.580645161290323,FALSE,NA
7,4,2,1,"phi.z2",NA,NA,NA,NA,NA,0.290322580645161,FALSE,NA
7,4,2,1,"phi.tau1",0.641292171670065,0.134302275054533,0.303672710890784,0.663356052511681,0.834418616935066,0.580645161290323,FALSE,NA
7,4,2,1,"phi.tau2",NA,NA,NA,NA,NA,0.290322580645161,FALSE,NA
7,4,2,1,"phi.w1",0,0,0,0,0,NA,FALSE,NA
7,4,2,1,"phi.w2",NA,NA,NA,NA,NA,NA,FALSE,NA
7,4,2,2,"beta0",9.98662915304031,0.178608273315187,9.61655814656826,9.99233525365219,10.3239609838538,10,TRUE,TRUE
7,4,2,2,"beta1",-0.0124819568729337,0.0137146314188894,-0.0391918863542222,-0.0124647275475382,0.0144070316545383,0,TRUE,TRUE
7,4,2,2,"beta2",0.000770732606994283,0.0134653926194101,-0.0258257359072352,0.000801524260515823,0.0272954224195445,0,TRUE,TRUE
7,4,2,2,"lambda",1.20194099405282,0.15010042467007,0.939211948231947,1.19041818936592,1.51464147548112,3,TRUE,FALSE
7,4,2,2,"rho",0.96603988496607,0.097508234223461,0.816893265438538,0.952132654830433,1.2139047160972,1,TRUE,TRUE
7,4,2,2,"nu",0.545117893274241,0.0711249493007012,0.380337166142785,0.546929473382553,0.675722720094047,0.5,TRUE,TRUE
7,4,2,2,"gamma",0.906416153764636,0.0301483904294641,0.860760117522853,0.901517466068877,0.991759140510586,0.9,TRUE,TRUE
7,4,2,2,"tau.alpha",4.324505,0.451821501526791,3.35,4.4,5,3,TRUE,FALSE
7,4,2,2,"tau.beta",17.2750140045494,2.03849768867618,12.9818483738485,17.4189747792057,20.8250062601468,8,TRUE,FALSE
7,4,2,2,"phi.z1",0.373544086526787,0.120165480223701,0.123913104134037,0.378954218769664,0.592880519314528,0.580645161290323,FALSE,NA
7,4,2,2,"phi.z2",NA,NA,NA,NA,NA,0.290322580645161,FALSE,NA
7,4,2,2,"phi.tau1",0.600658319644861,0.106622835617622,0.352660456086556,0.616799316467062,0.76798180457437,0.580645161290323,FALSE,NA
7,4,2,2,"phi.tau2",NA,NA,NA,NA,NA,0.290322580645161,FALSE,NA
7,4,2,2,"phi.w1",0,0,0,0,0,NA,FALSE,NA
7,4,2,2,"phi.w2",NA,NA,NA,NA,NA,NA,FALSE,NA
7,4,2,3,"beta0",9.88204507479714,0.143301538274447,9.58690939338176,9.88547943294828,10.1520535769383,10,TRUE,TRUE
7,4,2,3,"beta1",-0.0208573050661308,0.0114508475588052,-0.043525259143827,-0.020757926098434,0.00175895687963141,0,TRUE,TRUE
7,4,2,3,"beta2",-0.000674165010815244,0.0111946114714393,-0.0227961504120407,-0.000540352423388998,0.0208157965794708,0,TRUE,TRUE
7,4,2,3,"lambda",1.20878943318408,0.158843268393066,0.976817390299541,1.1783366974955,1.60851664215295,3,TRUE,FALSE
7,4,2,3,"rho",0.944412151012096,0.0717875066268276,0.817148379744531,0.939528449688163,1.10931650514696,1,TRUE,TRUE
7,4,2,3,"nu",0.540642696578848,0.0571433918080964,0.419096193129327,0.54170667781588,0.650448008935005,0.5,TRUE,TRUE
7,4,2,3,"gamma",0.902433096517461,0.0232988469903761,0.864310158351355,0.899913165130753,0.960963826274515,0.9,TRUE,TRUE
7,4,2,3,"tau.alpha",4.63519,0.311439983602521,3.9,4.7,5,3,TRUE,FALSE
7,4,2,3,"tau.beta",18.2319163321792,1.48275902405838,14.9666316357927,18.3694185106428,20.7889702788199,8,TRUE,FALSE
7,4,2,3,"phi.z1",0.448968444934418,0.102294104006525,0.2484277096313,0.449371300512946,0.645386467623025,0.580645161290323,FALSE,NA
7,4,2,3,"phi.z2",NA,NA,NA,NA,NA,0.290322580645161,FALSE,NA
7,4,2,3,"phi.tau1",0.569717210935364,0.0959395077434488,0.35097459252846,0.580799207672278,0.724744376879734,0.580645161290323,FALSE,NA
7,4,2,3,"phi.tau2",NA,NA,NA,NA,NA,0.290322580645161,FALSE,NA
7,4,2,3,"phi.w1",0,0,0,0,0,NA,FALSE,NA
7,4,2,3,"phi.w2",NA,NA,NA,NA,NA,NA,FALSE,NA
7,4,2,4,"beta0",9.82610834685199,0.121730046841557,9.58276786941628,9.82790981620004,10.0622742210664,10,TRUE,TRUE
7,4,2,4,"beta1",0.00032821125412839,0.00990602518376596,-0.0193531039241789,0.000389860529037017,0.0200630538206844,0,TRUE,TRUE
7,4,2,4,"beta2",-0.00401825843906488,0.00975271723891117,-0.0229588344282993,-0.00398275727350544,0.0154638717671064,0,TRUE,TRUE
7,4,2,4,"lambda",1.06708699301685,0.121862969707367,0.872427910282258,1.04701066696029,1.36195174380835,3,TRUE,FALSE
7,4,2,4,"rho",1.00125050073518,0.0660525050454923,0.877524954689055,0.998731978800014,1.14221916593939,1,TRUE,TRUE
7,4,2,4,"nu",0.499715463656082,0.0438313112554087,0.419154449558016,0.501794110203423,0.58921756663978,0.5,TRUE,TRUE
7,4,2,4,"gamma",0.916865583176032,0.0202927784748309,0.879715061999283,0.91527352649156,0.956928841401437,0.9,TRUE,TRUE
7,4,2,4,"tau.alpha",4.755225,0.231364003909922,4.15,4.8,5,3,TRUE,FALSE
7,4,2,4,"tau.beta",17.8762701263698,1.13729389210337,15.3460579305766,17.9611418405287,19.8369093719539,8,TRUE,FALSE
7,4,2,4,"phi.z1",0.463915919374222,0.0854537103548325,0.29035997272911,0.465925362379763,0.627429276527165,0.580645161290323,FALSE,NA
7,4,2,4,"phi.z2",NA,NA,NA,NA,NA,0.290322580645161,FALSE,NA
7,4,2,4,"phi.tau1",0.618518377663112,0.070931066286085,0.458357683089426,0.623227536905366,0.741865482131213,0.580645161290323,FALSE,NA
7,4,2,4,"phi.tau2",NA,NA,NA,NA,NA,0.290322580645161,FALSE,NA
7,4,2,4,"phi.w1",0,0,0,0,0,NA,FALSE,NA
7,4,2,4,"phi.w2",NA,NA,NA,NA,NA,NA,FALSE,NA
7,4,2,5,"beta0",9.8333831926632,0.112007367503971,9.61072618740182,9.83468945098309,10.0485335102711,10,TRUE,TRUE
7,4,2,5,"beta1",0.00141735522966067,0.00883138964468169,-0.0158979863726656,0.00143554202452062,0.0186691036840048,0,TRUE,TRUE
7,4,2,5,"beta2",-0.00440298884871334,0.00873507929058476,-0.0214403663247542,-0.00444228177548436,0.0124135527614216,0,TRUE,TRUE
7,4,2,5,"lambda",1.15615283992832,0.112781771226532,0.977657619599532,1.13963921453909,1.41572324805316,3,TRUE,FALSE
7,4,2,5,"rho",0.974108943816543,0.0583469654735261,0.861739601856977,0.972537079947465,1.09366278208812,1,TRUE,TRUE
7,4,2,5,"nu",0.500808103642123,0.0417148014626463,0.423939452344044,0.500184309564444,0.589457154648783,0.5,TRUE,TRUE
7,4,2,5,"gamma",0.91769901321946,0.0190967679801501,0.883795531683556,0.916475284700098,0.956721574893584,0.9,TRUE,TRUE
7,4,2,5,"tau.alpha",4.80192,0.19278493251035,4.3,4.85,5,3,TRUE,FALSE
7,4,2,5,"tau.beta",18.0041003548354,0.978654999048825,15.8786557395894,18.0695365972431,19.749337232104,8,TRUE,FALSE
7,4,2,5,"phi.z1",0.470822753104284,0.0765679087305899,0.317027439667622,0.471214975731676,0.616964054605224,0.580645161290323,FALSE,NA
7,4,2,5,"phi.z2",NA,NA,NA,NA,NA,0.290322580645161,FALSE,NA
7,4,2,5,"phi.tau1",0.6473738470108,0.0557143040454011,0.527514894983047,0.651578515028743,0.743339853534744,0.580645161290323,FALSE,NA
7,4,2,5,"phi.tau2",NA,NA,NA,NA,NA,0.290322580645161,FALSE,NA
7,4,2,5,"phi.w1",0,0,0,0,0,NA,FALSE,NA
7,4,2,5,"phi.w2",NA,NA,NA,NA,NA,NA,FALSE,NA
7,4,3,1,"beta0",8.26299545706351,1.57874138580833,4.89704901267476,8.36052022534933,10.761119852225,10,TRUE,TRUE
7,4,3,1,"beta1",0.0224260420195878,0.0198627501682172,-0.0164248550633132,0.022411961865769,0.061493033712026,0,TRUE,TRUE
7,4,3,1,"beta2",0.0460474785357056,0.0196781474276214,0.00791873489007022,0.0460237125557434,0.0845700618927248,0,TRUE,FALSE
7,4,3,1,"lambda",8.58782274062446,1.97952518484376,5.01280505821601,8.20160819966251,12.6340906185557,3,TRUE,FALSE
7,4,3,1,"rho",1.07666360820616,0.104907312043687,0.876345045393562,1.06935938306451,1.29120400978621,1,TRUE,TRUE
7,4,3,1,"nu",0.422729559134784,0.0502323151698906,0.345278538021863,0.415907423241531,0.5470056169238,0.5,TRUE,TRUE
7,4,3,1,"gamma",0.950968951064039,0.0292072415293361,0.888831268322457,0.953599837726697,0.997033476115179,0.9,TRUE,TRUE
7,4,3,1,"tau.alpha",2.92691,0.558596056963783,1.95,2.9,4.15,3,TRUE,TRUE
7,4,3,1,"tau.beta",14.9060961476263,3.10657704389477,9.3983502085714,14.6726288828638,21.7772778211482,8,TRUE,FALSE
7,4,3,1,"phi.z1",0.935522415871706,0.0301325522214809,0.858164890703262,0.941482999513672,0.972434566018199,0.580645161290323,FALSE,NA
7,4,3,1,"phi.z2",NA,NA,NA,NA,NA,0.290322580645161,FALSE,NA
7,4,3,1,"phi.tau1",0.650541748669396,0.138212745062295,0.317218609408055,0.675290213294669,0.839886279858732,0.580645161290323,FALSE,NA
7,4,3,1,"phi.tau2",NA,NA,NA,NA,NA,0.290322580645161,FALSE,NA
7,4,3,1,"phi.w1",0,0,0,0,0,NA,FALSE,NA
7,4,3,1,"phi.w2",NA,NA,NA,NA,NA,NA,FALSE,NA
7,4,3,2,"beta0",8.25107452421448,1.68383617823999,4.44000921886195,8.31458808447512,10.9505670680017,10,TRUE,TRUE
7,4,3,2,"beta1",0.00766614917698153,0.0145739989424657,-0.0213646010124547,0.00764915970242083,0.0364579643193311,0,TRUE,TRUE
7,4,3,2,"beta2",0.0191535312597306,0.0144231143700486,-0.00963522580001506,0.0192580316751204,0.0473572832690388,0,TRUE,TRUE
7,4,3,2,"lambda",8.76709015644187,3.69556564562673,3.80061547345265,9.12224792394817,15.6562933248101,3,TRUE,FALSE
7,4,3,2,"rho",1.007931305621,0.0996637612155278,0.810776583287264,1.01187414375897,1.20377397969178,1,TRUE,TRUE
7,4,3,2,"nu",0.485909281867086,0.0710402735853956,0.36927600283394,0.475195057933901,0.657676670202632,0.5,TRUE,TRUE
7,4,3,2,"gamma",0.919471483363978,0.0330338445714306,0.85346357892104,0.920372379452735,0.986725920111305,0.9,TRUE,TRUE
7,4,3,2,"tau.alpha",3.55759,0.523755500097506,2.6,3.55,4.65,3,TRUE,TRUE
7,4,3,2,"tau.beta",16.4846947682065,2.62625427378014,11.6582856915916,16.3720794291135,21.9185271885426,8,TRUE,FALSE
7,4,3,2,"phi.z1",0.916523423537168,0.0654786774257646,0.746012635867056,0.944784864058062,0.979173848441291,0.580645161290323,FALSE,NA
7,4,3,2,"phi.z2",NA,NA,NA,NA,NA,0.290322580645161,FALSE,NA
7,4,3,2,"phi.tau1",0.588465416394005,0.108069686988624,0.353345244993373,0.599499839797636,0.762754598342828,0.580645161290323,FALSE,NA
7,4,3,2,"phi.tau2",NA,NA,NA,NA,NA,0.290322580645161,FALSE,NA
7,4,3,2,"phi.w1",0,0,0,0,0,NA,FALSE,NA
7,4,3,2,"phi.w2",NA,NA,NA,NA,NA,NA,FALSE,NA
7,4,3,3,"beta0",9.41193979783782,1.14246074060274,6.81178137627513,9.55814810724281,11.1086638572802,10,TRUE,TRUE
7,4,3,3,"beta1",0.00980892282804525,0.0124688235446469,-0.0148106868011952,0.0098501017978537,0.0340327187605328,0,TRUE,TRUE
7,4,3,3,"beta2",0.0164898840965687,0.0122546924547029,-0.00746466711975441,0.0166283212720715,0.040458088128798,0,TRUE,TRUE
7,4,3,3,"lambda",7.03566250425333,1.79891623029494,3.15286712456132,7.39359857668955,10.1198702874513,3,TRUE,FALSE
7,4,3,3,"rho",0.987691714035655,0.0763482912770605,0.849686133715451,0.986559938009212,1.15527253717738,1,TRUE,TRUE
7,4,3,3,"nu",0.495228289874676,0.0552684194861943,0.391725557164038,0.491162777710991,0.6098376963146,0.5,TRUE,TRUE
7,4,3,3,"gamma",0.914383288819294,0.0267766555640617,0.866339707644418,0.913065215686392,0.973660915979711,0.9,TRUE,TRUE
7,4,3,3,"tau.alpha",4.00936,0.474078438063306,3.05,4,4.9,3,TRUE,FALSE
7,4,3,3,"tau.beta",18.9810190824018,2.4302298811709,14.2987854987263,18.9814956061243,23.6454253185854,8,TRUE,FALSE
7,4,3,3,"phi.z1",0.900724157908551,0.0574128896254593,0.743279121149376,0.92013508627968,0.960148536579474,0.580645161290323,FALSE,NA
7,4,3,3,"phi.z2",NA,NA,NA,NA,NA,0.290322580645161,FALSE,NA
7,4,3,3,"phi.tau1",0.616607139585675,0.0807261266641911,0.436030094393168,0.625106535229127,0.754432104573578,0.580645161290323,FALSE,NA
7,4,3,3,"phi.tau2",NA,NA,NA,NA,NA,0.290322580645161,FALSE,NA
7,4,3,3,"phi.w1",0,0,0,0,0,NA,FALSE,NA
7,4,3,3,"phi.w2",NA,NA,NA,NA,NA,NA,FALSE,NA
7,4,3,4,"beta0",9.71349080604071,0.736535836567565,8.26591282878883,9.73878419173443,11.1593339584388,10,TRUE,TRUE
7,4,3,4,"beta1",0.00174844632119297,0.0111443434885921,-0.0200079738462431,0.00170332006024984,0.0234268871116221,0,TRUE,TRUE
7,4,3,4,"beta2",0.00788211107516443,0.0110909532250279,-0.0139695423486112,0.00797366049303363,0.0295682456162133,0,TRUE,TRUE
7,4,3,4,"lambda",6.72353425559296,2.07885258347834,3.59247497168073,7.21613202679478,10.0810445698697,3,TRUE,FALSE
7,4,3,4,"rho",0.974943670952996,0.0697744451187042,0.841998354365226,0.972860624290472,1.11137225800985,1,TRUE,TRUE
7,4,3,4,"nu",0.519276197641491,0.0531509483372615,0.429738512841132,0.513229978605739,0.636030174688805,0.5,TRUE,TRUE
7,4,3,4,"gamma",0.9002802787589,0.0223311132876842,0.857528492718639,0.900498434282954,0.944187707173731,0.9,TRUE,TRUE
7,4,3,4,"tau.alpha",4.274805,0.414826072037431,3.4,4.3,4.95,3,TRUE,FALSE
7,4,3,4,"tau.beta",20.618567780675,2.19414523061758,16.150603933333,20.7367102120443,24.513859621234,8,TRUE,FALSE
7,4,3,4,"phi.z1",0.88763347766585,0.0585550145564714,0.745752654899938,0.910984686736538,0.951767977039686,0.580645161290323,FALSE,NA
7,4,3,4,"phi.z2",NA,NA,NA,NA,NA,0.290322580645161,FALSE,NA
7,4,3,4,"phi.tau1",0.548525509404212,0.083290787129207,0.367220846355204,0.555209503140619,0.688015140277624,0.580645161290323,FALSE,NA
7,4,3,4,"phi.tau2",NA,NA,NA,NA,NA,0.290322580645161,FALSE,NA
7,4,3,4,"phi.w1",0,0,0,0,0,NA,FALSE,NA
7,4,3,4,"phi.w2",NA,NA,NA,NA,NA,NA,FALSE,NA
7,4,3,5,"beta0",10.3344148198697,0.524626337249945,9.21167810318872,10.3797165141286,11.2955856295055,10,TRUE,TRUE
7,4,3,5,"beta1",0.00129460432735384,0.010117147401968,-0.0184682002311717,0.00125788233522873,0.0213148979275946,0,TRUE,TRUE
7,4,3,5,"beta2",0.00167414398637324,0.00981083608286216,-0.0175336716213427,0.00161366740915301,0.020824995967735,0,TRUE,TRUE
7,4,3,5,"lambda",4.96509492638028,0.947389485994054,3.46257378764496,5.09630901492667,6.89232100730143,3,TRUE,FALSE
7,4,3,5,"rho",0.969203069728546,0.0621236234174701,0.875424226890107,0.962801137119297,1.1306061691318,1,TRUE,TRUE
7,4,3,5,"nu",0.512876753147737,0.0415202684161814,0.413831600944775,0.514118062001852,0.588260268631407,0.5,TRUE,TRUE
7,4,3,5,"gamma",0.902878958767587,0.0193576972162357,0.871249025615579,0.900655749235443,0.951773892771031,0.9,TRUE,TRUE
7,4,3,5,"tau.alpha",4.37763,0.370979575832105,3.6,4.4,5,3,TRUE,FALSE
7,4,3,5,"tau.beta",21.0756387552689,1.95049014538543,17.0875533162866,21.166890976208,24.5299760206492,8,TRUE,FALSE
7,4,3,5,"phi.z1",0.857788699860932,0.044432752019086,0.754531774391159,0.864242366882907,0.924371032676786,0.580645161290323,FALSE,NA
7,4,3,5,"phi.z2",NA,NA,NA,NA,NA,0.290322580645161,FALSE,NA
7,4,3,5,"phi.tau1",0.577388489004438,0.0673782749451142,0.432617103357376,0.580169077347874,0.700215966021548,0.580645161290323,FALSE,NA
7,4,3,5,"phi.tau2",NA,NA,NA,NA,NA,0.290322580645161,FALSE,NA
7,4,3,5,"phi.w1",0,0,0,0,0,NA,FALSE,NA
7,4,3,5,"phi.w2",NA,NA,NA,NA,NA,NA,FALSE,NA
7,4,4,1,"beta0",10.2025082183587,0.155617007856763,9.87370240306189,10.2098079394968,10.4799905562487,10,TRUE,TRUE
7,4,4,1,"beta1",0.00928879072383764,0.0110236470510042,-0.0122945868450366,0.0091804623329861,0.0308555309593812,0,TRUE,TRUE
7,4,4,1,"beta2",0.0098682328262801,0.0109588163285346,-0.011616366057582,0.00980080456588507,0.0313752330768813,0,TRUE,TRUE
7,4,4,1,"lambda",1.39679377467352,0.204154580255888,1.06547267191709,1.37788922756203,1.84596570228329,3,TRUE,FALSE
7,4,4,1,"rho",1.09055658946081,0.117937734254003,0.862426891616423,1.09001000460208,1.32548294399445,1,TRUE,TRUE
7,4,4,1,"nu",0.418680158472082,0.0648095406703598,0.333251357490772,0.408463747236546,0.574501628332553,0.5,TRUE,TRUE
7,4,4,1,"gamma",0.941019026227024,0.0375057083430184,0.858174886956544,0.941624308337291,0.998261930292218,0.9,TRUE,TRUE
7,4,4,1,"tau.alpha",4.5698,0.381586190528536,3.6,4.65,5,3,TRUE,FALSE
7,4,4,1,"tau.beta",7.80143392018945,0.853021906964035,5.95275372360088,7.86335633301624,9.29814264236653,8,TRUE,TRUE
7,4,4,1,"phi.z1",0.36288408728319,0.135133155322499,0.0962274427655177,0.36560704938046,0.623730352148776,0.580645161290323,FALSE,NA
7,4,4,1,"phi.z2",NA,NA,NA,NA,NA,0.290322580645161,FALSE,NA
7,4,4,1,"phi.tau1",0.69209391912989,0.11508378430288,0.401508752075545,0.713295960715344,0.851609898195039,0.580645161290323,FALSE,NA
7,4,4,1,"phi.tau2",NA,NA,NA,NA,NA,0.290322580645161,FALSE,NA
7,4,4,1,"phi.w1",0,0,0,0,0,NA,FALSE,NA
7,4,4,1,"phi.w2",NA,NA,NA,NA,NA,NA,FALSE,NA
7,4,4,2,"beta0",10.2090006788475,0.12103492130554,9.9643116255735,10.2135646252514,10.4374453683305,10,TRUE,TRUE
7,4,4,2,"beta1",0.0107932893324855,0.00929616031501123,-0.00771239089640945,0.0108336017061851,0.0287740458651911,0,TRUE,TRUE
7,4,4,2,"beta2",-0.00237448008888956,0.00926055928666606,-0.0205664514198567,-0.00233787875131805,0.0157415061758392,0,TRUE,TRUE
7,4,4,2,"lambda",1.3902329855405,0.155887962159584,1.12525961483707,1.37665346066899,1.7460904309544,3,TRUE,FALSE
7,4,4,2,"rho",1.07766455461046,0.0902767585967174,0.915089691382397,1.07453269102885,1.25522571148911,1,TRUE,TRUE
7,4,4,2,"nu",0.435175587762546,0.0515045127425594,0.351943219492767,0.43090052125505,0.548494899290134,0.5,TRUE,TRUE
7,4,4,2,"gamma",0.935553299256002,0.0310896571704962,0.877678462720229,0.935357536769488,0.993926731736978,0.9,TRUE,TRUE
7,4,4,2,"tau.alpha",4.752495,0.239318307490735,4.15,4.8,5,3,TRUE,FALSE
7,4,4,2,"tau.beta",9.11300315656702,0.680169198978632,7.6713405536312,9.14484877537233,10.403533940068,8,TRUE,TRUE
7,4,4,2,"phi.z1",0.334370733412895,0.107675418154569,0.108444173380686,0.34021503176688,0.535312554670417,0.580645161290323,FALSE,NA
7,4,4,2,"phi.z2",NA,NA,NA,NA,NA,0.290322580645161,FALSE,NA
7,4,4,2,"phi.tau1",0.697233290474055,0.0817089913212578,0.513561091033733,0.709496380273899,0.822519666875519,0.580645161290323,FALSE,NA
7,4,4,2,"phi.tau2",NA,NA,NA,NA,NA,0.290322580645161,FALSE,NA
7,4,4,2,"phi.w1",0,0,0,0,0,NA,FALSE,NA
7,4,4,2,"phi.w2",NA,NA,NA,NA,NA,NA,FALSE,NA
7,4,4,3,"beta0",10.0856647821545,0.099531424105031,9.87529319396615,10.0897979482064,10.2649408298429,10,TRUE,TRUE
7,4,4,3,"beta1",0.00950027238160238,0.00760334565299814,-0.00569189455496071,0.00949350845779677,0.0242514546925943,0,TRUE,TRUE
7,4,4,3,"beta2",-0.00301590113592347,0.00751266647366196,-0.0175358992252172,-0.00306446530658768,0.0117205296985277,0,TRUE,TRUE
7,4,4,3,"lambda",1.2978213032367,0.167377224435479,1.05019808176529,1.26558376413316,1.70898953556729,3,TRUE,FALSE
7,4,4,3,"rho",1.113797990387,0.0820092336905007,0.95400713818946,1.1098944336349,1.27640024842591,1,TRUE,TRUE
7,4,4,3,"nu",0.417696464203968,0.0432015109474969,0.35268550251039,0.415920299927591,0.512683949508696,0.5,TRUE,TRUE
7,4,4,3,"gamma",0.949310566027669,0.0277420810351096,0.893787550440312,0.94810874939866,0.996728083651897,0.9,TRUE,TRUE
7,4,4,3,"tau.alpha",4.800135,0.201539806500752,4.25,4.85,5,3,TRUE,FALSE
7,4,4,3,"tau.beta",8.31816369880034,0.522186533800569,7.20329223155452,8.35002780694342,9.26180988000445,8,TRUE,TRUE
7,4,4,3,"phi.z1",0.45769969747267,0.0953612042437951,0.263819087961872,0.458776424137478,0.637337818459222,0.580645161290323,FALSE,NA
7,4,4,3,"phi.z2",NA,NA,NA,NA,NA,0.290322580645161,FALSE,NA
7,4,4,3,"phi.tau1",0.769962786913087,0.0474034535691829,0.660490581766092,0.774515019894435,0.852868947509713,0.580645161290323,FALSE,NA
7,4,4,3,"phi.tau2",NA,NA,NA,NA,NA,0.290322580645161,FALSE,NA
7,4,4,3,"phi.w1",0,0,0,0,0,NA,FALSE,NA
7,4,4,3,"phi.w2",NA,NA,NA,NA,NA,NA,FALSE,NA
7,4,4,4,"beta0",10.1030446618357,0.0868324669439198,9.92780542209595,10.1036923826717,10.2707819768656,10,TRUE,TRUE
7,4,4,4,"beta1",0.00141585059717796,0.00656005628265241,-0.0115383865305324,0.00143281630742085,0.0141550501716678,0,TRUE,TRUE
7,4,4,4,"beta2",0.00266291545043456,0.00655011150965508,-0.010192851014205,0.00271105580580475,0.015400346196357,0,TRUE,TRUE
7,4,4,4,"lambda",1.39969989601752,0.120041802867181,1.18368917468593,1.38871374043875,1.65101894860339,3,TRUE,FALSE
7,4,4,4,"rho",1.09065229467806,0.0676601063906396,0.970682861348074,1.08557340907765,1.23046165848917,1,TRUE,TRUE
7,4,4,4,"nu",0.426458388872577,0.0336414396530749,0.367044008427814,0.425437245022127,0.497588312464284,0.5,TRUE,FALSE
7,4,4,4,"gamma",0.944774436246735,0.0212284923818659,0.902690088974839,0.945103507989273,0.985490172677566,0.9,TRUE,FALSE
7,4,4,4,"tau.alpha",4.87025,0.142391941648763,4.5,4.9,5,3,TRUE,FALSE
7,4,4,4,"tau.beta",8.27855188769498,0.420044429887657,7.40090587387041,8.29185009933893,9.08066712817161,8,TRUE,TRUE
7,4,4,4,"phi.z1",0.44862774963111,0.0835906461221141,0.285127229866012,0.451245390168545,0.608726344260871,0.580645161290323,FALSE,NA
7,4,4,4,"phi.z2",NA,NA,NA,NA,NA,0.290322580645161,FALSE,NA
7,4,4,4,"phi.tau1",0.776851537081493,0.0417457606337803,0.685844057077788,0.780290926029242,0.848140161190362,0.580645161290323,FALSE,NA
7,4,4,4,"phi.tau2",NA,NA,NA,NA,NA,0.290322580645161,FALSE,NA
7,4,4,4,"phi.w1",0,0,0,0,0,NA,FALSE,NA
7,4,4,4,"phi.w2",NA,NA,NA,NA,NA,NA,FALSE,NA
7,4,4,5,"beta0",10.0713547075531,0.0777932006376534,9.91640339883489,10.0736207505084,10.2204076547523,10,TRUE,TRUE
7,4,4,5,"beta1",0.00298188924969073,0.00602927178436613,-0.00893878141281027,0.00297877925279568,0.0147289697846987,0,TRUE,TRUE
7,4,4,5,"beta2",0.00145082562582057,0.00597634880230488,-0.0103554075314661,0.0014540604397729,0.0130845362737855,0,TRUE,TRUE
7,4,4,5,"lambda",1.32984635273737,0.127187033616453,1.1176489188806,1.31983872131131,1.61202031700717,3,TRUE,FALSE
7,4,4,5,"rho",1.07993942952438,0.0576387996579732,0.974594290723849,1.0763431981088,1.20411745289268,1,TRUE,TRUE
7,4,4,5,"nu",0.432214568043497,0.0309988215058837,0.371145625227416,0.430919611145946,0.499157755171755,0.5,TRUE,FALSE
7,4,4,5,"gamma",0.94044933034759,0.0199034855030152,0.900693135716184,0.939750051513559,0.983602288369185,0.9,TRUE,FALSE
7,4,4,5,"tau.alpha",4.89966,0.117252971075033,4.6,4.95,5,3,TRUE,FALSE
7,4,4,5,"tau.beta",8.40066513112509,0.378516137709594,7.61230026815889,8.4108361118045,9.10851991448015,8,TRUE,TRUE
7,4,4,5,"phi.z1",0.477810297071857,0.0751551810438848,0.327540665506564,0.480410833159,0.62008840340348,0.580645161290323,FALSE,NA
7,4,4,5,"phi.z2",NA,NA,NA,NA,NA,0.290322580645161,FALSE,NA
7,4,4,5,"phi.tau1",0.771703458556122,0.037646426747729,0.689264325664236,0.775338755347957,0.836135821422374,0.580645161290323,FALSE,NA
7,4,4,5,"phi.tau2",NA,NA,NA,NA,NA,0.290322580645161,FALSE,NA
7,4,4,5,"phi.w1",0,0,0,0,0,NA,FALSE,NA
7,4,4,5,"phi.w2",NA,NA,NA,NA,NA,NA,FALSE,NA
7,4,5,1,"beta0",14.1035616570378,0.347241365930768,13.2065047947489,14.1793618450436,14.5896442388398,10,TRUE,FALSE
7,4,5,1,"beta1",-0.00701088339174567,0.0109786498212491,-0.0286638099405679,-0.00691109499937189,0.0145857392624389,0,TRUE,TRUE
7,4,5,1,"beta2",0.00141122799051062,0.0109196267746484,-0.0197747382201879,0.00137853180295439,0.0229308217604047,0,TRUE,TRUE
7,4,5,1,"lambda",2.70260407351139,0.566108027444642,1.90292093577977,2.62816897112143,4.33867427152948,3,TRUE,TRUE
7,4,5,1,"rho",0.979280657649143,0.104646837981933,0.788879365023326,0.968126826062485,1.20737307249199,1,TRUE,TRUE
7,4,5,1,"nu",0.459721465698823,0.0645671448364414,0.354975447691339,0.455485720961768,0.590228338463391,0.5,TRUE,TRUE
7,4,5,1,"gamma",0.933240339738786,0.0329314312285312,0.869528901017925,0.931678199060045,0.99364039687828,0.9,TRUE,TRUE
7,4,5,1,"tau.alpha",4.49882,0.421498367360265,3.45,4.6,5,3,TRUE,FALSE
7,4,5,1,"tau.beta",7.8834603709701,0.925298229105512,5.89062437056976,7.95633241507111,9.49498076330718,8,TRUE,TRUE
7,4,5,1,"phi.z1",0.661934223830133,0.11626952074032,0.418475318451474,0.667060031683977,0.878493288658135,0.580645161290323,FALSE,NA
7,4,5,1,"phi.z2",NA,NA,NA,NA,NA,0.290322580645161,FALSE,NA
7,4,5,1,"phi.tau1",0.713357699826981,0.0969472954186648,0.485170650331468,0.731047346246409,0.853207828294265,0.580645161290323,FALSE,NA
7,4,5,1,"phi.tau2",NA,NA,NA,NA,NA,0.290322580645161,FALSE,NA
7,4,5,1,"phi.w1",0,0,0,0,0,NA,FALSE,NA
7,4,5,1,"phi.w2",NA,NA,NA,NA,NA,NA,FALSE,NA
7,4,5,2,"beta0",13.5446378460243,0.619526972776389,11.9974948721173,13.6236438055087,14.4415946063927,10,TRUE,FALSE
7,4,5,2,"beta1",0.00074951532440093,0.0086588906526998,-0.0162785428284894,0.000811448046535167,0.0175887438399114,0,TRUE,TRUE
7,4,5,2,"beta2",0.000601607684674122,0.0085047718978725,-0.01608302938714,0.000500886095627021,0.0176412538939009,0,TRUE,TRUE
7,4,5,2,"lambda",6.62434294793925,1.04508064015605,4.90972216158868,6.63688001292335,8.4497626449476,3,TRUE,FALSE
7,4,5,2,"rho",1.02902264922901,0.0782361349384987,0.88356246265511,1.02985364588035,1.1772535313189,1,TRUE,TRUE
7,4,5,2,"nu",0.420323654548947,0.0429742925188703,0.356510539021076,0.410203522328329,0.512619247123755,0.5,TRUE,TRUE
7,4,5,2,"gamma",0.9569597746099,0.0271144968212241,0.903245717585964,0.960969409652005,0.997841491910953,0.9,TRUE,FALSE
7,4,5,2,"tau.alpha",4.74439,0.257577488372435,4.05,4.8,5,3,TRUE,FALSE
7,4,5,2,"tau.beta",8.19540379556685,0.634862573637208,6.81501791359671,8.22986972556985,9.32630990058439,8,TRUE,TRUE
7,4,5,2,"phi.z1",0.883203047364975,0.0438043096571986,0.777824847039123,0.892861073032844,0.944377954651337,0.580645161290323,FALSE,NA
7,4,5,2,"phi.z2",NA,NA,NA,NA,NA,0.290322580645161,FALSE,NA
7,4,5,2,"phi.tau1",0.726893966861338,0.0730433127443692,0.556556343032886,0.735966967750749,0.840515651137622,0.580645161290323,FALSE,NA
7,4,5,2,"phi.tau2",NA,NA,NA,NA,NA,0.290322580645161,FALSE,NA
7,4,5,2,"phi.w1",0,0,0,0,0,NA,FALSE,NA
7,4,5,2,"phi.w2",NA,NA,NA,NA,NA,NA,FALSE,NA
7,4,5,3,"beta0",11.7099239413861,1.0183798940215,8.4705912046225,11.8780526792534,13.0447927242788,10,TRUE,TRUE
7,4,5,3,"beta1",0.00641099522879183,0.00805336498126694,-0.00936530499931354,0.00645195986112689,0.022197015214768,0,TRUE,TRUE
7,4,5,3,"beta2",0.00225454682269167,0.00784517095539012,-0.012800481416644,0.0021801033953899,0.0176064227498905,0,TRUE,TRUE
7,4,5,3,"lambda",7.16691008764007,1.18302888445054,4.95053320350325,7.16951901523385,10.6786813032164,3,TRUE,FALSE
7,4,5,3,"rho",1.05458419270117,0.0655760067356763,0.921395298550296,1.05268377629277,1.18081155075409,1,TRUE,TRUE
7,4,5,3,"nu",0.405702584325194,0.0343362009561703,0.358641888203906,0.400500415774773,0.501213340215878,0.5,TRUE,TRUE
7,4,5,3,"gamma",0.96862997441833,0.0231924756421487,0.909308792174242,0.972646760810014,0.998537162577183,0.9,TRUE,FALSE
7,4,5,3,"tau.alpha",4.48489,0.373907299429761,3.65,4.55,5,3,TRUE,FALSE
7,4,5,3,"tau.beta",9.14774842737794,0.872684223705498,7.28295245946271,9.22957724057707,10.6284436718525,8,TRUE,TRUE
7,4,5,3,"phi.z1",0.920476153605904,0.0274233702490398,0.854693784411498,0.924556322219604,0.965673111203938,0.580645161290323,FALSE,NA
7,4,5,3,"phi.z2",NA,NA,NA,NA,NA,0.290322580645161,FALSE,NA
7,4,5,3,"phi.tau1",0.78530158276441,0.0434453684808317,0.688598992556554,0.78894276135286,0.859639461060811,0.580645161290323,FALSE,NA
7,4,5,3,"phi.tau2",NA,NA,NA,NA,NA,0.290322580645161,FALSE,NA
7,4,5,3,"phi.w1",0,0,0,0,0,NA,FALSE,NA
7,4,5,3,"phi.w2",NA,NA,NA,NA,NA,NA,FALSE,NA
7,4,5,4,"beta0",12.2975596604238,0.740816718931372,10.6064367535079,12.4188635449202,13.5215492063269,10,TRUE,FALSE
7,4,5,4,"beta1",0.00576242026950931,0.00740215837171075,-0.00875769497030933,0.00577951674561777,0.0200301937994989,0,TRUE,TRUE
7,4,5,4,"beta2",0.0044914059249436,0.00738711821967293,-0.00992157783720329,0.0045245086618763,0.0189297451964318,0,TRUE,TRUE
7,4,5,4,"lambda",6.31860489857647,1.13215003159133,4.61384454584217,6.21678433196545,8.79669262978127,3,TRUE,FALSE
7,4,5,4,"rho",1.07876522812866,0.0644193937105113,0.961558859988991,1.07354118946588,1.21372369204697,1,TRUE,TRUE
7,4,5,4,"nu",0.396728423825346,0.0293961646466366,0.351610741180618,0.392976502062076,0.468647884805999,0.5,TRUE,FALSE
7,4,5,4,"gamma",0.972272274304891,0.0201075794383009,0.926199401119151,0.975764991211777,0.999227277779406,0.9,TRUE,FALSE
7,4,5,4,"tau.alpha",4.39679,0.387796640680979,3.55,4.45,5,3,TRUE,FALSE
7,4,5,4,"tau.beta",9.75260089182865,0.956130842642494,7.71997553602901,9.81437941101924,11.4366041813349,8,TRUE,TRUE
7,4,5,4,"phi.z1",0.889782765765177,0.0351870687192598,0.803870456933377,0.895777742976373,0.941120849322087,0.580645161290323,FALSE,NA
7,4,5,4,"phi.z2",NA,NA,NA,NA,NA,0.290322580645161,FALSE,NA
7,4,5,4,"phi.tau1",0.759299340783035,0.042167013859519,0.662382787605133,0.762873679021167,0.831018965921804,0.580645161290323,FALSE,NA
7,4,5,4,"phi.tau2",NA,NA,NA,NA,NA,0.290322580645161,FALSE,NA
7,4,5,4,"phi.w1",0,0,0,0,0,NA,FALSE,NA
7,4,5,4,"phi.w2",NA,NA,NA,NA,NA,NA,FALSE,NA
7,4,5,5,"beta0",13.5729872733259,0.374377825399157,12.7051578232911,13.6222630143863,14.1399351593495,10,TRUE,FALSE
7,4,5,5,"beta1",0.00324742688127975,0.00699763307104271,-0.0105569543243978,0.0032746940657149,0.0166816056121803,0,TRUE,TRUE
7,4,5,5,"beta2",0.00657461041265896,0.00684253176260285,-0.00679409632443364,0.0065538734195449,0.0200445596350889,0,TRUE,TRUE
7,4,5,5,"lambda",3.55664389363287,0.230778091323557,3.15901706006667,3.52693634540974,4.10407311758995,3,TRUE,FALSE
7,4,5,5,"rho",1.03446164840647,0.0639000088589173,0.89194253322712,1.03926991354337,1.15172571953133,1,TRUE,TRUE
7,4,5,5,"nu",0.428108699130143,0.0387713108170043,0.372745967812223,0.422028901267543,0.520502740835747,0.5,TRUE,TRUE
7,4,5,5,"gamma",0.95729314770864,0.0231560477993327,0.904986081424389,0.959635178575052,0.993700477144705,0.9,TRUE,FALSE
7,4,5,5,"tau.alpha",4.58298,0.308195259586846,3.89875,4.65,5,3,TRUE,FALSE
7,4,5,5,"tau.beta",10.6650466159462,0.820499123645736,8.86503990604649,10.7388471154059,12.045795261479,8,TRUE,FALSE
7,4,5,5,"phi.z1",0.728717395201309,0.0534437810175344,0.61751178250632,0.730759710184279,0.82493080092695,0.580645161290323,FALSE,NA
7,4,5,5,"phi.z2",NA,NA,NA,NA,NA,0.290322580645161,FALSE,NA
7,4,5,5,"phi.tau1",0.746181193218286,0.0396100931938143,0.660149135708832,0.747839508010928,0.81691172251077,0.580645161290323,FALSE,NA
7,4,5,5,"phi.tau2",NA,NA,NA,NA,NA,0.290322580645161,FALSE,NA
7,4,5,5,"phi.w1",0,0,0,0,0,NA,FALSE,NA
7,4,5,5,"phi.w2",NA,NA,NA,NA,NA,NA,FALSE,NA
7,4,6,1,"beta0",10.130919065598,1.52518505139129,6.30103848139751,10.4892516269308,12.1222483022295,10,TRUE,TRUE
7,4,6,1,"beta1",-0.0326417424163041,0.0158870781281983,-0.0635882548196089,-0.0326993500487383,-0.00137651660207409,0,TRUE,FALSE
7,4,6,1,"beta2",-0.0105367158698927,0.0155596663325905,-0.0409213143267373,-0.0106548543744974,0.0197018872890407,0,TRUE,TRUE
7,4,6,1,"lambda",3.75440610370337,0.689907370851672,2.72136426611821,3.65236351543436,5.36246063563338,3,TRUE,TRUE
7,4,6,1,"rho",1.3527314857889,0.146365607459013,1.09682789565663,1.33612261891014,1.66766199311163,1,TRUE,FALSE
7,4,6,1,"nu",0.387615754545587,0.0463537383186971,0.312817386766824,0.383489816630571,0.48903943985959,0.5,TRUE,FALSE
7,4,6,1,"gamma",0.935134153773654,0.0325990017794458,0.87366081062407,0.935175380570027,0.992856332230068,0.9,TRUE,TRUE
7,4,6,1,"tau.alpha",4.262355,0.517683690698637,3.1,4.35,5,3,TRUE,FALSE
7,4,6,1,"tau.beta",12.4980072477398,1.76161323358418,8.88385915941605,12.6139538868469,15.5845476713865,8,TRUE,FALSE
7,4,6,1,"phi.z1",0.785648183103668,0.0953432937880016,0.569738575432188,0.800079232345349,0.925686626300168,0.580645161290323,FALSE,NA
7,4,6,1,"phi.z2",NA,NA,NA,NA,NA,0.290322580645161,FALSE,NA
7,4,6,1,"phi.tau1",0.672678508831998,0.125915674846073,0.352381766882984,0.693725707561586,0.845802909897951,0.580645161290323,FALSE,NA
7,4,6,1,"phi.tau2",NA,NA,NA,NA,NA,0.290322580645161,FALSE,NA
7,4,6,1,"phi.w1",0,0,0,0,0,NA,FALSE,NA
7,4,6,1,"phi.w2",NA,NA,NA,NA,NA,NA,FALSE,NA
7,4,6,2,"beta0",9.55391608351768,1.30954977192011,7.1403304680085,9.52313168648262,11.9190559473831,10,TRUE,TRUE
7,4,6,2,"beta1",-0.0235064620055034,0.0118799296483256,-0.0469773264647449,-0.0236219550549859,-0.000175765204413291,0,TRUE,FALSE
7,4,6,2,"beta2",-0.0130692466955455,0.0117599620712245,-0.0362985621272262,-0.0130764781457196,0.00997913712070263,0,TRUE,TRUE
7,4,6,2,"lambda",7.4232290982144,2.05343975124959,4.32433709864073,7.11773645497939,12.5318077030212,3,TRUE,FALSE
7,4,6,2,"rho",1.11611798226928,0.0995520370525178,0.93389532194094,1.1103296083352,1.33158737009965,1,TRUE,TRUE
7,4,6,2,"nu",0.432093362176182,0.050554400423857,0.346096376849374,0.429266555212774,0.54218566977326,0.5,TRUE,TRUE
7,4,6,2,"gamma",0.928730607022349,0.0309564155899428,0.870599438050651,0.928891500651716,0.990477682512203,0.9,TRUE,TRUE
7,4,6,2,"tau.alpha",4.62515,0.330613683989039,3.8,4.7,5,3,TRUE,FALSE
7,4,6,2,"tau.beta",14.0163772580891,1.27768639380905,11.2128852711531,14.1277724878831,16.2505173189319,8,TRUE,FALSE
7,4,6,2,"phi.z1",0.897991967717946,0.0612055507607385,0.726872061391496,0.918425590330571,0.967613403955618,0.580645161290323,FALSE,NA
7,4,6,2,"phi.z2",NA,NA,NA,NA,NA,0.290322580645161,FALSE,NA
7,4,6,2,"phi.tau1",0.679620891423542,0.0883757390931747,0.476923027349809,0.691086470134713,0.812814241823878,0.580645161290323,FALSE,NA
7,4,6,2,"phi.tau2",NA,NA,NA,NA,NA,0.290322580645161,FALSE,NA
7,4,6,2,"phi.w1",0,0,0,0,0,NA,FALSE,NA
7,4,6,2,"phi.w2",NA,NA,NA,NA,NA,NA,FALSE,NA
7,4,6,3,"beta0",10.3390568906427,0.761921536686766,8.64156206552321,10.4778580808455,11.498048145021,10,TRUE,TRUE
7,4,6,3,"beta1",-0.0233214980513907,0.0107808921584511,-0.0447461667658916,-0.0232689111366408,-0.00219264751861784,0,TRUE,FALSE
7,4,6,3,"beta2",-0.00680335568864522,0.010696681214319,-0.0279396662809009,-0.00678228850200121,0.0143197840946179,0,TRUE,TRUE
7,4,6,3,"lambda",4.72892005645961,0.995791042906719,3.29256040621082,4.46326858769736,7.40380353544405,3,TRUE,FALSE
7,4,6,3,"rho",1.14403674093633,0.0776760169914576,0.984184025683828,1.14550248077015,1.29025643474135,1,TRUE,TRUE
7,4,6,3,"nu",0.415235076996143,0.0401756149735337,0.350642531985548,0.409434679461719,0.515124536671727,0.5,TRUE,TRUE
7,4,6,3,"gamma",0.942662213790755,0.0257765554351214,0.886981875618322,0.944147237104244,0.992235341170131,0.9,TRUE,TRUE
7,4,6,3,"tau.alpha",4.39015,0.40829602994005,3.5,4.45,5,3,TRUE,FALSE
7,4,6,3,"tau.beta",14.986374053353,1.56952649189547,11.7057721884493,15.1044061793917,17.7433488733348,8,TRUE,FALSE
7,4,6,3,"phi.z1",0.851895018670398,0.052389355980772,0.722841725171498,0.859211530602299,0.93425027236748,0.580645161290323,FALSE,NA
7,4,6,3,"phi.z2",NA,NA,NA,NA,NA,0.290322580645161,FALSE,NA
7,4,6,3,"phi.tau1",0.694101596447511,0.0633288033437176,0.549377407242248,0.699828393618325,0.799967082643568,0.580645161290323,FALSE,NA
7,4,6,3,"phi.tau2",NA,NA,NA,NA,NA,0.290322580645161,FALSE,NA
7,4,6,3,"phi.w1",0,0,0,0,0,NA,FALSE,NA
7,4,6,3,"phi.w2",NA,NA,NA,NA,NA,NA,FALSE,NA
7,4,6,4,"beta0",10.4355404937144,0.508557793848794,9.40640221512852,10.4159526851886,11.435936672395,10,TRUE,TRUE
7,4,6,4,"beta1",-0.0234459832106281,0.00946951753113674,-0.0419926581563026,-0.0234385880264952,-0.00500322218779922,0,TRUE,FALSE
7,4,6,4,"beta2",-0.00928273165666198,0.00942452841974151,-0.0276793487511523,-0.00937724685455789,0.00922928495506849,0,TRUE,TRUE
7,4,6,4,"lambda",5.4208857833055,1.03731408787209,3.93833384157643,5.16345650811897,7.28922578453081,3,TRUE,FALSE
7,4,6,4,"rho",1.14593440835419,0.0667431765088082,1.02415529966705,1.14472699227619,1.27984513435168,1,TRUE,FALSE
7,4,6,4,"nu",0.404642794387611,0.0299444303890228,0.351635090149491,0.402418381808518,0.464089285962825,0.5,TRUE,FALSE
7,4,6,4,"gamma",0.951628879185066,0.0206962760164967,0.913007071979783,0.952146061240169,0.990151092777852,0.9,TRUE,FALSE
7,4,6,4,"tau.alpha",4.609425,0.319554582017046,3.85,4.7,5,3,TRUE,FALSE
7,4,6,4,"tau.beta",15.4629076359952,1.26038336097051,12.6739154111925,15.6151864075511,17.5543075033034,8,TRUE,FALSE
7,4,6,4,"phi.z1",0.873108514700281,0.0413296055279951,0.775985426719332,0.881391760500472,0.931602590945617,0.580645161290323,FALSE,NA
7,4,6,4,"phi.z2",NA,NA,NA,NA,NA,0.290322580645161,FALSE,NA
7,4,6,4,"phi.tau1",0.646153024996113,0.0653266009944326,0.506466580902316,0.650422104072872,0.75722036548029,0.580645161290323,FALSE,NA
7,4,6,4,"phi.tau2",NA,NA,NA,NA,NA,0.290322580645161,FALSE,NA
7,4,6,4,"phi.w1",0,0,0,0,0,NA,FALSE,NA
7,4,6,4,"phi.w2",NA,NA,NA,NA,NA,NA,FALSE,NA
7,4,6,5,"beta0",10.1828715387124,0.672313521076797,8.64276096337598,10.2715337241829,11.2535894539035,10,TRUE,TRUE
7,4,6,5,"beta1",-0.0203673320800093,0.00875689691505658,-0.037445535083838,-0.0203862614568348,-0.0031994776750746,0,TRUE,FALSE
7,4,6,5,"beta2",-0.00656303534564348,0.00865292605454327,-0.023494263597507,-0.0065318963445493,0.0104522348169849,0,TRUE,TRUE
7,4,6,5,"lambda",5.68106442831398,0.85228645542757,4.31592208254451,5.6783185584524,7.55733270834682,3,TRUE,FALSE
7,4,6,5,"rho",1.15782862274852,0.0691273878921891,1.03664709227352,1.15342570276455,1.30877664185338,1,TRUE,FALSE
7,4,6,5,"nu",0.39679684460009,0.0305336824942212,0.344953923897238,0.396153753926982,0.462798153647159,0.5,TRUE,FALSE
7,4,6,5,"gamma",0.960105051089052,0.0211201856858013,0.91663961627149,0.959809869852559,0.996795889081922,0.9,TRUE,FALSE
7,4,6,5,"tau.alpha",4.37948,0.365843291220945,3.6,4.4,4.95,3,TRUE,FALSE
7,4,6,5,"tau.beta",15.288676340536,1.40596110660218,12.3300091501854,15.3577156777605,17.7499244233309,8,TRUE,FALSE
7,4,6,5,"phi.z1",0.89579172691414,0.0301693295468512,0.823419641746187,0.900446369401264,0.940844069563804,0.580645161290323,FALSE,NA
7,4,6,5,"phi.z2",NA,NA,NA,NA,NA,0.290322580645161,FALSE,NA
7,4,6,5,"phi.tau1",0.667964974526083,0.0529246349695717,0.555408362329204,0.67154812794543,0.761086346592415,0.580645161290323,FALSE,NA
7,4,6,5,"phi.tau2",NA,NA,NA,NA,NA,0.290322580645161,FALSE,NA
7,4,6,5,"phi.w1",0,0,0,0,0,NA,FALSE,NA
7,4,6,5,"phi.w2",NA,NA,NA,NA,NA,NA,FALSE,NA
7,4,7,1,"beta0",11.1825848842522,0.658719795349016,9.30342034360673,11.3103540868061,12.1157770418744,10,TRUE,TRUE
7,4,7,1,"beta1",0.00387053056896878,0.0178083011567291,-0.0310028287335518,0.00390186795649233,0.0388887396422413,0,TRUE,TRUE
7,4,7,1,"beta2",-0.0253863312719336,0.01773938484697,-0.0608863799091853,-0.0254128831171307,0.0093727706540415,0,TRUE,TRUE
7,4,7,1,"lambda",2.88557026739656,0.305055592358592,2.33062422063874,2.87658446423563,3.52526499634225,3,TRUE,TRUE
7,4,7,1,"rho",1.08720431155554,0.129780803841331,0.877682028920087,1.07205635712446,1.39274001866557,1,TRUE,TRUE
7,4,7,1,"nu",0.469798699208446,0.0694101090379316,0.345103011102251,0.468974491793756,0.602559056319664,0.5,TRUE,TRUE
7,4,7,1,"gamma",0.906145398875697,0.0354729091763891,0.846354014878596,0.902665272359098,0.981633628279765,0.9,TRUE,TRUE
7,4,7,1,"tau.alpha",3.165945,0.594378108200959,2.1,3.1,4.4,3,TRUE,TRUE
7,4,7,1,"tau.beta",12.7675616761582,2.58561714539856,8.15339652050088,12.6289344591667,18.1738784097088,8,TRUE,FALSE
7,4,7,1,"phi.z1",0.530233209233091,0.132896146881048,0.236233071434088,0.536758987812345,0.757347171363392,0.580645161290323,FALSE,NA
7,4,7,1,"phi.z2",NA,NA,NA,NA,NA,0.290322580645161,FALSE,NA
7,4,7,1,"phi.tau1",0.479579753931419,0.170931343442832,0.0889766517499417,0.501999656071222,0.748590064700688,0.580645161290323,FALSE,NA
7,4,7,1,"phi.tau2",NA,NA,NA,NA,NA,0.290322580645161,FALSE,NA
7,4,7,1,"phi.w1",0,0,0,0,0,NA,FALSE,NA
7,4,7,1,"phi.w2",NA,NA,NA,NA,NA,NA,FALSE,NA
7,4,7,2,"beta0",10.9174820479438,0.642655591455781,9.48272955561134,11.004222379521,11.9435498856198,10,TRUE,TRUE
7,4,7,2,"beta1",0.00584678531369951,0.0142029483401847,-0.0219004472590249,0.00576757776228906,0.0333304255514244,0,TRUE,TRUE
7,4,7,2,"beta2",-0.0123164402372365,0.0141742664036008,-0.0402007333668139,-0.0124042347713356,0.0153432043073554,0,TRUE,TRUE
7,4,7,2,"lambda",3.57472546177876,0.410397305531559,2.85303247196848,3.53947360394445,4.39042083444602,3,TRUE,TRUE
7,4,7,2,"rho",1.05765951375408,0.12000249039198,0.866326874443275,1.0431487722124,1.30824362427119,1,TRUE,TRUE
7,4,7,2,"nu",0.48293223268537,0.0718238951984153,0.355583054799514,0.476637626080384,0.616324942487958,0.5,TRUE,TRUE
7,4,7,2,"gamma",0.907517475481206,0.0348881398684127,0.850327226752507,0.905494884428525,0.984838943674761,0.9,TRUE,TRUE
7,4,7,2,"tau.alpha",3.493855,0.530812269207781,2.5,3.45,4.6,3,TRUE,TRUE
7,4,7,2,"tau.beta",14.9173657597156,2.45860847352973,10.370470064333,14.7837240692621,20.0063621284401,8,TRUE,FALSE
7,4,7,2,"phi.z1",0.73073467525141,0.0800241055243582,0.554396159682194,0.740353979613872,0.857205061956443,0.580645161290323,FALSE,NA
7,4,7,2,"phi.z2",NA,NA,NA,NA,NA,0.290322580645161,FALSE,NA
7,4,7,2,"phi.tau1",0.497226513315375,0.120873297767387,0.227640569078897,0.50846979163409,0.700974682611135,0.580645161290323,FALSE,NA
7,4,7,2,"phi.tau2",NA,NA,NA,NA,NA,0.290322580645161,FALSE,NA
7,4,7,2,"phi.w1",0,0,0,0,0,NA,FALSE,NA
7,4,7,2,"phi.w2",NA,NA,NA,NA,NA,NA,FALSE,NA
7,4,7,3,"beta0",10.7738161318228,0.721093440839014,8.9842539544509,10.8855976191082,11.8803832647717,10,TRUE,TRUE
7,4,7,3,"beta1",0.00959292694760838,0.013023957125632,-0.0159928249416087,0.0096996774523512,0.0356483639317657,0,TRUE,TRUE
7,4,7,3,"beta2",-0.00509450202892882,0.0126650249036768,-0.0296546683424865,-0.0051694236876753,0.0197215101754579,0,TRUE,TRUE
7,4,7,3,"lambda",3.47360003723352,0.602443220688989,2.61260962634336,3.31640737996123,4.79988122973534,3,TRUE,TRUE
7,4,7,3,"rho",1.06995733141154,0.072029989782348,0.943396652951705,1.0682810031591,1.22313044811911,1,TRUE,TRUE
7,4,7,3,"nu",0.447482061606373,0.0400846021241948,0.366261514620679,0.447228312279561,0.529009842782548,0.5,TRUE,TRUE
7,4,7,3,"gamma",0.9303053749789,0.0232581034662586,0.888943912901751,0.929058491743226,0.980782577310898,0.9,TRUE,TRUE
7,4,7,3,"tau.alpha",3.268475,0.416375745272374,2.5,3.25,4.15,3,TRUE,TRUE
7,4,7,3,"tau.beta",15.9795633957661,2.21489112699666,11.9799312803443,15.8556837370606,20.6420993673116,8,TRUE,FALSE
7,4,7,3,"phi.z1",0.774586091648795,0.0675257698378267,0.637625637906594,0.778746109128561,0.889582395895737,0.580645161290323,FALSE,NA
7,4,7,3,"phi.z2",NA,NA,NA,NA,NA,0.290322580645161,FALSE,NA
7,4,7,3,"phi.tau1",0.567705355801286,0.0849539764515365,0.384609091339541,0.574272908220925,0.717725176447758,0.580645161290323,FALSE,NA
7,4,7,3,"phi.tau2",NA,NA,NA,NA,NA,0.290322580645161,FALSE,NA
7,4,7,3,"phi.w1",0,0,0,0,0,NA,FALSE,NA
7,4,7,3,"phi.w2",NA,NA,NA,NA,NA,NA,FALSE,NA
7,4,7,4,"beta0",11.1343523463064,0.577080258004378,9.80082402657705,11.2052977296991,12.0710906543354,10,TRUE,TRUE
7,4,7,4,"beta1",0.0022470029395994,0.0120109028379275,-0.0217876407570019,0.00229710572843314,0.0262143754715794,0,TRUE,TRUE
7,4,7,4,"beta2",-0.00145625547710034,0.0121913596101876,-0.0253793204755296,-0.00151347620424421,0.0223521326270579,0,TRUE,TRUE
7,4,7,4,"lambda",2.86004016378947,0.249485887131122,2.39380753380975,2.83345217608392,3.39957986827667,3,TRUE,TRUE
7,4,7,4,"rho",1.11448473892961,0.0824798375693716,0.959176052843425,1.11206781905124,1.27657784068717,1,TRUE,TRUE
7,4,7,4,"nu",0.423479489004152,0.0430546982609322,0.355614519672834,0.418935771754171,0.516647876965591,0.5,TRUE,TRUE
7,4,7,4,"gamma",0.945338918402736,0.0255069519626672,0.896019355014616,0.946410407743674,0.993212433400395,0.9,TRUE,TRUE
7,4,7,4,"tau.alpha",2.93146,0.3356740027223,2.3,2.9,3.6,3,TRUE,TRUE
7,4,7,4,"tau.beta",16.1647669757764,2.03022187392222,12.4311017552171,16.0880405870092,20.3768155021642,8,TRUE,FALSE
7,4,7,4,"phi.z1",0.735295392712711,0.0577356612791456,0.609919496392377,0.739720909293976,0.83555045687166,0.580645161290323,FALSE,NA
7,4,7,4,"phi.z2",NA,NA,NA,NA,NA,0.290322580645161,FALSE,NA
7,4,7,4,"phi.tau1",0.636346271337233,0.0625071555898712,0.505560714706888,0.639020785484268,0.746787409978992,0.580645161290323,FALSE,NA
7,4,7,4,"phi.tau2",NA,NA,NA,NA,NA,0.290322580645161,FALSE,NA
7,4,7,4,"phi.w1",0,0,0,0,0,NA,FALSE,NA
7,4,7,4,"phi.w2",NA,NA,NA,NA,NA,NA,FALSE,NA
7,4,7,5,"beta0",10.6996710778553,0.901594211582882,8.33797668017761,10.8977024724228,11.9549869588136,10,TRUE,TRUE
7,4,7,5,"beta1",0.00278523257813815,0.0105488588237178,-0.0178819127643958,0.00287004682916644,0.0239242358887777,0,TRUE,TRUE
7,4,7,5,"beta2",-0.00775966252679914,0.0103153415874045,-0.0280807738502161,-0.00778460174363767,0.0125640151125834,0,TRUE,TRUE
7,4,7,5,"lambda",5.20873007929782,1.98727982156373,2.86377350040892,4.63032208992801,9.22358612249489,3,TRUE,TRUE
7,4,7,5,"rho",1.06158524298245,0.0669595472233656,0.941007590096778,1.06031900749547,1.19399935032814,1,TRUE,TRUE
7,4,7,5,"nu",0.435622092392375,0.0381911777333108,0.369012812593912,0.434288413538916,0.51229286508578,0.5,TRUE,TRUE
7,4,7,5,"gamma",0.935700870858304,0.0232071112863148,0.893688842610237,0.934661207442118,0.98347538129169,0.9,TRUE,TRUE
7,4,7,5,"tau.alpha",3.31908,0.352794416041409,2.65,3.3,4.05,3,TRUE,TRUE
7,4,7,5,"tau.beta",17.2686411567689,1.99209734355106,13.6115184180684,17.163120973288,21.4054937219711,8,TRUE,FALSE
7,4,7,5,"phi.z1",0.851273632896625,0.0721704735199721,0.708869610054139,0.862456709864766,0.949598019893071,0.580645161290323,FALSE,NA
7,4,7,5,"phi.z2",NA,NA,NA,NA,NA,0.290322580645161,FALSE,NA
7,4,7,5,"phi.tau1",0.638647558393922,0.057101829126221,0.511091296202777,0.643093687585785,0.738820888472383,0.580645161290323,FALSE,NA
7,4,7,5,"phi.tau2",NA,NA,NA,NA,NA,0.290322580645161,FALSE,NA
7,4,7,5,"phi.w1",0,0,0,0,0,NA,FALSE,NA
7,4,7,5,"phi.w2",NA,NA,NA,NA,NA,NA,FALSE,NA
7,4,8,1,"beta0",10.4395046134732,0.257495728502919,9.84661629172702,10.4615617486079,10.8814927171011,10,TRUE,TRUE
7,4,8,1,"beta1",0.0176231702531359,0.0147907963067097,-0.0106593099007535,0.0174941402542938,0.0469529352715293,0,TRUE,TRUE
7,4,8,1,"beta2",0.030580489962621,0.0145702640441893,0.00235109185072986,0.0307803635334112,0.0586006293163101,0,TRUE,FALSE
7,4,8,1,"lambda",1.15616281604262,0.197929478687817,0.84505223869903,1.12791094511787,1.65103064803889,3,TRUE,FALSE
7,4,8,1,"rho",1.08354498352597,0.133174991105017,0.858679968903233,1.07603995905173,1.3603782190962,1,TRUE,TRUE
7,4,8,1,"nu",0.497794994216527,0.0807027562782356,0.368830033935846,0.490359518918247,0.665561897098267,0.5,TRUE,TRUE
7,4,8,1,"gamma",0.903232592904782,0.0354155154501593,0.840071063309063,0.901421468505007,0.976550279443937,0.9,TRUE,TRUE
7,4,8,1,"tau.alpha",4.560365,0.382602215388936,3.6,4.65,5,3,TRUE,FALSE
7,4,8,1,"tau.beta",12.7231931106606,1.38085840822354,9.72749865129237,12.800487295121,15.2091654123011,8,TRUE,FALSE
7,4,8,1,"phi.z1",0.45622210930675,0.158558729744569,0.126075818383964,0.462339038170698,0.746186860833982,0.580645161290323,FALSE,NA
7,4,8,1,"phi.z2",NA,NA,NA,NA,NA,0.290322580645161,FALSE,NA
7,4,8,1,"phi.tau1",0.850718659500684,0.0551817178258338,0.7172591060276,0.860069313060761,0.928978201385641,0.580645161290323,FALSE,NA
7,4,8,1,"phi.tau2",NA,NA,NA,NA,NA,0.290322580645161,FALSE,NA
7,4,8,1,"phi.w1",0,0,0,0,0,NA,FALSE,NA
7,4,8,1,"phi.w2",NA,NA,NA,NA,NA,NA,FALSE,NA
7,4,8,2,"beta0",10.1825358205811,0.19772599091448,9.75983780290594,10.1948309352389,10.5448572027319,10,TRUE,TRUE
7,4,8,2,"beta1",0.00726429786311616,0.0120513428505196,-0.0162337583057409,0.00714492706232246,0.0310742598507506,0,TRUE,TRUE
7,4,8,2,"beta2",0.0256133783152066,0.0117442906804397,0.0024823784388275,0.0256025491442993,0.0487527866787592,0,TRUE,FALSE
7,4,8,2,"lambda",1.22518389800304,0.157342109572212,0.946119085097185,1.20870543306062,1.56405383665939,3,TRUE,FALSE
7,4,8,2,"rho",0.953414189455256,0.0948691498616414,0.775600253676702,0.953219855644324,1.14506691453794,1,TRUE,TRUE
7,4,8,2,"nu",0.57205820025046,0.0840410712047382,0.429032832978443,0.560620672381396,0.759781301629879,0.5,TRUE,TRUE
7,4,8,2,"gamma",0.863887796963208,0.0282304839381917,0.810328756111255,0.862758283069269,0.922021215576359,0.9,TRUE,TRUE
7,4,8,2,"tau.alpha",4.540885,0.388599109239548,3.55,4.65,5,3,TRUE,FALSE
7,4,8,2,"tau.beta",14.2855431675742,1.46414067692366,10.9895598730973,14.4502674245302,16.7471183040991,8,TRUE,FALSE
7,4,8,2,"phi.z1",0.523941531767467,0.106644465194596,0.305024923900028,0.53172568414023,0.709749648663583,0.580645161290323,FALSE,NA
7,4,8,2,"phi.z2",NA,NA,NA,NA,NA,0.290322580645161,FALSE,NA
7,4,8,2,"phi.tau1",0.794120071359196,0.0535845400572194,0.672332673937032,0.801619507898928,0.879865245315206,0.580645161290323,FALSE,NA
7,4,8,2,"phi.tau2",NA,NA,NA,NA,NA,0.290322580645161,FALSE,NA
7,4,8,2,"phi.w1",0,0,0,0,0,NA,FALSE,NA
7,4,8,2,"phi.w2",NA,NA,NA,NA,NA,NA,FALSE,NA
7,4,8,3,"beta0",10.3025903983184,0.174594455412914,9.92770999883154,10.3164908586965,10.6080073966392,10,TRUE,TRUE
7,4,8,3,"beta1",0.00470081887931772,0.0103370681082503,-0.0153560604608073,0.00461973534528309,0.0249162482077525,0,TRUE,TRUE
7,4,8,3,"beta2",0.0215647526585303,0.0101970978608752,0.00150236386636036,0.0215556485384148,0.041662010365436,0,TRUE,FALSE
7,4,8,3,"lambda",1.40184369417092,0.170432400029337,1.10257028295997,1.39281834646575,1.75988763532533,3,TRUE,FALSE
7,4,8,3,"rho",0.883138385996685,0.0714038481733236,0.742867830278533,0.887513716644702,1.01256308242596,1,TRUE,TRUE
7,4,8,3,"nu",0.615367214824499,0.073452975805229,0.504097119720036,0.599708314959049,0.780898693081815,0.5,TRUE,FALSE
7,4,8,3,"gamma",0.855638348980528,0.0206496280717724,0.812661251890164,0.85705472656696,0.894483285647852,0.9,TRUE,FALSE
7,4,8,3,"tau.alpha",4.673405,0.286204729677427,3.95,4.75,5,3,TRUE,FALSE
7,4,8,3,"tau.beta",15.6629178198012,1.20300088587706,13.0582861039443,15.75194213891,17.7929544550495,8,TRUE,FALSE
7,4,8,3,"phi.z1",0.550576138172173,0.0877219643872186,0.375120062889341,0.552908371294164,0.711925034658872,0.580645161290323,FALSE,NA
7,4,8,3,"phi.z2",NA,NA,NA,NA,NA,0.290322580645161,FALSE,NA
7,4,8,3,"phi.tau1",0.740051972207564,0.0556212602605636,0.616978310017172,0.745085448028854,0.829724799083876,0.580645161290323,FALSE,NA
7,4,8,3,"phi.tau2",NA,NA,NA,NA,NA,0.290322580645161,FALSE,NA
7,4,8,3,"phi.w1",0,0,0,0,0,NA,FALSE,NA
7,4,8,3,"phi.w2",NA,NA,NA,NA,NA,NA,FALSE,NA
7,4,8,4,"beta0",10.3643965332826,0.161605767238611,10.0286596251571,10.3690416286979,10.6688572029294,10,TRUE,FALSE
7,4,8,4,"beta1",0.00449997406093219,0.00966077496879327,-0.0144534004431871,0.00451618402276515,0.0234315370201892,0,TRUE,TRUE
7,4,8,4,"beta2",0.0145685515101215,0.00951057802001284,-0.00422261278709268,0.0146855498301285,0.0333299300855455,0,TRUE,TRUE
7,4,8,4,"lambda",1.55247392353894,0.156816001088742,1.2978348092906,1.53696488835915,1.9432776221387,3,TRUE,FALSE
7,4,8,4,"rho",0.925809560470101,0.0633213715173365,0.811279165431794,0.920930908676626,1.07256896289829,1,TRUE,TRUE
7,4,8,4,"nu",0.582225479262749,0.0539400677076833,0.476988156712068,0.581568014487175,0.689218786559616,0.5,TRUE,TRUE
7,4,8,4,"gamma",0.859959012905879,0.0182958053164351,0.826000503086917,0.859207758255585,0.899419184448449,0.9,TRUE,FALSE
7,4,8,4,"tau.alpha",4.0884,0.428120624038217,3.25,4.1,4.9,3,TRUE,FALSE
7,4,8,4,"tau.beta",15.2119350055234,1.72395678393078,11.9541916583964,15.1989306895605,18.5717154741997,8,TRUE,FALSE
7,4,8,4,"phi.z1",0.527863672399254,0.0800993327891878,0.358832980982527,0.530244626851109,0.675129447925254,0.580645161290323,FALSE,NA
7,4,8,4,"phi.z2",NA,NA,NA,NA,NA,0.290322580645161,FALSE,NA
7,4,8,4,"phi.tau1",0.73973611321461,0.047047541449676,0.637455674107812,0.743799845434034,0.820851423324055,0.580645161290323,FALSE,NA
7,4,8,4,"phi.tau2",NA,NA,NA,NA,NA,0.290322580645161,FALSE,NA
7,4,8,4,"phi.w1",0,0,0,0,0,NA,FALSE,NA
7,4,8,4,"phi.w2",NA,NA,NA,NA,NA,NA,FALSE,NA
7,4,8,5,"beta0",10.4510058955528,0.14792168948408,10.1432834117623,10.4567524552915,10.7254889246363,10,TRUE,FALSE
7,4,8,5,"beta1",0.00047336181885228,0.00867975904456749,-0.0166205306870132,0.000604893717144092,0.0172208366781776,0,TRUE,TRUE
7,4,8,5,"beta2",0.0131781815479669,0.00845835723273037,-0.00344033862909997,0.0131253237005461,0.0300183122512891,0,TRUE,TRUE
7,4,8,5,"lambda",1.59520151599805,0.13639376461828,1.36172022629214,1.58503723778797,1.89607180835181,3,TRUE,FALSE
7,4,8,5,"rho",0.942319115411936,0.0593388705546519,0.831381548801026,0.939734239559243,1.06291558095852,1,TRUE,TRUE
7,4,8,5,"nu",0.557554647089098,0.0494293046167302,0.461185604595079,0.554918437377095,0.660173788568167,0.5,TRUE,TRUE
7,4,8,5,"gamma",0.866350292480421,0.018046099304222,0.83332283329453,0.865197142003851,0.90535348376102,0.9,TRUE,TRUE
7,4,8,5,"tau.alpha",4.129515,0.409461085590635,3.35,4.15,4.9,3,TRUE,FALSE
7,4,8,5,"tau.beta",14.9519699889137,1.6057671327639,11.820715871766,14.9620841055879,18.0042160184834,8,TRUE,FALSE
7,4,8,5,"phi.z1",0.500690819734424,0.072577032283706,0.34521797941061,0.502771933116035,0.63528780891249,0.580645161290323,FALSE,NA
7,4,8,5,"phi.z2",NA,NA,NA,NA,NA,0.290322580645161,FALSE,NA
7,4,8,5,"phi.tau1",0.744731792775992,0.0425935361444281,0.655433393586481,0.748197826706232,0.818828082911272,0.580645161290323,FALSE,NA
7,4,8,5,"phi.tau2",NA,NA,NA,NA,NA,0.290322580645161,FALSE,NA
7,4,8,5,"phi.w1",0,0,0,0,0,NA,FALSE,NA
7,4,8,5,"phi.w2",NA,NA,NA,NA,NA,NA,FALSE,NA
7,4,9,1,"beta0",10.4494558219966,0.157883597538982,10.1284490371934,10.4523662281984,10.749372052294,10,TRUE,FALSE
7,4,9,1,"beta1",0.0213678775547925,0.0132704009047704,-0.00447876231396522,0.0215313402784619,0.0472262214237452,0,TRUE,TRUE
7,4,9,1,"beta2",0.000482272062973495,0.0131439063621172,-0.0252929842464709,0.000617834889441321,0.0262209399150888,0,TRUE,TRUE
7,4,9,1,"lambda",0.918876824464665,0.131814373417762,0.696564863098633,0.905492336166801,1.21497477887406,3,TRUE,FALSE
7,4,9,1,"rho",1.10504630040191,0.124413401525331,0.850159046483202,1.0989326137063,1.35803322872828,1,TRUE,TRUE
7,4,9,1,"nu",0.466676843420219,0.0703017316864476,0.355763103116059,0.457614163402294,0.647429217461555,0.5,TRUE,TRUE
7,4,9,1,"gamma",0.919666717569881,0.032810049486184,0.853619647430203,0.919447331349932,0.98405722254394,0.9,TRUE,TRUE
7,4,9,1,"tau.alpha",4.418575,0.450520272825344,3.35,4.5,5,3,TRUE,FALSE
7,4,9,1,"tau.beta",9.93201091048518,1.23537455695748,7.28846157232723,10.0173030329285,12.1335050020148,8,TRUE,TRUE
7,4,9,1,"phi.z1",0.161337543425405,0.16767337715,-0.169885995033862,0.165182073048148,0.476186184843179,0.580645161290323,FALSE,NA
7,4,9,1,"phi.z2",NA,NA,NA,NA,NA,0.290322580645161,FALSE,NA
7,4,9,1,"phi.tau1",0.654720684439615,0.135088015353367,0.318624388572379,0.680852976635025,0.839181337071225,0.580645161290323,FALSE,NA
7,4,9,1,"phi.tau2",NA,NA,NA,NA,NA,0.290322580645161,FALSE,NA
7,4,9,1,"phi.w1",0,0,0,0,0,NA,FALSE,NA
7,4,9,1,"phi.w2",NA,NA,NA,NA,NA,NA,FALSE,NA
7,4,9,2,"beta0",10.4754215479443,0.14647461533141,10.1590603044722,10.4821863623544,10.7389672643383,10,TRUE,FALSE
7,4,9,2,"beta1",0.0198060834826766,0.0101691669794909,-0.000835942819670703,0.0198268748530791,0.0396741346212528,0,TRUE,TRUE
7,4,9,2,"beta2",-0.000468804024721855,0.0102176464361179,-0.0204038306956684,-0.000464675864466297,0.0195613066689639,0,TRUE,TRUE
7,4,9,2,"lambda",1.53074262479528,0.201483144163691,1.18110076465852,1.5101704596675,1.95650865293823,3,TRUE,FALSE
7,4,9,2,"rho",1.01320800255961,0.0879273839934977,0.862655090901709,1.00753862800086,1.22652908039179,1,TRUE,TRUE
7,4,9,2,"nu",0.522886469123806,0.0585868783532057,0.396731362442512,0.521873703082909,0.639903741269796,0.5,TRUE,TRUE
7,4,9,2,"gamma",0.891351200499578,0.0253711265173705,0.846749063165328,0.889660987026028,0.953543135702418,0.9,TRUE,TRUE
7,4,9,2,"tau.alpha",4.66448,0.306104883365101,3.9,4.75,5,3,TRUE,FALSE
7,4,9,2,"tau.beta",10.6573119084161,0.930200480714822,8.58598029061445,10.7315169814199,12.3027465106997,8,TRUE,FALSE
7,4,9,2,"phi.z1",0.48610109624208,0.104390049373445,0.258584953375303,0.494836641483452,0.666246054756766,0.580645161290323,FALSE,NA
7,4,9,2,"phi.z2",NA,NA,NA,NA,NA,0.290322580645161,FALSE,NA
7,4,9,2,"phi.tau1",0.615409206816008,0.109058728313905,0.350582158924434,0.632300776687963,0.779216136882173,0.580645161290323,FALSE,NA
7,4,9,2,"phi.tau2",NA,NA,NA,NA,NA,0.290322580645161,FALSE,NA
7,4,9,2,"phi.w1",0,0,0,0,0,NA,FALSE,NA
7,4,9,2,"phi.w2",NA,NA,NA,NA,NA,NA,FALSE,NA
7,4,9,3,"beta0",10.4713686727613,0.125109194395312,10.2141795067147,10.4752149837193,10.7128193477836,10,TRUE,FALSE
7,4,9,3,"beta1",0.0164006288420835,0.00888226601665601,-0.000993231609455512,0.0165189647600371,0.0338431469574023,0,TRUE,TRUE
7,4,9,3,"beta2",0.00690424378196867,0.00898134298955788,-0.0107172455381956,0.00691284920410831,0.024652126163593,0,TRUE,TRUE
7,4,9,3,"lambda",1.5546848393366,0.162730038546339,1.30641332261058,1.53308281960683,1.93069741688474,3,TRUE,FALSE
7,4,9,3,"rho",0.975547163121772,0.0670563637999143,0.849901779767079,0.976930974466099,1.11772167931457,1,TRUE,TRUE
7,4,9,3,"nu",0.554851743546902,0.0504501779242489,0.462245556469904,0.552266207579142,0.66325699926947,0.5,TRUE,TRUE
7,4,9,3,"gamma",0.880387236117862,0.0186069295799414,0.844461142325463,0.879670969104925,0.919703163534977,0.9,TRUE,TRUE
7,4,9,3,"tau.alpha",4.787125,0.212035327889074,4.2,4.85,5,3,TRUE,FALSE
7,4,9,3,"tau.beta",11.6438904120838,0.747435242464735,10.0513789961676,11.6996960314015,12.9908425729959,8,TRUE,FALSE
7,4,9,3,"phi.z1",0.404883688847194,0.0977847991206705,0.208963432658461,0.404180197340719,0.585927864958551,0.580645161290323,FALSE,NA
7,4,9,3,"phi.z2",NA,NA,NA,NA,NA,0.290322580645161,FALSE,NA
7,4,9,3,"phi.tau1",0.650017325521615,0.0813314047602965,0.458795847573244,0.658968469032219,0.779979717388797,0.580645161290323,FALSE,NA
7,4,9,3,"phi.tau2",NA,NA,NA,NA,NA,0.290322580645161,FALSE,NA
7,4,9,3,"phi.w1",0,0,0,0,0,NA,FALSE,NA
7,4,9,3,"phi.w2",NA,NA,NA,NA,NA,NA,FALSE,NA
7,4,9,4,"beta0",10.5120769656502,0.126881722912565,10.2398675602485,10.5205343800052,10.7394247415947,10,TRUE,FALSE
7,4,9,4,"beta1",0.0136253074647287,0.00806525390799545,-0.00250740041357903,0.0135408671095905,0.0296190200514052,0,TRUE,TRUE
7,4,9,4,"beta2",0.00985012360122544,0.00797884486640659,-0.00591650152622783,0.00983269405397742,0.0255516973938563,0,TRUE,TRUE
7,4,9,4,"lambda",1.69488506691957,0.170893348988628,1.42217296202494,1.67359856869282,2.0983511932127,3,TRUE,FALSE
7,4,9,4,"rho",1.03395845150481,0.0819063982172216,0.890260851807736,1.03101853006706,1.196884628603,1,TRUE,TRUE
7,4,9,4,"nu",0.511644327015142,0.0548815097478401,0.416733571438712,0.505622973563583,0.623376259706641,0.5,TRUE,TRUE
7,4,9,4,"gamma",0.897170720653996,0.0226882874212167,0.85574967344355,0.896596603112702,0.941863199041907,0.9,TRUE,TRUE
7,4,9,4,"tau.alpha",4.824645,0.183012904865572,4.35,4.9,5,3,TRUE,FALSE
7,4,9,4,"tau.beta",11.8372628213908,0.665047174504942,10.394865959392,11.8766962828736,13.0589607964326,8,TRUE,FALSE
7,4,9,4,"phi.z1",0.484174496020288,0.0785927687623242,0.331951659383576,0.483725391338558,0.633371088948967,0.580645161290323,FALSE,NA
7,4,9,4,"phi.z2",NA,NA,NA,NA,NA,0.290322580645161,FALSE,NA
7,4,9,4,"phi.tau1",0.593081027772138,0.0778258311875046,0.417007626590562,0.601174339789844,0.723444611407012,0.580645161290323,FALSE,NA
7,4,9,4,"phi.tau2",NA,NA,NA,NA,NA,0.290322580645161,FALSE,NA
7,4,9,4,"phi.w1",0,0,0,0,0,NA,FALSE,NA
7,4,9,4,"phi.w2",NA,NA,NA,NA,NA,NA,FALSE,NA
7,4,9,5,"beta0",10.5955522896986,0.115395336141827,10.3553112543988,10.6012153583798,10.8071911965129,10,TRUE,FALSE
7,4,9,5,"beta1",0.0104111534379317,0.00741089659901511,-0.00410753307937434,0.0103717114697071,0.0250785991940102,0,TRUE,TRUE
7,4,9,5,"beta2",0.00748682648393911,0.00724381756146162,-0.00669208732911156,0.00749252691964698,0.0217240129683544,0,TRUE,TRUE
7,4,9,5,"lambda",1.83765884070758,0.181469700218193,1.55453479568289,1.81342940017172,2.27705829517168,3,TRUE,FALSE
7,4,9,5,"rho",1.04755703750335,0.0604082834864239,0.93578035688739,1.04558500744497,1.17052102618479,1,TRUE,TRUE
7,4,9,5,"nu",0.487252569555088,0.0372652203786307,0.423903246176993,0.484957090328527,0.567321245844761,0.5,TRUE,TRUE
7,4,9,5,"gamma",0.906240419650959,0.0176147222669059,0.871844019232517,0.906542358162024,0.940531533759734,0.9,TRUE,TRUE
7,4,9,5,"tau.alpha",4.865415,0.147084299482016,4.45,4.9,5,3,TRUE,FALSE
7,4,9,5,"tau.beta",12.1914390845191,0.591227688992932,10.9254512520833,12.2207547003856,13.2851040157131,8,TRUE,FALSE
7,4,9,5,"phi.z1",0.539453447078755,0.0688048585270978,0.401467660368342,0.538764053481983,0.673252307798012,0.580645161290323,FALSE,NA
7,4,9,5,"phi.z2",NA,NA,NA,NA,NA,0.290322580645161,FALSE,NA
7,4,9,5,"phi.tau1",0.607881039740448,0.0662411699376521,0.464947668494549,0.614541057381676,0.720321661911029,0.580645161290323,FALSE,NA
7,4,9,5,"phi.tau2",NA,NA,NA,NA,NA,0.290322580645161,FALSE,NA
7,4,9,5,"phi.w1",0,0,0,0,0,NA,FALSE,NA
7,4,9,5,"phi.w2",NA,NA,NA,NA,NA,NA,FALSE,NA
