"calibration_type","bin_id","bin_left","bin_right","bin_mid","expected_share","observed_share_mean","observed_share_se","share_gap","count_total","count_mean_per_fold","summary_draws_used","n_obs_total","bin_direction","setting","method","knots","thresh","CMAQ","TS","ar2","is_baseline","is_proposed","mrts","is_ar2","is_mrts","model_lane"
"pit_histogram",1,0,0.1,0.05,0.1,0.0763846805044605,0.00961798883154222,-0.0236153194955395,1832,916,400,23985,"closer_to_expected_share_better",1,"gaussian",1,0,"yes","no","",TRUE,FALSE,NA,FALSE,FALSE,"gaussian_reference"
"pit_histogram",2,0.1,0.2,0.15,0.1,0.0837225072033774,0.00937058588971567,-0.0162774927966226,2008,1004,400,23985,"closer_to_expected_share_better",1,"gaussian",1,0,"yes","no","",TRUE,FALSE,NA,FALSE,FALSE,"gaussian_reference"
"pit_histogram",3,0.2,0.3,0.25,0.1,0.0985635860917181,0.00529026776213573,-0.00143641390828191,2364,1182,400,23985,"closer_to_expected_share_better",1,"gaussian",1,0,"yes","no","",TRUE,FALSE,NA,FALSE,FALSE,"gaussian_reference"
"pit_histogram",4,0.3,0.4,0.35,0.1,0.119784763508194,0.00417252711576292,0.0197847635081944,2873,1436.5,400,23985,"closer_to_expected_share_better",1,"gaussian",1,0,"yes","no","",TRUE,FALSE,NA,FALSE,FALSE,"gaussian_reference"
"pit_histogram",5,0.4,0.5,0.45,0.1,0.126370650470425,5.72590595096511e-06,0.0263706504704254,3031,1515.5,400,23985,"closer_to_expected_share_better",1,"gaussian",1,0,"yes","no","",TRUE,FALSE,NA,FALSE,FALSE,"gaussian_reference"
"pit_histogram",6,0.5,0.6,0.55,0.1,0.125869555476957,0.00207909835316686,0.0258695554769572,3019,1509.5,400,23985,"closer_to_expected_share_better",1,"gaussian",1,0,"yes","no","",TRUE,FALSE,NA,FALSE,FALSE,"gaussian_reference"
"pit_histogram",7,0.6,0.7,0.65,0.1,0.116320903298898,0.00479270843736961,0.0163209032988978,2790,1395,400,23985,"closer_to_expected_share_better",1,"gaussian",1,0,"yes","no","",TRUE,FALSE,NA,FALSE,FALSE,"gaussian_reference"
"pit_histogram",8,0.7,0.8,0.75,0.1,0.0973498817647355,0.00700954142439514,-0.0026501182352645,2335,1167.5,400,23985,"closer_to_expected_share_better",1,"gaussian",1,0,"yes","no","",TRUE,FALSE,NA,FALSE,FALSE,"gaussian_reference"
"pit_histogram",9,0.8,0.9,0.85,0.1,0.0789215071535652,0.00751676908216043,-0.0210784928464348,1893,946.5,400,23985,"closer_to_expected_share_better",1,"gaussian",1,0,"yes","no","",TRUE,FALSE,NA,FALSE,FALSE,"gaussian_reference"
"pit_histogram",10,0.9,1,0.95,0.1,0.0767119645276685,0.00705897820801547,-0.0232880354723315,1840,920,400,23985,"closer_to_expected_share_better",1,"gaussian",1,0,"yes","no","",TRUE,FALSE,NA,FALSE,FALSE,"gaussian_reference"
"pit_histogram",1,0,0.1,0.05,0.1,0.917238756636106,0.00315800922202525,0.817238756636106,22000,11000,400,23985,"closer_to_expected_share_better",2,"max-stable",1,75,"yes","no","",TRUE,FALSE,NA,FALSE,FALSE,"morris_baseline"
"pit_histogram",2,0.1,0.2,0.15,0.1,0.000833823320695039,8.30725699442879e-05,-0.099166176679305,20,10,400,23985,"closer_to_expected_share_better",2,"max-stable",1,75,"yes","no","",TRUE,FALSE,NA,FALSE,FALSE,"morris_baseline"
"pit_histogram",3,0.2,0.3,0.25,0.1,0.0016260634227626,0.000125688328989154,-0.0983739365772374,39,19.5,400,23985,"closer_to_expected_share_better",2,"max-stable",1,75,"yes","no","",TRUE,FALSE,NA,FALSE,FALSE,"morris_baseline"
"pit_histogram",4,0.3,0.4,0.35,0.1,0.00296001177471545,0.000457509272212948,-0.0970399882252845,71,35.5,400,23985,"closer_to_expected_share_better",2,"max-stable",1,75,"yes","no","",TRUE,FALSE,NA,FALSE,FALSE,"morris_baseline"
"pit_histogram",5,0.4,0.5,0.45,0.1,0.00296035595485458,0.000459730798565507,-0.0970396440451454,71,35.5,400,23985,"closer_to_expected_share_better",2,"max-stable",1,75,"yes","no","",TRUE,FALSE,NA,FALSE,FALSE,"morris_baseline"
"pit_histogram",6,0.5,0.6,0.55,0.1,0.00537822143223494,0.000373216427229931,-0.0946217785677652,129,64.5,400,23985,"closer_to_expected_share_better",2,"max-stable",1,75,"yes","no","",TRUE,FALSE,NA,FALSE,FALSE,"morris_baseline"
"pit_histogram",7,0.6,0.7,0.65,0.1,0.00625400344080014,0.000252503065706366,-0.0937459965591998,150,75,400,23985,"closer_to_expected_share_better",2,"max-stable",1,75,"yes","no","",TRUE,FALSE,NA,FALSE,FALSE,"morris_baseline"
"pit_histogram",8,0.7,0.8,0.75,0.1,0.0105900787008564,0.000337515560071199,-0.0894099212991436,254,127,400,23985,"closer_to_expected_share_better",2,"max-stable",1,75,"yes","no","",TRUE,FALSE,NA,FALSE,FALSE,"morris_baseline"
"pit_histogram",9,0.8,0.9,0.85,0.1,0.0168860721186303,0.00138219614963801,-0.0831139278813697,405,202.5,400,23985,"closer_to_expected_share_better",2,"max-stable",1,75,"yes","no","",TRUE,FALSE,NA,FALSE,FALSE,"morris_baseline"
"pit_histogram",10,0.9,1,0.95,0.1,0.0352726131983446,0.00151417358844215,-0.0647273868016554,846,423,400,23985,"closer_to_expected_share_better",2,"max-stable",1,75,"yes","no","",TRUE,FALSE,NA,FALSE,FALSE,"morris_baseline"
"pit_histogram",1,0,0.1,0.05,0.1,0.0799288911316918,0.0104948659587319,-0.0200711088683082,1917,958.5,400,23985,"closer_to_expected_share_better",3,"skew-t",1,0,"yes","no","",TRUE,FALSE,NA,FALSE,FALSE,"morris_baseline"
"pit_histogram",2,0.1,0.2,0.15,0.1,0.0804697858648846,0.00753488547312003,-0.0195302141351154,1930,965,400,23985,"closer_to_expected_share_better",3,"skew-t",1,0,"yes","no","",TRUE,FALSE,NA,FALSE,FALSE,"morris_baseline"
"pit_histogram",3,0.2,0.3,0.25,0.1,0.100815963500385,0.00787606185830742,0.00081596350038457,2418,1209,400,23985,"closer_to_expected_share_better",3,"skew-t",1,0,"yes","no","",TRUE,FALSE,NA,FALSE,FALSE,"morris_baseline"
"pit_histogram",4,0.3,0.4,0.35,0.1,0.117491209639247,0.00296257748120714,0.0174912096392467,2818,1409,400,23985,"closer_to_expected_share_better",3,"skew-t",1,0,"yes","no","",TRUE,FALSE,NA,FALSE,FALSE,"morris_baseline"
"pit_histogram",5,0.4,0.5,0.45,0.1,0.125369680758528,0.000911889634070184,0.025369680758528,3007,1503.5,400,23985,"closer_to_expected_share_better",3,"skew-t",1,0,"yes","no","",TRUE,FALSE,NA,FALSE,FALSE,"morris_baseline"
"pit_histogram",6,0.5,0.6,0.55,0.1,0.123034199490814,0.00274724587052669,0.0230341994908136,2951,1475.5,400,23985,"closer_to_expected_share_better",3,"skew-t",1,0,"yes","no","",TRUE,FALSE,NA,FALSE,FALSE,"morris_baseline"
"pit_histogram",7,0.6,0.7,0.65,0.1,0.11448720538493,0.00270876027315137,0.0144872053849298,2746,1373,400,23985,"closer_to_expected_share_better",3,"skew-t",1,0,"yes","no","",TRUE,FALSE,NA,FALSE,FALSE,"morris_baseline"
"pit_histogram",8,0.7,0.8,0.75,0.1,0.0997672153273554,0.00926004148684819,-0.00023278467264462,2393,1196.5,400,23985,"closer_to_expected_share_better",3,"skew-t",1,0,"yes","no","",TRUE,FALSE,NA,FALSE,FALSE,"morris_baseline"
"pit_histogram",9,0.8,0.9,0.85,0.1,0.0812993851565995,0.0038052243291053,-0.0187006148434005,1950,975,400,23985,"closer_to_expected_share_better",3,"skew-t",1,0,"yes","no","",TRUE,FALSE,NA,FALSE,FALSE,"morris_baseline"
"pit_histogram",10,0.9,1,0.95,0.1,0.077336463745566,0.00943522917766479,-0.022663536254434,1855,927.5,400,23985,"closer_to_expected_share_better",3,"skew-t",1,0,"yes","no","",TRUE,FALSE,NA,FALSE,FALSE,"morris_baseline"
"pit_histogram",1,0,0.1,0.05,0.1,0.0678385312043727,0.0119078818753737,-0.0321614687956273,1627,813.5,400,23985,"closer_to_expected_share_better",4,"skew-t",1,50,"yes","no","",TRUE,FALSE,NA,FALSE,FALSE,"morris_baseline"
"pit_histogram",2,0.1,0.2,0.15,0.1,0.0753833666124239,0.00778313322074262,-0.0246166333875761,1808,904,400,23985,"closer_to_expected_share_better",4,"skew-t",1,50,"yes","no","",TRUE,FALSE,NA,FALSE,FALSE,"morris_baseline"
"pit_histogram",3,0.2,0.3,0.25,0.1,0.0814710997569212,0.00936974108391963,-0.0185289002430788,1954,977,400,23985,"closer_to_expected_share_better",4,"skew-t",1,50,"yes","no","",TRUE,FALSE,NA,FALSE,FALSE,"morris_baseline"
"pit_histogram",4,0.3,0.4,0.35,0.1,0.0983544810126456,0.00358078758928972,-0.00164551898735442,2359,1179.5,400,23985,"closer_to_expected_share_better",4,"skew-t",1,50,"yes","no","",TRUE,FALSE,NA,FALSE,FALSE,"morris_baseline"
"pit_histogram",5,0.4,0.5,0.45,0.1,0.113029539917512,0.00150165794701929,0.0130295399175119,2711,1355.5,400,23985,"closer_to_expected_share_better",4,"skew-t",1,50,"yes","no","",TRUE,FALSE,NA,FALSE,FALSE,"morris_baseline"
"pit_histogram",6,0.5,0.6,0.55,0.1,0.122077754173278,0.00388153845268124,0.022077754173278,2928,1464,400,23985,"closer_to_expected_share_better",4,"skew-t",1,50,"yes","no","",TRUE,FALSE,NA,FALSE,FALSE,"morris_baseline"
"pit_histogram",7,0.6,0.7,0.65,0.1,0.12570165814727,0.00508103752664893,0.0257016581472696,3015,1507.5,400,23985,"closer_to_expected_share_better",4,"skew-t",1,50,"yes","no","",TRUE,FALSE,NA,FALSE,FALSE,"morris_baseline"
"pit_histogram",8,0.7,0.8,0.75,0.1,0.122406759097182,0.00820922823298418,0.0224067590971817,2936,1468,400,23985,"closer_to_expected_share_better",4,"skew-t",1,50,"yes","no","",TRUE,FALSE,NA,FALSE,FALSE,"morris_baseline"
"pit_histogram",9,0.8,0.9,0.85,0.1,0.105269936102644,0.0111758420085502,0.00526993610264431,2525,1262.5,400,23985,"closer_to_expected_share_better",4,"skew-t",1,50,"yes","no","",TRUE,FALSE,NA,FALSE,FALSE,"morris_baseline"
"pit_histogram",10,0.9,1,0.95,0.1,0.0884668739757512,0.0135586324008429,-0.0115331260242488,2122,1061,400,23985,"closer_to_expected_share_better",4,"skew-t",1,50,"yes","no","",TRUE,FALSE,NA,FALSE,FALSE,"morris_baseline"
"pit_histogram",1,0,0.1,0.05,0.1,0.0440695446634431,0.000892083631518489,-0.0559304553365569,1057,528.5,400,23985,"closer_to_expected_share_better",5,"t",1,75,"yes","no","",TRUE,FALSE,NA,FALSE,FALSE,"morris_baseline"
"pit_histogram",2,0.1,0.2,0.15,0.1,0.0560353113803977,0.000771495426409155,-0.0439646886196024,1344,672,400,23985,"closer_to_expected_share_better",5,"t",1,75,"yes","no","",TRUE,FALSE,NA,FALSE,FALSE,"morris_baseline"
"pit_histogram",3,0.2,0.3,0.25,0.1,0.0697119662798583,0.00461235804446607,-0.0302880337201418,1672,836,400,23985,"closer_to_expected_share_better",5,"t",1,75,"yes","no","",TRUE,FALSE,NA,FALSE,FALSE,"morris_baseline"
"pit_histogram",4,0.3,0.4,0.35,0.1,0.0838844908924929,0.00338732706199573,-0.0161155091075071,2012,1006,400,23985,"closer_to_expected_share_better",5,"t",1,75,"yes","no","",TRUE,FALSE,NA,FALSE,FALSE,"morris_baseline"
"pit_histogram",5,0.4,0.5,0.45,0.1,0.100229105074066,0.000546088724383297,0.000229105074066344,2404,1202,400,23985,"closer_to_expected_share_better",5,"t",1,75,"yes","no","",TRUE,FALSE,NA,FALSE,FALSE,"morris_baseline"
"pit_histogram",6,0.5,0.6,0.55,0.1,0.115487330291031,0.00404255217958644,0.0154873302910311,2770,1385,400,23985,"closer_to_expected_share_better",5,"t",1,75,"yes","no","",TRUE,FALSE,NA,FALSE,FALSE,"morris_baseline"
"pit_histogram",7,0.6,0.7,0.65,0.1,0.129372308041975,0.000576845913179996,0.0293723080419755,3103,1551.5,400,23985,"closer_to_expected_share_better",5,"t",1,75,"yes","no","",TRUE,FALSE,NA,FALSE,FALSE,"morris_baseline"
"pit_histogram",8,0.7,0.8,0.75,0.1,0.14367255477533,0.00153041263318833,0.0436725547753305,3446,1723,400,23985,"closer_to_expected_share_better",5,"t",1,75,"yes","no","",TRUE,FALSE,NA,FALSE,FALSE,"morris_baseline"
"pit_histogram",9,0.8,0.9,0.85,0.1,0.139503500750062,0.000948278861507168,0.0395035007500624,3346,1673,400,23985,"closer_to_expected_share_better",5,"t",1,75,"yes","no","",TRUE,FALSE,NA,FALSE,FALSE,"morris_baseline"
"pit_histogram",10,0.9,1,0.95,0.1,0.118033887851342,0.00475556827144724,0.0180338878513422,2831,1415.5,400,23985,"closer_to_expected_share_better",5,"t",1,75,"yes","no","",TRUE,FALSE,NA,FALSE,FALSE,"morris_baseline"
"pit_histogram",1,0,0.1,0.05,0.1,0.0332659178308091,0.0129956475605388,-0.066734082169191,798,399,400,23985,"closer_to_expected_share_better",6,"skew-t",1,85,"yes","no","",FALSE,FALSE,NA,FALSE,FALSE,"other_numeric"
"pit_histogram",2,0.1,0.2,0.15,0.1,0.0477768340984145,0.00807046105870812,-0.0522231659015855,1146,573,400,23985,"closer_to_expected_share_better",6,"skew-t",1,85,"yes","no","",FALSE,FALSE,NA,FALSE,FALSE,"other_numeric"
"pit_histogram",3,0.2,0.3,0.25,0.1,0.0636220116090084,0.00289461754828097,-0.0363779883909917,1526,763,400,23985,"closer_to_expected_share_better",6,"skew-t",1,85,"yes","no","",FALSE,FALSE,NA,FALSE,FALSE,"other_numeric"
"pit_histogram",4,0.3,0.4,0.35,0.1,0.0782583658927745,0.00298954868847342,-0.0217416341072255,1877,938.5,400,23985,"closer_to_expected_share_better",6,"skew-t",1,85,"yes","no","",FALSE,FALSE,NA,FALSE,FALSE,"other_numeric"
"pit_histogram",5,0.4,0.5,0.45,0.1,0.0899327684774046,0.00416132561668946,-0.0100672315225953,2157,1078.5,400,23985,"closer_to_expected_share_better",6,"skew-t",1,85,"yes","no","",FALSE,FALSE,NA,FALSE,FALSE,"other_numeric"
"pit_histogram",6,0.5,0.6,0.55,0.1,0.107027570205865,0.00625237640741517,0.0070275702058647,2567,1283.5,400,23985,"closer_to_expected_share_better",6,"skew-t",1,85,"yes","no","",FALSE,FALSE,NA,FALSE,FALSE,"other_numeric"
"pit_histogram",7,0.6,0.7,0.65,0.1,0.126204286306812,0.00108967432048201,0.026204286306812,3027,1513.5,400,23985,"closer_to_expected_share_better",6,"skew-t",1,85,"yes","no","",FALSE,FALSE,NA,FALSE,FALSE,"other_numeric"
"pit_histogram",8,0.7,0.8,0.75,0.1,0.146717829357239,0.00301523704249386,0.0467178293572392,3519,1759.5,400,23985,"closer_to_expected_share_better",6,"skew-t",1,85,"yes","no","",FALSE,FALSE,NA,FALSE,FALSE,"other_numeric"
"pit_histogram",9,0.8,0.9,0.85,0.1,0.162520547554306,0.00614812111436268,0.062520547554306,3898,1949,400,23985,"closer_to_expected_share_better",6,"skew-t",1,85,"yes","no","",FALSE,FALSE,NA,FALSE,FALSE,"other_numeric"
"pit_histogram",10,0.9,1,0.95,0.1,0.144673868667367,0.000304442977611272,0.0446738686673671,3470,1735,400,23985,"closer_to_expected_share_better",6,"skew-t",1,85,"yes","no","",FALSE,FALSE,NA,FALSE,FALSE,"other_numeric"
"pit_histogram",1,0,0.1,0.05,0.1,0.0879764172774926,0.0127076000731915,-0.0120235827225074,2110,1055,400,23985,"closer_to_expected_share_better",7,"skew-t",5,0,"yes","no","",TRUE,FALSE,NA,FALSE,FALSE,"morris_baseline"
"pit_histogram",2,0.1,0.2,0.15,0.1,0.089600509486731,0.00758000436044947,-0.010399490513269,2149,1074.5,400,23985,"closer_to_expected_share_better",7,"skew-t",5,0,"yes","no","",TRUE,FALSE,NA,FALSE,FALSE,"morris_baseline"
"pit_histogram",3,0.2,0.3,0.25,0.1,0.10273267140609,0.00479151945143443,0.00273267140608974,2464,1232,400,23985,"closer_to_expected_share_better",7,"skew-t",5,0,"yes","no","",TRUE,FALSE,NA,FALSE,FALSE,"morris_baseline"
"pit_histogram",4,0.3,0.4,0.35,0.1,0.109236174158655,0.00329302170387442,0.0092361741586548,2620,1310,400,23985,"closer_to_expected_share_better",7,"skew-t",5,0,"yes","no","",TRUE,FALSE,NA,FALSE,FALSE,"morris_baseline"
"pit_histogram",5,0.4,0.5,0.45,0.1,0.115071654550274,0.000707290185909842,0.0150716545502742,2760,1380,400,23985,"closer_to_expected_share_better",7,"skew-t",5,0,"yes","no","",TRUE,FALSE,NA,FALSE,FALSE,"morris_baseline"
"pit_histogram",6,0.5,0.6,0.55,0.1,0.111486173595451,0.000458479234423222,0.0114861735954508,2674,1337,400,23985,"closer_to_expected_share_better",7,"skew-t",5,0,"yes","no","",TRUE,FALSE,NA,FALSE,FALSE,"morris_baseline"
"pit_histogram",7,0.6,0.7,0.65,0.1,0.106608327507302,8.16958493877681e-05,0.00660832750730228,2557,1278.5,400,23985,"closer_to_expected_share_better",7,"skew-t",5,0,"yes","no","",TRUE,FALSE,NA,FALSE,FALSE,"morris_baseline"
"pit_histogram",8,0.7,0.8,0.75,0.1,0.0990177474298505,0.0065919883374247,-0.000982252570149528,2375,1187.5,400,23985,"closer_to_expected_share_better",7,"skew-t",5,0,"yes","no","",TRUE,FALSE,NA,FALSE,FALSE,"morris_baseline"
"pit_histogram",9,0.8,0.9,0.85,0.1,0.0892613981823784,0.00726273285037976,-0.0107386018176216,2141,1070.5,400,23985,"closer_to_expected_share_better",7,"skew-t",5,0,"yes","no","",TRUE,FALSE,NA,FALSE,FALSE,"morris_baseline"
"pit_histogram",10,0.9,1,0.95,0.1,0.0890089264057756,0.0134333508302,-0.0109910735942244,2135,1067.5,400,23985,"closer_to_expected_share_better",7,"skew-t",5,0,"yes","no","",TRUE,FALSE,NA,FALSE,FALSE,"morris_baseline"
"pit_histogram",1,0,0.1,0.05,0.1,0.0819314876266614,0.0140811917193513,-0.0180685123733386,1965,982.5,400,23985,"closer_to_expected_share_better",8,"skew-t",5,50,"yes","no","",TRUE,FALSE,NA,FALSE,FALSE,"morris_baseline"
"pit_histogram",2,0.1,0.2,0.15,0.1,0.0833074572446915,0.0143735571029895,-0.0166925427553085,1998,999,400,23985,"closer_to_expected_share_better",8,"skew-t",5,50,"yes","no","",TRUE,FALSE,NA,FALSE,FALSE,"morris_baseline"
"pit_histogram",3,0.2,0.3,0.25,0.1,0.094352917558719,0.00608084954171476,-0.00564708244128102,2263,1131.5,400,23985,"closer_to_expected_share_better",8,"skew-t",5,50,"yes","no","",TRUE,FALSE,NA,FALSE,FALSE,"morris_baseline"
"pit_histogram",4,0.3,0.4,0.35,0.1,0.103816213062275,0.00354114429508278,0.00381621306227459,2490,1245,400,23985,"closer_to_expected_share_better",8,"skew-t",5,50,"yes","no","",TRUE,FALSE,NA,FALSE,FALSE,"morris_baseline"
"pit_histogram",5,0.4,0.5,0.45,0.1,0.10773517328281,0.00312568757805067,0.0077351732828102,2584,1292,400,23985,"closer_to_expected_share_better",8,"skew-t",5,50,"yes","no","",TRUE,FALSE,NA,FALSE,FALSE,"morris_baseline"
"pit_histogram",6,0.5,0.6,0.55,0.1,0.114404821175264,4.04568108994183e-05,0.0144048211752637,2744,1372,400,23985,"closer_to_expected_share_better",8,"skew-t",5,50,"yes","no","",TRUE,FALSE,NA,FALSE,FALSE,"morris_baseline"
"pit_histogram",7,0.6,0.7,0.65,0.1,0.111193245007949,0.00333538715009082,0.0111932450079487,2667,1333.5,400,23985,"closer_to_expected_share_better",8,"skew-t",5,50,"yes","no","",TRUE,FALSE,NA,FALSE,FALSE,"morris_baseline"
"pit_histogram",8,0.7,0.8,0.75,0.1,0.109148189199452,0.0089646723492685,0.00914818919945204,2618,1309,400,23985,"closer_to_expected_share_better",8,"skew-t",5,50,"yes","no","",TRUE,FALSE,NA,FALSE,FALSE,"morris_baseline"
"pit_histogram",9,0.8,0.9,0.85,0.1,0.100641464169846,0.012720209581925,0.000641464169846284,2414,1207,400,23985,"closer_to_expected_share_better",8,"skew-t",5,50,"yes","no","",TRUE,FALSE,NA,FALSE,FALSE,"morris_baseline"
"pit_histogram",10,0.9,1,0.95,0.1,0.0934690316723325,0.0161417043450052,-0.00653096832766747,2242,1121,400,23985,"closer_to_expected_share_better",8,"skew-t",5,50,"yes","no","",TRUE,FALSE,NA,FALSE,FALSE,"morris_baseline"
"pit_histogram",1,0,0.1,0.05,0.1,0.146542015884351,0.0210832237588927,0.0465420158843514,3515,1757.5,400,23985,"closer_to_expected_share_better",9,"t",5,75,"yes","no","",TRUE,FALSE,NA,FALSE,FALSE,"morris_baseline"
"pit_histogram",2,0.1,0.2,0.15,0.1,0.0918470984112394,0.00526051182465285,-0.00815290158876056,2203,1101.5,400,23985,"closer_to_expected_share_better",9,"t",5,75,"yes","no","",TRUE,FALSE,NA,FALSE,FALSE,"morris_baseline"
"pit_histogram",3,0.2,0.3,0.25,0.1,0.0910976930919417,0.00242568775326965,-0.00890230690805838,2185,1092.5,400,23985,"closer_to_expected_share_better",9,"t",5,75,"yes","no","",TRUE,FALSE,NA,FALSE,FALSE,"morris_baseline"
"pit_histogram",4,0.3,0.4,0.35,0.1,0.0864287956373478,0.000592959801511944,-0.0135712043626522,2073,1036.5,400,23985,"closer_to_expected_share_better",9,"t",5,75,"yes","no","",TRUE,FALSE,NA,FALSE,FALSE,"morris_baseline"
"pit_histogram",5,0.4,0.5,0.45,0.1,0.0890993832041594,0.00541179464035178,-0.0109006167958406,2137,1068.5,400,23985,"closer_to_expected_share_better",9,"t",5,75,"yes","no","",TRUE,FALSE,NA,FALSE,FALSE,"morris_baseline"
"pit_histogram",6,0.5,0.6,0.55,0.1,0.0957670911721925,0.0029242483293496,-0.00423290882780764,2297,1148.5,400,23985,"closer_to_expected_share_better",9,"t",5,75,"yes","no","",TRUE,FALSE,NA,FALSE,FALSE,"morris_baseline"
"pit_histogram",7,0.6,0.7,0.65,0.1,0.0995644619363049,0.00595772691921729,-0.00043553806369509,2388,1194,400,23985,"closer_to_expected_share_better",9,"t",5,75,"yes","no","",TRUE,FALSE,NA,FALSE,FALSE,"morris_baseline"
"pit_histogram",8,0.7,0.8,0.75,0.1,0.100189180177927,0.00416517417642698,0.000189180177927378,2403,1201.5,400,23985,"closer_to_expected_share_better",9,"t",5,75,"yes","no","",TRUE,FALSE,NA,FALSE,FALSE,"morris_baseline"
"pit_histogram",9,0.8,0.9,0.85,0.1,0.0995643993580978,0.00579095599725757,-0.000435600641902192,2388,1194,400,23985,"closer_to_expected_share_better",9,"t",5,75,"yes","no","",TRUE,FALSE,NA,FALSE,FALSE,"morris_baseline"
"pit_histogram",10,0.9,1,0.95,0.1,0.0998998811264378,0.0109609797344231,-0.000100118873562205,2396,1198,400,23985,"closer_to_expected_share_better",9,"t",5,75,"yes","no","",TRUE,FALSE,NA,FALSE,FALSE,"morris_baseline"
"pit_histogram",1,0,0.1,0.05,0.1,0.0755257007445054,0.0537702618847905,-0.0244742992554946,1811,905.5,400,23985,"closer_to_expected_share_better",10,"skew-t",5,85,"yes","no","",FALSE,FALSE,NA,FALSE,FALSE,"other_numeric"
"pit_histogram",2,0.1,0.2,0.15,0.1,0.0483767713700197,0.0352068122135639,-0.0516232286299803,1160,580,400,23985,"closer_to_expected_share_better",10,"skew-t",5,85,"yes","no","",FALSE,FALSE,NA,FALSE,FALSE,"other_numeric"
"pit_histogram",3,0.2,0.3,0.25,0.1,0.0466248631727501,0.0330381331569128,-0.0533751368272499,1118,559,400,23985,"closer_to_expected_share_better",10,"skew-t",5,85,"yes","no","",FALSE,FALSE,NA,FALSE,FALSE,"other_numeric"
"pit_histogram",4,0.3,0.4,0.35,0.1,0.0482085611492963,0.0313710184302832,-0.0517914388507036,1156,578,400,23985,"closer_to_expected_share_better",10,"skew-t",5,85,"yes","no","",FALSE,FALSE,NA,FALSE,FALSE,"other_numeric"
"pit_histogram",5,0.4,0.5,0.45,0.1,0.0535871267616704,0.0319150420738318,-0.0464128732383296,1285,642.5,400,23985,"closer_to_expected_share_better",10,"skew-t",5,85,"yes","no","",FALSE,FALSE,NA,FALSE,FALSE,"other_numeric"
"pit_histogram",6,0.5,0.6,0.55,0.1,0.0575877202533867,0.0268300308310311,-0.0424122797466134,1381,690.5,400,23985,"closer_to_expected_share_better",10,"skew-t",5,85,"yes","no","",FALSE,FALSE,NA,FALSE,FALSE,"other_numeric"
"pit_histogram",7,0.6,0.7,0.65,0.1,0.0680119354162865,0.0295856621813111,-0.0319880645837135,1631,815.5,400,23985,"closer_to_expected_share_better",10,"skew-t",5,85,"yes","no","",FALSE,FALSE,NA,FALSE,FALSE,"other_numeric"
"pit_histogram",8,0.7,0.8,0.75,0.1,0.0774741670903211,0.0242108512613639,-0.0225258329096789,1858,929,400,23985,"closer_to_expected_share_better",10,"skew-t",5,85,"yes","no","",FALSE,FALSE,NA,FALSE,FALSE,"other_numeric"
"pit_histogram",9,0.8,0.9,0.85,0.1,0.0991513831911431,0.0162139821742222,-0.000848616808856839,2378,1189,400,23985,"closer_to_expected_share_better",10,"skew-t",5,85,"yes","no","",FALSE,FALSE,NA,FALSE,FALSE,"other_numeric"
"pit_histogram",10,0.9,1,0.95,0.1,0.425451770850621,0.282141794207311,0.325451770850621,10207,5103.5,400,23985,"closer_to_expected_share_better",10,"skew-t",5,85,"yes","no","",FALSE,FALSE,NA,FALSE,FALSE,"other_numeric"
"pit_histogram",1,0,0.1,0.05,0.1,0.0873923122922873,0.0116233700567284,-0.0126076877077127,2096,1048,400,23985,"closer_to_expected_share_better",11,"skew-t",10,0,"yes","no","",TRUE,FALSE,NA,FALSE,FALSE,"morris_baseline"
"pit_histogram",2,0.1,0.2,0.15,0.1,0.0918935940191254,0.00753917208030736,-0.00810640598087461,2204,1102,400,23985,"closer_to_expected_share_better",11,"skew-t",10,0,"yes","no","",TRUE,FALSE,NA,FALSE,FALSE,"morris_baseline"
"pit_histogram",3,0.2,0.3,0.25,0.1,0.104066744914457,0.00454186369415176,0.0040667449144568,2496,1248,400,23985,"closer_to_expected_share_better",11,"skew-t",10,0,"yes","no","",TRUE,FALSE,NA,FALSE,FALSE,"morris_baseline"
"pit_histogram",4,0.3,0.4,0.35,0.1,0.109611236642995,0.0028345424694512,0.0096112366429946,2629,1314.5,400,23985,"closer_to_expected_share_better",11,"skew-t",10,0,"yes","no","",TRUE,FALSE,NA,FALSE,FALSE,"morris_baseline"
"pit_histogram",5,0.4,0.5,0.45,0.1,0.10923551708748,0.00154192702329737,0.00923551708748011,2620,1310,400,23985,"closer_to_expected_share_better",11,"skew-t",10,0,"yes","no","",TRUE,FALSE,NA,FALSE,FALSE,"morris_baseline"
"pit_histogram",6,0.5,0.6,0.55,0.1,0.1095681828365,0.000792740727724471,0.00956818283649982,2628,1314,400,23985,"closer_to_expected_share_better",11,"skew-t",10,0,"yes","no","",TRUE,FALSE,NA,FALSE,FALSE,"morris_baseline"
"pit_histogram",7,0.6,0.7,0.65,0.1,0.106024817015065,0.00058178959154203,0.0060248170150646,2543,1271.5,400,23985,"closer_to_expected_share_better",11,"skew-t",10,0,"yes","no","",TRUE,FALSE,NA,FALSE,FALSE,"morris_baseline"
"pit_histogram",8,0.7,0.8,0.75,0.1,0.100560738282669,0.00563247668774051,0.000560738282668782,2412,1206,400,23985,"closer_to_expected_share_better",11,"skew-t",10,0,"yes","no","",TRUE,FALSE,NA,FALSE,FALSE,"morris_baseline"
"pit_histogram",9,0.8,0.9,0.85,0.1,0.0883438139314608,0.00818031710129734,-0.0116561860685391,2119,1059.5,400,23985,"closer_to_expected_share_better",11,"skew-t",10,0,"yes","no","",TRUE,FALSE,NA,FALSE,FALSE,"morris_baseline"
"pit_histogram",10,0.9,1,0.95,0.1,0.0933030429779617,0.0140571303987158,-0.00669695702203826,2238,1119,400,23985,"closer_to_expected_share_better",11,"skew-t",10,0,"yes","no","",TRUE,FALSE,NA,FALSE,FALSE,"morris_baseline"
"pit_histogram",1,0,0.1,0.05,0.1,0.0892700965531673,0.0159184253020212,-0.0107299034468327,2141,1070.5,400,23985,"closer_to_expected_share_better",12,"skew-t",10,50,"yes","no","",TRUE,FALSE,NA,FALSE,FALSE,"morris_baseline"
"pit_histogram",2,0.1,0.2,0.15,0.1,0.0909784816073888,0.0132090392467987,-0.00902151839261117,2182,1091,400,23985,"closer_to_expected_share_better",12,"skew-t",10,50,"yes","no","",TRUE,FALSE,NA,FALSE,FALSE,"morris_baseline"
"pit_histogram",3,0.2,0.3,0.25,0.1,0.0950187496824156,0.00274568141534883,-0.00498125031758442,2279,1139.5,400,23985,"closer_to_expected_share_better",12,"skew-t",10,50,"yes","no","",TRUE,FALSE,NA,FALSE,FALSE,"morris_baseline"
"pit_histogram",4,0.3,0.4,0.35,0.1,0.10473254574905,0.00112331010680598,0.0047325457490499,2512,1256,400,23985,"closer_to_expected_share_better",12,"skew-t",10,50,"yes","no","",TRUE,FALSE,NA,FALSE,FALSE,"morris_baseline"
"pit_histogram",5,0.4,0.5,0.45,0.1,0.10790106810987,0.000790957248821715,0.00790106810987035,2588,1294,400,23985,"closer_to_expected_share_better",12,"skew-t",10,50,"yes","no","",TRUE,FALSE,NA,FALSE,FALSE,"morris_baseline"
"pit_histogram",6,0.5,0.6,0.55,0.1,0.108150504843428,0.00112681448640439,0.008150504843428,2594,1297,400,23985,"closer_to_expected_share_better",12,"skew-t",10,50,"yes","no","",TRUE,FALSE,NA,FALSE,FALSE,"morris_baseline"
"pit_histogram",7,0.6,0.7,0.65,0.1,0.106857388771617,0.00283670141759664,0.00685738877161735,2563,1281.5,400,23985,"closer_to_expected_share_better",12,"skew-t",10,50,"yes","no","",TRUE,FALSE,NA,FALSE,FALSE,"morris_baseline"
"pit_histogram",8,0.7,0.8,0.75,0.1,0.105063428019167,0.00596432892006785,0.00506342801916698,2520,1260,400,23985,"closer_to_expected_share_better",12,"skew-t",10,50,"yes","no","",TRUE,FALSE,NA,FALSE,FALSE,"morris_baseline"
"pit_histogram",9,0.8,0.9,0.85,0.1,0.0985582356550098,0.00896864606542026,-0.00144176434499013,2364,1182,400,23985,"closer_to_expected_share_better",12,"skew-t",10,50,"yes","no","",TRUE,FALSE,NA,FALSE,FALSE,"morris_baseline"
"pit_histogram",10,0.9,1,0.95,0.1,0.0934695010088859,0.0148909224303073,-0.00653049899111412,2242,1121,400,23985,"closer_to_expected_share_better",12,"skew-t",10,50,"yes","no","",TRUE,FALSE,NA,FALSE,FALSE,"morris_baseline"
"pit_histogram",1,0,0.1,0.05,0.1,0.173238629977815,0.0142822242097061,0.0732386299778147,4155,2077.5,400,23985,"closer_to_expected_share_better",13,"t",10,75,"yes","no","",TRUE,FALSE,NA,FALSE,FALSE,"morris_baseline"
"pit_histogram",2,0.1,0.2,0.15,0.1,0.0999815143976184,0.00629142520865452,-1.84856023815738e-05,2398,1199,400,23985,"closer_to_expected_share_better",13,"t",10,75,"yes","no","",TRUE,FALSE,NA,FALSE,FALSE,"morris_baseline"
"pit_histogram",3,0.2,0.3,0.25,0.1,0.092517311009434,0.00307828458616155,-0.00748268899056599,2219,1109.5,400,23985,"closer_to_expected_share_better",13,"t",10,75,"yes","no","",TRUE,FALSE,NA,FALSE,FALSE,"morris_baseline"
"pit_histogram",4,0.3,0.4,0.35,0.1,0.0878054223265526,0.00145050026270331,-0.0121945776734474,2106,1053,400,23985,"closer_to_expected_share_better",13,"t",10,75,"yes","no","",TRUE,FALSE,NA,FALSE,FALSE,"morris_baseline"
"pit_histogram",5,0.4,0.5,0.45,0.1,0.0838438776360757,0.000510544302742354,-0.0161561223639243,2011,1005.5,400,23985,"closer_to_expected_share_better",13,"t",10,75,"yes","no","",TRUE,FALSE,NA,FALSE,FALSE,"morris_baseline"
"pit_histogram",6,0.5,0.6,0.55,0.1,0.0868026065575453,0.00438685747512954,-0.0131973934424548,2082,1041,400,23985,"closer_to_expected_share_better",13,"t",10,75,"yes","no","",TRUE,FALSE,NA,FALSE,FALSE,"morris_baseline"
"pit_histogram",7,0.6,0.7,0.65,0.1,0.0890123994962705,0.00417756466143563,-0.0109876005037295,2135,1067.5,400,23985,"closer_to_expected_share_better",13,"t",10,75,"yes","no","",TRUE,FALSE,NA,FALSE,FALSE,"morris_baseline"
"pit_histogram",8,0.7,0.8,0.75,0.1,0.0911392450214656,0.00280090668312724,-0.0088607549785344,2186,1093,400,23985,"closer_to_expected_share_better",13,"t",10,75,"yes","no","",TRUE,FALSE,NA,FALSE,FALSE,"morris_baseline"
"pit_histogram",9,0.8,0.9,0.85,0.1,0.0941395884506662,0.0068856678634123,-0.00586041154933375,2258,1129,400,23985,"closer_to_expected_share_better",13,"t",10,75,"yes","no","",TRUE,FALSE,NA,FALSE,FALSE,"morris_baseline"
"pit_histogram",10,0.9,1,0.95,0.1,0.101519405126557,0.0063408932813784,0.00151940512655693,2435,1217.5,400,23985,"closer_to_expected_share_better",13,"t",10,75,"yes","no","",TRUE,FALSE,NA,FALSE,FALSE,"morris_baseline"
"pit_histogram",1,0,0.1,0.05,0.1,0.0764512324277266,0.0758677532245924,-0.0235487675722734,1833,916.5,400,23985,"closer_to_expected_share_better",14,"skew-t",10,85,"yes","no","",FALSE,FALSE,NA,FALSE,FALSE,"other_numeric"
"pit_histogram",2,0.1,0.2,0.15,0.1,0.0427087815497418,0.041125052284092,-0.0572912184502582,1024,512,400,23985,"closer_to_expected_share_better",14,"skew-t",10,85,"yes","no","",FALSE,FALSE,NA,FALSE,FALSE,"other_numeric"
"pit_histogram",3,0.2,0.3,0.25,0.1,0.0402062477581357,0.0385391643206097,-0.0597937522418643,964,482,400,23985,"closer_to_expected_share_better",14,"skew-t",10,85,"yes","no","",FALSE,FALSE,NA,FALSE,FALSE,"other_numeric"
"pit_histogram",4,0.3,0.4,0.35,0.1,0.0386208288808939,0.035620078693347,-0.0613791711191061,926,463,400,23985,"closer_to_expected_share_better",14,"skew-t",10,85,"yes","no","",FALSE,FALSE,NA,FALSE,FALSE,"other_numeric"
"pit_histogram",5,0.4,0.5,0.45,0.1,0.0416226741870653,0.0355378196400952,-0.0583773258129347,998,499,400,23985,"closer_to_expected_share_better",14,"skew-t",10,85,"yes","no","",FALSE,FALSE,NA,FALSE,FALSE,"other_numeric"
"pit_histogram",6,0.5,0.6,0.55,0.1,0.0485023345425946,0.0364993337924071,-0.0514976654574055,1163,581.5,400,23985,"closer_to_expected_share_better",14,"skew-t",10,85,"yes","no","",FALSE,FALSE,NA,FALSE,FALSE,"other_numeric"
"pit_histogram",7,0.6,0.7,0.65,0.1,0.0525870331446726,0.0333322194412467,-0.0474129668553274,1261,630.5,400,23985,"closer_to_expected_share_better",14,"skew-t",10,85,"yes","no","",FALSE,FALSE,NA,FALSE,FALSE,"other_numeric"
"pit_histogram",8,0.7,0.8,0.75,0.1,0.0640522993611266,0.0327111307356369,-0.0359477006388734,1536,768,400,23985,"closer_to_expected_share_better",14,"skew-t",10,85,"yes","no","",FALSE,FALSE,NA,FALSE,FALSE,"other_numeric"
"pit_histogram",9,0.8,0.9,0.85,0.1,0.0956512276217202,0.0216327229955637,-0.00434877237827974,2294,1147,400,23985,"closer_to_expected_share_better",14,"skew-t",10,85,"yes","no","",FALSE,FALSE,NA,FALSE,FALSE,"other_numeric"
"pit_histogram",10,0.9,1,0.95,0.1,0.499597340526323,0.350865275127591,0.399597340526323,11986,5993,400,23985,"closer_to_expected_share_better",14,"skew-t",10,85,"yes","no","",FALSE,FALSE,NA,FALSE,FALSE,"other_numeric"
"pit_histogram",1,0,0.1,0.05,0.1,0.0898935945197511,0.0108738395810164,-0.0101064054802489,2156,1078,400,23985,"closer_to_expected_share_better",15,"skew-t",15,0,"yes","no","",TRUE,FALSE,NA,FALSE,FALSE,"morris_baseline"
"pit_histogram",2,0.1,0.2,0.15,0.1,0.0917686253395181,0.00783097426008154,-0.00823137466048193,2201,1100.5,400,23985,"closer_to_expected_share_better",15,"skew-t",15,0,"yes","no","",TRUE,FALSE,NA,FALSE,FALSE,"morris_baseline"
"pit_histogram",3,0.2,0.3,0.25,0.1,0.103274755125218,0.0050001864830572,0.00327475512521772,2477,1238.5,400,23985,"closer_to_expected_share_better",15,"skew-t",15,0,"yes","no","",TRUE,FALSE,NA,FALSE,FALSE,"morris_baseline"
"pit_histogram",4,0.3,0.4,0.35,0.1,0.106817557742789,0.00212471786615322,0.00681755774278908,2562,1281,400,23985,"closer_to_expected_share_better",15,"skew-t",15,0,"yes","no","",TRUE,FALSE,NA,FALSE,FALSE,"morris_baseline"
"pit_histogram",5,0.4,0.5,0.45,0.1,0.11107037269828,0.00254324091533394,0.0110703726982797,2664,1332,400,23985,"closer_to_expected_share_better",15,"skew-t",15,0,"yes","no","",TRUE,FALSE,NA,FALSE,FALSE,"morris_baseline"
"pit_histogram",6,0.5,0.6,0.55,0.1,0.107150254780912,0.000126564423888753,0.00715025478091236,2570,1285,400,23985,"closer_to_expected_share_better",15,"skew-t",15,0,"yes","no","",TRUE,FALSE,NA,FALSE,FALSE,"morris_baseline"
"pit_histogram",7,0.6,0.7,0.65,0.1,0.104731857388772,0.000711170034750928,0.00473185738877163,2512,1256,400,23985,"closer_to_expected_share_better",15,"skew-t",15,0,"yes","no","",TRUE,FALSE,NA,FALSE,FALSE,"morris_baseline"
"pit_histogram",8,0.7,0.8,0.75,0.1,0.100227259016956,0.00546583092219501,0.000227259016956471,2404,1202,400,23985,"closer_to_expected_share_better",15,"skew-t",15,0,"yes","no","",TRUE,FALSE,NA,FALSE,FALSE,"morris_baseline"
"pit_histogram",9,0.8,0.9,0.85,0.1,0.0900958472851446,0.00567809620072686,-0.00990415271485537,2161,1080.5,400,23985,"closer_to_expected_share_better",15,"skew-t",15,0,"yes","no","",TRUE,FALSE,NA,FALSE,FALSE,"morris_baseline"
"pit_histogram",10,0.9,1,0.95,0.1,0.0949698761026593,0.0163912975240807,-0.00503012389734067,2278,1139,400,23985,"closer_to_expected_share_better",15,"skew-t",15,0,"yes","no","",TRUE,FALSE,NA,FALSE,FALSE,"morris_baseline"
"pit_histogram",1,0,0.1,0.05,0.1,0.0880195023730908,0.016418268731347,-0.0119804976269092,2111,1055.5,400,23985,"closer_to_expected_share_better",16,"skew-t",15,50,"yes","no","",TRUE,FALSE,NA,FALSE,FALSE,"morris_baseline"
"pit_histogram",2,0.1,0.2,0.15,0.1,0.0923126489830666,0.0132095398724556,-0.00768735101693342,2214,1107,400,23985,"closer_to_expected_share_better",16,"skew-t",15,50,"yes","no","",TRUE,FALSE,NA,FALSE,FALSE,"morris_baseline"
"pit_histogram",3,0.2,0.3,0.25,0.1,0.0970620845902166,0.00378876626063423,-0.00293791540978341,2328,1164,400,23985,"closer_to_expected_share_better",16,"skew-t",15,50,"yes","no","",TRUE,FALSE,NA,FALSE,FALSE,"morris_baseline"
"pit_histogram",4,0.3,0.4,0.35,0.1,0.105357639459915,0.000331382895773995,0.00535763945991505,2527,1263.5,400,23985,"closer_to_expected_share_better",16,"skew-t",15,50,"yes","no","",TRUE,FALSE,NA,FALSE,FALSE,"morris_baseline"
"pit_histogram",5,0.4,0.5,0.45,0.1,0.106192245008199,0.00233294685032619,0.00619224500819901,2547,1273.5,400,23985,"closer_to_expected_share_better",16,"skew-t",15,50,"yes","no","",TRUE,FALSE,NA,FALSE,FALSE,"morris_baseline"
"pit_histogram",6,0.5,0.6,0.55,0.1,0.108942525921771,0.00150175181432996,0.00894252592177064,2613,1306.5,400,23985,"closer_to_expected_share_better",16,"skew-t",15,50,"yes","no","",TRUE,FALSE,NA,FALSE,FALSE,"morris_baseline"
"pit_histogram",7,0.6,0.7,0.65,0.1,0.10827559867945,0.00108507482225912,0.00827559867944966,2597,1298.5,400,23985,"closer_to_expected_share_better",16,"skew-t",15,50,"yes","no","",TRUE,FALSE,NA,FALSE,FALSE,"morris_baseline"
"pit_histogram",8,0.7,0.8,0.75,0.1,0.103894999025032,0.00871648717985301,0.00389499902503156,2492,1246,400,23985,"closer_to_expected_share_better",16,"skew-t",15,50,"yes","no","",TRUE,FALSE,NA,FALSE,FALSE,"morris_baseline"
"pit_histogram",9,0.8,0.9,0.85,0.1,0.0968898380751344,0.0108037519890483,-0.00311016192486557,2324,1162,400,23985,"closer_to_expected_share_better",16,"skew-t",15,50,"yes","no","",TRUE,FALSE,NA,FALSE,FALSE,"morris_baseline"
"pit_histogram",10,0.9,1,0.95,0.1,0.0930529178841257,0.0139738388050466,-0.0069470821158743,2232,1116,400,23985,"closer_to_expected_share_better",16,"skew-t",15,50,"yes","no","",TRUE,FALSE,NA,FALSE,FALSE,"morris_baseline"
"pit_histogram",1,0,0.1,0.05,0.1,0.182239566398106,0.00177778428591131,0.082239566398106,4371,2185.5,400,23985,"closer_to_expected_share_better",17,"t",15,75,"yes","no","",TRUE,FALSE,NA,FALSE,FALSE,"morris_baseline"
"pit_histogram",2,0.1,0.2,0.15,0.1,0.112319433712282,0.00204249010200498,0.0123194337122819,2694,1347,400,23985,"closer_to_expected_share_better",17,"t",15,75,"yes","no","",TRUE,FALSE,NA,FALSE,FALSE,"morris_baseline"
"pit_histogram",3,0.2,0.3,0.25,0.1,0.0931000705631863,0.000576939780490671,-0.0068999294368137,2233,1116.5,400,23985,"closer_to_expected_share_better",17,"t",15,75,"yes","no","",TRUE,FALSE,NA,FALSE,FALSE,"morris_baseline"
"pit_histogram",4,0.3,0.4,0.35,0.1,0.0852212865528695,0.00361755228596939,-0.0147787134471305,2044,1022,400,23985,"closer_to_expected_share_better",17,"t",15,75,"yes","no","",TRUE,FALSE,NA,FALSE,FALSE,"morris_baseline"
"pit_histogram",5,0.4,0.5,0.45,0.1,0.0835109928633309,0.00124042522142048,-0.016489007136669,2003,1001.5,400,23985,"closer_to_expected_share_better",17,"t",15,75,"yes","no","",TRUE,FALSE,NA,FALSE,FALSE,"morris_baseline"
"pit_histogram",6,0.5,0.6,0.55,0.1,0.0831759491424408,0.00276220206202701,-0.0168240508575593,1995,997.5,400,23985,"closer_to_expected_share_better",17,"t",15,75,"yes","no","",TRUE,FALSE,NA,FALSE,FALSE,"morris_baseline"
"pit_histogram",7,0.6,0.7,0.65,0.1,0.0865120559419134,0.00092647035632782,-0.0134879440580866,2075,1037.5,400,23985,"closer_to_expected_share_better",17,"t",15,75,"yes","no","",TRUE,FALSE,NA,FALSE,FALSE,"morris_baseline"
"pit_histogram",8,0.7,0.8,0.75,0.1,0.0883885573495476,5.02190112092599e-05,-0.0116114426504524,2120,1060,400,23985,"closer_to_expected_share_better",17,"t",15,75,"yes","no","",TRUE,FALSE,NA,FALSE,FALSE,"morris_baseline"
"pit_histogram",9,0.8,0.9,0.85,0.1,0.0881385574121258,0.00036661442637937,-0.0118614425878742,2114,1057,400,23985,"closer_to_expected_share_better",17,"t",15,75,"yes","no","",TRUE,FALSE,NA,FALSE,FALSE,"morris_baseline"
"pit_histogram",10,0.9,1,0.95,0.1,0.0973935300641977,0.00179793446860214,-0.00260646993580224,2336,1168,400,23985,"closer_to_expected_share_better",17,"t",15,75,"yes","no","",TRUE,FALSE,NA,FALSE,FALSE,"morris_baseline"
"pit_histogram",1,0,0.1,0.05,0.1,0.00171004337671004,0.00171004337671004,-0.09828995662329,41,20.5,400,23985,"closer_to_expected_share_better",18,"skew-t",15,85,"yes","no","",FALSE,FALSE,NA,FALSE,FALSE,"other_numeric"
"pit_histogram",2,0.1,0.2,0.15,0.1,0.00300290913569233,0.00275284662006342,-0.0969970908643077,72,36,400,23985,"closer_to_expected_share_better",18,"skew-t",15,85,"yes","no","",FALSE,FALSE,NA,FALSE,FALSE,"other_numeric"
"pit_histogram",3,0.2,0.3,0.25,0.1,0.00475456702013341,0.0042544419888756,-0.0952454329798666,114,57,400,23985,"closer_to_expected_share_better",18,"skew-t",15,85,"yes","no","",FALSE,FALSE,NA,FALSE,FALSE,"other_numeric"
"pit_histogram",4,0.3,0.4,0.35,0.1,0.00600556795855621,0.00483860955228797,-0.0939944320414438,144,72,400,23985,"closer_to_expected_share_better",18,"skew-t",15,85,"yes","no","",FALSE,FALSE,NA,FALSE,FALSE,"other_numeric"
"pit_histogram",5,0.4,0.5,0.45,0.1,0.00884108039021768,0.00592368437454709,-0.0911589196097823,212,106,400,23985,"closer_to_expected_share_better",18,"skew-t",15,85,"yes","no","",FALSE,FALSE,NA,FALSE,FALSE,"other_numeric"
"pit_histogram",6,0.5,0.6,0.55,0.1,0.0156389510290486,0.0111378257477282,-0.0843610489709515,375,187.5,400,23985,"closer_to_expected_share_better",18,"skew-t",15,85,"yes","no","",FALSE,FALSE,NA,FALSE,FALSE,"other_numeric"
"pit_histogram",7,0.6,0.7,0.65,0.1,0.0187650453654455,0.00884589891216548,-0.0812349546345545,450,225,400,23985,"closer_to_expected_share_better",18,"skew-t",15,85,"yes","no","",FALSE,FALSE,NA,FALSE,FALSE,"other_numeric"
"pit_histogram",8,0.7,0.8,0.75,0.1,0.0291901053341413,0.0138529377089017,-0.0708098946658586,700,350,400,23985,"closer_to_expected_share_better",18,"skew-t",15,85,"yes","no","",FALSE,FALSE,NA,FALSE,FALSE,"other_numeric"
"pit_histogram",9,0.8,0.9,0.85,0.1,0.0555830899666859,0.0178236501067209,-0.0444169100333141,1333,666.5,400,23985,"closer_to_expected_share_better",18,"skew-t",15,85,"yes","no","",FALSE,FALSE,NA,FALSE,FALSE,"other_numeric"
"pit_histogram",10,0.9,1,0.95,0.1,0.856508640423369,0.0711399383880004,0.756508640423369,20544,10272,400,23985,"closer_to_expected_share_better",18,"skew-t",15,85,"yes","no","",FALSE,FALSE,NA,FALSE,FALSE,"other_numeric"
"pit_histogram",1,0,0.1,0.05,0.1,0.0493635671180057,0.00164918607029135,-0.0506364328819943,1184,592,400,23985,"closer_to_expected_share_better",19,"t",1,75,"yes","no","",FALSE,FALSE,NA,FALSE,FALSE,"other_numeric"
"pit_histogram",2,0.1,0.2,0.15,0.1,0.0603296469763086,0.000731414084752417,-0.0396703530236914,1447,723.5,400,23985,"closer_to_expected_share_better",19,"t",1,75,"yes","no","",FALSE,FALSE,NA,FALSE,FALSE,"other_numeric"
"pit_histogram",3,0.2,0.3,0.25,0.1,0.0741306447733054,0.00261276530343797,-0.0258693552266946,1778,889,400,23985,"closer_to_expected_share_better",19,"t",1,75,"yes","no","",FALSE,FALSE,NA,FALSE,FALSE,"other_numeric"
"pit_histogram",4,0.3,0.4,0.35,0.1,0.082594847911177,0.00415857217557643,-0.017405152088823,1981,990.5,400,23985,"closer_to_expected_share_better",19,"t",1,75,"yes","no","",FALSE,FALSE,NA,FALSE,FALSE,"other_numeric"
"pit_histogram",5,0.4,0.5,0.45,0.1,0.100730544247674,0.00245597560551299,0.000730544247673548,2416,1208,400,23985,"closer_to_expected_share_better",19,"t",1,75,"yes","no","",FALSE,FALSE,NA,FALSE,FALSE,"other_numeric"
"pit_histogram",6,0.5,0.6,0.55,0.1,0.118114989207762,0.00133153909097895,0.0181149892077623,2833,1416.5,400,23985,"closer_to_expected_share_better",19,"t",1,75,"yes","no","",FALSE,FALSE,NA,FALSE,FALSE,"other_numeric"
"pit_histogram",7,0.6,0.7,0.65,0.1,0.124910481874723,0.00245469275226714,0.0249104818747229,2996,1498,400,23985,"closer_to_expected_share_better",19,"t",1,75,"yes","no","",FALSE,FALSE,NA,FALSE,FALSE,"other_numeric"
"pit_histogram",8,0.7,0.8,0.75,0.1,0.13808572888968,0.00153250900312665,0.0380857288896799,3312,1656,400,23985,"closer_to_expected_share_better",19,"t",1,75,"yes","no","",FALSE,FALSE,NA,FALSE,FALSE,"other_numeric"
"pit_histogram",9,0.8,0.9,0.85,0.1,0.134959102638523,0.00065813500422153,0.0349591026385225,3237,1618.5,400,23985,"closer_to_expected_share_better",19,"t",1,75,"yes","no","",FALSE,FALSE,NA,FALSE,FALSE,"other_numeric"
"pit_histogram",10,0.9,1,0.95,0.1,0.116780446362842,0.00233266524839418,0.016780446362842,2801,1400.5,400,23985,"closer_to_expected_share_better",19,"t",1,75,"yes","no","",FALSE,FALSE,NA,FALSE,FALSE,"other_numeric"
"pit_histogram",1,0,0.1,0.05,0.1,0.0249283729841369,0.010330441719539,-0.0750716270158631,598,299,400,23985,"closer_to_expected_share_better",20,"t",1,85,"yes","no","",FALSE,FALSE,NA,FALSE,FALSE,"other_numeric"
"pit_histogram",2,0.1,0.2,0.15,0.1,0.0451898510163076,0.0134914859846093,-0.0548101489836924,1084,542,400,23985,"closer_to_expected_share_better",20,"t",1,85,"yes","no","",FALSE,FALSE,NA,FALSE,FALSE,"other_numeric"
"pit_histogram",3,0.2,0.3,0.25,0.1,0.0615356541838162,0.00748160012976217,-0.0384643458161838,1476,738,400,23985,"closer_to_expected_share_better",20,"t",1,85,"yes","no","",FALSE,FALSE,NA,FALSE,FALSE,"other_numeric"
"pit_histogram",4,0.3,0.4,0.35,0.1,0.0815482273971896,0.00730731982294873,-0.0184517726028103,1956,978,400,23985,"closer_to_expected_share_better",20,"t",1,85,"yes","no","",FALSE,FALSE,NA,FALSE,FALSE,"other_numeric"
"pit_histogram",5,0.4,0.5,0.45,0.1,0.0951409649209099,0.00488404133065298,-0.00485903507909007,2282,1141,400,23985,"closer_to_expected_share_better",20,"t",1,85,"yes","no","",FALSE,FALSE,NA,FALSE,FALSE,"other_numeric"
"pit_histogram",6,0.5,0.6,0.55,0.1,0.110316680771795,0.00604574316752361,0.0103166807717945,2646,1323,400,23985,"closer_to_expected_share_better",20,"t",1,85,"yes","no","",FALSE,FALSE,NA,FALSE,FALSE,"other_numeric"
"pit_histogram",7,0.6,0.7,0.65,0.1,0.130833321443474,0.00413498019149433,0.030833321443474,3138,1569,400,23985,"closer_to_expected_share_better",20,"t",1,85,"yes","no","",FALSE,FALSE,NA,FALSE,FALSE,"other_numeric"
"pit_histogram",8,0.7,0.8,0.75,0.1,0.1488030290856,0.00451695756772025,0.0488030290855997,3569,1784.5,400,23985,"closer_to_expected_share_better",20,"t",1,85,"yes","no","",FALSE,FALSE,NA,FALSE,FALSE,"other_numeric"
"pit_histogram",9,0.8,0.9,0.85,0.1,0.158980936425298,0.0175289067512123,0.0589809364252975,3813,1906.5,400,23985,"closer_to_expected_share_better",20,"t",1,85,"yes","no","",FALSE,FALSE,NA,FALSE,FALSE,"other_numeric"
"pit_histogram",10,0.9,1,0.95,0.1,0.142722961771474,0.0233597876446088,0.0427229617714739,3423,1711.5,400,23985,"closer_to_expected_share_better",20,"t",1,85,"yes","no","",FALSE,FALSE,NA,FALSE,FALSE,"other_numeric"
"pit_histogram",1,0,0.1,0.05,0.1,0.165182436750329,0.0110282825961746,0.0651824367503287,3962,1981,400,23985,"closer_to_expected_share_better",21,"t",5,75,"yes","no","",FALSE,FALSE,NA,FALSE,FALSE,"other_numeric"
"pit_histogram",2,0.1,0.2,0.15,0.1,0.102481795373768,0.00287355998158699,0.00248179537376836,2458,1229,400,23985,"closer_to_expected_share_better",21,"t",5,75,"yes","no","",FALSE,FALSE,NA,FALSE,FALSE,"other_numeric"
"pit_histogram",3,0.2,0.3,0.25,0.1,0.0902664041886347,0.00441160715604327,-0.00973359581136529,2165,1082.5,400,23985,"closer_to_expected_share_better",21,"t",5,75,"yes","no","",FALSE,FALSE,NA,FALSE,FALSE,"other_numeric"
"pit_histogram",4,0.3,0.4,0.35,0.1,0.0893067673825363,0.00253507445930552,-0.0106932326174637,2142,1071,400,23985,"closer_to_expected_share_better",21,"t",5,75,"yes","no","",FALSE,FALSE,NA,FALSE,FALSE,"other_numeric"
"pit_histogram",5,0.4,0.5,0.45,0.1,0.0880567364063238,0.00453585618626879,-0.0119432635936762,2112,1056,400,23985,"closer_to_expected_share_better",21,"t",5,75,"yes","no","",FALSE,FALSE,NA,FALSE,FALSE,"other_numeric"
"pit_histogram",6,0.5,0.6,0.55,0.1,0.0895560163814728,0.00011698995820026,-0.0104439836185273,2148,1074,400,23985,"closer_to_expected_share_better",21,"t",5,75,"yes","no","",FALSE,FALSE,NA,FALSE,FALSE,"other_numeric"
"pit_histogram",7,0.6,0.7,0.65,0.1,0.0925157465542562,0.00109098846283143,-0.0074842534457438,2219,1109.5,400,23985,"closer_to_expected_share_better",21,"t",5,75,"yes","no","",FALSE,FALSE,NA,FALSE,FALSE,"other_numeric"
"pit_histogram",8,0.7,0.8,0.75,0.1,0.09264068394476,0.00146617610358546,-0.00735931605524001,2222,1111,400,23985,"closer_to_expected_share_better",21,"t",5,75,"yes","no","",FALSE,FALSE,NA,FALSE,FALSE,"other_numeric"
"pit_histogram",9,0.8,0.9,0.85,0.1,0.0948098949161715,0.0017032849303417,-0.0051901050838285,2274,1137,400,23985,"closer_to_expected_share_better",21,"t",5,75,"yes","no","",FALSE,FALSE,NA,FALSE,FALSE,"other_numeric"
"pit_histogram",10,0.9,1,0.95,0.1,0.0951835181017477,0.00259092550915507,-0.00481648189825232,2283,1141.5,400,23985,"closer_to_expected_share_better",21,"t",5,75,"yes","no","",FALSE,FALSE,NA,FALSE,FALSE,"other_numeric"
"pit_histogram",1,0,0.1,0.05,0.1,0.079309147857535,0.0255457069973199,-0.020690852142465,1902,951,400,23985,"closer_to_expected_share_better",22,"t",5,85,"yes","no","",FALSE,FALSE,NA,FALSE,FALSE,"other_numeric"
"pit_histogram",2,0.1,0.2,0.15,0.1,0.0743820214312838,0.00586489214896316,-0.0256179785687163,1784,892,400,23985,"closer_to_expected_share_better",22,"t",5,85,"yes","no","",FALSE,FALSE,NA,FALSE,FALSE,"other_numeric"
"pit_histogram",3,0.2,0.3,0.25,0.1,0.0736719152260538,0.0023207440999389,-0.0263280847739463,1767,883.5,400,23985,"closer_to_expected_share_better",22,"t",5,85,"yes","no","",FALSE,FALSE,NA,FALSE,FALSE,"other_numeric"
"pit_histogram",4,0.3,0.4,0.35,0.1,0.0757965392248963,0.00222296565132275,-0.0242034607751037,1818,909,400,23985,"closer_to_expected_share_better",22,"t",5,85,"yes","no","",FALSE,FALSE,NA,FALSE,FALSE,"other_numeric"
"pit_histogram",5,0.4,0.5,0.45,0.1,0.0853449098010238,0.000259824715938745,-0.0146550901989762,2047,1023.5,400,23985,"closer_to_expected_share_better",22,"t",5,85,"yes","no","",FALSE,FALSE,NA,FALSE,FALSE,"other_numeric"
"pit_histogram",6,0.5,0.6,0.55,0.1,0.0900554217633487,0.00230100067559432,-0.00994457823665135,2160,1080,400,23985,"closer_to_expected_share_better",22,"t",5,85,"yes","no","",FALSE,FALSE,NA,FALSE,FALSE,"other_numeric"
"pit_histogram",7,0.6,0.7,0.65,0.1,0.104313553363316,0.00438028676338254,0.00431355336331582,2502,1251,400,23985,"closer_to_expected_share_better",22,"t",5,85,"yes","no","",FALSE,FALSE,NA,FALSE,FALSE,"other_numeric"
"pit_histogram",8,0.7,0.8,0.75,0.1,0.114902568234651,0.00687787687662657,0.0149025682346513,2756,1378,400,23985,"closer_to_expected_share_better",22,"t",5,85,"yes","no","",FALSE,FALSE,NA,FALSE,FALSE,"other_numeric"
"pit_histogram",9,0.8,0.9,0.85,0.1,0.139499495744807,0.0116216178669292,0.0394994957448071,3346,1673,400,23985,"closer_to_expected_share_better",22,"t",5,85,"yes","no","",FALSE,FALSE,NA,FALSE,FALSE,"other_numeric"
"pit_histogram",10,0.9,1,0.95,0.1,0.162724427353085,0.00606777069642786,0.0627244273530845,3903,1951.5,400,23985,"closer_to_expected_share_better",22,"t",5,85,"yes","no","",FALSE,FALSE,NA,FALSE,FALSE,"other_numeric"
"pit_histogram",1,0,0.1,0.05,0.1,0.162936317162374,0.00306301550362566,0.0629363171623737,3908,1954,400,23985,"closer_to_expected_share_better",23,"t",10,75,"yes","no","",FALSE,FALSE,NA,FALSE,FALSE,"other_numeric"
"pit_histogram",2,0.1,0.2,0.15,0.1,0.102067183462532,0.00904392764857881,0.00206718346253229,2448,1224,400,23985,"closer_to_expected_share_better",23,"t",10,75,"yes","no","",FALSE,FALSE,NA,FALSE,FALSE,"other_numeric"
"pit_histogram",3,0.2,0.3,0.25,0.1,0.0912665290947361,0.0030778152496082,-0.00873347090526388,2189,1094.5,400,23985,"closer_to_expected_share_better",23,"t",10,75,"yes","no","",FALSE,FALSE,NA,FALSE,FALSE,"other_numeric"
"pit_histogram",4,0.3,0.4,0.35,0.1,0.0863051411000898,0.00320103173941633,-0.0136948588999102,2070,1035,400,23985,"closer_to_expected_share_better",23,"t",10,75,"yes","no","",FALSE,FALSE,NA,FALSE,FALSE,"other_numeric"
"pit_histogram",5,0.4,0.5,0.45,0.1,0.0868883387012919,0.00186708338746348,-0.013111661298708,2084,1042,400,23985,"closer_to_expected_share_better",23,"t",10,75,"yes","no","",FALSE,FALSE,NA,FALSE,FALSE,"other_numeric"
"pit_histogram",6,0.5,0.6,0.55,0.1,0.0908893389513545,0.00213391686259903,-0.00911066104864564,2180,1090,400,23985,"closer_to_expected_share_better",23,"t",10,75,"yes","no","",FALSE,FALSE,NA,FALSE,FALSE,"other_numeric"
"pit_histogram",7,0.6,0.7,0.65,0.1,0.0878036075585463,0.00338585647412854,-0.0121963924414537,2106,1053,400,23985,"closer_to_expected_share_better",23,"t",10,75,"yes","no","",FALSE,FALSE,NA,FALSE,FALSE,"other_numeric"
"pit_histogram",8,0.7,0.8,0.75,0.1,0.0930985686862156,0.00342556234654259,-0.00690143131378437,2233,1116.5,400,23985,"closer_to_expected_share_better",23,"t",10,75,"yes","no","",FALSE,FALSE,NA,FALSE,FALSE,"other_numeric"
"pit_histogram",9,0.8,0.9,0.85,0.1,0.0979758515705002,0.00546667572799106,-0.00202414842949974,2350,1175,400,23985,"closer_to_expected_share_better",23,"t",10,75,"yes","no","",FALSE,FALSE,NA,FALSE,FALSE,"other_numeric"
"pit_histogram",10,0.9,1,0.95,0.1,0.10076912371236,0.00584086211743126,0.000769123712359543,2417,1208.5,400,23985,"closer_to_expected_share_better",23,"t",10,75,"yes","no","",FALSE,FALSE,NA,FALSE,FALSE,"other_numeric"
"pit_histogram",1,0,0.1,0.05,0.1,0.0811785153495581,0.00741007323903048,-0.0188214846504419,1947,973.5,400,23985,"closer_to_expected_share_better",24,"t",10,85,"yes","no","",FALSE,FALSE,NA,FALSE,FALSE,"other_numeric"
"pit_histogram",2,0.1,0.2,0.15,0.1,0.0782989478600881,2.93804682401852e-05,-0.0217010521399119,1878,939,400,23985,"closer_to_expected_share_better",24,"t",10,85,"yes","no","",FALSE,FALSE,NA,FALSE,FALSE,"other_numeric"
"pit_histogram",3,0.2,0.3,0.25,0.1,0.0728775161758408,0.00364161360660486,-0.0271224838241593,1748,874,400,23985,"closer_to_expected_share_better",24,"t",10,85,"yes","no","",FALSE,FALSE,NA,FALSE,FALSE,"other_numeric"
"pit_histogram",4,0.3,0.4,0.35,0.1,0.0737124033260567,0.000889580503233921,-0.0262875966739432,1768,884,400,23985,"closer_to_expected_share_better",24,"t",10,85,"yes","no","",FALSE,FALSE,NA,FALSE,FALSE,"other_numeric"
"pit_histogram",5,0.4,0.5,0.45,0.1,0.0798420012911136,0.0011556630398841,-0.0201579987088864,1915,957.5,400,23985,"closer_to_expected_share_better",24,"t",10,85,"yes","no","",FALSE,FALSE,NA,FALSE,FALSE,"other_numeric"
"pit_histogram",6,0.5,0.6,0.55,0.1,0.0870950345193906,0.00284411693513969,-0.0129049654806095,2089,1044.5,400,23985,"closer_to_expected_share_better",24,"t",10,85,"yes","no","",FALSE,FALSE,NA,FALSE,FALSE,"other_numeric"
"pit_histogram",7,0.6,0.7,0.65,0.1,0.0945163718357017,0.00275794674394324,-0.00548362816429832,2267,1133.5,400,23985,"closer_to_expected_share_better",24,"t",10,85,"yes","no","",FALSE,FALSE,NA,FALSE,FALSE,"other_numeric"
"pit_histogram",8,0.7,0.8,0.75,0.1,0.116237830728954,0.00395888511667457,0.0162378307289535,2788,1394,400,23985,"closer_to_expected_share_better",24,"t",10,85,"yes","no","",FALSE,FALSE,NA,FALSE,FALSE,"other_numeric"
"pit_histogram",9,0.8,0.9,0.85,0.1,0.13996113517869,0.00357474879230318,0.0399611351786896,3357,1678.5,400,23985,"closer_to_expected_share_better",24,"t",10,85,"yes","no","",FALSE,FALSE,NA,FALSE,FALSE,"other_numeric"
"pit_histogram",10,0.9,1,0.95,0.1,0.176280243734607,0.0090717749507447,0.0762802437346073,4228,2114,400,23985,"closer_to_expected_share_better",24,"t",10,85,"yes","no","",FALSE,FALSE,NA,FALSE,FALSE,"other_numeric"
"pit_histogram",1,0,0.1,0.05,0.1,0.127407352338585,0.0149615732261394,0.0274073523385852,3056,1528,400,23985,"closer_to_expected_share_better",25,"t",15,75,"yes","no","",FALSE,FALSE,NA,FALSE,FALSE,"other_numeric"
"pit_histogram",2,0.1,0.2,0.15,0.1,0.10093652041639,0.00417309031962695,0.000936520416390377,2421,1210.5,400,23985,"closer_to_expected_share_better",25,"t",15,75,"yes","no","",FALSE,FALSE,NA,FALSE,FALSE,"other_numeric"
"pit_histogram",3,0.2,0.3,0.25,0.1,0.0877642145771678,0.00274295926333936,-0.0122357854228322,2105,1052.5,400,23985,"closer_to_expected_share_better",25,"t",15,75,"yes","no","",FALSE,FALSE,NA,FALSE,FALSE,"other_numeric"
"pit_histogram",4,0.3,0.4,0.35,0.1,0.0871395276246489,0.00461889746710952,-0.0128604723753511,2090,1045,400,23985,"closer_to_expected_share_better",25,"t",15,75,"yes","no","",FALSE,FALSE,NA,FALSE,FALSE,"other_numeric"
"pit_histogram",5,0.4,0.5,0.45,0.1,0.0860136518113512,0.00415985502882227,-0.0139863481886487,2063,1031.5,400,23985,"closer_to_expected_share_better",25,"t",15,75,"yes","no","",FALSE,FALSE,NA,FALSE,FALSE,"other_numeric"
"pit_histogram",6,0.5,0.6,0.55,0.1,0.0920169982435549,0.00307809685154021,-0.0079830017564452,2207,1103.5,400,23985,"closer_to_expected_share_better",25,"t",15,75,"yes","no","",FALSE,FALSE,NA,FALSE,FALSE,"other_numeric"
"pit_histogram",7,0.6,0.7,0.65,0.1,0.0953509460948821,0.000839768250370902,-0.00464905390511791,2287,1143.5,400,23985,"closer_to_expected_share_better",25,"t",15,75,"yes","no","",FALSE,FALSE,NA,FALSE,FALSE,"other_numeric"
"pit_histogram",8,0.7,0.8,0.75,0.1,0.097353167120609,0.00174593197849012,-0.00264683287939099,2335,1167.5,400,23985,"closer_to_expected_share_better",25,"t",15,75,"yes","no","",FALSE,FALSE,NA,FALSE,FALSE,"other_numeric"
"pit_histogram",9,0.8,0.9,0.85,0.1,0.108944747448123,0.00441861591524007,0.00894474744812332,2613,1306.5,400,23985,"closer_to_expected_share_better",25,"t",15,75,"yes","no","",FALSE,FALSE,NA,FALSE,FALSE,"other_numeric"
"pit_histogram",10,0.9,1,0.95,0.1,0.117072874324687,0.000789924708404326,0.0170728743246873,2808,1404,400,23985,"closer_to_expected_share_better",25,"t",15,75,"yes","no","",FALSE,FALSE,NA,FALSE,FALSE,"other_numeric"
"pit_histogram",1,0,0.1,0.05,0.1,0.0497105006982476,0.0340399163855028,-0.0502894993017524,1192,596,400,23985,"closer_to_expected_share_better",26,"t",15,85,"yes","no","",FALSE,FALSE,NA,FALSE,FALSE,"other_numeric"
"pit_histogram",2,0.1,0.2,0.15,0.1,0.0552112189709089,0.0267874463610898,-0.0447887810290911,1324,662,400,23985,"closer_to_expected_share_better",26,"t",15,85,"yes","no","",FALSE,FALSE,NA,FALSE,FALSE,"other_numeric"
"pit_histogram",3,0.2,0.3,0.25,0.1,0.0556647545269701,0.0132374810419322,-0.04433524547303,1335,667.5,400,23985,"closer_to_expected_share_better",26,"t",15,85,"yes","no","",FALSE,FALSE,NA,FALSE,FALSE,"other_numeric"
"pit_histogram",4,0.3,0.4,0.35,0.1,0.0598748285670016,0.0108625755037358,-0.0401251714329984,1436,718,400,23985,"closer_to_expected_share_better",26,"t",15,85,"yes","no","",FALSE,FALSE,NA,FALSE,FALSE,"other_numeric"
"pit_histogram",5,0.4,0.5,0.45,0.1,0.0736717900696395,0.00198720225601946,-0.0263282099303604,1767,883.5,400,23985,"closer_to_expected_share_better",26,"t",15,85,"yes","no","",FALSE,FALSE,NA,FALSE,FALSE,"other_numeric"
"pit_histogram",6,0.5,0.6,0.55,0.1,0.082887369740333,0.00595146909850586,-0.0171126302596671,1988,994,400,23985,"closer_to_expected_share_better",26,"t",15,85,"yes","no","",FALSE,FALSE,NA,FALSE,FALSE,"other_numeric"
"pit_histogram",7,0.6,0.7,0.65,0.1,0.0923483811393289,0.00267537479965587,-0.00765161886067109,2215,1107.5,400,23985,"closer_to_expected_share_better",26,"t",15,85,"yes","no","",FALSE,FALSE,NA,FALSE,FALSE,"other_numeric"
"pit_histogram",8,0.7,0.8,0.75,0.1,0.122572153298585,0.0118781259378909,0.0225721532985849,2940,1470,400,23985,"closer_to_expected_share_better",26,"t",15,85,"yes","no","",FALSE,FALSE,NA,FALSE,FALSE,"other_numeric"
"pit_histogram",9,0.8,0.9,0.85,0.1,0.161883032069329,0.0261639796836096,0.0618830320693287,3883,1941.5,400,23985,"closer_to_expected_share_better",26,"t",15,85,"yes","no","",FALSE,FALSE,NA,FALSE,FALSE,"other_numeric"
"pit_histogram",10,0.9,1,0.95,0.1,0.246175970919657,0.0521486102256295,0.146175970919657,5905,2952.5,400,23985,"closer_to_expected_share_better",26,"t",15,85,"yes","no","",FALSE,FALSE,NA,FALSE,FALSE,"other_numeric"
"pit_histogram",1,0,0.1,0.05,0.1,0.0798872766239608,0.0107033139666298,-0.0201127233760392,1916,958,400,23985,"closer_to_expected_share_better",27,"skew-t",2,0,"yes","no","",FALSE,FALSE,NA,FALSE,FALSE,"other_numeric"
"pit_histogram",2,0.1,0.2,0.15,0.1,0.0806783903183003,0.00791019827028829,-0.0193216096816997,1935,967.5,400,23985,"closer_to_expected_share_better",27,"skew-t",2,0,"yes","no","",FALSE,FALSE,NA,FALSE,FALSE,"other_numeric"
"pit_histogram",3,0.2,0.3,0.25,0.1,0.101733109703852,0.00762624965550697,0.00173310970385236,2440,1220,400,23985,"closer_to_expected_share_better",27,"skew-t",2,0,"yes","no","",FALSE,FALSE,NA,FALSE,FALSE,"other_numeric"
"pit_histogram",4,0.3,0.4,0.35,0.1,0.118367085515123,0.00383845335708301,0.0183670855151225,2839,1419.5,400,23985,"closer_to_expected_share_better",27,"skew-t",2,0,"yes","no","",FALSE,FALSE,NA,FALSE,FALSE,"other_numeric"
"pit_histogram",5,0.4,0.5,0.45,0.1,0.124493398124306,0.00287177650268422,0.0244933981243059,2986,1493,400,23985,"closer_to_expected_share_better",27,"skew-t",2,0,"yes","no","",FALSE,FALSE,NA,FALSE,FALSE,"other_numeric"
"pit_histogram",6,0.5,0.6,0.55,0.1,0.12441013781974,0.00253826594786835,0.0244101378197401,2984,1492,400,23985,"closer_to_expected_share_better",27,"skew-t",2,0,"yes","no","",FALSE,FALSE,NA,FALSE,FALSE,"other_numeric"
"pit_histogram",7,0.6,0.7,0.65,0.1,0.111985641555534,0.00270969894625809,0.0119856415555341,2686,1343,400,23985,"closer_to_expected_share_better",27,"skew-t",2,0,"yes","no","",FALSE,FALSE,NA,FALSE,FALSE,"other_numeric"
"pit_histogram",8,0.7,0.8,0.75,0.1,0.0991842680389817,0.00725900944705646,-0.000815731961018265,2379,1189.5,400,23985,"closer_to_expected_share_better",27,"skew-t",2,0,"yes","no","",FALSE,FALSE,NA,FALSE,FALSE,"other_numeric"
"pit_histogram",9,0.8,0.9,0.85,0.1,0.0820906552964567,0.00618141272054751,-0.0179093447035432,1969,984.5,400,23985,"closer_to_expected_share_better",27,"skew-t",2,0,"yes","no","",FALSE,FALSE,NA,FALSE,FALSE,"other_numeric"
"pit_histogram",10,0.9,1,0.95,0.1,0.0771700370037454,0.00851805168509345,-0.0228299629962546,1851,925.5,400,23985,"closer_to_expected_share_better",27,"skew-t",2,0,"yes","no","",FALSE,FALSE,NA,FALSE,FALSE,"other_numeric"
"pit_histogram",1,0,0.1,0.05,0.1,0.0471539932030055,0.00127478065712624,-0.0528460067969946,1131,565.5,400,23985,"closer_to_expected_share_better",28,"skew-t",2,75,"yes","no","",FALSE,FALSE,NA,FALSE,FALSE,"other_numeric"
"pit_histogram",2,0.1,0.2,0.15,0.1,0.0611226380168616,0.00294142604720249,-0.0388773619831384,1466,733,400,23985,"closer_to_expected_share_better",28,"skew-t",2,75,"yes","no","",FALSE,FALSE,NA,FALSE,FALSE,"other_numeric"
"pit_histogram",3,0.2,0.3,0.25,0.1,0.0737558951800012,0.00390509914765979,-0.0262441048199988,1769,884.5,400,23985,"closer_to_expected_share_better",28,"skew-t",2,75,"yes","no","",FALSE,FALSE,NA,FALSE,FALSE,"other_numeric"
"pit_histogram",4,0.3,0.4,0.35,0.1,0.0865132762169521,0.0023255626218867,-0.0134867237830478,2075,1037.5,400,23985,"closer_to_expected_share_better",28,"skew-t",2,75,"yes","no","",FALSE,FALSE,NA,FALSE,FALSE,"other_numeric"
"pit_histogram",5,0.4,0.5,0.45,0.1,0.0958530736287675,0.0039967762210823,-0.00414692637123243,2299,1149.5,400,23985,"closer_to_expected_share_better",28,"skew-t",2,75,"yes","no","",FALSE,FALSE,NA,FALSE,FALSE,"other_numeric"
"pit_histogram",6,0.5,0.6,0.55,0.1,0.113905353215181,0.00221076290093545,0.0139053532151806,2732,1366,400,23985,"closer_to_expected_share_better",28,"skew-t",2,75,"yes","no","",FALSE,FALSE,NA,FALSE,FALSE,"other_numeric"
"pit_histogram",7,0.6,0.7,0.65,0.1,0.129621838642844,0.00224446126546653,0.0296218386428439,3109,1554.5,400,23985,"closer_to_expected_share_better",28,"skew-t",2,75,"yes","no","",FALSE,FALSE,NA,FALSE,FALSE,"other_numeric"
"pit_histogram",8,0.7,0.8,0.75,0.1,0.139919927429305,0.00228228979166713,0.0399199274293048,3356,1678,400,23985,"closer_to_expected_share_better",28,"skew-t",2,75,"yes","no","",FALSE,FALSE,NA,FALSE,FALSE,"other_numeric"
"pit_histogram",9,0.8,0.9,0.85,0.1,0.139584383082758,0.00761908445079237,0.0395843830827577,3348,1674,400,23985,"closer_to_expected_share_better",28,"skew-t",2,75,"yes","no","",FALSE,FALSE,NA,FALSE,FALSE,"other_numeric"
"pit_histogram",10,0.9,1,0.95,0.1,0.112569621384325,0.00195901077371444,0.0125696213843251,2700,1350,400,23985,"closer_to_expected_share_better",28,"skew-t",2,75,"yes","no","",FALSE,FALSE,NA,FALSE,FALSE,"other_numeric"
"pit_histogram",1,0,0.1,0.05,0.1,0.0792203493816397,0.0111199909587006,-0.0207796506183603,1900,950,400,23985,"closer_to_expected_share_better",29,"skew-t",3,0,"yes","no","",FALSE,FALSE,NA,FALSE,FALSE,"other_numeric"
"pit_histogram",2,0.1,0.2,0.15,0.1,0.0828879642333006,0.00753579285712319,-0.0171120357666994,1988,994,400,23985,"closer_to_expected_share_better",29,"skew-t",3,0,"yes","no","",FALSE,FALSE,NA,FALSE,FALSE,"other_numeric"
"pit_histogram",3,0.2,0.3,0.25,0.1,0.100482327789155,0.00762578031895361,0.000482327789154469,2410,1205,400,23985,"closer_to_expected_share_better",29,"skew-t",3,0,"yes","no","",FALSE,FALSE,NA,FALSE,FALSE,"other_numeric"
"pit_histogram",4,0.3,0.4,0.35,0.1,0.117115928131182,0.00283735848877134,0.017115928131182,2809,1404.5,400,23985,"closer_to_expected_share_better",29,"skew-t",3,0,"yes","no","",FALSE,FALSE,NA,FALSE,FALSE,"other_numeric"
"pit_histogram",5,0.4,0.5,0.45,0.1,0.125245556884717,0.0016313199921602,0.0252455568847167,3004,1502,400,23985,"closer_to_expected_share_better",29,"skew-t",3,0,"yes","no","",FALSE,FALSE,NA,FALSE,FALSE,"other_numeric"
"pit_histogram",6,0.5,0.6,0.55,0.1,0.123325250732102,0.00487346561365066,0.0233252507321024,2958,1479,400,23985,"closer_to_expected_share_better",29,"skew-t",3,0,"yes","no","",FALSE,FALSE,NA,FALSE,FALSE,"other_numeric"
"pit_histogram",7,0.6,0.7,0.65,0.1,0.114945653330249,0.00316720821847103,0.0149456533302495,2757,1378.5,400,23985,"closer_to_expected_share_better",29,"skew-t",3,0,"yes","no","",FALSE,FALSE,NA,FALSE,FALSE,"other_numeric"
"pit_histogram",8,0.7,0.8,0.75,0.1,0.0977661832875636,0.00867709419847454,-0.00223381671243635,2345,1172.5,400,23985,"closer_to_expected_share_better",29,"skew-t",3,0,"yes","no","",FALSE,FALSE,NA,FALSE,FALSE,"other_numeric"
"pit_histogram",9,0.8,0.9,0.85,0.1,0.0803398735069153,0.0053482151819236,-0.0196601264930847,1927,963.5,400,23985,"closer_to_expected_share_better",29,"skew-t",3,0,"yes","no","",FALSE,FALSE,NA,FALSE,FALSE,"other_numeric"
"pit_histogram",10,0.9,1,0.95,0.1,0.0786709127231758,0.00868425940318913,-0.0213290872768242,1887,943.5,400,23985,"closer_to_expected_share_better",29,"skew-t",3,0,"yes","no","",FALSE,FALSE,NA,FALSE,FALSE,"other_numeric"
"pit_histogram",1,0,0.1,0.05,0.1,0.0430277739605071,0.00235093808487157,-0.0569722260394929,1032,516,400,23985,"closer_to_expected_share_better",30,"skew-t",3,75,"yes","no","",FALSE,FALSE,NA,FALSE,FALSE,"other_numeric"
"pit_histogram",2,0.1,0.2,0.15,0.1,0.0622059606493215,0.00110735266399183,-0.0377940393506785,1492,746,400,23985,"closer_to_expected_share_better",30,"skew-t",3,75,"yes","no","",FALSE,FALSE,NA,FALSE,FALSE,"other_numeric"
"pit_histogram",3,0.2,0.3,0.25,0.1,0.0713382800154493,0.0054051300612941,-0.0286617199845507,1711,855.5,400,23985,"closer_to_expected_share_better",30,"skew-t",3,75,"yes","no","",FALSE,FALSE,NA,FALSE,FALSE,"other_numeric"
"pit_histogram",4,0.3,0.4,0.35,0.1,0.0839283269265765,0.00232459265967643,-0.0160716730734235,2013,1006.5,400,23985,"closer_to_expected_share_better",30,"skew-t",3,75,"yes","no","",FALSE,FALSE,NA,FALSE,FALSE,"other_numeric"
"pit_histogram",5,0.4,0.5,0.45,0.1,0.0996881477626664,0.00224712083926888,-0.000311852237333585,2391,1195.5,400,23985,"closer_to_expected_share_better",30,"skew-t",3,75,"yes","no","",FALSE,FALSE,NA,FALSE,FALSE,"other_numeric"
"pit_histogram",6,0.5,0.6,0.55,0.1,0.114197061527644,0.00183563783838853,0.0141970615276441,2739,1369.5,400,23985,"closer_to_expected_share_better",30,"skew-t",3,75,"yes","no","",FALSE,FALSE,NA,FALSE,FALSE,"other_numeric"
"pit_histogram",7,0.6,0.7,0.65,0.1,0.128621494713018,0.00149436758589047,0.0286214947130176,3085,1542.5,400,23985,"closer_to_expected_share_better",30,"skew-t",3,75,"yes","no","",FALSE,FALSE,NA,FALSE,FALSE,"other_numeric"
"pit_histogram",8,0.7,0.8,0.75,0.1,0.142129188453269,0.00349054981463083,0.0421291884532695,3409,1704.5,400,23985,"closer_to_expected_share_better",30,"skew-t",3,75,"yes","no","",FALSE,FALSE,NA,FALSE,FALSE,"other_numeric"
"pit_histogram",9,0.8,0.9,0.85,0.1,0.13862537205873,0.00782790792793293,0.0386253720587304,3325,1662.5,400,23985,"closer_to_expected_share_better",30,"skew-t",3,75,"yes","no","",FALSE,FALSE,NA,FALSE,FALSE,"other_numeric"
"pit_histogram",10,0.9,1,0.95,0.1,0.116238393932818,0.00245794681903709,0.0162383939328176,2788,1394,400,23985,"closer_to_expected_share_better",30,"skew-t",3,75,"yes","no","",FALSE,FALSE,NA,FALSE,FALSE,"other_numeric"
"pit_histogram",1,0,0.1,0.05,0.1,0.0797622140770428,0.0107449597634644,-0.0202377859229572,1913,956.5,400,23985,"closer_to_expected_share_better",31,"skew-t",4,0,"yes","no","",FALSE,FALSE,NA,FALSE,FALSE,"other_numeric"
"pit_histogram",2,0.1,0.2,0.15,0.1,0.0817202235994434,0.00661811473889493,-0.0182797764005566,1960,980,400,23985,"closer_to_expected_share_better",31,"skew-t",4,0,"yes","no","",FALSE,FALSE,NA,FALSE,FALSE,"other_numeric"
"pit_histogram",3,0.2,0.3,0.25,0.1,0.10060701486683,0.0065835089903607,0.000607014866829791,2413,1206.5,400,23985,"closer_to_expected_share_better",31,"skew-t",4,0,"yes","no","",FALSE,FALSE,NA,FALSE,FALSE,"other_numeric"
"pit_histogram",4,0.3,0.4,0.35,0.1,0.118200846507923,0.00525594361553351,0.0182008465079233,2835,1417.5,400,23985,"closer_to_expected_share_better",31,"skew-t",4,0,"yes","no","",FALSE,FALSE,NA,FALSE,FALSE,"other_numeric"
"pit_histogram",5,0.4,0.5,0.45,0.1,0.123660075429268,0.00145453655706219,0.0236600754292677,2966,1483,400,23985,"closer_to_expected_share_better",31,"skew-t",4,0,"yes","no","",FALSE,FALSE,NA,FALSE,FALSE,"other_numeric"
"pit_histogram",6,0.5,0.6,0.55,0.1,0.124451783616575,0.00266332849478636,0.0244517836165747,2985,1492.5,400,23985,"closer_to_expected_share_better",31,"skew-t",4,0,"yes","no","",FALSE,FALSE,NA,FALSE,FALSE,"other_numeric"
"pit_histogram",7,0.6,0.7,0.65,0.1,0.113861611048408,0.00325100043779714,0.0138616110484078,2731,1365.5,400,23985,"closer_to_expected_share_better",31,"skew-t",4,0,"yes","no","",FALSE,FALSE,NA,FALSE,FALSE,"other_numeric"
"pit_histogram",8,0.7,0.8,0.75,0.1,0.0994759137732381,0.00780090543156309,-0.000524086226761866,2386,1193,400,23985,"closer_to_expected_share_better",31,"skew-t",4,0,"yes","no","",FALSE,FALSE,NA,FALSE,FALSE,"other_numeric"
"pit_histogram",9,0.8,0.9,0.85,0.1,0.0811318632961544,0.00580653797082904,-0.0188681367038456,1946,973,400,23985,"closer_to_expected_share_better",31,"skew-t",4,0,"yes","no","",FALSE,FALSE,NA,FALSE,FALSE,"other_numeric"
"pit_histogram",10,0.9,1,0.95,0.1,0.077128453785118,0.00822621821621571,-0.022871546214882,1850,925,400,23985,"closer_to_expected_share_better",31,"skew-t",4,0,"yes","no","",FALSE,FALSE,NA,FALSE,FALSE,"other_numeric"
"pit_histogram",1,0,0.1,0.05,0.1,0.0469062460810398,0.00514580597101227,-0.0530937539189602,1125,562.5,400,23985,"closer_to_expected_share_better",32,"skew-t",4,75,"yes","no","",FALSE,FALSE,NA,FALSE,FALSE,"other_numeric"
"pit_histogram",2,0.1,0.2,0.15,0.1,0.0597487334796662,0.00815250108823502,-0.0402512665203338,1433,716.5,400,23985,"closer_to_expected_share_better",32,"skew-t",4,75,"yes","no","",FALSE,FALSE,NA,FALSE,FALSE,"other_numeric"
"pit_histogram",3,0.2,0.3,0.25,0.1,0.0679199454518284,0.00665462912274615,-0.0320800545481716,1629,814.5,400,23985,"closer_to_expected_share_better",32,"skew-t",4,75,"yes","no","",FALSE,FALSE,NA,FALSE,FALSE,"other_numeric"
"pit_histogram",4,0.3,0.4,0.35,0.1,0.080386525560319,0.00786839602793591,-0.019613474439681,1928,964,400,23985,"closer_to_expected_share_better",32,"skew-t",4,75,"yes","no","",FALSE,FALSE,NA,FALSE,FALSE,"other_numeric"
"pit_histogram",5,0.4,0.5,0.45,0.1,0.098062991723907,0.00453961087869565,-0.00193700827609303,2352,1176,400,23985,"closer_to_expected_share_better",32,"skew-t",4,75,"yes","no","",FALSE,FALSE,NA,FALSE,FALSE,"other_numeric"
"pit_histogram",6,0.5,0.6,0.55,0.1,0.113279352120312,0.000584511743551501,0.0132793521203123,2717,1358.5,400,23985,"closer_to_expected_share_better",32,"skew-t",4,75,"yes","no","",FALSE,FALSE,NA,FALSE,FALSE,"other_numeric"
"pit_histogram",7,0.6,0.7,0.65,0.1,0.130913296392166,0.00495400376620682,0.0309132963921661,3140,1570,400,23985,"closer_to_expected_share_better",32,"skew-t",4,75,"yes","no","",FALSE,FALSE,NA,FALSE,FALSE,"other_numeric"
"pit_histogram",8,0.7,0.8,0.75,0.1,0.142293518825152,0.00999455319285278,0.0422935188251518,3413,1706.5,400,23985,"closer_to_expected_share_better",32,"skew-t",4,75,"yes","no","",FALSE,FALSE,NA,FALSE,FALSE,"other_numeric"
"pit_histogram",9,0.8,0.9,0.85,0.1,0.14291854995781,0.0109532513258445,0.0429185499578098,3428,1714,400,23985,"closer_to_expected_share_better",32,"skew-t",4,75,"yes","no","",FALSE,FALSE,NA,FALSE,FALSE,"other_numeric"
"pit_histogram",10,0.9,1,0.95,0.1,0.1175708404078,0.00704364654727246,0.0175708404077997,2820,1410,400,23985,"closer_to_expected_share_better",32,"skew-t",4,75,"yes","no","",FALSE,FALSE,NA,FALSE,FALSE,"other_numeric"
"pit_histogram",1,0,0.1,0.05,0.1,0.0888936886373746,0.0127913297143105,-0.0111063113626254,2132,1066,400,23985,"closer_to_expected_share_better",33,"skew-t",6,0,"yes","no","",TRUE,FALSE,NA,FALSE,FALSE,"morris_baseline"
"pit_histogram",2,0.1,0.2,0.15,0.1,0.0883904034066575,0.00486952318660246,-0.0116095965933425,2120,1060,400,23985,"closer_to_expected_share_better",33,"skew-t",6,0,"yes","no","",TRUE,FALSE,NA,FALSE,FALSE,"morris_baseline"
"pit_histogram",3,0.2,0.3,0.25,0.1,0.102316495039676,0.00679261406943327,0.00231649503967579,2454,1227,400,23985,"closer_to_expected_share_better",33,"skew-t",6,0,"yes","no","",TRUE,FALSE,NA,FALSE,FALSE,"morris_baseline"
"pit_histogram",4,0.3,0.4,0.35,0.1,0.111862800534969,0.00325231458014654,0.0118628005349686,2683,1341.5,400,23985,"closer_to_expected_share_better",33,"skew-t",6,0,"yes","no","",TRUE,FALSE,NA,FALSE,FALSE,"morris_baseline"
"pit_histogram",5,0.4,0.5,0.45,0.1,0.111945810526706,0.00225172033749178,0.0119458105267058,2685,1342.5,400,23985,"closer_to_expected_share_better",33,"skew-t",6,0,"yes","no","",TRUE,FALSE,NA,FALSE,FALSE,"morris_baseline"
"pit_histogram",6,0.5,0.6,0.55,0.1,0.110193714594815,0.00041727148503843,0.0101937145948148,2643,1321.5,400,23985,"closer_to_expected_share_better",33,"skew-t",6,0,"yes","no","",TRUE,FALSE,NA,FALSE,FALSE,"morris_baseline"
"pit_histogram",7,0.6,0.7,0.65,0.1,0.105315054989974,0.00204511838670378,0.00531505498997374,2526,1263,400,23985,"closer_to_expected_share_better",33,"skew-t",6,0,"yes","no","",TRUE,FALSE,NA,FALSE,FALSE,"morris_baseline"
"pit_histogram",8,0.7,0.8,0.75,0.1,0.101311332587902,0.00529865324188905,0.00131133258790175,2430,1215,400,23985,"closer_to_expected_share_better",33,"skew-t",6,0,"yes","no","",TRUE,FALSE,NA,FALSE,FALSE,"morris_baseline"
"pit_histogram",9,0.8,0.9,0.85,0.1,0.0881361481511519,0.00605406606906982,-0.0118638518488481,2114,1057,400,23985,"closer_to_expected_share_better",33,"skew-t",6,0,"yes","no","",TRUE,FALSE,NA,FALSE,FALSE,"morris_baseline"
"pit_histogram",10,0.9,1,0.95,0.1,0.0916345515307756,0.0161423927052834,-0.00836544846922438,2198,1099,400,23985,"closer_to_expected_share_better",33,"skew-t",6,0,"yes","no","",TRUE,FALSE,NA,FALSE,FALSE,"morris_baseline"
"pit_histogram",1,0,0.1,0.05,0.1,0.0868086766436354,0.0117899219549632,-0.0131913233563646,2082,1041,400,23985,"closer_to_expected_share_better",34,"skew-t",7,0,"yes","no","",TRUE,FALSE,NA,FALSE,FALSE,"morris_baseline"
"pit_histogram",2,0.1,0.2,0.15,0.1,0.0908092388462481,0.00662152525118266,-0.00919076115375191,2178,1089,400,23985,"closer_to_expected_share_better",34,"skew-t",7,0,"yes","no","",TRUE,FALSE,NA,FALSE,FALSE,"morris_baseline"
"pit_histogram",3,0.2,0.3,0.25,0.1,0.105150881063609,0.00487581229641745,0.00515088106360921,2522,1261,400,23985,"closer_to_expected_share_better",34,"skew-t",7,0,"yes","no","",TRUE,FALSE,NA,FALSE,FALSE,"morris_baseline"
"pit_histogram",4,0.3,0.4,0.35,0.1,0.108152382189642,0.00387631317238719,0.00815238218964152,2594,1297,400,23985,"closer_to_expected_share_better",34,"skew-t",7,0,"yes","no","",TRUE,FALSE,NA,FALSE,FALSE,"morris_baseline"
"pit_histogram",5,0.4,0.5,0.45,0.1,0.113863769996553,0.00250259636981318,0.0138637699965532,2731,1365.5,400,23985,"closer_to_expected_share_better",34,"skew-t",7,0,"yes","no","",TRUE,FALSE,NA,FALSE,FALSE,"morris_baseline"
"pit_histogram",6,0.5,0.6,0.55,0.1,0.106691337499039,0.000918898393266983,0.00669133749903933,2559,1279.5,400,23985,"closer_to_expected_share_better",34,"skew-t",7,0,"yes","no","",TRUE,FALSE,NA,FALSE,FALSE,"morris_baseline"
"pit_histogram",7,0.6,0.7,0.65,0.1,0.108317150608974,0.0014602937521167,0.00831715060897359,2598,1299,400,23985,"closer_to_expected_share_better",34,"skew-t",7,0,"yes","no","",TRUE,FALSE,NA,FALSE,FALSE,"morris_baseline"
"pit_histogram",8,0.7,0.8,0.75,0.1,0.0983925911407782,0.00596683204835243,-0.00160740885922178,2360,1180,400,23985,"closer_to_expected_share_better",34,"skew-t",7,0,"yes","no","",TRUE,FALSE,NA,FALSE,FALSE,"morris_baseline"
"pit_histogram",9,0.8,0.9,0.85,0.1,0.0915542636910479,0.00788726335738089,-0.0084457363089521,2196,1098,400,23985,"closer_to_expected_share_better",34,"skew-t",7,0,"yes","no","",TRUE,FALSE,NA,FALSE,FALSE,"morris_baseline"
"pit_histogram",10,0.9,1,0.95,0.1,0.0902597083204735,0.0134328814936467,-0.00974029167952646,2165,1082.5,400,23985,"closer_to_expected_share_better",34,"skew-t",7,0,"yes","no","",TRUE,FALSE,NA,FALSE,FALSE,"morris_baseline"
"pit_histogram",1,0,0.1,0.05,0.1,0.0886013232537363,0.0114153600962803,-0.0113986767462637,2125,1062.5,400,23985,"closer_to_expected_share_better",35,"skew-t",8,0,"yes","no","",TRUE,FALSE,NA,FALSE,FALSE,"morris_baseline"
"pit_histogram",2,0.1,0.2,0.15,0.1,0.0888086135648026,0.00828848353229449,-0.0111913864351974,2130,1065,400,23985,"closer_to_expected_share_better",35,"skew-t",8,0,"yes","no","",TRUE,FALSE,NA,FALSE,FALSE,"morris_baseline"
"pit_histogram",3,0.2,0.3,0.25,0.1,0.106485455197633,0.00596032391481254,0.00648545519763322,2554,1277,400,23985,"closer_to_expected_share_better",35,"skew-t",8,0,"yes","no","",TRUE,FALSE,NA,FALSE,FALSE,"morris_baseline"
"pit_histogram",4,0.3,0.4,0.35,0.1,0.10831808928208,0.00104127007727908,0.0083180892820803,2598,1299,400,23985,"closer_to_expected_share_better",35,"skew-t",8,0,"yes","no","",TRUE,FALSE,NA,FALSE,FALSE,"morris_baseline"
"pit_histogram",5,0.4,0.5,0.45,0.1,0.111445685495448,0.00275184536874959,0.011445685495448,2673,1336.5,400,23985,"closer_to_expected_share_better",35,"skew-t",8,0,"yes","no","",TRUE,FALSE,NA,FALSE,FALSE,"morris_baseline"
"pit_histogram",6,0.5,0.6,0.55,0.1,0.108400848960989,0.000626407853214557,0.00840084896098892,2600,1300,400,23985,"closer_to_expected_share_better",35,"skew-t",8,0,"yes","no","",TRUE,FALSE,NA,FALSE,FALSE,"morris_baseline"
"pit_histogram",7,0.6,0.7,0.65,0.1,0.106649942015033,0.000126752158510095,0.0066499420150333,2558,1279,400,23985,"closer_to_expected_share_better",35,"skew-t",8,0,"yes","no","",TRUE,FALSE,NA,FALSE,FALSE,"morris_baseline"
"pit_histogram",8,0.7,0.8,0.75,0.1,0.0970577354048222,0.00780181281556625,-0.0029422645951778,2328,1164,400,23985,"closer_to_expected_share_better",35,"skew-t",8,0,"yes","no","",TRUE,FALSE,NA,FALSE,FALSE,"morris_baseline"
"pit_histogram",9,0.8,0.9,0.85,0.1,0.092680953021038,0.00526019893361729,-0.00731904697896194,2223,1111.5,400,23985,"closer_to_expected_share_better",35,"skew-t",8,0,"yes","no","",TRUE,FALSE,NA,FALSE,FALSE,"morris_baseline"
"pit_histogram",10,0.9,1,0.95,0.1,0.0915513538044171,0.0156421112285078,-0.00844864619558292,2196,1098,400,23985,"closer_to_expected_share_better",35,"skew-t",8,0,"yes","no","",TRUE,FALSE,NA,FALSE,FALSE,"morris_baseline"
"pit_histogram",1,0,0.1,0.05,0.1,0.088809927707152,0.0117906728934486,-0.011190072292848,2130,1065,400,23985,"closer_to_expected_share_better",36,"skew-t",9,0,"yes","no","",TRUE,FALSE,NA,FALSE,FALSE,"morris_baseline"
"pit_histogram",2,0.1,0.2,0.15,0.1,0.0917276366138582,0.0097071314875766,-0.00827236338614183,2200,1100,400,23985,"closer_to_expected_share_better",36,"skew-t",9,0,"yes","no","",TRUE,FALSE,NA,FALSE,FALSE,"morris_baseline"
"pit_histogram",3,0.2,0.3,0.25,0.1,0.102439930553209,0.00241492430164598,0.00243993055320885,2457,1228.5,400,23985,"closer_to_expected_share_better",36,"skew-t",9,0,"yes","no","",TRUE,FALSE,NA,FALSE,FALSE,"morris_baseline"
"pit_histogram",4,0.3,0.4,0.35,0.1,0.110028601995344,0.00400209536868701,0.0100286019953437,2639,1319.5,400,23985,"closer_to_expected_share_better",36,"skew-t",9,0,"yes","no","",TRUE,FALSE,NA,FALSE,FALSE,"morris_baseline"
"pit_histogram",5,0.4,0.5,0.45,0.1,0.1098197472291,0.00295969888367988,0.00981974722909959,2634,1317,400,23985,"closer_to_expected_share_better",36,"skew-t",9,0,"yes","no","",TRUE,FALSE,NA,FALSE,FALSE,"morris_baseline"
"pit_histogram",6,0.5,0.6,0.55,0.1,0.107859234578414,0.000415707029860567,0.00785923457841428,2587,1293.5,400,23985,"closer_to_expected_share_better",36,"skew-t",9,0,"yes","no","",TRUE,FALSE,NA,FALSE,FALSE,"morris_baseline"
"pit_histogram",7,0.6,0.7,0.65,0.1,0.107274284787413,0.00291993043305871,0.00727428478741309,2573,1286.5,400,23985,"closer_to_expected_share_better",36,"skew-t",9,0,"yes","no","",TRUE,FALSE,NA,FALSE,FALSE,"morris_baseline"
"pit_histogram",8,0.7,0.8,0.75,0.1,0.0991850815556742,0.0050909874615801,-0.000814918444325768,2379,1189.5,400,23985,"closer_to_expected_share_better",36,"skew-t",9,0,"yes","no","",TRUE,FALSE,NA,FALSE,FALSE,"morris_baseline"
"pit_histogram",9,0.8,0.9,0.85,0.1,0.0907200336120066,0.00888820178017477,-0.00927996638799337,2176,1088,400,23985,"closer_to_expected_share_better",36,"skew-t",9,0,"yes","no","",TRUE,FALSE,NA,FALSE,FALSE,"morris_baseline"
"pit_histogram",10,0.9,1,0.95,0.1,0.0921355213678294,0.014391110290085,-0.00786447863217053,2210,1105,400,23985,"closer_to_expected_share_better",36,"skew-t",9,0,"yes","no","",TRUE,FALSE,NA,FALSE,FALSE,"morris_baseline"
"pit_histogram",1,0,0.1,0.05,0.1,0.088476354574129,0.0117071622760545,-0.011523645425871,2122,1061,400,23985,"closer_to_expected_share_better",37,"skew-t",11,0,"yes","no","",FALSE,FALSE,NA,FALSE,FALSE,"other_numeric"
"pit_histogram",2,0.1,0.2,0.15,0.1,0.0903085819002298,0.00570409744578287,-0.0096914180997702,2166,1083,400,23985,"closer_to_expected_share_better",37,"skew-t",11,0,"yes","no","",FALSE,FALSE,NA,FALSE,FALSE,"other_numeric"
"pit_histogram",3,0.2,0.3,0.25,0.1,0.102524817891159,0.0064174577177828,0.00252481789115944,2459,1229.5,400,23985,"closer_to_expected_share_better",37,"skew-t",11,0,"yes","no","",FALSE,FALSE,NA,FALSE,FALSE,"other_numeric"
"pit_histogram",4,0.3,0.4,0.35,0.1,0.109944841065121,0.00300143854782514,0.00994484106512115,2637,1318.5,400,23985,"closer_to_expected_share_better",37,"skew-t",11,0,"yes","no","",FALSE,FALSE,NA,FALSE,FALSE,"other_numeric"
"pit_histogram",5,0.4,0.5,0.45,0.1,0.112821185776925,0.0017934288376899,0.0128211857769247,2706,1353,400,23985,"closer_to_expected_share_better",37,"skew-t",11,0,"yes","no","",FALSE,FALSE,NA,FALSE,FALSE,"other_numeric"
"pit_histogram",6,0.5,0.6,0.55,0.1,0.108317494789113,0.000543053681338251,0.0083174947891126,2598,1299,400,23985,"closer_to_expected_share_better",37,"skew-t",11,0,"yes","no","",FALSE,FALSE,NA,FALSE,FALSE,"other_numeric"
"pit_histogram",7,0.6,0.7,0.65,0.1,0.106774441358087,0.00166933625298216,0.0067744413580873,2561,1280.5,400,23985,"closer_to_expected_share_better",37,"skew-t",11,0,"yes","no","",FALSE,FALSE,NA,FALSE,FALSE,"other_numeric"
"pit_histogram",8,0.7,0.8,0.75,0.1,0.0974756639610353,0.00513332161869296,-0.00252433603896468,2338,1169,400,23985,"closer_to_expected_share_better",37,"skew-t",11,0,"yes","no","",FALSE,FALSE,NA,FALSE,FALSE,"other_numeric"
"pit_histogram",9,0.8,0.9,0.85,0.1,0.0891783256124341,0.00642890952968472,-0.0108216743875658,2139,1069.5,400,23985,"closer_to_expected_share_better",37,"skew-t",11,0,"yes","no","",FALSE,FALSE,NA,FALSE,FALSE,"other_numeric"
"pit_histogram",10,0.9,1,0.95,0.1,0.0941782930717665,0.0148489637424371,-0.00582170692823353,2259,1129.5,400,23985,"closer_to_expected_share_better",37,"skew-t",11,0,"yes","no","",FALSE,FALSE,NA,FALSE,FALSE,"other_numeric"
"pit_histogram",1,0,0.1,0.05,0.1,0.0875606476694249,0.0157927056839285,-0.0124393523305751,2100,1050,400,23985,"closer_to_expected_share_better",38,"skew-t",6,50,"yes","no","",TRUE,FALSE,NA,FALSE,FALSE,"morris_baseline"
"pit_histogram",2,0.1,0.2,0.15,0.1,0.0879343647223117,0.0117486516273713,-0.0120656352776883,2109,1054.5,400,23985,"closer_to_expected_share_better",38,"skew-t",6,50,"yes","no","",TRUE,FALSE,NA,FALSE,FALSE,"morris_baseline"
"pit_histogram",3,0.2,0.3,0.25,0.1,0.0968542310752863,0.0054147045269826,-0.00314576892471369,2323,1161.5,400,23985,"closer_to_expected_share_better",38,"skew-t",6,50,"yes","no","",TRUE,FALSE,NA,FALSE,FALSE,"morris_baseline"
"pit_histogram",4,0.3,0.4,0.35,0.1,0.10139734633358,0.00170575676952271,0.00139734633358041,2432,1216,400,23985,"closer_to_expected_share_better",38,"skew-t",6,50,"yes","no","",TRUE,FALSE,NA,FALSE,FALSE,"morris_baseline"
"pit_histogram",5,0.4,0.5,0.45,0.1,0.106775473898505,0.0010823839593532,0.00677547389850468,2561,1280.5,400,23985,"closer_to_expected_share_better",38,"skew-t",6,50,"yes","no","",TRUE,FALSE,NA,FALSE,FALSE,"morris_baseline"
"pit_histogram",6,0.5,0.6,0.55,0.1,0.110736267650496,0.00104217746128224,0.0107362676504961,2656,1328,400,23985,"closer_to_expected_share_better",38,"skew-t",6,50,"yes","no","",TRUE,FALSE,NA,FALSE,FALSE,"morris_baseline"
"pit_histogram",7,0.6,0.7,0.65,0.1,0.112276286038477,0.00591992968212023,0.0122762860384766,2693,1346.5,400,23985,"closer_to_expected_share_better",38,"skew-t",6,50,"yes","no","",TRUE,FALSE,NA,FALSE,FALSE,"morris_baseline"
"pit_histogram",8,0.7,0.8,0.75,0.1,0.102561488720528,0.00696589312493288,0.0025614887205285,2460,1230,400,23985,"closer_to_expected_share_better",38,"skew-t",6,50,"yes","no","",TRUE,FALSE,NA,FALSE,FALSE,"morris_baseline"
"pit_histogram",9,0.8,0.9,0.85,0.1,0.100684549265444,0.00900954092376948,0.000684549265444506,2415,1207.5,400,23985,"closer_to_expected_share_better",38,"skew-t",6,50,"yes","no","",TRUE,FALSE,NA,FALSE,FALSE,"morris_baseline"
"pit_histogram",10,0.9,1,0.95,0.1,0.0932193446259463,0.0148910162976179,-0.0067806553740537,2236,1118,400,23985,"closer_to_expected_share_better",38,"skew-t",6,50,"yes","no","",TRUE,FALSE,NA,FALSE,FALSE,"morris_baseline"
"pit_histogram",1,0,0.1,0.05,0.1,0.0886035134909854,0.0172523423648705,-0.0113964865090146,2125,1062.5,400,23985,"closer_to_expected_share_better",39,"skew-t",7,50,"yes","no","",TRUE,FALSE,NA,FALSE,FALSE,"morris_baseline"
"pit_histogram",2,0.1,0.2,0.15,0.1,0.0873909981499379,0.00812118069557429,-0.0126090018500621,2096,1048,400,23985,"closer_to_expected_share_better",39,"skew-t",7,50,"yes","no","",TRUE,FALSE,NA,FALSE,FALSE,"morris_baseline"
"pit_histogram",3,0.2,0.3,0.25,0.1,0.0944359588395597,0.00516364076003986,-0.00556404116044029,2265,1132.5,400,23985,"closer_to_expected_share_better",39,"skew-t",7,50,"yes","no","",TRUE,FALSE,NA,FALSE,FALSE,"morris_baseline"
"pit_histogram",4,0.3,0.4,0.35,0.1,0.102231638990829,0.00287346611427632,0.00223163899082882,2452,1226,400,23985,"closer_to_expected_share_better",39,"skew-t",7,50,"yes","no","",TRUE,FALSE,NA,FALSE,FALSE,"morris_baseline"
"pit_histogram",5,0.4,0.5,0.45,0.1,0.106859798032591,0.00358397907785254,0.00685979803259125,2563,1281.5,400,23985,"closer_to_expected_share_better",39,"skew-t",7,50,"yes","no","",TRUE,FALSE,NA,FALSE,FALSE,"morris_baseline"
"pit_histogram",6,0.5,0.6,0.55,0.1,0.11065247543117,4.1864820559491e-05,0.01065247543117,2654,1327,400,23985,"closer_to_expected_share_better",39,"skew-t",7,50,"yes","no","",TRUE,FALSE,NA,FALSE,FALSE,"morris_baseline"
"pit_histogram",7,0.6,0.7,0.65,0.1,0.108608984077851,0.00150187697074419,0.00860898407785132,2605,1302.5,400,23985,"closer_to_expected_share_better",39,"skew-t",7,50,"yes","no","",TRUE,FALSE,NA,FALSE,FALSE,"morris_baseline"
"pit_histogram",8,0.7,0.8,0.75,0.1,0.109231105323879,0.0102154229748628,0.00923110532387854,2620,1310,400,23985,"closer_to_expected_share_better",39,"skew-t",7,50,"yes","no","",TRUE,FALSE,NA,FALSE,FALSE,"morris_baseline"
"pit_histogram",9,0.8,0.9,0.85,0.1,0.0990582981080605,0.00963554201863779,-0.000941701891939428,2376,1188,400,23985,"closer_to_expected_share_better",39,"skew-t",7,50,"yes","no","",TRUE,FALSE,NA,FALSE,FALSE,"morris_baseline"
"pit_histogram",10,0.9,1,0.95,0.1,0.0929272295551365,0.0155999022278092,-0.00707277044486344,2229,1114.5,400,23985,"closer_to_expected_share_better",39,"skew-t",7,50,"yes","no","",TRUE,FALSE,NA,FALSE,FALSE,"morris_baseline"
"pit_histogram",1,0,0.1,0.05,0.1,0.0888125872809544,0.0188784370767366,-0.0111874127190456,2130,1065,400,23985,"closer_to_expected_share_better",40,"skew-t",8,50,"yes","no","",TRUE,FALSE,NA,FALSE,FALSE,"morris_baseline"
"pit_histogram",2,0.1,0.2,0.15,0.1,0.0912690322230207,0.00974865212799696,-0.00873096777697929,2189,1094.5,400,23985,"closer_to_expected_share_better",40,"skew-t",8,50,"yes","no","",TRUE,FALSE,NA,FALSE,FALSE,"morris_baseline"
"pit_histogram",3,0.2,0.3,0.25,0.1,0.0998982540930528,0.0066249357634704,-0.00010174590694724,2396,1198,400,23985,"closer_to_expected_share_better",40,"skew-t",8,50,"yes","no","",TRUE,FALSE,NA,FALSE,FALSE,"morris_baseline"
"pit_histogram",4,0.3,0.4,0.35,0.1,0.0986026974711646,0.0015890171241509,-0.00139730252883538,2365,1182.5,400,23985,"closer_to_expected_share_better",40,"skew-t",8,50,"yes","no","",TRUE,FALSE,NA,FALSE,FALSE,"morris_baseline"
"pit_histogram",5,0.4,0.5,0.45,0.1,0.108402382127063,0.00345947973479856,0.00840238212706332,2600,1300,400,23985,"closer_to_expected_share_better",40,"skew-t",8,50,"yes","no","",TRUE,FALSE,NA,FALSE,FALSE,"morris_baseline"
"pit_histogram",6,0.5,0.6,0.55,0.1,0.111235923345201,0.000708729484673473,0.0112359233452006,2668,1334,400,23985,"closer_to_expected_share_better",40,"skew-t",8,50,"yes","no","",TRUE,FALSE,NA,FALSE,FALSE,"morris_baseline"
"pit_histogram",7,0.6,0.7,0.65,0.1,0.107149409975116,0.00237797187034496,0.00714940997511643,2570,1285,400,23985,"closer_to_expected_share_better",40,"skew-t",8,50,"yes","no","",TRUE,FALSE,NA,FALSE,FALSE,"morris_baseline"
"pit_histogram",8,0.7,0.8,0.75,0.1,0.103978040305872,0.00963369596152792,0.00397804030587229,2494,1247,400,23985,"closer_to_expected_share_better",40,"skew-t",8,50,"yes","no","",TRUE,FALSE,NA,FALSE,FALSE,"morris_baseline"
"pit_histogram",9,0.8,0.9,0.85,0.1,0.0998914643575809,0.0114697092691591,-0.000108535642419083,2396,1198,400,23985,"closer_to_expected_share_better",40,"skew-t",8,50,"yes","no","",TRUE,FALSE,NA,FALSE,FALSE,"morris_baseline"
"pit_histogram",10,0.9,1,0.95,0.1,0.090760208820974,0.0129323809931462,-0.00923979117902596,2177,1088.5,400,23985,"closer_to_expected_share_better",40,"skew-t",8,50,"yes","no","",TRUE,FALSE,NA,FALSE,FALSE,"morris_baseline"
"pit_histogram",1,0,0.1,0.05,0.1,0.0846007610511236,0.0165837568000609,-0.0153992389488764,2029,1014.5,400,23985,"closer_to_expected_share_better",41,"skew-t",9,50,"yes","no","",TRUE,FALSE,NA,FALSE,FALSE,"morris_baseline"
"pit_histogram",2,0.1,0.2,0.15,0.1,0.0891434382619679,0.011707412588883,-0.0108565617380321,2138,1069,400,23985,"closer_to_expected_share_better",41,"skew-t",9,50,"yes","no","",TRUE,FALSE,NA,FALSE,FALSE,"morris_baseline"
"pit_histogram",3,0.2,0.3,0.25,0.1,0.0971463774351996,0.00620697591815372,-0.0028536225648004,2330,1165,400,23985,"closer_to_expected_share_better",41,"skew-t",9,50,"yes","no","",TRUE,FALSE,NA,FALSE,FALSE,"morris_baseline"
"pit_histogram",4,0.3,0.4,0.35,0.1,0.107275598929762,0.000582258928095387,0.00727559892976248,2573,1286.5,400,23985,"closer_to_expected_share_better",41,"skew-t",9,50,"yes","no","",TRUE,FALSE,NA,FALSE,FALSE,"morris_baseline"
"pit_histogram",5,0.4,0.5,0.45,0.1,0.106567401359849,0.00212462399884256,0.0065674013598495,2556,1278,400,23985,"closer_to_expected_share_better",41,"skew-t",9,50,"yes","no","",TRUE,FALSE,NA,FALSE,FALSE,"morris_baseline"
"pit_histogram",6,0.5,0.6,0.55,0.1,0.113945340689527,0.00233372907791513,0.0139453406895266,2733,1366.5,400,23985,"closer_to_expected_share_better",41,"skew-t",9,50,"yes","no","",TRUE,FALSE,NA,FALSE,FALSE,"morris_baseline"
"pit_histogram",7,0.6,0.7,0.65,0.1,0.107649128248028,0.00396210789434095,0.00764912824802799,2582,1291,400,23985,"closer_to_expected_share_better",41,"skew-t",9,50,"yes","no","",TRUE,FALSE,NA,FALSE,FALSE,"morris_baseline"
"pit_histogram",8,0.7,0.8,0.75,0.1,0.104854510674716,0.00717349632703471,0.00485451067471575,2515,1257.5,400,23985,"closer_to_expected_share_better",41,"skew-t",9,50,"yes","no","",TRUE,FALSE,NA,FALSE,FALSE,"morris_baseline"
"pit_histogram",9,0.8,0.9,0.85,0.1,0.0982655573803361,0.011178470293249,-0.00173444261966391,2357,1178.5,400,23985,"closer_to_expected_share_better",41,"skew-t",9,50,"yes","no","",TRUE,FALSE,NA,FALSE,FALSE,"morris_baseline"
"pit_histogram",10,0.9,1,0.95,0.1,0.0905518859694904,0.0125572246414957,-0.0094481140305096,2172,1086,400,23985,"closer_to_expected_share_better",41,"skew-t",9,50,"yes","no","",TRUE,FALSE,NA,FALSE,FALSE,"morris_baseline"
"pit_histogram",1,0,0.1,0.05,0.1,0.088144126872559,0.0152092264807944,-0.011855873127441,2114,1057,400,23985,"closer_to_expected_share_better",42,"skew-t",11,50,"yes","no","",FALSE,FALSE,NA,FALSE,FALSE,"other_numeric"
"pit_histogram",2,0.1,0.2,0.15,0.1,0.0896873367491022,0.0167524363573376,-0.0103126632508978,2151,1075.5,400,23985,"closer_to_expected_share_better",42,"skew-t",11,50,"yes","no","",FALSE,FALSE,NA,FALSE,FALSE,"other_numeric"
"pit_histogram",3,0.2,0.3,0.25,0.1,0.0988547937785247,0.00358097532391106,-0.00114520622147532,2371,1185.5,400,23985,"closer_to_expected_share_better",42,"skew-t",11,50,"yes","no","",FALSE,FALSE,NA,FALSE,FALSE,"other_numeric"
"pit_histogram",4,0.3,0.4,0.35,0.1,0.101522033411256,0.000663485440929805,0.00152203341125573,2435,1217.5,400,23985,"closer_to_expected_share_better",42,"skew-t",11,50,"yes","no","",FALSE,FALSE,NA,FALSE,FALSE,"other_numeric"
"pit_histogram",5,0.4,0.5,0.45,0.1,0.108985548439162,0.00204214592186585,0.00898554843916186,2614,1307,400,23985,"closer_to_expected_share_better",42,"skew-t",11,50,"yes","no","",FALSE,FALSE,NA,FALSE,FALSE,"other_numeric"
"pit_histogram",6,0.5,0.6,0.55,0.1,0.107691337248727,0.00258623214362149,0.0076913372487265,2583,1291.5,400,23985,"closer_to_expected_share_better",42,"skew-t",11,50,"yes","no","",FALSE,FALSE,NA,FALSE,FALSE,"other_numeric"
"pit_histogram",7,0.6,0.7,0.65,0.1,0.108733671155527,0.0025441482993371,0.00873367115552665,2608,1304,400,23985,"closer_to_expected_share_better",42,"skew-t",11,50,"yes","no","",FALSE,FALSE,NA,FALSE,FALSE,"other_numeric"
"pit_histogram",8,0.7,0.8,0.75,0.1,0.103978759955254,0.00771583035899115,0.0039787599552541,2494,1247,400,23985,"closer_to_expected_share_better",42,"skew-t",11,50,"yes","no","",FALSE,FALSE,NA,FALSE,FALSE,"other_numeric"
"pit_histogram",9,0.8,0.9,0.85,0.1,0.0985992556697733,0.0107614178319355,-0.00140074433022667,2365,1182.5,400,23985,"closer_to_expected_share_better",42,"skew-t",11,50,"yes","no","",FALSE,FALSE,NA,FALSE,FALSE,"other_numeric"
"pit_histogram",10,0.9,1,0.95,0.1,0.093803136720116,0.0146406408909535,-0.006196863279884,2250,1125,400,23985,"closer_to_expected_share_better",42,"skew-t",11,50,"yes","no","",FALSE,FALSE,NA,FALSE,FALSE,"other_numeric"
"pit_histogram",1,0,0.1,0.05,0.1,0.162603557546043,0.00514752687170791,0.0626035575460432,3900,1950,400,23985,"closer_to_expected_share_better",43,"t",6,75,"yes","no","",TRUE,FALSE,NA,FALSE,FALSE,"morris_baseline"
"pit_histogram",2,0.1,0.2,0.15,0.1,0.102355356106294,0.000753754504692242,0.00235535610629384,2455,1227.5,400,23985,"closer_to_expected_share_better",43,"t",6,75,"yes","no","",TRUE,FALSE,NA,FALSE,FALSE,"morris_baseline"
"pit_histogram",3,0.2,0.3,0.25,0.1,0.0914315165377931,0.00167509344803668,-0.00856848346220693,2193,1096.5,400,23985,"closer_to_expected_share_better",43,"t",6,75,"yes","no","",TRUE,FALSE,NA,FALSE,FALSE,"morris_baseline"
"pit_histogram",4,0.3,0.4,0.35,0.1,0.0882634322244225,0.000175344136334382,-0.0117365677755775,2117,1058.5,400,23985,"closer_to_expected_share_better",43,"t",6,75,"yes","no","",TRUE,FALSE,NA,FALSE,FALSE,"morris_baseline"
"pit_histogram",5,0.4,0.5,0.45,0.1,0.0863053914129183,0.00386811542725521,-0.0136946085870817,2070,1035,400,23985,"closer_to_expected_share_better",43,"t",6,75,"yes","no","",TRUE,FALSE,NA,FALSE,FALSE,"morris_baseline"
"pit_histogram",6,0.5,0.6,0.55,0.1,0.0883876186764409,0.00255178284060505,-0.0116123813235592,2120,1060,400,23985,"closer_to_expected_share_better",43,"t",6,75,"yes","no","",TRUE,FALSE,NA,FALSE,FALSE,"morris_baseline"
"pit_histogram",7,0.6,0.7,0.65,0.1,0.0930581118753162,0.000131852282389919,-0.0069418881246838,2232,1116,400,23985,"closer_to_expected_share_better",43,"t",6,75,"yes","no","",TRUE,FALSE,NA,FALSE,FALSE,"morris_baseline"
"pit_histogram",8,0.7,0.8,0.75,0.1,0.0967270095802229,0.000297246483793118,-0.00327299041977709,2320,1160,400,23985,"closer_to_expected_share_better",43,"t",6,75,"yes","no","",TRUE,FALSE,NA,FALSE,FALSE,"morris_baseline"
"pit_histogram",9,0.8,0.9,0.85,0.1,0.0950589874695901,0.00113172687566285,-0.00494101253040985,2280,1140,400,23985,"closer_to_expected_share_better",43,"t",6,75,"yes","no","",TRUE,FALSE,NA,FALSE,FALSE,"morris_baseline"
"pit_histogram",10,0.9,1,0.95,0.1,0.0958090185709591,0.00229884172744887,-0.00419098142904092,2298,1149,400,23985,"closer_to_expected_share_better",43,"t",6,75,"yes","no","",TRUE,FALSE,NA,FALSE,FALSE,"morris_baseline"
"pit_histogram",1,0,0.1,0.05,0.1,0.13741986547688,0.00171927366225941,0.0374198654768797,3296,1648,400,23985,"closer_to_expected_share_better",44,"t",7,75,"yes","no","",TRUE,FALSE,NA,FALSE,FALSE,"morris_baseline"
"pit_histogram",2,0.1,0.2,0.15,0.1,0.0943527611132012,0.00566392223681546,-0.00564723888679879,2263,1131.5,400,23985,"closer_to_expected_share_better",44,"t",7,75,"yes","no","",TRUE,FALSE,NA,FALSE,FALSE,"morris_baseline"
"pit_histogram",3,0.2,0.3,0.25,0.1,0.08776405813165,0.00232603195844006,-0.01223594186835,2105,1052.5,400,23985,"closer_to_expected_share_better",44,"t",7,75,"yes","no","",TRUE,FALSE,NA,FALSE,FALSE,"morris_baseline"
"pit_histogram",4,0.3,0.4,0.35,0.1,0.0874729756012577,0.00436886624058417,-0.0125270243987423,2098,1049,400,23985,"closer_to_expected_share_better",44,"t",7,75,"yes","no","",TRUE,FALSE,NA,FALSE,FALSE,"morris_baseline"
"pit_histogram",5,0.4,0.5,0.45,0.1,0.0883881505912014,0.00113423000394743,-0.0116118494087986,2120,1060,400,23985,"closer_to_expected_share_better",44,"t",7,75,"yes","no","",TRUE,FALSE,NA,FALSE,FALSE,"morris_baseline"
"pit_histogram",6,0.5,0.6,0.55,0.1,0.0937251329849479,0.000298372891521174,-0.00627486701505214,2248,1124,400,23985,"closer_to_expected_share_better",44,"t",7,75,"yes","no","",TRUE,FALSE,NA,FALSE,FALSE,"morris_baseline"
"pit_histogram",7,0.6,0.7,0.65,0.1,0.0980608953539686,0.00104721500695494,-0.00193910464603135,2352,1176,400,23985,"closer_to_expected_share_better",44,"t",7,75,"yes","no","",TRUE,FALSE,NA,FALSE,FALSE,"morris_baseline"
"pit_histogram",8,0.7,0.8,0.75,0.1,0.0985200629486701,0.000412202650262171,-0.00147993705132987,2363,1181.5,400,23985,"closer_to_expected_share_better",44,"t",7,75,"yes","no","",TRUE,FALSE,NA,FALSE,FALSE,"morris_baseline"
"pit_histogram",9,0.8,0.9,0.85,0.1,0.104729761018833,0.00629799592040152,0.00472976101883331,2512,1256,400,23985,"closer_to_expected_share_better",44,"t",7,75,"yes","no","",TRUE,FALSE,NA,FALSE,FALSE,"morris_baseline"
"pit_histogram",10,0.9,1,0.95,0.1,0.10956633677939,0.00571248292553619,0.00956633677939006,2628,1314,400,23985,"closer_to_expected_share_better",44,"t",7,75,"yes","no","",TRUE,FALSE,NA,FALSE,FALSE,"morris_baseline"
"pit_histogram",1,0,0.1,0.05,0.1,0.163394420927554,0.00168732748752753,0.0633944209275542,3919,1959.5,400,23985,"closer_to_expected_share_better",45,"t",8,75,"yes","no","",TRUE,FALSE,NA,FALSE,FALSE,"morris_baseline"
"pit_histogram",2,0.1,0.2,0.15,0.1,0.102312583901731,0.00363056855304918,0.00231258390173118,2454,1227,400,23985,"closer_to_expected_share_better",45,"t",8,75,"yes","no","",TRUE,FALSE,NA,FALSE,FALSE,"morris_baseline"
"pit_histogram",3,0.2,0.3,0.25,0.1,0.0918900583504234,0.00188338501041677,-0.0081099416495766,2204,1102,400,23985,"closer_to_expected_share_better",45,"t",8,75,"yes","no","",TRUE,FALSE,NA,FALSE,FALSE,"morris_baseline"
"pit_histogram",4,0.3,0.4,0.35,0.1,0.0828021382222432,0.00103169561159058,-0.0171978617777567,1986,993,400,23985,"closer_to_expected_share_better",45,"t",8,75,"yes","no","",TRUE,FALSE,NA,FALSE,FALSE,"morris_baseline"
"pit_histogram",5,0.4,0.5,0.45,0.1,0.0867213487556073,0.00128332258239735,-0.0132786512443926,2080,1040,400,23985,"closer_to_expected_share_better",45,"t",8,75,"yes","no","",TRUE,FALSE,NA,FALSE,FALSE,"morris_baseline"
"pit_histogram",6,0.5,0.6,0.55,0.1,0.0879713797318198,0.000717459144565918,-0.0120286202681802,2110,1055,400,23985,"closer_to_expected_share_better",45,"t",8,75,"yes","no","",TRUE,FALSE,NA,FALSE,FALSE,"morris_baseline"
"pit_histogram",7,0.6,0.7,0.65,0.1,0.0920156528121019,0.000507477970593743,-0.00798434718789806,2207,1103.5,400,23985,"closer_to_expected_share_better",45,"t",8,75,"yes","no","",TRUE,FALSE,NA,FALSE,FALSE,"morris_baseline"
"pit_histogram",8,0.7,0.8,0.75,0.1,0.0976857702914217,0.000755506694491446,-0.00231422970857828,2343,1171.5,400,23985,"closer_to_expected_share_better",45,"t",8,75,"yes","no","",TRUE,FALSE,NA,FALSE,FALSE,"morris_baseline"
"pit_histogram",9,0.8,0.9,0.85,0.1,0.0961447819412311,0.00362165115853538,-0.00385521805876893,2306,1153,400,23985,"closer_to_expected_share_better",45,"t",8,75,"yes","no","",TRUE,FALSE,NA,FALSE,FALSE,"morris_baseline"
"pit_histogram",10,0.9,1,0.95,0.1,0.0990618650658661,0.000129599466933798,-0.000938134934133916,2376,1188,400,23985,"closer_to_expected_share_better",45,"t",8,75,"yes","no","",TRUE,FALSE,NA,FALSE,FALSE,"morris_baseline"
"pit_histogram",1,0,0.1,0.05,0.1,0.149382816174514,0.00590600603103728,0.0493828161745141,3583,1791.5,400,23985,"closer_to_expected_share_better",46,"t",9,75,"yes","no","",TRUE,FALSE,NA,FALSE,FALSE,"morris_baseline"
"pit_histogram",2,0.1,0.2,0.15,0.1,0.103897064105866,0.00321304675518229,0.00389706410586631,2492,1246,400,23985,"closer_to_expected_share_better",46,"t",9,75,"yes","no","",TRUE,FALSE,NA,FALSE,FALSE,"morris_baseline"
"pit_histogram",3,0.2,0.3,0.25,0.1,0.089764652123992,0.000575688216348381,-0.0102353478760081,2153,1076.5,400,23985,"closer_to_expected_share_better",46,"t",9,75,"yes","no","",TRUE,FALSE,NA,FALSE,FALSE,"morris_baseline"
"pit_histogram",4,0.3,0.4,0.35,0.1,0.0890150590700728,0.00291019952185243,-0.0109849409299272,2135,1067.5,400,23985,"closer_to_expected_share_better",46,"t",9,75,"yes","no","",TRUE,FALSE,NA,FALSE,FALSE,"morris_baseline"
"pit_histogram",5,0.4,0.5,0.45,0.1,0.0854715680922233,0.0039511879971995,-0.0145284319077767,2050,1025,400,23985,"closer_to_expected_share_better",46,"t",9,75,"yes","no","",TRUE,FALSE,NA,FALSE,FALSE,"morris_baseline"
"pit_histogram",6,0.5,0.6,0.55,0.1,0.0907651212102325,0.000159136380691774,-0.0092348787897676,2177,1088.5,400,23985,"closer_to_expected_share_better",46,"t",9,75,"yes","no","",TRUE,FALSE,NA,FALSE,FALSE,"morris_baseline"
"pit_histogram",7,0.6,0.7,0.65,0.1,0.0935175297828461,0.00199464906266607,-0.00648247021715387,2243,1121.5,400,23985,"closer_to_expected_share_better",46,"t",9,75,"yes","no","",TRUE,FALSE,NA,FALSE,FALSE,"morris_baseline"
"pit_histogram",8,0.7,0.8,0.75,0.1,0.096560176080056,0.000464079983959954,-0.00343982391994394,2316,1158,400,23985,"closer_to_expected_share_better",46,"t",9,75,"yes","no","",TRUE,FALSE,NA,FALSE,FALSE,"morris_baseline"
"pit_histogram",9,0.8,0.9,0.85,0.1,0.0990201879799279,8.79223809956489e-05,-0.000979812020072052,2375,1187.5,400,23985,"closer_to_expected_share_better",46,"t",9,75,"yes","no","",TRUE,FALSE,NA,FALSE,FALSE,"morris_baseline"
"pit_histogram",10,0.9,1,0.95,0.1,0.102605825380269,8.01939724170281e-05,0.00260582538026902,2461,1230.5,400,23985,"closer_to_expected_share_better",46,"t",9,75,"yes","no","",TRUE,FALSE,NA,FALSE,FALSE,"morris_baseline"
"pit_histogram",1,0,0.1,0.05,0.1,0.0385632882194523,0.00661467293750364,-0.0614367117805477,925,462.5,400,23985,"closer_to_expected_share_better",47,"skew-t",6,85,"yes","no","",FALSE,FALSE,NA,FALSE,FALSE,"other_numeric"
"pit_histogram",2,0.1,0.2,0.15,0.1,0.0633724184299328,0.00139377311795416,-0.0366275815700672,1520,760,400,23985,"closer_to_expected_share_better",47,"skew-t",6,85,"yes","no","",FALSE,FALSE,NA,FALSE,FALSE,"other_numeric"
"pit_histogram",3,0.2,0.3,0.25,0.1,0.0750079912370485,0.00740775784536725,-0.0249920087629515,1799,899.5,400,23985,"closer_to_expected_share_better",47,"skew-t",6,85,"yes","no","",FALSE,FALSE,NA,FALSE,FALSE,"other_numeric"
"pit_histogram",4,0.3,0.4,0.35,0.1,0.0848878072871571,0.00378419805151488,-0.0151121927128429,2036,1018,400,23985,"closer_to_expected_share_better",47,"skew-t",6,85,"yes","no","",FALSE,FALSE,NA,FALSE,FALSE,"other_numeric"
"pit_histogram",5,0.4,0.5,0.45,0.1,0.0973120219494313,0.00320516190108588,-0.00268797805056867,2334,1167,400,23985,"closer_to_expected_share_better",47,"skew-t",6,85,"yes","no","",FALSE,FALSE,NA,FALSE,FALSE,"other_numeric"
"pit_histogram",6,0.5,0.6,0.55,0.1,0.11490704257646,0.00504624404349336,0.0149070425764598,2756,1378,400,23985,"closer_to_expected_share_better",47,"skew-t",6,85,"yes","no","",FALSE,FALSE,NA,FALSE,FALSE,"other_numeric"
"pit_histogram",7,0.6,0.7,0.65,0.1,0.129372214174665,0.00082700229611958,0.0293722141746648,3103,1551.5,400,23985,"closer_to_expected_share_better",47,"skew-t",6,85,"yes","no","",FALSE,FALSE,NA,FALSE,FALSE,"other_numeric"
"pit_histogram",8,0.7,0.8,0.75,0.1,0.134040517136291,0.00424405400649462,0.0340405171362911,3215,1607.5,400,23985,"closer_to_expected_share_better",47,"skew-t",6,85,"yes","no","",FALSE,FALSE,NA,FALSE,FALSE,"other_numeric"
"pit_histogram",9,0.8,0.9,0.85,0.1,0.14704874291646,0.00398901652340013,0.0470487429164599,3527,1763.5,400,23985,"closer_to_expected_share_better",47,"skew-t",6,85,"yes","no","",FALSE,FALSE,NA,FALSE,FALSE,"other_numeric"
"pit_histogram",10,0.9,1,0.95,0.1,0.115487956073102,0.00237484295998924,0.0154879560731024,2770,1385,400,23985,"closer_to_expected_share_better",47,"skew-t",6,85,"yes","no","",FALSE,FALSE,NA,FALSE,FALSE,"other_numeric"
"pit_histogram",1,0,0.1,0.05,0.1,0.0360596280201181,0.0122024374962609,-0.0639403719798819,865,432.5,400,23985,"closer_to_expected_share_better",48,"skew-t",7,85,"yes","no","",FALSE,FALSE,NA,FALSE,FALSE,"other_numeric"
"pit_histogram",2,0.1,0.2,0.15,0.1,0.0562004239798688,0.00364787142731629,-0.0437995760201312,1348,674,400,23985,"closer_to_expected_share_better",48,"skew-t",7,85,"yes","no","",FALSE,FALSE,NA,FALSE,FALSE,"other_numeric"
"pit_histogram",3,0.2,0.3,0.25,0.1,0.0697128736638614,0.007030536412882,-0.0302871263361386,1672,836,400,23985,"closer_to_expected_share_better",48,"skew-t",7,85,"yes","no","",FALSE,FALSE,NA,FALSE,FALSE,"other_numeric"
"pit_histogram",4,0.3,0.4,0.35,0.1,0.0801777646613856,0.00707615592586835,-0.0198222353386144,1923,961.5,400,23985,"closer_to_expected_share_better",48,"skew-t",7,85,"yes","no","",FALSE,FALSE,NA,FALSE,FALSE,"other_numeric"
"pit_histogram",5,0.4,0.5,0.45,0.1,0.0915596454168597,0.00645503593115496,-0.00844035458314026,2196,1098,400,23985,"closer_to_expected_share_better",48,"skew-t",7,85,"yes","no","",FALSE,FALSE,NA,FALSE,FALSE,"other_numeric"
"pit_histogram",6,0.5,0.6,0.55,0.1,0.110530541794608,0.00833832707426106,0.0105305417946077,2651,1325.5,400,23985,"closer_to_expected_share_better",48,"skew-t",7,85,"yes","no","",FALSE,FALSE,NA,FALSE,FALSE,"other_numeric"
"pit_histogram",7,0.6,0.7,0.65,0.1,0.125162859784015,0.00346576884461355,0.0251628597840151,3002,1501,400,23985,"closer_to_expected_share_better",48,"skew-t",7,85,"yes","no","",FALSE,FALSE,NA,FALSE,FALSE,"other_numeric"
"pit_histogram",8,0.7,0.8,0.75,0.1,0.144672617103225,0.00303097546158311,0.0446726171032248,3470,1735,400,23985,"closer_to_expected_share_better",48,"skew-t",7,85,"yes","no","",FALSE,FALSE,NA,FALSE,FALSE,"other_numeric"
"pit_histogram",9,0.8,0.9,0.85,0.1,0.154552182840505,0.00732161894327435,0.0545521828405049,3707,1853.5,400,23985,"closer_to_expected_share_better",48,"skew-t",7,85,"yes","no","",FALSE,FALSE,NA,FALSE,FALSE,"other_numeric"
"pit_histogram",10,0.9,1,0.95,0.1,0.131371462735554,0.00616292086034521,0.0313714627355538,3151,1575.5,400,23985,"closer_to_expected_share_better",48,"skew-t",7,85,"yes","no","",FALSE,FALSE,NA,FALSE,FALSE,"other_numeric"
"pit_histogram",1,0,0.1,0.05,0.1,0.0480714522975088,0.000690738250128099,-0.0519285477024912,1153,576.5,400,23985,"closer_to_expected_share_better",49,"skew-t",8,85,"yes","no","",FALSE,FALSE,NA,FALSE,FALSE,"other_numeric"
"pit_histogram",2,0.1,0.2,0.15,0.1,0.0689218538368326,0.0100738084921631,-0.0310781461631674,1653,826.5,400,23985,"closer_to_expected_share_better",49,"skew-t",8,85,"yes","no","",FALSE,FALSE,NA,FALSE,FALSE,"other_numeric"
"pit_histogram",3,0.2,0.3,0.25,0.1,0.0768022335914309,0.0112858544966572,-0.0231977664085691,1842,921,400,23985,"closer_to_expected_share_better",49,"skew-t",8,85,"yes","no","",FALSE,FALSE,NA,FALSE,FALSE,"other_numeric"
"pit_histogram",4,0.3,0.4,0.35,0.1,0.0872666239632981,0.0099973066339658,-0.0127333760367019,2093,1046.5,400,23985,"closer_to_expected_share_better",49,"skew-t",8,85,"yes","no","",FALSE,FALSE,NA,FALSE,FALSE,"other_numeric"
"pit_histogram",5,0.4,0.5,0.45,0.1,0.0996903067108118,0.00800071764687918,-0.000309693289188145,2391,1195.5,400,23985,"closer_to_expected_share_better",49,"skew-t",8,85,"yes","no","",FALSE,FALSE,NA,FALSE,FALSE,"other_numeric"
"pit_histogram",6,0.5,0.6,0.55,0.1,0.109693245383418,0.000834386524559069,0.00969324538341784,2631,1315.5,400,23985,"closer_to_expected_share_better",49,"skew-t",8,85,"yes","no","",FALSE,FALSE,NA,FALSE,FALSE,"other_numeric"
"pit_histogram",7,0.6,0.7,0.65,0.1,0.126410919546703,0.00378829692408087,0.0264109195467035,3032,1516,400,23985,"closer_to_expected_share_better",49,"skew-t",8,85,"yes","no","",FALSE,FALSE,NA,FALSE,FALSE,"other_numeric"
"pit_histogram",8,0.7,0.8,0.75,0.1,0.1334961180235,0.010623245150627,0.0334961180234999,3202,1601,400,23985,"closer_to_expected_share_better",49,"skew-t",8,85,"yes","no","",FALSE,FALSE,NA,FALSE,FALSE,"other_numeric"
"pit_histogram",9,0.8,0.9,0.85,0.1,0.140832755736482,0.0140392956096882,0.0408327557364817,3378,1689,400,23985,"closer_to_expected_share_better",49,"skew-t",8,85,"yes","no","",FALSE,FALSE,NA,FALSE,FALSE,"other_numeric"
"pit_histogram",10,0.9,1,0.95,0.1,0.108814490910015,0.00938172481058203,0.00881449091001481,2610,1305,400,23985,"closer_to_expected_share_better",49,"skew-t",8,85,"yes","no","",FALSE,FALSE,NA,FALSE,FALSE,"other_numeric"
"pit_histogram",1,0,0.1,0.05,0.1,0.0368913236817713,0.0179557214128357,-0.0631086763182287,885,442.5,400,23985,"closer_to_expected_share_better",50,"skew-t",9,85,"yes","no","",FALSE,FALSE,NA,FALSE,FALSE,"other_numeric"
"pit_histogram",2,0.1,0.2,0.15,0.1,0.0520688855897658,0.0141976810518946,-0.0479311144102342,1249,624.5,400,23985,"closer_to_expected_share_better",50,"skew-t",9,85,"yes","no","",FALSE,FALSE,NA,FALSE,FALSE,"other_numeric"
"pit_histogram",3,0.2,0.3,0.25,0.1,0.0678333685022857,0.00185071918630308,-0.0321666314977143,1627,813.5,400,23985,"closer_to_expected_share_better",50,"skew-t",9,85,"yes","no","",FALSE,FALSE,NA,FALSE,FALSE,"other_numeric"
"pit_histogram",4,0.3,0.4,0.35,0.1,0.0762976342183644,0.000138141392204909,-0.0237023657816356,1830,915,400,23985,"closer_to_expected_share_better",50,"skew-t",9,85,"yes","no","",FALSE,FALSE,NA,FALSE,FALSE,"other_numeric"
"pit_histogram",5,0.4,0.5,0.45,0.1,0.0966437805647608,0.000119649532002622,-0.00335621943523917,2318,1159,400,23985,"closer_to_expected_share_better",50,"skew-t",9,85,"yes","no","",FALSE,FALSE,NA,FALSE,FALSE,"other_numeric"
"pit_histogram",6,0.5,0.6,0.55,0.1,0.107735799064881,0.00479339679764786,0.00773579906488125,2584,1292,400,23985,"closer_to_expected_share_better",50,"skew-t",9,85,"yes","no","",FALSE,FALSE,NA,FALSE,FALSE,"other_numeric"
"pit_histogram",7,0.6,0.7,0.65,0.1,0.132790892918425,0.00115926128679317,0.0327908929184248,3185,1592.5,400,23985,"closer_to_expected_share_better",50,"skew-t",9,85,"yes","no","",FALSE,FALSE,NA,FALSE,FALSE,"other_numeric"
"pit_histogram",8,0.7,0.8,0.75,0.1,0.148886758726719,0.00543422892760227,0.0488867587267187,3571,1785.5,400,23985,"closer_to_expected_share_better",50,"skew-t",9,85,"yes","no","",FALSE,FALSE,NA,FALSE,FALSE,"other_numeric"
"pit_histogram",9,0.8,0.9,0.85,0.1,0.15301519949557,0.0077288779151745,0.0530151994955696,3670,1835,400,23985,"closer_to_expected_share_better",50,"skew-t",9,85,"yes","no","",FALSE,FALSE,NA,FALSE,FALSE,"other_numeric"
"pit_histogram",10,0.9,1,0.95,0.1,0.127836357237458,0.0172253711576042,0.0278363572374575,3066,1533,400,23985,"closer_to_expected_share_better",50,"skew-t",9,85,"yes","no","",FALSE,FALSE,NA,FALSE,FALSE,"other_numeric"
"pit_histogram",1,0,0.1,0.05,0.1,0.079637276686539,0.0111201474042184,-0.020362723313461,1910,955,400,23985,"closer_to_expected_share_better",51,"skew-t",1,0,"yes","yes","",TRUE,FALSE,NA,FALSE,FALSE,"morris_baseline"
"pit_histogram",2,0.1,0.2,0.15,0.1,0.0812617443650202,0.00699317722323473,-0.0187382556349798,1949,974.5,400,23985,"closer_to_expected_share_better",51,"skew-t",1,0,"yes","yes","",TRUE,FALSE,NA,FALSE,FALSE,"morris_baseline"
"pit_histogram",3,0.2,0.3,0.25,0.1,0.101149724368029,0.00845988524158067,0.0011497243680289,2426,1213,400,23985,"closer_to_expected_share_better",51,"skew-t",1,0,"yes","yes","",TRUE,FALSE,NA,FALSE,FALSE,"morris_baseline"
"pit_histogram",4,0.3,0.4,0.35,0.1,0.117657949272103,0.0028792545984344,0.0176579492721028,2822,1411,400,23985,"closer_to_expected_share_better",51,"skew-t",1,0,"yes","yes","",TRUE,FALSE,NA,FALSE,FALSE,"morris_baseline"
"pit_histogram",5,0.4,0.5,0.45,0.1,0.125369117554664,0.00241282793170765,0.025369117554664,3007,1503.5,400,23985,"closer_to_expected_share_better",51,"skew-t",1,0,"yes","yes","",TRUE,FALSE,NA,FALSE,FALSE,"morris_baseline"
"pit_histogram",6,0.5,0.6,0.55,0.1,0.123201252014705,0.00199671414350084,0.0232012520147053,2955,1477.5,400,23985,"closer_to_expected_share_better",51,"skew-t",1,0,"yes","yes","",TRUE,FALSE,NA,FALSE,FALSE,"morris_baseline"
"pit_histogram",7,0.6,0.7,0.65,0.1,0.114195309337845,0.00283394797648361,0.014195309337845,2739,1369.5,400,23985,"closer_to_expected_share_better",51,"skew-t",1,0,"yes","yes","",TRUE,FALSE,NA,FALSE,FALSE,"morris_baseline"
"pit_histogram",8,0.7,0.8,0.75,0.1,0.099433736061643,0.00909339572130269,-0.000566263938356931,2385,1192.5,400,23985,"closer_to_expected_share_better",51,"skew-t",1,0,"yes","yes","",TRUE,FALSE,NA,FALSE,FALSE,"morris_baseline"
"pit_histogram",9,0.8,0.9,0.85,0.1,0.0799231965148444,0.00468128793960252,-0.0200768034851556,1917,958.5,400,23985,"closer_to_expected_share_better",51,"skew-t",1,0,"yes","yes","",TRUE,FALSE,NA,FALSE,FALSE,"morris_baseline"
"pit_histogram",10,0.9,1,0.95,0.1,0.0781706938246073,0.0084342907548709,-0.0218293061753927,1875,937.5,400,23985,"closer_to_expected_share_better",51,"skew-t",1,0,"yes","yes","",TRUE,FALSE,NA,FALSE,FALSE,"morris_baseline"
"pit_histogram",1,0,0.1,0.05,0.1,0.0690894695645883,0.0123252785168264,-0.0309105304354117,1657,828.5,400,23985,"closer_to_expected_share_better",52,"skew-t",1,50,"yes","yes","",TRUE,FALSE,NA,FALSE,FALSE,"morris_baseline"
"pit_histogram",2,0.1,0.2,0.15,0.1,0.0738826160494077,0.00828288278275775,-0.0261173839505923,1772,886,400,23985,"closer_to_expected_share_better",52,"skew-t",1,50,"yes","yes","",TRUE,FALSE,NA,FALSE,FALSE,"morris_baseline"
"pit_histogram",3,0.2,0.3,0.25,0.1,0.0828881206788184,0.00795272016202249,-0.0171118793211817,1988,994,400,23985,"closer_to_expected_share_better",52,"skew-t",1,50,"yes","yes","",TRUE,FALSE,NA,FALSE,FALSE,"morris_baseline"
"pit_histogram",4,0.3,0.4,0.35,0.1,0.0988963769971522,0.00328914185503333,-0.00110362300284779,2372,1186,400,23985,"closer_to_expected_share_better",52,"skew-t",1,50,"yes","yes","",TRUE,FALSE,NA,FALSE,FALSE,"morris_baseline"
"pit_histogram",5,0.4,0.5,0.45,0.1,0.113529258190423,8.24780769767067e-05,0.0135292581904235,2723,1361.5,400,23985,"closer_to_expected_share_better",52,"skew-t",1,50,"yes","yes","",TRUE,FALSE,NA,FALSE,FALSE,"morris_baseline"
"pit_histogram",6,0.5,0.6,0.55,0.1,0.120160795954744,0.00629899717171536,0.0201607959547443,2882,1441,400,23985,"closer_to_expected_share_better",52,"skew-t",1,50,"yes","yes","",TRUE,FALSE,NA,FALSE,FALSE,"morris_baseline"
"pit_histogram",7,0.6,0.7,0.65,0.1,0.127535543795859,0.006664672924988,0.0275355437958589,3059,1529.5,400,23985,"closer_to_expected_share_better",52,"skew-t",1,50,"yes","yes","",TRUE,FALSE,NA,FALSE,FALSE,"morris_baseline"
"pit_histogram",8,0.7,0.8,0.75,0.1,0.119988987487112,0.00712612462424916,0.019988987487112,2878,1439,400,23985,"closer_to_expected_share_better",52,"skew-t",1,50,"yes","yes","",TRUE,FALSE,NA,FALSE,FALSE,"morris_baseline"
"pit_histogram",9,0.8,0.9,0.85,0.1,0.105770029844799,0.0117593525007879,0.00577002984479856,2537,1268.5,400,23985,"closer_to_expected_share_better",52,"skew-t",1,50,"yes","yes","",TRUE,FALSE,NA,FALSE,FALSE,"morris_baseline"
"pit_histogram",10,0.9,1,0.95,0.1,0.088258801437096,0.0125163923613536,-0.011741198562904,2117,1058.5,400,23985,"closer_to_expected_share_better",52,"skew-t",1,50,"yes","yes","",TRUE,FALSE,NA,FALSE,FALSE,"morris_baseline"
"pit_histogram",1,0,0.1,0.05,0.1,0.0321454863215303,0.00105438021166953,-0.0678545136784697,771,385.5,400,23985,"closer_to_expected_share_better",53,"t",1,75,"yes","yes","",TRUE,FALSE,NA,FALSE,FALSE,"morris_baseline"
"pit_histogram",2,0.1,0.2,0.15,0.1,0.0513667268168393,0.00343807798796546,-0.0486332731831607,1232,616,400,23985,"closer_to_expected_share_better",53,"t",1,75,"yes","yes","",TRUE,FALSE,NA,FALSE,FALSE,"morris_baseline"
"pit_histogram",3,0.2,0.3,0.25,0.1,0.0653358096781453,0.00882168114601222,-0.0346641903218548,1567,783.5,400,23985,"closer_to_expected_share_better",53,"t",1,75,"yes","yes","",TRUE,FALSE,NA,FALSE,FALSE,"morris_baseline"
"pit_histogram",4,0.3,0.4,0.35,0.1,0.078676482183609,0.00615835265122587,-0.021323517816391,1887,943.5,400,23985,"closer_to_expected_share_better",53,"t",1,75,"yes","yes","",TRUE,FALSE,NA,FALSE,FALSE,"morris_baseline"
"pit_histogram",5,0.4,0.5,0.45,0.1,0.0937677487439928,0.00216151385193646,-0.00623225125600717,2249,1124.5,400,23985,"closer_to_expected_share_better",53,"t",1,75,"yes","yes","",TRUE,FALSE,NA,FALSE,FALSE,"morris_baseline"
"pit_histogram",6,0.5,0.6,0.55,0.1,0.118408480999129,0.00304630712232613,0.0184084809991286,2840,1420,400,23985,"closer_to_expected_share_better",53,"t",1,75,"yes","yes","",TRUE,FALSE,NA,FALSE,FALSE,"morris_baseline"
"pit_histogram",7,0.6,0.7,0.65,0.1,0.133039641291704,0.00491151316357619,0.0330396412917043,3191,1595.5,400,23985,"closer_to_expected_share_better",53,"t",1,75,"yes","yes","",TRUE,FALSE,NA,FALSE,FALSE,"morris_baseline"
"pit_histogram",8,0.7,0.8,0.75,0.1,0.147090826760744,0.0029466826166001,0.0470908267607443,3528,1764,400,23985,"closer_to_expected_share_better",53,"t",1,75,"yes","yes","",TRUE,FALSE,NA,FALSE,FALSE,"morris_baseline"
"pit_histogram",9,0.8,0.9,0.85,0.1,0.154134442018913,0.0094897973742685,0.0541344420189132,3697,1848.5,400,23985,"closer_to_expected_share_better",53,"t",1,75,"yes","yes","",TRUE,FALSE,NA,FALSE,FALSE,"morris_baseline"
"pit_histogram",10,0.9,1,0.95,0.1,0.126034355185393,0.00733231981669091,0.026034355185393,3023,1511.5,400,23985,"closer_to_expected_share_better",53,"t",1,75,"yes","yes","",TRUE,FALSE,NA,FALSE,FALSE,"morris_baseline"
"pit_histogram",1,0,0.1,0.05,0.1,0.0865174376677252,0.013415828932208,-0.0134825623322748,2075,1037.5,400,23985,"closer_to_expected_share_better",54,"skew-t",5,0,"yes","yes","",TRUE,FALSE,NA,FALSE,FALSE,"morris_baseline"
"pit_histogram",2,0.1,0.2,0.15,0.1,0.0900991952192252,0.00324414812411812,-0.00990080478077478,2161,1080.5,400,23985,"closer_to_expected_share_better",54,"skew-t",5,0,"yes","yes","",TRUE,FALSE,NA,FALSE,FALSE,"morris_baseline"
"pit_histogram",3,0.2,0.3,0.25,0.1,0.102191651516483,0.00741795809312688,0.00219165151648269,2451,1225.5,400,23985,"closer_to_expected_share_better",54,"skew-t",5,0,"yes","yes","",TRUE,FALSE,NA,FALSE,FALSE,"morris_baseline"
"pit_histogram",4,0.3,0.4,0.35,0.1,0.111445247447998,0.00158444891503157,0.0114452474479982,2673,1336.5,400,23985,"closer_to_expected_share_better",54,"skew-t",5,0,"yes","yes","",TRUE,FALSE,NA,FALSE,FALSE,"morris_baseline"
"pit_histogram",5,0.4,0.5,0.45,0.1,0.113280634973558,0.00400331564372574,0.0132806349735582,2717,1358.5,400,23985,"closer_to_expected_share_better",54,"skew-t",5,0,"yes","yes","",TRUE,FALSE,NA,FALSE,FALSE,"morris_baseline"
"pit_histogram",6,0.5,0.6,0.55,0.1,0.111694840627074,8.36044847047634e-05,0.0116948406270736,2679,1339.5,400,23985,"closer_to_expected_share_better",54,"skew-t",5,0,"yes","yes","",TRUE,FALSE,NA,FALSE,FALSE,"morris_baseline"
"pit_histogram",7,0.6,0.7,0.65,0.1,0.109233639741267,0.00346120063549421,0.00923363974126667,2620,1310,400,23985,"closer_to_expected_share_better",54,"skew-t",5,0,"yes","yes","",TRUE,FALSE,NA,FALSE,FALSE,"morris_baseline"
"pit_histogram",8,0.7,0.8,0.75,0.1,0.0995596747034607,0.00680024861070122,-0.000440325296539326,2388,1194,400,23985,"closer_to_expected_share_better",54,"skew-t",5,0,"yes","yes","",TRUE,FALSE,NA,FALSE,FALSE,"morris_baseline"
"pit_histogram",9,0.8,0.9,0.85,0.1,0.0853014179470793,0.00505450436683245,-0.0146985820529206,2046,1023,400,23985,"closer_to_expected_share_better",54,"skew-t",5,0,"yes","yes","",TRUE,FALSE,NA,FALSE,FALSE,"morris_baseline"
"pit_histogram",10,0.9,1,0.95,0.1,0.0906762601561301,0.0144333505798872,-0.00932373984386986,2175,1087.5,400,23985,"closer_to_expected_share_better",54,"skew-t",5,0,"yes","yes","",TRUE,FALSE,NA,FALSE,FALSE,"morris_baseline"
"pit_histogram",1,0,0.1,0.05,0.1,0.0934385247963642,0.0136685823107429,-0.00656147520363576,2241,1120.5,400,23985,"closer_to_expected_share_better",55,"skew-t",5,50,"yes","yes","",TRUE,FALSE,NA,FALSE,FALSE,"morris_baseline"
"pit_histogram",2,0.1,0.2,0.15,0.1,0.0891017298869262,0.0116657042138412,-0.0108982701130738,2137,1068.5,400,23985,"closer_to_expected_share_better",55,"skew-t",5,50,"yes","yes","",TRUE,FALSE,NA,FALSE,FALSE,"morris_baseline"
"pit_histogram",3,0.2,0.3,0.25,0.1,0.0930175299080025,0.00282831593784332,-0.00698247009199751,2231,1115.5,400,23985,"closer_to_expected_share_better",55,"skew-t",5,50,"yes","yes","",TRUE,FALSE,NA,FALSE,FALSE,"morris_baseline"
"pit_histogram",4,0.3,0.4,0.35,0.1,0.104232639741517,0.00220713336492281,0.00423263974151698,2500,1250,400,23985,"closer_to_expected_share_better",55,"skew-t",5,50,"yes","yes","",TRUE,FALSE,NA,FALSE,FALSE,"morris_baseline"
"pit_histogram",5,0.4,0.5,0.45,0.1,0.107109266055253,0.00174959280360631,0.00710926605525258,2569,1284.5,400,23985,"closer_to_expected_share_better",55,"skew-t",5,50,"yes","yes","",TRUE,FALSE,NA,FALSE,FALSE,"morris_baseline"
"pit_histogram",6,0.5,0.6,0.55,0.1,0.110527694486184,0.000750250125093839,0.010527694486184,2651,1325.5,400,23985,"closer_to_expected_share_better",55,"skew-t",5,50,"yes","yes","",TRUE,FALSE,NA,FALSE,FALSE,"morris_baseline"
"pit_histogram",7,0.6,0.7,0.65,0.1,0.108692087936899,0.00225231483045937,0.00869208793689916,2607,1303.5,400,23985,"closer_to_expected_share_better",55,"skew-t",5,50,"yes","yes","",TRUE,FALSE,NA,FALSE,FALSE,"morris_baseline"
"pit_histogram",8,0.7,0.8,0.75,0.1,0.107355480011144,0.00875688141254533,0.00735548001114394,2575,1287.5,400,23985,"closer_to_expected_share_better",55,"skew-t",5,50,"yes","yes","",TRUE,FALSE,NA,FALSE,FALSE,"morris_baseline"
"pit_histogram",9,0.8,0.9,0.85,0.1,0.0966404326306802,0.00880259479284235,-0.00335956736931978,2318,1159,400,23985,"closer_to_expected_share_better",55,"skew-t",5,50,"yes","yes","",TRUE,FALSE,NA,FALSE,FALSE,"morris_baseline"
"pit_histogram",10,0.9,1,0.95,0.1,0.0898846145470301,0.0130577877202033,-0.0101153854529698,2156,1078,400,23985,"closer_to_expected_share_better",55,"skew-t",5,50,"yes","yes","",TRUE,FALSE,NA,FALSE,FALSE,"morris_baseline"
"pit_histogram",1,0,0.1,0.05,0.1,0.0879253534604872,0.0122663611348282,-0.0120746465395128,2109,1054.5,400,23985,"closer_to_expected_share_better",56,"t",5,75,"yes","yes","",TRUE,FALSE,NA,FALSE,FALSE,"morris_baseline"
"pit_histogram",2,0.1,0.2,0.15,0.1,0.0879282320580145,0.00459489872468117,-0.0120717679419855,2109,1054.5,400,23985,"closer_to_expected_share_better",56,"t",5,75,"yes","yes","",TRUE,FALSE,NA,FALSE,FALSE,"morris_baseline"
"pit_histogram",3,0.2,0.3,0.25,0.1,0.0859697844881641,0.00163545015382975,-0.0140302155118359,2062,1031,400,23985,"closer_to_expected_share_better",56,"t",5,75,"yes","yes","",TRUE,FALSE,NA,FALSE,FALSE,"morris_baseline"
"pit_histogram",4,0.3,0.4,0.35,0.1,0.0902220362397907,0.00271786540228651,-0.0097779637602093,2164,1082,400,23985,"closer_to_expected_share_better",56,"t",5,75,"yes","yes","",TRUE,FALSE,NA,FALSE,FALSE,"morris_baseline"
"pit_histogram",5,0.4,0.5,0.45,0.1,0.0999806070136153,0.00387324684023859,-1.93929863847031e-05,2398,1199,400,23985,"closer_to_expected_share_better",56,"t",5,75,"yes","yes","",TRUE,FALSE,NA,FALSE,FALSE,"morris_baseline"
"pit_histogram",6,0.5,0.6,0.55,0.1,0.106443183618728,0.00441767724213336,0.00644318361872742,2553,1276.5,400,23985,"closer_to_expected_share_better",56,"t",5,75,"yes","yes","",TRUE,FALSE,NA,FALSE,FALSE,"morris_baseline"
"pit_histogram",7,0.6,0.7,0.65,0.1,0.115239520590858,0.00221126352659236,0.0152395205908585,2764,1382,400,23985,"closer_to_expected_share_better",56,"t",5,75,"yes","yes","",TRUE,FALSE,NA,FALSE,FALSE,"morris_baseline"
"pit_histogram",8,0.7,0.8,0.75,0.1,0.11532362570122,0.00412916041823268,0.0153236257012201,2766,1383,400,23985,"closer_to_expected_share_better",56,"t",5,75,"yes","yes","",TRUE,FALSE,NA,FALSE,FALSE,"morris_baseline"
"pit_histogram",9,0.8,0.9,0.85,0.1,0.112946936684121,0.00358626318241222,0.012946936684121,2709,1354.5,400,23985,"closer_to_expected_share_better",56,"t",5,75,"yes","yes","",TRUE,FALSE,NA,FALSE,FALSE,"morris_baseline"
"pit_histogram",10,0.9,1,0.95,0.1,0.0980207201450012,0.00299696420601647,-0.00197927985499877,2351,1175.5,400,23985,"closer_to_expected_share_better",56,"t",5,75,"yes","yes","",TRUE,FALSE,NA,FALSE,FALSE,"morris_baseline"
"pit_histogram",1,0,0.1,0.05,0.1,0.0878934385748589,0.0137915797768261,-0.0121065614251411,2108,1054,400,23985,"closer_to_expected_share_better",57,"skew-t",6,0,"yes","yes","",TRUE,FALSE,NA,FALSE,FALSE,"morris_baseline"
"pit_histogram",2,0.1,0.2,0.15,0.1,0.0899748210325855,0.00512027406250962,-0.0100251789674145,2158,1079,400,23985,"closer_to_expected_share_better",57,"skew-t",6,0,"yes","yes","",TRUE,FALSE,NA,FALSE,FALSE,"morris_baseline"
"pit_histogram",3,0.2,0.3,0.25,0.1,0.102691275922084,0.00558366568619132,0.0026912759220836,2463,1231.5,400,23985,"closer_to_expected_share_better",57,"skew-t",6,0,"yes","yes","",TRUE,FALSE,NA,FALSE,FALSE,"morris_baseline"
"pit_histogram",4,0.3,0.4,0.35,0.1,0.108860955228797,0.00333457363339834,0.00886095522879721,2611,1305.5,400,23985,"closer_to_expected_share_better",57,"skew-t",6,0,"yes","yes","",TRUE,FALSE,NA,FALSE,FALSE,"morris_baseline"
"pit_histogram",5,0.4,0.5,0.45,0.1,0.114446466972098,0.000165519357817431,0.0144464669720984,2745,1372.5,400,23985,"closer_to_expected_share_better",57,"skew-t",6,0,"yes","yes","",TRUE,FALSE,NA,FALSE,FALSE,"morris_baseline"
"pit_histogram",6,0.5,0.6,0.55,0.1,0.109943433055461,0.000750907196268538,0.00994343305546097,2637,1318.5,400,23985,"closer_to_expected_share_better",57,"skew-t",6,0,"yes","yes","",TRUE,FALSE,NA,FALSE,FALSE,"morris_baseline"
"pit_histogram",7,0.6,0.7,0.65,0.1,0.108109578695975,0.000916113663050395,0.00810957869597531,2593,1296.5,400,23985,"closer_to_expected_share_better",57,"skew-t",6,0,"yes","yes","",TRUE,FALSE,NA,FALSE,FALSE,"morris_baseline"
"pit_histogram",8,0.7,0.8,0.75,0.1,0.0982255073277829,0.00680074923635814,-0.00177449267221708,2356,1178,400,23985,"closer_to_expected_share_better",57,"skew-t",6,0,"yes","yes","",TRUE,FALSE,NA,FALSE,FALSE,"morris_baseline"
"pit_histogram",9,0.8,0.9,0.85,0.1,0.0891371178630493,0.00513645052904868,-0.0108628821369506,2138,1069,400,23985,"closer_to_expected_share_better",57,"skew-t",6,0,"yes","yes","",TRUE,FALSE,NA,FALSE,FALSE,"morris_baseline"
"pit_histogram",10,0.9,1,0.95,0.1,0.0907174053273078,0.015892580502483,-0.00928259467269217,2176,1088,400,23985,"closer_to_expected_share_better",57,"skew-t",6,0,"yes","yes","",TRUE,FALSE,NA,FALSE,FALSE,"morris_baseline"
"pit_histogram",1,0,0.1,0.05,0.1,0.0936902456344817,0.0178379492270465,-0.00630975436551831,2247,1123.5,400,23985,"closer_to_expected_share_better",58,"skew-t",6,50,"yes","yes","",TRUE,FALSE,NA,FALSE,FALSE,"morris_baseline"
"pit_histogram",2,0.1,0.2,0.15,0.1,0.0936036373958354,0.00924921545701741,-0.00639636260416457,2245,1122.5,400,23985,"closer_to_expected_share_better",58,"skew-t",6,50,"yes","yes","",TRUE,FALSE,NA,FALSE,FALSE,"morris_baseline"
"pit_histogram",3,0.2,0.3,0.25,0.1,0.0946022917140697,0.00399630688452894,-0.00539770828593038,2269,1134.5,400,23985,"closer_to_expected_share_better",58,"skew-t",6,50,"yes","yes","",TRUE,FALSE,NA,FALSE,FALSE,"morris_baseline"
"pit_histogram",4,0.3,0.4,0.35,0.1,0.102064586466937,0.00212293438725047,0.00206458646693708,2448,1224,400,23985,"closer_to_expected_share_better",58,"skew-t",6,50,"yes","yes","",TRUE,FALSE,NA,FALSE,FALSE,"morris_baseline"
"pit_histogram",5,0.4,0.5,0.45,0.1,0.109027100368686,0.00166692699200827,0.00902710036868579,2615,1307.5,400,23985,"closer_to_expected_share_better",58,"skew-t",6,50,"yes","yes","",TRUE,FALSE,NA,FALSE,FALSE,"morris_baseline"
"pit_histogram",6,0.5,0.6,0.55,0.1,0.10731630605349,0.00204436744821841,0.00731630605349026,2574,1287,400,23985,"closer_to_expected_share_better",58,"skew-t",6,50,"yes","yes","",TRUE,FALSE,NA,FALSE,FALSE,"morris_baseline"
"pit_histogram",7,0.6,0.7,0.65,0.1,0.108066743913206,0.00212747130726625,0.00806674391320555,2592,1296,400,23985,"closer_to_expected_share_better",58,"skew-t",6,50,"yes","yes","",TRUE,FALSE,NA,FALSE,FALSE,"morris_baseline"
"pit_histogram",8,0.7,0.8,0.75,0.1,0.105979729416839,0.00846554856932451,0.00597972941683872,2542,1271,400,23985,"closer_to_expected_share_better",58,"skew-t",6,50,"yes","yes","",TRUE,FALSE,NA,FALSE,FALSE,"morris_baseline"
"pit_histogram",9,0.8,0.9,0.85,0.1,0.096431796888161,0.00926129305099047,-0.003568203111839,2313,1156.5,400,23985,"closer_to_expected_share_better",58,"skew-t",6,50,"yes","yes","",TRUE,FALSE,NA,FALSE,FALSE,"morris_baseline"
"pit_histogram",10,0.9,1,0.95,0.1,0.0892175621482948,0.0129746525720519,-0.0107824378517051,2140,1070,400,23985,"closer_to_expected_share_better",58,"skew-t",6,50,"yes","yes","",TRUE,FALSE,NA,FALSE,FALSE,"morris_baseline"
"pit_histogram",1,0,0.1,0.05,0.1,0.113993525909005,0.0149687697199575,0.0139935259090048,2734,1367,400,23985,"closer_to_expected_share_better",59,"t",6,75,"yes","yes","",TRUE,FALSE,NA,FALSE,FALSE,"morris_baseline"
"pit_histogram",2,0.1,0.2,0.15,0.1,0.0937674358529572,0.00132765924213786,-0.00623256414704278,2249,1124.5,400,23985,"closer_to_expected_share_better",59,"t",6,75,"yes","yes","",TRUE,FALSE,NA,FALSE,FALSE,"morris_baseline"
"pit_histogram",3,0.2,0.3,0.25,0.1,0.0914321423198642,7.38422843949565e-06,-0.00856785768013579,2193,1096.5,400,23985,"closer_to_expected_share_better",59,"t",6,75,"yes","yes","",TRUE,FALSE,NA,FALSE,FALSE,"morris_baseline"
"pit_histogram",4,0.3,0.4,0.35,0.1,0.0876383072244538,0.000533197613717742,-0.0123616927755462,2102,1051,400,23985,"closer_to_expected_share_better",59,"t",6,75,"yes","yes","",TRUE,FALSE,NA,FALSE,FALSE,"morris_baseline"
"pit_histogram",5,0.4,0.5,0.45,0.1,0.0980616150033504,0.000870650595581827,-0.00193838499664953,2352,1176,400,23985,"closer_to_expected_share_better",59,"t",6,75,"yes","yes","",TRUE,FALSE,NA,FALSE,FALSE,"morris_baseline"
"pit_histogram",6,0.5,0.6,0.55,0.1,0.100229449254205,0.000371151346395156,0.000229449254205344,2404,1202,400,23985,"closer_to_expected_share_better",59,"t",6,75,"yes","yes","",TRUE,FALSE,NA,FALSE,FALSE,"morris_baseline"
"pit_histogram",7,0.6,0.7,0.65,0.1,0.104731106450286,0.00271242109826756,0.00473110645028627,2512,1256,400,23985,"closer_to_expected_share_better",59,"t",6,75,"yes","yes","",TRUE,FALSE,NA,FALSE,FALSE,"morris_baseline"
"pit_histogram",8,0.7,0.8,0.75,0.1,0.108024159443264,0.00450397258974403,0.00802415944326423,2591,1295.5,400,23985,"closer_to_expected_share_better",59,"t",6,75,"yes","yes","",TRUE,FALSE,NA,FALSE,FALSE,"morris_baseline"
"pit_histogram",9,0.8,0.9,0.85,0.1,0.105314335340592,0.00396298398924055,0.00531433534059193,2526,1263,400,23985,"closer_to_expected_share_better",59,"t",6,75,"yes","yes","",TRUE,FALSE,NA,FALSE,FALSE,"morris_baseline"
"pit_histogram",10,0.9,1,0.95,0.1,0.0968079232020217,0.00688466661209847,-0.00319207679797825,2322,1161,400,23985,"closer_to_expected_share_better",59,"t",6,75,"yes","yes","",TRUE,FALSE,NA,FALSE,FALSE,"morris_baseline"
"pit_histogram",1,0,0.1,0.05,0.1,0.0885182819728956,0.0123325688779552,-0.0114817180271044,2123,1061.5,400,23985,"closer_to_expected_share_better",60,"skew-t",7,0,"yes","yes","",TRUE,FALSE,NA,FALSE,FALSE,"morris_baseline"
"pit_histogram",2,0.1,0.2,0.15,0.1,0.0894755095180201,0.00778842107924378,-0.0105244904819799,2146,1073,400,23985,"closer_to_expected_share_better",60,"skew-t",7,0,"yes","yes","",TRUE,FALSE,NA,FALSE,FALSE,"morris_baseline"
"pit_histogram",3,0.2,0.3,0.25,0.1,0.103608203101827,0.00475015525653185,0.00360820310182647,2485,1242.5,400,23985,"closer_to_expected_share_better",60,"skew-t",7,0,"yes","yes","",TRUE,FALSE,NA,FALSE,FALSE,"morris_baseline"
"pit_histogram",4,0.3,0.4,0.35,0.1,0.111445904519173,0.00333554359560861,0.0114459045191729,2673,1336.5,400,23985,"closer_to_expected_share_better",60,"skew-t",7,0,"yes","yes","",TRUE,FALSE,NA,FALSE,FALSE,"morris_baseline"
"pit_histogram",5,0.4,0.5,0.45,0.1,0.110402100024506,0.000625656914729183,0.0104021000245056,2648,1324,400,23985,"closer_to_expected_share_better",60,"skew-t",7,0,"yes","yes","",TRUE,FALSE,NA,FALSE,FALSE,"morris_baseline"
"pit_histogram",6,0.5,0.6,0.55,0.1,0.111777975775225,0.000583447914030553,0.011777975775225,2681,1340.5,400,23985,"closer_to_expected_share_better",60,"skew-t",7,0,"yes","yes","",TRUE,FALSE,NA,FALSE,FALSE,"morris_baseline"
"pit_histogram",7,0.6,0.7,0.65,0.1,0.105315712061148,0.000294023706126731,0.00531571206114845,2526,1263,400,23985,"closer_to_expected_share_better",60,"skew-t",7,0,"yes","yes","",TRUE,FALSE,NA,FALSE,FALSE,"morris_baseline"
"pit_histogram",8,0.7,0.8,0.75,0.1,0.0991013832036588,0.00592487336048227,-0.000898616796341206,2377,1188.5,400,23985,"closer_to_expected_share_better",60,"skew-t",7,0,"yes","yes","",TRUE,FALSE,NA,FALSE,FALSE,"morris_baseline"
"pit_histogram",9,0.8,0.9,0.85,0.1,0.087760459884741,0.00726329605424379,-0.012239540115259,2105,1052.5,400,23985,"closer_to_expected_share_better",60,"skew-t",7,0,"yes","yes","",TRUE,FALSE,NA,FALSE,FALSE,"morris_baseline"
"pit_histogram",10,0.9,1,0.95,0.1,0.092594469938806,0.0135153908597269,-0.00740553006119396,2221,1110.5,400,23985,"closer_to_expected_share_better",60,"skew-t",7,0,"yes","yes","",TRUE,FALSE,NA,FALSE,FALSE,"morris_baseline"
"pit_histogram",1,0,0.1,0.05,0.1,0.0929384623433136,0.0143354782639604,-0.00706153765668645,2229,1114.5,400,23985,"closer_to_expected_share_better",61,"skew-t",7,50,"yes","yes","",TRUE,FALSE,NA,FALSE,FALSE,"morris_baseline"
"pit_histogram",2,0.1,0.2,0.15,0.1,0.0893519801371764,0.0119159544640915,-0.0106480198628236,2143,1071.5,400,23985,"closer_to_expected_share_better",61,"skew-t",7,50,"yes","yes","",TRUE,FALSE,NA,FALSE,FALSE,"morris_baseline"
"pit_histogram",3,0.2,0.3,0.25,0.1,0.0997306696544006,0.00445685119978693,-0.00026933034559945,2392,1196,400,23985,"closer_to_expected_share_better",61,"skew-t",7,50,"yes","yes","",TRUE,FALSE,NA,FALSE,FALSE,"morris_baseline"
"pit_histogram",4,0.3,0.4,0.35,0.1,0.100229449254205,0.000371151346395156,0.000229449254205455,2404,1202,400,23985,"closer_to_expected_share_better",61,"skew-t",7,50,"yes","yes","",TRUE,FALSE,NA,FALSE,FALSE,"morris_baseline"
"pit_histogram",5,0.4,0.5,0.45,0.1,0.106192557899235,0.0031668014601248,0.00619255789923459,2547,1273.5,400,23985,"closer_to_expected_share_better",61,"skew-t",7,50,"yes","yes","",TRUE,FALSE,NA,FALSE,FALSE,"morris_baseline"
"pit_histogram",6,0.5,0.6,0.55,0.1,0.110443432930305,0.00158457407144578,0.0104434329303046,2649,1324.5,400,23985,"closer_to_expected_share_better",61,"skew-t",7,50,"yes","yes","",TRUE,FALSE,NA,FALSE,FALSE,"morris_baseline"
"pit_histogram",7,0.6,0.7,0.65,0.1,0.108733233108077,0.00371154475305513,0.00873323310807685,2608,1304,400,23985,"closer_to_expected_share_better",61,"skew-t",7,50,"yes","yes","",TRUE,FALSE,NA,FALSE,FALSE,"morris_baseline"
"pit_histogram",8,0.7,0.8,0.75,0.1,0.105687864658857,0.00850735081167689,0.00568786465885743,2535,1267.5,400,23985,"closer_to_expected_share_better",61,"skew-t",7,50,"yes","yes","",TRUE,FALSE,NA,FALSE,FALSE,"morris_baseline"
"pit_histogram",9,0.8,0.9,0.85,0.1,0.0964746629600343,0.00613432261969396,-0.00352533703996567,2314,1157,400,23985,"closer_to_expected_share_better",61,"skew-t",7,50,"yes","yes","",TRUE,FALSE,NA,FALSE,FALSE,"morris_baseline"
"pit_histogram",10,0.9,1,0.95,0.1,0.0902176870543962,0.014308444478487,-0.00978231294560375,2164,1082,400,23985,"closer_to_expected_share_better",61,"skew-t",7,50,"yes","yes","",TRUE,FALSE,NA,FALSE,FALSE,"morris_baseline"
"pit_histogram",1,0,0.1,0.05,0.1,0.154875461858458,0.076439186122857,0.0548754618584576,3714,1857,400,23985,"closer_to_expected_share_better",62,"t",7,75,"yes","yes","",TRUE,FALSE,NA,FALSE,FALSE,"morris_baseline"
"pit_histogram",2,0.1,0.2,0.15,0.1,0.0938971917654088,0.0137938325922822,-0.00610280823459119,2252,1126,400,23985,"closer_to_expected_share_better",62,"t",7,75,"yes","yes","",TRUE,FALSE,NA,FALSE,FALSE,"morris_baseline"
"pit_histogram",3,0.2,0.3,0.25,0.1,0.0900167797204556,0.00582906612539021,-0.00998322027954439,2159,1079.5,400,23985,"closer_to_expected_share_better",62,"t",7,75,"yes","yes","",TRUE,FALSE,NA,FALSE,FALSE,"morris_baseline"
"pit_histogram",4,0.3,0.4,0.35,0.1,0.0868462861461111,0.000908134941643324,-0.0131537138538889,2083,1041.5,400,23985,"closer_to_expected_share_better",62,"t",7,75,"yes","yes","",TRUE,FALSE,NA,FALSE,FALSE,"morris_baseline"
"pit_histogram",5,0.4,0.5,0.45,0.1,0.088551886470116,0.00922255714078669,-0.011448113529884,2124,1062,400,23985,"closer_to_expected_share_better",62,"t",7,75,"yes","yes","",TRUE,FALSE,NA,FALSE,FALSE,"morris_baseline"
"pit_histogram",6,0.5,0.6,0.55,0.1,0.0907602713991811,0.0127656100711865,-0.00923972860081895,2177,1088.5,400,23985,"closer_to_expected_share_better",62,"t",7,75,"yes","yes","",TRUE,FALSE,NA,FALSE,FALSE,"morris_baseline"
"pit_histogram",7,0.6,0.7,0.65,0.1,0.0960123351658735,0.0160156718358769,-0.00398766483412644,2303,1151.5,400,23985,"closer_to_expected_share_better",62,"t",7,75,"yes","yes","",TRUE,FALSE,NA,FALSE,FALSE,"morris_baseline"
"pit_histogram",8,0.7,0.8,0.75,0.1,0.101930043321641,0.0231012144928124,0.00193004332164125,2445,1222.5,400,23985,"closer_to_expected_share_better",62,"t",7,75,"yes","yes","",TRUE,FALSE,NA,FALSE,FALSE,"morris_baseline"
"pit_histogram",9,0.8,0.9,0.85,0.1,0.101055043540665,0.0216422974612522,0.00105504354066496,2424,1212,400,23985,"closer_to_expected_share_better",62,"t",7,75,"yes","yes","",TRUE,FALSE,NA,FALSE,FALSE,"morris_baseline"
"pit_histogram",10,0.9,1,0.95,0.1,0.09605470061209,0.0142228687802581,-0.00394529938791002,2304,1152,400,23985,"closer_to_expected_share_better",62,"t",7,75,"yes","yes","",TRUE,FALSE,NA,FALSE,FALSE,"morris_baseline"
"pit_histogram",1,0,0.1,0.05,0.1,0.088476354574129,0.0117071622760545,-0.011523645425871,2122,1061,400,23985,"closer_to_expected_share_better",63,"skew-t",8,0,"yes","yes","",TRUE,FALSE,NA,FALSE,FALSE,"morris_baseline"
"pit_histogram",2,0.1,0.2,0.15,0.1,0.0906006969710396,0.00641298337597412,-0.00939930302896044,2173,1086.5,400,23985,"closer_to_expected_share_better",63,"skew-t",8,0,"yes","yes","",TRUE,FALSE,NA,FALSE,FALSE,"morris_baseline"
"pit_histogram",3,0.2,0.3,0.25,0.1,0.105526600619124,0.00616842774257127,0.00552660061912372,2531,1265.5,400,23985,"closer_to_expected_share_better",63,"skew-t",8,0,"yes","yes","",TRUE,FALSE,NA,FALSE,FALSE,"morris_baseline"
"pit_histogram",4,0.3,0.4,0.35,0.1,0.107610924252585,0.00533535536036161,0.00761092425258469,2581,1290.5,400,23985,"closer_to_expected_share_better",63,"skew-t",8,0,"yes","yes","",TRUE,FALSE,NA,FALSE,FALSE,"morris_baseline"
"pit_histogram",5,0.4,0.5,0.45,0.1,0.110109922375489,0.00150131376688016,0.0101099223754888,2641,1320.5,400,23985,"closer_to_expected_share_better",63,"skew-t",8,0,"yes","yes","",TRUE,FALSE,NA,FALSE,FALSE,"morris_baseline"
"pit_histogram",6,0.5,0.6,0.55,0.1,0.108901286883282,0.000292678274673774,0.00890128688328229,2612,1306,400,23985,"closer_to_expected_share_better",63,"skew-t",8,0,"yes","yes","",TRUE,FALSE,NA,FALSE,FALSE,"morris_baseline"
"pit_histogram",7,0.6,0.7,0.65,0.1,0.107274660256656,0.0019193049013004,0.00727466025665577,2573,1286.5,400,23985,"closer_to_expected_share_better",63,"skew-t",8,0,"yes","yes","",TRUE,FALSE,NA,FALSE,FALSE,"morris_baseline"
"pit_histogram",8,0.7,0.8,0.75,0.1,0.100310331586901,0.00629965424289005,0.000310331586900747,2406,1203,400,23985,"closer_to_expected_share_better",63,"skew-t",8,0,"yes","yes","",TRUE,FALSE,NA,FALSE,FALSE,"morris_baseline"
"pit_histogram",9,0.8,0.9,0.85,0.1,0.0873438454708772,0.00642959788996299,-0.0126561545291227,2095,1047.5,400,23985,"closer_to_expected_share_better",63,"skew-t",8,0,"yes","yes","",TRUE,FALSE,NA,FALSE,FALSE,"morris_baseline"
"pit_histogram",10,0.9,1,0.95,0.1,0.0938453770099181,0.0131813796792541,-0.00615462299008183,2251,1125.5,400,23985,"closer_to_expected_share_better",63,"skew-t",8,0,"yes","yes","",TRUE,FALSE,NA,FALSE,FALSE,"morris_baseline"
"pit_histogram",1,0,0.1,0.05,0.1,0.097608736518464,0.0161717105953165,-0.00239126348153605,2341,1170.5,400,23985,"closer_to_expected_share_better",64,"skew-t",8,50,"yes","yes","",TRUE,FALSE,NA,FALSE,FALSE,"morris_baseline"
"pit_histogram",2,0.1,0.2,0.15,0.1,0.0924361470748067,0.00899862102662803,-0.00756385292519327,2217,1108.5,400,23985,"closer_to_expected_share_better",64,"skew-t",8,50,"yes","yes","",TRUE,FALSE,NA,FALSE,FALSE,"morris_baseline"
"pit_histogram",3,0.2,0.3,0.25,0.1,0.0969794813568257,0.00587337149602716,-0.00302051864317435,2326,1163,400,23985,"closer_to_expected_share_better",64,"skew-t",8,50,"yes","yes","",TRUE,FALSE,NA,FALSE,FALSE,"morris_baseline"
"pit_histogram",4,0.3,0.4,0.35,0.1,0.101772565263438,0.00166420483999879,0.001772565263438,2441,1220.5,400,23985,"closer_to_expected_share_better",64,"skew-t",8,50,"yes","yes","",TRUE,FALSE,NA,FALSE,FALSE,"morris_baseline"
"pit_histogram",5,0.4,0.5,0.45,0.1,0.105942338938088,0.0029999366708544,0.0059423389380879,2541,1270.5,400,23985,"closer_to_expected_share_better",64,"skew-t",8,50,"yes","yes","",TRUE,FALSE,NA,FALSE,FALSE,"morris_baseline"
"pit_histogram",6,0.5,0.6,0.55,0.1,0.10735729477915,0.00392052467571347,0.00735729477915015,2575,1287.5,400,23985,"closer_to_expected_share_better",64,"skew-t",8,50,"yes","yes","",TRUE,FALSE,NA,FALSE,FALSE,"morris_baseline"
"pit_histogram",7,0.6,0.7,0.65,0.1,0.108692651140763,0.000751376532821896,0.00869265114076319,2607,1303.5,400,23985,"closer_to_expected_share_better",64,"skew-t",8,50,"yes","yes","",TRUE,FALSE,NA,FALSE,FALSE,"morris_baseline"
"pit_histogram",8,0.7,0.8,0.75,0.1,0.102644248399437,0.00863357105542652,0.00264424839943722,2462,1231,400,23985,"closer_to_expected_share_better",64,"skew-t",8,50,"yes","yes","",TRUE,FALSE,NA,FALSE,FALSE,"morris_baseline"
"pit_histogram",9,0.8,0.9,0.85,0.1,0.0950138998713642,0.0101790650365294,-0.00498610012863573,2279,1139.5,400,23985,"closer_to_expected_share_better",64,"skew-t",8,50,"yes","yes","",TRUE,FALSE,NA,FALSE,FALSE,"morris_baseline"
"pit_histogram",10,0.9,1,0.95,0.1,0.0915526366576629,0.0122233073283336,-0.00844736334233706,2196,1098,400,23985,"closer_to_expected_share_better",64,"skew-t",8,50,"yes","yes","",TRUE,FALSE,NA,FALSE,FALSE,"morris_baseline"
"pit_histogram",1,0,0.1,0.05,0.1,0.0868942523418642,0.0176269355126569,-0.0131057476581358,2084,1042,400,23985,"closer_to_expected_share_better",65,"t",8,75,"yes","yes","",TRUE,FALSE,NA,FALSE,FALSE,"morris_baseline"
"pit_histogram",2,0.1,0.2,0.15,0.1,0.0871409669234125,0.00845462867218306,-0.0128590330765875,2090,1045,400,23985,"closer_to_expected_share_better",65,"t",8,75,"yes","yes","",TRUE,FALSE,NA,FALSE,FALSE,"morris_baseline"
"pit_histogram",3,0.2,0.3,0.25,0.1,0.0860144966171473,0.00641126247527848,-0.0139855033828528,2063,1031.5,400,23985,"closer_to_expected_share_better",65,"t",8,75,"yes","yes","",TRUE,FALSE,NA,FALSE,FALSE,"morris_baseline"
"pit_histogram",4,0.3,0.4,0.35,0.1,0.0903896519675464,0.000466395377623184,-0.00961034803245353,2168,1084,400,23985,"closer_to_expected_share_better",65,"t",8,75,"yes","yes","",TRUE,FALSE,NA,FALSE,FALSE,"morris_baseline"
"pit_histogram",5,0.4,0.5,0.45,0.1,0.0983128039267074,0.00362246467522787,-0.00168719607329257,2358,1179,400,23985,"closer_to_expected_share_better",65,"t",8,75,"yes","yes","",TRUE,FALSE,NA,FALSE,FALSE,"morris_baseline"
"pit_histogram",6,0.5,0.6,0.55,0.1,0.107608233389679,0.00183579428390631,0.00760823338967867,2581,1290.5,400,23985,"closer_to_expected_share_better",65,"t",8,75,"yes","yes","",TRUE,FALSE,NA,FALSE,FALSE,"morris_baseline"
"pit_histogram",7,0.6,0.7,0.65,0.1,0.109524284224209,0.00667143137135635,0.00952428422420923,2627,1313.5,400,23985,"closer_to_expected_share_better",65,"t",8,75,"yes","yes","",TRUE,FALSE,NA,FALSE,FALSE,"morris_baseline"
"pit_histogram",8,0.7,0.8,0.75,0.1,0.116486610391337,0.00762775153247771,0.0164866103913366,2794,1397,400,23985,"closer_to_expected_share_better",65,"t",8,75,"yes","yes","",TRUE,FALSE,NA,FALSE,FALSE,"morris_baseline"
"pit_histogram",9,0.8,0.9,0.85,0.1,0.112566867943212,0.00929693133994209,0.012566867943212,2700,1350,400,23985,"closer_to_expected_share_better",65,"t",8,75,"yes","yes","",TRUE,FALSE,NA,FALSE,FALSE,"morris_baseline"
"pit_histogram",10,0.9,1,0.95,0.1,0.105061832274886,0.0102169874300407,0.00506183227488556,2520,1260,400,23985,"closer_to_expected_share_better",65,"t",8,75,"yes","yes","",TRUE,FALSE,NA,FALSE,FALSE,"morris_baseline"
"pit_histogram",1,0,0.1,0.05,0.1,0.0898525119267805,0.0124998404255719,-0.0101474880732195,2155,1077.5,400,23985,"closer_to_expected_share_better",66,"skew-t",9,0,"yes","yes","",TRUE,FALSE,NA,FALSE,FALSE,"morris_baseline"
"pit_histogram",2,0.1,0.2,0.15,0.1,0.0923519168080308,0.00674718229106826,-0.00764808319196916,2215,1107.5,400,23985,"closer_to_expected_share_better",66,"skew-t",9,0,"yes","yes","",TRUE,FALSE,NA,FALSE,FALSE,"morris_baseline"
"pit_histogram",3,0.2,0.3,0.25,0.1,0.0986052944667598,0.00533197613717744,-0.0013947055332402,2365,1182.5,400,23985,"closer_to_expected_share_better",66,"skew-t",9,0,"yes","yes","",TRUE,FALSE,NA,FALSE,FALSE,"morris_baseline"
"pit_histogram",4,0.3,0.4,0.35,0.1,0.111153570424638,0.00204295943855834,0.0111535704246382,2666,1333,400,23985,"closer_to_expected_share_better",66,"skew-t",9,0,"yes","yes","",TRUE,FALSE,NA,FALSE,FALSE,"morris_baseline"
"pit_histogram",5,0.4,0.5,0.45,0.1,0.1119035389478,0.000709073664812598,0.0119035389478,2684,1342,400,23985,"closer_to_expected_share_better",66,"skew-t",9,0,"yes","yes","",TRUE,FALSE,NA,FALSE,FALSE,"morris_baseline"
"pit_histogram",6,0.5,0.6,0.55,0.1,0.109151474555326,0.000209198946383243,0.00915147455532543,2618,1309,400,23985,"closer_to_expected_share_better",66,"skew-t",9,0,"yes","yes","",TRUE,FALSE,NA,FALSE,FALSE,"morris_baseline"
"pit_histogram",7,0.6,0.7,0.65,0.1,0.105940993506635,0.000585638151279565,0.00594099350663493,2541,1270.5,400,23985,"closer_to_expected_share_better",66,"skew-t",9,0,"yes","yes","",TRUE,FALSE,NA,FALSE,FALSE,"morris_baseline"
"pit_histogram",8,0.7,0.8,0.75,0.1,0.097266684038377,0.00650925994761954,-0.00273331596162302,2333,1166.5,400,23985,"closer_to_expected_share_better",66,"skew-t",9,0,"yes","yes","",TRUE,FALSE,NA,FALSE,FALSE,"morris_baseline"
"pit_histogram",9,0.8,0.9,0.85,0.1,0.0896375244962392,0.00488610641148775,-0.0103624755037608,2150,1075,400,23985,"closer_to_expected_share_better",66,"skew-t",9,0,"yes","yes","",TRUE,FALSE,NA,FALSE,FALSE,"morris_baseline"
"pit_histogram",10,0.9,1,0.95,0.1,0.0941364908294141,0.0151408285004184,-0.00586350917058592,2258,1129,400,23985,"closer_to_expected_share_better",66,"skew-t",9,0,"yes","yes","",TRUE,FALSE,NA,FALSE,FALSE,"morris_baseline"
"pit_histogram",1,0,0.1,0.05,0.1,0.0988185922857091,0.0182151080813246,-0.00118140771429094,2370,1185,400,23985,"closer_to_expected_share_better",67,"skew-t",9,50,"yes","yes","",TRUE,FALSE,NA,FALSE,FALSE,"morris_baseline"
"pit_histogram",2,0.1,0.2,0.15,0.1,0.0958969096628512,0.00970869594275446,-0.00410309033714885,2300,1150,400,23985,"closer_to_expected_share_better",67,"skew-t",9,50,"yes","yes","",TRUE,FALSE,NA,FALSE,FALSE,"morris_baseline"
"pit_histogram",3,0.2,0.3,0.25,0.1,0.0974783548239412,0.00203782802557496,-0.00252164517605881,2338,1169,400,23985,"closer_to_expected_share_better",67,"skew-t",9,50,"yes","yes","",TRUE,FALSE,NA,FALSE,FALSE,"morris_baseline"
"pit_histogram",4,0.3,0.4,0.35,0.1,0.101398097272066,0.00370700783303934,0.00139809727206579,2432,1216,400,23985,"closer_to_expected_share_better",67,"skew-t",9,50,"yes","yes","",TRUE,FALSE,NA,FALSE,FALSE,"morris_baseline"
"pit_histogram",5,0.4,0.5,0.45,0.1,0.103565118006228,0.00103948659837632,0.0035651180062283,2484,1242,400,23985,"closer_to_expected_share_better",67,"skew-t",9,50,"yes","yes","",TRUE,FALSE,NA,FALSE,FALSE,"morris_baseline"
"pit_histogram",6,0.5,0.6,0.55,0.1,0.10931793258625,0.00104299097797472,0.00931793258624958,2622,1311,400,23985,"closer_to_expected_share_better",67,"skew-t",9,50,"yes","yes","",TRUE,FALSE,NA,FALSE,FALSE,"morris_baseline"
"pit_histogram",7,0.6,0.7,0.65,0.1,0.106857826819067,0.00166930496387861,0.00685782681906716,2563,1281.5,400,23985,"closer_to_expected_share_better",67,"skew-t",9,50,"yes","yes","",TRUE,FALSE,NA,FALSE,FALSE,"morris_baseline"
"pit_histogram",8,0.7,0.8,0.75,0.1,0.103770092923631,0.00825791407811913,0.00377009292363133,2489,1244.5,400,23985,"closer_to_expected_share_better",67,"skew-t",9,50,"yes","yes","",TRUE,FALSE,NA,FALSE,FALSE,"morris_baseline"
"pit_histogram",9,0.8,0.9,0.85,0.1,0.0939294195420727,0.0114302537095735,-0.00607058045792727,2253,1126.5,400,23985,"closer_to_expected_share_better",67,"skew-t",9,50,"yes","yes","",TRUE,FALSE,NA,FALSE,FALSE,"morris_baseline"
"pit_histogram",10,0.9,1,0.95,0.1,0.0889676560781837,0.0123076627515237,-0.0110323439218163,2134,1067,400,23985,"closer_to_expected_share_better",67,"skew-t",9,50,"yes","yes","",TRUE,FALSE,NA,FALSE,FALSE,"morris_baseline"
"pit_histogram",1,0,0.1,0.05,0.1,0.105688083682582,0.00792365258481788,0.00568808368258231,2535,1267.5,400,23985,"closer_to_expected_share_better",68,"t",9,75,"yes","yes","",TRUE,FALSE,NA,FALSE,FALSE,"morris_baseline"
"pit_histogram",2,0.1,0.2,0.15,0.1,0.0981867714175791,0.00107916118168681,-0.00181322858242089,2355,1177.5,400,23985,"closer_to_expected_share_better",68,"t",9,75,"yes","yes","",TRUE,FALSE,NA,FALSE,FALSE,"morris_baseline"
"pit_histogram",3,0.2,0.3,0.25,0.1,0.0910576430393885,0.0019520333036212,-0.00894235696061156,2184,1092,400,23985,"closer_to_expected_share_better",68,"t",9,75,"yes","yes","",TRUE,FALSE,NA,FALSE,FALSE,"morris_baseline"
"pit_histogram",4,0.3,0.4,0.35,0.1,0.0921822985776474,0.000840957236306075,-0.00781770142235257,2211,1105.5,400,23985,"closer_to_expected_share_better",68,"t",9,75,"yes","yes","",TRUE,FALSE,NA,FALSE,FALSE,"morris_baseline"
"pit_histogram",5,0.4,0.5,0.45,0.1,0.0945619287704809,0.00754017333162119,-0.00543807122951906,2268,1134,400,23985,"closer_to_expected_share_better",68,"t",9,75,"yes","yes","",TRUE,FALSE,NA,FALSE,FALSE,"morris_baseline"
"pit_histogram",6,0.5,0.6,0.55,0.1,0.101856075880832,0.00199777797302179,0.00185607588083198,2443,1221.5,400,23985,"closer_to_expected_share_better",68,"t",9,75,"yes","yes","",TRUE,FALSE,NA,FALSE,FALSE,"morris_baseline"
"pit_histogram",7,0.6,0.7,0.65,0.1,0.105107232764147,0.000335794659375555,0.00510723276414701,2521,1260.5,400,23985,"closer_to_expected_share_better",68,"t",9,75,"yes","yes","",TRUE,FALSE,NA,FALSE,FALSE,"morris_baseline"
"pit_histogram",8,0.7,0.8,0.75,0.1,0.107608295967886,0.0016690233619466,0.0076082959678859,2581,1290.5,400,23985,"closer_to_expected_share_better",68,"t",9,75,"yes","yes","",TRUE,FALSE,NA,FALSE,FALSE,"morris_baseline"
"pit_histogram",9,0.8,0.9,0.85,0.1,0.10523304624955,0.00162381060730649,0.0052330462495504,2524,1262,400,23985,"closer_to_expected_share_better",68,"t",9,75,"yes","yes","",TRUE,FALSE,NA,FALSE,FALSE,"morris_baseline"
"pit_histogram",10,0.9,1,0.95,0.1,0.0985186236499065,0.00342352855481138,-0.00148137635009352,2363,1181.5,400,23985,"closer_to_expected_share_better",68,"t",9,75,"yes","yes","",TRUE,FALSE,NA,FALSE,FALSE,"morris_baseline"
"pit_histogram",1,0,0.1,0.05,0.1,0.0902685944258838,0.0102485894246334,-0.00973140557411625,2165,1082.5,400,23985,"closer_to_expected_share_better",69,"skew-t",10,0,"yes","yes","",TRUE,FALSE,NA,FALSE,FALSE,"morris_baseline"
"pit_histogram",2,0.1,0.2,0.15,0.1,0.0891836760491424,0.00783000429787127,-0.0108163239508576,2139,1069.5,400,23985,"closer_to_expected_share_better",69,"skew-t",10,0,"yes","yes","",TRUE,FALSE,NA,FALSE,FALSE,"morris_baseline"
"pit_histogram",3,0.2,0.3,0.25,0.1,0.102816557492727,0.00612571811621574,0.0028165574927265,2466,1233,400,23985,"closer_to_expected_share_better",69,"skew-t",10,0,"yes","yes","",TRUE,FALSE,NA,FALSE,FALSE,"morris_baseline"
"pit_histogram",4,0.3,0.4,0.35,0.1,0.109694684682182,0.00300134468051447,0.00969468468218157,2631,1315.5,400,23985,"closer_to_expected_share_better",69,"skew-t",10,0,"yes","yes","",TRUE,FALSE,NA,FALSE,FALSE,"morris_baseline"
"pit_histogram",5,0.4,0.5,0.45,0.1,0.1107362989396,0.0011255629222621,0.0107362989395998,2656,1328,400,23985,"closer_to_expected_share_better",69,"skew-t",10,0,"yes","yes","",TRUE,FALSE,NA,FALSE,FALSE,"morris_baseline"
"pit_histogram",6,0.5,0.6,0.55,0.1,0.110276349117309,0.0024184912594515,0.0102763491173093,2645,1322.5,400,23985,"closer_to_expected_share_better",69,"skew-t",10,0,"yes","yes","",TRUE,FALSE,NA,FALSE,FALSE,"morris_baseline"
"pit_histogram",7,0.6,0.7,0.65,0.1,0.105483484234422,0.00237437362343589,0.00548348423442199,2530,1265,400,23985,"closer_to_expected_share_better",69,"skew-t",10,0,"yes","yes","",TRUE,FALSE,NA,FALSE,FALSE,"morris_baseline"
"pit_histogram",8,0.7,0.8,0.75,0.1,0.0976001320149857,0.00675929117414489,-0.00239986798501424,2341,1170.5,400,23985,"closer_to_expected_share_better",69,"skew-t",10,0,"yes","yes","",TRUE,FALSE,NA,FALSE,FALSE,"morris_baseline"
"pit_histogram",9,0.8,0.9,0.85,0.1,0.0907626493710515,0.00642831503671714,-0.00923735062894851,2177,1088.5,400,23985,"closer_to_expected_share_better",69,"skew-t",10,0,"yes","yes","",TRUE,FALSE,NA,FALSE,FALSE,"morris_baseline"
"pit_histogram",10,0.9,1,0.95,0.1,0.0931775736726975,0.0150994955946194,-0.00682242632730252,2235,1117.5,400,23985,"closer_to_expected_share_better",69,"skew-t",10,0,"yes","yes","",TRUE,FALSE,NA,FALSE,FALSE,"morris_baseline"
"pit_histogram",1,0,0.1,0.05,0.1,0.103569467191623,0.0126300656745768,0.00356946719162272,2484,1242,400,23985,"closer_to_expected_share_better",70,"skew-t",10,50,"yes","yes","",TRUE,FALSE,NA,FALSE,FALSE,"morris_baseline"
"pit_histogram",2,0.1,0.2,0.15,0.1,0.0975238178914098,0.0120857917181998,-0.00247618210859021,2339,1169.5,400,23985,"closer_to_expected_share_better",70,"skew-t",10,50,"yes","yes","",TRUE,FALSE,NA,FALSE,FALSE,"morris_baseline"
"pit_histogram",3,0.2,0.3,0.25,0.1,0.095893530439667,0.000703066156929624,-0.00410646956033306,2300,1150,400,23985,"closer_to_expected_share_better",70,"skew-t",10,50,"yes","yes","",TRUE,FALSE,NA,FALSE,FALSE,"morris_baseline"
"pit_histogram",4,0.3,0.4,0.35,0.1,0.103023785225586,0.00283207063027018,0.00302378522558569,2471,1235.5,400,23985,"closer_to_expected_share_better",70,"skew-t",10,50,"yes","yes","",TRUE,FALSE,NA,FALSE,FALSE,"morris_baseline"
"pit_histogram",5,0.4,0.5,0.45,0.1,0.105232827225825,0.00104011238044747,0.00523282722582549,2524,1262,400,23985,"closer_to_expected_share_better",70,"skew-t",10,50,"yes","yes","",TRUE,FALSE,NA,FALSE,FALSE,"morris_baseline"
"pit_histogram",6,0.5,0.6,0.55,0.1,0.107358202163153,0.00150234630729754,0.0073582021631533,2575,1287.5,400,23985,"closer_to_expected_share_better",70,"skew-t",10,50,"yes","yes","",TRUE,FALSE,NA,FALSE,FALSE,"morris_baseline"
"pit_histogram",7,0.6,0.7,0.65,0.1,0.104439179114098,0.00292099426257966,0.00443917911409786,2505,1252.5,400,23985,"closer_to_expected_share_better",70,"skew-t",10,50,"yes","yes","",TRUE,FALSE,NA,FALSE,FALSE,"morris_baseline"
"pit_histogram",8,0.7,0.8,0.75,0.1,0.098226633735511,0.0037988726410832,-0.00177336626448903,2356,1178,400,23985,"closer_to_expected_share_better",70,"skew-t",10,50,"yes","yes","",TRUE,FALSE,NA,FALSE,FALSE,"morris_baseline"
"pit_histogram",9,0.8,0.9,0.85,0.1,0.0921798580275699,0.00734502319273512,-0.00782014197243003,2211,1105.5,400,23985,"closer_to_expected_share_better",70,"skew-t",10,50,"yes","yes","",TRUE,FALSE,NA,FALSE,FALSE,"morris_baseline"
"pit_histogram",10,0.9,1,0.95,0.1,0.0925526989855572,0.0137238701567284,-0.00744730101444277,2220,1110,400,23985,"closer_to_expected_share_better",70,"skew-t",10,50,"yes","yes","",TRUE,FALSE,NA,FALSE,FALSE,"morris_baseline"
"pit_histogram",1,0,0.1,0.05,0.1,0.0734687550766571,0.0164545015132662,-0.026531244923343,1762,881,400,23985,"closer_to_expected_share_better",71,"t",10,75,"yes","yes","",TRUE,FALSE,NA,FALSE,FALSE,"morris_baseline"
"pit_histogram",2,0.1,0.2,0.15,0.1,0.0834725385550592,0.00987080478828416,-0.0165274614449408,2002,1001,400,23985,"closer_to_expected_share_better",71,"t",10,75,"yes","yes","",TRUE,FALSE,NA,FALSE,FALSE,"morris_baseline"
"pit_histogram",3,0.2,0.3,0.25,0.1,0.0831785774271396,0.00424217666028118,-0.0168214225728605,1995,997.5,400,23985,"closer_to_expected_share_better",71,"t",10,75,"yes","yes","",TRUE,FALSE,NA,FALSE,FALSE,"morris_baseline"
"pit_histogram",4,0.3,0.4,0.35,0.1,0.0908914978994999,0.00361967994501127,-0.00910850210050007,2180,1090,400,23985,"closer_to_expected_share_better",71,"t",10,75,"yes","yes","",TRUE,FALSE,NA,FALSE,FALSE,"morris_baseline"
"pit_histogram",5,0.4,0.5,0.45,0.1,0.0963531047927147,0.00324649480688491,-0.00364689520728528,2311,1155.5,400,23985,"closer_to_expected_share_better",71,"t",10,75,"yes","yes","",TRUE,FALSE,NA,FALSE,FALSE,"morris_baseline"
"pit_histogram",6,0.5,0.6,0.55,0.1,0.104731356763115,0.00204533741042868,0.00473135676311462,2512,1256,400,23985,"closer_to_expected_share_better",71,"t",10,75,"yes","yes","",TRUE,FALSE,NA,FALSE,FALSE,"morris_baseline"
"pit_histogram",7,0.6,0.7,0.65,0.1,0.112818901672365,0.00429370981383985,0.0128189016723651,2706,1353,400,23985,"closer_to_expected_share_better",71,"t",10,75,"yes","yes","",TRUE,FALSE,NA,FALSE,FALSE,"morris_baseline"
"pit_histogram",8,0.7,0.8,0.75,0.1,0.120155414228933,0.0080433021168205,0.0201554142289326,2882,1441,400,23985,"closer_to_expected_share_better",71,"t",10,75,"yes","yes","",TRUE,FALSE,NA,FALSE,FALSE,"morris_baseline"
"pit_histogram",9,0.8,0.9,0.85,0.1,0.123406007908383,0.0118778130468553,0.0234060079083835,2960,1480,400,23985,"closer_to_expected_share_better",71,"t",10,75,"yes","yes","",TRUE,FALSE,NA,FALSE,FALSE,"morris_baseline"
"pit_histogram",10,0.9,1,0.95,0.1,0.111523845676134,0.0111734953257834,0.0115238456761338,2675,1337.5,400,23985,"closer_to_expected_share_better",71,"t",10,75,"yes","yes","",TRUE,FALSE,NA,FALSE,FALSE,"morris_baseline"
"pit_histogram",1,0,0.1,0.05,0.1,0.0908946268098556,0.0119582260429972,-0.00910537319014439,2180,1090,400,23985,"closer_to_expected_share_better",72,"skew-t",15,0,"yes","yes","",TRUE,FALSE,NA,FALSE,FALSE,"morris_baseline"
"pit_histogram",2,0.1,0.2,0.15,0.1,0.093185521105001,0.00608041149426496,-0.00681447889499903,2235,1117.5,400,23985,"closer_to_expected_share_better",72,"skew-t",15,0,"yes","yes","",TRUE,FALSE,NA,FALSE,FALSE,"morris_baseline"
"pit_histogram",3,0.2,0.3,0.25,0.1,0.101273942109151,0.00616683199828986,0.00127394210915088,2429,1214.5,400,23985,"closer_to_expected_share_better",72,"skew-t",15,0,"yes","yes","",TRUE,FALSE,NA,FALSE,FALSE,"morris_baseline"
"pit_histogram",4,0.3,0.4,0.35,0.1,0.107109610235392,0.00266683287438476,0.00710961023539169,2569,1284.5,400,23985,"closer_to_expected_share_better",72,"skew-t",15,0,"yes","yes","",TRUE,FALSE,NA,FALSE,FALSE,"morris_baseline"
"pit_histogram",5,0.4,0.5,0.45,0.1,0.109944403017671,0.00183404209410711,0.00994440301767135,2637,1318.5,400,23985,"closer_to_expected_share_better",72,"skew-t",15,0,"yes","yes","",TRUE,FALSE,NA,FALSE,FALSE,"morris_baseline"
"pit_histogram",6,0.5,0.6,0.55,0.1,0.10898395269488,0.00221051258810699,0.00898395269488034,2614,1307,400,23985,"closer_to_expected_share_better",72,"skew-t",15,0,"yes","yes","",TRUE,FALSE,NA,FALSE,FALSE,"morris_baseline"
"pit_histogram",7,0.6,0.7,0.65,0.1,0.102689210841249,8.02252615205862e-05,0.00268921084124887,2463,1231.5,400,23985,"closer_to_expected_share_better",72,"skew-t",15,0,"yes","yes","",TRUE,FALSE,NA,FALSE,FALSE,"morris_baseline"
"pit_histogram",8,0.7,0.8,0.75,0.1,0.0998101439774358,0.00596630013359196,-0.000189856022564189,2394,1197,400,23985,"closer_to_expected_share_better",72,"skew-t",15,0,"yes","yes","",TRUE,FALSE,NA,FALSE,FALSE,"morris_baseline"
"pit_histogram",9,0.8,0.9,0.85,0.1,0.0907209097069062,0.0065534088727387,-0.00927909029309376,2176,1088,400,23985,"closer_to_expected_share_better",72,"skew-t",15,0,"yes","yes","",TRUE,FALSE,NA,FALSE,FALSE,"morris_baseline"
"pit_histogram",10,0.9,1,0.95,0.1,0.0953876795024582,0.0140563481711269,-0.00461232049754179,2288,1144,400,23985,"closer_to_expected_share_better",72,"skew-t",15,0,"yes","yes","",TRUE,FALSE,NA,FALSE,FALSE,"morris_baseline"
"pit_histogram",1,0,0.1,0.05,0.1,0.119874688391818,0.0216001197496571,0.0198746883918177,2875,1437.5,400,23985,"closer_to_expected_share_better",73,"skew-t",15,50,"yes","yes","",TRUE,FALSE,NA,FALSE,FALSE,"morris_baseline"
"pit_histogram",2,0.1,0.2,0.15,0.1,0.0965225352884768,0.0103343215683801,-0.00347746471152323,2315,1157.5,400,23985,"closer_to_expected_share_better",73,"skew-t",15,50,"yes","yes","",TRUE,FALSE,NA,FALSE,FALSE,"morris_baseline"
"pit_histogram",3,0.2,0.3,0.25,0.1,0.100479793371766,0.000871557979584991,0.000479793371766332,2410,1205,400,23985,"closer_to_expected_share_better",73,"skew-t",15,50,"yes","yes","",TRUE,FALSE,NA,FALSE,FALSE,"morris_baseline"
"pit_histogram",4,0.3,0.4,0.35,0.1,0.100771689418851,0.000996745682917223,0.000771689418851224,2417,1208.5,400,23985,"closer_to_expected_share_better",73,"skew-t",15,50,"yes","yes","",TRUE,FALSE,NA,FALSE,FALSE,"morris_baseline"
"pit_histogram",5,0.4,0.5,0.45,0.1,0.101564649170301,0.00312337218438744,0.00156464917030061,2436,1218,400,23985,"closer_to_expected_share_better",73,"skew-t",15,50,"yes","yes","",TRUE,FALSE,NA,FALSE,FALSE,"morris_baseline"
"pit_histogram",6,0.5,0.6,0.55,0.1,0.101185831993534,0.00642440389877249,0.00118583199353384,2427,1213.5,400,23985,"closer_to_expected_share_better",73,"skew-t",15,50,"yes","yes","",TRUE,FALSE,NA,FALSE,FALSE,"morris_baseline"
"pit_histogram",7,0.6,0.7,0.65,0.1,0.100395218924851,0.00229712082675323,0.000395218924851351,2408,1204,400,23985,"closer_to_expected_share_better",73,"skew-t",15,50,"yes","yes","",TRUE,FALSE,NA,FALSE,FALSE,"morris_baseline"
"pit_histogram",8,0.7,0.8,0.75,0.1,0.0954740061391724,0.00621808354991651,-0.00452599386082755,2290,1145,400,23985,"closer_to_expected_share_better",73,"skew-t",15,50,"yes","yes","",TRUE,FALSE,NA,FALSE,FALSE,"morris_baseline"
"pit_histogram",9,0.8,0.9,0.85,0.1,0.0908036693858149,0.00822108680323234,-0.00919633061418507,2178,1089,400,23985,"closer_to_expected_share_better",73,"skew-t",15,50,"yes","yes","",TRUE,FALSE,NA,FALSE,FALSE,"morris_baseline"
"pit_histogram",10,0.9,1,0.95,0.1,0.0929279179154148,0.0137654220862523,-0.00707208208458518,2229,1114.5,400,23985,"closer_to_expected_share_better",73,"skew-t",15,50,"yes","yes","",TRUE,FALSE,NA,FALSE,FALSE,"morris_baseline"
"pit_histogram",1,0,0.1,0.05,0.1,0.0694101828760493,0.0218626353285018,-0.0305898171239507,1665,832.5,400,23985,"closer_to_expected_share_better",74,"t",15,75,"yes","yes","",TRUE,FALSE,NA,FALSE,FALSE,"morris_baseline"
"pit_histogram",2,0.1,0.2,0.15,0.1,0.0770034538164071,0.0080178014974214,-0.022996546183593,1847,923.5,400,23985,"closer_to_expected_share_better",74,"t",15,75,"yes","yes","",TRUE,FALSE,NA,FALSE,FALSE,"morris_baseline"
"pit_histogram",3,0.2,0.3,0.25,0.1,0.0858038270828969,0.000532509253439485,-0.0141961729171032,2058,1029,400,23985,"closer_to_expected_share_better",74,"t",15,75,"yes","yes","",TRUE,FALSE,NA,FALSE,FALSE,"morris_baseline"
"pit_histogram",4,0.3,0.4,0.35,0.1,0.0902220988179978,0.00255109448032679,-0.0097779011820022,2164,1082,400,23985,"closer_to_expected_share_better",74,"t",15,75,"yes","yes","",TRUE,FALSE,NA,FALSE,FALSE,"morris_baseline"
"pit_histogram",5,0.4,0.5,0.45,0.1,0.0973950945193756,0.00237133858039084,-0.00260490548062439,2336,1168,400,23985,"closer_to_expected_share_better",74,"t",15,75,"yes","yes","",TRUE,FALSE,NA,FALSE,FALSE,"morris_baseline"
"pit_histogram",6,0.5,0.6,0.55,0.1,0.107235767900934,0.00554367821184525,0.00723576790093411,2572,1286,400,23985,"closer_to_expected_share_better",74,"t",15,75,"yes","yes","",TRUE,FALSE,NA,FALSE,FALSE,"morris_baseline"
"pit_histogram",7,0.6,0.7,0.65,0.1,0.117826378516551,0.00729874660857407,0.0178263785165511,2826,1413,400,23985,"closer_to_expected_share_better",74,"t",15,75,"yes","yes","",TRUE,FALSE,NA,FALSE,FALSE,"morris_baseline"
"pit_histogram",8,0.7,0.8,0.75,0.1,0.119326941344946,0.00629868428067978,0.0193269413449459,2862,1431,400,23985,"closer_to_expected_share_better",74,"t",15,75,"yes","yes","",TRUE,FALSE,NA,FALSE,FALSE,"morris_baseline"
"pit_histogram",9,0.8,0.9,0.85,0.1,0.122288454996632,0.00984367713550008,0.0222884549966321,2933,1466.5,400,23985,"closer_to_expected_share_better",74,"t",15,75,"yes","yes","",TRUE,FALSE,NA,FALSE,FALSE,"morris_baseline"
"pit_histogram",10,0.9,1,0.95,0.1,0.11348780012821,0.000542897235820468,0.0134878001282102,2722,1361,400,23985,"closer_to_expected_share_better",74,"t",15,75,"yes","yes","",TRUE,FALSE,NA,FALSE,FALSE,"morris_baseline"
"pit_histogram",1,0,0.1,0.05,0.1,0.0782194735370529,0.0104525318016191,-0.0217805264629471,1876,938,400,23985,"closer_to_expected_share_better",101,"skew-t",1,0,"yes","yes","yes",FALSE,TRUE,NA,TRUE,FALSE,"ar2"
"pit_histogram",2,0.1,0.2,0.15,0.1,0.0826790155997458,0.00624323998917647,-0.0173209844002542,1983,991.5,400,23985,"closer_to_expected_share_better",101,"skew-t",1,0,"yes","yes","yes",FALSE,TRUE,NA,TRUE,FALSE,"ar2"
"pit_histogram",3,0.2,0.3,0.25,0.1,0.102316776641608,0.007543083218252,0.00231677664160782,2454,1227,400,23985,"closer_to_expected_share_better",101,"skew-t",1,0,"yes","yes","yes",FALSE,TRUE,NA,TRUE,FALSE,"ar2"
"pit_histogram",4,0.3,0.4,0.35,0.1,0.115615365302787,0.00383742081666563,0.0156153653027872,2773,1386.5,400,23985,"closer_to_expected_share_better",101,"skew-t",1,0,"yes","yes","yes",FALSE,TRUE,NA,TRUE,FALSE,"ar2"
"pit_histogram",5,0.4,0.5,0.45,0.1,0.126245869525439,0.000797840851604295,0.0262458695254394,3028,1514,400,23985,"closer_to_expected_share_better",101,"skew-t",1,0,"yes","yes","yes",FALSE,TRUE,NA,TRUE,FALSE,"ar2"
"pit_histogram",6,0.5,0.6,0.55,0.1,0.12624358542088,0.00528929779992546,0.0262435854208797,3028,1514,400,23985,"closer_to_expected_share_better",101,"skew-t",1,0,"yes","yes","yes",FALSE,TRUE,NA,TRUE,FALSE,"ar2"
"pit_histogram",7,0.6,0.7,0.65,0.1,0.111318995915145,0.00154255280536851,0.011318995915145,2670,1335,400,23985,"closer_to_expected_share_better",101,"skew-t",1,0,"yes","yes","yes",FALSE,TRUE,NA,TRUE,FALSE,"ar2"
"pit_histogram",8,0.7,0.8,0.75,0.1,0.0980166525615388,0.00784314572136528,-0.00198334743846119,2351,1175.5,400,23985,"closer_to_expected_share_better",101,"skew-t",1,0,"yes","yes","yes",FALSE,TRUE,NA,TRUE,FALSE,"ar2"
"pit_histogram",9,0.8,0.9,0.85,0.1,0.0817573637653658,0.00551445418912286,-0.0182426362346342,1961,980.5,400,23985,"closer_to_expected_share_better",101,"skew-t",1,0,"yes","yes","yes",FALSE,TRUE,NA,TRUE,FALSE,"ar2"
"pit_histogram",10,0.9,1,0.95,0.1,0.0775869017304376,0.00868466616153538,-0.0224130982695624,1861,930.5,400,23985,"closer_to_expected_share_better",101,"skew-t",1,0,"yes","yes","yes",FALSE,TRUE,NA,TRUE,FALSE,"ar2"
"pit_histogram",1,0,0.1,0.05,0.1,0.0690065534401618,0.0135760291424207,-0.0309934465598382,1655,827.5,400,23985,"closer_to_expected_share_better",102,"skew-t",1,50,"yes","yes","yes",FALSE,TRUE,NA,TRUE,FALSE,"ar2"
"pit_histogram",2,0.1,0.2,0.15,0.1,0.0748828035337163,0.0071158617982824,-0.0251171964662837,1796,898,400,23985,"closer_to_expected_share_better",102,"skew-t",1,50,"yes","yes","yes",FALSE,TRUE,NA,TRUE,FALSE,"ar2"
"pit_histogram",3,0.2,0.3,0.25,0.1,0.0828048916633563,0.00836961617781823,-0.0171951083366438,1986,993,400,23985,"closer_to_expected_share_better",102,"skew-t",1,50,"yes","yes","yes",FALSE,TRUE,NA,TRUE,FALSE,"ar2"
"pit_histogram",4,0.3,0.4,0.35,0.1,0.0995222529356063,0.00458185116849783,-0.000477747064393713,2387,1193.5,400,23985,"closer_to_expected_share_better",102,"skew-t",1,50,"yes","yes","yes",FALSE,TRUE,NA,TRUE,FALSE,"ar2"
"pit_histogram",5,0.4,0.5,0.45,0.1,0.113863019058068,0.000501345306296544,0.0138630190580678,2731,1365.5,400,23985,"closer_to_expected_share_better",102,"skew-t",1,50,"yes","yes","yes",FALSE,TRUE,NA,TRUE,FALSE,"ar2"
"pit_histogram",6,0.5,0.6,0.55,0.1,0.118283700054143,0.00383842206797946,0.0182837000541426,2837,1418.5,400,23985,"closer_to_expected_share_better",102,"skew-t",1,50,"yes","yes","yes",FALSE,TRUE,NA,TRUE,FALSE,"ar2"
"pit_histogram",7,0.6,0.7,0.65,0.1,0.127536388601655,0.0044132654785318,0.0275363886016549,3059,1529.5,400,23985,"closer_to_expected_share_better",102,"skew-t",1,50,"yes","yes","yes",FALSE,TRUE,NA,TRUE,FALSE,"ar2"
"pit_histogram",8,0.7,0.8,0.75,0.1,0.120696653142265,0.0100860425316539,0.0206966531422646,2895,1447.5,400,23985,"closer_to_expected_share_better",102,"skew-t",1,50,"yes","yes","yes",FALSE,TRUE,NA,TRUE,FALSE,"ar2"
"pit_histogram",9,0.8,0.9,0.85,0.1,0.104978665837631,0.00963332049228523,0.0049786658376306,2518,1259,400,23985,"closer_to_expected_share_better",102,"skew-t",1,50,"yes","yes","yes",FALSE,TRUE,NA,TRUE,FALSE,"ar2"
"pit_histogram",10,0.9,1,0.95,0.1,0.0884250717333988,0.0138504971588242,-0.0115749282666012,2121,1060.5,400,23985,"closer_to_expected_share_better",102,"skew-t",1,50,"yes","yes","yes",FALSE,TRUE,NA,TRUE,FALSE,"ar2"
"pit_histogram",1,0,0.1,0.05,0.1,0.0409849083892595,0.00255863515428406,-0.0590150916107405,983,491.5,400,23985,"closer_to_expected_share_better",103,"t",1,75,"yes","yes","yes",FALSE,TRUE,NA,TRUE,FALSE,"ar2"
"pit_histogram",2,0.1,0.2,0.15,0.1,0.0559946042566698,0.00339812180272295,-0.0440053957433302,1343,671.5,400,23985,"closer_to_expected_share_better",103,"t",1,75,"yes","yes","yes",FALSE,TRUE,NA,TRUE,FALSE,"ar2"
"pit_histogram",3,0.2,0.3,0.25,0.1,0.0712951010525404,0.00144430502019899,-0.0287048989474596,1710,855,400,23985,"closer_to_expected_share_better",103,"t",1,75,"yes","yes","yes",FALSE,TRUE,NA,TRUE,FALSE,"ar2"
"pit_histogram",4,0.3,0.4,0.35,0.1,0.0828034210754891,0.00445049951176483,-0.0171965789245109,1986,993,400,23985,"closer_to_expected_share_better",103,"t",1,75,"yes","yes","yes",FALSE,TRUE,NA,TRUE,FALSE,"ar2"
"pit_histogram",5,0.4,0.5,0.45,0.1,0.0989372405663979,0.00107944278361882,-0.00106275943360212,2373,1186.5,400,23985,"closer_to_expected_share_better",103,"t",1,75,"yes","yes","yes",FALSE,TRUE,NA,TRUE,FALSE,"ar2"
"pit_histogram",6,0.5,0.6,0.55,0.1,0.115780540480465,0.0004151751151001,0.0157805404804654,2777,1388.5,400,23985,"closer_to_expected_share_better",103,"t",1,75,"yes","yes","yes",FALSE,TRUE,NA,TRUE,FALSE,"ar2"
"pit_histogram",7,0.6,0.7,0.65,0.1,0.129287326836714,0.00482953571225639,0.0292873268367142,3101,1550.5,400,23985,"closer_to_expected_share_better",103,"t",1,75,"yes","yes","yes",FALSE,TRUE,NA,TRUE,FALSE,"ar2"
"pit_histogram",8,0.7,0.8,0.75,0.1,0.141794582779829,0.00632578064436029,0.0417945827798291,3401,1700.5,400,23985,"closer_to_expected_share_better",103,"t",1,75,"yes","yes","yes",FALSE,TRUE,NA,TRUE,FALSE,"ar2"
"pit_histogram",9,0.8,0.9,0.85,0.1,0.143296459750573,0.00382365361110047,0.0432964597505733,3437,1718.5,400,23985,"closer_to_expected_share_better",103,"t",1,75,"yes","yes","yes",FALSE,TRUE,NA,TRUE,FALSE,"ar2"
"pit_histogram",10,0.9,1,0.95,0.1,0.119825814812061,0.00246314081022758,0.0198258148120614,2874,1437,400,23985,"closer_to_expected_share_better",103,"t",1,75,"yes","yes","yes",FALSE,TRUE,NA,TRUE,FALSE,"ar2"
"pit_histogram",1,0,0.1,0.05,0.1,0.0884763232850255,0.0116237768150746,-0.0115236767149745,2122,1061,400,23985,"closer_to_expected_share_better",104,"skew-t",5,0,"yes","yes","yes",FALSE,TRUE,NA,TRUE,FALSE,"ar2"
"pit_histogram",2,0.1,0.2,0.15,0.1,0.0901422803148235,0.00695481678227365,-0.00985771968517656,2162,1081,400,23985,"closer_to_expected_share_better",104,"skew-t",5,0,"yes","yes","yes",FALSE,TRUE,NA,TRUE,FALSE,"ar2"
"pit_histogram",3,0.2,0.3,0.25,0.1,0.101440963343939,0.00683397826433586,0.00144096334393906,2433,1216.5,400,23985,"closer_to_expected_share_better",104,"skew-t",5,0,"yes","yes","yes",FALSE,TRUE,NA,TRUE,FALSE,"ar2"
"pit_histogram",4,0.3,0.4,0.35,0.1,0.111695748011077,0.00250178285312069,0.0116957480110769,2679,1339.5,400,23985,"closer_to_expected_share_better",104,"skew-t",5,0,"yes","yes","yes",FALSE,TRUE,NA,TRUE,FALSE,"ar2"
"pit_histogram",5,0.4,0.5,0.45,0.1,0.112487643933005,0.00179330368127568,0.0124876439330053,2698,1349,400,23985,"closer_to_expected_share_better",104,"skew-t",5,0,"yes","yes","yes",FALSE,TRUE,NA,TRUE,FALSE,"ar2"
"pit_histogram",6,0.5,0.6,0.55,0.1,0.110693495445934,0.00183463658707469,0.0106934954459335,2655,1327.5,400,23985,"closer_to_expected_share_better",104,"skew-t",5,0,"yes","yes","yes",FALSE,TRUE,NA,TRUE,FALSE,"ar2"
"pit_histogram",7,0.6,0.7,0.65,0.1,0.108025035538164,0.00216917968230796,0.00802503553816383,2591,1295.5,400,23985,"closer_to_expected_share_better",104,"skew-t",5,0,"yes","yes","yes",FALSE,TRUE,NA,TRUE,FALSE,"ar2"
"pit_histogram",8,0.7,0.8,0.75,0.1,0.097350695281428,0.00484151943891879,-0.00264930471857201,2335,1167.5,400,23985,"closer_to_expected_share_better",104,"skew-t",5,0,"yes","yes","yes",FALSE,TRUE,NA,TRUE,FALSE,"ar2"
"pit_histogram",9,0.8,0.9,0.85,0.1,0.0879276062759434,0.00626260794427836,-0.0120723937240566,2109,1054.5,400,23985,"closer_to_expected_share_better",104,"skew-t",5,0,"yes","yes","yes",FALSE,TRUE,NA,TRUE,FALSE,"ar2"
"pit_histogram",10,0.9,1,0.95,0.1,0.0917602085706612,0.0145997147435007,-0.0082397914293388,2201,1100.5,400,23985,"closer_to_expected_share_better",104,"skew-t",5,0,"yes","yes","yes",FALSE,TRUE,NA,TRUE,FALSE,"ar2"
"pit_histogram",1,0,0.1,0.05,0.1,0.0926463159834003,0.0135432068727893,-0.00735368401659975,2222,1111,400,23985,"closer_to_expected_share_better",105,"skew-t",5,50,"yes","yes","yes",FALSE,TRUE,NA,TRUE,FALSE,"ar2"
"pit_histogram",2,0.1,0.2,0.15,0.1,0.0896438448951577,0.0119577567064439,-0.0103561551048423,2150,1075,400,23985,"closer_to_expected_share_better",105,"skew-t",5,50,"yes","yes","yes",FALSE,TRUE,NA,TRUE,FALSE,"ar2"
"pit_histogram",3,0.2,0.3,0.25,0.1,0.0957284178401958,0.00512243301065507,-0.00427158215980425,2296,1148,400,23985,"closer_to_expected_share_better",105,"skew-t",5,50,"yes","yes","yes",FALSE,TRUE,NA,TRUE,FALSE,"ar2"
"pit_histogram",4,0.3,0.4,0.35,0.1,0.101898222303324,0.00320688280178153,0.00189822230332359,2444,1222,400,23985,"closer_to_expected_share_better",105,"skew-t",5,50,"yes","yes","yes",FALSE,TRUE,NA,TRUE,FALSE,"ar2"
"pit_histogram",5,0.4,0.5,0.45,0.1,0.106316149858285,0.000793961002763209,0.00631614985828541,2550,1275,400,23985,"closer_to_expected_share_better",105,"skew-t",5,50,"yes","yes","yes",FALSE,TRUE,NA,TRUE,FALSE,"ar2"
"pit_histogram",6,0.5,0.6,0.55,0.1,0.110944903393015,0.00150087571943036,0.0109449033930153,2661,1330.5,400,23985,"closer_to_expected_share_better",105,"skew-t",5,50,"yes","yes","yes",FALSE,TRUE,NA,TRUE,FALSE,"ar2"
"pit_histogram",7,0.6,0.7,0.65,0.1,0.10910876492897,0.00291924207278046,0.00910876492897,2617,1308.5,400,23985,"closer_to_expected_share_better",105,"skew-t",5,50,"yes","yes","yes",FALSE,TRUE,NA,TRUE,FALSE,"ar2"
"pit_histogram",8,0.7,0.8,0.75,0.1,0.10668817729958,0.0093408299522328,0.00668817729958017,2559,1279.5,400,23985,"closer_to_expected_share_better",105,"skew-t",5,50,"yes","yes","yes",FALSE,TRUE,NA,TRUE,FALSE,"ar2"
"pit_histogram",9,0.8,0.9,0.85,0.1,0.0949310150360413,0.00884492894995521,-0.00506898496395869,2277,1138.5,400,23985,"closer_to_expected_share_better",105,"skew-t",5,50,"yes","yes","yes",FALSE,TRUE,NA,TRUE,FALSE,"ar2"
"pit_histogram",10,0.9,1,0.95,0.1,0.0920941884620304,0.0134321931333684,-0.00790581153796956,2209,1104.5,400,23985,"closer_to_expected_share_better",105,"skew-t",5,50,"yes","yes","yes",FALSE,TRUE,NA,TRUE,FALSE,"ar2"
"pit_histogram",1,0,0.1,0.05,0.1,0.16355455855956,0.0159903276619956,0.0635545585595598,3923,1961.5,400,23985,"closer_to_expected_share_better",106,"t",5,75,"yes","yes","yes",FALSE,TRUE,NA,TRUE,FALSE,"ar2"
"pit_histogram",2,0.1,0.2,0.15,0.1,0.0991438738062894,0.00379852846094406,-0.000856126193710588,2378,1189,400,23985,"closer_to_expected_share_better",106,"t",5,75,"yes","yes","yes",FALSE,TRUE,NA,TRUE,FALSE,"ar2"
"pit_histogram",3,0.2,0.3,0.25,0.1,0.0902212540122018,0.004802501926783,-0.00977874598779828,2164,1082,400,23985,"closer_to_expected_share_better",106,"t",5,75,"yes","yes","yes",FALSE,TRUE,NA,TRUE,FALSE,"ar2"
"pit_histogram",4,0.3,0.4,0.35,0.1,0.0871389331316813,0.00303457370849219,-0.0128610668683187,2090,1045,400,23985,"closer_to_expected_share_better",106,"t",5,75,"yes","yes","yes",FALSE,TRUE,NA,TRUE,FALSE,"ar2"
"pit_histogram",5,0.4,0.5,0.45,0.1,0.0888899965231548,0.00295184531868703,-0.0111100034768452,2132,1066,400,23985,"closer_to_expected_share_better",106,"t",5,75,"yes","yes","yes",FALSE,TRUE,NA,TRUE,FALSE,"ar2"
"pit_histogram",6,0.5,0.6,0.55,0.1,0.0919323612184327,0.000257352876757724,-0.00806763878156735,2205,1102.5,400,23985,"closer_to_expected_share_better",106,"t",5,75,"yes","yes","yes",FALSE,TRUE,NA,TRUE,FALSE,"ar2"
"pit_histogram",7,0.6,0.7,0.65,0.1,0.0917253212201949,0.003536607375067,-0.00827467877980503,2200,1100,400,23985,"closer_to_expected_share_better",106,"t",5,75,"yes","yes","yes",FALSE,TRUE,NA,TRUE,FALSE,"ar2"
"pit_histogram",8,0.7,0.8,0.75,0.1,0.0947275732847126,0.00453835931455336,-0.00527242671528741,2272,1136,400,23985,"closer_to_expected_share_better",106,"t",5,75,"yes","yes","yes",FALSE,TRUE,NA,TRUE,FALSE,"ar2"
"pit_histogram",9,0.8,0.9,0.85,0.1,0.0961869909419297,0.00499752690925484,-0.0038130090580703,2307,1153.5,400,23985,"closer_to_expected_share_better",106,"t",5,75,"yes","yes","yes",FALSE,TRUE,NA,TRUE,FALSE,"ar2"
"pit_histogram",10,0.9,1,0.95,0.1,0.096479137301843,0.00578979830042595,-0.00352086269815699,2314,1157,400,23985,"closer_to_expected_share_better",106,"t",5,75,"yes","yes","yes",FALSE,TRUE,NA,TRUE,FALSE,"ar2"
"pit_histogram",1,0,0.1,0.05,0.1,0.0887681880430067,0.011665579057427,-0.0112318119569933,2129,1064.5,400,23985,"closer_to_expected_share_better",107,"skew-t",6,0,"yes","yes","yes",FALSE,TRUE,NA,TRUE,FALSE,"ar2"
"pit_histogram",2,0.1,0.2,0.15,0.1,0.0895582379078253,0.00603735768777029,-0.0104417620921747,2148,1074,400,23985,"closer_to_expected_share_better",107,"skew-t",6,0,"yes","yes","yes",FALSE,TRUE,NA,TRUE,FALSE,"ar2"
"pit_histogram",3,0.2,0.3,0.25,0.1,0.100940494132542,0.00641686322481521,0.000940494132542102,2421,1210.5,400,23985,"closer_to_expected_share_better",107,"skew-t",6,0,"yes","yes","yes",FALSE,TRUE,NA,TRUE,FALSE,"ar2"
"pit_histogram",4,0.3,0.4,0.35,0.1,0.112029540167825,0.00316899169737379,0.0120295401678248,2687,1343.5,400,23985,"closer_to_expected_share_better",107,"skew-t",6,0,"yes","yes","yes",FALSE,TRUE,NA,TRUE,FALSE,"ar2"
"pit_histogram",5,0.4,0.5,0.45,0.1,0.11223673661158,0.000208041249551628,0.0122367366115803,2692,1346,400,23985,"closer_to_expected_share_better",107,"skew-t",6,0,"yes","yes","yes",FALSE,TRUE,NA,TRUE,FALSE,"ar2"
"pit_histogram",6,0.5,0.6,0.55,0.1,0.109152100337397,0.00145851027321395,0.00915210033739658,2618,1309,400,23985,"closer_to_expected_share_better",107,"skew-t",6,0,"yes","yes","yes",FALSE,TRUE,NA,TRUE,FALSE,"ar2"
"pit_histogram",7,0.6,0.7,0.65,0.1,0.106565492724532,0.00296188912092888,0.0065654927245325,2556,1278,400,23985,"closer_to_expected_share_better",107,"skew-t",6,0,"yes","yes","yes",FALSE,TRUE,NA,TRUE,FALSE,"ar2"
"pit_histogram",8,0.7,0.8,0.75,0.1,0.101312083526387,0.00329740217837242,0.00131208352638712,2430,1215,400,23985,"closer_to_expected_share_better",107,"skew-t",6,0,"yes","yes","yes",FALSE,TRUE,NA,TRUE,FALSE,"ar2"
"pit_histogram",9,0.8,0.9,0.85,0.1,0.0886356786894421,0.00813851485894496,-0.0113643213105578,2126,1063,400,23985,"closer_to_expected_share_better",107,"skew-t",6,0,"yes","yes","yes",FALSE,TRUE,NA,TRUE,FALSE,"ar2"
"pit_histogram",10,0.9,1,0.95,0.1,0.0908014478594624,0.0141414545328024,-0.00919855214053761,2178,1089,400,23985,"closer_to_expected_share_better",107,"skew-t",6,0,"yes","yes","yes",FALSE,TRUE,NA,TRUE,FALSE,"ar2"
"pit_histogram",1,0,0.1,0.05,0.1,0.0999010075341658,0.013962856329698,-9.89924658341829e-05,2396,1198,400,23985,"closer_to_expected_share_better",108,"skew-t",6,50,"yes","yes","yes",FALSE,TRUE,NA,TRUE,FALSE,"ar2"
"pit_histogram",2,0.1,0.2,0.15,0.1,0.0938131805223578,0.0121260920835815,-0.00618681947764219,2250,1125,400,23985,"closer_to_expected_share_better",108,"skew-t",6,50,"yes","yes","yes",FALSE,TRUE,NA,TRUE,FALSE,"ar2"
"pit_histogram",3,0.2,0.3,0.25,0.1,0.0975627728253385,0.00478957952701389,-0.00243722717466158,2340,1170,400,23985,"closer_to_expected_share_better",108,"skew-t",6,50,"yes","yes","yes",FALSE,TRUE,NA,TRUE,FALSE,"ar2"
"pit_histogram",4,0.3,0.4,0.35,0.1,0.10248066896604,0.000128316613687958,0.00248066896604032,2458,1229,400,23985,"closer_to_expected_share_better",108,"skew-t",6,50,"yes","yes","yes",FALSE,TRUE,NA,TRUE,FALSE,"ar2"
"pit_histogram",5,0.4,0.5,0.45,0.1,0.104357796155746,0.00241564395102779,0.00435779615574566,2503,1251.5,400,23985,"closer_to_expected_share_better",108,"skew-t",6,50,"yes","yes","yes",FALSE,TRUE,NA,TRUE,FALSE,"ar2"
"pit_histogram",6,0.5,0.6,0.55,0.1,0.105357357857983,0.000419086253044744,0.00535735785798291,2527,1263.5,400,23985,"closer_to_expected_share_better",108,"skew-t",6,50,"yes","yes","yes",FALSE,TRUE,NA,TRUE,FALSE,"ar2"
"pit_histogram",7,0.6,0.7,0.65,0.1,0.109233358139335,0.00421166978431294,0.00923335813933465,2620,1310,400,23985,"closer_to_expected_share_better",108,"skew-t",6,50,"yes","yes","yes",FALSE,TRUE,NA,TRUE,FALSE,"ar2"
"pit_histogram",8,0.7,0.8,0.75,0.1,0.102602727759017,0.00817496666458907,0.00260272775901685,2461,1230.5,400,23985,"closer_to_expected_share_better",108,"skew-t",6,50,"yes","yes","yes",FALSE,TRUE,NA,TRUE,FALSE,"ar2"
"pit_histogram",9,0.8,0.9,0.85,0.1,0.0943897448336058,0.00688557399610163,-0.00561025516639418,2264,1132,400,23985,"closer_to_expected_share_better",108,"skew-t",6,50,"yes","yes","yes",FALSE,TRUE,NA,TRUE,FALSE,"ar2"
"pit_histogram",10,0.9,1,0.95,0.1,0.0903013854064117,0.0134745585795848,-0.00969861459358831,2166,1083,400,23985,"closer_to_expected_share_better",108,"skew-t",6,50,"yes","yes","yes",FALSE,TRUE,NA,TRUE,FALSE,"ar2"
"pit_histogram",1,0,0.1,0.05,0.1,0.162053807996544,0.0154905780999804,0.0620538079965437,3887,1943.5,400,23985,"closer_to_expected_share_better",109,"t",6,75,"yes","yes","yes",FALSE,TRUE,NA,TRUE,FALSE,"ar2"
"pit_histogram",2,0.1,0.2,0.15,0.1,0.100728541745046,0.00288069389719802,0.000728541745045858,2416,1208,400,23985,"closer_to_expected_share_better",109,"t",6,75,"yes","yes","yes",FALSE,TRUE,NA,TRUE,FALSE,"ar2"
"pit_histogram",3,0.2,0.3,0.25,0.1,0.089847599537522,0.000591676948266097,-0.010152400462478,2155,1077.5,400,23985,"closer_to_expected_share_better",109,"t",6,75,"yes","yes","yes",FALSE,TRUE,NA,TRUE,FALSE,"ar2"
"pit_histogram",4,0.3,0.4,0.35,0.1,0.0870545777084912,0.000449593129012986,-0.0129454222915088,2088,1044,400,23985,"closer_to_expected_share_better",109,"t",6,75,"yes","yes","yes",FALSE,TRUE,NA,TRUE,FALSE,"ar2"
"pit_histogram",5,0.4,0.5,0.45,0.1,0.08630470305264,0.0020336352856983,-0.0136952969473599,2070,1035,400,23985,"closer_to_expected_share_better",109,"t",6,75,"yes","yes","yes",FALSE,TRUE,NA,TRUE,FALSE,"ar2"
"pit_histogram",6,0.5,0.6,0.55,0.1,0.0922661220860771,0.000326470506515512,-0.00773387791392302,2213,1106.5,400,23985,"closer_to_expected_share_better",109,"t",6,75,"yes","yes","yes",FALSE,TRUE,NA,TRUE,FALSE,"ar2"
"pit_histogram",7,0.6,0.7,0.65,0.1,0.0948102078072071,0.00253713954014029,-0.00518979219279292,2274,1137,400,23985,"closer_to_expected_share_better",109,"t",6,75,"yes","yes","yes",FALSE,TRUE,NA,TRUE,FALSE,"ar2"
"pit_histogram",8,0.7,0.8,0.75,0.1,0.0953942189251016,0.00337121317366378,-0.00460578107489834,2288,1144,400,23985,"closer_to_expected_share_better",109,"t",6,75,"yes","yes","yes",FALSE,TRUE,NA,TRUE,FALSE,"ar2"
"pit_histogram",9,0.8,0.9,0.85,0.1,0.0961457831925449,0.00628998590989088,-0.0038542168074551,2306,1153,400,23985,"closer_to_expected_share_better",109,"t",6,75,"yes","yes","yes",FALSE,TRUE,NA,TRUE,FALSE,"ar2"
"pit_histogram",10,0.9,1,0.95,0.1,0.0953944379488265,0.0039549114005228,-0.00460556205117343,2288,1144,400,23985,"closer_to_expected_share_better",109,"t",6,75,"yes","yes","yes",FALSE,TRUE,NA,TRUE,FALSE,"ar2"
"pit_histogram",1,0,0.1,0.05,0.1,0.0890603656920236,0.012541235909578,-0.0109396343079764,2136,1068,400,23985,"closer_to_expected_share_better",110,"skew-t",7,0,"yes","yes","yes",FALSE,TRUE,NA,TRUE,FALSE,"ar2"
"pit_histogram",2,0.1,0.2,0.15,0.1,0.0899340513306505,0.00758012951686369,-0.0100659486693495,2157,1078.5,400,23985,"closer_to_expected_share_better",110,"skew-t",7,0,"yes","yes","yes",FALSE,TRUE,NA,TRUE,FALSE,"ar2"
"pit_histogram",3,0.2,0.3,0.25,0.1,0.104025568454176,0.00591770815576768,0.00402556845417557,2495,1247.5,400,23985,"closer_to_expected_share_better",110,"skew-t",7,0,"yes","yes","yes",FALSE,TRUE,NA,TRUE,FALSE,"ar2"
"pit_histogram",4,0.3,0.4,0.35,0.1,0.109027037790479,0.00150015607004854,0.00902703779047867,2615,1307.5,400,23985,"closer_to_expected_share_better",110,"skew-t",7,0,"yes","yes","yes",FALSE,TRUE,NA,TRUE,FALSE,"ar2"
"pit_histogram",5,0.4,0.5,0.45,0.1,0.111403382627439,0.00112581323509055,0.0114033826274387,2672,1336,400,23985,"closer_to_expected_share_better",110,"skew-t",7,0,"yes","yes","yes",FALSE,TRUE,NA,TRUE,FALSE,"ar2"
"pit_histogram",6,0.5,0.6,0.55,0.1,0.109484859953727,0.000626001094868309,0.00948485995372708,2626,1313,400,23985,"closer_to_expected_share_better",110,"skew-t",7,0,"yes","yes","yes",FALSE,TRUE,NA,TRUE,FALSE,"ar2"
"pit_histogram",7,0.6,0.7,0.65,0.1,0.105773847115433,0.00158632626124499,0.00577384711543252,2537,1268.5,400,23985,"closer_to_expected_share_better",110,"skew-t",7,0,"yes","yes","yes",FALSE,TRUE,NA,TRUE,FALSE,"ar2"
"pit_histogram",8,0.7,0.8,0.75,0.1,0.100018435539816,0.00642484194622229,1.84355398158975e-05,2399,1199.5,400,23985,"closer_to_expected_share_better",110,"skew-t",7,0,"yes","yes","yes",FALSE,TRUE,NA,TRUE,FALSE,"ar2"
"pit_histogram",9,0.8,0.9,0.85,0.1,0.0878027627527502,0.00563726392058475,-0.0121972372472497,2106,1053,400,23985,"closer_to_expected_share_better",110,"skew-t",7,0,"yes","yes","yes",FALSE,TRUE,NA,TRUE,FALSE,"ar2"
"pit_histogram",10,0.9,1,0.95,0.1,0.0934696887435072,0.0143906096644281,-0.00653031125649278,2242,1121,400,23985,"closer_to_expected_share_better",110,"skew-t",7,0,"yes","yes","yes",FALSE,TRUE,NA,TRUE,FALSE,"ar2"
"pit_histogram",1,0,0.1,0.05,0.1,0.0984023846301916,0.0201328172383436,-0.00159761536980843,2360,1180,400,23985,"closer_to_expected_share_better",111,"skew-t",7,50,"yes","yes","yes",FALSE,TRUE,NA,TRUE,FALSE,"ar2"
"pit_histogram",2,0.1,0.2,0.15,0.1,0.0937292005684104,0.0105417370358606,-0.00627079943158965,2248,1124,400,23985,"closer_to_expected_share_better",111,"skew-t",7,50,"yes","yes","yes",FALSE,TRUE,NA,TRUE,FALSE,"ar2"
"pit_histogram",3,0.2,0.3,0.25,0.1,0.0969368030195737,0.00324671383060981,-0.00306319698042631,2325,1162.5,400,23985,"closer_to_expected_share_better",111,"skew-t",7,50,"yes","yes","yes",FALSE,TRUE,NA,TRUE,FALSE,"ar2"
"pit_histogram",4,0.3,0.4,0.35,0.1,0.101022502872965,0.00274793423080495,0.00102250287296551,2423,1211.5,400,23985,"closer_to_expected_share_better",111,"skew-t",7,50,"yes","yes","yes",FALSE,TRUE,NA,TRUE,FALSE,"ar2"
"pit_histogram",5,0.4,0.5,0.45,0.1,0.106816212311336,0.00146085695598074,0.00681621231133611,2562,1281,400,23985,"closer_to_expected_share_better",111,"skew-t",7,50,"yes","yes","yes",FALSE,TRUE,NA,TRUE,FALSE,"ar2"
"pit_histogram",6,0.5,0.6,0.55,0.1,0.107983358452226,0.00212750259636981,0.00798335845222559,2590,1295,400,23985,"closer_to_expected_share_better",111,"skew-t",7,50,"yes","yes","yes",FALSE,TRUE,NA,TRUE,FALSE,"ar2"
"pit_histogram",7,0.6,0.7,0.65,0.1,0.106648972052823,0.00271170144888574,0.00664897205282304,2558,1279,400,23985,"closer_to_expected_share_better",111,"skew-t",7,50,"yes","yes","yes",FALSE,TRUE,NA,TRUE,FALSE,"ar2"
"pit_histogram",8,0.7,0.8,0.75,0.1,0.102978228290806,0.00746604944529425,0.00297822829080646,2470,1235,400,23985,"closer_to_expected_share_better",111,"skew-t",7,50,"yes","yes","yes",FALSE,TRUE,NA,TRUE,FALSE,"ar2"
"pit_histogram",9,0.8,0.9,0.85,0.1,0.0947641502467709,0.0090951479111019,-0.00523584975322908,2273,1136.5,400,23985,"closer_to_expected_share_better",111,"skew-t",7,50,"yes","yes","yes",FALSE,TRUE,NA,TRUE,FALSE,"ar2"
"pit_histogram",10,0.9,1,0.95,0.1,0.0907181875548967,0.0138079439779865,-0.00928181244510325,2176,1088,400,23985,"closer_to_expected_share_better",111,"skew-t",7,50,"yes","yes","yes",FALSE,TRUE,NA,TRUE,FALSE,"ar2"
"pit_histogram",1,0,0.1,0.05,0.1,0.166490696748261,0.0310401674492697,0.0664906967482611,3993,1996.5,400,23985,"closer_to_expected_share_better",112,"t",7,75,"yes","yes","yes",FALSE,TRUE,NA,TRUE,FALSE,"ar2"
"pit_histogram",2,0.1,0.2,0.15,0.1,0.10160739008576,0.00591680077176451,0.00160739008575968,2437,1218.5,400,23985,"closer_to_expected_share_better",112,"t",7,75,"yes","yes","yes",FALSE,TRUE,NA,TRUE,FALSE,"ar2"
"pit_histogram",3,0.2,0.3,0.25,0.1,0.0937681555023391,0.00324552484467463,-0.00623184449766098,2249,1124.5,400,23985,"closer_to_expected_share_better",112,"t",7,75,"yes","yes","yes",FALSE,TRUE,NA,TRUE,FALSE,"ar2"
"pit_histogram",4,0.3,0.4,0.35,0.1,0.0874313298044231,0.00449392878750218,-0.0125686701955769,2097,1048.5,400,23985,"closer_to_expected_share_better",112,"t",7,75,"yes","yes","yes",FALSE,TRUE,NA,TRUE,FALSE,"ar2"
"pit_histogram",5,0.4,0.5,0.45,0.1,0.0849701289186161,0.000949123667303216,-0.0150298710813839,2038,1019,400,23985,"closer_to_expected_share_better",112,"t",7,75,"yes","yes","yes",FALSE,TRUE,NA,TRUE,FALSE,"ar2"
"pit_histogram",6,0.5,0.6,0.55,0.1,0.0871771371271246,0.00626288954621038,-0.0128228628728755,2091,1045.5,400,23985,"closer_to_expected_share_better",112,"t",7,75,"yes","yes","yes",FALSE,TRUE,NA,TRUE,FALSE,"ar2"
"pit_histogram",7,0.6,0.7,0.65,0.1,0.0923474424662222,0.00517693862905166,-0.0076525575337778,2215,1107.5,400,23985,"closer_to_expected_share_better",112,"t",7,75,"yes","yes","yes",FALSE,TRUE,NA,TRUE,FALSE,"ar2"
"pit_histogram",8,0.7,0.8,0.75,0.1,0.0948883679878929,0.0113882011543927,-0.0051116320121071,2276,1138,400,23985,"closer_to_expected_share_better",112,"t",7,75,"yes","yes","yes",FALSE,TRUE,NA,TRUE,FALSE,"ar2"
"pit_histogram",9,0.8,0.9,0.85,0.1,0.0947214719095189,0.0117218055765192,-0.00527852809048106,2272,1136,400,23985,"closer_to_expected_share_better",112,"t",7,75,"yes","yes","yes",FALSE,TRUE,NA,TRUE,FALSE,"ar2"
"pit_histogram",10,0.9,1,0.95,0.1,0.0965978794498424,0.0110957106143403,-0.00340212055015754,2317,1158.5,400,23985,"closer_to_expected_share_better",112,"t",7,75,"yes","yes","yes",FALSE,TRUE,NA,TRUE,FALSE,"ar2"
"pit_histogram",1,0,0.1,0.05,0.1,0.0899356157858283,0.0117494025658567,-0.0100643842141717,2157,1078.5,400,23985,"closer_to_expected_share_better",113,"skew-t",8,0,"yes","yes","yes",FALSE,TRUE,NA,TRUE,FALSE,"ar2"
"pit_histogram",2,0.1,0.2,0.15,0.1,0.0906005718146253,0.00607944153205468,-0.00939942818537468,2173,1086.5,400,23985,"closer_to_expected_share_better",113,"skew-t",8,0,"yes","yes","yes",FALSE,TRUE,NA,TRUE,FALSE,"ar2"
"pit_histogram",3,0.2,0.3,0.25,0.1,0.10152497458699,0.0085017187730366,0.00152497458699005,2435,1217.5,400,23985,"closer_to_expected_share_better",113,"skew-t",8,0,"yes","yes","yes",FALSE,TRUE,NA,TRUE,FALSE,"ar2"
"pit_histogram",4,0.3,0.4,0.35,0.1,0.109318276766389,0.00012575090719627,0.00931827676638881,2622,1311,400,23985,"closer_to_expected_share_better",113,"skew-t",8,0,"yes","yes","yes",FALSE,TRUE,NA,TRUE,FALSE,"ar2"
"pit_histogram",5,0.4,0.5,0.45,0.1,0.11357118558919,0.000542928524924019,0.0135711855891901,2724,1362,400,23985,"closer_to_expected_share_better",113,"skew-t",8,0,"yes","yes","yes",FALSE,TRUE,NA,TRUE,FALSE,"ar2"
"pit_histogram",6,0.5,0.6,0.55,0.1,0.106983170967917,0.000960481611894465,0.00698317096791706,2566,1283,400,23985,"closer_to_expected_share_better",113,"skew-t",8,0,"yes","yes","yes",FALSE,TRUE,NA,TRUE,FALSE,"ar2"
"pit_histogram",7,0.6,0.7,0.65,0.1,0.106233077288341,3.98623179318353e-05,0.00623307728834113,2548,1274,400,23985,"closer_to_expected_share_better",113,"skew-t",8,0,"yes","yes","yes",FALSE,TRUE,NA,TRUE,FALSE,"ar2"
"pit_histogram",8,0.7,0.8,0.75,0.1,0.0984767275402434,0.00396554969573224,-0.00152327245975656,2362,1181,400,23985,"closer_to_expected_share_better",113,"skew-t",8,0,"yes","yes","yes",FALSE,TRUE,NA,TRUE,FALSE,"ar2"
"pit_histogram",9,0.8,0.9,0.85,0.1,0.0901785443858462,0.00751254505318021,-0.00982145561415376,2163,1081.5,400,23985,"closer_to_expected_share_better",113,"skew-t",8,0,"yes","yes","yes",FALSE,TRUE,NA,TRUE,FALSE,"ar2"
"pit_histogram",10,0.9,1,0.95,0.1,0.0931778552746295,0.0143490264458006,-0.00682214472537052,2235,1117.5,400,23985,"closer_to_expected_share_better",113,"skew-t",8,0,"yes","yes","yes",FALSE,TRUE,NA,TRUE,FALSE,"ar2"
"pit_histogram",1,0,0.1,0.05,0.1,0.106614428882496,0.0163418607404604,0.00661442888249589,2557,1278.5,400,23985,"closer_to_expected_share_better",114,"skew-t",8,50,"yes","yes","yes",FALSE,TRUE,NA,TRUE,FALSE,"ar2"
"pit_histogram",2,0.1,0.2,0.15,0.1,0.0923942196760401,0.00837321442472731,-0.00760578032395987,2216,1108,400,23985,"closer_to_expected_share_better",114,"skew-t",8,50,"yes","yes","yes",FALSE,TRUE,NA,TRUE,FALSE,"ar2"
"pit_histogram",3,0.2,0.3,0.25,0.1,0.095727698190814,0.0032045674081183,-0.00427230180918606,2296,1148,400,23985,"closer_to_expected_share_better",114,"skew-t",8,50,"yes","yes","yes",FALSE,TRUE,NA,TRUE,FALSE,"ar2"
"pit_histogram",4,0.3,0.4,0.35,0.1,0.100939336435711,0.00333160116856041,0.00093933643571055,2421,1210.5,400,23985,"closer_to_expected_share_better",114,"skew-t",8,50,"yes","yes","yes",FALSE,TRUE,NA,TRUE,FALSE,"ar2"
"pit_histogram",5,0.4,0.5,0.45,0.1,0.103023879092896,0.00308222701320976,0.00302387909289636,2471,1235.5,400,23985,"closer_to_expected_share_better",114,"skew-t",8,50,"yes","yes","yes",FALSE,TRUE,NA,TRUE,FALSE,"ar2"
"pit_histogram",6,0.5,0.6,0.55,0.1,0.106732513959321,0.00229474285488289,0.00673251395932058,2560,1280,400,23985,"closer_to_expected_share_better",114,"skew-t",8,50,"yes","yes","yes",FALSE,TRUE,NA,TRUE,FALSE,"ar2"
"pit_histogram",7,0.6,0.7,0.65,0.1,0.105106794716697,0.00150319111309359,0.00510679471669721,2521,1260.5,400,23985,"closer_to_expected_share_better",114,"skew-t",8,50,"yes","yes","yes",FALSE,TRUE,NA,TRUE,FALSE,"ar2"
"pit_histogram",8,0.7,0.8,0.75,0.1,0.102519404876244,0.00800822703173291,0.00251940487624411,2459,1229.5,400,23985,"closer_to_expected_share_better",114,"skew-t",8,50,"yes","yes","yes",FALSE,TRUE,NA,TRUE,FALSE,"ar2"
"pit_histogram",9,0.8,0.9,0.85,0.1,0.0953061713876918,0.00905325180143885,-0.00469382861230822,2286,1143,400,23985,"closer_to_expected_share_better",114,"skew-t",8,50,"yes","yes","yes",FALSE,TRUE,NA,TRUE,FALSE,"ar2"
"pit_histogram",10,0.9,1,0.95,0.1,0.0916355527820894,0.0134740579539279,-0.00836444721791056,2198,1099,400,23985,"closer_to_expected_share_better",114,"skew-t",8,50,"yes","yes","yes",FALSE,TRUE,NA,TRUE,FALSE,"ar2"
"pit_histogram",1,0,0.1,0.05,0.1,0.166890070866065,0.0157389197149137,0.0668900708660649,4003,2001.5,400,23985,"closer_to_expected_share_better",115,"t",8,75,"yes","yes","yes",FALSE,TRUE,NA,TRUE,FALSE,"ar2"
"pit_histogram",2,0.1,0.2,0.15,0.1,0.101104730637114,0.000337296536346295,0.00110473063711372,2425,1212.5,400,23985,"closer_to_expected_share_better",115,"t",8,75,"yes","yes","yes",FALSE,TRUE,NA,TRUE,FALSE,"ar2"
"pit_histogram",3,0.2,0.3,0.25,0.1,0.0908488195622479,0.00099302227959392,-0.00915118043775212,2179,1089.5,400,23985,"closer_to_expected_share_better",115,"t",8,75,"yes","yes","yes",FALSE,TRUE,NA,TRUE,FALSE,"ar2"
"pit_histogram",4,0.3,0.4,0.35,0.1,0.0863066429770606,0.0072035338664496,-0.0136933570229394,2070,1035,400,23985,"closer_to_expected_share_better",115,"t",8,75,"yes","yes","yes",FALSE,TRUE,NA,TRUE,FALSE,"ar2"
"pit_histogram",5,0.4,0.5,0.45,0.1,0.0888066736403821,0.00311858495154319,-0.0111933263596179,2130,1065,400,23985,"closer_to_expected_share_better",115,"t",8,75,"yes","yes","yes",FALSE,TRUE,NA,TRUE,FALSE,"ar2"
"pit_histogram",6,0.5,0.6,0.55,0.1,0.0925163410472238,0.000493335295785907,-0.00748365895277632,2219,1109.5,400,23985,"closer_to_expected_share_better",115,"t",8,75,"yes","yes","yes",FALSE,TRUE,NA,TRUE,FALSE,"ar2"
"pit_histogram",7,0.6,0.7,0.65,0.1,0.0876805162251524,0.0019090733644372,-0.0123194837748476,2103,1051.5,400,23985,"closer_to_expected_share_better",115,"t",8,75,"yes","yes","yes",FALSE,TRUE,NA,TRUE,FALSE,"ar2"
"pit_histogram",8,0.7,0.8,0.75,0.1,0.0952681864159734,0.000827909680122731,-0.00473181358402661,2285,1142.5,400,23985,"closer_to_expected_share_better",115,"t",8,75,"yes","yes","yes",FALSE,TRUE,NA,TRUE,FALSE,"ar2"
"pit_histogram",9,0.8,0.9,0.85,0.1,0.0940590815872136,0.000785763257631224,-0.00594091841278635,2256,1128,400,23985,"closer_to_expected_share_better",115,"t",8,75,"yes","yes","yes",FALSE,TRUE,NA,TRUE,FALSE,"ar2"
"pit_histogram",10,0.9,1,0.95,0.1,0.0965189370415677,0.000744993555696231,-0.00348106295843228,2315,1157.5,400,23985,"closer_to_expected_share_better",115,"t",8,75,"yes","yes","yes",FALSE,TRUE,NA,TRUE,FALSE,"ar2"
"pit_histogram",1,0,0.1,0.05,0.1,0.0897272303561376,0.0119577879955474,-0.0102727696438624,2152,1076,400,23985,"closer_to_expected_share_better",116,"skew-t",9,0,"yes","yes","yes",FALSE,TRUE,NA,TRUE,FALSE,"ar2"
"pit_histogram",2,0.1,0.2,0.15,0.1,0.090100697096196,0.00724665025115138,-0.00989930290380403,2161,1080.5,400,23985,"closer_to_expected_share_better",116,"skew-t",9,0,"yes","yes","yes",FALSE,TRUE,NA,TRUE,FALSE,"ar2"
"pit_histogram",3,0.2,0.3,0.25,0.1,0.103025193235246,0.00658441637436386,0.00302519323524572,2471,1235.5,400,23985,"closer_to_expected_share_better",116,"skew-t",9,0,"yes","yes","yes",FALSE,TRUE,NA,TRUE,FALSE,"ar2"
"pit_histogram",4,0.3,0.4,0.35,0.1,0.107734829102671,0.00220844750727222,0.00773482910267109,2584,1292,400,23985,"closer_to_expected_share_better",116,"skew-t",9,0,"yes","yes","yes",FALSE,TRUE,NA,TRUE,FALSE,"ar2"
"pit_histogram",5,0.4,0.5,0.45,0.1,0.112695341002418,0.000249561889971987,0.0126953410024178,2703,1351.5,400,23985,"closer_to_expected_share_better",116,"skew-t",9,0,"yes","yes","yes",FALSE,TRUE,NA,TRUE,FALSE,"ar2"
"pit_histogram",6,0.5,0.6,0.55,0.1,0.108151537383845,0.00162490572593098,0.00815153738384537,2594,1297,400,23985,"closer_to_expected_share_better",116,"skew-t",9,0,"yes","yes","yes",FALSE,TRUE,NA,TRUE,FALSE,"ar2"
"pit_histogram",7,0.6,0.7,0.65,0.1,0.105773847115433,0.00158632626124499,0.00577384711543252,2537,1268.5,400,23985,"closer_to_expected_share_better",116,"skew-t",9,0,"yes","yes","yes",FALSE,TRUE,NA,TRUE,FALSE,"ar2"
"pit_histogram",8,0.7,0.8,0.75,0.1,0.0984342056485092,0.00617528005625029,-0.00156579435149076,2361,1180.5,400,23985,"closer_to_expected_share_better",116,"skew-t",9,0,"yes","yes","yes",FALSE,TRUE,NA,TRUE,FALSE,"ar2"
"pit_histogram",9,0.8,0.9,0.85,0.1,0.0889284821205301,0.0055951487871968,-0.0110715178794698,2133,1066.5,400,23985,"closer_to_expected_share_better",116,"skew-t",9,0,"yes","yes","yes",FALSE,TRUE,NA,TRUE,FALSE,"ar2"
"pit_histogram",10,0.9,1,0.95,0.1,0.0954286369390145,0.0160158908596018,-0.00457136306098543,2289,1144.5,400,23985,"closer_to_expected_share_better",116,"skew-t",9,0,"yes","yes","yes",FALSE,TRUE,NA,TRUE,FALSE,"ar2"
"pit_histogram",1,0,0.1,0.05,0.1,0.108907701149512,0.0168013412261974,0.00890770114951159,2612,1306,400,23985,"closer_to_expected_share_better",117,"skew-t",9,50,"yes","yes","yes",FALSE,TRUE,NA,TRUE,FALSE,"ar2"
"pit_histogram",2,0.1,0.2,0.15,0.1,0.0939368350596158,0.00833210054265318,-0.00606316494038425,2253,1126.5,400,23985,"closer_to_expected_share_better",117,"skew-t",9,50,"yes","yes","yes",FALSE,TRUE,NA,TRUE,FALSE,"ar2"
"pit_histogram",3,0.2,0.3,0.25,0.1,0.0988546373330069,0.00316404801901176,-0.00114536266699311,2371,1185.5,400,23985,"closer_to_expected_share_better",117,"skew-t",9,50,"yes","yes","yes",FALSE,TRUE,NA,TRUE,FALSE,"ar2"
"pit_histogram",4,0.3,0.4,0.35,0.1,0.103564523513261,0.000544837160241014,0.00356452351326073,2484,1242,400,23985,"closer_to_expected_share_better",117,"skew-t",9,50,"yes","yes","yes",FALSE,TRUE,NA,TRUE,FALSE,"ar2"
"pit_histogram",5,0.4,0.5,0.45,0.1,0.104273409443452,0.000252722089431265,0.00427340944345198,2501,1250.5,400,23985,"closer_to_expected_share_better",117,"skew-t",9,50,"yes","yes","yes",FALSE,TRUE,NA,TRUE,FALSE,"ar2"
"pit_histogram",6,0.5,0.6,0.55,0.1,0.103855825067378,0.00200397321552611,0.00385582506737786,2491,1245.5,400,23985,"closer_to_expected_share_better",117,"skew-t",9,50,"yes","yes","yes",FALSE,TRUE,NA,TRUE,FALSE,"ar2"
"pit_histogram",7,0.6,0.7,0.65,0.1,0.103897846333455,0.0011284102306858,0.00389784633345526,2492,1246,400,23985,"closer_to_expected_share_better",117,"skew-t",9,50,"yes","yes","yes",FALSE,TRUE,NA,TRUE,FALSE,"ar2"
"pit_histogram",8,0.7,0.8,0.75,0.1,0.099393466985365,0.00529937289127087,-0.000606533014635008,2384,1192,400,23985,"closer_to_expected_share_better",117,"skew-t",9,50,"yes","yes","yes",FALSE,TRUE,NA,TRUE,FALSE,"ar2"
"pit_histogram",9,0.8,0.9,0.85,0.1,0.0913876179255024,0.00755378409166856,-0.00861238207449758,2192,1096,400,23985,"closer_to_expected_share_better",117,"skew-t",9,50,"yes","yes","yes",FALSE,TRUE,NA,TRUE,FALSE,"ar2"
"pit_histogram",10,0.9,1,0.95,0.1,0.0919281371894525,0.0115143901090388,-0.00807186281054745,2205,1102.5,400,23985,"closer_to_expected_share_better",117,"skew-t",9,50,"yes","yes","yes",FALSE,TRUE,NA,TRUE,FALSE,"ar2"
"pit_histogram",1,0,0.1,0.05,0.1,0.172023830532208,0.000936076111119871,0.0720238305322076,4126,2063,400,23985,"closer_to_expected_share_better",118,"t",9,75,"yes","yes","yes",FALSE,TRUE,NA,TRUE,FALSE,"ar2"
"pit_histogram",2,0.1,0.2,0.15,0.1,0.102273910569735,0.00441611278695549,0.00227391056973453,2453,1226.5,400,23985,"closer_to_expected_share_better",118,"t",9,75,"yes","yes","yes",FALSE,TRUE,NA,TRUE,FALSE,"ar2"
"pit_histogram",3,0.2,0.3,0.25,0.1,0.0910155279060005,0.000826313935841316,-0.00898447209399951,2183,1091.5,400,23985,"closer_to_expected_share_better",118,"t",9,75,"yes","yes","yes",FALSE,TRUE,NA,TRUE,FALSE,"ar2"
"pit_histogram",4,0.3,0.4,0.35,0.1,0.0873893711165529,0.00378513672462159,-0.0126106288834471,2096,1048,400,23985,"closer_to_expected_share_better",118,"t",9,75,"yes","yes","yes",FALSE,TRUE,NA,TRUE,FALSE,"ar2"
"pit_histogram",5,0.4,0.5,0.45,0.1,0.0841787336223445,0.00299177021482598,-0.0158212663776554,2019,1009.5,400,23985,"closer_to_expected_share_better",118,"t",9,75,"yes","yes","yes",FALSE,TRUE,NA,TRUE,FALSE,"ar2"
"pit_histogram",6,0.5,0.6,0.55,0.1,0.0893883693646134,0.00221786552744292,-0.0106116306353867,2144,1072,400,23985,"closer_to_expected_share_better",118,"t",9,75,"yes","yes","yes",FALSE,TRUE,NA,TRUE,FALSE,"ar2"
"pit_histogram",7,0.6,0.7,0.65,0.1,0.0902641200840751,0.00167553149548649,-0.00973587991592489,2165,1082.5,400,23985,"closer_to_expected_share_better",118,"t",9,75,"yes","yes","yes",FALSE,TRUE,NA,TRUE,FALSE,"ar2"
"pit_histogram",8,0.7,0.8,0.75,0.1,0.0955174354149098,0.00159017482098252,-0.00448256458509019,2291,1145.5,400,23985,"closer_to_expected_share_better",118,"t",9,75,"yes","yes","yes",FALSE,TRUE,NA,TRUE,FALSE,"ar2"
"pit_histogram",9,0.8,0.9,0.85,0.1,0.0918480370843462,0.00275894799525707,-0.00815196291565382,2203,1101.5,400,23985,"closer_to_expected_share_better",118,"t",9,75,"yes","yes","yes",FALSE,TRUE,NA,TRUE,FALSE,"ar2"
"pit_histogram",10,0.9,1,0.95,0.1,0.0961006643052154,0.00284073771195552,-0.00389933569478454,2305,1152.5,400,23985,"closer_to_expected_share_better",118,"t",9,75,"yes","yes","yes",FALSE,TRUE,NA,TRUE,FALSE,"ar2"
"pit_histogram",1,0,0.1,0.05,0.1,0.0905609910986255,0.0117079445036434,-0.0094390089013745,2172,1086,400,23985,"closer_to_expected_share_better",119,"skew-t",10,0,"yes","yes","yes",FALSE,TRUE,NA,TRUE,FALSE,"ar2"
"pit_histogram",2,0.1,0.2,0.15,0.1,0.0896005407758346,0.00766338982142933,-0.0103994592241654,2149,1074.5,400,23985,"closer_to_expected_share_better",119,"skew-t",10,0,"yes","yes","yes",FALSE,TRUE,NA,TRUE,FALSE,"ar2"
"pit_histogram",3,0.2,0.3,0.25,0.1,0.103983953946445,0.00612615616366554,0.00398395394644455,2494,1247,400,23985,"closer_to_expected_share_better",119,"skew-t",10,0,"yes","yes","yes",FALSE,TRUE,NA,TRUE,FALSE,"ar2"
"pit_histogram",4,0.3,0.4,0.35,0.1,0.108943621040395,0.00141673931996512,0.00894362104039526,2613,1306.5,400,23985,"closer_to_expected_share_better",119,"skew-t",10,0,"yes","yes","yes",FALSE,TRUE,NA,TRUE,FALSE,"ar2"
"pit_histogram",5,0.4,0.5,0.45,0.1,0.10977744436109,0.00133366675002083,0.00977744436109029,2633,1316.5,400,23985,"closer_to_expected_share_better",119,"skew-t",10,0,"yes","yes","yes",FALSE,TRUE,NA,TRUE,FALSE,"ar2"
"pit_histogram",6,0.5,0.6,0.55,0.1,0.107774941733431,0.00200250262765891,0.00777494173343127,2585,1292.5,400,23985,"closer_to_expected_share_better",119,"skew-t",10,0,"yes","yes","yes",FALSE,TRUE,NA,TRUE,FALSE,"ar2"
"pit_histogram",7,0.6,0.7,0.65,0.1,0.105023534412132,0.00116968055827771,0.00502353441213159,2519,1259.5,400,23985,"closer_to_expected_share_better",119,"skew-t",10,0,"yes","yes","yes",FALSE,TRUE,NA,TRUE,FALSE,"ar2"
"pit_histogram",8,0.7,0.8,0.75,0.1,0.100686113720622,0.0048402678747765,0.000686113720622369,2415,1207.5,400,23985,"closer_to_expected_share_better",119,"skew-t",10,0,"yes","yes","yes",FALSE,TRUE,NA,TRUE,FALSE,"ar2"
"pit_histogram",9,0.8,0.9,0.85,0.1,0.0885533570579832,0.0053034404747333,-0.0114466429420168,2124,1062,400,23985,"closer_to_expected_share_better",119,"skew-t",10,0,"yes","yes","yes",FALSE,TRUE,NA,TRUE,FALSE,"ar2"
"pit_histogram",10,0.9,1,0.95,0.1,0.0950955018534413,0.0149320050232778,-0.00490449814655863,2281,1140.5,400,23985,"closer_to_expected_share_better",119,"skew-t",10,0,"yes","yes","yes",FALSE,TRUE,NA,TRUE,FALSE,"ar2"
"pit_histogram",1,0,0.1,0.05,0.1,0.1115358606919,0.0208465216904827,0.0115358606918997,2675,1337.5,400,23985,"closer_to_expected_share_better",120,"skew-t",10,50,"yes","yes","yes",FALSE,TRUE,NA,TRUE,FALSE,"ar2"
"pit_histogram",2,0.1,0.2,0.15,0.1,0.0949795444356585,0.00937480991869589,-0.00502045556434155,2278,1139,400,23985,"closer_to_expected_share_better",120,"skew-t",10,50,"yes","yes","yes",FALSE,TRUE,NA,TRUE,FALSE,"ar2"
"pit_histogram",3,0.2,0.3,0.25,0.1,0.0981455323790908,0.002288234721343,-0.00185446762090927,2354,1177,400,23985,"closer_to_expected_share_better",120,"skew-t",10,50,"yes","yes","yes",FALSE,TRUE,NA,TRUE,FALSE,"ar2"
"pit_histogram",4,0.3,0.4,0.35,0.1,0.0993957823790282,0.000871151221238743,-0.000604217620971792,2384,1192,400,23985,"closer_to_expected_share_better",120,"skew-t",10,50,"yes","yes","yes",FALSE,TRUE,NA,TRUE,FALSE,"ar2"
"pit_histogram",5,0.4,0.5,0.45,0.1,0.102398284756374,0.00253998684856399,0.0023982847563743,2456,1228,400,23985,"closer_to_expected_share_better",120,"skew-t",10,50,"yes","yes","yes",FALSE,TRUE,NA,TRUE,FALSE,"ar2"
"pit_histogram",6,0.5,0.6,0.55,0.1,0.10781618077192,0.0032115761673151,0.00781618077191962,2586,1293,400,23985,"closer_to_expected_share_better",120,"skew-t",10,50,"yes","yes","yes",FALSE,TRUE,NA,TRUE,FALSE,"ar2"
"pit_histogram",7,0.6,0.7,0.65,0.1,0.10177056276081,0.00367246466271223,0.00177056276081033,2441,1220.5,400,23985,"closer_to_expected_share_better",120,"skew-t",10,50,"yes","yes","yes",FALSE,TRUE,NA,TRUE,FALSE,"ar2"
"pit_histogram",8,0.7,0.8,0.75,0.1,0.0991842367498782,0.00734239490803632,-0.000815763250121809,2379,1189.5,400,23985,"closer_to_expected_share_better",120,"skew-t",10,50,"yes","yes","yes",FALSE,TRUE,NA,TRUE,FALSE,"ar2"
"pit_histogram",9,0.8,0.9,0.85,0.1,0.0923457528546301,0.00967975352196408,-0.00765424714536991,2215,1107.5,400,23985,"closer_to_expected_share_better",120,"skew-t",10,50,"yes","yes","yes",FALSE,TRUE,NA,TRUE,FALSE,"ar2"
"pit_histogram",10,0.9,1,0.95,0.1,0.0924282622207103,0.0120145151402966,-0.00757173777928964,2217,1108.5,400,23985,"closer_to_expected_share_better",120,"skew-t",10,50,"yes","yes","yes",FALSE,TRUE,NA,TRUE,FALSE,"ar2"
"pit_histogram",1,0,0.1,0.05,0.1,0.159215104076319,0.0250809699421852,0.0592151040763194,3819,1909.5,400,23985,"closer_to_expected_share_better",121,"t",10,75,"yes","yes","yes",FALSE,TRUE,NA,TRUE,FALSE,"ar2"
"pit_histogram",2,0.1,0.2,0.15,0.1,0.097307735342244,0.00821864625315488,-0.00269226465775604,2334,1167,400,23985,"closer_to_expected_share_better",121,"t",10,75,"yes","yes","yes",FALSE,TRUE,NA,TRUE,FALSE,"ar2"
"pit_histogram",3,0.2,0.3,0.25,0.1,0.0876376814423826,0.00113451160587945,-0.0123623185576174,2102,1051,400,23985,"closer_to_expected_share_better",121,"t",10,75,"yes","yes","yes",FALSE,TRUE,NA,TRUE,FALSE,"ar2"
"pit_histogram",4,0.3,0.4,0.35,0.1,0.0830121193962154,0.00507596869187267,-0.0169878806037846,1991,995.5,400,23985,"closer_to_expected_share_better",121,"t",10,75,"yes","yes","yes",FALSE,TRUE,NA,TRUE,FALSE,"ar2"
"pit_histogram",5,0.4,0.5,0.45,0.1,0.0834697851139461,0.00253288422205652,-0.0165302148860538,2002,1001,400,23985,"closer_to_expected_share_better",121,"t",10,75,"yes","yes","yes",FALSE,TRUE,NA,TRUE,FALSE,"ar2"
"pit_histogram",6,0.5,0.6,0.55,0.1,0.088430922795764,0.0017425840444095,-0.0115690772042361,2121,1060.5,400,23985,"closer_to_expected_share_better",121,"t",10,75,"yes","yes","yes",FALSE,TRUE,NA,TRUE,FALSE,"ar2"
"pit_histogram",7,0.6,0.7,0.65,0.1,0.0970204075042785,0.00383044334657238,-0.00297959249572149,2327,1163.5,400,23985,"closer_to_expected_share_better",121,"t",10,75,"yes","yes","yes",FALSE,TRUE,NA,TRUE,FALSE,"ar2"
"pit_histogram",8,0.7,0.8,0.75,0.1,0.0961033551681214,0.00433041193231241,-0.00389664483187863,2305,1152.5,400,23985,"closer_to_expected_share_better",121,"t",10,75,"yes","yes","yes",FALSE,TRUE,NA,TRUE,FALSE,"ar2"
"pit_histogram",9,0.8,0.9,0.85,0.1,0.0996068899607284,0.00791730089679577,-0.00039311003927156,2389,1194.5,400,23985,"closer_to_expected_share_better",121,"t",10,75,"yes","yes","yes",FALSE,TRUE,NA,TRUE,FALSE,"ar2"
"pit_histogram",10,0.9,1,0.95,0.1,0.1081959992,0.00900453466720033,0.00819599920000022,2595,1297.5,400,23985,"closer_to_expected_share_better",121,"t",10,75,"yes","yes","yes",FALSE,TRUE,NA,TRUE,FALSE,"ar2"
"pit_histogram",1,0,0.1,0.05,0.1,0.0927292008187232,0.0122090707862151,-0.00727079918127681,2224,1112,400,23985,"closer_to_expected_share_better",122,"skew-t",15,0,"yes","yes","yes",FALSE,TRUE,NA,TRUE,FALSE,"ar2"
"pit_histogram",2,0.1,0.2,0.15,0.1,0.0916012286354872,0.00616320246227723,-0.00839877136451281,2197,1098.5,400,23985,"closer_to_expected_share_better",122,"skew-t",15,0,"yes","yes","yes",FALSE,TRUE,NA,TRUE,FALSE,"ar2"
"pit_histogram",3,0.2,0.3,0.25,0.1,0.102400318548105,0.00796004181225486,0.00240031854810546,2456,1228,400,23985,"closer_to_expected_share_better",122,"skew-t",15,0,"yes","yes","yes",FALSE,TRUE,NA,TRUE,FALSE,"ar2"
"pit_histogram",4,0.3,0.4,0.35,0.1,0.106275192421729,0.00116558168571172,0.00627519242172908,2549,1274.5,400,23985,"closer_to_expected_share_better",122,"skew-t",15,0,"yes","yes","yes",FALSE,TRUE,NA,TRUE,FALSE,"ar2"
"pit_histogram",5,0.4,0.5,0.45,0.1,0.109151975180982,0.00112496842929451,0.00915197518098246,2618,1309,400,23985,"closer_to_expected_share_better",122,"skew-t",15,0,"yes","yes","yes",FALSE,TRUE,NA,TRUE,FALSE,"ar2"
"pit_histogram",6,0.5,0.6,0.55,0.1,0.108192244507573,0.00100172065038281,0.00819224450757325,2595,1297.5,400,23985,"closer_to_expected_share_better",122,"skew-t",15,0,"yes","yes","yes",FALSE,TRUE,NA,TRUE,FALSE,"ar2"
"pit_histogram",7,0.6,0.7,0.65,0.1,0.102855418559345,0.00142065045790977,0.00285541855934457,2467,1233.5,400,23985,"closer_to_expected_share_better",122,"skew-t",15,0,"yes","yes","yes",FALSE,TRUE,NA,TRUE,FALSE,"ar2"
"pit_histogram",8,0.7,0.8,0.75,0.1,0.0990601441651704,0.00471579982082608,-0.000939855834829556,2376,1188,400,23985,"closer_to_expected_share_better",122,"skew-t",15,0,"yes","yes","yes",FALSE,TRUE,NA,TRUE,FALSE,"ar2"
"pit_histogram",9,0.8,0.9,0.85,0.1,0.091013306379648,0.00509405379372871,-0.00898669362035201,2183,1091.5,400,23985,"closer_to_expected_share_better",122,"skew-t",15,0,"yes","yes","yes",FALSE,TRUE,NA,TRUE,FALSE,"ar2"
"pit_histogram",10,0.9,1,0.95,0.1,0.0967209707832364,0.016390640452906,-0.00327902921676362,2320,1160,400,23985,"closer_to_expected_share_better",122,"skew-t",15,0,"yes","yes","yes",FALSE,TRUE,NA,TRUE,FALSE,"ar2"
"pit_histogram",1,0,0.1,0.05,0.1,0.118373468492248,0.0208490873969744,0.0183734684922482,2839,1419.5,400,23985,"closer_to_expected_share_better",123,"skew-t",15,50,"yes","yes","yes",FALSE,TRUE,NA,TRUE,FALSE,"ar2"
"pit_histogram",2,0.1,0.2,0.15,0.1,0.0992745996809513,0.0112525941795759,-0.000725400319048747,2381,1190.5,400,23985,"closer_to_expected_share_better",123,"skew-t",15,50,"yes","yes","yes",FALSE,TRUE,NA,TRUE,FALSE,"ar2"
"pit_histogram",3,0.2,0.3,0.25,0.1,0.0981039804495668,0.00266345365120059,-0.00189601955043318,2353,1176.5,400,23985,"closer_to_expected_share_better",123,"skew-t",15,50,"yes","yes","yes",FALSE,TRUE,NA,TRUE,FALSE,"ar2"
"pit_histogram",4,0.3,0.4,0.35,0.1,0.0994368023937916,0.000921620545276461,-0.000563197606208335,2385,1192.5,400,23985,"closer_to_expected_share_better",123,"skew-t",15,50,"yes","yes","yes",FALSE,TRUE,NA,TRUE,FALSE,"ar2"
"pit_histogram",5,0.4,0.5,0.45,0.1,0.102647439888,0.000128254035480849,0.00264743988800005,2462,1231,400,23985,"closer_to_expected_share_better",123,"skew-t",15,50,"yes","yes","yes",FALSE,TRUE,NA,TRUE,FALSE,"ar2"
"pit_histogram",6,0.5,0.6,0.55,0.1,0.101728791807562,0.00388094395971365,0.00172879180756141,2440,1220,400,23985,"closer_to_expected_share_better",123,"skew-t",15,50,"yes","yes","yes",FALSE,TRUE,NA,TRUE,FALSE,"ar2"
"pit_histogram",7,0.6,0.7,0.65,0.1,0.0993946872604037,0.00204733991305634,-0.000605312739596298,2384,1192,400,23985,"closer_to_expected_share_better",123,"skew-t",15,50,"yes","yes","yes",FALSE,TRUE,NA,TRUE,FALSE,"ar2"
"pit_histogram",8,0.7,0.8,0.75,0.1,0.096765933225048,0.00767684413595891,-0.00323406677495197,2321,1160.5,400,23985,"closer_to_expected_share_better",123,"skew-t",15,50,"yes","yes","yes",FALSE,TRUE,NA,TRUE,FALSE,"ar2"
"pit_histogram",9,0.8,0.9,0.85,0.1,0.0913873676126739,0.00822086777950744,-0.00861263238732604,2192,1096,400,23985,"closer_to_expected_share_better",123,"skew-t",15,50,"yes","yes","yes",FALSE,TRUE,NA,TRUE,FALSE,"ar2"
"pit_histogram",10,0.9,1,0.95,0.1,0.0928869291897549,0.0118892648587572,-0.00711307081024508,2228,1114,400,23985,"closer_to_expected_share_better",123,"skew-t",15,50,"yes","yes","yes",FALSE,TRUE,NA,TRUE,FALSE,"ar2"
"pit_histogram",1,0,0.1,0.05,0.1,0.169413130309604,0.0415478306513565,0.0694131303096044,4063,2031.5,400,23985,"closer_to_expected_share_better",124,"t",15,75,"yes","yes","yes",FALSE,TRUE,NA,TRUE,FALSE,"ar2"
"pit_histogram",2,0.1,0.2,0.15,0.1,0.102609642650903,0.0102532202119599,0.00260964265090297,2461,1230.5,400,23985,"closer_to_expected_share_better",124,"t",15,75,"yes","yes","yes",FALSE,TRUE,NA,TRUE,FALSE,"ar2"
"pit_histogram",3,0.2,0.3,0.25,0.1,0.0926848641589827,0.00516298368886516,-0.00731513584101734,2223,1111.5,400,23985,"closer_to_expected_share_better",124,"t",15,75,"yes","yes","yes",FALSE,TRUE,NA,TRUE,FALSE,"ar2"
"pit_histogram",4,0.3,0.4,0.35,0.1,0.0877635575059931,0.000991864582762306,-0.0122364424940069,2105,1052.5,400,23985,"closer_to_expected_share_better",124,"t",15,75,"yes","yes","yes",FALSE,TRUE,NA,TRUE,FALSE,"ar2"
"pit_histogram",5,0.4,0.5,0.45,0.1,0.0830099291589664,0.000761013576717498,-0.0169900708410336,1991,995.5,400,23985,"closer_to_expected_share_better",124,"t",15,75,"yes","yes","yes",FALSE,TRUE,NA,TRUE,FALSE,"ar2"
"pit_histogram",6,0.5,0.6,0.55,0.1,0.0867183450016658,0.00672168167166916,-0.0132816549983343,2080,1040,400,23985,"closer_to_expected_share_better",124,"t",15,75,"yes","yes","yes",FALSE,TRUE,NA,TRUE,FALSE,"ar2"
"pit_histogram",7,0.6,0.7,0.65,0.1,0.0880933133683821,0.00909765103938648,-0.0119066866316178,2113,1056.5,400,23985,"closer_to_expected_share_better",124,"t",15,75,"yes","yes","yes",FALSE,TRUE,NA,TRUE,FALSE,"ar2"
"pit_histogram",8,0.7,0.8,0.75,0.1,0.093262680034373,0.0105132639516235,-0.00673731996562701,2237,1118.5,400,23985,"closer_to_expected_share_better",124,"t",15,75,"yes","yes","yes",FALSE,TRUE,NA,TRUE,FALSE,"ar2"
"pit_histogram",9,0.8,0.9,0.85,0.1,0.0936779490167837,0.0149325369380383,-0.00632205098321625,2247,1123.5,400,23985,"closer_to_expected_share_better",124,"t",15,75,"yes","yes","yes",FALSE,TRUE,NA,TRUE,FALSE,"ar2"
"pit_histogram",10,0.9,1,0.95,0.1,0.102766588794346,0.0159297519575089,0.00276658879434576,2465,1232.5,400,23985,"closer_to_expected_share_better",124,"t",15,75,"yes","yes","yes",FALSE,TRUE,NA,TRUE,FALSE,"ar2"
"pit_histogram",1,0,0.1,0.05,0.1,0.0785113382950342,0.0104943340439715,-0.0214886617049658,1883,941.5,400,23985,"closer_to_expected_share_better",201,"skew-t",1,0,"yes","yes","",FALSE,TRUE,5,FALSE,TRUE,"mrts"
"pit_histogram",2,0.1,0.2,0.15,0.1,0.0845559550548298,0.00828688778801307,-0.0154440449451702,2028,1014,400,23985,"closer_to_expected_share_better",201,"skew-t",1,0,"yes","yes","",FALSE,TRUE,5,FALSE,TRUE,"mrts"
"pit_histogram",3,0.2,0.3,0.25,0.1,0.099731702194818,0.0072085714121223,-0.000268297805182061,2392,1196,400,23985,"closer_to_expected_share_better",201,"skew-t",1,0,"yes","yes","",FALSE,TRUE,5,FALSE,TRUE,"mrts"
"pit_histogram",4,0.3,0.4,0.35,0.1,0.119117930133184,0.00483936049077334,0.019117930133184,2857,1428.5,400,23985,"closer_to_expected_share_better",201,"skew-t",1,0,"yes","yes","",FALSE,TRUE,5,FALSE,TRUE,"mrts"
"pit_histogram",5,0.4,0.5,0.45,0.1,0.124577722258392,0.000370181384184882,0.0245777222583924,2988,1494,400,23985,"closer_to_expected_share_better",201,"skew-t",1,0,"yes","yes","",FALSE,TRUE,5,FALSE,TRUE,"mrts"
"pit_histogram",6,0.5,0.6,0.55,0.1,0.122949844067624,0.0053322264500059,0.0229498440676234,2949,1474.5,400,23985,"closer_to_expected_share_better",201,"skew-t",1,0,"yes","yes","",FALSE,TRUE,5,FALSE,TRUE,"mrts"
"pit_histogram",7,0.6,0.7,0.65,0.1,0.112069183462032,0.00229274035225523,0.0120691834620317,2688,1344,400,23985,"closer_to_expected_share_better",201,"skew-t",1,0,"yes","yes","",FALSE,TRUE,5,FALSE,TRUE,"mrts"
"pit_histogram",8,0.7,0.8,0.75,0.1,0.10118483074222,0.00909273865012799,0.00118483074222012,2427,1213.5,400,23985,"closer_to_expected_share_better",201,"skew-t",1,0,"yes","yes","",FALSE,TRUE,5,FALSE,TRUE,"mrts"
"pit_histogram",9,0.8,0.9,0.85,0.1,0.0789636222869531,0.00639104971438054,-0.0210363777130469,1894,947,400,23985,"closer_to_expected_share_better",201,"skew-t",1,0,"yes","yes","",FALSE,TRUE,5,FALSE,TRUE,"mrts"
"pit_histogram",10,0.9,1,0.95,0.1,0.0783378715049133,0.00735021718392561,-0.0216621284950867,1879,939.5,400,23985,"closer_to_expected_share_better",201,"skew-t",1,0,"yes","yes","",FALSE,TRUE,5,FALSE,TRUE,"mrts"
"pit_histogram",1,0,0.1,0.05,0.1,0.0656701337496536,0.0109064428269229,-0.0343298662503464,1575,787.5,400,23985,"closer_to_expected_share_better",202,"skew-t",1,50,"yes","yes","",FALSE,TRUE,5,FALSE,TRUE,"mrts"
"pit_histogram",2,0.1,0.2,0.15,0.1,0.0714224164149145,0.00740641241391429,-0.0285775835850855,1713,856.5,400,23985,"closer_to_expected_share_better",202,"skew-t",1,50,"yes","yes","",FALSE,TRUE,5,FALSE,TRUE,"mrts"
"pit_histogram",3,0.2,0.3,0.25,0.1,0.0833469753824843,0.008578283209441,-0.0166530246175158,1999,999.5,400,23985,"closer_to_expected_share_better",202,"skew-t",1,50,"yes","yes","",FALSE,TRUE,5,FALSE,TRUE,"mrts"
"pit_histogram",4,0.3,0.4,0.35,0.1,0.101482515273463,0.00645875933447826,0.00148251527346303,2434,1217,400,23985,"closer_to_expected_share_better",202,"skew-t",1,50,"yes","yes","",FALSE,TRUE,5,FALSE,TRUE,"mrts"
"pit_histogram",5,0.4,0.5,0.45,0.1,0.113196279550368,0.00141833506424654,0.0131962795503681,2715,1357.5,400,23985,"closer_to_expected_share_better",202,"skew-t",1,50,"yes","yes","",FALSE,TRUE,5,FALSE,TRUE,"mrts"
"pit_histogram",6,0.5,0.6,0.55,0.1,0.125996495370089,0.00288238350879012,0.0259964953700887,3022,1511,400,23985,"closer_to_expected_share_better",202,"skew-t",1,50,"yes","yes","",FALSE,TRUE,5,FALSE,TRUE,"mrts"
"pit_histogram",7,0.6,0.7,0.65,0.1,0.125827158741637,0.00395528686976548,0.0258271587416374,3018,1509,400,23985,"closer_to_expected_share_better",202,"skew-t",1,50,"yes","yes","",FALSE,TRUE,5,FALSE,TRUE,"mrts"
"pit_histogram",8,0.7,0.8,0.75,0.1,0.118695558524266,0.00966986616524001,0.0186955585242657,2847,1423.5,400,23985,"closer_to_expected_share_better",202,"skew-t",1,50,"yes","yes","",FALSE,TRUE,5,FALSE,TRUE,"mrts"
"pit_histogram",9,0.8,0.9,0.85,0.1,0.107103978196751,0.01234255010199,0.0071039781967514,2569,1284.5,400,23985,"closer_to_expected_share_better",202,"skew-t",1,50,"yes","yes","",FALSE,TRUE,5,FALSE,TRUE,"mrts"
"pit_histogram",10,0.9,1,0.95,0.1,0.0872584887963733,0.0116829132207977,-0.0127415112036267,2093,1046.5,400,23985,"closer_to_expected_share_better",202,"skew-t",1,50,"yes","yes","",FALSE,TRUE,5,FALSE,TRUE,"mrts"
"pit_histogram",1,0,0.1,0.05,0.1,0.0298087847787773,0.0040330090030015,-0.0701912152212227,715,357.5,400,23985,"closer_to_expected_share_better",203,"t",1,75,"yes","yes","",FALSE,TRUE,5,FALSE,TRUE,"mrts"
"pit_histogram",2,0.1,0.2,0.15,0.1,0.0490723281420956,2.32790930465368e-05,-0.0509276718579044,1177,588.5,400,23985,"closer_to_expected_share_better",203,"t",1,75,"yes","yes","",FALSE,TRUE,5,FALSE,TRUE,"mrts"
"pit_histogram",3,0.2,0.3,0.25,0.1,0.0679600580825887,0.00244367898781502,-0.0320399419174113,1630,815,400,23985,"closer_to_expected_share_better",203,"t",1,75,"yes","yes","",FALSE,TRUE,5,FALSE,TRUE,"mrts"
"pit_histogram",4,0.3,0.4,0.35,0.1,0.0879318615940271,0.00507781474898254,-0.0120681384059728,2109,1054.5,400,23985,"closer_to_expected_share_better",203,"t",1,75,"yes","yes","",FALSE,TRUE,5,FALSE,TRUE,"mrts"
"pit_histogram",5,0.4,0.5,0.45,0.1,0.10202265906817,0.00149752778534974,0.00202265906817047,2447,1223.5,400,23985,"closer_to_expected_share_better",203,"t",1,75,"yes","yes","",FALSE,TRUE,5,FALSE,TRUE,"mrts"
"pit_histogram",6,0.5,0.6,0.55,0.1,0.12049246045245,0.001295994669338,0.0204924604524504,2890,1445,400,23985,"closer_to_expected_share_better",203,"t",1,75,"yes","yes","",FALSE,TRUE,5,FALSE,TRUE,"mrts"
"pit_histogram",7,0.6,0.7,0.65,0.1,0.13675127991207,0.00228347877760231,0.0367512799120701,3280,1640,400,23985,"closer_to_expected_share_better",203,"t",1,75,"yes","yes","",FALSE,TRUE,5,FALSE,TRUE,"mrts"
"pit_histogram",8,0.7,0.8,0.75,0.1,0.144047898861602,0.00123842271879281,0.0440478988616023,3455,1727.5,400,23985,"closer_to_expected_share_better",203,"t",1,75,"yes","yes","",FALSE,TRUE,5,FALSE,TRUE,"mrts"
"pit_histogram",9,0.8,0.9,0.85,0.1,0.142921616289958,0.00278147614981823,0.0429216162899584,3428,1714,400,23985,"closer_to_expected_share_better",203,"t",1,75,"yes","yes","",FALSE,TRUE,5,FALSE,TRUE,"mrts"
"pit_histogram",10,0.9,1,0.95,0.1,0.11899105281826,4.46495507760783e-05,0.0189910528182596,2854,1427,400,23985,"closer_to_expected_share_better",203,"t",1,75,"yes","yes","",FALSE,TRUE,5,FALSE,TRUE,"mrts"
"pit_histogram",1,0,0.1,0.05,0.1,0.0776779843108925,0.0118281885286136,-0.0223220156891075,1863,931.5,400,23985,"closer_to_expected_share_better",204,"skew-t",1,0,"yes","yes","",FALSE,TRUE,10,FALSE,TRUE,"mrts"
"pit_histogram",2,0.1,0.2,0.15,0.1,0.0830548603116745,0.00786939727924974,-0.0169451396883255,1992,996,400,23985,"closer_to_expected_share_better",204,"skew-t",1,0,"yes","yes","",FALSE,TRUE,10,FALSE,TRUE,"mrts"
"pit_histogram",3,0.2,0.3,0.25,0.1,0.102775693923481,0.00833541718763024,0.00277569392348084,2465,1232.5,400,23985,"closer_to_expected_share_better",204,"skew-t",1,0,"yes","yes","",FALSE,TRUE,10,FALSE,TRUE,"mrts"
"pit_histogram",4,0.3,0.4,0.35,0.1,0.118743117961673,0.00596492341303544,0.0187431179616726,2848,1424,400,23985,"closer_to_expected_share_better",204,"skew-t",1,0,"yes","yes","",FALSE,TRUE,10,FALSE,TRUE,"mrts"
"pit_histogram",5,0.4,0.5,0.45,0.1,0.124327033960692,0.00178782808815316,0.0243270339606924,2982,1491,400,23985,"closer_to_expected_share_better",204,"skew-t",1,0,"yes","yes","",FALSE,TRUE,10,FALSE,TRUE,"mrts"
"pit_histogram",6,0.5,0.6,0.55,0.1,0.122992397248461,0.00303911062850797,0.0229923972484612,2950,1475,400,23985,"closer_to_expected_share_better",204,"skew-t",1,0,"yes","yes","",FALSE,TRUE,10,FALSE,TRUE,"mrts"
"pit_histogram",7,0.6,0.7,0.65,0.1,0.113443087999227,0.00750381539328776,0.0134430879992271,2721,1360.5,400,23985,"closer_to_expected_share_better",204,"skew-t",1,0,"yes","yes","",FALSE,TRUE,10,FALSE,TRUE,"mrts"
"pit_histogram",8,0.7,0.8,0.75,0.1,0.0984759140235509,0.00613357168120859,-0.00152408597644904,2362,1181,400,23985,"closer_to_expected_share_better",204,"skew-t",1,0,"yes","yes","",FALSE,TRUE,10,FALSE,TRUE,"mrts"
"pit_histogram",9,0.8,0.9,0.85,0.1,0.0802141851779261,0.0069742786046862,-0.0197858148220739,1924,962,400,23985,"closer_to_expected_share_better",204,"skew-t",1,0,"yes","yes","",FALSE,TRUE,10,FALSE,TRUE,"mrts"
"pit_histogram",10,0.9,1,0.95,0.1,0.0782957250824217,0.00855932201268535,-0.0217042749175782,1878,939,400,23985,"closer_to_expected_share_better",204,"skew-t",1,0,"yes","yes","",FALSE,TRUE,10,FALSE,TRUE,"mrts"
"pit_histogram",1,0,0.1,0.05,0.1,0.0648366546090977,0.0119067554676457,-0.0351633453909023,1555,777.5,400,23985,"closer_to_expected_share_better",205,"skew-t",1,50,"yes","yes","",FALSE,TRUE,10,FALSE,TRUE,"mrts"
"pit_histogram",2,0.1,0.2,0.15,0.1,0.0686711968282361,0.00873954724917466,-0.0313288031717639,1647,823.5,400,23985,"closer_to_expected_share_better",205,"skew-t",1,50,"yes","yes","",FALSE,TRUE,10,FALSE,TRUE,"mrts"
"pit_histogram",3,0.2,0.3,0.25,0.1,0.0800948798260626,0.00841029201244255,-0.0199051201739374,1921,960.5,400,23985,"closer_to_expected_share_better",205,"skew-t",1,50,"yes","yes","",FALSE,TRUE,10,FALSE,TRUE,"mrts"
"pit_histogram",4,0.3,0.4,0.35,0.1,0.0996903692890189,0.00816748856883891,-0.000309630710981029,2391,1195.5,400,23985,"closer_to_expected_share_better",205,"skew-t",1,50,"yes","yes","",FALSE,TRUE,10,FALSE,TRUE,"mrts"
"pit_histogram",5,0.4,0.5,0.45,0.1,0.115490240177662,0.0037122956915405,0.0154902401776621,2770,1385,400,23985,"closer_to_expected_share_better",205,"skew-t",1,50,"yes","yes","",FALSE,TRUE,10,FALSE,TRUE,"mrts"
"pit_histogram",6,0.5,0.6,0.55,0.1,0.122535670203837,0.00200553767070396,0.0225356702038371,2939,1469.5,400,23985,"closer_to_expected_share_better",205,"skew-t",1,50,"yes","yes","",FALSE,TRUE,10,FALSE,TRUE,"mrts"
"pit_histogram",7,0.6,0.7,0.65,0.1,0.127118835514684,0.00608113114364677,0.0271188355146845,3049,1524.5,400,23985,"closer_to_expected_share_better",205,"skew-t",1,50,"yes","yes","",FALSE,TRUE,10,FALSE,TRUE,"mrts"
"pit_histogram",8,0.7,0.8,0.75,0.1,0.122906571237404,0.00954320787404059,0.022906571237404,2948,1474,400,23985,"closer_to_expected_share_better",205,"skew-t",1,50,"yes","yes","",FALSE,TRUE,10,FALSE,TRUE,"mrts"
"pit_histogram",9,0.8,0.9,0.85,0.1,0.107186831742971,0.013760071649544,0.0071868317429708,2571,1285.5,400,23985,"closer_to_expected_share_better",205,"skew-t",1,50,"yes","yes","",FALSE,TRUE,10,FALSE,TRUE,"mrts"
"pit_histogram",10,0.9,1,0.95,0.1,0.0914687505710261,0.0135575059931149,-0.00853124942897383,2194,1097,400,23985,"closer_to_expected_share_better",205,"skew-t",1,50,"yes","yes","",FALSE,TRUE,10,FALSE,TRUE,"mrts"
"pit_histogram",1,0,0.1,0.05,0.1,0.0316443287498551,0.00119721496940802,-0.0683556712501449,759,379.5,400,23985,"closer_to_expected_share_better",206,"t",1,75,"yes","yes","",FALSE,TRUE,10,FALSE,TRUE,"mrts"
"pit_histogram",2,0.1,0.2,0.15,0.1,0.0441966097129888,0.00618710733739491,-0.0558033902870112,1060,530,400,23985,"closer_to_expected_share_better",206,"t",1,75,"yes","yes","",FALSE,TRUE,10,FALSE,TRUE,"mrts"
"pit_histogram",3,0.2,0.3,0.25,0.1,0.0587901917921923,0.00919445952579236,-0.0412098082078077,1410,705,400,23985,"closer_to_expected_share_better",206,"t",1,75,"yes","yes","",FALSE,TRUE,10,FALSE,TRUE,"mrts"
"pit_histogram",4,0.3,0.4,0.35,0.1,0.0745512329033209,0.0123690206835993,-0.0254487670966791,1788,894,400,23985,"closer_to_expected_share_better",206,"t",1,75,"yes","yes","",FALSE,TRUE,10,FALSE,TRUE,"mrts"
"pit_histogram",5,0.4,0.5,0.45,0.1,0.0968542310752863,0.0054147045269826,-0.00314576892471363,2323,1161.5,400,23985,"closer_to_expected_share_better",206,"t",1,75,"yes","yes","",FALSE,TRUE,10,FALSE,TRUE,"mrts"
"pit_histogram",6,0.5,0.6,0.55,0.1,0.120658449146821,0.000788579276951369,0.0206584491468212,2894,1447,400,23985,"closer_to_expected_share_better",206,"t",1,75,"yes","yes","",FALSE,TRUE,10,FALSE,TRUE,"mrts"
"pit_histogram",7,0.6,0.7,0.65,0.1,0.136333758114203,0.00386795898173742,0.0363337581142033,3270,1635,400,23985,"closer_to_expected_share_better",206,"t",1,75,"yes","yes","",FALSE,TRUE,10,FALSE,TRUE,"mrts"
"pit_histogram",8,0.7,0.8,0.75,0.1,0.155094673317979,0.00602894091891341,0.0550946733179792,3720,1860,400,23985,"closer_to_expected_share_better",206,"t",1,75,"yes","yes","",FALSE,TRUE,10,FALSE,TRUE,"mrts"
"pit_histogram",9,0.8,0.9,0.85,0.1,0.154759629597089,0.0100315682023609,0.054759629597089,3712,1856,400,23985,"closer_to_expected_share_better",206,"t",1,75,"yes","yes","",FALSE,TRUE,10,FALSE,TRUE,"mrts"
"pit_histogram",10,0.9,1,0.95,0.1,0.127116895590264,0.0112510297243981,0.027116895590264,3049,1524.5,400,23985,"closer_to_expected_share_better",206,"t",1,75,"yes","yes","",FALSE,TRUE,10,FALSE,TRUE,"mrts"
"pit_histogram",1,0,0.1,0.05,0.1,0.0783863696154269,0.0107861362237456,-0.0216136303845731,1880,940,400,23985,"closer_to_expected_share_better",207,"skew-t",1,0,"yes","yes","",FALSE,TRUE,15,FALSE,TRUE,"mrts"
"pit_histogram",2,0.1,0.2,0.15,0.1,0.0831803609060423,0.00899514793613319,-0.0168196390939577,1995,997.5,400,23985,"closer_to_expected_share_better",207,"skew-t",1,0,"yes","yes","",FALSE,TRUE,15,FALSE,TRUE,"mrts"
"pit_histogram",3,0.2,0.3,0.25,0.1,0.101315900797021,0.00687562406117045,0.00131590079702104,2430,1215,400,23985,"closer_to_expected_share_better",207,"skew-t",1,0,"yes","yes","",FALSE,TRUE,15,FALSE,TRUE,"mrts"
"pit_histogram",4,0.3,0.4,0.35,0.1,0.118367492273469,0.00492246434982119,0.0183674922734688,2839,1419.5,400,23985,"closer_to_expected_share_better",207,"skew-t",1,0,"yes","yes","",FALSE,TRUE,15,FALSE,TRUE,"mrts"
"pit_histogram",5,0.4,0.5,0.45,0.1,0.127162296079525,0.00136983695373293,0.0271622960795254,3050,1525,400,23985,"closer_to_expected_share_better",207,"skew-t",1,0,"yes","yes","",FALSE,TRUE,15,FALSE,TRUE,"mrts"
"pit_histogram",6,0.5,0.6,0.55,0.1,0.121158542888975,0.00137208976918904,0.0211585428889754,2906,1453,400,23985,"closer_to_expected_share_better",207,"skew-t",1,0,"yes","yes","",FALSE,TRUE,15,FALSE,TRUE,"mrts"
"pit_histogram",7,0.6,0.7,0.65,0.1,0.111900535193859,0.00729593058925392,0.0119005351938586,2684,1342,400,23985,"closer_to_expected_share_better",207,"skew-t",1,0,"yes","yes","",FALSE,TRUE,15,FALSE,TRUE,"mrts"
"pit_histogram",8,0.7,0.8,0.75,0.1,0.0984756637107225,0.00680065536904747,-0.00152433628927751,2362,1181,400,23985,"closer_to_expected_share_better",207,"skew-t",1,0,"yes","yes","",FALSE,TRUE,15,FALSE,TRUE,"mrts"
"pit_histogram",9,0.8,0.9,0.85,0.1,0.0809652488197124,0.00538967324413686,-0.0190347511802875,1942,971,400,23985,"closer_to_expected_share_better",207,"skew-t",1,0,"yes","yes","",FALSE,TRUE,15,FALSE,TRUE,"mrts"
"pit_histogram",10,0.9,1,0.95,0.1,0.0790875897152466,0.00935118664551023,-0.0209124102847534,1897,948.5,400,23985,"closer_to_expected_share_better",207,"skew-t",1,0,"yes","yes","",FALSE,TRUE,15,FALSE,TRUE,"mrts"
"pit_histogram",1,0,0.1,0.05,0.1,0.0652118422498518,0.0117818180771419,-0.0347881577501482,1564,782,400,23985,"closer_to_expected_share_better",208,"skew-t",1,50,"yes","yes","",FALSE,TRUE,15,FALSE,TRUE,"mrts"
"pit_histogram",2,0.1,0.2,0.15,0.1,0.0692968224538617,0.00936517287480028,-0.0307031775461383,1662,831,400,23985,"closer_to_expected_share_better",208,"skew-t",1,50,"yes","yes","",FALSE,TRUE,15,FALSE,TRUE,"mrts"
"pit_histogram",3,0.2,0.3,0.25,0.1,0.0800527959817782,0.00736795810564253,-0.0199472040182218,1920,960,400,23985,"closer_to_expected_share_better",208,"skew-t",1,50,"yes","yes","",FALSE,TRUE,15,FALSE,TRUE,"mrts"
"pit_histogram",4,0.3,0.4,0.35,0.1,0.0995226596939525,0.005665862161236,-0.000477340306047458,2387,1193.5,400,23985,"closer_to_expected_share_better",208,"skew-t",1,50,"yes","yes","",FALSE,TRUE,15,FALSE,TRUE,"mrts"
"pit_histogram",5,0.4,0.5,0.45,0.1,0.117033387475998,0.00508873464612399,0.0170333874759981,2807,1403.5,400,23985,"closer_to_expected_share_better",208,"skew-t",1,50,"yes","yes","",FALSE,TRUE,15,FALSE,TRUE,"mrts"
"pit_histogram",6,0.5,0.6,0.55,0.1,0.121994368712298,0.00388150716357768,0.0219943687122981,2926,1463,400,23985,"closer_to_expected_share_better",208,"skew-t",1,50,"yes","yes","",FALSE,TRUE,15,FALSE,TRUE,"mrts"
"pit_histogram",7,0.6,0.7,0.65,0.1,0.126701970787992,0.00591451666720484,0.0267019707879923,3039,1519.5,400,23985,"closer_to_expected_share_better",208,"skew-t",1,50,"yes","yes","",FALSE,TRUE,15,FALSE,TRUE,"mrts"
"pit_histogram",8,0.7,0.8,0.75,0.1,0.123865206792189,0.0103350099286583,0.0238652067921886,2971,1485.5,400,23985,"closer_to_expected_share_better",208,"skew-t",1,50,"yes","yes","",FALSE,TRUE,15,FALSE,TRUE,"mrts"
"pit_histogram",9,0.8,0.9,0.85,0.1,0.105519247679788,0.0134271555876957,0.00551924767978784,2531,1265.5,400,23985,"closer_to_expected_share_better",208,"skew-t",1,50,"yes","yes","",FALSE,TRUE,15,FALSE,TRUE,"mrts"
"pit_histogram",10,0.9,1,0.95,0.1,0.0908016981722908,0.0134743708449635,-0.00919830182770916,2178,1089,400,23985,"closer_to_expected_share_better",208,"skew-t",1,50,"yes","yes","",FALSE,TRUE,15,FALSE,TRUE,"mrts"
"pit_histogram",1,0,0.1,0.05,0.1,0.0329362871248343,0.00257259009447056,-0.0670637128751657,790,395,400,23985,"closer_to_expected_share_better",209,"t",1,75,"yes","yes","",FALSE,TRUE,15,FALSE,TRUE,"mrts"
"pit_histogram",2,0.1,0.2,0.15,0.1,0.0439864720934988,0.00172590695221353,-0.0560135279065012,1055,527.5,400,23985,"closer_to_expected_share_better",209,"t",1,75,"yes","yes","",FALSE,TRUE,15,FALSE,TRUE,"mrts"
"pit_histogram",3,0.2,0.3,0.25,0.1,0.0563273638730003,0.00131361043464069,-0.0436726361269998,1351,675.5,400,23985,"closer_to_expected_share_better",209,"t",1,75,"yes","yes","",FALSE,TRUE,15,FALSE,TRUE,"mrts"
"pit_histogram",4,0.3,0.4,0.35,0.1,0.070378142583694,0.0021944299888786,-0.029621857416306,1688,844,400,23985,"closer_to_expected_share_better",209,"t",1,75,"yes","yes","",FALSE,TRUE,15,FALSE,TRUE,"mrts"
"pit_histogram",5,0.4,0.5,0.45,0.1,0.0909332375636452,0.00374477378103285,-0.00906676243635482,2181,1090.5,400,23985,"closer_to_expected_share_better",209,"t",1,75,"yes","yes","",FALSE,TRUE,15,FALSE,TRUE,"mrts"
"pit_histogram",6,0.5,0.6,0.55,0.1,0.110736956010774,0.00287665760283915,0.0107369560107744,2656,1328,400,23985,"closer_to_expected_share_better",209,"t",1,75,"yes","yes","",FALSE,TRUE,15,FALSE,TRUE,"mrts"
"pit_histogram",7,0.6,0.7,0.65,0.1,0.132710135742144,0.00584508614641148,0.0327101357421438,3183,1591.5,400,23985,"closer_to_expected_share_better",209,"t",1,75,"yes","yes","",FALSE,TRUE,15,FALSE,TRUE,"mrts"
"pit_histogram",8,0.7,0.8,0.75,0.1,0.14492537048176,0.00389011166705591,0.0449253704817596,3476,1738,400,23985,"closer_to_expected_share_better",209,"t",1,75,"yes","yes","",FALSE,TRUE,15,FALSE,TRUE,"mrts"
"pit_histogram",9,0.8,0.9,0.85,0.1,0.150678654398334,0.00305841600540276,0.0506786543983344,3614,1807,400,23985,"closer_to_expected_share_better",209,"t",1,75,"yes","yes","",FALSE,TRUE,15,FALSE,TRUE,"mrts"
"pit_histogram",10,0.9,1,0.95,0.1,0.166387380128315,0.0220764024840044,0.0663873801283154,3991,1995.5,400,23985,"closer_to_expected_share_better",209,"t",1,75,"yes","yes","",FALSE,TRUE,15,FALSE,TRUE,"mrts"
