"setting","metric","quantile","target_type","target_level","threshold_value","score_mean","score_se","rel_to_gaussian","method","knots","thresh","CMAQ","TS","ar2","is_baseline","is_proposed","mrts","is_ar2","is_mrts","model_lane"
1,"brier",0,"threshold_quantile",0,2,0.000142988133085574,7.46591174983435e-05,1,"gaussian",1,0,"yes","no","",TRUE,FALSE,NA,FALSE,FALSE,"gaussian_reference"
1,"brier",0.1,"threshold_quantile",0.1,28.875,0.0386743174355276,0.00102094098574444,1,"gaussian",1,0,"yes","no","",TRUE,FALSE,NA,FALSE,FALSE,"gaussian_reference"
1,"brier",0.2,"threshold_quantile",0.2,36,0.0632565762432876,0.00176640052757183,1,"gaussian",1,0,"yes","no","",TRUE,FALSE,NA,FALSE,FALSE,"gaussian_reference"
1,"brier",0.3,"threshold_quantile",0.3,41.625,0.0789514805315042,0.00167230798562504,1,"gaussian",1,0,"yes","no","",TRUE,FALSE,NA,FALSE,FALSE,"gaussian_reference"
1,"brier",0.4,"threshold_quantile",0.4,46.5,0.0892828149796671,0.00072875918720796,1,"gaussian",1,0,"yes","no","",TRUE,FALSE,NA,FALSE,FALSE,"gaussian_reference"
1,"brier",0.5,"threshold_quantile",0.5,50.875,0.0945824846719988,0.000801438012005502,1,"gaussian",1,0,"yes","no","",TRUE,FALSE,NA,FALSE,FALSE,"gaussian_reference"
1,"brier",0.6,"threshold_quantile",0.6,55.429,0.0945824692708512,0.000248602374127063,1,"gaussian",1,0,"yes","no","",TRUE,FALSE,NA,FALSE,FALSE,"gaussian_reference"
1,"brier",0.7,"threshold_quantile",0.7,60.125,0.0864978184589315,8.99797192466245e-05,1,"gaussian",1,0,"yes","no","",TRUE,FALSE,NA,FALSE,FALSE,"gaussian_reference"
1,"brier",0.8,"threshold_quantile",0.8,65.5,0.0715444672419381,0.00166545309840223,1,"gaussian",1,0,"yes","no","",TRUE,FALSE,NA,FALSE,FALSE,"gaussian_reference"
1,"brier",0.9,"threshold_quantile",0.9,73.25,0.045044881630345,0.00123137598059925,1,"gaussian",1,0,"yes","no","",TRUE,FALSE,NA,FALSE,FALSE,"gaussian_reference"
1,"brier",0.95,"threshold_quantile",0.95,79.75,0.0270301315668394,0.00205895451591001,1,"gaussian",1,0,"yes","no","",TRUE,FALSE,NA,FALSE,FALSE,"gaussian_reference"
1,"brier",0.98,"threshold_quantile",0.98,88.5,0.0129121358741124,0.00068324673182685,1,"gaussian",1,0,"yes","no","",TRUE,FALSE,NA,FALSE,FALSE,"gaussian_reference"
1,"brier",0.99,"threshold_quantile",0.99,94.75,0.00726353072383586,0.000585627911466105,1,"gaussian",1,0,"yes","no","",TRUE,FALSE,NA,FALSE,FALSE,"gaussian_reference"
1,"brier",0.995,"threshold_quantile",0.995,100.52,0.00403018868318556,5.64318006315892e-05,1,"gaussian",1,0,"yes","no","",TRUE,FALSE,NA,FALSE,FALSE,"gaussian_reference"
1,"quantile",0,"score_quantile",0,NA,0,0,NA,"gaussian",1,0,"yes","no","",TRUE,FALSE,NA,FALSE,FALSE,"gaussian_reference"
1,"quantile",0.1,"score_quantile",0.1,NA,4.39850123659763,0.0092637342068036,1,"gaussian",1,0,"yes","no","",TRUE,FALSE,NA,FALSE,FALSE,"gaussian_reference"
1,"quantile",0.2,"score_quantile",0.2,NA,7.25266802011456,0.00501449715588365,1,"gaussian",1,0,"yes","no","",TRUE,FALSE,NA,FALSE,FALSE,"gaussian_reference"
1,"quantile",0.3,"score_quantile",0.3,NA,9.20777060778707,0.00435545609984533,1,"gaussian",1,0,"yes","no","",TRUE,FALSE,NA,FALSE,FALSE,"gaussian_reference"
1,"quantile",0.4,"score_quantile",0.4,NA,10.416703891856,0.0215173947415437,1,"gaussian",1,0,"yes","no","",TRUE,FALSE,NA,FALSE,FALSE,"gaussian_reference"
1,"quantile",0.5,"score_quantile",0.5,NA,10.9146529849453,0.0527421207707865,1,"gaussian",1,0,"yes","no","",TRUE,FALSE,NA,FALSE,FALSE,"gaussian_reference"
1,"quantile",0.6,"score_quantile",0.6,NA,10.7066258618664,0.0639728740380745,1,"gaussian",1,0,"yes","no","",TRUE,FALSE,NA,FALSE,FALSE,"gaussian_reference"
1,"quantile",0.7,"score_quantile",0.7,NA,9.75149403596915,0.0451223632388178,1,"gaussian",1,0,"yes","no","",TRUE,FALSE,NA,FALSE,FALSE,"gaussian_reference"
1,"quantile",0.8,"score_quantile",0.8,NA,7.94179937205494,0.018979046955661,1,"gaussian",1,0,"yes","no","",TRUE,FALSE,NA,FALSE,FALSE,"gaussian_reference"
1,"quantile",0.9,"score_quantile",0.9,NA,5.04130951317699,0.0152250584038081,1,"gaussian",1,0,"yes","no","",TRUE,FALSE,NA,FALSE,FALSE,"gaussian_reference"
1,"quantile",0.95,"score_quantile",0.95,NA,3.00132002918319,0.0179520526266386,1,"gaussian",1,0,"yes","no","",TRUE,FALSE,NA,FALSE,FALSE,"gaussian_reference"
1,"quantile",0.98,"score_quantile",0.98,NA,1.4435089289031,0.0301335869901228,1,"gaussian",1,0,"yes","no","",TRUE,FALSE,NA,FALSE,FALSE,"gaussian_reference"
1,"quantile",0.99,"score_quantile",0.99,NA,0.820138747261282,0.0357839009587701,1,"gaussian",1,0,"yes","no","",TRUE,FALSE,NA,FALSE,FALSE,"gaussian_reference"
1,"quantile",0.995,"score_quantile",0.995,NA,0.468837295899911,0.035098055500918,1,"gaussian",1,0,"yes","no","",TRUE,FALSE,NA,FALSE,FALSE,"gaussian_reference"
2,"brier",0,"threshold_quantile",0,2,8.34167500834168e-05,8.34167500834168e-05,0.583382328892249,"max-stable",1,75,"yes","no","",TRUE,FALSE,NA,FALSE,FALSE,"morris_baseline"
2,"brier",0.1,"threshold_quantile",0.1,28.875,0.100144311603426,0.00429846575758053,2.58942673701671,"max-stable",1,75,"yes","no","",TRUE,FALSE,NA,FALSE,FALSE,"morris_baseline"
2,"brier",0.2,"threshold_quantile",0.2,36,0.200331864747969,0.00446933555210624,3.16697293222895,"max-stable",1,75,"yes","no","",TRUE,FALSE,NA,FALSE,FALSE,"morris_baseline"
2,"brier",0.3,"threshold_quantile",0.3,41.625,0.30131131381444,0.00534868451847698,3.81641119059454,"max-stable",1,75,"yes","no","",TRUE,FALSE,NA,FALSE,FALSE,"morris_baseline"
2,"brier",0.4,"threshold_quantile",0.4,46.5,0.40170731496688,0.00556116882073371,4.4992680288851,"max-stable",1,75,"yes","no","",TRUE,FALSE,NA,FALSE,FALSE,"morris_baseline"
2,"brier",0.5,"threshold_quantile",0.5,50.875,0.500186733370029,0.00235556887219801,5.28836533640049,"max-stable",1,75,"yes","no","",TRUE,FALSE,NA,FALSE,FALSE,"morris_baseline"
2,"brier",0.6,"threshold_quantile",0.6,55.429,0.600124411733564,0.00177606338521563,6.34498566552557,"max-stable",1,75,"yes","no","",TRUE,FALSE,NA,FALSE,FALSE,"morris_baseline"
2,"brier",0.7,"threshold_quantile",0.7,60.125,0.701312934590004,0.00102931763972025,8.10786846517963,"max-stable",1,75,"yes","no","",TRUE,FALSE,NA,FALSE,FALSE,"morris_baseline"
2,"brier",0.8,"threshold_quantile",0.8,65.5,0.800165256529348,0.00403579373321805,11.1841668178683,"max-stable",1,75,"yes","no","",TRUE,FALSE,NA,FALSE,FALSE,"morris_baseline"
2,"brier",0.9,"threshold_quantile",0.9,73.25,0.900686820854363,0.00295575645663165,19.9953199621154,"max-stable",1,75,"yes","no","",TRUE,FALSE,NA,FALSE,FALSE,"morris_baseline"
2,"brier",0.95,"threshold_quantile",0.95,79.75,0.0310895921878941,0.00153664851558715,1.15018279178614,"max-stable",1,75,"yes","no","",TRUE,FALSE,NA,FALSE,FALSE,"morris_baseline"
2,"brier",0.98,"threshold_quantile",0.98,88.5,0.0147902457739024,0.00053843522765472,1.14545307748468,"max-stable",1,75,"yes","no","",TRUE,FALSE,NA,FALSE,FALSE,"morris_baseline"
2,"brier",0.99,"threshold_quantile",0.99,94.75,0.00830351372232075,0.000562769737898723,1.14317871542446,"max-stable",1,75,"yes","no","",TRUE,FALSE,NA,FALSE,FALSE,"morris_baseline"
2,"brier",0.995,"threshold_quantile",0.995,100.52,0.00456167816408734,3.22230952275312e-05,1.13187707144314,"max-stable",1,75,"yes","no","",TRUE,FALSE,NA,FALSE,FALSE,"morris_baseline"
2,"quantile",0,"score_quantile",0,NA,49.0504301906725,0.344356672710052,Inf,"max-stable",1,75,"yes","no","",TRUE,FALSE,NA,FALSE,FALSE,"morris_baseline"
2,"quantile",0.1,"score_quantile",0.1,NA,44.300952501229,0.302484224619089,10.0718290431804,"max-stable",1,75,"yes","no","",TRUE,FALSE,NA,FALSE,FALSE,"morris_baseline"
2,"quantile",0.2,"score_quantile",0.2,NA,39.5514748117856,0.260611776528133,5.45336898119334,"max-stable",1,75,"yes","no","",TRUE,FALSE,NA,FALSE,FALSE,"morris_baseline"
2,"quantile",0.3,"score_quantile",0.3,NA,34.8010525338111,0.217794739906111,3.77953079156638,"max-stable",1,75,"yes","no","",TRUE,FALSE,NA,FALSE,FALSE,"morris_baseline"
2,"quantile",0.4,"score_quantile",0.4,NA,30.048727808688,0.173075256135492,2.88466756093361,"max-stable",1,75,"yes","no","",TRUE,FALSE,NA,FALSE,FALSE,"morris_baseline"
2,"quantile",0.5,"score_quantile",0.5,NA,25.2960167192958,0.13020150345351,2.31761987799216,"max-stable",1,75,"yes","no","",TRUE,FALSE,NA,FALSE,FALSE,"morris_baseline"
2,"quantile",0.6,"score_quantile",0.6,NA,20.5258988124366,0.0949900745108518,1.91712114322994,"max-stable",1,75,"yes","no","",TRUE,FALSE,NA,FALSE,FALSE,"morris_baseline"
2,"quantile",0.7,"score_quantile",0.7,NA,15.735165655108,0.0641476442821842,1.61361588255785,"max-stable",1,75,"yes","no","",TRUE,FALSE,NA,FALSE,FALSE,"morris_baseline"
2,"quantile",0.8,"score_quantile",0.8,NA,10.9014169419425,0.0411012017815233,1.37266335136867,"max-stable",1,75,"yes","no","",TRUE,FALSE,NA,FALSE,FALSE,"morris_baseline"
2,"quantile",0.9,"score_quantile",0.9,NA,5.92970963270896,0.0250739318942896,1.17622407773414,"max-stable",1,75,"yes","no","",TRUE,FALSE,NA,FALSE,FALSE,"morris_baseline"
2,"quantile",0.95,"score_quantile",0.95,NA,3.2787672178682,0.0084607502109888,1.09244172097186,"max-stable",1,75,"yes","no","",TRUE,FALSE,NA,FALSE,FALSE,"morris_baseline"
2,"quantile",0.98,"score_quantile",0.98,NA,1.50965863480276,0.0115341805375592,1.04582562987673,"max-stable",1,75,"yes","no","",TRUE,FALSE,NA,FALSE,FALSE,"morris_baseline"
2,"quantile",0.99,"score_quantile",0.99,NA,0.838234287997099,0.0156376767680501,1.02206399928822,"max-stable",1,75,"yes","no","",TRUE,FALSE,NA,FALSE,FALSE,"morris_baseline"
2,"quantile",0.995,"score_quantile",0.995,NA,0.463562409085353,0.0131321015191574,0.988749003416136,"max-stable",1,75,"yes","no","",TRUE,FALSE,NA,FALSE,FALSE,"morris_baseline"
3,"brier",0,"threshold_quantile",0,2,0.000136840590417875,8.10845747472904e-05,0.957006623311741,"skew-t",1,0,"yes","no","",TRUE,FALSE,NA,FALSE,FALSE,"morris_baseline"
3,"brier",0.1,"threshold_quantile",0.1,28.875,0.0386130980797764,0.00102742628464799,0.998417054008693,"skew-t",1,0,"yes","no","",TRUE,FALSE,NA,FALSE,FALSE,"morris_baseline"
3,"brier",0.2,"threshold_quantile",0.2,36,0.06297777102021,0.00174480447366347,0.995592470544007,"skew-t",1,0,"yes","no","",TRUE,FALSE,NA,FALSE,FALSE,"morris_baseline"
3,"brier",0.3,"threshold_quantile",0.3,41.625,0.0787512318175602,0.00156073509083351,0.99746364840031,"skew-t",1,0,"yes","no","",TRUE,FALSE,NA,FALSE,FALSE,"morris_baseline"
3,"brier",0.4,"threshold_quantile",0.4,46.5,0.089081672896555,0.000525419569894978,0.997747135513616,"skew-t",1,0,"yes","no","",TRUE,FALSE,NA,FALSE,FALSE,"morris_baseline"
3,"brier",0.5,"threshold_quantile",0.5,50.875,0.0943852022050683,0.000730127937467351,0.997914175466898,"skew-t",1,0,"yes","no","",TRUE,FALSE,NA,FALSE,FALSE,"morris_baseline"
3,"brier",0.6,"threshold_quantile",0.6,55.429,0.0943831691929802,0.000212268181060529,0.997892843362967,"skew-t",1,0,"yes","no","",TRUE,FALSE,NA,FALSE,FALSE,"morris_baseline"
3,"brier",0.7,"threshold_quantile",0.7,60.125,0.0862084532251131,1.41239625171541e-05,0.996654652811205,"skew-t",1,0,"yes","no","",TRUE,FALSE,NA,FALSE,FALSE,"morris_baseline"
3,"brier",0.8,"threshold_quantile",0.8,65.5,0.0710999593385458,0.00155595278023961,0.993786970250417,"skew-t",1,0,"yes","no","",TRUE,FALSE,NA,FALSE,FALSE,"morris_baseline"
3,"brier",0.9,"threshold_quantile",0.9,73.25,0.0447061506777583,0.0013408806702564,0.992480145571999,"skew-t",1,0,"yes","no","",TRUE,FALSE,NA,FALSE,FALSE,"morris_baseline"
3,"brier",0.95,"threshold_quantile",0.95,79.75,0.0269511911426042,0.00212480392913418,0.997079539770645,"skew-t",1,0,"yes","no","",TRUE,FALSE,NA,FALSE,FALSE,"morris_baseline"
3,"brier",0.98,"threshold_quantile",0.98,88.5,0.012833006120031,0.000698438771527216,0.993871675851858,"skew-t",1,0,"yes","no","",TRUE,FALSE,NA,FALSE,FALSE,"morris_baseline"
3,"brier",0.99,"threshold_quantile",0.99,94.75,0.00716202997168336,0.000581918980602258,0.986025976069817,"skew-t",1,0,"yes","no","",TRUE,FALSE,NA,FALSE,FALSE,"morris_baseline"
3,"brier",0.995,"threshold_quantile",0.995,100.52,0.00399145806710186,4.93266042361443e-05,0.990389875232073,"skew-t",1,0,"yes","no","",TRUE,FALSE,NA,FALSE,FALSE,"morris_baseline"
3,"quantile",0,"score_quantile",0,NA,0,0,NA,"skew-t",1,0,"yes","no","",TRUE,FALSE,NA,FALSE,FALSE,"morris_baseline"
3,"quantile",0.1,"score_quantile",0.1,NA,4.39704916521082,0.0110289764187548,0.999669871324639,"skew-t",1,0,"yes","no","",TRUE,FALSE,NA,FALSE,FALSE,"morris_baseline"
3,"quantile",0.2,"score_quantile",0.2,NA,7.24911116546285,0.00164261176755875,0.999509579834366,"skew-t",1,0,"yes","no","",TRUE,FALSE,NA,FALSE,FALSE,"morris_baseline"
3,"quantile",0.3,"score_quantile",0.3,NA,9.20384094556496,0.00155622453802984,0.999573223270921,"skew-t",1,0,"yes","no","",TRUE,FALSE,NA,FALSE,FALSE,"morris_baseline"
3,"quantile",0.4,"score_quantile",0.4,NA,10.4136204303867,0.025775156257847,0.999703988756778,"skew-t",1,0,"yes","no","",TRUE,FALSE,NA,FALSE,FALSE,"morris_baseline"
3,"quantile",0.5,"score_quantile",0.5,NA,10.9110137557414,0.0548773374554683,0.999666573989207,"skew-t",1,0,"yes","no","",TRUE,FALSE,NA,FALSE,FALSE,"morris_baseline"
3,"quantile",0.6,"score_quantile",0.6,NA,10.7059026939859,0.0641414406142236,0.999932456042655,"skew-t",1,0,"yes","no","",TRUE,FALSE,NA,FALSE,FALSE,"morris_baseline"
3,"quantile",0.7,"score_quantile",0.7,NA,9.75148147803419,0.0444835837551523,0.999998712204006,"skew-t",1,0,"yes","no","",TRUE,FALSE,NA,FALSE,FALSE,"morris_baseline"
3,"quantile",0.8,"score_quantile",0.8,NA,7.94028179411814,0.0175321490859908,0.999808912581935,"skew-t",1,0,"yes","no","",TRUE,FALSE,NA,FALSE,FALSE,"morris_baseline"
3,"quantile",0.9,"score_quantile",0.9,NA,5.03747399712526,0.0150096513086733,0.999239182589026,"skew-t",1,0,"yes","no","",TRUE,FALSE,NA,FALSE,FALSE,"morris_baseline"
3,"quantile",0.95,"score_quantile",0.95,NA,2.99607118318478,0.0174789797155734,0.998251154176372,"skew-t",1,0,"yes","no","",TRUE,FALSE,NA,FALSE,FALSE,"morris_baseline"
3,"quantile",0.98,"score_quantile",0.98,NA,1.43669041021891,0.0288409941234219,0.99527642777425,"skew-t",1,0,"yes","no","",TRUE,FALSE,NA,FALSE,FALSE,"morris_baseline"
3,"quantile",0.99,"score_quantile",0.99,NA,0.812597903084562,0.0333542062321428,0.990805404327132,"skew-t",1,0,"yes","no","",TRUE,FALSE,NA,FALSE,FALSE,"morris_baseline"
3,"quantile",0.995,"score_quantile",0.995,NA,0.461609859924542,0.0323481316622115,0.984584340796743,"skew-t",1,0,"yes","no","",TRUE,FALSE,NA,FALSE,FALSE,"morris_baseline"
4,"brier",0,"threshold_quantile",0,2,0.00103926300956871,0.000342412832725198,7.26817664614688,"skew-t",1,50,"yes","no","",TRUE,FALSE,NA,FALSE,FALSE,"morris_baseline"
4,"brier",0.1,"threshold_quantile",0.1,28.875,0.0657961162553088,0.00390681515754439,1.70128707158168,"skew-t",1,50,"yes","no","",TRUE,FALSE,NA,FALSE,FALSE,"morris_baseline"
4,"brier",0.2,"threshold_quantile",0.2,36,0.0874715084597138,0.00509095486278351,1.38280497703977,"skew-t",1,50,"yes","no","",TRUE,FALSE,NA,FALSE,FALSE,"morris_baseline"
4,"brier",0.3,"threshold_quantile",0.3,41.625,0.0950664744996272,0.00518788071584338,1.20411262536986,"skew-t",1,50,"yes","no","",TRUE,FALSE,NA,FALSE,FALSE,"morris_baseline"
4,"brier",0.4,"threshold_quantile",0.4,46.5,0.0969716537355961,0.00278687463649696,1.08611779050291,"skew-t",1,50,"yes","no","",TRUE,FALSE,NA,FALSE,FALSE,"morris_baseline"
4,"brier",0.5,"threshold_quantile",0.5,50.875,0.0966623743127536,0.00204366984495248,1.02199021994366,"skew-t",1,50,"yes","no","",TRUE,FALSE,NA,FALSE,FALSE,"morris_baseline"
4,"brier",0.6,"threshold_quantile",0.6,55.429,0.0950915709948971,7.55637694584144e-06,1.00538262246662,"skew-t",1,50,"yes","no","",TRUE,FALSE,NA,FALSE,FALSE,"morris_baseline"
4,"brier",0.7,"threshold_quantile",0.7,60.125,0.0865848229373898,0.000159089634086451,1.00100585748876,"skew-t",1,50,"yes","no","",TRUE,FALSE,NA,FALSE,FALSE,"morris_baseline"
4,"brier",0.8,"threshold_quantile",0.8,65.5,0.0715901144104232,0.00148176599998723,1.0006380251366,"skew-t",1,50,"yes","no","",TRUE,FALSE,NA,FALSE,FALSE,"morris_baseline"
4,"brier",0.9,"threshold_quantile",0.9,73.25,0.04497923967697,0.0012467169029432,0.998542743348431,"skew-t",1,50,"yes","no","",TRUE,FALSE,NA,FALSE,FALSE,"morris_baseline"
4,"brier",0.95,"threshold_quantile",0.95,79.75,0.0269937780348728,0.00209924515832036,0.998655073806182,"skew-t",1,50,"yes","no","",TRUE,FALSE,NA,FALSE,FALSE,"morris_baseline"
4,"brier",0.98,"threshold_quantile",0.98,88.5,0.0127191685494234,0.000751979768894927,0.985055352067979,"skew-t",1,50,"yes","no","",TRUE,FALSE,NA,FALSE,FALSE,"morris_baseline"
4,"brier",0.99,"threshold_quantile",0.99,94.75,0.00702447491398375,0.000662543544474707,0.967088208346441,"skew-t",1,50,"yes","no","",TRUE,FALSE,NA,FALSE,FALSE,"morris_baseline"
4,"brier",0.995,"threshold_quantile",0.995,100.52,0.00392753665466667,9.57402422302274e-05,0.974529225158324,"skew-t",1,50,"yes","no","",TRUE,FALSE,NA,FALSE,FALSE,"morris_baseline"
4,"quantile",0,"score_quantile",0,NA,0,0,NA,"skew-t",1,50,"yes","no","",TRUE,FALSE,NA,FALSE,FALSE,"morris_baseline"
4,"quantile",0.1,"score_quantile",0.1,NA,4.84824024999977,0.166826400248536,1.1022482407553,"skew-t",1,50,"yes","no","",TRUE,FALSE,NA,FALSE,FALSE,"morris_baseline"
4,"quantile",0.2,"score_quantile",0.2,NA,7.53868016467203,0.139830441468872,1.03943543862262,"skew-t",1,50,"yes","no","",TRUE,FALSE,NA,FALSE,FALSE,"morris_baseline"
4,"quantile",0.3,"score_quantile",0.3,NA,9.39834909726727,0.0957632958999586,1.02069757138813,"skew-t",1,50,"yes","no","",TRUE,FALSE,NA,FALSE,FALSE,"morris_baseline"
4,"quantile",0.4,"score_quantile",0.4,NA,10.5406208064474,0.0324051581155844,1.01189598128907,"skew-t",1,50,"yes","no","",TRUE,FALSE,NA,FALSE,FALSE,"morris_baseline"
4,"quantile",0.5,"score_quantile",0.5,NA,10.9923608213938,0.0252269632050055,1.00711958836947,"skew-t",1,50,"yes","no","",TRUE,FALSE,NA,FALSE,FALSE,"morris_baseline"
4,"quantile",0.6,"score_quantile",0.6,NA,10.747493044841,0.0564778604937635,1.00381699925839,"skew-t",1,50,"yes","no","",TRUE,FALSE,NA,FALSE,FALSE,"morris_baseline"
4,"quantile",0.7,"score_quantile",0.7,NA,9.7731581831582,0.0512669107489039,1.00222162338501,"skew-t",1,50,"yes","no","",TRUE,FALSE,NA,FALSE,FALSE,"morris_baseline"
4,"quantile",0.8,"score_quantile",0.8,NA,7.95095834703328,0.0287234356371,1.00115326194345,"skew-t",1,50,"yes","no","",TRUE,FALSE,NA,FALSE,FALSE,"morris_baseline"
4,"quantile",0.9,"score_quantile",0.9,NA,5.04757061270062,0.0242458213562657,1.00124195896071,"skew-t",1,50,"yes","no","",TRUE,FALSE,NA,FALSE,FALSE,"morris_baseline"
4,"quantile",0.95,"score_quantile",0.95,NA,3.00104330043299,0.0243137478730717,0.999907797653196,"skew-t",1,50,"yes","no","",TRUE,FALSE,NA,FALSE,FALSE,"morris_baseline"
4,"quantile",0.98,"score_quantile",0.98,NA,1.43598905353813,0.0328620983018024,0.994790558468741,"skew-t",1,50,"yes","no","",TRUE,FALSE,NA,FALSE,FALSE,"morris_baseline"
4,"quantile",0.99,"score_quantile",0.99,NA,0.807937408398046,0.0329107073332144,0.985122835734832,"skew-t",1,50,"yes","no","",TRUE,FALSE,NA,FALSE,FALSE,"morris_baseline"
4,"quantile",0.995,"score_quantile",0.995,NA,0.452704396566666,0.0297574464782209,0.965589556389112,"skew-t",1,50,"yes","no","",TRUE,FALSE,NA,FALSE,FALSE,"morris_baseline"
5,"brier",0,"threshold_quantile",0,2,0.00150038890887762,0.000165246730032108,10.4931009063506,"t",1,75,"yes","no","",TRUE,FALSE,NA,FALSE,FALSE,"morris_baseline"
5,"brier",0.1,"threshold_quantile",0.1,28.875,0.0844631790954308,0.00125255598965432,2.18396043411073,"t",1,75,"yes","no","",TRUE,FALSE,NA,FALSE,FALSE,"morris_baseline"
5,"brier",0.2,"threshold_quantile",0.2,36,0.127115455767155,0.000697468356969127,2.00952159153008,"t",1,75,"yes","no","",TRUE,FALSE,NA,FALSE,FALSE,"morris_baseline"
5,"brier",0.3,"threshold_quantile",0.3,41.625,0.153654143325312,0.000268295289969897,1.94618444506559,"t",1,75,"yes","no","",TRUE,FALSE,NA,FALSE,FALSE,"morris_baseline"
5,"brier",0.4,"threshold_quantile",0.4,46.5,0.166266599219779,0.00135556959904014,1.86224638255014,"t",1,75,"yes","no","",TRUE,FALSE,NA,FALSE,FALSE,"morris_baseline"
5,"brier",0.5,"threshold_quantile",0.5,50.875,0.163229942290558,0.000537897669402335,1.7257946104569,"t",1,75,"yes","no","",TRUE,FALSE,NA,FALSE,FALSE,"morris_baseline"
5,"brier",0.6,"threshold_quantile",0.6,55.429,0.149993800745862,0.00117094772260633,1.58585202841694,"t",1,75,"yes","no","",TRUE,FALSE,NA,FALSE,FALSE,"morris_baseline"
5,"brier",0.7,"threshold_quantile",0.7,60.125,0.124109778880537,0.000229494409419426,1.43483131819635,"t",1,75,"yes","no","",TRUE,FALSE,NA,FALSE,FALSE,"morris_baseline"
5,"brier",0.8,"threshold_quantile",0.8,65.5,0.0894929697530689,0.00194861415083501,1.25087198497733,"t",1,75,"yes","no","",TRUE,FALSE,NA,FALSE,FALSE,"morris_baseline"
5,"brier",0.9,"threshold_quantile",0.9,73.25,0.0490600013015867,0.000279944283998926,1.08913598006964,"t",1,75,"yes","no","",TRUE,FALSE,NA,FALSE,FALSE,"morris_baseline"
5,"brier",0.95,"threshold_quantile",0.95,79.75,0.0274888219991685,0.00108570778394799,1.01696959673299,"t",1,75,"yes","no","",TRUE,FALSE,NA,FALSE,FALSE,"morris_baseline"
5,"brier",0.98,"threshold_quantile",0.98,88.5,0.0128013332378803,0.000619954506530788,0.991418721324465,"t",1,75,"yes","no","",TRUE,FALSE,NA,FALSE,FALSE,"morris_baseline"
5,"brier",0.99,"threshold_quantile",0.99,94.75,0.00698942508975968,0.000703806431761844,0.962262755607726,"t",1,75,"yes","no","",TRUE,FALSE,NA,FALSE,FALSE,"morris_baseline"
5,"brier",0.995,"threshold_quantile",0.995,100.52,0.00388544895669488,0.000144758480742558,0.964086116589391,"t",1,75,"yes","no","",TRUE,FALSE,NA,FALSE,FALSE,"morris_baseline"
5,"quantile",0,"score_quantile",0,NA,0,0,NA,"t",1,75,"yes","no","",TRUE,FALSE,NA,FALSE,FALSE,"morris_baseline"
5,"quantile",0.1,"score_quantile",0.1,NA,5.64714291198168,0.0158550156549619,1.28387889606458,"t",1,75,"yes","no","",TRUE,FALSE,NA,FALSE,FALSE,"morris_baseline"
5,"quantile",0.2,"score_quantile",0.2,NA,8.71409594308957,0.0520443116466893,1.2015021119017,"t",1,75,"yes","no","",TRUE,FALSE,NA,FALSE,FALSE,"morris_baseline"
5,"quantile",0.3,"score_quantile",0.3,NA,10.6788185142654,0.0525016334058312,1.15976157195253,"t",1,75,"yes","no","",TRUE,FALSE,NA,FALSE,FALSE,"morris_baseline"
5,"quantile",0.4,"score_quantile",0.4,NA,11.7856633199541,0.0445079266734742,1.13141963545382,"t",1,75,"yes","no","",TRUE,FALSE,NA,FALSE,FALSE,"morris_baseline"
5,"quantile",0.5,"score_quantile",0.5,NA,12.065904784502,0.0278163215543401,1.10547763645299,"t",1,75,"yes","no","",TRUE,FALSE,NA,FALSE,FALSE,"morris_baseline"
5,"quantile",0.6,"score_quantile",0.6,NA,11.5715210973307,0.0232842638514752,1.08078130744671,"t",1,75,"yes","no","",TRUE,FALSE,NA,FALSE,FALSE,"morris_baseline"
5,"quantile",0.7,"score_quantile",0.7,NA,10.32310216252,0.0389383086860082,1.05861749229835,"t",1,75,"yes","no","",TRUE,FALSE,NA,FALSE,FALSE,"morris_baseline"
5,"quantile",0.8,"score_quantile",0.8,NA,8.25292550478371,0.0182264205646225,1.03917577341774,"t",1,75,"yes","no","",TRUE,FALSE,NA,FALSE,FALSE,"morris_baseline"
5,"quantile",0.9,"score_quantile",0.9,NA,5.162587251727,0.0062404842377255,1.02405679282992,"t",1,75,"yes","no","",TRUE,FALSE,NA,FALSE,FALSE,"morris_baseline"
5,"quantile",0.95,"score_quantile",0.95,NA,3.05169755031426,0.00187047023096287,1.01678512142698,"t",1,75,"yes","no","",TRUE,FALSE,NA,FALSE,FALSE,"morris_baseline"
5,"quantile",0.98,"score_quantile",0.98,NA,1.45458585015011,0.0143742060042342,1.0076736077105,"t",1,75,"yes","no","",TRUE,FALSE,NA,FALSE,FALSE,"morris_baseline"
5,"quantile",0.99,"score_quantile",0.99,NA,0.815540673879993,0.0159943666161876,0.994393542072432,"t",1,75,"yes","no","",TRUE,FALSE,NA,FALSE,FALSE,"morris_baseline"
5,"quantile",0.995,"score_quantile",0.995,NA,0.451448467241291,0.0152650180281305,0.962910739374427,"t",1,75,"yes","no","",TRUE,FALSE,NA,FALSE,FALSE,"morris_baseline"
6,"brier",0,"threshold_quantile",0,2,0.0088094144404845,0.0062452761088195,61.6094094690526,"skew-t",1,85,"yes","no","",FALSE,FALSE,NA,FALSE,FALSE,"other_numeric"
6,"brier",0.1,"threshold_quantile",0.1,28.875,0.104787458205432,0.0144192558564166,2.7094843594879,"skew-t",1,85,"yes","no","",FALSE,FALSE,NA,FALSE,FALSE,"other_numeric"
6,"brier",0.2,"threshold_quantile",0.2,36,0.149930561547052,0.0132166904392777,2.37019722614156,"skew-t",1,85,"yes","no","",FALSE,FALSE,NA,FALSE,FALSE,"other_numeric"
6,"brier",0.3,"threshold_quantile",0.3,41.625,0.178103615546654,0.00936804372149594,2.25586162979661,"skew-t",1,85,"yes","no","",FALSE,FALSE,NA,FALSE,FALSE,"other_numeric"
6,"brier",0.4,"threshold_quantile",0.4,46.5,0.192080654969279,0.00375674687118101,2.15137319553626,"skew-t",1,85,"yes","no","",FALSE,FALSE,NA,FALSE,FALSE,"other_numeric"
6,"brier",0.5,"threshold_quantile",0.5,50.875,0.190598709568234,0.0015693428782108,2.01515862296501,"skew-t",1,85,"yes","no","",FALSE,FALSE,NA,FALSE,FALSE,"other_numeric"
6,"brier",0.6,"threshold_quantile",0.6,55.429,0.178520857213892,5.22483550104286e-05,1.88746242924437,"skew-t",1,85,"yes","no","",FALSE,FALSE,NA,FALSE,FALSE,"other_numeric"
6,"brier",0.7,"threshold_quantile",0.7,60.125,0.15169598849308,0.000534745940527922,1.7537550795585,"skew-t",1,85,"yes","no","",FALSE,FALSE,NA,FALSE,FALSE,"other_numeric"
6,"brier",0.8,"threshold_quantile",0.8,65.5,0.111622382101728,0.00163260777147865,1.56018188973664,"skew-t",1,85,"yes","no","",FALSE,FALSE,NA,FALSE,FALSE,"other_numeric"
6,"brier",0.9,"threshold_quantile",0.9,73.25,0.0590772940534533,0.0012969324530532,1.31152068592972,"skew-t",1,85,"yes","no","",FALSE,FALSE,NA,FALSE,FALSE,"other_numeric"
6,"brier",0.95,"threshold_quantile",0.95,79.75,0.0308516517752949,0.00112347004986357,1.14138000767794,"skew-t",1,85,"yes","no","",FALSE,FALSE,NA,FALSE,FALSE,"other_numeric"
6,"brier",0.98,"threshold_quantile",0.98,88.5,0.013058693206416,0.000349439543000114,1.01135035548978,"skew-t",1,85,"yes","no","",FALSE,FALSE,NA,FALSE,FALSE,"other_numeric"
6,"brier",0.99,"threshold_quantile",0.99,94.75,0.00701081640321492,0.000522959012200497,0.96520778527285,"skew-t",1,85,"yes","no","",FALSE,FALSE,NA,FALSE,FALSE,"other_numeric"
6,"brier",0.995,"threshold_quantile",0.995,100.52,0.00387404344902041,9.82360838457862e-05,0.961256098302145,"skew-t",1,85,"yes","no","",FALSE,FALSE,NA,FALSE,FALSE,"other_numeric"
6,"quantile",0,"score_quantile",0,NA,0,0,NA,"skew-t",1,85,"yes","no","",FALSE,FALSE,NA,FALSE,FALSE,"other_numeric"
6,"quantile",0.1,"score_quantile",0.1,NA,6.76678779380544,0.503078110853348,1.53843034929774,"skew-t",1,85,"yes","no","",FALSE,FALSE,NA,FALSE,FALSE,"other_numeric"
6,"quantile",0.2,"score_quantile",0.2,NA,9.78358923586761,0.265875096895479,1.3489641617035,"skew-t",1,85,"yes","no","",FALSE,FALSE,NA,FALSE,FALSE,"other_numeric"
6,"quantile",0.3,"score_quantile",0.3,NA,11.5792128413422,0.0534397226830849,1.25754792713337,"skew-t",1,85,"yes","no","",FALSE,FALSE,NA,FALSE,FALSE,"other_numeric"
6,"quantile",0.4,"score_quantile",0.4,NA,12.536374944977,0.0538039366866041,1.20348769391229,"skew-t",1,85,"yes","no","",FALSE,FALSE,NA,FALSE,FALSE,"other_numeric"
6,"quantile",0.5,"score_quantile",0.5,NA,12.7087431873251,0.110008675817217,1.16437446108954,"skew-t",1,85,"yes","no","",FALSE,FALSE,NA,FALSE,FALSE,"other_numeric"
6,"quantile",0.6,"score_quantile",0.6,NA,12.1038438900597,0.117602719090484,1.13050031319108,"skew-t",1,85,"yes","no","",FALSE,FALSE,NA,FALSE,FALSE,"other_numeric"
6,"quantile",0.7,"score_quantile",0.7,NA,10.7233778311116,0.103661908850435,1.09966511711514,"skew-t",1,85,"yes","no","",FALSE,FALSE,NA,FALSE,FALSE,"other_numeric"
6,"quantile",0.8,"score_quantile",0.8,NA,8.54447664644492,0.0521193833248272,1.07588674129828,"skew-t",1,85,"yes","no","",FALSE,FALSE,NA,FALSE,FALSE,"other_numeric"
6,"quantile",0.9,"score_quantile",0.9,NA,5.32489622912557,0.00315955461473338,1.05625258977005,"skew-t",1,85,"yes","no","",FALSE,FALSE,NA,FALSE,FALSE,"other_numeric"
6,"quantile",0.95,"score_quantile",0.95,NA,3.12782318076959,0.00169494705642603,1.04214917115014,"skew-t",1,85,"yes","no","",FALSE,FALSE,NA,FALSE,FALSE,"other_numeric"
6,"quantile",0.98,"score_quantile",0.98,NA,1.47651056698204,0.0120838275386284,1.02286209487046,"skew-t",1,85,"yes","no","",FALSE,FALSE,NA,FALSE,FALSE,"other_numeric"
6,"quantile",0.99,"score_quantile",0.99,NA,0.823930265151985,0.0123864552511387,1.00462302007235,"skew-t",1,85,"yes","no","",FALSE,FALSE,NA,FALSE,FALSE,"other_numeric"
6,"quantile",0.995,"score_quantile",0.995,NA,0.456285308286196,0.0126350091143133,0.973227412316629,"skew-t",1,85,"yes","no","",FALSE,FALSE,NA,FALSE,FALSE,"other_numeric"
7,"brier",0,"threshold_quantile",0,2,0.000138400730111206,5.72835241430478e-05,0.967917596548926,"skew-t",5,0,"yes","no","",TRUE,FALSE,NA,FALSE,FALSE,"morris_baseline"
7,"brier",0.1,"threshold_quantile",0.1,28.875,0.0371492160307006,0.00091504707174166,0.960565524979998,"skew-t",5,0,"yes","no","",TRUE,FALSE,NA,FALSE,FALSE,"morris_baseline"
7,"brier",0.2,"threshold_quantile",0.2,36,0.0607184093326447,0.00150405294625834,0.959875050763403,"skew-t",5,0,"yes","no","",TRUE,FALSE,NA,FALSE,FALSE,"morris_baseline"
7,"brier",0.3,"threshold_quantile",0.3,41.625,0.0764570827897139,0.00151884541233657,0.968405940901957,"skew-t",5,0,"yes","no","",TRUE,FALSE,NA,FALSE,FALSE,"morris_baseline"
7,"brier",0.4,"threshold_quantile",0.4,46.5,0.086963126253434,0.00082129015400121,0.974018642593635,"skew-t",5,0,"yes","no","",TRUE,FALSE,NA,FALSE,FALSE,"morris_baseline"
7,"brier",0.5,"threshold_quantile",0.5,50.875,0.0929393983786525,0.00110691200227609,0.982628006664824,"skew-t",5,0,"yes","no","",TRUE,FALSE,NA,FALSE,FALSE,"morris_baseline"
7,"brier",0.6,"threshold_quantile",0.6,55.429,0.0936679641797624,0.000452203155404715,0.990331135377001,"skew-t",5,0,"yes","no","",TRUE,FALSE,NA,FALSE,FALSE,"morris_baseline"
7,"brier",0.7,"threshold_quantile",0.7,60.125,0.0854557008523402,0.000386259624445655,0.987952093761924,"skew-t",5,0,"yes","no","",TRUE,FALSE,NA,FALSE,FALSE,"morris_baseline"
7,"brier",0.8,"threshold_quantile",0.8,65.5,0.0709302192480102,0.00158457150274055,0.991414458481454,"skew-t",5,0,"yes","no","",TRUE,FALSE,NA,FALSE,FALSE,"morris_baseline"
7,"brier",0.9,"threshold_quantile",0.9,73.25,0.044858337114828,0.00122637546108124,0.995858696731676,"skew-t",5,0,"yes","no","",TRUE,FALSE,NA,FALSE,FALSE,"morris_baseline"
7,"brier",0.95,"threshold_quantile",0.95,79.75,0.0270020669205565,0.00200137883853596,0.998961727351806,"skew-t",5,0,"yes","no","",TRUE,FALSE,NA,FALSE,FALSE,"morris_baseline"
7,"brier",0.98,"threshold_quantile",0.98,88.5,0.0127851634917513,0.000593736628368803,0.990166430743989,"skew-t",5,0,"yes","no","",TRUE,FALSE,NA,FALSE,FALSE,"morris_baseline"
7,"brier",0.99,"threshold_quantile",0.99,94.75,0.00700461214300071,0.000490565541350302,0.964353619378867,"skew-t",5,0,"yes","no","",TRUE,FALSE,NA,FALSE,FALSE,"morris_baseline"
7,"brier",0.995,"threshold_quantile",0.995,100.52,0.00393850403943453,4.26509303126568e-06,0.977250533173907,"skew-t",5,0,"yes","no","",TRUE,FALSE,NA,FALSE,FALSE,"morris_baseline"
7,"quantile",0,"score_quantile",0,NA,0.000484209423439044,0.000484209423439044,Inf,"skew-t",5,0,"yes","no","",TRUE,FALSE,NA,FALSE,FALSE,"morris_baseline"
7,"quantile",0.1,"score_quantile",0.1,NA,4.37147968425086,0.00813484985268298,0.993856645504168,"skew-t",5,0,"yes","no","",TRUE,FALSE,NA,FALSE,FALSE,"morris_baseline"
7,"quantile",0.2,"score_quantile",0.2,NA,7.2273394504939,0.0151019113397681,0.996507689370255,"skew-t",5,0,"yes","no","",TRUE,FALSE,NA,FALSE,FALSE,"morris_baseline"
7,"quantile",0.3,"score_quantile",0.3,NA,9.19053788802462,0.00697179160583516,0.998128459048722,"skew-t",5,0,"yes","no","",TRUE,FALSE,NA,FALSE,FALSE,"morris_baseline"
7,"quantile",0.4,"score_quantile",0.4,NA,10.4028871579505,0.013558041292872,0.998673598285126,"skew-t",5,0,"yes","no","",TRUE,FALSE,NA,FALSE,FALSE,"morris_baseline"
7,"quantile",0.5,"score_quantile",0.5,NA,10.9002406868161,0.0318978746439234,0.998679545914187,"skew-t",5,0,"yes","no","",TRUE,FALSE,NA,FALSE,FALSE,"morris_baseline"
7,"quantile",0.6,"score_quantile",0.6,NA,10.6971875873783,0.0410987437539729,0.999118464153888,"skew-t",5,0,"yes","no","",TRUE,FALSE,NA,FALSE,FALSE,"morris_baseline"
7,"quantile",0.7,"score_quantile",0.7,NA,9.74332658833588,0.0260021282792176,0.999162441406092,"skew-t",5,0,"yes","no","",TRUE,FALSE,NA,FALSE,FALSE,"morris_baseline"
7,"quantile",0.8,"score_quantile",0.8,NA,7.93790052929315,0.00151094549876563,0.999509073123214,"skew-t",5,0,"yes","no","",TRUE,FALSE,NA,FALSE,FALSE,"morris_baseline"
7,"quantile",0.9,"score_quantile",0.9,NA,5.03328294637103,0.000779784448782905,0.998407840902254,"skew-t",5,0,"yes","no","",TRUE,FALSE,NA,FALSE,FALSE,"morris_baseline"
7,"quantile",0.95,"score_quantile",0.95,NA,2.99021276565575,0.00738860669575159,0.996299207209015,"skew-t",5,0,"yes","no","",TRUE,FALSE,NA,FALSE,FALSE,"morris_baseline"
7,"quantile",0.98,"score_quantile",0.98,NA,1.4290178499433,0.0199756041537853,0.989961212799139,"skew-t",5,0,"yes","no","",TRUE,FALSE,NA,FALSE,FALSE,"morris_baseline"
7,"quantile",0.99,"score_quantile",0.99,NA,0.804104978366437,0.0216932583226579,0.980449931248356,"skew-t",5,0,"yes","no","",TRUE,FALSE,NA,FALSE,FALSE,"morris_baseline"
7,"quantile",0.995,"score_quantile",0.995,NA,0.451124972644808,0.0193970271817853,0.962220746066915,"skew-t",5,0,"yes","no","",TRUE,FALSE,NA,FALSE,FALSE,"morris_baseline"
8,"brier",0,"threshold_quantile",0,2,0.00283201458353953,0.00225338375604537,19.8059413912668,"skew-t",5,50,"yes","no","",TRUE,FALSE,NA,FALSE,FALSE,"morris_baseline"
8,"brier",0.1,"threshold_quantile",0.1,28.875,0.0644929548480639,0.00591217879868115,1.6675912886007,"skew-t",5,50,"yes","no","",TRUE,FALSE,NA,FALSE,FALSE,"morris_baseline"
8,"brier",0.2,"threshold_quantile",0.2,36,0.0843351630812445,0.00479889514997994,1.3332236439242,"skew-t",5,50,"yes","no","",TRUE,FALSE,NA,FALSE,FALSE,"morris_baseline"
8,"brier",0.3,"threshold_quantile",0.3,41.625,0.0918275280279517,0.00383085884209917,1.16308810689509,"skew-t",5,50,"yes","no","",TRUE,FALSE,NA,FALSE,FALSE,"morris_baseline"
8,"brier",0.4,"threshold_quantile",0.4,46.5,0.0947744052417208,0.00218667970284864,1.06150780823056,"skew-t",5,50,"yes","no","",TRUE,FALSE,NA,FALSE,FALSE,"morris_baseline"
8,"brier",0.5,"threshold_quantile",0.5,50.875,0.0954992279823222,0.00127245377811795,1.00969252725283,"skew-t",5,50,"yes","no","",TRUE,FALSE,NA,FALSE,FALSE,"morris_baseline"
8,"brier",0.6,"threshold_quantile",0.6,55.429,0.0941312675740707,0.000120924898401778,0.99522954200436,"skew-t",5,50,"yes","no","",TRUE,FALSE,NA,FALSE,FALSE,"morris_baseline"
8,"brier",0.7,"threshold_quantile",0.7,60.125,0.0855150020807892,0.000205619141182944,0.988637674387026,"skew-t",5,50,"yes","no","",TRUE,FALSE,NA,FALSE,FALSE,"morris_baseline"
8,"brier",0.8,"threshold_quantile",0.8,65.5,0.0708909075640056,0.00156517363052224,0.990864986446508,"skew-t",5,50,"yes","no","",TRUE,FALSE,NA,FALSE,FALSE,"morris_baseline"
8,"brier",0.9,"threshold_quantile",0.9,73.25,0.0448217672813098,0.00110078246843993,0.995046843482326,"skew-t",5,50,"yes","no","",TRUE,FALSE,NA,FALSE,FALSE,"morris_baseline"
8,"brier",0.95,"threshold_quantile",0.95,79.75,0.0267588600719412,0.00200070061207619,0.989964107491395,"skew-t",5,50,"yes","no","",TRUE,FALSE,NA,FALSE,FALSE,"morris_baseline"
8,"brier",0.98,"threshold_quantile",0.98,88.5,0.0126099411676993,0.000661105252053754,0.976596071373524,"skew-t",5,50,"yes","no","",TRUE,FALSE,NA,FALSE,FALSE,"morris_baseline"
8,"brier",0.99,"threshold_quantile",0.99,94.75,0.00690039069027893,0.000590571815560246,0.950005025467124,"skew-t",5,50,"yes","no","",TRUE,FALSE,NA,FALSE,FALSE,"morris_baseline"
8,"brier",0.995,"threshold_quantile",0.995,100.52,0.0038696091738763,7.43994914556966e-05,0.960155833403231,"skew-t",5,50,"yes","no","",TRUE,FALSE,NA,FALSE,FALSE,"morris_baseline"
8,"quantile",0,"score_quantile",0,NA,0,0,NA,"skew-t",5,50,"yes","no","",TRUE,FALSE,NA,FALSE,FALSE,"morris_baseline"
8,"quantile",0.1,"score_quantile",0.1,NA,4.66661602119098,0.204139886807639,1.06095594161996,"skew-t",5,50,"yes","no","",TRUE,FALSE,NA,FALSE,FALSE,"morris_baseline"
8,"quantile",0.2,"score_quantile",0.2,NA,7.34715301432763,0.0737638676740091,1.01302761879505,"skew-t",5,50,"yes","no","",TRUE,FALSE,NA,FALSE,FALSE,"morris_baseline"
8,"quantile",0.3,"score_quantile",0.3,NA,9.26182638806917,0.0137987687146168,1.00587066974023,"skew-t",5,50,"yes","no","",TRUE,FALSE,NA,FALSE,FALSE,"morris_baseline"
8,"quantile",0.4,"score_quantile",0.4,NA,10.4622395473151,0.0326727253001913,1.00437140730233,"skew-t",5,50,"yes","no","",TRUE,FALSE,NA,FALSE,FALSE,"morris_baseline"
8,"quantile",0.5,"score_quantile",0.5,NA,10.9503773899844,0.0649226694107554,1.00327306833193,"skew-t",5,50,"yes","no","",TRUE,FALSE,NA,FALSE,FALSE,"morris_baseline"
8,"quantile",0.6,"score_quantile",0.6,NA,10.7290038560307,0.0762259401012377,1.00209010704707,"skew-t",5,50,"yes","no","",TRUE,FALSE,NA,FALSE,FALSE,"morris_baseline"
8,"quantile",0.7,"score_quantile",0.7,NA,9.76155271745126,0.0532465307626486,1.00103150157761,"skew-t",5,50,"yes","no","",TRUE,FALSE,NA,FALSE,FALSE,"morris_baseline"
8,"quantile",0.8,"score_quantile",0.8,NA,7.94635672513085,0.0239418053140872,1.00057384389386,"skew-t",5,50,"yes","no","",TRUE,FALSE,NA,FALSE,FALSE,"morris_baseline"
8,"quantile",0.9,"score_quantile",0.9,NA,5.03891248714158,0.0093462046198094,0.99952452313647,"skew-t",5,50,"yes","no","",TRUE,FALSE,NA,FALSE,FALSE,"morris_baseline"
8,"quantile",0.95,"score_quantile",0.95,NA,2.99433953052671,0.0113255177381133,0.997674190493315,"skew-t",5,50,"yes","no","",TRUE,FALSE,NA,FALSE,FALSE,"morris_baseline"
8,"quantile",0.98,"score_quantile",0.98,NA,1.42884722352643,0.0189204444338622,0.98984301026263,"skew-t",5,50,"yes","no","",TRUE,FALSE,NA,FALSE,FALSE,"morris_baseline"
8,"quantile",0.99,"score_quantile",0.99,NA,0.800028678929209,0.0168280060227138,0.975479675360752,"skew-t",5,50,"yes","no","",TRUE,FALSE,NA,FALSE,FALSE,"morris_baseline"
8,"quantile",0.995,"score_quantile",0.995,NA,0.442631866742947,0.0126828432661085,0.944105493769083,"skew-t",5,50,"yes","no","",TRUE,FALSE,NA,FALSE,FALSE,"morris_baseline"
9,"brier",0,"threshold_quantile",0,2,0.000724178464636179,0.000199387300138348,5.06460535576601,"t",5,75,"yes","no","",TRUE,FALSE,NA,FALSE,FALSE,"morris_baseline"
9,"brier",0.1,"threshold_quantile",0.1,28.875,0.0801494069189219,0.00446360107307608,2.07241943060885,"t",5,75,"yes","no","",TRUE,FALSE,NA,FALSE,FALSE,"morris_baseline"
9,"brier",0.2,"threshold_quantile",0.2,36,0.12370690141252,0.00682946896674119,1.95563700660526,"t",5,75,"yes","no","",TRUE,FALSE,NA,FALSE,FALSE,"morris_baseline"
9,"brier",0.3,"threshold_quantile",0.3,41.625,0.149775427753864,0.00645070706317345,1.89705660673581,"t",5,75,"yes","no","",TRUE,FALSE,NA,FALSE,FALSE,"morris_baseline"
9,"brier",0.4,"threshold_quantile",0.4,46.5,0.162741018163072,0.00458893763587793,1.82275859245851,"t",5,75,"yes","no","",TRUE,FALSE,NA,FALSE,FALSE,"morris_baseline"
9,"brier",0.5,"threshold_quantile",0.5,50.875,0.159994906772194,0.00284468321530332,1.69159128486672,"t",5,75,"yes","no","",TRUE,FALSE,NA,FALSE,FALSE,"morris_baseline"
9,"brier",0.6,"threshold_quantile",0.6,55.429,0.147141530013342,0.00016853000000501,1.55569558658888,"t",5,75,"yes","no","",TRUE,FALSE,NA,FALSE,FALSE,"morris_baseline"
9,"brier",0.7,"threshold_quantile",0.7,60.125,0.12166077121137,0.000219767190364914,1.40651837675113,"t",5,75,"yes","no","",TRUE,FALSE,NA,FALSE,FALSE,"morris_baseline"
9,"brier",0.8,"threshold_quantile",0.8,65.5,0.0879489812865128,0.00196618188999702,1.22929116222363,"t",5,75,"yes","no","",TRUE,FALSE,NA,FALSE,FALSE,"morris_baseline"
9,"brier",0.9,"threshold_quantile",0.9,73.25,0.0486966424719481,0.000547836630487703,1.08106938478762,"t",5,75,"yes","no","",TRUE,FALSE,NA,FALSE,FALSE,"morris_baseline"
9,"brier",0.95,"threshold_quantile",0.95,79.75,0.0273386354919386,0.00121823046068074,1.0114133342021,"t",5,75,"yes","no","",TRUE,FALSE,NA,FALSE,FALSE,"morris_baseline"
9,"brier",0.98,"threshold_quantile",0.98,88.5,0.0127781165120196,0.00060246008791362,0.989620666681376,"t",5,75,"yes","no","",TRUE,FALSE,NA,FALSE,FALSE,"morris_baseline"
9,"brier",0.99,"threshold_quantile",0.99,94.75,0.00702159507379598,0.000680560555166319,0.966691728962341,"t",5,75,"yes","no","",TRUE,FALSE,NA,FALSE,FALSE,"morris_baseline"
9,"brier",0.995,"threshold_quantile",0.995,100.52,0.00390577931619542,0.000141028771892673,0.969130634625322,"t",5,75,"yes","no","",TRUE,FALSE,NA,FALSE,FALSE,"morris_baseline"
9,"quantile",0,"score_quantile",0,NA,0,0,NA,"t",5,75,"yes","no","",TRUE,FALSE,NA,FALSE,FALSE,"morris_baseline"
9,"quantile",0.1,"score_quantile",0.1,NA,5.08393946976455,0.0105869621807844,1.15583449822948,"t",5,75,"yes","no","",TRUE,FALSE,NA,FALSE,FALSE,"morris_baseline"
9,"quantile",0.2,"score_quantile",0.2,NA,8.17859163539268,0.0253085045796837,1.12766662043681,"t",5,75,"yes","no","",TRUE,FALSE,NA,FALSE,FALSE,"morris_baseline"
9,"quantile",0.3,"score_quantile",0.3,NA,10.1960593529523,0.0551221844887628,1.10733203369873,"t",5,75,"yes","no","",TRUE,FALSE,NA,FALSE,FALSE,"morris_baseline"
9,"quantile",0.4,"score_quantile",0.4,NA,11.3327469459023,0.0499932813172927,1.08793981892511,"t",5,75,"yes","no","",TRUE,FALSE,NA,FALSE,FALSE,"morris_baseline"
9,"quantile",0.5,"score_quantile",0.5,NA,11.690149052892,0.0338252412349398,1.07105091375936,"t",5,75,"yes","no","",TRUE,FALSE,NA,FALSE,FALSE,"morris_baseline"
9,"quantile",0.6,"score_quantile",0.6,NA,11.3038545438794,0.0181123541887676,1.05578122274171,"t",5,75,"yes","no","",TRUE,FALSE,NA,FALSE,FALSE,"morris_baseline"
9,"quantile",0.7,"score_quantile",0.7,NA,10.1857070975768,0.00279033320716771,1.04452784978446,"t",5,75,"yes","no","",TRUE,FALSE,NA,FALSE,FALSE,"morris_baseline"
9,"quantile",0.8,"score_quantile",0.8,NA,8.21616459030411,0.0285483565338085,1.03454698430366,"t",5,75,"yes","no","",TRUE,FALSE,NA,FALSE,FALSE,"morris_baseline"
9,"quantile",0.9,"score_quantile",0.9,NA,5.16610549101602,0.0243662293953641,1.02475467485439,"t",5,75,"yes","no","",TRUE,FALSE,NA,FALSE,FALSE,"morris_baseline"
9,"quantile",0.95,"score_quantile",0.95,NA,3.05552578338253,0.00892405938201035,1.01806063787676,"t",5,75,"yes","no","",TRUE,FALSE,NA,FALSE,FALSE,"morris_baseline"
9,"quantile",0.98,"score_quantile",0.98,NA,1.45392013081113,0.00966717530127592,1.0072124264004,"t",5,75,"yes","no","",TRUE,FALSE,NA,FALSE,FALSE,"morris_baseline"
9,"quantile",0.99,"score_quantile",0.99,NA,0.815264576980127,0.012552743394617,0.994056895497949,"t",5,75,"yes","no","",TRUE,FALSE,NA,FALSE,FALSE,"morris_baseline"
9,"quantile",0.995,"score_quantile",0.995,NA,0.452534031893695,0.0134252137979906,0.965226179425587,"t",5,75,"yes","no","",TRUE,FALSE,NA,FALSE,FALSE,"morris_baseline"
10,"brier",0,"threshold_quantile",0,2,0.285521303025928,0.285060209235471,1996.81817549889,"skew-t",5,85,"yes","no","",FALSE,FALSE,NA,FALSE,FALSE,"other_numeric"
10,"brier",0.1,"threshold_quantile",0.1,28.875,0.337876269423647,0.263428990424648,8.73645074633593,"skew-t",5,85,"yes","no","",FALSE,FALSE,NA,FALSE,FALSE,"other_numeric"
10,"brier",0.2,"threshold_quantile",0.2,36,0.337149710779582,0.222211470192328,5.32987605087713,"skew-t",5,85,"yes","no","",FALSE,FALSE,NA,FALSE,FALSE,"other_numeric"
10,"brier",0.3,"threshold_quantile",0.3,41.625,0.323129248924124,0.179135857209076,4.09275730801761,"skew-t",5,85,"yes","no","",FALSE,FALSE,NA,FALSE,FALSE,"other_numeric"
10,"brier",0.4,"threshold_quantile",0.4,46.5,0.300034117219236,0.136420277402753,3.36049123549212,"skew-t",5,85,"yes","no","",FALSE,FALSE,NA,FALSE,FALSE,"other_numeric"
10,"brier",0.5,"threshold_quantile",0.5,50.875,0.268814732836907,0.100525065199269,2.84211959295767,"skew-t",5,85,"yes","no","",FALSE,FALSE,NA,FALSE,FALSE,"other_numeric"
10,"brier",0.6,"threshold_quantile",0.6,55.429,0.230634613450619,0.0658368474346026,2.43844990756333,"skew-t",5,85,"yes","no","",FALSE,FALSE,NA,FALSE,FALSE,"other_numeric"
10,"brier",0.7,"threshold_quantile",0.7,60.125,0.182168473749885,0.0384223232226913,2.10604703095925,"skew-t",5,85,"yes","no","",FALSE,FALSE,NA,FALSE,FALSE,"other_numeric"
10,"brier",0.8,"threshold_quantile",0.8,65.5,0.12607128191554,0.0158030328631545,1.76213880367872,"skew-t",5,85,"yes","no","",FALSE,FALSE,NA,FALSE,FALSE,"other_numeric"
10,"brier",0.9,"threshold_quantile",0.9,73.25,0.0633723656680837,0.00330392566808368,1.40687162168925,"skew-t",5,85,"yes","no","",FALSE,FALSE,NA,FALSE,FALSE,"other_numeric"
10,"brier",0.95,"threshold_quantile",0.95,79.75,0.0319038224968054,0.00022453045810001,1.18030585304087,"skew-t",5,85,"yes","no","",FALSE,FALSE,NA,FALSE,FALSE,"other_numeric"
10,"brier",0.98,"threshold_quantile",0.98,88.5,0.013486152701356,0.000218108663985316,1.04445560617082,"skew-t",5,85,"yes","no","",FALSE,FALSE,NA,FALSE,FALSE,"other_numeric"
10,"brier",0.99,"threshold_quantile",0.99,94.75,0.00739641042761316,3.10651446257461e-05,1.01829409261549,"skew-t",5,85,"yes","no","",FALSE,FALSE,NA,FALSE,FALSE,"other_numeric"
10,"brier",0.995,"threshold_quantile",0.995,100.52,0.00425026624298842,0.00033247132473684,1.05460725963552,"skew-t",5,85,"yes","no","",FALSE,FALSE,NA,FALSE,FALSE,"other_numeric"
10,"quantile",0,"score_quantile",0,NA,0,0,NA,"skew-t",5,85,"yes","no","",FALSE,FALSE,NA,FALSE,FALSE,"other_numeric"
10,"quantile",0.1,"score_quantile",0.1,NA,225.520634436509,220.368829160058,51.2721543784209,"skew-t",5,85,"yes","no","",FALSE,FALSE,NA,FALSE,FALSE,"other_numeric"
10,"quantile",0.2,"score_quantile",0.2,NA,121.477569926637,113.199958265138,16.7493630743516,"skew-t",5,85,"yes","no","",FALSE,FALSE,NA,FALSE,FALSE,"other_numeric"
10,"quantile",0.3,"score_quantile",0.3,NA,107.492062824269,97.1980990402151,11.6740595962895,"skew-t",5,85,"yes","no","",FALSE,FALSE,NA,FALSE,FALSE,"other_numeric"
10,"quantile",0.4,"score_quantile",0.4,NA,86.3718594989624,74.9269034172406,8.29166888064174,"skew-t",5,85,"yes","no","",FALSE,FALSE,NA,FALSE,FALSE,"other_numeric"
10,"quantile",0.5,"score_quantile",0.5,NA,64.4850345569098,52.6378794483209,5.90811587375746,"skew-t",5,85,"yes","no","",FALSE,FALSE,NA,FALSE,FALSE,"other_numeric"
10,"quantile",0.6,"score_quantile",0.6,NA,48.4856590170747,36.9757201867165,4.52856573514585,"skew-t",5,85,"yes","no","",FALSE,FALSE,NA,FALSE,FALSE,"other_numeric"
10,"quantile",0.7,"score_quantile",0.7,NA,34.6337491151044,24.2029274304018,3.55163516353033,"skew-t",5,85,"yes","no","",FALSE,FALSE,NA,FALSE,FALSE,"other_numeric"
10,"quantile",0.8,"score_quantile",0.8,NA,20.6837244947376,12.2186673717627,2.60441286989924,"skew-t",5,85,"yes","no","",FALSE,FALSE,NA,FALSE,FALSE,"other_numeric"
10,"quantile",0.9,"score_quantile",0.9,NA,8.57035120757865,3.22324029622043,1.70002480212283,"skew-t",5,85,"yes","no","",FALSE,FALSE,NA,FALSE,FALSE,"other_numeric"
10,"quantile",0.95,"score_quantile",0.95,NA,4.16027663026077,1.0048468045156,1.38614895772811,"skew-t",5,85,"yes","no","",FALSE,FALSE,NA,FALSE,FALSE,"other_numeric"
10,"quantile",0.98,"score_quantile",0.98,NA,1.64220005434238,0.150469383689586,1.13764454203291,"skew-t",5,85,"yes","no","",FALSE,FALSE,NA,FALSE,FALSE,"other_numeric"
10,"quantile",0.99,"score_quantile",0.99,NA,0.941736780393521,0.107096797597491,1.14826519724656,"skew-t",5,85,"yes","no","",FALSE,FALSE,NA,FALSE,FALSE,"other_numeric"
10,"quantile",0.995,"score_quantile",0.995,NA,0.583601547400059,0.114553393434838,1.24478481661717,"skew-t",5,85,"yes","no","",FALSE,FALSE,NA,FALSE,FALSE,"other_numeric"
11,"brier",0,"threshold_quantile",0,2,0.000150851462815654,4.76328481619904e-05,1.05499288339805,"skew-t",10,0,"yes","no","",TRUE,FALSE,NA,FALSE,FALSE,"morris_baseline"
11,"brier",0.1,"threshold_quantile",0.1,28.875,0.0369708529462871,0.000970493700374542,0.955953599127374,"skew-t",10,0,"yes","no","",TRUE,FALSE,NA,FALSE,FALSE,"morris_baseline"
11,"brier",0.2,"threshold_quantile",0.2,36,0.0605130054749999,0.00170069356976131,0.956627896556782,"skew-t",10,0,"yes","no","",TRUE,FALSE,NA,FALSE,FALSE,"morris_baseline"
11,"brier",0.3,"threshold_quantile",0.3,41.625,0.0760251075566026,0.00155531720958894,0.962934539603296,"skew-t",10,0,"yes","no","",TRUE,FALSE,NA,FALSE,FALSE,"morris_baseline"
11,"brier",0.4,"threshold_quantile",0.4,46.5,0.0865348014310397,0.000762501834776767,0.969221248800755,"skew-t",10,0,"yes","no","",TRUE,FALSE,NA,FALSE,FALSE,"morris_baseline"
11,"brier",0.5,"threshold_quantile",0.5,50.875,0.0927098746574794,0.00112113559508371,0.980201302376297,"skew-t",10,0,"yes","no","",TRUE,FALSE,NA,FALSE,FALSE,"morris_baseline"
11,"brier",0.6,"threshold_quantile",0.6,55.429,0.0934908929310618,0.000245427609073187,0.98845899934518,"skew-t",10,0,"yes","no","",TRUE,FALSE,NA,FALSE,FALSE,"morris_baseline"
11,"brier",0.7,"threshold_quantile",0.7,60.125,0.0854070140884383,0.000657600978661833,0.987389226804475,"skew-t",10,0,"yes","no","",TRUE,FALSE,NA,FALSE,FALSE,"morris_baseline"
11,"brier",0.8,"threshold_quantile",0.8,65.5,0.0712050625995563,0.00147283670641635,0.995256032290602,"skew-t",10,0,"yes","no","",TRUE,FALSE,NA,FALSE,FALSE,"morris_baseline"
11,"brier",0.9,"threshold_quantile",0.9,73.25,0.0450789621757304,0.0011626516547668,1.00075659085232,"skew-t",10,0,"yes","no","",TRUE,FALSE,NA,FALSE,FALSE,"morris_baseline"
11,"brier",0.95,"threshold_quantile",0.95,79.75,0.0269659629245399,0.00190877612117243,0.997626032927706,"skew-t",10,0,"yes","no","",TRUE,FALSE,NA,FALSE,FALSE,"morris_baseline"
11,"brier",0.98,"threshold_quantile",0.98,88.5,0.0127146648344894,0.000664317247592679,0.984706555015508,"skew-t",10,0,"yes","no","",TRUE,FALSE,NA,FALSE,FALSE,"morris_baseline"
11,"brier",0.99,"threshold_quantile",0.99,94.75,0.006953905087816,0.000430050140745897,0.957372571578199,"skew-t",10,0,"yes","no","",TRUE,FALSE,NA,FALSE,FALSE,"morris_baseline"
11,"brier",0.995,"threshold_quantile",0.995,100.52,0.00391354718064776,1.63297596258423e-05,0.971058054173881,"skew-t",10,0,"yes","no","",TRUE,FALSE,NA,FALSE,FALSE,"morris_baseline"
11,"quantile",0,"score_quantile",0,NA,0,0,NA,"skew-t",10,0,"yes","no","",TRUE,FALSE,NA,FALSE,FALSE,"morris_baseline"
11,"quantile",0.1,"score_quantile",0.1,NA,4.36970593850937,0.00931009640228941,0.99345338410987,"skew-t",10,0,"yes","no","",TRUE,FALSE,NA,FALSE,FALSE,"morris_baseline"
11,"quantile",0.2,"score_quantile",0.2,NA,7.22277437952521,0.0174133680394832,0.995878256042267,"skew-t",10,0,"yes","no","",TRUE,FALSE,NA,FALSE,FALSE,"morris_baseline"
11,"quantile",0.3,"score_quantile",0.3,NA,9.1853293467349,0.0103705041185211,0.997562791037258,"skew-t",10,0,"yes","no","",TRUE,FALSE,NA,FALSE,FALSE,"morris_baseline"
11,"quantile",0.4,"score_quantile",0.4,NA,10.3997935713241,0.0136871156969729,0.998376615030295,"skew-t",10,0,"yes","no","",TRUE,FALSE,NA,FALSE,FALSE,"morris_baseline"
11,"quantile",0.5,"score_quantile",0.5,NA,10.8999223549341,0.0265736331707025,0.998650380361929,"skew-t",10,0,"yes","no","",TRUE,FALSE,NA,FALSE,FALSE,"morris_baseline"
11,"quantile",0.6,"score_quantile",0.6,NA,10.6976135850375,0.0327785529275175,0.999158252380795,"skew-t",10,0,"yes","no","",TRUE,FALSE,NA,FALSE,FALSE,"morris_baseline"
11,"quantile",0.7,"score_quantile",0.7,NA,9.74548485258356,0.0199783889066403,0.999383767926903,"skew-t",10,0,"yes","no","",TRUE,FALSE,NA,FALSE,FALSE,"morris_baseline"
11,"quantile",0.8,"score_quantile",0.8,NA,7.94220324313984,0.000843410567055613,1.00005085385137,"skew-t",10,0,"yes","no","",TRUE,FALSE,NA,FALSE,FALSE,"morris_baseline"
11,"quantile",0.9,"score_quantile",0.9,NA,5.04136337981015,0.0033580402136959,1.00001068504781,"skew-t",10,0,"yes","no","",TRUE,FALSE,NA,FALSE,FALSE,"morris_baseline"
11,"quantile",0.95,"score_quantile",0.95,NA,2.99763166420797,0.00488597453176021,0.998771085742486,"skew-t",10,0,"yes","no","",TRUE,FALSE,NA,FALSE,FALSE,"morris_baseline"
11,"quantile",0.98,"score_quantile",0.98,NA,1.43039527148787,0.0192363326603795,0.990915430342925,"skew-t",10,0,"yes","no","",TRUE,FALSE,NA,FALSE,FALSE,"morris_baseline"
11,"quantile",0.99,"score_quantile",0.99,NA,0.802742329458756,0.0214959906209082,0.97878844541778,"skew-t",10,0,"yes","no","",TRUE,FALSE,NA,FALSE,FALSE,"morris_baseline"
11,"quantile",0.995,"score_quantile",0.995,NA,0.447923114609921,0.0168918750402209,0.955391387432508,"skew-t",10,0,"yes","no","",TRUE,FALSE,NA,FALSE,FALSE,"morris_baseline"
12,"brier",0,"threshold_quantile",0,2,0.00091614592520127,0.000416700449725795,6.40714656126734,"skew-t",10,50,"yes","no","",TRUE,FALSE,NA,FALSE,FALSE,"morris_baseline"
12,"brier",0.1,"threshold_quantile",0.1,28.875,0.0630765075332284,0.00119349505741926,1.63096627725572,"skew-t",10,50,"yes","no","",TRUE,FALSE,NA,FALSE,FALSE,"morris_baseline"
12,"brier",0.2,"threshold_quantile",0.2,36,0.0835754768000922,0.00189458108771312,1.32121404229431,"skew-t",10,50,"yes","no","",TRUE,FALSE,NA,FALSE,FALSE,"morris_baseline"
12,"brier",0.3,"threshold_quantile",0.3,41.625,0.0921290983998164,0.00267085337812806,1.16690779931674,"skew-t",10,50,"yes","no","",TRUE,FALSE,NA,FALSE,FALSE,"morris_baseline"
12,"brier",0.4,"threshold_quantile",0.4,46.5,0.0945994951841914,0.00185773412980372,1.05954875197131,"skew-t",10,50,"yes","no","",TRUE,FALSE,NA,FALSE,FALSE,"morris_baseline"
12,"brier",0.5,"threshold_quantile",0.5,50.875,0.0950733598904493,0.00123802084140029,1.00518991671823,"skew-t",10,50,"yes","no","",TRUE,FALSE,NA,FALSE,FALSE,"morris_baseline"
12,"brier",0.6,"threshold_quantile",0.6,55.429,0.0941928078565625,0.000241657739033105,0.995880194106871,"skew-t",10,50,"yes","no","",TRUE,FALSE,NA,FALSE,FALSE,"morris_baseline"
12,"brier",0.7,"threshold_quantile",0.7,60.125,0.0856934570737367,9.25518251547394e-05,0.990700789921346,"skew-t",10,50,"yes","no","",TRUE,FALSE,NA,FALSE,FALSE,"morris_baseline"
12,"brier",0.8,"threshold_quantile",0.8,65.5,0.0710280279635237,0.00170170945723042,0.99278156231609,"skew-t",10,50,"yes","no","",TRUE,FALSE,NA,FALSE,FALSE,"morris_baseline"
12,"brier",0.9,"threshold_quantile",0.9,73.25,0.0452073113714665,0.000995507180418728,1.0036059533346,"skew-t",10,50,"yes","no","",TRUE,FALSE,NA,FALSE,FALSE,"morris_baseline"
12,"brier",0.95,"threshold_quantile",0.95,79.75,0.0269942762243276,0.00183297783306312,0.99867350469889,"skew-t",10,50,"yes","no","",TRUE,FALSE,NA,FALSE,FALSE,"morris_baseline"
12,"brier",0.98,"threshold_quantile",0.98,88.5,0.0127539909008258,0.000644444034109128,0.987752222031393,"skew-t",10,50,"yes","no","",TRUE,FALSE,NA,FALSE,FALSE,"morris_baseline"
12,"brier",0.99,"threshold_quantile",0.99,94.75,0.00707079113374189,0.000536180311036217,0.973464751864891,"skew-t",10,50,"yes","no","",TRUE,FALSE,NA,FALSE,FALSE,"morris_baseline"
12,"brier",0.995,"threshold_quantile",0.995,100.52,0.00394914301045356,7.43006365267493e-05,0.979890352759381,"skew-t",10,50,"yes","no","",TRUE,FALSE,NA,FALSE,FALSE,"morris_baseline"
12,"quantile",0,"score_quantile",0,NA,0,0,NA,"skew-t",10,50,"yes","no","",TRUE,FALSE,NA,FALSE,FALSE,"morris_baseline"
12,"quantile",0.1,"score_quantile",0.1,NA,4.52923377657826,0.0691386641949823,1.02972206507364,"skew-t",10,50,"yes","no","",TRUE,FALSE,NA,FALSE,FALSE,"morris_baseline"
12,"quantile",0.2,"score_quantile",0.2,NA,7.31511256629475,0.00227540559754802,1.00860987239551,"skew-t",10,50,"yes","no","",TRUE,FALSE,NA,FALSE,FALSE,"morris_baseline"
12,"quantile",0.3,"score_quantile",0.3,NA,9.27676959852912,0.0296352357004039,1.00749356100202,"skew-t",10,50,"yes","no","",TRUE,FALSE,NA,FALSE,FALSE,"morris_baseline"
12,"quantile",0.4,"score_quantile",0.4,NA,10.4823280362558,0.0577799603410227,1.00629989534896,"skew-t",10,50,"yes","no","",TRUE,FALSE,NA,FALSE,FALSE,"morris_baseline"
12,"quantile",0.5,"score_quantile",0.5,NA,10.9728204974714,0.0753640055752038,1.00532930479845,"skew-t",10,50,"yes","no","",TRUE,FALSE,NA,FALSE,FALSE,"morris_baseline"
12,"quantile",0.6,"score_quantile",0.6,NA,10.7456939619323,0.076280128420172,1.0036489647224,"skew-t",10,50,"yes","no","",TRUE,FALSE,NA,FALSE,FALSE,"morris_baseline"
12,"quantile",0.7,"score_quantile",0.7,NA,9.77454489580976,0.0496847024487828,1.0023638285329,"skew-t",10,50,"yes","no","",TRUE,FALSE,NA,FALSE,FALSE,"morris_baseline"
12,"quantile",0.8,"score_quantile",0.8,NA,7.95400583345861,0.0166610588470095,1.00153698939394,"skew-t",10,50,"yes","no","",TRUE,FALSE,NA,FALSE,FALSE,"morris_baseline"
12,"quantile",0.9,"score_quantile",0.9,NA,5.04349927716011,0.00250421752481422,1.00043436412253,"skew-t",10,50,"yes","no","",TRUE,FALSE,NA,FALSE,FALSE,"morris_baseline"
12,"quantile",0.95,"score_quantile",0.95,NA,2.99902759031284,0.004679010882773,0.999236189793806,"skew-t",10,50,"yes","no","",TRUE,FALSE,NA,FALSE,FALSE,"morris_baseline"
12,"quantile",0.98,"score_quantile",0.98,NA,1.43466441804603,0.0129922008764882,0.993872908798845,"skew-t",10,50,"yes","no","",TRUE,FALSE,NA,FALSE,FALSE,"morris_baseline"
12,"quantile",0.99,"score_quantile",0.99,NA,0.805490130483029,0.0120685490806668,0.98213885537396,"skew-t",10,50,"yes","no","",TRUE,FALSE,NA,FALSE,FALSE,"morris_baseline"
12,"quantile",0.995,"score_quantile",0.995,NA,0.446543816323294,0.0109740645419951,0.952449432305027,"skew-t",10,50,"yes","no","",TRUE,FALSE,NA,FALSE,FALSE,"morris_baseline"
13,"brier",0,"threshold_quantile",0,2,0.000941595682623108,0.00062797692052768,6.58513166305622,"t",10,75,"yes","no","",TRUE,FALSE,NA,FALSE,FALSE,"morris_baseline"
13,"brier",0.1,"threshold_quantile",0.1,28.875,0.0820261643223969,0.00280404081222007,2.12094665818316,"t",10,75,"yes","no","",TRUE,FALSE,NA,FALSE,FALSE,"morris_baseline"
13,"brier",0.2,"threshold_quantile",0.2,36,0.127415731407409,0.0019790125885901,2.01426853893202,"t",10,75,"yes","no","",TRUE,FALSE,NA,FALSE,FALSE,"morris_baseline"
13,"brier",0.3,"threshold_quantile",0.3,41.625,0.153189896383512,0.00111391571951422,1.94030429008084,"t",10,75,"yes","no","",TRUE,FALSE,NA,FALSE,FALSE,"morris_baseline"
13,"brier",0.4,"threshold_quantile",0.4,46.5,0.165116292336172,0.00015215965682612,1.84936252708626,"t",10,75,"yes","no","",TRUE,FALSE,NA,FALSE,FALSE,"morris_baseline"
13,"brier",0.5,"threshold_quantile",0.5,50.875,0.161765328644502,0.00100619315396291,1.71030956953061,"t",10,75,"yes","no","",TRUE,FALSE,NA,FALSE,FALSE,"morris_baseline"
13,"brier",0.6,"threshold_quantile",0.6,55.429,0.147636753381285,0.00274645001210888,1.56093147619676,"t",10,75,"yes","no","",TRUE,FALSE,NA,FALSE,FALSE,"morris_baseline"
13,"brier",0.7,"threshold_quantile",0.7,60.125,0.121665878618552,0.001346993997397,1.40657742341003,"t",10,75,"yes","no","",TRUE,FALSE,NA,FALSE,FALSE,"morris_baseline"
13,"brier",0.8,"threshold_quantile",0.8,65.5,0.0879297500452616,0.00228989284429466,1.22902236098725,"t",10,75,"yes","no","",TRUE,FALSE,NA,FALSE,FALSE,"morris_baseline"
13,"brier",0.9,"threshold_quantile",0.9,73.25,0.0489472321846428,0.000662772072948167,1.08663249659133,"t",10,75,"yes","no","",TRUE,FALSE,NA,FALSE,FALSE,"morris_baseline"
13,"brier",0.95,"threshold_quantile",0.95,79.75,0.0273789999026396,0.00114710942335309,1.01290664586436,"t",10,75,"yes","no","",TRUE,FALSE,NA,FALSE,FALSE,"morris_baseline"
13,"brier",0.98,"threshold_quantile",0.98,88.5,0.0127413231121619,0.000622485022639544,0.986771145872701,"t",10,75,"yes","no","",TRUE,FALSE,NA,FALSE,FALSE,"morris_baseline"
13,"brier",0.99,"threshold_quantile",0.99,94.75,0.00690449847710176,0.000656521476184862,0.950570561289716,"t",10,75,"yes","no","",TRUE,FALSE,NA,FALSE,FALSE,"morris_baseline"
13,"brier",0.995,"threshold_quantile",0.995,100.52,0.00385644162226743,0.000114616676030869,0.956888603840553,"t",10,75,"yes","no","",TRUE,FALSE,NA,FALSE,FALSE,"morris_baseline"
13,"quantile",0,"score_quantile",0,NA,0,0,NA,"t",10,75,"yes","no","",TRUE,FALSE,NA,FALSE,FALSE,"morris_baseline"
13,"quantile",0.1,"score_quantile",0.1,NA,5.0830286419471,0.140686926635833,1.15562742137114,"t",10,75,"yes","no","",TRUE,FALSE,NA,FALSE,FALSE,"morris_baseline"
13,"quantile",0.2,"score_quantile",0.2,NA,8.18512123178297,0.157627516324732,1.12856692310779,"t",10,75,"yes","no","",TRUE,FALSE,NA,FALSE,FALSE,"morris_baseline"
13,"quantile",0.3,"score_quantile",0.3,NA,10.1980015494625,0.112735088979647,1.10754296385685,"t",10,75,"yes","no","",TRUE,FALSE,NA,FALSE,FALSE,"morris_baseline"
13,"quantile",0.4,"score_quantile",0.4,NA,11.3343436943439,0.0855509183245067,1.08809310622771,"t",10,75,"yes","no","",TRUE,FALSE,NA,FALSE,FALSE,"morris_baseline"
13,"quantile",0.5,"score_quantile",0.5,NA,11.690822355707,0.064302734638078,1.07111260173202,"t",10,75,"yes","no","",TRUE,FALSE,NA,FALSE,FALSE,"morris_baseline"
13,"quantile",0.6,"score_quantile",0.6,NA,11.3137043546069,0.0598928941996259,1.05670119611658,"t",10,75,"yes","no","",TRUE,FALSE,NA,FALSE,FALSE,"morris_baseline"
13,"quantile",0.7,"score_quantile",0.7,NA,10.1844885343791,0.0579821350415841,1.0444028880921,"t",10,75,"yes","no","",TRUE,FALSE,NA,FALSE,FALSE,"morris_baseline"
13,"quantile",0.8,"score_quantile",0.8,NA,8.21711618952507,0.0164475691609303,1.03466680591793,"t",10,75,"yes","no","",TRUE,FALSE,NA,FALSE,FALSE,"morris_baseline"
13,"quantile",0.9,"score_quantile",0.9,NA,5.17249727214165,0.00105030771483916,1.02602255596919,"t",10,75,"yes","no","",TRUE,FALSE,NA,FALSE,FALSE,"morris_baseline"
13,"quantile",0.95,"score_quantile",0.95,NA,3.05583229483857,0.00281936913633274,1.01816276342587,"t",10,75,"yes","no","",TRUE,FALSE,NA,FALSE,FALSE,"morris_baseline"
13,"quantile",0.98,"score_quantile",0.98,NA,1.45266306827321,0.01189959237752,1.00634158832468,"t",10,75,"yes","no","",TRUE,FALSE,NA,FALSE,FALSE,"morris_baseline"
13,"quantile",0.99,"score_quantile",0.99,NA,0.814502414441346,0.0117197896335424,0.993127586230065,"t",10,75,"yes","no","",TRUE,FALSE,NA,FALSE,FALSE,"morris_baseline"
13,"quantile",0.995,"score_quantile",0.995,NA,0.452061373484478,0.0132876852978147,0.964218029234999,"t",10,75,"yes","no","",TRUE,FALSE,NA,FALSE,FALSE,"morris_baseline"
14,"brier",0,"threshold_quantile",0,2,0.40088912576887,0.400466932629063,2803.65312224162,"skew-t",10,85,"yes","no","",FALSE,FALSE,NA,FALSE,FALSE,"other_numeric"
14,"brier",0.1,"threshold_quantile",0.1,28.875,0.411991161462215,0.338228858752839,10.652836010591,"skew-t",10,85,"yes","no","",FALSE,FALSE,NA,FALSE,FALSE,"other_numeric"
14,"brier",0.2,"threshold_quantile",0.2,36,0.39221865115331,0.277317778650808,6.20044072010505,"skew-t",10,85,"yes","no","",FALSE,FALSE,NA,FALSE,FALSE,"other_numeric"
14,"brier",0.3,"threshold_quantile",0.3,41.625,0.363757526382137,0.219828124937359,4.6073553520885,"skew-t",10,85,"yes","no","",FALSE,FALSE,NA,FALSE,FALSE,"other_numeric"
14,"brier",0.4,"threshold_quantile",0.4,46.5,0.329945184671238,0.16654034003994,3.69550606963253,"skew-t",10,85,"yes","no","",FALSE,FALSE,NA,FALSE,FALSE,"other_numeric"
14,"brier",0.5,"threshold_quantile",0.5,50.875,0.29134903312546,0.12248708953854,3.08036983946684,"skew-t",10,85,"yes","no","",FALSE,FALSE,NA,FALSE,FALSE,"other_numeric"
14,"brier",0.6,"threshold_quantile",0.6,55.429,0.245554909898404,0.0807376674192585,2.5961989763158,"skew-t",10,85,"yes","no","",FALSE,FALSE,NA,FALSE,FALSE,"other_numeric"
14,"brier",0.7,"threshold_quantile",0.7,60.125,0.19220432411587,0.0472971156507382,2.22207134862167,"skew-t",10,85,"yes","no","",FALSE,FALSE,NA,FALSE,FALSE,"other_numeric"
14,"brier",0.8,"threshold_quantile",0.8,65.5,0.131198451929841,0.0203484780859967,1.83380290590709,"skew-t",10,85,"yes","no","",FALSE,FALSE,NA,FALSE,FALSE,"other_numeric"
14,"brier",0.9,"threshold_quantile",0.9,73.25,0.065240129396114,0.00472457713385178,1.44833612687672,"skew-t",10,85,"yes","no","",FALSE,FALSE,NA,FALSE,FALSE,"other_numeric"
14,"brier",0.95,"threshold_quantile",0.95,79.75,0.032123888560327,0.000321373395161854,1.18844736219252,"skew-t",10,85,"yes","no","",FALSE,FALSE,NA,FALSE,FALSE,"other_numeric"
14,"brier",0.98,"threshold_quantile",0.98,88.5,0.0135852915642349,0.000234394647317985,1.05213356618033,"skew-t",10,85,"yes","no","",FALSE,FALSE,NA,FALSE,FALSE,"other_numeric"
14,"brier",0.99,"threshold_quantile",0.99,94.75,0.00751348824933335,7.52910821661874e-05,1.0344126754606,"skew-t",10,85,"yes","no","",FALSE,FALSE,NA,FALSE,FALSE,"other_numeric"
14,"brier",0.995,"threshold_quantile",0.995,100.52,0.00448586884452845,0.000528231553904492,1.1130667065897,"skew-t",10,85,"yes","no","",FALSE,FALSE,NA,FALSE,FALSE,"other_numeric"
14,"quantile",0,"score_quantile",0,NA,0,0,NA,"skew-t",10,85,"yes","no","",FALSE,FALSE,NA,FALSE,FALSE,"other_numeric"
14,"quantile",0.1,"score_quantile",0.1,NA,766.627966333222,761.48645625309,174.292997795365,"skew-t",10,85,"yes","no","",FALSE,FALSE,NA,FALSE,FALSE,"other_numeric"
14,"quantile",0.2,"score_quantile",0.2,NA,538.784340849915,530.510505382208,74.2877434008629,"skew-t",10,85,"yes","no","",FALSE,FALSE,NA,FALSE,FALSE,"other_numeric"
14,"quantile",0.3,"score_quantile",0.3,NA,490.669577086935,480.380415733451,53.288640430722,"skew-t",10,85,"yes","no","",FALSE,FALSE,NA,FALSE,FALSE,"other_numeric"
14,"quantile",0.4,"score_quantile",0.4,NA,443.35531399439,431.919653112414,42.5619580432744,"skew-t",10,85,"yes","no","",FALSE,FALSE,NA,FALSE,FALSE,"other_numeric"
14,"quantile",0.5,"score_quantile",0.5,NA,387.088187385262,375.254046270371,35.4650017658991,"skew-t",10,85,"yes","no","",FALSE,FALSE,NA,FALSE,FALSE,"other_numeric"
14,"quantile",0.6,"score_quantile",0.6,NA,320.470491093591,308.975098697563,29.9319781253406,"skew-t",10,85,"yes","no","",FALSE,FALSE,NA,FALSE,FALSE,"other_numeric"
14,"quantile",0.7,"score_quantile",0.7,NA,256.660867433032,246.238288217484,26.3201583763799,"skew-t",10,85,"yes","no","",FALSE,FALSE,NA,FALSE,FALSE,"other_numeric"
14,"quantile",0.8,"score_quantile",0.8,NA,177.113342254008,168.643873689204,22.3014123067906,"skew-t",10,85,"yes","no","",FALSE,FALSE,NA,FALSE,FALSE,"other_numeric"
14,"quantile",0.9,"score_quantile",0.9,NA,81.5991357734984,76.2439723347939,16.1860991792339,"skew-t",10,85,"yes","no","",FALSE,FALSE,NA,FALSE,FALSE,"other_numeric"
14,"quantile",0.95,"score_quantile",0.95,NA,28.9691977426743,25.8051623872635,9.65215220669362,"skew-t",10,85,"yes","no","",FALSE,FALSE,NA,FALSE,FALSE,"other_numeric"
14,"quantile",0.98,"score_quantile",0.98,NA,5.30492176298001,3.80658562103884,3.67501832289401,"skew-t",10,85,"yes","no","",FALSE,FALSE,NA,FALSE,FALSE,"other_numeric"
14,"quantile",0.99,"score_quantile",0.99,NA,1.61066188642556,0.771285975466825,1.96388951479747,"skew-t",10,85,"yes","no","",FALSE,FALSE,NA,FALSE,FALSE,"other_numeric"
14,"quantile",0.995,"score_quantile",0.995,NA,0.764107745096658,0.290215461927408,1.62979300447928,"skew-t",10,85,"yes","no","",FALSE,FALSE,NA,FALSE,FALSE,"other_numeric"
15,"brier",0,"threshold_quantile",0,2,0.000153135098662053,4.62957121487579e-05,1.07096369018544,"skew-t",15,0,"yes","no","",TRUE,FALSE,NA,FALSE,FALSE,"morris_baseline"
15,"brier",0.1,"threshold_quantile",0.1,28.875,0.0370416534807989,0.00107121144876685,0.957784285205539,"skew-t",15,0,"yes","no","",TRUE,FALSE,NA,FALSE,FALSE,"morris_baseline"
15,"brier",0.2,"threshold_quantile",0.2,36,0.0606490277249493,0.00157277078801232,0.958778222388933,"skew-t",15,0,"yes","no","",TRUE,FALSE,NA,FALSE,FALSE,"morris_baseline"
15,"brier",0.3,"threshold_quantile",0.3,41.625,0.0760387294059926,0.00128660414072737,0.963107074042148,"skew-t",15,0,"yes","no","",TRUE,FALSE,NA,FALSE,FALSE,"morris_baseline"
15,"brier",0.4,"threshold_quantile",0.4,46.5,0.0866136903332715,0.000934048498103003,0.970104833197705,"skew-t",15,0,"yes","no","",TRUE,FALSE,NA,FALSE,FALSE,"morris_baseline"
15,"brier",0.5,"threshold_quantile",0.5,50.875,0.0927550985672757,0.00122942487691868,0.980679444919846,"skew-t",15,0,"yes","no","",TRUE,FALSE,NA,FALSE,FALSE,"morris_baseline"
15,"brier",0.6,"threshold_quantile",0.6,55.429,0.0936031934162895,0.000220794477350572,0.989646328097468,"skew-t",15,0,"yes","no","",TRUE,FALSE,NA,FALSE,FALSE,"morris_baseline"
15,"brier",0.7,"threshold_quantile",0.7,60.125,0.0854559976790294,0.00023157649784819,0.987955525370887,"skew-t",15,0,"yes","no","",TRUE,FALSE,NA,FALSE,FALSE,"morris_baseline"
15,"brier",0.8,"threshold_quantile",0.8,65.5,0.0712347612241449,0.00153142679053647,0.995671139506205,"skew-t",15,0,"yes","no","",TRUE,FALSE,NA,FALSE,FALSE,"morris_baseline"
15,"brier",0.9,"threshold_quantile",0.9,73.25,0.0452437802091652,0.000900559647358037,1.00441556446862,"skew-t",15,0,"yes","no","",TRUE,FALSE,NA,FALSE,FALSE,"morris_baseline"
15,"brier",0.95,"threshold_quantile",0.95,79.75,0.026975080821772,0.00168629668907217,0.997963356377631,"skew-t",15,0,"yes","no","",TRUE,FALSE,NA,FALSE,FALSE,"morris_baseline"
15,"brier",0.98,"threshold_quantile",0.98,88.5,0.0127678227825725,0.000549453333543596,0.988823453149278,"skew-t",15,0,"yes","no","",TRUE,FALSE,NA,FALSE,FALSE,"morris_baseline"
15,"brier",0.99,"threshold_quantile",0.99,94.75,0.00691668377658979,0.000460757945131928,0.952248161337314,"skew-t",15,0,"yes","no","",TRUE,FALSE,NA,FALSE,FALSE,"morris_baseline"
15,"brier",0.995,"threshold_quantile",0.995,100.52,0.00387587803921201,1.30832777839106e-05,0.961711310287442,"skew-t",15,0,"yes","no","",TRUE,FALSE,NA,FALSE,FALSE,"morris_baseline"
15,"quantile",0,"score_quantile",0,NA,0,0,NA,"skew-t",15,0,"yes","no","",TRUE,FALSE,NA,FALSE,FALSE,"morris_baseline"
15,"quantile",0.1,"score_quantile",0.1,NA,4.37087401140572,0.0117194187782901,0.993718945680398,"skew-t",15,0,"yes","no","",TRUE,FALSE,NA,FALSE,FALSE,"morris_baseline"
15,"quantile",0.2,"score_quantile",0.2,NA,7.22518023881192,0.0211067540912282,0.996209976628407,"skew-t",15,0,"yes","no","",TRUE,FALSE,NA,FALSE,FALSE,"morris_baseline"
15,"quantile",0.3,"score_quantile",0.3,NA,9.19054419672468,0.0138310386451259,0.998129144198291,"skew-t",15,0,"yes","no","",TRUE,FALSE,NA,FALSE,FALSE,"morris_baseline"
15,"quantile",0.4,"score_quantile",0.4,NA,10.4048133549252,0.0189676987363452,0.998858512533876,"skew-t",15,0,"yes","no","",TRUE,FALSE,NA,FALSE,FALSE,"morris_baseline"
15,"quantile",0.5,"score_quantile",0.5,NA,10.9040167628094,0.0332840646715429,0.999025509821462,"skew-t",15,0,"yes","no","",TRUE,FALSE,NA,FALSE,FALSE,"morris_baseline"
15,"quantile",0.6,"score_quantile",0.6,NA,10.7016256035111,0.0391112873365209,0.999532975335106,"skew-t",15,0,"yes","no","",TRUE,FALSE,NA,FALSE,FALSE,"morris_baseline"
15,"quantile",0.7,"score_quantile",0.7,NA,9.75014913108261,0.0226457987691528,0.999862082171042,"skew-t",15,0,"yes","no","",TRUE,FALSE,NA,FALSE,FALSE,"morris_baseline"
15,"quantile",0.8,"score_quantile",0.8,NA,7.94745714007946,0.00352988448184099,1.00071240379661,"skew-t",15,0,"yes","no","",TRUE,FALSE,NA,FALSE,FALSE,"morris_baseline"
15,"quantile",0.9,"score_quantile",0.9,NA,5.04617271914892,0.0102077843935557,1.00096467117506,"skew-t",15,0,"yes","no","",TRUE,FALSE,NA,FALSE,FALSE,"morris_baseline"
15,"quantile",0.95,"score_quantile",0.95,NA,3.0032967075455,0.00369460189257453,1.00065860299571,"skew-t",15,0,"yes","no","",TRUE,FALSE,NA,FALSE,FALSE,"morris_baseline"
15,"quantile",0.98,"score_quantile",0.98,NA,1.43604255588897,0.0106286834126779,0.994827622562885,"skew-t",15,0,"yes","no","",TRUE,FALSE,NA,FALSE,FALSE,"morris_baseline"
15,"quantile",0.99,"score_quantile",0.99,NA,0.80686347304817,0.0142862298853149,0.983813380043996,"skew-t",15,0,"yes","no","",TRUE,FALSE,NA,FALSE,FALSE,"morris_baseline"
15,"quantile",0.995,"score_quantile",0.995,NA,0.450433608760465,0.0135276196540629,0.960746111070108,"skew-t",15,0,"yes","no","",TRUE,FALSE,NA,FALSE,FALSE,"morris_baseline"
16,"brier",0,"threshold_quantile",0,2,0.00118819981482483,0.000791391269612949,8.30977920464021,"skew-t",15,50,"yes","no","",TRUE,FALSE,NA,FALSE,FALSE,"morris_baseline"
16,"brier",0.1,"threshold_quantile",0.1,28.875,0.0620384011439471,0.00155278249196183,1.60412400936019,"skew-t",15,50,"yes","no","",TRUE,FALSE,NA,FALSE,FALSE,"morris_baseline"
16,"brier",0.2,"threshold_quantile",0.2,36,0.0833556269128844,0.00167820605202352,1.31773851610772,"skew-t",15,50,"yes","no","",TRUE,FALSE,NA,FALSE,FALSE,"morris_baseline"
16,"brier",0.3,"threshold_quantile",0.3,41.625,0.091122058089411,0.00244445838637462,1.15415261976057,"skew-t",15,50,"yes","no","",TRUE,FALSE,NA,FALSE,FALSE,"morris_baseline"
16,"brier",0.4,"threshold_quantile",0.4,46.5,0.0940104061637744,0.00174136465226292,1.05295074069051,"skew-t",15,50,"yes","no","",TRUE,FALSE,NA,FALSE,FALSE,"morris_baseline"
16,"brier",0.5,"threshold_quantile",0.5,50.875,0.0949998461096243,0.00134932674025488,1.00441267153292,"skew-t",15,50,"yes","no","",TRUE,FALSE,NA,FALSE,FALSE,"morris_baseline"
16,"brier",0.6,"threshold_quantile",0.6,55.429,0.0939589430409191,9.06840495046232e-05,0.993407591969855,"skew-t",15,50,"yes","no","",TRUE,FALSE,NA,FALSE,FALSE,"morris_baseline"
16,"brier",0.7,"threshold_quantile",0.7,60.125,0.0852896117582937,0.000203415258460515,0.986031940201919,"skew-t",15,50,"yes","no","",TRUE,FALSE,NA,FALSE,FALSE,"morris_baseline"
16,"brier",0.8,"threshold_quantile",0.8,65.5,0.0706024101762953,0.00140561760481912,0.986832565787973,"skew-t",15,50,"yes","no","",TRUE,FALSE,NA,FALSE,FALSE,"morris_baseline"
16,"brier",0.9,"threshold_quantile",0.9,73.25,0.044919565851389,0.000999931729525224,0.997217979614546,"skew-t",15,50,"yes","no","",TRUE,FALSE,NA,FALSE,FALSE,"morris_baseline"
16,"brier",0.95,"threshold_quantile",0.95,79.75,0.0267807262880923,0.0018877222104062,0.990773064565728,"skew-t",15,50,"yes","no","",TRUE,FALSE,NA,FALSE,FALSE,"morris_baseline"
16,"brier",0.98,"threshold_quantile",0.98,88.5,0.0126242019459682,0.00071634156087195,0.97770051903485,"skew-t",15,50,"yes","no","",TRUE,FALSE,NA,FALSE,FALSE,"morris_baseline"
16,"brier",0.99,"threshold_quantile",0.99,94.75,0.00691438288220454,0.000588341075086089,0.951931387791123,"skew-t",15,50,"yes","no","",TRUE,FALSE,NA,FALSE,FALSE,"morris_baseline"
16,"brier",0.995,"threshold_quantile",0.995,100.52,0.00389196483049816,7.60377220543874e-05,0.965702883027764,"skew-t",15,50,"yes","no","",TRUE,FALSE,NA,FALSE,FALSE,"morris_baseline"
16,"quantile",0,"score_quantile",0,NA,0,0,NA,"skew-t",15,50,"yes","no","",TRUE,FALSE,NA,FALSE,FALSE,"morris_baseline"
16,"quantile",0.1,"score_quantile",0.1,NA,4.54447668094219,0.0898529238755756,1.03318754195861,"skew-t",15,50,"yes","no","",TRUE,FALSE,NA,FALSE,FALSE,"morris_baseline"
16,"quantile",0.2,"score_quantile",0.2,NA,7.32011971635608,0.00836455130300484,1.00930025971883,"skew-t",15,50,"yes","no","",TRUE,FALSE,NA,FALSE,FALSE,"morris_baseline"
16,"quantile",0.3,"score_quantile",0.3,NA,9.28171698351823,0.0350244732357989,1.00803086641501,"skew-t",15,50,"yes","no","",TRUE,FALSE,NA,FALSE,FALSE,"morris_baseline"
16,"quantile",0.4,"score_quantile",0.4,NA,10.4871642329947,0.0545875760072434,1.00676416857675,"skew-t",15,50,"yes","no","",TRUE,FALSE,NA,FALSE,FALSE,"morris_baseline"
16,"quantile",0.5,"score_quantile",0.5,NA,10.9726433217579,0.0668104378759278,1.0053130719678,"skew-t",15,50,"yes","no","",TRUE,FALSE,NA,FALSE,FALSE,"morris_baseline"
16,"quantile",0.6,"score_quantile",0.6,NA,10.7436882323994,0.0657441190858963,1.00346162936962,"skew-t",15,50,"yes","no","",TRUE,FALSE,NA,FALSE,FALSE,"morris_baseline"
16,"quantile",0.7,"score_quantile",0.7,NA,9.76677163443308,0.0435581340334448,1.00156669310442,"skew-t",15,50,"yes","no","",TRUE,FALSE,NA,FALSE,FALSE,"morris_baseline"
16,"quantile",0.8,"score_quantile",0.8,NA,7.9453774738744,0.0162513780451601,1.00045054044453,"skew-t",15,50,"yes","no","",TRUE,FALSE,NA,FALSE,FALSE,"morris_baseline"
16,"quantile",0.9,"score_quantile",0.9,NA,5.03754901352948,0.00669595578665971,0.999254062929942,"skew-t",15,50,"yes","no","",TRUE,FALSE,NA,FALSE,FALSE,"morris_baseline"
16,"quantile",0.95,"score_quantile",0.95,NA,2.99612871181248,0.0109585238985941,0.998270321951599,"skew-t",15,50,"yes","no","",TRUE,FALSE,NA,FALSE,FALSE,"morris_baseline"
16,"quantile",0.98,"score_quantile",0.98,NA,1.431526845359,0.0207968097465758,0.991699335345849,"skew-t",15,50,"yes","no","",TRUE,FALSE,NA,FALSE,FALSE,"morris_baseline"
16,"quantile",0.99,"score_quantile",0.99,NA,0.803617215163651,0.0195093336677953,0.979855198705339,"skew-t",15,50,"yes","no","",TRUE,FALSE,NA,FALSE,FALSE,"morris_baseline"
16,"quantile",0.995,"score_quantile",0.995,NA,0.446449827826616,0.0169089299768298,0.952248960846164,"skew-t",15,50,"yes","no","",TRUE,FALSE,NA,FALSE,FALSE,"morris_baseline"
17,"brier",0,"threshold_quantile",0,2,0.00109809251613329,0.000805680060344165,7.67960593957902,"t",15,75,"yes","no","",TRUE,FALSE,NA,FALSE,FALSE,"morris_baseline"
17,"brier",0.1,"threshold_quantile",0.1,28.875,0.0812572592586835,0.00307241783058878,2.10106511625304,"t",15,75,"yes","no","",TRUE,FALSE,NA,FALSE,FALSE,"morris_baseline"
17,"brier",0.2,"threshold_quantile",0.2,36,0.126333965395196,0.00226921291271392,1.99716729703028,"t",15,75,"yes","no","",TRUE,FALSE,NA,FALSE,FALSE,"morris_baseline"
17,"brier",0.3,"threshold_quantile",0.3,41.625,0.151983461302716,0.00133625492967586,1.92502357497994,"t",15,75,"yes","no","",TRUE,FALSE,NA,FALSE,FALSE,"morris_baseline"
17,"brier",0.4,"threshold_quantile",0.4,46.5,0.164043873125561,0.00166997371281509,1.83735104188773,"t",15,75,"yes","no","",TRUE,FALSE,NA,FALSE,FALSE,"morris_baseline"
17,"brier",0.5,"threshold_quantile",0.5,50.875,0.160637391540136,0.00163863442635559,1.69838413631454,"t",15,75,"yes","no","",TRUE,FALSE,NA,FALSE,FALSE,"morris_baseline"
17,"brier",0.6,"threshold_quantile",0.6,55.429,0.146545853839849,0.000446561247256255,1.54939763118462,"t",15,75,"yes","no","",TRUE,FALSE,NA,FALSE,FALSE,"morris_baseline"
17,"brier",0.7,"threshold_quantile",0.7,60.125,0.121808324312821,0.000481230775950997,1.40822423597486,"t",15,75,"yes","no","",TRUE,FALSE,NA,FALSE,FALSE,"morris_baseline"
17,"brier",0.8,"threshold_quantile",0.8,65.5,0.0879304294718825,0.00175333812237844,1.22903185755137,"t",15,75,"yes","no","",TRUE,FALSE,NA,FALSE,FALSE,"morris_baseline"
17,"brier",0.9,"threshold_quantile",0.9,73.25,0.0489031168014514,0.000409920312329084,1.08565313153153,"t",15,75,"yes","no","",TRUE,FALSE,NA,FALSE,FALSE,"morris_baseline"
17,"brier",0.95,"threshold_quantile",0.95,79.75,0.0273558536042782,0.00101587762361637,1.01205033118812,"t",15,75,"yes","no","",TRUE,FALSE,NA,FALSE,FALSE,"morris_baseline"
17,"brier",0.98,"threshold_quantile",0.98,88.5,0.0126954567010046,0.00058154373276252,0.983218951905373,"t",15,75,"yes","no","",TRUE,FALSE,NA,FALSE,FALSE,"morris_baseline"
17,"brier",0.99,"threshold_quantile",0.99,94.75,0.00698072456248697,0.000591261249992178,0.961064918412082,"t",15,75,"yes","no","",TRUE,FALSE,NA,FALSE,FALSE,"morris_baseline"
17,"brier",0.995,"threshold_quantile",0.995,100.52,0.00389478971938055,0.000115335482487989,0.966403815193587,"t",15,75,"yes","no","",TRUE,FALSE,NA,FALSE,FALSE,"morris_baseline"
17,"quantile",0,"score_quantile",0,NA,0,0,NA,"t",15,75,"yes","no","",TRUE,FALSE,NA,FALSE,FALSE,"morris_baseline"
17,"quantile",0.1,"score_quantile",0.1,NA,5.12842736088563,0.0977562531451457,1.16594882779949,"t",15,75,"yes","no","",TRUE,FALSE,NA,FALSE,FALSE,"morris_baseline"
17,"quantile",0.2,"score_quantile",0.2,NA,8.26386469253474,0.0921543363880639,1.13942409463879,"t",15,75,"yes","no","",TRUE,FALSE,NA,FALSE,FALSE,"morris_baseline"
17,"quantile",0.3,"score_quantile",0.3,NA,10.2678329446549,0.0531872739129353,1.1151269272468,"t",15,75,"yes","no","",TRUE,FALSE,NA,FALSE,FALSE,"morris_baseline"
17,"quantile",0.4,"score_quantile",0.4,NA,11.3871545989451,0.0385525044493198,1.09316293495179,"t",15,75,"yes","no","",TRUE,FALSE,NA,FALSE,FALSE,"morris_baseline"
17,"quantile",0.5,"score_quantile",0.5,NA,11.7267302291915,0.029099055430982,1.07440247943441,"t",15,75,"yes","no","",TRUE,FALSE,NA,FALSE,FALSE,"morris_baseline"
17,"quantile",0.6,"score_quantile",0.6,NA,11.3371751030706,0.0337724627625047,1.05889336653203,"t",15,75,"yes","no","",TRUE,FALSE,NA,FALSE,FALSE,"morris_baseline"
17,"quantile",0.7,"score_quantile",0.7,NA,10.2047502535904,0.031304319861035,1.04648069474784,"t",15,75,"yes","no","",TRUE,FALSE,NA,FALSE,FALSE,"morris_baseline"
17,"quantile",0.8,"score_quantile",0.8,NA,8.22883775366013,0.00434614656241727,1.03614273896357,"t",15,75,"yes","no","",TRUE,FALSE,NA,FALSE,FALSE,"morris_baseline"
17,"quantile",0.9,"score_quantile",0.9,NA,5.16955610226146,0.0123254889398496,1.02543914210172,"t",15,75,"yes","no","",TRUE,FALSE,NA,FALSE,FALSE,"morris_baseline"
17,"quantile",0.95,"score_quantile",0.95,NA,3.04935033664878,0.00337302778557969,1.01600306098602,"t",15,75,"yes","no","",TRUE,FALSE,NA,FALSE,FALSE,"morris_baseline"
17,"quantile",0.98,"score_quantile",0.98,NA,1.45007238975176,0.0103085138812994,1.00454687928646,"t",15,75,"yes","no","",TRUE,FALSE,NA,FALSE,FALSE,"morris_baseline"
17,"quantile",0.99,"score_quantile",0.99,NA,0.812495293162905,0.0119071989881586,0.990680291445929,"t",15,75,"yes","no","",TRUE,FALSE,NA,FALSE,FALSE,"morris_baseline"
17,"quantile",0.995,"score_quantile",0.995,NA,0.45205489284785,0.0119558652349062,0.964204206451093,"t",15,75,"yes","no","",TRUE,FALSE,NA,FALSE,FALSE,"morris_baseline"
18,"brier",0,"threshold_quantile",0,2,0.822245462570371,0.102297303294428,5750.44547283014,"skew-t",15,85,"yes","no","",FALSE,FALSE,NA,FALSE,FALSE,"other_numeric"
18,"brier",0.1,"threshold_quantile",0.1,28.875,0.761098636944166,0.0733110593532417,19.6796915217176,"skew-t",15,85,"yes","no","",FALSE,FALSE,NA,FALSE,FALSE,"other_numeric"
18,"brier",0.2,"threshold_quantile",0.2,36,0.678327828739501,0.0605307292299914,10.7234357125277,"skew-t",15,85,"yes","no","",FALSE,FALSE,NA,FALSE,FALSE,"other_numeric"
18,"brier",0.3,"threshold_quantile",0.3,41.625,0.591474125521519,0.0495228184844822,7.491615376174,"skew-t",15,85,"yes","no","",FALSE,FALSE,NA,FALSE,FALSE,"other_numeric"
18,"brier",0.4,"threshold_quantile",0.4,46.5,0.50459902927595,0.0393090951484893,5.65169265094146,"skew-t",15,85,"yes","no","",FALSE,FALSE,NA,FALSE,FALSE,"other_numeric"
18,"brier",0.5,"threshold_quantile",0.5,50.875,0.418556914424115,0.0334798730660906,4.4253110486114,"skew-t",15,85,"yes","no","",FALSE,FALSE,NA,FALSE,FALSE,"other_numeric"
18,"brier",0.6,"threshold_quantile",0.6,55.429,0.330882446766791,0.0254482020587492,3.49834857683043,"skew-t",15,85,"yes","no","",FALSE,FALSE,NA,FALSE,FALSE,"other_numeric"
18,"brier",0.7,"threshold_quantile",0.7,60.125,0.242102323618082,0.0185993933678315,2.79894138293245,"skew-t",15,85,"yes","no","",FALSE,FALSE,NA,FALSE,FALSE,"other_numeric"
18,"brier",0.8,"threshold_quantile",0.8,65.5,0.15605863500287,0.0088096462407744,2.1812816702532,"skew-t",15,85,"yes","no","",FALSE,FALSE,NA,FALSE,FALSE,"other_numeric"
18,"brier",0.9,"threshold_quantile",0.9,73.25,0.0723014905366882,0.00264550194809964,1.60509891290249,"skew-t",15,85,"yes","no","",FALSE,FALSE,NA,FALSE,FALSE,"other_numeric"
18,"brier",0.95,"threshold_quantile",0.95,79.75,0.0342157752967922,0.000553783728900192,1.26583828170367,"skew-t",15,85,"yes","no","",FALSE,FALSE,NA,FALSE,FALSE,"other_numeric"
18,"brier",0.98,"threshold_quantile",0.98,88.5,0.0140665700228035,0.000454604104657296,1.08940690834935,"skew-t",15,85,"yes","no","",FALSE,FALSE,NA,FALSE,FALSE,"other_numeric"
18,"brier",0.99,"threshold_quantile",0.99,94.75,0.00789660284693546,0.000236813749661138,1.08715762996942,"skew-t",15,85,"yes","no","",FALSE,FALSE,NA,FALSE,FALSE,"other_numeric"
18,"brier",0.995,"threshold_quantile",0.995,100.52,0.00521821067610371,0.000510152628055662,1.29478073765497,"skew-t",15,85,"yes","no","",FALSE,FALSE,NA,FALSE,FALSE,"other_numeric"
18,"quantile",0,"score_quantile",0,NA,0,0,NA,"skew-t",15,85,"yes","no","",FALSE,FALSE,NA,FALSE,FALSE,"other_numeric"
18,"quantile",0.1,"score_quantile",0.1,NA,14683.1124701619,13889.0083074514,3338.20810324922,"skew-t",15,85,"yes","no","",FALSE,FALSE,NA,FALSE,FALSE,"other_numeric"
18,"quantile",0.2,"score_quantile",0.2,NA,23615.4812624307,22774.3134239933,3256.10950300435,"skew-t",15,85,"yes","no","",FALSE,FALSE,NA,FALSE,FALSE,"other_numeric"
18,"quantile",0.3,"score_quantile",0.3,NA,31137.172540536,30382.717337038,3381.61905491033,"skew-t",15,85,"yes","no","",FALSE,FALSE,NA,FALSE,FALSE,"other_numeric"
18,"quantile",0.4,"score_quantile",0.4,NA,36518.8310706994,35863.2300496477,3505.79525441349,"skew-t",15,85,"yes","no","",FALSE,FALSE,NA,FALSE,FALSE,"other_numeric"
18,"quantile",0.5,"score_quantile",0.5,NA,39730.708892544,39169.6058487132,3640.12570508149,"skew-t",15,85,"yes","no","",FALSE,FALSE,NA,FALSE,FALSE,"other_numeric"
18,"quantile",0.6,"score_quantile",0.6,NA,35139.1897693665,34708.5797655415,3282.004080718,"skew-t",15,85,"yes","no","",FALSE,FALSE,NA,FALSE,FALSE,"other_numeric"
18,"quantile",0.7,"score_quantile",0.7,NA,16387.0909927376,16115.6346252841,1680.46977543057,"skew-t",15,85,"yes","no","",FALSE,FALSE,NA,FALSE,FALSE,"other_numeric"
18,"quantile",0.8,"score_quantile",0.8,NA,5401.62084513464,5258.47036649058,680.150755777273,"skew-t",15,85,"yes","no","",FALSE,FALSE,NA,FALSE,FALSE,"other_numeric"
18,"quantile",0.9,"score_quantile",0.9,NA,1388.68101366985,1343.74347146575,275.460375928141,"skew-t",15,85,"yes","no","",FALSE,FALSE,NA,FALSE,FALSE,"other_numeric"
18,"quantile",0.95,"score_quantile",0.95,NA,520.63222446526,506.875043353035,173.467747325483,"skew-t",15,85,"yes","no","",FALSE,FALSE,NA,FALSE,FALSE,"other_numeric"
18,"quantile",0.98,"score_quantile",0.98,NA,311.886783247251,308.482593992433,216.061554592703,"skew-t",15,85,"yes","no","",FALSE,FALSE,NA,FALSE,FALSE,"other_numeric"
18,"quantile",0.99,"score_quantile",0.99,NA,253.1987074762,251.765681592512,308.72667377528,"skew-t",15,85,"yes","no","",FALSE,FALSE,NA,FALSE,FALSE,"other_numeric"
18,"quantile",0.995,"score_quantile",0.995,NA,225.07589616314,224.332215163735,480.072507310062,"skew-t",15,85,"yes","no","",FALSE,FALSE,NA,FALSE,FALSE,"other_numeric"
19,"brier",0,"threshold_quantile",0,2,0.00115128599418874,0.000264145487014897,8.05161917527611,"t",1,75,"yes","no","",FALSE,FALSE,NA,FALSE,FALSE,"other_numeric"
19,"brier",0.1,"threshold_quantile",0.1,28.875,0.0822817203199774,0.00358168503802878,2.12755455754703,"t",1,75,"yes","no","",FALSE,FALSE,NA,FALSE,FALSE,"other_numeric"
19,"brier",0.2,"threshold_quantile",0.2,36,0.125406332379571,0.0035968128867452,1.98250268710803,"t",1,75,"yes","no","",FALSE,FALSE,NA,FALSE,FALSE,"other_numeric"
19,"brier",0.3,"threshold_quantile",0.3,41.625,0.152070139135996,0.00353088256942989,1.92612143701745,"t",1,75,"yes","no","",FALSE,FALSE,NA,FALSE,FALSE,"other_numeric"
19,"brier",0.4,"threshold_quantile",0.4,46.5,0.165303061168916,0.0018169803948084,1.85145440594096,"t",1,75,"yes","no","",FALSE,FALSE,NA,FALSE,FALSE,"other_numeric"
19,"brier",0.5,"threshold_quantile",0.5,50.875,0.162803265456124,0.00208350609676443,1.72128344926343,"t",1,75,"yes","no","",FALSE,FALSE,NA,FALSE,FALSE,"other_numeric"
19,"brier",0.6,"threshold_quantile",0.6,55.429,0.149704723470268,0.000221093957422036,1.58279567687714,"t",1,75,"yes","no","",FALSE,FALSE,NA,FALSE,FALSE,"other_numeric"
19,"brier",0.7,"threshold_quantile",0.7,60.125,0.123973663807455,0.000573788689002833,1.43325769384943,"t",1,75,"yes","no","",FALSE,FALSE,NA,FALSE,FALSE,"other_numeric"
19,"brier",0.8,"threshold_quantile",0.8,65.5,0.0894511806504629,0.00170583792811566,1.2502878852668,"t",1,75,"yes","no","",FALSE,FALSE,NA,FALSE,FALSE,"other_numeric"
19,"brier",0.9,"threshold_quantile",0.9,73.25,0.0490493678327302,0.000138549781550746,1.08889991620463,"t",1,75,"yes","no","",FALSE,FALSE,NA,FALSE,FALSE,"other_numeric"
19,"brier",0.95,"threshold_quantile",0.95,79.75,0.0275464212855654,0.00102493047619638,1.01910052555421,"t",1,75,"yes","no","",FALSE,FALSE,NA,FALSE,FALSE,"other_numeric"
19,"brier",0.98,"threshold_quantile",0.98,88.5,0.0128219111180222,0.000613129529291732,0.993012406547621,"t",1,75,"yes","no","",FALSE,FALSE,NA,FALSE,FALSE,"other_numeric"
19,"brier",0.99,"threshold_quantile",0.99,94.75,0.00701295707472163,0.00069710635537513,0.965502500279657,"t",1,75,"yes","no","",FALSE,FALSE,NA,FALSE,FALSE,"other_numeric"
19,"brier",0.995,"threshold_quantile",0.995,100.52,0.00389122725951007,0.000147459927677115,0.965519871499999,"t",1,75,"yes","no","",FALSE,FALSE,NA,FALSE,FALSE,"other_numeric"
19,"quantile",0,"score_quantile",0,NA,0,0,NA,"t",1,75,"yes","no","",FALSE,FALSE,NA,FALSE,FALSE,"other_numeric"
19,"quantile",0.1,"score_quantile",0.1,NA,5.51324970443182,0.0724385075032616,1.25343825268456,"t",1,75,"yes","no","",FALSE,FALSE,NA,FALSE,FALSE,"other_numeric"
19,"quantile",0.2,"score_quantile",0.2,NA,8.55796755127965,0.0564701512522641,1.17997508331347,"t",1,75,"yes","no","",FALSE,FALSE,NA,FALSE,FALSE,"other_numeric"
19,"quantile",0.3,"score_quantile",0.3,NA,10.5406020452506,0.0510489813731683,1.14475072134577,"t",1,75,"yes","no","",FALSE,FALSE,NA,FALSE,FALSE,"other_numeric"
19,"quantile",0.4,"score_quantile",0.4,NA,11.6688075746027,0.0403085776929375,1.12020152398933,"t",1,75,"yes","no","",FALSE,FALSE,NA,FALSE,FALSE,"other_numeric"
19,"quantile",0.5,"score_quantile",0.5,NA,11.9766086804751,0.0374555065075128,1.09729633154573,"t",1,75,"yes","no","",FALSE,FALSE,NA,FALSE,FALSE,"other_numeric"
19,"quantile",0.6,"score_quantile",0.6,NA,11.5105429451469,0.0183381309145991,1.07508594151438,"t",1,75,"yes","no","",FALSE,FALSE,NA,FALSE,FALSE,"other_numeric"
19,"quantile",0.7,"score_quantile",0.7,NA,10.2890078287206,0.0192394728104626,1.05512117330624,"t",1,75,"yes","no","",FALSE,FALSE,NA,FALSE,FALSE,"other_numeric"
19,"quantile",0.8,"score_quantile",0.8,NA,8.23931954464362,0.00608310507267973,1.03746256467213,"t",1,75,"yes","no","",FALSE,FALSE,NA,FALSE,FALSE,"other_numeric"
19,"quantile",0.9,"score_quantile",0.9,NA,5.16290023420629,0.0086108847064934,1.02411887639739,"t",1,75,"yes","no","",FALSE,FALSE,NA,FALSE,FALSE,"other_numeric"
19,"quantile",0.95,"score_quantile",0.95,NA,3.05281249044177,0.000428395283706307,1.01715660467991,"t",1,75,"yes","no","",FALSE,FALSE,NA,FALSE,FALSE,"other_numeric"
19,"quantile",0.98,"score_quantile",0.98,NA,1.45510153793015,0.0128736641235436,1.00803085370304,"t",1,75,"yes","no","",FALSE,FALSE,NA,FALSE,FALSE,"other_numeric"
19,"quantile",0.99,"score_quantile",0.99,NA,0.815423635742403,0.0154502661623682,0.994250836782648,"t",1,75,"yes","no","",FALSE,FALSE,NA,FALSE,FALSE,"other_numeric"
19,"quantile",0.995,"score_quantile",0.995,NA,0.451433656734693,0.0150308918585607,0.96287914951004,"t",1,75,"yes","no","",FALSE,FALSE,NA,FALSE,FALSE,"other_numeric"
20,"brier",0,"threshold_quantile",0,2,0.00229939757586168,0.000349744115830008,16.0810378193103,"t",1,85,"yes","no","",FALSE,FALSE,NA,FALSE,FALSE,"other_numeric"
20,"brier",0.1,"threshold_quantile",0.1,28.875,0.0922391768175027,0.00506585864462612,2.38502404008218,"t",1,85,"yes","no","",FALSE,FALSE,NA,FALSE,FALSE,"other_numeric"
20,"brier",0.2,"threshold_quantile",0.2,36,0.14102064104118,0.00549193918905026,2.22934356261724,"t",1,85,"yes","no","",FALSE,FALSE,NA,FALSE,FALSE,"other_numeric"
20,"brier",0.3,"threshold_quantile",0.3,41.625,0.17352513666935,0.00671704159558158,2.19787058458147,"t",1,85,"yes","no","",FALSE,FALSE,NA,FALSE,FALSE,"other_numeric"
20,"brier",0.4,"threshold_quantile",0.4,46.5,0.19098994996576,0.00880096986073345,2.1391569028066,"t",1,85,"yes","no","",FALSE,FALSE,NA,FALSE,FALSE,"other_numeric"
20,"brier",0.5,"threshold_quantile",0.5,50.875,0.190982923803269,0.00775002015735791,2.01922083634804,"t",1,85,"yes","no","",FALSE,FALSE,NA,FALSE,FALSE,"other_numeric"
20,"brier",0.6,"threshold_quantile",0.6,55.429,0.178395705693147,0.00704633001589487,1.8861392292718,"t",1,85,"yes","no","",FALSE,FALSE,NA,FALSE,FALSE,"other_numeric"
20,"brier",0.7,"threshold_quantile",0.7,60.125,0.150800444604013,0.00434641191584058,1.74340170990106,"t",1,85,"yes","no","",FALSE,FALSE,NA,FALSE,FALSE,"other_numeric"
20,"brier",0.8,"threshold_quantile",0.8,65.5,0.110608054325906,0.00441510742918212,1.5460043045938,"t",1,85,"yes","no","",FALSE,FALSE,NA,FALSE,FALSE,"other_numeric"
20,"brier",0.9,"threshold_quantile",0.9,73.25,0.0586303784211556,0.00179119904631188,1.3015991228992,"t",1,85,"yes","no","",FALSE,FALSE,NA,FALSE,FALSE,"other_numeric"
20,"brier",0.95,"threshold_quantile",0.95,79.75,0.03071239289857,0.00109263024457316,1.13622802103738,"t",1,85,"yes","no","",FALSE,FALSE,NA,FALSE,FALSE,"other_numeric"
20,"brier",0.98,"threshold_quantile",0.98,88.5,0.0131307404338772,0.000307425171728368,1.01693016259247,"t",1,85,"yes","no","",FALSE,FALSE,NA,FALSE,FALSE,"other_numeric"
20,"brier",0.99,"threshold_quantile",0.99,94.75,0.00709387944814657,0.000523555977278854,0.976643414595526,"t",1,85,"yes","no","",FALSE,FALSE,NA,FALSE,FALSE,"other_numeric"
20,"brier",0.995,"threshold_quantile",0.995,100.52,0.0039385853233053,0.00011037549751552,0.977270701924592,"t",1,85,"yes","no","",FALSE,FALSE,NA,FALSE,FALSE,"other_numeric"
20,"quantile",0,"score_quantile",0,NA,0,0,NA,"t",1,85,"yes","no","",FALSE,FALSE,NA,FALSE,FALSE,"other_numeric"
20,"quantile",0.1,"score_quantile",0.1,NA,6.20655743782086,0.310641801510594,1.4110618831204,"t",1,85,"yes","no","",FALSE,FALSE,NA,FALSE,FALSE,"other_numeric"
20,"quantile",0.2,"score_quantile",0.2,NA,9.47079586045956,0.492701960233226,1.30583611909345,"t",1,85,"yes","no","",FALSE,FALSE,NA,FALSE,FALSE,"other_numeric"
20,"quantile",0.3,"score_quantile",0.3,NA,11.5161612584164,0.540607507724202,1.25070027794536,"t",1,85,"yes","no","",FALSE,FALSE,NA,FALSE,FALSE,"other_numeric"
20,"quantile",0.4,"score_quantile",0.4,NA,12.6299497960996,0.512635936533542,1.2124708475177,"t",1,85,"yes","no","",FALSE,FALSE,NA,FALSE,FALSE,"other_numeric"
20,"quantile",0.5,"score_quantile",0.5,NA,12.8946085135867,0.461584005974772,1.18140343365679,"t",1,85,"yes","no","",FALSE,FALSE,NA,FALSE,FALSE,"other_numeric"
20,"quantile",0.6,"score_quantile",0.6,NA,12.3278983983416,0.373336669956295,1.15142702821527,"t",1,85,"yes","no","",FALSE,FALSE,NA,FALSE,FALSE,"other_numeric"
20,"quantile",0.7,"score_quantile",0.7,NA,10.9347060585994,0.274435069520245,1.12133648631337,"t",1,85,"yes","no","",FALSE,FALSE,NA,FALSE,FALSE,"other_numeric"
20,"quantile",0.8,"score_quantile",0.8,NA,8.69693846530435,0.15652867673558,1.09508413117392,"t",1,85,"yes","no","",FALSE,FALSE,NA,FALSE,FALSE,"other_numeric"
20,"quantile",0.9,"score_quantile",0.9,NA,5.38228388448074,0.0289932282666774,1.06763607162236,"t",1,85,"yes","no","",FALSE,FALSE,NA,FALSE,FALSE,"other_numeric"
20,"quantile",0.95,"score_quantile",0.95,NA,3.1449293289626,0.00611709384556036,1.04784871269409,"t",1,85,"yes","no","",FALSE,FALSE,NA,FALSE,FALSE,"other_numeric"
20,"quantile",0.98,"score_quantile",0.98,NA,1.4776410639991,0.00897713043985027,1.02364525387587,"t",1,85,"yes","no","",FALSE,FALSE,NA,FALSE,FALSE,"other_numeric"
20,"quantile",0.99,"score_quantile",0.99,NA,0.823886850254442,0.0103786775210996,1.00457008403234,"t",1,85,"yes","no","",FALSE,FALSE,NA,FALSE,FALSE,"other_numeric"
20,"quantile",0.995,"score_quantile",0.995,NA,0.456769171973211,0.0120869688895895,0.974259462648901,"t",1,85,"yes","no","",FALSE,FALSE,NA,FALSE,FALSE,"other_numeric"
21,"brier",0,"threshold_quantile",0,2,0.000582111599763054,0.000202453298128086,4.07104832549061,"t",5,75,"yes","no","",FALSE,FALSE,NA,FALSE,FALSE,"other_numeric"
21,"brier",0.1,"threshold_quantile",0.1,28.875,0.0794351889247124,0.00356924453031801,2.05395192965295,"t",5,75,"yes","no","",FALSE,FALSE,NA,FALSE,FALSE,"other_numeric"
21,"brier",0.2,"threshold_quantile",0.2,36,0.123927216504216,0.00396428293064258,1.95911988703889,"t",5,75,"yes","no","",FALSE,FALSE,NA,FALSE,FALSE,"other_numeric"
21,"brier",0.3,"threshold_quantile",0.3,41.625,0.150256400883908,0.0035582799396308,1.90314861573687,"t",5,75,"yes","no","",FALSE,FALSE,NA,FALSE,FALSE,"other_numeric"
21,"brier",0.4,"threshold_quantile",0.4,46.5,0.164691041631904,0.00372448208569159,1.84459956453446,"t",5,75,"yes","no","",FALSE,FALSE,NA,FALSE,FALSE,"other_numeric"
21,"brier",0.5,"threshold_quantile",0.5,50.875,0.162843912280723,0.00408019854031576,1.72171319928258,"t",5,75,"yes","no","",FALSE,FALSE,NA,FALSE,FALSE,"other_numeric"
21,"brier",0.6,"threshold_quantile",0.6,55.429,0.148833446297977,0.00156572700201452,1.57358385169423,"t",5,75,"yes","no","",FALSE,FALSE,NA,FALSE,FALSE,"other_numeric"
21,"brier",0.7,"threshold_quantile",0.7,60.125,0.122539666178356,0.000839701346858235,1.41667926846661,"t",5,75,"yes","no","",FALSE,FALSE,NA,FALSE,FALSE,"other_numeric"
21,"brier",0.8,"threshold_quantile",0.8,65.5,0.0881653232668865,0.00156233736374409,1.23231504357622,"t",5,75,"yes","no","",FALSE,FALSE,NA,FALSE,FALSE,"other_numeric"
21,"brier",0.9,"threshold_quantile",0.9,73.25,0.0489244085270667,0.000416026854982012,1.08612580955498,"t",5,75,"yes","no","",FALSE,FALSE,NA,FALSE,FALSE,"other_numeric"
21,"brier",0.95,"threshold_quantile",0.95,79.75,0.0273815058175255,0.00115686148310852,1.01299935406593,"t",5,75,"yes","no","",FALSE,FALSE,NA,FALSE,FALSE,"other_numeric"
21,"brier",0.98,"threshold_quantile",0.98,88.5,0.0127317286173508,0.000633316350950851,0.986028085630408,"t",5,75,"yes","no","",FALSE,FALSE,NA,FALSE,FALSE,"other_numeric"
21,"brier",0.99,"threshold_quantile",0.99,94.75,0.00695231330451231,0.000662325414206404,0.957153424256572,"t",5,75,"yes","no","",FALSE,FALSE,NA,FALSE,FALSE,"other_numeric"
21,"brier",0.995,"threshold_quantile",0.995,100.52,0.00389073197560151,0.000138897200241001,0.965396978020934,"t",5,75,"yes","no","",FALSE,FALSE,NA,FALSE,FALSE,"other_numeric"
21,"quantile",0,"score_quantile",0,NA,0,0,NA,"t",5,75,"yes","no","",FALSE,FALSE,NA,FALSE,FALSE,"other_numeric"
21,"quantile",0.1,"score_quantile",0.1,NA,5.10057380991263,0.00803750478727894,1.15961631827528,"t",5,75,"yes","no","",FALSE,FALSE,NA,FALSE,FALSE,"other_numeric"
21,"quantile",0.2,"score_quantile",0.2,NA,8.22436771460656,0.0257441986003446,1.13397823970394,"t",5,75,"yes","no","",FALSE,FALSE,NA,FALSE,FALSE,"other_numeric"
21,"quantile",0.3,"score_quantile",0.3,NA,10.2465139296911,0.0199285563430491,1.11281159861059,"t",5,75,"yes","no","",FALSE,FALSE,NA,FALSE,FALSE,"other_numeric"
21,"quantile",0.4,"score_quantile",0.4,NA,11.3826482953667,0.0163754799580449,1.09273033135422,"t",5,75,"yes","no","",FALSE,FALSE,NA,FALSE,FALSE,"other_numeric"
21,"quantile",0.5,"score_quantile",0.5,NA,11.731085543424,0.0135871639092455,1.07480151312229,"t",5,75,"yes","no","",FALSE,FALSE,NA,FALSE,FALSE,"other_numeric"
21,"quantile",0.6,"score_quantile",0.6,NA,11.3381432944202,0.0217798192066061,1.05898379570758,"t",5,75,"yes","no","",FALSE,FALSE,NA,FALSE,FALSE,"other_numeric"
21,"quantile",0.7,"score_quantile",0.7,NA,10.2091189986799,0.0287613876224677,1.04692870251704,"t",5,75,"yes","no","",FALSE,FALSE,NA,FALSE,FALSE,"other_numeric"
21,"quantile",0.8,"score_quantile",0.8,NA,8.23637780753931,0.00502902110334613,1.03709215275834,"t",5,75,"yes","no","",FALSE,FALSE,NA,FALSE,FALSE,"other_numeric"
21,"quantile",0.9,"score_quantile",0.9,NA,5.18083759397365,0.00926992610819299,1.02767695187767,"t",5,75,"yes","no","",FALSE,FALSE,NA,FALSE,FALSE,"other_numeric"
21,"quantile",0.95,"score_quantile",0.95,NA,3.06049948455083,0.00208297448393435,1.01971780909474,"t",5,75,"yes","no","",FALSE,FALSE,NA,FALSE,FALSE,"other_numeric"
21,"quantile",0.98,"score_quantile",0.98,NA,1.45535430269538,0.00909977319455801,1.00820595810327,"t",5,75,"yes","no","",FALSE,FALSE,NA,FALSE,FALSE,"other_numeric"
21,"quantile",0.99,"score_quantile",0.99,NA,0.814453002837466,0.010142660129262,0.99306733837073,"t",5,75,"yes","no","",FALSE,FALSE,NA,FALSE,FALSE,"other_numeric"
21,"quantile",0.995,"score_quantile",0.995,NA,0.451661461270821,0.0103112450822074,0.963365042032071,"t",5,75,"yes","no","",FALSE,FALSE,NA,FALSE,FALSE,"other_numeric"
22,"brier",0,"threshold_quantile",0,2,0.00217505637787575,0.00150379296112567,15.2114467889028,"t",5,85,"yes","no","",FALSE,FALSE,NA,FALSE,FALSE,"other_numeric"
22,"brier",0.1,"threshold_quantile",0.1,28.875,0.0794134644443218,0.0064424692157599,2.05339020078916,"t",5,85,"yes","no","",FALSE,FALSE,NA,FALSE,FALSE,"other_numeric"
22,"brier",0.2,"threshold_quantile",0.2,36,0.121828500071272,0.00823831006126156,1.92594204913516,"t",5,85,"yes","no","",FALSE,FALSE,NA,FALSE,FALSE,"other_numeric"
22,"brier",0.3,"threshold_quantile",0.3,41.625,0.152563271859958,0.00869113765575403,1.9323674595194,"t",5,85,"yes","no","",FALSE,FALSE,NA,FALSE,FALSE,"other_numeric"
22,"brier",0.4,"threshold_quantile",0.4,46.5,0.172930635658216,0.00766386418674488,1.93688601437577,"t",5,85,"yes","no","",FALSE,FALSE,NA,FALSE,FALSE,"other_numeric"
22,"brier",0.5,"threshold_quantile",0.5,50.875,0.177701588967914,0.005825676065011,1.87880017726498,"t",5,85,"yes","no","",FALSE,FALSE,NA,FALSE,FALSE,"other_numeric"
22,"brier",0.6,"threshold_quantile",0.6,55.429,0.170659874336959,0.00228058089351543,1.80434995673721,"t",5,85,"yes","no","",FALSE,FALSE,NA,FALSE,FALSE,"other_numeric"
22,"brier",0.7,"threshold_quantile",0.7,60.125,0.146864234190323,0.000754527233366151,1.69789523952044,"t",5,85,"yes","no","",FALSE,FALSE,NA,FALSE,FALSE,"other_numeric"
22,"brier",0.8,"threshold_quantile",0.8,65.5,0.108887480524556,0.00276008682946512,1.52195529189331,"t",5,85,"yes","no","",FALSE,FALSE,NA,FALSE,FALSE,"other_numeric"
22,"brier",0.9,"threshold_quantile",0.9,73.25,0.0584246265260096,0.00161002959344315,1.2970314142562,"t",5,85,"yes","no","",FALSE,FALSE,NA,FALSE,FALSE,"other_numeric"
22,"brier",0.95,"threshold_quantile",0.95,79.75,0.0304651815728982,0.00119738510711512,1.12708225254342,"t",5,85,"yes","no","",FALSE,FALSE,NA,FALSE,FALSE,"other_numeric"
22,"brier",0.98,"threshold_quantile",0.98,88.5,0.0129968889784846,0.000304745439266473,1.0065638330636,"t",5,85,"yes","no","",FALSE,FALSE,NA,FALSE,FALSE,"other_numeric"
22,"brier",0.99,"threshold_quantile",0.99,94.75,0.00698109710443877,0.00047276555155055,0.961116207787177,"t",5,85,"yes","no","",FALSE,FALSE,NA,FALSE,FALSE,"other_numeric"
22,"brier",0.995,"threshold_quantile",0.995,100.52,0.00388382129018866,7.11339083432018e-05,0.96368224802785,"t",5,85,"yes","no","",FALSE,FALSE,NA,FALSE,FALSE,"other_numeric"
22,"quantile",0,"score_quantile",0,NA,0,0,NA,"t",5,85,"yes","no","",FALSE,FALSE,NA,FALSE,FALSE,"other_numeric"
22,"quantile",0.1,"score_quantile",0.1,NA,5.46883917491505,0.266402782865584,1.24334151128837,"t",5,85,"yes","no","",FALSE,FALSE,NA,FALSE,FALSE,"other_numeric"
22,"quantile",0.2,"score_quantile",0.2,NA,8.51094550555573,0.18490358817324,1.17349166981743,"t",5,85,"yes","no","",FALSE,FALSE,NA,FALSE,FALSE,"other_numeric"
22,"quantile",0.3,"score_quantile",0.3,NA,10.5283230641212,0.160731084972114,1.14341717583812,"t",5,85,"yes","no","",FALSE,FALSE,NA,FALSE,FALSE,"other_numeric"
22,"quantile",0.4,"score_quantile",0.4,NA,11.7160685846601,0.179014792369248,1.12473856474119,"t",5,85,"yes","no","",FALSE,FALSE,NA,FALSE,FALSE,"other_numeric"
22,"quantile",0.5,"score_quantile",0.5,NA,12.1227193576012,0.172229611449307,1.11068298500394,"t",5,85,"yes","no","",FALSE,FALSE,NA,FALSE,FALSE,"other_numeric"
22,"quantile",0.6,"score_quantile",0.6,NA,11.7447915470207,0.133836476450816,1.09696478596977,"t",5,85,"yes","no","",FALSE,FALSE,NA,FALSE,FALSE,"other_numeric"
22,"quantile",0.7,"score_quantile",0.7,NA,10.5655138894588,0.0594689256897247,1.08347642427787,"t",5,85,"yes","no","",FALSE,FALSE,NA,FALSE,FALSE,"other_numeric"
22,"quantile",0.8,"score_quantile",0.8,NA,8.50902204615132,0.00928598034843553,1.07142243810544,"t",5,85,"yes","no","",FALSE,FALSE,NA,FALSE,FALSE,"other_numeric"
22,"quantile",0.9,"score_quantile",0.9,NA,5.33158854199385,0.018171433727411,1.05758008470976,"t",5,85,"yes","no","",FALSE,FALSE,NA,FALSE,FALSE,"other_numeric"
22,"quantile",0.95,"score_quantile",0.95,NA,3.13381656326156,0.0154894256898035,1.04414608665189,"t",5,85,"yes","no","",FALSE,FALSE,NA,FALSE,FALSE,"other_numeric"
22,"quantile",0.98,"score_quantile",0.98,NA,1.47562273110907,0.0131213205213857,1.02224704091742,"t",5,85,"yes","no","",FALSE,FALSE,NA,FALSE,FALSE,"other_numeric"
22,"quantile",0.99,"score_quantile",0.99,NA,0.825286631678675,0.011007009703138,1.00627684575882,"t",5,85,"yes","no","",FALSE,FALSE,NA,FALSE,FALSE,"other_numeric"
22,"quantile",0.995,"score_quantile",0.995,NA,0.458698088827264,0.013375960777006,0.978373719067752,"t",5,85,"yes","no","",FALSE,FALSE,NA,FALSE,FALSE,"other_numeric"
23,"brier",0,"threshold_quantile",0,2,0.00151751729184548,0.00113886612067431,10.6128897489507,"t",10,75,"yes","no","",FALSE,FALSE,NA,FALSE,FALSE,"other_numeric"
23,"brier",0.1,"threshold_quantile",0.1,28.875,0.081352897546928,0.00432837965904013,2.1035380309568,"t",10,75,"yes","no","",FALSE,FALSE,NA,FALSE,FALSE,"other_numeric"
23,"brier",0.2,"threshold_quantile",0.2,36,0.125020163735296,0.00368398321477516,1.97639788872643,"t",10,75,"yes","no","",FALSE,FALSE,NA,FALSE,FALSE,"other_numeric"
23,"brier",0.3,"threshold_quantile",0.3,41.625,0.150691132962043,0.00414273615523625,1.90865493525371,"t",10,75,"yes","no","",FALSE,FALSE,NA,FALSE,FALSE,"other_numeric"
23,"brier",0.4,"threshold_quantile",0.4,46.5,0.162870735658438,0.00430444359637581,1.82421147558496,"t",10,75,"yes","no","",FALSE,FALSE,NA,FALSE,FALSE,"other_numeric"
23,"brier",0.5,"threshold_quantile",0.5,50.875,0.159091949495183,0.00368161755991425,1.68204451434,"t",10,75,"yes","no","",FALSE,FALSE,NA,FALSE,FALSE,"other_numeric"
23,"brier",0.6,"threshold_quantile",0.6,55.429,0.145231747027322,0.000789478852480888,1.53550386394998,"t",10,75,"yes","no","",FALSE,FALSE,NA,FALSE,FALSE,"other_numeric"
23,"brier",0.7,"threshold_quantile",0.7,60.125,0.120726031598723,0.000282727180971921,1.39571186591304,"t",10,75,"yes","no","",FALSE,FALSE,NA,FALSE,FALSE,"other_numeric"
23,"brier",0.8,"threshold_quantile",0.8,65.5,0.0873751561579834,0.0018681432480893,1.22127062407931,"t",10,75,"yes","no","",FALSE,FALSE,NA,FALSE,FALSE,"other_numeric"
23,"brier",0.9,"threshold_quantile",0.9,73.25,0.0488851792899251,0.000492172094792968,1.08525491733101,"t",10,75,"yes","no","",FALSE,FALSE,NA,FALSE,FALSE,"other_numeric"
23,"brier",0.95,"threshold_quantile",0.95,79.75,0.0274489269185815,0.001114846908579,1.01549364829048,"t",10,75,"yes","no","",FALSE,FALSE,NA,FALSE,FALSE,"other_numeric"
23,"brier",0.98,"threshold_quantile",0.98,88.5,0.0128610424399794,0.000541809211672287,0.996042991288878,"t",10,75,"yes","no","",FALSE,FALSE,NA,FALSE,FALSE,"other_numeric"
23,"brier",0.99,"threshold_quantile",0.99,94.75,0.00702406922297641,0.000553088121034262,0.967032355205212,"t",10,75,"yes","no","",FALSE,FALSE,NA,FALSE,FALSE,"other_numeric"
23,"brier",0.995,"threshold_quantile",0.995,100.52,0.00392517584951418,0.00010175451084618,0.973943444854206,"t",10,75,"yes","no","",FALSE,FALSE,NA,FALSE,FALSE,"other_numeric"
23,"quantile",0,"score_quantile",0,NA,0,0,NA,"t",10,75,"yes","no","",FALSE,FALSE,NA,FALSE,FALSE,"other_numeric"
23,"quantile",0.1,"score_quantile",0.1,NA,5.07824679202986,0.150798265432779,1.15454026698377,"t",10,75,"yes","no","",FALSE,FALSE,NA,FALSE,FALSE,"other_numeric"
23,"quantile",0.2,"score_quantile",0.2,NA,8.15502070391861,0.16810358995905,1.12441665347172,"t",10,75,"yes","no","",FALSE,FALSE,NA,FALSE,FALSE,"other_numeric"
23,"quantile",0.3,"score_quantile",0.3,NA,10.1661442628912,0.130482694304958,1.10408313759399,"t",10,75,"yes","no","",FALSE,FALSE,NA,FALSE,FALSE,"other_numeric"
23,"quantile",0.4,"score_quantile",0.4,NA,11.306988183734,0.0989515115367085,1.0854669865939,"t",10,75,"yes","no","",FALSE,FALSE,NA,FALSE,FALSE,"other_numeric"
23,"quantile",0.5,"score_quantile",0.5,NA,11.6646214291436,0.0764994866977515,1.06871207405611,"t",10,75,"yes","no","",FALSE,FALSE,NA,FALSE,FALSE,"other_numeric"
23,"quantile",0.6,"score_quantile",0.6,NA,11.2872268762095,0.0710724431714258,1.05422819680391,"t",10,75,"yes","no","",FALSE,FALSE,NA,FALSE,FALSE,"other_numeric"
23,"quantile",0.7,"score_quantile",0.7,NA,10.1646133006942,0.0650245299706134,1.04236471490433,"t",10,75,"yes","no","",FALSE,FALSE,NA,FALSE,FALSE,"other_numeric"
23,"quantile",0.8,"score_quantile",0.8,NA,8.20219172416943,0.0185676401173662,1.0327875762048,"t",10,75,"yes","no","",FALSE,FALSE,NA,FALSE,FALSE,"other_numeric"
23,"quantile",0.9,"score_quantile",0.9,NA,5.163598179224,5.12359256452655e-05,1.02425732158031,"t",10,75,"yes","no","",FALSE,FALSE,NA,FALSE,FALSE,"other_numeric"
23,"quantile",0.95,"score_quantile",0.95,NA,3.0514220196475,0.00123577824285315,1.01669331826568,"t",10,75,"yes","no","",FALSE,FALSE,NA,FALSE,FALSE,"other_numeric"
23,"quantile",0.98,"score_quantile",0.98,NA,1.45285822361342,0.00990359485104031,1.00647678342899,"t",10,75,"yes","no","",FALSE,FALSE,NA,FALSE,FALSE,"other_numeric"
23,"quantile",0.99,"score_quantile",0.99,NA,0.814230239141178,0.00944827604698534,0.992795721285167,"t",10,75,"yes","no","",FALSE,FALSE,NA,FALSE,FALSE,"other_numeric"
23,"quantile",0.995,"score_quantile",0.995,NA,0.452777205151706,0.0104286993327073,0.965744852449552,"t",10,75,"yes","no","",FALSE,FALSE,NA,FALSE,FALSE,"other_numeric"
24,"brier",0,"threshold_quantile",0,2,0.00198305425410281,0.00120913726044249,13.8686631632292,"t",10,85,"yes","no","",FALSE,FALSE,NA,FALSE,FALSE,"other_numeric"
24,"brier",0.1,"threshold_quantile",0.1,28.875,0.0780535723363361,0.00565856810877519,2.01822753475756,"t",10,85,"yes","no","",FALSE,FALSE,NA,FALSE,FALSE,"other_numeric"
24,"brier",0.2,"threshold_quantile",0.2,36,0.121553550222652,0.00764402996572842,1.92159546787913,"t",10,85,"yes","no","",FALSE,FALSE,NA,FALSE,FALSE,"other_numeric"
24,"brier",0.3,"threshold_quantile",0.3,41.625,0.152606476175793,0.00672061373335075,1.93291468568342,"t",10,85,"yes","no","",FALSE,FALSE,NA,FALSE,FALSE,"other_numeric"
24,"brier",0.4,"threshold_quantile",0.4,46.5,0.173622759862128,0.00493819854080638,1.94463805718567,"t",10,85,"yes","no","",FALSE,FALSE,NA,FALSE,FALSE,"other_numeric"
24,"brier",0.5,"threshold_quantile",0.5,50.875,0.178106778423834,0.00345688270478156,1.88308415708773,"t",10,85,"yes","no","",FALSE,FALSE,NA,FALSE,FALSE,"other_numeric"
24,"brier",0.6,"threshold_quantile",0.6,55.429,0.170828830205048,0.000140274229386936,1.80613629060427,"t",10,85,"yes","no","",FALSE,FALSE,NA,FALSE,FALSE,"other_numeric"
24,"brier",0.7,"threshold_quantile",0.7,60.125,0.147195700751444,0.0011374759319059,1.70172731953155,"t",10,85,"yes","no","",FALSE,FALSE,NA,FALSE,FALSE,"other_numeric"
24,"brier",0.8,"threshold_quantile",0.8,65.5,0.10893403012307,0.00354849575947916,1.52260593058431,"t",10,85,"yes","no","",FALSE,FALSE,NA,FALSE,FALSE,"other_numeric"
24,"brier",0.9,"threshold_quantile",0.9,73.25,0.0582655979652245,0.00174493732339741,1.293500967399,"t",10,85,"yes","no","",FALSE,FALSE,NA,FALSE,FALSE,"other_numeric"
24,"brier",0.95,"threshold_quantile",0.95,79.75,0.0304925620018005,0.00125825479833297,1.12809521205619,"t",10,85,"yes","no","",FALSE,FALSE,NA,FALSE,FALSE,"other_numeric"
24,"brier",0.98,"threshold_quantile",0.98,88.5,0.0130302798709963,0.000419402871746465,1.00914984151621,"t",10,85,"yes","no","",FALSE,FALSE,NA,FALSE,FALSE,"other_numeric"
24,"brier",0.99,"threshold_quantile",0.99,94.75,0.00701645898397272,0.000585547842854107,0.965984622457456,"t",10,85,"yes","no","",FALSE,FALSE,NA,FALSE,FALSE,"other_numeric"
24,"brier",0.995,"threshold_quantile",0.995,100.52,0.00390509150357159,0.0001215770182836,0.968959969508154,"t",10,85,"yes","no","",FALSE,FALSE,NA,FALSE,FALSE,"other_numeric"
24,"quantile",0,"score_quantile",0,NA,0,0,NA,"t",10,85,"yes","no","",FALSE,FALSE,NA,FALSE,FALSE,"other_numeric"
24,"quantile",0.1,"score_quantile",0.1,NA,5.3533141422288,0.119488674121398,1.21707687556995,"t",10,85,"yes","no","",FALSE,FALSE,NA,FALSE,FALSE,"other_numeric"
24,"quantile",0.2,"score_quantile",0.2,NA,8.38439488596641,0.0421954192187926,1.15604283316334,"t",10,85,"yes","no","",FALSE,FALSE,NA,FALSE,FALSE,"other_numeric"
24,"quantile",0.3,"score_quantile",0.3,NA,10.4250659746192,0.0135831849785593,1.1322030509538,"t",10,85,"yes","no","",FALSE,FALSE,NA,FALSE,FALSE,"other_numeric"
24,"quantile",0.4,"score_quantile",0.4,NA,11.6448709888075,0.00751208765494571,1.11790361996482,"t",10,85,"yes","no","",FALSE,FALSE,NA,FALSE,FALSE,"other_numeric"
24,"quantile",0.5,"score_quantile",0.5,NA,12.0890392656805,0.00283744392862761,1.10759721654504,"t",10,85,"yes","no","",FALSE,FALSE,NA,FALSE,FALSE,"other_numeric"
24,"quantile",0.6,"score_quantile",0.6,NA,11.7561795607739,0.0305379283226399,1.09802842767166,"t",10,85,"yes","no","",FALSE,FALSE,NA,FALSE,FALSE,"other_numeric"
24,"quantile",0.7,"score_quantile",0.7,NA,10.6181072044901,0.0603628926126101,1.08886978398637,"t",10,85,"yes","no","",FALSE,FALSE,NA,FALSE,FALSE,"other_numeric"
24,"quantile",0.8,"score_quantile",0.8,NA,8.58231679923428,0.0742512658209691,1.08065142383641,"t",10,85,"yes","no","",FALSE,FALSE,NA,FALSE,FALSE,"other_numeric"
24,"quantile",0.9,"score_quantile",0.9,NA,5.36040218017773,0.0295407943199568,1.06329559138686,"t",10,85,"yes","no","",FALSE,FALSE,NA,FALSE,FALSE,"other_numeric"
24,"quantile",0.95,"score_quantile",0.95,NA,3.13649211100788,0.0157809916959062,1.04503754365091,"t",10,85,"yes","no","",FALSE,FALSE,NA,FALSE,FALSE,"other_numeric"
24,"quantile",0.98,"score_quantile",0.98,NA,1.47211909415467,0.0112799484238322,1.0198198741128,"t",10,85,"yes","no","",FALSE,FALSE,NA,FALSE,FALSE,"other_numeric"
24,"quantile",0.99,"score_quantile",0.99,NA,0.822584331403931,0.0106778812573345,1.00298191513426,"t",10,85,"yes","no","",FALSE,FALSE,NA,FALSE,FALSE,"other_numeric"
24,"quantile",0.995,"score_quantile",0.995,NA,0.458612834065987,0.0125310619002956,0.978191876108536,"t",10,85,"yes","no","",FALSE,FALSE,NA,FALSE,FALSE,"other_numeric"
25,"brier",0,"threshold_quantile",0,2,0.00149917911123051,0.000747997459578859,10.4846400808192,"t",15,75,"yes","no","",FALSE,FALSE,NA,FALSE,FALSE,"other_numeric"
25,"brier",0.1,"threshold_quantile",0.1,28.875,0.0798906390010691,0.00501615103977446,2.06572848077414,"t",15,75,"yes","no","",FALSE,FALSE,NA,FALSE,FALSE,"other_numeric"
25,"brier",0.2,"threshold_quantile",0.2,36,0.120379891935413,0.00572816101449162,1.90304153472401,"t",15,75,"yes","no","",FALSE,FALSE,NA,FALSE,FALSE,"other_numeric"
25,"brier",0.3,"threshold_quantile",0.3,41.625,0.144725010560692,0.00530125575588716,1.83308798753865,"t",15,75,"yes","no","",FALSE,FALSE,NA,FALSE,FALSE,"other_numeric"
25,"brier",0.4,"threshold_quantile",0.4,46.5,0.158395134068222,0.00403151263345367,1.77408310999484,"t",15,75,"yes","no","",FALSE,FALSE,NA,FALSE,FALSE,"other_numeric"
25,"brier",0.5,"threshold_quantile",0.5,50.875,0.15612486945779,0.00377896165665541,1.65067422366005,"t",15,75,"yes","no","",FALSE,FALSE,NA,FALSE,FALSE,"other_numeric"
25,"brier",0.6,"threshold_quantile",0.6,55.429,0.144224925880074,0.0016532451593529,1.52485896162283,"t",15,75,"yes","no","",FALSE,FALSE,NA,FALSE,FALSE,"other_numeric"
25,"brier",0.7,"threshold_quantile",0.7,60.125,0.120123910950961,0.000992804577921252,1.38875075800894,"t",15,75,"yes","no","",FALSE,FALSE,NA,FALSE,FALSE,"other_numeric"
25,"brier",0.8,"threshold_quantile",0.8,65.5,0.0872342679567765,0.00179356258710073,1.21930138443524,"t",15,75,"yes","no","",FALSE,FALSE,NA,FALSE,FALSE,"other_numeric"
25,"brier",0.9,"threshold_quantile",0.9,73.25,0.0488260428699993,0.000446959659196583,1.08394208404595,"t",15,75,"yes","no","",FALSE,FALSE,NA,FALSE,FALSE,"other_numeric"
25,"brier",0.95,"threshold_quantile",0.95,79.75,0.0274846196094557,0.0011594547549087,1.01681412617221,"t",15,75,"yes","no","",FALSE,FALSE,NA,FALSE,FALSE,"other_numeric"
25,"brier",0.98,"threshold_quantile",0.98,88.5,0.012777681627952,0.000611916269945865,0.989586986423373,"t",15,75,"yes","no","",FALSE,FALSE,NA,FALSE,FALSE,"other_numeric"
25,"brier",0.99,"threshold_quantile",0.99,94.75,0.00702219595205608,0.000682034451680988,0.966774454331442,"t",15,75,"yes","no","",FALSE,FALSE,NA,FALSE,FALSE,"other_numeric"
25,"brier",0.995,"threshold_quantile",0.995,100.52,0.00389910182115599,0.000191286714045879,0.967473765539445,"t",15,75,"yes","no","",FALSE,FALSE,NA,FALSE,FALSE,"other_numeric"
25,"quantile",0,"score_quantile",0,NA,0,0,NA,"t",15,75,"yes","no","",FALSE,FALSE,NA,FALSE,FALSE,"other_numeric"
25,"quantile",0.1,"score_quantile",0.1,NA,4.99478698881073,0.0545033556374097,1.13556566660746,"t",15,75,"yes","no","",FALSE,FALSE,NA,FALSE,FALSE,"other_numeric"
25,"quantile",0.2,"score_quantile",0.2,NA,8.0375104939524,0.0487423281238826,1.10821431115572,"t",15,75,"yes","no","",FALSE,FALSE,NA,FALSE,FALSE,"other_numeric"
25,"quantile",0.3,"score_quantile",0.3,NA,10.0613211641869,0.0335918036675569,1.09269893796854,"t",15,75,"yes","no","",FALSE,FALSE,NA,FALSE,FALSE,"other_numeric"
25,"quantile",0.4,"score_quantile",0.4,NA,11.2281483851747,0.0263922863859225,1.07789839297948,"t",15,75,"yes","no","",FALSE,FALSE,NA,FALSE,FALSE,"other_numeric"
25,"quantile",0.5,"score_quantile",0.5,NA,11.6148098781772,0.0262171819597521,1.064148342068,"t",15,75,"yes","no","",FALSE,FALSE,NA,FALSE,FALSE,"other_numeric"
25,"quantile",0.6,"score_quantile",0.6,NA,11.2514860244292,0.0275701968350033,1.05088999742705,"t",15,75,"yes","no","",FALSE,FALSE,NA,FALSE,FALSE,"other_numeric"
25,"quantile",0.7,"score_quantile",0.7,NA,10.1421891589636,0.0380418709360706,1.04006515530373,"t",15,75,"yes","no","",FALSE,FALSE,NA,FALSE,FALSE,"other_numeric"
25,"quantile",0.8,"score_quantile",0.8,NA,8.18654896167105,0.00183731943705911,1.03081790135335,"t",15,75,"yes","no","",FALSE,FALSE,NA,FALSE,FALSE,"other_numeric"
25,"quantile",0.9,"score_quantile",0.9,NA,5.15145380333368,0.0192403530466279,1.02184834909834,"t",15,75,"yes","no","",FALSE,FALSE,NA,FALSE,FALSE,"other_numeric"
25,"quantile",0.95,"score_quantile",0.95,NA,3.04651347497289,0.00757402697969667,1.01505785632664,"t",15,75,"yes","no","",FALSE,FALSE,NA,FALSE,FALSE,"other_numeric"
25,"quantile",0.98,"score_quantile",0.98,NA,1.45149492834823,0.010462293646925,1.00553235195517,"t",15,75,"yes","no","",FALSE,FALSE,NA,FALSE,FALSE,"other_numeric"
25,"quantile",0.99,"score_quantile",0.99,NA,0.814880375486568,0.0134835218227977,0.99358843635632,"t",15,75,"yes","no","",FALSE,FALSE,NA,FALSE,FALSE,"other_numeric"
25,"quantile",0.995,"score_quantile",0.995,NA,0.45320201323323,0.0151737785425532,0.966650940948139,"t",15,75,"yes","no","",FALSE,FALSE,NA,FALSE,FALSE,"other_numeric"
26,"brier",0,"threshold_quantile",0,2,0.00423981054489223,0.00312170675109844,29.6514854302968,"t",15,85,"yes","no","",FALSE,FALSE,NA,FALSE,FALSE,"other_numeric"
26,"brier",0.1,"threshold_quantile",0.1,28.875,0.09781763443189,0.0239159190131379,2.52926595524169,"t",15,85,"yes","no","",FALSE,FALSE,NA,FALSE,FALSE,"other_numeric"
26,"brier",0.2,"threshold_quantile",0.2,36,0.144883197495185,0.0289716219996891,2.2904053001218,"t",15,85,"yes","no","",FALSE,FALSE,NA,FALSE,FALSE,"other_numeric"
26,"brier",0.3,"threshold_quantile",0.3,41.625,0.177074857357017,0.028866259105432,2.24283137143145,"t",15,85,"yes","no","",FALSE,FALSE,NA,FALSE,FALSE,"other_numeric"
26,"brier",0.4,"threshold_quantile",0.4,46.5,0.196664347291699,0.0240093253998072,2.20271221663975,"t",15,85,"yes","no","",FALSE,FALSE,NA,FALSE,FALSE,"other_numeric"
26,"brier",0.5,"threshold_quantile",0.5,50.875,0.198436158128402,0.0189320944747486,2.09802225873592,"t",15,85,"yes","no","",FALSE,FALSE,NA,FALSE,FALSE,"other_numeric"
26,"brier",0.6,"threshold_quantile",0.6,55.429,0.1857531875147,0.0119039488793983,1.96392829397135,"t",15,85,"yes","no","",FALSE,FALSE,NA,FALSE,FALSE,"other_numeric"
26,"brier",0.7,"threshold_quantile",0.7,60.125,0.15626940649323,0.00659546443116786,1.80662829742261,"t",15,85,"yes","no","",FALSE,FALSE,NA,FALSE,FALSE,"other_numeric"
26,"brier",0.8,"threshold_quantile",0.8,65.5,0.11341044220944,0.00023388073129519,1.58517418021894,"t",15,85,"yes","no","",FALSE,FALSE,NA,FALSE,FALSE,"other_numeric"
26,"brier",0.9,"threshold_quantile",0.9,73.25,0.0593637613031736,0.00111704184664284,1.3178802819449,"t",15,85,"yes","no","",FALSE,FALSE,NA,FALSE,FALSE,"other_numeric"
26,"brier",0.95,"threshold_quantile",0.95,79.75,0.0306203558307232,0.00128270665509596,1.13282304065025,"t",15,85,"yes","no","",FALSE,FALSE,NA,FALSE,FALSE,"other_numeric"
26,"brier",0.98,"threshold_quantile",0.98,88.5,0.0130755690767449,0.000398669525190356,1.01265733293282,"t",15,85,"yes","no","",FALSE,FALSE,NA,FALSE,FALSE,"other_numeric"
26,"brier",0.99,"threshold_quantile",0.99,94.75,0.00708708199288936,0.00059343105015368,0.975707581112382,"t",15,85,"yes","no","",FALSE,FALSE,NA,FALSE,FALSE,"other_numeric"
26,"brier",0.995,"threshold_quantile",0.995,100.52,0.00396395854717558,0.000110479334038965,0.983566492485501,"t",15,85,"yes","no","",FALSE,FALSE,NA,FALSE,FALSE,"other_numeric"
26,"quantile",0,"score_quantile",0,NA,0,0,NA,"t",15,85,"yes","no","",FALSE,FALSE,NA,FALSE,FALSE,"other_numeric"
26,"quantile",0.1,"score_quantile",0.1,NA,6.08966117884018,0.862226699477469,1.38448549887204,"t",15,85,"yes","no","",FALSE,FALSE,NA,FALSE,FALSE,"other_numeric"
26,"quantile",0.2,"score_quantile",0.2,NA,9.46801284539004,1.14281969424757,1.30545239615703,"t",15,85,"yes","no","",FALSE,FALSE,NA,FALSE,FALSE,"other_numeric"
26,"quantile",0.3,"score_quantile",0.3,NA,11.6526755214986,1.24984258056023,1.26552626231196,"t",15,85,"yes","no","",FALSE,FALSE,NA,FALSE,FALSE,"other_numeric"
26,"quantile",0.4,"score_quantile",0.4,NA,12.9014733203721,1.27305864998598,1.23853701269734,"t",15,85,"yes","no","",FALSE,FALSE,NA,FALSE,FALSE,"other_numeric"
26,"quantile",0.5,"score_quantile",0.5,NA,13.3254761555444,1.24497788908992,1.22087950701908,"t",15,85,"yes","no","",FALSE,FALSE,NA,FALSE,FALSE,"other_numeric"
26,"quantile",0.6,"score_quantile",0.6,NA,12.906515463191,1.12787887338766,1.20546992392439,"t",15,85,"yes","no","",FALSE,FALSE,NA,FALSE,FALSE,"other_numeric"
26,"quantile",0.7,"score_quantile",0.7,NA,11.5749895362477,0.905667878391325,1.18699652520449,"t",15,85,"yes","no","",FALSE,FALSE,NA,FALSE,FALSE,"other_numeric"
26,"quantile",0.8,"score_quantile",0.8,NA,9.20111598020934,0.544731540084301,1.15856817191651,"t",15,85,"yes","no","",FALSE,FALSE,NA,FALSE,FALSE,"other_numeric"
26,"quantile",0.9,"score_quantile",0.9,NA,5.58108056275643,0.178202367351219,1.10706961121284,"t",15,85,"yes","no","",FALSE,FALSE,NA,FALSE,FALSE,"other_numeric"
26,"quantile",0.95,"score_quantile",0.95,NA,3.20867724858761,0.0414395184791163,1.06908867344641,"t",15,85,"yes","no","",FALSE,FALSE,NA,FALSE,FALSE,"other_numeric"
26,"quantile",0.98,"score_quantile",0.98,NA,1.48380601672786,0.00886373008834418,1.02791606412534,"t",15,85,"yes","no","",FALSE,FALSE,NA,FALSE,FALSE,"other_numeric"
26,"quantile",0.99,"score_quantile",0.99,NA,0.82484619670396,0.0153912303142493,1.00573982080276,"t",15,85,"yes","no","",FALSE,FALSE,NA,FALSE,FALSE,"other_numeric"
26,"quantile",0.995,"score_quantile",0.995,NA,0.460877875163068,0.0148707966473566,0.983023064064123,"t",15,85,"yes","no","",FALSE,FALSE,NA,FALSE,FALSE,"other_numeric"
27,"brier",0,"threshold_quantile",0,2,0.000137148938127925,8.10356664766792e-05,0.959163079958854,"skew-t",2,0,"yes","no","",FALSE,FALSE,NA,FALSE,FALSE,"other_numeric"
27,"brier",0.1,"threshold_quantile",0.1,28.875,0.0386191468767067,0.00105094691007336,0.998573457465336,"skew-t",2,0,"yes","no","",FALSE,FALSE,NA,FALSE,FALSE,"other_numeric"
27,"brier",0.2,"threshold_quantile",0.2,36,0.0629816662921011,0.00179275821735964,0.99565404946785,"skew-t",2,0,"yes","no","",FALSE,FALSE,NA,FALSE,FALSE,"other_numeric"
27,"brier",0.3,"threshold_quantile",0.3,41.625,0.0787259917197643,0.00152500016153938,0.997143957146567,"skew-t",2,0,"yes","no","",FALSE,FALSE,NA,FALSE,FALSE,"other_numeric"
27,"brier",0.4,"threshold_quantile",0.4,46.5,0.0890637666539583,0.000467787201172166,0.997546579084019,"skew-t",2,0,"yes","no","",FALSE,FALSE,NA,FALSE,FALSE,"other_numeric"
27,"brier",0.5,"threshold_quantile",0.5,50.875,0.0943723109450023,0.000721629346737335,0.997777878983351,"skew-t",2,0,"yes","no","",FALSE,FALSE,NA,FALSE,FALSE,"other_numeric"
27,"brier",0.6,"threshold_quantile",0.6,55.429,0.094362659869786,0.000174304090841272,0.997676002722706,"skew-t",2,0,"yes","no","",FALSE,FALSE,NA,FALSE,FALSE,"other_numeric"
27,"brier",0.7,"threshold_quantile",0.7,60.125,0.0862479193366885,3.07632806324717e-05,0.99711091994347,"skew-t",2,0,"yes","no","",FALSE,FALSE,NA,FALSE,FALSE,"other_numeric"
27,"brier",0.8,"threshold_quantile",0.8,65.5,0.0711153233783308,0.0015732654738547,0.994001718369695,"skew-t",2,0,"yes","no","",FALSE,FALSE,NA,FALSE,FALSE,"other_numeric"
27,"brier",0.9,"threshold_quantile",0.9,73.25,0.0447602859957657,0.00130087204894567,0.993681953991692,"skew-t",2,0,"yes","no","",FALSE,FALSE,NA,FALSE,FALSE,"other_numeric"
27,"brier",0.95,"threshold_quantile",0.95,79.75,0.026947769145049,0.00211766488898501,0.996952940403316,"skew-t",2,0,"yes","no","",FALSE,FALSE,NA,FALSE,FALSE,"other_numeric"
27,"brier",0.98,"threshold_quantile",0.98,88.5,0.0128526483505336,0.000705911949766721,0.995392898265723,"skew-t",2,0,"yes","no","",FALSE,FALSE,NA,FALSE,FALSE,"other_numeric"
27,"brier",0.99,"threshold_quantile",0.99,94.75,0.00716018881840831,0.000584729947023793,0.98577249696371,"skew-t",2,0,"yes","no","",FALSE,FALSE,NA,FALSE,FALSE,"other_numeric"
27,"brier",0.995,"threshold_quantile",0.995,100.52,0.00399709635304347,5.73141941704147e-05,0.991788888128201,"skew-t",2,0,"yes","no","",FALSE,FALSE,NA,FALSE,FALSE,"other_numeric"
27,"quantile",0,"score_quantile",0,NA,0,0,NA,"skew-t",2,0,"yes","no","",FALSE,FALSE,NA,FALSE,FALSE,"other_numeric"
27,"quantile",0.1,"score_quantile",0.1,NA,4.39650864100015,0.0113142631560628,0.999546983053932,"skew-t",2,0,"yes","no","",FALSE,FALSE,NA,FALSE,FALSE,"other_numeric"
27,"quantile",0.2,"score_quantile",0.2,NA,7.24845258787373,0.00193747486876505,0.999418774962658,"skew-t",2,0,"yes","no","",FALSE,FALSE,NA,FALSE,FALSE,"other_numeric"
27,"quantile",0.3,"score_quantile",0.3,NA,9.20336762574291,0.00100161937767762,0.999521818881931,"skew-t",2,0,"yes","no","",FALSE,FALSE,NA,FALSE,FALSE,"other_numeric"
27,"quantile",0.4,"score_quantile",0.4,NA,10.4136714541212,0.0259925029603236,0.999708887017783,"skew-t",2,0,"yes","no","",FALSE,FALSE,NA,FALSE,FALSE,"other_numeric"
27,"quantile",0.5,"score_quantile",0.5,NA,10.9116140651557,0.0549996858193849,0.999721574309887,"skew-t",2,0,"yes","no","",FALSE,FALSE,NA,FALSE,FALSE,"other_numeric"
27,"quantile",0.6,"score_quantile",0.6,NA,10.7061227644038,0.0651013718557456,0.999953010643216,"skew-t",2,0,"yes","no","",FALSE,FALSE,NA,FALSE,FALSE,"other_numeric"
27,"quantile",0.7,"score_quantile",0.7,NA,9.75189373217176,0.0451250416066848,1.00004098820151,"skew-t",2,0,"yes","no","",FALSE,FALSE,NA,FALSE,FALSE,"other_numeric"
27,"quantile",0.8,"score_quantile",0.8,NA,7.94081982052851,0.017619132430132,0.999876658741862,"skew-t",2,0,"yes","no","",FALSE,FALSE,NA,FALSE,FALSE,"other_numeric"
27,"quantile",0.9,"score_quantile",0.9,NA,5.03821145707628,0.0156847035336662,0.999385465999931,"skew-t",2,0,"yes","no","",FALSE,FALSE,NA,FALSE,FALSE,"other_numeric"
27,"quantile",0.95,"score_quantile",0.95,NA,2.99652366239897,0.0179491135475098,0.998401914245206,"skew-t",2,0,"yes","no","",FALSE,FALSE,NA,FALSE,FALSE,"other_numeric"
27,"quantile",0.98,"score_quantile",0.98,NA,1.43717236489094,0.0288201845785502,0.995610304941463,"skew-t",2,0,"yes","no","",FALSE,FALSE,NA,FALSE,FALSE,"other_numeric"
27,"quantile",0.99,"score_quantile",0.99,NA,0.813252107580975,0.0333132134344856,0.991603079718763,"skew-t",2,0,"yes","no","",FALSE,FALSE,NA,FALSE,FALSE,"other_numeric"
27,"quantile",0.995,"score_quantile",0.995,NA,0.461600291698971,0.0325484643193537,0.984563932382877,"skew-t",2,0,"yes","no","",FALSE,FALSE,NA,FALSE,FALSE,"other_numeric"
28,"brier",0,"threshold_quantile",0,2,0.00215514875006039,0.00119818108906606,15.0722210546703,"skew-t",2,75,"yes","no","",FALSE,FALSE,NA,FALSE,FALSE,"other_numeric"
28,"brier",0.1,"threshold_quantile",0.1,28.875,0.0851325585780129,0.00556647848458611,2.20126854778844,"skew-t",2,75,"yes","no","",FALSE,FALSE,NA,FALSE,FALSE,"other_numeric"
28,"brier",0.2,"threshold_quantile",0.2,36,0.127048670669699,0.00522606080650293,2.00846581043313,"skew-t",2,75,"yes","no","",FALSE,FALSE,NA,FALSE,FALSE,"other_numeric"
28,"brier",0.3,"threshold_quantile",0.3,41.625,0.152149578991433,0.00476551227471657,1.92712762277739,"skew-t",2,75,"yes","no","",FALSE,FALSE,NA,FALSE,FALSE,"other_numeric"
28,"brier",0.4,"threshold_quantile",0.4,46.5,0.164232618213184,0.00273159075239031,1.83946505551585,"skew-t",2,75,"yes","no","",FALSE,FALSE,NA,FALSE,FALSE,"other_numeric"
28,"brier",0.5,"threshold_quantile",0.5,50.875,0.161621459421018,0.00286795409902901,1.70878847158121,"skew-t",2,75,"yes","no","",FALSE,FALSE,NA,FALSE,FALSE,"other_numeric"
28,"brier",0.6,"threshold_quantile",0.6,55.429,0.148872948527052,0.00095737096282078,1.57400150022232,"skew-t",2,75,"yes","no","",FALSE,FALSE,NA,FALSE,FALSE,"other_numeric"
28,"brier",0.7,"threshold_quantile",0.7,60.125,0.123252804110691,0.00106876945269976,1.42492384555583,"skew-t",2,75,"yes","no","",FALSE,FALSE,NA,FALSE,FALSE,"other_numeric"
28,"brier",0.8,"threshold_quantile",0.8,65.5,0.0892893424260232,0.00127717868508794,1.24802582041848,"skew-t",2,75,"yes","no","",FALSE,FALSE,NA,FALSE,FALSE,"other_numeric"
28,"brier",0.9,"threshold_quantile",0.9,73.25,0.0489693255820324,0.000115156116332636,1.08712297179273,"skew-t",2,75,"yes","no","",FALSE,FALSE,NA,FALSE,FALSE,"other_numeric"
28,"brier",0.95,"threshold_quantile",0.95,79.75,0.0274347428809843,0.00104505782305311,1.01496889917625,"skew-t",2,75,"yes","no","",FALSE,FALSE,NA,FALSE,FALSE,"other_numeric"
28,"brier",0.98,"threshold_quantile",0.98,88.5,0.0128018875940807,0.000624256002849561,0.99146165428349,"skew-t",2,75,"yes","no","",FALSE,FALSE,NA,FALSE,FALSE,"other_numeric"
28,"brier",0.99,"threshold_quantile",0.99,94.75,0.00699385528988729,0.000709009771841108,0.96287267938943,"skew-t",2,75,"yes","no","",FALSE,FALSE,NA,FALSE,FALSE,"other_numeric"
28,"brier",0.995,"threshold_quantile",0.995,100.52,0.00387928005471088,0.00015183469337054,0.962555443345793,"skew-t",2,75,"yes","no","",FALSE,FALSE,NA,FALSE,FALSE,"other_numeric"
28,"quantile",0,"score_quantile",0,NA,0,0,NA,"skew-t",2,75,"yes","no","",FALSE,FALSE,NA,FALSE,FALSE,"other_numeric"
28,"quantile",0.1,"score_quantile",0.1,NA,5.64130505242258,0.167571713886209,1.28255165770655,"skew-t",2,75,"yes","no","",FALSE,FALSE,NA,FALSE,FALSE,"other_numeric"
28,"quantile",0.2,"score_quantile",0.2,NA,8.64626412472012,0.12928718134683,1.19214944083206,"skew-t",2,75,"yes","no","",FALSE,FALSE,NA,FALSE,FALSE,"other_numeric"
28,"quantile",0.3,"score_quantile",0.3,NA,10.5820820507723,0.108397323824694,1.14925561262603,"skew-t",2,75,"yes","no","",FALSE,FALSE,NA,FALSE,FALSE,"other_numeric"
28,"quantile",0.4,"score_quantile",0.4,NA,11.6787648240616,0.0858106819993436,1.12115741652139,"skew-t",2,75,"yes","no","",FALSE,FALSE,NA,FALSE,FALSE,"other_numeric"
28,"quantile",0.5,"score_quantile",0.5,NA,11.9663309680483,0.0746053374652451,1.09635468801011,"skew-t",2,75,"yes","no","",FALSE,FALSE,NA,FALSE,FALSE,"other_numeric"
28,"quantile",0.6,"score_quantile",0.6,NA,11.4947365415868,0.048961765264421,1.07360962173221,"skew-t",2,75,"yes","no","",FALSE,FALSE,NA,FALSE,FALSE,"other_numeric"
28,"quantile",0.7,"score_quantile",0.7,NA,10.27532014836,0.00350874156228453,1.05371752374135,"skew-t",2,75,"yes","no","",FALSE,FALSE,NA,FALSE,FALSE,"other_numeric"
28,"quantile",0.8,"score_quantile",0.8,NA,8.23090029093447,0.00725299205252661,1.03640244550836,"skew-t",2,75,"yes","no","",FALSE,FALSE,NA,FALSE,FALSE,"other_numeric"
28,"quantile",0.9,"score_quantile",0.9,NA,5.16170945103112,0.0129004872211294,1.02388267126615,"skew-t",2,75,"yes","no","",FALSE,FALSE,NA,FALSE,FALSE,"other_numeric"
28,"quantile",0.95,"score_quantile",0.95,NA,3.05188373636553,0.000246259778216684,1.01684715614819,"skew-t",2,75,"yes","no","",FALSE,FALSE,NA,FALSE,FALSE,"other_numeric"
28,"quantile",0.98,"score_quantile",0.98,NA,1.45377823836042,0.0136822400714401,1.00711412950187,"skew-t",2,75,"yes","no","",FALSE,FALSE,NA,FALSE,FALSE,"other_numeric"
28,"quantile",0.99,"score_quantile",0.99,NA,0.814621495066993,0.0151339103254873,0.993272781937553,"skew-t",2,75,"yes","no","",FALSE,FALSE,NA,FALSE,FALSE,"other_numeric"
28,"quantile",0.995,"score_quantile",0.995,NA,0.450712360049553,0.0146502103362812,0.961340669761418,"skew-t",2,75,"yes","no","",FALSE,FALSE,NA,FALSE,FALSE,"other_numeric"
29,"brier",0,"threshold_quantile",0,2,0.000136162273820457,8.05397315182149e-05,0.952262756930804,"skew-t",3,0,"yes","no","",FALSE,FALSE,NA,FALSE,FALSE,"other_numeric"
29,"brier",0.1,"threshold_quantile",0.1,28.875,0.0386425256290824,0.00102125182861531,0.999177960761735,"skew-t",3,0,"yes","no","",FALSE,FALSE,NA,FALSE,FALSE,"other_numeric"
29,"brier",0.2,"threshold_quantile",0.2,36,0.062981046730544,0.00174503643358037,0.995644255046561,"skew-t",3,0,"yes","no","",FALSE,FALSE,NA,FALSE,FALSE,"other_numeric"
29,"brier",0.3,"threshold_quantile",0.3,41.625,0.0787937511443889,0.00153023575900357,0.998002198488825,"skew-t",3,0,"yes","no","",FALSE,FALSE,NA,FALSE,FALSE,"other_numeric"
29,"brier",0.4,"threshold_quantile",0.4,46.5,0.0890937596640589,0.000494828616344527,0.997882511705626,"skew-t",3,0,"yes","no","",FALSE,FALSE,NA,FALSE,FALSE,"other_numeric"
29,"brier",0.5,"threshold_quantile",0.5,50.875,0.0943867286472894,0.000697381640282442,0.997930314207876,"skew-t",3,0,"yes","no","",FALSE,FALSE,NA,FALSE,FALSE,"other_numeric"
29,"brier",0.6,"threshold_quantile",0.6,55.429,0.0943766877434211,0.000243133994983977,0.997824316397991,"skew-t",3,0,"yes","no","",FALSE,FALSE,NA,FALSE,FALSE,"other_numeric"
29,"brier",0.7,"threshold_quantile",0.7,60.125,0.0862546874730119,1.45689100378224e-05,0.997189166267412,"skew-t",3,0,"yes","no","",FALSE,FALSE,NA,FALSE,FALSE,"other_numeric"
29,"brier",0.8,"threshold_quantile",0.8,65.5,0.0711528482004623,0.00161382312085905,0.994526214862269,"skew-t",3,0,"yes","no","",FALSE,FALSE,NA,FALSE,FALSE,"other_numeric"
29,"brier",0.9,"threshold_quantile",0.9,73.25,0.0447098689917299,0.00131239184911093,0.992562692441633,"skew-t",3,0,"yes","no","",FALSE,FALSE,NA,FALSE,FALSE,"other_numeric"
29,"brier",0.95,"threshold_quantile",0.95,79.75,0.0269526723028818,0.00213135829104548,0.997134336406536,"skew-t",3,0,"yes","no","",FALSE,FALSE,NA,FALSE,FALSE,"other_numeric"
29,"brier",0.98,"threshold_quantile",0.98,88.5,0.0128491116320146,0.00071502820782523,0.995118991721256,"skew-t",3,0,"yes","no","",FALSE,FALSE,NA,FALSE,FALSE,"other_numeric"
29,"brier",0.99,"threshold_quantile",0.99,94.75,0.00716031130704598,0.000588508833094159,0.985789360475731,"skew-t",3,0,"yes","no","",FALSE,FALSE,NA,FALSE,FALSE,"other_numeric"
29,"brier",0.995,"threshold_quantile",0.995,100.52,0.00399563119090959,4.64082184998198e-05,0.991425341344402,"skew-t",3,0,"yes","no","",FALSE,FALSE,NA,FALSE,FALSE,"other_numeric"
29,"quantile",0,"score_quantile",0,NA,0,0,NA,"skew-t",3,0,"yes","no","",FALSE,FALSE,NA,FALSE,FALSE,"other_numeric"
29,"quantile",0.1,"score_quantile",0.1,NA,4.39703010831751,0.0106902238191813,0.999665538736722,"skew-t",3,0,"yes","no","",FALSE,FALSE,NA,FALSE,FALSE,"other_numeric"
29,"quantile",0.2,"score_quantile",0.2,NA,7.24884317822675,0.00162059384598168,0.999472629675425,"skew-t",3,0,"yes","no","",FALSE,FALSE,NA,FALSE,FALSE,"other_numeric"
29,"quantile",0.3,"score_quantile",0.3,NA,9.20340950139089,0.00157513365301742,0.999526366741534,"skew-t",3,0,"yes","no","",FALSE,FALSE,NA,FALSE,FALSE,"other_numeric"
29,"quantile",0.4,"score_quantile",0.4,NA,10.4137188484494,0.0255879114929849,0.999713436857026,"skew-t",3,0,"yes","no","",FALSE,FALSE,NA,FALSE,FALSE,"other_numeric"
29,"quantile",0.5,"score_quantile",0.5,NA,10.9116019924401,0.0550236964991502,0.999720468208249,"skew-t",3,0,"yes","no","",FALSE,FALSE,NA,FALSE,FALSE,"other_numeric"
29,"quantile",0.6,"score_quantile",0.6,NA,10.7062270571386,0.0650600136225288,0.999962751595791,"skew-t",3,0,"yes","no","",FALSE,FALSE,NA,FALSE,FALSE,"other_numeric"
29,"quantile",0.7,"score_quantile",0.7,NA,9.7524804637672,0.0452864708261975,1.00010115658118,"skew-t",3,0,"yes","no","",FALSE,FALSE,NA,FALSE,FALSE,"other_numeric"
29,"quantile",0.8,"score_quantile",0.8,NA,7.94069084651425,0.0181357886246216,0.999860418843545,"skew-t",3,0,"yes","no","",FALSE,FALSE,NA,FALSE,FALSE,"other_numeric"
29,"quantile",0.9,"score_quantile",0.9,NA,5.03799166660694,0.0153001823946028,0.999341868107605,"skew-t",3,0,"yes","no","",FALSE,FALSE,NA,FALSE,FALSE,"other_numeric"
29,"quantile",0.95,"score_quantile",0.95,NA,2.99641713578607,0.0181991093428673,0.998366420991615,"skew-t",3,0,"yes","no","",FALSE,FALSE,NA,FALSE,FALSE,"other_numeric"
29,"quantile",0.98,"score_quantile",0.98,NA,1.43689043730879,0.0293376416160582,0.995414997814149,"skew-t",3,0,"yes","no","",FALSE,FALSE,NA,FALSE,FALSE,"other_numeric"
29,"quantile",0.99,"score_quantile",0.99,NA,0.813080709663847,0.0338751644343391,0.991394093229952,"skew-t",3,0,"yes","no","",FALSE,FALSE,NA,FALSE,FALSE,"other_numeric"
29,"quantile",0.995,"score_quantile",0.995,NA,0.46145887970273,0.0326336675796877,0.984262309629147,"skew-t",3,0,"yes","no","",FALSE,FALSE,NA,FALSE,FALSE,"other_numeric"
30,"brier",0,"threshold_quantile",0,2,0.00152490904069861,0.000486753204862777,10.6645845902891,"skew-t",3,75,"yes","no","",FALSE,FALSE,NA,FALSE,FALSE,"other_numeric"
30,"brier",0.1,"threshold_quantile",0.1,28.875,0.0840029767382098,0.00326760600414242,2.1720610034876,"skew-t",3,75,"yes","no","",FALSE,FALSE,NA,FALSE,FALSE,"other_numeric"
30,"brier",0.2,"threshold_quantile",0.2,36,0.126214200083469,0.00392190644316234,1.99527397116853,"skew-t",3,75,"yes","no","",FALSE,FALSE,NA,FALSE,FALSE,"other_numeric"
30,"brier",0.3,"threshold_quantile",0.3,41.625,0.15284776043897,0.00432105681200956,1.9359707938343,"skew-t",3,75,"yes","no","",FALSE,FALSE,NA,FALSE,FALSE,"other_numeric"
30,"brier",0.4,"threshold_quantile",0.4,46.5,0.166036186335094,0.00263676364240084,1.85966567444033,"skew-t",3,75,"yes","no","",FALSE,FALSE,NA,FALSE,FALSE,"other_numeric"
30,"brier",0.5,"threshold_quantile",0.5,50.875,0.163416677285266,0.00305118587719128,1.72776891886459,"skew-t",3,75,"yes","no","",FALSE,FALSE,NA,FALSE,FALSE,"other_numeric"
30,"brier",0.6,"threshold_quantile",0.6,55.429,0.150317865158751,0.00128709859552101,1.58927829139555,"skew-t",3,75,"yes","no","",FALSE,FALSE,NA,FALSE,FALSE,"other_numeric"
30,"brier",0.7,"threshold_quantile",0.7,60.125,0.124153431108982,0.00143244122910232,1.43533598096383,"skew-t",3,75,"yes","no","",FALSE,FALSE,NA,FALSE,FALSE,"other_numeric"
30,"brier",0.8,"threshold_quantile",0.8,65.5,0.0895388178183823,0.00136130821098042,1.25151281811343,"skew-t",3,75,"yes","no","",FALSE,FALSE,NA,FALSE,FALSE,"other_numeric"
30,"brier",0.9,"threshold_quantile",0.9,73.25,0.0491090124222647,8.35808910485888e-05,1.09022403089593,"skew-t",3,75,"yes","no","",FALSE,FALSE,NA,FALSE,FALSE,"other_numeric"
30,"brier",0.95,"threshold_quantile",0.95,79.75,0.0274789666135841,0.000998780757119962,1.01660498934808,"skew-t",3,75,"yes","no","",FALSE,FALSE,NA,FALSE,FALSE,"other_numeric"
30,"brier",0.98,"threshold_quantile",0.98,88.5,0.0127922551637284,0.000610620224993686,0.990715656065516,"skew-t",3,75,"yes","no","",FALSE,FALSE,NA,FALSE,FALSE,"other_numeric"
30,"brier",0.99,"threshold_quantile",0.99,94.75,0.00699621923785751,0.000691620001381727,0.963198133780704,"skew-t",3,75,"yes","no","",FALSE,FALSE,NA,FALSE,FALSE,"other_numeric"
30,"brier",0.995,"threshold_quantile",0.995,100.52,0.00388260671660157,0.000144148632080443,0.963380879113745,"skew-t",3,75,"yes","no","",FALSE,FALSE,NA,FALSE,FALSE,"other_numeric"
30,"quantile",0,"score_quantile",0,NA,0,0,NA,"skew-t",3,75,"yes","no","",FALSE,FALSE,NA,FALSE,FALSE,"other_numeric"
30,"quantile",0.1,"score_quantile",0.1,NA,5.62922302274603,0.11055758973921,1.27980480621631,"skew-t",3,75,"yes","no","",FALSE,FALSE,NA,FALSE,FALSE,"other_numeric"
30,"quantile",0.2,"score_quantile",0.2,NA,8.67188772353177,0.114256875862356,1.19568243017344,"skew-t",3,75,"yes","no","",FALSE,FALSE,NA,FALSE,FALSE,"other_numeric"
30,"quantile",0.3,"score_quantile",0.3,NA,10.6306478408817,0.115754329978282,1.15453004790229,"skew-t",3,75,"yes","no","",FALSE,FALSE,NA,FALSE,FALSE,"other_numeric"
30,"quantile",0.4,"score_quantile",0.4,NA,11.7429013808567,0.109952901833402,1.12731450397064,"skew-t",3,75,"yes","no","",FALSE,FALSE,NA,FALSE,FALSE,"other_numeric"
30,"quantile",0.5,"score_quantile",0.5,NA,12.0326114243373,0.104007481577382,1.10242730033964,"skew-t",3,75,"yes","no","",FALSE,FALSE,NA,FALSE,FALSE,"other_numeric"
30,"quantile",0.6,"score_quantile",0.6,NA,11.5535803869939,0.0754665382908923,1.07910564318345,"skew-t",3,75,"yes","no","",FALSE,FALSE,NA,FALSE,FALSE,"other_numeric"
30,"quantile",0.7,"score_quantile",0.7,NA,10.3127306210723,0.0200770136735677,1.05755390743541,"skew-t",3,75,"yes","no","",FALSE,FALSE,NA,FALSE,FALSE,"other_numeric"
30,"quantile",0.8,"score_quantile",0.8,NA,8.24668416645976,0.0114035093835403,1.03838988875464,"skew-t",3,75,"yes","no","",FALSE,FALSE,NA,FALSE,FALSE,"other_numeric"
30,"quantile",0.9,"score_quantile",0.9,NA,5.16324784817408,0.013891666514092,1.02418782950707,"skew-t",3,75,"yes","no","",FALSE,FALSE,NA,FALSE,FALSE,"other_numeric"
30,"quantile",0.95,"score_quantile",0.95,NA,3.0512528251173,0.000680499982006921,1.01663694489378,"skew-t",3,75,"yes","no","",FALSE,FALSE,NA,FALSE,FALSE,"other_numeric"
30,"quantile",0.98,"score_quantile",0.98,NA,1.45377945040068,0.0130221948269776,1.00711496915048,"skew-t",3,75,"yes","no","",FALSE,FALSE,NA,FALSE,FALSE,"other_numeric"
30,"quantile",0.99,"score_quantile",0.99,NA,0.814732319723524,0.0149538971924426,0.993407911093322,"skew-t",3,75,"yes","no","",FALSE,FALSE,NA,FALSE,FALSE,"other_numeric"
30,"quantile",0.995,"score_quantile",0.995,NA,0.450951900593321,0.0150627898769785,0.961851594437981,"skew-t",3,75,"yes","no","",FALSE,FALSE,NA,FALSE,FALSE,"other_numeric"
31,"brier",0,"threshold_quantile",0,2,0.000136346478049693,8.10440024307879e-05,0.953551005299816,"skew-t",4,0,"yes","no","",FALSE,FALSE,NA,FALSE,FALSE,"other_numeric"
31,"brier",0.1,"threshold_quantile",0.1,28.875,0.0386121641887662,0.00102992138262669,0.998392906432932,"skew-t",4,0,"yes","no","",FALSE,FALSE,NA,FALSE,FALSE,"other_numeric"
31,"brier",0.2,"threshold_quantile",0.2,36,0.0629921834871706,0.00177247335704046,0.995820311945115,"skew-t",4,0,"yes","no","",FALSE,FALSE,NA,FALSE,FALSE,"other_numeric"
31,"brier",0.3,"threshold_quantile",0.3,41.625,0.0787581198862829,0.0015586541672305,0.997550892726525,"skew-t",4,0,"yes","no","",FALSE,FALSE,NA,FALSE,FALSE,"other_numeric"
31,"brier",0.4,"threshold_quantile",0.4,46.5,0.0891193270143637,0.000505151165181184,0.998168875327905,"skew-t",4,0,"yes","no","",FALSE,FALSE,NA,FALSE,FALSE,"other_numeric"
31,"brier",0.5,"threshold_quantile",0.5,50.875,0.094390866459464,0.00073105886186637,0.997974062394328,"skew-t",4,0,"yes","no","",FALSE,FALSE,NA,FALSE,FALSE,"other_numeric"
31,"brier",0.6,"threshold_quantile",0.6,55.429,0.0943393572439681,0.000214757397339824,0.997429629097683,"skew-t",4,0,"yes","no","",FALSE,FALSE,NA,FALSE,FALSE,"other_numeric"
31,"brier",0.7,"threshold_quantile",0.7,60.125,0.0861791847644306,6.28294591252937e-05,0.996316280570102,"skew-t",4,0,"yes","no","",FALSE,FALSE,NA,FALSE,FALSE,"other_numeric"
31,"brier",0.8,"threshold_quantile",0.8,65.5,0.0711070054417646,0.00155819119153537,0.993885455898439,"skew-t",4,0,"yes","no","",FALSE,FALSE,NA,FALSE,FALSE,"other_numeric"
31,"brier",0.9,"threshold_quantile",0.9,73.25,0.0447258003657496,0.00128248138933883,0.992916370227945,"skew-t",4,0,"yes","no","",FALSE,FALSE,NA,FALSE,FALSE,"other_numeric"
31,"brier",0.95,"threshold_quantile",0.95,79.75,0.0269743779417302,0.00211603248870025,0.997937352803061,"skew-t",4,0,"yes","no","",FALSE,FALSE,NA,FALSE,FALSE,"other_numeric"
31,"brier",0.98,"threshold_quantile",0.98,88.5,0.0128384866667793,0.000705051411298771,0.994296125129788,"skew-t",4,0,"yes","no","",FALSE,FALSE,NA,FALSE,FALSE,"other_numeric"
31,"brier",0.99,"threshold_quantile",0.99,94.75,0.00716886079441782,0.000583626012388983,0.986966403390107,"skew-t",4,0,"yes","no","",FALSE,FALSE,NA,FALSE,FALSE,"other_numeric"
31,"brier",0.995,"threshold_quantile",0.995,100.52,0.0039986988553282,5.28227829767755e-05,0.992186512758387,"skew-t",4,0,"yes","no","",FALSE,FALSE,NA,FALSE,FALSE,"other_numeric"
31,"quantile",0,"score_quantile",0,NA,0,0,NA,"skew-t",4,0,"yes","no","",FALSE,FALSE,NA,FALSE,FALSE,"other_numeric"
31,"quantile",0.1,"score_quantile",0.1,NA,4.3969697431787,0.0112980852939328,0.999651814712205,"skew-t",4,0,"yes","no","",FALSE,FALSE,NA,FALSE,FALSE,"other_numeric"
31,"quantile",0.2,"score_quantile",0.2,NA,7.2484152792344,0.00220112838427333,0.999413630836491,"skew-t",4,0,"yes","no","",FALSE,FALSE,NA,FALSE,FALSE,"other_numeric"
31,"quantile",0.3,"score_quantile",0.3,NA,9.20407170307942,0.000380437602961692,0.999598284442,"skew-t",4,0,"yes","no","",FALSE,FALSE,NA,FALSE,FALSE,"other_numeric"
31,"quantile",0.4,"score_quantile",0.4,NA,10.4142584652527,0.0247753648540483,0.999765239885027,"skew-t",4,0,"yes","no","",FALSE,FALSE,NA,FALSE,FALSE,"other_numeric"
31,"quantile",0.5,"score_quantile",0.5,NA,10.911753556333,0.0539223210577946,0.999734354485079,"skew-t",4,0,"yes","no","",FALSE,FALSE,NA,FALSE,FALSE,"other_numeric"
31,"quantile",0.6,"score_quantile",0.6,NA,10.706583394221,0.0644374192308428,0.99999603351738,"skew-t",4,0,"yes","no","",FALSE,FALSE,NA,FALSE,FALSE,"other_numeric"
31,"quantile",0.7,"score_quantile",0.7,NA,9.75218018671817,0.0448156109591169,1.00007036365366,"skew-t",4,0,"yes","no","",FALSE,FALSE,NA,FALSE,FALSE,"other_numeric"
31,"quantile",0.8,"score_quantile",0.8,NA,7.94077879279389,0.0174807790703748,0.999871492691614,"skew-t",4,0,"yes","no","",FALSE,FALSE,NA,FALSE,FALSE,"other_numeric"
31,"quantile",0.9,"score_quantile",0.9,NA,5.0382195711937,0.0153765847860798,0.999387075525672,"skew-t",4,0,"yes","no","",FALSE,FALSE,NA,FALSE,FALSE,"other_numeric"
31,"quantile",0.95,"score_quantile",0.95,NA,2.99628698278172,0.0180181757181677,0.998323055737964,"skew-t",4,0,"yes","no","",FALSE,FALSE,NA,FALSE,FALSE,"other_numeric"
31,"quantile",0.98,"score_quantile",0.98,NA,1.43690867304399,0.0290245340360953,0.995427630735802,"skew-t",4,0,"yes","no","",FALSE,FALSE,NA,FALSE,FALSE,"other_numeric"
31,"quantile",0.99,"score_quantile",0.99,NA,0.813145759004659,0.0332091650785682,0.991473408273935,"skew-t",4,0,"yes","no","",FALSE,FALSE,NA,FALSE,FALSE,"other_numeric"
31,"quantile",0.995,"score_quantile",0.995,NA,0.461587217299987,0.0325414957935352,0.984536045525116,"skew-t",4,0,"yes","no","",FALSE,FALSE,NA,FALSE,FALSE,"other_numeric"
32,"brier",0,"threshold_quantile",0,2,0.00245482255151876,0.00152649131361419,17.1680159643012,"skew-t",4,75,"yes","no","",FALSE,FALSE,NA,FALSE,FALSE,"other_numeric"
32,"brier",0.1,"threshold_quantile",0.1,28.875,0.0889828631691657,0.00627906750683667,2.30082569181746,"skew-t",4,75,"yes","no","",FALSE,FALSE,NA,FALSE,FALSE,"other_numeric"
32,"brier",0.2,"threshold_quantile",0.2,36,0.1316596266935,0.00621173293307312,2.08135872208972,"skew-t",4,75,"yes","no","",FALSE,FALSE,NA,FALSE,FALSE,"other_numeric"
32,"brier",0.3,"threshold_quantile",0.3,41.625,0.156688608559546,0.00667168214312962,1.9846190027687,"skew-t",4,75,"yes","no","",FALSE,FALSE,NA,FALSE,FALSE,"other_numeric"
32,"brier",0.4,"threshold_quantile",0.4,46.5,0.168016746329341,0.00467548563865065,1.88184866670708,"skew-t",4,75,"yes","no","",FALSE,FALSE,NA,FALSE,FALSE,"other_numeric"
32,"brier",0.5,"threshold_quantile",0.5,50.875,0.164867880007049,0.00461536788159002,1.74311216901091,"skew-t",4,75,"yes","no","",FALSE,FALSE,NA,FALSE,FALSE,"other_numeric"
32,"brier",0.6,"threshold_quantile",0.6,55.429,0.151245162704232,0.00238769544363819,1.59908240787327,"skew-t",4,75,"yes","no","",FALSE,FALSE,NA,FALSE,FALSE,"other_numeric"
32,"brier",0.7,"threshold_quantile",0.7,60.125,0.124617110941493,0.00202722981036175,1.4406965766502,"skew-t",4,75,"yes","no","",FALSE,FALSE,NA,FALSE,FALSE,"other_numeric"
32,"brier",0.8,"threshold_quantile",0.8,65.5,0.0894800542674044,0.00106901818838468,1.25069146108552,"skew-t",4,75,"yes","no","",FALSE,FALSE,NA,FALSE,FALSE,"other_numeric"
32,"brier",0.9,"threshold_quantile",0.9,73.25,0.0489980880699204,0.000147933004487358,1.0877615013403,"skew-t",4,75,"yes","no","",FALSE,FALSE,NA,FALSE,FALSE,"other_numeric"
32,"brier",0.95,"threshold_quantile",0.95,79.75,0.0274008650875244,0.00107330714137118,1.01371556478622,"skew-t",4,75,"yes","no","",FALSE,FALSE,NA,FALSE,FALSE,"other_numeric"
32,"brier",0.98,"threshold_quantile",0.98,88.5,0.0127835488043683,0.00061106141918863,0.990041378823935,"skew-t",4,75,"yes","no","",FALSE,FALSE,NA,FALSE,FALSE,"other_numeric"
32,"brier",0.99,"threshold_quantile",0.99,94.75,0.00697905918517417,0.000700599600277948,0.960835639102045,"skew-t",4,75,"yes","no","",FALSE,FALSE,NA,FALSE,FALSE,"other_numeric"
32,"brier",0.995,"threshold_quantile",0.995,100.52,0.0038680783201456,0.000136305410251462,0.959775986738213,"skew-t",4,75,"yes","no","",FALSE,FALSE,NA,FALSE,FALSE,"other_numeric"
32,"quantile",0,"score_quantile",0,NA,0,0,NA,"skew-t",4,75,"yes","no","",FALSE,FALSE,NA,FALSE,FALSE,"other_numeric"
32,"quantile",0.1,"score_quantile",0.1,NA,5.77862497265732,0.304987506946707,1.31377136479499,"skew-t",4,75,"yes","no","",FALSE,FALSE,NA,FALSE,FALSE,"other_numeric"
32,"quantile",0.2,"score_quantile",0.2,NA,8.84210570360175,0.319528499374751,1.21915213533544,"skew-t",4,75,"yes","no","",FALSE,FALSE,NA,FALSE,FALSE,"other_numeric"
32,"quantile",0.3,"score_quantile",0.3,NA,10.7842520950226,0.286951331591628,1.17121207232316,"skew-t",4,75,"yes","no","",FALSE,FALSE,NA,FALSE,FALSE,"other_numeric"
32,"quantile",0.4,"score_quantile",0.4,NA,11.8657743515246,0.243102630674136,1.13911026700121,"skew-t",4,75,"yes","no","",FALSE,FALSE,NA,FALSE,FALSE,"other_numeric"
32,"quantile",0.5,"score_quantile",0.5,NA,12.1253183965661,0.202608138674108,1.11092110883329,"skew-t",4,75,"yes","no","",FALSE,FALSE,NA,FALSE,FALSE,"other_numeric"
32,"quantile",0.6,"score_quantile",0.6,NA,11.6172043169544,0.139724319848476,1.08504812504294,"skew-t",4,75,"yes","no","",FALSE,FALSE,NA,FALSE,FALSE,"other_numeric"
32,"quantile",0.7,"score_quantile",0.7,NA,10.3516676009247,0.0546971136449894,1.0615468319769,"skew-t",4,75,"yes","no","",FALSE,FALSE,NA,FALSE,FALSE,"other_numeric"
32,"quantile",0.8,"score_quantile",0.8,NA,8.26024415944731,0.0193216960235771,1.04009730949801,"skew-t",4,75,"yes","no","",FALSE,FALSE,NA,FALSE,FALSE,"other_numeric"
32,"quantile",0.9,"score_quantile",0.9,NA,5.169171004022,0.0113221565459805,1.02536275356845,"skew-t",4,75,"yes","no","",FALSE,FALSE,NA,FALSE,FALSE,"other_numeric"
32,"quantile",0.95,"score_quantile",0.95,NA,3.05373020336421,0.00168391734954687,1.01746237444572,"skew-t",4,75,"yes","no","",FALSE,FALSE,NA,FALSE,FALSE,"other_numeric"
32,"quantile",0.98,"score_quantile",0.98,NA,1.45471787284472,0.0133371301207837,1.00776506727266,"skew-t",4,75,"yes","no","",FALSE,FALSE,NA,FALSE,FALSE,"other_numeric"
32,"quantile",0.99,"score_quantile",0.99,NA,0.816141551320922,0.0149784779015452,0.99512619547155,"skew-t",4,75,"yes","no","",FALSE,FALSE,NA,FALSE,FALSE,"other_numeric"
32,"quantile",0.995,"score_quantile",0.995,NA,0.452148377929605,0.0144766235278397,0.964403604158085,"skew-t",4,75,"yes","no","",FALSE,FALSE,NA,FALSE,FALSE,"other_numeric"
33,"brier",0,"threshold_quantile",0,2,0.000131206492760578,6.95609847168999e-05,0.917604069157647,"skew-t",6,0,"yes","no","",TRUE,FALSE,NA,FALSE,FALSE,"morris_baseline"
33,"brier",0.1,"threshold_quantile",0.1,28.875,0.036890649007795,0.00099246533745799,0.953879769676451,"skew-t",6,0,"yes","no","",TRUE,FALSE,NA,FALSE,FALSE,"morris_baseline"
33,"brier",0.2,"threshold_quantile",0.2,36,0.0606779201285419,0.00153877299140476,0.959234971794426,"skew-t",6,0,"yes","no","",TRUE,FALSE,NA,FALSE,FALSE,"morris_baseline"
33,"brier",0.3,"threshold_quantile",0.3,41.625,0.0763631407134604,0.00148596751693053,0.967216069912571,"skew-t",6,0,"yes","no","",TRUE,FALSE,NA,FALSE,FALSE,"morris_baseline"
33,"brier",0.4,"threshold_quantile",0.4,46.5,0.0867769270710846,0.000942368892906414,0.971933144030537,"skew-t",6,0,"yes","no","",TRUE,FALSE,NA,FALSE,FALSE,"morris_baseline"
33,"brier",0.5,"threshold_quantile",0.5,50.875,0.0927996214262162,0.00105592135614609,0.981150175405463,"skew-t",6,0,"yes","no","",TRUE,FALSE,NA,FALSE,FALSE,"morris_baseline"
33,"brier",0.6,"threshold_quantile",0.6,55.429,0.0935439252226658,0.000135997151261037,0.98901969829936,"skew-t",6,0,"yes","no","",TRUE,FALSE,NA,FALSE,FALSE,"morris_baseline"
33,"brier",0.7,"threshold_quantile",0.7,60.125,0.0855096662270347,0.000421122730204573,0.988575986660681,"skew-t",6,0,"yes","no","",TRUE,FALSE,NA,FALSE,FALSE,"morris_baseline"
33,"brier",0.8,"threshold_quantile",0.8,65.5,0.0711104769013537,0.00149039544098863,0.993933977604211,"skew-t",6,0,"yes","no","",TRUE,FALSE,NA,FALSE,FALSE,"morris_baseline"
33,"brier",0.9,"threshold_quantile",0.9,73.25,0.0448462015570885,0.00122008741855384,0.99558928637249,"skew-t",6,0,"yes","no","",TRUE,FALSE,NA,FALSE,FALSE,"morris_baseline"
33,"brier",0.95,"threshold_quantile",0.95,79.75,0.0267970238257049,0.00194731328140218,0.991376004198941,"skew-t",6,0,"yes","no","",TRUE,FALSE,NA,FALSE,FALSE,"morris_baseline"
33,"brier",0.98,"threshold_quantile",0.98,88.5,0.0127710534640429,0.000697477229984423,0.989073658189088,"skew-t",6,0,"yes","no","",TRUE,FALSE,NA,FALSE,FALSE,"morris_baseline"
33,"brier",0.99,"threshold_quantile",0.99,94.75,0.00699179951422665,0.00049314541403494,0.962589652341181,"skew-t",6,0,"yes","no","",TRUE,FALSE,NA,FALSE,FALSE,"morris_baseline"
33,"brier",0.995,"threshold_quantile",0.995,100.52,0.00394474168961284,3.77183737838862e-05,0.978798264724128,"skew-t",6,0,"yes","no","",TRUE,FALSE,NA,FALSE,FALSE,"morris_baseline"
33,"quantile",0,"score_quantile",0,NA,0,0,NA,"skew-t",6,0,"yes","no","",TRUE,FALSE,NA,FALSE,FALSE,"morris_baseline"
33,"quantile",0.1,"score_quantile",0.1,NA,4.37021367684778,0.0101615900839804,0.993568818506975,"skew-t",6,0,"yes","no","",TRUE,FALSE,NA,FALSE,FALSE,"morris_baseline"
33,"quantile",0.2,"score_quantile",0.2,NA,7.22432984514846,0.017971374440616,0.996092724099944,"skew-t",6,0,"yes","no","",TRUE,FALSE,NA,FALSE,FALSE,"morris_baseline"
33,"quantile",0.3,"score_quantile",0.3,NA,9.18468488781633,0.00920317542865678,0.997492800271196,"skew-t",6,0,"yes","no","",TRUE,FALSE,NA,FALSE,FALSE,"morris_baseline"
33,"quantile",0.4,"score_quantile",0.4,NA,10.3980780526939,0.0135871799329514,0.998211925830326,"skew-t",6,0,"yes","no","",TRUE,FALSE,NA,FALSE,FALSE,"morris_baseline"
33,"quantile",0.5,"score_quantile",0.5,NA,10.8982614068377,0.0287269668203542,0.998498204374409,"skew-t",6,0,"yes","no","",TRUE,FALSE,NA,FALSE,FALSE,"morris_baseline"
33,"quantile",0.6,"score_quantile",0.6,NA,10.6970962842715,0.0379700809494512,0.999109936433958,"skew-t",6,0,"yes","no","",TRUE,FALSE,NA,FALSE,FALSE,"morris_baseline"
33,"quantile",0.7,"score_quantile",0.7,NA,9.74452696600074,0.0243277014079704,0.999285538201356,"skew-t",6,0,"yes","no","",TRUE,FALSE,NA,FALSE,FALSE,"morris_baseline"
33,"quantile",0.8,"score_quantile",0.8,NA,7.93861324153518,0.000203241102356699,0.999598815032905,"skew-t",6,0,"yes","no","",TRUE,FALSE,NA,FALSE,FALSE,"morris_baseline"
33,"quantile",0.9,"score_quantile",0.9,NA,5.03577401318506,0.00602183085252195,0.998901971803663,"skew-t",6,0,"yes","no","",TRUE,FALSE,NA,FALSE,FALSE,"morris_baseline"
33,"quantile",0.95,"score_quantile",0.95,NA,2.99151947379962,0.00308266096249166,0.996734585019833,"skew-t",6,0,"yes","no","",TRUE,FALSE,NA,FALSE,FALSE,"morris_baseline"
33,"quantile",0.98,"score_quantile",0.98,NA,1.42865268823163,0.0179674773409389,0.989708244698731,"skew-t",6,0,"yes","no","",TRUE,FALSE,NA,FALSE,FALSE,"morris_baseline"
33,"quantile",0.99,"score_quantile",0.99,NA,0.802459562662533,0.0195882225423895,0.978443666199426,"skew-t",6,0,"yes","no","",TRUE,FALSE,NA,FALSE,FALSE,"morris_baseline"
33,"quantile",0.995,"score_quantile",0.995,NA,0.447671783679546,0.0155023018785345,0.954855314614553,"skew-t",6,0,"yes","no","",TRUE,FALSE,NA,FALSE,FALSE,"morris_baseline"
34,"brier",0,"threshold_quantile",0,2,0.000149271396213668,5.10753538697487e-05,1.04394254958441,"skew-t",7,0,"yes","no","",TRUE,FALSE,NA,FALSE,FALSE,"morris_baseline"
34,"brier",0.1,"threshold_quantile",0.1,28.875,0.037106398532715,0.000968088092274569,0.959458394956127,"skew-t",7,0,"yes","no","",TRUE,FALSE,NA,FALSE,FALSE,"morris_baseline"
34,"brier",0.2,"threshold_quantile",0.2,36,0.0606683423835263,0.00145375679126739,0.959083560738305,"skew-t",7,0,"yes","no","",TRUE,FALSE,NA,FALSE,FALSE,"morris_baseline"
34,"brier",0.3,"threshold_quantile",0.3,41.625,0.0765360679140481,0.00151432017297367,0.969406367034595,"skew-t",7,0,"yes","no","",TRUE,FALSE,NA,FALSE,FALSE,"morris_baseline"
34,"brier",0.4,"threshold_quantile",0.4,46.5,0.0868942056583352,0.000703436092102355,0.973246706862056,"skew-t",7,0,"yes","no","",TRUE,FALSE,NA,FALSE,FALSE,"morris_baseline"
34,"brier",0.5,"threshold_quantile",0.5,50.875,0.0929449601612027,0.00104936150588072,0.982686810179761,"skew-t",7,0,"yes","no","",TRUE,FALSE,NA,FALSE,FALSE,"morris_baseline"
34,"brier",0.6,"threshold_quantile",0.6,55.429,0.0934456712369696,0.000304891253653003,0.987980880149933,"skew-t",7,0,"yes","no","",TRUE,FALSE,NA,FALSE,FALSE,"morris_baseline"
34,"brier",0.7,"threshold_quantile",0.7,60.125,0.0855507348749349,0.000549273853913929,0.989050780691697,"skew-t",7,0,"yes","no","",TRUE,FALSE,NA,FALSE,FALSE,"morris_baseline"
34,"brier",0.8,"threshold_quantile",0.8,65.5,0.0710471326786627,0.00147866863598532,0.993048595056363,"skew-t",7,0,"yes","no","",TRUE,FALSE,NA,FALSE,FALSE,"morris_baseline"
34,"brier",0.9,"threshold_quantile",0.9,73.25,0.0448622067753437,0.00139276295772266,0.995944603506778,"skew-t",7,0,"yes","no","",TRUE,FALSE,NA,FALSE,FALSE,"morris_baseline"
34,"brier",0.95,"threshold_quantile",0.95,79.75,0.0269302258951437,0.00197871722464275,0.996303914709085,"skew-t",7,0,"yes","no","",TRUE,FALSE,NA,FALSE,FALSE,"morris_baseline"
34,"brier",0.98,"threshold_quantile",0.98,88.5,0.0127557574379568,0.000669483266080534,0.987889034186117,"skew-t",7,0,"yes","no","",TRUE,FALSE,NA,FALSE,FALSE,"morris_baseline"
34,"brier",0.99,"threshold_quantile",0.99,94.75,0.00693149554623641,0.000516186275585413,0.954287358280202,"skew-t",7,0,"yes","no","",TRUE,FALSE,NA,FALSE,FALSE,"morris_baseline"
34,"brier",0.995,"threshold_quantile",0.995,100.52,0.00390633852083516,3.78780257113828e-05,0.969269388585424,"skew-t",7,0,"yes","no","",TRUE,FALSE,NA,FALSE,FALSE,"morris_baseline"
34,"quantile",0,"score_quantile",0,NA,0,0,NA,"skew-t",7,0,"yes","no","",TRUE,FALSE,NA,FALSE,FALSE,"morris_baseline"
34,"quantile",0.1,"score_quantile",0.1,NA,4.3676367756063,0.00835811193108604,0.992982959573928,"skew-t",7,0,"yes","no","",TRUE,FALSE,NA,FALSE,FALSE,"morris_baseline"
34,"quantile",0.2,"score_quantile",0.2,NA,7.22536185982591,0.0140147948158842,0.996235018587241,"skew-t",7,0,"yes","no","",TRUE,FALSE,NA,FALSE,FALSE,"morris_baseline"
34,"quantile",0.3,"score_quantile",0.3,NA,9.18823278734753,0.00838364491440569,0.997878116074806,"skew-t",7,0,"yes","no","",TRUE,FALSE,NA,FALSE,FALSE,"morris_baseline"
34,"quantile",0.4,"score_quantile",0.4,NA,10.4022438083258,0.0150093976399397,0.998611836941861,"skew-t",7,0,"yes","no","",TRUE,FALSE,NA,FALSE,FALSE,"morris_baseline"
34,"quantile",0.5,"score_quantile",0.5,NA,10.8991555845476,0.031911315657406,0.998580128894697,"skew-t",7,0,"yes","no","",TRUE,FALSE,NA,FALSE,FALSE,"morris_baseline"
34,"quantile",0.6,"score_quantile",0.6,NA,10.6981233538697,0.0389315983422254,0.999205864844213,"skew-t",7,0,"yes","no","",TRUE,FALSE,NA,FALSE,FALSE,"morris_baseline"
34,"quantile",0.7,"score_quantile",0.7,NA,9.74497701980785,0.0243109267887585,0.999331690494066,"skew-t",7,0,"yes","no","",TRUE,FALSE,NA,FALSE,FALSE,"morris_baseline"
34,"quantile",0.8,"score_quantile",0.8,NA,7.94027963192668,0.00141908060108697,0.999808640327329,"skew-t",7,0,"yes","no","",TRUE,FALSE,NA,FALSE,FALSE,"morris_baseline"
34,"quantile",0.9,"score_quantile",0.9,NA,5.035280782325,0.000860582715999758,0.998804133958403,"skew-t",7,0,"yes","no","",TRUE,FALSE,NA,FALSE,FALSE,"morris_baseline"
34,"quantile",0.95,"score_quantile",0.95,NA,2.98952658145452,0.00676526828376622,0.996070579740249,"skew-t",7,0,"yes","no","",TRUE,FALSE,NA,FALSE,FALSE,"morris_baseline"
34,"quantile",0.98,"score_quantile",0.98,NA,1.42421421725199,0.0168712496029303,0.986633465671896,"skew-t",7,0,"yes","no","",TRUE,FALSE,NA,FALSE,FALSE,"morris_baseline"
34,"quantile",0.99,"score_quantile",0.99,NA,0.798738779780288,0.0195484591796283,0.973906893739071,"skew-t",7,0,"yes","no","",TRUE,FALSE,NA,FALSE,FALSE,"morris_baseline"
34,"quantile",0.995,"score_quantile",0.995,NA,0.444976807665853,0.0149674874739213,0.949107102948669,"skew-t",7,0,"yes","no","",TRUE,FALSE,NA,FALSE,FALSE,"morris_baseline"
35,"brier",0,"threshold_quantile",0,2,0.000135407028611507,6.38334718889933e-05,0.946980883584728,"skew-t",8,0,"yes","no","",TRUE,FALSE,NA,FALSE,FALSE,"morris_baseline"
35,"brier",0.1,"threshold_quantile",0.1,28.875,0.0369809413447231,0.000913022979691369,0.956214454369429,"skew-t",8,0,"yes","no","",TRUE,FALSE,NA,FALSE,FALSE,"morris_baseline"
35,"brier",0.2,"threshold_quantile",0.2,36,0.0605472556286219,0.00148003861160485,0.957169344666308,"skew-t",8,0,"yes","no","",TRUE,FALSE,NA,FALSE,FALSE,"morris_baseline"
35,"brier",0.3,"threshold_quantile",0.3,41.625,0.0763493055019986,0.0013444371736703,0.967040833028238,"skew-t",8,0,"yes","no","",TRUE,FALSE,NA,FALSE,FALSE,"morris_baseline"
35,"brier",0.4,"threshold_quantile",0.4,46.5,0.0867233403769849,0.000689010890832065,0.971332953567099,"skew-t",8,0,"yes","no","",TRUE,FALSE,NA,FALSE,FALSE,"morris_baseline"
35,"brier",0.5,"threshold_quantile",0.5,50.875,0.0930733900044543,0.00123476701813466,0.984044670926357,"skew-t",8,0,"yes","no","",TRUE,FALSE,NA,FALSE,FALSE,"morris_baseline"
35,"brier",0.6,"threshold_quantile",0.6,55.429,0.0936496360810273,0.000440248506786353,0.99013735635139,"skew-t",8,0,"yes","no","",TRUE,FALSE,NA,FALSE,FALSE,"morris_baseline"
35,"brier",0.7,"threshold_quantile",0.7,60.125,0.0852863392443619,0.000589309331115312,0.985994106716751,"skew-t",8,0,"yes","no","",TRUE,FALSE,NA,FALSE,FALSE,"morris_baseline"
35,"brier",0.8,"threshold_quantile",0.8,65.5,0.0711269661683677,0.00150787869983386,0.994164453385912,"skew-t",8,0,"yes","no","",TRUE,FALSE,NA,FALSE,FALSE,"morris_baseline"
35,"brier",0.9,"threshold_quantile",0.9,73.25,0.0448453831441694,0.00118487032263071,0.995571117539774,"skew-t",8,0,"yes","no","",TRUE,FALSE,NA,FALSE,FALSE,"morris_baseline"
35,"brier",0.95,"threshold_quantile",0.95,79.75,0.0268405290168914,0.00188142557102989,0.992985511392011,"skew-t",8,0,"yes","no","",TRUE,FALSE,NA,FALSE,FALSE,"morris_baseline"
35,"brier",0.98,"threshold_quantile",0.98,88.5,0.0127370807919372,0.000627297179367414,0.98644259293103,"skew-t",8,0,"yes","no","",TRUE,FALSE,NA,FALSE,FALSE,"morris_baseline"
35,"brier",0.99,"threshold_quantile",0.99,94.75,0.00698167482224035,0.000457347937185748,0.96119574456117,"skew-t",8,0,"yes","no","",TRUE,FALSE,NA,FALSE,FALSE,"morris_baseline"
35,"brier",0.995,"threshold_quantile",0.995,100.52,0.00390222204708084,1.74310259922338e-05,0.968247978900191,"skew-t",8,0,"yes","no","",TRUE,FALSE,NA,FALSE,FALSE,"morris_baseline"
35,"quantile",0,"score_quantile",0,NA,0,0,NA,"skew-t",8,0,"yes","no","",TRUE,FALSE,NA,FALSE,FALSE,"morris_baseline"
35,"quantile",0.1,"score_quantile",0.1,NA,4.36853729402568,0.0101524813330722,0.993187692588867,"skew-t",8,0,"yes","no","",TRUE,FALSE,NA,FALSE,FALSE,"morris_baseline"
35,"quantile",0.2,"score_quantile",0.2,NA,7.22665395150031,0.0159674485532619,0.996413172567378,"skew-t",8,0,"yes","no","",TRUE,FALSE,NA,FALSE,FALSE,"morris_baseline"
35,"quantile",0.3,"score_quantile",0.3,NA,9.19127963690095,0.00853715223246976,0.998209015885759,"skew-t",8,0,"yes","no","",TRUE,FALSE,NA,FALSE,FALSE,"morris_baseline"
35,"quantile",0.4,"score_quantile",0.4,NA,10.4037855215615,0.0154275347399544,0.998759840883578,"skew-t",8,0,"yes","no","",TRUE,FALSE,NA,FALSE,FALSE,"morris_baseline"
35,"quantile",0.5,"score_quantile",0.5,NA,10.9009480274076,0.0312299080152032,0.998744352426351,"skew-t",8,0,"yes","no","",TRUE,FALSE,NA,FALSE,FALSE,"morris_baseline"
35,"quantile",0.6,"score_quantile",0.6,NA,10.6979884639058,0.0381596021403405,0.999193266107173,"skew-t",8,0,"yes","no","",TRUE,FALSE,NA,FALSE,FALSE,"morris_baseline"
35,"quantile",0.7,"score_quantile",0.7,NA,9.74480648226092,0.0234772268067163,0.99931420214343,"skew-t",8,0,"yes","no","",TRUE,FALSE,NA,FALSE,FALSE,"morris_baseline"
35,"quantile",0.8,"score_quantile",0.8,NA,7.94003995331357,0.000826403199484016,0.999778460943302,"skew-t",8,0,"yes","no","",TRUE,FALSE,NA,FALSE,FALSE,"morris_baseline"
35,"quantile",0.9,"score_quantile",0.9,NA,5.04020954458479,0.00340775020565554,0.999781808954731,"skew-t",8,0,"yes","no","",TRUE,FALSE,NA,FALSE,FALSE,"morris_baseline"
35,"quantile",0.95,"score_quantile",0.95,NA,2.99434397804599,0.00560793185244668,0.997675672347709,"skew-t",8,0,"yes","no","",TRUE,FALSE,NA,FALSE,FALSE,"morris_baseline"
35,"quantile",0.98,"score_quantile",0.98,NA,1.42814150132356,0.016687966866385,0.989354116713905,"skew-t",8,0,"yes","no","",TRUE,FALSE,NA,FALSE,FALSE,"morris_baseline"
35,"quantile",0.99,"score_quantile",0.99,NA,0.802242118854469,0.0159691808841528,0.978178535684875,"skew-t",8,0,"yes","no","",TRUE,FALSE,NA,FALSE,FALSE,"morris_baseline"
35,"quantile",0.995,"score_quantile",0.995,NA,0.445672262849711,0.0126631643181492,0.950590464425968,"skew-t",8,0,"yes","no","",TRUE,FALSE,NA,FALSE,FALSE,"morris_baseline"
36,"brier",0,"threshold_quantile",0,2,0.000159967620024375,4.10984760717206e-05,1.11874752521344,"skew-t",9,0,"yes","no","",TRUE,FALSE,NA,FALSE,FALSE,"morris_baseline"
36,"brier",0.1,"threshold_quantile",0.1,28.875,0.0370337484961431,0.00110955555653678,0.957579886390512,"skew-t",9,0,"yes","no","",TRUE,FALSE,NA,FALSE,FALSE,"morris_baseline"
36,"brier",0.2,"threshold_quantile",0.2,36,0.0605903074710332,0.00162283858548096,0.957849935443869,"skew-t",9,0,"yes","no","",TRUE,FALSE,NA,FALSE,FALSE,"morris_baseline"
36,"brier",0.3,"threshold_quantile",0.3,41.625,0.0760962173422522,0.00136903623114112,0.963835216641534,"skew-t",9,0,"yes","no","",TRUE,FALSE,NA,FALSE,FALSE,"morris_baseline"
36,"brier",0.4,"threshold_quantile",0.4,46.5,0.0865190201938936,0.000609587718084427,0.969044493205071,"skew-t",9,0,"yes","no","",TRUE,FALSE,NA,FALSE,FALSE,"morris_baseline"
36,"brier",0.5,"threshold_quantile",0.5,50.875,0.0928246647295282,0.00106546914060597,0.981414952794204,"skew-t",9,0,"yes","no","",TRUE,FALSE,NA,FALSE,FALSE,"morris_baseline"
36,"brier",0.6,"threshold_quantile",0.6,55.429,0.0937443540873256,0.000407046166071047,0.991138789355081,"skew-t",9,0,"yes","no","",TRUE,FALSE,NA,FALSE,FALSE,"morris_baseline"
36,"brier",0.7,"threshold_quantile",0.7,60.125,0.0857514501180988,0.000484359711025104,0.991371246649566,"skew-t",9,0,"yes","no","",TRUE,FALSE,NA,FALSE,FALSE,"morris_baseline"
36,"brier",0.8,"threshold_quantile",0.8,65.5,0.0709817447057135,0.00128743183749641,0.992134646354669,"skew-t",9,0,"yes","no","",TRUE,FALSE,NA,FALSE,FALSE,"morris_baseline"
36,"brier",0.9,"threshold_quantile",0.9,73.25,0.0448831915570872,0.0012623751929962,0.996410467351547,"skew-t",9,0,"yes","no","",TRUE,FALSE,NA,FALSE,FALSE,"morris_baseline"
36,"brier",0.95,"threshold_quantile",0.95,79.75,0.0268108455150011,0.00207967970021409,0.991887347965879,"skew-t",9,0,"yes","no","",TRUE,FALSE,NA,FALSE,FALSE,"morris_baseline"
36,"brier",0.98,"threshold_quantile",0.98,88.5,0.0127304387953658,0.000673345205301576,0.985928193405171,"skew-t",9,0,"yes","no","",TRUE,FALSE,NA,FALSE,FALSE,"morris_baseline"
36,"brier",0.99,"threshold_quantile",0.99,94.75,0.0070011539192656,0.000472017065052049,0.96387751156483,"skew-t",9,0,"yes","no","",TRUE,FALSE,NA,FALSE,FALSE,"morris_baseline"
36,"brier",0.995,"threshold_quantile",0.995,100.52,0.00391940548253179,5.78109472313022e-05,0.972511659040688,"skew-t",9,0,"yes","no","",TRUE,FALSE,NA,FALSE,FALSE,"morris_baseline"
36,"quantile",0,"score_quantile",0,NA,0,0,NA,"skew-t",9,0,"yes","no","",TRUE,FALSE,NA,FALSE,FALSE,"morris_baseline"
36,"quantile",0.1,"score_quantile",0.1,NA,4.37035806093006,0.00978461300852373,0.993601644252501,"skew-t",9,0,"yes","no","",TRUE,FALSE,NA,FALSE,FALSE,"morris_baseline"
36,"quantile",0.2,"score_quantile",0.2,NA,7.22397575553403,0.0166481443491899,0.99604390211975,"skew-t",9,0,"yes","no","",TRUE,FALSE,NA,FALSE,FALSE,"morris_baseline"
36,"quantile",0.3,"score_quantile",0.3,NA,9.18689261045349,0.00774764069795619,0.997732567608068,"skew-t",9,0,"yes","no","",TRUE,FALSE,NA,FALSE,FALSE,"morris_baseline"
36,"quantile",0.4,"score_quantile",0.4,NA,10.4002393936077,0.0128523424528488,0.998419413816568,"skew-t",9,0,"yes","no","",TRUE,FALSE,NA,FALSE,FALSE,"morris_baseline"
36,"quantile",0.5,"score_quantile",0.5,NA,10.9005218230136,0.0279655850957639,0.998705303599554,"skew-t",9,0,"yes","no","",TRUE,FALSE,NA,FALSE,FALSE,"morris_baseline"
36,"quantile",0.6,"score_quantile",0.6,NA,10.6978660195015,0.0373504618852571,0.999181829786715,"skew-t",9,0,"yes","no","",TRUE,FALSE,NA,FALSE,FALSE,"morris_baseline"
36,"quantile",0.7,"score_quantile",0.7,NA,9.74397540101524,0.0243182364115775,0.999228976100875,"skew-t",9,0,"yes","no","",TRUE,FALSE,NA,FALSE,FALSE,"morris_baseline"
36,"quantile",0.8,"score_quantile",0.8,NA,7.93806039604494,0.00249918794431991,0.999529202912988,"skew-t",9,0,"yes","no","",TRUE,FALSE,NA,FALSE,FALSE,"morris_baseline"
36,"quantile",0.9,"score_quantile",0.9,NA,5.03373612058855,0.000163965449337944,0.998497733065457,"skew-t",9,0,"yes","no","",TRUE,FALSE,NA,FALSE,FALSE,"morris_baseline"
36,"quantile",0.95,"score_quantile",0.95,NA,2.98859038279836,0.00901364453445796,0.995758650773309,"skew-t",9,0,"yes","no","",TRUE,FALSE,NA,FALSE,FALSE,"morris_baseline"
36,"quantile",0.98,"score_quantile",0.98,NA,1.42377840054992,0.021841272551437,0.986331550877086,"skew-t",9,0,"yes","no","",TRUE,FALSE,NA,FALSE,FALSE,"morris_baseline"
36,"quantile",0.99,"score_quantile",0.99,NA,0.798358349510831,0.0222860581067618,0.973443032873178,"skew-t",9,0,"yes","no","",TRUE,FALSE,NA,FALSE,FALSE,"morris_baseline"
36,"quantile",0.995,"score_quantile",0.995,NA,0.444570673030439,0.0175319876379234,0.948240843717662,"skew-t",9,0,"yes","no","",TRUE,FALSE,NA,FALSE,FALSE,"morris_baseline"
37,"brier",0,"threshold_quantile",0,2,0.000151788949186746,5.6896249345119e-05,1.06154927623193,"skew-t",11,0,"yes","no","",FALSE,FALSE,NA,FALSE,FALSE,"other_numeric"
37,"brier",0.1,"threshold_quantile",0.1,28.875,0.0370168999555106,0.00103219189745259,0.95714423447085,"skew-t",11,0,"yes","no","",FALSE,FALSE,NA,FALSE,FALSE,"other_numeric"
37,"brier",0.2,"threshold_quantile",0.2,36,0.0606020264621498,0.00159828725961395,0.95803519667381,"skew-t",11,0,"yes","no","",FALSE,FALSE,NA,FALSE,FALSE,"other_numeric"
37,"brier",0.3,"threshold_quantile",0.3,41.625,0.0762575124244012,0.00144021119316991,0.965878181270735,"skew-t",11,0,"yes","no","",FALSE,FALSE,NA,FALSE,FALSE,"other_numeric"
37,"brier",0.4,"threshold_quantile",0.4,46.5,0.0868245426202221,0.000760877108043276,0.972466455498689,"skew-t",11,0,"yes","no","",FALSE,FALSE,NA,FALSE,FALSE,"other_numeric"
37,"brier",0.5,"threshold_quantile",0.5,50.875,0.0929328031471081,0.00107909740136235,0.98255827671887,"skew-t",11,0,"yes","no","",FALSE,FALSE,NA,FALSE,FALSE,"other_numeric"
37,"brier",0.6,"threshold_quantile",0.6,55.429,0.0937389479331945,0.000345438036631285,0.991081631256198,"skew-t",11,0,"yes","no","",FALSE,FALSE,NA,FALSE,FALSE,"other_numeric"
37,"brier",0.7,"threshold_quantile",0.7,60.125,0.0854846619163299,0.000681864091838777,0.988286912194408,"skew-t",11,0,"yes","no","",FALSE,FALSE,NA,FALSE,FALSE,"other_numeric"
37,"brier",0.8,"threshold_quantile",0.8,65.5,0.0709740477997552,0.00117897745883668,0.992027064227707,"skew-t",11,0,"yes","no","",FALSE,FALSE,NA,FALSE,FALSE,"other_numeric"
37,"brier",0.9,"threshold_quantile",0.9,73.25,0.0451008906540624,0.0011265086318902,1.00124340483736,"skew-t",11,0,"yes","no","",FALSE,FALSE,NA,FALSE,FALSE,"other_numeric"
37,"brier",0.95,"threshold_quantile",0.95,79.75,0.0270700316276855,0.00188756778172396,1.00147613269093,"skew-t",11,0,"yes","no","",FALSE,FALSE,NA,FALSE,FALSE,"other_numeric"
37,"brier",0.98,"threshold_quantile",0.98,88.5,0.012778301191862,0.000673760756753252,0.989634969492637,"skew-t",11,0,"yes","no","",FALSE,FALSE,NA,FALSE,FALSE,"other_numeric"
37,"brier",0.99,"threshold_quantile",0.99,94.75,0.00699617837084897,0.000467056090278826,0.963192507452394,"skew-t",11,0,"yes","no","",FALSE,FALSE,NA,FALSE,FALSE,"other_numeric"
37,"brier",0.995,"threshold_quantile",0.995,100.52,0.00394234938239565,1.95351955155957e-05,0.978204667896472,"skew-t",11,0,"yes","no","",FALSE,FALSE,NA,FALSE,FALSE,"other_numeric"
37,"quantile",0,"score_quantile",0,NA,0,0,NA,"skew-t",11,0,"yes","no","",FALSE,FALSE,NA,FALSE,FALSE,"other_numeric"
37,"quantile",0.1,"score_quantile",0.1,NA,4.37136862032361,0.00743384030632654,0.993831395101526,"skew-t",11,0,"yes","no","",FALSE,FALSE,NA,FALSE,FALSE,"other_numeric"
37,"quantile",0.2,"score_quantile",0.2,NA,7.22583400519123,0.0167348811853891,0.996300118129093,"skew-t",11,0,"yes","no","",FALSE,FALSE,NA,FALSE,FALSE,"other_numeric"
37,"quantile",0.3,"score_quantile",0.3,NA,9.1867925647198,0.0110143471992599,0.997721702249019,"skew-t",11,0,"yes","no","",FALSE,FALSE,NA,FALSE,FALSE,"other_numeric"
37,"quantile",0.4,"score_quantile",0.4,NA,10.398232125828,0.016033090363381,0.998226716798345,"skew-t",11,0,"yes","no","",FALSE,FALSE,NA,FALSE,FALSE,"other_numeric"
37,"quantile",0.5,"score_quantile",0.5,NA,10.8964239767133,0.0301302681725488,0.998329859111674,"skew-t",11,0,"yes","no","",FALSE,FALSE,NA,FALSE,FALSE,"other_numeric"
37,"quantile",0.6,"score_quantile",0.6,NA,10.6956520035997,0.0355986123624188,0.998975040464821,"skew-t",11,0,"yes","no","",FALSE,FALSE,NA,FALSE,FALSE,"other_numeric"
37,"quantile",0.7,"score_quantile",0.7,NA,9.74366316494597,0.0196903322314865,0.999196956795104,"skew-t",11,0,"yes","no","",FALSE,FALSE,NA,FALSE,FALSE,"other_numeric"
37,"quantile",0.8,"score_quantile",0.8,NA,7.94149308529996,0.00493878050513841,0.999961433581909,"skew-t",11,0,"yes","no","",FALSE,FALSE,NA,FALSE,FALSE,"other_numeric"
37,"quantile",0.9,"score_quantile",0.9,NA,5.04303695554896,0.00544653056053246,1.00034265747173,"skew-t",11,0,"yes","no","",FALSE,FALSE,NA,FALSE,FALSE,"other_numeric"
37,"quantile",0.95,"score_quantile",0.95,NA,3.00136952103398,0.00296385513032704,1.00001649002783,"skew-t",11,0,"yes","no","",FALSE,FALSE,NA,FALSE,FALSE,"other_numeric"
37,"quantile",0.98,"score_quantile",0.98,NA,1.43395081319535,0.0176845072620541,0.993378554495663,"skew-t",11,0,"yes","no","",FALSE,FALSE,NA,FALSE,FALSE,"other_numeric"
37,"quantile",0.99,"score_quantile",0.99,NA,0.805844912752342,0.0192513401077637,0.982571443482371,"skew-t",11,0,"yes","no","",FALSE,FALSE,NA,FALSE,FALSE,"other_numeric"
37,"quantile",0.995,"score_quantile",0.995,NA,0.448410469003193,0.015662720847338,0.956430883218217,"skew-t",11,0,"yes","no","",FALSE,FALSE,NA,FALSE,FALSE,"other_numeric"
38,"brier",0,"threshold_quantile",0,2,0.00161675717585177,0.00113137968836428,11.3069325472219,"skew-t",6,50,"yes","no","",TRUE,FALSE,NA,FALSE,FALSE,"morris_baseline"
38,"brier",0.1,"threshold_quantile",0.1,28.875,0.0628024304321914,0.00188920487663583,1.62387947859421,"skew-t",6,50,"yes","no","",TRUE,FALSE,NA,FALSE,FALSE,"morris_baseline"
38,"brier",0.2,"threshold_quantile",0.2,36,0.0838364200063029,0.00231311875838829,1.32533919768064,"skew-t",6,50,"yes","no","",TRUE,FALSE,NA,FALSE,FALSE,"morris_baseline"
38,"brier",0.3,"threshold_quantile",0.3,41.625,0.0921806982970492,0.00249236725267153,1.16756136397298,"skew-t",6,50,"yes","no","",TRUE,FALSE,NA,FALSE,FALSE,"morris_baseline"
38,"brier",0.4,"threshold_quantile",0.4,46.5,0.0946771434663758,0.00176037321946227,1.06041844097251,"skew-t",6,50,"yes","no","",TRUE,FALSE,NA,FALSE,FALSE,"morris_baseline"
38,"brier",0.5,"threshold_quantile",0.5,50.875,0.0951979384895023,0.00130982769871146,1.00650705909913,"skew-t",6,50,"yes","no","",TRUE,FALSE,NA,FALSE,FALSE,"morris_baseline"
38,"brier",0.6,"threshold_quantile",0.6,55.429,0.0941689550226158,4.57219376778645e-05,0.99562800325025,"skew-t",6,50,"yes","no","",TRUE,FALSE,NA,FALSE,FALSE,"morris_baseline"
38,"brier",0.7,"threshold_quantile",0.7,60.125,0.0856990929159642,0.000299458955336937,0.990765945809991,"skew-t",6,50,"yes","no","",TRUE,FALSE,NA,FALSE,FALSE,"morris_baseline"
38,"brier",0.8,"threshold_quantile",0.8,65.5,0.07097830797956,0.0014466144161691,0.992086610129284,"skew-t",6,50,"yes","no","",TRUE,FALSE,NA,FALSE,FALSE,"morris_baseline"
38,"brier",0.9,"threshold_quantile",0.9,73.25,0.0449799798210664,0.00113360536411881,0.998559174606979,"skew-t",6,50,"yes","no","",TRUE,FALSE,NA,FALSE,FALSE,"morris_baseline"
38,"brier",0.95,"threshold_quantile",0.95,79.75,0.0268812073074625,0.00203023438756586,0.994490435275587,"skew-t",6,50,"yes","no","",TRUE,FALSE,NA,FALSE,FALSE,"morris_baseline"
38,"brier",0.98,"threshold_quantile",0.98,88.5,0.0126084309197445,0.000710330007849811,0.97647910792382,"skew-t",6,50,"yes","no","",TRUE,FALSE,NA,FALSE,FALSE,"morris_baseline"
38,"brier",0.99,"threshold_quantile",0.99,94.75,0.00693467104700474,0.00056827360097657,0.954724542466387,"skew-t",6,50,"yes","no","",TRUE,FALSE,NA,FALSE,FALSE,"morris_baseline"
38,"brier",0.995,"threshold_quantile",0.995,100.52,0.00389060011094991,0.000110829014842549,0.965364258795616,"skew-t",6,50,"yes","no","",TRUE,FALSE,NA,FALSE,FALSE,"morris_baseline"
38,"quantile",0,"score_quantile",0,NA,0,0,NA,"skew-t",6,50,"yes","no","",TRUE,FALSE,NA,FALSE,FALSE,"morris_baseline"
38,"quantile",0.1,"score_quantile",0.1,NA,4.56864362004396,0.108872141001032,1.03868189965042,"skew-t",6,50,"yes","no","",TRUE,FALSE,NA,FALSE,FALSE,"morris_baseline"
38,"quantile",0.2,"score_quantile",0.2,NA,7.31788835506081,0.0112655828910659,1.00899259896708,"skew-t",6,50,"yes","no","",TRUE,FALSE,NA,FALSE,FALSE,"morris_baseline"
38,"quantile",0.3,"score_quantile",0.3,NA,9.26819541383269,0.0215324015793836,1.00656237091686,"skew-t",6,50,"yes","no","",TRUE,FALSE,NA,FALSE,FALSE,"morris_baseline"
38,"quantile",0.4,"score_quantile",0.4,NA,10.4784561563237,0.0527629909139939,1.00592819620379,"skew-t",6,50,"yes","no","",TRUE,FALSE,NA,FALSE,FALSE,"morris_baseline"
38,"quantile",0.5,"score_quantile",0.5,NA,10.9675155183965,0.0729766670063503,1.00484326286178,"skew-t",6,50,"yes","no","",TRUE,FALSE,NA,FALSE,FALSE,"morris_baseline"
38,"quantile",0.6,"score_quantile",0.6,NA,10.7404913304141,0.0776703630796804,1.00316303838246,"skew-t",6,50,"yes","no","",TRUE,FALSE,NA,FALSE,FALSE,"morris_baseline"
38,"quantile",0.7,"score_quantile",0.7,NA,9.76809660000002,0.051928012080567,1.00170256618828,"skew-t",6,50,"yes","no","",TRUE,FALSE,NA,FALSE,FALSE,"morris_baseline"
38,"quantile",0.8,"score_quantile",0.8,NA,7.94624986464352,0.021625968533713,1.00056038844349,"skew-t",6,50,"yes","no","",TRUE,FALSE,NA,FALSE,FALSE,"morris_baseline"
38,"quantile",0.9,"score_quantile",0.9,NA,5.03758135614942,0.00890466997726369,0.999260478449533,"skew-t",6,50,"yes","no","",TRUE,FALSE,NA,FALSE,FALSE,"morris_baseline"
38,"quantile",0.95,"score_quantile",0.95,NA,2.9961489694778,0.00855159931226157,0.998277071536821,"skew-t",6,50,"yes","no","",TRUE,FALSE,NA,FALSE,FALSE,"morris_baseline"
38,"quantile",0.98,"score_quantile",0.98,NA,1.43216541498118,0.0168510088157698,0.992141708516802,"skew-t",6,50,"yes","no","",TRUE,FALSE,NA,FALSE,FALSE,"morris_baseline"
38,"quantile",0.99,"score_quantile",0.99,NA,0.802258162976509,0.0159827945167882,0.978198098377278,"skew-t",6,50,"yes","no","",TRUE,FALSE,NA,FALSE,FALSE,"morris_baseline"
38,"quantile",0.995,"score_quantile",0.995,NA,0.444825961586249,0.0137953215789381,0.948785357897833,"skew-t",6,50,"yes","no","",TRUE,FALSE,NA,FALSE,FALSE,"morris_baseline"
39,"brier",0,"threshold_quantile",0,2,0.00204591794883906,0.00137983078834523,14.3083059040616,"skew-t",7,50,"yes","no","",TRUE,FALSE,NA,FALSE,FALSE,"morris_baseline"
39,"brier",0.1,"threshold_quantile",0.1,28.875,0.0653983344110965,0.00224942998333542,1.69100164521635,"skew-t",7,50,"yes","no","",TRUE,FALSE,NA,FALSE,FALSE,"morris_baseline"
39,"brier",0.2,"threshold_quantile",0.2,36,0.0849238107346131,0.00258117892280127,1.34252935865502,"skew-t",7,50,"yes","no","",TRUE,FALSE,NA,FALSE,FALSE,"morris_baseline"
39,"brier",0.3,"threshold_quantile",0.3,41.625,0.0919429623705126,0.00279118480628165,1.16455019907859,"skew-t",7,50,"yes","no","",TRUE,FALSE,NA,FALSE,FALSE,"morris_baseline"
39,"brier",0.4,"threshold_quantile",0.4,46.5,0.0947250563688282,0.00186502596175445,1.06095508290594,"skew-t",7,50,"yes","no","",TRUE,FALSE,NA,FALSE,FALSE,"morris_baseline"
39,"brier",0.5,"threshold_quantile",0.5,50.875,0.0954058188935735,0.00113495529330656,1.00870493331223,"skew-t",7,50,"yes","no","",TRUE,FALSE,NA,FALSE,FALSE,"morris_baseline"
39,"brier",0.6,"threshold_quantile",0.6,55.429,0.094260003668501,0.000346380999500379,0.996590640899564,"skew-t",7,50,"yes","no","",TRUE,FALSE,NA,FALSE,FALSE,"morris_baseline"
39,"brier",0.7,"threshold_quantile",0.7,60.125,0.0856599809549722,6.4874999016272e-05,0.990313773007384,"skew-t",7,50,"yes","no","",TRUE,FALSE,NA,FALSE,FALSE,"morris_baseline"
39,"brier",0.8,"threshold_quantile",0.8,65.5,0.0711235162247344,0.00160360113929633,0.994116232415566,"skew-t",7,50,"yes","no","",TRUE,FALSE,NA,FALSE,FALSE,"morris_baseline"
39,"brier",0.9,"threshold_quantile",0.9,73.25,0.0450417577749217,0.00126707905524179,0.999930650158015,"skew-t",7,50,"yes","no","",TRUE,FALSE,NA,FALSE,FALSE,"morris_baseline"
39,"brier",0.95,"threshold_quantile",0.95,79.75,0.0269203989087362,0.00200602511528783,0.995940357973032,"skew-t",7,50,"yes","no","",TRUE,FALSE,NA,FALSE,FALSE,"morris_baseline"
39,"brier",0.98,"threshold_quantile",0.98,88.5,0.0126234514204314,0.000747497671994325,0.977642393443228,"skew-t",7,50,"yes","no","",TRUE,FALSE,NA,FALSE,FALSE,"morris_baseline"
39,"brier",0.99,"threshold_quantile",0.99,94.75,0.00695347607168434,0.00061432214987055,0.957313507171649,"skew-t",7,50,"yes","no","",TRUE,FALSE,NA,FALSE,FALSE,"morris_baseline"
39,"brier",0.995,"threshold_quantile",0.995,100.52,0.0039022028930606,9.83988953945193e-05,0.968243226264088,"skew-t",7,50,"yes","no","",TRUE,FALSE,NA,FALSE,FALSE,"morris_baseline"
39,"quantile",0,"score_quantile",0,NA,0,0,NA,"skew-t",7,50,"yes","no","",TRUE,FALSE,NA,FALSE,FALSE,"morris_baseline"
39,"quantile",0.1,"score_quantile",0.1,NA,4.5932540140457,0.118061083963541,1.04427707688874,"skew-t",7,50,"yes","no","",TRUE,FALSE,NA,FALSE,FALSE,"morris_baseline"
39,"quantile",0.2,"score_quantile",0.2,NA,7.32426258270232,0.0125060633138432,1.00987147934928,"skew-t",7,50,"yes","no","",TRUE,FALSE,NA,FALSE,FALSE,"morris_baseline"
39,"quantile",0.3,"score_quantile",0.3,NA,9.27784351221928,0.015976486023737,1.00761019224056,"skew-t",7,50,"yes","no","",TRUE,FALSE,NA,FALSE,FALSE,"morris_baseline"
39,"quantile",0.4,"score_quantile",0.4,NA,10.4860894382389,0.0467956685252524,1.00666098864893,"skew-t",7,50,"yes","no","",TRUE,FALSE,NA,FALSE,FALSE,"morris_baseline"
39,"quantile",0.5,"score_quantile",0.5,NA,10.9724039179667,0.0692145736419256,1.00529113780356,"skew-t",7,50,"yes","no","",TRUE,FALSE,NA,FALSE,FALSE,"morris_baseline"
39,"quantile",0.6,"score_quantile",0.6,NA,10.7418380401135,0.0746510352014012,1.00328882121234,"skew-t",7,50,"yes","no","",TRUE,FALSE,NA,FALSE,FALSE,"morris_baseline"
39,"quantile",0.7,"score_quantile",0.7,NA,9.76624232305757,0.051594076889546,1.00151241307578,"skew-t",7,50,"yes","no","",TRUE,FALSE,NA,FALSE,FALSE,"morris_baseline"
39,"quantile",0.8,"score_quantile",0.8,NA,7.94829792911346,0.0229518977280283,1.00081827262993,"skew-t",7,50,"yes","no","",TRUE,FALSE,NA,FALSE,FALSE,"morris_baseline"
39,"quantile",0.9,"score_quantile",0.9,NA,5.04236856879584,0.0129622457921323,1.00021007550044,"skew-t",7,50,"yes","no","",TRUE,FALSE,NA,FALSE,FALSE,"morris_baseline"
39,"quantile",0.95,"score_quantile",0.95,NA,2.99849687966838,0.0160889538596727,0.999059364050699,"skew-t",7,50,"yes","no","",TRUE,FALSE,NA,FALSE,FALSE,"morris_baseline"
39,"quantile",0.98,"score_quantile",0.98,NA,1.43340859050495,0.0229519402991215,0.993002926275057,"skew-t",7,50,"yes","no","",TRUE,FALSE,NA,FALSE,FALSE,"morris_baseline"
39,"quantile",0.99,"score_quantile",0.99,NA,0.802741719633789,0.0209702481651574,0.97878770185461,"skew-t",7,50,"yes","no","",TRUE,FALSE,NA,FALSE,FALSE,"morris_baseline"
39,"quantile",0.995,"score_quantile",0.995,NA,0.446021182815879,0.0182386089579959,0.951334688422691,"skew-t",7,50,"yes","no","",TRUE,FALSE,NA,FALSE,FALSE,"morris_baseline"
40,"brier",0,"threshold_quantile",0,2,0.00128258440864345,0.000630684298533342,8.96986610683187,"skew-t",8,50,"yes","no","",TRUE,FALSE,NA,FALSE,FALSE,"morris_baseline"
40,"brier",0.1,"threshold_quantile",0.1,28.875,0.0625538787137988,0.00188145439281116,1.6174526885466,"skew-t",8,50,"yes","no","",TRUE,FALSE,NA,FALSE,FALSE,"morris_baseline"
40,"brier",0.2,"threshold_quantile",0.2,36,0.0839997682769203,0.00267041311842851,1.32792151054546,"skew-t",8,50,"yes","no","",TRUE,FALSE,NA,FALSE,FALSE,"morris_baseline"
40,"brier",0.3,"threshold_quantile",0.3,41.625,0.0925770700880826,0.0033220774821433,1.17258181182734,"skew-t",8,50,"yes","no","",TRUE,FALSE,NA,FALSE,FALSE,"morris_baseline"
40,"brier",0.4,"threshold_quantile",0.4,46.5,0.09468591758749,0.00190096267257505,1.06051671432014,"skew-t",8,50,"yes","no","",TRUE,FALSE,NA,FALSE,FALSE,"morris_baseline"
40,"brier",0.5,"threshold_quantile",0.5,50.875,0.0952277666236404,0.00121459244279289,1.00682242546154,"skew-t",8,50,"yes","no","",TRUE,FALSE,NA,FALSE,FALSE,"morris_baseline"
40,"brier",0.6,"threshold_quantile",0.6,55.429,0.0939983800838748,0.000150745748624344,0.993824551299207,"skew-t",8,50,"yes","no","",TRUE,FALSE,NA,FALSE,FALSE,"morris_baseline"
40,"brier",0.7,"threshold_quantile",0.7,60.125,0.0855486575923373,0.000173716421166099,0.989026765258306,"skew-t",8,50,"yes","no","",TRUE,FALSE,NA,FALSE,FALSE,"morris_baseline"
40,"brier",0.8,"threshold_quantile",0.8,65.5,0.0710135298191415,0.00163257245646747,0.992578917094998,"skew-t",8,50,"yes","no","",TRUE,FALSE,NA,FALSE,FALSE,"morris_baseline"
40,"brier",0.9,"threshold_quantile",0.9,73.25,0.0449581040995071,0.00104898518644551,0.998073531826545,"skew-t",8,50,"yes","no","",TRUE,FALSE,NA,FALSE,FALSE,"morris_baseline"
40,"brier",0.95,"threshold_quantile",0.95,79.75,0.0268899184078264,0.00194568574632772,0.994812708970126,"skew-t",8,50,"yes","no","",TRUE,FALSE,NA,FALSE,FALSE,"morris_baseline"
40,"brier",0.98,"threshold_quantile",0.98,88.5,0.0127094084794547,0.000725002191215972,0.984299468605796,"skew-t",8,50,"yes","no","",TRUE,FALSE,NA,FALSE,FALSE,"morris_baseline"
40,"brier",0.99,"threshold_quantile",0.99,94.75,0.00699751649842015,0.000680886067479082,0.963376732951268,"skew-t",8,50,"yes","no","",TRUE,FALSE,NA,FALSE,FALSE,"morris_baseline"
40,"brier",0.995,"threshold_quantile",0.995,100.52,0.00392228065624514,9.87577821932961e-05,0.97322506824789,"skew-t",8,50,"yes","no","",TRUE,FALSE,NA,FALSE,FALSE,"morris_baseline"
40,"quantile",0,"score_quantile",0,NA,0,0,NA,"skew-t",8,50,"yes","no","",TRUE,FALSE,NA,FALSE,FALSE,"morris_baseline"
40,"quantile",0.1,"score_quantile",0.1,NA,4.54351445820926,0.106990445629396,1.03296878045755,"skew-t",8,50,"yes","no","",TRUE,FALSE,NA,FALSE,FALSE,"morris_baseline"
40,"quantile",0.2,"score_quantile",0.2,NA,7.32275814795593,0.0119846124557785,1.00966404744392,"skew-t",8,50,"yes","no","",TRUE,FALSE,NA,FALSE,FALSE,"morris_baseline"
40,"quantile",0.3,"score_quantile",0.3,NA,9.28336815847892,0.0248874579244003,1.00821019049149,"skew-t",8,50,"yes","no","",TRUE,FALSE,NA,FALSE,FALSE,"morris_baseline"
40,"quantile",0.4,"score_quantile",0.4,NA,10.4888106232208,0.0564401884189651,1.00692222147364,"skew-t",8,50,"yes","no","",TRUE,FALSE,NA,FALSE,FALSE,"morris_baseline"
40,"quantile",0.5,"score_quantile",0.5,NA,10.9711605795238,0.0778011046109341,1.00517722319312,"skew-t",8,50,"yes","no","",TRUE,FALSE,NA,FALSE,FALSE,"morris_baseline"
40,"quantile",0.6,"score_quantile",0.6,NA,10.7410514720572,0.07930397144934,1.0032153556718,"skew-t",8,50,"yes","no","",TRUE,FALSE,NA,FALSE,FALSE,"morris_baseline"
40,"quantile",0.7,"score_quantile",0.7,NA,9.76878628829091,0.0521302695589432,1.00177329261116,"skew-t",8,50,"yes","no","",TRUE,FALSE,NA,FALSE,FALSE,"morris_baseline"
40,"quantile",0.8,"score_quantile",0.8,NA,7.94843590603012,0.0206589347949424,1.00083564613815,"skew-t",8,50,"yes","no","",TRUE,FALSE,NA,FALSE,FALSE,"morris_baseline"
40,"quantile",0.9,"score_quantile",0.9,NA,5.03995689938728,0.00996614839698262,0.999731693960432,"skew-t",8,50,"yes","no","",TRUE,FALSE,NA,FALSE,FALSE,"morris_baseline"
40,"quantile",0.95,"score_quantile",0.95,NA,2.99625064350376,0.0111268734877912,0.998310947972847,"skew-t",8,50,"yes","no","",TRUE,FALSE,NA,FALSE,FALSE,"morris_baseline"
40,"quantile",0.98,"score_quantile",0.98,NA,1.43020053519369,0.0196076903398921,0.990780525535423,"skew-t",8,50,"yes","no","",TRUE,FALSE,NA,FALSE,FALSE,"morris_baseline"
40,"quantile",0.99,"score_quantile",0.99,NA,0.802197002968603,0.0168561907092912,0.97812352561979,"skew-t",8,50,"yes","no","",TRUE,FALSE,NA,FALSE,FALSE,"morris_baseline"
40,"quantile",0.995,"score_quantile",0.995,NA,0.445037407470263,0.0146297885946122,0.949236358459995,"skew-t",8,50,"yes","no","",TRUE,FALSE,NA,FALSE,FALSE,"morris_baseline"
41,"brier",0,"threshold_quantile",0,2,0.00107829398870614,0.000564177875926689,7.54114320844243,"skew-t",9,50,"yes","no","",TRUE,FALSE,NA,FALSE,FALSE,"morris_baseline"
41,"brier",0.1,"threshold_quantile",0.1,28.875,0.0610982872525013,0.00142157875066615,1.57981552885467,"skew-t",9,50,"yes","no","",TRUE,FALSE,NA,FALSE,FALSE,"morris_baseline"
41,"brier",0.2,"threshold_quantile",0.2,36,0.0829532352893679,0.00233366494569088,1.31137725460079,"skew-t",9,50,"yes","no","",TRUE,FALSE,NA,FALSE,FALSE,"morris_baseline"
41,"brier",0.3,"threshold_quantile",0.3,41.625,0.0914539194625095,0.00318986352323691,1.15835597821394,"skew-t",9,50,"yes","no","",TRUE,FALSE,NA,FALSE,FALSE,"morris_baseline"
41,"brier",0.4,"threshold_quantile",0.4,46.5,0.0942664313158945,0.00190190314105303,1.0558183155108,"skew-t",9,50,"yes","no","",TRUE,FALSE,NA,FALSE,FALSE,"morris_baseline"
41,"brier",0.5,"threshold_quantile",0.5,50.875,0.0950683611698558,0.00122227344546472,1.00513706633466,"skew-t",9,50,"yes","no","",TRUE,FALSE,NA,FALSE,FALSE,"morris_baseline"
41,"brier",0.6,"threshold_quantile",0.6,55.429,0.0941380927724374,0.000213785212213963,0.995301703351164,"skew-t",9,50,"yes","no","",TRUE,FALSE,NA,FALSE,FALSE,"morris_baseline"
41,"brier",0.7,"threshold_quantile",0.7,60.125,0.0855139324997603,0.000151457027621517,0.988625308976569,"skew-t",9,50,"yes","no","",TRUE,FALSE,NA,FALSE,FALSE,"morris_baseline"
41,"brier",0.8,"threshold_quantile",0.8,65.5,0.0708562484072107,0.00162243188307963,0.990380544278845,"skew-t",9,50,"yes","no","",TRUE,FALSE,NA,FALSE,FALSE,"morris_baseline"
41,"brier",0.9,"threshold_quantile",0.9,73.25,0.0449553849738573,0.00110168866311298,0.998013167018128,"skew-t",9,50,"yes","no","",TRUE,FALSE,NA,FALSE,FALSE,"morris_baseline"
41,"brier",0.95,"threshold_quantile",0.95,79.75,0.0268170740025009,0.00193779888705535,0.992117775534622,"skew-t",9,50,"yes","no","",TRUE,FALSE,NA,FALSE,FALSE,"morris_baseline"
41,"brier",0.98,"threshold_quantile",0.98,88.5,0.0127320916524426,0.000675311537413883,0.986056201435213,"skew-t",9,50,"yes","no","",TRUE,FALSE,NA,FALSE,FALSE,"morris_baseline"
41,"brier",0.99,"threshold_quantile",0.99,94.75,0.00700618803120575,0.000575983163322112,0.964570578357214,"skew-t",9,50,"yes","no","",TRUE,FALSE,NA,FALSE,FALSE,"morris_baseline"
41,"brier",0.995,"threshold_quantile",0.995,100.52,0.00389846711303201,8.16740080891096e-05,0.967316277100596,"skew-t",9,50,"yes","no","",TRUE,FALSE,NA,FALSE,FALSE,"morris_baseline"
41,"quantile",0,"score_quantile",0,NA,0,0,NA,"skew-t",9,50,"yes","no","",TRUE,FALSE,NA,FALSE,FALSE,"morris_baseline"
41,"quantile",0.1,"score_quantile",0.1,NA,4.52728310415398,0.0867357340009902,1.02927857936809,"skew-t",9,50,"yes","no","",TRUE,FALSE,NA,FALSE,FALSE,"morris_baseline"
41,"quantile",0.2,"score_quantile",0.2,NA,7.31198759528072,0.0114295895982179,1.00817900047288,"skew-t",9,50,"yes","no","",TRUE,FALSE,NA,FALSE,FALSE,"morris_baseline"
41,"quantile",0.3,"score_quantile",0.3,NA,9.27529232973627,0.0187995548857049,1.00733312381741,"skew-t",9,50,"yes","no","",TRUE,FALSE,NA,FALSE,FALSE,"morris_baseline"
41,"quantile",0.4,"score_quantile",0.4,NA,10.483767538403,0.04967232692489,1.00643808706124,"skew-t",9,50,"yes","no","",TRUE,FALSE,NA,FALSE,FALSE,"morris_baseline"
41,"quantile",0.5,"score_quantile",0.5,NA,10.9709505288475,0.0704344705382089,1.0051579783599,"skew-t",9,50,"yes","no","",TRUE,FALSE,NA,FALSE,FALSE,"morris_baseline"
41,"quantile",0.6,"score_quantile",0.6,NA,10.7434295652239,0.0745827349482164,1.00343746982778,"skew-t",9,50,"yes","no","",TRUE,FALSE,NA,FALSE,FALSE,"morris_baseline"
41,"quantile",0.7,"score_quantile",0.7,NA,9.77052103396398,0.0506634051883683,1.00195118798459,"skew-t",9,50,"yes","no","",TRUE,FALSE,NA,FALSE,FALSE,"morris_baseline"
41,"quantile",0.8,"score_quantile",0.8,NA,7.94821945261675,0.0202189749562476,1.00080839117951,"skew-t",9,50,"yes","no","",TRUE,FALSE,NA,FALSE,FALSE,"morris_baseline"
41,"quantile",0.9,"score_quantile",0.9,NA,5.03895754890609,0.0080049933374049,0.999533461640323,"skew-t",9,50,"yes","no","",TRUE,FALSE,NA,FALSE,FALSE,"morris_baseline"
41,"quantile",0.95,"score_quantile",0.95,NA,2.99436892704151,0.0111325131428752,0.997683985021894,"skew-t",9,50,"yes","no","",TRUE,FALSE,NA,FALSE,FALSE,"morris_baseline"
41,"quantile",0.98,"score_quantile",0.98,NA,1.42901103428291,0.0210063737345666,0.989956491207011,"skew-t",9,50,"yes","no","",TRUE,FALSE,NA,FALSE,FALSE,"morris_baseline"
41,"quantile",0.99,"score_quantile",0.99,NA,0.799905751481438,0.0187407222778224,0.975329789200414,"skew-t",9,50,"yes","no","",TRUE,FALSE,NA,FALSE,FALSE,"morris_baseline"
41,"quantile",0.995,"score_quantile",0.995,NA,0.443581565621227,0.0174778773435546,0.946131140803961,"skew-t",9,50,"yes","no","",TRUE,FALSE,NA,FALSE,FALSE,"morris_baseline"
42,"brier",0,"threshold_quantile",0,2,0.00147582556959185,0.00100092814883776,10.3213150472327,"skew-t",11,50,"yes","no","",FALSE,FALSE,NA,FALSE,FALSE,"other_numeric"
42,"brier",0.1,"threshold_quantile",0.1,28.875,0.063698576097618,0.00389181095914619,1.64705107475542,"skew-t",11,50,"yes","no","",FALSE,FALSE,NA,FALSE,FALSE,"other_numeric"
42,"brier",0.2,"threshold_quantile",0.2,36,0.084223313705959,0.00336692473031672,1.33145545819667,"skew-t",11,50,"yes","no","",FALSE,FALSE,NA,FALSE,FALSE,"other_numeric"
42,"brier",0.3,"threshold_quantile",0.3,41.625,0.0918122071700383,0.00320080740360516,1.1628940528025,"skew-t",11,50,"yes","no","",FALSE,FALSE,NA,FALSE,FALSE,"other_numeric"
42,"brier",0.4,"threshold_quantile",0.4,46.5,0.0945938862419096,0.00196749864431198,1.05948592977777,"skew-t",11,50,"yes","no","",FALSE,FALSE,NA,FALSE,FALSE,"other_numeric"
42,"brier",0.5,"threshold_quantile",0.5,50.875,0.0953557360580485,0.00120100530062445,1.00817541840576,"skew-t",11,50,"yes","no","",FALSE,FALSE,NA,FALSE,FALSE,"other_numeric"
42,"brier",0.6,"threshold_quantile",0.6,55.429,0.0941906566509483,0.000428525888257598,0.995857449874977,"skew-t",11,50,"yes","no","",FALSE,FALSE,NA,FALSE,FALSE,"other_numeric"
42,"brier",0.7,"threshold_quantile",0.7,60.125,0.0856661159120999,0.000178232031552678,0.990384699156008,"skew-t",11,50,"yes","no","",FALSE,FALSE,NA,FALSE,FALSE,"other_numeric"
42,"brier",0.8,"threshold_quantile",0.8,65.5,0.0711441276678879,0.00150321269914576,0.994404325177286,"skew-t",11,50,"yes","no","",FALSE,FALSE,NA,FALSE,FALSE,"other_numeric"
42,"brier",0.9,"threshold_quantile",0.9,73.25,0.0452099888542443,0.00122087433894885,1.0036653936679,"skew-t",11,50,"yes","no","",FALSE,FALSE,NA,FALSE,FALSE,"other_numeric"
42,"brier",0.95,"threshold_quantile",0.95,79.75,0.0269338005815067,0.001921700826568,0.996436162913434,"skew-t",11,50,"yes","no","",FALSE,FALSE,NA,FALSE,FALSE,"other_numeric"
42,"brier",0.98,"threshold_quantile",0.98,88.5,0.0126049056856682,0.000668927861212049,0.976206090809482,"skew-t",11,50,"yes","no","",FALSE,FALSE,NA,FALSE,FALSE,"other_numeric"
42,"brier",0.99,"threshold_quantile",0.99,94.75,0.00693758606104479,0.000526199351033955,0.955125864378675,"skew-t",11,50,"yes","no","",FALSE,FALSE,NA,FALSE,FALSE,"other_numeric"
42,"brier",0.995,"threshold_quantile",0.995,100.52,0.00388385611050661,4.31256112151163e-05,0.96369088790074,"skew-t",11,50,"yes","no","",FALSE,FALSE,NA,FALSE,FALSE,"other_numeric"
42,"quantile",0,"score_quantile",0,NA,0,0,NA,"skew-t",11,50,"yes","no","",FALSE,FALSE,NA,FALSE,FALSE,"other_numeric"
42,"quantile",0.1,"score_quantile",0.1,NA,4.5488738939733,0.102034091535065,1.03418724908487,"skew-t",11,50,"yes","no","",FALSE,FALSE,NA,FALSE,FALSE,"other_numeric"
42,"quantile",0.2,"score_quantile",0.2,NA,7.32498291364623,0.0146801114742607,1.00997079879172,"skew-t",11,50,"yes","no","",FALSE,FALSE,NA,FALSE,FALSE,"other_numeric"
42,"quantile",0.3,"score_quantile",0.3,NA,9.2851354850995,0.013124447532987,1.00840212909377,"skew-t",11,50,"yes","no","",FALSE,FALSE,NA,FALSE,FALSE,"other_numeric"
42,"quantile",0.4,"score_quantile",0.4,NA,10.4887784116109,0.0459957267734872,1.00691912917015,"skew-t",11,50,"yes","no","",FALSE,FALSE,NA,FALSE,FALSE,"other_numeric"
42,"quantile",0.5,"score_quantile",0.5,NA,10.9748454448092,0.0690536209577255,1.00551483037957,"skew-t",11,50,"yes","no","",FALSE,FALSE,NA,FALSE,FALSE,"other_numeric"
42,"quantile",0.6,"score_quantile",0.6,NA,10.7452713288471,0.0742630349591726,1.00360949074706,"skew-t",11,50,"yes","no","",FALSE,FALSE,NA,FALSE,FALSE,"other_numeric"
42,"quantile",0.7,"score_quantile",0.7,NA,9.77232481312349,0.0503803826288447,1.00213616263082,"skew-t",11,50,"yes","no","",FALSE,FALSE,NA,FALSE,FALSE,"other_numeric"
42,"quantile",0.8,"score_quantile",0.8,NA,7.9508928556268,0.0190387002707517,1.0011450155243,"skew-t",11,50,"yes","no","",FALSE,FALSE,NA,FALSE,FALSE,"other_numeric"
42,"quantile",0.9,"score_quantile",0.9,NA,5.04037389453959,0.00502409966072381,0.999814409602316,"skew-t",11,50,"yes","no","",FALSE,FALSE,NA,FALSE,FALSE,"other_numeric"
42,"quantile",0.95,"score_quantile",0.95,NA,2.99645811821091,0.00615589418314477,0.998380075791649,"skew-t",11,50,"yes","no","",FALSE,FALSE,NA,FALSE,FALSE,"other_numeric"
42,"quantile",0.98,"score_quantile",0.98,NA,1.43257902762189,0.0160473534590644,0.992428241306744,"skew-t",11,50,"yes","no","",FALSE,FALSE,NA,FALSE,FALSE,"other_numeric"
42,"quantile",0.99,"score_quantile",0.99,NA,0.80319522737984,0.0154350380878674,0.979340666517682,"skew-t",11,50,"yes","no","",FALSE,FALSE,NA,FALSE,FALSE,"other_numeric"
42,"quantile",0.995,"score_quantile",0.995,NA,0.445349932075624,0.0145179052649012,0.949902953477274,"skew-t",11,50,"yes","no","",FALSE,FALSE,NA,FALSE,FALSE,"other_numeric"
43,"brier",0,"threshold_quantile",0,2,0.000579300913121173,0.000163150976517903,4.05139154292252,"t",6,75,"yes","no","",TRUE,FALSE,NA,FALSE,FALSE,"morris_baseline"
43,"brier",0.1,"threshold_quantile",0.1,28.875,0.0787847050163229,0.00137433149947272,2.03713239794501,"t",6,75,"yes","no","",TRUE,FALSE,NA,FALSE,FALSE,"morris_baseline"
43,"brier",0.2,"threshold_quantile",0.2,36,0.123459292305971,0.000671266810475142,1.95172264510714,"t",6,75,"yes","no","",TRUE,FALSE,NA,FALSE,FALSE,"morris_baseline"
43,"brier",0.3,"threshold_quantile",0.3,41.625,0.150924374928374,0.000238397450671474,1.91160917961697,"t",6,75,"yes","no","",TRUE,FALSE,NA,FALSE,FALSE,"morris_baseline"
43,"brier",0.4,"threshold_quantile",0.4,46.5,0.164923560525982,4.07928540643726e-05,1.84720386071543,"t",6,75,"yes","no","",TRUE,FALSE,NA,FALSE,FALSE,"morris_baseline"
43,"brier",0.5,"threshold_quantile",0.5,50.875,0.162126179927885,7.42921868104734e-05,1.71412477151684,"t",6,75,"yes","no","",TRUE,FALSE,NA,FALSE,FALSE,"morris_baseline"
43,"brier",0.6,"threshold_quantile",0.6,55.429,0.147602772273325,0.00119865952180363,1.56057220128861,"t",6,75,"yes","no","",TRUE,FALSE,NA,FALSE,FALSE,"morris_baseline"
43,"brier",0.7,"threshold_quantile",0.7,60.125,0.121491172820001,0.00113121863478757,1.40455765225667,"t",6,75,"yes","no","",TRUE,FALSE,NA,FALSE,FALSE,"morris_baseline"
43,"brier",0.8,"threshold_quantile",0.8,65.5,0.0876496821552222,0.00229341922282247,1.22510776212536,"t",6,75,"yes","no","",TRUE,FALSE,NA,FALSE,FALSE,"morris_baseline"
43,"brier",0.9,"threshold_quantile",0.9,73.25,0.0489184525084587,0.000382290597981078,1.0859935854622,"t",6,75,"yes","no","",TRUE,FALSE,NA,FALSE,FALSE,"morris_baseline"
43,"brier",0.95,"threshold_quantile",0.95,79.75,0.027320055569747,0.00112917337586524,1.01072595603875,"t",6,75,"yes","no","",TRUE,FALSE,NA,FALSE,FALSE,"morris_baseline"
43,"brier",0.98,"threshold_quantile",0.98,88.5,0.0126790605831037,0.000616009527006376,0.98194912961875,"t",6,75,"yes","no","",TRUE,FALSE,NA,FALSE,FALSE,"morris_baseline"
43,"brier",0.99,"threshold_quantile",0.99,94.75,0.0069171775320269,0.000642571740579039,0.952316138668984,"t",6,75,"yes","no","",TRUE,FALSE,NA,FALSE,FALSE,"morris_baseline"
43,"brier",0.995,"threshold_quantile",0.995,100.52,0.00386124024857816,0.000131991349686771,0.958079274225479,"t",6,75,"yes","no","",TRUE,FALSE,NA,FALSE,FALSE,"morris_baseline"
43,"quantile",0,"score_quantile",0,NA,0,0,NA,"t",6,75,"yes","no","",TRUE,FALSE,NA,FALSE,FALSE,"morris_baseline"
43,"quantile",0.1,"score_quantile",0.1,NA,5.12003340562747,0.166082456203383,1.16404046065199,"t",6,75,"yes","no","",TRUE,FALSE,NA,FALSE,FALSE,"morris_baseline"
43,"quantile",0.2,"score_quantile",0.2,NA,8.22641155828588,0.16068398746912,1.13426004547165,"t",6,75,"yes","no","",TRUE,FALSE,NA,FALSE,FALSE,"morris_baseline"
43,"quantile",0.3,"score_quantile",0.3,NA,10.231931218444,0.109183284937966,1.11122785897716,"t",6,75,"yes","no","",TRUE,FALSE,NA,FALSE,FALSE,"morris_baseline"
43,"quantile",0.4,"score_quantile",0.4,NA,11.3561800368087,0.0681028595787918,1.09018938761303,"t",6,75,"yes","no","",TRUE,FALSE,NA,FALSE,FALSE,"morris_baseline"
43,"quantile",0.5,"score_quantile",0.5,NA,11.7028148855775,0.037857396820705,1.07221135676226,"t",6,75,"yes","no","",TRUE,FALSE,NA,FALSE,FALSE,"morris_baseline"
43,"quantile",0.6,"score_quantile",0.6,NA,11.3176852505647,0.0309675934247977,1.05707301222458,"t",6,75,"yes","no","",TRUE,FALSE,NA,FALSE,FALSE,"morris_baseline"
43,"quantile",0.7,"score_quantile",0.7,NA,10.1914495951745,0.0291034327227395,1.04511673365974,"t",6,75,"yes","no","",TRUE,FALSE,NA,FALSE,FALSE,"morris_baseline"
43,"quantile",0.8,"score_quantile",0.8,NA,8.22452175331987,0.00777629566743343,1.03559928525263,"t",6,75,"yes","no","",TRUE,FALSE,NA,FALSE,FALSE,"morris_baseline"
43,"quantile",0.9,"score_quantile",0.9,NA,5.17527143766873,0.0136349967697313,1.02657284265955,"t",6,75,"yes","no","",TRUE,FALSE,NA,FALSE,FALSE,"morris_baseline"
43,"quantile",0.95,"score_quantile",0.95,NA,3.05553482659372,0.00569911278764268,1.0180636509547,"t",6,75,"yes","no","",TRUE,FALSE,NA,FALSE,FALSE,"morris_baseline"
43,"quantile",0.98,"score_quantile",0.98,NA,1.45133747065973,0.00851539707272264,1.00542327213907,"t",6,75,"yes","no","",TRUE,FALSE,NA,FALSE,FALSE,"morris_baseline"
43,"quantile",0.99,"score_quantile",0.99,NA,0.812497878286294,0.0113676144749806,0.990683443502087,"t",6,75,"yes","no","",TRUE,FALSE,NA,FALSE,FALSE,"morris_baseline"
43,"quantile",0.995,"score_quantile",0.995,NA,0.450717530825964,0.0123732822859093,0.961351698697164,"t",6,75,"yes","no","",TRUE,FALSE,NA,FALSE,FALSE,"morris_baseline"
44,"brier",0,"threshold_quantile",0,2,0.00127198917840321,0.000756617333224698,8.89576743856056,"t",7,75,"yes","no","",TRUE,FALSE,NA,FALSE,FALSE,"morris_baseline"
44,"brier",0.1,"threshold_quantile",0.1,28.875,0.0808520470306991,0.00511554763129972,2.09058756280533,"t",7,75,"yes","no","",TRUE,FALSE,NA,FALSE,FALSE,"morris_baseline"
44,"brier",0.2,"threshold_quantile",0.2,36,0.122884880032713,0.00526029504105505,1.94264197227641,"t",7,75,"yes","no","",TRUE,FALSE,NA,FALSE,FALSE,"morris_baseline"
44,"brier",0.3,"threshold_quantile",0.3,41.625,0.147810424535976,0.00594788717861898,1.87216786234927,"t",7,75,"yes","no","",TRUE,FALSE,NA,FALSE,FALSE,"morris_baseline"
44,"brier",0.4,"threshold_quantile",0.4,46.5,0.161623026616484,0.00601265818138219,1.81023668052235,"t",7,75,"yes","no","",TRUE,FALSE,NA,FALSE,FALSE,"morris_baseline"
44,"brier",0.5,"threshold_quantile",0.5,50.875,0.158819923091074,0.00524533562027019,1.67916843844654,"t",7,75,"yes","no","",TRUE,FALSE,NA,FALSE,FALSE,"morris_baseline"
44,"brier",0.6,"threshold_quantile",0.6,55.429,0.146187498790272,0.00219481725874036,1.54560882071752,"t",7,75,"yes","no","",TRUE,FALSE,NA,FALSE,FALSE,"morris_baseline"
44,"brier",0.7,"threshold_quantile",0.7,60.125,0.121368534890755,0.00113757391644707,1.40313983697033,"t",7,75,"yes","no","",TRUE,FALSE,NA,FALSE,FALSE,"morris_baseline"
44,"brier",0.8,"threshold_quantile",0.8,65.5,0.0877259595414957,0.00173863586390968,1.22617391565497,"t",7,75,"yes","no","",TRUE,FALSE,NA,FALSE,FALSE,"morris_baseline"
44,"brier",0.9,"threshold_quantile",0.9,73.25,0.0489866096722779,0.000441785509570587,1.0875066799882,"t",7,75,"yes","no","",TRUE,FALSE,NA,FALSE,FALSE,"morris_baseline"
44,"brier",0.95,"threshold_quantile",0.95,79.75,0.0274244500437897,0.00112062003295368,1.01458810794077,"t",7,75,"yes","no","",TRUE,FALSE,NA,FALSE,FALSE,"morris_baseline"
44,"brier",0.98,"threshold_quantile",0.98,88.5,0.0127920128637778,0.00061378418994263,0.990696890777342,"t",7,75,"yes","no","",TRUE,FALSE,NA,FALSE,FALSE,"morris_baseline"
44,"brier",0.99,"threshold_quantile",0.99,94.75,0.00698787412095767,0.000631287907737695,0.962049227385573,"t",7,75,"yes","no","",TRUE,FALSE,NA,FALSE,FALSE,"morris_baseline"
44,"brier",0.995,"threshold_quantile",0.995,100.52,0.00388221566095853,0.000128274232268027,0.963283847517018,"t",7,75,"yes","no","",TRUE,FALSE,NA,FALSE,FALSE,"morris_baseline"
44,"quantile",0,"score_quantile",0,NA,0,0,NA,"t",7,75,"yes","no","",TRUE,FALSE,NA,FALSE,FALSE,"morris_baseline"
44,"quantile",0.1,"score_quantile",0.1,NA,5.05562939552194,0.00768403750450419,1.14939819806272,"t",7,75,"yes","no","",TRUE,FALSE,NA,FALSE,FALSE,"morris_baseline"
44,"quantile",0.2,"score_quantile",0.2,NA,8.08779487840506,0.0354084847328444,1.11514753687531,"t",7,75,"yes","no","",TRUE,FALSE,NA,FALSE,FALSE,"morris_baseline"
44,"quantile",0.3,"score_quantile",0.3,NA,10.0864218583211,0.028765379820757,1.09542497179403,"t",7,75,"yes","no","",TRUE,FALSE,NA,FALSE,FALSE,"morris_baseline"
44,"quantile",0.4,"score_quantile",0.4,NA,11.2391966423608,0.0172863024806631,1.07895902187906,"t",7,75,"yes","no","",TRUE,FALSE,NA,FALSE,FALSE,"morris_baseline"
44,"quantile",0.5,"score_quantile",0.5,NA,11.6092664525007,0.0168190198057747,1.06364045366476,"t",7,75,"yes","no","",TRUE,FALSE,NA,FALSE,FALSE,"morris_baseline"
44,"quantile",0.6,"score_quantile",0.6,NA,11.239850674184,0.0208913659598498,1.04980325447037,"t",7,75,"yes","no","",TRUE,FALSE,NA,FALSE,FALSE,"morris_baseline"
44,"quantile",0.7,"score_quantile",0.7,NA,10.131159204368,0.0351949215466059,1.03893405123343,"t",7,75,"yes","no","",TRUE,FALSE,NA,FALSE,FALSE,"morris_baseline"
44,"quantile",0.8,"score_quantile",0.8,NA,8.18186862750439,0.0012620510103849,1.03022857216643,"t",7,75,"yes","no","",TRUE,FALSE,NA,FALSE,FALSE,"morris_baseline"
44,"quantile",0.9,"score_quantile",0.9,NA,5.15611723196115,0.00750128842761955,1.02277339220773,"t",7,75,"yes","no","",TRUE,FALSE,NA,FALSE,FALSE,"morris_baseline"
44,"quantile",0.95,"score_quantile",0.95,NA,3.0491944024358,0.00150034006523825,1.01595110577583,"t",7,75,"yes","no","",TRUE,FALSE,NA,FALSE,FALSE,"morris_baseline"
44,"quantile",0.98,"score_quantile",0.98,NA,1.452075678216,0.0108083549546971,1.00593467012318,"t",7,75,"yes","no","",TRUE,FALSE,NA,FALSE,FALSE,"morris_baseline"
44,"quantile",0.99,"score_quantile",0.99,NA,0.814131521947518,0.0120260395472934,0.992675354830113,"t",7,75,"yes","no","",TRUE,FALSE,NA,FALSE,FALSE,"morris_baseline"
44,"quantile",0.995,"score_quantile",0.995,NA,0.451712361617642,0.0131357735554163,0.963473609220021,"t",7,75,"yes","no","",TRUE,FALSE,NA,FALSE,FALSE,"morris_baseline"
45,"brier",0,"threshold_quantile",0,2,0.00109697190739126,0.000617991246730601,7.67176886444668,"t",8,75,"yes","no","",TRUE,FALSE,NA,FALSE,FALSE,"morris_baseline"
45,"brier",0.1,"threshold_quantile",0.1,28.875,0.08032497663232,0.00267910597833267,2.07695912839901,"t",8,75,"yes","no","",TRUE,FALSE,NA,FALSE,FALSE,"morris_baseline"
45,"brier",0.2,"threshold_quantile",0.2,36,0.1243670763395,0.00101379078728141,1.9660734697556,"t",8,75,"yes","no","",TRUE,FALSE,NA,FALSE,FALSE,"morris_baseline"
45,"brier",0.3,"threshold_quantile",0.3,41.625,0.14935408980209,0.000650598125837759,1.89171993731635,"t",8,75,"yes","no","",TRUE,FALSE,NA,FALSE,FALSE,"morris_baseline"
45,"brier",0.4,"threshold_quantile",0.4,46.5,0.162570540814469,0.000739310560238918,1.82084918415142,"t",8,75,"yes","no","",TRUE,FALSE,NA,FALSE,FALSE,"morris_baseline"
45,"brier",0.5,"threshold_quantile",0.5,50.875,0.160632470262479,0.00034990284062382,1.69833210471827,"t",8,75,"yes","no","",TRUE,FALSE,NA,FALSE,FALSE,"morris_baseline"
45,"brier",0.6,"threshold_quantile",0.6,55.429,0.147651452626813,0.00153450823404801,1.56108688814193,"t",8,75,"yes","no","",TRUE,FALSE,NA,FALSE,FALSE,"morris_baseline"
45,"brier",0.7,"threshold_quantile",0.7,60.125,0.122237896669961,0.000793692112154666,1.41319051564287,"t",8,75,"yes","no","",TRUE,FALSE,NA,FALSE,FALSE,"morris_baseline"
45,"brier",0.8,"threshold_quantile",0.8,65.5,0.0880961211279947,0.00204585499479475,1.23134778305197,"t",8,75,"yes","no","",TRUE,FALSE,NA,FALSE,FALSE,"morris_baseline"
45,"brier",0.9,"threshold_quantile",0.9,73.25,0.048970643597715,0.000424592354904291,1.08715223184703,"t",8,75,"yes","no","",TRUE,FALSE,NA,FALSE,FALSE,"morris_baseline"
45,"brier",0.95,"threshold_quantile",0.95,79.75,0.0273471944973581,0.00107263768148744,1.01172998103005,"t",8,75,"yes","no","",TRUE,FALSE,NA,FALSE,FALSE,"morris_baseline"
45,"brier",0.98,"threshold_quantile",0.98,88.5,0.0127127942816998,0.000595569618867429,0.984561687209916,"t",8,75,"yes","no","",TRUE,FALSE,NA,FALSE,FALSE,"morris_baseline"
45,"brier",0.99,"threshold_quantile",0.99,94.75,0.00693128805947107,0.000643007379301031,0.9542587927281,"t",8,75,"yes","no","",TRUE,FALSE,NA,FALSE,FALSE,"morris_baseline"
45,"brier",0.995,"threshold_quantile",0.995,100.52,0.00388468590817374,0.000103967505239673,0.963896783389106,"t",8,75,"yes","no","",TRUE,FALSE,NA,FALSE,FALSE,"morris_baseline"
45,"quantile",0,"score_quantile",0,NA,0,0,NA,"t",8,75,"yes","no","",TRUE,FALSE,NA,FALSE,FALSE,"morris_baseline"
45,"quantile",0.1,"score_quantile",0.1,NA,5.07697889688538,0.102264520527814,1.15425201080825,"t",8,75,"yes","no","",TRUE,FALSE,NA,FALSE,FALSE,"morris_baseline"
45,"quantile",0.2,"score_quantile",0.2,NA,8.17345320730933,0.0836905015775002,1.1269581324612,"t",8,75,"yes","no","",TRUE,FALSE,NA,FALSE,FALSE,"morris_baseline"
45,"quantile",0.3,"score_quantile",0.3,NA,10.17828996777,0.0341955178972508,1.10540220877811,"t",8,75,"yes","no","",TRUE,FALSE,NA,FALSE,FALSE,"morris_baseline"
45,"quantile",0.4,"score_quantile",0.4,NA,11.3099139696584,0.00721879404712755,1.08574786103891,"t",8,75,"yes","no","",TRUE,FALSE,NA,FALSE,FALSE,"morris_baseline"
45,"quantile",0.5,"score_quantile",0.5,NA,11.6648872150917,0.00442509414772108,1.06873642535234,"t",8,75,"yes","no","",TRUE,FALSE,NA,FALSE,FALSE,"morris_baseline"
45,"quantile",0.6,"score_quantile",0.6,NA,11.2896901909776,0.00242905053224174,1.05445827066657,"t",8,75,"yes","no","",TRUE,FALSE,NA,FALSE,FALSE,"morris_baseline"
45,"quantile",0.7,"score_quantile",0.7,NA,10.1748767097206,0.0138219253707117,1.0434172109617,"t",8,75,"yes","no","",TRUE,FALSE,NA,FALSE,FALSE,"morris_baseline"
45,"quantile",0.8,"score_quantile",0.8,NA,8.21292140214354,0.0141842607663376,1.03413861486386,"t",8,75,"yes","no","",TRUE,FALSE,NA,FALSE,FALSE,"morris_baseline"
45,"quantile",0.9,"score_quantile",0.9,NA,5.16565769282847,0.0131791927275593,1.02466584908672,"t",8,75,"yes","no","",TRUE,FALSE,NA,FALSE,FALSE,"morris_baseline"
45,"quantile",0.95,"score_quantile",0.95,NA,3.04969414110476,0.00356005357968447,1.01611761206776,"t",8,75,"yes","no","",TRUE,FALSE,NA,FALSE,FALSE,"morris_baseline"
45,"quantile",0.98,"score_quantile",0.98,NA,1.44926714756115,0.00934369360129916,1.00398904263268,"t",8,75,"yes","no","",TRUE,FALSE,NA,FALSE,FALSE,"morris_baseline"
45,"quantile",0.99,"score_quantile",0.99,NA,0.813751926547317,0.00979660140139577,0.992212511925217,"t",8,75,"yes","no","",TRUE,FALSE,NA,FALSE,FALSE,"morris_baseline"
45,"quantile",0.995,"score_quantile",0.995,NA,0.452112375698827,0.0109836904359158,0.964326813699876,"t",8,75,"yes","no","",TRUE,FALSE,NA,FALSE,FALSE,"morris_baseline"
46,"brier",0,"threshold_quantile",0,2,0.000832941564810622,0.000434778668581059,5.82524959824557,"t",9,75,"yes","no","",TRUE,FALSE,NA,FALSE,FALSE,"morris_baseline"
46,"brier",0.1,"threshold_quantile",0.1,28.875,0.0790605459838308,0.00265361086871568,2.04426480481859,"t",9,75,"yes","no","",TRUE,FALSE,NA,FALSE,FALSE,"morris_baseline"
46,"brier",0.2,"threshold_quantile",0.2,36,0.120432604289557,0.0027990883302645,1.90387484498636,"t",9,75,"yes","no","",TRUE,FALSE,NA,FALSE,FALSE,"morris_baseline"
46,"brier",0.3,"threshold_quantile",0.3,41.625,0.144492288282604,0.00213359797229337,1.83014032555028,"t",9,75,"yes","no","",TRUE,FALSE,NA,FALSE,FALSE,"morris_baseline"
46,"brier",0.4,"threshold_quantile",0.4,46.5,0.157209401747932,0.00225234176127866,1.76080247675585,"t",9,75,"yes","no","",TRUE,FALSE,NA,FALSE,FALSE,"morris_baseline"
46,"brier",0.5,"threshold_quantile",0.5,50.875,0.155624092624156,0.00181853884704535,1.64537961932214,"t",9,75,"yes","no","",TRUE,FALSE,NA,FALSE,FALSE,"morris_baseline"
46,"brier",0.6,"threshold_quantile",0.6,55.429,0.144352895613979,0.000113966808443861,1.52621195795388,"t",9,75,"yes","no","",TRUE,FALSE,NA,FALSE,FALSE,"morris_baseline"
46,"brier",0.7,"threshold_quantile",0.7,60.125,0.120844300450151,0.000190158124492336,1.39707917035534,"t",9,75,"yes","no","",TRUE,FALSE,NA,FALSE,FALSE,"morris_baseline"
46,"brier",0.8,"threshold_quantile",0.8,65.5,0.08790176249749,0.00172353581081831,1.22863117004194,"t",9,75,"yes","no","",TRUE,FALSE,NA,FALSE,FALSE,"morris_baseline"
46,"brier",0.9,"threshold_quantile",0.9,73.25,0.0489763028930155,0.000488098775319457,1.08727786865849,"t",9,75,"yes","no","",TRUE,FALSE,NA,FALSE,FALSE,"morris_baseline"
46,"brier",0.95,"threshold_quantile",0.95,79.75,0.0274354733253308,0.00112994089555672,1.01499592251296,"t",9,75,"yes","no","",TRUE,FALSE,NA,FALSE,FALSE,"morris_baseline"
46,"brier",0.98,"threshold_quantile",0.98,88.5,0.0127693510698295,0.000656996651224868,0.988941813680169,"t",9,75,"yes","no","",TRUE,FALSE,NA,FALSE,FALSE,"morris_baseline"
46,"brier",0.99,"threshold_quantile",0.99,94.75,0.00700535627175062,0.000662655326514311,0.964456066629136,"t",9,75,"yes","no","",TRUE,FALSE,NA,FALSE,FALSE,"morris_baseline"
46,"brier",0.995,"threshold_quantile",0.995,100.52,0.00388123528014887,0.000140874930061344,0.963040588233959,"t",9,75,"yes","no","",TRUE,FALSE,NA,FALSE,FALSE,"morris_baseline"
46,"quantile",0,"score_quantile",0,NA,0,0,NA,"t",9,75,"yes","no","",TRUE,FALSE,NA,FALSE,FALSE,"morris_baseline"
46,"quantile",0.1,"score_quantile",0.1,NA,5.03397506965924,0.0756976613522102,1.14447508341572,"t",9,75,"yes","no","",TRUE,FALSE,NA,FALSE,FALSE,"morris_baseline"
46,"quantile",0.2,"score_quantile",0.2,NA,8.10020218420408,0.0743779158388174,1.11685825984851,"t",9,75,"yes","no","",TRUE,FALSE,NA,FALSE,FALSE,"morris_baseline"
46,"quantile",0.3,"score_quantile",0.3,NA,10.1135721411837,0.0393440910254403,1.09837359899373,"t",9,75,"yes","no","",TRUE,FALSE,NA,FALSE,FALSE,"morris_baseline"
46,"quantile",0.4,"score_quantile",0.4,NA,11.26871139059,0.0161568888945496,1.08179242758355,"t",9,75,"yes","no","",TRUE,FALSE,NA,FALSE,FALSE,"morris_baseline"
46,"quantile",0.5,"score_quantile",0.5,NA,11.6435891813901,0.00764371385553542,1.06678510049291,"t",9,75,"yes","no","",TRUE,FALSE,NA,FALSE,FALSE,"morris_baseline"
46,"quantile",0.6,"score_quantile",0.6,NA,11.2771429528395,0.0145856370364719,1.05328635728322,"t",9,75,"yes","no","",TRUE,FALSE,NA,FALSE,FALSE,"morris_baseline"
46,"quantile",0.7,"score_quantile",0.7,NA,10.1653813652003,0.0262300008908936,1.04244347868178,"t",9,75,"yes","no","",TRUE,FALSE,NA,FALSE,FALSE,"morris_baseline"
46,"quantile",0.8,"score_quantile",0.8,NA,8.204160314033,0.00853438601693046,1.0330354532628,"t",9,75,"yes","no","",TRUE,FALSE,NA,FALSE,FALSE,"morris_baseline"
46,"quantile",0.9,"score_quantile",0.9,NA,5.16083495062162,0.00882308545919885,1.02370920435102,"t",9,75,"yes","no","",TRUE,FALSE,NA,FALSE,FALSE,"morris_baseline"
46,"quantile",0.95,"score_quantile",0.95,NA,3.05106702227051,0.0010701083896385,1.01657503785121,"t",9,75,"yes","no","",TRUE,FALSE,NA,FALSE,FALSE,"morris_baseline"
46,"quantile",0.98,"score_quantile",0.98,NA,1.45144475340939,0.0106490610406093,1.00549759294688,"t",9,75,"yes","no","",TRUE,FALSE,NA,FALSE,FALSE,"morris_baseline"
46,"quantile",0.99,"score_quantile",0.99,NA,0.813671898532292,0.0112479943492907,0.992114933295635,"t",9,75,"yes","no","",TRUE,FALSE,NA,FALSE,FALSE,"morris_baseline"
46,"quantile",0.995,"score_quantile",0.995,NA,0.450529868102787,0.0122574186833709,0.960951426097652,"t",9,75,"yes","no","",TRUE,FALSE,NA,FALSE,FALSE,"morris_baseline"
47,"brier",0,"threshold_quantile",0,2,0.00472539689390441,0.00382688663364415,33.0474759823349,"skew-t",6,85,"yes","no","",FALSE,FALSE,NA,FALSE,FALSE,"other_numeric"
47,"brier",0.1,"threshold_quantile",0.1,28.875,0.089982737295246,0.015367992613898,2.32667938988846,"skew-t",6,85,"yes","no","",FALSE,FALSE,NA,FALSE,FALSE,"other_numeric"
47,"brier",0.2,"threshold_quantile",0.2,36,0.132865256709528,0.0143426868863712,2.1004180845723,"skew-t",6,85,"yes","no","",FALSE,FALSE,NA,FALSE,FALSE,"other_numeric"
47,"brier",0.3,"threshold_quantile",0.3,41.625,0.161350548675083,0.0111945720150896,2.04366716860615,"skew-t",6,85,"yes","no","",FALSE,FALSE,NA,FALSE,FALSE,"other_numeric"
47,"brier",0.4,"threshold_quantile",0.4,46.5,0.177767000858742,0.00630730256378033,1.99105506361136,"skew-t",6,85,"yes","no","",FALSE,FALSE,NA,FALSE,FALSE,"other_numeric"
47,"brier",0.5,"threshold_quantile",0.5,50.875,0.179812580531507,0.00405904797895421,1.9011192310614,"skew-t",6,85,"yes","no","",FALSE,FALSE,NA,FALSE,FALSE,"other_numeric"
47,"brier",0.6,"threshold_quantile",0.6,55.429,0.170166784885662,0.00125703526604248,1.7991366285687,"skew-t",6,85,"yes","no","",FALSE,FALSE,NA,FALSE,FALSE,"other_numeric"
47,"brier",0.7,"threshold_quantile",0.7,60.125,0.145850865287285,0.000883271606938268,1.68617969661899,"skew-t",6,85,"yes","no","",FALSE,FALSE,NA,FALSE,FALSE,"other_numeric"
47,"brier",0.8,"threshold_quantile",0.8,65.5,0.108435387700525,0.00170545301018573,1.51563624527156,"skew-t",6,85,"yes","no","",FALSE,FALSE,NA,FALSE,FALSE,"other_numeric"
47,"brier",0.9,"threshold_quantile",0.9,73.25,0.0583319425872246,0.00134325273142735,1.29497382335063,"skew-t",6,85,"yes","no","",FALSE,FALSE,NA,FALSE,FALSE,"other_numeric"
47,"brier",0.95,"threshold_quantile",0.95,79.75,0.0305690509398308,0.00112553242686923,1.13092497771387,"skew-t",6,85,"yes","no","",FALSE,FALSE,NA,FALSE,FALSE,"other_numeric"
47,"brier",0.98,"threshold_quantile",0.98,88.5,0.01302219791559,0.000369098380706288,1.00852392218845,"skew-t",6,85,"yes","no","",FALSE,FALSE,NA,FALSE,FALSE,"other_numeric"
47,"brier",0.99,"threshold_quantile",0.99,94.75,0.00699721915086755,0.000528903728678666,0.963335795896836,"skew-t",6,85,"yes","no","",FALSE,FALSE,NA,FALSE,FALSE,"other_numeric"
47,"brier",0.995,"threshold_quantile",0.995,100.52,0.00387496913717669,0.000100772798091915,0.961485786842569,"skew-t",6,85,"yes","no","",FALSE,FALSE,NA,FALSE,FALSE,"other_numeric"
47,"quantile",0,"score_quantile",0,NA,0,0,NA,"skew-t",6,85,"yes","no","",FALSE,FALSE,NA,FALSE,FALSE,"other_numeric"
47,"quantile",0.1,"score_quantile",0.1,NA,6.08403055887611,0.549580016456479,1.38320537647098,"skew-t",6,85,"yes","no","",FALSE,FALSE,NA,FALSE,FALSE,"other_numeric"
47,"quantile",0.2,"score_quantile",0.2,NA,8.9951598711989,0.353067059201338,1.24025528898492,"skew-t",6,85,"yes","no","",FALSE,FALSE,NA,FALSE,FALSE,"other_numeric"
47,"quantile",0.3,"score_quantile",0.3,NA,10.8743711351095,0.189637767249009,1.18099935351484,"skew-t",6,85,"yes","no","",FALSE,FALSE,NA,FALSE,FALSE,"other_numeric"
47,"quantile",0.4,"score_quantile",0.4,NA,11.9481043897011,0.111756482092432,1.1470139224215,"skew-t",6,85,"yes","no","",FALSE,FALSE,NA,FALSE,FALSE,"other_numeric"
47,"quantile",0.5,"score_quantile",0.5,NA,12.243977002238,0.0625899175148019,1.12179260477876,"skew-t",6,85,"yes","no","",FALSE,FALSE,NA,FALSE,FALSE,"other_numeric"
47,"quantile",0.6,"score_quantile",0.6,NA,11.7734815401914,0.0333480941891473,1.09964443439877,"skew-t",6,85,"yes","no","",FALSE,FALSE,NA,FALSE,FALSE,"other_numeric"
47,"quantile",0.7,"score_quantile",0.7,NA,10.5321908777402,0.00342111417691449,1.08005920312225,"skew-t",6,85,"yes","no","",FALSE,FALSE,NA,FALSE,FALSE,"other_numeric"
47,"quantile",0.8,"score_quantile",0.8,NA,8.45839694596223,0.00488147589105736,1.06504792550226,"skew-t",6,85,"yes","no","",FALSE,FALSE,NA,FALSE,FALSE,"other_numeric"
47,"quantile",0.9,"score_quantile",0.9,NA,5.30966079365579,0.00893935009671143,1.05323047112608,"skew-t",6,85,"yes","no","",FALSE,FALSE,NA,FALSE,FALSE,"other_numeric"
47,"quantile",0.95,"score_quantile",0.95,NA,3.1250006253448,0.00164686939750847,1.04120873314375,"skew-t",6,85,"yes","no","",FALSE,FALSE,NA,FALSE,FALSE,"other_numeric"
47,"quantile",0.98,"score_quantile",0.98,NA,1.47677093775109,0.0128670570626356,1.02304246837826,"skew-t",6,85,"yes","no","",FALSE,FALSE,NA,FALSE,FALSE,"other_numeric"
47,"quantile",0.99,"score_quantile",0.99,NA,0.824743767256166,0.013082468197794,1.0056149279744,"skew-t",6,85,"yes","no","",FALSE,FALSE,NA,FALSE,FALSE,"other_numeric"
47,"quantile",0.995,"score_quantile",0.995,NA,0.456759403746102,0.0127089906760179,0.97423862764453,"skew-t",6,85,"yes","no","",FALSE,FALSE,NA,FALSE,FALSE,"other_numeric"
48,"brier",0,"threshold_quantile",0,2,0.00809879228285925,0.00699901506897871,56.6396113306297,"skew-t",7,85,"yes","no","",FALSE,FALSE,NA,FALSE,FALSE,"other_numeric"
48,"brier",0.1,"threshold_quantile",0.1,28.875,0.0994730373821909,0.0219628875723811,2.57206963117109,"skew-t",7,85,"yes","no","",FALSE,FALSE,NA,FALSE,FALSE,"other_numeric"
48,"brier",0.2,"threshold_quantile",0.2,36,0.143010056579146,0.0202893410202538,2.26079350278338,"skew-t",7,85,"yes","no","",FALSE,FALSE,NA,FALSE,FALSE,"other_numeric"
48,"brier",0.3,"threshold_quantile",0.3,41.625,0.171367617492079,0.0159069302748623,2.17054343171814,"skew-t",7,85,"yes","no","",FALSE,FALSE,NA,FALSE,FALSE,"other_numeric"
48,"brier",0.4,"threshold_quantile",0.4,46.5,0.186732580856086,0.00972040075264936,2.09147282036988,"skew-t",7,85,"yes","no","",FALSE,FALSE,NA,FALSE,FALSE,"other_numeric"
48,"brier",0.5,"threshold_quantile",0.5,50.875,0.186958826231311,0.00670942688863532,1.97667492960946,"skew-t",7,85,"yes","no","",FALSE,FALSE,NA,FALSE,FALSE,"other_numeric"
48,"brier",0.6,"threshold_quantile",0.6,55.429,0.176092463246877,0.00391033151848147,1.8617875448209,"skew-t",7,85,"yes","no","",FALSE,FALSE,NA,FALSE,FALSE,"other_numeric"
48,"brier",0.7,"threshold_quantile",0.7,60.125,0.150041560926371,0.00317597121999845,1.73462826692687,"skew-t",7,85,"yes","no","",FALSE,FALSE,NA,FALSE,FALSE,"other_numeric"
48,"brier",0.8,"threshold_quantile",0.8,65.5,0.11047951951585,0.000552967517850431,1.54420773226597,"skew-t",7,85,"yes","no","",FALSE,FALSE,NA,FALSE,FALSE,"other_numeric"
48,"brier",0.9,"threshold_quantile",0.9,73.25,0.0587519667117167,0.00101562005838672,1.30429839274209,"skew-t",7,85,"yes","no","",FALSE,FALSE,NA,FALSE,FALSE,"other_numeric"
48,"brier",0.95,"threshold_quantile",0.95,79.75,0.0307492682253709,0.00107204283569015,1.13759225142264,"skew-t",7,85,"yes","no","",FALSE,FALSE,NA,FALSE,FALSE,"other_numeric"
48,"brier",0.98,"threshold_quantile",0.98,88.5,0.0130722626419593,0.000384100821504175,1.01240126106231,"skew-t",7,85,"yes","no","",FALSE,FALSE,NA,FALSE,FALSE,"other_numeric"
48,"brier",0.99,"threshold_quantile",0.99,94.75,0.00701550994633794,0.000539686990599001,0.965853964562437,"skew-t",7,85,"yes","no","",FALSE,FALSE,NA,FALSE,FALSE,"other_numeric"
48,"brier",0.995,"threshold_quantile",0.995,100.52,0.00389195242026097,0.000109111106599222,0.965699803708613,"skew-t",7,85,"yes","no","",FALSE,FALSE,NA,FALSE,FALSE,"other_numeric"
48,"quantile",0,"score_quantile",0,NA,0,0,NA,"skew-t",7,85,"yes","no","",FALSE,FALSE,NA,FALSE,FALSE,"other_numeric"
48,"quantile",0.1,"score_quantile",0.1,NA,6.61539254243958,0.87666838255155,1.50401061329626,"skew-t",7,85,"yes","no","",FALSE,FALSE,NA,FALSE,FALSE,"other_numeric"
48,"quantile",0.2,"score_quantile",0.2,NA,9.52603301742256,0.634525723122486,1.31345223454363,"skew-t",7,85,"yes","no","",FALSE,FALSE,NA,FALSE,FALSE,"other_numeric"
48,"quantile",0.3,"score_quantile",0.3,NA,11.2956539885233,0.366791168121484,1.22675232362657,"skew-t",7,85,"yes","no","",FALSE,FALSE,NA,FALSE,FALSE,"other_numeric"
48,"quantile",0.4,"score_quantile",0.4,NA,12.2685357002863,0.20638314785668,1.17777521830855,"skew-t",7,85,"yes","no","",FALSE,FALSE,NA,FALSE,FALSE,"other_numeric"
48,"quantile",0.5,"score_quantile",0.5,NA,12.4808668677365,0.101782173449794,1.14349644326315,"skew-t",7,85,"yes","no","",FALSE,FALSE,NA,FALSE,FALSE,"other_numeric"
48,"quantile",0.6,"score_quantile",0.6,NA,11.9343146695907,0.037288111617892,1.11466626587718,"skew-t",7,85,"yes","no","",FALSE,FALSE,NA,FALSE,FALSE,"other_numeric"
48,"quantile",0.7,"score_quantile",0.7,NA,10.6252755731475,0.0111243620200954,1.0896048886412,"skew-t",7,85,"yes","no","",FALSE,FALSE,NA,FALSE,FALSE,"other_numeric"
48,"quantile",0.8,"score_quantile",0.8,NA,8.50324309398236,0.00974825492872089,1.07069477528015,"skew-t",7,85,"yes","no","",FALSE,FALSE,NA,FALSE,FALSE,"other_numeric"
48,"quantile",0.9,"score_quantile",0.9,NA,5.32158056151625,0.00774366934110793,1.05559489009883,"skew-t",7,85,"yes","no","",FALSE,FALSE,NA,FALSE,FALSE,"other_numeric"
48,"quantile",0.95,"score_quantile",0.95,NA,3.12731492078409,0.00011988540302732,1.04197982566864,"skew-t",7,85,"yes","no","",FALSE,FALSE,NA,FALSE,FALSE,"other_numeric"
48,"quantile",0.98,"score_quantile",0.98,NA,1.47520923980955,0.0128275714588107,1.02196059218735,"skew-t",7,85,"yes","no","",FALSE,FALSE,NA,FALSE,FALSE,"other_numeric"
48,"quantile",0.99,"score_quantile",0.99,NA,0.823305723430233,0.0129019048304359,1.00386151267639,"skew-t",7,85,"yes","no","",FALSE,FALSE,NA,FALSE,FALSE,"other_numeric"
48,"quantile",0.995,"score_quantile",0.995,NA,0.456250792466722,0.0124973507613989,0.973153792278769,"skew-t",7,85,"yes","no","",FALSE,FALSE,NA,FALSE,FALSE,"other_numeric"
49,"brier",0,"threshold_quantile",0,2,0.00371002438464346,0.00324430825851733,25.9463796371349,"skew-t",8,85,"yes","no","",FALSE,FALSE,NA,FALSE,FALSE,"other_numeric"
49,"brier",0.1,"threshold_quantile",0.1,28.875,0.0890410095606559,0.0183944319630583,2.30232918031696,"skew-t",8,85,"yes","no","",FALSE,FALSE,NA,FALSE,FALSE,"other_numeric"
49,"brier",0.2,"threshold_quantile",0.2,36,0.133289153466751,0.0193657311077256,2.10711931284607,"skew-t",8,85,"yes","no","",FALSE,FALSE,NA,FALSE,FALSE,"other_numeric"
49,"brier",0.3,"threshold_quantile",0.3,41.625,0.161516329342771,0.01640412818161,2.0457669476929,"skew-t",8,85,"yes","no","",FALSE,FALSE,NA,FALSE,FALSE,"other_numeric"
49,"brier",0.4,"threshold_quantile",0.4,46.5,0.177095671372285,0.0110977128604398,1.98353592919999,"skew-t",8,85,"yes","no","",FALSE,FALSE,NA,FALSE,FALSE,"other_numeric"
49,"brier",0.5,"threshold_quantile",0.5,50.875,0.178745350142518,0.00784184796700926,1.88983563671843,"skew-t",8,85,"yes","no","",FALSE,FALSE,NA,FALSE,FALSE,"other_numeric"
49,"brier",0.6,"threshold_quantile",0.6,55.429,0.169446145769414,0.00430046673371171,1.79151746698618,"skew-t",8,85,"yes","no","",FALSE,FALSE,NA,FALSE,FALSE,"other_numeric"
49,"brier",0.7,"threshold_quantile",0.7,60.125,0.145799133677987,0.00311873038802994,1.68558162824893,"skew-t",8,85,"yes","no","",FALSE,FALSE,NA,FALSE,FALSE,"other_numeric"
49,"brier",0.8,"threshold_quantile",0.8,65.5,0.108515528336973,0.00045837358828571,1.51675639668979,"skew-t",8,85,"yes","no","",FALSE,FALSE,NA,FALSE,FALSE,"other_numeric"
49,"brier",0.9,"threshold_quantile",0.9,73.25,0.0584205398103079,0.000883212248417461,1.29694068883849,"skew-t",8,85,"yes","no","",FALSE,FALSE,NA,FALSE,FALSE,"other_numeric"
49,"brier",0.95,"threshold_quantile",0.95,79.75,0.0305935027984749,0.00107806015781473,1.13182959257243,"skew-t",8,85,"yes","no","",FALSE,FALSE,NA,FALSE,FALSE,"other_numeric"
49,"brier",0.98,"threshold_quantile",0.98,88.5,0.0130241489889064,0.000387242102184705,1.00867502602869,"skew-t",8,85,"yes","no","",FALSE,FALSE,NA,FALSE,FALSE,"other_numeric"
49,"brier",0.99,"threshold_quantile",0.99,94.75,0.00698489114095341,0.000535619529717264,0.961638548320849,"skew-t",8,85,"yes","no","",FALSE,FALSE,NA,FALSE,FALSE,"other_numeric"
49,"brier",0.995,"threshold_quantile",0.995,100.52,0.00387577238510203,0.00010118851913554,0.961685094614112,"skew-t",8,85,"yes","no","",FALSE,FALSE,NA,FALSE,FALSE,"other_numeric"
49,"quantile",0,"score_quantile",0,NA,0,0,NA,"skew-t",8,85,"yes","no","",FALSE,FALSE,NA,FALSE,FALSE,"other_numeric"
49,"quantile",0.1,"score_quantile",0.1,NA,5.9971403113404,0.782248946880624,1.36345086399916,"skew-t",8,85,"yes","no","",FALSE,FALSE,NA,FALSE,FALSE,"other_numeric"
49,"quantile",0.2,"score_quantile",0.2,NA,8.94509040278626,0.63466206605428,1.23335169595216,"skew-t",8,85,"yes","no","",FALSE,FALSE,NA,FALSE,FALSE,"other_numeric"
49,"quantile",0.3,"score_quantile",0.3,NA,10.8138097252913,0.43871191992996,1.17442214689253,"skew-t",8,85,"yes","no","",FALSE,FALSE,NA,FALSE,FALSE,"other_numeric"
49,"quantile",0.4,"score_quantile",0.4,NA,11.8834854319706,0.314439306918838,1.14081052464795,"skew-t",8,85,"yes","no","",FALSE,FALSE,NA,FALSE,FALSE,"other_numeric"
49,"quantile",0.5,"score_quantile",0.5,NA,12.1750851416951,0.216528207332158,1.11548073571265,"skew-t",8,85,"yes","no","",FALSE,FALSE,NA,FALSE,FALSE,"other_numeric"
49,"quantile",0.6,"score_quantile",0.6,NA,11.7129732660403,0.132293915987275,1.09399295512493,"skew-t",8,85,"yes","no","",FALSE,FALSE,NA,FALSE,FALSE,"other_numeric"
49,"quantile",0.7,"score_quantile",0.7,NA,10.4889414375097,0.0395607679871519,1.07562404271801,"skew-t",8,85,"yes","no","",FALSE,FALSE,NA,FALSE,FALSE,"other_numeric"
49,"quantile",0.8,"score_quantile",0.8,NA,8.43479335133213,0.0129035904646173,1.06207585412091,"skew-t",8,85,"yes","no","",FALSE,FALSE,NA,FALSE,FALSE,"other_numeric"
49,"quantile",0.9,"score_quantile",0.9,NA,5.30925479986638,0.00116314392668304,1.0531499377273,"skew-t",8,85,"yes","no","",FALSE,FALSE,NA,FALSE,FALSE,"other_numeric"
49,"quantile",0.95,"score_quantile",0.95,NA,3.12964706133537,0.0087475162892372,1.042756863948,"skew-t",8,85,"yes","no","",FALSE,FALSE,NA,FALSE,FALSE,"other_numeric"
49,"quantile",0.98,"score_quantile",0.98,NA,1.47872599097001,0.0160030067782514,1.02439684394171,"skew-t",8,85,"yes","no","",FALSE,FALSE,NA,FALSE,FALSE,"other_numeric"
49,"quantile",0.99,"score_quantile",0.99,NA,0.825304059337086,0.0145484813170324,1.00629809540526,"skew-t",8,85,"yes","no","",FALSE,FALSE,NA,FALSE,FALSE,"other_numeric"
49,"quantile",0.995,"score_quantile",0.995,NA,0.456349318897541,0.0134645648014058,0.973363942861243,"skew-t",8,85,"yes","no","",FALSE,FALSE,NA,FALSE,FALSE,"other_numeric"
50,"brier",0,"threshold_quantile",0,2,0.00566773925533936,0.00356400452060463,39.6378296088907,"skew-t",9,85,"yes","no","",FALSE,FALSE,NA,FALSE,FALSE,"other_numeric"
50,"brier",0.1,"threshold_quantile",0.1,28.875,0.0980150368204,0.00834291363388019,2.53437017948144,"skew-t",9,85,"yes","no","",FALSE,FALSE,NA,FALSE,FALSE,"other_numeric"
50,"brier",0.2,"threshold_quantile",0.2,36,0.142791926988013,0.00541148805574768,2.25734517212612,"skew-t",9,85,"yes","no","",FALSE,FALSE,NA,FALSE,FALSE,"other_numeric"
50,"brier",0.3,"threshold_quantile",0.3,41.625,0.171119691679824,0.00186225993474595,2.16740320166057,"skew-t",9,85,"yes","no","",FALSE,FALSE,NA,FALSE,FALSE,"other_numeric"
50,"brier",0.4,"threshold_quantile",0.4,46.5,0.186786324920179,0.00208926783257377,2.09207477343447,"skew-t",9,85,"yes","no","",FALSE,FALSE,NA,FALSE,FALSE,"other_numeric"
50,"brier",0.5,"threshold_quantile",0.5,50.875,0.186802784186252,0.00229893191651767,1.97502513107012,"skew-t",9,85,"yes","no","",FALSE,FALSE,NA,FALSE,FALSE,"other_numeric"
50,"brier",0.6,"threshold_quantile",0.6,55.429,0.175632721347318,0.00200849726796438,1.85692679310758,"skew-t",9,85,"yes","no","",FALSE,FALSE,NA,FALSE,FALSE,"other_numeric"
50,"brier",0.7,"threshold_quantile",0.7,60.125,0.149357632231091,6.26685874471622e-05,1.72672137739525,"skew-t",9,85,"yes","no","",FALSE,FALSE,NA,FALSE,FALSE,"other_numeric"
50,"brier",0.8,"threshold_quantile",0.8,65.5,0.110015713381557,0.00132886851700788,1.53772496494415,"skew-t",9,85,"yes","no","",FALSE,FALSE,NA,FALSE,FALSE,"other_numeric"
50,"brier",0.9,"threshold_quantile",0.9,73.25,0.0584707021062986,0.000938068841315684,1.29805429584943,"skew-t",9,85,"yes","no","",FALSE,FALSE,NA,FALSE,FALSE,"other_numeric"
50,"brier",0.95,"threshold_quantile",0.95,79.75,0.0305780693080139,0.00101270585715123,1.13125861901195,"skew-t",9,85,"yes","no","",FALSE,FALSE,NA,FALSE,FALSE,"other_numeric"
50,"brier",0.98,"threshold_quantile",0.98,88.5,0.0130402237966436,0.000359195832986024,1.00991996396104,"skew-t",9,85,"yes","no","",FALSE,FALSE,NA,FALSE,FALSE,"other_numeric"
50,"brier",0.99,"threshold_quantile",0.99,94.75,0.00703918758772776,0.00055977462782112,0.969113762350877,"skew-t",9,85,"yes","no","",FALSE,FALSE,NA,FALSE,FALSE,"other_numeric"
50,"brier",0.995,"threshold_quantile",0.995,100.52,0.00390644271547491,0.000124454518425653,0.969295242124288,"skew-t",9,85,"yes","no","",FALSE,FALSE,NA,FALSE,FALSE,"other_numeric"
50,"quantile",0,"score_quantile",0,NA,0,0,NA,"skew-t",9,85,"yes","no","",FALSE,FALSE,NA,FALSE,FALSE,"other_numeric"
50,"quantile",0.1,"score_quantile",0.1,NA,6.50140335774275,0.235136424002936,1.47809515287798,"skew-t",9,85,"yes","no","",FALSE,FALSE,NA,FALSE,FALSE,"other_numeric"
50,"quantile",0.2,"score_quantile",0.2,NA,9.43225147280253,0.112009169647866,1.30052160758539,"skew-t",9,85,"yes","no","",FALSE,FALSE,NA,FALSE,FALSE,"other_numeric"
50,"quantile",0.3,"score_quantile",0.3,NA,11.2767858272483,0.296461042344855,1.22470316731299,"skew-t",9,85,"yes","no","",FALSE,FALSE,NA,FALSE,FALSE,"other_numeric"
50,"quantile",0.4,"score_quantile",0.4,NA,12.3076068426035,0.341550427453,1.18152603456702,"skew-t",9,85,"yes","no","",FALSE,FALSE,NA,FALSE,FALSE,"other_numeric"
50,"quantile",0.5,"score_quantile",0.5,NA,12.5585661050374,0.333083451028926,1.15061524377912,"skew-t",9,85,"yes","no","",FALSE,FALSE,NA,FALSE,FALSE,"other_numeric"
50,"quantile",0.6,"score_quantile",0.6,NA,12.0209270891219,0.279504024624668,1.12275587511996,"skew-t",9,85,"yes","no","",FALSE,FALSE,NA,FALSE,FALSE,"other_numeric"
50,"quantile",0.7,"score_quantile",0.7,NA,10.6948461746017,0.2068793042006,1.09673924171546,"skew-t",9,85,"yes","no","",FALSE,FALSE,NA,FALSE,FALSE,"other_numeric"
50,"quantile",0.8,"score_quantile",0.8,NA,8.55603028219748,0.100433489728678,1.07734152946546,"skew-t",9,85,"yes","no","",FALSE,FALSE,NA,FALSE,FALSE,"other_numeric"
50,"quantile",0.9,"score_quantile",0.9,NA,5.33280892544548,0.00910444166938884,1.05782216138616,"skew-t",9,85,"yes","no","",FALSE,FALSE,NA,FALSE,FALSE,"other_numeric"
50,"quantile",0.95,"score_quantile",0.95,NA,3.12824280979254,0.00153126780173141,1.04228898597125,"skew-t",9,85,"yes","no","",FALSE,FALSE,NA,FALSE,FALSE,"other_numeric"
50,"quantile",0.98,"score_quantile",0.98,NA,1.47429589614018,0.00820555051428784,1.02132786754598,"skew-t",9,85,"yes","no","",FALSE,FALSE,NA,FALSE,FALSE,"other_numeric"
50,"quantile",0.99,"score_quantile",0.99,NA,0.822828449687655,0.0108076351565742,1.00327956999392,"skew-t",9,85,"yes","no","",FALSE,FALSE,NA,FALSE,FALSE,"other_numeric"
50,"quantile",0.995,"score_quantile",0.995,NA,0.455903269966469,0.0121061469457582,0.972412548987564,"skew-t",9,85,"yes","no","",FALSE,FALSE,NA,FALSE,FALSE,"other_numeric"
51,"brier",0,"threshold_quantile",0,2,0.000135875282837226,8.15043167623738e-05,0.9502556604184,"skew-t",1,0,"yes","yes","",TRUE,FALSE,NA,FALSE,FALSE,"morris_baseline"
51,"brier",0.1,"threshold_quantile",0.1,28.875,0.0386227130524886,0.001023261784554,0.998665667904159,"skew-t",1,0,"yes","yes","",TRUE,FALSE,NA,FALSE,FALSE,"morris_baseline"
51,"brier",0.2,"threshold_quantile",0.2,36,0.062997175544284,0.00177517892766735,0.995899229544041,"skew-t",1,0,"yes","yes","",TRUE,FALSE,NA,FALSE,FALSE,"morris_baseline"
51,"brier",0.3,"threshold_quantile",0.3,41.625,0.0787735571319869,0.00157006103255419,0.997746420987681,"skew-t",1,0,"yes","yes","",TRUE,FALSE,NA,FALSE,FALSE,"morris_baseline"
51,"brier",0.4,"threshold_quantile",0.4,46.5,0.0890876416310947,0.000519999799262878,0.997813987511294,"skew-t",1,0,"yes","yes","",TRUE,FALSE,NA,FALSE,FALSE,"morris_baseline"
51,"brier",0.5,"threshold_quantile",0.5,50.875,0.0943662247586208,0.000730311608804351,0.997713531060978,"skew-t",1,0,"yes","yes","",TRUE,FALSE,NA,FALSE,FALSE,"morris_baseline"
51,"brier",0.6,"threshold_quantile",0.6,55.429,0.0943522621734037,0.00019546100977947,0.997566070126713,"skew-t",1,0,"yes","yes","",TRUE,FALSE,NA,FALSE,FALSE,"morris_baseline"
51,"brier",0.7,"threshold_quantile",0.7,60.125,0.0862096873395213,2.49776020869591e-05,0.996668920389628,"skew-t",1,0,"yes","yes","",TRUE,FALSE,NA,FALSE,FALSE,"morris_baseline"
51,"brier",0.8,"threshold_quantile",0.8,65.5,0.0710947309111537,0.00158678489131542,0.993713890841293,"skew-t",1,0,"yes","yes","",TRUE,FALSE,NA,FALSE,FALSE,"morris_baseline"
51,"brier",0.9,"threshold_quantile",0.9,73.25,0.0446953684462682,0.00130112263814953,0.992240779164545,"skew-t",1,0,"yes","yes","",TRUE,FALSE,NA,FALSE,FALSE,"morris_baseline"
51,"brier",0.95,"threshold_quantile",0.95,79.75,0.0269477783648014,0.00212720441798137,0.996953281494973,"skew-t",1,0,"yes","yes","",TRUE,FALSE,NA,FALSE,FALSE,"morris_baseline"
51,"brier",0.98,"threshold_quantile",0.98,88.5,0.0128488774417816,0.000707977903563728,0.995100854502497,"skew-t",1,0,"yes","yes","",TRUE,FALSE,NA,FALSE,FALSE,"morris_baseline"
51,"brier",0.99,"threshold_quantile",0.99,94.75,0.00717920375429693,0.00058581853465869,0.988390361004159,"skew-t",1,0,"yes","yes","",TRUE,FALSE,NA,FALSE,FALSE,"morris_baseline"
51,"brier",0.995,"threshold_quantile",0.995,100.52,0.00399840645452529,5.01701987946938e-05,0.992113960124778,"skew-t",1,0,"yes","yes","",TRUE,FALSE,NA,FALSE,FALSE,"morris_baseline"
51,"quantile",0,"score_quantile",0,NA,0,0,NA,"skew-t",1,0,"yes","yes","",TRUE,FALSE,NA,FALSE,FALSE,"morris_baseline"
51,"quantile",0.1,"score_quantile",0.1,NA,4.39679403251727,0.0103614108719707,0.999611866863614,"skew-t",1,0,"yes","yes","",TRUE,FALSE,NA,FALSE,FALSE,"morris_baseline"
51,"quantile",0.2,"score_quantile",0.2,NA,7.24913910372602,0.00121035319688012,0.99951343197031,"skew-t",1,0,"yes","yes","",TRUE,FALSE,NA,FALSE,FALSE,"morris_baseline"
51,"quantile",0.3,"score_quantile",0.3,NA,9.20427394502124,0.00190712042812979,0.999620248710055,"skew-t",1,0,"yes","yes","",TRUE,FALSE,NA,FALSE,FALSE,"morris_baseline"
51,"quantile",0.4,"score_quantile",0.4,NA,10.4143303448211,0.0262047529013696,0.999772140298926,"skew-t",1,0,"yes","yes","",TRUE,FALSE,NA,FALSE,FALSE,"morris_baseline"
51,"quantile",0.5,"score_quantile",0.5,NA,10.9120796341793,0.0547582677199729,0.99976422972223,"skew-t",1,0,"yes","yes","",TRUE,FALSE,NA,FALSE,FALSE,"morris_baseline"
51,"quantile",0.6,"score_quantile",0.6,NA,10.7063745338933,0.0643406729991565,0.999976525940446,"skew-t",1,0,"yes","yes","",TRUE,FALSE,NA,FALSE,FALSE,"morris_baseline"
51,"quantile",0.7,"score_quantile",0.7,NA,9.75190913564374,0.0444850125178151,1.00004256780274,"skew-t",1,0,"yes","yes","",TRUE,FALSE,NA,FALSE,FALSE,"morris_baseline"
51,"quantile",0.8,"score_quantile",0.8,NA,7.94051333720723,0.0170128573288162,0.999838067572919,"skew-t",1,0,"yes","yes","",TRUE,FALSE,NA,FALSE,FALSE,"morris_baseline"
51,"quantile",0.9,"score_quantile",0.9,NA,5.03827533377431,0.0149591943522163,0.999398136655813,"skew-t",1,0,"yes","yes","",TRUE,FALSE,NA,FALSE,FALSE,"morris_baseline"
51,"quantile",0.95,"score_quantile",0.95,NA,2.99666723337002,0.0177916988677518,0.998449750187276,"skew-t",1,0,"yes","yes","",TRUE,FALSE,NA,FALSE,FALSE,"morris_baseline"
51,"quantile",0.98,"score_quantile",0.98,NA,1.43705006443615,0.0291398351186373,0.99552558052283,"skew-t",1,0,"yes","yes","",TRUE,FALSE,NA,FALSE,FALSE,"morris_baseline"
51,"quantile",0.99,"score_quantile",0.99,NA,0.813657660181731,0.0335128111196484,0.992097572391021,"skew-t",1,0,"yes","yes","",TRUE,FALSE,NA,FALSE,FALSE,"morris_baseline"
51,"quantile",0.995,"score_quantile",0.995,NA,0.462496486255139,0.032535994933839,0.986475458116869,"skew-t",1,0,"yes","yes","",TRUE,FALSE,NA,FALSE,FALSE,"morris_baseline"
52,"brier",0,"threshold_quantile",0,2,0.000840687263906818,0.00021377946610902,5.87941982152948,"skew-t",1,50,"yes","yes","",TRUE,FALSE,NA,FALSE,FALSE,"morris_baseline"
52,"brier",0.1,"threshold_quantile",0.1,28.875,0.0654644847644306,0.00321755168134751,1.69271209177935,"skew-t",1,50,"yes","yes","",TRUE,FALSE,NA,FALSE,FALSE,"morris_baseline"
52,"brier",0.2,"threshold_quantile",0.2,36,0.0873782094378049,0.00467718158328371,1.38133004704119,"skew-t",1,50,"yes","yes","",TRUE,FALSE,NA,FALSE,FALSE,"morris_baseline"
52,"brier",0.3,"threshold_quantile",0.3,41.625,0.0949271162770272,0.005052495055806,1.20234751315586,"skew-t",1,50,"yes","yes","",TRUE,FALSE,NA,FALSE,FALSE,"morris_baseline"
52,"brier",0.4,"threshold_quantile",0.4,46.5,0.096857811086807,0.00280679143715733,1.08484271143181,"skew-t",1,50,"yes","yes","",TRUE,FALSE,NA,FALSE,FALSE,"morris_baseline"
52,"brier",0.5,"threshold_quantile",0.5,50.875,0.0966083486365923,0.00201095014810385,1.02141901824232,"skew-t",1,50,"yes","yes","",TRUE,FALSE,NA,FALSE,FALSE,"morris_baseline"
52,"brier",0.6,"threshold_quantile",0.6,55.429,0.0950498136269227,4.046380088496e-07,1.00494113084247,"skew-t",1,50,"yes","yes","",TRUE,FALSE,NA,FALSE,FALSE,"morris_baseline"
52,"brier",0.7,"threshold_quantile",0.7,60.125,0.0865138180385212,0.00013334511893489,1.00018497090302,"skew-t",1,50,"yes","yes","",TRUE,FALSE,NA,FALSE,FALSE,"morris_baseline"
52,"brier",0.8,"threshold_quantile",0.8,65.5,0.0715483508961875,0.00149721833971506,1.00005428308294,"skew-t",1,50,"yes","yes","",TRUE,FALSE,NA,FALSE,FALSE,"morris_baseline"
52,"brier",0.9,"threshold_quantile",0.9,73.25,0.0449887134797814,0.00123126361731574,0.998753062533839,"skew-t",1,50,"yes","yes","",TRUE,FALSE,NA,FALSE,FALSE,"morris_baseline"
52,"brier",0.95,"threshold_quantile",0.95,79.75,0.0269947288615948,0.00208604726119468,0.998690250354236,"skew-t",1,50,"yes","yes","",TRUE,FALSE,NA,FALSE,FALSE,"morris_baseline"
52,"brier",0.98,"threshold_quantile",0.98,88.5,0.0127121705231889,0.000740026520521521,0.984513379283401,"skew-t",1,50,"yes","yes","",TRUE,FALSE,NA,FALSE,FALSE,"morris_baseline"
52,"brier",0.99,"threshold_quantile",0.99,94.75,0.00703125180697702,0.000653025593757048,0.968021210938559,"skew-t",1,50,"yes","yes","",TRUE,FALSE,NA,FALSE,FALSE,"morris_baseline"
52,"brier",0.995,"threshold_quantile",0.995,100.52,0.0039252502201226,8.46499600575818e-05,0.97396189823549,"skew-t",1,50,"yes","yes","",TRUE,FALSE,NA,FALSE,FALSE,"morris_baseline"
52,"quantile",0,"score_quantile",0,NA,0,0,NA,"skew-t",1,50,"yes","yes","",TRUE,FALSE,NA,FALSE,FALSE,"morris_baseline"
52,"quantile",0.1,"score_quantile",0.1,NA,4.81662232828061,0.14958561514322,1.09505990090534,"skew-t",1,50,"yes","yes","",TRUE,FALSE,NA,FALSE,FALSE,"morris_baseline"
52,"quantile",0.2,"score_quantile",0.2,NA,7.52690666528705,0.126764608917081,1.03781210506422,"skew-t",1,50,"yes","yes","",TRUE,FALSE,NA,FALSE,FALSE,"morris_baseline"
52,"quantile",0.3,"score_quantile",0.3,NA,9.39601816486929,0.091292024481028,1.02044442298802,"skew-t",1,50,"yes","yes","",TRUE,FALSE,NA,FALSE,FALSE,"morris_baseline"
52,"quantile",0.4,"score_quantile",0.4,NA,10.5418868716034,0.0300142803216881,1.01201752310971,"skew-t",1,50,"yes","yes","",TRUE,FALSE,NA,FALSE,FALSE,"morris_baseline"
52,"quantile",0.5,"score_quantile",0.5,NA,10.9936058829412,0.0257603283130043,1.00723366085067,"skew-t",1,50,"yes","yes","",TRUE,FALSE,NA,FALSE,FALSE,"morris_baseline"
52,"quantile",0.6,"score_quantile",0.6,NA,10.7487022850922,0.0561850061526847,1.00392994242712,"skew-t",1,50,"yes","yes","",TRUE,FALSE,NA,FALSE,FALSE,"morris_baseline"
52,"quantile",0.7,"score_quantile",0.7,NA,9.77421573219429,0.0508543049550614,1.00233007333454,"skew-t",1,50,"yes","yes","",TRUE,FALSE,NA,FALSE,FALSE,"morris_baseline"
52,"quantile",0.8,"score_quantile",0.8,NA,7.95145109063538,0.0285119579519817,1.00121530627107,"skew-t",1,50,"yes","yes","",TRUE,FALSE,NA,FALSE,FALSE,"morris_baseline"
52,"quantile",0.9,"score_quantile",0.9,NA,5.04741254185856,0.0239433178559825,1.00121060384522,"skew-t",1,50,"yes","yes","",TRUE,FALSE,NA,FALSE,FALSE,"morris_baseline"
52,"quantile",0.95,"score_quantile",0.95,NA,3.00052190970053,0.0240657052649877,0.999734077181074,"skew-t",1,50,"yes","yes","",TRUE,FALSE,NA,FALSE,FALSE,"morris_baseline"
52,"quantile",0.98,"score_quantile",0.98,NA,1.43605308187146,0.0325357399892185,0.994834914504267,"skew-t",1,50,"yes","yes","",TRUE,FALSE,NA,FALSE,FALSE,"morris_baseline"
52,"quantile",0.99,"score_quantile",0.99,NA,0.808011846401555,0.0324031543046732,0.985213598430482,"skew-t",1,50,"yes","yes","",TRUE,FALSE,NA,FALSE,FALSE,"morris_baseline"
52,"quantile",0.995,"score_quantile",0.995,NA,0.452768480706164,0.0298530150702895,0.965726243764581,"skew-t",1,50,"yes","yes","",TRUE,FALSE,NA,FALSE,FALSE,"morris_baseline"
53,"brier",0,"threshold_quantile",0,2,0.00160787766989045,0.000820725297518073,11.2448329465787,"t",1,75,"yes","yes","",TRUE,FALSE,NA,FALSE,FALSE,"morris_baseline"
53,"brier",0.1,"threshold_quantile",0.1,28.875,0.0872018118380909,0.00848747370996278,2.25477313163863,"t",1,75,"yes","yes","",TRUE,FALSE,NA,FALSE,FALSE,"morris_baseline"
53,"brier",0.2,"threshold_quantile",0.2,36,0.131271921527016,0.00923599272488042,2.0752296333924,"t",1,75,"yes","yes","",TRUE,FALSE,NA,FALSE,FALSE,"morris_baseline"
53,"brier",0.3,"threshold_quantile",0.3,41.625,0.15707854725732,0.00877331035374961,1.98955796901922,"t",1,75,"yes","yes","",TRUE,FALSE,NA,FALSE,FALSE,"morris_baseline"
53,"brier",0.4,"threshold_quantile",0.4,46.5,0.16928298714626,0.00556565966210896,1.89603102438931,"t",1,75,"yes","yes","",TRUE,FALSE,NA,FALSE,FALSE,"morris_baseline"
53,"brier",0.5,"threshold_quantile",0.5,50.875,0.16587001598293,0.00458330771466139,1.75370753430879,"t",1,75,"yes","yes","",TRUE,FALSE,NA,FALSE,FALSE,"morris_baseline"
53,"brier",0.6,"threshold_quantile",0.6,55.429,0.152036768078497,0.00103341747122342,1.60745188035974,"t",1,75,"yes","yes","",TRUE,FALSE,NA,FALSE,FALSE,"morris_baseline"
53,"brier",0.7,"threshold_quantile",0.7,60.125,0.12536108289621,0.000542214934914909,1.44929762541618,"t",1,75,"yes","yes","",TRUE,FALSE,NA,FALSE,FALSE,"morris_baseline"
53,"brier",0.8,"threshold_quantile",0.8,65.5,0.0899635447875933,0.00205589449168598,1.25744936339198,"t",1,75,"yes","yes","",TRUE,FALSE,NA,FALSE,FALSE,"morris_baseline"
53,"brier",0.9,"threshold_quantile",0.9,73.25,0.0489559173880094,0.000403692378423685,1.08682530880556,"t",1,75,"yes","yes","",TRUE,FALSE,NA,FALSE,FALSE,"morris_baseline"
53,"brier",0.95,"threshold_quantile",0.95,79.75,0.0273620722817153,0.00108378632689328,1.01228039582623,"t",1,75,"yes","yes","",TRUE,FALSE,NA,FALSE,FALSE,"morris_baseline"
53,"brier",0.98,"threshold_quantile",0.98,88.5,0.0127492260184854,0.000609401485685485,0.987383198471936,"t",1,75,"yes","yes","",TRUE,FALSE,NA,FALSE,FALSE,"morris_baseline"
53,"brier",0.99,"threshold_quantile",0.99,94.75,0.00696812640563795,0.000713946580681707,0.959330478602021,"t",1,75,"yes","yes","",TRUE,FALSE,NA,FALSE,FALSE,"morris_baseline"
53,"brier",0.995,"threshold_quantile",0.995,100.52,0.00388588668212474,0.000158963417975365,0.964194728236206,"t",1,75,"yes","yes","",TRUE,FALSE,NA,FALSE,FALSE,"morris_baseline"
53,"quantile",0,"score_quantile",0,NA,0,0,NA,"t",1,75,"yes","yes","",TRUE,FALSE,NA,FALSE,FALSE,"morris_baseline"
53,"quantile",0.1,"score_quantile",0.1,NA,5.83519552924917,0.271828060179859,1.32663269040317,"t",1,75,"yes","yes","",TRUE,FALSE,NA,FALSE,FALSE,"morris_baseline"
53,"quantile",0.2,"score_quantile",0.2,NA,9.00751923349948,0.296534831914789,1.24195940149446,"t",1,75,"yes","yes","",TRUE,FALSE,NA,FALSE,FALSE,"morris_baseline"
53,"quantile",0.3,"score_quantile",0.3,NA,10.9735890074346,0.262955363774698,1.19177480357234,"t",1,75,"yes","yes","",TRUE,FALSE,NA,FALSE,FALSE,"morris_baseline"
53,"quantile",0.4,"score_quantile",0.4,NA,12.0479457648681,0.209892519335354,1.15659866018534,"t",1,75,"yes","yes","",TRUE,FALSE,NA,FALSE,FALSE,"morris_baseline"
53,"quantile",0.5,"score_quantile",0.5,NA,12.2846556648209,0.16266708996159,1.12551958195696,"t",1,75,"yes","yes","",TRUE,FALSE,NA,FALSE,FALSE,"morris_baseline"
53,"quantile",0.6,"score_quantile",0.6,NA,11.7289354508555,0.103593381943203,1.09548382489298,"t",1,75,"yes","yes","",TRUE,FALSE,NA,FALSE,FALSE,"morris_baseline"
53,"quantile",0.7,"score_quantile",0.7,NA,10.4147644186869,0.0362164738376514,1.0680173089653,"t",1,75,"yes","yes","",TRUE,FALSE,NA,FALSE,FALSE,"morris_baseline"
53,"quantile",0.8,"score_quantile",0.8,NA,8.27947081258337,0.00632965174976263,1.04251825369911,"t",1,75,"yes","yes","",TRUE,FALSE,NA,FALSE,FALSE,"morris_baseline"
53,"quantile",0.9,"score_quantile",0.9,NA,5.15543236187545,0.0108176565964748,1.02263754058349,"t",1,75,"yes","yes","",TRUE,FALSE,NA,FALSE,FALSE,"morris_baseline"
53,"quantile",0.95,"score_quantile",0.95,NA,3.04436346496622,6.45725369812222e-05,1.01434150152749,"t",1,75,"yes","yes","",TRUE,FALSE,NA,FALSE,FALSE,"morris_baseline"
53,"quantile",0.98,"score_quantile",0.98,NA,1.45272912930469,0.0130280042461564,1.00638735252479,"t",1,75,"yes","yes","",TRUE,FALSE,NA,FALSE,FALSE,"morris_baseline"
53,"quantile",0.99,"score_quantile",0.99,NA,0.815164477096928,0.0148190110111402,0.993934843121405,"t",1,75,"yes","yes","",TRUE,FALSE,NA,FALSE,FALSE,"morris_baseline"
53,"quantile",0.995,"score_quantile",0.995,NA,0.451471511905458,0.0153742308989855,0.962959892170864,"t",1,75,"yes","yes","",TRUE,FALSE,NA,FALSE,FALSE,"morris_baseline"
54,"brier",0,"threshold_quantile",0,2,0.000123235920172486,7.39628152295832e-05,0.861861173463485,"skew-t",5,0,"yes","yes","",TRUE,FALSE,NA,FALSE,FALSE,"morris_baseline"
54,"brier",0.1,"threshold_quantile",0.1,28.875,0.0374033159429484,0.000946372042381214,0.967135774414172,"skew-t",5,0,"yes","yes","",TRUE,FALSE,NA,FALSE,FALSE,"morris_baseline"
54,"brier",0.2,"threshold_quantile",0.2,36,0.0609753647070239,0.00151025133698715,0.963937163979757,"skew-t",5,0,"yes","yes","",TRUE,FALSE,NA,FALSE,FALSE,"morris_baseline"
54,"brier",0.3,"threshold_quantile",0.3,41.625,0.0765935073654324,0.00141680001141176,0.970133895524215,"skew-t",5,0,"yes","yes","",TRUE,FALSE,NA,FALSE,FALSE,"morris_baseline"
54,"brier",0.4,"threshold_quantile",0.4,46.5,0.0871786872660745,0.000718027022497611,0.976433004334913,"skew-t",5,0,"yes","yes","",TRUE,FALSE,NA,FALSE,FALSE,"morris_baseline"
54,"brier",0.5,"threshold_quantile",0.5,50.875,0.0930034950449687,0.000991478491748812,0.983305686750503,"skew-t",5,0,"yes","yes","",TRUE,FALSE,NA,FALSE,FALSE,"morris_baseline"
54,"brier",0.6,"threshold_quantile",0.6,55.429,0.0936168917117755,0.00021673478484862,0.989791157214233,"skew-t",5,0,"yes","yes","",TRUE,FALSE,NA,FALSE,FALSE,"morris_baseline"
54,"brier",0.7,"threshold_quantile",0.7,60.125,0.0856608040044996,0.000548412452948073,0.990323288270798,"skew-t",5,0,"yes","yes","",TRUE,FALSE,NA,FALSE,FALSE,"morris_baseline"
54,"brier",0.8,"threshold_quantile",0.8,65.5,0.0713885911033689,0.00139591714487931,0.997821269141022,"skew-t",5,0,"yes","yes","",TRUE,FALSE,NA,FALSE,FALSE,"morris_baseline"
54,"brier",0.9,"threshold_quantile",0.9,73.25,0.044917066388464,0.00128543636762544,0.997162491336309,"skew-t",5,0,"yes","yes","",TRUE,FALSE,NA,FALSE,FALSE,"morris_baseline"
54,"brier",0.95,"threshold_quantile",0.95,79.75,0.0269695936282043,0.00195118360903289,0.997760353534153,"skew-t",5,0,"yes","yes","",TRUE,FALSE,NA,FALSE,FALSE,"morris_baseline"
54,"brier",0.98,"threshold_quantile",0.98,88.5,0.0127330381640443,0.000672076066853299,0.986129505465689,"skew-t",5,0,"yes","yes","",TRUE,FALSE,NA,FALSE,FALSE,"morris_baseline"
54,"brier",0.99,"threshold_quantile",0.99,94.75,0.00697528891702155,0.000503666084646788,0.96031657085604,"skew-t",5,0,"yes","yes","",TRUE,FALSE,NA,FALSE,FALSE,"morris_baseline"
54,"brier",0.995,"threshold_quantile",0.995,100.52,0.00389289687582932,2.88451962427545e-05,0.965934148957085,"skew-t",5,0,"yes","yes","",TRUE,FALSE,NA,FALSE,FALSE,"morris_baseline"
54,"quantile",0,"score_quantile",0,NA,0.000614281512959646,0.000614281512959646,Inf,"skew-t",5,0,"yes","yes","",TRUE,FALSE,NA,FALSE,FALSE,"morris_baseline"
54,"quantile",0.1,"score_quantile",0.1,NA,4.3721093224968,0.00745734847595392,0.993999793865866,"skew-t",5,0,"yes","yes","",TRUE,FALSE,NA,FALSE,FALSE,"morris_baseline"
54,"quantile",0.2,"score_quantile",0.2,NA,7.22957341307219,0.0147608939412867,0.996815708787674,"skew-t",5,0,"yes","yes","",TRUE,FALSE,NA,FALSE,FALSE,"morris_baseline"
54,"quantile",0.3,"score_quantile",0.3,NA,9.19242291806037,0.00571554728341894,0.998333180703512,"skew-t",5,0,"yes","yes","",TRUE,FALSE,NA,FALSE,FALSE,"morris_baseline"
54,"quantile",0.4,"score_quantile",0.4,NA,10.4066901535683,0.0144798542196831,0.999038684559752,"skew-t",5,0,"yes","yes","",TRUE,FALSE,NA,FALSE,FALSE,"morris_baseline"
54,"quantile",0.5,"score_quantile",0.5,NA,10.9059235384879,0.0308958391691307,0.999200208520648,"skew-t",5,0,"yes","yes","",TRUE,FALSE,NA,FALSE,FALSE,"morris_baseline"
54,"quantile",0.6,"score_quantile",0.6,NA,10.7044467174544,0.0404528777622382,0.999796467678976,"skew-t",5,0,"yes","yes","",TRUE,FALSE,NA,FALSE,FALSE,"morris_baseline"
54,"quantile",0.7,"score_quantile",0.7,NA,9.75023610973804,0.0274564582920842,0.999871001692001,"skew-t",5,0,"yes","yes","",TRUE,FALSE,NA,FALSE,FALSE,"morris_baseline"
54,"quantile",0.8,"score_quantile",0.8,NA,7.94466864633282,0.00443408692734071,1.00036128768097,"skew-t",5,0,"yes","yes","",TRUE,FALSE,NA,FALSE,FALSE,"morris_baseline"
54,"quantile",0.9,"score_quantile",0.9,NA,5.03977229467619,0.00187520423894316,0.999695075555908,"skew-t",5,0,"yes","yes","",TRUE,FALSE,NA,FALSE,FALSE,"morris_baseline"
54,"quantile",0.95,"score_quantile",0.95,NA,2.99524920331192,0.0115541562536423,0.997977281392106,"skew-t",5,0,"yes","yes","",TRUE,FALSE,NA,FALSE,FALSE,"morris_baseline"
54,"quantile",0.98,"score_quantile",0.98,NA,1.43076444077194,0.0228743593858955,0.991171174714625,"skew-t",5,0,"yes","yes","",TRUE,FALSE,NA,FALSE,FALSE,"morris_baseline"
54,"quantile",0.99,"score_quantile",0.99,NA,0.802487053256122,0.0231145566976309,0.978477185641936,"skew-t",5,0,"yes","yes","",TRUE,FALSE,NA,FALSE,FALSE,"morris_baseline"
54,"quantile",0.995,"score_quantile",0.995,NA,0.447583982993858,0.0204607694845127,0.954668041361218,"skew-t",5,0,"yes","yes","",TRUE,FALSE,NA,FALSE,FALSE,"morris_baseline"
55,"brier",0,"threshold_quantile",0,2,0.000906912106175943,0.000579672596666434,6.34256904125873,"skew-t",5,50,"yes","yes","",TRUE,FALSE,NA,FALSE,FALSE,"morris_baseline"
55,"brier",0.1,"threshold_quantile",0.1,28.875,0.0637622368076391,0.00171435653069548,1.64869714672882,"skew-t",5,50,"yes","yes","",TRUE,FALSE,NA,FALSE,FALSE,"morris_baseline"
55,"brier",0.2,"threshold_quantile",0.2,36,0.0845118331110868,0.00255713673137378,1.3360165555918,"skew-t",5,50,"yes","yes","",TRUE,FALSE,NA,FALSE,FALSE,"morris_baseline"
55,"brier",0.3,"threshold_quantile",0.3,41.625,0.0918524538442644,0.00306260281323334,1.16340381745738,"skew-t",5,50,"yes","yes","",TRUE,FALSE,NA,FALSE,FALSE,"morris_baseline"
55,"brier",0.4,"threshold_quantile",0.4,46.5,0.0946467762218971,0.00189173308876393,1.06007831678976,"skew-t",5,50,"yes","yes","",TRUE,FALSE,NA,FALSE,FALSE,"morris_baseline"
55,"brier",0.5,"threshold_quantile",0.5,50.875,0.0953604418218794,0.0013552246914156,1.00822517142131,"skew-t",5,50,"yes","yes","",TRUE,FALSE,NA,FALSE,FALSE,"morris_baseline"
55,"brier",0.6,"threshold_quantile",0.6,55.429,0.0942840804678484,0.000204704593879952,0.996845199693948,"skew-t",5,50,"yes","yes","",TRUE,FALSE,NA,FALSE,FALSE,"morris_baseline"
55,"brier",0.7,"threshold_quantile",0.7,60.125,0.0856187237638752,0.000339902606050657,0.989836799231257,"skew-t",5,50,"yes","yes","",TRUE,FALSE,NA,FALSE,FALSE,"morris_baseline"
55,"brier",0.8,"threshold_quantile",0.8,65.5,0.0711057615130948,0.00133994350859361,0.993868069107849,"skew-t",5,50,"yes","yes","",TRUE,FALSE,NA,FALSE,FALSE,"morris_baseline"
55,"brier",0.9,"threshold_quantile",0.9,73.25,0.0448997776060081,0.00120781778938729,0.996778678973392,"skew-t",5,50,"yes","yes","",TRUE,FALSE,NA,FALSE,FALSE,"morris_baseline"
55,"brier",0.95,"threshold_quantile",0.95,79.75,0.0267982764999358,0.00210192566222637,0.991422347822086,"skew-t",5,50,"yes","yes","",TRUE,FALSE,NA,FALSE,FALSE,"morris_baseline"
55,"brier",0.98,"threshold_quantile",0.98,88.5,0.0125719292291754,0.000688417974695125,0.973652178984649,"skew-t",5,50,"yes","yes","",TRUE,FALSE,NA,FALSE,FALSE,"morris_baseline"
55,"brier",0.99,"threshold_quantile",0.99,94.75,0.00696449074772572,0.000520522689044383,0.958829942698691,"skew-t",5,50,"yes","yes","",TRUE,FALSE,NA,FALSE,FALSE,"morris_baseline"
55,"brier",0.995,"threshold_quantile",0.995,100.52,0.00390661270909694,7.60030766888417e-05,0.969337422189638,"skew-t",5,50,"yes","yes","",TRUE,FALSE,NA,FALSE,FALSE,"morris_baseline"
55,"quantile",0,"score_quantile",0,NA,0,0,NA,"skew-t",5,50,"yes","yes","",TRUE,FALSE,NA,FALSE,FALSE,"morris_baseline"
55,"quantile",0.1,"score_quantile",0.1,NA,4.50990548284659,0.0477595321489423,1.02532777422501,"skew-t",5,50,"yes","yes","",TRUE,FALSE,NA,FALSE,FALSE,"morris_baseline"
55,"quantile",0.2,"score_quantile",0.2,NA,7.33858788053943,0.00435618305289109,1.01184665562888,"skew-t",5,50,"yes","yes","",TRUE,FALSE,NA,FALSE,FALSE,"morris_baseline"
55,"quantile",0.3,"score_quantile",0.3,NA,9.30974744042081,0.0141673666993354,1.01107508396739,"skew-t",5,50,"yes","yes","",TRUE,FALSE,NA,FALSE,FALSE,"morris_baseline"
55,"quantile",0.4,"score_quantile",0.4,NA,10.5126976258144,0.0422358972603991,1.00921536552781,"skew-t",5,50,"yes","yes","",TRUE,FALSE,NA,FALSE,FALSE,"morris_baseline"
55,"quantile",0.5,"score_quantile",0.5,NA,10.9896369410171,0.0662666590491501,1.00687002657576,"skew-t",5,50,"yes","yes","",TRUE,FALSE,NA,FALSE,FALSE,"morris_baseline"
55,"quantile",0.6,"score_quantile",0.6,NA,10.7534385870944,0.0746858833664117,1.00437231354041,"skew-t",5,50,"yes","yes","",TRUE,FALSE,NA,FALSE,FALSE,"morris_baseline"
55,"quantile",0.7,"score_quantile",0.7,NA,9.7746051174187,0.0520499446261597,1.00237000416186,"skew-t",5,50,"yes","yes","",TRUE,FALSE,NA,FALSE,FALSE,"morris_baseline"
55,"quantile",0.8,"score_quantile",0.8,NA,7.95016522516844,0.0226856164098721,1.00105339517175,"skew-t",5,50,"yes","yes","",TRUE,FALSE,NA,FALSE,FALSE,"morris_baseline"
55,"quantile",0.9,"score_quantile",0.9,NA,5.03862017215303,0.0100814256789845,0.999466539196426,"skew-t",5,50,"yes","yes","",TRUE,FALSE,NA,FALSE,FALSE,"morris_baseline"
55,"quantile",0.95,"score_quantile",0.95,NA,2.99154634843164,0.0111566351241248,0.996743539290541,"skew-t",5,50,"yes","yes","",TRUE,FALSE,NA,FALSE,FALSE,"morris_baseline"
55,"quantile",0.98,"score_quantile",0.98,NA,1.42634792380537,0.0193236711981107,0.988111604470104,"skew-t",5,50,"yes","yes","",TRUE,FALSE,NA,FALSE,FALSE,"morris_baseline"
55,"quantile",0.99,"score_quantile",0.99,NA,0.798867887101139,0.0202035312714706,0.974064315055015,"skew-t",5,50,"yes","yes","",TRUE,FALSE,NA,FALSE,FALSE,"morris_baseline"
55,"quantile",0.995,"score_quantile",0.995,NA,0.442605381672195,0.0182098265108307,0.944049002805193,"skew-t",5,50,"yes","yes","",TRUE,FALSE,NA,FALSE,FALSE,"morris_baseline"
56,"brier",0,"threshold_quantile",0,2,0.000312063292339601,3.73763072599982e-05,2.18244189643935,"t",5,75,"yes","yes","",TRUE,FALSE,NA,FALSE,FALSE,"morris_baseline"
56,"brier",0.1,"threshold_quantile",0.1,28.875,0.0735110182549253,0.00271146617951661,1.90077092834211,"t",5,75,"yes","yes","",TRUE,FALSE,NA,FALSE,FALSE,"morris_baseline"
56,"brier",0.2,"threshold_quantile",0.2,36,0.114113530110951,0.00329604542626647,1.80397892026381,"t",5,75,"yes","yes","",TRUE,FALSE,NA,FALSE,FALSE,"morris_baseline"
56,"brier",0.3,"threshold_quantile",0.3,41.625,0.139615857661415,0.00356891455163841,1.76837542148058,"t",5,75,"yes","yes","",TRUE,FALSE,NA,FALSE,FALSE,"morris_baseline"
56,"brier",0.4,"threshold_quantile",0.4,46.5,0.154145714750478,0.00240571442014782,1.72648806811907,"t",5,75,"yes","yes","",TRUE,FALSE,NA,FALSE,FALSE,"morris_baseline"
56,"brier",0.5,"threshold_quantile",0.5,50.875,0.15342590105782,0.00155627646656159,1.62213861889844,"t",5,75,"yes","yes","",TRUE,FALSE,NA,FALSE,FALSE,"morris_baseline"
56,"brier",0.6,"threshold_quantile",0.6,55.429,0.143544718696502,0.000472841733928225,1.5176672781236,"t",5,75,"yes","yes","",TRUE,FALSE,NA,FALSE,FALSE,"morris_baseline"
56,"brier",0.7,"threshold_quantile",0.7,60.125,0.120597169262667,0.000306018341603667,1.39422209035163,"t",5,75,"yes","yes","",TRUE,FALSE,NA,FALSE,FALSE,"morris_baseline"
56,"brier",0.8,"threshold_quantile",0.8,65.5,0.0880810402984355,0.0021091331083046,1.23113699345299,"t",5,75,"yes","yes","",TRUE,FALSE,NA,FALSE,FALSE,"morris_baseline"
56,"brier",0.9,"threshold_quantile",0.9,73.25,0.0490108741519852,0.00030315726276289,1.0880453533919,"t",5,75,"yes","yes","",TRUE,FALSE,NA,FALSE,FALSE,"morris_baseline"
56,"brier",0.95,"threshold_quantile",0.95,79.75,0.0271903881909829,0.00116893341395534,1.00592881406246,"t",5,75,"yes","yes","",TRUE,FALSE,NA,FALSE,FALSE,"morris_baseline"
56,"brier",0.98,"threshold_quantile",0.98,88.5,0.0126468703673466,0.000569622311999422,0.979456109403429,"t",5,75,"yes","yes","",TRUE,FALSE,NA,FALSE,FALSE,"morris_baseline"
56,"brier",0.99,"threshold_quantile",0.99,94.75,0.00695134997851815,0.000630314973100132,0.957020799224644,"t",5,75,"yes","yes","",TRUE,FALSE,NA,FALSE,FALSE,"morris_baseline"
56,"brier",0.995,"threshold_quantile",0.995,100.52,0.00387709981272095,0.000121494234659766,0.962014465699009,"t",5,75,"yes","yes","",TRUE,FALSE,NA,FALSE,FALSE,"morris_baseline"
56,"quantile",0,"score_quantile",0,NA,0,0,NA,"t",5,75,"yes","yes","",TRUE,FALSE,NA,FALSE,FALSE,"morris_baseline"
56,"quantile",0.1,"score_quantile",0.1,NA,5.00637705605665,0.0363642967083839,1.13820067035589,"t",5,75,"yes","yes","",TRUE,FALSE,NA,FALSE,FALSE,"morris_baseline"
56,"quantile",0.2,"score_quantile",0.2,NA,8.04803213357065,0.0376172398556402,1.10966503792125,"t",5,75,"yes","yes","",TRUE,FALSE,NA,FALSE,FALSE,"morris_baseline"
56,"quantile",0.3,"score_quantile",0.3,NA,10.0853470124118,0.0198988048836641,1.09530823931284,"t",5,75,"yes","yes","",TRUE,FALSE,NA,FALSE,FALSE,"morris_baseline"
56,"quantile",0.4,"score_quantile",0.4,NA,11.2606425349934,0.00712135202475395,1.08101782021443,"t",5,75,"yes","yes","",TRUE,FALSE,NA,FALSE,FALSE,"morris_baseline"
56,"quantile",0.5,"score_quantile",0.5,NA,11.6426428487855,0.00888550076751571,1.06669839754359,"t",5,75,"yes","yes","",TRUE,FALSE,NA,FALSE,FALSE,"morris_baseline"
56,"quantile",0.6,"score_quantile",0.6,NA,11.2702019473657,0.0138811973787885,1.05263806662999,"t",5,75,"yes","yes","",TRUE,FALSE,NA,FALSE,FALSE,"morris_baseline"
56,"quantile",0.7,"score_quantile",0.7,NA,10.1539103172269,0.0278595588770356,1.04126714119635,"t",5,75,"yes","yes","",TRUE,FALSE,NA,FALSE,FALSE,"morris_baseline"
56,"quantile",0.8,"score_quantile",0.8,NA,8.19618758609087,0.0098454954623195,1.03203155885945,"t",5,75,"yes","yes","",TRUE,FALSE,NA,FALSE,FALSE,"morris_baseline"
56,"quantile",0.9,"score_quantile",0.9,NA,5.15869609543777,0.0195995605285013,1.02328493855693,"t",5,75,"yes","yes","",TRUE,FALSE,NA,FALSE,FALSE,"morris_baseline"
56,"quantile",0.95,"score_quantile",0.95,NA,3.04870332581442,0.00761773046142533,1.01578748556319,"t",5,75,"yes","yes","",TRUE,FALSE,NA,FALSE,FALSE,"morris_baseline"
56,"quantile",0.98,"score_quantile",0.98,NA,1.44841752718463,0.00918384720863052,1.00340046270809,"t",5,75,"yes","yes","",TRUE,FALSE,NA,FALSE,FALSE,"morris_baseline"
56,"quantile",0.99,"score_quantile",0.99,NA,0.810517262189677,0.0114616253358704,0.988268466642097,"t",5,75,"yes","yes","",TRUE,FALSE,NA,FALSE,FALSE,"morris_baseline"
56,"quantile",0.995,"score_quantile",0.995,NA,0.449030100451902,0.0136426791869912,0.95775251751252,"t",5,75,"yes","yes","",TRUE,FALSE,NA,FALSE,FALSE,"morris_baseline"
57,"brier",0,"threshold_quantile",0,2,0.000120923300732591,7.11875634649403e-05,0.845687667383012,"skew-t",6,0,"yes","yes","",TRUE,FALSE,NA,FALSE,FALSE,"morris_baseline"
57,"brier",0.1,"threshold_quantile",0.1,28.875,0.0371812738320816,0.0008625930579742,0.961394442036762,"skew-t",6,0,"yes","yes","",TRUE,FALSE,NA,FALSE,FALSE,"morris_baseline"
57,"brier",0.2,"threshold_quantile",0.2,36,0.0610442673665739,0.0015412325250657,0.965026420838759,"skew-t",6,0,"yes","yes","",TRUE,FALSE,NA,FALSE,FALSE,"morris_baseline"
57,"brier",0.3,"threshold_quantile",0.3,41.625,0.0764863341757662,0.00156438602761801,0.968776439160575,"skew-t",6,0,"yes","yes","",TRUE,FALSE,NA,FALSE,FALSE,"morris_baseline"
57,"brier",0.4,"threshold_quantile",0.4,46.5,0.0871497941930152,0.000878680058881087,0.976109391408216,"skew-t",6,0,"yes","yes","",TRUE,FALSE,NA,FALSE,FALSE,"morris_baseline"
57,"brier",0.5,"threshold_quantile",0.5,50.875,0.093280357949421,0.00122788257070899,0.986232897908176,"skew-t",6,0,"yes","yes","",TRUE,FALSE,NA,FALSE,FALSE,"morris_baseline"
57,"brier",0.6,"threshold_quantile",0.6,55.429,0.0937207962789847,0.000417503172544888,0.990889717740409,"skew-t",6,0,"yes","yes","",TRUE,FALSE,NA,FALSE,FALSE,"morris_baseline"
57,"brier",0.7,"threshold_quantile",0.7,60.125,0.0854262632257251,0.000598978998164211,0.987611765795975,"skew-t",6,0,"yes","yes","",TRUE,FALSE,NA,FALSE,FALSE,"morris_baseline"
57,"brier",0.8,"threshold_quantile",0.8,65.5,0.0709720529356626,0.00135338909636944,0.991999181371499,"skew-t",6,0,"yes","yes","",TRUE,FALSE,NA,FALSE,FALSE,"morris_baseline"
57,"brier",0.9,"threshold_quantile",0.9,73.25,0.0449756725376552,0.000862317295511315,0.998463552568352,"skew-t",6,0,"yes","yes","",TRUE,FALSE,NA,FALSE,FALSE,"morris_baseline"
57,"brier",0.95,"threshold_quantile",0.95,79.75,0.0270725713858632,0.00180706332551481,1.00157009295049,"skew-t",6,0,"yes","yes","",TRUE,FALSE,NA,FALSE,FALSE,"morris_baseline"
57,"brier",0.98,"threshold_quantile",0.98,88.5,0.0127625896947072,0.000633718616937767,0.988418168700886,"skew-t",6,0,"yes","yes","",TRUE,FALSE,NA,FALSE,FALSE,"morris_baseline"
57,"brier",0.99,"threshold_quantile",0.99,94.75,0.00701073591469689,0.000477483778329468,0.965196704089183,"skew-t",6,0,"yes","yes","",TRUE,FALSE,NA,FALSE,FALSE,"morris_baseline"
57,"brier",0.995,"threshold_quantile",0.995,100.52,0.00392131033286725,2.12015356679512e-05,0.97298430448863,"skew-t",6,0,"yes","yes","",TRUE,FALSE,NA,FALSE,FALSE,"morris_baseline"
57,"quantile",0,"score_quantile",0,NA,0,0,NA,"skew-t",6,0,"yes","yes","",TRUE,FALSE,NA,FALSE,FALSE,"morris_baseline"
57,"quantile",0.1,"score_quantile",0.1,NA,4.3679683767435,0.00876330372602352,0.99305834914855,"skew-t",6,0,"yes","yes","",TRUE,FALSE,NA,FALSE,FALSE,"morris_baseline"
57,"quantile",0.2,"score_quantile",0.2,NA,7.227612802623,0.0155387371304672,0.996545379242223,"skew-t",6,0,"yes","yes","",TRUE,FALSE,NA,FALSE,FALSE,"morris_baseline"
57,"quantile",0.3,"score_quantile",0.3,NA,9.19284775689317,0.00916701874654713,0.998379319866932,"skew-t",6,0,"yes","yes","",TRUE,FALSE,NA,FALSE,FALSE,"morris_baseline"
57,"quantile",0.4,"score_quantile",0.4,NA,10.4067620127411,0.0171811896135656,0.999045583015692,"skew-t",6,0,"yes","yes","",TRUE,FALSE,NA,FALSE,FALSE,"morris_baseline"
57,"quantile",0.5,"score_quantile",0.5,NA,10.9047849408453,0.0332334468655358,0.999095890257469,"skew-t",6,0,"yes","yes","",TRUE,FALSE,NA,FALSE,FALSE,"morris_baseline"
57,"quantile",0.6,"score_quantile",0.6,NA,10.6997385178894,0.0398982909632171,0.999356721336313,"skew-t",6,0,"yes","yes","",TRUE,FALSE,NA,FALSE,FALSE,"morris_baseline"
57,"quantile",0.7,"score_quantile",0.7,NA,9.74525907842309,0.0225134801048084,0.999360615150555,"skew-t",6,0,"yes","yes","",TRUE,FALSE,NA,FALSE,FALSE,"morris_baseline"
57,"quantile",0.8,"score_quantile",0.8,NA,7.93973513198061,0.00334456328670463,0.999740079045362,"skew-t",6,0,"yes","yes","",TRUE,FALSE,NA,FALSE,FALSE,"morris_baseline"
57,"quantile",0.9,"score_quantile",0.9,NA,5.03731967889198,0.00893573824797222,0.999208571845354,"skew-t",6,0,"yes","yes","",TRUE,FALSE,NA,FALSE,FALSE,"morris_baseline"
57,"quantile",0.95,"score_quantile",0.95,NA,2.99262933285685,0.00306145416468473,0.997104375327578,"skew-t",6,0,"yes","yes","",TRUE,FALSE,NA,FALSE,FALSE,"morris_baseline"
57,"quantile",0.98,"score_quantile",0.98,NA,1.42965398581867,0.0162995787681313,0.990401899976498,"skew-t",6,0,"yes","yes","",TRUE,FALSE,NA,FALSE,FALSE,"morris_baseline"
57,"quantile",0.99,"score_quantile",0.99,NA,0.804347909840683,0.0191309409017929,0.980746139024245,"skew-t",6,0,"yes","yes","",TRUE,FALSE,NA,FALSE,FALSE,"morris_baseline"
57,"quantile",0.995,"score_quantile",0.995,NA,0.450865385243603,0.0177356596603738,0.961667062724154,"skew-t",6,0,"yes","yes","",TRUE,FALSE,NA,FALSE,FALSE,"morris_baseline"
58,"brier",0,"threshold_quantile",0,2,0.000888709687952519,0.000590894939871104,6.21526883927252,"skew-t",6,50,"yes","yes","",TRUE,FALSE,NA,FALSE,FALSE,"morris_baseline"
58,"brier",0.1,"threshold_quantile",0.1,28.875,0.0635233093076497,0.00163332622456665,1.64251920964208,"skew-t",6,50,"yes","yes","",TRUE,FALSE,NA,FALSE,FALSE,"morris_baseline"
58,"brier",0.2,"threshold_quantile",0.2,36,0.08483794198436,0.00223169612516742,1.34117189109429,"skew-t",6,50,"yes","yes","",TRUE,FALSE,NA,FALSE,FALSE,"morris_baseline"
58,"brier",0.3,"threshold_quantile",0.3,41.625,0.0926269018292036,0.00289268295032467,1.173212981006,"skew-t",6,50,"yes","yes","",TRUE,FALSE,NA,FALSE,FALSE,"morris_baseline"
58,"brier",0.4,"threshold_quantile",0.4,46.5,0.0950106500274831,0.00180265453532427,1.0641538357535,"skew-t",6,50,"yes","yes","",TRUE,FALSE,NA,FALSE,FALSE,"morris_baseline"
58,"brier",0.5,"threshold_quantile",0.5,50.875,0.0955557368929858,0.00140748685961906,1.01028998365143,"skew-t",6,50,"yes","yes","",TRUE,FALSE,NA,FALSE,FALSE,"morris_baseline"
58,"brier",0.6,"threshold_quantile",0.6,55.429,0.0944380140455922,7.34403921788737e-05,0.998472706132832,"skew-t",6,50,"yes","yes","",TRUE,FALSE,NA,FALSE,FALSE,"morris_baseline"
58,"brier",0.7,"threshold_quantile",0.7,60.125,0.0856650513961686,0.000193802543983095,0.990372392303069,"skew-t",6,50,"yes","yes","",TRUE,FALSE,NA,FALSE,FALSE,"morris_baseline"
58,"brier",0.8,"threshold_quantile",0.8,65.5,0.0710937123211571,0.00142206921704775,0.993699653681721,"skew-t",6,50,"yes","yes","",TRUE,FALSE,NA,FALSE,FALSE,"morris_baseline"
58,"brier",0.9,"threshold_quantile",0.9,73.25,0.0448431337595823,0.00109777150901965,0.99552118102078,"skew-t",6,50,"yes","yes","",TRUE,FALSE,NA,FALSE,FALSE,"morris_baseline"
58,"brier",0.95,"threshold_quantile",0.95,79.75,0.0268048054159911,0.00204239361637456,0.991663889970676,"skew-t",6,50,"yes","yes","",TRUE,FALSE,NA,FALSE,FALSE,"morris_baseline"
58,"brier",0.98,"threshold_quantile",0.98,88.5,0.0125690773671446,0.000702658995885107,0.97343131219246,"skew-t",6,50,"yes","yes","",TRUE,FALSE,NA,FALSE,FALSE,"morris_baseline"
58,"brier",0.99,"threshold_quantile",0.99,94.75,0.0069432346671703,0.000597303564394602,0.95590353110031,"skew-t",6,50,"yes","yes","",TRUE,FALSE,NA,FALSE,FALSE,"morris_baseline"
58,"brier",0.995,"threshold_quantile",0.995,100.52,0.00389735839664245,5.97803854729948e-05,0.967041174251396,"skew-t",6,50,"yes","yes","",TRUE,FALSE,NA,FALSE,FALSE,"morris_baseline"
58,"quantile",0,"score_quantile",0,NA,0,0,NA,"skew-t",6,50,"yes","yes","",TRUE,FALSE,NA,FALSE,FALSE,"morris_baseline"
58,"quantile",0.1,"score_quantile",0.1,NA,4.49917151344562,0.0491479449357084,1.0228874044664,"skew-t",6,50,"yes","yes","",TRUE,FALSE,NA,FALSE,FALSE,"morris_baseline"
58,"quantile",0.2,"score_quantile",0.2,NA,7.3358294996989,0.0263890116804362,1.0114663292672,"skew-t",6,50,"yes","yes","",TRUE,FALSE,NA,FALSE,FALSE,"morris_baseline"
58,"quantile",0.3,"score_quantile",0.3,NA,9.31148655035204,0.041010879167322,1.01126395812655,"skew-t",6,50,"yes","yes","",TRUE,FALSE,NA,FALSE,FALSE,"morris_baseline"
58,"quantile",0.4,"score_quantile",0.4,NA,10.5147819664851,0.0612451666775078,1.00941546151713,"skew-t",6,50,"yes","yes","",TRUE,FALSE,NA,FALSE,FALSE,"morris_baseline"
58,"quantile",0.5,"score_quantile",0.5,NA,10.9914173055502,0.0751979951100088,1.00703314349167,"skew-t",6,50,"yes","yes","",TRUE,FALSE,NA,FALSE,FALSE,"morris_baseline"
58,"quantile",0.6,"score_quantile",0.6,NA,10.7565816322605,0.0762544567715464,1.0046658742949,"skew-t",6,50,"yes","yes","",TRUE,FALSE,NA,FALSE,FALSE,"morris_baseline"
58,"quantile",0.7,"score_quantile",0.7,NA,9.77690635022631,0.0514192031812453,1.00260599187811,"skew-t",6,50,"yes","yes","",TRUE,FALSE,NA,FALSE,FALSE,"morris_baseline"
58,"quantile",0.8,"score_quantile",0.8,NA,7.95010115456805,0.0208564202446797,1.00104532765488,"skew-t",6,50,"yes","yes","",TRUE,FALSE,NA,FALSE,FALSE,"morris_baseline"
58,"quantile",0.9,"score_quantile",0.9,NA,5.03869070438862,0.00763237665940419,0.999480530052455,"skew-t",6,50,"yes","yes","",TRUE,FALSE,NA,FALSE,FALSE,"morris_baseline"
58,"quantile",0.95,"score_quantile",0.95,NA,2.99141360476281,0.011189364310457,0.99669931086187,"skew-t",6,50,"yes","yes","",TRUE,FALSE,NA,FALSE,FALSE,"morris_baseline"
58,"quantile",0.98,"score_quantile",0.98,NA,1.42599964336787,0.0220464691849352,0.987870330979848,"skew-t",6,50,"yes","yes","",TRUE,FALSE,NA,FALSE,FALSE,"morris_baseline"
58,"quantile",0.99,"score_quantile",0.99,NA,0.799687819684062,0.0224799810614104,0.975064063677625,"skew-t",6,50,"yes","yes","",TRUE,FALSE,NA,FALSE,FALSE,"morris_baseline"
58,"quantile",0.995,"score_quantile",0.995,NA,0.44485251886598,0.0205064059971442,0.948842002878858,"skew-t",6,50,"yes","yes","",TRUE,FALSE,NA,FALSE,FALSE,"morris_baseline"
59,"brier",0,"threshold_quantile",0,2,0.000312458055597483,7.04107215968156e-05,2.18520270776937,"t",6,75,"yes","yes","",TRUE,FALSE,NA,FALSE,FALSE,"morris_baseline"
59,"brier",0.1,"threshold_quantile",0.1,28.875,0.0732655299772578,0.00028085949677735,1.8944233495367,"t",6,75,"yes","yes","",TRUE,FALSE,NA,FALSE,FALSE,"morris_baseline"
59,"brier",0.2,"threshold_quantile",0.2,36,0.114230271531111,0.000109920700280174,1.80582444253348,"t",6,75,"yes","yes","",TRUE,FALSE,NA,FALSE,FALSE,"morris_baseline"
59,"brier",0.3,"threshold_quantile",0.3,41.625,0.140191012450888,0.00108635171682059,1.77566033603318,"t",6,75,"yes","yes","",TRUE,FALSE,NA,FALSE,FALSE,"morris_baseline"
59,"brier",0.4,"threshold_quantile",0.4,46.5,0.15461069635892,0.00210152792381779,1.73169603124778,"t",6,75,"yes","yes","",TRUE,FALSE,NA,FALSE,FALSE,"morris_baseline"
59,"brier",0.5,"threshold_quantile",0.5,50.875,0.154428700121184,0.00259478593366309,1.63274099487579,"t",6,75,"yes","yes","",TRUE,FALSE,NA,FALSE,FALSE,"morris_baseline"
59,"brier",0.6,"threshold_quantile",0.6,55.429,0.143747704362631,0.000711233588523499,1.51981340168851,"t",6,75,"yes","yes","",TRUE,FALSE,NA,FALSE,FALSE,"morris_baseline"
59,"brier",0.7,"threshold_quantile",0.7,60.125,0.120544291170834,0.000354523059389725,1.39361076751396,"t",6,75,"yes","yes","",TRUE,FALSE,NA,FALSE,FALSE,"morris_baseline"
59,"brier",0.8,"threshold_quantile",0.8,65.5,0.0877832738601655,0.0017774862299246,1.2269750162974,"t",6,75,"yes","yes","",TRUE,FALSE,NA,FALSE,FALSE,"morris_baseline"
59,"brier",0.9,"threshold_quantile",0.9,73.25,0.0488727908862138,0.000181649537543294,1.08497989377088,"t",6,75,"yes","yes","",TRUE,FALSE,NA,FALSE,FALSE,"morris_baseline"
59,"brier",0.95,"threshold_quantile",0.95,79.75,0.0272714247672591,0.00119311585669816,1.00892682300947,"t",6,75,"yes","yes","",TRUE,FALSE,NA,FALSE,FALSE,"morris_baseline"
59,"brier",0.98,"threshold_quantile",0.98,88.5,0.012703627869346,0.000593560695885934,0.983851780464571,"t",6,75,"yes","yes","",TRUE,FALSE,NA,FALSE,FALSE,"morris_baseline"
59,"brier",0.99,"threshold_quantile",0.99,94.75,0.00692225987870967,0.000603572316819195,0.95301584613578,"t",6,75,"yes","yes","",TRUE,FALSE,NA,FALSE,FALSE,"morris_baseline"
59,"brier",0.995,"threshold_quantile",0.995,100.52,0.00387547178365412,0.000100632327123322,0.961610507176268,"t",6,75,"yes","yes","",TRUE,FALSE,NA,FALSE,FALSE,"morris_baseline"
59,"quantile",0,"score_quantile",0,NA,0,0,NA,"t",6,75,"yes","yes","",TRUE,FALSE,NA,FALSE,FALSE,"morris_baseline"
59,"quantile",0.1,"score_quantile",0.1,NA,4.97588896558724,0.112983800032004,1.13126919783163,"t",6,75,"yes","yes","",TRUE,FALSE,NA,FALSE,FALSE,"morris_baseline"
59,"quantile",0.2,"score_quantile",0.2,NA,8.04325977789873,0.150315923833612,1.10900702411741,"t",6,75,"yes","yes","",TRUE,FALSE,NA,FALSE,FALSE,"morris_baseline"
59,"quantile",0.3,"score_quantile",0.3,NA,10.0777917256723,0.110994197122185,1.09448770554183,"t",6,75,"yes","yes","",TRUE,FALSE,NA,FALSE,FALSE,"morris_baseline"
59,"quantile",0.4,"score_quantile",0.4,NA,11.2503975695655,0.0685082355041686,1.08003430704806,"t",6,75,"yes","yes","",TRUE,FALSE,NA,FALSE,FALSE,"morris_baseline"
59,"quantile",0.5,"score_quantile",0.5,NA,11.6340638196173,0.0401029023410855,1.0659123872893,"t",6,75,"yes","yes","",TRUE,FALSE,NA,FALSE,FALSE,"morris_baseline"
59,"quantile",0.6,"score_quantile",0.6,NA,11.2695399941183,0.0304853449805353,1.05257624012592,"t",6,75,"yes","yes","",TRUE,FALSE,NA,FALSE,FALSE,"morris_baseline"
59,"quantile",0.7,"score_quantile",0.7,NA,10.1509560598331,0.0358829425770324,1.04096418686106,"t",6,75,"yes","yes","",TRUE,FALSE,NA,FALSE,FALSE,"morris_baseline"
59,"quantile",0.8,"score_quantile",0.8,NA,8.19699629328523,0.000761901891714878,1.03213338807428,"t",6,75,"yes","yes","",TRUE,FALSE,NA,FALSE,FALSE,"morris_baseline"
59,"quantile",0.9,"score_quantile",0.9,NA,5.16542485928408,0.00886081210621903,1.02461966395491,"t",6,75,"yes","yes","",TRUE,FALSE,NA,FALSE,FALSE,"morris_baseline"
59,"quantile",0.95,"score_quantile",0.95,NA,3.0522623617504,0.00382597898519577,1.01697330910129,"t",6,75,"yes","yes","",TRUE,FALSE,NA,FALSE,FALSE,"morris_baseline"
59,"quantile",0.98,"score_quantile",0.98,NA,1.44869140294222,0.00728425243585362,1.00359019188267,"t",6,75,"yes","yes","",TRUE,FALSE,NA,FALSE,FALSE,"morris_baseline"
59,"quantile",0.99,"score_quantile",0.99,NA,0.811412974667102,0.0100003945171073,0.98936061413594,"t",6,75,"yes","yes","",TRUE,FALSE,NA,FALSE,FALSE,"morris_baseline"
59,"quantile",0.995,"score_quantile",0.995,NA,0.449479791771321,0.0121610775254166,0.958711680367846,"t",6,75,"yes","yes","",TRUE,FALSE,NA,FALSE,FALSE,"morris_baseline"
60,"brier",0,"threshold_quantile",0,2,0.00012349064170447,7.40845868574251e-05,0.863642590749577,"skew-t",7,0,"yes","yes","",TRUE,FALSE,NA,FALSE,FALSE,"morris_baseline"
60,"brier",0.1,"threshold_quantile",0.1,28.875,0.037209947315251,0.00115177818945852,0.962135850937311,"skew-t",7,0,"yes","yes","",TRUE,FALSE,NA,FALSE,FALSE,"morris_baseline"
60,"brier",0.2,"threshold_quantile",0.2,36,0.0607858537193032,0.00157394027919643,0.960941254321419,"skew-t",7,0,"yes","yes","",TRUE,FALSE,NA,FALSE,FALSE,"morris_baseline"
60,"brier",0.3,"threshold_quantile",0.3,41.625,0.0764318606803353,0.00155553579545037,0.968086477489633,"skew-t",7,0,"yes","yes","",TRUE,FALSE,NA,FALSE,FALSE,"morris_baseline"
60,"brier",0.4,"threshold_quantile",0.4,46.5,0.0868168177130531,0.00101986582449792,0.972379933728842,"skew-t",7,0,"yes","yes","",TRUE,FALSE,NA,FALSE,FALSE,"morris_baseline"
60,"brier",0.5,"threshold_quantile",0.5,50.875,0.0927789852442252,0.00118588413978745,0.980931993550096,"skew-t",7,0,"yes","yes","",TRUE,FALSE,NA,FALSE,FALSE,"morris_baseline"
60,"brier",0.6,"threshold_quantile",0.6,55.429,0.0935503980621294,0.000171986647381314,0.989088134231658,"skew-t",7,0,"yes","yes","",TRUE,FALSE,NA,FALSE,FALSE,"morris_baseline"
60,"brier",0.7,"threshold_quantile",0.7,60.125,0.0853098161114991,0.000359067299353616,0.986265522430528,"skew-t",7,0,"yes","yes","",TRUE,FALSE,NA,FALSE,FALSE,"morris_baseline"
60,"brier",0.8,"threshold_quantile",0.8,65.5,0.0708047697318837,0.00173927324776264,0.989661010297931,"skew-t",7,0,"yes","yes","",TRUE,FALSE,NA,FALSE,FALSE,"morris_baseline"
60,"brier",0.9,"threshold_quantile",0.9,73.25,0.0449277379959905,0.000950843759097934,0.997399401882863,"skew-t",7,0,"yes","yes","",TRUE,FALSE,NA,FALSE,FALSE,"morris_baseline"
60,"brier",0.95,"threshold_quantile",0.95,79.75,0.0269394944928074,0.00177835666501711,0.996646813434559,"skew-t",7,0,"yes","yes","",TRUE,FALSE,NA,FALSE,FALSE,"morris_baseline"
60,"brier",0.98,"threshold_quantile",0.98,88.5,0.012726423734511,0.000572603582806363,0.985617240911025,"skew-t",7,0,"yes","yes","",TRUE,FALSE,NA,FALSE,FALSE,"morris_baseline"
60,"brier",0.99,"threshold_quantile",0.99,94.75,0.00695860090943407,0.000445925864006041,0.958019064557523,"skew-t",7,0,"yes","yes","",TRUE,FALSE,NA,FALSE,FALSE,"morris_baseline"
60,"brier",0.995,"threshold_quantile",0.995,100.52,0.00389756508924278,1.75272354374862e-06,0.967092460336634,"skew-t",7,0,"yes","yes","",TRUE,FALSE,NA,FALSE,FALSE,"morris_baseline"
60,"quantile",0,"score_quantile",0,NA,0.000172898878055535,0.000172898878055535,Inf,"skew-t",7,0,"yes","yes","",TRUE,FALSE,NA,FALSE,FALSE,"morris_baseline"
60,"quantile",0.1,"score_quantile",0.1,NA,4.36947382402636,0.00799197762838277,0.993400612842904,"skew-t",7,0,"yes","yes","",TRUE,FALSE,NA,FALSE,FALSE,"morris_baseline"
60,"quantile",0.2,"score_quantile",0.2,NA,7.22645906106645,0.0167336759083456,0.99638630101703,"skew-t",7,0,"yes","yes","",TRUE,FALSE,NA,FALSE,FALSE,"morris_baseline"
60,"quantile",0.3,"score_quantile",0.3,NA,9.18926466207632,0.00937104771069741,0.997990181717266,"skew-t",7,0,"yes","yes","",TRUE,FALSE,NA,FALSE,FALSE,"morris_baseline"
60,"quantile",0.4,"score_quantile",0.4,NA,10.4007429668162,0.0173536376927261,0.998467756671825,"skew-t",7,0,"yes","yes","",TRUE,FALSE,NA,FALSE,FALSE,"morris_baseline"
60,"quantile",0.5,"score_quantile",0.5,NA,10.8970057176564,0.0321865313663938,0.998383158189892,"skew-t",7,0,"yes","yes","",TRUE,FALSE,NA,FALSE,FALSE,"morris_baseline"
60,"quantile",0.6,"score_quantile",0.6,NA,10.6940408758447,0.0377517344470375,0.998824560960282,"skew-t",7,0,"yes","yes","",TRUE,FALSE,NA,FALSE,FALSE,"morris_baseline"
60,"quantile",0.7,"score_quantile",0.7,NA,9.74357947907088,0.0211086033058878,0.999188374943463,"skew-t",7,0,"yes","yes","",TRUE,FALSE,NA,FALSE,FALSE,"morris_baseline"
60,"quantile",0.8,"score_quantile",0.8,NA,7.94084058835742,0.00451692798492909,0.999879273744827,"skew-t",7,0,"yes","yes","",TRUE,FALSE,NA,FALSE,FALSE,"morris_baseline"
60,"quantile",0.9,"score_quantile",0.9,NA,5.04083637097959,0.0113255640859689,0.999906146965156,"skew-t",7,0,"yes","yes","",TRUE,FALSE,NA,FALSE,FALSE,"morris_baseline"
60,"quantile",0.95,"score_quantile",0.95,NA,2.99369434418301,0.000659334722827642,0.997459222966549,"skew-t",7,0,"yes","yes","",TRUE,FALSE,NA,FALSE,FALSE,"morris_baseline"
60,"quantile",0.98,"score_quantile",0.98,NA,1.42816849769094,0.0141238844449211,0.989372818619264,"skew-t",7,0,"yes","yes","",TRUE,FALSE,NA,FALSE,FALSE,"morris_baseline"
60,"quantile",0.99,"score_quantile",0.99,NA,0.800909351725635,0.0172572297198033,0.976553484883064,"skew-t",7,0,"yes","yes","",TRUE,FALSE,NA,FALSE,FALSE,"morris_baseline"
60,"quantile",0.995,"score_quantile",0.995,NA,0.445877082958,0.0162083252917475,0.951027332631804,"skew-t",7,0,"yes","yes","",TRUE,FALSE,NA,FALSE,FALSE,"morris_baseline"
61,"brier",0,"threshold_quantile",0,2,0.000638978198290814,0.000268825999425282,4.46874985009005,"skew-t",7,50,"yes","yes","",TRUE,FALSE,NA,FALSE,FALSE,"morris_baseline"
61,"brier",0.1,"threshold_quantile",0.1,28.875,0.0634721939169978,0.00190397564539283,1.64119752139931,"skew-t",7,50,"yes","yes","",TRUE,FALSE,NA,FALSE,FALSE,"morris_baseline"
61,"brier",0.2,"threshold_quantile",0.2,36,0.0840107700176295,0.0029643163506292,1.32809543302692,"skew-t",7,50,"yes","yes","",TRUE,FALSE,NA,FALSE,FALSE,"morris_baseline"
61,"brier",0.3,"threshold_quantile",0.3,41.625,0.0919720174560857,0.00320782619816115,1.16491821099398,"skew-t",7,50,"yes","yes","",TRUE,FALSE,NA,FALSE,FALSE,"morris_baseline"
61,"brier",0.4,"threshold_quantile",0.4,46.5,0.0945718483263121,0.00168241037836411,1.05923909710788,"skew-t",7,50,"yes","yes","",TRUE,FALSE,NA,FALSE,FALSE,"morris_baseline"
61,"brier",0.5,"threshold_quantile",0.5,50.875,0.0952440706931713,0.00112655380962107,1.00699480483587,"skew-t",7,50,"yes","yes","",TRUE,FALSE,NA,FALSE,FALSE,"morris_baseline"
61,"brier",0.6,"threshold_quantile",0.6,55.429,0.0941975210713402,0.000195010677074926,0.995930025907774,"skew-t",7,50,"yes","yes","",TRUE,FALSE,NA,FALSE,FALSE,"morris_baseline"
61,"brier",0.7,"threshold_quantile",0.7,60.125,0.085675650338642,0.000324260852489148,0.990494926520257,"skew-t",7,50,"yes","yes","",TRUE,FALSE,NA,FALSE,FALSE,"morris_baseline"
61,"brier",0.8,"threshold_quantile",0.8,65.5,0.0710188258455092,0.00132055383750717,0.992652941356717,"skew-t",7,50,"yes","yes","",TRUE,FALSE,NA,FALSE,FALSE,"morris_baseline"
61,"brier",0.9,"threshold_quantile",0.9,73.25,0.0448764645831178,0.00107062956436306,0.996261127987651,"skew-t",7,50,"yes","yes","",TRUE,FALSE,NA,FALSE,FALSE,"morris_baseline"
61,"brier",0.95,"threshold_quantile",0.95,79.75,0.0267622007194053,0.00194538832630705,0.990087697251064,"skew-t",7,50,"yes","yes","",TRUE,FALSE,NA,FALSE,FALSE,"morris_baseline"
61,"brier",0.98,"threshold_quantile",0.98,88.5,0.0126192439515535,0.000716664223288054,0.977316539617106,"skew-t",7,50,"yes","yes","",TRUE,FALSE,NA,FALSE,FALSE,"morris_baseline"
61,"brier",0.99,"threshold_quantile",0.99,94.75,0.00697044387338702,0.000570598131951656,0.959649533871033,"skew-t",7,50,"yes","yes","",TRUE,FALSE,NA,FALSE,FALSE,"morris_baseline"
61,"brier",0.995,"threshold_quantile",0.995,100.52,0.00388279760391424,8.78499870100157e-05,0.963428243474989,"skew-t",7,50,"yes","yes","",TRUE,FALSE,NA,FALSE,FALSE,"morris_baseline"
61,"quantile",0,"score_quantile",0,NA,0,0,NA,"skew-t",7,50,"yes","yes","",TRUE,FALSE,NA,FALSE,FALSE,"morris_baseline"
61,"quantile",0.1,"score_quantile",0.1,NA,4.49569217805168,0.0585872602131454,1.02209637697618,"skew-t",7,50,"yes","yes","",TRUE,FALSE,NA,FALSE,FALSE,"morris_baseline"
61,"quantile",0.2,"score_quantile",0.2,NA,7.32227790507117,0.0168195528082813,1.0095978314137,"skew-t",7,50,"yes","yes","",TRUE,FALSE,NA,FALSE,FALSE,"morris_baseline"
61,"quantile",0.3,"score_quantile",0.3,NA,9.29827607679056,0.0325044090442814,1.00982924888756,"skew-t",7,50,"yes","yes","",TRUE,FALSE,NA,FALSE,FALSE,"morris_baseline"
61,"quantile",0.4,"score_quantile",0.4,NA,10.5055219319073,0.0551301148421377,1.00852650137446,"skew-t",7,50,"yes","yes","",TRUE,FALSE,NA,FALSE,FALSE,"morris_baseline"
61,"quantile",0.5,"score_quantile",0.5,NA,10.9881245032976,0.0717866822240092,1.00673145710208,"skew-t",7,50,"yes","yes","",TRUE,FALSE,NA,FALSE,FALSE,"morris_baseline"
61,"quantile",0.6,"score_quantile",0.6,NA,10.7547597791537,0.0733723653642189,1.00449571301999,"skew-t",7,50,"yes","yes","",TRUE,FALSE,NA,FALSE,FALSE,"morris_baseline"
61,"quantile",0.7,"score_quantile",0.7,NA,9.77564129366301,0.0495120598038072,1.00247626236603,"skew-t",7,50,"yes","yes","",TRUE,FALSE,NA,FALSE,FALSE,"morris_baseline"
61,"quantile",0.8,"score_quantile",0.8,NA,7.94877042480899,0.0195332720180379,1.00087776742114,"skew-t",7,50,"yes","yes","",TRUE,FALSE,NA,FALSE,FALSE,"morris_baseline"
61,"quantile",0.9,"score_quantile",0.9,NA,5.03361672039347,0.00728760874353496,0.998474048704327,"skew-t",7,50,"yes","yes","",TRUE,FALSE,NA,FALSE,FALSE,"morris_baseline"
61,"quantile",0.95,"score_quantile",0.95,NA,2.98833746222829,0.0098265233228203,0.995674380996141,"skew-t",7,50,"yes","yes","",TRUE,FALSE,NA,FALSE,FALSE,"morris_baseline"
61,"quantile",0.98,"score_quantile",0.98,NA,1.42485338215576,0.0192831474543774,0.987076251227958,"skew-t",7,50,"yes","yes","",TRUE,FALSE,NA,FALSE,FALSE,"morris_baseline"
61,"quantile",0.99,"score_quantile",0.99,NA,0.798589897633592,0.0189489693797953,0.973725360861624,"skew-t",7,50,"yes","yes","",TRUE,FALSE,NA,FALSE,FALSE,"morris_baseline"
61,"quantile",0.995,"score_quantile",0.995,NA,0.44343339569802,0.0178006936283276,0.945815103823748,"skew-t",7,50,"yes","yes","",TRUE,FALSE,NA,FALSE,FALSE,"morris_baseline"
62,"brier",0,"threshold_quantile",0,2,0.000565455985862081,0.000342224344220439,3.95456583466038,"t",7,75,"yes","yes","",TRUE,FALSE,NA,FALSE,FALSE,"morris_baseline"
62,"brier",0.1,"threshold_quantile",0.1,28.875,0.079269708514342,0.00276003516600497,2.04967311049483,"t",7,75,"yes","yes","",TRUE,FALSE,NA,FALSE,FALSE,"morris_baseline"
62,"brier",0.2,"threshold_quantile",0.2,36,0.126830360824785,0.00759686916186879,2.00501463020998,"t",7,75,"yes","yes","",TRUE,FALSE,NA,FALSE,FALSE,"morris_baseline"
62,"brier",0.3,"threshold_quantile",0.3,41.625,0.155116534338349,0.00862255392324557,1.9647070997795,"t",7,75,"yes","yes","",TRUE,FALSE,NA,FALSE,FALSE,"morris_baseline"
62,"brier",0.4,"threshold_quantile",0.4,46.5,0.167331994899217,0.00752408196765031,1.87417920164507,"t",7,75,"yes","yes","",TRUE,FALSE,NA,FALSE,FALSE,"morris_baseline"
62,"brier",0.5,"threshold_quantile",0.5,50.875,0.163908527226243,0.00603756460558832,1.73296914111169,"t",7,75,"yes","yes","",TRUE,FALSE,NA,FALSE,FALSE,"morris_baseline"
62,"brier",0.6,"threshold_quantile",0.6,55.429,0.149146103543163,0.00431230697402078,1.57688950915482,"t",7,75,"yes","yes","",TRUE,FALSE,NA,FALSE,FALSE,"morris_baseline"
62,"brier",0.7,"threshold_quantile",0.7,60.125,0.123089953922826,0.00189960877653973,1.4230411369423,"t",7,75,"yes","yes","",TRUE,FALSE,NA,FALSE,FALSE,"morris_baseline"
62,"brier",0.8,"threshold_quantile",0.8,65.5,0.0882051274309431,0.00226690124106227,1.23287139916305,"t",7,75,"yes","yes","",TRUE,FALSE,NA,FALSE,FALSE,"morris_baseline"
62,"brier",0.9,"threshold_quantile",0.9,73.25,0.0490453006124404,0.000287892153659035,1.08880962358663,"t",7,75,"yes","yes","",TRUE,FALSE,NA,FALSE,FALSE,"morris_baseline"
62,"brier",0.95,"threshold_quantile",0.95,79.75,0.0272908221596277,0.00105812207460649,1.00964444409542,"t",7,75,"yes","yes","",TRUE,FALSE,NA,FALSE,FALSE,"morris_baseline"
62,"brier",0.98,"threshold_quantile",0.98,88.5,0.0126639253385656,0.000557689499605883,0.980776957587285,"t",7,75,"yes","yes","",TRUE,FALSE,NA,FALSE,FALSE,"morris_baseline"
62,"brier",0.99,"threshold_quantile",0.99,94.75,0.0069212677201833,0.000597300955158709,0.952879251611148,"t",7,75,"yes","yes","",TRUE,FALSE,NA,FALSE,FALSE,"morris_baseline"
62,"brier",0.995,"threshold_quantile",0.995,100.52,0.00385845096286084,9.2487135237263e-05,0.957387176178317,"t",7,75,"yes","yes","",TRUE,FALSE,NA,FALSE,FALSE,"morris_baseline"
62,"quantile",0,"score_quantile",0,NA,0,0,NA,"t",7,75,"yes","yes","",TRUE,FALSE,NA,FALSE,FALSE,"morris_baseline"
62,"quantile",0.1,"score_quantile",0.1,NA,5.3366836251508,0.273370901405035,1.21329592469977,"t",7,75,"yes","yes","",TRUE,FALSE,NA,FALSE,FALSE,"morris_baseline"
62,"quantile",0.2,"score_quantile",0.2,NA,8.41777346882156,0.342514164843069,1.16064508198579,"t",7,75,"yes","yes","",TRUE,FALSE,NA,FALSE,FALSE,"morris_baseline"
62,"quantile",0.3,"score_quantile",0.3,NA,10.4162216047166,0.278797728323905,1.1312425176956,"t",7,75,"yes","yes","",TRUE,FALSE,NA,FALSE,FALSE,"morris_baseline"
62,"quantile",0.4,"score_quantile",0.4,NA,11.5337300504333,0.199502136271754,1.10723412800959,"t",7,75,"yes","yes","",TRUE,FALSE,NA,FALSE,FALSE,"morris_baseline"
62,"quantile",0.5,"score_quantile",0.5,NA,11.8584617892041,0.139148581745293,1.08647171884993,"t",7,75,"yes","yes","",TRUE,FALSE,NA,FALSE,FALSE,"morris_baseline"
62,"quantile",0.6,"score_quantile",0.6,NA,11.4331333411449,0.109920445547068,1.06785587622577,"t",7,75,"yes","yes","",TRUE,FALSE,NA,FALSE,FALSE,"morris_baseline"
62,"quantile",0.7,"score_quantile",0.7,NA,10.2485962511045,0.0942017262858839,1.05097703114023,"t",7,75,"yes","yes","",TRUE,FALSE,NA,FALSE,FALSE,"morris_baseline"
62,"quantile",0.8,"score_quantile",0.8,NA,8.24894678711721,0.0471845483335782,1.03867478900853,"t",7,75,"yes","yes","",TRUE,FALSE,NA,FALSE,FALSE,"morris_baseline"
62,"quantile",0.9,"score_quantile",0.9,NA,5.18434469485069,0.0114145260360266,1.02837262447383,"t",7,75,"yes","yes","",TRUE,FALSE,NA,FALSE,FALSE,"morris_baseline"
62,"quantile",0.95,"score_quantile",0.95,NA,3.05740140018953,0.00365098579388556,1.01868556850354,"t",7,75,"yes","yes","",TRUE,FALSE,NA,FALSE,FALSE,"morris_baseline"
62,"quantile",0.98,"score_quantile",0.98,NA,1.44947711991944,0.00964662438102437,1.00413450232059,"t",7,75,"yes","yes","",TRUE,FALSE,NA,FALSE,FALSE,"morris_baseline"
62,"quantile",0.99,"score_quantile",0.99,NA,0.809581909365309,0.00946488347117985,0.987127985439993,"t",7,75,"yes","yes","",TRUE,FALSE,NA,FALSE,FALSE,"morris_baseline"
62,"quantile",0.995,"score_quantile",0.995,NA,0.448619431009309,0.0109496626942336,0.95687658582751,"t",7,75,"yes","yes","",TRUE,FALSE,NA,FALSE,FALSE,"morris_baseline"
63,"brier",0,"threshold_quantile",0,2,0.000130035920598017,6.79150603829636e-05,0.909417570479049,"skew-t",8,0,"yes","yes","",TRUE,FALSE,NA,FALSE,FALSE,"morris_baseline"
63,"brier",0.1,"threshold_quantile",0.1,28.875,0.0372742126548629,0.000891648123665052,0.963797556789497,"skew-t",8,0,"yes","yes","",TRUE,FALSE,NA,FALSE,FALSE,"morris_baseline"
63,"brier",0.2,"threshold_quantile",0.2,36,0.0611133542609389,0.00138978348683142,0.966118590198341,"skew-t",8,0,"yes","yes","",TRUE,FALSE,NA,FALSE,FALSE,"morris_baseline"
63,"brier",0.3,"threshold_quantile",0.3,41.625,0.0765156804027258,0.00129050006905881,0.969148138674784,"skew-t",8,0,"yes","yes","",TRUE,FALSE,NA,FALSE,FALSE,"morris_baseline"
63,"brier",0.4,"threshold_quantile",0.4,46.5,0.0869609230298904,0.000734214231091553,0.973993965688632,"skew-t",8,0,"yes","yes","",TRUE,FALSE,NA,FALSE,FALSE,"morris_baseline"
63,"brier",0.5,"threshold_quantile",0.5,50.875,0.09291609468898,0.000953298312603677,0.982381621832016,"skew-t",8,0,"yes","yes","",TRUE,FALSE,NA,FALSE,FALSE,"morris_baseline"
63,"brier",0.6,"threshold_quantile",0.6,55.429,0.0936079365666755,3.95653654742464e-05,0.989696476401086,"skew-t",8,0,"yes","yes","",TRUE,FALSE,NA,FALSE,FALSE,"morris_baseline"
63,"brier",0.7,"threshold_quantile",0.7,60.125,0.085488614581726,0.000394766366844469,0.988332608900597,"skew-t",8,0,"yes","yes","",TRUE,FALSE,NA,FALSE,FALSE,"morris_baseline"
63,"brier",0.8,"threshold_quantile",0.8,65.5,0.071144240889384,0.0014133079861582,0.994405907710506,"skew-t",8,0,"yes","yes","",TRUE,FALSE,NA,FALSE,FALSE,"morris_baseline"
63,"brier",0.9,"threshold_quantile",0.9,73.25,0.0449278059331687,0.0011294918946591,0.997400910093691,"skew-t",8,0,"yes","yes","",TRUE,FALSE,NA,FALSE,FALSE,"morris_baseline"
63,"brier",0.95,"threshold_quantile",0.95,79.75,0.0270957284660767,0.00195617987226161,1.00242680650944,"skew-t",8,0,"yes","yes","",TRUE,FALSE,NA,FALSE,FALSE,"morris_baseline"
63,"brier",0.98,"threshold_quantile",0.98,88.5,0.012834916828529,0.000638579140773682,0.994019653577354,"skew-t",8,0,"yes","yes","",TRUE,FALSE,NA,FALSE,FALSE,"morris_baseline"
63,"brier",0.99,"threshold_quantile",0.99,94.75,0.00706828820674888,0.000505835430221419,0.973120163662793,"skew-t",8,0,"yes","yes","",TRUE,FALSE,NA,FALSE,FALSE,"morris_baseline"
63,"brier",0.995,"threshold_quantile",0.995,100.52,0.00394726934188627,3.57916824714186e-05,0.979425444360648,"skew-t",8,0,"yes","yes","",TRUE,FALSE,NA,FALSE,FALSE,"morris_baseline"
63,"quantile",0,"score_quantile",0,NA,0.000698227444532866,0.000698227444532866,Inf,"skew-t",8,0,"yes","yes","",TRUE,FALSE,NA,FALSE,FALSE,"morris_baseline"
63,"quantile",0.1,"score_quantile",0.1,NA,4.36825006748001,0.00890452380455242,0.993122391585134,"skew-t",8,0,"yes","yes","",TRUE,FALSE,NA,FALSE,FALSE,"morris_baseline"
63,"quantile",0.2,"score_quantile",0.2,NA,7.22656364390813,0.0200592215230535,0.996400720930005,"skew-t",8,0,"yes","yes","",TRUE,FALSE,NA,FALSE,FALSE,"morris_baseline"
63,"quantile",0.3,"score_quantile",0.3,NA,9.18897600876372,0.012990323958264,0.997958832835447,"skew-t",8,0,"yes","yes","",TRUE,FALSE,NA,FALSE,FALSE,"morris_baseline"
63,"quantile",0.4,"score_quantile",0.4,NA,10.4020502739688,0.0202641386101918,0.998593257709981,"skew-t",8,0,"yes","yes","",TRUE,FALSE,NA,FALSE,FALSE,"morris_baseline"
63,"quantile",0.5,"score_quantile",0.5,NA,10.9001563142233,0.0356998955158767,0.998671815701144,"skew-t",8,0,"yes","yes","",TRUE,FALSE,NA,FALSE,FALSE,"morris_baseline"
63,"quantile",0.6,"score_quantile",0.6,NA,10.6995006459472,0.0416783548541053,0.999334504071486,"skew-t",8,0,"yes","yes","",TRUE,FALSE,NA,FALSE,FALSE,"morris_baseline"
63,"quantile",0.7,"score_quantile",0.7,NA,9.74958875070461,0.0257431789050804,0.999804616066266,"skew-t",8,0,"yes","yes","",TRUE,FALSE,NA,FALSE,FALSE,"morris_baseline"
63,"quantile",0.8,"score_quantile",0.8,NA,7.9455085129107,0.00157042204136104,1.00046704036227,"skew-t",8,0,"yes","yes","",TRUE,FALSE,NA,FALSE,FALSE,"morris_baseline"
63,"quantile",0.9,"score_quantile",0.9,NA,5.04318806322081,0.0105320330540213,1.00037263136471,"skew-t",8,0,"yes","yes","",TRUE,FALSE,NA,FALSE,FALSE,"morris_baseline"
63,"quantile",0.95,"score_quantile",0.95,NA,2.99923736838988,0.00063046043165893,0.999306085064886,"skew-t",8,0,"yes","yes","",TRUE,FALSE,NA,FALSE,FALSE,"morris_baseline"
63,"quantile",0.98,"score_quantile",0.98,NA,1.43521466440759,0.0143204660694161,0.994254095468733,"skew-t",8,0,"yes","yes","",TRUE,FALSE,NA,FALSE,FALSE,"morris_baseline"
63,"quantile",0.99,"score_quantile",0.99,NA,0.806922129475219,0.0167256552432717,0.983884900170614,"skew-t",8,0,"yes","yes","",TRUE,FALSE,NA,FALSE,FALSE,"morris_baseline"
63,"quantile",0.995,"score_quantile",0.995,NA,0.449925119995872,0.0165876747067017,0.95966153702056,"skew-t",8,0,"yes","yes","",TRUE,FALSE,NA,FALSE,FALSE,"morris_baseline"
64,"brier",0,"threshold_quantile",0,2,0.00100522267717079,0.000655174228722346,7.03011260780083,"skew-t",8,50,"yes","yes","",TRUE,FALSE,NA,FALSE,FALSE,"morris_baseline"
64,"brier",0.1,"threshold_quantile",0.1,28.875,0.0636858966563062,0.00216951761059384,1.64672322304006,"skew-t",8,50,"yes","yes","",TRUE,FALSE,NA,FALSE,FALSE,"morris_baseline"
64,"brier",0.2,"threshold_quantile",0.2,36,0.0841320758879272,0.00222852311849108,1.33001311301376,"skew-t",8,50,"yes","yes","",TRUE,FALSE,NA,FALSE,FALSE,"morris_baseline"
64,"brier",0.3,"threshold_quantile",0.3,41.625,0.0918669184394209,0.0027847900543692,1.16358702611996,"skew-t",8,50,"yes","yes","",TRUE,FALSE,NA,FALSE,FALSE,"morris_baseline"
64,"brier",0.4,"threshold_quantile",0.4,46.5,0.0947625578591294,0.00144362097557924,1.06137511323663,"skew-t",8,50,"yes","yes","",TRUE,FALSE,NA,FALSE,FALSE,"morris_baseline"
64,"brier",0.5,"threshold_quantile",0.5,50.875,0.0952799780457176,0.00103254816250108,1.00737444544979,"skew-t",8,50,"yes","yes","",TRUE,FALSE,NA,FALSE,FALSE,"morris_baseline"
64,"brier",0.6,"threshold_quantile",0.6,55.429,0.094303375935618,0.000363970644295206,0.997049206503226,"skew-t",8,50,"yes","yes","",TRUE,FALSE,NA,FALSE,FALSE,"morris_baseline"
64,"brier",0.7,"threshold_quantile",0.7,60.125,0.0856255867232924,0.000225306870105919,0.989916141803585,"skew-t",8,50,"yes","yes","",TRUE,FALSE,NA,FALSE,FALSE,"morris_baseline"
64,"brier",0.8,"threshold_quantile",0.8,65.5,0.07100030159528,0.0013623380877364,0.992394021960944,"skew-t",8,50,"yes","yes","",TRUE,FALSE,NA,FALSE,FALSE,"morris_baseline"
64,"brier",0.9,"threshold_quantile",0.9,73.25,0.0449826507668359,0.00110272472865964,0.998618469818173,"skew-t",8,50,"yes","yes","",TRUE,FALSE,NA,FALSE,FALSE,"morris_baseline"
64,"brier",0.95,"threshold_quantile",0.95,79.75,0.0269567842426948,0.00192998900388511,0.997286460705408,"skew-t",8,50,"yes","yes","",TRUE,FALSE,NA,FALSE,FALSE,"morris_baseline"
64,"brier",0.98,"threshold_quantile",0.98,88.5,0.0126773731381669,0.000692346548186095,0.981818442879294,"skew-t",8,50,"yes","yes","",TRUE,FALSE,NA,FALSE,FALSE,"morris_baseline"
64,"brier",0.99,"threshold_quantile",0.99,94.75,0.00697889730731732,0.000588604000657321,0.960813352715024,"skew-t",8,50,"yes","yes","",TRUE,FALSE,NA,FALSE,FALSE,"morris_baseline"
64,"brier",0.995,"threshold_quantile",0.995,100.52,0.00392673649839512,7.83193341040464e-05,0.974330684510614,"skew-t",8,50,"yes","yes","",TRUE,FALSE,NA,FALSE,FALSE,"morris_baseline"
64,"quantile",0,"score_quantile",0,NA,0,0,NA,"skew-t",8,50,"yes","yes","",TRUE,FALSE,NA,FALSE,FALSE,"morris_baseline"
64,"quantile",0.1,"score_quantile",0.1,NA,4.49232110392863,0.0469060086343593,1.0213299627042,"skew-t",8,50,"yes","yes","",TRUE,FALSE,NA,FALSE,FALSE,"morris_baseline"
64,"quantile",0.2,"score_quantile",0.2,NA,7.34260518291597,0.0259186283439354,1.01240056246225,"skew-t",8,50,"yes","yes","",TRUE,FALSE,NA,FALSE,FALSE,"morris_baseline"
64,"quantile",0.3,"score_quantile",0.3,NA,9.32096749689725,0.0358132583855628,1.01229362610472,"skew-t",8,50,"yes","yes","",TRUE,FALSE,NA,FALSE,FALSE,"morris_baseline"
64,"quantile",0.4,"score_quantile",0.4,NA,10.5214446099342,0.0563496636746503,1.01005507300252,"skew-t",8,50,"yes","yes","",TRUE,FALSE,NA,FALSE,FALSE,"morris_baseline"
64,"quantile",0.5,"score_quantile",0.5,NA,10.9944674864023,0.0718870558629936,1.00731260091979,"skew-t",8,50,"yes","yes","",TRUE,FALSE,NA,FALSE,FALSE,"morris_baseline"
64,"quantile",0.6,"score_quantile",0.6,NA,10.7572264631663,0.0740704382999935,1.00472610157044,"skew-t",8,50,"yes","yes","",TRUE,FALSE,NA,FALSE,FALSE,"morris_baseline"
64,"quantile",0.7,"score_quantile",0.7,NA,9.77737491692027,0.0500275805741897,1.00265404263753,"skew-t",8,50,"yes","yes","",TRUE,FALSE,NA,FALSE,FALSE,"morris_baseline"
64,"quantile",0.8,"score_quantile",0.8,NA,7.95111013070863,0.0175764025500293,1.00117237394418,"skew-t",8,50,"yes","yes","",TRUE,FALSE,NA,FALSE,FALSE,"morris_baseline"
64,"quantile",0.9,"score_quantile",0.9,NA,5.03955036853936,0.00367517128275807,0.999651054030101,"skew-t",8,50,"yes","yes","",TRUE,FALSE,NA,FALSE,FALSE,"morris_baseline"
64,"quantile",0.95,"score_quantile",0.95,NA,2.99478327507936,0.00663864720391238,0.997822040288849,"skew-t",8,50,"yes","yes","",TRUE,FALSE,NA,FALSE,FALSE,"morris_baseline"
64,"quantile",0.98,"score_quantile",0.98,NA,1.42963395453444,0.0181529680054795,0.990388023176829,"skew-t",8,50,"yes","yes","",TRUE,FALSE,NA,FALSE,FALSE,"morris_baseline"
64,"quantile",0.99,"score_quantile",0.99,NA,0.801200421933255,0.0189560244773629,0.976908388499789,"skew-t",8,50,"yes","yes","",TRUE,FALSE,NA,FALSE,FALSE,"morris_baseline"
64,"quantile",0.995,"score_quantile",0.995,NA,0.445098955837684,0.0169185552370268,0.949367637195623,"skew-t",8,50,"yes","yes","",TRUE,FALSE,NA,FALSE,FALSE,"morris_baseline"
65,"brier",0,"threshold_quantile",0,2,0.000444766080144911,0.000168227524923023,3.11051043570681,"t",8,75,"yes","yes","",TRUE,FALSE,NA,FALSE,FALSE,"morris_baseline"
65,"brier",0.1,"threshold_quantile",0.1,28.875,0.0734870678860318,0.00237485261409322,1.9001516447844,"t",8,75,"yes","yes","",TRUE,FALSE,NA,FALSE,FALSE,"morris_baseline"
65,"brier",0.2,"threshold_quantile",0.2,36,0.115073729087893,0.00331201632179316,1.81915835351749,"t",8,75,"yes","yes","",TRUE,FALSE,NA,FALSE,FALSE,"morris_baseline"
65,"brier",0.3,"threshold_quantile",0.3,41.625,0.14079502607741,0.00373564147947898,1.783310776816,"t",8,75,"yes","yes","",TRUE,FALSE,NA,FALSE,FALSE,"morris_baseline"
65,"brier",0.4,"threshold_quantile",0.4,46.5,0.154724992390987,0.00326704246439363,1.73297618837649,"t",8,75,"yes","yes","",TRUE,FALSE,NA,FALSE,FALSE,"morris_baseline"
65,"brier",0.5,"threshold_quantile",0.5,50.875,0.154136271269512,0.00302632452943816,1.62964920835013,"t",8,75,"yes","yes","",TRUE,FALSE,NA,FALSE,FALSE,"morris_baseline"
65,"brier",0.6,"threshold_quantile",0.6,55.429,0.144044959335888,0.000981000970855836,1.52295621425777,"t",8,75,"yes","yes","",TRUE,FALSE,NA,FALSE,FALSE,"morris_baseline"
65,"brier",0.7,"threshold_quantile",0.7,60.125,0.1207448334166,0.000626158094611244,1.39592923345146,"t",8,75,"yes","yes","",TRUE,FALSE,NA,FALSE,FALSE,"morris_baseline"
65,"brier",0.8,"threshold_quantile",0.8,65.5,0.0877973198327497,0.00181990094469438,1.22717134136802,"t",8,75,"yes","yes","",TRUE,FALSE,NA,FALSE,FALSE,"morris_baseline"
65,"brier",0.9,"threshold_quantile",0.9,73.25,0.0486765481581544,0.000432090370374127,1.08062328940305,"t",8,75,"yes","yes","",TRUE,FALSE,NA,FALSE,FALSE,"morris_baseline"
65,"brier",0.95,"threshold_quantile",0.95,79.75,0.0272029841368801,0.0011443025631533,1.00639481053258,"t",8,75,"yes","yes","",TRUE,FALSE,NA,FALSE,FALSE,"morris_baseline"
65,"brier",0.98,"threshold_quantile",0.98,88.5,0.0126659739106286,0.000612956269551623,0.980935612366239,"t",8,75,"yes","yes","",TRUE,FALSE,NA,FALSE,FALSE,"morris_baseline"
65,"brier",0.99,"threshold_quantile",0.99,94.75,0.00695287393455596,0.000634182258303565,0.957230608489001,"t",8,75,"yes","yes","",TRUE,FALSE,NA,FALSE,FALSE,"morris_baseline"
65,"brier",0.995,"threshold_quantile",0.995,100.52,0.00386830731564022,0.000137391736745497,0.959832806781298,"t",8,75,"yes","yes","",TRUE,FALSE,NA,FALSE,FALSE,"morris_baseline"
65,"quantile",0,"score_quantile",0,NA,0,0,NA,"t",8,75,"yes","yes","",TRUE,FALSE,NA,FALSE,FALSE,"morris_baseline"
65,"quantile",0.1,"score_quantile",0.1,NA,5.03481872579591,0.064828265623234,1.14466688878107,"t",8,75,"yes","yes","",TRUE,FALSE,NA,FALSE,FALSE,"morris_baseline"
65,"quantile",0.2,"score_quantile",0.2,NA,8.09260790001077,0.0191981524194835,1.11581115771006,"t",8,75,"yes","yes","",TRUE,FALSE,NA,FALSE,FALSE,"morris_baseline"
65,"quantile",0.3,"score_quantile",0.3,NA,10.1389253534316,0.0270830976978971,1.10112705727672,"t",8,75,"yes","yes","",TRUE,FALSE,NA,FALSE,FALSE,"morris_baseline"
65,"quantile",0.4,"score_quantile",0.4,NA,11.3162641485719,0.0397179287034941,1.08635747603608,"t",8,75,"yes","yes","",TRUE,FALSE,NA,FALSE,FALSE,"morris_baseline"
65,"quantile",0.5,"score_quantile",0.5,NA,11.6916992102555,0.0375279504998263,1.07119293910506,"t",8,75,"yes","yes","",TRUE,FALSE,NA,FALSE,FALSE,"morris_baseline"
65,"quantile",0.6,"score_quantile",0.6,NA,11.3053755014615,0.0198755686608312,1.05592328034247,"t",8,75,"yes","yes","",TRUE,FALSE,NA,FALSE,FALSE,"morris_baseline"
65,"quantile",0.7,"score_quantile",0.7,NA,10.168921590385,0.0142238643483017,1.04280652306982,"t",8,75,"yes","yes","",TRUE,FALSE,NA,FALSE,FALSE,"morris_baseline"
65,"quantile",0.8,"score_quantile",0.8,NA,8.19270978149203,0.00224936435452072,1.03159364744468,"t",8,75,"yes","yes","",TRUE,FALSE,NA,FALSE,FALSE,"morris_baseline"
65,"quantile",0.9,"score_quantile",0.9,NA,5.15629482047546,0.00691718841135236,1.02280861887133,"t",8,75,"yes","yes","",TRUE,FALSE,NA,FALSE,FALSE,"morris_baseline"
65,"quantile",0.95,"score_quantile",0.95,NA,3.04818238320851,0.000877157863671485,1.01561391440088,"t",8,75,"yes","yes","",TRUE,FALSE,NA,FALSE,FALSE,"morris_baseline"
65,"quantile",0.98,"score_quantile",0.98,NA,1.44907213562498,0.0101349132562939,1.00385394687243,"t",8,75,"yes","yes","",TRUE,FALSE,NA,FALSE,FALSE,"morris_baseline"
65,"quantile",0.99,"score_quantile",0.99,NA,0.811726810466342,0.0117559350692657,0.989743275972474,"t",8,75,"yes","yes","",TRUE,FALSE,NA,FALSE,FALSE,"morris_baseline"
65,"quantile",0.995,"score_quantile",0.995,NA,0.449530804231385,0.0128365643471602,0.95882048668618,"t",8,75,"yes","yes","",TRUE,FALSE,NA,FALSE,FALSE,"morris_baseline"
66,"brier",0,"threshold_quantile",0,2,0.000122246344987148,7.31849463041436e-05,0.854940492956764,"skew-t",9,0,"yes","yes","",TRUE,FALSE,NA,FALSE,FALSE,"morris_baseline"
66,"brier",0.1,"threshold_quantile",0.1,28.875,0.0372634346870914,0.000921407790194544,0.96351887138569,"skew-t",9,0,"yes","yes","",TRUE,FALSE,NA,FALSE,FALSE,"morris_baseline"
66,"brier",0.2,"threshold_quantile",0.2,36,0.0609168065791535,0.00151420433357463,0.963011440025854,"skew-t",9,0,"yes","yes","",TRUE,FALSE,NA,FALSE,FALSE,"morris_baseline"
66,"brier",0.3,"threshold_quantile",0.3,41.625,0.0763433237180904,0.001345104622328,0.966965067711769,"skew-t",9,0,"yes","yes","",TRUE,FALSE,NA,FALSE,FALSE,"morris_baseline"
66,"brier",0.4,"threshold_quantile",0.4,46.5,0.087008701541877,0.000777346453455209,0.974529102399963,"skew-t",9,0,"yes","yes","",TRUE,FALSE,NA,FALSE,FALSE,"morris_baseline"
66,"brier",0.5,"threshold_quantile",0.5,50.875,0.0929203576356314,0.0012550654868159,0.982426693038024,"skew-t",9,0,"yes","yes","",TRUE,FALSE,NA,FALSE,FALSE,"morris_baseline"
66,"brier",0.6,"threshold_quantile",0.6,55.429,0.0935973617360496,0.000556080094407982,0.989584671003031,"skew-t",9,0,"yes","yes","",TRUE,FALSE,NA,FALSE,FALSE,"morris_baseline"
66,"brier",0.7,"threshold_quantile",0.7,60.125,0.0858107140330453,0.000741857489835421,0.992056395893817,"skew-t",9,0,"yes","yes","",TRUE,FALSE,NA,FALSE,FALSE,"morris_baseline"
66,"brier",0.8,"threshold_quantile",0.8,65.5,0.0712282258439798,0.0014641453171814,0.995579792398356,"skew-t",9,0,"yes","yes","",TRUE,FALSE,NA,FALSE,FALSE,"morris_baseline"
66,"brier",0.9,"threshold_quantile",0.9,73.25,0.0451742570220395,0.00119716817982899,1.0028721441152,"skew-t",9,0,"yes","yes","",TRUE,FALSE,NA,FALSE,FALSE,"morris_baseline"
66,"brier",0.95,"threshold_quantile",0.95,79.75,0.0270229820080208,0.0018824602642515,0.999735496706668,"skew-t",9,0,"yes","yes","",TRUE,FALSE,NA,FALSE,FALSE,"morris_baseline"
66,"brier",0.98,"threshold_quantile",0.98,88.5,0.0127560103416219,0.000644209311364378,0.987908620695086,"skew-t",9,0,"yes","yes","",TRUE,FALSE,NA,FALSE,FALSE,"morris_baseline"
66,"brier",0.99,"threshold_quantile",0.99,94.75,0.0069764139101442,0.000504417200966909,0.960471453263154,"skew-t",9,0,"yes","yes","",TRUE,FALSE,NA,FALSE,FALSE,"morris_baseline"
66,"brier",0.995,"threshold_quantile",0.995,100.52,0.00391685557352802,4.27967854976755e-05,0.971878956900856,"skew-t",9,0,"yes","yes","",TRUE,FALSE,NA,FALSE,FALSE,"morris_baseline"
66,"quantile",0,"score_quantile",0,NA,0,0,NA,"skew-t",9,0,"yes","yes","",TRUE,FALSE,NA,FALSE,FALSE,"morris_baseline"
66,"quantile",0.1,"score_quantile",0.1,NA,4.36854710764972,0.00982209525907596,0.993189923717952,"skew-t",9,0,"yes","yes","",TRUE,FALSE,NA,FALSE,FALSE,"morris_baseline"
66,"quantile",0.2,"score_quantile",0.2,NA,7.22524150883339,0.0205195858179814,0.996218424556991,"skew-t",9,0,"yes","yes","",TRUE,FALSE,NA,FALSE,FALSE,"morris_baseline"
66,"quantile",0.3,"score_quantile",0.3,NA,9.18847265081842,0.0138799142677568,0.997904166188467,"skew-t",9,0,"yes","yes","",TRUE,FALSE,NA,FALSE,FALSE,"morris_baseline"
66,"quantile",0.4,"score_quantile",0.4,NA,10.4007908627777,0.0201011306265704,0.9984723546677,"skew-t",9,0,"yes","yes","",TRUE,FALSE,NA,FALSE,FALSE,"morris_baseline"
66,"quantile",0.5,"score_quantile",0.5,NA,10.9008888965577,0.0357078333008412,0.99873893486063,"skew-t",9,0,"yes","yes","",TRUE,FALSE,NA,FALSE,FALSE,"morris_baseline"
66,"quantile",0.6,"score_quantile",0.6,NA,10.6999413810177,0.0422512244831044,0.999375668774182,"skew-t",9,0,"yes","yes","",TRUE,FALSE,NA,FALSE,FALSE,"morris_baseline"
66,"quantile",0.7,"score_quantile",0.7,NA,9.74890035930346,0.0277308297300936,0.99973402263734,"skew-t",9,0,"yes","yes","",TRUE,FALSE,NA,FALSE,FALSE,"morris_baseline"
66,"quantile",0.8,"score_quantile",0.8,NA,7.94323407834804,0.00200522186547047,1.00018065254811,"skew-t",9,0,"yes","yes","",TRUE,FALSE,NA,FALSE,FALSE,"morris_baseline"
66,"quantile",0.9,"score_quantile",0.9,NA,5.03851455762212,0.00581512134007944,0.999445589375624,"skew-t",9,0,"yes","yes","",TRUE,FALSE,NA,FALSE,FALSE,"morris_baseline"
66,"quantile",0.95,"score_quantile",0.95,NA,2.99446383866545,0.000429369393601942,0.997715608315316,"skew-t",9,0,"yes","yes","",TRUE,FALSE,NA,FALSE,FALSE,"morris_baseline"
66,"quantile",0.98,"score_quantile",0.98,NA,1.42967219541883,0.0140855494852029,0.99041451479293,"skew-t",9,0,"yes","yes","",TRUE,FALSE,NA,FALSE,FALSE,"morris_baseline"
66,"quantile",0.99,"score_quantile",0.99,NA,0.803199527864476,0.0189786589549605,0.979345910123901,"skew-t",9,0,"yes","yes","",TRUE,FALSE,NA,FALSE,FALSE,"morris_baseline"
66,"quantile",0.995,"score_quantile",0.995,NA,0.448118246454063,0.0180064508453541,0.955807591189862,"skew-t",9,0,"yes","yes","",TRUE,FALSE,NA,FALSE,FALSE,"morris_baseline"
67,"brier",0,"threshold_quantile",0,2,0.000861251433169854,0.000605135046783468,6.02323713573086,"skew-t",9,50,"yes","yes","",TRUE,FALSE,NA,FALSE,FALSE,"morris_baseline"
67,"brier",0.1,"threshold_quantile",0.1,28.875,0.0640513314905666,0.00169371986227163,1.65617225429625,"skew-t",9,50,"yes","yes","",TRUE,FALSE,NA,FALSE,FALSE,"morris_baseline"
67,"brier",0.2,"threshold_quantile",0.2,36,0.0854570399801289,0.00185408851199411,1.35095898411348,"skew-t",9,50,"yes","yes","",TRUE,FALSE,NA,FALSE,FALSE,"morris_baseline"
67,"brier",0.3,"threshold_quantile",0.3,41.625,0.0926678631344936,0.00236996879682258,1.1737317971829,"skew-t",9,50,"yes","yes","",TRUE,FALSE,NA,FALSE,FALSE,"morris_baseline"
67,"brier",0.4,"threshold_quantile",0.4,46.5,0.0948517149745257,0.0014297217779958,1.06237370535558,"skew-t",9,50,"yes","yes","",TRUE,FALSE,NA,FALSE,FALSE,"morris_baseline"
67,"brier",0.5,"threshold_quantile",0.5,50.875,0.0952164749376859,0.000988317733815337,1.00670304092651,"skew-t",9,50,"yes","yes","",TRUE,FALSE,NA,FALSE,FALSE,"morris_baseline"
67,"brier",0.6,"threshold_quantile",0.6,55.429,0.0941195001187509,9.76520267279013e-05,0.995105127243247,"skew-t",9,50,"yes","yes","",TRUE,FALSE,NA,FALSE,FALSE,"morris_baseline"
67,"brier",0.7,"threshold_quantile",0.7,60.125,0.0855341195643643,0.000393432080213495,0.988858691331912,"skew-t",9,50,"yes","yes","",TRUE,FALSE,NA,FALSE,FALSE,"morris_baseline"
67,"brier",0.8,"threshold_quantile",0.8,65.5,0.0711625678165337,0.00124983106234516,0.994662069058213,"skew-t",9,50,"yes","yes","",TRUE,FALSE,NA,FALSE,FALSE,"morris_baseline"
67,"brier",0.9,"threshold_quantile",0.9,73.25,0.0449247679335187,0.000976787271686537,0.997333466256787,"skew-t",9,50,"yes","yes","",TRUE,FALSE,NA,FALSE,FALSE,"morris_baseline"
67,"brier",0.95,"threshold_quantile",0.95,79.75,0.0267455598473154,0.00188224642896084,0.989472055701235,"skew-t",9,50,"yes","yes","",TRUE,FALSE,NA,FALSE,FALSE,"morris_baseline"
67,"brier",0.98,"threshold_quantile",0.98,88.5,0.0125913535714709,0.000701343525626151,0.975156526714948,"skew-t",9,50,"yes","yes","",TRUE,FALSE,NA,FALSE,FALSE,"morris_baseline"
67,"brier",0.99,"threshold_quantile",0.99,94.75,0.00697030113755291,0.000583384911829809,0.95962988284462,"skew-t",9,50,"yes","yes","",TRUE,FALSE,NA,FALSE,FALSE,"morris_baseline"
67,"brier",0.995,"threshold_quantile",0.995,100.52,0.00389313005418021,7.62343902642327e-05,0.965992006881173,"skew-t",9,50,"yes","yes","",TRUE,FALSE,NA,FALSE,FALSE,"morris_baseline"
67,"quantile",0,"score_quantile",0,NA,0,0,NA,"skew-t",9,50,"yes","yes","",TRUE,FALSE,NA,FALSE,FALSE,"morris_baseline"
67,"quantile",0.1,"score_quantile",0.1,NA,4.49657040619926,0.0311643538132431,1.02229604229405,"skew-t",9,50,"yes","yes","",TRUE,FALSE,NA,FALSE,FALSE,"morris_baseline"
67,"quantile",0.2,"score_quantile",0.2,NA,7.35379913639697,0.040456630199643,1.01394398806094,"skew-t",9,50,"yes","yes","",TRUE,FALSE,NA,FALSE,FALSE,"morris_baseline"
67,"quantile",0.3,"score_quantile",0.3,NA,9.32864072500665,0.0551116780136507,1.01312696877107,"skew-t",9,50,"yes","yes","",TRUE,FALSE,NA,FALSE,FALSE,"morris_baseline"
67,"quantile",0.4,"score_quantile",0.4,NA,10.5265566364878,0.0720490450671996,1.01054582579789,"skew-t",9,50,"yes","yes","",TRUE,FALSE,NA,FALSE,FALSE,"morris_baseline"
67,"quantile",0.5,"score_quantile",0.5,NA,10.9988920283109,0.0833526936602391,1.00771797724415,"skew-t",9,50,"yes","yes","",TRUE,FALSE,NA,FALSE,FALSE,"morris_baseline"
67,"quantile",0.6,"score_quantile",0.6,NA,10.7622426565511,0.0816802365714295,1.00519461456879,"skew-t",9,50,"yes","yes","",TRUE,FALSE,NA,FALSE,FALSE,"morris_baseline"
67,"quantile",0.7,"score_quantile",0.7,NA,9.78058333315946,0.0540570106252485,1.00298306055288,"skew-t",9,50,"yes","yes","",TRUE,FALSE,NA,FALSE,FALSE,"morris_baseline"
67,"quantile",0.8,"score_quantile",0.8,NA,7.95280700847471,0.018594807875167,1.00138603808836,"skew-t",9,50,"yes","yes","",TRUE,FALSE,NA,FALSE,FALSE,"morris_baseline"
67,"quantile",0.9,"score_quantile",0.9,NA,5.03878594162408,0.00303647226594572,0.999499421420899,"skew-t",9,50,"yes","yes","",TRUE,FALSE,NA,FALSE,FALSE,"morris_baseline"
67,"quantile",0.95,"score_quantile",0.95,NA,2.99177361639119,0.00637790436005714,0.996819261958348,"skew-t",9,50,"yes","yes","",TRUE,FALSE,NA,FALSE,FALSE,"morris_baseline"
67,"quantile",0.98,"score_quantile",0.98,NA,1.42622343373436,0.0170408480749437,0.988025363180897,"skew-t",9,50,"yes","yes","",TRUE,FALSE,NA,FALSE,FALSE,"morris_baseline"
67,"quantile",0.99,"score_quantile",0.99,NA,0.798140162823258,0.0173268957383748,0.973176996561271,"skew-t",9,50,"yes","yes","",TRUE,FALSE,NA,FALSE,FALSE,"morris_baseline"
67,"quantile",0.995,"score_quantile",0.995,NA,0.442479286954901,0.0161211540450986,0.943780050828898,"skew-t",9,50,"yes","yes","",TRUE,FALSE,NA,FALSE,FALSE,"morris_baseline"
68,"brier",0,"threshold_quantile",0,2,0.00026437671649519,9.58501523654187e-06,1.84894166243131,"t",9,75,"yes","yes","",TRUE,FALSE,NA,FALSE,FALSE,"morris_baseline"
68,"brier",0.1,"threshold_quantile",0.1,28.875,0.0726985499130401,0.00321461508154191,1.87976297278505,"t",9,75,"yes","yes","",TRUE,FALSE,NA,FALSE,FALSE,"morris_baseline"
68,"brier",0.2,"threshold_quantile",0.2,36,0.114937535429283,0.00458085429481495,1.81700531794873,"t",9,75,"yes","yes","",TRUE,FALSE,NA,FALSE,FALSE,"morris_baseline"
68,"brier",0.3,"threshold_quantile",0.3,41.625,0.141639198758836,0.00561948992333419,1.79400307385392,"t",9,75,"yes","yes","",TRUE,FALSE,NA,FALSE,FALSE,"morris_baseline"
68,"brier",0.4,"threshold_quantile",0.4,46.5,0.156054122506113,0.00508119231925976,1.74786292907154,"t",9,75,"yes","yes","",TRUE,FALSE,NA,FALSE,FALSE,"morris_baseline"
68,"brier",0.5,"threshold_quantile",0.5,50.875,0.155383372969331,0.00452701451087246,1.64283454286682,"t",9,75,"yes","yes","",TRUE,FALSE,NA,FALSE,FALSE,"morris_baseline"
68,"brier",0.6,"threshold_quantile",0.6,55.429,0.144635791176477,0.00186207468999007,1.52920295157753,"t",9,75,"yes","yes","",TRUE,FALSE,NA,FALSE,FALSE,"morris_baseline"
68,"brier",0.7,"threshold_quantile",0.7,60.125,0.121148211925042,0.000769210873991018,1.40059268642205,"t",9,75,"yes","yes","",TRUE,FALSE,NA,FALSE,FALSE,"morris_baseline"
68,"brier",0.8,"threshold_quantile",0.8,65.5,0.0879926905419949,0.00181492997185232,1.2299021005277,"t",9,75,"yes","yes","",TRUE,FALSE,NA,FALSE,FALSE,"morris_baseline"
68,"brier",0.9,"threshold_quantile",0.9,73.25,0.0489526989164458,0.000314047883687638,1.08675385847764,"t",9,75,"yes","yes","",TRUE,FALSE,NA,FALSE,FALSE,"morris_baseline"
68,"brier",0.95,"threshold_quantile",0.95,79.75,0.0272793953710462,0.00115232161594077,1.0092217014775,"t",9,75,"yes","yes","",TRUE,FALSE,NA,FALSE,FALSE,"morris_baseline"
68,"brier",0.98,"threshold_quantile",0.98,88.5,0.0126281450464343,0.000639162080692846,0.978005898447249,"t",9,75,"yes","yes","",TRUE,FALSE,NA,FALSE,FALSE,"morris_baseline"
68,"brier",0.99,"threshold_quantile",0.99,94.75,0.00687592204870412,0.000689344240918838,0.946636327446131,"t",9,75,"yes","yes","",TRUE,FALSE,NA,FALSE,FALSE,"morris_baseline"
68,"brier",0.995,"threshold_quantile",0.995,100.52,0.00385141448511652,0.000118816168870796,0.955641233668561,"t",9,75,"yes","yes","",TRUE,FALSE,NA,FALSE,FALSE,"morris_baseline"
68,"quantile",0,"score_quantile",0,NA,0,0,NA,"t",9,75,"yes","yes","",TRUE,FALSE,NA,FALSE,FALSE,"morris_baseline"
68,"quantile",0.1,"score_quantile",0.1,NA,4.9156672179743,0.00784660438296614,1.11757777332733,"t",9,75,"yes","yes","",TRUE,FALSE,NA,FALSE,FALSE,"morris_baseline"
68,"quantile",0.2,"score_quantile",0.2,NA,8.00336492426636,0.00738553816785625,1.10350630996343,"t",9,75,"yes","yes","",TRUE,FALSE,NA,FALSE,FALSE,"morris_baseline"
68,"quantile",0.3,"score_quantile",0.3,NA,10.0604185830984,0.0197608487729504,1.0926009141225,"t",9,75,"yes","yes","",TRUE,FALSE,NA,FALSE,FALSE,"morris_baseline"
68,"quantile",0.4,"score_quantile",0.4,NA,11.244229693806,0.0268088491379839,1.07944219309114,"t",9,75,"yes","yes","",TRUE,FALSE,NA,FALSE,FALSE,"morris_baseline"
68,"quantile",0.5,"score_quantile",0.5,NA,11.6346407930114,0.0204108918847528,1.06596524956489,"t",9,75,"yes","yes","",TRUE,FALSE,NA,FALSE,FALSE,"morris_baseline"
68,"quantile",0.6,"score_quantile",0.6,NA,11.2725578063285,0.00592951814062292,1.05285810410895,"t",9,75,"yes","yes","",TRUE,FALSE,NA,FALSE,FALSE,"morris_baseline"
68,"quantile",0.7,"score_quantile",0.7,NA,10.1615769183967,0.0169205352934334,1.04205333879249,"t",9,75,"yes","yes","",TRUE,FALSE,NA,FALSE,FALSE,"morris_baseline"
68,"quantile",0.8,"score_quantile",0.8,NA,8.20637430147167,0.01262521867974,1.03331422981393,"t",9,75,"yes","yes","",TRUE,FALSE,NA,FALSE,FALSE,"morris_baseline"
68,"quantile",0.9,"score_quantile",0.9,NA,5.16788649426644,0.0127941977584118,1.02510795672406,"t",9,75,"yes","yes","",TRUE,FALSE,NA,FALSE,FALSE,"morris_baseline"
68,"quantile",0.95,"score_quantile",0.95,NA,3.05225041431712,0.00388735852327593,1.01696932837509,"t",9,75,"yes","yes","",TRUE,FALSE,NA,FALSE,FALSE,"morris_baseline"
68,"quantile",0.98,"score_quantile",0.98,NA,1.44919820275987,0.00977012865203863,1.00394128068268,"t",9,75,"yes","yes","",TRUE,FALSE,NA,FALSE,FALSE,"morris_baseline"
68,"quantile",0.99,"score_quantile",0.99,NA,0.811413909828189,0.0113691249522365,0.989361754383355,"t",9,75,"yes","yes","",TRUE,FALSE,NA,FALSE,FALSE,"morris_baseline"
68,"quantile",0.995,"score_quantile",0.995,NA,0.449948623345277,0.0120580979249739,0.959711668163306,"t",9,75,"yes","yes","",TRUE,FALSE,NA,FALSE,FALSE,"morris_baseline"
69,"brier",0,"threshold_quantile",0,2,0.00012944947253455,6.86531934647826e-05,0.905316194715815,"skew-t",10,0,"yes","yes","",TRUE,FALSE,NA,FALSE,FALSE,"morris_baseline"
69,"brier",0.1,"threshold_quantile",0.1,28.875,0.0373166600268273,0.00105458850530576,0.964895116482312,"skew-t",10,0,"yes","yes","",TRUE,FALSE,NA,FALSE,FALSE,"morris_baseline"
69,"brier",0.2,"threshold_quantile",0.2,36,0.0609199234357638,0.00147124813379521,0.963060713268185,"skew-t",10,0,"yes","yes","",TRUE,FALSE,NA,FALSE,FALSE,"morris_baseline"
69,"brier",0.3,"threshold_quantile",0.3,41.625,0.0763801353102114,0.00144344717540997,0.96743132359289,"skew-t",10,0,"yes","yes","",TRUE,FALSE,NA,FALSE,FALSE,"morris_baseline"
69,"brier",0.4,"threshold_quantile",0.4,46.5,0.0869417207214041,0.000865401902585258,0.973778892849692,"skew-t",10,0,"yes","yes","",TRUE,FALSE,NA,FALSE,FALSE,"morris_baseline"
69,"brier",0.5,"threshold_quantile",0.5,50.875,0.0928520464293025,0.00116751479767089,0.98170445353918,"skew-t",10,0,"yes","yes","",TRUE,FALSE,NA,FALSE,FALSE,"morris_baseline"
69,"brier",0.6,"threshold_quantile",0.6,55.429,0.0935456019268293,0.000296887222124599,0.989037425729998,"skew-t",10,0,"yes","yes","",TRUE,FALSE,NA,FALSE,FALSE,"morris_baseline"
69,"brier",0.7,"threshold_quantile",0.7,60.125,0.0854110098143668,0.000808755823709428,0.987435421332842,"skew-t",10,0,"yes","yes","",TRUE,FALSE,NA,FALSE,FALSE,"morris_baseline"
69,"brier",0.8,"threshold_quantile",0.8,65.5,0.0711048975145376,0.00133156068699732,0.993855992722483,"skew-t",10,0,"yes","yes","",TRUE,FALSE,NA,FALSE,FALSE,"morris_baseline"
69,"brier",0.9,"threshold_quantile",0.9,73.25,0.0448298073592973,0.00103935030503372,0.995225333861176,"skew-t",10,0,"yes","yes","",TRUE,FALSE,NA,FALSE,FALSE,"morris_baseline"
69,"brier",0.95,"threshold_quantile",0.95,79.75,0.0269180653082227,0.00183812196905458,0.995854024670964,"skew-t",10,0,"yes","yes","",TRUE,FALSE,NA,FALSE,FALSE,"morris_baseline"
69,"brier",0.98,"threshold_quantile",0.98,88.5,0.0127757636038589,0.000603799839584521,0.989438442130483,"skew-t",10,0,"yes","yes","",TRUE,FALSE,NA,FALSE,FALSE,"morris_baseline"
69,"brier",0.99,"threshold_quantile",0.99,94.75,0.00700776133474059,0.000450068194788937,0.964787181493438,"skew-t",10,0,"yes","yes","",TRUE,FALSE,NA,FALSE,FALSE,"morris_baseline"
69,"brier",0.995,"threshold_quantile",0.995,100.52,0.0039067246122429,1.11760717744502e-05,0.969365188419647,"skew-t",10,0,"yes","yes","",TRUE,FALSE,NA,FALSE,FALSE,"morris_baseline"
69,"quantile",0,"score_quantile",0,NA,0,0,NA,"skew-t",10,0,"yes","yes","",TRUE,FALSE,NA,FALSE,FALSE,"morris_baseline"
69,"quantile",0.1,"score_quantile",0.1,NA,4.36849662031212,0.00967885993096118,0.993178445413211,"skew-t",10,0,"yes","yes","",TRUE,FALSE,NA,FALSE,FALSE,"morris_baseline"
69,"quantile",0.2,"score_quantile",0.2,NA,7.22753218082708,0.0192862411674111,0.996534263085286,"skew-t",10,0,"yes","yes","",TRUE,FALSE,NA,FALSE,FALSE,"morris_baseline"
69,"quantile",0.3,"score_quantile",0.3,NA,9.1908853093621,0.0119687168236027,0.998166190368525,"skew-t",10,0,"yes","yes","",TRUE,FALSE,NA,FALSE,FALSE,"morris_baseline"
69,"quantile",0.4,"score_quantile",0.4,NA,10.4048037904715,0.0184813962749448,0.998857594349606,"skew-t",10,0,"yes","yes","",TRUE,FALSE,NA,FALSE,FALSE,"morris_baseline"
69,"quantile",0.5,"score_quantile",0.5,NA,10.903048411585,0.0330086982663946,0.998936789527223,"skew-t",10,0,"yes","yes","",TRUE,FALSE,NA,FALSE,FALSE,"morris_baseline"
69,"quantile",0.6,"score_quantile",0.6,NA,10.6995714057049,0.0398070429971282,0.999341113040413,"skew-t",10,0,"yes","yes","",TRUE,FALSE,NA,FALSE,FALSE,"morris_baseline"
69,"quantile",0.7,"score_quantile",0.7,NA,9.74670120792347,0.0244863923798491,0.999508503206996,"skew-t",10,0,"yes","yes","",TRUE,FALSE,NA,FALSE,FALSE,"morris_baseline"
69,"quantile",0.8,"score_quantile",0.8,NA,7.94187044204335,0.00117124827763293,1.00000894885215,"skew-t",10,0,"yes","yes","",TRUE,FALSE,NA,FALSE,FALSE,"morris_baseline"
69,"quantile",0.9,"score_quantile",0.9,NA,5.04162761402145,0.00721067850610479,1.00006309885232,"skew-t",10,0,"yes","yes","",TRUE,FALSE,NA,FALSE,FALSE,"morris_baseline"
69,"quantile",0.95,"score_quantile",0.95,NA,2.99701566639162,0.00198952773352779,0.998565843445646,"skew-t",10,0,"yes","yes","",TRUE,FALSE,NA,FALSE,FALSE,"morris_baseline"
69,"quantile",0.98,"score_quantile",0.98,NA,1.4311168335672,0.0148608563556609,0.991415297066906,"skew-t",10,0,"yes","yes","",TRUE,FALSE,NA,FALSE,FALSE,"morris_baseline"
69,"quantile",0.99,"score_quantile",0.99,NA,0.804786428274369,0.0176407415748716,0.981280827130556,"skew-t",10,0,"yes","yes","",TRUE,FALSE,NA,FALSE,FALSE,"morris_baseline"
69,"quantile",0.995,"score_quantile",0.995,NA,0.450631006272727,0.0159516506683801,0.961167147352818,"skew-t",10,0,"yes","yes","",TRUE,FALSE,NA,FALSE,FALSE,"morris_baseline"
70,"brier",0,"threshold_quantile",0,2,0.000772443874931446,0.000468348863253101,5.40215371907236,"skew-t",10,50,"yes","yes","",TRUE,FALSE,NA,FALSE,FALSE,"morris_baseline"
70,"brier",0.1,"threshold_quantile",0.1,28.875,0.0632804899149199,0.00113606118285452,1.6362406400685,"skew-t",10,50,"yes","yes","",TRUE,FALSE,NA,FALSE,FALSE,"morris_baseline"
70,"brier",0.2,"threshold_quantile",0.2,36,0.0847391862094127,0.00173413413734064,1.33961069728943,"skew-t",10,50,"yes","yes","",TRUE,FALSE,NA,FALSE,FALSE,"morris_baseline"
70,"brier",0.3,"threshold_quantile",0.3,41.625,0.0923255961709947,0.00211071096578949,1.16939664144935,"skew-t",10,50,"yes","yes","",TRUE,FALSE,NA,FALSE,FALSE,"morris_baseline"
70,"brier",0.4,"threshold_quantile",0.4,46.5,0.0948606696630714,0.00140232124798968,1.06247400112412,"skew-t",10,50,"yes","yes","",TRUE,FALSE,NA,FALSE,FALSE,"morris_baseline"
70,"brier",0.5,"threshold_quantile",0.5,50.875,0.0954892000432578,0.000847973606821373,1.00958650403828,"skew-t",10,50,"yes","yes","",TRUE,FALSE,NA,FALSE,FALSE,"morris_baseline"
70,"brier",0.6,"threshold_quantile",0.6,55.429,0.0944312295842504,0.000211815360694534,0.998400975489784,"skew-t",10,50,"yes","yes","",TRUE,FALSE,NA,FALSE,FALSE,"morris_baseline"
70,"brier",0.7,"threshold_quantile",0.7,60.125,0.0858910514422449,0.000395364194997694,0.992985175493476,"skew-t",10,50,"yes","yes","",TRUE,FALSE,NA,FALSE,FALSE,"morris_baseline"
70,"brier",0.8,"threshold_quantile",0.8,65.5,0.0710594828450694,0.00128745766544113,0.993221217299324,"skew-t",10,50,"yes","yes","",TRUE,FALSE,NA,FALSE,FALSE,"morris_baseline"
70,"brier",0.9,"threshold_quantile",0.9,73.25,0.045099100526881,0.00101183747111703,1.00120366386976,"skew-t",10,50,"yes","yes","",TRUE,FALSE,NA,FALSE,FALSE,"morris_baseline"
70,"brier",0.95,"threshold_quantile",0.95,79.75,0.0268880786239478,0.00187150170971922,0.994744644785011,"skew-t",10,50,"yes","yes","",TRUE,FALSE,NA,FALSE,FALSE,"morris_baseline"
70,"brier",0.98,"threshold_quantile",0.98,88.5,0.0126072806093628,0.000672872840753983,0.976390020386881,"skew-t",10,50,"yes","yes","",TRUE,FALSE,NA,FALSE,FALSE,"morris_baseline"
70,"brier",0.99,"threshold_quantile",0.99,94.75,0.00695680821958618,0.000592811863830572,0.957772257609767,"skew-t",10,50,"yes","yes","",TRUE,FALSE,NA,FALSE,FALSE,"morris_baseline"
70,"brier",0.995,"threshold_quantile",0.995,100.52,0.00392721837692406,7.36500581777074e-05,0.974450251748484,"skew-t",10,50,"yes","yes","",TRUE,FALSE,NA,FALSE,FALSE,"morris_baseline"
70,"quantile",0,"score_quantile",0,NA,0,0,NA,"skew-t",10,50,"yes","yes","",TRUE,FALSE,NA,FALSE,FALSE,"morris_baseline"
70,"quantile",0.1,"score_quantile",0.1,NA,4.47346694724304,0.00604147059434146,1.01704346699318,"skew-t",10,50,"yes","yes","",TRUE,FALSE,NA,FALSE,FALSE,"morris_baseline"
70,"quantile",0.2,"score_quantile",0.2,NA,7.35437671427994,0.0390318109134373,1.01402362466934,"skew-t",10,50,"yes","yes","",TRUE,FALSE,NA,FALSE,FALSE,"morris_baseline"
70,"quantile",0.3,"score_quantile",0.3,NA,9.33774001256378,0.0483934070527692,1.01411518708631,"skew-t",10,50,"yes","yes","",TRUE,FALSE,NA,FALSE,FALSE,"morris_baseline"
70,"quantile",0.4,"score_quantile",0.4,NA,10.5374964758141,0.0631699968279689,1.01159604662013,"skew-t",10,50,"yes","yes","",TRUE,FALSE,NA,FALSE,FALSE,"morris_baseline"
70,"quantile",0.5,"score_quantile",0.5,NA,11.0064638910683,0.0777888058628733,1.00841171095862,"skew-t",10,50,"yes","yes","",TRUE,FALSE,NA,FALSE,FALSE,"morris_baseline"
70,"quantile",0.6,"score_quantile",0.6,NA,10.7668627642726,0.0759920695894927,1.00562613312386,"skew-t",10,50,"yes","yes","",TRUE,FALSE,NA,FALSE,FALSE,"morris_baseline"
70,"quantile",0.7,"score_quantile",0.7,NA,9.78336933651142,0.0474984503635811,1.0032687607073,"skew-t",10,50,"yes","yes","",TRUE,FALSE,NA,FALSE,FALSE,"morris_baseline"
70,"quantile",0.8,"score_quantile",0.8,NA,7.95653874491367,0.0135499763018054,1.00185592359719,"skew-t",10,50,"yes","yes","",TRUE,FALSE,NA,FALSE,FALSE,"morris_baseline"
70,"quantile",0.9,"score_quantile",0.9,NA,5.04293796195213,0.000347664202922537,1.00032302098708,"skew-t",10,50,"yes","yes","",TRUE,FALSE,NA,FALSE,FALSE,"morris_baseline"
70,"quantile",0.95,"score_quantile",0.95,NA,2.99711478190293,0.00202111026565821,0.998598867418546,"skew-t",10,50,"yes","yes","",TRUE,FALSE,NA,FALSE,FALSE,"morris_baseline"
70,"quantile",0.98,"score_quantile",0.98,NA,1.43146442025265,0.0143719706293518,0.991656089956016,"skew-t",10,50,"yes","yes","",TRUE,FALSE,NA,FALSE,FALSE,"morris_baseline"
70,"quantile",0.99,"score_quantile",0.99,NA,0.802893776947203,0.01648840088963,0.978973106231519,"skew-t",10,50,"yes","yes","",TRUE,FALSE,NA,FALSE,FALSE,"morris_baseline"
70,"quantile",0.995,"score_quantile",0.995,NA,0.445735910798993,0.0148048032505289,0.950726221435571,"skew-t",10,50,"yes","yes","",TRUE,FALSE,NA,FALSE,FALSE,"morris_baseline"
71,"brier",0,"threshold_quantile",0,2,0.000607031263192425,0.000282443592188087,4.24532616863482,"t",10,75,"yes","yes","",TRUE,FALSE,NA,FALSE,FALSE,"morris_baseline"
71,"brier",0.1,"threshold_quantile",0.1,28.875,0.0745059724530344,0.00399306155213352,1.92649741206785,"t",10,75,"yes","yes","",TRUE,FALSE,NA,FALSE,FALSE,"morris_baseline"
71,"brier",0.2,"threshold_quantile",0.2,36,0.117098744737288,0.00512957734990053,1.85117108278072,"t",10,75,"yes","yes","",TRUE,FALSE,NA,FALSE,FALSE,"morris_baseline"
71,"brier",0.3,"threshold_quantile",0.3,41.625,0.143395407385581,0.00562276631451031,1.8162472245009,"t",10,75,"yes","yes","",TRUE,FALSE,NA,FALSE,FALSE,"morris_baseline"
71,"brier",0.4,"threshold_quantile",0.4,46.5,0.157642308335055,0.00492443374379756,1.76565118798009,"t",10,75,"yes","yes","",TRUE,FALSE,NA,FALSE,FALSE,"morris_baseline"
71,"brier",0.5,"threshold_quantile",0.5,50.875,0.157161947164043,0.00430151893581503,1.66163902025901,"t",10,75,"yes","yes","",TRUE,FALSE,NA,FALSE,FALSE,"morris_baseline"
71,"brier",0.6,"threshold_quantile",0.6,55.429,0.145661734110202,0.00145290742351503,1.54005002441919,"t",10,75,"yes","yes","",TRUE,FALSE,NA,FALSE,FALSE,"morris_baseline"
71,"brier",0.7,"threshold_quantile",0.7,60.125,0.121418104382876,0.000605881857017057,1.40371290913567,"t",10,75,"yes","yes","",TRUE,FALSE,NA,FALSE,FALSE,"morris_baseline"
71,"brier",0.8,"threshold_quantile",0.8,65.5,0.0880190885709303,0.00189781041805871,1.23027107425765,"t",10,75,"yes","yes","",TRUE,FALSE,NA,FALSE,FALSE,"morris_baseline"
71,"brier",0.9,"threshold_quantile",0.9,73.25,0.0489155286315573,0.000273598655730001,1.0859286751595,"t",10,75,"yes","yes","",TRUE,FALSE,NA,FALSE,FALSE,"morris_baseline"
71,"brier",0.95,"threshold_quantile",0.95,79.75,0.0272926066814038,0.00110702371899657,1.00971046381759,"t",10,75,"yes","yes","",TRUE,FALSE,NA,FALSE,FALSE,"morris_baseline"
71,"brier",0.98,"threshold_quantile",0.98,88.5,0.0127381659719071,0.000565315132530631,0.986526636344179,"t",10,75,"yes","yes","",TRUE,FALSE,NA,FALSE,FALSE,"morris_baseline"
71,"brier",0.99,"threshold_quantile",0.99,94.75,0.00694902211752763,0.000622680988912143,0.956700313075548,"t",10,75,"yes","yes","",TRUE,FALSE,NA,FALSE,FALSE,"morris_baseline"
71,"brier",0.995,"threshold_quantile",0.995,100.52,0.00387160670446265,0.000120169615190334,0.960651475355352,"t",10,75,"yes","yes","",TRUE,FALSE,NA,FALSE,FALSE,"morris_baseline"
71,"quantile",0,"score_quantile",0,NA,0,0,NA,"t",10,75,"yes","yes","",TRUE,FALSE,NA,FALSE,FALSE,"morris_baseline"
71,"quantile",0.1,"score_quantile",0.1,NA,5.13374811525738,0.151044155628857,1.16715850220574,"t",10,75,"yes","yes","",TRUE,FALSE,NA,FALSE,FALSE,"morris_baseline"
71,"quantile",0.2,"score_quantile",0.2,NA,8.17691742483571,0.123120435732704,1.12743577979274,"t",10,75,"yes","yes","",TRUE,FALSE,NA,FALSE,FALSE,"morris_baseline"
71,"quantile",0.3,"score_quantile",0.3,NA,10.1978712427331,0.111206147864995,1.10752881203499,"t",10,75,"yes","yes","",TRUE,FALSE,NA,FALSE,FALSE,"morris_baseline"
71,"quantile",0.4,"score_quantile",0.4,NA,11.3615524037795,0.105615456871702,1.09070513299914,"t",10,75,"yes","yes","",TRUE,FALSE,NA,FALSE,FALSE,"morris_baseline"
71,"quantile",0.5,"score_quantile",0.5,NA,11.7293039936589,0.0829289441415373,1.07463828761549,"t",10,75,"yes","yes","",TRUE,FALSE,NA,FALSE,FALSE,"morris_baseline"
71,"quantile",0.6,"score_quantile",0.6,NA,11.3297907525315,0.0489435519726342,1.05820366740231,"t",10,75,"yes","yes","",TRUE,FALSE,NA,FALSE,FALSE,"morris_baseline"
71,"quantile",0.7,"score_quantile",0.7,NA,10.1782271441641,0.00163478620408153,1.04376079261505,"t",10,75,"yes","yes","",TRUE,FALSE,NA,FALSE,FALSE,"morris_baseline"
71,"quantile",0.8,"score_quantile",0.8,NA,8.18757997429326,0.00155349427191265,1.03094772238936,"t",10,75,"yes","yes","",TRUE,FALSE,NA,FALSE,FALSE,"morris_baseline"
71,"quantile",0.9,"score_quantile",0.9,NA,5.1507144781565,0.00676357766934998,1.02170169569901,"t",10,75,"yes","yes","",TRUE,FALSE,NA,FALSE,FALSE,"morris_baseline"
71,"quantile",0.95,"score_quantile",0.95,NA,3.04482420699756,0.00190602308913501,1.01449501465734,"t",10,75,"yes","yes","",TRUE,FALSE,NA,FALSE,FALSE,"morris_baseline"
71,"quantile",0.98,"score_quantile",0.98,NA,1.4471644169856,0.00916192407423799,1.0025323626403,"t",10,75,"yes","yes","",TRUE,FALSE,NA,FALSE,FALSE,"morris_baseline"
71,"quantile",0.99,"score_quantile",0.99,NA,0.809226288343343,0.0108857673504255,0.986694374635537,"t",10,75,"yes","yes","",TRUE,FALSE,NA,FALSE,FALSE,"morris_baseline"
71,"quantile",0.995,"score_quantile",0.995,NA,0.44761768373851,0.0118734873562649,0.954739922896554,"t",10,75,"yes","yes","",TRUE,FALSE,NA,FALSE,FALSE,"morris_baseline"
72,"brier",0,"threshold_quantile",0,2,0.000134592761986793,6.81551392477749e-05,0.941286238811466,"skew-t",15,0,"yes","yes","",TRUE,FALSE,NA,FALSE,FALSE,"morris_baseline"
72,"brier",0.1,"threshold_quantile",0.1,28.875,0.0371662124952685,0.000748633442882743,0.961005001761875,"skew-t",15,0,"yes","yes","",TRUE,FALSE,NA,FALSE,FALSE,"morris_baseline"
72,"brier",0.2,"threshold_quantile",0.2,36,0.0609043690654721,0.00134434273914575,0.962814819936369,"skew-t",15,0,"yes","yes","",TRUE,FALSE,NA,FALSE,FALSE,"morris_baseline"
72,"brier",0.3,"threshold_quantile",0.3,41.625,0.0764807982391794,0.00143252369797154,0.968706320949372,"skew-t",15,0,"yes","yes","",TRUE,FALSE,NA,FALSE,FALSE,"morris_baseline"
72,"brier",0.4,"threshold_quantile",0.4,46.5,0.0869045012298157,0.000736582541127025,0.973362021007145,"skew-t",15,0,"yes","yes","",TRUE,FALSE,NA,FALSE,FALSE,"morris_baseline"
72,"brier",0.5,"threshold_quantile",0.5,50.875,0.0929754125598617,0.00126261241304821,0.983008776754911,"skew-t",15,0,"yes","yes","",TRUE,FALSE,NA,FALSE,FALSE,"morris_baseline"
72,"brier",0.6,"threshold_quantile",0.6,55.429,0.0936347715994589,0.000297958553079215,0.989980197401292,"skew-t",15,0,"yes","yes","",TRUE,FALSE,NA,FALSE,FALSE,"morris_baseline"
72,"brier",0.7,"threshold_quantile",0.7,60.125,0.0853426278954261,0.000615885356220189,0.986644858979259,"skew-t",15,0,"yes","yes","",TRUE,FALSE,NA,FALSE,FALSE,"morris_baseline"
72,"brier",0.8,"threshold_quantile",0.8,65.5,0.0711902412312613,0.00126373908905905,0.995048869265055,"skew-t",15,0,"yes","yes","",TRUE,FALSE,NA,FALSE,FALSE,"morris_baseline"
72,"brier",0.9,"threshold_quantile",0.9,73.25,0.045004806049379,0.00119988159493202,0.999110318874963,"skew-t",15,0,"yes","yes","",TRUE,FALSE,NA,FALSE,FALSE,"morris_baseline"
72,"brier",0.95,"threshold_quantile",0.95,79.75,0.0268951884762757,0.00192410260814203,0.995007679106926,"skew-t",15,0,"yes","yes","",TRUE,FALSE,NA,FALSE,FALSE,"morris_baseline"
72,"brier",0.98,"threshold_quantile",0.98,88.5,0.0127008714038495,0.000692189036590979,0.983638301802065,"skew-t",15,0,"yes","yes","",TRUE,FALSE,NA,FALSE,FALSE,"morris_baseline"
72,"brier",0.99,"threshold_quantile",0.99,94.75,0.00702111139276686,0.000495799501460701,0.966625138615648,"skew-t",15,0,"yes","yes","",TRUE,FALSE,NA,FALSE,FALSE,"morris_baseline"
72,"brier",0.995,"threshold_quantile",0.995,100.52,0.00391307813385654,3.37689498938799e-05,0.970941670840965,"skew-t",15,0,"yes","yes","",TRUE,FALSE,NA,FALSE,FALSE,"morris_baseline"
72,"quantile",0,"score_quantile",0,NA,0.000412783730848961,0.000412783730848961,Inf,"skew-t",15,0,"yes","yes","",TRUE,FALSE,NA,FALSE,FALSE,"morris_baseline"
72,"quantile",0.1,"score_quantile",0.1,NA,4.36626781130553,0.0105075854511529,0.992671725308634,"skew-t",15,0,"yes","yes","",TRUE,FALSE,NA,FALSE,FALSE,"morris_baseline"
72,"quantile",0.2,"score_quantile",0.2,NA,7.22409597410042,0.0201204954640177,0.996060477891047,"skew-t",15,0,"yes","yes","",TRUE,FALSE,NA,FALSE,FALSE,"morris_baseline"
72,"quantile",0.3,"score_quantile",0.3,NA,9.18817000160249,0.0120929499266724,0.997871297296655,"skew-t",15,0,"yes","yes","",TRUE,FALSE,NA,FALSE,FALSE,"morris_baseline"
72,"quantile",0.4,"score_quantile",0.4,NA,10.4028983111058,0.017121870932117,0.998674668984204,"skew-t",15,0,"yes","yes","",TRUE,FALSE,NA,FALSE,FALSE,"morris_baseline"
72,"quantile",0.5,"score_quantile",0.5,NA,10.9024615976896,0.0314230657605154,0.998883025665358,"skew-t",15,0,"yes","yes","",TRUE,FALSE,NA,FALSE,FALSE,"morris_baseline"
72,"quantile",0.6,"score_quantile",0.6,NA,10.699677127554,0.0374176408258498,0.999350987472421,"skew-t",15,0,"yes","yes","",TRUE,FALSE,NA,FALSE,FALSE,"morris_baseline"
72,"quantile",0.7,"score_quantile",0.7,NA,9.74743050469622,0.0216771958768884,0.999583291415866,"skew-t",15,0,"yes","yes","",TRUE,FALSE,NA,FALSE,FALSE,"morris_baseline"
72,"quantile",0.8,"score_quantile",0.8,NA,7.94481542288445,0.00346222011722697,1.00037976920446,"skew-t",15,0,"yes","yes","",TRUE,FALSE,NA,FALSE,FALSE,"morris_baseline"
72,"quantile",0.9,"score_quantile",0.9,NA,5.03980579437092,0.00799810349084762,0.999701720594194,"skew-t",15,0,"yes","yes","",TRUE,FALSE,NA,FALSE,FALSE,"morris_baseline"
72,"quantile",0.95,"score_quantile",0.95,NA,2.99432089751428,0.0021657333272278,0.997667982220871,"skew-t",15,0,"yes","yes","",TRUE,FALSE,NA,FALSE,FALSE,"morris_baseline"
72,"quantile",0.98,"score_quantile",0.98,NA,1.42858721294708,0.0163238850350697,0.989662886278537,"skew-t",15,0,"yes","yes","",TRUE,FALSE,NA,FALSE,FALSE,"morris_baseline"
72,"quantile",0.99,"score_quantile",0.99,NA,0.802493997572689,0.0192674260040038,0.978485652887984,"skew-t",15,0,"yes","yes","",TRUE,FALSE,NA,FALSE,FALSE,"morris_baseline"
72,"quantile",0.995,"score_quantile",0.995,NA,0.446862903290123,0.018297757765387,0.953130024420073,"skew-t",15,0,"yes","yes","",TRUE,FALSE,NA,FALSE,FALSE,"morris_baseline"
73,"brier",0,"threshold_quantile",0,2,0.00042286694829363,0.000149236130809479,2.95735694402387,"skew-t",15,50,"yes","yes","",TRUE,FALSE,NA,FALSE,FALSE,"morris_baseline"
73,"brier",0.1,"threshold_quantile",0.1,28.875,0.0653378586329528,0.00236217237472156,1.68943792587613,"skew-t",15,50,"yes","yes","",TRUE,FALSE,NA,FALSE,FALSE,"morris_baseline"
73,"brier",0.2,"threshold_quantile",0.2,36,0.0876087708636656,0.00172977389108914,1.38497490801144,"skew-t",15,50,"yes","yes","",TRUE,FALSE,NA,FALSE,FALSE,"morris_baseline"
73,"brier",0.3,"threshold_quantile",0.3,41.625,0.093778622132619,0.000128278792612319,1.18780067835711,"skew-t",15,50,"yes","yes","",TRUE,FALSE,NA,FALSE,FALSE,"morris_baseline"
73,"brier",0.4,"threshold_quantile",0.4,46.5,0.0955648476922096,0.000369224705889931,1.07036105116055,"skew-t",15,50,"yes","yes","",TRUE,FALSE,NA,FALSE,FALSE,"morris_baseline"
73,"brier",0.5,"threshold_quantile",0.5,50.875,0.0959066570681547,0.000539473367787639,1.0140001861946,"skew-t",15,50,"yes","yes","",TRUE,FALSE,NA,FALSE,FALSE,"morris_baseline"
73,"brier",0.6,"threshold_quantile",0.6,55.429,0.0947494328362984,0.000508797624162047,1.00176526968194,"skew-t",15,50,"yes","yes","",TRUE,FALSE,NA,FALSE,FALSE,"morris_baseline"
73,"brier",0.7,"threshold_quantile",0.7,60.125,0.0858498434453496,0.000285995921158716,0.992508770450787,"skew-t",15,50,"yes","yes","",TRUE,FALSE,NA,FALSE,FALSE,"morris_baseline"
73,"brier",0.8,"threshold_quantile",0.8,65.5,0.0712327166973813,0.00127822074339281,0.995642562498892,"skew-t",15,50,"yes","yes","",TRUE,FALSE,NA,FALSE,FALSE,"morris_baseline"
73,"brier",0.9,"threshold_quantile",0.9,73.25,0.0450885824077891,0.00102560564693225,1.00097016077881,"skew-t",15,50,"yes","yes","",TRUE,FALSE,NA,FALSE,FALSE,"morris_baseline"
73,"brier",0.95,"threshold_quantile",0.95,79.75,0.0268163771891734,0.00200185803605181,0.992091996402703,"skew-t",15,50,"yes","yes","",TRUE,FALSE,NA,FALSE,FALSE,"morris_baseline"
73,"brier",0.98,"threshold_quantile",0.98,88.5,0.0126419043142567,0.000687819716440622,0.979071505869337,"skew-t",15,50,"yes","yes","",TRUE,FALSE,NA,FALSE,FALSE,"morris_baseline"
73,"brier",0.99,"threshold_quantile",0.99,94.75,0.00703629251134981,0.000534169413908782,0.968715185338123,"skew-t",15,50,"yes","yes","",TRUE,FALSE,NA,FALSE,FALSE,"morris_baseline"
73,"brier",0.995,"threshold_quantile",0.995,100.52,0.00391563672527491,2.23617465302261e-05,0.971576527325241,"skew-t",15,50,"yes","yes","",TRUE,FALSE,NA,FALSE,FALSE,"morris_baseline"
73,"quantile",0,"score_quantile",0,NA,0,0,NA,"skew-t",15,50,"yes","yes","",TRUE,FALSE,NA,FALSE,FALSE,"morris_baseline"
73,"quantile",0.1,"score_quantile",0.1,NA,4.52592201579821,0.0574046367352325,1.02896913570022,"skew-t",15,50,"yes","yes","",TRUE,FALSE,NA,FALSE,FALSE,"morris_baseline"
73,"quantile",0.2,"score_quantile",0.2,NA,7.44256181758377,0.109737721680843,1.02618261265269,"skew-t",15,50,"yes","yes","",TRUE,FALSE,NA,FALSE,FALSE,"morris_baseline"
73,"quantile",0.3,"score_quantile",0.3,NA,9.41342221232859,0.106571919819743,1.0223345707991,"skew-t",15,50,"yes","yes","",TRUE,FALSE,NA,FALSE,FALSE,"morris_baseline"
73,"quantile",0.4,"score_quantile",0.4,NA,10.5900763316479,0.0978774806109337,1.01664369474181,"skew-t",15,50,"yes","yes","",TRUE,FALSE,NA,FALSE,FALSE,"morris_baseline"
73,"quantile",0.5,"score_quantile",0.5,NA,11.0397754159919,0.0947293602899855,1.01146371132634,"skew-t",15,50,"yes","yes","",TRUE,FALSE,NA,FALSE,FALSE,"morris_baseline"
73,"quantile",0.6,"score_quantile",0.6,NA,10.7874771609517,0.081773753581408,1.00755151997729,"skew-t",15,50,"yes","yes","",TRUE,FALSE,NA,FALSE,FALSE,"morris_baseline"
73,"quantile",0.7,"score_quantile",0.7,NA,9.79211944407985,0.0505826714884066,1.00416607013867,"skew-t",15,50,"yes","yes","",TRUE,FALSE,NA,FALSE,FALSE,"morris_baseline"
73,"quantile",0.8,"score_quantile",0.8,NA,7.95846053999008,0.0166257477393108,1.00209790844047,"skew-t",15,50,"yes","yes","",TRUE,FALSE,NA,FALSE,FALSE,"morris_baseline"
73,"quantile",0.9,"score_quantile",0.9,NA,5.04173074870933,0.00384901108533597,1.00008355676858,"skew-t",15,50,"yes","yes","",TRUE,FALSE,NA,FALSE,FALSE,"morris_baseline"
73,"quantile",0.95,"score_quantile",0.95,NA,2.99712703702454,0.00691079386606308,0.998602950662414,"skew-t",15,50,"yes","yes","",TRUE,FALSE,NA,FALSE,FALSE,"morris_baseline"
73,"quantile",0.98,"score_quantile",0.98,NA,1.43230486857001,0.0159276202212323,0.992238315878238,"skew-t",15,50,"yes","yes","",TRUE,FALSE,NA,FALSE,FALSE,"morris_baseline"
73,"quantile",0.99,"score_quantile",0.99,NA,0.802979699668178,0.0161689233904142,0.979077872310748,"skew-t",15,50,"yes","yes","",TRUE,FALSE,NA,FALSE,FALSE,"morris_baseline"
73,"quantile",0.995,"score_quantile",0.995,NA,0.445622825326175,0.0143673964502112,0.950485017346632,"skew-t",15,50,"yes","yes","",TRUE,FALSE,NA,FALSE,FALSE,"morris_baseline"
74,"brier",0,"threshold_quantile",0,2,0.00044347332049604,0.000104732455279736,3.10146940816855,"t",15,75,"yes","yes","",TRUE,FALSE,NA,FALSE,FALSE,"morris_baseline"
74,"brier",0.1,"threshold_quantile",0.1,28.875,0.0743023995211103,0.000473747352274761,1.92123363637838,"t",15,75,"yes","yes","",TRUE,FALSE,NA,FALSE,FALSE,"morris_baseline"
74,"brier",0.2,"threshold_quantile",0.2,36,0.116355562716227,0.000664854588098979,1.83942239094191,"t",15,75,"yes","yes","",TRUE,FALSE,NA,FALSE,FALSE,"morris_baseline"
74,"brier",0.3,"threshold_quantile",0.3,41.625,0.142358407593275,0.00030582170071547,1.80311257793917,"t",15,75,"yes","yes","",TRUE,FALSE,NA,FALSE,FALSE,"morris_baseline"
74,"brier",0.4,"threshold_quantile",0.4,46.5,0.156582221457175,0.0011266989265422,1.75377782939342,"t",15,75,"yes","yes","",TRUE,FALSE,NA,FALSE,FALSE,"morris_baseline"
74,"brier",0.5,"threshold_quantile",0.5,50.875,0.156228102320589,0.00102302214721223,1.65176568222298,"t",15,75,"yes","yes","",TRUE,FALSE,NA,FALSE,FALSE,"morris_baseline"
74,"brier",0.6,"threshold_quantile",0.6,55.429,0.145697397317445,0.00241858432419666,1.54042708379941,"t",15,75,"yes","yes","",TRUE,FALSE,NA,FALSE,FALSE,"morris_baseline"
74,"brier",0.7,"threshold_quantile",0.7,60.125,0.121949293827888,0.00141995354281638,1.40985398245377,"t",15,75,"yes","yes","",TRUE,FALSE,NA,FALSE,FALSE,"morris_baseline"
74,"brier",0.8,"threshold_quantile",0.8,65.5,0.0884456359659772,0.00259697377376251,1.23623306421285,"t",15,75,"yes","yes","",TRUE,FALSE,NA,FALSE,FALSE,"morris_baseline"
74,"brier",0.9,"threshold_quantile",0.9,73.25,0.0489914266720697,0.000208294399001403,1.08761361777153,"t",15,75,"yes","yes","",TRUE,FALSE,NA,FALSE,FALSE,"morris_baseline"
74,"brier",0.95,"threshold_quantile",0.95,79.75,0.0274208555712527,0.00098097738837362,1.01445512773207,"t",15,75,"yes","yes","",TRUE,FALSE,NA,FALSE,FALSE,"morris_baseline"
74,"brier",0.98,"threshold_quantile",0.98,88.5,0.0127265088807938,0.000621145093180201,0.985623835194391,"t",15,75,"yes","yes","",TRUE,FALSE,NA,FALSE,FALSE,"morris_baseline"
74,"brier",0.99,"threshold_quantile",0.99,94.75,0.00693165136471931,0.000730918088066811,0.954308810448414,"t",15,75,"yes","yes","",TRUE,FALSE,NA,FALSE,FALSE,"morris_baseline"
74,"brier",0.995,"threshold_quantile",0.995,100.52,0.00389691710981799,0.000156542109401224,0.96693167892521,"t",15,75,"yes","yes","",TRUE,FALSE,NA,FALSE,FALSE,"morris_baseline"
74,"quantile",0,"score_quantile",0,NA,0,0,NA,"t",15,75,"yes","yes","",TRUE,FALSE,NA,FALSE,FALSE,"morris_baseline"
74,"quantile",0.1,"score_quantile",0.1,NA,5.07667086896956,0.178604113160799,1.15418198060949,"t",15,75,"yes","yes","",TRUE,FALSE,NA,FALSE,FALSE,"morris_baseline"
74,"quantile",0.2,"score_quantile",0.2,NA,8.09366882565793,0.208445456202277,1.11595743845037,"t",15,75,"yes","yes","",TRUE,FALSE,NA,FALSE,FALSE,"morris_baseline"
74,"quantile",0.3,"score_quantile",0.3,NA,10.1281942455648,0.172955429951663,1.099961616876,"t",15,75,"yes","yes","",TRUE,FALSE,NA,FALSE,FALSE,"morris_baseline"
74,"quantile",0.4,"score_quantile",0.4,NA,11.3097064889401,0.140421850257585,1.08572794296113,"t",15,75,"yes","yes","",TRUE,FALSE,NA,FALSE,FALSE,"morris_baseline"
74,"quantile",0.5,"score_quantile",0.5,NA,11.6909435253591,0.107145196662358,1.07112370328993,"t",15,75,"yes","yes","",TRUE,FALSE,NA,FALSE,FALSE,"morris_baseline"
74,"quantile",0.6,"score_quantile",0.6,NA,11.3119485583671,0.0775416469732013,1.05653720456009,"t",15,75,"yes","yes","",TRUE,FALSE,NA,FALSE,FALSE,"morris_baseline"
74,"quantile",0.7,"score_quantile",0.7,NA,10.1732442540169,0.0609654121196517,1.0432498052598,"t",15,75,"yes","yes","",TRUE,FALSE,NA,FALSE,FALSE,"morris_baseline"
74,"quantile",0.8,"score_quantile",0.8,NA,8.19849962062298,0.00697467185465506,1.03232268111321,"t",15,75,"yes","yes","",TRUE,FALSE,NA,FALSE,FALSE,"morris_baseline"
74,"quantile",0.9,"score_quantile",0.9,NA,5.15420940875561,0.0219442017807792,1.02239495418472,"t",15,75,"yes","yes","",TRUE,FALSE,NA,FALSE,FALSE,"morris_baseline"
74,"quantile",0.95,"score_quantile",0.95,NA,3.04880922786583,0.00958166558463613,1.01582277072118,"t",15,75,"yes","yes","",TRUE,FALSE,NA,FALSE,FALSE,"morris_baseline"
74,"quantile",0.98,"score_quantile",0.98,NA,1.45085133408793,0.0097581922379315,1.00508649793418,"t",15,75,"yes","yes","",TRUE,FALSE,NA,FALSE,FALSE,"morris_baseline"
74,"quantile",0.99,"score_quantile",0.99,NA,0.812955934275666,0.012963708464953,0.991241953864999,"t",15,75,"yes","yes","",TRUE,FALSE,NA,FALSE,FALSE,"morris_baseline"
74,"quantile",0.995,"score_quantile",0.995,NA,0.450808230540564,0.0133215195713761,0.961545155393959,"t",15,75,"yes","yes","",TRUE,FALSE,NA,FALSE,FALSE,"morris_baseline"
101,"brier",0,"threshold_quantile",0,2,0.000135726723646627,8.05762960397256e-05,0.949216698741003,"skew-t",1,0,"yes","yes","yes",FALSE,TRUE,NA,TRUE,FALSE,"ar2"
101,"brier",0.1,"threshold_quantile",0.1,28.875,0.0386308996915495,0.00100124646498962,0.998877349443842,"skew-t",1,0,"yes","yes","yes",FALSE,TRUE,NA,TRUE,FALSE,"ar2"
101,"brier",0.2,"threshold_quantile",0.2,36,0.0630316618221585,0.0017551061698395,0.996444410455222,"skew-t",1,0,"yes","yes","yes",FALSE,TRUE,NA,TRUE,FALSE,"ar2"
101,"brier",0.3,"threshold_quantile",0.3,41.625,0.0787642590327399,0.00153545552589974,0.997628651198129,"skew-t",1,0,"yes","yes","yes",FALSE,TRUE,NA,TRUE,FALSE,"ar2"
101,"brier",0.4,"threshold_quantile",0.4,46.5,0.0890965455661263,0.00049830627350031,0.997913714822015,"skew-t",1,0,"yes","yes","yes",FALSE,TRUE,NA,TRUE,FALSE,"ar2"
101,"brier",0.5,"threshold_quantile",0.5,50.875,0.0944417437347851,0.000674840131181444,0.998511976739648,"skew-t",1,0,"yes","yes","yes",FALSE,TRUE,NA,TRUE,FALSE,"ar2"
101,"brier",0.6,"threshold_quantile",0.6,55.429,0.0943933059026268,0.000197772722665149,0.998000016602625,"skew-t",1,0,"yes","yes","yes",FALSE,TRUE,NA,TRUE,FALSE,"ar2"
101,"brier",0.7,"threshold_quantile",0.7,60.125,0.0862528492889076,2.35072835688896e-05,0.997167915048166,"skew-t",1,0,"yes","yes","yes",FALSE,TRUE,NA,TRUE,FALSE,"ar2"
101,"brier",0.8,"threshold_quantile",0.8,65.5,0.0711299989875209,0.0015819595209876,0.994206844073412,"skew-t",1,0,"yes","yes","yes",FALSE,TRUE,NA,TRUE,FALSE,"ar2"
101,"brier",0.9,"threshold_quantile",0.9,73.25,0.0447036491865784,0.0013114200092841,0.992424612266342,"skew-t",1,0,"yes","yes","yes",FALSE,TRUE,NA,TRUE,FALSE,"ar2"
101,"brier",0.95,"threshold_quantile",0.95,79.75,0.0269468581202258,0.00211941929051833,0.99691923635637,"skew-t",1,0,"yes","yes","yes",FALSE,TRUE,NA,TRUE,FALSE,"ar2"
101,"brier",0.98,"threshold_quantile",0.98,88.5,0.0128369048461227,0.000700432694751516,0.994173618623348,"skew-t",1,0,"yes","yes","yes",FALSE,TRUE,NA,TRUE,FALSE,"ar2"
101,"brier",0.99,"threshold_quantile",0.99,94.75,0.00716651242705571,0.000591515881252595,0.986643094044914,"skew-t",1,0,"yes","yes","yes",FALSE,TRUE,NA,TRUE,FALSE,"ar2"
101,"brier",0.995,"threshold_quantile",0.995,100.52,0.0039958410010811,5.33389922455587e-05,0.991477400984286,"skew-t",1,0,"yes","yes","yes",FALSE,TRUE,NA,TRUE,FALSE,"ar2"
101,"quantile",0,"score_quantile",0,NA,0,0,NA,"skew-t",1,0,"yes","yes","yes",FALSE,TRUE,NA,TRUE,FALSE,"ar2"
101,"quantile",0.1,"score_quantile",0.1,NA,4.39620813447685,0.00991396529008215,0.999478662845038,"skew-t",1,0,"yes","yes","yes",FALSE,TRUE,NA,TRUE,FALSE,"ar2"
101,"quantile",0.2,"score_quantile",0.2,NA,7.24867916121677,0.00129248496352918,0.999450014961842,"skew-t",1,0,"yes","yes","yes",FALSE,TRUE,NA,TRUE,FALSE,"ar2"
101,"quantile",0.3,"score_quantile",0.3,NA,9.20388510955291,0.00158885381620877,0.999578019653219,"skew-t",1,0,"yes","yes","yes",FALSE,TRUE,NA,TRUE,FALSE,"ar2"
101,"quantile",0.4,"score_quantile",0.4,NA,10.413843045879,0.0267206793983341,0.999725359767665,"skew-t",1,0,"yes","yes","yes",FALSE,TRUE,NA,TRUE,FALSE,"ar2"
101,"quantile",0.5,"score_quantile",0.5,NA,10.911470379078,0.0557758939189084,0.999708409798121,"skew-t",1,0,"yes","yes","yes",FALSE,TRUE,NA,TRUE,FALSE,"ar2"
101,"quantile",0.6,"score_quantile",0.6,NA,10.70612665249,0.0653447984578799,0.999953373790876,"skew-t",1,0,"yes","yes","yes",FALSE,TRUE,NA,TRUE,FALSE,"ar2"
101,"quantile",0.7,"score_quantile",0.7,NA,9.75170549529835,0.0452524893009949,1.00002168481347,"skew-t",1,0,"yes","yes","yes",FALSE,TRUE,NA,TRUE,FALSE,"ar2"
101,"quantile",0.8,"score_quantile",0.8,NA,7.94037379332833,0.0177201581336037,0.999820496759006,"skew-t",1,0,"yes","yes","yes",FALSE,TRUE,NA,TRUE,FALSE,"ar2"
101,"quantile",0.9,"score_quantile",0.9,NA,5.03749631754036,0.0152377735541305,0.999243610092444,"skew-t",1,0,"yes","yes","yes",FALSE,TRUE,NA,TRUE,FALSE,"ar2"
101,"quantile",0.95,"score_quantile",0.95,NA,2.99580279223224,0.0180254436883203,0.998161729873089,"skew-t",1,0,"yes","yes","yes",FALSE,TRUE,NA,TRUE,FALSE,"ar2"
101,"quantile",0.98,"score_quantile",0.98,NA,1.43652492000418,0.0290030293345076,0.995161783374471,"skew-t",1,0,"yes","yes","yes",FALSE,TRUE,NA,TRUE,FALSE,"ar2"
101,"quantile",0.99,"score_quantile",0.99,NA,0.81314686506111,0.0332168595023349,0.991474756895074,"skew-t",1,0,"yes","yes","yes",FALSE,TRUE,NA,TRUE,FALSE,"ar2"
101,"quantile",0.995,"score_quantile",0.995,NA,0.461398553619272,0.0324473742737417,0.984133637947125,"skew-t",1,0,"yes","yes","yes",FALSE,TRUE,NA,TRUE,FALSE,"ar2"
102,"brier",0,"threshold_quantile",0,2,0.000951362185636499,0.000302126389840703,6.65343455506997,"skew-t",1,50,"yes","yes","yes",FALSE,TRUE,NA,TRUE,FALSE,"ar2"
102,"brier",0.1,"threshold_quantile",0.1,28.875,0.0657327293688537,0.00343106756037858,1.69964807985129,"skew-t",1,50,"yes","yes","yes",FALSE,TRUE,NA,TRUE,FALSE,"ar2"
102,"brier",0.2,"threshold_quantile",0.2,36,0.0873624928791407,0.00478161486779603,1.38108158973291,"skew-t",1,50,"yes","yes","yes",FALSE,TRUE,NA,TRUE,FALSE,"ar2"
102,"brier",0.3,"threshold_quantile",0.3,41.625,0.0949448403782114,0.00505664095545533,1.20257200674439,"skew-t",1,50,"yes","yes","yes",FALSE,TRUE,NA,TRUE,FALSE,"ar2"
102,"brier",0.4,"threshold_quantile",0.4,46.5,0.0969231655979072,0.00272259268833099,1.08557470572562,"skew-t",1,50,"yes","yes","yes",FALSE,TRUE,NA,TRUE,FALSE,"ar2"
102,"brier",0.5,"threshold_quantile",0.5,50.875,0.0966340236553483,0.00200609183018978,1.02169047462079,"skew-t",1,50,"yes","yes","yes",FALSE,TRUE,NA,TRUE,FALSE,"ar2"
102,"brier",0.6,"threshold_quantile",0.6,55.429,0.0950586834127363,5.70383117425716e-06,1.00503490917034,"skew-t",1,50,"yes","yes","yes",FALSE,TRUE,NA,TRUE,FALSE,"ar2"
102,"brier",0.7,"threshold_quantile",0.7,60.125,0.0865736950097497,0.000195083461534802,1.00087720768188,"skew-t",1,50,"yes","yes","yes",FALSE,TRUE,NA,TRUE,FALSE,"ar2"
102,"brier",0.8,"threshold_quantile",0.8,65.5,0.0715681121671296,0.00145660984488239,1.00033049271457,"skew-t",1,50,"yes","yes","yes",FALSE,TRUE,NA,TRUE,FALSE,"ar2"
102,"brier",0.9,"threshold_quantile",0.9,73.25,0.044965436886365,0.00124325327379517,0.998236320285355,"skew-t",1,50,"yes","yes","yes",FALSE,TRUE,NA,TRUE,FALSE,"ar2"
102,"brier",0.95,"threshold_quantile",0.95,79.75,0.027002103526317,0.00207499985706637,0.998963081609385,"skew-t",1,50,"yes","yes","yes",FALSE,TRUE,NA,TRUE,FALSE,"ar2"
102,"brier",0.98,"threshold_quantile",0.98,88.5,0.0127192615832324,0.000738314869887392,0.985062557212806,"skew-t",1,50,"yes","yes","yes",FALSE,TRUE,NA,TRUE,FALSE,"ar2"
102,"brier",0.99,"threshold_quantile",0.99,94.75,0.00703179709161399,0.000654186929073359,0.968096282506052,"skew-t",1,50,"yes","yes","yes",FALSE,TRUE,NA,TRUE,FALSE,"ar2"
102,"brier",0.995,"threshold_quantile",0.995,100.52,0.00391868120399594,8.10886491905761e-05,0.972331945733747,"skew-t",1,50,"yes","yes","yes",FALSE,TRUE,NA,TRUE,FALSE,"ar2"
102,"quantile",0,"score_quantile",0,NA,1.66286457185278e-05,1.66286457185278e-05,Inf,"skew-t",1,50,"yes","yes","yes",FALSE,TRUE,NA,TRUE,FALSE,"ar2"
102,"quantile",0.1,"score_quantile",0.1,NA,4.82384768607922,0.159001691287136,1.09670258722278,"skew-t",1,50,"yes","yes","yes",FALSE,TRUE,NA,TRUE,FALSE,"ar2"
102,"quantile",0.2,"score_quantile",0.2,NA,7.52625126219779,0.132262135025227,1.03772173789349,"skew-t",1,50,"yes","yes","yes",FALSE,TRUE,NA,TRUE,FALSE,"ar2"
102,"quantile",0.3,"score_quantile",0.3,NA,9.3951572324674,0.093153837056879,1.02035092235268,"skew-t",1,50,"yes","yes","yes",FALSE,TRUE,NA,TRUE,FALSE,"ar2"
102,"quantile",0.4,"score_quantile",0.4,NA,10.5423300307776,0.0294070849429664,1.0120600662384,"skew-t",1,50,"yes","yes","yes",FALSE,TRUE,NA,TRUE,FALSE,"ar2"
102,"quantile",0.5,"score_quantile",0.5,NA,10.9949454155421,0.0270866314525451,1.00735638876541,"skew-t",1,50,"yes","yes","yes",FALSE,TRUE,NA,TRUE,FALSE,"ar2"
102,"quantile",0.6,"score_quantile",0.6,NA,10.7495404473937,0.0572889793784022,1.00400822687567,"skew-t",1,50,"yes","yes","yes",FALSE,TRUE,NA,TRUE,FALSE,"ar2"
102,"quantile",0.7,"score_quantile",0.7,NA,9.77477325371632,0.0514937138918015,1.00238724626824,"skew-t",1,50,"yes","yes","yes",FALSE,TRUE,NA,TRUE,FALSE,"ar2"
102,"quantile",0.8,"score_quantile",0.8,NA,7.95141071258801,0.0293128390857964,1.00121022202687,"skew-t",1,50,"yes","yes","yes",FALSE,TRUE,NA,TRUE,FALSE,"ar2"
102,"quantile",0.9,"score_quantile",0.9,NA,5.04671386396385,0.024793977331881,1.00107201328796,"skew-t",1,50,"yes","yes","yes",FALSE,TRUE,NA,TRUE,FALSE,"ar2"
102,"quantile",0.95,"score_quantile",0.95,NA,3.000028514741,0.0241977274841789,0.999569684528929,"skew-t",1,50,"yes","yes","yes",FALSE,TRUE,NA,TRUE,FALSE,"ar2"
102,"quantile",0.98,"score_quantile",0.98,NA,1.43556699043016,0.0324999130173625,0.994498171563807,"skew-t",1,50,"yes","yes","yes",FALSE,TRUE,NA,TRUE,FALSE,"ar2"
102,"quantile",0.99,"score_quantile",0.99,NA,0.807642655059069,0.0323729900291145,0.984763441254371,"skew-t",1,50,"yes","yes","yes",FALSE,TRUE,NA,TRUE,FALSE,"ar2"
102,"quantile",0.995,"score_quantile",0.995,NA,0.452901190229672,0.0293766975641688,0.966009304699937,"skew-t",1,50,"yes","yes","yes",FALSE,TRUE,NA,TRUE,FALSE,"ar2"
103,"brier",0,"threshold_quantile",0,2,0.00129910335531956,0.000247029184482056,9.08539280348594,"t",1,75,"yes","yes","yes",FALSE,TRUE,NA,TRUE,FALSE,"ar2"
103,"brier",0.1,"threshold_quantile",0.1,28.875,0.0829692652932828,0.000382531179168664,2.14533237546073,"t",1,75,"yes","yes","yes",FALSE,TRUE,NA,TRUE,FALSE,"ar2"
103,"brier",0.2,"threshold_quantile",0.2,36,0.126656163629905,0.000568299635911235,2.00226081068283,"t",1,75,"yes","yes","yes",FALSE,TRUE,NA,TRUE,FALSE,"ar2"
103,"brier",0.3,"threshold_quantile",0.3,41.625,0.153496359358371,0.000993398831176759,1.94418595224596,"t",1,75,"yes","yes","yes",FALSE,TRUE,NA,TRUE,FALSE,"ar2"
103,"brier",0.4,"threshold_quantile",0.4,46.5,0.166937692744634,0.000519364449226678,1.86976287410575,"t",1,75,"yes","yes","yes",FALSE,TRUE,NA,TRUE,FALSE,"ar2"
103,"brier",0.5,"threshold_quantile",0.5,50.875,0.164759835203109,0.000128416285045993,1.74196983484286,"t",1,75,"yes","yes","yes",FALSE,TRUE,NA,TRUE,FALSE,"ar2"
103,"brier",0.6,"threshold_quantile",0.6,55.429,0.151327552719521,0.000960855301833457,1.59995349969318,"t",1,75,"yes","yes","yes",FALSE,TRUE,NA,TRUE,FALSE,"ar2"
103,"brier",0.7,"threshold_quantile",0.7,60.125,0.124548508731962,0.000137500433663222,1.43990346752035,"t",1,75,"yes","yes","yes",FALSE,TRUE,NA,TRUE,FALSE,"ar2"
103,"brier",0.8,"threshold_quantile",0.8,65.5,0.0896548547055495,0.00187392362277881,1.25313470295849,"t",1,75,"yes","yes","yes",FALSE,TRUE,NA,TRUE,FALSE,"ar2"
103,"brier",0.9,"threshold_quantile",0.9,73.25,0.048998337917346,0.000219700838076136,1.08776704797327,"t",1,75,"yes","yes","yes",FALSE,TRUE,NA,TRUE,FALSE,"ar2"
103,"brier",0.95,"threshold_quantile",0.95,79.75,0.0274487711344227,0.00104016656994829,1.01548788493863,"t",1,75,"yes","yes","yes",FALSE,TRUE,NA,TRUE,FALSE,"ar2"
103,"brier",0.98,"threshold_quantile",0.98,88.5,0.0128279118825828,0.000629380416382875,0.993477144885183,"t",1,75,"yes","yes","yes",FALSE,TRUE,NA,TRUE,FALSE,"ar2"
103,"brier",0.99,"threshold_quantile",0.99,94.75,0.00699920576463811,0.000712233871664863,0.963609301144641,"t",1,75,"yes","yes","yes",FALSE,TRUE,NA,TRUE,FALSE,"ar2"
103,"brier",0.995,"threshold_quantile",0.995,100.52,0.00388607363805541,0.000148774306555869,0.96424111711409,"t",1,75,"yes","yes","yes",FALSE,TRUE,NA,TRUE,FALSE,"ar2"
103,"quantile",0,"score_quantile",0,NA,0,0,NA,"t",1,75,"yes","yes","yes",FALSE,TRUE,NA,TRUE,FALSE,"ar2"
103,"quantile",0.1,"score_quantile",0.1,NA,5.64459681295612,0.0528145176454826,1.28330004002054,"t",1,75,"yes","yes","yes",FALSE,TRUE,NA,TRUE,FALSE,"ar2"
103,"quantile",0.2,"score_quantile",0.2,NA,8.70347578798517,0.0666916146034442,1.20003780179197,"t",1,75,"yes","yes","yes",FALSE,TRUE,NA,TRUE,FALSE,"ar2"
103,"quantile",0.3,"score_quantile",0.3,NA,10.6652480226045,0.0752640867367971,1.15828776333598,"t",1,75,"yes","yes","yes",FALSE,TRUE,NA,TRUE,FALSE,"ar2"
103,"quantile",0.4,"score_quantile",0.4,NA,11.7740082644629,0.0731567156973432,1.13030075412512,"t",1,75,"yes","yes","yes",FALSE,TRUE,NA,TRUE,FALSE,"ar2"
103,"quantile",0.5,"score_quantile",0.5,NA,12.0599765856064,0.0677059448404131,1.10493449514528,"t",1,75,"yes","yes","yes",FALSE,TRUE,NA,TRUE,FALSE,"ar2"
103,"quantile",0.6,"score_quantile",0.6,NA,11.5704947628222,0.0462914728075878,1.0806854476939,"t",1,75,"yes","yes","yes",FALSE,TRUE,NA,TRUE,FALSE,"ar2"
103,"quantile",0.7,"score_quantile",0.7,NA,10.3211706583913,0.00443024809258308,1.05841941966235,"t",1,75,"yes","yes","yes",FALSE,TRUE,NA,TRUE,FALSE,"ar2"
103,"quantile",0.8,"score_quantile",0.8,NA,8.24925268222375,0.000518353040622088,1.03871330611179,"t",1,75,"yes","yes","yes",FALSE,TRUE,NA,TRUE,FALSE,"ar2"
103,"quantile",0.9,"score_quantile",0.9,NA,5.15871599973976,0.0114415211358248,1.02328888679735,"t",1,75,"yes","yes","yes",FALSE,TRUE,NA,TRUE,FALSE,"ar2"
103,"quantile",0.95,"score_quantile",0.95,NA,3.05009805137194,0.000322655954727358,1.01625218960806,"t",1,75,"yes","yes","yes",FALSE,TRUE,NA,TRUE,FALSE,"ar2"
103,"quantile",0.98,"score_quantile",0.98,NA,1.45454475810229,0.0134857783528017,1.00764514093278,"t",1,75,"yes","yes","yes",FALSE,TRUE,NA,TRUE,FALSE,"ar2"
103,"quantile",0.99,"score_quantile",0.99,NA,0.816058162917163,0.0155427898505505,0.995024519500212,"t",1,75,"yes","yes","yes",FALSE,TRUE,NA,TRUE,FALSE,"ar2"
103,"quantile",0.995,"score_quantile",0.995,NA,0.451977083277907,0.0148947192894724,0.964038243609348,"t",1,75,"yes","yes","yes",FALSE,TRUE,NA,TRUE,FALSE,"ar2"
104,"brier",0,"threshold_quantile",0,2,0.000118528300760125,7.44459701774793e-05,0.828938025851346,"skew-t",5,0,"yes","yes","yes",FALSE,TRUE,NA,TRUE,FALSE,"ar2"
104,"brier",0.1,"threshold_quantile",0.1,28.875,0.0372429467740571,0.00107100713775416,0.962989116385658,"skew-t",5,0,"yes","yes","yes",FALSE,TRUE,NA,TRUE,FALSE,"ar2"
104,"brier",0.2,"threshold_quantile",0.2,36,0.0608729095548149,0.00175722752945619,0.962317488077366,"skew-t",5,0,"yes","yes","yes",FALSE,TRUE,NA,TRUE,FALSE,"ar2"
104,"brier",0.3,"threshold_quantile",0.3,41.625,0.0765576220130821,0.00161458846953855,0.969679371402454,"skew-t",5,0,"yes","yes","yes",FALSE,TRUE,NA,TRUE,FALSE,"ar2"
104,"brier",0.4,"threshold_quantile",0.4,46.5,0.0869910264894339,0.00103454788082531,0.974331135384171,"skew-t",5,0,"yes","yes","yes",FALSE,TRUE,NA,TRUE,FALSE,"ar2"
104,"brier",0.5,"threshold_quantile",0.5,50.875,0.0928861319046503,0.00121357632907476,0.982064831842479,"skew-t",5,0,"yes","yes","yes",FALSE,TRUE,NA,TRUE,FALSE,"ar2"
104,"brier",0.6,"threshold_quantile",0.6,55.429,0.0934847622687792,0.000449091481325041,0.988394181178241,"skew-t",5,0,"yes","yes","yes",FALSE,TRUE,NA,TRUE,FALSE,"ar2"
104,"brier",0.7,"threshold_quantile",0.7,60.125,0.0856604269846153,0.000757072666964287,0.990318929549491,"skew-t",5,0,"yes","yes","yes",FALSE,TRUE,NA,TRUE,FALSE,"ar2"
104,"brier",0.8,"threshold_quantile",0.8,65.5,0.0711376314148632,0.00119781838827324,0.994313524962048,"skew-t",5,0,"yes","yes","yes",FALSE,TRUE,NA,TRUE,FALSE,"ar2"
104,"brier",0.9,"threshold_quantile",0.9,73.25,0.0449115309165755,0.0012053193403481,0.997039603414571,"skew-t",5,0,"yes","yes","yes",FALSE,TRUE,NA,TRUE,FALSE,"ar2"
104,"brier",0.95,"threshold_quantile",0.95,79.75,0.0270217493273957,0.00187015306499673,0.999689892761971,"skew-t",5,0,"yes","yes","yes",FALSE,TRUE,NA,TRUE,FALSE,"ar2"
104,"brier",0.98,"threshold_quantile",0.98,88.5,0.01279843654934,0.000553350657867169,0.99119438287508,"skew-t",5,0,"yes","yes","yes",FALSE,TRUE,NA,TRUE,FALSE,"ar2"
104,"brier",0.99,"threshold_quantile",0.99,94.75,0.00698571025860069,0.000443301393050966,0.961751319599505,"skew-t",5,0,"yes","yes","yes",FALSE,TRUE,NA,TRUE,FALSE,"ar2"
104,"brier",0.995,"threshold_quantile",0.995,100.52,0.00391812287547988,1.93787094383705e-05,0.972193409163886,"skew-t",5,0,"yes","yes","yes",FALSE,TRUE,NA,TRUE,FALSE,"ar2"
104,"quantile",0,"score_quantile",0,NA,0.000317648452344922,0.000317648452344922,Inf,"skew-t",5,0,"yes","yes","yes",FALSE,TRUE,NA,TRUE,FALSE,"ar2"
104,"quantile",0.1,"score_quantile",0.1,NA,4.36984651073964,0.00432784635293171,0.993485343230196,"skew-t",5,0,"yes","yes","yes",FALSE,TRUE,NA,TRUE,FALSE,"ar2"
104,"quantile",0.2,"score_quantile",0.2,NA,7.22723714967554,0.0120135368663243,0.996493584103327,"skew-t",5,0,"yes","yes","yes",FALSE,TRUE,NA,TRUE,FALSE,"ar2"
104,"quantile",0.3,"score_quantile",0.3,NA,9.19091092628722,0.00337994862053748,0.998168972467061,"skew-t",5,0,"yes","yes","yes",FALSE,TRUE,NA,TRUE,FALSE,"ar2"
104,"quantile",0.4,"score_quantile",0.4,NA,10.4030777098492,0.0119679945374482,0.998691891202024,"skew-t",5,0,"yes","yes","yes",FALSE,TRUE,NA,TRUE,FALSE,"ar2"
104,"quantile",0.5,"score_quantile",0.5,NA,10.9012549700328,0.0276886719891669,0.998772474495429,"skew-t",5,0,"yes","yes","yes",FALSE,TRUE,NA,TRUE,FALSE,"ar2"
104,"quantile",0.6,"score_quantile",0.6,NA,10.7002444194797,0.0347393523177555,0.999403972598923,"skew-t",5,0,"yes","yes","yes",FALSE,TRUE,NA,TRUE,FALSE,"ar2"
104,"quantile",0.7,"score_quantile",0.7,NA,9.74788525999929,0.01962324667792,0.99962992583941,"skew-t",5,0,"yes","yes","yes",FALSE,TRUE,NA,TRUE,FALSE,"ar2"
104,"quantile",0.8,"score_quantile",0.8,NA,7.94156908282168,0.00465687832285289,0.999971002889589,"skew-t",5,0,"yes","yes","yes",FALSE,TRUE,NA,TRUE,FALSE,"ar2"
104,"quantile",0.9,"score_quantile",0.9,NA,5.03799531010257,0.00768923732723303,0.999342590835624,"skew-t",5,0,"yes","yes","yes",FALSE,TRUE,NA,TRUE,FALSE,"ar2"
104,"quantile",0.95,"score_quantile",0.95,NA,2.99262625150231,0.00253279396551687,0.99710334866114,"skew-t",5,0,"yes","yes","yes",FALSE,TRUE,NA,TRUE,FALSE,"ar2"
104,"quantile",0.98,"score_quantile",0.98,NA,1.42894338917523,0.016928679886849,0.989909629628037,"skew-t",5,0,"yes","yes","yes",FALSE,TRUE,NA,TRUE,FALSE,"ar2"
104,"quantile",0.99,"score_quantile",0.99,NA,0.803618263259038,0.0200969538625693,0.97985647665421,"skew-t",5,0,"yes","yes","yes",FALSE,TRUE,NA,TRUE,FALSE,"ar2"
104,"quantile",0.995,"score_quantile",0.995,NA,0.449691768153543,0.0188772760182852,0.959163812448795,"skew-t",5,0,"yes","yes","yes",FALSE,TRUE,NA,TRUE,FALSE,"ar2"
105,"brier",0,"threshold_quantile",0,2,0.000543814766506942,0.000241545036777212,3.80321607655012,"skew-t",5,50,"yes","yes","yes",FALSE,TRUE,NA,TRUE,FALSE,"ar2"
105,"brier",0.1,"threshold_quantile",0.1,28.875,0.0639836010309434,0.00294354142467048,1.65442095099954,"skew-t",5,50,"yes","yes","yes",FALSE,TRUE,NA,TRUE,FALSE,"ar2"
105,"brier",0.2,"threshold_quantile",0.2,36,0.0848041755481926,0.00364296851115557,1.34063808989649,"skew-t",5,50,"yes","yes","yes",FALSE,TRUE,NA,TRUE,FALSE,"ar2"
105,"brier",0.3,"threshold_quantile",0.3,41.625,0.0925917843779526,0.00403990831188653,1.17276818312489,"skew-t",5,50,"yes","yes","yes",FALSE,TRUE,NA,TRUE,FALSE,"ar2"
105,"brier",0.4,"threshold_quantile",0.4,46.5,0.0948210702335018,0.00216384105098597,1.0620304731106,"skew-t",5,50,"yes","yes","yes",FALSE,TRUE,NA,TRUE,FALSE,"ar2"
105,"brier",0.5,"threshold_quantile",0.5,50.875,0.0952429564269508,0.00134001995381102,1.00698302394193,"skew-t",5,50,"yes","yes","yes",FALSE,TRUE,NA,TRUE,FALSE,"ar2"
105,"brier",0.6,"threshold_quantile",0.6,55.429,0.0941529335398289,0.000355701421799394,0.995458611576398,"skew-t",5,50,"yes","yes","yes",FALSE,TRUE,NA,TRUE,FALSE,"ar2"
105,"brier",0.7,"threshold_quantile",0.7,60.125,0.0857204002913791,0.000235574585673449,0.991012280062051,"skew-t",5,50,"yes","yes","yes",FALSE,TRUE,NA,TRUE,FALSE,"ar2"
105,"brier",0.8,"threshold_quantile",0.8,65.5,0.0710583436934071,0.00152736070766065,0.993205295010624,"skew-t",5,50,"yes","yes","yes",FALSE,TRUE,NA,TRUE,FALSE,"ar2"
105,"brier",0.9,"threshold_quantile",0.9,73.25,0.0449447867924601,0.00103180635068302,0.997777886537558,"skew-t",5,50,"yes","yes","yes",FALSE,TRUE,NA,TRUE,FALSE,"ar2"
105,"brier",0.95,"threshold_quantile",0.95,79.75,0.0267579188198939,0.00194217946172104,0.989929285165617,"skew-t",5,50,"yes","yes","yes",FALSE,TRUE,NA,TRUE,FALSE,"ar2"
105,"brier",0.98,"threshold_quantile",0.98,88.5,0.0125891350652541,0.000698340013157694,0.974984711126998,"skew-t",5,50,"yes","yes","yes",FALSE,TRUE,NA,TRUE,FALSE,"ar2"
105,"brier",0.99,"threshold_quantile",0.99,94.75,0.00695518141983819,0.000574026091005984,0.957548289430952,"skew-t",5,50,"yes","yes","yes",FALSE,TRUE,NA,TRUE,FALSE,"ar2"
105,"brier",0.995,"threshold_quantile",0.995,100.52,0.00389013702814843,7.1153348895282e-05,0.965249355291616,"skew-t",5,50,"yes","yes","yes",FALSE,TRUE,NA,TRUE,FALSE,"ar2"
105,"quantile",0,"score_quantile",0,NA,0,0,NA,"skew-t",5,50,"yes","yes","yes",FALSE,TRUE,NA,TRUE,FALSE,"ar2"
105,"quantile",0.1,"score_quantile",0.1,NA,4.51120742029993,0.070115975480133,1.0256237699252,"skew-t",5,50,"yes","yes","yes",FALSE,TRUE,NA,TRUE,FALSE,"ar2"
105,"quantile",0.2,"score_quantile",0.2,NA,7.34006339592639,0.000950435285064,1.01205010012446,"skew-t",5,50,"yes","yes","yes",FALSE,TRUE,NA,TRUE,FALSE,"ar2"
105,"quantile",0.3,"score_quantile",0.3,NA,9.309105097983,0.0168849782192009,1.01100532305944,"skew-t",5,50,"yes","yes","yes",FALSE,TRUE,NA,TRUE,FALSE,"ar2"
105,"quantile",0.4,"score_quantile",0.4,NA,10.5120312147578,0.0437340286520289,1.009151390295,"skew-t",5,50,"yes","yes","yes",FALSE,TRUE,NA,TRUE,FALSE,"ar2"
105,"quantile",0.5,"score_quantile",0.5,NA,10.9914069764178,0.0651014132417753,1.00703219713703,"skew-t",5,50,"yes","yes","yes",FALSE,TRUE,NA,TRUE,FALSE,"ar2"
105,"quantile",0.6,"score_quantile",0.6,NA,10.7581400196187,0.0698189834888723,1.00481142784075,"skew-t",5,50,"yes","yes","yes",FALSE,TRUE,NA,TRUE,FALSE,"ar2"
105,"quantile",0.7,"score_quantile",0.7,NA,9.78068015825346,0.047368024916425,1.00299298981024,"skew-t",5,50,"yes","yes","yes",FALSE,TRUE,NA,TRUE,FALSE,"ar2"
105,"quantile",0.8,"score_quantile",0.8,NA,7.95389587131653,0.0197436595974603,1.00152314339546,"skew-t",5,50,"yes","yes","yes",FALSE,TRUE,NA,TRUE,FALSE,"ar2"
105,"quantile",0.9,"score_quantile",0.9,NA,5.04145558505594,0.00581213992578089,1.00002897498727,"skew-t",5,50,"yes","yes","yes",FALSE,TRUE,NA,TRUE,FALSE,"ar2"
105,"quantile",0.95,"score_quantile",0.95,NA,2.99479083557754,0.00820796501595366,0.9978245593465,"skew-t",5,50,"yes","yes","yes",FALSE,TRUE,NA,TRUE,FALSE,"ar2"
105,"quantile",0.98,"score_quantile",0.98,NA,1.42929596983166,0.0185002779994142,0.990153882122332,"skew-t",5,50,"yes","yes","yes",FALSE,TRUE,NA,TRUE,FALSE,"ar2"
105,"quantile",0.99,"score_quantile",0.99,NA,0.8018445011827,0.019586021703243,0.977693718118218,"skew-t",5,50,"yes","yes","yes",FALSE,TRUE,NA,TRUE,FALSE,"ar2"
105,"quantile",0.995,"score_quantile",0.995,NA,0.444833540627402,0.0169096172047305,0.948801523508416,"skew-t",5,50,"yes","yes","yes",FALSE,TRUE,NA,TRUE,FALSE,"ar2"
106,"brier",0,"threshold_quantile",0,2,0.000923528696353268,0.000416513107431012,6.45877861626857,"t",5,75,"yes","yes","yes",FALSE,TRUE,NA,TRUE,FALSE,"ar2"
106,"brier",0.1,"threshold_quantile",0.1,28.875,0.0800284661417256,0.00314790563455178,2.06929227064286,"t",5,75,"yes","yes","yes",FALSE,TRUE,NA,TRUE,FALSE,"ar2"
106,"brier",0.2,"threshold_quantile",0.2,36,0.125687326402861,0.00430144304283404,1.98694481850333,"t",5,75,"yes","yes","yes",FALSE,TRUE,NA,TRUE,FALSE,"ar2"
106,"brier",0.3,"threshold_quantile",0.3,41.625,0.152888724513109,0.00464260812004928,1.93648964508147,"t",5,75,"yes","yes","yes",FALSE,TRUE,NA,TRUE,FALSE,"ar2"
106,"brier",0.4,"threshold_quantile",0.4,46.5,0.166492795994325,0.00435836845678762,1.864779868693,"t",5,75,"yes","yes","yes",FALSE,TRUE,NA,TRUE,FALSE,"ar2"
106,"brier",0.5,"threshold_quantile",0.5,50.875,0.163069063625337,0.00286194958796632,1.72409367538653,"t",5,75,"yes","yes","yes",FALSE,TRUE,NA,TRUE,FALSE,"ar2"
106,"brier",0.6,"threshold_quantile",0.6,55.429,0.148304279525747,3.26561165616829e-05,1.56798908581098,"t",5,75,"yes","yes","yes",FALSE,TRUE,NA,TRUE,FALSE,"ar2"
106,"brier",0.7,"threshold_quantile",0.7,60.125,0.121340731307657,0.000225912683000581,1.40281840015732,"t",5,75,"yes","yes","yes",FALSE,TRUE,NA,TRUE,FALSE,"ar2"
106,"brier",0.8,"threshold_quantile",0.8,65.5,0.0878597752080775,0.00204210285999053,1.22804430021076,"t",5,75,"yes","yes","yes",FALSE,TRUE,NA,TRUE,FALSE,"ar2"
106,"brier",0.9,"threshold_quantile",0.9,73.25,0.0490332510624728,0.000407837045635281,1.08854212260691,"t",5,75,"yes","yes","yes",FALSE,TRUE,NA,TRUE,FALSE,"ar2"
106,"brier",0.95,"threshold_quantile",0.95,79.75,0.0274351684385986,0.00107613775426089,1.01498464299952,"t",5,75,"yes","yes","yes",FALSE,TRUE,NA,TRUE,FALSE,"ar2"
106,"brier",0.98,"threshold_quantile",0.98,88.5,0.0127725503607358,0.00060144913876367,0.989189587630003,"t",5,75,"yes","yes","yes",FALSE,TRUE,NA,TRUE,FALSE,"ar2"
106,"brier",0.99,"threshold_quantile",0.99,94.75,0.00698108906564229,0.000641426603360049,0.961115101053166,"t",5,75,"yes","yes","yes",FALSE,TRUE,NA,TRUE,FALSE,"ar2"
106,"brier",0.995,"threshold_quantile",0.995,100.52,0.00387581633651281,0.00013350125107478,0.961696000160783,"t",5,75,"yes","yes","yes",FALSE,TRUE,NA,TRUE,FALSE,"ar2"
106,"quantile",0,"score_quantile",0,NA,0,0,NA,"t",5,75,"yes","yes","yes",FALSE,TRUE,NA,TRUE,FALSE,"ar2"
106,"quantile",0.1,"score_quantile",0.1,NA,5.1513733625779,0.00251788286840782,1.17116560516478,"t",5,75,"yes","yes","yes",FALSE,TRUE,NA,TRUE,FALSE,"ar2"
106,"quantile",0.2,"score_quantile",0.2,NA,8.2721229591388,0.02766583113356,1.14056274686734,"t",5,75,"yes","yes","yes",FALSE,TRUE,NA,TRUE,FALSE,"ar2"
106,"quantile",0.3,"score_quantile",0.3,NA,10.2738383792087,0.0535781790880572,1.11577914099208,"t",5,75,"yes","yes","yes",FALSE,TRUE,NA,TRUE,FALSE,"ar2"
106,"quantile",0.4,"score_quantile",0.4,NA,11.390998557019,0.0468192419939291,1.09353195360815,"t",5,75,"yes","yes","yes",FALSE,TRUE,NA,TRUE,FALSE,"ar2"
106,"quantile",0.5,"score_quantile",0.5,NA,11.7299010534525,0.0307468467793184,1.07469299020607,"t",5,75,"yes","yes","yes",FALSE,TRUE,NA,TRUE,FALSE,"ar2"
106,"quantile",0.6,"score_quantile",0.6,NA,11.3328431689888,0.0127963186633311,1.05848876342572,"t",5,75,"yes","yes","yes",FALSE,TRUE,NA,TRUE,FALSE,"ar2"
106,"quantile",0.7,"score_quantile",0.7,NA,10.2071776013838,0.00446731950883183,1.04672961535267,"t",5,75,"yes","yes","yes",FALSE,TRUE,NA,TRUE,FALSE,"ar2"
106,"quantile",0.8,"score_quantile",0.8,NA,8.23112011842998,0.0219683633816175,1.03643012531808,"t",5,75,"yes","yes","yes",FALSE,TRUE,NA,TRUE,FALSE,"ar2"
106,"quantile",0.9,"score_quantile",0.9,NA,5.17671220064765,0.0188620160224295,1.02685863407449,"t",5,75,"yes","yes","yes",FALSE,TRUE,NA,TRUE,FALSE,"ar2"
106,"quantile",0.95,"score_quantile",0.95,NA,3.06020603496986,0.00548111642842652,1.01962003558904,"t",5,75,"yes","yes","yes",FALSE,TRUE,NA,TRUE,FALSE,"ar2"
106,"quantile",0.98,"score_quantile",0.98,NA,1.45513814668794,0.0105188368461544,1.00805621465305,"t",5,75,"yes","yes","yes",FALSE,TRUE,NA,TRUE,FALSE,"ar2"
106,"quantile",0.99,"score_quantile",0.99,NA,0.816049859963801,0.011319749187893,0.995014395660326,"t",5,75,"yes","yes","yes",FALSE,TRUE,NA,TRUE,FALSE,"ar2"
106,"quantile",0.995,"score_quantile",0.995,NA,0.452442974280537,0.0127501367294106,0.965031959354031,"t",5,75,"yes","yes","yes",FALSE,TRUE,NA,TRUE,FALSE,"ar2"
107,"brier",0,"threshold_quantile",0,2,0.000124398405293265,6.83812176630244e-05,0.869991114708917,"skew-t",6,0,"yes","yes","yes",FALSE,TRUE,NA,TRUE,FALSE,"ar2"
107,"brier",0.1,"threshold_quantile",0.1,28.875,0.0374359753184955,0.000976362876053099,0.967980246345746,"skew-t",6,0,"yes","yes","yes",FALSE,TRUE,NA,TRUE,FALSE,"ar2"
107,"brier",0.2,"threshold_quantile",0.2,36,0.0609349944316585,0.00156273296352366,0.963298965111545,"skew-t",6,0,"yes","yes","yes",FALSE,TRUE,NA,TRUE,FALSE,"ar2"
107,"brier",0.3,"threshold_quantile",0.3,41.625,0.076445321899763,0.00149830602055043,0.968256977388268,"skew-t",6,0,"yes","yes","yes",FALSE,TRUE,NA,TRUE,FALSE,"ar2"
107,"brier",0.4,"threshold_quantile",0.4,46.5,0.08714896877774,0.000786522878507417,0.976100146456929,"skew-t",6,0,"yes","yes","yes",FALSE,TRUE,NA,TRUE,FALSE,"ar2"
107,"brier",0.5,"threshold_quantile",0.5,50.875,0.0932562524619969,0.00106697544497986,0.985978035842459,"skew-t",6,0,"yes","yes","yes",FALSE,TRUE,NA,TRUE,FALSE,"ar2"
107,"brier",0.6,"threshold_quantile",0.6,55.429,0.0936559012042287,0.000380841841532704,0.990203596144555,"skew-t",6,0,"yes","yes","yes",FALSE,TRUE,NA,TRUE,FALSE,"ar2"
107,"brier",0.7,"threshold_quantile",0.7,60.125,0.0852814946487811,0.00044768988735297,0.985938098418887,"skew-t",6,0,"yes","yes","yes",FALSE,TRUE,NA,TRUE,FALSE,"ar2"
107,"brier",0.8,"threshold_quantile",0.8,65.5,0.0709285401739949,0.00136814591876448,0.991390989524594,"skew-t",6,0,"yes","yes","yes",FALSE,TRUE,NA,TRUE,FALSE,"ar2"
107,"brier",0.9,"threshold_quantile",0.9,73.25,0.0450633351678185,0.00119011112514114,1.00040967001811,"skew-t",6,0,"yes","yes","yes",FALSE,TRUE,NA,TRUE,FALSE,"ar2"
107,"brier",0.95,"threshold_quantile",0.95,79.75,0.026979431211255,0.0019648357723953,0.99812430230097,"skew-t",6,0,"yes","yes","yes",FALSE,TRUE,NA,TRUE,FALSE,"ar2"
107,"brier",0.98,"threshold_quantile",0.98,88.5,0.0127714136512794,0.000643353993031541,0.989101553437404,"skew-t",6,0,"yes","yes","yes",FALSE,TRUE,NA,TRUE,FALSE,"ar2"
107,"brier",0.99,"threshold_quantile",0.99,94.75,0.00699468051452928,0.000451771220539119,0.962986291443041,"skew-t",6,0,"yes","yes","yes",FALSE,TRUE,NA,TRUE,FALSE,"ar2"
107,"brier",0.995,"threshold_quantile",0.995,100.52,0.00393840265927843,1.24253258009183e-06,0.977225377985386,"skew-t",6,0,"yes","yes","yes",FALSE,TRUE,NA,TRUE,FALSE,"ar2"
107,"quantile",0,"score_quantile",0,NA,0,0,NA,"skew-t",6,0,"yes","yes","yes",FALSE,TRUE,NA,TRUE,FALSE,"ar2"
107,"quantile",0.1,"score_quantile",0.1,NA,4.36929475658259,0.0103381049889228,0.993359901829279,"skew-t",6,0,"yes","yes","yes",FALSE,TRUE,NA,TRUE,FALSE,"ar2"
107,"quantile",0.2,"score_quantile",0.2,NA,7.22707866057813,0.0152157136023252,0.996471731579957,"skew-t",6,0,"yes","yes","yes",FALSE,TRUE,NA,TRUE,FALSE,"ar2"
107,"quantile",0.3,"score_quantile",0.3,NA,9.1919848174913,0.00587857339462339,0.998285601263523,"skew-t",6,0,"yes","yes","yes",FALSE,TRUE,NA,TRUE,FALSE,"ar2"
107,"quantile",0.4,"score_quantile",0.4,NA,10.4059516307474,0.0128133950911042,0.998967786622306,"skew-t",6,0,"yes","yes","yes",FALSE,TRUE,NA,TRUE,FALSE,"ar2"
107,"quantile",0.5,"score_quantile",0.5,NA,10.9021401061415,0.0297926381698916,0.998853570624633,"skew-t",6,0,"yes","yes","yes",FALSE,TRUE,NA,TRUE,FALSE,"ar2"
107,"quantile",0.6,"score_quantile",0.6,NA,10.6954719456606,0.0395777186968624,0.998958223034059,"skew-t",6,0,"yes","yes","yes",FALSE,TRUE,NA,TRUE,FALSE,"ar2"
107,"quantile",0.7,"score_quantile",0.7,NA,9.7395711043923,0.0260419055937495,0.9987773225792,"skew-t",6,0,"yes","yes","yes",FALSE,TRUE,NA,TRUE,FALSE,"ar2"
107,"quantile",0.8,"score_quantile",0.8,NA,7.93607046190986,0.000530327933191188,0.999278638268648,"skew-t",6,0,"yes","yes","yes",FALSE,TRUE,NA,TRUE,FALSE,"ar2"
107,"quantile",0.9,"score_quantile",0.9,NA,5.03635607234791,0.00447180646630185,0.999017429734053,"skew-t",6,0,"yes","yes","yes",FALSE,TRUE,NA,TRUE,FALSE,"ar2"
107,"quantile",0.95,"score_quantile",0.95,NA,2.99381853707339,0.00545180000882972,0.997500602389329,"skew-t",6,0,"yes","yes","yes",FALSE,TRUE,NA,TRUE,FALSE,"ar2"
107,"quantile",0.98,"score_quantile",0.98,NA,1.43136888059218,0.0181576121985551,0.991589904248017,"skew-t",6,0,"yes","yes","yes",FALSE,TRUE,NA,TRUE,FALSE,"ar2"
107,"quantile",0.99,"score_quantile",0.99,NA,0.805526010102406,0.0190061149987938,0.982182603604972,"skew-t",6,0,"yes","yes","yes",FALSE,TRUE,NA,TRUE,FALSE,"ar2"
107,"quantile",0.995,"score_quantile",0.995,NA,0.449696597282305,0.0165277060203794,0.959174112671931,"skew-t",6,0,"yes","yes","yes",FALSE,TRUE,NA,TRUE,FALSE,"ar2"
108,"brier",0,"threshold_quantile",0,2,0.00069300373951596,0.000339691967744188,4.84658219225242,"skew-t",6,50,"yes","yes","yes",FALSE,TRUE,NA,TRUE,FALSE,"ar2"
108,"brier",0.1,"threshold_quantile",0.1,28.875,0.0644326231550705,0.00217121618143025,1.66603129486341,"skew-t",6,50,"yes","yes","yes",FALSE,TRUE,NA,TRUE,FALSE,"ar2"
108,"brier",0.2,"threshold_quantile",0.2,36,0.0851308463851211,0.00311786809683277,1.34580230927618,"skew-t",6,50,"yes","yes","yes",FALSE,TRUE,NA,TRUE,FALSE,"ar2"
108,"brier",0.3,"threshold_quantile",0.3,41.625,0.092668480665742,0.00277150135309603,1.17373961883798,"skew-t",6,50,"yes","yes","yes",FALSE,TRUE,NA,TRUE,FALSE,"ar2"
108,"brier",0.4,"threshold_quantile",0.4,46.5,0.0949714613355679,0.00156440737827725,1.0637149081511,"skew-t",6,50,"yes","yes","yes",FALSE,TRUE,NA,TRUE,FALSE,"ar2"
108,"brier",0.5,"threshold_quantile",0.5,50.875,0.0953675568473237,0.000906877437914282,1.0083003970349,"skew-t",6,50,"yes","yes","yes",FALSE,TRUE,NA,TRUE,FALSE,"ar2"
108,"brier",0.6,"threshold_quantile",0.6,55.429,0.0945310652075669,0.00030384483247313,0.999456515951839,"skew-t",6,50,"yes","yes","yes",FALSE,TRUE,NA,TRUE,FALSE,"ar2"
108,"brier",0.7,"threshold_quantile",0.7,60.125,0.0857887150532228,0.00017088093910865,0.991802066013428,"skew-t",6,50,"yes","yes","yes",FALSE,TRUE,NA,TRUE,FALSE,"ar2"
108,"brier",0.8,"threshold_quantile",0.8,65.5,0.0710256264869158,0.0013541965194239,0.992747996106145,"skew-t",6,50,"yes","yes","yes",FALSE,TRUE,NA,TRUE,FALSE,"ar2"
108,"brier",0.9,"threshold_quantile",0.9,73.25,0.0449639413452725,0.000944996262335101,0.998203119152654,"skew-t",6,50,"yes","yes","yes",FALSE,TRUE,NA,TRUE,FALSE,"ar2"
108,"brier",0.95,"threshold_quantile",0.95,79.75,0.0268947765175766,0.00192410378606038,0.994992438385728,"skew-t",6,50,"yes","yes","yes",FALSE,TRUE,NA,TRUE,FALSE,"ar2"
108,"brier",0.98,"threshold_quantile",0.98,88.5,0.0126232717452186,0.000689978785311943,0.977628478223112,"skew-t",6,50,"yes","yes","yes",FALSE,TRUE,NA,TRUE,FALSE,"ar2"
108,"brier",0.99,"threshold_quantile",0.99,94.75,0.00695520330113559,0.000609864193025233,0.957551301918712,"skew-t",6,50,"yes","yes","yes",FALSE,TRUE,NA,TRUE,FALSE,"ar2"
108,"brier",0.995,"threshold_quantile",0.995,100.52,0.00393718472232047,0.000109031650719236,0.97692317452701,"skew-t",6,50,"yes","yes","yes",FALSE,TRUE,NA,TRUE,FALSE,"ar2"
108,"quantile",0,"score_quantile",0,NA,0,0,NA,"skew-t",6,50,"yes","yes","yes",FALSE,TRUE,NA,TRUE,FALSE,"ar2"
108,"quantile",0.1,"score_quantile",0.1,NA,4.48907155784433,0.0352176302426641,1.02059117785238,"skew-t",6,50,"yes","yes","yes",FALSE,TRUE,NA,TRUE,FALSE,"ar2"
108,"quantile",0.2,"score_quantile",0.2,NA,7.33634661788773,0.0301938887380988,1.01153762967519,"skew-t",6,50,"yes","yes","yes",FALSE,TRUE,NA,TRUE,FALSE,"ar2"
108,"quantile",0.3,"score_quantile",0.3,NA,9.31863172026185,0.0435783010107844,1.01203995160143,"skew-t",6,50,"yes","yes","yes",FALSE,TRUE,NA,TRUE,FALSE,"ar2"
108,"quantile",0.4,"score_quantile",0.4,NA,10.5245645246267,0.06136512624514,1.01035458374265,"skew-t",6,50,"yes","yes","yes",FALSE,TRUE,NA,TRUE,FALSE,"ar2"
108,"quantile",0.5,"score_quantile",0.5,NA,11.0019953767743,0.0764178751809554,1.00800230588636,"skew-t",6,50,"yes","yes","yes",FALSE,TRUE,NA,TRUE,FALSE,"ar2"
108,"quantile",0.6,"score_quantile",0.6,NA,10.7634663992671,0.0759303341763289,1.00530891226928,"skew-t",6,50,"yes","yes","yes",FALSE,TRUE,NA,TRUE,FALSE,"ar2"
108,"quantile",0.7,"score_quantile",0.7,NA,9.7783104133582,0.0496424694653657,1.0027499762898,"skew-t",6,50,"yes","yes","yes",FALSE,TRUE,NA,TRUE,FALSE,"ar2"
108,"quantile",0.8,"score_quantile",0.8,NA,7.95192299739558,0.0188979550144159,1.00127472690588,"skew-t",6,50,"yes","yes","yes",FALSE,TRUE,NA,TRUE,FALSE,"ar2"
108,"quantile",0.9,"score_quantile",0.9,NA,5.03664640639004,0.00467619829288557,0.999075020731268,"skew-t",6,50,"yes","yes","yes",FALSE,TRUE,NA,TRUE,FALSE,"ar2"
108,"quantile",0.95,"score_quantile",0.95,NA,2.99135730859971,0.00779663158996691,0.99668055372749,"skew-t",6,50,"yes","yes","yes",FALSE,TRUE,NA,TRUE,FALSE,"ar2"
108,"quantile",0.98,"score_quantile",0.98,NA,1.4249901821756,0.0151122985892281,0.987171020312583,"skew-t",6,50,"yes","yes","yes",FALSE,TRUE,NA,TRUE,FALSE,"ar2"
108,"quantile",0.99,"score_quantile",0.99,NA,0.796983680726877,0.0148123198244147,0.971766891136741,"skew-t",6,50,"yes","yes","yes",FALSE,TRUE,NA,TRUE,FALSE,"ar2"
108,"quantile",0.995,"score_quantile",0.995,NA,0.441280030869755,0.0126401672617275,0.941222114214993,"skew-t",6,50,"yes","yes","yes",FALSE,TRUE,NA,TRUE,FALSE,"ar2"
109,"brier",0,"threshold_quantile",0,2,0.000514347439518789,8.71447935394759e-05,3.59713375102932,"t",6,75,"yes","yes","yes",FALSE,TRUE,NA,TRUE,FALSE,"ar2"
109,"brier",0.1,"threshold_quantile",0.1,28.875,0.0793928823037629,0.00340987824970882,2.05285800935248,"t",6,75,"yes","yes","yes",FALSE,TRUE,NA,TRUE,FALSE,"ar2"
109,"brier",0.2,"threshold_quantile",0.2,36,0.122613917141926,0.00442245232377414,1.93835841937362,"t",6,75,"yes","yes","yes",FALSE,TRUE,NA,TRUE,FALSE,"ar2"
109,"brier",0.3,"threshold_quantile",0.3,41.625,0.149168663487789,0.00503238726489931,1.88937132633334,"t",6,75,"yes","yes","yes",FALSE,TRUE,NA,TRUE,FALSE,"ar2"
109,"brier",0.4,"threshold_quantile",0.4,46.5,0.162642185220706,0.00508116459674854,1.8216516275584,"t",6,75,"yes","yes","yes",FALSE,TRUE,NA,TRUE,FALSE,"ar2"
109,"brier",0.5,"threshold_quantile",0.5,50.875,0.160601037370962,0.00428805083108864,1.69799977160579,"t",6,75,"yes","yes","yes",FALSE,TRUE,NA,TRUE,FALSE,"ar2"
109,"brier",0.6,"threshold_quantile",0.6,55.429,0.147197005487469,0.00109678922787629,1.5562821167837,"t",6,75,"yes","yes","yes",FALSE,TRUE,NA,TRUE,FALSE,"ar2"
109,"brier",0.7,"threshold_quantile",0.7,60.125,0.121517262168969,0.000280137474274723,1.40485927083427,"t",6,75,"yes","yes","yes",FALSE,TRUE,NA,TRUE,FALSE,"ar2"
109,"brier",0.8,"threshold_quantile",0.8,65.5,0.0878184693654582,0.00155593005729786,1.2274669551803,"t",6,75,"yes","yes","yes",FALSE,TRUE,NA,TRUE,FALSE,"ar2"
109,"brier",0.9,"threshold_quantile",0.9,73.25,0.0487596289478989,0.000306088372755101,1.0824676896265,"t",6,75,"yes","yes","yes",FALSE,TRUE,NA,TRUE,FALSE,"ar2"
109,"brier",0.95,"threshold_quantile",0.95,79.75,0.0273800907845505,0.00109168304928334,1.01294700385922,"t",6,75,"yes","yes","yes",FALSE,TRUE,NA,TRUE,FALSE,"ar2"
109,"brier",0.98,"threshold_quantile",0.98,88.5,0.0126931939312794,0.000613377970622535,0.983043708262704,"t",6,75,"yes","yes","yes",FALSE,TRUE,NA,TRUE,FALSE,"ar2"
109,"brier",0.99,"threshold_quantile",0.99,94.75,0.00694253203697696,0.000656665210270285,0.955806797126153,"t",6,75,"yes","yes","yes",FALSE,TRUE,NA,TRUE,FALSE,"ar2"
109,"brier",0.995,"threshold_quantile",0.995,100.52,0.00389296803062502,0.000123632726799067,0.965951804407313,"t",6,75,"yes","yes","yes",FALSE,TRUE,NA,TRUE,FALSE,"ar2"
109,"quantile",0,"score_quantile",0,NA,0,0,NA,"t",6,75,"yes","yes","yes",FALSE,TRUE,NA,TRUE,FALSE,"ar2"
109,"quantile",0.1,"score_quantile",0.1,NA,4.99679645056882,0.0967322334689551,1.136022518078,"t",6,75,"yes","yes","yes",FALSE,TRUE,NA,TRUE,FALSE,"ar2"
109,"quantile",0.2,"score_quantile",0.2,NA,8.1413822918888,0.0452914838013321,1.12253618520929,"t",6,75,"yes","yes","yes",FALSE,TRUE,NA,TRUE,FALSE,"ar2"
109,"quantile",0.3,"score_quantile",0.3,NA,10.1710764763864,0.00674115264126751,1.10461879532323,"t",6,75,"yes","yes","yes",FALSE,TRUE,NA,TRUE,FALSE,"ar2"
109,"quantile",0.4,"score_quantile",0.4,NA,11.3148570694797,0.00621953015058274,1.08622239692595,"t",6,75,"yes","yes","yes",FALSE,TRUE,NA,TRUE,FALSE,"ar2"
109,"quantile",0.5,"score_quantile",0.5,NA,11.6750110049234,0.00856646144063156,1.06966396650694,"t",6,75,"yes","yes","yes",FALSE,TRUE,NA,TRUE,FALSE,"ar2"
109,"quantile",0.6,"score_quantile",0.6,NA,11.2978420380772,0.00200080844548989,1.05521965405707,"t",6,75,"yes","yes","yes",FALSE,TRUE,NA,TRUE,FALSE,"ar2"
109,"quantile",0.7,"score_quantile",0.7,NA,10.1818045943934,0.00510029831378134,1.04412765437142,"t",6,75,"yes","yes","yes",FALSE,TRUE,NA,TRUE,FALSE,"ar2"
109,"quantile",0.8,"score_quantile",0.8,NA,8.21734748869867,0.0270895509781335,1.03469593019604,"t",6,75,"yes","yes","yes",FALSE,TRUE,NA,TRUE,FALSE,"ar2"
109,"quantile",0.9,"score_quantile",0.9,NA,5.17216097390459,0.0233592979137476,1.02595584746098,"t",6,75,"yes","yes","yes",FALSE,TRUE,NA,TRUE,FALSE,"ar2"
109,"quantile",0.95,"score_quantile",0.95,NA,3.05435772975506,0.00969073223128736,1.01767145791057,"t",6,75,"yes","yes","yes",FALSE,TRUE,NA,TRUE,FALSE,"ar2"
109,"quantile",0.98,"score_quantile",0.98,NA,1.45125339937586,0.00707853551170678,1.00536503122197,"t",6,75,"yes","yes","yes",FALSE,TRUE,NA,TRUE,FALSE,"ar2"
109,"quantile",0.99,"score_quantile",0.99,NA,0.813377320567589,0.00943635267794984,0.991755752650059,"t",6,75,"yes","yes","yes",FALSE,TRUE,NA,TRUE,FALSE,"ar2"
109,"quantile",0.995,"score_quantile",0.995,NA,0.45189719338454,0.0100845588128467,0.963867843570646,"t",6,75,"yes","yes","yes",FALSE,TRUE,NA,TRUE,FALSE,"ar2"
110,"brier",0,"threshold_quantile",0,2,0.000121857110542651,7.27329294973894e-05,0.852218347866135,"skew-t",7,0,"yes","yes","yes",FALSE,TRUE,NA,TRUE,FALSE,"ar2"
110,"brier",0.1,"threshold_quantile",0.1,28.875,0.0371754965793651,0.000929375992111143,0.961245059886031,"skew-t",7,0,"yes","yes","yes",FALSE,TRUE,NA,TRUE,FALSE,"ar2"
110,"brier",0.2,"threshold_quantile",0.2,36,0.0609027509028709,0.00149904829359492,0.962789238997638,"skew-t",7,0,"yes","yes","yes",FALSE,TRUE,NA,TRUE,FALSE,"ar2"
110,"brier",0.3,"threshold_quantile",0.3,41.625,0.0764880061678633,0.00159818042211754,0.968797616624074,"skew-t",7,0,"yes","yes","yes",FALSE,TRUE,NA,TRUE,FALSE,"ar2"
110,"brier",0.4,"threshold_quantile",0.4,46.5,0.0870630917409095,0.00084759047631152,0.975138292410884,"skew-t",7,0,"yes","yes","yes",FALSE,TRUE,NA,TRUE,FALSE,"ar2"
110,"brier",0.5,"threshold_quantile",0.5,50.875,0.0930137686145823,0.00116016213810585,0.983414306963317,"skew-t",7,0,"yes","yes","yes",FALSE,TRUE,NA,TRUE,FALSE,"ar2"
110,"brier",0.6,"threshold_quantile",0.6,55.429,0.0935702380319066,0.000120204968843567,0.989297897942948,"skew-t",7,0,"yes","yes","yes",FALSE,TRUE,NA,TRUE,FALSE,"ar2"
110,"brier",0.7,"threshold_quantile",0.7,60.125,0.0856639098357497,0.000370772171418732,0.990359194739949,"skew-t",7,0,"yes","yes","yes",FALSE,TRUE,NA,TRUE,FALSE,"ar2"
110,"brier",0.8,"threshold_quantile",0.8,65.5,0.0712472069211234,0.00134874257170273,0.995845097010654,"skew-t",7,0,"yes","yes","yes",FALSE,TRUE,NA,TRUE,FALSE,"ar2"
110,"brier",0.9,"threshold_quantile",0.9,73.25,0.0449083698266734,0.00117208586234897,0.996969426964158,"skew-t",7,0,"yes","yes","yes",FALSE,TRUE,NA,TRUE,FALSE,"ar2"
110,"brier",0.95,"threshold_quantile",0.95,79.75,0.0268609331011669,0.00202526127654411,0.993740375800462,"skew-t",7,0,"yes","yes","yes",FALSE,TRUE,NA,TRUE,FALSE,"ar2"
110,"brier",0.98,"threshold_quantile",0.98,88.5,0.0127444664780872,0.000666141880271118,0.987014588627328,"skew-t",7,0,"yes","yes","yes",FALSE,TRUE,NA,TRUE,FALSE,"ar2"
110,"brier",0.99,"threshold_quantile",0.99,94.75,0.0070052919332248,0.000509237599641402,0.964447208880987,"skew-t",7,0,"yes","yes","yes",FALSE,TRUE,NA,TRUE,FALSE,"ar2"
110,"brier",0.995,"threshold_quantile",0.995,100.52,0.00392055983635423,2.44038840328201e-05,0.97279808578474,"skew-t",7,0,"yes","yes","yes",FALSE,TRUE,NA,TRUE,FALSE,"ar2"
110,"quantile",0,"score_quantile",0,NA,0,0,NA,"skew-t",7,0,"yes","yes","yes",FALSE,TRUE,NA,TRUE,FALSE,"ar2"
110,"quantile",0.1,"score_quantile",0.1,NA,4.368362604657,0.00955184794056496,0.993147976931355,"skew-t",7,0,"yes","yes","yes",FALSE,TRUE,NA,TRUE,FALSE,"ar2"
110,"quantile",0.2,"score_quantile",0.2,NA,7.22630745458209,0.0183573340257146,0.996365397470372,"skew-t",7,0,"yes","yes","yes",FALSE,TRUE,NA,TRUE,FALSE,"ar2"
110,"quantile",0.3,"score_quantile",0.3,NA,9.18930336054543,0.00921651634098719,0.997994384522784,"skew-t",7,0,"yes","yes","yes",FALSE,TRUE,NA,TRUE,FALSE,"ar2"
110,"quantile",0.4,"score_quantile",0.4,NA,10.4017880698555,0.0160240359494006,0.998568086205065,"skew-t",7,0,"yes","yes","yes",FALSE,TRUE,NA,TRUE,FALSE,"ar2"
110,"quantile",0.5,"score_quantile",0.5,NA,10.9006439169703,0.0323215690087961,0.998716489842198,"skew-t",7,0,"yes","yes","yes",FALSE,TRUE,NA,TRUE,FALSE,"ar2"
110,"quantile",0.6,"score_quantile",0.6,NA,10.6991261722124,0.039737979054328,0.999299528184619,"skew-t",7,0,"yes","yes","yes",FALSE,TRUE,NA,TRUE,FALSE,"ar2"
110,"quantile",0.7,"score_quantile",0.7,NA,9.74699304954316,0.0242874746404427,0.999538431094827,"skew-t",7,0,"yes","yes","yes",FALSE,TRUE,NA,TRUE,FALSE,"ar2"
110,"quantile",0.8,"score_quantile",0.8,NA,7.93975232217173,0.000239151067507937,0.999742243566312,"skew-t",7,0,"yes","yes","yes",FALSE,TRUE,NA,TRUE,FALSE,"ar2"
110,"quantile",0.9,"score_quantile",0.9,NA,5.03369083853132,0.00271085439121599,0.998488750864085,"skew-t",7,0,"yes","yes","yes",FALSE,TRUE,NA,TRUE,FALSE,"ar2"
110,"quantile",0.95,"score_quantile",0.95,NA,2.99172395088243,0.00602350741330548,0.996802714069992,"skew-t",7,0,"yes","yes","yes",FALSE,TRUE,NA,TRUE,FALSE,"ar2"
110,"quantile",0.98,"score_quantile",0.98,NA,1.42711886208882,0.0182005709607959,0.988645676873827,"skew-t",7,0,"yes","yes","yes",FALSE,TRUE,NA,TRUE,FALSE,"ar2"
110,"quantile",0.99,"score_quantile",0.99,NA,0.801309002934268,0.020398672348436,0.977040781953184,"skew-t",7,0,"yes","yes","yes",FALSE,TRUE,NA,TRUE,FALSE,"ar2"
110,"quantile",0.995,"score_quantile",0.995,NA,0.447915876997096,0.0179091327369516,0.955375950066734,"skew-t",7,0,"yes","yes","yes",FALSE,TRUE,NA,TRUE,FALSE,"ar2"
111,"brier",0,"threshold_quantile",0,2,0.00116736044874081,0.000819284105731137,8.16403727743048,"skew-t",7,50,"yes","yes","yes",FALSE,TRUE,NA,TRUE,FALSE,"ar2"
111,"brier",0.1,"threshold_quantile",0.1,28.875,0.0639559790027725,0.000740566500269962,1.65370672952124,"skew-t",7,50,"yes","yes","yes",FALSE,TRUE,NA,TRUE,FALSE,"ar2"
111,"brier",0.2,"threshold_quantile",0.2,36,0.0851774208024641,0.000580303655316985,1.34653858714813,"skew-t",7,50,"yes","yes","yes",FALSE,TRUE,NA,TRUE,FALSE,"ar2"
111,"brier",0.3,"threshold_quantile",0.3,41.625,0.0928466833734497,0.00167012086761054,1.17599673556978,"skew-t",7,50,"yes","yes","yes",FALSE,TRUE,NA,TRUE,FALSE,"ar2"
111,"brier",0.4,"threshold_quantile",0.4,46.5,0.0949925341857311,0.00145575058212751,1.06395093173714,"skew-t",7,50,"yes","yes","yes",FALSE,TRUE,NA,TRUE,FALSE,"ar2"
111,"brier",0.5,"threshold_quantile",0.5,50.875,0.0955830717896241,0.0011634895407085,1.01057898955705,"skew-t",7,50,"yes","yes","yes",FALSE,TRUE,NA,TRUE,FALSE,"ar2"
111,"brier",0.6,"threshold_quantile",0.6,55.429,0.0942975272836302,8.81797634168305e-05,0.996987369970168,"skew-t",7,50,"yes","yes","yes",FALSE,TRUE,NA,TRUE,FALSE,"ar2"
111,"brier",0.7,"threshold_quantile",0.7,60.125,0.0857591720987467,0.000359596840154727,0.991460520353637,"skew-t",7,50,"yes","yes","yes",FALSE,TRUE,NA,TRUE,FALSE,"ar2"
111,"brier",0.8,"threshold_quantile",0.8,65.5,0.0708812618295965,0.00148641143033005,0.99073016491829,"skew-t",7,50,"yes","yes","yes",FALSE,TRUE,NA,TRUE,FALSE,"ar2"
111,"brier",0.9,"threshold_quantile",0.9,73.25,0.0447276016381072,0.00115834777797552,0.992956358619354,"skew-t",7,50,"yes","yes","yes",FALSE,TRUE,NA,TRUE,FALSE,"ar2"
111,"brier",0.95,"threshold_quantile",0.95,79.75,0.0266400412497031,0.00199102379200531,0.985568316004244,"skew-t",7,50,"yes","yes","yes",FALSE,TRUE,NA,TRUE,FALSE,"ar2"
111,"brier",0.98,"threshold_quantile",0.98,88.5,0.0126497501278635,0.000614090756354003,0.979679136836305,"skew-t",7,50,"yes","yes","yes",FALSE,TRUE,NA,TRUE,FALSE,"ar2"
111,"brier",0.99,"threshold_quantile",0.99,94.75,0.0069140406812201,0.00064270434046825,0.951884275581174,"skew-t",7,50,"yes","yes","yes",FALSE,TRUE,NA,TRUE,FALSE,"ar2"
111,"brier",0.995,"threshold_quantile",0.995,100.52,0.00385460047690852,9.54354056406995e-05,0.956431765339023,"skew-t",7,50,"yes","yes","yes",FALSE,TRUE,NA,TRUE,FALSE,"ar2"
111,"quantile",0,"score_quantile",0,NA,0,0,NA,"skew-t",7,50,"yes","yes","yes",FALSE,TRUE,NA,TRUE,FALSE,"ar2"
111,"quantile",0.1,"score_quantile",0.1,NA,4.49720869678448,0.0550444271361048,1.02244115776655,"skew-t",7,50,"yes","yes","yes",FALSE,TRUE,NA,TRUE,FALSE,"ar2"
111,"quantile",0.2,"score_quantile",0.2,NA,7.33525360200335,0.0383404402607161,1.01138692432354,"skew-t",7,50,"yes","yes","yes",FALSE,TRUE,NA,TRUE,FALSE,"ar2"
111,"quantile",0.3,"score_quantile",0.3,NA,9.32310016770102,0.0573827266331124,1.01252524251814,"skew-t",7,50,"yes","yes","yes",FALSE,TRUE,NA,TRUE,FALSE,"ar2"
111,"quantile",0.4,"score_quantile",0.4,NA,10.5312074832147,0.0722008971056898,1.01099230548813,"skew-t",7,50,"yes","yes","yes",FALSE,TRUE,NA,TRUE,FALSE,"ar2"
111,"quantile",0.5,"score_quantile",0.5,NA,11.0060661864212,0.0832756870092499,1.00837527327731,"skew-t",7,50,"yes","yes","yes",FALSE,TRUE,NA,TRUE,FALSE,"ar2"
111,"quantile",0.6,"score_quantile",0.6,NA,10.7658588388763,0.0808769881862261,1.00553236638452,"skew-t",7,50,"yes","yes","yes",FALSE,TRUE,NA,TRUE,FALSE,"ar2"
111,"quantile",0.7,"score_quantile",0.7,NA,9.77771133278839,0.0545577691697403,1.00268854154272,"skew-t",7,50,"yes","yes","yes",FALSE,TRUE,NA,TRUE,FALSE,"ar2"
111,"quantile",0.8,"score_quantile",0.8,NA,7.94889384138169,0.0234515654648528,1.00089330754838,"skew-t",7,50,"yes","yes","yes",FALSE,TRUE,NA,TRUE,FALSE,"ar2"
111,"quantile",0.9,"score_quantile",0.9,NA,5.03559224697523,0.00936742569005,0.998865916447539,"skew-t",7,50,"yes","yes","yes",FALSE,TRUE,NA,TRUE,FALSE,"ar2"
111,"quantile",0.95,"score_quantile",0.95,NA,2.99038285069099,0.0122766570071586,0.996355877285376,"skew-t",7,50,"yes","yes","yes",FALSE,TRUE,NA,TRUE,FALSE,"ar2"
111,"quantile",0.98,"score_quantile",0.98,NA,1.42582525923671,0.0229602732573989,0.987749525262843,"skew-t",7,50,"yes","yes","yes",FALSE,TRUE,NA,TRUE,FALSE,"ar2"
111,"quantile",0.99,"score_quantile",0.99,NA,0.798600191199057,0.0229230687789092,0.97373791186656,"skew-t",7,50,"yes","yes","yes",FALSE,TRUE,NA,TRUE,FALSE,"ar2"
111,"quantile",0.995,"score_quantile",0.995,NA,0.443385419805429,0.0196044061056955,0.945712774309842,"skew-t",7,50,"yes","yes","yes",FALSE,TRUE,NA,TRUE,FALSE,"ar2"
112,"brier",0,"threshold_quantile",0,2,0.00191090584360805,0.00162826456232677,13.3640869516384,"t",7,75,"yes","yes","yes",FALSE,TRUE,NA,TRUE,FALSE,"ar2"
112,"brier",0.1,"threshold_quantile",0.1,28.875,0.0810519293699413,0.00180300243967774,2.09575591101407,"t",7,75,"yes","yes","yes",FALSE,TRUE,NA,TRUE,FALSE,"ar2"
112,"brier",0.2,"threshold_quantile",0.2,36,0.126100745448778,0.00184506988322031,1.99348040848416,"t",7,75,"yes","yes","yes",FALSE,TRUE,NA,TRUE,FALSE,"ar2"
112,"brier",0.3,"threshold_quantile",0.3,41.625,0.152560529315506,0.00276827915629933,1.93233272243234,"t",7,75,"yes","yes","yes",FALSE,TRUE,NA,TRUE,FALSE,"ar2"
112,"brier",0.4,"threshold_quantile",0.4,46.5,0.165596466309577,0.00119008391064357,1.85474065022803,"t",7,75,"yes","yes","yes",FALSE,TRUE,NA,TRUE,FALSE,"ar2"
112,"brier",0.5,"threshold_quantile",0.5,50.875,0.161736281333701,0.000292336534167326,1.7100024586432,"t",7,75,"yes","yes","yes",FALSE,TRUE,NA,TRUE,FALSE,"ar2"
112,"brier",0.6,"threshold_quantile",0.6,55.429,0.147313157820412,0.000819338065473574,1.55751017028916,"t",7,75,"yes","yes","yes",FALSE,TRUE,NA,TRUE,FALSE,"ar2"
112,"brier",0.7,"threshold_quantile",0.7,60.125,0.12197776003491,0.000152884145937636,1.41018307985217,"t",7,75,"yes","yes","yes",FALSE,TRUE,NA,TRUE,FALSE,"ar2"
112,"brier",0.8,"threshold_quantile",0.8,65.5,0.0879968818112186,0.00177291578637902,1.22996068324395,"t",7,75,"yes","yes","yes",FALSE,TRUE,NA,TRUE,FALSE,"ar2"
112,"brier",0.9,"threshold_quantile",0.9,73.25,0.0488796176228554,0.000530920465232676,1.08513144787414,"t",7,75,"yes","yes","yes",FALSE,TRUE,NA,TRUE,FALSE,"ar2"
112,"brier",0.95,"threshold_quantile",0.95,79.75,0.0273726904574655,0.00115202025658191,1.0126732232057,"t",7,75,"yes","yes","yes",FALSE,TRUE,NA,TRUE,FALSE,"ar2"
112,"brier",0.98,"threshold_quantile",0.98,88.5,0.0127327450385582,0.000561318868682386,0.986106803916624,"t",7,75,"yes","yes","yes",FALSE,TRUE,NA,TRUE,FALSE,"ar2"
112,"brier",0.99,"threshold_quantile",0.99,94.75,0.00692214232150255,0.000608851248734356,0.952999661553985,"t",7,75,"yes","yes","yes",FALSE,TRUE,NA,TRUE,FALSE,"ar2"
112,"brier",0.995,"threshold_quantile",0.995,100.52,0.00386717426477115,0.000124588948442065,0.959551665882412,"t",7,75,"yes","yes","yes",FALSE,TRUE,NA,TRUE,FALSE,"ar2"
112,"quantile",0,"score_quantile",0,NA,0,0,NA,"t",7,75,"yes","yes","yes",FALSE,TRUE,NA,TRUE,FALSE,"ar2"
112,"quantile",0.1,"score_quantile",0.1,NA,5.12369062402842,0.280053062670726,1.16487192987395,"t",7,75,"yes","yes","yes",FALSE,TRUE,NA,TRUE,FALSE,"ar2"
112,"quantile",0.2,"score_quantile",0.2,NA,8.20846638702246,0.331826006645198,1.13178575997924,"t",7,75,"yes","yes","yes",FALSE,TRUE,NA,TRUE,FALSE,"ar2"
112,"quantile",0.3,"score_quantile",0.3,NA,10.2202618993479,0.27521671374703,1.10996052515737,"t",7,75,"yes","yes","yes",FALSE,TRUE,NA,TRUE,FALSE,"ar2"
112,"quantile",0.4,"score_quantile",0.4,NA,11.3565714137474,0.212218469780915,1.09022695966487,"t",7,75,"yes","yes","yes",FALSE,TRUE,NA,TRUE,FALSE,"ar2"
112,"quantile",0.5,"score_quantile",0.5,NA,11.7107302994163,0.158361415842902,1.07293656661087,"t",7,75,"yes","yes","yes",FALSE,TRUE,NA,TRUE,FALSE,"ar2"
112,"quantile",0.6,"score_quantile",0.6,NA,11.3309588680234,0.123851881404834,1.05831276951413,"t",7,75,"yes","yes","yes",FALSE,TRUE,NA,TRUE,FALSE,"ar2"
112,"quantile",0.7,"score_quantile",0.7,NA,10.1952057606243,0.0936470590347049,1.04550192237399,"t",7,75,"yes","yes","yes",FALSE,TRUE,NA,TRUE,FALSE,"ar2"
112,"quantile",0.8,"score_quantile",0.8,NA,8.22601746096639,0.0367562071967162,1.03578761885015,"t",7,75,"yes","yes","yes",FALSE,TRUE,NA,TRUE,FALSE,"ar2"
112,"quantile",0.9,"score_quantile",0.9,NA,5.17582912047187,0.00779156693990712,1.02668346526696,"t",7,75,"yes","yes","yes",FALSE,TRUE,NA,TRUE,FALSE,"ar2"
112,"quantile",0.95,"score_quantile",0.95,NA,3.05793830995482,0.00389904920119344,1.01886445971143,"t",7,75,"yes","yes","yes",FALSE,TRUE,NA,TRUE,FALSE,"ar2"
112,"quantile",0.98,"score_quantile",0.98,NA,1.45377722326098,0.0102141458399596,1.00711342628527,"t",7,75,"yes","yes","yes",FALSE,TRUE,NA,TRUE,FALSE,"ar2"
112,"quantile",0.99,"score_quantile",0.99,NA,0.813996549973037,0.0113917588101963,0.992510782707492,"t",7,75,"yes","yes","yes",FALSE,TRUE,NA,TRUE,FALSE,"ar2"
112,"quantile",0.995,"score_quantile",0.995,NA,0.451106931743137,0.0118306359427535,0.962182265976213,"t",7,75,"yes","yes","yes",FALSE,TRUE,NA,TRUE,FALSE,"ar2"
113,"brier",0,"threshold_quantile",0,2,0.000128800777431595,7.82185218677042e-05,0.9007794888441,"skew-t",8,0,"yes","yes","yes",FALSE,TRUE,NA,TRUE,FALSE,"ar2"
113,"brier",0.1,"threshold_quantile",0.1,28.875,0.0372601784776011,0.000902303859649848,0.963434675730635,"skew-t",8,0,"yes","yes","yes",FALSE,TRUE,NA,TRUE,FALSE,"ar2"
113,"brier",0.2,"threshold_quantile",0.2,36,0.0608955195608737,0.00132742360491775,0.962674921365755,"skew-t",8,0,"yes","yes","yes",FALSE,TRUE,NA,TRUE,FALSE,"ar2"
113,"brier",0.3,"threshold_quantile",0.3,41.625,0.0765457530002633,0.00144943207600574,0.969529038403771,"skew-t",8,0,"yes","yes","yes",FALSE,TRUE,NA,TRUE,FALSE,"ar2"
113,"brier",0.4,"threshold_quantile",0.4,46.5,0.0871219898533004,0.000985129843290397,0.975797972690951,"skew-t",8,0,"yes","yes","yes",FALSE,TRUE,NA,TRUE,FALSE,"ar2"
113,"brier",0.5,"threshold_quantile",0.5,50.875,0.093161786959569,0.00103927274869143,0.984979272670234,"skew-t",8,0,"yes","yes","yes",FALSE,TRUE,NA,TRUE,FALSE,"ar2"
113,"brier",0.6,"threshold_quantile",0.6,55.429,0.0936868147075921,0.000193195378262734,0.990530437932485,"skew-t",8,0,"yes","yes","yes",FALSE,TRUE,NA,TRUE,FALSE,"ar2"
113,"brier",0.7,"threshold_quantile",0.7,60.125,0.0856252488273232,0.000609226294790668,0.989912235393282,"skew-t",8,0,"yes","yes","yes",FALSE,TRUE,NA,TRUE,FALSE,"ar2"
113,"brier",0.8,"threshold_quantile",0.8,65.5,0.0709250902556482,0.00154277574702109,0.991342768907687,"skew-t",8,0,"yes","yes","yes",FALSE,TRUE,NA,TRUE,FALSE,"ar2"
113,"brier",0.9,"threshold_quantile",0.9,73.25,0.0448580209302801,0.00128174808540223,0.995851677409248,"skew-t",8,0,"yes","yes","yes",FALSE,TRUE,NA,TRUE,FALSE,"ar2"
113,"brier",0.95,"threshold_quantile",0.95,79.75,0.0269475926187152,0.00195651554277959,0.996946409679136,"skew-t",8,0,"yes","yes","yes",FALSE,TRUE,NA,TRUE,FALSE,"ar2"
113,"brier",0.98,"threshold_quantile",0.98,88.5,0.0127635241881416,0.000707832508555067,0.988490541966125,"skew-t",8,0,"yes","yes","yes",FALSE,TRUE,NA,TRUE,FALSE,"ar2"
113,"brier",0.99,"threshold_quantile",0.99,94.75,0.00703264821737842,0.000499245980152445,0.968213460473185,"skew-t",8,0,"yes","yes","yes",FALSE,TRUE,NA,TRUE,FALSE,"ar2"
113,"brier",0.995,"threshold_quantile",0.995,100.52,0.00393112408973615,1.02769246115332e-05,0.975419365881622,"skew-t",8,0,"yes","yes","yes",FALSE,TRUE,NA,TRUE,FALSE,"ar2"
113,"quantile",0,"score_quantile",0,NA,0,0,NA,"skew-t",8,0,"yes","yes","yes",FALSE,TRUE,NA,TRUE,FALSE,"ar2"
113,"quantile",0.1,"score_quantile",0.1,NA,4.36764456599123,0.0113254769186946,0.99298473071926,"skew-t",8,0,"yes","yes","yes",FALSE,TRUE,NA,TRUE,FALSE,"ar2"
113,"quantile",0.2,"score_quantile",0.2,NA,7.22489834283293,0.0193689129135657,0.996171108727904,"skew-t",8,0,"yes","yes","yes",FALSE,TRUE,NA,TRUE,FALSE,"ar2"
113,"quantile",0.3,"score_quantile",0.3,NA,9.18904596786042,0.0112244570830367,0.997966430667722,"skew-t",8,0,"yes","yes","yes",FALSE,TRUE,NA,TRUE,FALSE,"ar2"
113,"quantile",0.4,"score_quantile",0.4,NA,10.4035270605684,0.0181075547516372,0.998735028716909,"skew-t",8,0,"yes","yes","yes",FALSE,TRUE,NA,TRUE,FALSE,"ar2"
113,"quantile",0.5,"score_quantile",0.5,NA,10.9024242990889,0.0348334196984679,0.998879608369295,"skew-t",8,0,"yes","yes","yes",FALSE,TRUE,NA,TRUE,FALSE,"ar2"
113,"quantile",0.6,"score_quantile",0.6,NA,10.7008009997786,0.0413459763364354,0.999455957258338,"skew-t",8,0,"yes","yes","yes",FALSE,TRUE,NA,TRUE,FALSE,"ar2"
113,"quantile",0.7,"score_quantile",0.7,NA,9.7462284550454,0.0258779259498239,0.999460023161136,"skew-t",8,0,"yes","yes","yes",FALSE,TRUE,NA,TRUE,FALSE,"ar2"
113,"quantile",0.8,"score_quantile",0.8,NA,7.9396836514363,0.00110303510455489,0.999733596818615,"skew-t",8,0,"yes","yes","yes",FALSE,TRUE,NA,TRUE,FALSE,"ar2"
113,"quantile",0.9,"score_quantile",0.9,NA,5.03442657871703,0.00807328842294064,0.998634693140349,"skew-t",8,0,"yes","yes","yes",FALSE,TRUE,NA,TRUE,FALSE,"ar2"
113,"quantile",0.95,"score_quantile",0.95,NA,2.99147203970824,0.00304610355611845,0.996718780610132,"skew-t",8,0,"yes","yes","yes",FALSE,TRUE,NA,TRUE,FALSE,"ar2"
113,"quantile",0.98,"score_quantile",0.98,NA,1.42607048469836,0.0199301600437163,0.987919406762523,"skew-t",8,0,"yes","yes","yes",FALSE,TRUE,NA,TRUE,FALSE,"ar2"
113,"quantile",0.99,"score_quantile",0.99,NA,0.800459202044455,0.0205300453992416,0.976004614728247,"skew-t",8,0,"yes","yes","yes",FALSE,TRUE,NA,TRUE,FALSE,"ar2"
113,"quantile",0.995,"score_quantile",0.995,NA,0.446083209624676,0.0186665389832349,0.951466987643208,"skew-t",8,0,"yes","yes","yes",FALSE,TRUE,NA,TRUE,FALSE,"ar2"
114,"brier",0,"threshold_quantile",0,2,0.00139303599857672,0.0010495793485934,9.74231894994415,"skew-t",8,50,"yes","yes","yes",FALSE,TRUE,NA,TRUE,FALSE,"ar2"
114,"brier",0.1,"threshold_quantile",0.1,28.875,0.0662938477523034,0.00232231344466247,1.71415689140007,"skew-t",8,50,"yes","yes","yes",FALSE,TRUE,NA,TRUE,FALSE,"ar2"
114,"brier",0.2,"threshold_quantile",0.2,36,0.0861541922766352,0.00205735165601461,1.36198000892875,"skew-t",8,50,"yes","yes","yes",FALSE,TRUE,NA,TRUE,FALSE,"ar2"
114,"brier",0.3,"threshold_quantile",0.3,41.625,0.0927159428187865,0.00225540126723498,1.17434077479763,"skew-t",8,50,"yes","yes","yes",FALSE,TRUE,NA,TRUE,FALSE,"ar2"
114,"brier",0.4,"threshold_quantile",0.4,46.5,0.0949724546718411,0.00152626398782378,1.06372603387863,"skew-t",8,50,"yes","yes","yes",FALSE,TRUE,NA,TRUE,FALSE,"ar2"
114,"brier",0.5,"threshold_quantile",0.5,50.875,0.0954334183174923,0.000913192771946736,1.00899673600714,"skew-t",8,50,"yes","yes","yes",FALSE,TRUE,NA,TRUE,FALSE,"ar2"
114,"brier",0.6,"threshold_quantile",0.6,55.429,0.0943663011113089,0.000334052749218335,0.997714500782134,"skew-t",8,50,"yes","yes","yes",FALSE,TRUE,NA,TRUE,FALSE,"ar2"
114,"brier",0.7,"threshold_quantile",0.7,60.125,0.0857585762432638,0.000425689479833673,0.991453631677211,"skew-t",8,50,"yes","yes","yes",FALSE,TRUE,NA,TRUE,FALSE,"ar2"
114,"brier",0.8,"threshold_quantile",0.8,65.5,0.0709000871519769,0.0014808200185269,0.99099329249623,"skew-t",8,50,"yes","yes","yes",FALSE,TRUE,NA,TRUE,FALSE,"ar2"
114,"brier",0.9,"threshold_quantile",0.9,73.25,0.044738636534544,0.0010799334487726,0.993201334208975,"skew-t",8,50,"yes","yes","yes",FALSE,TRUE,NA,TRUE,FALSE,"ar2"
114,"brier",0.95,"threshold_quantile",0.95,79.75,0.0267520267207918,0.00186997535461693,0.989711302538062,"skew-t",8,50,"yes","yes","yes",FALSE,TRUE,NA,TRUE,FALSE,"ar2"
114,"brier",0.98,"threshold_quantile",0.98,88.5,0.0126499774991245,0.000662066277985913,0.979696745949406,"skew-t",8,50,"yes","yes","yes",FALSE,TRUE,NA,TRUE,FALSE,"ar2"
114,"brier",0.99,"threshold_quantile",0.99,94.75,0.00700816439236561,0.000516270098792216,0.964842672086145,"skew-t",8,50,"yes","yes","yes",FALSE,TRUE,NA,TRUE,FALSE,"ar2"
114,"brier",0.995,"threshold_quantile",0.995,100.52,0.00391189709019347,6.68475878178752e-05,0.970648621617737,"skew-t",8,50,"yes","yes","yes",FALSE,TRUE,NA,TRUE,FALSE,"ar2"
114,"quantile",0,"score_quantile",0,NA,0,0,NA,"skew-t",8,50,"yes","yes","yes",FALSE,TRUE,NA,TRUE,FALSE,"ar2"
114,"quantile",0.1,"score_quantile",0.1,NA,4.5048876481654,0.0454053315148237,1.02418696866164,"skew-t",8,50,"yes","yes","yes",FALSE,TRUE,NA,TRUE,FALSE,"ar2"
114,"quantile",0.2,"score_quantile",0.2,NA,7.35523949261666,0.0470173642085179,1.01414258480019,"skew-t",8,50,"yes","yes","yes",FALSE,TRUE,NA,TRUE,FALSE,"ar2"
114,"quantile",0.3,"score_quantile",0.3,NA,9.33669957325707,0.0603208688088079,1.0140021912971,"skew-t",8,50,"yes","yes","yes",FALSE,TRUE,NA,TRUE,FALSE,"ar2"
114,"quantile",0.4,"score_quantile",0.4,NA,10.5376184735638,0.0712772580684025,1.01160775836225,"skew-t",8,50,"yes","yes","yes",FALSE,TRUE,NA,TRUE,FALSE,"ar2"
114,"quantile",0.5,"score_quantile",0.5,NA,11.0068946734612,0.0798907896170746,1.00845117922147,"skew-t",8,50,"yes","yes","yes",FALSE,TRUE,NA,TRUE,FALSE,"ar2"
114,"quantile",0.6,"score_quantile",0.6,NA,10.7655913855533,0.0774491171193254,1.00550738621557,"skew-t",8,50,"yes","yes","yes",FALSE,TRUE,NA,TRUE,FALSE,"ar2"
114,"quantile",0.7,"score_quantile",0.7,NA,9.77900701268748,0.0519431816440079,1.00282141142853,"skew-t",8,50,"yes","yes","yes",FALSE,TRUE,NA,TRUE,FALSE,"ar2"
114,"quantile",0.8,"score_quantile",0.8,NA,7.95153237665179,0.0189082991051364,1.00122554148511,"skew-t",8,50,"yes","yes","yes",FALSE,TRUE,NA,TRUE,FALSE,"ar2"
114,"quantile",0.9,"score_quantile",0.9,NA,5.03824899072152,0.00520374753260766,0.999392911217319,"skew-t",8,50,"yes","yes","yes",FALSE,TRUE,NA,TRUE,FALSE,"ar2"
114,"quantile",0.95,"score_quantile",0.95,NA,2.99132291169871,0.010193501399743,0.996669093136595,"skew-t",8,50,"yes","yes","yes",FALSE,TRUE,NA,TRUE,FALSE,"ar2"
114,"quantile",0.98,"score_quantile",0.98,NA,1.42633053451761,0.017570512383432,0.988099557930309,"skew-t",8,50,"yes","yes","yes",FALSE,TRUE,NA,TRUE,FALSE,"ar2"
114,"quantile",0.99,"score_quantile",0.99,NA,0.798448055702759,0.0183314810663716,0.973552412160801,"skew-t",8,50,"yes","yes","yes",FALSE,TRUE,NA,TRUE,FALSE,"ar2"
114,"quantile",0.995,"score_quantile",0.995,NA,0.442014910432473,0.0154074850123995,0.942789565373732,"skew-t",8,50,"yes","yes","yes",FALSE,TRUE,NA,TRUE,FALSE,"ar2"
115,"brier",0,"threshold_quantile",0,2,0.000404666147486571,6.48297183792945e-05,2.83006805358031,"t",8,75,"yes","yes","yes",FALSE,TRUE,NA,TRUE,FALSE,"ar2"
115,"brier",0.1,"threshold_quantile",0.1,28.875,0.079346174562557,0.00286210634100217,2.05165028949333,"t",8,75,"yes","yes","yes",FALSE,TRUE,NA,TRUE,FALSE,"ar2"
115,"brier",0.2,"threshold_quantile",0.2,36,0.123774550273218,0.00450917076370819,1.95670644261832,"t",8,75,"yes","yes","yes",FALSE,TRUE,NA,TRUE,FALSE,"ar2"
115,"brier",0.3,"threshold_quantile",0.3,41.625,0.149383454023313,0.00424165453716031,1.89209186474602,"t",8,75,"yes","yes","yes",FALSE,TRUE,NA,TRUE,FALSE,"ar2"
115,"brier",0.4,"threshold_quantile",0.4,46.5,0.162148804770941,0.00397940988605636,1.81612558707819,"t",8,75,"yes","yes","yes",FALSE,TRUE,NA,TRUE,FALSE,"ar2"
115,"brier",0.5,"threshold_quantile",0.5,50.875,0.159369668337089,0.00313345054596482,1.68498077513786,"t",8,75,"yes","yes","yes",FALSE,TRUE,NA,TRUE,FALSE,"ar2"
115,"brier",0.6,"threshold_quantile",0.6,55.429,0.146650722070944,0.000478036488695502,1.55050638032073,"t",8,75,"yes","yes","yes",FALSE,TRUE,NA,TRUE,FALSE,"ar2"
115,"brier",0.7,"threshold_quantile",0.7,60.125,0.121417263812361,0.000215704503051438,1.40370319131238,"t",8,75,"yes","yes","yes",FALSE,TRUE,NA,TRUE,FALSE,"ar2"
115,"brier",0.8,"threshold_quantile",0.8,65.5,0.0878520588711467,0.00179855382821931,1.22793644649085,"t",8,75,"yes","yes","yes",FALSE,TRUE,NA,TRUE,FALSE,"ar2"
115,"brier",0.9,"threshold_quantile",0.9,73.25,0.0489275852193842,0.000460489658827369,1.08619633238027,"t",8,75,"yes","yes","yes",FALSE,TRUE,NA,TRUE,FALSE,"ar2"
115,"brier",0.95,"threshold_quantile",0.95,79.75,0.0273528427212371,0.00108626987469215,1.01193894131073,"t",8,75,"yes","yes","yes",FALSE,TRUE,NA,TRUE,FALSE,"ar2"
115,"brier",0.98,"threshold_quantile",0.98,88.5,0.0127307103473679,0.00057542240204821,0.98594922416296,"t",8,75,"yes","yes","yes",FALSE,TRUE,NA,TRUE,FALSE,"ar2"
115,"brier",0.99,"threshold_quantile",0.99,94.75,0.0069292721887604,0.000648036379808165,0.953981259557619,"t",8,75,"yes","yes","yes",FALSE,TRUE,NA,TRUE,FALSE,"ar2"
115,"brier",0.995,"threshold_quantile",0.995,100.52,0.00387344159420235,0.000127870771496678,0.961106761666724,"t",8,75,"yes","yes","yes",FALSE,TRUE,NA,TRUE,FALSE,"ar2"
115,"quantile",0,"score_quantile",0,NA,0,0,NA,"t",8,75,"yes","yes","yes",FALSE,TRUE,NA,TRUE,FALSE,"ar2"
115,"quantile",0.1,"score_quantile",0.1,NA,5.10084236115775,0.0178570834663181,1.15967737344628,"t",8,75,"yes","yes","yes",FALSE,TRUE,NA,TRUE,FALSE,"ar2"
115,"quantile",0.2,"score_quantile",0.2,NA,8.1955302107242,0.00812221123994483,1.13000211618603,"t",8,75,"yes","yes","yes",FALSE,TRUE,NA,TRUE,FALSE,"ar2"
115,"quantile",0.3,"score_quantile",0.3,NA,10.1931998302145,0.00567269758825439,1.10702147831463,"t",8,75,"yes","yes","yes",FALSE,TRUE,NA,TRUE,FALSE,"ar2"
115,"quantile",0.4,"score_quantile",0.4,NA,11.3193966506646,0.00091388296992978,1.08665819516232,"t",8,75,"yes","yes","yes",FALSE,TRUE,NA,TRUE,FALSE,"ar2"
115,"quantile",0.5,"score_quantile",0.5,NA,11.671277628245,0.00894089442979151,1.06932191470891,"t",8,75,"yes","yes","yes",FALSE,TRUE,NA,TRUE,FALSE,"ar2"
115,"quantile",0.6,"score_quantile",0.6,NA,11.2922523792359,0.0211929089453555,1.05469757932378,"t",8,75,"yes","yes","yes",FALSE,TRUE,NA,TRUE,FALSE,"ar2"
115,"quantile",0.7,"score_quantile",0.7,NA,10.1758962893958,0.0293529471145906,1.04352176721446,"t",8,75,"yes","yes","yes",FALSE,TRUE,NA,TRUE,FALSE,"ar2"
115,"quantile",0.8,"score_quantile",0.8,NA,8.21182079721864,0.00532703222206443,1.03400003104005,"t",8,75,"yes","yes","yes",FALSE,TRUE,NA,TRUE,FALSE,"ar2"
115,"quantile",0.9,"score_quantile",0.9,NA,5.16781112321148,0.0143620432557268,1.02509300603421,"t",8,75,"yes","yes","yes",FALSE,TRUE,NA,TRUE,FALSE,"ar2"
115,"quantile",0.95,"score_quantile",0.95,NA,3.05525301606424,0.00554589001900019,1.01796975542649,"t",8,75,"yes","yes","yes",FALSE,TRUE,NA,TRUE,FALSE,"ar2"
115,"quantile",0.98,"score_quantile",0.98,NA,1.45356831776299,0.00915867186879915,1.00696870567162,"t",8,75,"yes","yes","yes",FALSE,TRUE,NA,TRUE,FALSE,"ar2"
115,"quantile",0.99,"score_quantile",0.99,NA,0.816035449248091,0.0114512590801162,0.994996824589871,"t",8,75,"yes","yes","yes",FALSE,TRUE,NA,TRUE,FALSE,"ar2"
115,"quantile",0.995,"score_quantile",0.995,NA,0.452995141394122,0.0126513352570312,0.966209696531543,"t",8,75,"yes","yes","yes",FALSE,TRUE,NA,TRUE,FALSE,"ar2"
116,"brier",0,"threshold_quantile",0,2,0.000135176134262545,6.29622541258438e-05,0.945366103784614,"skew-t",9,0,"yes","yes","yes",FALSE,TRUE,NA,TRUE,FALSE,"ar2"
116,"brier",0.1,"threshold_quantile",0.1,28.875,0.0372473807647032,0.000963804288226712,0.963103765872451,"skew-t",9,0,"yes","yes","yes",FALSE,TRUE,NA,TRUE,FALSE,"ar2"
116,"brier",0.2,"threshold_quantile",0.2,36,0.0609436500589224,0.00131557074961308,0.963435798746528,"skew-t",9,0,"yes","yes","yes",FALSE,TRUE,NA,TRUE,FALSE,"ar2"
116,"brier",0.3,"threshold_quantile",0.3,41.625,0.0764791544417286,0.00137910168230246,0.968685500599458,"skew-t",9,0,"yes","yes","yes",FALSE,TRUE,NA,TRUE,FALSE,"ar2"
116,"brier",0.4,"threshold_quantile",0.4,46.5,0.086964052074186,0.000861297849961737,0.974029012122779,"skew-t",9,0,"yes","yes","yes",FALSE,TRUE,NA,TRUE,FALSE,"ar2"
116,"brier",0.5,"threshold_quantile",0.5,50.875,0.0927589599440951,0.0012502645420264,0.980720270415527,"skew-t",9,0,"yes","yes","yes",FALSE,TRUE,NA,TRUE,FALSE,"ar2"
116,"brier",0.6,"threshold_quantile",0.6,55.429,0.0935061071869344,0.000673626819900672,0.98861985638338,"skew-t",9,0,"yes","yes","yes",FALSE,TRUE,NA,TRUE,FALSE,"ar2"
116,"brier",0.7,"threshold_quantile",0.7,60.125,0.0855785875726164,0.000806105644021116,0.989372785317683,"skew-t",9,0,"yes","yes","yes",FALSE,TRUE,NA,TRUE,FALSE,"ar2"
116,"brier",0.8,"threshold_quantile",0.8,65.5,0.0712068179166551,0.00130461010803627,0.995280566921531,"skew-t",9,0,"yes","yes","yes",FALSE,TRUE,NA,TRUE,FALSE,"ar2"
116,"brier",0.9,"threshold_quantile",0.9,73.25,0.0449930120247667,0.00100533044770577,0.998848490578708,"skew-t",9,0,"yes","yes","yes",FALSE,TRUE,NA,TRUE,FALSE,"ar2"
116,"brier",0.95,"threshold_quantile",0.95,79.75,0.0268892451798961,0.00201706220081797,0.994787802397671,"skew-t",9,0,"yes","yes","yes",FALSE,TRUE,NA,TRUE,FALSE,"ar2"
116,"brier",0.98,"threshold_quantile",0.98,88.5,0.0126544093640239,0.000615635123797216,0.980039978466676,"skew-t",9,0,"yes","yes","yes",FALSE,TRUE,NA,TRUE,FALSE,"ar2"
116,"brier",0.99,"threshold_quantile",0.99,94.75,0.00699547350623191,0.000421094108049034,0.963095465855978,"skew-t",9,0,"yes","yes","yes",FALSE,TRUE,NA,TRUE,FALSE,"ar2"
116,"brier",0.995,"threshold_quantile",0.995,100.52,0.00390196021642798,3.47663875428523e-07,0.968183011556614,"skew-t",9,0,"yes","yes","yes",FALSE,TRUE,NA,TRUE,FALSE,"ar2"
116,"quantile",0,"score_quantile",0,NA,0,0,NA,"skew-t",9,0,"yes","yes","yes",FALSE,TRUE,NA,TRUE,FALSE,"ar2"
116,"quantile",0.1,"score_quantile",0.1,NA,4.366888735677,0.0105209553879568,0.992812892569495,"skew-t",9,0,"yes","yes","yes",FALSE,TRUE,NA,TRUE,FALSE,"ar2"
116,"quantile",0.2,"score_quantile",0.2,NA,7.22428256682185,0.0201480467875856,0.996086205350365,"skew-t",9,0,"yes","yes","yes",FALSE,TRUE,NA,TRUE,FALSE,"ar2"
116,"quantile",0.3,"score_quantile",0.3,NA,9.1867362331314,0.0113061990746628,0.997715584417592,"skew-t",9,0,"yes","yes","yes",FALSE,TRUE,NA,TRUE,FALSE,"ar2"
116,"quantile",0.4,"score_quantile",0.4,NA,10.3995602362961,0.0159543642143474,0.998354214947658,"skew-t",9,0,"yes","yes","yes",FALSE,TRUE,NA,TRUE,FALSE,"ar2"
116,"quantile",0.5,"score_quantile",0.5,NA,10.8987189776992,0.0300039355764392,0.99854012699551,"skew-t",9,0,"yes","yes","yes",FALSE,TRUE,NA,TRUE,FALSE,"ar2"
116,"quantile",0.6,"score_quantile",0.6,NA,10.6978638798368,0.0373289686197689,0.999181629941809,"skew-t",9,0,"yes","yes","yes",FALSE,TRUE,NA,TRUE,FALSE,"ar2"
116,"quantile",0.7,"score_quantile",0.7,NA,9.74942234840894,0.0209279328747689,0.999787551778982,"skew-t",9,0,"yes","yes","yes",FALSE,TRUE,NA,TRUE,FALSE,"ar2"
116,"quantile",0.8,"score_quantile",0.8,NA,7.94500118179895,0.00365336290181872,1.00040315923307,"skew-t",9,0,"yes","yes","yes",FALSE,TRUE,NA,TRUE,FALSE,"ar2"
116,"quantile",0.9,"score_quantile",0.9,NA,5.03979386730479,0.00845168190549872,0.999699354727529,"skew-t",9,0,"yes","yes","yes",FALSE,TRUE,NA,TRUE,FALSE,"ar2"
116,"quantile",0.95,"score_quantile",0.95,NA,2.99452877816883,0.000920796540132329,0.997737245295961,"skew-t",9,0,"yes","yes","yes",FALSE,TRUE,NA,TRUE,FALSE,"ar2"
116,"quantile",0.98,"score_quantile",0.98,NA,1.42979589317988,0.0141354695648329,0.990500207204367,"skew-t",9,0,"yes","yes","yes",FALSE,TRUE,NA,TRUE,FALSE,"ar2"
116,"quantile",0.99,"score_quantile",0.99,NA,0.802423042741524,0.0179015465653103,0.978399137244867,"skew-t",9,0,"yes","yes","yes",FALSE,TRUE,NA,TRUE,FALSE,"ar2"
116,"quantile",0.995,"score_quantile",0.995,NA,0.447421536242721,0.017947828650258,0.954321552819121,"skew-t",9,0,"yes","yes","yes",FALSE,TRUE,NA,TRUE,FALSE,"ar2"
117,"brier",0,"threshold_quantile",0,2,0.000487701146607973,0.000179413178640005,3.41078057377041,"skew-t",9,50,"yes","yes","yes",FALSE,TRUE,NA,TRUE,FALSE,"ar2"
117,"brier",0.1,"threshold_quantile",0.1,28.875,0.0658585158538896,5.62350603579287e-05,1.70290053505611,"skew-t",9,50,"yes","yes","yes",FALSE,TRUE,NA,TRUE,FALSE,"ar2"
117,"brier",0.2,"threshold_quantile",0.2,36,0.0861992368804889,0.000321966830438843,1.36269210254066,"skew-t",9,50,"yes","yes","yes",FALSE,TRUE,NA,TRUE,FALSE,"ar2"
117,"brier",0.3,"threshold_quantile",0.3,41.625,0.0928341534301969,0.00163131296973643,1.17583803122163,"skew-t",9,50,"yes","yes","yes",FALSE,TRUE,NA,TRUE,FALSE,"ar2"
117,"brier",0.4,"threshold_quantile",0.4,46.5,0.0948643095781478,0.00152329423613912,1.06251476949682,"skew-t",9,50,"yes","yes","yes",FALSE,TRUE,NA,TRUE,FALSE,"ar2"
117,"brier",0.5,"threshold_quantile",0.5,50.875,0.0954378328571482,0.000949004588879955,1.00904340997295,"skew-t",9,50,"yes","yes","yes",FALSE,TRUE,NA,TRUE,FALSE,"ar2"
117,"brier",0.6,"threshold_quantile",0.6,55.429,0.0945153720781747,0.000143259446683495,0.999290595887443,"skew-t",9,50,"yes","yes","yes",FALSE,TRUE,NA,TRUE,FALSE,"ar2"
117,"brier",0.7,"threshold_quantile",0.7,60.125,0.0856697418469557,0.000381706751860639,0.990426618535253,"skew-t",9,50,"yes","yes","yes",FALSE,TRUE,NA,TRUE,FALSE,"ar2"
117,"brier",0.8,"threshold_quantile",0.8,65.5,0.0709809307389009,0.00133036139323119,0.99212326927907,"skew-t",9,50,"yes","yes","yes",FALSE,TRUE,NA,TRUE,FALSE,"ar2"
117,"brier",0.9,"threshold_quantile",0.9,73.25,0.0450503295329288,0.00119505858852601,1.00012094387612,"skew-t",9,50,"yes","yes","yes",FALSE,TRUE,NA,TRUE,FALSE,"ar2"
117,"brier",0.95,"threshold_quantile",0.95,79.75,0.0268926370408718,0.00208349614564802,0.99491328683963,"skew-t",9,50,"yes","yes","yes",FALSE,TRUE,NA,TRUE,FALSE,"ar2"
117,"brier",0.98,"threshold_quantile",0.98,88.5,0.0127055665341974,0.000713929191528363,0.984001923312377,"skew-t",9,50,"yes","yes","yes",FALSE,TRUE,NA,TRUE,FALSE,"ar2"
117,"brier",0.99,"threshold_quantile",0.99,94.75,0.00699638635600967,0.000588803210223226,0.963221141620626,"skew-t",9,50,"yes","yes","yes",FALSE,TRUE,NA,TRUE,FALSE,"ar2"
117,"brier",0.995,"threshold_quantile",0.995,100.52,0.00392152756492426,8.67960787193796e-05,0.973038205701226,"skew-t",9,50,"yes","yes","yes",FALSE,TRUE,NA,TRUE,FALSE,"ar2"
117,"quantile",0,"score_quantile",0,NA,0,0,NA,"skew-t",9,50,"yes","yes","yes",FALSE,TRUE,NA,TRUE,FALSE,"ar2"
117,"quantile",0.1,"score_quantile",0.1,NA,4.48329881277641,0.0164798559095183,1.01927874328492,"skew-t",9,50,"yes","yes","yes",FALSE,TRUE,NA,TRUE,FALSE,"ar2"
117,"quantile",0.2,"score_quantile",0.2,NA,7.38693550808565,0.0653109520085024,1.0185128407365,"skew-t",9,50,"yes","yes","yes",FALSE,TRUE,NA,TRUE,FALSE,"ar2"
117,"quantile",0.3,"score_quantile",0.3,NA,9.36871118669124,0.0706121902490651,1.01747877806253,"skew-t",9,50,"yes","yes","yes",FALSE,TRUE,NA,TRUE,FALSE,"ar2"
117,"quantile",0.4,"score_quantile",0.4,NA,10.5601834609355,0.0758256497751422,1.01377398940865,"skew-t",9,50,"yes","yes","yes",FALSE,TRUE,NA,TRUE,FALSE,"ar2"
117,"quantile",0.5,"score_quantile",0.5,NA,11.0214471246502,0.0809473413156683,1.00978447412411,"skew-t",9,50,"yes","yes","yes",FALSE,TRUE,NA,TRUE,FALSE,"ar2"
117,"quantile",0.6,"score_quantile",0.6,NA,10.7734829057721,0.0763938204667216,1.00624445504758,"skew-t",9,50,"yes","yes","yes",FALSE,TRUE,NA,TRUE,FALSE,"ar2"
117,"quantile",0.7,"score_quantile",0.7,NA,9.78424344015257,0.0501560581069027,1.00335839862719,"skew-t",9,50,"yes","yes","yes",FALSE,TRUE,NA,TRUE,FALSE,"ar2"
117,"quantile",0.8,"score_quantile",0.8,NA,7.95448634991357,0.0170107450318202,1.0015974941275,"skew-t",9,50,"yes","yes","yes",FALSE,TRUE,NA,TRUE,FALSE,"ar2"
117,"quantile",0.9,"score_quantile",0.9,NA,5.03782399547166,0.00351772105745951,0.999308608666811,"skew-t",9,50,"yes","yes","yes",FALSE,TRUE,NA,TRUE,FALSE,"ar2"
117,"quantile",0.95,"score_quantile",0.95,NA,2.9922751980978,0.0101772191380056,0.996986382325962,"skew-t",9,50,"yes","yes","yes",FALSE,TRUE,NA,TRUE,FALSE,"ar2"
117,"quantile",0.98,"score_quantile",0.98,NA,1.42977813298646,0.0201647071234627,0.990487903717314,"skew-t",9,50,"yes","yes","yes",FALSE,TRUE,NA,TRUE,FALSE,"ar2"
117,"quantile",0.99,"score_quantile",0.99,NA,0.802226960216791,0.0208679881437009,0.978160052668765,"skew-t",9,50,"yes","yes","yes",FALSE,TRUE,NA,TRUE,FALSE,"ar2"
117,"quantile",0.995,"score_quantile",0.995,NA,0.445299959472142,0.0176067071149609,0.949796365106597,"skew-t",9,50,"yes","yes","yes",FALSE,TRUE,NA,TRUE,FALSE,"ar2"
118,"brier",0,"threshold_quantile",0,2,0.000525108387457225,0.000192805204274041,3.67239138049984,"t",9,75,"yes","yes","yes",FALSE,TRUE,NA,TRUE,FALSE,"ar2"
118,"brier",0.1,"threshold_quantile",0.1,28.875,0.0789766000303304,0.00191733250280288,2.04209421826227,"t",9,75,"yes","yes","yes",FALSE,TRUE,NA,TRUE,FALSE,"ar2"
118,"brier",0.2,"threshold_quantile",0.2,36,0.123320987613467,0.000972543442629932,1.94953623697826,"t",9,75,"yes","yes","yes",FALSE,TRUE,NA,TRUE,FALSE,"ar2"
118,"brier",0.3,"threshold_quantile",0.3,41.625,0.149850459897584,0.000939875159513104,1.89800696438858,"t",9,75,"yes","yes","yes",FALSE,TRUE,NA,TRUE,FALSE,"ar2"
118,"brier",0.4,"threshold_quantile",0.4,46.5,0.162850709121203,0.00165287199407585,1.82398717108427,"t",9,75,"yes","yes","yes",FALSE,TRUE,NA,TRUE,FALSE,"ar2"
118,"brier",0.5,"threshold_quantile",0.5,50.875,0.160786005838836,0.00244961283583284,1.6999554029102,"t",9,75,"yes","yes","yes",FALSE,TRUE,NA,TRUE,FALSE,"ar2"
118,"brier",0.6,"threshold_quantile",0.6,55.429,0.147514567928639,0.00112571462199884,1.55963963582097,"t",9,75,"yes","yes","yes",FALSE,TRUE,NA,TRUE,FALSE,"ar2"
118,"brier",0.7,"threshold_quantile",0.7,60.125,0.121687872467459,0.000457963111436012,1.40683169397197,"t",9,75,"yes","yes","yes",FALSE,TRUE,NA,TRUE,FALSE,"ar2"
118,"brier",0.8,"threshold_quantile",0.8,65.5,0.0878858270975664,0.00166116612565679,1.22840843583848,"t",9,75,"yes","yes","yes",FALSE,TRUE,NA,TRUE,FALSE,"ar2"
118,"brier",0.9,"threshold_quantile",0.9,73.25,0.048909067614714,0.000422055435002393,1.08578524006523,"t",9,75,"yes","yes","yes",FALSE,TRUE,NA,TRUE,FALSE,"ar2"
118,"brier",0.95,"threshold_quantile",0.95,79.75,0.0273059092741854,0.00118642903745957,1.01020260321945,"t",9,75,"yes","yes","yes",FALSE,TRUE,NA,TRUE,FALSE,"ar2"
118,"brier",0.98,"threshold_quantile",0.98,88.5,0.0127031093173018,0.000581926164847018,0.983811620412878,"t",9,75,"yes","yes","yes",FALSE,TRUE,NA,TRUE,FALSE,"ar2"
118,"brier",0.99,"threshold_quantile",0.99,94.75,0.00691405134621243,0.000603059878345462,0.951885743874313,"t",9,75,"yes","yes","yes",FALSE,TRUE,NA,TRUE,FALSE,"ar2"
118,"brier",0.995,"threshold_quantile",0.995,100.52,0.00385578333640467,0.000134244851783516,0.956725265120085,"t",9,75,"yes","yes","yes",FALSE,TRUE,NA,TRUE,FALSE,"ar2"
118,"quantile",0,"score_quantile",0,NA,0,0,NA,"t",9,75,"yes","yes","yes",FALSE,TRUE,NA,TRUE,FALSE,"ar2"
118,"quantile",0.1,"score_quantile",0.1,NA,5.05573123104083,0.155700918292354,1.14942135038516,"t",9,75,"yes","yes","yes",FALSE,TRUE,NA,TRUE,FALSE,"ar2"
118,"quantile",0.2,"score_quantile",0.2,NA,8.17841368422582,0.161206104404695,1.12764208447757,"t",9,75,"yes","yes","yes",FALSE,TRUE,NA,TRUE,FALSE,"ar2"
118,"quantile",0.3,"score_quantile",0.3,NA,10.1978120893528,0.128718012668489,1.1075223877459,"t",9,75,"yes","yes","yes",FALSE,TRUE,NA,TRUE,FALSE,"ar2"
118,"quantile",0.4,"score_quantile",0.4,NA,11.3386964531268,0.0993323139370146,1.08851096957758,"t",9,75,"yes","yes","yes",FALSE,TRUE,NA,TRUE,FALSE,"ar2"
118,"quantile",0.5,"score_quantile",0.5,NA,11.6965646466711,0.0739619164175265,1.07163871016369,"t",9,75,"yes","yes","yes",FALSE,TRUE,NA,TRUE,FALSE,"ar2"
118,"quantile",0.6,"score_quantile",0.6,NA,11.3170324928307,0.066149454997233,1.05701204458245,"t",9,75,"yes","yes","yes",FALSE,TRUE,NA,TRUE,FALSE,"ar2"
118,"quantile",0.7,"score_quantile",0.7,NA,10.1912241294605,0.054109857715356,1.04509361251408,"t",9,75,"yes","yes","yes",FALSE,TRUE,NA,TRUE,FALSE,"ar2"
118,"quantile",0.8,"score_quantile",0.8,NA,8.22195697526914,0.00826267616659404,1.03527633853356,"t",9,75,"yes","yes","yes",FALSE,TRUE,NA,TRUE,FALSE,"ar2"
118,"quantile",0.9,"score_quantile",0.9,NA,5.16987349621457,0.00570037004520651,1.02550210073425,"t",9,75,"yes","yes","yes",FALSE,TRUE,NA,TRUE,FALSE,"ar2"
118,"quantile",0.95,"score_quantile",0.95,NA,3.05060509236124,0.00250210091893055,1.01642112893621,"t",9,75,"yes","yes","yes",FALSE,TRUE,NA,TRUE,FALSE,"ar2"
118,"quantile",0.98,"score_quantile",0.98,NA,1.45022094509269,0.00923609018152283,1.00464979194461,"t",9,75,"yes","yes","yes",FALSE,TRUE,NA,TRUE,FALSE,"ar2"
118,"quantile",0.99,"score_quantile",0.99,NA,0.812911433784893,0.0109070706069453,0.991187694154771,"t",9,75,"yes","yes","yes",FALSE,TRUE,NA,TRUE,FALSE,"ar2"
118,"quantile",0.995,"score_quantile",0.995,NA,0.451326923689523,0.0123081890073904,0.962651494743441,"t",9,75,"yes","yes","yes",FALSE,TRUE,NA,TRUE,FALSE,"ar2"
119,"brier",0,"threshold_quantile",0,2,0.00013873220829732,5.27795568011122e-05,0.970235818201032,"skew-t",10,0,"yes","yes","yes",FALSE,TRUE,NA,TRUE,FALSE,"ar2"
119,"brier",0.1,"threshold_quantile",0.1,28.875,0.0372984029389079,0.000939030032668327,0.964423043821953,"skew-t",10,0,"yes","yes","yes",FALSE,TRUE,NA,TRUE,FALSE,"ar2"
119,"brier",0.2,"threshold_quantile",0.2,36,0.0609227458303965,0.00166182421544826,0.963105331469174,"skew-t",10,0,"yes","yes","yes",FALSE,TRUE,NA,TRUE,FALSE,"ar2"
119,"brier",0.3,"threshold_quantile",0.3,41.625,0.0765315210663652,0.00146080258121337,0.969348776630307,"skew-t",10,0,"yes","yes","yes",FALSE,TRUE,NA,TRUE,FALSE,"ar2"
119,"brier",0.4,"threshold_quantile",0.4,46.5,0.0869912226917065,0.000789308824505924,0.974333332920983,"skew-t",10,0,"yes","yes","yes",FALSE,TRUE,NA,TRUE,FALSE,"ar2"
119,"brier",0.5,"threshold_quantile",0.5,50.875,0.0931788186385285,0.00115351054376707,0.985159344900506,"skew-t",10,0,"yes","yes","yes",FALSE,TRUE,NA,TRUE,FALSE,"ar2"
119,"brier",0.6,"threshold_quantile",0.6,55.429,0.0937057749933567,0.00042448714884552,0.990730900934887,"skew-t",10,0,"yes","yes","yes",FALSE,TRUE,NA,TRUE,FALSE,"ar2"
119,"brier",0.7,"threshold_quantile",0.7,60.125,0.0856201791258413,0.00053496741079289,0.989853624649424,"skew-t",10,0,"yes","yes","yes",FALSE,TRUE,NA,TRUE,FALSE,"ar2"
119,"brier",0.8,"threshold_quantile",0.8,65.5,0.0711992951141702,0.00157099037465197,0.995175418294741,"skew-t",10,0,"yes","yes","yes",FALSE,TRUE,NA,TRUE,FALSE,"ar2"
119,"brier",0.9,"threshold_quantile",0.9,73.25,0.0448393404899974,0.00130806362078007,0.995436970130494,"skew-t",10,0,"yes","yes","yes",FALSE,TRUE,NA,TRUE,FALSE,"ar2"
119,"brier",0.95,"threshold_quantile",0.95,79.75,0.0269027542713356,0.00191171533160067,0.995287581372335,"skew-t",10,0,"yes","yes","yes",FALSE,TRUE,NA,TRUE,FALSE,"ar2"
119,"brier",0.98,"threshold_quantile",0.98,88.5,0.0127467955554567,0.000613453069835277,0.987194967566347,"skew-t",10,0,"yes","yes","yes",FALSE,TRUE,NA,TRUE,FALSE,"ar2"
119,"brier",0.99,"threshold_quantile",0.99,94.75,0.00698567293639226,0.000446224374251721,0.961746181298333,"skew-t",10,0,"yes","yes","yes",FALSE,TRUE,NA,TRUE,FALSE,"ar2"
119,"brier",0.995,"threshold_quantile",0.995,100.52,0.0039266236438076,6.77147497209598e-06,0.97430268220194,"skew-t",10,0,"yes","yes","yes",FALSE,TRUE,NA,TRUE,FALSE,"ar2"
119,"quantile",0,"score_quantile",0,NA,0,0,NA,"skew-t",10,0,"yes","yes","yes",FALSE,TRUE,NA,TRUE,FALSE,"ar2"
119,"quantile",0.1,"score_quantile",0.1,NA,4.3710362567706,0.00740814744868334,0.99375583219154,"skew-t",10,0,"yes","yes","yes",FALSE,TRUE,NA,TRUE,FALSE,"ar2"
119,"quantile",0.2,"score_quantile",0.2,NA,7.22818393185137,0.017082873464743,0.996624126708229,"skew-t",10,0,"yes","yes","yes",FALSE,TRUE,NA,TRUE,FALSE,"ar2"
119,"quantile",0.3,"score_quantile",0.3,NA,9.19395215892905,0.00959594531636387,0.998499262259387,"skew-t",10,0,"yes","yes","yes",FALSE,TRUE,NA,TRUE,FALSE,"ar2"
119,"quantile",0.4,"score_quantile",0.4,NA,10.4084073025535,0.0155182149380657,0.999203530273236,"skew-t",10,0,"yes","yes","yes",FALSE,TRUE,NA,TRUE,FALSE,"ar2"
119,"quantile",0.5,"score_quantile",0.5,NA,10.9048061363188,0.0299078365506196,0.999097832185768,"skew-t",10,0,"yes","yes","yes",FALSE,TRUE,NA,TRUE,FALSE,"ar2"
119,"quantile",0.6,"score_quantile",0.6,NA,10.6982368194806,0.0377790329985066,0.999216462544402,"skew-t",10,0,"yes","yes","yes",FALSE,TRUE,NA,TRUE,FALSE,"ar2"
119,"quantile",0.7,"score_quantile",0.7,NA,9.74454572072647,0.0239233368919907,0.999287461468259,"skew-t",10,0,"yes","yes","yes",FALSE,TRUE,NA,TRUE,FALSE,"ar2"
119,"quantile",0.8,"score_quantile",0.8,NA,7.93938330676539,0.00108191453104789,0.999695778604273,"skew-t",10,0,"yes","yes","yes",FALSE,TRUE,NA,TRUE,FALSE,"ar2"
119,"quantile",0.9,"score_quantile",0.9,NA,5.03406484097306,0.00465515604868072,0.998562938422052,"skew-t",10,0,"yes","yes","yes",FALSE,TRUE,NA,TRUE,FALSE,"ar2"
119,"quantile",0.95,"score_quantile",0.95,NA,2.98846880821182,0.00442825611288233,0.995718143734619,"skew-t",10,0,"yes","yes","yes",FALSE,TRUE,NA,TRUE,FALSE,"ar2"
119,"quantile",0.98,"score_quantile",0.98,NA,1.42349933450116,0.0174945079318245,0.98613822609525,"skew-t",10,0,"yes","yes","yes",FALSE,TRUE,NA,TRUE,FALSE,"ar2"
119,"quantile",0.99,"score_quantile",0.99,NA,0.798695585723943,0.0186288646382936,0.973854226972028,"skew-t",10,0,"yes","yes","yes",FALSE,TRUE,NA,TRUE,FALSE,"ar2"
119,"quantile",0.995,"score_quantile",0.995,NA,0.446013832229999,0.0154435150028361,0.951319010092609,"skew-t",10,0,"yes","yes","yes",FALSE,TRUE,NA,TRUE,FALSE,"ar2"
120,"brier",0,"threshold_quantile",0,2,0.00100010592304608,0.00066051952664968,6.99432814083632,"skew-t",10,50,"yes","yes","yes",FALSE,TRUE,NA,TRUE,FALSE,"ar2"
120,"brier",0.1,"threshold_quantile",0.1,28.875,0.0672149927911532,0.000858144909938699,1.73797489517959,"skew-t",10,50,"yes","yes","yes",FALSE,TRUE,NA,TRUE,FALSE,"ar2"
120,"brier",0.2,"threshold_quantile",0.2,36,0.0882544940306235,0.000477252832758991,1.39518290859108,"skew-t",10,50,"yes","yes","yes",FALSE,TRUE,NA,TRUE,FALSE,"ar2"
120,"brier",0.3,"threshold_quantile",0.3,41.625,0.0944464093217448,0.000965793105528634,1.19625887552619,"skew-t",10,50,"yes","yes","yes",FALSE,TRUE,NA,TRUE,FALSE,"ar2"
120,"brier",0.4,"threshold_quantile",0.4,46.5,0.0957684750368523,0.000529569010826278,1.07264175147997,"skew-t",10,50,"yes","yes","yes",FALSE,TRUE,NA,TRUE,FALSE,"ar2"
120,"brier",0.5,"threshold_quantile",0.5,50.875,0.0956301250518898,0.000668150046884849,1.01107647344563,"skew-t",10,50,"yes","yes","yes",FALSE,TRUE,NA,TRUE,FALSE,"ar2"
120,"brier",0.6,"threshold_quantile",0.6,55.429,0.0944855561299559,0.00028399299917322,0.998975358312778,"skew-t",10,50,"yes","yes","yes",FALSE,TRUE,NA,TRUE,FALSE,"ar2"
120,"brier",0.7,"threshold_quantile",0.7,60.125,0.0858190014377931,0.000344030503525529,0.992152206457545,"skew-t",10,50,"yes","yes","yes",FALSE,TRUE,NA,TRUE,FALSE,"ar2"
120,"brier",0.8,"threshold_quantile",0.8,65.5,0.0710319178720105,0.00138208001921401,0.992835932816519,"skew-t",10,50,"yes","yes","yes",FALSE,TRUE,NA,TRUE,FALSE,"ar2"
120,"brier",0.9,"threshold_quantile",0.9,73.25,0.044986770414314,0.00111226081358052,0.998709926323975,"skew-t",10,50,"yes","yes","yes",FALSE,TRUE,NA,TRUE,FALSE,"ar2"
120,"brier",0.95,"threshold_quantile",0.95,79.75,0.0267230946818524,0.0020421315810772,0.988640940047673,"skew-t",10,50,"yes","yes","yes",FALSE,TRUE,NA,TRUE,FALSE,"ar2"
120,"brier",0.98,"threshold_quantile",0.98,88.5,0.0126849046913342,0.000734269072429519,0.982401735468587,"skew-t",10,50,"yes","yes","yes",FALSE,TRUE,NA,TRUE,FALSE,"ar2"
120,"brier",0.99,"threshold_quantile",0.99,94.75,0.00702016550478085,0.000611145796520451,0.966494914345665,"skew-t",10,50,"yes","yes","yes",FALSE,TRUE,NA,TRUE,FALSE,"ar2"
120,"brier",0.995,"threshold_quantile",0.995,100.52,0.00391432746436109,7.7705855625568e-05,0.971251663896566,"skew-t",10,50,"yes","yes","yes",FALSE,TRUE,NA,TRUE,FALSE,"ar2"
120,"quantile",0,"score_quantile",0,NA,0,0,NA,"skew-t",10,50,"yes","yes","yes",FALSE,TRUE,NA,TRUE,FALSE,"ar2"
120,"quantile",0.1,"score_quantile",0.1,NA,4.47746921053244,0.00283983691957568,1.01795338222887,"skew-t",10,50,"yes","yes","yes",FALSE,TRUE,NA,TRUE,FALSE,"ar2"
120,"quantile",0.2,"score_quantile",0.2,NA,7.37554429929728,0.062941807013444,1.01694221751801,"skew-t",10,50,"yes","yes","yes",FALSE,TRUE,NA,TRUE,FALSE,"ar2"
120,"quantile",0.3,"score_quantile",0.3,NA,9.36688365293455,0.0705407298675569,1.01728030072914,"skew-t",10,50,"yes","yes","yes",FALSE,TRUE,NA,TRUE,FALSE,"ar2"
120,"quantile",0.4,"score_quantile",0.4,NA,10.5628826565542,0.0755538090216872,1.01403311126204,"skew-t",10,50,"yes","yes","yes",FALSE,TRUE,NA,TRUE,FALSE,"ar2"
120,"quantile",0.5,"score_quantile",0.5,NA,11.0247797967116,0.0806355197761297,1.01008981338373,"skew-t",10,50,"yes","yes","yes",FALSE,TRUE,NA,TRUE,FALSE,"ar2"
120,"quantile",0.6,"score_quantile",0.6,NA,10.7759934946872,0.0750307876650238,1.00647894432063,"skew-t",10,50,"yes","yes","yes",FALSE,TRUE,NA,TRUE,FALSE,"ar2"
120,"quantile",0.7,"score_quantile",0.7,NA,9.78516104700315,0.0475964523701728,1.0034524977311,"skew-t",10,50,"yes","yes","yes",FALSE,TRUE,NA,TRUE,FALSE,"ar2"
120,"quantile",0.8,"score_quantile",0.8,NA,7.95255648790307,0.0157681112197516,1.00135449352775,"skew-t",10,50,"yes","yes","yes",FALSE,TRUE,NA,TRUE,FALSE,"ar2"
120,"quantile",0.9,"score_quantile",0.9,NA,5.03942840556007,0.003209039074763,0.999626861312125,"skew-t",10,50,"yes","yes","yes",FALSE,TRUE,NA,TRUE,FALSE,"ar2"
120,"quantile",0.95,"score_quantile",0.95,NA,2.99446423601634,0.00856556141092391,0.99771574070736,"skew-t",10,50,"yes","yes","yes",FALSE,TRUE,NA,TRUE,FALSE,"ar2"
120,"quantile",0.98,"score_quantile",0.98,NA,1.42889688665961,0.0196832405259423,0.989877414714298,"skew-t",10,50,"yes","yes","yes",FALSE,TRUE,NA,TRUE,FALSE,"ar2"
120,"quantile",0.99,"score_quantile",0.99,NA,0.800879953170384,0.0190448783639789,0.976517639051673,"skew-t",10,50,"yes","yes","yes",FALSE,TRUE,NA,TRUE,FALSE,"ar2"
120,"quantile",0.995,"score_quantile",0.995,NA,0.445725781438385,0.0172627713313031,0.950704616156518,"skew-t",10,50,"yes","yes","yes",FALSE,TRUE,NA,TRUE,FALSE,"ar2"
121,"brier",0,"threshold_quantile",0,2,0.000544586791789289,3.3177896232066e-05,3.80861530280538,"t",10,75,"yes","yes","yes",FALSE,TRUE,NA,TRUE,FALSE,"ar2"
121,"brier",0.1,"threshold_quantile",0.1,28.875,0.0793411407306256,0.00330003732722219,2.05152012993874,"t",10,75,"yes","yes","yes",FALSE,TRUE,NA,TRUE,FALSE,"ar2"
121,"brier",0.2,"threshold_quantile",0.2,36,0.122635906142154,0.00540270004939423,1.93870603540872,"t",10,75,"yes","yes","yes",FALSE,TRUE,NA,TRUE,FALSE,"ar2"
121,"brier",0.3,"threshold_quantile",0.3,41.625,0.147483430327399,0.00489487970344188,1.86802615143548,"t",10,75,"yes","yes","yes",FALSE,TRUE,NA,TRUE,FALSE,"ar2"
121,"brier",0.4,"threshold_quantile",0.4,46.5,0.161748410801022,0.00379928638660791,1.81164102899151,"t",10,75,"yes","yes","yes",FALSE,TRUE,NA,TRUE,FALSE,"ar2"
121,"brier",0.5,"threshold_quantile",0.5,50.875,0.159947048287474,0.00318018054973579,1.6910852875366,"t",10,75,"yes","yes","yes",FALSE,TRUE,NA,TRUE,FALSE,"ar2"
121,"brier",0.6,"threshold_quantile",0.6,55.429,0.147489140204537,0.000346914909241575,1.55937079399121,"t",10,75,"yes","yes","yes",FALSE,TRUE,NA,TRUE,FALSE,"ar2"
121,"brier",0.7,"threshold_quantile",0.7,60.125,0.122141009514001,0.000250609630784826,1.41207040466567,"t",10,75,"yes","yes","yes",FALSE,TRUE,NA,TRUE,FALSE,"ar2"
121,"brier",0.8,"threshold_quantile",0.8,65.5,0.0880311933760617,0.0019480716489633,1.23044026700725,"t",10,75,"yes","yes","yes",FALSE,TRUE,NA,TRUE,FALSE,"ar2"
121,"brier",0.9,"threshold_quantile",0.9,73.25,0.0490631247639788,0.000467220447899763,1.0892053211863,"t",10,75,"yes","yes","yes",FALSE,TRUE,NA,TRUE,FALSE,"ar2"
121,"brier",0.95,"threshold_quantile",0.95,79.75,0.0273680107635655,0.00117995601321126,1.01250009441836,"t",10,75,"yes","yes","yes",FALSE,TRUE,NA,TRUE,FALSE,"ar2"
121,"brier",0.98,"threshold_quantile",0.98,88.5,0.0127410456762589,0.000645576118869558,0.986749659427257,"t",10,75,"yes","yes","yes",FALSE,TRUE,NA,TRUE,FALSE,"ar2"
121,"brier",0.99,"threshold_quantile",0.99,94.75,0.00704265947044944,0.000698773192213219,0.969591750653492,"t",10,75,"yes","yes","yes",FALSE,TRUE,NA,TRUE,FALSE,"ar2"
121,"brier",0.995,"threshold_quantile",0.995,100.52,0.00392677628594711,0.000167886493499,0.974340556890079,"t",10,75,"yes","yes","yes",FALSE,TRUE,NA,TRUE,FALSE,"ar2"
121,"quantile",0,"score_quantile",0,NA,0,0,NA,"t",10,75,"yes","yes","yes",FALSE,TRUE,NA,TRUE,FALSE,"ar2"
121,"quantile",0.1,"score_quantile",0.1,NA,5.1094919182435,0.0417215144154244,1.16164385171251,"t",10,75,"yes","yes","yes",FALSE,TRUE,NA,TRUE,FALSE,"ar2"
121,"quantile",0.2,"score_quantile",0.2,NA,8.15620694042779,0.0587246121257898,1.12458021211054,"t",10,75,"yes","yes","yes",FALSE,TRUE,NA,TRUE,FALSE,"ar2"
121,"quantile",0.3,"score_quantile",0.3,NA,10.1432910634572,0.0677673656470956,1.10160119050739,"t",10,75,"yes","yes","yes",FALSE,TRUE,NA,TRUE,FALSE,"ar2"
121,"quantile",0.4,"score_quantile",0.4,NA,11.2703737512719,0.0641672192871567,1.08195201363872,"t",10,75,"yes","yes","yes",FALSE,TRUE,NA,TRUE,FALSE,"ar2"
121,"quantile",0.5,"score_quantile",0.5,NA,11.6350211613418,0.0510308576644629,1.06600009889366,"t",10,75,"yes","yes","yes",FALSE,TRUE,NA,TRUE,FALSE,"ar2"
121,"quantile",0.6,"score_quantile",0.6,NA,11.261578464231,0.0367079736093414,1.05183263238339,"t",10,75,"yes","yes","yes",FALSE,TRUE,NA,TRUE,FALSE,"ar2"
121,"quantile",0.7,"score_quantile",0.7,NA,10.1531723744896,0.0150152667984926,1.04119146635776,"t",10,75,"yes","yes","yes",FALSE,TRUE,NA,TRUE,FALSE,"ar2"
121,"quantile",0.8,"score_quantile",0.8,NA,8.19761420536605,0.0344860540212721,1.03221119312221,"t",10,75,"yes","yes","yes",FALSE,TRUE,NA,TRUE,FALSE,"ar2"
121,"quantile",0.9,"score_quantile",0.9,NA,5.15401593094611,0.0274468517577215,1.02235657570211,"t",10,75,"yes","yes","yes",FALSE,TRUE,NA,TRUE,FALSE,"ar2"
121,"quantile",0.95,"score_quantile",0.95,NA,3.04784192724646,0.00908577197511873,1.01550047899288,"t",10,75,"yes","yes","yes",FALSE,TRUE,NA,TRUE,FALSE,"ar2"
121,"quantile",0.98,"score_quantile",0.98,NA,1.45126638013606,0.0112104187256699,1.00537402372623,"t",10,75,"yes","yes","yes",FALSE,TRUE,NA,TRUE,FALSE,"ar2"
121,"quantile",0.99,"score_quantile",0.99,NA,0.812809490593953,0.0126474008668384,0.991063394222254,"t",10,75,"yes","yes","yes",FALSE,TRUE,NA,TRUE,FALSE,"ar2"
121,"quantile",0.995,"score_quantile",0.995,NA,0.450232671052872,0.0136236029400512,0.960317523776925,"t",10,75,"yes","yes","yes",FALSE,TRUE,NA,TRUE,FALSE,"ar2"
122,"brier",0,"threshold_quantile",0,2,0.000129495168496829,6.59840440490503e-05,0.905635773419955,"skew-t",15,0,"yes","yes","yes",FALSE,TRUE,NA,TRUE,FALSE,"ar2"
122,"brier",0.1,"threshold_quantile",0.1,28.875,0.0373298382325586,0.000903528009001748,0.965235864725726,"skew-t",15,0,"yes","yes","yes",FALSE,TRUE,NA,TRUE,FALSE,"ar2"
122,"brier",0.2,"threshold_quantile",0.2,36,0.0611321095590464,0.00131762069685089,0.966415085823325,"skew-t",15,0,"yes","yes","yes",FALSE,TRUE,NA,TRUE,FALSE,"ar2"
122,"brier",0.3,"threshold_quantile",0.3,41.625,0.0763728730944535,0.0011443766146404,0.967339340317732,"skew-t",15,0,"yes","yes","yes",FALSE,TRUE,NA,TRUE,FALSE,"ar2"
122,"brier",0.4,"threshold_quantile",0.4,46.5,0.0866767751486383,0.00057922443459088,0.970811406073808,"skew-t",15,0,"yes","yes","yes",FALSE,TRUE,NA,TRUE,FALSE,"ar2"
122,"brier",0.5,"threshold_quantile",0.5,50.875,0.0929506284127601,0.00127336443878612,0.982746739368311,"skew-t",15,0,"yes","yes","yes",FALSE,TRUE,NA,TRUE,FALSE,"ar2"
122,"brier",0.6,"threshold_quantile",0.6,55.429,0.0935309922744212,0.000248464223036489,0.988882961033519,"skew-t",15,0,"yes","yes","yes",FALSE,TRUE,NA,TRUE,FALSE,"ar2"
122,"brier",0.7,"threshold_quantile",0.7,60.125,0.0851923758305442,0.000692451599646655,0.984907797079216,"skew-t",15,0,"yes","yes","yes",FALSE,TRUE,NA,TRUE,FALSE,"ar2"
122,"brier",0.8,"threshold_quantile",0.8,65.5,0.0711845576071508,0.00149868527906877,0.994969427425181,"skew-t",15,0,"yes","yes","yes",FALSE,TRUE,NA,TRUE,FALSE,"ar2"
122,"brier",0.9,"threshold_quantile",0.9,73.25,0.0451608554128948,0.00104118203121601,1.00257462731285,"skew-t",15,0,"yes","yes","yes",FALSE,TRUE,NA,TRUE,FALSE,"ar2"
122,"brier",0.95,"threshold_quantile",0.95,79.75,0.0269521119953011,0.00165270303306057,0.99711360740715,"skew-t",15,0,"yes","yes","yes",FALSE,TRUE,NA,TRUE,FALSE,"ar2"
122,"brier",0.98,"threshold_quantile",0.98,88.5,0.0128180512822149,0.000564467102836771,0.992713475693351,"skew-t",15,0,"yes","yes","yes",FALSE,TRUE,NA,TRUE,FALSE,"ar2"
122,"brier",0.99,"threshold_quantile",0.99,94.75,0.00699213886736073,0.000475721516356316,0.962636372475918,"skew-t",15,0,"yes","yes","yes",FALSE,TRUE,NA,TRUE,FALSE,"ar2"
122,"brier",0.995,"threshold_quantile",0.995,100.52,0.00389399025054061,2.91110240673283e-05,0.966205445116457,"skew-t",15,0,"yes","yes","yes",FALSE,TRUE,NA,TRUE,FALSE,"ar2"
122,"quantile",0,"score_quantile",0,NA,0,0,NA,"skew-t",15,0,"yes","yes","yes",FALSE,TRUE,NA,TRUE,FALSE,"ar2"
122,"quantile",0.1,"score_quantile",0.1,NA,4.36636115443543,0.0130384459592774,0.992692946885003,"skew-t",15,0,"yes","yes","yes",FALSE,TRUE,NA,TRUE,FALSE,"ar2"
122,"quantile",0.2,"score_quantile",0.2,NA,7.22290810658747,0.0209769283538375,0.995896694368948,"skew-t",15,0,"yes","yes","yes",FALSE,TRUE,NA,TRUE,FALSE,"ar2"
122,"quantile",0.3,"score_quantile",0.3,NA,9.18654921402073,0.0127354267015072,0.997695273408703,"skew-t",15,0,"yes","yes","yes",FALSE,TRUE,NA,TRUE,FALSE,"ar2"
122,"quantile",0.4,"score_quantile",0.4,NA,10.4002025812654,0.0171438636331072,0.998415879844339,"skew-t",15,0,"yes","yes","yes",FALSE,TRUE,NA,TRUE,FALSE,"ar2"
122,"quantile",0.5,"score_quantile",0.5,NA,10.9012343031601,0.0321256867573352,0.99877058099751,"skew-t",15,0,"yes","yes","yes",FALSE,TRUE,NA,TRUE,FALSE,"ar2"
122,"quantile",0.6,"score_quantile",0.6,NA,10.7004701221404,0.0377513045231002,0.999425053251564,"skew-t",15,0,"yes","yes","yes",FALSE,TRUE,NA,TRUE,FALSE,"ar2"
122,"quantile",0.7,"score_quantile",0.7,NA,9.74891619598715,0.0231890208701344,0.999735646663733,"skew-t",15,0,"yes","yes","yes",FALSE,TRUE,NA,TRUE,FALSE,"ar2"
122,"quantile",0.8,"score_quantile",0.8,NA,7.94384576936784,0.00326993716553625,1.00025767426461,"skew-t",15,0,"yes","yes","yes",FALSE,TRUE,NA,TRUE,FALSE,"ar2"
122,"quantile",0.9,"score_quantile",0.9,NA,5.04064371025743,0.0110503686149248,0.999867930560935,"skew-t",15,0,"yes","yes","yes",FALSE,TRUE,NA,TRUE,FALSE,"ar2"
122,"quantile",0.95,"score_quantile",0.95,NA,2.99566921432262,0.00427789542346102,0.998117223486459,"skew-t",15,0,"yes","yes","yes",FALSE,TRUE,NA,TRUE,FALSE,"ar2"
122,"quantile",0.98,"score_quantile",0.98,NA,1.43178363827707,0.0088359621792039,0.991877230274602,"skew-t",15,0,"yes","yes","yes",FALSE,TRUE,NA,TRUE,FALSE,"ar2"
122,"quantile",0.99,"score_quantile",0.99,NA,0.804669394568583,0.0127411178516226,0.981138127244498,"skew-t",15,0,"yes","yes","yes",FALSE,TRUE,NA,TRUE,FALSE,"ar2"
122,"quantile",0.995,"score_quantile",0.995,NA,0.448339672165021,0.0111140369606581,0.956279878085325,"skew-t",15,0,"yes","yes","yes",FALSE,TRUE,NA,TRUE,FALSE,"ar2"
123,"brier",0,"threshold_quantile",0,2,0.000540103292737599,0.000273355965410271,3.77725956051447,"skew-t",15,50,"yes","yes","yes",FALSE,TRUE,NA,TRUE,FALSE,"ar2"
123,"brier",0.1,"threshold_quantile",0.1,28.875,0.0664962131317477,0.000862840551936028,1.71938944346208,"skew-t",15,50,"yes","yes","yes",FALSE,TRUE,NA,TRUE,FALSE,"ar2"
123,"brier",0.2,"threshold_quantile",0.2,36,0.0880427542022493,0.000726077883169487,1.39183559134837,"skew-t",15,50,"yes","yes","yes",FALSE,TRUE,NA,TRUE,FALSE,"ar2"
123,"brier",0.3,"threshold_quantile",0.3,41.625,0.0940717469261309,0.000654064083288095,1.19151339902477,"skew-t",15,50,"yes","yes","yes",FALSE,TRUE,NA,TRUE,FALSE,"ar2"
123,"brier",0.4,"threshold_quantile",0.4,46.5,0.0958016318237242,0.000775007552786595,1.07301311955208,"skew-t",15,50,"yes","yes","yes",FALSE,TRUE,NA,TRUE,FALSE,"ar2"
123,"brier",0.5,"threshold_quantile",0.5,50.875,0.0959106517907617,0.000588208731035357,1.01404242152624,"skew-t",15,50,"yes","yes","yes",FALSE,TRUE,NA,TRUE,FALSE,"ar2"
123,"brier",0.6,"threshold_quantile",0.6,55.429,0.0948006404117158,0.000200315000362952,1.00230667630636,"skew-t",15,50,"yes","yes","yes",FALSE,TRUE,NA,TRUE,FALSE,"ar2"
123,"brier",0.7,"threshold_quantile",0.7,60.125,0.0859680354666845,0.000506663508059196,0.993875186661516,"skew-t",15,50,"yes","yes","yes",FALSE,TRUE,NA,TRUE,FALSE,"ar2"
123,"brier",0.8,"threshold_quantile",0.8,65.5,0.0711196510437382,0.00147552489553444,0.994062207539216,"skew-t",15,50,"yes","yes","yes",FALSE,TRUE,NA,TRUE,FALSE,"ar2"
123,"brier",0.9,"threshold_quantile",0.9,73.25,0.0451217586800016,0.00111068664866041,1.00170667669387,"skew-t",15,50,"yes","yes","yes",FALSE,TRUE,NA,TRUE,FALSE,"ar2"
123,"brier",0.95,"threshold_quantile",0.95,79.75,0.026908418868765,0.00192696970314025,0.995497147404797,"skew-t",15,50,"yes","yes","yes",FALSE,TRUE,NA,TRUE,FALSE,"ar2"
123,"brier",0.98,"threshold_quantile",0.98,88.5,0.0126849413692788,0.00063562468344063,0.982404576047781,"skew-t",15,50,"yes","yes","yes",FALSE,TRUE,NA,TRUE,FALSE,"ar2"
123,"brier",0.99,"threshold_quantile",0.99,94.75,0.00704300036937037,0.000536806594259926,0.96963868360303,"skew-t",15,50,"yes","yes","yes",FALSE,TRUE,NA,TRUE,FALSE,"ar2"
123,"brier",0.995,"threshold_quantile",0.995,100.52,0.00393123261798683,6.78469348993904e-05,0.975446294707841,"skew-t",15,50,"yes","yes","yes",FALSE,TRUE,NA,TRUE,FALSE,"ar2"
123,"quantile",0,"score_quantile",0,NA,0,0,NA,"skew-t",15,50,"yes","yes","yes",FALSE,TRUE,NA,TRUE,FALSE,"ar2"
123,"quantile",0.1,"score_quantile",0.1,NA,4.51150406642799,0.0391825622205797,1.02569121247258,"skew-t",15,50,"yes","yes","yes",FALSE,TRUE,NA,TRUE,FALSE,"ar2"
123,"quantile",0.2,"score_quantile",0.2,NA,7.43544033224226,0.0945732534499819,1.025200700159,"skew-t",15,50,"yes","yes","yes",FALSE,TRUE,NA,TRUE,FALSE,"ar2"
123,"quantile",0.3,"score_quantile",0.3,NA,9.41548346153348,0.0943543462826701,1.02255843054678,"skew-t",15,50,"yes","yes","yes",FALSE,TRUE,NA,TRUE,FALSE,"ar2"
123,"quantile",0.4,"score_quantile",0.4,NA,10.5968072230158,0.0930019640930606,1.01728985800398,"skew-t",15,50,"yes","yes","yes",FALSE,TRUE,NA,TRUE,FALSE,"ar2"
123,"quantile",0.5,"score_quantile",0.5,NA,11.0449749987448,0.093505698832824,1.01194009685688,"skew-t",15,50,"yes","yes","yes",FALSE,TRUE,NA,TRUE,FALSE,"ar2"
123,"quantile",0.6,"score_quantile",0.6,NA,10.7860903290522,0.0819098493595165,1.00742198972963,"skew-t",15,50,"yes","yes","yes",FALSE,TRUE,NA,TRUE,FALSE,"ar2"
123,"quantile",0.7,"score_quantile",0.7,NA,9.78756291720794,0.0516240566739654,1.00369880565027,"skew-t",15,50,"yes","yes","yes",FALSE,TRUE,NA,TRUE,FALSE,"ar2"
123,"quantile",0.8,"score_quantile",0.8,NA,7.95197362031365,0.016375546535095,1.00128110114372,"skew-t",15,50,"yes","yes","yes",FALSE,TRUE,NA,TRUE,FALSE,"ar2"
123,"quantile",0.9,"score_quantile",0.9,NA,5.03801650579901,0.00358379706635636,0.999346795238543,"skew-t",15,50,"yes","yes","yes",FALSE,TRUE,NA,TRUE,FALSE,"ar2"
123,"quantile",0.95,"score_quantile",0.95,NA,2.99648585461621,0.00598755808148055,0.998389317193776,"skew-t",15,50,"yes","yes","yes",FALSE,TRUE,NA,TRUE,FALSE,"ar2"
123,"quantile",0.98,"score_quantile",0.98,NA,1.42997574839014,0.0164380699543353,0.990624803046249,"skew-t",15,50,"yes","yes","yes",FALSE,TRUE,NA,TRUE,FALSE,"ar2"
123,"quantile",0.99,"score_quantile",0.99,NA,0.802595294906466,0.0184301076019053,0.978609165323063,"skew-t",15,50,"yes","yes","yes",FALSE,TRUE,NA,TRUE,FALSE,"ar2"
123,"quantile",0.995,"score_quantile",0.995,NA,0.445624753111464,0.0172426234470741,0.950489129189494,"skew-t",15,50,"yes","yes","yes",FALSE,TRUE,NA,TRUE,FALSE,"ar2"
124,"brier",0,"threshold_quantile",0,2,0.000980988278856501,0.000739916847425069,6.86062722610283,"t",15,75,"yes","yes","yes",FALSE,TRUE,NA,TRUE,FALSE,"ar2"
124,"brier",0.1,"threshold_quantile",0.1,28.875,0.0804169745417348,0.000362060389863486,2.07933791399925,"t",15,75,"yes","yes","yes",FALSE,TRUE,NA,TRUE,FALSE,"ar2"
124,"brier",0.2,"threshold_quantile",0.2,36,0.125700005188194,0.00549516431464222,1.98714525276781,"t",15,75,"yes","yes","yes",FALSE,TRUE,NA,TRUE,FALSE,"ar2"
124,"brier",0.3,"threshold_quantile",0.3,41.625,0.150880743058251,0.00666389912726806,1.91105653804737,"t",15,75,"yes","yes","yes",FALSE,TRUE,NA,TRUE,FALSE,"ar2"
124,"brier",0.4,"threshold_quantile",0.4,46.5,0.162173289649331,0.00455885324356239,1.81639982662132,"t",15,75,"yes","yes","yes",FALSE,TRUE,NA,TRUE,FALSE,"ar2"
124,"brier",0.5,"threshold_quantile",0.5,50.875,0.158786009902915,0.00251391126825626,1.67880988169814,"t",15,75,"yes","yes","yes",FALSE,TRUE,NA,TRUE,FALSE,"ar2"
124,"brier",0.6,"threshold_quantile",0.6,55.429,0.144745744121641,0.00180381750665394,1.53036546029624,"t",15,75,"yes","yes","yes",FALSE,TRUE,NA,TRUE,FALSE,"ar2"
124,"brier",0.7,"threshold_quantile",0.7,60.125,0.120077906649821,0.000489439549712256,1.38821890296381,"t",15,75,"yes","yes","yes",FALSE,TRUE,NA,TRUE,FALSE,"ar2"
124,"brier",0.8,"threshold_quantile",0.8,65.5,0.0869960203527984,0.00188184020776215,1.21597132114505,"t",15,75,"yes","yes","yes",FALSE,TRUE,NA,TRUE,FALSE,"ar2"
124,"brier",0.9,"threshold_quantile",0.9,73.25,0.0488825204509536,0.000362432902399776,1.0851958908917,"t",15,75,"yes","yes","yes",FALSE,TRUE,NA,TRUE,FALSE,"ar2"
124,"brier",0.95,"threshold_quantile",0.95,79.75,0.0272649995355408,0.00103737999398874,1.00868911674072,"t",15,75,"yes","yes","yes",FALSE,TRUE,NA,TRUE,FALSE,"ar2"
124,"brier",0.98,"threshold_quantile",0.98,88.5,0.0126766897029863,0.00056938734739741,0.981765513202338,"t",15,75,"yes","yes","yes",FALSE,TRUE,NA,TRUE,FALSE,"ar2"
124,"brier",0.99,"threshold_quantile",0.99,94.75,0.00690101415885753,0.000615146688656649,0.950090860937821,"t",15,75,"yes","yes","yes",FALSE,TRUE,NA,TRUE,FALSE,"ar2"
124,"brier",0.995,"threshold_quantile",0.995,100.52,0.00384227886745836,0.000104501776518954,0.953374437154472,"t",15,75,"yes","yes","yes",FALSE,TRUE,NA,TRUE,FALSE,"ar2"
124,"quantile",0,"score_quantile",0,NA,0,0,NA,"t",15,75,"yes","yes","yes",FALSE,TRUE,NA,TRUE,FALSE,"ar2"
124,"quantile",0.1,"score_quantile",0.1,NA,5.27647857339879,0.231794260248338,1.19960829600228,"t",15,75,"yes","yes","yes",FALSE,TRUE,NA,TRUE,FALSE,"ar2"
124,"quantile",0.2,"score_quantile",0.2,NA,8.33141847634123,0.317159516113653,1.14873843022111,"t",15,75,"yes","yes","yes",FALSE,TRUE,NA,TRUE,FALSE,"ar2"
124,"quantile",0.3,"score_quantile",0.3,NA,10.3078799251405,0.282657836670195,1.11947618638795,"t",15,75,"yes","yes","yes",FALSE,TRUE,NA,TRUE,FALSE,"ar2"
124,"quantile",0.4,"score_quantile",0.4,NA,11.4181291681352,0.226238046280651,1.09613648296772,"t",15,75,"yes","yes","yes",FALSE,TRUE,NA,TRUE,FALSE,"ar2"
124,"quantile",0.5,"score_quantile",0.5,NA,11.7471722340615,0.177774741744818,1.07627537497202,"t",15,75,"yes","yes","yes",FALSE,TRUE,NA,TRUE,FALSE,"ar2"
124,"quantile",0.6,"score_quantile",0.6,NA,11.3450680825922,0.148072920674942,1.05963057166308,"t",15,75,"yes","yes","yes",FALSE,TRUE,NA,TRUE,FALSE,"ar2"
124,"quantile",0.7,"score_quantile",0.7,NA,10.1928230266292,0.116525601410391,1.0452575768423,"t",15,75,"yes","yes","yes",FALSE,TRUE,NA,TRUE,FALSE,"ar2"
124,"quantile",0.8,"score_quantile",0.8,NA,8.21536046476498,0.0538144274215977,1.03444573199276,"t",15,75,"yes","yes","yes",FALSE,TRUE,NA,TRUE,FALSE,"ar2"
124,"quantile",0.9,"score_quantile",0.9,NA,5.169300085848,0.0126746578761914,1.02538835838912,"t",15,75,"yes","yes","yes",FALSE,TRUE,NA,TRUE,FALSE,"ar2"
124,"quantile",0.95,"score_quantile",0.95,NA,3.04976735491513,0.00653579194287479,1.01614200593768,"t",15,75,"yes","yes","yes",FALSE,TRUE,NA,TRUE,FALSE,"ar2"
124,"quantile",0.98,"score_quantile",0.98,NA,1.44836479823736,0.0140625448132728,1.00336393439419,"t",15,75,"yes","yes","yes",FALSE,TRUE,NA,TRUE,FALSE,"ar2"
124,"quantile",0.99,"score_quantile",0.99,NA,0.813067051047528,0.0126509632854134,0.991377439198711,"t",15,75,"yes","yes","yes",FALSE,TRUE,NA,TRUE,FALSE,"ar2"
124,"quantile",0.995,"score_quantile",0.995,NA,0.451736845382797,0.013924821091767,0.963525831526926,"t",15,75,"yes","yes","yes",FALSE,TRUE,NA,TRUE,FALSE,"ar2"
201,"brier",0,"threshold_quantile",0,2,0.000140650898502904,7.73378435725047e-05,0.983654345768184,"skew-t",1,0,"yes","yes","",FALSE,TRUE,5,FALSE,TRUE,"mrts"
201,"brier",0.1,"threshold_quantile",0.1,28.875,0.0384809444315971,0.00117930312695917,0.99499996336709,"skew-t",1,0,"yes","yes","",FALSE,TRUE,5,FALSE,TRUE,"mrts"
201,"brier",0.2,"threshold_quantile",0.2,36,0.0629269131044773,0.00171710545682967,0.994788476417972,"skew-t",1,0,"yes","yes","",FALSE,TRUE,5,FALSE,TRUE,"mrts"
201,"brier",0.3,"threshold_quantile",0.3,41.625,0.0787019052900174,0.00149719321460871,0.996838878260336,"skew-t",1,0,"yes","yes","",FALSE,TRUE,5,FALSE,TRUE,"mrts"
201,"brier",0.4,"threshold_quantile",0.4,46.5,0.0891276251258135,0.000454550818172514,0.998261817194172,"skew-t",1,0,"yes","yes","",FALSE,TRUE,5,FALSE,TRUE,"mrts"
201,"brier",0.5,"threshold_quantile",0.5,50.875,0.0943862165668231,0.000644067194117095,0.997924900092693,"skew-t",1,0,"yes","yes","",FALSE,TRUE,5,FALSE,TRUE,"mrts"
201,"brier",0.6,"threshold_quantile",0.6,55.429,0.0943036191201291,0.000336257366357354,0.997051777640489,"skew-t",1,0,"yes","yes","",FALSE,TRUE,5,FALSE,TRUE,"mrts"
201,"brier",0.7,"threshold_quantile",0.7,60.125,0.0861257592173381,8.2967539418638e-05,0.995698628610269,"skew-t",1,0,"yes","yes","",FALSE,TRUE,5,FALSE,TRUE,"mrts"
201,"brier",0.8,"threshold_quantile",0.8,65.5,0.0710231126074124,0.00156990764283788,0.992712858804823,"skew-t",1,0,"yes","yes","",FALSE,TRUE,5,FALSE,TRUE,"mrts"
201,"brier",0.9,"threshold_quantile",0.9,73.25,0.0447185619438668,0.00126961596070439,0.992755676679183,"skew-t",1,0,"yes","yes","",FALSE,TRUE,5,FALSE,TRUE,"mrts"
201,"brier",0.95,"threshold_quantile",0.95,79.75,0.0269243506876156,0.00213502694001203,0.996086556997984,"skew-t",1,0,"yes","yes","",FALSE,TRUE,5,FALSE,TRUE,"mrts"
201,"brier",0.98,"threshold_quantile",0.98,88.5,0.0128229661345679,0.000720948623523499,0.993094113908507,"skew-t",1,0,"yes","yes","",FALSE,TRUE,5,FALSE,TRUE,"mrts"
201,"brier",0.99,"threshold_quantile",0.99,94.75,0.00716561137526123,0.000590808404518547,0.986519042556907,"skew-t",1,0,"yes","yes","",FALSE,TRUE,5,FALSE,TRUE,"mrts"
201,"brier",0.995,"threshold_quantile",0.995,100.52,0.00399196895908912,5.28848613980323e-05,0.990516641502197,"skew-t",1,0,"yes","yes","",FALSE,TRUE,5,FALSE,TRUE,"mrts"
201,"quantile",0,"score_quantile",0,NA,8.33432978345692e-05,8.33432978345692e-05,Inf,"skew-t",1,0,"yes","yes","",FALSE,TRUE,5,FALSE,TRUE,"mrts"
201,"quantile",0.1,"score_quantile",0.1,NA,4.38977257720025,0.010861574431515,0.998015537809845,"skew-t",1,0,"yes","yes","",FALSE,TRUE,5,FALSE,TRUE,"mrts"
201,"quantile",0.2,"score_quantile",0.2,NA,7.24386208826823,0.00326633961083589,0.998785835526746,"skew-t",1,0,"yes","yes","",FALSE,TRUE,5,FALSE,TRUE,"mrts"
201,"quantile",0.3,"score_quantile",0.3,NA,9.20103180193995,0.00187882922022808,0.999268139256052,"skew-t",1,0,"yes","yes","",FALSE,TRUE,5,FALSE,TRUE,"mrts"
201,"quantile",0.4,"score_quantile",0.4,NA,10.410459498708,0.0255582592432368,0.999400540400031,"skew-t",1,0,"yes","yes","",FALSE,TRUE,5,FALSE,TRUE,"mrts"
201,"quantile",0.5,"score_quantile",0.5,NA,10.9080136572703,0.0570534940273548,0.999391705106508,"skew-t",1,0,"yes","yes","",FALSE,TRUE,5,FALSE,TRUE,"mrts"
201,"quantile",0.6,"score_quantile",0.6,NA,10.7028055771836,0.067484773222497,0.999643185002246,"skew-t",1,0,"yes","yes","",FALSE,TRUE,5,FALSE,TRUE,"mrts"
201,"quantile",0.7,"score_quantile",0.7,NA,9.74905544880111,0.0480133258243081,0.999749926815415,"skew-t",1,0,"yes","yes","",FALSE,TRUE,5,FALSE,TRUE,"mrts"
201,"quantile",0.8,"score_quantile",0.8,NA,7.93737122296001,0.0218280704998577,0.99944242496096,"skew-t",1,0,"yes","yes","",FALSE,TRUE,5,FALSE,TRUE,"mrts"
201,"quantile",0.9,"score_quantile",0.9,NA,5.03261249229548,0.0188042620358648,0.998274848854493,"skew-t",1,0,"yes","yes","",FALSE,TRUE,5,FALSE,TRUE,"mrts"
201,"quantile",0.95,"score_quantile",0.95,NA,2.99207568425096,0.0207197648271948,0.996919906960157,"skew-t",1,0,"yes","yes","",FALSE,TRUE,5,FALSE,TRUE,"mrts"
201,"quantile",0.98,"score_quantile",0.98,NA,1.43413132825815,0.030851280508097,0.993503607454595,"skew-t",1,0,"yes","yes","",FALSE,TRUE,5,FALSE,TRUE,"mrts"
201,"quantile",0.99,"score_quantile",0.99,NA,0.811551369985302,0.034720520819751,0.989529360361699,"skew-t",1,0,"yes","yes","",FALSE,TRUE,5,FALSE,TRUE,"mrts"
201,"quantile",0.995,"score_quantile",0.995,NA,0.460665154570005,0.0335804045105101,0.982569344628992,"skew-t",1,0,"yes","yes","",FALSE,TRUE,5,FALSE,TRUE,"mrts"
202,"brier",0,"threshold_quantile",0,2,0.00101011909177244,0.000142464870884888,7.06435611106216,"skew-t",1,50,"yes","yes","",FALSE,TRUE,5,FALSE,TRUE,"mrts"
202,"brier",0.1,"threshold_quantile",0.1,28.875,0.0621545503288848,0.00415755574430019,1.60712727335137,"skew-t",1,50,"yes","yes","",FALSE,TRUE,5,FALSE,TRUE,"mrts"
202,"brier",0.2,"threshold_quantile",0.2,36,0.0852440015838744,0.00476893008570961,1.3475911382877,"skew-t",1,50,"yes","yes","",FALSE,TRUE,5,FALSE,TRUE,"mrts"
202,"brier",0.3,"threshold_quantile",0.3,41.625,0.0938515260783089,0.00495143686242631,1.18872408023886,"skew-t",1,50,"yes","yes","",FALSE,TRUE,5,FALSE,TRUE,"mrts"
202,"brier",0.4,"threshold_quantile",0.4,46.5,0.0964084761832638,0.00270739382423809,1.07980999708868,"skew-t",1,50,"yes","yes","",FALSE,TRUE,5,FALSE,TRUE,"mrts"
202,"brier",0.5,"threshold_quantile",0.5,50.875,0.0963479341077286,0.00195020290319076,1.01866571217549,"skew-t",1,50,"yes","yes","",FALSE,TRUE,5,FALSE,TRUE,"mrts"
202,"brier",0.6,"threshold_quantile",0.6,55.429,0.0949254078601983,9.94896506458995e-05,1.00362581556594,"skew-t",1,50,"yes","yes","",FALSE,TRUE,5,FALSE,TRUE,"mrts"
202,"brier",0.7,"threshold_quantile",0.7,60.125,0.0865125983755035,5.74892830777773e-05,1.00017087039691,"skew-t",1,50,"yes","yes","",FALSE,TRUE,5,FALSE,TRUE,"mrts"
202,"brier",0.8,"threshold_quantile",0.8,65.5,0.0715084307130611,0.00156371697462654,0.999496305860311,"skew-t",1,50,"yes","yes","",FALSE,TRUE,5,FALSE,TRUE,"mrts"
202,"brier",0.9,"threshold_quantile",0.9,73.25,0.0449732016990672,0.00126028801397922,0.998408699752702,"skew-t",1,50,"yes","yes","",FALSE,TRUE,5,FALSE,TRUE,"mrts"
202,"brier",0.95,"threshold_quantile",0.95,79.75,0.0269649460871149,0.00212541993891115,0.997588414264157,"skew-t",1,50,"yes","yes","",FALSE,TRUE,5,FALSE,TRUE,"mrts"
202,"brier",0.98,"threshold_quantile",0.98,88.5,0.0127056604356019,0.000749989767934977,0.984009195649459,"skew-t",1,50,"yes","yes","",FALSE,TRUE,5,FALSE,TRUE,"mrts"
202,"brier",0.99,"threshold_quantile",0.99,94.75,0.00703279184201706,0.000663303419911534,0.968233233864956,"skew-t",1,50,"yes","yes","",FALSE,TRUE,5,FALSE,TRUE,"mrts"
202,"brier",0.995,"threshold_quantile",0.995,100.52,0.00392507370838831,9.09306326193661e-05,0.973918100848279,"skew-t",1,50,"yes","yes","",FALSE,TRUE,5,FALSE,TRUE,"mrts"
202,"quantile",0,"score_quantile",0,NA,0,0,NA,"skew-t",1,50,"yes","yes","",FALSE,TRUE,5,FALSE,TRUE,"mrts"
202,"quantile",0.1,"score_quantile",0.1,NA,4.80964525314563,0.148300115113512,1.09347366169346,"skew-t",1,50,"yes","yes","",FALSE,TRUE,5,FALSE,TRUE,"mrts"
202,"quantile",0.2,"score_quantile",0.2,NA,7.51342839893932,0.131736562164681,1.03595371773554,"skew-t",1,50,"yes","yes","",FALSE,TRUE,5,FALSE,TRUE,"mrts"
202,"quantile",0.3,"score_quantile",0.3,NA,9.37340109234204,0.101506822307941,1.01798812020957,"skew-t",1,50,"yes","yes","",FALSE,TRUE,5,FALSE,TRUE,"mrts"
202,"quantile",0.4,"score_quantile",0.4,NA,10.5009038424401,0.0404185934494095,1.00808316636992,"skew-t",1,50,"yes","yes","",FALSE,TRUE,5,FALSE,TRUE,"mrts"
202,"quantile",0.5,"score_quantile",0.5,NA,10.9519725414345,0.0162059335130182,1.00341921603377,"skew-t",1,50,"yes","yes","",FALSE,TRUE,5,FALSE,TRUE,"mrts"
202,"quantile",0.6,"score_quantile",0.6,NA,10.7152229379903,0.0549977833508066,1.00080296782897,"skew-t",1,50,"yes","yes","",FALSE,TRUE,5,FALSE,TRUE,"mrts"
202,"quantile",0.7,"score_quantile",0.7,NA,9.75084963501523,0.0535541899852339,0.999933917720553,"skew-t",1,50,"yes","yes","",FALSE,TRUE,5,FALSE,TRUE,"mrts"
202,"quantile",0.8,"score_quantile",0.8,NA,7.94070836729771,0.0313748387616046,0.999862624991376,"skew-t",1,50,"yes","yes","",FALSE,TRUE,5,FALSE,TRUE,"mrts"
202,"quantile",0.9,"score_quantile",0.9,NA,5.04098820656805,0.0266397456516128,0.999936265248522,"skew-t",1,50,"yes","yes","",FALSE,TRUE,5,FALSE,TRUE,"mrts"
202,"quantile",0.95,"score_quantile",0.95,NA,2.99631825534942,0.0260918835004984,0.99833347534247,"skew-t",1,50,"yes","yes","",FALSE,TRUE,5,FALSE,TRUE,"mrts"
202,"quantile",0.98,"score_quantile",0.98,NA,1.43430820544213,0.0335261613059571,0.993626140249811,"skew-t",1,50,"yes","yes","",FALSE,TRUE,5,FALSE,TRUE,"mrts"
202,"quantile",0.99,"score_quantile",0.99,NA,0.807161362737699,0.0332547388900861,0.984176598695136,"skew-t",1,50,"yes","yes","",FALSE,TRUE,5,FALSE,TRUE,"mrts"
202,"quantile",0.995,"score_quantile",0.995,NA,0.452527168632653,0.0305769881686779,0.965211540528251,"skew-t",1,50,"yes","yes","",FALSE,TRUE,5,FALSE,TRUE,"mrts"
203,"brier",0,"threshold_quantile",0,2,0.00107490676025988,6.64494259263013e-05,7.51745433039949,"t",1,75,"yes","yes","",FALSE,TRUE,5,FALSE,TRUE,"mrts"
203,"brier",0.1,"threshold_quantile",0.1,28.875,0.075822040163637,0.0046587194629363,1.9605269127254,"t",1,75,"yes","yes","",FALSE,TRUE,5,FALSE,TRUE,"mrts"
203,"brier",0.2,"threshold_quantile",0.2,36,0.120045700839145,0.0050073792342067,1.89775843032421,"t",1,75,"yes","yes","",FALSE,TRUE,5,FALSE,TRUE,"mrts"
203,"brier",0.3,"threshold_quantile",0.3,41.625,0.14880828390062,0.00515156929267853,1.88480675598275,"t",1,75,"yes","yes","",FALSE,TRUE,5,FALSE,TRUE,"mrts"
203,"brier",0.4,"threshold_quantile",0.4,46.5,0.164309267929474,0.00314079906394141,1.84032356021585,"t",1,75,"yes","yes","",FALSE,TRUE,5,FALSE,TRUE,"mrts"
203,"brier",0.5,"threshold_quantile",0.5,50.875,0.1637910931528,0.00316618778743485,1.73172753624319,"t",1,75,"yes","yes","",FALSE,TRUE,5,FALSE,TRUE,"mrts"
203,"brier",0.6,"threshold_quantile",0.6,55.429,0.151221446583714,0.000720583290420948,1.59883166245817,"t",1,75,"yes","yes","",FALSE,TRUE,5,FALSE,TRUE,"mrts"
203,"brier",0.7,"threshold_quantile",0.7,60.125,0.12515949671303,0.000461526442759333,1.44696709053367,"t",1,75,"yes","yes","",FALSE,TRUE,5,FALSE,TRUE,"mrts"
203,"brier",0.8,"threshold_quantile",0.8,65.5,0.0899405271405264,0.0019264783916725,1.25712763834524,"t",1,75,"yes","yes","",FALSE,TRUE,5,FALSE,TRUE,"mrts"
203,"brier",0.9,"threshold_quantile",0.9,73.25,0.0490248579604123,0.000194460054269072,1.08835579506521,"t",1,75,"yes","yes","",FALSE,TRUE,5,FALSE,TRUE,"mrts"
203,"brier",0.95,"threshold_quantile",0.95,79.75,0.0273479036652957,0.00109185912416042,1.01175621723004,"t",1,75,"yes","yes","",FALSE,TRUE,5,FALSE,TRUE,"mrts"
203,"brier",0.98,"threshold_quantile",0.98,88.5,0.0127568904494555,0.000647643354348347,0.987976781984751,"t",1,75,"yes","yes","",FALSE,TRUE,5,FALSE,TRUE,"mrts"
203,"brier",0.99,"threshold_quantile",0.99,94.75,0.00697193692457148,0.00070896620522498,0.959855088337757,"t",1,75,"yes","yes","",FALSE,TRUE,5,FALSE,TRUE,"mrts"
203,"brier",0.995,"threshold_quantile",0.995,100.52,0.00388432853047346,0.000170653711768783,0.963808108210753,"t",1,75,"yes","yes","",FALSE,TRUE,5,FALSE,TRUE,"mrts"
203,"quantile",0,"score_quantile",0,NA,0,0,NA,"t",1,75,"yes","yes","",FALSE,TRUE,5,FALSE,TRUE,"mrts"
203,"quantile",0.1,"score_quantile",0.1,NA,5.56008752098656,0.0622838735842168,1.26408683819933,"t",1,75,"yes","yes","",FALSE,TRUE,5,FALSE,TRUE,"mrts"
203,"quantile",0.2,"score_quantile",0.2,NA,8.60284653939928,0.119993659266862,1.18616301139665,"t",1,75,"yes","yes","",FALSE,TRUE,5,FALSE,TRUE,"mrts"
203,"quantile",0.3,"score_quantile",0.3,NA,10.5489133812197,0.146433034681769,1.14565336502828,"t",1,75,"yes","yes","",FALSE,TRUE,5,FALSE,TRUE,"mrts"
203,"quantile",0.4,"score_quantile",0.4,NA,11.650774306766,0.149562548061859,1.11847033646361,"t",1,75,"yes","yes","",FALSE,TRUE,5,FALSE,TRUE,"mrts"
203,"quantile",0.5,"score_quantile",0.5,NA,11.9770674067323,0.125940007971484,1.09733836002412,"t",1,75,"yes","yes","",FALSE,TRUE,5,FALSE,TRUE,"mrts"
203,"quantile",0.6,"score_quantile",0.6,NA,11.5378514830878,0.0766067512344728,1.07763656187725,"t",1,75,"yes","yes","",FALSE,TRUE,5,FALSE,TRUE,"mrts"
203,"quantile",0.7,"score_quantile",0.7,NA,10.3360956073896,0.0174010894673007,1.05994994913232,"t",1,75,"yes","yes","",FALSE,TRUE,5,FALSE,TRUE,"mrts"
203,"quantile",0.8,"score_quantile",0.8,NA,8.26976775717309,0.00655285823531138,1.04129648329725,"t",1,75,"yes","yes","",FALSE,TRUE,5,FALSE,TRUE,"mrts"
203,"quantile",0.9,"score_quantile",0.9,NA,5.15777594249458,0.0129774615741502,1.02310241595228,"t",1,75,"yes","yes","",FALSE,TRUE,5,FALSE,TRUE,"mrts"
203,"quantile",0.95,"score_quantile",0.95,NA,3.04319502775448,0.00414616003760315,1.01395219375612,"t",1,75,"yes","yes","",FALSE,TRUE,5,FALSE,TRUE,"mrts"
203,"quantile",0.98,"score_quantile",0.98,NA,1.4489191626075,0.0124776932783774,1.00374797384073,"t",1,75,"yes","yes","",FALSE,TRUE,5,FALSE,TRUE,"mrts"
203,"quantile",0.99,"score_quantile",0.99,NA,0.814013496817492,0.0166878075834085,0.992531446094646,"t",1,75,"yes","yes","",FALSE,TRUE,5,FALSE,TRUE,"mrts"
203,"quantile",0.995,"score_quantile",0.995,NA,0.451223701511633,0.0166093471223882,0.962431328432459,"t",1,75,"yes","yes","",FALSE,TRUE,5,FALSE,TRUE,"mrts"
204,"brier",0,"threshold_quantile",0,2,0.000138431078298854,7.46281108903352e-05,0.968129839250419,"skew-t",1,0,"yes","yes","",FALSE,TRUE,10,FALSE,TRUE,"mrts"
204,"brier",0.1,"threshold_quantile",0.1,28.875,0.0381338788519452,0.0012068195659926,0.986025905060037,"skew-t",1,0,"yes","yes","",FALSE,TRUE,10,FALSE,TRUE,"mrts"
204,"brier",0.2,"threshold_quantile",0.2,36,0.0625157033771581,0.00151821542921016,0.988287812744085,"skew-t",1,0,"yes","yes","",FALSE,TRUE,10,FALSE,TRUE,"mrts"
204,"brier",0.3,"threshold_quantile",0.3,41.625,0.0783983478418191,0.00124022821886277,0.992994017516056,"skew-t",1,0,"yes","yes","",FALSE,TRUE,10,FALSE,TRUE,"mrts"
204,"brier",0.4,"threshold_quantile",0.4,46.5,0.0888760542331929,0.000391224096389461,0.995444131700297,"skew-t",1,0,"yes","yes","",FALSE,TRUE,10,FALSE,TRUE,"mrts"
204,"brier",0.5,"threshold_quantile",0.5,50.875,0.0941689330118916,0.000656936642188577,0.995627608414588,"skew-t",1,0,"yes","yes","",FALSE,TRUE,10,FALSE,TRUE,"mrts"
204,"brier",0.6,"threshold_quantile",0.6,55.429,0.0941839782919016,0.000345281250974654,0.995786841028557,"skew-t",1,0,"yes","yes","",FALSE,TRUE,10,FALSE,TRUE,"mrts"
204,"brier",0.7,"threshold_quantile",0.7,60.125,0.0861753968261397,1.62394401265475e-05,0.99627248827154,"skew-t",1,0,"yes","yes","",FALSE,TRUE,10,FALSE,TRUE,"mrts"
204,"brier",0.8,"threshold_quantile",0.8,65.5,0.0709703642509013,0.00157353309644603,0.991975578082154,"skew-t",1,0,"yes","yes","",FALSE,TRUE,10,FALSE,TRUE,"mrts"
204,"brier",0.9,"threshold_quantile",0.9,73.25,0.044665160164224,0.00126021543470827,0.99157015287026,"skew-t",1,0,"yes","yes","",FALSE,TRUE,10,FALSE,TRUE,"mrts"
204,"brier",0.95,"threshold_quantile",0.95,79.75,0.0268650777648216,0.00214691436063721,0.993893710742411,"skew-t",1,0,"yes","yes","",FALSE,TRUE,10,FALSE,TRUE,"mrts"
204,"brier",0.98,"threshold_quantile",0.98,88.5,0.0128137475470344,0.000708368402248209,0.992380166377022,"skew-t",1,0,"yes","yes","",FALSE,TRUE,10,FALSE,TRUE,"mrts"
204,"brier",0.99,"threshold_quantile",0.99,94.75,0.00715112251745995,0.000569037919643825,0.984524302209249,"skew-t",1,0,"yes","yes","",FALSE,TRUE,10,FALSE,TRUE,"mrts"
204,"brier",0.995,"threshold_quantile",0.995,100.52,0.0039908210994603,4.7132283923083e-05,0.990231826145136,"skew-t",1,0,"yes","yes","",FALSE,TRUE,10,FALSE,TRUE,"mrts"
204,"quantile",0,"score_quantile",0,NA,0,0,NA,"skew-t",1,0,"yes","yes","",FALSE,TRUE,10,FALSE,TRUE,"mrts"
204,"quantile",0.1,"score_quantile",0.1,NA,4.39135357920703,0.00949396599359886,0.998374978883458,"skew-t",1,0,"yes","yes","",FALSE,TRUE,10,FALSE,TRUE,"mrts"
204,"quantile",0.2,"score_quantile",0.2,NA,7.24416148086117,0.00133662718392902,0.998827115865528,"skew-t",1,0,"yes","yes","",FALSE,TRUE,10,FALSE,TRUE,"mrts"
204,"quantile",0.3,"score_quantile",0.3,NA,9.19856777440196,0.00370872066076799,0.999000536201747,"skew-t",1,0,"yes","yes","",FALSE,TRUE,10,FALSE,TRUE,"mrts"
204,"quantile",0.4,"score_quantile",0.4,NA,10.4041758821606,0.0288793526866407,0.998797315367176,"skew-t",1,0,"yes","yes","",FALSE,TRUE,10,FALSE,TRUE,"mrts"
204,"quantile",0.5,"score_quantile",0.5,NA,10.9011415810953,0.0586571117672108,0.99876208580624,"skew-t",1,0,"yes","yes","",FALSE,TRUE,10,FALSE,TRUE,"mrts"
204,"quantile",0.6,"score_quantile",0.6,NA,10.6963566799917,0.0702440790230323,0.999040857315156,"skew-t",1,0,"yes","yes","",FALSE,TRUE,10,FALSE,TRUE,"mrts"
204,"quantile",0.7,"score_quantile",0.7,NA,9.74454491789299,0.0509541988697704,0.999287379138979,"skew-t",1,0,"yes","yes","",FALSE,TRUE,10,FALSE,TRUE,"mrts"
204,"quantile",0.8,"score_quantile",0.8,NA,7.93567649813392,0.0226465956142574,0.999229031906477,"skew-t",1,0,"yes","yes","",FALSE,TRUE,10,FALSE,TRUE,"mrts"
204,"quantile",0.9,"score_quantile",0.9,NA,5.03446055993317,0.0157438876820399,0.998641433693781,"skew-t",1,0,"yes","yes","",FALSE,TRUE,10,FALSE,TRUE,"mrts"
204,"quantile",0.95,"score_quantile",0.95,NA,2.99283181852909,0.0195837751985108,0.997171840866163,"skew-t",1,0,"yes","yes","",FALSE,TRUE,10,FALSE,TRUE,"mrts"
204,"quantile",0.98,"score_quantile",0.98,NA,1.43544503187862,0.0288942524963145,0.994413684000824,"skew-t",1,0,"yes","yes","",FALSE,TRUE,10,FALSE,TRUE,"mrts"
204,"quantile",0.99,"score_quantile",0.99,NA,0.812535227141747,0.0334149215971558,0.990728983181291,"skew-t",1,0,"yes","yes","",FALSE,TRUE,10,FALSE,TRUE,"mrts"
204,"quantile",0.995,"score_quantile",0.995,NA,0.462261618164471,0.0325442323594395,0.985974499484265,"skew-t",1,0,"yes","yes","",FALSE,TRUE,10,FALSE,TRUE,"mrts"
205,"brier",0,"threshold_quantile",0,2,0.00149103122735639,0.000482245761890923,10.4276571431565,"skew-t",1,50,"yes","yes","",FALSE,TRUE,10,FALSE,TRUE,"mrts"
205,"brier",0.1,"threshold_quantile",0.1,28.875,0.0618051196160965,0.00459360976958329,1.59809205990847,"skew-t",1,50,"yes","yes","",FALSE,TRUE,10,FALSE,TRUE,"mrts"
205,"brier",0.2,"threshold_quantile",0.2,36,0.0846574280047402,0.00493762514521398,1.3383182118353,"skew-t",1,50,"yes","yes","",FALSE,TRUE,10,FALSE,TRUE,"mrts"
205,"brier",0.3,"threshold_quantile",0.3,41.625,0.0934468404339223,0.00492661248597435,1.18359832906026,"skew-t",1,50,"yes","yes","",FALSE,TRUE,10,FALSE,TRUE,"mrts"
205,"brier",0.4,"threshold_quantile",0.4,46.5,0.0960989811517995,0.00264863934332432,1.0763435401727,"skew-t",1,50,"yes","yes","",FALSE,TRUE,10,FALSE,TRUE,"mrts"
205,"brier",0.5,"threshold_quantile",0.5,50.875,0.0960835590276048,0.00190776476667716,1.01587053206322,"skew-t",1,50,"yes","yes","",FALSE,TRUE,10,FALSE,TRUE,"mrts"
205,"brier",0.6,"threshold_quantile",0.6,55.429,0.0946970343500177,0.000160685019351688,1.00121127181442,"skew-t",1,50,"yes","yes","",FALSE,TRUE,10,FALSE,TRUE,"mrts"
205,"brier",0.7,"threshold_quantile",0.7,60.125,0.0863896005446845,2.90841588900664e-06,0.998748894293809,"skew-t",1,50,"yes","yes","",FALSE,TRUE,10,FALSE,TRUE,"mrts"
205,"brier",0.8,"threshold_quantile",0.8,65.5,0.0714230205195593,0.0015890624033636,0.998302500150457,"skew-t",1,50,"yes","yes","",FALSE,TRUE,10,FALSE,TRUE,"mrts"
205,"brier",0.9,"threshold_quantile",0.9,73.25,0.0449166255655493,0.0012321632999829,0.9971527050321,"skew-t",1,50,"yes","yes","",FALSE,TRUE,10,FALSE,TRUE,"mrts"
205,"brier",0.95,"threshold_quantile",0.95,79.75,0.0269129978683297,0.00210124354308172,0.995666550929652,"skew-t",1,50,"yes","yes","",FALSE,TRUE,10,FALSE,TRUE,"mrts"
205,"brier",0.98,"threshold_quantile",0.98,88.5,0.0126683039261918,0.00074084330103547,0.981116063965101,"skew-t",1,50,"yes","yes","",FALSE,TRUE,10,FALSE,TRUE,"mrts"
205,"brier",0.99,"threshold_quantile",0.99,94.75,0.00701183083877075,0.000642118657392076,0.965347446767295,"skew-t",1,50,"yes","yes","",FALSE,TRUE,10,FALSE,TRUE,"mrts"
205,"brier",0.995,"threshold_quantile",0.995,100.52,0.00391467371009044,7.74818354551097e-05,0.971337576928577,"skew-t",1,50,"yes","yes","",FALSE,TRUE,10,FALSE,TRUE,"mrts"
205,"quantile",0,"score_quantile",0,NA,0,0,NA,"skew-t",1,50,"yes","yes","",FALSE,TRUE,10,FALSE,TRUE,"mrts"
205,"quantile",0.1,"score_quantile",0.1,NA,4.85999730546506,0.167946630163649,1.10492120930365,"skew-t",1,50,"yes","yes","",FALSE,TRUE,10,FALSE,TRUE,"mrts"
205,"quantile",0.2,"score_quantile",0.2,NA,7.60130642227714,0.174052754197829,1.04807036544285,"skew-t",1,50,"yes","yes","",FALSE,TRUE,10,FALSE,TRUE,"mrts"
205,"quantile",0.3,"score_quantile",0.3,NA,9.45383691694606,0.148468522290091,1.02672376622316,"skew-t",1,50,"yes","yes","",FALSE,TRUE,10,FALSE,TRUE,"mrts"
205,"quantile",0.4,"score_quantile",0.4,NA,10.5714766173305,0.0870219548230073,1.01485812854827,"skew-t",1,50,"yes","yes","",FALSE,TRUE,10,FALSE,TRUE,"mrts"
205,"quantile",0.5,"score_quantile",0.5,NA,11.0001611318258,0.0164444381552027,1.00783425244929,"skew-t",1,50,"yes","yes","",FALSE,TRUE,10,FALSE,TRUE,"mrts"
205,"quantile",0.6,"score_quantile",0.6,NA,10.7396609304556,0.0369090217406987,1.00308547893757,"skew-t",1,50,"yes","yes","",FALSE,TRUE,10,FALSE,TRUE,"mrts"
205,"quantile",0.7,"score_quantile",0.7,NA,9.75853124057231,0.0504194490828818,1.00072165399242,"skew-t",1,50,"yes","yes","",FALSE,TRUE,10,FALSE,TRUE,"mrts"
205,"quantile",0.8,"score_quantile",0.8,NA,7.94285940728436,0.0319586104173566,1.00013347544804,"skew-t",1,50,"yes","yes","",FALSE,TRUE,10,FALSE,TRUE,"mrts"
205,"quantile",0.9,"score_quantile",0.9,NA,5.04055160688028,0.022617308256859,0.999849660828258,"skew-t",1,50,"yes","yes","",FALSE,TRUE,10,FALSE,TRUE,"mrts"
205,"quantile",0.95,"score_quantile",0.95,NA,2.99485394545648,0.023766434227664,0.997845586720565,"skew-t",1,50,"yes","yes","",FALSE,TRUE,10,FALSE,TRUE,"mrts"
205,"quantile",0.98,"score_quantile",0.98,NA,1.43314597089334,0.0317179770701833,0.99282099486725,"skew-t",1,50,"yes","yes","",FALSE,TRUE,10,FALSE,TRUE,"mrts"
205,"quantile",0.99,"score_quantile",0.99,NA,0.806830225479651,0.0324575556714866,0.983772841088081,"skew-t",1,50,"yes","yes","",FALSE,TRUE,10,FALSE,TRUE,"mrts"
205,"quantile",0.995,"score_quantile",0.995,NA,0.452955695785323,0.0298655445290941,0.966125561567998,"skew-t",1,50,"yes","yes","",FALSE,TRUE,10,FALSE,TRUE,"mrts"
206,"brier",0,"threshold_quantile",0,2,0.00266104775793923,0.00116777842527324,18.6102699609812,"t",1,75,"yes","yes","",FALSE,TRUE,10,FALSE,TRUE,"mrts"
206,"brier",0.1,"threshold_quantile",0.1,28.875,0.0811817564332324,0.00989473654667921,2.09911284326006,"t",1,75,"yes","yes","",FALSE,TRUE,10,FALSE,TRUE,"mrts"
206,"brier",0.2,"threshold_quantile",0.2,36,0.123966341609534,0.0108684105918497,1.95973840147077,"t",1,75,"yes","yes","",FALSE,TRUE,10,FALSE,TRUE,"mrts"
206,"brier",0.3,"threshold_quantile",0.3,41.625,0.150870882085754,0.010099965909578,1.91093163890133,"t",1,75,"yes","yes","",FALSE,TRUE,10,FALSE,TRUE,"mrts"
206,"brier",0.4,"threshold_quantile",0.4,46.5,0.164971433748137,0.00678165677115976,1.84774005821508,"t",1,75,"yes","yes","",FALSE,TRUE,10,FALSE,TRUE,"mrts"
206,"brier",0.5,"threshold_quantile",0.5,50.875,0.163227068400172,0.00534908243086923,1.7257642254401,"t",1,75,"yes","yes","",FALSE,TRUE,10,FALSE,TRUE,"mrts"
206,"brier",0.6,"threshold_quantile",0.6,55.429,0.150358768548816,0.00169494184878302,1.58971075409589,"t",1,75,"yes","yes","",FALSE,TRUE,10,FALSE,TRUE,"mrts"
206,"brier",0.7,"threshold_quantile",0.7,60.125,0.124450843414895,0.000908223748562274,1.43877436023411,"t",1,75,"yes","yes","",FALSE,TRUE,10,FALSE,TRUE,"mrts"
206,"brier",0.8,"threshold_quantile",0.8,65.5,0.0893543372552185,0.00187008293497173,1.24893427402365,"t",1,75,"yes","yes","",FALSE,TRUE,10,FALSE,TRUE,"mrts"
206,"brier",0.9,"threshold_quantile",0.9,73.25,0.0489416146153305,0.000213469855807294,1.08650778610017,"t",1,75,"yes","yes","",FALSE,TRUE,10,FALSE,TRUE,"mrts"
206,"brier",0.95,"threshold_quantile",0.95,79.75,0.0273138341359214,0.00108979445266722,1.01049578942598,"t",1,75,"yes","yes","",FALSE,TRUE,10,FALSE,TRUE,"mrts"
206,"brier",0.98,"threshold_quantile",0.98,88.5,0.0127306752321213,0.000629320270047491,0.985946504609288,"t",1,75,"yes","yes","",FALSE,TRUE,10,FALSE,TRUE,"mrts"
206,"brier",0.99,"threshold_quantile",0.99,94.75,0.00694342714563901,0.00069792535019015,0.955930030398797,"t",1,75,"yes","yes","",FALSE,TRUE,10,FALSE,TRUE,"mrts"
206,"brier",0.995,"threshold_quantile",0.995,100.52,0.00387686368970371,0.000148359727046376,0.961955877122691,"t",1,75,"yes","yes","",FALSE,TRUE,10,FALSE,TRUE,"mrts"
206,"quantile",0,"score_quantile",0,NA,0,0,NA,"t",1,75,"yes","yes","",FALSE,TRUE,10,FALSE,TRUE,"mrts"
206,"quantile",0.1,"score_quantile",0.1,NA,5.79179426607543,0.319844325690367,1.31676540588074,"t",1,75,"yes","yes","",FALSE,TRUE,10,FALSE,TRUE,"mrts"
206,"quantile",0.2,"score_quantile",0.2,NA,8.93889331668919,0.445802484322337,1.23249723989821,"t",1,75,"yes","yes","",FALSE,TRUE,10,FALSE,TRUE,"mrts"
206,"quantile",0.3,"score_quantile",0.3,NA,10.901475768212,0.44345501542259,1.18394302297154,"t",1,75,"yes","yes","",FALSE,TRUE,10,FALSE,TRUE,"mrts"
206,"quantile",0.4,"score_quantile",0.4,NA,11.9583162847693,0.391927984263811,1.1479942608447,"t",1,75,"yes","yes","",FALSE,TRUE,10,FALSE,TRUE,"mrts"
206,"quantile",0.5,"score_quantile",0.5,NA,12.2049655239764,0.308206639319299,1.11821837495071,"t",1,75,"yes","yes","",FALSE,TRUE,10,FALSE,TRUE,"mrts"
206,"quantile",0.6,"score_quantile",0.6,NA,11.6718755570157,0.193098106761432,1.09015442470884,"t",1,75,"yes","yes","",FALSE,TRUE,10,FALSE,TRUE,"mrts"
206,"quantile",0.7,"score_quantile",0.7,NA,10.383352279566,0.0689117871043603,1.06479604471542,"t",1,75,"yes","yes","",FALSE,TRUE,10,FALSE,TRUE,"mrts"
206,"quantile",0.8,"score_quantile",0.8,NA,8.27081376345832,0.0268727517503402,1.04142819227606,"t",1,75,"yes","yes","",FALSE,TRUE,10,FALSE,TRUE,"mrts"
206,"quantile",0.9,"score_quantile",0.9,NA,5.13715847218536,0.0155552363350226,1.01901271063755,"t",1,75,"yes","yes","",FALSE,TRUE,10,FALSE,TRUE,"mrts"
206,"quantile",0.95,"score_quantile",0.95,NA,3.02248664079045,0.0011552952915499,1.00705243406283,"t",1,75,"yes","yes","",FALSE,TRUE,10,FALSE,TRUE,"mrts"
206,"quantile",0.98,"score_quantile",0.98,NA,1.4425547058354,0.0096325918495469,0.999338955895184,"t",1,75,"yes","yes","",FALSE,TRUE,10,FALSE,TRUE,"mrts"
206,"quantile",0.99,"score_quantile",0.99,NA,0.810959829433904,0.0136759757317459,0.988808091486924,"t",1,75,"yes","yes","",FALSE,TRUE,10,FALSE,TRUE,"mrts"
206,"quantile",0.995,"score_quantile",0.995,NA,0.449974231864062,0.0142330109230587,0.959766289497847,"t",1,75,"yes","yes","",FALSE,TRUE,10,FALSE,TRUE,"mrts"
207,"brier",0,"threshold_quantile",0,2,0.000133787096389963,7.71363236967901e-05,0.93565174607809,"skew-t",1,0,"yes","yes","",FALSE,TRUE,15,FALSE,TRUE,"mrts"
207,"brier",0.1,"threshold_quantile",0.1,28.875,0.0382474475633435,0.001215777022803,0.988962445868744,"skew-t",1,0,"yes","yes","",FALSE,TRUE,15,FALSE,TRUE,"mrts"
207,"brier",0.2,"threshold_quantile",0.2,36,0.0626695404213929,0.00176453254351501,0.99071976612144,"skew-t",1,0,"yes","yes","",FALSE,TRUE,15,FALSE,TRUE,"mrts"
207,"brier",0.3,"threshold_quantile",0.3,41.625,0.0785215560459584,0.00165157307632213,0.994554573484227,"skew-t",1,0,"yes","yes","",FALSE,TRUE,15,FALSE,TRUE,"mrts"
207,"brier",0.4,"threshold_quantile",0.4,46.5,0.0889200860960661,0.000955425095065056,0.995937304578898,"skew-t",1,0,"yes","yes","",FALSE,TRUE,15,FALSE,TRUE,"mrts"
207,"brier",0.5,"threshold_quantile",0.5,50.875,0.0942886140374996,0.00116102117463675,0.99689296981869,"skew-t",1,0,"yes","yes","",FALSE,TRUE,15,FALSE,TRUE,"mrts"
207,"brier",0.6,"threshold_quantile",0.6,55.429,0.0943417333400605,6.87154054592187e-05,0.997454751047984,"skew-t",1,0,"yes","yes","",FALSE,TRUE,15,FALSE,TRUE,"mrts"
207,"brier",0.7,"threshold_quantile",0.7,60.125,0.0863165082752695,0.000236548628956536,0.997903875648053,"skew-t",1,0,"yes","yes","",FALSE,TRUE,15,FALSE,TRUE,"mrts"
207,"brier",0.8,"threshold_quantile",0.8,65.5,0.0710562956378046,0.00137491474924913,0.993176668679596,"skew-t",1,0,"yes","yes","",FALSE,TRUE,15,FALSE,TRUE,"mrts"
207,"brier",0.9,"threshold_quantile",0.9,73.25,0.0447140749357184,0.00123942813401799,0.992656064736914,"skew-t",1,0,"yes","yes","",FALSE,TRUE,15,FALSE,TRUE,"mrts"
207,"brier",0.95,"threshold_quantile",0.95,79.75,0.0268784271234851,0.00212869742105947,0.994387580283166,"skew-t",1,0,"yes","yes","",FALSE,TRUE,15,FALSE,TRUE,"mrts"
207,"brier",0.98,"threshold_quantile",0.98,88.5,0.0128195027288429,0.000711692366252223,0.992825885184861,"skew-t",1,0,"yes","yes","",FALSE,TRUE,15,FALSE,TRUE,"mrts"
207,"brier",0.99,"threshold_quantile",0.99,94.75,0.00715028135784196,0.000562538648831377,0.984408496322282,"skew-t",1,0,"yes","yes","",FALSE,TRUE,15,FALSE,TRUE,"mrts"
207,"brier",0.995,"threshold_quantile",0.995,100.52,0.00399067529604623,4.42595187685811e-05,0.990195648331756,"skew-t",1,0,"yes","yes","",FALSE,TRUE,15,FALSE,TRUE,"mrts"
207,"quantile",0,"score_quantile",0,NA,0,0,NA,"skew-t",1,0,"yes","yes","",FALSE,TRUE,15,FALSE,TRUE,"mrts"
207,"quantile",0.1,"score_quantile",0.1,NA,4.39155970844246,0.0135089329349838,0.998421842399994,"skew-t",1,0,"yes","yes","",FALSE,TRUE,15,FALSE,TRUE,"mrts"
207,"quantile",0.2,"score_quantile",0.2,NA,7.24697232094362,0.00993547141250195,0.999214675322911,"skew-t",1,0,"yes","yes","",FALSE,TRUE,15,FALSE,TRUE,"mrts"
207,"quantile",0.3,"score_quantile",0.3,NA,9.20276054128724,0.00574156210406773,0.999455887129118,"skew-t",1,0,"yes","yes","",FALSE,TRUE,15,FALSE,TRUE,"mrts"
207,"quantile",0.4,"score_quantile",0.4,NA,10.4116847032502,0.019926138231936,0.99951815961575,"skew-t",1,0,"yes","yes","",FALSE,TRUE,15,FALSE,TRUE,"mrts"
207,"quantile",0.5,"score_quantile",0.5,NA,10.9099067923446,0.0498901099013169,0.999565154054162,"skew-t",1,0,"yes","yes","",FALSE,TRUE,15,FALSE,TRUE,"mrts"
207,"quantile",0.6,"score_quantile",0.6,NA,10.7062660811416,0.0613492255166115,0.999966396441839,"skew-t",1,0,"yes","yes","",FALSE,TRUE,15,FALSE,TRUE,"mrts"
207,"quantile",0.7,"score_quantile",0.7,NA,9.75143825631969,0.0407737856527524,0.999994279886831,"skew-t",1,0,"yes","yes","",FALSE,TRUE,15,FALSE,TRUE,"mrts"
207,"quantile",0.8,"score_quantile",0.8,NA,7.94028064104684,0.00984446805840333,0.999808767391752,"skew-t",1,0,"yes","yes","",FALSE,TRUE,15,FALSE,TRUE,"mrts"
207,"quantile",0.9,"score_quantile",0.9,NA,5.03780816026074,0.00721039587641892,0.999305467576014,"skew-t",1,0,"yes","yes","",FALSE,TRUE,15,FALSE,TRUE,"mrts"
207,"quantile",0.95,"score_quantile",0.95,NA,2.99468445190218,0.0128590991721353,0.997789113717803,"skew-t",1,0,"yes","yes","",FALSE,TRUE,15,FALSE,TRUE,"mrts"
207,"quantile",0.98,"score_quantile",0.98,NA,1.43742331877257,0.0249262622292083,0.995784154840558,"skew-t",1,0,"yes","yes","",FALSE,TRUE,15,FALSE,TRUE,"mrts"
207,"quantile",0.99,"score_quantile",0.99,NA,0.814421004445342,0.0308332035279278,0.993028322542944,"skew-t",1,0,"yes","yes","",FALSE,TRUE,15,FALSE,TRUE,"mrts"
207,"quantile",0.995,"score_quantile",0.995,NA,0.463243237877372,0.031631358092181,0.988068231620094,"skew-t",1,0,"yes","yes","",FALSE,TRUE,15,FALSE,TRUE,"mrts"
208,"brier",0,"threshold_quantile",0,2,0.00092127617085828,0.000109542440461216,6.44302538244154,"skew-t",1,50,"yes","yes","",FALSE,TRUE,15,FALSE,TRUE,"mrts"
208,"brier",0.1,"threshold_quantile",0.1,28.875,0.0617927725377215,0.00410780030548928,1.59777280208588,"skew-t",1,50,"yes","yes","",FALSE,TRUE,15,FALSE,TRUE,"mrts"
208,"brier",0.2,"threshold_quantile",0.2,36,0.0852156714427681,0.00536277835634834,1.34714327748351,"skew-t",1,50,"yes","yes","",FALSE,TRUE,15,FALSE,TRUE,"mrts"
208,"brier",0.3,"threshold_quantile",0.3,41.625,0.0938466642543744,0.00547601542554557,1.18866250034319,"skew-t",1,50,"yes","yes","",FALSE,TRUE,15,FALSE,TRUE,"mrts"
208,"brier",0.4,"threshold_quantile",0.4,46.5,0.0964660666547831,0.00334548944757586,1.0804550313154,"skew-t",1,50,"yes","yes","",FALSE,TRUE,15,FALSE,TRUE,"mrts"
208,"brier",0.5,"threshold_quantile",0.5,50.875,0.09635470373872,0.0025644029779592,1.01873728600879,"skew-t",1,50,"yes","yes","",FALSE,TRUE,15,FALSE,TRUE,"mrts"
208,"brier",0.6,"threshold_quantile",0.6,55.429,0.0949608263021236,0.000305184840662116,1.00400028709537,"skew-t",1,50,"yes","yes","",FALSE,TRUE,15,FALSE,TRUE,"mrts"
208,"brier",0.7,"threshold_quantile",0.7,60.125,0.0866394744477961,0.000368494401082754,1.00163768279233,"skew-t",1,50,"yes","yes","",FALSE,TRUE,15,FALSE,TRUE,"mrts"
208,"brier",0.8,"threshold_quantile",0.8,65.5,0.0715926172949218,0.00139056207778421,1.00067300875721,"skew-t",1,50,"yes","yes","",FALSE,TRUE,15,FALSE,TRUE,"mrts"
208,"brier",0.9,"threshold_quantile",0.9,73.25,0.0449548075773761,0.00119708259613076,0.998000348769742,"skew-t",1,50,"yes","yes","",FALSE,TRUE,15,FALSE,TRUE,"mrts"
208,"brier",0.95,"threshold_quantile",0.95,79.75,0.0269167003742853,0.00207932413689258,0.995803527915739,"skew-t",1,50,"yes","yes","",FALSE,TRUE,15,FALSE,TRUE,"mrts"
208,"brier",0.98,"threshold_quantile",0.98,88.5,0.0126815696132905,0.000740032752408573,0.982143445277382,"skew-t",1,50,"yes","yes","",FALSE,TRUE,15,FALSE,TRUE,"mrts"
208,"brier",0.99,"threshold_quantile",0.99,94.75,0.0070078910161662,0.000638620305155118,0.964805035266009,"skew-t",1,50,"yes","yes","",FALSE,TRUE,15,FALSE,TRUE,"mrts"
208,"brier",0.995,"threshold_quantile",0.995,100.52,0.00391359269313199,8.02027523134541e-05,0.971069347065555,"skew-t",1,50,"yes","yes","",FALSE,TRUE,15,FALSE,TRUE,"mrts"
208,"quantile",0,"score_quantile",0,NA,0,0,NA,"skew-t",1,50,"yes","yes","",FALSE,TRUE,15,FALSE,TRUE,"mrts"
208,"quantile",0.1,"score_quantile",0.1,NA,4.81686315772965,0.151524478461718,1.0951146535213,"skew-t",1,50,"yes","yes","",FALSE,TRUE,15,FALSE,TRUE,"mrts"
208,"quantile",0.2,"score_quantile",0.2,NA,7.56638072379795,0.159191314393363,1.04325479986308,"skew-t",1,50,"yes","yes","",FALSE,TRUE,15,FALSE,TRUE,"mrts"
208,"quantile",0.3,"score_quantile",0.3,NA,9.44430613756178,0.14210882938364,1.02568868620322,"skew-t",1,50,"yes","yes","",FALSE,TRUE,15,FALSE,TRUE,"mrts"
208,"quantile",0.4,"score_quantile",0.4,NA,10.5741877667822,0.0835802315394485,1.01511839796553,"skew-t",1,50,"yes","yes","",FALSE,TRUE,15,FALSE,TRUE,"mrts"
208,"quantile",0.5,"score_quantile",0.5,NA,11.0118190815457,0.0204130034816874,1.00890235326166,"skew-t",1,50,"yes","yes","",FALSE,TRUE,15,FALSE,TRUE,"mrts"
208,"quantile",0.6,"score_quantile",0.6,NA,10.7613880976642,0.027008665749876,1.00511479867741,"skew-t",1,50,"yes","yes","",FALSE,TRUE,15,FALSE,TRUE,"mrts"
208,"quantile",0.7,"score_quantile",0.7,NA,9.78300949613056,0.0345396206918078,1.00323185965609,"skew-t",1,50,"yes","yes","",FALSE,TRUE,15,FALSE,TRUE,"mrts"
208,"quantile",0.8,"score_quantile",0.8,NA,7.96046671838297,0.0141974894911585,1.00235051849757,"skew-t",1,50,"yes","yes","",FALSE,TRUE,15,FALSE,TRUE,"mrts"
208,"quantile",0.9,"score_quantile",0.9,NA,5.04852330975956,0.0110856794077878,1.0014309370539,"skew-t",1,50,"yes","yes","",FALSE,TRUE,15,FALSE,TRUE,"mrts"
208,"quantile",0.95,"score_quantile",0.95,NA,2.99882059266374,0.0152080515429676,0.999167220924411,"skew-t",1,50,"yes","yes","",FALSE,TRUE,15,FALSE,TRUE,"mrts"
208,"quantile",0.98,"score_quantile",0.98,NA,1.43681299680188,0.0266605439054021,0.995361350409995,"skew-t",1,50,"yes","yes","",FALSE,TRUE,15,FALSE,TRUE,"mrts"
208,"quantile",0.99,"score_quantile",0.99,NA,0.809497623650096,0.0294385001623917,0.987025215371521,"skew-t",1,50,"yes","yes","",FALSE,TRUE,15,FALSE,TRUE,"mrts"
208,"quantile",0.995,"score_quantile",0.995,NA,0.454856326842375,0.0286548751194966,0.970179486188912,"skew-t",1,50,"yes","yes","",FALSE,TRUE,15,FALSE,TRUE,"mrts"
209,"brier",0,"threshold_quantile",0,2,0.0191465817932611,0.010243614292427,133.903292392821,"t",1,75,"yes","yes","",FALSE,TRUE,15,FALSE,TRUE,"mrts"
209,"brier",0.1,"threshold_quantile",0.1,28.875,0.101308059028696,0.0133476307470812,2.6195176992479,"t",1,75,"yes","yes","",FALSE,TRUE,15,FALSE,TRUE,"mrts"
209,"brier",0.2,"threshold_quantile",0.2,36,0.139249904537347,0.013034185748558,2.20135063905112,"t",1,75,"yes","yes","",FALSE,TRUE,15,FALSE,TRUE,"mrts"
209,"brier",0.3,"threshold_quantile",0.3,41.625,0.161922318342004,0.0112180274477766,2.05090920717303,"t",1,75,"yes","yes","",FALSE,TRUE,15,FALSE,TRUE,"mrts"
209,"brier",0.4,"threshold_quantile",0.4,46.5,0.173253246938428,0.00668734020169082,1.9404993780481,"t",1,75,"yes","yes","",FALSE,TRUE,15,FALSE,TRUE,"mrts"
209,"brier",0.5,"threshold_quantile",0.5,50.875,0.168550393427729,0.00520599510273716,1.78204658095251,"t",1,75,"yes","yes","",FALSE,TRUE,15,FALSE,TRUE,"mrts"
209,"brier",0.6,"threshold_quantile",0.6,55.429,0.15417671176653,0.00175099997473843,1.63007704234304,"t",1,75,"yes","yes","",FALSE,TRUE,15,FALSE,TRUE,"mrts"
209,"brier",0.7,"threshold_quantile",0.7,60.125,0.126366165632211,0.00142424349006921,1.46091737206308,"t",1,75,"yes","yes","",FALSE,TRUE,15,FALSE,TRUE,"mrts"
209,"brier",0.8,"threshold_quantile",0.8,65.5,0.0905339554149623,0.00102871420799393,1.26542217595679,"t",1,75,"yes","yes","",FALSE,TRUE,15,FALSE,TRUE,"mrts"
209,"brier",0.9,"threshold_quantile",0.9,73.25,0.0493519071236703,0.000219786529743044,1.09561631282929,"t",1,75,"yes","yes","",FALSE,TRUE,15,FALSE,TRUE,"mrts"
209,"brier",0.95,"threshold_quantile",0.95,79.75,0.0275722452194092,0.000735203058869071,1.02005590136435,"t",1,75,"yes","yes","",FALSE,TRUE,15,FALSE,TRUE,"mrts"
209,"brier",0.98,"threshold_quantile",0.98,88.5,0.0128087460601399,0.000522330272859757,0.991992818618041,"t",1,75,"yes","yes","",FALSE,TRUE,15,FALSE,TRUE,"mrts"
209,"brier",0.99,"threshold_quantile",0.99,94.75,0.00699456902328435,0.000653469275013949,0.962970941987084,"t",1,75,"yes","yes","",FALSE,TRUE,15,FALSE,TRUE,"mrts"
209,"brier",0.995,"threshold_quantile",0.995,100.52,0.00388024707266531,0.000129110875282635,0.962795386939122,"t",1,75,"yes","yes","",FALSE,TRUE,15,FALSE,TRUE,"mrts"
209,"quantile",0,"score_quantile",0,NA,0,0,NA,"t",1,75,"yes","yes","",FALSE,TRUE,15,FALSE,TRUE,"mrts"
209,"quantile",0.1,"score_quantile",0.1,NA,6.13690004672651,0.286485480132875,1.39522526347488,"t",1,75,"yes","yes","",FALSE,TRUE,15,FALSE,TRUE,"mrts"
209,"quantile",0.2,"score_quantile",0.2,NA,9.62467110401351,0.500353710543897,1.32705248293737,"t",1,75,"yes","yes","",FALSE,TRUE,15,FALSE,TRUE,"mrts"
209,"quantile",0.3,"score_quantile",0.3,NA,11.902670960505,0.669771299360598,1.29267674744621,"t",1,75,"yes","yes","",FALSE,TRUE,15,FALSE,TRUE,"mrts"
209,"quantile",0.4,"score_quantile",0.4,NA,13.2178669805863,0.826883311782064,1.26891069553396,"t",1,75,"yes","yes","",FALSE,TRUE,15,FALSE,TRUE,"mrts"
209,"quantile",0.5,"score_quantile",0.5,NA,13.6620036777242,0.960951700709101,1.25171214298506,"t",1,75,"yes","yes","",FALSE,TRUE,15,FALSE,TRUE,"mrts"
209,"quantile",0.6,"score_quantile",0.6,NA,13.2742035441984,1.03042471816636,1.23981202999508,"t",1,75,"yes","yes","",FALSE,TRUE,15,FALSE,TRUE,"mrts"
209,"quantile",0.7,"score_quantile",0.7,NA,12.0532126531174,1.04056485866614,1.23603753523903,"t",1,75,"yes","yes","",FALSE,TRUE,15,FALSE,TRUE,"mrts"
209,"quantile",0.8,"score_quantile",0.8,NA,9.89243488216334,1.01463091889814,1.24561631674708,"t",1,75,"yes","yes","",FALSE,TRUE,15,FALSE,TRUE,"mrts"
209,"quantile",0.9,"score_quantile",0.9,NA,6.47174322648201,0.899672762530563,1.28374248983645,"t",1,75,"yes","yes","",FALSE,TRUE,15,FALSE,TRUE,"mrts"
209,"quantile",0.95,"score_quantile",0.95,NA,4.04171646449779,0.703829231439494,1.34664628403448,"t",1,75,"yes","yes","",FALSE,TRUE,15,FALSE,TRUE,"mrts"
209,"quantile",0.98,"score_quantile",0.98,NA,2.07747274751717,0.441362117064997,1.43918247121326,"t",1,75,"yes","yes","",FALSE,TRUE,15,FALSE,TRUE,"mrts"
209,"quantile",0.99,"score_quantile",0.99,NA,1.24469380687716,0.304025901920851,1.51766248215148,"t",1,75,"yes","yes","",FALSE,TRUE,15,FALSE,TRUE,"mrts"
209,"quantile",0.995,"score_quantile",0.995,NA,0.741991413049534,0.206774399831408,1.58262028114746,"t",1,75,"yes","yes","",FALSE,TRUE,15,FALSE,TRUE,"mrts"
