"metric","quantile","target_type","target_level","threshold_value","baseline_setting","proposed_setting","baseline_rel_brier","proposed_rel_brier","delta_rel_brier","baseline_rel_score","proposed_rel_score","delta_rel_score","baseline_rel_quant","proposed_rel_quant","delta_rel_quant","method","knots","thresh","CMAQ","TS","proposed_is_ar2","proposed_is_mrts","proposed_is_prop","proposed_lane"
"brier",0,"threshold_quantile",0,2,51,101,0.9502556604184,0.949216698741003,-0.00103896167739714,0.9502556604184,0.949216698741003,-0.00103896167739714,NA,NA,NA,"skew-t",1,0,"yes","yes",TRUE,FALSE,FALSE,"ar2"
"brier",0.1,"threshold_quantile",0.1,28.875,51,101,0.998665667904159,0.998877349443842,0.000211681539682318,0.998665667904159,0.998877349443842,0.000211681539682318,NA,NA,NA,"skew-t",1,0,"yes","yes",TRUE,FALSE,FALSE,"ar2"
"brier",0.2,"threshold_quantile",0.2,36,51,101,0.995899229544041,0.996444410455222,0.000545180911181387,0.995899229544041,0.996444410455222,0.000545180911181387,NA,NA,NA,"skew-t",1,0,"yes","yes",TRUE,FALSE,FALSE,"ar2"
"brier",0.3,"threshold_quantile",0.3,41.625,51,101,0.997746420987681,0.997628651198129,-0.000117769789552025,0.997746420987681,0.997628651198129,-0.000117769789552025,NA,NA,NA,"skew-t",1,0,"yes","yes",TRUE,FALSE,FALSE,"ar2"
"brier",0.4,"threshold_quantile",0.4,46.5,51,101,0.997813987511294,0.997913714822015,9.9727310721498e-05,0.997813987511294,0.997913714822015,9.9727310721498e-05,NA,NA,NA,"skew-t",1,0,"yes","yes",TRUE,FALSE,FALSE,"ar2"
"brier",0.5,"threshold_quantile",0.5,50.875,51,101,0.997713531060978,0.998511976739648,0.000798445678669935,0.997713531060978,0.998511976739648,0.000798445678669935,NA,NA,NA,"skew-t",1,0,"yes","yes",TRUE,FALSE,FALSE,"ar2"
"brier",0.6,"threshold_quantile",0.6,55.429,51,101,0.997566070126713,0.998000016602625,0.000433946475911662,0.997566070126713,0.998000016602625,0.000433946475911662,NA,NA,NA,"skew-t",1,0,"yes","yes",TRUE,FALSE,FALSE,"ar2"
"brier",0.7,"threshold_quantile",0.7,60.125,51,101,0.996668920389628,0.997167915048166,0.000498994658538421,0.996668920389628,0.997167915048166,0.000498994658538421,NA,NA,NA,"skew-t",1,0,"yes","yes",TRUE,FALSE,FALSE,"ar2"
"brier",0.8,"threshold_quantile",0.8,65.5,51,101,0.993713890841293,0.994206844073412,0.000492953232119508,0.993713890841293,0.994206844073412,0.000492953232119508,NA,NA,NA,"skew-t",1,0,"yes","yes",TRUE,FALSE,FALSE,"ar2"
"brier",0.9,"threshold_quantile",0.9,73.25,51,101,0.992240779164545,0.992424612266342,0.00018383310179737,0.992240779164545,0.992424612266342,0.00018383310179737,NA,NA,NA,"skew-t",1,0,"yes","yes",TRUE,FALSE,FALSE,"ar2"
"brier",0.95,"threshold_quantile",0.95,79.75,51,101,0.996953281494973,0.99691923635637,-3.4045138603167e-05,0.996953281494973,0.99691923635637,-3.4045138603167e-05,NA,NA,NA,"skew-t",1,0,"yes","yes",TRUE,FALSE,FALSE,"ar2"
"brier",0.98,"threshold_quantile",0.98,88.5,51,101,0.995100854502497,0.994173618623348,-0.000927235879149002,0.995100854502497,0.994173618623348,-0.000927235879149002,NA,NA,NA,"skew-t",1,0,"yes","yes",TRUE,FALSE,FALSE,"ar2"
"brier",0.99,"threshold_quantile",0.99,94.75,51,101,0.988390361004159,0.986643094044914,-0.0017472669592451,0.988390361004159,0.986643094044914,-0.0017472669592451,NA,NA,NA,"skew-t",1,0,"yes","yes",TRUE,FALSE,FALSE,"ar2"
"brier",0.995,"threshold_quantile",0.995,100.52,51,101,0.992113960124778,0.991477400984286,-0.000636559140492765,0.992113960124778,0.991477400984286,-0.000636559140492765,NA,NA,NA,"skew-t",1,0,"yes","yes",TRUE,FALSE,FALSE,"ar2"
"quantile",0,"score_quantile",0,NA,51,101,NA,NA,NA,NA,NA,NA,NA,NA,NA,"skew-t",1,0,"yes","yes",TRUE,FALSE,FALSE,"ar2"
"quantile",0.1,"score_quantile",0.1,NA,51,101,NA,NA,NA,0.999611866863614,0.999478662845038,-0.000133204018575972,0.999611866863614,0.999478662845038,-0.000133204018575972,"skew-t",1,0,"yes","yes",TRUE,FALSE,FALSE,"ar2"
"quantile",0.2,"score_quantile",0.2,NA,51,101,NA,NA,NA,0.99951343197031,0.999450014961842,-6.34170084680141e-05,0.99951343197031,0.999450014961842,-6.34170084680141e-05,"skew-t",1,0,"yes","yes",TRUE,FALSE,FALSE,"ar2"
"quantile",0.3,"score_quantile",0.3,NA,51,101,NA,NA,NA,0.999620248710055,0.999578019653219,-4.22290568355965e-05,0.999620248710055,0.999578019653219,-4.22290568355965e-05,"skew-t",1,0,"yes","yes",TRUE,FALSE,FALSE,"ar2"
"quantile",0.4,"score_quantile",0.4,NA,51,101,NA,NA,NA,0.999772140298926,0.999725359767665,-4.67805312609482e-05,0.999772140298926,0.999725359767665,-4.67805312609482e-05,"skew-t",1,0,"yes","yes",TRUE,FALSE,FALSE,"ar2"
"quantile",0.5,"score_quantile",0.5,NA,51,101,NA,NA,NA,0.99976422972223,0.999708409798121,-5.58199241089685e-05,0.99976422972223,0.999708409798121,-5.58199241089685e-05,"skew-t",1,0,"yes","yes",TRUE,FALSE,FALSE,"ar2"
"quantile",0.6,"score_quantile",0.6,NA,51,101,NA,NA,NA,0.999976525940446,0.999953373790876,-2.31521495696052e-05,0.999976525940446,0.999953373790876,-2.31521495696052e-05,"skew-t",1,0,"yes","yes",TRUE,FALSE,FALSE,"ar2"
"quantile",0.7,"score_quantile",0.7,NA,51,101,NA,NA,NA,1.00004256780274,1.00002168481347,-2.0882989276938e-05,1.00004256780274,1.00002168481347,-2.0882989276938e-05,"skew-t",1,0,"yes","yes",TRUE,FALSE,FALSE,"ar2"
"quantile",0.8,"score_quantile",0.8,NA,51,101,NA,NA,NA,0.999838067572919,0.999820496759006,-1.75708139126263e-05,0.999838067572919,0.999820496759006,-1.75708139126263e-05,"skew-t",1,0,"yes","yes",TRUE,FALSE,FALSE,"ar2"
"quantile",0.9,"score_quantile",0.9,NA,51,101,NA,NA,NA,0.999398136655813,0.999243610092444,-0.000154526563369228,0.999398136655813,0.999243610092444,-0.000154526563369228,"skew-t",1,0,"yes","yes",TRUE,FALSE,FALSE,"ar2"
"quantile",0.95,"score_quantile",0.95,NA,51,101,NA,NA,NA,0.998449750187276,0.998161729873089,-0.000288020314187065,0.998449750187276,0.998161729873089,-0.000288020314187065,"skew-t",1,0,"yes","yes",TRUE,FALSE,FALSE,"ar2"
"quantile",0.98,"score_quantile",0.98,NA,51,101,NA,NA,NA,0.99552558052283,0.995161783374471,-0.000363797148359546,0.99552558052283,0.995161783374471,-0.000363797148359546,"skew-t",1,0,"yes","yes",TRUE,FALSE,FALSE,"ar2"
"quantile",0.99,"score_quantile",0.99,NA,51,101,NA,NA,NA,0.992097572391021,0.991474756895074,-0.000622815495947004,0.992097572391021,0.991474756895074,-0.000622815495947004,"skew-t",1,0,"yes","yes",TRUE,FALSE,FALSE,"ar2"
"quantile",0.995,"score_quantile",0.995,NA,51,101,NA,NA,NA,0.986475458116869,0.984133637947125,-0.00234182016974427,0.986475458116869,0.984133637947125,-0.00234182016974427,"skew-t",1,0,"yes","yes",TRUE,FALSE,FALSE,"ar2"
"brier",0,"threshold_quantile",0,2,52,102,5.87941982152948,6.65343455506997,0.774014733540485,5.87941982152948,6.65343455506997,0.774014733540485,NA,NA,NA,"skew-t",1,50,"yes","yes",TRUE,FALSE,FALSE,"ar2"
"brier",0.1,"threshold_quantile",0.1,28.875,52,102,1.69271209177935,1.69964807985129,0.00693598807193685,1.69271209177935,1.69964807985129,0.00693598807193685,NA,NA,NA,"skew-t",1,50,"yes","yes",TRUE,FALSE,FALSE,"ar2"
"brier",0.2,"threshold_quantile",0.2,36,52,102,1.38133004704119,1.38108158973291,-0.000248457308276384,1.38133004704119,1.38108158973291,-0.000248457308276384,NA,NA,NA,"skew-t",1,50,"yes","yes",TRUE,FALSE,FALSE,"ar2"
"brier",0.3,"threshold_quantile",0.3,41.625,52,102,1.20234751315586,1.20257200674439,0.000224493588529162,1.20234751315586,1.20257200674439,0.000224493588529162,NA,NA,NA,"skew-t",1,50,"yes","yes",TRUE,FALSE,FALSE,"ar2"
"brier",0.4,"threshold_quantile",0.4,46.5,52,102,1.08484271143181,1.08557470572562,0.000731994293807992,1.08484271143181,1.08557470572562,0.000731994293807992,NA,NA,NA,"skew-t",1,50,"yes","yes",TRUE,FALSE,FALSE,"ar2"
"brier",0.5,"threshold_quantile",0.5,50.875,52,102,1.02141901824232,1.02169047462079,0.000271456378472035,1.02141901824232,1.02169047462079,0.000271456378472035,NA,NA,NA,"skew-t",1,50,"yes","yes",TRUE,FALSE,FALSE,"ar2"
"brier",0.6,"threshold_quantile",0.6,55.429,52,102,1.00494113084247,1.00503490917034,9.37783278651683e-05,1.00494113084247,1.00503490917034,9.37783278651683e-05,NA,NA,NA,"skew-t",1,50,"yes","yes",TRUE,FALSE,FALSE,"ar2"
"brier",0.7,"threshold_quantile",0.7,60.125,52,102,1.00018497090302,1.00087720768188,0.000692236778861099,1.00018497090302,1.00087720768188,0.000692236778861099,NA,NA,NA,"skew-t",1,50,"yes","yes",TRUE,FALSE,FALSE,"ar2"
"brier",0.8,"threshold_quantile",0.8,65.5,52,102,1.00005428308294,1.00033049271457,0.000276209631630886,1.00005428308294,1.00033049271457,0.000276209631630886,NA,NA,NA,"skew-t",1,50,"yes","yes",TRUE,FALSE,FALSE,"ar2"
"brier",0.9,"threshold_quantile",0.9,73.25,52,102,0.998753062533839,0.998236320285355,-0.000516742248484081,0.998753062533839,0.998236320285355,-0.000516742248484081,NA,NA,NA,"skew-t",1,50,"yes","yes",TRUE,FALSE,FALSE,"ar2"
"brier",0.95,"threshold_quantile",0.95,79.75,52,102,0.998690250354236,0.998963081609385,0.000272831255149653,0.998690250354236,0.998963081609385,0.000272831255149653,NA,NA,NA,"skew-t",1,50,"yes","yes",TRUE,FALSE,FALSE,"ar2"
"brier",0.98,"threshold_quantile",0.98,88.5,52,102,0.984513379283401,0.985062557212806,0.000549177929404898,0.984513379283401,0.985062557212806,0.000549177929404898,NA,NA,NA,"skew-t",1,50,"yes","yes",TRUE,FALSE,FALSE,"ar2"
"brier",0.99,"threshold_quantile",0.99,94.75,52,102,0.968021210938559,0.968096282506052,7.50715674935343e-05,0.968021210938559,0.968096282506052,7.50715674935343e-05,NA,NA,NA,"skew-t",1,50,"yes","yes",TRUE,FALSE,FALSE,"ar2"
"brier",0.995,"threshold_quantile",0.995,100.52,52,102,0.97396189823549,0.972331945733747,-0.00162995250174292,0.97396189823549,0.972331945733747,-0.00162995250174292,NA,NA,NA,"skew-t",1,50,"yes","yes",TRUE,FALSE,FALSE,"ar2"
"quantile",0,"score_quantile",0,NA,52,102,NA,NA,NA,NA,Inf,NA,NA,Inf,NA,"skew-t",1,50,"yes","yes",TRUE,FALSE,FALSE,"ar2"
"quantile",0.1,"score_quantile",0.1,NA,52,102,NA,NA,NA,1.09505990090534,1.09670258722278,0.00164268631744213,1.09505990090534,1.09670258722278,0.00164268631744213,"skew-t",1,50,"yes","yes",TRUE,FALSE,FALSE,"ar2"
"quantile",0.2,"score_quantile",0.2,NA,52,102,NA,NA,NA,1.03781210506422,1.03772173789349,-9.0367170735961e-05,1.03781210506422,1.03772173789349,-9.0367170735961e-05,"skew-t",1,50,"yes","yes",TRUE,FALSE,FALSE,"ar2"
"quantile",0.3,"score_quantile",0.3,NA,52,102,NA,NA,NA,1.02044442298802,1.02035092235268,-9.35006353401935e-05,1.02044442298802,1.02035092235268,-9.35006353401935e-05,"skew-t",1,50,"yes","yes",TRUE,FALSE,FALSE,"ar2"
"quantile",0.4,"score_quantile",0.4,NA,52,102,NA,NA,NA,1.01201752310971,1.0120600662384,4.25431286970035e-05,1.01201752310971,1.0120600662384,4.25431286970035e-05,"skew-t",1,50,"yes","yes",TRUE,FALSE,FALSE,"ar2"
"quantile",0.5,"score_quantile",0.5,NA,52,102,NA,NA,NA,1.00723366085067,1.00735638876541,0.00012272791473511,1.00723366085067,1.00735638876541,0.00012272791473511,"skew-t",1,50,"yes","yes",TRUE,FALSE,FALSE,"ar2"
"quantile",0.6,"score_quantile",0.6,NA,52,102,NA,NA,NA,1.00392994242712,1.00400822687567,7.82844485536227e-05,1.00392994242712,1.00400822687567,7.82844485536227e-05,"skew-t",1,50,"yes","yes",TRUE,FALSE,FALSE,"ar2"
"quantile",0.7,"score_quantile",0.7,NA,52,102,NA,NA,NA,1.00233007333454,1.00238724626824,5.71729337031091e-05,1.00233007333454,1.00238724626824,5.71729337031091e-05,"skew-t",1,50,"yes","yes",TRUE,FALSE,FALSE,"ar2"
"quantile",0.8,"score_quantile",0.8,NA,52,102,NA,NA,NA,1.00121530627107,1.00121022202687,-5.0842441969845e-06,1.00121530627107,1.00121022202687,-5.0842441969845e-06,"skew-t",1,50,"yes","yes",TRUE,FALSE,FALSE,"ar2"
"quantile",0.9,"score_quantile",0.9,NA,52,102,NA,NA,NA,1.00121060384522,1.00107201328796,-0.000138590557252627,1.00121060384522,1.00107201328796,-0.000138590557252627,"skew-t",1,50,"yes","yes",TRUE,FALSE,FALSE,"ar2"
"quantile",0.95,"score_quantile",0.95,NA,52,102,NA,NA,NA,0.999734077181074,0.999569684528929,-0.000164392652144962,0.999734077181074,0.999569684528929,-0.000164392652144962,"skew-t",1,50,"yes","yes",TRUE,FALSE,FALSE,"ar2"
"quantile",0.98,"score_quantile",0.98,NA,52,102,NA,NA,NA,0.994834914504267,0.994498171563807,-0.000336742940460155,0.994834914504267,0.994498171563807,-0.000336742940460155,"skew-t",1,50,"yes","yes",TRUE,FALSE,FALSE,"ar2"
"quantile",0.99,"score_quantile",0.99,NA,52,102,NA,NA,NA,0.985213598430482,0.984763441254371,-0.000450157176110966,0.985213598430482,0.984763441254371,-0.000450157176110966,"skew-t",1,50,"yes","yes",TRUE,FALSE,FALSE,"ar2"
"quantile",0.995,"score_quantile",0.995,NA,52,102,NA,NA,NA,0.965726243764581,0.966009304699937,0.000283060935355905,0.965726243764581,0.966009304699937,0.000283060935355905,"skew-t",1,50,"yes","yes",TRUE,FALSE,FALSE,"ar2"
"brier",0,"threshold_quantile",0,2,53,103,11.2448329465787,9.08539280348594,-2.15944014309281,11.2448329465787,9.08539280348594,-2.15944014309281,NA,NA,NA,"t",1,75,"yes","yes",TRUE,FALSE,FALSE,"ar2"
"brier",0.1,"threshold_quantile",0.1,28.875,53,103,2.25477313163863,2.14533237546073,-0.109440756177896,2.25477313163863,2.14533237546073,-0.109440756177896,NA,NA,NA,"t",1,75,"yes","yes",TRUE,FALSE,FALSE,"ar2"
"brier",0.2,"threshold_quantile",0.2,36,53,103,2.0752296333924,2.00226081068283,-0.0729688227095671,2.0752296333924,2.00226081068283,-0.0729688227095671,NA,NA,NA,"t",1,75,"yes","yes",TRUE,FALSE,FALSE,"ar2"
"brier",0.3,"threshold_quantile",0.3,41.625,53,103,1.98955796901922,1.94418595224596,-0.0453720167732612,1.98955796901922,1.94418595224596,-0.0453720167732612,NA,NA,NA,"t",1,75,"yes","yes",TRUE,FALSE,FALSE,"ar2"
"brier",0.4,"threshold_quantile",0.4,46.5,53,103,1.89603102438931,1.86976287410575,-0.0262681502835684,1.89603102438931,1.86976287410575,-0.0262681502835684,NA,NA,NA,"t",1,75,"yes","yes",TRUE,FALSE,FALSE,"ar2"
"brier",0.5,"threshold_quantile",0.5,50.875,53,103,1.75370753430879,1.74196983484286,-0.01173769946593,1.75370753430879,1.74196983484286,-0.01173769946593,NA,NA,NA,"t",1,75,"yes","yes",TRUE,FALSE,FALSE,"ar2"
"brier",0.6,"threshold_quantile",0.6,55.429,53,103,1.60745188035974,1.59995349969318,-0.00749838066656094,1.60745188035974,1.59995349969318,-0.00749838066656094,NA,NA,NA,"t",1,75,"yes","yes",TRUE,FALSE,FALSE,"ar2"
"brier",0.7,"threshold_quantile",0.7,60.125,53,103,1.44929762541618,1.43990346752035,-0.00939415789582965,1.44929762541618,1.43990346752035,-0.00939415789582965,NA,NA,NA,"t",1,75,"yes","yes",TRUE,FALSE,FALSE,"ar2"
"brier",0.8,"threshold_quantile",0.8,65.5,53,103,1.25744936339198,1.25313470295849,-0.00431466043348827,1.25744936339198,1.25313470295849,-0.00431466043348827,NA,NA,NA,"t",1,75,"yes","yes",TRUE,FALSE,FALSE,"ar2"
"brier",0.9,"threshold_quantile",0.9,73.25,53,103,1.08682530880556,1.08776704797327,0.000941739167718225,1.08682530880556,1.08776704797327,0.000941739167718225,NA,NA,NA,"t",1,75,"yes","yes",TRUE,FALSE,FALSE,"ar2"
"brier",0.95,"threshold_quantile",0.95,79.75,53,103,1.01228039582623,1.01548788493863,0.00320748911240143,1.01228039582623,1.01548788493863,0.00320748911240143,NA,NA,NA,"t",1,75,"yes","yes",TRUE,FALSE,FALSE,"ar2"
"brier",0.98,"threshold_quantile",0.98,88.5,53,103,0.987383198471936,0.993477144885183,0.00609394641324712,0.987383198471936,0.993477144885183,0.00609394641324712,NA,NA,NA,"t",1,75,"yes","yes",TRUE,FALSE,FALSE,"ar2"
"brier",0.99,"threshold_quantile",0.99,94.75,53,103,0.959330478602021,0.963609301144641,0.0042788225426198,0.959330478602021,0.963609301144641,0.0042788225426198,NA,NA,NA,"t",1,75,"yes","yes",TRUE,FALSE,FALSE,"ar2"
"brier",0.995,"threshold_quantile",0.995,100.52,53,103,0.964194728236206,0.96424111711409,4.63888778843291e-05,0.964194728236206,0.96424111711409,4.63888778843291e-05,NA,NA,NA,"t",1,75,"yes","yes",TRUE,FALSE,FALSE,"ar2"
"quantile",0,"score_quantile",0,NA,53,103,NA,NA,NA,NA,NA,NA,NA,NA,NA,"t",1,75,"yes","yes",TRUE,FALSE,FALSE,"ar2"
"quantile",0.1,"score_quantile",0.1,NA,53,103,NA,NA,NA,1.32663269040317,1.28330004002054,-0.0433326503826301,1.32663269040317,1.28330004002054,-0.0433326503826301,"t",1,75,"yes","yes",TRUE,FALSE,FALSE,"ar2"
"quantile",0.2,"score_quantile",0.2,NA,53,103,NA,NA,NA,1.24195940149446,1.20003780179197,-0.0419215997024929,1.24195940149446,1.20003780179197,-0.0419215997024929,"t",1,75,"yes","yes",TRUE,FALSE,FALSE,"ar2"
"quantile",0.3,"score_quantile",0.3,NA,53,103,NA,NA,NA,1.19177480357234,1.15828776333598,-0.0334870402363576,1.19177480357234,1.15828776333598,-0.0334870402363576,"t",1,75,"yes","yes",TRUE,FALSE,FALSE,"ar2"
"quantile",0.4,"score_quantile",0.4,NA,53,103,NA,NA,NA,1.15659866018534,1.13030075412512,-0.0262979060602264,1.15659866018534,1.13030075412512,-0.0262979060602264,"t",1,75,"yes","yes",TRUE,FALSE,FALSE,"ar2"
"quantile",0.5,"score_quantile",0.5,NA,53,103,NA,NA,NA,1.12551958195696,1.10493449514528,-0.0205850868116813,1.12551958195696,1.10493449514528,-0.0205850868116813,"t",1,75,"yes","yes",TRUE,FALSE,FALSE,"ar2"
"quantile",0.6,"score_quantile",0.6,NA,53,103,NA,NA,NA,1.09548382489298,1.0806854476939,-0.0147983771990758,1.09548382489298,1.0806854476939,-0.0147983771990758,"t",1,75,"yes","yes",TRUE,FALSE,FALSE,"ar2"
"quantile",0.7,"score_quantile",0.7,NA,53,103,NA,NA,NA,1.0680173089653,1.05841941966235,-0.00959788930294803,1.0680173089653,1.05841941966235,-0.00959788930294803,"t",1,75,"yes","yes",TRUE,FALSE,FALSE,"ar2"
"quantile",0.8,"score_quantile",0.8,NA,53,103,NA,NA,NA,1.04251825369911,1.03871330611179,-0.00380494758731365,1.04251825369911,1.03871330611179,-0.00380494758731365,"t",1,75,"yes","yes",TRUE,FALSE,FALSE,"ar2"
"quantile",0.9,"score_quantile",0.9,NA,53,103,NA,NA,NA,1.02263754058349,1.02328888679735,0.000651346213861981,1.02263754058349,1.02328888679735,0.000651346213861981,"t",1,75,"yes","yes",TRUE,FALSE,FALSE,"ar2"
"quantile",0.95,"score_quantile",0.95,NA,53,103,NA,NA,NA,1.01434150152749,1.01625218960806,0.00191068808056349,1.01434150152749,1.01625218960806,0.00191068808056349,"t",1,75,"yes","yes",TRUE,FALSE,FALSE,"ar2"
"quantile",0.98,"score_quantile",0.98,NA,53,103,NA,NA,NA,1.00638735252479,1.00764514093278,0.0012577884079874,1.00638735252479,1.00764514093278,0.0012577884079874,"t",1,75,"yes","yes",TRUE,FALSE,FALSE,"ar2"
"quantile",0.99,"score_quantile",0.99,NA,53,103,NA,NA,NA,0.993934843121405,0.995024519500212,0.00108967637880719,0.993934843121405,0.995024519500212,0.00108967637880719,"t",1,75,"yes","yes",TRUE,FALSE,FALSE,"ar2"
"quantile",0.995,"score_quantile",0.995,NA,53,103,NA,NA,NA,0.962959892170864,0.964038243609348,0.00107835143848423,0.962959892170864,0.964038243609348,0.00107835143848423,"t",1,75,"yes","yes",TRUE,FALSE,FALSE,"ar2"
"brier",0,"threshold_quantile",0,2,54,104,0.861861173463485,0.828938025851346,-0.0329231476121395,0.861861173463485,0.828938025851346,-0.0329231476121395,NA,NA,NA,"skew-t",5,0,"yes","yes",TRUE,FALSE,FALSE,"ar2"
"brier",0.1,"threshold_quantile",0.1,28.875,54,104,0.967135774414172,0.962989116385658,-0.00414665802851388,0.967135774414172,0.962989116385658,-0.00414665802851388,NA,NA,NA,"skew-t",5,0,"yes","yes",TRUE,FALSE,FALSE,"ar2"
"brier",0.2,"threshold_quantile",0.2,36,54,104,0.963937163979757,0.962317488077366,-0.00161967590239043,0.963937163979757,0.962317488077366,-0.00161967590239043,NA,NA,NA,"skew-t",5,0,"yes","yes",TRUE,FALSE,FALSE,"ar2"
"brier",0.3,"threshold_quantile",0.3,41.625,54,104,0.970133895524215,0.969679371402454,-0.000454524121761168,0.970133895524215,0.969679371402454,-0.000454524121761168,NA,NA,NA,"skew-t",5,0,"yes","yes",TRUE,FALSE,FALSE,"ar2"
"brier",0.4,"threshold_quantile",0.4,46.5,54,104,0.976433004334913,0.974331135384171,-0.00210186895074194,0.976433004334913,0.974331135384171,-0.00210186895074194,NA,NA,NA,"skew-t",5,0,"yes","yes",TRUE,FALSE,FALSE,"ar2"
"brier",0.5,"threshold_quantile",0.5,50.875,54,104,0.983305686750503,0.982064831842479,-0.00124085490802406,0.983305686750503,0.982064831842479,-0.00124085490802406,NA,NA,NA,"skew-t",5,0,"yes","yes",TRUE,FALSE,FALSE,"ar2"
"brier",0.6,"threshold_quantile",0.6,55.429,54,104,0.989791157214233,0.988394181178241,-0.00139697603599243,0.989791157214233,0.988394181178241,-0.00139697603599243,NA,NA,NA,"skew-t",5,0,"yes","yes",TRUE,FALSE,FALSE,"ar2"
"brier",0.7,"threshold_quantile",0.7,60.125,54,104,0.990323288270798,0.990318929549491,-4.35872130732928e-06,0.990323288270798,0.990318929549491,-4.35872130732928e-06,NA,NA,NA,"skew-t",5,0,"yes","yes",TRUE,FALSE,FALSE,"ar2"
"brier",0.8,"threshold_quantile",0.8,65.5,54,104,0.997821269141022,0.994313524962048,-0.00350774417897404,0.997821269141022,0.994313524962048,-0.00350774417897404,NA,NA,NA,"skew-t",5,0,"yes","yes",TRUE,FALSE,FALSE,"ar2"
"brier",0.9,"threshold_quantile",0.9,73.25,54,104,0.997162491336309,0.997039603414571,-0.000122887921738091,0.997162491336309,0.997039603414571,-0.000122887921738091,NA,NA,NA,"skew-t",5,0,"yes","yes",TRUE,FALSE,FALSE,"ar2"
"brier",0.95,"threshold_quantile",0.95,79.75,54,104,0.997760353534153,0.999689892761971,0.00192953922781858,0.997760353534153,0.999689892761971,0.00192953922781858,NA,NA,NA,"skew-t",5,0,"yes","yes",TRUE,FALSE,FALSE,"ar2"
"brier",0.98,"threshold_quantile",0.98,88.5,54,104,0.986129505465689,0.99119438287508,0.00506487740939066,0.986129505465689,0.99119438287508,0.00506487740939066,NA,NA,NA,"skew-t",5,0,"yes","yes",TRUE,FALSE,FALSE,"ar2"
"brier",0.99,"threshold_quantile",0.99,94.75,54,104,0.96031657085604,0.961751319599505,0.0014347487434645,0.96031657085604,0.961751319599505,0.0014347487434645,NA,NA,NA,"skew-t",5,0,"yes","yes",TRUE,FALSE,FALSE,"ar2"
"brier",0.995,"threshold_quantile",0.995,100.52,54,104,0.965934148957085,0.972193409163886,0.00625926020680101,0.965934148957085,0.972193409163886,0.00625926020680101,NA,NA,NA,"skew-t",5,0,"yes","yes",TRUE,FALSE,FALSE,"ar2"
"quantile",0,"score_quantile",0,NA,54,104,NA,NA,NA,Inf,Inf,NA,Inf,Inf,NA,"skew-t",5,0,"yes","yes",TRUE,FALSE,FALSE,"ar2"
"quantile",0.1,"score_quantile",0.1,NA,54,104,NA,NA,NA,0.993999793865866,0.993485343230196,-0.000514450635670349,0.993999793865866,0.993485343230196,-0.000514450635670349,"skew-t",5,0,"yes","yes",TRUE,FALSE,FALSE,"ar2"
"quantile",0.2,"score_quantile",0.2,NA,54,104,NA,NA,NA,0.996815708787674,0.996493584103327,-0.000322124684346892,0.996815708787674,0.996493584103327,-0.000322124684346892,"skew-t",5,0,"yes","yes",TRUE,FALSE,FALSE,"ar2"
"quantile",0.3,"score_quantile",0.3,NA,54,104,NA,NA,NA,0.998333180703512,0.998168972467061,-0.000164208236450802,0.998333180703512,0.998168972467061,-0.000164208236450802,"skew-t",5,0,"yes","yes",TRUE,FALSE,FALSE,"ar2"
"quantile",0.4,"score_quantile",0.4,NA,54,104,NA,NA,NA,0.999038684559752,0.998691891202024,-0.000346793357727471,0.999038684559752,0.998691891202024,-0.000346793357727471,"skew-t",5,0,"yes","yes",TRUE,FALSE,FALSE,"ar2"
"quantile",0.5,"score_quantile",0.5,NA,54,104,NA,NA,NA,0.999200208520648,0.998772474495429,-0.000427734025218784,0.999200208520648,0.998772474495429,-0.000427734025218784,"skew-t",5,0,"yes","yes",TRUE,FALSE,FALSE,"ar2"
"quantile",0.6,"score_quantile",0.6,NA,54,104,NA,NA,NA,0.999796467678976,0.999403972598923,-0.000392495080052568,0.999796467678976,0.999403972598923,-0.000392495080052568,"skew-t",5,0,"yes","yes",TRUE,FALSE,FALSE,"ar2"
"quantile",0.7,"score_quantile",0.7,NA,54,104,NA,NA,NA,0.999871001692001,0.99962992583941,-0.000241075852590478,0.999871001692001,0.99962992583941,-0.000241075852590478,"skew-t",5,0,"yes","yes",TRUE,FALSE,FALSE,"ar2"
"quantile",0.8,"score_quantile",0.8,NA,54,104,NA,NA,NA,1.00036128768097,0.999971002889589,-0.000390284791384921,1.00036128768097,0.999971002889589,-0.000390284791384921,"skew-t",5,0,"yes","yes",TRUE,FALSE,FALSE,"ar2"
"quantile",0.9,"score_quantile",0.9,NA,54,104,NA,NA,NA,0.999695075555908,0.999342590835624,-0.000352484720284596,0.999695075555908,0.999342590835624,-0.000352484720284596,"skew-t",5,0,"yes","yes",TRUE,FALSE,FALSE,"ar2"
"quantile",0.95,"score_quantile",0.95,NA,54,104,NA,NA,NA,0.997977281392106,0.99710334866114,-0.000873932730966032,0.997977281392106,0.99710334866114,-0.000873932730966032,"skew-t",5,0,"yes","yes",TRUE,FALSE,FALSE,"ar2"
"quantile",0.98,"score_quantile",0.98,NA,54,104,NA,NA,NA,0.991171174714625,0.989909629628037,-0.00126154508658827,0.991171174714625,0.989909629628037,-0.00126154508658827,"skew-t",5,0,"yes","yes",TRUE,FALSE,FALSE,"ar2"
"quantile",0.99,"score_quantile",0.99,NA,54,104,NA,NA,NA,0.978477185641936,0.97985647665421,0.00137929101227463,0.978477185641936,0.97985647665421,0.00137929101227463,"skew-t",5,0,"yes","yes",TRUE,FALSE,FALSE,"ar2"
"quantile",0.995,"score_quantile",0.995,NA,54,104,NA,NA,NA,0.954668041361218,0.959163812448795,0.00449577108757693,0.954668041361218,0.959163812448795,0.00449577108757693,"skew-t",5,0,"yes","yes",TRUE,FALSE,FALSE,"ar2"
"brier",0,"threshold_quantile",0,2,55,105,6.34256904125873,3.80321607655012,-2.53935296470861,6.34256904125873,3.80321607655012,-2.53935296470861,NA,NA,NA,"skew-t",5,50,"yes","yes",TRUE,FALSE,FALSE,"ar2"
"brier",0.1,"threshold_quantile",0.1,28.875,55,105,1.64869714672882,1.65442095099954,0.00572380427071151,1.64869714672882,1.65442095099954,0.00572380427071151,NA,NA,NA,"skew-t",5,50,"yes","yes",TRUE,FALSE,FALSE,"ar2"
"brier",0.2,"threshold_quantile",0.2,36,55,105,1.3360165555918,1.34063808989649,0.00462153430469314,1.3360165555918,1.34063808989649,0.00462153430469314,NA,NA,NA,"skew-t",5,50,"yes","yes",TRUE,FALSE,FALSE,"ar2"
"brier",0.3,"threshold_quantile",0.3,41.625,55,105,1.16340381745738,1.17276818312489,0.00936436566750909,1.16340381745738,1.17276818312489,0.00936436566750909,NA,NA,NA,"skew-t",5,50,"yes","yes",TRUE,FALSE,FALSE,"ar2"
"brier",0.4,"threshold_quantile",0.4,46.5,55,105,1.06007831678976,1.0620304731106,0.00195215632083756,1.06007831678976,1.0620304731106,0.00195215632083756,NA,NA,NA,"skew-t",5,50,"yes","yes",TRUE,FALSE,FALSE,"ar2"
"brier",0.5,"threshold_quantile",0.5,50.875,55,105,1.00822517142131,1.00698302394193,-0.00124214747937734,1.00822517142131,1.00698302394193,-0.00124214747937734,NA,NA,NA,"skew-t",5,50,"yes","yes",TRUE,FALSE,FALSE,"ar2"
"brier",0.6,"threshold_quantile",0.6,55.429,55,105,0.996845199693948,0.995458611576398,-0.00138658811755055,0.996845199693948,0.995458611576398,-0.00138658811755055,NA,NA,NA,"skew-t",5,50,"yes","yes",TRUE,FALSE,FALSE,"ar2"
"brier",0.7,"threshold_quantile",0.7,60.125,55,105,0.989836799231257,0.991012280062051,0.00117548083079422,0.989836799231257,0.991012280062051,0.00117548083079422,NA,NA,NA,"skew-t",5,50,"yes","yes",TRUE,FALSE,FALSE,"ar2"
"brier",0.8,"threshold_quantile",0.8,65.5,55,105,0.993868069107849,0.993205295010624,-0.000662774097224372,0.993868069107849,0.993205295010624,-0.000662774097224372,NA,NA,NA,"skew-t",5,50,"yes","yes",TRUE,FALSE,FALSE,"ar2"
"brier",0.9,"threshold_quantile",0.9,73.25,55,105,0.996778678973392,0.997777886537558,0.000999207564166382,0.996778678973392,0.997777886537558,0.000999207564166382,NA,NA,NA,"skew-t",5,50,"yes","yes",TRUE,FALSE,FALSE,"ar2"
"brier",0.95,"threshold_quantile",0.95,79.75,55,105,0.991422347822086,0.989929285165617,-0.00149306265646876,0.991422347822086,0.989929285165617,-0.00149306265646876,NA,NA,NA,"skew-t",5,50,"yes","yes",TRUE,FALSE,FALSE,"ar2"
"brier",0.98,"threshold_quantile",0.98,88.5,55,105,0.973652178984649,0.974984711126998,0.00133253214234952,0.973652178984649,0.974984711126998,0.00133253214234952,NA,NA,NA,"skew-t",5,50,"yes","yes",TRUE,FALSE,FALSE,"ar2"
"brier",0.99,"threshold_quantile",0.99,94.75,55,105,0.958829942698691,0.957548289430952,-0.00128165326773899,0.958829942698691,0.957548289430952,-0.00128165326773899,NA,NA,NA,"skew-t",5,50,"yes","yes",TRUE,FALSE,FALSE,"ar2"
"brier",0.995,"threshold_quantile",0.995,100.52,55,105,0.969337422189638,0.965249355291616,-0.00408806689802232,0.969337422189638,0.965249355291616,-0.00408806689802232,NA,NA,NA,"skew-t",5,50,"yes","yes",TRUE,FALSE,FALSE,"ar2"
"quantile",0,"score_quantile",0,NA,55,105,NA,NA,NA,NA,NA,NA,NA,NA,NA,"skew-t",5,50,"yes","yes",TRUE,FALSE,FALSE,"ar2"
"quantile",0.1,"score_quantile",0.1,NA,55,105,NA,NA,NA,1.02532777422501,1.0256237699252,0.000295995700197782,1.02532777422501,1.0256237699252,0.000295995700197782,"skew-t",5,50,"yes","yes",TRUE,FALSE,FALSE,"ar2"
"quantile",0.2,"score_quantile",0.2,NA,55,105,NA,NA,NA,1.01184665562888,1.01205010012446,0.000203444495580074,1.01184665562888,1.01205010012446,0.000203444495580074,"skew-t",5,50,"yes","yes",TRUE,FALSE,FALSE,"ar2"
"quantile",0.3,"score_quantile",0.3,NA,55,105,NA,NA,NA,1.01107508396739,1.01100532305944,-6.97609079518546e-05,1.01107508396739,1.01100532305944,-6.97609079518546e-05,"skew-t",5,50,"yes","yes",TRUE,FALSE,FALSE,"ar2"
"quantile",0.4,"score_quantile",0.4,NA,55,105,NA,NA,NA,1.00921536552781,1.009151390295,-6.39752328108756e-05,1.00921536552781,1.009151390295,-6.39752328108756e-05,"skew-t",5,50,"yes","yes",TRUE,FALSE,FALSE,"ar2"
"quantile",0.5,"score_quantile",0.5,NA,55,105,NA,NA,NA,1.00687002657576,1.00703219713703,0.000162170561274211,1.00687002657576,1.00703219713703,0.000162170561274211,"skew-t",5,50,"yes","yes",TRUE,FALSE,FALSE,"ar2"
"quantile",0.6,"score_quantile",0.6,NA,55,105,NA,NA,NA,1.00437231354041,1.00481142784075,0.000439114300337051,1.00437231354041,1.00481142784075,0.000439114300337051,"skew-t",5,50,"yes","yes",TRUE,FALSE,FALSE,"ar2"
"quantile",0.7,"score_quantile",0.7,NA,55,105,NA,NA,NA,1.00237000416186,1.00299298981024,0.000622985648389252,1.00237000416186,1.00299298981024,0.000622985648389252,"skew-t",5,50,"yes","yes",TRUE,FALSE,FALSE,"ar2"
"quantile",0.8,"score_quantile",0.8,NA,55,105,NA,NA,NA,1.00105339517175,1.00152314339546,0.00046974822371082,1.00105339517175,1.00152314339546,0.00046974822371082,"skew-t",5,50,"yes","yes",TRUE,FALSE,FALSE,"ar2"
"quantile",0.9,"score_quantile",0.9,NA,55,105,NA,NA,NA,0.999466539196426,1.00002897498727,0.000562435790840365,0.999466539196426,1.00002897498727,0.000562435790840365,"skew-t",5,50,"yes","yes",TRUE,FALSE,FALSE,"ar2"
"quantile",0.95,"score_quantile",0.95,NA,55,105,NA,NA,NA,0.996743539290541,0.9978245593465,0.00108102005595923,0.996743539290541,0.9978245593465,0.00108102005595923,"skew-t",5,50,"yes","yes",TRUE,FALSE,FALSE,"ar2"
"quantile",0.98,"score_quantile",0.98,NA,55,105,NA,NA,NA,0.988111604470104,0.990153882122332,0.00204227765222798,0.988111604470104,0.990153882122332,0.00204227765222798,"skew-t",5,50,"yes","yes",TRUE,FALSE,FALSE,"ar2"
"quantile",0.99,"score_quantile",0.99,NA,55,105,NA,NA,NA,0.974064315055015,0.977693718118218,0.0036294030632027,0.974064315055015,0.977693718118218,0.0036294030632027,"skew-t",5,50,"yes","yes",TRUE,FALSE,FALSE,"ar2"
"quantile",0.995,"score_quantile",0.995,NA,55,105,NA,NA,NA,0.944049002805193,0.948801523508416,0.00475252070322207,0.944049002805193,0.948801523508416,0.00475252070322207,"skew-t",5,50,"yes","yes",TRUE,FALSE,FALSE,"ar2"
"brier",0,"threshold_quantile",0,2,56,106,2.18244189643935,6.45877861626857,4.27633671982922,2.18244189643935,6.45877861626857,4.27633671982922,NA,NA,NA,"t",5,75,"yes","yes",TRUE,FALSE,FALSE,"ar2"
"brier",0.1,"threshold_quantile",0.1,28.875,56,106,1.90077092834211,2.06929227064286,0.168521342300747,1.90077092834211,2.06929227064286,0.168521342300747,NA,NA,NA,"t",5,75,"yes","yes",TRUE,FALSE,FALSE,"ar2"
"brier",0.2,"threshold_quantile",0.2,36,56,106,1.80397892026381,1.98694481850333,0.182965898239517,1.80397892026381,1.98694481850333,0.182965898239517,NA,NA,NA,"t",5,75,"yes","yes",TRUE,FALSE,FALSE,"ar2"
"brier",0.3,"threshold_quantile",0.3,41.625,56,106,1.76837542148058,1.93648964508147,0.168114223600885,1.76837542148058,1.93648964508147,0.168114223600885,NA,NA,NA,"t",5,75,"yes","yes",TRUE,FALSE,FALSE,"ar2"
"brier",0.4,"threshold_quantile",0.4,46.5,56,106,1.72648806811907,1.864779868693,0.138291800573928,1.72648806811907,1.864779868693,0.138291800573928,NA,NA,NA,"t",5,75,"yes","yes",TRUE,FALSE,FALSE,"ar2"
"brier",0.5,"threshold_quantile",0.5,50.875,56,106,1.62213861889844,1.72409367538653,0.10195505648809,1.62213861889844,1.72409367538653,0.10195505648809,NA,NA,NA,"t",5,75,"yes","yes",TRUE,FALSE,FALSE,"ar2"
"brier",0.6,"threshold_quantile",0.6,55.429,56,106,1.5176672781236,1.56798908581098,0.0503218076873779,1.5176672781236,1.56798908581098,0.0503218076873779,NA,NA,NA,"t",5,75,"yes","yes",TRUE,FALSE,FALSE,"ar2"
"brier",0.7,"threshold_quantile",0.7,60.125,56,106,1.39422209035163,1.40281840015732,0.00859630980569204,1.39422209035163,1.40281840015732,0.00859630980569204,NA,NA,NA,"t",5,75,"yes","yes",TRUE,FALSE,FALSE,"ar2"
"brier",0.8,"threshold_quantile",0.8,65.5,56,106,1.23113699345299,1.22804430021076,-0.00309269324222772,1.23113699345299,1.22804430021076,-0.00309269324222772,NA,NA,NA,"t",5,75,"yes","yes",TRUE,FALSE,FALSE,"ar2"
"brier",0.9,"threshold_quantile",0.9,73.25,56,106,1.0880453533919,1.08854212260691,0.000496769215007742,1.0880453533919,1.08854212260691,0.000496769215007742,NA,NA,NA,"t",5,75,"yes","yes",TRUE,FALSE,FALSE,"ar2"
"brier",0.95,"threshold_quantile",0.95,79.75,56,106,1.00592881406246,1.01498464299952,0.0090558289370668,1.00592881406246,1.01498464299952,0.0090558289370668,NA,NA,NA,"t",5,75,"yes","yes",TRUE,FALSE,FALSE,"ar2"
"brier",0.98,"threshold_quantile",0.98,88.5,56,106,0.979456109403429,0.989189587630003,0.009733478226574,0.979456109403429,0.989189587630003,0.009733478226574,NA,NA,NA,"t",5,75,"yes","yes",TRUE,FALSE,FALSE,"ar2"
"brier",0.99,"threshold_quantile",0.99,94.75,56,106,0.957020799224644,0.961115101053166,0.00409430182852288,0.957020799224644,0.961115101053166,0.00409430182852288,NA,NA,NA,"t",5,75,"yes","yes",TRUE,FALSE,FALSE,"ar2"
"brier",0.995,"threshold_quantile",0.995,100.52,56,106,0.962014465699009,0.961696000160783,-0.000318465538225454,0.962014465699009,0.961696000160783,-0.000318465538225454,NA,NA,NA,"t",5,75,"yes","yes",TRUE,FALSE,FALSE,"ar2"
"quantile",0,"score_quantile",0,NA,56,106,NA,NA,NA,NA,NA,NA,NA,NA,NA,"t",5,75,"yes","yes",TRUE,FALSE,FALSE,"ar2"
"quantile",0.1,"score_quantile",0.1,NA,56,106,NA,NA,NA,1.13820067035589,1.17116560516478,0.032964934808887,1.13820067035589,1.17116560516478,0.032964934808887,"t",5,75,"yes","yes",TRUE,FALSE,FALSE,"ar2"
"quantile",0.2,"score_quantile",0.2,NA,56,106,NA,NA,NA,1.10966503792125,1.14056274686734,0.0308977089460956,1.10966503792125,1.14056274686734,0.0308977089460956,"t",5,75,"yes","yes",TRUE,FALSE,FALSE,"ar2"
"quantile",0.3,"score_quantile",0.3,NA,56,106,NA,NA,NA,1.09530823931284,1.11577914099208,0.0204709016792373,1.09530823931284,1.11577914099208,0.0204709016792373,"t",5,75,"yes","yes",TRUE,FALSE,FALSE,"ar2"
"quantile",0.4,"score_quantile",0.4,NA,56,106,NA,NA,NA,1.08101782021443,1.09353195360815,0.0125141333937211,1.08101782021443,1.09353195360815,0.0125141333937211,"t",5,75,"yes","yes",TRUE,FALSE,FALSE,"ar2"
"quantile",0.5,"score_quantile",0.5,NA,56,106,NA,NA,NA,1.06669839754359,1.07469299020607,0.00799459266248537,1.06669839754359,1.07469299020607,0.00799459266248537,"t",5,75,"yes","yes",TRUE,FALSE,FALSE,"ar2"
"quantile",0.6,"score_quantile",0.6,NA,56,106,NA,NA,NA,1.05263806662999,1.05848876342572,0.00585069679573613,1.05263806662999,1.05848876342572,0.00585069679573613,"t",5,75,"yes","yes",TRUE,FALSE,FALSE,"ar2"
"quantile",0.7,"score_quantile",0.7,NA,56,106,NA,NA,NA,1.04126714119635,1.04672961535267,0.0054624741563114,1.04126714119635,1.04672961535267,0.0054624741563114,"t",5,75,"yes","yes",TRUE,FALSE,FALSE,"ar2"
"quantile",0.8,"score_quantile",0.8,NA,56,106,NA,NA,NA,1.03203155885945,1.03643012531808,0.00439856645863212,1.03203155885945,1.03643012531808,0.00439856645863212,"t",5,75,"yes","yes",TRUE,FALSE,FALSE,"ar2"
"quantile",0.9,"score_quantile",0.9,NA,56,106,NA,NA,NA,1.02328493855693,1.02685863407449,0.0035736955175607,1.02328493855693,1.02685863407449,0.0035736955175607,"t",5,75,"yes","yes",TRUE,FALSE,FALSE,"ar2"
"quantile",0.95,"score_quantile",0.95,NA,56,106,NA,NA,NA,1.01578748556319,1.01962003558904,0.00383255002585248,1.01578748556319,1.01962003558904,0.00383255002585248,"t",5,75,"yes","yes",TRUE,FALSE,FALSE,"ar2"
"quantile",0.98,"score_quantile",0.98,NA,56,106,NA,NA,NA,1.00340046270809,1.00805621465305,0.00465575194496193,1.00340046270809,1.00805621465305,0.00465575194496193,"t",5,75,"yes","yes",TRUE,FALSE,FALSE,"ar2"
"quantile",0.99,"score_quantile",0.99,NA,56,106,NA,NA,NA,0.988268466642097,0.995014395660326,0.00674592901822924,0.988268466642097,0.995014395660326,0.00674592901822924,"t",5,75,"yes","yes",TRUE,FALSE,FALSE,"ar2"
"quantile",0.995,"score_quantile",0.995,NA,56,106,NA,NA,NA,0.95775251751252,0.965031959354031,0.00727944184151041,0.95775251751252,0.965031959354031,0.00727944184151041,"t",5,75,"yes","yes",TRUE,FALSE,FALSE,"ar2"
"brier",0,"threshold_quantile",0,2,57,107,0.845687667383012,0.869991114708917,0.0243034473259048,0.845687667383012,0.869991114708917,0.0243034473259048,NA,NA,NA,"skew-t",6,0,"yes","yes",TRUE,FALSE,FALSE,"ar2"
"brier",0.1,"threshold_quantile",0.1,28.875,57,107,0.961394442036762,0.967980246345746,0.00658580430898359,0.961394442036762,0.967980246345746,0.00658580430898359,NA,NA,NA,"skew-t",6,0,"yes","yes",TRUE,FALSE,FALSE,"ar2"
"brier",0.2,"threshold_quantile",0.2,36,57,107,0.965026420838759,0.963298965111545,-0.00172745572721378,0.965026420838759,0.963298965111545,-0.00172745572721378,NA,NA,NA,"skew-t",6,0,"yes","yes",TRUE,FALSE,FALSE,"ar2"
"brier",0.3,"threshold_quantile",0.3,41.625,57,107,0.968776439160575,0.968256977388268,-0.00051946177230755,0.968776439160575,0.968256977388268,-0.00051946177230755,NA,NA,NA,"skew-t",6,0,"yes","yes",TRUE,FALSE,FALSE,"ar2"
"brier",0.4,"threshold_quantile",0.4,46.5,57,107,0.976109391408216,0.976100146456929,-9.24495128684644e-06,0.976109391408216,0.976100146456929,-9.24495128684644e-06,NA,NA,NA,"skew-t",6,0,"yes","yes",TRUE,FALSE,FALSE,"ar2"
"brier",0.5,"threshold_quantile",0.5,50.875,57,107,0.986232897908176,0.985978035842459,-0.000254862065717121,0.986232897908176,0.985978035842459,-0.000254862065717121,NA,NA,NA,"skew-t",6,0,"yes","yes",TRUE,FALSE,FALSE,"ar2"
"brier",0.6,"threshold_quantile",0.6,55.429,57,107,0.990889717740409,0.990203596144555,-0.000686121595854017,0.990889717740409,0.990203596144555,-0.000686121595854017,NA,NA,NA,"skew-t",6,0,"yes","yes",TRUE,FALSE,FALSE,"ar2"
"brier",0.7,"threshold_quantile",0.7,60.125,57,107,0.987611765795975,0.985938098418887,-0.00167366737708852,0.987611765795975,0.985938098418887,-0.00167366737708852,NA,NA,NA,"skew-t",6,0,"yes","yes",TRUE,FALSE,FALSE,"ar2"
"brier",0.8,"threshold_quantile",0.8,65.5,57,107,0.991999181371499,0.991390989524594,-0.000608191846904305,0.991999181371499,0.991390989524594,-0.000608191846904305,NA,NA,NA,"skew-t",6,0,"yes","yes",TRUE,FALSE,FALSE,"ar2"
"brier",0.9,"threshold_quantile",0.9,73.25,57,107,0.998463552568352,1.00040967001811,0.00194611744976247,0.998463552568352,1.00040967001811,0.00194611744976247,NA,NA,NA,"skew-t",6,0,"yes","yes",TRUE,FALSE,FALSE,"ar2"
"brier",0.95,"threshold_quantile",0.95,79.75,57,107,1.00157009295049,0.99812430230097,-0.00344579064951656,1.00157009295049,0.99812430230097,-0.00344579064951656,NA,NA,NA,"skew-t",6,0,"yes","yes",TRUE,FALSE,FALSE,"ar2"
"brier",0.98,"threshold_quantile",0.98,88.5,57,107,0.988418168700886,0.989101553437404,0.000683384736518855,0.988418168700886,0.989101553437404,0.000683384736518855,NA,NA,NA,"skew-t",6,0,"yes","yes",TRUE,FALSE,FALSE,"ar2"
"brier",0.99,"threshold_quantile",0.99,94.75,57,107,0.965196704089183,0.962986291443041,-0.00221041264614219,0.965196704089183,0.962986291443041,-0.00221041264614219,NA,NA,NA,"skew-t",6,0,"yes","yes",TRUE,FALSE,FALSE,"ar2"
"brier",0.995,"threshold_quantile",0.995,100.52,57,107,0.97298430448863,0.977225377985386,0.0042410734967554,0.97298430448863,0.977225377985386,0.0042410734967554,NA,NA,NA,"skew-t",6,0,"yes","yes",TRUE,FALSE,FALSE,"ar2"
"quantile",0,"score_quantile",0,NA,57,107,NA,NA,NA,NA,NA,NA,NA,NA,NA,"skew-t",6,0,"yes","yes",TRUE,FALSE,FALSE,"ar2"
"quantile",0.1,"score_quantile",0.1,NA,57,107,NA,NA,NA,0.99305834914855,0.993359901829279,0.000301552680728401,0.99305834914855,0.993359901829279,0.000301552680728401,"skew-t",6,0,"yes","yes",TRUE,FALSE,FALSE,"ar2"
"quantile",0.2,"score_quantile",0.2,NA,57,107,NA,NA,NA,0.996545379242223,0.996471731579957,-7.36476622658078e-05,0.996545379242223,0.996471731579957,-7.36476622658078e-05,"skew-t",6,0,"yes","yes",TRUE,FALSE,FALSE,"ar2"
"quantile",0.3,"score_quantile",0.3,NA,57,107,NA,NA,NA,0.998379319866932,0.998285601263523,-9.37186034085657e-05,0.998379319866932,0.998285601263523,-9.37186034085657e-05,"skew-t",6,0,"yes","yes",TRUE,FALSE,FALSE,"ar2"
"quantile",0.4,"score_quantile",0.4,NA,57,107,NA,NA,NA,0.999045583015692,0.998967786622306,-7.77963933857873e-05,0.999045583015692,0.998967786622306,-7.77963933857873e-05,"skew-t",6,0,"yes","yes",TRUE,FALSE,FALSE,"ar2"
"quantile",0.5,"score_quantile",0.5,NA,57,107,NA,NA,NA,0.999095890257469,0.998853570624633,-0.000242319632835941,0.999095890257469,0.998853570624633,-0.000242319632835941,"skew-t",6,0,"yes","yes",TRUE,FALSE,FALSE,"ar2"
"quantile",0.6,"score_quantile",0.6,NA,57,107,NA,NA,NA,0.999356721336313,0.998958223034059,-0.000398498302254469,0.999356721336313,0.998958223034059,-0.000398498302254469,"skew-t",6,0,"yes","yes",TRUE,FALSE,FALSE,"ar2"
"quantile",0.7,"score_quantile",0.7,NA,57,107,NA,NA,NA,0.999360615150555,0.9987773225792,-0.000583292571355254,0.999360615150555,0.9987773225792,-0.000583292571355254,"skew-t",6,0,"yes","yes",TRUE,FALSE,FALSE,"ar2"
"quantile",0.8,"score_quantile",0.8,NA,57,107,NA,NA,NA,0.999740079045362,0.999278638268648,-0.000461440776714506,0.999740079045362,0.999278638268648,-0.000461440776714506,"skew-t",6,0,"yes","yes",TRUE,FALSE,FALSE,"ar2"
"quantile",0.9,"score_quantile",0.9,NA,57,107,NA,NA,NA,0.999208571845354,0.999017429734053,-0.000191142111300668,0.999208571845354,0.999017429734053,-0.000191142111300668,"skew-t",6,0,"yes","yes",TRUE,FALSE,FALSE,"ar2"
"quantile",0.95,"score_quantile",0.95,NA,57,107,NA,NA,NA,0.997104375327578,0.997500602389329,0.000396227061751686,0.997104375327578,0.997500602389329,0.000396227061751686,"skew-t",6,0,"yes","yes",TRUE,FALSE,FALSE,"ar2"
"quantile",0.98,"score_quantile",0.98,NA,57,107,NA,NA,NA,0.990401899976498,0.991589904248017,0.00118800427151922,0.990401899976498,0.991589904248017,0.00118800427151922,"skew-t",6,0,"yes","yes",TRUE,FALSE,FALSE,"ar2"
"quantile",0.99,"score_quantile",0.99,NA,57,107,NA,NA,NA,0.980746139024245,0.982182603604972,0.00143646458072755,0.980746139024245,0.982182603604972,0.00143646458072755,"skew-t",6,0,"yes","yes",TRUE,FALSE,FALSE,"ar2"
"quantile",0.995,"score_quantile",0.995,NA,57,107,NA,NA,NA,0.961667062724154,0.959174112671931,-0.00249295005222339,0.961667062724154,0.959174112671931,-0.00249295005222339,"skew-t",6,0,"yes","yes",TRUE,FALSE,FALSE,"ar2"
"brier",0,"threshold_quantile",0,2,58,108,6.21526883927252,4.84658219225242,-1.36868664702011,6.21526883927252,4.84658219225242,-1.36868664702011,NA,NA,NA,"skew-t",6,50,"yes","yes",TRUE,FALSE,FALSE,"ar2"
"brier",0.1,"threshold_quantile",0.1,28.875,58,108,1.64251920964208,1.66603129486341,0.0235120852213277,1.64251920964208,1.66603129486341,0.0235120852213277,NA,NA,NA,"skew-t",6,50,"yes","yes",TRUE,FALSE,FALSE,"ar2"
"brier",0.2,"threshold_quantile",0.2,36,58,108,1.34117189109429,1.34580230927618,0.00463041818189125,1.34117189109429,1.34580230927618,0.00463041818189125,NA,NA,NA,"skew-t",6,50,"yes","yes",TRUE,FALSE,FALSE,"ar2"
"brier",0.3,"threshold_quantile",0.3,41.625,58,108,1.173212981006,1.17373961883798,0.000526637831976817,1.173212981006,1.17373961883798,0.000526637831976817,NA,NA,NA,"skew-t",6,50,"yes","yes",TRUE,FALSE,FALSE,"ar2"
"brier",0.4,"threshold_quantile",0.4,46.5,58,108,1.0641538357535,1.0637149081511,-0.000438927602407491,1.0641538357535,1.0637149081511,-0.000438927602407491,NA,NA,NA,"skew-t",6,50,"yes","yes",TRUE,FALSE,FALSE,"ar2"
"brier",0.5,"threshold_quantile",0.5,50.875,58,108,1.01028998365143,1.0083003970349,-0.00198958661653537,1.01028998365143,1.0083003970349,-0.00198958661653537,NA,NA,NA,"skew-t",6,50,"yes","yes",TRUE,FALSE,FALSE,"ar2"
"brier",0.6,"threshold_quantile",0.6,55.429,58,108,0.998472706132832,0.999456515951839,0.000983809819007808,0.998472706132832,0.999456515951839,0.000983809819007808,NA,NA,NA,"skew-t",6,50,"yes","yes",TRUE,FALSE,FALSE,"ar2"
"brier",0.7,"threshold_quantile",0.7,60.125,58,108,0.990372392303069,0.991802066013428,0.00142967371035907,0.990372392303069,0.991802066013428,0.00142967371035907,NA,NA,NA,"skew-t",6,50,"yes","yes",TRUE,FALSE,FALSE,"ar2"
"brier",0.8,"threshold_quantile",0.8,65.5,58,108,0.993699653681721,0.992747996106145,-0.000951657575576248,0.993699653681721,0.992747996106145,-0.000951657575576248,NA,NA,NA,"skew-t",6,50,"yes","yes",TRUE,FALSE,FALSE,"ar2"
"brier",0.9,"threshold_quantile",0.9,73.25,58,108,0.99552118102078,0.998203119152654,0.00268193813187489,0.99552118102078,0.998203119152654,0.00268193813187489,NA,NA,NA,"skew-t",6,50,"yes","yes",TRUE,FALSE,FALSE,"ar2"
"brier",0.95,"threshold_quantile",0.95,79.75,58,108,0.991663889970676,0.994992438385728,0.00332854841505204,0.991663889970676,0.994992438385728,0.00332854841505204,NA,NA,NA,"skew-t",6,50,"yes","yes",TRUE,FALSE,FALSE,"ar2"
"brier",0.98,"threshold_quantile",0.98,88.5,58,108,0.97343131219246,0.977628478223112,0.00419716603065279,0.97343131219246,0.977628478223112,0.00419716603065279,NA,NA,NA,"skew-t",6,50,"yes","yes",TRUE,FALSE,FALSE,"ar2"
"brier",0.99,"threshold_quantile",0.99,94.75,58,108,0.95590353110031,0.957551301918712,0.00164777081840128,0.95590353110031,0.957551301918712,0.00164777081840128,NA,NA,NA,"skew-t",6,50,"yes","yes",TRUE,FALSE,FALSE,"ar2"
"brier",0.995,"threshold_quantile",0.995,100.52,58,108,0.967041174251396,0.97692317452701,0.00988200027561392,0.967041174251396,0.97692317452701,0.00988200027561392,NA,NA,NA,"skew-t",6,50,"yes","yes",TRUE,FALSE,FALSE,"ar2"
"quantile",0,"score_quantile",0,NA,58,108,NA,NA,NA,NA,NA,NA,NA,NA,NA,"skew-t",6,50,"yes","yes",TRUE,FALSE,FALSE,"ar2"
"quantile",0.1,"score_quantile",0.1,NA,58,108,NA,NA,NA,1.0228874044664,1.02059117785238,-0.00229622661402229,1.0228874044664,1.02059117785238,-0.00229622661402229,"skew-t",6,50,"yes","yes",TRUE,FALSE,FALSE,"ar2"
"quantile",0.2,"score_quantile",0.2,NA,58,108,NA,NA,NA,1.0114663292672,1.01153762967519,7.1300407987529e-05,1.0114663292672,1.01153762967519,7.1300407987529e-05,"skew-t",6,50,"yes","yes",TRUE,FALSE,FALSE,"ar2"
"quantile",0.3,"score_quantile",0.3,NA,58,108,NA,NA,NA,1.01126395812655,1.01203995160143,0.000775993474877223,1.01126395812655,1.01203995160143,0.000775993474877223,"skew-t",6,50,"yes","yes",TRUE,FALSE,FALSE,"ar2"
"quantile",0.4,"score_quantile",0.4,NA,58,108,NA,NA,NA,1.00941546151713,1.01035458374265,0.000939122225524835,1.00941546151713,1.01035458374265,0.000939122225524835,"skew-t",6,50,"yes","yes",TRUE,FALSE,FALSE,"ar2"
"quantile",0.5,"score_quantile",0.5,NA,58,108,NA,NA,NA,1.00703314349167,1.00800230588636,0.000969162394690359,1.00703314349167,1.00800230588636,0.000969162394690359,"skew-t",6,50,"yes","yes",TRUE,FALSE,FALSE,"ar2"
"quantile",0.6,"score_quantile",0.6,NA,58,108,NA,NA,NA,1.0046658742949,1.00530891226928,0.000643037974379368,1.0046658742949,1.00530891226928,0.000643037974379368,"skew-t",6,50,"yes","yes",TRUE,FALSE,FALSE,"ar2"
"quantile",0.7,"score_quantile",0.7,NA,58,108,NA,NA,NA,1.00260599187811,1.0027499762898,0.00014398441169261,1.00260599187811,1.0027499762898,0.00014398441169261,"skew-t",6,50,"yes","yes",TRUE,FALSE,FALSE,"ar2"
"quantile",0.8,"score_quantile",0.8,NA,58,108,NA,NA,NA,1.00104532765488,1.00127472690588,0.000229399250999185,1.00104532765488,1.00127472690588,0.000229399250999185,"skew-t",6,50,"yes","yes",TRUE,FALSE,FALSE,"ar2"
"quantile",0.9,"score_quantile",0.9,NA,58,108,NA,NA,NA,0.999480530052455,0.999075020731268,-0.000405509321187658,0.999480530052455,0.999075020731268,-0.000405509321187658,"skew-t",6,50,"yes","yes",TRUE,FALSE,FALSE,"ar2"
"quantile",0.95,"score_quantile",0.95,NA,58,108,NA,NA,NA,0.99669931086187,0.99668055372749,-1.87571343794879e-05,0.99669931086187,0.99668055372749,-1.87571343794879e-05,"skew-t",6,50,"yes","yes",TRUE,FALSE,FALSE,"ar2"
"quantile",0.98,"score_quantile",0.98,NA,58,108,NA,NA,NA,0.987870330979848,0.987171020312583,-0.000699310667265807,0.987870330979848,0.987171020312583,-0.000699310667265807,"skew-t",6,50,"yes","yes",TRUE,FALSE,FALSE,"ar2"
"quantile",0.99,"score_quantile",0.99,NA,58,108,NA,NA,NA,0.975064063677625,0.971766891136741,-0.00329717254088469,0.975064063677625,0.971766891136741,-0.00329717254088469,"skew-t",6,50,"yes","yes",TRUE,FALSE,FALSE,"ar2"
"quantile",0.995,"score_quantile",0.995,NA,58,108,NA,NA,NA,0.948842002878858,0.941222114214993,-0.00761988866386554,0.948842002878858,0.941222114214993,-0.00761988866386554,"skew-t",6,50,"yes","yes",TRUE,FALSE,FALSE,"ar2"
"brier",0,"threshold_quantile",0,2,59,109,2.18520270776937,3.59713375102932,1.41193104325994,2.18520270776937,3.59713375102932,1.41193104325994,NA,NA,NA,"t",6,75,"yes","yes",TRUE,FALSE,FALSE,"ar2"
"brier",0.1,"threshold_quantile",0.1,28.875,59,109,1.8944233495367,2.05285800935248,0.158434659815773,1.8944233495367,2.05285800935248,0.158434659815773,NA,NA,NA,"t",6,75,"yes","yes",TRUE,FALSE,FALSE,"ar2"
"brier",0.2,"threshold_quantile",0.2,36,59,109,1.80582444253348,1.93835841937362,0.132533976840143,1.80582444253348,1.93835841937362,0.132533976840143,NA,NA,NA,"t",6,75,"yes","yes",TRUE,FALSE,FALSE,"ar2"
"brier",0.3,"threshold_quantile",0.3,41.625,59,109,1.77566033603318,1.88937132633334,0.113710990300156,1.77566033603318,1.88937132633334,0.113710990300156,NA,NA,NA,"t",6,75,"yes","yes",TRUE,FALSE,FALSE,"ar2"
"brier",0.4,"threshold_quantile",0.4,46.5,59,109,1.73169603124778,1.8216516275584,0.0899555963106151,1.73169603124778,1.8216516275584,0.0899555963106151,NA,NA,NA,"t",6,75,"yes","yes",TRUE,FALSE,FALSE,"ar2"
"brier",0.5,"threshold_quantile",0.5,50.875,59,109,1.63274099487579,1.69799977160579,0.0652587767299928,1.63274099487579,1.69799977160579,0.0652587767299928,NA,NA,NA,"t",6,75,"yes","yes",TRUE,FALSE,FALSE,"ar2"
"brier",0.6,"threshold_quantile",0.6,55.429,59,109,1.51981340168851,1.5562821167837,0.0364687150951901,1.51981340168851,1.5562821167837,0.0364687150951901,NA,NA,NA,"t",6,75,"yes","yes",TRUE,FALSE,FALSE,"ar2"
"brier",0.7,"threshold_quantile",0.7,60.125,59,109,1.39361076751396,1.40485927083427,0.0112485033203105,1.39361076751396,1.40485927083427,0.0112485033203105,NA,NA,NA,"t",6,75,"yes","yes",TRUE,FALSE,FALSE,"ar2"
"brier",0.8,"threshold_quantile",0.8,65.5,59,109,1.2269750162974,1.2274669551803,0.000491938882900778,1.2269750162974,1.2274669551803,0.000491938882900778,NA,NA,NA,"t",6,75,"yes","yes",TRUE,FALSE,FALSE,"ar2"
"brier",0.9,"threshold_quantile",0.9,73.25,59,109,1.08497989377088,1.0824676896265,-0.00251220414438125,1.08497989377088,1.0824676896265,-0.00251220414438125,NA,NA,NA,"t",6,75,"yes","yes",TRUE,FALSE,FALSE,"ar2"
"brier",0.95,"threshold_quantile",0.95,79.75,59,109,1.00892682300947,1.01294700385922,0.00402018084975464,1.00892682300947,1.01294700385922,0.00402018084975464,NA,NA,NA,"t",6,75,"yes","yes",TRUE,FALSE,FALSE,"ar2"
"brier",0.98,"threshold_quantile",0.98,88.5,59,109,0.983851780464571,0.983043708262704,-0.000808072201866961,0.983851780464571,0.983043708262704,-0.000808072201866961,NA,NA,NA,"t",6,75,"yes","yes",TRUE,FALSE,FALSE,"ar2"
"brier",0.99,"threshold_quantile",0.99,94.75,59,109,0.95301584613578,0.955806797126153,0.00279095099037296,0.95301584613578,0.955806797126153,0.00279095099037296,NA,NA,NA,"t",6,75,"yes","yes",TRUE,FALSE,FALSE,"ar2"
"brier",0.995,"threshold_quantile",0.995,100.52,59,109,0.961610507176268,0.965951804407313,0.00434129723104493,0.961610507176268,0.965951804407313,0.00434129723104493,NA,NA,NA,"t",6,75,"yes","yes",TRUE,FALSE,FALSE,"ar2"
"quantile",0,"score_quantile",0,NA,59,109,NA,NA,NA,NA,NA,NA,NA,NA,NA,"t",6,75,"yes","yes",TRUE,FALSE,FALSE,"ar2"
"quantile",0.1,"score_quantile",0.1,NA,59,109,NA,NA,NA,1.13126919783163,1.136022518078,0.00475332024636477,1.13126919783163,1.136022518078,0.00475332024636477,"t",6,75,"yes","yes",TRUE,FALSE,FALSE,"ar2"
"quantile",0.2,"score_quantile",0.2,NA,59,109,NA,NA,NA,1.10900702411741,1.12253618520929,0.0135291610918833,1.10900702411741,1.12253618520929,0.0135291610918833,"t",6,75,"yes","yes",TRUE,FALSE,FALSE,"ar2"
"quantile",0.3,"score_quantile",0.3,NA,59,109,NA,NA,NA,1.09448770554183,1.10461879532323,0.0101310897814066,1.09448770554183,1.10461879532323,0.0101310897814066,"t",6,75,"yes","yes",TRUE,FALSE,FALSE,"ar2"
"quantile",0.4,"score_quantile",0.4,NA,59,109,NA,NA,NA,1.08003430704806,1.08622239692595,0.00618808987788944,1.08003430704806,1.08622239692595,0.00618808987788944,"t",6,75,"yes","yes",TRUE,FALSE,FALSE,"ar2"
"quantile",0.5,"score_quantile",0.5,NA,59,109,NA,NA,NA,1.0659123872893,1.06966396650694,0.00375157921763924,1.0659123872893,1.06966396650694,0.00375157921763924,"t",6,75,"yes","yes",TRUE,FALSE,FALSE,"ar2"
"quantile",0.6,"score_quantile",0.6,NA,59,109,NA,NA,NA,1.05257624012592,1.05521965405707,0.00264341393114864,1.05257624012592,1.05521965405707,0.00264341393114864,"t",6,75,"yes","yes",TRUE,FALSE,FALSE,"ar2"
"quantile",0.7,"score_quantile",0.7,NA,59,109,NA,NA,NA,1.04096418686106,1.04412765437142,0.0031634675103589,1.04096418686106,1.04412765437142,0.0031634675103589,"t",6,75,"yes","yes",TRUE,FALSE,FALSE,"ar2"
"quantile",0.8,"score_quantile",0.8,NA,59,109,NA,NA,NA,1.03213338807428,1.03469593019604,0.00256254212175766,1.03213338807428,1.03469593019604,0.00256254212175766,"t",6,75,"yes","yes",TRUE,FALSE,FALSE,"ar2"
"quantile",0.9,"score_quantile",0.9,NA,59,109,NA,NA,NA,1.02461966395491,1.02595584746098,0.00133618350607145,1.02461966395491,1.02595584746098,0.00133618350607145,"t",6,75,"yes","yes",TRUE,FALSE,FALSE,"ar2"
"quantile",0.95,"score_quantile",0.95,NA,59,109,NA,NA,NA,1.01697330910129,1.01767145791057,0.000698148809285204,1.01697330910129,1.01767145791057,0.000698148809285204,"t",6,75,"yes","yes",TRUE,FALSE,FALSE,"ar2"
"quantile",0.98,"score_quantile",0.98,NA,59,109,NA,NA,NA,1.00359019188267,1.00536503122197,0.00177483933929823,1.00359019188267,1.00536503122197,0.00177483933929823,"t",6,75,"yes","yes",TRUE,FALSE,FALSE,"ar2"
"quantile",0.99,"score_quantile",0.99,NA,59,109,NA,NA,NA,0.98936061413594,0.991755752650059,0.0023951385141191,0.98936061413594,0.991755752650059,0.0023951385141191,"t",6,75,"yes","yes",TRUE,FALSE,FALSE,"ar2"
"quantile",0.995,"score_quantile",0.995,NA,59,109,NA,NA,NA,0.958711680367846,0.963867843570646,0.00515616320280032,0.958711680367846,0.963867843570646,0.00515616320280032,"t",6,75,"yes","yes",TRUE,FALSE,FALSE,"ar2"
"brier",0,"threshold_quantile",0,2,60,110,0.863642590749577,0.852218347866135,-0.0114242428834417,0.863642590749577,0.852218347866135,-0.0114242428834417,NA,NA,NA,"skew-t",7,0,"yes","yes",TRUE,FALSE,FALSE,"ar2"
"brier",0.1,"threshold_quantile",0.1,28.875,60,110,0.962135850937311,0.961245059886031,-0.000890791051279871,0.962135850937311,0.961245059886031,-0.000890791051279871,NA,NA,NA,"skew-t",7,0,"yes","yes",TRUE,FALSE,FALSE,"ar2"
"brier",0.2,"threshold_quantile",0.2,36,60,110,0.960941254321419,0.962789238997638,0.00184798467621894,0.960941254321419,0.962789238997638,0.00184798467621894,NA,NA,NA,"skew-t",7,0,"yes","yes",TRUE,FALSE,FALSE,"ar2"
"brier",0.3,"threshold_quantile",0.3,41.625,60,110,0.968086477489633,0.968797616624074,0.000711139134441319,0.968086477489633,0.968797616624074,0.000711139134441319,NA,NA,NA,"skew-t",7,0,"yes","yes",TRUE,FALSE,FALSE,"ar2"
"brier",0.4,"threshold_quantile",0.4,46.5,60,110,0.972379933728842,0.975138292410884,0.00275835868204211,0.972379933728842,0.975138292410884,0.00275835868204211,NA,NA,NA,"skew-t",7,0,"yes","yes",TRUE,FALSE,FALSE,"ar2"
"brier",0.5,"threshold_quantile",0.5,50.875,60,110,0.980931993550096,0.983414306963317,0.00248231341322125,0.980931993550096,0.983414306963317,0.00248231341322125,NA,NA,NA,"skew-t",7,0,"yes","yes",TRUE,FALSE,FALSE,"ar2"
"brier",0.6,"threshold_quantile",0.6,55.429,60,110,0.989088134231658,0.989297897942948,0.000209763711290001,0.989088134231658,0.989297897942948,0.000209763711290001,NA,NA,NA,"skew-t",7,0,"yes","yes",TRUE,FALSE,FALSE,"ar2"
"brier",0.7,"threshold_quantile",0.7,60.125,60,110,0.986265522430528,0.990359194739949,0.00409367230942081,0.986265522430528,0.990359194739949,0.00409367230942081,NA,NA,NA,"skew-t",7,0,"yes","yes",TRUE,FALSE,FALSE,"ar2"
"brier",0.8,"threshold_quantile",0.8,65.5,60,110,0.989661010297931,0.995845097010654,0.00618408671272364,0.989661010297931,0.995845097010654,0.00618408671272364,NA,NA,NA,"skew-t",7,0,"yes","yes",TRUE,FALSE,FALSE,"ar2"
"brier",0.9,"threshold_quantile",0.9,73.25,60,110,0.997399401882863,0.996969426964158,-0.000429974918705556,0.997399401882863,0.996969426964158,-0.000429974918705556,NA,NA,NA,"skew-t",7,0,"yes","yes",TRUE,FALSE,FALSE,"ar2"
"brier",0.95,"threshold_quantile",0.95,79.75,60,110,0.996646813434559,0.993740375800462,-0.00290643763409693,0.996646813434559,0.993740375800462,-0.00290643763409693,NA,NA,NA,"skew-t",7,0,"yes","yes",TRUE,FALSE,FALSE,"ar2"
"brier",0.98,"threshold_quantile",0.98,88.5,60,110,0.985617240911025,0.987014588627328,0.00139734771630284,0.985617240911025,0.987014588627328,0.00139734771630284,NA,NA,NA,"skew-t",7,0,"yes","yes",TRUE,FALSE,FALSE,"ar2"
"brier",0.99,"threshold_quantile",0.99,94.75,60,110,0.958019064557523,0.964447208880987,0.00642814432346417,0.958019064557523,0.964447208880987,0.00642814432346417,NA,NA,NA,"skew-t",7,0,"yes","yes",TRUE,FALSE,FALSE,"ar2"
"brier",0.995,"threshold_quantile",0.995,100.52,60,110,0.967092460336634,0.97279808578474,0.00570562544810604,0.967092460336634,0.97279808578474,0.00570562544810604,NA,NA,NA,"skew-t",7,0,"yes","yes",TRUE,FALSE,FALSE,"ar2"
"quantile",0,"score_quantile",0,NA,60,110,NA,NA,NA,Inf,NA,NA,Inf,NA,NA,"skew-t",7,0,"yes","yes",TRUE,FALSE,FALSE,"ar2"
"quantile",0.1,"score_quantile",0.1,NA,60,110,NA,NA,NA,0.993400612842904,0.993147976931355,-0.000252635911548782,0.993400612842904,0.993147976931355,-0.000252635911548782,"skew-t",7,0,"yes","yes",TRUE,FALSE,FALSE,"ar2"
"quantile",0.2,"score_quantile",0.2,NA,60,110,NA,NA,NA,0.99638630101703,0.996365397470372,-2.09035466581797e-05,0.99638630101703,0.996365397470372,-2.09035466581797e-05,"skew-t",7,0,"yes","yes",TRUE,FALSE,FALSE,"ar2"
"quantile",0.3,"score_quantile",0.3,NA,60,110,NA,NA,NA,0.997990181717266,0.997994384522784,4.20280551782781e-06,0.997990181717266,0.997994384522784,4.20280551782781e-06,"skew-t",7,0,"yes","yes",TRUE,FALSE,FALSE,"ar2"
"quantile",0.4,"score_quantile",0.4,NA,60,110,NA,NA,NA,0.998467756671825,0.998568086205065,0.000100329533239463,0.998467756671825,0.998568086205065,0.000100329533239463,"skew-t",7,0,"yes","yes",TRUE,FALSE,FALSE,"ar2"
"quantile",0.5,"score_quantile",0.5,NA,60,110,NA,NA,NA,0.998383158189892,0.998716489842198,0.000333331652306201,0.998383158189892,0.998716489842198,0.000333331652306201,"skew-t",7,0,"yes","yes",TRUE,FALSE,FALSE,"ar2"
"quantile",0.6,"score_quantile",0.6,NA,60,110,NA,NA,NA,0.998824560960282,0.999299528184619,0.000474967224337708,0.998824560960282,0.999299528184619,0.000474967224337708,"skew-t",7,0,"yes","yes",TRUE,FALSE,FALSE,"ar2"
"quantile",0.7,"score_quantile",0.7,NA,60,110,NA,NA,NA,0.999188374943463,0.999538431094827,0.000350056151363187,0.999188374943463,0.999538431094827,0.000350056151363187,"skew-t",7,0,"yes","yes",TRUE,FALSE,FALSE,"ar2"
"quantile",0.8,"score_quantile",0.8,NA,60,110,NA,NA,NA,0.999879273744827,0.999742243566312,-0.000137030178515407,0.999879273744827,0.999742243566312,-0.000137030178515407,"skew-t",7,0,"yes","yes",TRUE,FALSE,FALSE,"ar2"
"quantile",0.9,"score_quantile",0.9,NA,60,110,NA,NA,NA,0.999906146965156,0.998488750864085,-0.0014173961010705,0.999906146965156,0.998488750864085,-0.0014173961010705,"skew-t",7,0,"yes","yes",TRUE,FALSE,FALSE,"ar2"
"quantile",0.95,"score_quantile",0.95,NA,60,110,NA,NA,NA,0.997459222966549,0.996802714069992,-0.000656508896557551,0.997459222966549,0.996802714069992,-0.000656508896557551,"skew-t",7,0,"yes","yes",TRUE,FALSE,FALSE,"ar2"
"quantile",0.98,"score_quantile",0.98,NA,60,110,NA,NA,NA,0.989372818619264,0.988645676873827,-0.000727141745436533,0.989372818619264,0.988645676873827,-0.000727141745436533,"skew-t",7,0,"yes","yes",TRUE,FALSE,FALSE,"ar2"
"quantile",0.99,"score_quantile",0.99,NA,60,110,NA,NA,NA,0.976553484883064,0.977040781953184,0.000487297070120296,0.976553484883064,0.977040781953184,0.000487297070120296,"skew-t",7,0,"yes","yes",TRUE,FALSE,FALSE,"ar2"
"quantile",0.995,"score_quantile",0.995,NA,60,110,NA,NA,NA,0.951027332631804,0.955375950066734,0.00434861743492954,0.951027332631804,0.955375950066734,0.00434861743492954,"skew-t",7,0,"yes","yes",TRUE,FALSE,FALSE,"ar2"
"brier",0,"threshold_quantile",0,2,61,111,4.46874985009005,8.16403727743048,3.69528742734042,4.46874985009005,8.16403727743048,3.69528742734042,NA,NA,NA,"skew-t",7,50,"yes","yes",TRUE,FALSE,FALSE,"ar2"
"brier",0.1,"threshold_quantile",0.1,28.875,61,111,1.64119752139931,1.65370672952124,0.0125092081219325,1.64119752139931,1.65370672952124,0.0125092081219325,NA,NA,NA,"skew-t",7,50,"yes","yes",TRUE,FALSE,FALSE,"ar2"
"brier",0.2,"threshold_quantile",0.2,36,61,111,1.32809543302692,1.34653858714813,0.0184431541212031,1.32809543302692,1.34653858714813,0.0184431541212031,NA,NA,NA,"skew-t",7,50,"yes","yes",TRUE,FALSE,FALSE,"ar2"
"brier",0.3,"threshold_quantile",0.3,41.625,61,111,1.16491821099398,1.17599673556978,0.0110785245757989,1.16491821099398,1.17599673556978,0.0110785245757989,NA,NA,NA,"skew-t",7,50,"yes","yes",TRUE,FALSE,FALSE,"ar2"
"brier",0.4,"threshold_quantile",0.4,46.5,61,111,1.05923909710788,1.06395093173714,0.0047118346292605,1.05923909710788,1.06395093173714,0.0047118346292605,NA,NA,NA,"skew-t",7,50,"yes","yes",TRUE,FALSE,FALSE,"ar2"
"brier",0.5,"threshold_quantile",0.5,50.875,61,111,1.00699480483587,1.01057898955705,0.00358418472118194,1.00699480483587,1.01057898955705,0.00358418472118194,NA,NA,NA,"skew-t",7,50,"yes","yes",TRUE,FALSE,FALSE,"ar2"
"brier",0.6,"threshold_quantile",0.6,55.429,61,111,0.995930025907774,0.996987369970168,0.00105734406239355,0.995930025907774,0.996987369970168,0.00105734406239355,NA,NA,NA,"skew-t",7,50,"yes","yes",TRUE,FALSE,FALSE,"ar2"
"brier",0.7,"threshold_quantile",0.7,60.125,61,111,0.990494926520257,0.991460520353637,0.00096559383337913,0.990494926520257,0.991460520353637,0.00096559383337913,NA,NA,NA,"skew-t",7,50,"yes","yes",TRUE,FALSE,FALSE,"ar2"
"brier",0.8,"threshold_quantile",0.8,65.5,61,111,0.992652941356717,0.99073016491829,-0.00192277643842742,0.992652941356717,0.99073016491829,-0.00192277643842742,NA,NA,NA,"skew-t",7,50,"yes","yes",TRUE,FALSE,FALSE,"ar2"
"brier",0.9,"threshold_quantile",0.9,73.25,61,111,0.996261127987651,0.992956358619354,-0.00330476936829704,0.996261127987651,0.992956358619354,-0.00330476936829704,NA,NA,NA,"skew-t",7,50,"yes","yes",TRUE,FALSE,FALSE,"ar2"
"brier",0.95,"threshold_quantile",0.95,79.75,61,111,0.990087697251064,0.985568316004244,-0.00451938124682039,0.990087697251064,0.985568316004244,-0.00451938124682039,NA,NA,NA,"skew-t",7,50,"yes","yes",TRUE,FALSE,FALSE,"ar2"
"brier",0.98,"threshold_quantile",0.98,88.5,61,111,0.977316539617106,0.979679136836305,0.00236259721919874,0.977316539617106,0.979679136836305,0.00236259721919874,NA,NA,NA,"skew-t",7,50,"yes","yes",TRUE,FALSE,FALSE,"ar2"
"brier",0.99,"threshold_quantile",0.99,94.75,61,111,0.959649533871033,0.951884275581174,-0.00776525828985886,0.959649533871033,0.951884275581174,-0.00776525828985886,NA,NA,NA,"skew-t",7,50,"yes","yes",TRUE,FALSE,FALSE,"ar2"
"brier",0.995,"threshold_quantile",0.995,100.52,61,111,0.963428243474989,0.956431765339023,-0.00699647813596593,0.963428243474989,0.956431765339023,-0.00699647813596593,NA,NA,NA,"skew-t",7,50,"yes","yes",TRUE,FALSE,FALSE,"ar2"
"quantile",0,"score_quantile",0,NA,61,111,NA,NA,NA,NA,NA,NA,NA,NA,NA,"skew-t",7,50,"yes","yes",TRUE,FALSE,FALSE,"ar2"
"quantile",0.1,"score_quantile",0.1,NA,61,111,NA,NA,NA,1.02209637697618,1.02244115776655,0.000344780790370702,1.02209637697618,1.02244115776655,0.000344780790370702,"skew-t",7,50,"yes","yes",TRUE,FALSE,FALSE,"ar2"
"quantile",0.2,"score_quantile",0.2,NA,61,111,NA,NA,NA,1.0095978314137,1.01138692432354,0.0017890929098352,1.0095978314137,1.01138692432354,0.0017890929098352,"skew-t",7,50,"yes","yes",TRUE,FALSE,FALSE,"ar2"
"quantile",0.3,"score_quantile",0.3,NA,61,111,NA,NA,NA,1.00982924888756,1.01252524251814,0.00269599363058193,1.00982924888756,1.01252524251814,0.00269599363058193,"skew-t",7,50,"yes","yes",TRUE,FALSE,FALSE,"ar2"
"quantile",0.4,"score_quantile",0.4,NA,61,111,NA,NA,NA,1.00852650137446,1.01099230548813,0.00246580411367092,1.00852650137446,1.01099230548813,0.00246580411367092,"skew-t",7,50,"yes","yes",TRUE,FALSE,FALSE,"ar2"
"quantile",0.5,"score_quantile",0.5,NA,61,111,NA,NA,NA,1.00673145710208,1.00837527327731,0.00164381617522347,1.00673145710208,1.00837527327731,0.00164381617522347,"skew-t",7,50,"yes","yes",TRUE,FALSE,FALSE,"ar2"
"quantile",0.6,"score_quantile",0.6,NA,61,111,NA,NA,NA,1.00449571301999,1.00553236638452,0.00103665336453718,1.00449571301999,1.00553236638452,0.00103665336453718,"skew-t",7,50,"yes","yes",TRUE,FALSE,FALSE,"ar2"
"quantile",0.7,"score_quantile",0.7,NA,61,111,NA,NA,NA,1.00247626236603,1.00268854154272,0.000212279176682317,1.00247626236603,1.00268854154272,0.000212279176682317,"skew-t",7,50,"yes","yes",TRUE,FALSE,FALSE,"ar2"
"quantile",0.8,"score_quantile",0.8,NA,61,111,NA,NA,NA,1.00087776742114,1.00089330754838,1.55401272341482e-05,1.00087776742114,1.00089330754838,1.55401272341482e-05,"skew-t",7,50,"yes","yes",TRUE,FALSE,FALSE,"ar2"
"quantile",0.9,"score_quantile",0.9,NA,61,111,NA,NA,NA,0.998474048704327,0.998865916447539,0.000391867743212204,0.998474048704327,0.998865916447539,0.000391867743212204,"skew-t",7,50,"yes","yes",TRUE,FALSE,FALSE,"ar2"
"quantile",0.95,"score_quantile",0.95,NA,61,111,NA,NA,NA,0.995674380996141,0.996355877285376,0.000681496289234862,0.995674380996141,0.996355877285376,0.000681496289234862,"skew-t",7,50,"yes","yes",TRUE,FALSE,FALSE,"ar2"
"quantile",0.98,"score_quantile",0.98,NA,61,111,NA,NA,NA,0.987076251227958,0.987749525262843,0.000673274034885152,0.987076251227958,0.987749525262843,0.000673274034885152,"skew-t",7,50,"yes","yes",TRUE,FALSE,FALSE,"ar2"
"quantile",0.99,"score_quantile",0.99,NA,61,111,NA,NA,NA,0.973725360861624,0.97373791186656,1.25510049359123e-05,0.973725360861624,0.97373791186656,1.25510049359123e-05,"skew-t",7,50,"yes","yes",TRUE,FALSE,FALSE,"ar2"
"quantile",0.995,"score_quantile",0.995,NA,61,111,NA,NA,NA,0.945815103823748,0.945712774309842,-0.000102329513905763,0.945815103823748,0.945712774309842,-0.000102329513905763,"skew-t",7,50,"yes","yes",TRUE,FALSE,FALSE,"ar2"
"brier",0,"threshold_quantile",0,2,62,112,3.95456583466038,13.3640869516384,9.40952111697801,3.95456583466038,13.3640869516384,9.40952111697801,NA,NA,NA,"t",7,75,"yes","yes",TRUE,FALSE,FALSE,"ar2"
"brier",0.1,"threshold_quantile",0.1,28.875,62,112,2.04967311049483,2.09575591101407,0.0460828005192426,2.04967311049483,2.09575591101407,0.0460828005192426,NA,NA,NA,"t",7,75,"yes","yes",TRUE,FALSE,FALSE,"ar2"
"brier",0.2,"threshold_quantile",0.2,36,62,112,2.00501463020998,1.99348040848416,-0.0115342217258176,2.00501463020998,1.99348040848416,-0.0115342217258176,NA,NA,NA,"t",7,75,"yes","yes",TRUE,FALSE,FALSE,"ar2"
"brier",0.3,"threshold_quantile",0.3,41.625,62,112,1.9647070997795,1.93233272243234,-0.0323743773471561,1.9647070997795,1.93233272243234,-0.0323743773471561,NA,NA,NA,"t",7,75,"yes","yes",TRUE,FALSE,FALSE,"ar2"
"brier",0.4,"threshold_quantile",0.4,46.5,62,112,1.87417920164507,1.85474065022803,-0.0194385514170352,1.87417920164507,1.85474065022803,-0.0194385514170352,NA,NA,NA,"t",7,75,"yes","yes",TRUE,FALSE,FALSE,"ar2"
"brier",0.5,"threshold_quantile",0.5,50.875,62,112,1.73296914111169,1.7100024586432,-0.0229666824684933,1.73296914111169,1.7100024586432,-0.0229666824684933,NA,NA,NA,"t",7,75,"yes","yes",TRUE,FALSE,FALSE,"ar2"
"brier",0.6,"threshold_quantile",0.6,55.429,62,112,1.57688950915482,1.55751017028916,-0.0193793388656605,1.57688950915482,1.55751017028916,-0.0193793388656605,NA,NA,NA,"t",7,75,"yes","yes",TRUE,FALSE,FALSE,"ar2"
"brier",0.7,"threshold_quantile",0.7,60.125,62,112,1.4230411369423,1.41018307985217,-0.0128580570901276,1.4230411369423,1.41018307985217,-0.0128580570901276,NA,NA,NA,"t",7,75,"yes","yes",TRUE,FALSE,FALSE,"ar2"
"brier",0.8,"threshold_quantile",0.8,65.5,62,112,1.23287139916305,1.22996068324395,-0.00291071591909819,1.23287139916305,1.22996068324395,-0.00291071591909819,NA,NA,NA,"t",7,75,"yes","yes",TRUE,FALSE,FALSE,"ar2"
"brier",0.9,"threshold_quantile",0.9,73.25,62,112,1.08880962358663,1.08513144787414,-0.00367817571249573,1.08880962358663,1.08513144787414,-0.00367817571249573,NA,NA,NA,"t",7,75,"yes","yes",TRUE,FALSE,FALSE,"ar2"
"brier",0.95,"threshold_quantile",0.95,79.75,62,112,1.00964444409542,1.0126732232057,0.00302877911027855,1.00964444409542,1.0126732232057,0.00302877911027855,NA,NA,NA,"t",7,75,"yes","yes",TRUE,FALSE,FALSE,"ar2"
"brier",0.98,"threshold_quantile",0.98,88.5,62,112,0.980776957587285,0.986106803916624,0.00532984632933908,0.980776957587285,0.986106803916624,0.00532984632933908,NA,NA,NA,"t",7,75,"yes","yes",TRUE,FALSE,FALSE,"ar2"
"brier",0.99,"threshold_quantile",0.99,94.75,62,112,0.952879251611148,0.952999661553985,0.000120409942836575,0.952879251611148,0.952999661553985,0.000120409942836575,NA,NA,NA,"t",7,75,"yes","yes",TRUE,FALSE,FALSE,"ar2"
"brier",0.995,"threshold_quantile",0.995,100.52,62,112,0.957387176178317,0.959551665882412,0.00216448970409422,0.957387176178317,0.959551665882412,0.00216448970409422,NA,NA,NA,"t",7,75,"yes","yes",TRUE,FALSE,FALSE,"ar2"
"quantile",0,"score_quantile",0,NA,62,112,NA,NA,NA,NA,NA,NA,NA,NA,NA,"t",7,75,"yes","yes",TRUE,FALSE,FALSE,"ar2"
"quantile",0.1,"score_quantile",0.1,NA,62,112,NA,NA,NA,1.21329592469977,1.16487192987395,-0.0484239948258229,1.21329592469977,1.16487192987395,-0.0484239948258229,"t",7,75,"yes","yes",TRUE,FALSE,FALSE,"ar2"
"quantile",0.2,"score_quantile",0.2,NA,62,112,NA,NA,NA,1.16064508198579,1.13178575997924,-0.0288593220065516,1.16064508198579,1.13178575997924,-0.0288593220065516,"t",7,75,"yes","yes",TRUE,FALSE,FALSE,"ar2"
"quantile",0.3,"score_quantile",0.3,NA,62,112,NA,NA,NA,1.1312425176956,1.10996052515737,-0.021281992538229,1.1312425176956,1.10996052515737,-0.021281992538229,"t",7,75,"yes","yes",TRUE,FALSE,FALSE,"ar2"
"quantile",0.4,"score_quantile",0.4,NA,62,112,NA,NA,NA,1.10723412800959,1.09022695966487,-0.0170071683447166,1.10723412800959,1.09022695966487,-0.0170071683447166,"t",7,75,"yes","yes",TRUE,FALSE,FALSE,"ar2"
"quantile",0.5,"score_quantile",0.5,NA,62,112,NA,NA,NA,1.08647171884993,1.07293656661087,-0.0135351522390668,1.08647171884993,1.07293656661087,-0.0135351522390668,"t",7,75,"yes","yes",TRUE,FALSE,FALSE,"ar2"
"quantile",0.6,"score_quantile",0.6,NA,62,112,NA,NA,NA,1.06785587622577,1.05831276951413,-0.00954310671164627,1.06785587622577,1.05831276951413,-0.00954310671164627,"t",7,75,"yes","yes",TRUE,FALSE,FALSE,"ar2"
"quantile",0.7,"score_quantile",0.7,NA,62,112,NA,NA,NA,1.05097703114023,1.04550192237399,-0.00547510876624258,1.05097703114023,1.04550192237399,-0.00547510876624258,"t",7,75,"yes","yes",TRUE,FALSE,FALSE,"ar2"
"quantile",0.8,"score_quantile",0.8,NA,62,112,NA,NA,NA,1.03867478900853,1.03578761885015,-0.00288717015837858,1.03867478900853,1.03578761885015,-0.00288717015837858,"t",7,75,"yes","yes",TRUE,FALSE,FALSE,"ar2"
"quantile",0.9,"score_quantile",0.9,NA,62,112,NA,NA,NA,1.02837262447383,1.02668346526696,-0.00168915920686197,1.02837262447383,1.02668346526696,-0.00168915920686197,"t",7,75,"yes","yes",TRUE,FALSE,FALSE,"ar2"
"quantile",0.95,"score_quantile",0.95,NA,62,112,NA,NA,NA,1.01868556850354,1.01886445971143,0.000178891207891274,1.01868556850354,1.01886445971143,0.000178891207891274,"t",7,75,"yes","yes",TRUE,FALSE,FALSE,"ar2"
"quantile",0.98,"score_quantile",0.98,NA,62,112,NA,NA,NA,1.00413450232059,1.00711342628527,0.00297892396467891,1.00413450232059,1.00711342628527,0.00297892396467891,"t",7,75,"yes","yes",TRUE,FALSE,FALSE,"ar2"
"quantile",0.99,"score_quantile",0.99,NA,62,112,NA,NA,NA,0.987127985439993,0.992510782707492,0.00538279726749846,0.987127985439993,0.992510782707492,0.00538279726749846,"t",7,75,"yes","yes",TRUE,FALSE,FALSE,"ar2"
"quantile",0.995,"score_quantile",0.995,NA,62,112,NA,NA,NA,0.95687658582751,0.962182265976213,0.00530568014870303,0.95687658582751,0.962182265976213,0.00530568014870303,"t",7,75,"yes","yes",TRUE,FALSE,FALSE,"ar2"
"brier",0,"threshold_quantile",0,2,63,113,0.909417570479049,0.9007794888441,-0.00863808163494972,0.909417570479049,0.9007794888441,-0.00863808163494972,NA,NA,NA,"skew-t",8,0,"yes","yes",TRUE,FALSE,FALSE,"ar2"
"brier",0.1,"threshold_quantile",0.1,28.875,63,113,0.963797556789497,0.963434675730635,-0.000362881058862397,0.963797556789497,0.963434675730635,-0.000362881058862397,NA,NA,NA,"skew-t",8,0,"yes","yes",TRUE,FALSE,FALSE,"ar2"
"brier",0.2,"threshold_quantile",0.2,36,63,113,0.966118590198341,0.962674921365755,-0.00344366883258673,0.966118590198341,0.962674921365755,-0.00344366883258673,NA,NA,NA,"skew-t",8,0,"yes","yes",TRUE,FALSE,FALSE,"ar2"
"brier",0.3,"threshold_quantile",0.3,41.625,63,113,0.969148138674784,0.969529038403771,0.000380899728986583,0.969148138674784,0.969529038403771,0.000380899728986583,NA,NA,NA,"skew-t",8,0,"yes","yes",TRUE,FALSE,FALSE,"ar2"
"brier",0.4,"threshold_quantile",0.4,46.5,63,113,0.973993965688632,0.975797972690951,0.00180400700231875,0.973993965688632,0.975797972690951,0.00180400700231875,NA,NA,NA,"skew-t",8,0,"yes","yes",TRUE,FALSE,FALSE,"ar2"
"brier",0.5,"threshold_quantile",0.5,50.875,63,113,0.982381621832016,0.984979272670234,0.00259765083821772,0.982381621832016,0.984979272670234,0.00259765083821772,NA,NA,NA,"skew-t",8,0,"yes","yes",TRUE,FALSE,FALSE,"ar2"
"brier",0.6,"threshold_quantile",0.6,55.429,63,113,0.989696476401086,0.990530437932485,0.000833961531398919,0.989696476401086,0.990530437932485,0.000833961531398919,NA,NA,NA,"skew-t",8,0,"yes","yes",TRUE,FALSE,FALSE,"ar2"
"brier",0.7,"threshold_quantile",0.7,60.125,63,113,0.988332608900597,0.989912235393282,0.00157962649268495,0.988332608900597,0.989912235393282,0.00157962649268495,NA,NA,NA,"skew-t",8,0,"yes","yes",TRUE,FALSE,FALSE,"ar2"
"brier",0.8,"threshold_quantile",0.8,65.5,63,113,0.994405907710506,0.991342768907687,-0.0030631388028185,0.994405907710506,0.991342768907687,-0.0030631388028185,NA,NA,NA,"skew-t",8,0,"yes","yes",TRUE,FALSE,FALSE,"ar2"
"brier",0.9,"threshold_quantile",0.9,73.25,63,113,0.997400910093691,0.995851677409248,-0.00154923268444329,0.997400910093691,0.995851677409248,-0.00154923268444329,NA,NA,NA,"skew-t",8,0,"yes","yes",TRUE,FALSE,FALSE,"ar2"
"brier",0.95,"threshold_quantile",0.95,79.75,63,113,1.00242680650944,0.996946409679136,-0.00548039683029977,1.00242680650944,0.996946409679136,-0.00548039683029977,NA,NA,NA,"skew-t",8,0,"yes","yes",TRUE,FALSE,FALSE,"ar2"
"brier",0.98,"threshold_quantile",0.98,88.5,63,113,0.994019653577354,0.988490541966125,-0.00552911161122938,0.994019653577354,0.988490541966125,-0.00552911161122938,NA,NA,NA,"skew-t",8,0,"yes","yes",TRUE,FALSE,FALSE,"ar2"
"brier",0.99,"threshold_quantile",0.99,94.75,63,113,0.973120163662793,0.968213460473185,-0.00490670318960873,0.973120163662793,0.968213460473185,-0.00490670318960873,NA,NA,NA,"skew-t",8,0,"yes","yes",TRUE,FALSE,FALSE,"ar2"
"brier",0.995,"threshold_quantile",0.995,100.52,63,113,0.979425444360648,0.975419365881622,-0.00400607847902623,0.979425444360648,0.975419365881622,-0.00400607847902623,NA,NA,NA,"skew-t",8,0,"yes","yes",TRUE,FALSE,FALSE,"ar2"
"quantile",0,"score_quantile",0,NA,63,113,NA,NA,NA,Inf,NA,NA,Inf,NA,NA,"skew-t",8,0,"yes","yes",TRUE,FALSE,FALSE,"ar2"
"quantile",0.1,"score_quantile",0.1,NA,63,113,NA,NA,NA,0.993122391585134,0.99298473071926,-0.000137660865874745,0.993122391585134,0.99298473071926,-0.000137660865874745,"skew-t",8,0,"yes","yes",TRUE,FALSE,FALSE,"ar2"
"quantile",0.2,"score_quantile",0.2,NA,63,113,NA,NA,NA,0.996400720930005,0.996171108727904,-0.000229612202100493,0.996400720930005,0.996171108727904,-0.000229612202100493,"skew-t",8,0,"yes","yes",TRUE,FALSE,FALSE,"ar2"
"quantile",0.3,"score_quantile",0.3,NA,63,113,NA,NA,NA,0.997958832835447,0.997966430667722,7.59783227488597e-06,0.997958832835447,0.997966430667722,7.59783227488597e-06,"skew-t",8,0,"yes","yes",TRUE,FALSE,FALSE,"ar2"
"quantile",0.4,"score_quantile",0.4,NA,63,113,NA,NA,NA,0.998593257709981,0.998735028716909,0.000141771006927915,0.998593257709981,0.998735028716909,0.000141771006927915,"skew-t",8,0,"yes","yes",TRUE,FALSE,FALSE,"ar2"
"quantile",0.5,"score_quantile",0.5,NA,63,113,NA,NA,NA,0.998671815701144,0.998879608369295,0.000207792668150519,0.998671815701144,0.998879608369295,0.000207792668150519,"skew-t",8,0,"yes","yes",TRUE,FALSE,FALSE,"ar2"
"quantile",0.6,"score_quantile",0.6,NA,63,113,NA,NA,NA,0.999334504071486,0.999455957258338,0.00012145318685286,0.999334504071486,0.999455957258338,0.00012145318685286,"skew-t",8,0,"yes","yes",TRUE,FALSE,FALSE,"ar2"
"quantile",0.7,"score_quantile",0.7,NA,63,113,NA,NA,NA,0.999804616066266,0.999460023161136,-0.000344592905130447,0.999804616066266,0.999460023161136,-0.000344592905130447,"skew-t",8,0,"yes","yes",TRUE,FALSE,FALSE,"ar2"
"quantile",0.8,"score_quantile",0.8,NA,63,113,NA,NA,NA,1.00046704036227,0.999733596818615,-0.000733443543650014,1.00046704036227,0.999733596818615,-0.000733443543650014,"skew-t",8,0,"yes","yes",TRUE,FALSE,FALSE,"ar2"
"quantile",0.9,"score_quantile",0.9,NA,63,113,NA,NA,NA,1.00037263136471,0.998634693140349,-0.0017379382243613,1.00037263136471,0.998634693140349,-0.0017379382243613,"skew-t",8,0,"yes","yes",TRUE,FALSE,FALSE,"ar2"
"quantile",0.95,"score_quantile",0.95,NA,63,113,NA,NA,NA,0.999306085064886,0.996718780610132,-0.00258730445475408,0.999306085064886,0.996718780610132,-0.00258730445475408,"skew-t",8,0,"yes","yes",TRUE,FALSE,FALSE,"ar2"
"quantile",0.98,"score_quantile",0.98,NA,63,113,NA,NA,NA,0.994254095468733,0.987919406762523,-0.00633468870621046,0.994254095468733,0.987919406762523,-0.00633468870621046,"skew-t",8,0,"yes","yes",TRUE,FALSE,FALSE,"ar2"
"quantile",0.99,"score_quantile",0.99,NA,63,113,NA,NA,NA,0.983884900170614,0.976004614728247,-0.00788028544236752,0.983884900170614,0.976004614728247,-0.00788028544236752,"skew-t",8,0,"yes","yes",TRUE,FALSE,FALSE,"ar2"
"quantile",0.995,"score_quantile",0.995,NA,63,113,NA,NA,NA,0.95966153702056,0.951466987643208,-0.00819454937735165,0.95966153702056,0.951466987643208,-0.00819454937735165,"skew-t",8,0,"yes","yes",TRUE,FALSE,FALSE,"ar2"
"brier",0,"threshold_quantile",0,2,64,114,7.03011260780083,9.74231894994415,2.71220634214333,7.03011260780083,9.74231894994415,2.71220634214333,NA,NA,NA,"skew-t",8,50,"yes","yes",TRUE,FALSE,FALSE,"ar2"
"brier",0.1,"threshold_quantile",0.1,28.875,64,114,1.64672322304006,1.71415689140007,0.0674336683600127,1.64672322304006,1.71415689140007,0.0674336683600127,NA,NA,NA,"skew-t",8,50,"yes","yes",TRUE,FALSE,FALSE,"ar2"
"brier",0.2,"threshold_quantile",0.2,36,64,114,1.33001311301376,1.36198000892875,0.0319668959149941,1.33001311301376,1.36198000892875,0.0319668959149941,NA,NA,NA,"skew-t",8,50,"yes","yes",TRUE,FALSE,FALSE,"ar2"
"brier",0.3,"threshold_quantile",0.3,41.625,64,114,1.16358702611996,1.17434077479763,0.0107537486776683,1.16358702611996,1.17434077479763,0.0107537486776683,NA,NA,NA,"skew-t",8,50,"yes","yes",TRUE,FALSE,FALSE,"ar2"
"brier",0.4,"threshold_quantile",0.4,46.5,64,114,1.06137511323663,1.06372603387863,0.00235092064200138,1.06137511323663,1.06372603387863,0.00235092064200138,NA,NA,NA,"skew-t",8,50,"yes","yes",TRUE,FALSE,FALSE,"ar2"
"brier",0.5,"threshold_quantile",0.5,50.875,64,114,1.00737444544979,1.00899673600714,0.00162229055735597,1.00737444544979,1.00899673600714,0.00162229055735597,NA,NA,NA,"skew-t",8,50,"yes","yes",TRUE,FALSE,FALSE,"ar2"
"brier",0.6,"threshold_quantile",0.6,55.429,64,114,0.997049206503226,0.997714500782134,0.00066529427890738,0.997049206503226,0.997714500782134,0.00066529427890738,NA,NA,NA,"skew-t",8,50,"yes","yes",TRUE,FALSE,FALSE,"ar2"
"brier",0.7,"threshold_quantile",0.7,60.125,64,114,0.989916141803585,0.991453631677211,0.00153748987362601,0.989916141803585,0.991453631677211,0.00153748987362601,NA,NA,NA,"skew-t",8,50,"yes","yes",TRUE,FALSE,FALSE,"ar2"
"brier",0.8,"threshold_quantile",0.8,65.5,64,114,0.992394021960944,0.99099329249623,-0.0014007294647137,0.992394021960944,0.99099329249623,-0.0014007294647137,NA,NA,NA,"skew-t",8,50,"yes","yes",TRUE,FALSE,FALSE,"ar2"
"brier",0.9,"threshold_quantile",0.9,73.25,64,114,0.998618469818173,0.993201334208975,-0.0054171356091971,0.998618469818173,0.993201334208975,-0.0054171356091971,NA,NA,NA,"skew-t",8,50,"yes","yes",TRUE,FALSE,FALSE,"ar2"
"brier",0.95,"threshold_quantile",0.95,79.75,64,114,0.997286460705408,0.989711302538062,-0.00757515816734666,0.997286460705408,0.989711302538062,-0.00757515816734666,NA,NA,NA,"skew-t",8,50,"yes","yes",TRUE,FALSE,FALSE,"ar2"
"brier",0.98,"threshold_quantile",0.98,88.5,64,114,0.981818442879294,0.979696745949406,-0.0021216969298874,0.981818442879294,0.979696745949406,-0.0021216969298874,NA,NA,NA,"skew-t",8,50,"yes","yes",TRUE,FALSE,FALSE,"ar2"
"brier",0.99,"threshold_quantile",0.99,94.75,64,114,0.960813352715024,0.964842672086145,0.0040293193711215,0.960813352715024,0.964842672086145,0.0040293193711215,NA,NA,NA,"skew-t",8,50,"yes","yes",TRUE,FALSE,FALSE,"ar2"
"brier",0.995,"threshold_quantile",0.995,100.52,64,114,0.974330684510614,0.970648621617737,-0.00368206289287687,0.974330684510614,0.970648621617737,-0.00368206289287687,NA,NA,NA,"skew-t",8,50,"yes","yes",TRUE,FALSE,FALSE,"ar2"
"quantile",0,"score_quantile",0,NA,64,114,NA,NA,NA,NA,NA,NA,NA,NA,NA,"skew-t",8,50,"yes","yes",TRUE,FALSE,FALSE,"ar2"
"quantile",0.1,"score_quantile",0.1,NA,64,114,NA,NA,NA,1.0213299627042,1.02418696866164,0.00285700595743998,1.0213299627042,1.02418696866164,0.00285700595743998,"skew-t",8,50,"yes","yes",TRUE,FALSE,FALSE,"ar2"
"quantile",0.2,"score_quantile",0.2,NA,64,114,NA,NA,NA,1.01240056246225,1.01414258480019,0.00174202233793808,1.01240056246225,1.01414258480019,0.00174202233793808,"skew-t",8,50,"yes","yes",TRUE,FALSE,FALSE,"ar2"
"quantile",0.3,"score_quantile",0.3,NA,64,114,NA,NA,NA,1.01229362610472,1.0140021912971,0.00170856519237361,1.01229362610472,1.0140021912971,0.00170856519237361,"skew-t",8,50,"yes","yes",TRUE,FALSE,FALSE,"ar2"
"quantile",0.4,"score_quantile",0.4,NA,64,114,NA,NA,NA,1.01005507300252,1.01160775836225,0.00155268535973363,1.01005507300252,1.01160775836225,0.00155268535973363,"skew-t",8,50,"yes","yes",TRUE,FALSE,FALSE,"ar2"
"quantile",0.5,"score_quantile",0.5,NA,64,114,NA,NA,NA,1.00731260091979,1.00845117922147,0.00113857830167574,1.00731260091979,1.00845117922147,0.00113857830167574,"skew-t",8,50,"yes","yes",TRUE,FALSE,FALSE,"ar2"
"quantile",0.6,"score_quantile",0.6,NA,64,114,NA,NA,NA,1.00472610157044,1.00550738621557,0.00078128464513405,1.00472610157044,1.00550738621557,0.00078128464513405,"skew-t",8,50,"yes","yes",TRUE,FALSE,FALSE,"ar2"
"quantile",0.7,"score_quantile",0.7,NA,64,114,NA,NA,NA,1.00265404263753,1.00282141142853,0.000167368790997324,1.00265404263753,1.00282141142853,0.000167368790997324,"skew-t",8,50,"yes","yes",TRUE,FALSE,FALSE,"ar2"
"quantile",0.8,"score_quantile",0.8,NA,64,114,NA,NA,NA,1.00117237394418,1.00122554148511,5.31675409281007e-05,1.00117237394418,1.00122554148511,5.31675409281007e-05,"skew-t",8,50,"yes","yes",TRUE,FALSE,FALSE,"ar2"
"quantile",0.9,"score_quantile",0.9,NA,64,114,NA,NA,NA,0.999651054030101,0.999392911217319,-0.00025814281278258,0.999651054030101,0.999392911217319,-0.00025814281278258,"skew-t",8,50,"yes","yes",TRUE,FALSE,FALSE,"ar2"
"quantile",0.95,"score_quantile",0.95,NA,64,114,NA,NA,NA,0.997822040288849,0.996669093136595,-0.00115294715225378,0.997822040288849,0.996669093136595,-0.00115294715225378,"skew-t",8,50,"yes","yes",TRUE,FALSE,FALSE,"ar2"
"quantile",0.98,"score_quantile",0.98,NA,64,114,NA,NA,NA,0.990388023176829,0.988099557930309,-0.00228846524651993,0.990388023176829,0.988099557930309,-0.00228846524651993,"skew-t",8,50,"yes","yes",TRUE,FALSE,FALSE,"ar2"
"quantile",0.99,"score_quantile",0.99,NA,64,114,NA,NA,NA,0.976908388499789,0.973552412160801,-0.00335597633898765,0.976908388499789,0.973552412160801,-0.00335597633898765,"skew-t",8,50,"yes","yes",TRUE,FALSE,FALSE,"ar2"
"quantile",0.995,"score_quantile",0.995,NA,64,114,NA,NA,NA,0.949367637195623,0.942789565373732,-0.0065780718218913,0.949367637195623,0.942789565373732,-0.0065780718218913,"skew-t",8,50,"yes","yes",TRUE,FALSE,FALSE,"ar2"
"brier",0,"threshold_quantile",0,2,65,115,3.11051043570681,2.83006805358031,-0.280442382126503,3.11051043570681,2.83006805358031,-0.280442382126503,NA,NA,NA,"t",8,75,"yes","yes",TRUE,FALSE,FALSE,"ar2"
"brier",0.1,"threshold_quantile",0.1,28.875,65,115,1.9001516447844,2.05165028949333,0.151498644708926,1.9001516447844,2.05165028949333,0.151498644708926,NA,NA,NA,"t",8,75,"yes","yes",TRUE,FALSE,FALSE,"ar2"
"brier",0.2,"threshold_quantile",0.2,36,65,115,1.81915835351749,1.95670644261832,0.137548089100829,1.81915835351749,1.95670644261832,0.137548089100829,NA,NA,NA,"t",8,75,"yes","yes",TRUE,FALSE,FALSE,"ar2"
"brier",0.3,"threshold_quantile",0.3,41.625,65,115,1.783310776816,1.89209186474602,0.108781087930021,1.783310776816,1.89209186474602,0.108781087930021,NA,NA,NA,"t",8,75,"yes","yes",TRUE,FALSE,FALSE,"ar2"
"brier",0.4,"threshold_quantile",0.4,46.5,65,115,1.73297618837649,1.81612558707819,0.0831493987016987,1.73297618837649,1.81612558707819,0.0831493987016987,NA,NA,NA,"t",8,75,"yes","yes",TRUE,FALSE,FALSE,"ar2"
"brier",0.5,"threshold_quantile",0.5,50.875,65,115,1.62964920835013,1.68498077513786,0.0553315667877252,1.62964920835013,1.68498077513786,0.0553315667877252,NA,NA,NA,"t",8,75,"yes","yes",TRUE,FALSE,FALSE,"ar2"
"brier",0.6,"threshold_quantile",0.6,55.429,65,115,1.52295621425777,1.55050638032073,0.0275501660629616,1.52295621425777,1.55050638032073,0.0275501660629616,NA,NA,NA,"t",8,75,"yes","yes",TRUE,FALSE,FALSE,"ar2"
"brier",0.7,"threshold_quantile",0.7,60.125,65,115,1.39592923345146,1.40370319131238,0.00777395786091573,1.39592923345146,1.40370319131238,0.00777395786091573,NA,NA,NA,"t",8,75,"yes","yes",TRUE,FALSE,FALSE,"ar2"
"brier",0.8,"threshold_quantile",0.8,65.5,65,115,1.22717134136802,1.22793644649085,0.000765105122830567,1.22717134136802,1.22793644649085,0.000765105122830567,NA,NA,NA,"t",8,75,"yes","yes",TRUE,FALSE,FALSE,"ar2"
"brier",0.9,"threshold_quantile",0.9,73.25,65,115,1.08062328940305,1.08619633238027,0.00557304297722161,1.08062328940305,1.08619633238027,0.00557304297722161,NA,NA,NA,"t",8,75,"yes","yes",TRUE,FALSE,FALSE,"ar2"
"brier",0.95,"threshold_quantile",0.95,79.75,65,115,1.00639481053258,1.01193894131073,0.00554413077814586,1.00639481053258,1.01193894131073,0.00554413077814586,NA,NA,NA,"t",8,75,"yes","yes",TRUE,FALSE,FALSE,"ar2"
"brier",0.98,"threshold_quantile",0.98,88.5,65,115,0.980935612366239,0.98594922416296,0.005013611796721,0.980935612366239,0.98594922416296,0.005013611796721,NA,NA,NA,"t",8,75,"yes","yes",TRUE,FALSE,FALSE,"ar2"
"brier",0.99,"threshold_quantile",0.99,94.75,65,115,0.957230608489001,0.953981259557619,-0.00324934893138218,0.957230608489001,0.953981259557619,-0.00324934893138218,NA,NA,NA,"t",8,75,"yes","yes",TRUE,FALSE,FALSE,"ar2"
"brier",0.995,"threshold_quantile",0.995,100.52,65,115,0.959832806781298,0.961106761666724,0.00127395488542614,0.959832806781298,0.961106761666724,0.00127395488542614,NA,NA,NA,"t",8,75,"yes","yes",TRUE,FALSE,FALSE,"ar2"
"quantile",0,"score_quantile",0,NA,65,115,NA,NA,NA,NA,NA,NA,NA,NA,NA,"t",8,75,"yes","yes",TRUE,FALSE,FALSE,"ar2"
"quantile",0.1,"score_quantile",0.1,NA,65,115,NA,NA,NA,1.14466688878107,1.15967737344628,0.0150104846652066,1.14466688878107,1.15967737344628,0.0150104846652066,"t",8,75,"yes","yes",TRUE,FALSE,FALSE,"ar2"
"quantile",0.2,"score_quantile",0.2,NA,65,115,NA,NA,NA,1.11581115771006,1.13000211618603,0.0141909584759681,1.11581115771006,1.13000211618603,0.0141909584759681,"t",8,75,"yes","yes",TRUE,FALSE,FALSE,"ar2"
"quantile",0.3,"score_quantile",0.3,NA,65,115,NA,NA,NA,1.10112705727672,1.10702147831463,0.00589442103791793,1.10112705727672,1.10702147831463,0.00589442103791793,"t",8,75,"yes","yes",TRUE,FALSE,FALSE,"ar2"
"quantile",0.4,"score_quantile",0.4,NA,65,115,NA,NA,NA,1.08635747603608,1.08665819516232,0.000300719126237192,1.08635747603608,1.08665819516232,0.000300719126237192,"t",8,75,"yes","yes",TRUE,FALSE,FALSE,"ar2"
"quantile",0.5,"score_quantile",0.5,NA,65,115,NA,NA,NA,1.07119293910506,1.06932191470891,-0.00187102439615749,1.07119293910506,1.06932191470891,-0.00187102439615749,"t",8,75,"yes","yes",TRUE,FALSE,FALSE,"ar2"
"quantile",0.6,"score_quantile",0.6,NA,65,115,NA,NA,NA,1.05592328034247,1.05469757932378,-0.00122570101868336,1.05592328034247,1.05469757932378,-0.00122570101868336,"t",8,75,"yes","yes",TRUE,FALSE,FALSE,"ar2"
"quantile",0.7,"score_quantile",0.7,NA,65,115,NA,NA,NA,1.04280652306982,1.04352176721446,0.000715244144646743,1.04280652306982,1.04352176721446,0.000715244144646743,"t",8,75,"yes","yes",TRUE,FALSE,FALSE,"ar2"
"quantile",0.8,"score_quantile",0.8,NA,65,115,NA,NA,NA,1.03159364744468,1.03400003104005,0.00240638359536671,1.03159364744468,1.03400003104005,0.00240638359536671,"t",8,75,"yes","yes",TRUE,FALSE,FALSE,"ar2"
"quantile",0.9,"score_quantile",0.9,NA,65,115,NA,NA,NA,1.02280861887133,1.02509300603421,0.0022843871628826,1.02280861887133,1.02509300603421,0.0022843871628826,"t",8,75,"yes","yes",TRUE,FALSE,FALSE,"ar2"
"quantile",0.95,"score_quantile",0.95,NA,65,115,NA,NA,NA,1.01561391440088,1.01796975542649,0.00235584102560704,1.01561391440088,1.01796975542649,0.00235584102560704,"t",8,75,"yes","yes",TRUE,FALSE,FALSE,"ar2"
"quantile",0.98,"score_quantile",0.98,NA,65,115,NA,NA,NA,1.00385394687243,1.00696870567162,0.00311475879918821,1.00385394687243,1.00696870567162,0.00311475879918821,"t",8,75,"yes","yes",TRUE,FALSE,FALSE,"ar2"
"quantile",0.99,"score_quantile",0.99,NA,65,115,NA,NA,NA,0.989743275972474,0.994996824589871,0.00525354861739691,0.989743275972474,0.994996824589871,0.00525354861739691,"t",8,75,"yes","yes",TRUE,FALSE,FALSE,"ar2"
"quantile",0.995,"score_quantile",0.995,NA,65,115,NA,NA,NA,0.95882048668618,0.966209696531543,0.00738920984536273,0.95882048668618,0.966209696531543,0.00738920984536273,"t",8,75,"yes","yes",TRUE,FALSE,FALSE,"ar2"
"brier",0,"threshold_quantile",0,2,66,116,0.854940492956764,0.945366103784614,0.0904256108278501,0.854940492956764,0.945366103784614,0.0904256108278501,NA,NA,NA,"skew-t",9,0,"yes","yes",TRUE,FALSE,FALSE,"ar2"
"brier",0.1,"threshold_quantile",0.1,28.875,66,116,0.96351887138569,0.963103765872451,-0.0004151055132392,0.96351887138569,0.963103765872451,-0.0004151055132392,NA,NA,NA,"skew-t",9,0,"yes","yes",TRUE,FALSE,FALSE,"ar2"
"brier",0.2,"threshold_quantile",0.2,36,66,116,0.963011440025854,0.963435798746528,0.000424358720674256,0.963011440025854,0.963435798746528,0.000424358720674256,NA,NA,NA,"skew-t",9,0,"yes","yes",TRUE,FALSE,FALSE,"ar2"
"brier",0.3,"threshold_quantile",0.3,41.625,66,116,0.966965067711769,0.968685500599458,0.00172043288768864,0.966965067711769,0.968685500599458,0.00172043288768864,NA,NA,NA,"skew-t",9,0,"yes","yes",TRUE,FALSE,FALSE,"ar2"
"brier",0.4,"threshold_quantile",0.4,46.5,66,116,0.974529102399963,0.974029012122779,-0.000500090277184451,0.974529102399963,0.974029012122779,-0.000500090277184451,NA,NA,NA,"skew-t",9,0,"yes","yes",TRUE,FALSE,FALSE,"ar2"
"brier",0.5,"threshold_quantile",0.5,50.875,66,116,0.982426693038024,0.980720270415527,-0.00170642262249676,0.982426693038024,0.980720270415527,-0.00170642262249676,NA,NA,NA,"skew-t",9,0,"yes","yes",TRUE,FALSE,FALSE,"ar2"
"brier",0.6,"threshold_quantile",0.6,55.429,66,116,0.989584671003031,0.98861985638338,-0.000964814619651477,0.989584671003031,0.98861985638338,-0.000964814619651477,NA,NA,NA,"skew-t",9,0,"yes","yes",TRUE,FALSE,FALSE,"ar2"
"brier",0.7,"threshold_quantile",0.7,60.125,66,116,0.992056395893817,0.989372785317683,-0.00268361057613409,0.992056395893817,0.989372785317683,-0.00268361057613409,NA,NA,NA,"skew-t",9,0,"yes","yes",TRUE,FALSE,FALSE,"ar2"
"brier",0.8,"threshold_quantile",0.8,65.5,66,116,0.995579792398356,0.995280566921531,-0.000299225476825038,0.995579792398356,0.995280566921531,-0.000299225476825038,NA,NA,NA,"skew-t",9,0,"yes","yes",TRUE,FALSE,FALSE,"ar2"
"brier",0.9,"threshold_quantile",0.9,73.25,66,116,1.0028721441152,0.998848490578708,-0.00402365353649292,1.0028721441152,0.998848490578708,-0.00402365353649292,NA,NA,NA,"skew-t",9,0,"yes","yes",TRUE,FALSE,FALSE,"ar2"
"brier",0.95,"threshold_quantile",0.95,79.75,66,116,0.999735496706668,0.994787802397671,-0.00494769430899722,0.999735496706668,0.994787802397671,-0.00494769430899722,NA,NA,NA,"skew-t",9,0,"yes","yes",TRUE,FALSE,FALSE,"ar2"
"brier",0.98,"threshold_quantile",0.98,88.5,66,116,0.987908620695086,0.980039978466676,-0.00786864222840955,0.987908620695086,0.980039978466676,-0.00786864222840955,NA,NA,NA,"skew-t",9,0,"yes","yes",TRUE,FALSE,FALSE,"ar2"
"brier",0.99,"threshold_quantile",0.99,94.75,66,116,0.960471453263154,0.963095465855978,0.0026240125928243,0.960471453263154,0.963095465855978,0.0026240125928243,NA,NA,NA,"skew-t",9,0,"yes","yes",TRUE,FALSE,FALSE,"ar2"
"brier",0.995,"threshold_quantile",0.995,100.52,66,116,0.971878956900856,0.968183011556614,-0.003695945344242,0.971878956900856,0.968183011556614,-0.003695945344242,NA,NA,NA,"skew-t",9,0,"yes","yes",TRUE,FALSE,FALSE,"ar2"
"quantile",0,"score_quantile",0,NA,66,116,NA,NA,NA,NA,NA,NA,NA,NA,NA,"skew-t",9,0,"yes","yes",TRUE,FALSE,FALSE,"ar2"
"quantile",0.1,"score_quantile",0.1,NA,66,116,NA,NA,NA,0.993189923717952,0.992812892569495,-0.000377031148457108,0.993189923717952,0.992812892569495,-0.000377031148457108,"skew-t",9,0,"yes","yes",TRUE,FALSE,FALSE,"ar2"
"quantile",0.2,"score_quantile",0.2,NA,66,116,NA,NA,NA,0.996218424556991,0.996086205350365,-0.000132219206625761,0.996218424556991,0.996086205350365,-0.000132219206625761,"skew-t",9,0,"yes","yes",TRUE,FALSE,FALSE,"ar2"
"quantile",0.3,"score_quantile",0.3,NA,66,116,NA,NA,NA,0.997904166188467,0.997715584417592,-0.000188581770874219,0.997904166188467,0.997715584417592,-0.000188581770874219,"skew-t",9,0,"yes","yes",TRUE,FALSE,FALSE,"ar2"
"quantile",0.4,"score_quantile",0.4,NA,66,116,NA,NA,NA,0.9984723546677,0.998354214947658,-0.000118139720041932,0.9984723546677,0.998354214947658,-0.000118139720041932,"skew-t",9,0,"yes","yes",TRUE,FALSE,FALSE,"ar2"
"quantile",0.5,"score_quantile",0.5,NA,66,116,NA,NA,NA,0.99873893486063,0.99854012699551,-0.00019880786512072,0.99873893486063,0.99854012699551,-0.00019880786512072,"skew-t",9,0,"yes","yes",TRUE,FALSE,FALSE,"ar2"
"quantile",0.6,"score_quantile",0.6,NA,66,116,NA,NA,NA,0.999375668774182,0.999181629941809,-0.000194038832373344,0.999375668774182,0.999181629941809,-0.000194038832373344,"skew-t",9,0,"yes","yes",TRUE,FALSE,FALSE,"ar2"
"quantile",0.7,"score_quantile",0.7,NA,66,116,NA,NA,NA,0.99973402263734,0.999787551778982,5.35291416423611e-05,0.99973402263734,0.999787551778982,5.35291416423611e-05,"skew-t",9,0,"yes","yes",TRUE,FALSE,FALSE,"ar2"
"quantile",0.8,"score_quantile",0.8,NA,66,116,NA,NA,NA,1.00018065254811,1.00040315923307,0.000222506684961932,1.00018065254811,1.00040315923307,0.000222506684961932,"skew-t",9,0,"yes","yes",TRUE,FALSE,FALSE,"ar2"
"quantile",0.9,"score_quantile",0.9,NA,66,116,NA,NA,NA,0.999445589375624,0.999699354727529,0.000253765351905022,0.999445589375624,0.999699354727529,0.000253765351905022,"skew-t",9,0,"yes","yes",TRUE,FALSE,FALSE,"ar2"
"quantile",0.95,"score_quantile",0.95,NA,66,116,NA,NA,NA,0.997715608315316,0.997737245295961,2.16369806451677e-05,0.997715608315316,0.997737245295961,2.16369806451677e-05,"skew-t",9,0,"yes","yes",TRUE,FALSE,FALSE,"ar2"
"quantile",0.98,"score_quantile",0.98,NA,66,116,NA,NA,NA,0.99041451479293,0.990500207204367,8.56924114365221e-05,0.99041451479293,0.990500207204367,8.56924114365221e-05,"skew-t",9,0,"yes","yes",TRUE,FALSE,FALSE,"ar2"
"quantile",0.99,"score_quantile",0.99,NA,66,116,NA,NA,NA,0.979345910123901,0.978399137244867,-0.000946772879034108,0.979345910123901,0.978399137244867,-0.000946772879034108,"skew-t",9,0,"yes","yes",TRUE,FALSE,FALSE,"ar2"
"quantile",0.995,"score_quantile",0.995,NA,66,116,NA,NA,NA,0.955807591189862,0.954321552819121,-0.00148603837074113,0.955807591189862,0.954321552819121,-0.00148603837074113,"skew-t",9,0,"yes","yes",TRUE,FALSE,FALSE,"ar2"
"brier",0,"threshold_quantile",0,2,67,117,6.02323713573086,3.41078057377041,-2.61245656196045,6.02323713573086,3.41078057377041,-2.61245656196045,NA,NA,NA,"skew-t",9,50,"yes","yes",TRUE,FALSE,FALSE,"ar2"
"brier",0.1,"threshold_quantile",0.1,28.875,67,117,1.65617225429625,1.70290053505611,0.0467282807598544,1.65617225429625,1.70290053505611,0.0467282807598544,NA,NA,NA,"skew-t",9,50,"yes","yes",TRUE,FALSE,FALSE,"ar2"
"brier",0.2,"threshold_quantile",0.2,36,67,117,1.35095898411348,1.36269210254066,0.011733118427173,1.35095898411348,1.36269210254066,0.011733118427173,NA,NA,NA,"skew-t",9,50,"yes","yes",TRUE,FALSE,FALSE,"ar2"
"brier",0.3,"threshold_quantile",0.3,41.625,67,117,1.1737317971829,1.17583803122163,0.00210623403872634,1.1737317971829,1.17583803122163,0.00210623403872634,NA,NA,NA,"skew-t",9,50,"yes","yes",TRUE,FALSE,FALSE,"ar2"
"brier",0.4,"threshold_quantile",0.4,46.5,67,117,1.06237370535558,1.06251476949682,0.000141064141234715,1.06237370535558,1.06251476949682,0.000141064141234715,NA,NA,NA,"skew-t",9,50,"yes","yes",TRUE,FALSE,FALSE,"ar2"
"brier",0.5,"threshold_quantile",0.5,50.875,67,117,1.00670304092651,1.00904340997295,0.00234036904644652,1.00670304092651,1.00904340997295,0.00234036904644652,NA,NA,NA,"skew-t",9,50,"yes","yes",TRUE,FALSE,FALSE,"ar2"
"brier",0.6,"threshold_quantile",0.6,55.429,67,117,0.995105127243247,0.999290595887443,0.00418546864419622,0.995105127243247,0.999290595887443,0.00418546864419622,NA,NA,NA,"skew-t",9,50,"yes","yes",TRUE,FALSE,FALSE,"ar2"
"brier",0.7,"threshold_quantile",0.7,60.125,67,117,0.988858691331912,0.990426618535253,0.00156792720334109,0.988858691331912,0.990426618535253,0.00156792720334109,NA,NA,NA,"skew-t",9,50,"yes","yes",TRUE,FALSE,FALSE,"ar2"
"brier",0.8,"threshold_quantile",0.8,65.5,67,117,0.994662069058213,0.99212326927907,-0.00253879977914362,0.994662069058213,0.99212326927907,-0.00253879977914362,NA,NA,NA,"skew-t",9,50,"yes","yes",TRUE,FALSE,FALSE,"ar2"
"brier",0.9,"threshold_quantile",0.9,73.25,67,117,0.997333466256787,1.00012094387612,0.00278747761933329,0.997333466256787,1.00012094387612,0.00278747761933329,NA,NA,NA,"skew-t",9,50,"yes","yes",TRUE,FALSE,FALSE,"ar2"
"brier",0.95,"threshold_quantile",0.95,79.75,67,117,0.989472055701235,0.99491328683963,0.0054412311383949,0.989472055701235,0.99491328683963,0.0054412311383949,NA,NA,NA,"skew-t",9,50,"yes","yes",TRUE,FALSE,FALSE,"ar2"
"brier",0.98,"threshold_quantile",0.98,88.5,67,117,0.975156526714948,0.984001923312377,0.00884539659742911,0.975156526714948,0.984001923312377,0.00884539659742911,NA,NA,NA,"skew-t",9,50,"yes","yes",TRUE,FALSE,FALSE,"ar2"
"brier",0.99,"threshold_quantile",0.99,94.75,67,117,0.95962988284462,0.963221141620626,0.0035912587760063,0.95962988284462,0.963221141620626,0.0035912587760063,NA,NA,NA,"skew-t",9,50,"yes","yes",TRUE,FALSE,FALSE,"ar2"
"brier",0.995,"threshold_quantile",0.995,100.52,67,117,0.965992006881173,0.973038205701226,0.00704619882005308,0.965992006881173,0.973038205701226,0.00704619882005308,NA,NA,NA,"skew-t",9,50,"yes","yes",TRUE,FALSE,FALSE,"ar2"
"quantile",0,"score_quantile",0,NA,67,117,NA,NA,NA,NA,NA,NA,NA,NA,NA,"skew-t",9,50,"yes","yes",TRUE,FALSE,FALSE,"ar2"
"quantile",0.1,"score_quantile",0.1,NA,67,117,NA,NA,NA,1.02229604229405,1.01927874328492,-0.00301729900913039,1.02229604229405,1.01927874328492,-0.00301729900913039,"skew-t",9,50,"yes","yes",TRUE,FALSE,FALSE,"ar2"
"quantile",0.2,"score_quantile",0.2,NA,67,117,NA,NA,NA,1.01394398806094,1.0185128407365,0.00456885267556517,1.01394398806094,1.0185128407365,0.00456885267556517,"skew-t",9,50,"yes","yes",TRUE,FALSE,FALSE,"ar2"
"quantile",0.3,"score_quantile",0.3,NA,67,117,NA,NA,NA,1.01312696877107,1.01747877806253,0.00435180929145895,1.01312696877107,1.01747877806253,0.00435180929145895,"skew-t",9,50,"yes","yes",TRUE,FALSE,FALSE,"ar2"
"quantile",0.4,"score_quantile",0.4,NA,67,117,NA,NA,NA,1.01054582579789,1.01377398940865,0.00322816361075406,1.01054582579789,1.01377398940865,0.00322816361075406,"skew-t",9,50,"yes","yes",TRUE,FALSE,FALSE,"ar2"
"quantile",0.5,"score_quantile",0.5,NA,67,117,NA,NA,NA,1.00771797724415,1.00978447412411,0.00206649687996152,1.00771797724415,1.00978447412411,0.00206649687996152,"skew-t",9,50,"yes","yes",TRUE,FALSE,FALSE,"ar2"
"quantile",0.6,"score_quantile",0.6,NA,67,117,NA,NA,NA,1.00519461456879,1.00624445504758,0.0010498404787902,1.00519461456879,1.00624445504758,0.0010498404787902,"skew-t",9,50,"yes","yes",TRUE,FALSE,FALSE,"ar2"
"quantile",0.7,"score_quantile",0.7,NA,67,117,NA,NA,NA,1.00298306055288,1.00335839862719,0.000375338074310338,1.00298306055288,1.00335839862719,0.000375338074310338,"skew-t",9,50,"yes","yes",TRUE,FALSE,FALSE,"ar2"
"quantile",0.8,"score_quantile",0.8,NA,67,117,NA,NA,NA,1.00138603808836,1.0015974941275,0.000211456039139524,1.00138603808836,1.0015974941275,0.000211456039139524,"skew-t",9,50,"yes","yes",TRUE,FALSE,FALSE,"ar2"
"quantile",0.9,"score_quantile",0.9,NA,67,117,NA,NA,NA,0.999499421420899,0.999308608666811,-0.000190812754088054,0.999499421420899,0.999308608666811,-0.000190812754088054,"skew-t",9,50,"yes","yes",TRUE,FALSE,FALSE,"ar2"
"quantile",0.95,"score_quantile",0.95,NA,67,117,NA,NA,NA,0.996819261958348,0.996986382325962,0.000167120367614348,0.996819261958348,0.996986382325962,0.000167120367614348,"skew-t",9,50,"yes","yes",TRUE,FALSE,FALSE,"ar2"
"quantile",0.98,"score_quantile",0.98,NA,67,117,NA,NA,NA,0.988025363180897,0.990487903717314,0.00246254053641681,0.988025363180897,0.990487903717314,0.00246254053641681,"skew-t",9,50,"yes","yes",TRUE,FALSE,FALSE,"ar2"
"quantile",0.99,"score_quantile",0.99,NA,67,117,NA,NA,NA,0.973176996561271,0.978160052668765,0.0049830561074945,0.973176996561271,0.978160052668765,0.0049830561074945,"skew-t",9,50,"yes","yes",TRUE,FALSE,FALSE,"ar2"
"quantile",0.995,"score_quantile",0.995,NA,67,117,NA,NA,NA,0.943780050828898,0.949796365106597,0.00601631427769944,0.943780050828898,0.949796365106597,0.00601631427769944,"skew-t",9,50,"yes","yes",TRUE,FALSE,FALSE,"ar2"
"brier",0,"threshold_quantile",0,2,68,118,1.84894166243131,3.67239138049984,1.82344971806853,1.84894166243131,3.67239138049984,1.82344971806853,NA,NA,NA,"t",9,75,"yes","yes",TRUE,FALSE,FALSE,"ar2"
"brier",0.1,"threshold_quantile",0.1,28.875,68,118,1.87976297278505,2.04209421826227,0.162331245477215,1.87976297278505,2.04209421826227,0.162331245477215,NA,NA,NA,"t",9,75,"yes","yes",TRUE,FALSE,FALSE,"ar2"
"brier",0.2,"threshold_quantile",0.2,36,68,118,1.81700531794873,1.94953623697826,0.132530919029534,1.81700531794873,1.94953623697826,0.132530919029534,NA,NA,NA,"t",9,75,"yes","yes",TRUE,FALSE,FALSE,"ar2"
"brier",0.3,"threshold_quantile",0.3,41.625,68,118,1.79400307385392,1.89800696438858,0.104003890534663,1.79400307385392,1.89800696438858,0.104003890534663,NA,NA,NA,"t",9,75,"yes","yes",TRUE,FALSE,FALSE,"ar2"
"brier",0.4,"threshold_quantile",0.4,46.5,68,118,1.74786292907154,1.82398717108427,0.0761242420127268,1.74786292907154,1.82398717108427,0.0761242420127268,NA,NA,NA,"t",9,75,"yes","yes",TRUE,FALSE,FALSE,"ar2"
"brier",0.5,"threshold_quantile",0.5,50.875,68,118,1.64283454286682,1.6999554029102,0.0571208600433859,1.64283454286682,1.6999554029102,0.0571208600433859,NA,NA,NA,"t",9,75,"yes","yes",TRUE,FALSE,FALSE,"ar2"
"brier",0.6,"threshold_quantile",0.6,55.429,68,118,1.52920295157753,1.55963963582097,0.0304366842434451,1.52920295157753,1.55963963582097,0.0304366842434451,NA,NA,NA,"t",9,75,"yes","yes",TRUE,FALSE,FALSE,"ar2"
"brier",0.7,"threshold_quantile",0.7,60.125,68,118,1.40059268642205,1.40683169397197,0.00623900754991702,1.40059268642205,1.40683169397197,0.00623900754991702,NA,NA,NA,"t",9,75,"yes","yes",TRUE,FALSE,FALSE,"ar2"
"brier",0.8,"threshold_quantile",0.8,65.5,68,118,1.2299021005277,1.22840843583848,-0.00149366468922119,1.2299021005277,1.22840843583848,-0.00149366468922119,NA,NA,NA,"t",9,75,"yes","yes",TRUE,FALSE,FALSE,"ar2"
"brier",0.9,"threshold_quantile",0.9,73.25,68,118,1.08675385847764,1.08578524006523,-0.000968618412406919,1.08675385847764,1.08578524006523,-0.000968618412406919,NA,NA,NA,"t",9,75,"yes","yes",TRUE,FALSE,FALSE,"ar2"
"brier",0.95,"threshold_quantile",0.95,79.75,68,118,1.0092217014775,1.01020260321945,0.000980901741955309,1.0092217014775,1.01020260321945,0.000980901741955309,NA,NA,NA,"t",9,75,"yes","yes",TRUE,FALSE,FALSE,"ar2"
"brier",0.98,"threshold_quantile",0.98,88.5,68,118,0.978005898447249,0.983811620412878,0.00580572196562879,0.978005898447249,0.983811620412878,0.00580572196562879,NA,NA,NA,"t",9,75,"yes","yes",TRUE,FALSE,FALSE,"ar2"
"brier",0.99,"threshold_quantile",0.99,94.75,68,118,0.946636327446131,0.951885743874313,0.00524941642818233,0.946636327446131,0.951885743874313,0.00524941642818233,NA,NA,NA,"t",9,75,"yes","yes",TRUE,FALSE,FALSE,"ar2"
"brier",0.995,"threshold_quantile",0.995,100.52,68,118,0.955641233668561,0.956725265120085,0.00108403145152336,0.955641233668561,0.956725265120085,0.00108403145152336,NA,NA,NA,"t",9,75,"yes","yes",TRUE,FALSE,FALSE,"ar2"
"quantile",0,"score_quantile",0,NA,68,118,NA,NA,NA,NA,NA,NA,NA,NA,NA,"t",9,75,"yes","yes",TRUE,FALSE,FALSE,"ar2"
"quantile",0.1,"score_quantile",0.1,NA,68,118,NA,NA,NA,1.11757777332733,1.14942135038516,0.0318435770578234,1.11757777332733,1.14942135038516,0.0318435770578234,"t",9,75,"yes","yes",TRUE,FALSE,FALSE,"ar2"
"quantile",0.2,"score_quantile",0.2,NA,68,118,NA,NA,NA,1.10350630996343,1.12764208447757,0.0241357745141495,1.10350630996343,1.12764208447757,0.0241357745141495,"t",9,75,"yes","yes",TRUE,FALSE,FALSE,"ar2"
"quantile",0.3,"score_quantile",0.3,NA,68,118,NA,NA,NA,1.0926009141225,1.1075223877459,0.0149214736234018,1.0926009141225,1.1075223877459,0.0149214736234018,"t",9,75,"yes","yes",TRUE,FALSE,FALSE,"ar2"
"quantile",0.4,"score_quantile",0.4,NA,68,118,NA,NA,NA,1.07944219309114,1.08851096957758,0.00906877648644788,1.07944219309114,1.08851096957758,0.00906877648644788,"t",9,75,"yes","yes",TRUE,FALSE,FALSE,"ar2"
"quantile",0.5,"score_quantile",0.5,NA,68,118,NA,NA,NA,1.06596524956489,1.07163871016369,0.00567346059880158,1.06596524956489,1.07163871016369,0.00567346059880158,"t",9,75,"yes","yes",TRUE,FALSE,FALSE,"ar2"
"quantile",0.6,"score_quantile",0.6,NA,68,118,NA,NA,NA,1.05285810410895,1.05701204458245,0.00415394047349715,1.05285810410895,1.05701204458245,0.00415394047349715,"t",9,75,"yes","yes",TRUE,FALSE,FALSE,"ar2"
"quantile",0.7,"score_quantile",0.7,NA,68,118,NA,NA,NA,1.04205333879249,1.04509361251408,0.00304027372159088,1.04205333879249,1.04509361251408,0.00304027372159088,"t",9,75,"yes","yes",TRUE,FALSE,FALSE,"ar2"
"quantile",0.8,"score_quantile",0.8,NA,68,118,NA,NA,NA,1.03331422981393,1.03527633853356,0.00196210871963087,1.03331422981393,1.03527633853356,0.00196210871963087,"t",9,75,"yes","yes",TRUE,FALSE,FALSE,"ar2"
"quantile",0.9,"score_quantile",0.9,NA,68,118,NA,NA,NA,1.02510795672406,1.02550210073425,0.000394144010189779,1.02510795672406,1.02550210073425,0.000394144010189779,"t",9,75,"yes","yes",TRUE,FALSE,FALSE,"ar2"
"quantile",0.95,"score_quantile",0.95,NA,68,118,NA,NA,NA,1.01696932837509,1.01642112893621,-0.000548199438874075,1.01696932837509,1.01642112893621,-0.000548199438874075,"t",9,75,"yes","yes",TRUE,FALSE,FALSE,"ar2"
"quantile",0.98,"score_quantile",0.98,NA,68,118,NA,NA,NA,1.00394128068268,1.00464979194461,0.0007085112619305,1.00394128068268,1.00464979194461,0.0007085112619305,"t",9,75,"yes","yes",TRUE,FALSE,FALSE,"ar2"
"quantile",0.99,"score_quantile",0.99,NA,68,118,NA,NA,NA,0.989361754383355,0.991187694154771,0.00182593977141565,0.989361754383355,0.991187694154771,0.00182593977141565,"t",9,75,"yes","yes",TRUE,FALSE,FALSE,"ar2"
"quantile",0.995,"score_quantile",0.995,NA,68,118,NA,NA,NA,0.959711668163306,0.962651494743441,0.00293982658013592,0.959711668163306,0.962651494743441,0.00293982658013592,"t",9,75,"yes","yes",TRUE,FALSE,FALSE,"ar2"
"brier",0,"threshold_quantile",0,2,69,119,0.905316194715815,0.970235818201032,0.0649196234852168,0.905316194715815,0.970235818201032,0.0649196234852168,NA,NA,NA,"skew-t",10,0,"yes","yes",TRUE,FALSE,FALSE,"ar2"
"brier",0.1,"threshold_quantile",0.1,28.875,69,119,0.964895116482312,0.964423043821953,-0.000472072660359646,0.964895116482312,0.964423043821953,-0.000472072660359646,NA,NA,NA,"skew-t",10,0,"yes","yes",TRUE,FALSE,FALSE,"ar2"
"brier",0.2,"threshold_quantile",0.2,36,69,119,0.963060713268185,0.963105331469174,4.46182009888885e-05,0.963060713268185,0.963105331469174,4.46182009888885e-05,NA,NA,NA,"skew-t",10,0,"yes","yes",TRUE,FALSE,FALSE,"ar2"
"brier",0.3,"threshold_quantile",0.3,41.625,69,119,0.96743132359289,0.969348776630307,0.00191745303741764,0.96743132359289,0.969348776630307,0.00191745303741764,NA,NA,NA,"skew-t",10,0,"yes","yes",TRUE,FALSE,FALSE,"ar2"
"brier",0.4,"threshold_quantile",0.4,46.5,69,119,0.973778892849692,0.974333332920983,0.000554440071290907,0.973778892849692,0.974333332920983,0.000554440071290907,NA,NA,NA,"skew-t",10,0,"yes","yes",TRUE,FALSE,FALSE,"ar2"
"brier",0.5,"threshold_quantile",0.5,50.875,69,119,0.98170445353918,0.985159344900506,0.00345489136132526,0.98170445353918,0.985159344900506,0.00345489136132526,NA,NA,NA,"skew-t",10,0,"yes","yes",TRUE,FALSE,FALSE,"ar2"
"brier",0.6,"threshold_quantile",0.6,55.429,69,119,0.989037425729998,0.990730900934887,0.00169347520488916,0.989037425729998,0.990730900934887,0.00169347520488916,NA,NA,NA,"skew-t",10,0,"yes","yes",TRUE,FALSE,FALSE,"ar2"
"brier",0.7,"threshold_quantile",0.7,60.125,69,119,0.987435421332842,0.989853624649424,0.00241820331658227,0.987435421332842,0.989853624649424,0.00241820331658227,NA,NA,NA,"skew-t",10,0,"yes","yes",TRUE,FALSE,FALSE,"ar2"
"brier",0.8,"threshold_quantile",0.8,65.5,69,119,0.993855992722483,0.995175418294741,0.00131942557225861,0.993855992722483,0.995175418294741,0.00131942557225861,NA,NA,NA,"skew-t",10,0,"yes","yes",TRUE,FALSE,FALSE,"ar2"
"brier",0.9,"threshold_quantile",0.9,73.25,69,119,0.995225333861176,0.995436970130494,0.000211636269317417,0.995225333861176,0.995436970130494,0.000211636269317417,NA,NA,NA,"skew-t",10,0,"yes","yes",TRUE,FALSE,FALSE,"ar2"
"brier",0.95,"threshold_quantile",0.95,79.75,69,119,0.995854024670964,0.995287581372335,-0.000566443298629205,0.995854024670964,0.995287581372335,-0.000566443298629205,NA,NA,NA,"skew-t",10,0,"yes","yes",TRUE,FALSE,FALSE,"ar2"
"brier",0.98,"threshold_quantile",0.98,88.5,69,119,0.989438442130483,0.987194967566347,-0.00224347456413609,0.989438442130483,0.987194967566347,-0.00224347456413609,NA,NA,NA,"skew-t",10,0,"yes","yes",TRUE,FALSE,FALSE,"ar2"
"brier",0.99,"threshold_quantile",0.99,94.75,69,119,0.964787181493438,0.961746181298333,-0.003041000195105,0.964787181493438,0.961746181298333,-0.003041000195105,NA,NA,NA,"skew-t",10,0,"yes","yes",TRUE,FALSE,FALSE,"ar2"
"brier",0.995,"threshold_quantile",0.995,100.52,69,119,0.969365188419647,0.97430268220194,0.00493749378229325,0.969365188419647,0.97430268220194,0.00493749378229325,NA,NA,NA,"skew-t",10,0,"yes","yes",TRUE,FALSE,FALSE,"ar2"
"quantile",0,"score_quantile",0,NA,69,119,NA,NA,NA,NA,NA,NA,NA,NA,NA,"skew-t",10,0,"yes","yes",TRUE,FALSE,FALSE,"ar2"
"quantile",0.1,"score_quantile",0.1,NA,69,119,NA,NA,NA,0.993178445413211,0.99375583219154,0.000577386778329303,0.993178445413211,0.99375583219154,0.000577386778329303,"skew-t",10,0,"yes","yes",TRUE,FALSE,FALSE,"ar2"
"quantile",0.2,"score_quantile",0.2,NA,69,119,NA,NA,NA,0.996534263085286,0.996624126708229,8.98636229430538e-05,0.996534263085286,0.996624126708229,8.98636229430538e-05,"skew-t",10,0,"yes","yes",TRUE,FALSE,FALSE,"ar2"
"quantile",0.3,"score_quantile",0.3,NA,69,119,NA,NA,NA,0.998166190368525,0.998499262259387,0.000333071890861847,0.998166190368525,0.998499262259387,0.000333071890861847,"skew-t",10,0,"yes","yes",TRUE,FALSE,FALSE,"ar2"
"quantile",0.4,"score_quantile",0.4,NA,69,119,NA,NA,NA,0.998857594349606,0.999203530273236,0.000345935923630081,0.998857594349606,0.999203530273236,0.000345935923630081,"skew-t",10,0,"yes","yes",TRUE,FALSE,FALSE,"ar2"
"quantile",0.5,"score_quantile",0.5,NA,69,119,NA,NA,NA,0.998936789527223,0.999097832185768,0.000161042658544219,0.998936789527223,0.999097832185768,0.000161042658544219,"skew-t",10,0,"yes","yes",TRUE,FALSE,FALSE,"ar2"
"quantile",0.6,"score_quantile",0.6,NA,69,119,NA,NA,NA,0.999341113040413,0.999216462544402,-0.000124650496010847,0.999341113040413,0.999216462544402,-0.000124650496010847,"skew-t",10,0,"yes","yes",TRUE,FALSE,FALSE,"ar2"
"quantile",0.7,"score_quantile",0.7,NA,69,119,NA,NA,NA,0.999508503206996,0.999287461468259,-0.000221041738737715,0.999508503206996,0.999287461468259,-0.000221041738737715,"skew-t",10,0,"yes","yes",TRUE,FALSE,FALSE,"ar2"
"quantile",0.8,"score_quantile",0.8,NA,69,119,NA,NA,NA,1.00000894885215,0.999695778604273,-0.000313170247880912,1.00000894885215,0.999695778604273,-0.000313170247880912,"skew-t",10,0,"yes","yes",TRUE,FALSE,FALSE,"ar2"
"quantile",0.9,"score_quantile",0.9,NA,69,119,NA,NA,NA,1.00006309885232,0.998562938422052,-0.00150016043026491,1.00006309885232,0.998562938422052,-0.00150016043026491,"skew-t",10,0,"yes","yes",TRUE,FALSE,FALSE,"ar2"
"quantile",0.95,"score_quantile",0.95,NA,69,119,NA,NA,NA,0.998565843445646,0.995718143734619,-0.0028476997110265,0.998565843445646,0.995718143734619,-0.0028476997110265,"skew-t",10,0,"yes","yes",TRUE,FALSE,FALSE,"ar2"
"quantile",0.98,"score_quantile",0.98,NA,69,119,NA,NA,NA,0.991415297066906,0.98613822609525,-0.00527707097165575,0.991415297066906,0.98613822609525,-0.00527707097165575,"skew-t",10,0,"yes","yes",TRUE,FALSE,FALSE,"ar2"
"quantile",0.99,"score_quantile",0.99,NA,69,119,NA,NA,NA,0.981280827130556,0.973854226972028,-0.00742660015852836,0.981280827130556,0.973854226972028,-0.00742660015852836,"skew-t",10,0,"yes","yes",TRUE,FALSE,FALSE,"ar2"
"quantile",0.995,"score_quantile",0.995,NA,69,119,NA,NA,NA,0.961167147352818,0.951319010092609,-0.00984813726020828,0.961167147352818,0.951319010092609,-0.00984813726020828,"skew-t",10,0,"yes","yes",TRUE,FALSE,FALSE,"ar2"
"brier",0,"threshold_quantile",0,2,70,120,5.40215371907236,6.99432814083632,1.59217442176396,5.40215371907236,6.99432814083632,1.59217442176396,NA,NA,NA,"skew-t",10,50,"yes","yes",TRUE,FALSE,FALSE,"ar2"
"brier",0.1,"threshold_quantile",0.1,28.875,70,120,1.6362406400685,1.73797489517959,0.101734255111092,1.6362406400685,1.73797489517959,0.101734255111092,NA,NA,NA,"skew-t",10,50,"yes","yes",TRUE,FALSE,FALSE,"ar2"
"brier",0.2,"threshold_quantile",0.2,36,70,120,1.33961069728943,1.39518290859108,0.0555722113016486,1.33961069728943,1.39518290859108,0.0555722113016486,NA,NA,NA,"skew-t",10,50,"yes","yes",TRUE,FALSE,FALSE,"ar2"
"brier",0.3,"threshold_quantile",0.3,41.625,70,120,1.16939664144935,1.19625887552619,0.0268622340768374,1.16939664144935,1.19625887552619,0.0268622340768374,NA,NA,NA,"skew-t",10,50,"yes","yes",TRUE,FALSE,FALSE,"ar2"
"brier",0.4,"threshold_quantile",0.4,46.5,70,120,1.06247400112412,1.07264175147997,0.010167750355851,1.06247400112412,1.07264175147997,0.010167750355851,NA,NA,NA,"skew-t",10,50,"yes","yes",TRUE,FALSE,FALSE,"ar2"
"brier",0.5,"threshold_quantile",0.5,50.875,70,120,1.00958650403828,1.01107647344563,0.0014899694073458,1.00958650403828,1.01107647344563,0.0014899694073458,NA,NA,NA,"skew-t",10,50,"yes","yes",TRUE,FALSE,FALSE,"ar2"
"brier",0.6,"threshold_quantile",0.6,55.429,70,120,0.998400975489784,0.998975358312778,0.000574382822993491,0.998400975489784,0.998975358312778,0.000574382822993491,NA,NA,NA,"skew-t",10,50,"yes","yes",TRUE,FALSE,FALSE,"ar2"
"brier",0.7,"threshold_quantile",0.7,60.125,70,120,0.992985175493476,0.992152206457545,-0.00083296903593022,0.992985175493476,0.992152206457545,-0.00083296903593022,NA,NA,NA,"skew-t",10,50,"yes","yes",TRUE,FALSE,FALSE,"ar2"
"brier",0.8,"threshold_quantile",0.8,65.5,70,120,0.993221217299324,0.992835932816519,-0.000385284482804615,0.993221217299324,0.992835932816519,-0.000385284482804615,NA,NA,NA,"skew-t",10,50,"yes","yes",TRUE,FALSE,FALSE,"ar2"
"brier",0.9,"threshold_quantile",0.9,73.25,70,120,1.00120366386976,0.998709926323975,-0.00249373754578275,1.00120366386976,0.998709926323975,-0.00249373754578275,NA,NA,NA,"skew-t",10,50,"yes","yes",TRUE,FALSE,FALSE,"ar2"
"brier",0.95,"threshold_quantile",0.95,79.75,70,120,0.994744644785011,0.988640940047673,-0.00610370473733779,0.994744644785011,0.988640940047673,-0.00610370473733779,NA,NA,NA,"skew-t",10,50,"yes","yes",TRUE,FALSE,FALSE,"ar2"
"brier",0.98,"threshold_quantile",0.98,88.5,70,120,0.976390020386881,0.982401735468587,0.00601171508170628,0.976390020386881,0.982401735468587,0.00601171508170628,NA,NA,NA,"skew-t",10,50,"yes","yes",TRUE,FALSE,FALSE,"ar2"
"brier",0.99,"threshold_quantile",0.99,94.75,70,120,0.957772257609767,0.966494914345665,0.00872265673589834,0.957772257609767,0.966494914345665,0.00872265673589834,NA,NA,NA,"skew-t",10,50,"yes","yes",TRUE,FALSE,FALSE,"ar2"
"brier",0.995,"threshold_quantile",0.995,100.52,70,120,0.974450251748484,0.971251663896566,-0.00319858785191818,0.974450251748484,0.971251663896566,-0.00319858785191818,NA,NA,NA,"skew-t",10,50,"yes","yes",TRUE,FALSE,FALSE,"ar2"
"quantile",0,"score_quantile",0,NA,70,120,NA,NA,NA,NA,NA,NA,NA,NA,NA,"skew-t",10,50,"yes","yes",TRUE,FALSE,FALSE,"ar2"
"quantile",0.1,"score_quantile",0.1,NA,70,120,NA,NA,NA,1.01704346699318,1.01795338222887,0.000909915235695502,1.01704346699318,1.01795338222887,0.000909915235695502,"skew-t",10,50,"yes","yes",TRUE,FALSE,FALSE,"ar2"
"quantile",0.2,"score_quantile",0.2,NA,70,120,NA,NA,NA,1.01402362466934,1.01694221751801,0.00291859284867835,1.01402362466934,1.01694221751801,0.00291859284867835,"skew-t",10,50,"yes","yes",TRUE,FALSE,FALSE,"ar2"
"quantile",0.3,"score_quantile",0.3,NA,70,120,NA,NA,NA,1.01411518708631,1.01728030072914,0.00316511364283123,1.01411518708631,1.01728030072914,0.00316511364283123,"skew-t",10,50,"yes","yes",TRUE,FALSE,FALSE,"ar2"
"quantile",0.4,"score_quantile",0.4,NA,70,120,NA,NA,NA,1.01159604662013,1.01403311126204,0.00243706464190829,1.01159604662013,1.01403311126204,0.00243706464190829,"skew-t",10,50,"yes","yes",TRUE,FALSE,FALSE,"ar2"
"quantile",0.5,"score_quantile",0.5,NA,70,120,NA,NA,NA,1.00841171095862,1.01008981338373,0.00167810242510757,1.00841171095862,1.01008981338373,0.00167810242510757,"skew-t",10,50,"yes","yes",TRUE,FALSE,FALSE,"ar2"
"quantile",0.6,"score_quantile",0.6,NA,70,120,NA,NA,NA,1.00562613312386,1.00647894432063,0.000852811196770276,1.00562613312386,1.00647894432063,0.000852811196770276,"skew-t",10,50,"yes","yes",TRUE,FALSE,FALSE,"ar2"
"quantile",0.7,"score_quantile",0.7,NA,70,120,NA,NA,NA,1.0032687607073,1.0034524977311,0.000183737023795816,1.0032687607073,1.0034524977311,0.000183737023795816,"skew-t",10,50,"yes","yes",TRUE,FALSE,FALSE,"ar2"
"quantile",0.8,"score_quantile",0.8,NA,70,120,NA,NA,NA,1.00185592359719,1.00135449352775,-0.000501430069438591,1.00185592359719,1.00135449352775,-0.000501430069438591,"skew-t",10,50,"yes","yes",TRUE,FALSE,FALSE,"ar2"
"quantile",0.9,"score_quantile",0.9,NA,70,120,NA,NA,NA,1.00032302098708,0.999626861312125,-0.000696159674958508,1.00032302098708,0.999626861312125,-0.000696159674958508,"skew-t",10,50,"yes","yes",TRUE,FALSE,FALSE,"ar2"
"quantile",0.95,"score_quantile",0.95,NA,70,120,NA,NA,NA,0.998598867418546,0.99771574070736,-0.000883126711185622,0.998598867418546,0.99771574070736,-0.000883126711185622,"skew-t",10,50,"yes","yes",TRUE,FALSE,FALSE,"ar2"
"quantile",0.98,"score_quantile",0.98,NA,70,120,NA,NA,NA,0.991656089956016,0.989877414714298,-0.00177867524171815,0.991656089956016,0.989877414714298,-0.00177867524171815,"skew-t",10,50,"yes","yes",TRUE,FALSE,FALSE,"ar2"
"quantile",0.99,"score_quantile",0.99,NA,70,120,NA,NA,NA,0.978973106231519,0.976517639051673,-0.00245546717984546,0.978973106231519,0.976517639051673,-0.00245546717984546,"skew-t",10,50,"yes","yes",TRUE,FALSE,FALSE,"ar2"
"quantile",0.995,"score_quantile",0.995,NA,70,120,NA,NA,NA,0.950726221435571,0.950704616156518,-2.16052790533716e-05,0.950726221435571,0.950704616156518,-2.16052790533716e-05,"skew-t",10,50,"yes","yes",TRUE,FALSE,FALSE,"ar2"
"brier",0,"threshold_quantile",0,2,71,121,4.24532616863482,3.80861530280538,-0.43671086582944,4.24532616863482,3.80861530280538,-0.43671086582944,NA,NA,NA,"t",10,75,"yes","yes",TRUE,FALSE,FALSE,"ar2"
"brier",0.1,"threshold_quantile",0.1,28.875,71,121,1.92649741206785,2.05152012993874,0.125022717870889,1.92649741206785,2.05152012993874,0.125022717870889,NA,NA,NA,"t",10,75,"yes","yes",TRUE,FALSE,FALSE,"ar2"
"brier",0.2,"threshold_quantile",0.2,36,71,121,1.85117108278072,1.93870603540872,0.0875349526280016,1.85117108278072,1.93870603540872,0.0875349526280016,NA,NA,NA,"t",10,75,"yes","yes",TRUE,FALSE,FALSE,"ar2"
"brier",0.3,"threshold_quantile",0.3,41.625,71,121,1.8162472245009,1.86802615143548,0.0517789269345814,1.8162472245009,1.86802615143548,0.0517789269345814,NA,NA,NA,"t",10,75,"yes","yes",TRUE,FALSE,FALSE,"ar2"
"brier",0.4,"threshold_quantile",0.4,46.5,71,121,1.76565118798009,1.81164102899151,0.045989841011419,1.76565118798009,1.81164102899151,0.045989841011419,NA,NA,NA,"t",10,75,"yes","yes",TRUE,FALSE,FALSE,"ar2"
"brier",0.5,"threshold_quantile",0.5,50.875,71,121,1.66163902025901,1.6910852875366,0.0294462672775904,1.66163902025901,1.6910852875366,0.0294462672775904,NA,NA,NA,"t",10,75,"yes","yes",TRUE,FALSE,FALSE,"ar2"
"brier",0.6,"threshold_quantile",0.6,55.429,71,121,1.54005002441919,1.55937079399121,0.0193207695720239,1.54005002441919,1.55937079399121,0.0193207695720239,NA,NA,NA,"t",10,75,"yes","yes",TRUE,FALSE,FALSE,"ar2"
"brier",0.7,"threshold_quantile",0.7,60.125,71,121,1.40371290913567,1.41207040466567,0.00835749552999854,1.40371290913567,1.41207040466567,0.00835749552999854,NA,NA,NA,"t",10,75,"yes","yes",TRUE,FALSE,FALSE,"ar2"
"brier",0.8,"threshold_quantile",0.8,65.5,71,121,1.23027107425765,1.23044026700725,0.000169192749601921,1.23027107425765,1.23044026700725,0.000169192749601921,NA,NA,NA,"t",10,75,"yes","yes",TRUE,FALSE,FALSE,"ar2"
"brier",0.9,"threshold_quantile",0.9,73.25,71,121,1.0859286751595,1.0892053211863,0.00327664602679434,1.0859286751595,1.0892053211863,0.00327664602679434,NA,NA,NA,"t",10,75,"yes","yes",TRUE,FALSE,FALSE,"ar2"
"brier",0.95,"threshold_quantile",0.95,79.75,71,121,1.00971046381759,1.01250009441836,0.00278963060076953,1.00971046381759,1.01250009441836,0.00278963060076953,NA,NA,NA,"t",10,75,"yes","yes",TRUE,FALSE,FALSE,"ar2"
"brier",0.98,"threshold_quantile",0.98,88.5,71,121,0.986526636344179,0.986749659427257,0.000223023083077978,0.986526636344179,0.986749659427257,0.000223023083077978,NA,NA,NA,"t",10,75,"yes","yes",TRUE,FALSE,FALSE,"ar2"
"brier",0.99,"threshold_quantile",0.99,94.75,71,121,0.956700313075548,0.969591750653492,0.0128914375779449,0.956700313075548,0.969591750653492,0.0128914375779449,NA,NA,NA,"t",10,75,"yes","yes",TRUE,FALSE,FALSE,"ar2"
"brier",0.995,"threshold_quantile",0.995,100.52,71,121,0.960651475355352,0.974340556890079,0.0136890815347268,0.960651475355352,0.974340556890079,0.0136890815347268,NA,NA,NA,"t",10,75,"yes","yes",TRUE,FALSE,FALSE,"ar2"
"quantile",0,"score_quantile",0,NA,71,121,NA,NA,NA,NA,NA,NA,NA,NA,NA,"t",10,75,"yes","yes",TRUE,FALSE,FALSE,"ar2"
"quantile",0.1,"score_quantile",0.1,NA,71,121,NA,NA,NA,1.16715850220574,1.16164385171251,-0.00551465049323108,1.16715850220574,1.16164385171251,-0.00551465049323108,"t",10,75,"yes","yes",TRUE,FALSE,FALSE,"ar2"
"quantile",0.2,"score_quantile",0.2,NA,71,121,NA,NA,NA,1.12743577979274,1.12458021211054,-0.00285556768219397,1.12743577979274,1.12458021211054,-0.00285556768219397,"t",10,75,"yes","yes",TRUE,FALSE,FALSE,"ar2"
"quantile",0.3,"score_quantile",0.3,NA,71,121,NA,NA,NA,1.10752881203499,1.10160119050739,-0.00592762152759496,1.10752881203499,1.10160119050739,-0.00592762152759496,"t",10,75,"yes","yes",TRUE,FALSE,FALSE,"ar2"
"quantile",0.4,"score_quantile",0.4,NA,71,121,NA,NA,NA,1.09070513299914,1.08195201363872,-0.00875311936042222,1.09070513299914,1.08195201363872,-0.00875311936042222,"t",10,75,"yes","yes",TRUE,FALSE,FALSE,"ar2"
"quantile",0.5,"score_quantile",0.5,NA,71,121,NA,NA,NA,1.07463828761549,1.06600009889366,-0.00863818872182187,1.07463828761549,1.06600009889366,-0.00863818872182187,"t",10,75,"yes","yes",TRUE,FALSE,FALSE,"ar2"
"quantile",0.6,"score_quantile",0.6,NA,71,121,NA,NA,NA,1.05820366740231,1.05183263238339,-0.00637103501892278,1.05820366740231,1.05183263238339,-0.00637103501892278,"t",10,75,"yes","yes",TRUE,FALSE,FALSE,"ar2"
"quantile",0.7,"score_quantile",0.7,NA,71,121,NA,NA,NA,1.04376079261505,1.04119146635776,-0.00256932625728967,1.04376079261505,1.04119146635776,-0.00256932625728967,"t",10,75,"yes","yes",TRUE,FALSE,FALSE,"ar2"
"quantile",0.8,"score_quantile",0.8,NA,71,121,NA,NA,NA,1.03094772238936,1.03221119312221,0.00126347073285404,1.03094772238936,1.03221119312221,0.00126347073285404,"t",10,75,"yes","yes",TRUE,FALSE,FALSE,"ar2"
"quantile",0.9,"score_quantile",0.9,NA,71,121,NA,NA,NA,1.02170169569901,1.02235657570211,0.000654880003098324,1.02170169569901,1.02235657570211,0.000654880003098324,"t",10,75,"yes","yes",TRUE,FALSE,FALSE,"ar2"
"quantile",0.95,"score_quantile",0.95,NA,71,121,NA,NA,NA,1.01449501465734,1.01550047899288,0.00100546433554705,1.01449501465734,1.01550047899288,0.00100546433554705,"t",10,75,"yes","yes",TRUE,FALSE,FALSE,"ar2"
"quantile",0.98,"score_quantile",0.98,NA,71,121,NA,NA,NA,1.0025323626403,1.00537402372623,0.00284166108593187,1.0025323626403,1.00537402372623,0.00284166108593187,"t",10,75,"yes","yes",TRUE,FALSE,FALSE,"ar2"
"quantile",0.99,"score_quantile",0.99,NA,71,121,NA,NA,NA,0.986694374635537,0.991063394222254,0.00436901958671687,0.986694374635537,0.991063394222254,0.00436901958671687,"t",10,75,"yes","yes",TRUE,FALSE,FALSE,"ar2"
"quantile",0.995,"score_quantile",0.995,NA,71,121,NA,NA,NA,0.954739922896554,0.960317523776925,0.00557760088037118,0.954739922896554,0.960317523776925,0.00557760088037118,"t",10,75,"yes","yes",TRUE,FALSE,FALSE,"ar2"
"brier",0,"threshold_quantile",0,2,72,122,0.941286238811466,0.905635773419955,-0.0356504653915112,0.941286238811466,0.905635773419955,-0.0356504653915112,NA,NA,NA,"skew-t",15,0,"yes","yes",TRUE,FALSE,FALSE,"ar2"
"brier",0.1,"threshold_quantile",0.1,28.875,72,122,0.961005001761875,0.965235864725726,0.00423086296385078,0.961005001761875,0.965235864725726,0.00423086296385078,NA,NA,NA,"skew-t",15,0,"yes","yes",TRUE,FALSE,FALSE,"ar2"
"brier",0.2,"threshold_quantile",0.2,36,72,122,0.962814819936369,0.966415085823325,0.00360026588695606,0.962814819936369,0.966415085823325,0.00360026588695606,NA,NA,NA,"skew-t",15,0,"yes","yes",TRUE,FALSE,FALSE,"ar2"
"brier",0.3,"threshold_quantile",0.3,41.625,72,122,0.968706320949372,0.967339340317732,-0.00136698063163998,0.968706320949372,0.967339340317732,-0.00136698063163998,NA,NA,NA,"skew-t",15,0,"yes","yes",TRUE,FALSE,FALSE,"ar2"
"brier",0.4,"threshold_quantile",0.4,46.5,72,122,0.973362021007145,0.970811406073808,-0.00255061493333641,0.973362021007145,0.970811406073808,-0.00255061493333641,NA,NA,NA,"skew-t",15,0,"yes","yes",TRUE,FALSE,FALSE,"ar2"
"brier",0.5,"threshold_quantile",0.5,50.875,72,122,0.983008776754911,0.982746739368311,-0.000262037386600134,0.983008776754911,0.982746739368311,-0.000262037386600134,NA,NA,NA,"skew-t",15,0,"yes","yes",TRUE,FALSE,FALSE,"ar2"
"brier",0.6,"threshold_quantile",0.6,55.429,72,122,0.989980197401292,0.988882961033519,-0.0010972363677727,0.989980197401292,0.988882961033519,-0.0010972363677727,NA,NA,NA,"skew-t",15,0,"yes","yes",TRUE,FALSE,FALSE,"ar2"
"brier",0.7,"threshold_quantile",0.7,60.125,72,122,0.986644858979259,0.984907797079216,-0.00173706190004275,0.986644858979259,0.984907797079216,-0.00173706190004275,NA,NA,NA,"skew-t",15,0,"yes","yes",TRUE,FALSE,FALSE,"ar2"
"brier",0.8,"threshold_quantile",0.8,65.5,72,122,0.995048869265055,0.994969427425181,-7.94418398738506e-05,0.995048869265055,0.994969427425181,-7.94418398738506e-05,NA,NA,NA,"skew-t",15,0,"yes","yes",TRUE,FALSE,FALSE,"ar2"
"brier",0.9,"threshold_quantile",0.9,73.25,72,122,0.999110318874963,1.00257462731285,0.00346430843789092,0.999110318874963,1.00257462731285,0.00346430843789092,NA,NA,NA,"skew-t",15,0,"yes","yes",TRUE,FALSE,FALSE,"ar2"
"brier",0.95,"threshold_quantile",0.95,79.75,72,122,0.995007679106926,0.99711360740715,0.00210592830022449,0.995007679106926,0.99711360740715,0.00210592830022449,NA,NA,NA,"skew-t",15,0,"yes","yes",TRUE,FALSE,FALSE,"ar2"
"brier",0.98,"threshold_quantile",0.98,88.5,72,122,0.983638301802065,0.992713475693351,0.00907517389128631,0.983638301802065,0.992713475693351,0.00907517389128631,NA,NA,NA,"skew-t",15,0,"yes","yes",TRUE,FALSE,FALSE,"ar2"
"brier",0.99,"threshold_quantile",0.99,94.75,72,122,0.966625138615648,0.962636372475918,-0.0039887661397302,0.966625138615648,0.962636372475918,-0.0039887661397302,NA,NA,NA,"skew-t",15,0,"yes","yes",TRUE,FALSE,FALSE,"ar2"
"brier",0.995,"threshold_quantile",0.995,100.52,72,122,0.970941670840965,0.966205445116457,-0.00473622572450794,0.970941670840965,0.966205445116457,-0.00473622572450794,NA,NA,NA,"skew-t",15,0,"yes","yes",TRUE,FALSE,FALSE,"ar2"
"quantile",0,"score_quantile",0,NA,72,122,NA,NA,NA,Inf,NA,NA,Inf,NA,NA,"skew-t",15,0,"yes","yes",TRUE,FALSE,FALSE,"ar2"
"quantile",0.1,"score_quantile",0.1,NA,72,122,NA,NA,NA,0.992671725308634,0.992692946885003,2.12215763684132e-05,0.992671725308634,0.992692946885003,2.12215763684132e-05,"skew-t",15,0,"yes","yes",TRUE,FALSE,FALSE,"ar2"
"quantile",0.2,"score_quantile",0.2,NA,72,122,NA,NA,NA,0.996060477891047,0.995896694368948,-0.000163783522099559,0.996060477891047,0.995896694368948,-0.000163783522099559,"skew-t",15,0,"yes","yes",TRUE,FALSE,FALSE,"ar2"
"quantile",0.3,"score_quantile",0.3,NA,72,122,NA,NA,NA,0.997871297296655,0.997695273408703,-0.000176023887952681,0.997871297296655,0.997695273408703,-0.000176023887952681,"skew-t",15,0,"yes","yes",TRUE,FALSE,FALSE,"ar2"
"quantile",0.4,"score_quantile",0.4,NA,72,122,NA,NA,NA,0.998674668984204,0.998415879844339,-0.000258789139864657,0.998674668984204,0.998415879844339,-0.000258789139864657,"skew-t",15,0,"yes","yes",TRUE,FALSE,FALSE,"ar2"
"quantile",0.5,"score_quantile",0.5,NA,72,122,NA,NA,NA,0.998883025665358,0.99877058099751,-0.000112444667848099,0.998883025665358,0.99877058099751,-0.000112444667848099,"skew-t",15,0,"yes","yes",TRUE,FALSE,FALSE,"ar2"
"quantile",0.6,"score_quantile",0.6,NA,72,122,NA,NA,NA,0.999350987472421,0.999425053251564,7.40657791424848e-05,0.999350987472421,0.999425053251564,7.40657791424848e-05,"skew-t",15,0,"yes","yes",TRUE,FALSE,FALSE,"ar2"
"quantile",0.7,"score_quantile",0.7,NA,72,122,NA,NA,NA,0.999583291415866,0.999735646663733,0.000152355247867053,0.999583291415866,0.999735646663733,0.000152355247867053,"skew-t",15,0,"yes","yes",TRUE,FALSE,FALSE,"ar2"
"quantile",0.8,"score_quantile",0.8,NA,72,122,NA,NA,NA,1.00037976920446,1.00025767426461,-0.000122094939847051,1.00037976920446,1.00025767426461,-0.000122094939847051,"skew-t",15,0,"yes","yes",TRUE,FALSE,FALSE,"ar2"
"quantile",0.9,"score_quantile",0.9,NA,72,122,NA,NA,NA,0.999701720594194,0.999867930560935,0.000166209966741104,0.999701720594194,0.999867930560935,0.000166209966741104,"skew-t",15,0,"yes","yes",TRUE,FALSE,FALSE,"ar2"
"quantile",0.95,"score_quantile",0.95,NA,72,122,NA,NA,NA,0.997667982220871,0.998117223486459,0.000449241265588096,0.997667982220871,0.998117223486459,0.000449241265588096,"skew-t",15,0,"yes","yes",TRUE,FALSE,FALSE,"ar2"
"quantile",0.98,"score_quantile",0.98,NA,72,122,NA,NA,NA,0.989662886278537,0.991877230274602,0.00221434399606524,0.989662886278537,0.991877230274602,0.00221434399606524,"skew-t",15,0,"yes","yes",TRUE,FALSE,FALSE,"ar2"
"quantile",0.99,"score_quantile",0.99,NA,72,122,NA,NA,NA,0.978485652887984,0.981138127244498,0.00265247435651439,0.978485652887984,0.981138127244498,0.00265247435651439,"skew-t",15,0,"yes","yes",TRUE,FALSE,FALSE,"ar2"
"quantile",0.995,"score_quantile",0.995,NA,72,122,NA,NA,NA,0.953130024420073,0.956279878085325,0.00314985366525189,0.953130024420073,0.956279878085325,0.00314985366525189,"skew-t",15,0,"yes","yes",TRUE,FALSE,FALSE,"ar2"
"brier",0,"threshold_quantile",0,2,73,123,2.95735694402387,3.77725956051447,0.819902616490606,2.95735694402387,3.77725956051447,0.819902616490606,NA,NA,NA,"skew-t",15,50,"yes","yes",TRUE,FALSE,FALSE,"ar2"
"brier",0.1,"threshold_quantile",0.1,28.875,73,123,1.68943792587613,1.71938944346208,0.0299515175859513,1.68943792587613,1.71938944346208,0.0299515175859513,NA,NA,NA,"skew-t",15,50,"yes","yes",TRUE,FALSE,FALSE,"ar2"
"brier",0.2,"threshold_quantile",0.2,36,73,123,1.38497490801144,1.39183559134837,0.00686068333693113,1.38497490801144,1.39183559134837,0.00686068333693113,NA,NA,NA,"skew-t",15,50,"yes","yes",TRUE,FALSE,FALSE,"ar2"
"brier",0.3,"threshold_quantile",0.3,41.625,73,123,1.18780067835711,1.19151339902477,0.00371272066766326,1.18780067835711,1.19151339902477,0.00371272066766326,NA,NA,NA,"skew-t",15,50,"yes","yes",TRUE,FALSE,FALSE,"ar2"
"brier",0.4,"threshold_quantile",0.4,46.5,73,123,1.07036105116055,1.07301311955208,0.00265206839153231,1.07036105116055,1.07301311955208,0.00265206839153231,NA,NA,NA,"skew-t",15,50,"yes","yes",TRUE,FALSE,FALSE,"ar2"
"brier",0.5,"threshold_quantile",0.5,50.875,73,123,1.0140001861946,1.01404242152624,4.22353316358315e-05,1.0140001861946,1.01404242152624,4.22353316358315e-05,NA,NA,NA,"skew-t",15,50,"yes","yes",TRUE,FALSE,FALSE,"ar2"
"brier",0.6,"threshold_quantile",0.6,55.429,73,123,1.00176526968194,1.00230667630636,0.000541406624421592,1.00176526968194,1.00230667630636,0.000541406624421592,NA,NA,NA,"skew-t",15,50,"yes","yes",TRUE,FALSE,FALSE,"ar2"
"brier",0.7,"threshold_quantile",0.7,60.125,73,123,0.992508770450787,0.993875186661516,0.00136641621072842,0.992508770450787,0.993875186661516,0.00136641621072842,NA,NA,NA,"skew-t",15,50,"yes","yes",TRUE,FALSE,FALSE,"ar2"
"brier",0.8,"threshold_quantile",0.8,65.5,73,123,0.995642562498892,0.994062207539216,-0.00158035495967546,0.995642562498892,0.994062207539216,-0.00158035495967546,NA,NA,NA,"skew-t",15,50,"yes","yes",TRUE,FALSE,FALSE,"ar2"
"brier",0.9,"threshold_quantile",0.9,73.25,73,123,1.00097016077881,1.00170667669387,0.000736515915053415,1.00097016077881,1.00170667669387,0.000736515915053415,NA,NA,NA,"skew-t",15,50,"yes","yes",TRUE,FALSE,FALSE,"ar2"
"brier",0.95,"threshold_quantile",0.95,79.75,73,123,0.992091996402703,0.995497147404797,0.00340515100209438,0.992091996402703,0.995497147404797,0.00340515100209438,NA,NA,NA,"skew-t",15,50,"yes","yes",TRUE,FALSE,FALSE,"ar2"
"brier",0.98,"threshold_quantile",0.98,88.5,73,123,0.979071505869337,0.982404576047781,0.00333307017844364,0.979071505869337,0.982404576047781,0.00333307017844364,NA,NA,NA,"skew-t",15,50,"yes","yes",TRUE,FALSE,FALSE,"ar2"
"brier",0.99,"threshold_quantile",0.99,94.75,73,123,0.968715185338123,0.96963868360303,0.000923498264907008,0.968715185338123,0.96963868360303,0.000923498264907008,NA,NA,NA,"skew-t",15,50,"yes","yes",TRUE,FALSE,FALSE,"ar2"
"brier",0.995,"threshold_quantile",0.995,100.52,73,123,0.971576527325241,0.975446294707841,0.00386976738260048,0.971576527325241,0.975446294707841,0.00386976738260048,NA,NA,NA,"skew-t",15,50,"yes","yes",TRUE,FALSE,FALSE,"ar2"
"quantile",0,"score_quantile",0,NA,73,123,NA,NA,NA,NA,NA,NA,NA,NA,NA,"skew-t",15,50,"yes","yes",TRUE,FALSE,FALSE,"ar2"
"quantile",0.1,"score_quantile",0.1,NA,73,123,NA,NA,NA,1.02896913570022,1.02569121247258,-0.00327792322763565,1.02896913570022,1.02569121247258,-0.00327792322763565,"skew-t",15,50,"yes","yes",TRUE,FALSE,FALSE,"ar2"
"quantile",0.2,"score_quantile",0.2,NA,73,123,NA,NA,NA,1.02618261265269,1.025200700159,-0.000981912493686066,1.02618261265269,1.025200700159,-0.000981912493686066,"skew-t",15,50,"yes","yes",TRUE,FALSE,FALSE,"ar2"
"quantile",0.3,"score_quantile",0.3,NA,73,123,NA,NA,NA,1.0223345707991,1.02255843054678,0.000223859747672916,1.0223345707991,1.02255843054678,0.000223859747672916,"skew-t",15,50,"yes","yes",TRUE,FALSE,FALSE,"ar2"
"quantile",0.4,"score_quantile",0.4,NA,73,123,NA,NA,NA,1.01664369474181,1.01728985800398,0.000646163262175925,1.01664369474181,1.01728985800398,0.000646163262175925,"skew-t",15,50,"yes","yes",TRUE,FALSE,FALSE,"ar2"
"quantile",0.5,"score_quantile",0.5,NA,73,123,NA,NA,NA,1.01146371132634,1.01194009685688,0.000476385530540524,1.01146371132634,1.01194009685688,0.000476385530540524,"skew-t",15,50,"yes","yes",TRUE,FALSE,FALSE,"ar2"
"quantile",0.6,"score_quantile",0.6,NA,73,123,NA,NA,NA,1.00755151997729,1.00742198972963,-0.000129530247659826,1.00755151997729,1.00742198972963,-0.000129530247659826,"skew-t",15,50,"yes","yes",TRUE,FALSE,FALSE,"ar2"
"quantile",0.7,"score_quantile",0.7,NA,73,123,NA,NA,NA,1.00416607013867,1.00369880565027,-0.000467264488405617,1.00416607013867,1.00369880565027,-0.000467264488405617,"skew-t",15,50,"yes","yes",TRUE,FALSE,FALSE,"ar2"
"quantile",0.8,"score_quantile",0.8,NA,73,123,NA,NA,NA,1.00209790844047,1.00128110114372,-0.000816807296750932,1.00209790844047,1.00128110114372,-0.000816807296750932,"skew-t",15,50,"yes","yes",TRUE,FALSE,FALSE,"ar2"
"quantile",0.9,"score_quantile",0.9,NA,73,123,NA,NA,NA,1.00008355676858,0.999346795238543,-0.000736761530038432,1.00008355676858,0.999346795238543,-0.000736761530038432,"skew-t",15,50,"yes","yes",TRUE,FALSE,FALSE,"ar2"
"quantile",0.95,"score_quantile",0.95,NA,73,123,NA,NA,NA,0.998602950662414,0.998389317193776,-0.000213633468638452,0.998602950662414,0.998389317193776,-0.000213633468638452,"skew-t",15,50,"yes","yes",TRUE,FALSE,FALSE,"ar2"
"quantile",0.98,"score_quantile",0.98,NA,73,123,NA,NA,NA,0.992238315878238,0.990624803046249,-0.00161351283198841,0.992238315878238,0.990624803046249,-0.00161351283198841,"skew-t",15,50,"yes","yes",TRUE,FALSE,FALSE,"ar2"
"quantile",0.99,"score_quantile",0.99,NA,73,123,NA,NA,NA,0.979077872310748,0.978609165323063,-0.000468706987684309,0.979077872310748,0.978609165323063,-0.000468706987684309,"skew-t",15,50,"yes","yes",TRUE,FALSE,FALSE,"ar2"
"quantile",0.995,"score_quantile",0.995,NA,73,123,NA,NA,NA,0.950485017346632,0.950489129189494,4.11184286208677e-06,0.950485017346632,0.950489129189494,4.11184286208677e-06,"skew-t",15,50,"yes","yes",TRUE,FALSE,FALSE,"ar2"
"brier",0,"threshold_quantile",0,2,74,124,3.10146940816855,6.86062722610283,3.75915781793428,3.10146940816855,6.86062722610283,3.75915781793428,NA,NA,NA,"t",15,75,"yes","yes",TRUE,FALSE,FALSE,"ar2"
"brier",0.1,"threshold_quantile",0.1,28.875,74,124,1.92123363637838,2.07933791399925,0.158104277620876,1.92123363637838,2.07933791399925,0.158104277620876,NA,NA,NA,"t",15,75,"yes","yes",TRUE,FALSE,FALSE,"ar2"
"brier",0.2,"threshold_quantile",0.2,36,74,124,1.83942239094191,1.98714525276781,0.147722861825903,1.83942239094191,1.98714525276781,0.147722861825903,NA,NA,NA,"t",15,75,"yes","yes",TRUE,FALSE,FALSE,"ar2"
"brier",0.3,"threshold_quantile",0.3,41.625,74,124,1.80311257793917,1.91105653804737,0.107943960108201,1.80311257793917,1.91105653804737,0.107943960108201,NA,NA,NA,"t",15,75,"yes","yes",TRUE,FALSE,FALSE,"ar2"
"brier",0.4,"threshold_quantile",0.4,46.5,74,124,1.75377782939342,1.81639982662132,0.0626219972278979,1.75377782939342,1.81639982662132,0.0626219972278979,NA,NA,NA,"t",15,75,"yes","yes",TRUE,FALSE,FALSE,"ar2"
"brier",0.5,"threshold_quantile",0.5,50.875,74,124,1.65176568222298,1.67880988169814,0.0270441994751622,1.65176568222298,1.67880988169814,0.0270441994751622,NA,NA,NA,"t",15,75,"yes","yes",TRUE,FALSE,FALSE,"ar2"
"brier",0.6,"threshold_quantile",0.6,55.429,74,124,1.54042708379941,1.53036546029624,-0.0100616235031752,1.54042708379941,1.53036546029624,-0.0100616235031752,NA,NA,NA,"t",15,75,"yes","yes",TRUE,FALSE,FALSE,"ar2"
"brier",0.7,"threshold_quantile",0.7,60.125,74,124,1.40985398245377,1.38821890296381,-0.0216350794899594,1.40985398245377,1.38821890296381,-0.0216350794899594,NA,NA,NA,"t",15,75,"yes","yes",TRUE,FALSE,FALSE,"ar2"
"brier",0.8,"threshold_quantile",0.8,65.5,74,124,1.23623306421285,1.21597132114505,-0.0202617430678007,1.23623306421285,1.21597132114505,-0.0202617430678007,NA,NA,NA,"t",15,75,"yes","yes",TRUE,FALSE,FALSE,"ar2"
"brier",0.9,"threshold_quantile",0.9,73.25,74,124,1.08761361777153,1.0851958908917,-0.002417726879822,1.08761361777153,1.0851958908917,-0.002417726879822,NA,NA,NA,"t",15,75,"yes","yes",TRUE,FALSE,FALSE,"ar2"
"brier",0.95,"threshold_quantile",0.95,79.75,74,124,1.01445512773207,1.00868911674072,-0.00576601099134444,1.01445512773207,1.00868911674072,-0.00576601099134444,NA,NA,NA,"t",15,75,"yes","yes",TRUE,FALSE,FALSE,"ar2"
"brier",0.98,"threshold_quantile",0.98,88.5,74,124,0.985623835194391,0.981765513202338,-0.00385832199205316,0.985623835194391,0.981765513202338,-0.00385832199205316,NA,NA,NA,"t",15,75,"yes","yes",TRUE,FALSE,FALSE,"ar2"
"brier",0.99,"threshold_quantile",0.99,94.75,74,124,0.954308810448414,0.950090860937821,-0.0042179495105924,0.954308810448414,0.950090860937821,-0.0042179495105924,NA,NA,NA,"t",15,75,"yes","yes",TRUE,FALSE,FALSE,"ar2"
"brier",0.995,"threshold_quantile",0.995,100.52,74,124,0.96693167892521,0.953374437154472,-0.0135572417707379,0.96693167892521,0.953374437154472,-0.0135572417707379,NA,NA,NA,"t",15,75,"yes","yes",TRUE,FALSE,FALSE,"ar2"
"quantile",0,"score_quantile",0,NA,74,124,NA,NA,NA,NA,NA,NA,NA,NA,NA,"t",15,75,"yes","yes",TRUE,FALSE,FALSE,"ar2"
"quantile",0.1,"score_quantile",0.1,NA,74,124,NA,NA,NA,1.15418198060949,1.19960829600228,0.0454263153927845,1.15418198060949,1.19960829600228,0.0454263153927845,"t",15,75,"yes","yes",TRUE,FALSE,FALSE,"ar2"
"quantile",0.2,"score_quantile",0.2,NA,74,124,NA,NA,NA,1.11595743845037,1.14873843022111,0.0327809917707425,1.11595743845037,1.14873843022111,0.0327809917707425,"t",15,75,"yes","yes",TRUE,FALSE,FALSE,"ar2"
"quantile",0.3,"score_quantile",0.3,NA,74,124,NA,NA,NA,1.099961616876,1.11947618638795,0.0195145695119465,1.099961616876,1.11947618638795,0.0195145695119465,"t",15,75,"yes","yes",TRUE,FALSE,FALSE,"ar2"
"quantile",0.4,"score_quantile",0.4,NA,74,124,NA,NA,NA,1.08572794296113,1.09613648296772,0.0104085400065832,1.08572794296113,1.09613648296772,0.0104085400065832,"t",15,75,"yes","yes",TRUE,FALSE,FALSE,"ar2"
"quantile",0.5,"score_quantile",0.5,NA,74,124,NA,NA,NA,1.07112370328993,1.07627537497202,0.00515167168209074,1.07112370328993,1.07627537497202,0.00515167168209074,"t",15,75,"yes","yes",TRUE,FALSE,FALSE,"ar2"
"quantile",0.6,"score_quantile",0.6,NA,74,124,NA,NA,NA,1.05653720456009,1.05963057166308,0.00309336710298491,1.05653720456009,1.05963057166308,0.00309336710298491,"t",15,75,"yes","yes",TRUE,FALSE,FALSE,"ar2"
"quantile",0.7,"score_quantile",0.7,NA,74,124,NA,NA,NA,1.0432498052598,1.0452575768423,0.00200777158249665,1.0432498052598,1.0452575768423,0.00200777158249665,"t",15,75,"yes","yes",TRUE,FALSE,FALSE,"ar2"
"quantile",0.8,"score_quantile",0.8,NA,74,124,NA,NA,NA,1.03232268111321,1.03444573199276,0.00212305087954445,1.03232268111321,1.03444573199276,0.00212305087954445,"t",15,75,"yes","yes",TRUE,FALSE,FALSE,"ar2"
"quantile",0.9,"score_quantile",0.9,NA,74,124,NA,NA,NA,1.02239495418472,1.02538835838912,0.00299340420439331,1.02239495418472,1.02538835838912,0.00299340420439331,"t",15,75,"yes","yes",TRUE,FALSE,FALSE,"ar2"
"quantile",0.95,"score_quantile",0.95,NA,74,124,NA,NA,NA,1.01582277072118,1.01614200593768,0.000319235216499569,1.01582277072118,1.01614200593768,0.000319235216499569,"t",15,75,"yes","yes",TRUE,FALSE,FALSE,"ar2"
"quantile",0.98,"score_quantile",0.98,NA,74,124,NA,NA,NA,1.00508649793418,1.00336393439419,-0.00172256353998335,1.00508649793418,1.00336393439419,-0.00172256353998335,"t",15,75,"yes","yes",TRUE,FALSE,FALSE,"ar2"
"quantile",0.99,"score_quantile",0.99,NA,74,124,NA,NA,NA,0.991241953864999,0.991377439198711,0.00013548533371166,0.991241953864999,0.991377439198711,0.00013548533371166,"t",15,75,"yes","yes",TRUE,FALSE,FALSE,"ar2"
"quantile",0.995,"score_quantile",0.995,NA,74,124,NA,NA,NA,0.961545155393959,0.963525831526926,0.00198067613296693,0.961545155393959,0.963525831526926,0.00198067613296693,"t",15,75,"yes","yes",TRUE,FALSE,FALSE,"ar2"
"brier",0,"threshold_quantile",0,2,51,201,0.9502556604184,0.983654345768184,0.0333986853497843,0.9502556604184,0.983654345768184,0.0333986853497843,NA,NA,NA,"skew-t",1,0,"yes","yes",FALSE,TRUE,FALSE,"mrts"
"brier",0.1,"threshold_quantile",0.1,28.875,51,201,0.998665667904159,0.99499996336709,-0.00366570453706916,0.998665667904159,0.99499996336709,-0.00366570453706916,NA,NA,NA,"skew-t",1,0,"yes","yes",FALSE,TRUE,FALSE,"mrts"
"brier",0.2,"threshold_quantile",0.2,36,51,201,0.995899229544041,0.994788476417972,-0.0011107531260689,0.995899229544041,0.994788476417972,-0.0011107531260689,NA,NA,NA,"skew-t",1,0,"yes","yes",FALSE,TRUE,FALSE,"mrts"
"brier",0.3,"threshold_quantile",0.3,41.625,51,201,0.997746420987681,0.996838878260336,-0.000907542727345167,0.997746420987681,0.996838878260336,-0.000907542727345167,NA,NA,NA,"skew-t",1,0,"yes","yes",FALSE,TRUE,FALSE,"mrts"
"brier",0.4,"threshold_quantile",0.4,46.5,51,201,0.997813987511294,0.998261817194172,0.000447829682877932,0.997813987511294,0.998261817194172,0.000447829682877932,NA,NA,NA,"skew-t",1,0,"yes","yes",FALSE,TRUE,FALSE,"mrts"
"brier",0.5,"threshold_quantile",0.5,50.875,51,201,0.997713531060978,0.997924900092693,0.000211369031714814,0.997713531060978,0.997924900092693,0.000211369031714814,NA,NA,NA,"skew-t",1,0,"yes","yes",FALSE,TRUE,FALSE,"mrts"
"brier",0.6,"threshold_quantile",0.6,55.429,51,201,0.997566070126713,0.997051777640489,-0.000514292486224588,0.997566070126713,0.997051777640489,-0.000514292486224588,NA,NA,NA,"skew-t",1,0,"yes","yes",FALSE,TRUE,FALSE,"mrts"
"brier",0.7,"threshold_quantile",0.7,60.125,51,201,0.996668920389628,0.995698628610269,-0.000970291779359145,0.996668920389628,0.995698628610269,-0.000970291779359145,NA,NA,NA,"skew-t",1,0,"yes","yes",FALSE,TRUE,FALSE,"mrts"
"brier",0.8,"threshold_quantile",0.8,65.5,51,201,0.993713890841293,0.992712858804823,-0.00100103203646984,0.993713890841293,0.992712858804823,-0.00100103203646984,NA,NA,NA,"skew-t",1,0,"yes","yes",FALSE,TRUE,FALSE,"mrts"
"brier",0.9,"threshold_quantile",0.9,73.25,51,201,0.992240779164545,0.992755676679183,0.000514897514637958,0.992240779164545,0.992755676679183,0.000514897514637958,NA,NA,NA,"skew-t",1,0,"yes","yes",FALSE,TRUE,FALSE,"mrts"
"brier",0.95,"threshold_quantile",0.95,79.75,51,201,0.996953281494973,0.996086556997984,-0.00086672449698888,0.996953281494973,0.996086556997984,-0.00086672449698888,NA,NA,NA,"skew-t",1,0,"yes","yes",FALSE,TRUE,FALSE,"mrts"
"brier",0.98,"threshold_quantile",0.98,88.5,51,201,0.995100854502497,0.993094113908507,-0.00200674059398953,0.995100854502497,0.993094113908507,-0.00200674059398953,NA,NA,NA,"skew-t",1,0,"yes","yes",FALSE,TRUE,FALSE,"mrts"
"brier",0.99,"threshold_quantile",0.99,94.75,51,201,0.988390361004159,0.986519042556907,-0.00187131844725252,0.988390361004159,0.986519042556907,-0.00187131844725252,NA,NA,NA,"skew-t",1,0,"yes","yes",FALSE,TRUE,FALSE,"mrts"
"brier",0.995,"threshold_quantile",0.995,100.52,51,201,0.992113960124778,0.990516641502197,-0.00159731862258194,0.992113960124778,0.990516641502197,-0.00159731862258194,NA,NA,NA,"skew-t",1,0,"yes","yes",FALSE,TRUE,FALSE,"mrts"
"quantile",0,"score_quantile",0,NA,51,201,NA,NA,NA,NA,Inf,NA,NA,Inf,NA,"skew-t",1,0,"yes","yes",FALSE,TRUE,FALSE,"mrts"
"quantile",0.1,"score_quantile",0.1,NA,51,201,NA,NA,NA,0.999611866863614,0.998015537809845,-0.00159632905376883,0.999611866863614,0.998015537809845,-0.00159632905376883,"skew-t",1,0,"yes","yes",FALSE,TRUE,FALSE,"mrts"
"quantile",0.2,"score_quantile",0.2,NA,51,201,NA,NA,NA,0.99951343197031,0.998785835526746,-0.00072759644356446,0.99951343197031,0.998785835526746,-0.00072759644356446,"skew-t",1,0,"yes","yes",FALSE,TRUE,FALSE,"mrts"
"quantile",0.3,"score_quantile",0.3,NA,51,201,NA,NA,NA,0.999620248710055,0.999268139256052,-0.000352109454002991,0.999620248710055,0.999268139256052,-0.000352109454002991,"skew-t",1,0,"yes","yes",FALSE,TRUE,FALSE,"mrts"
"quantile",0.4,"score_quantile",0.4,NA,51,201,NA,NA,NA,0.999772140298926,0.999400540400031,-0.000371599898894681,0.999772140298926,0.999400540400031,-0.000371599898894681,"skew-t",1,0,"yes","yes",FALSE,TRUE,FALSE,"mrts"
"quantile",0.5,"score_quantile",0.5,NA,51,201,NA,NA,NA,0.99976422972223,0.999391705106508,-0.000372524615721903,0.99976422972223,0.999391705106508,-0.000372524615721903,"skew-t",1,0,"yes","yes",FALSE,TRUE,FALSE,"mrts"
"quantile",0.6,"score_quantile",0.6,NA,51,201,NA,NA,NA,0.999976525940446,0.999643185002246,-0.000333340938200144,0.999976525940446,0.999643185002246,-0.000333340938200144,"skew-t",1,0,"yes","yes",FALSE,TRUE,FALSE,"mrts"
"quantile",0.7,"score_quantile",0.7,NA,51,201,NA,NA,NA,1.00004256780274,0.999749926815415,-0.000292640987329951,1.00004256780274,0.999749926815415,-0.000292640987329951,"skew-t",1,0,"yes","yes",FALSE,TRUE,FALSE,"mrts"
"quantile",0.8,"score_quantile",0.8,NA,51,201,NA,NA,NA,0.999838067572919,0.99944242496096,-0.000395642611959235,0.999838067572919,0.99944242496096,-0.000395642611959235,"skew-t",1,0,"yes","yes",FALSE,TRUE,FALSE,"mrts"
"quantile",0.9,"score_quantile",0.9,NA,51,201,NA,NA,NA,0.999398136655813,0.998274848854493,-0.00112328780132065,0.999398136655813,0.998274848854493,-0.00112328780132065,"skew-t",1,0,"yes","yes",FALSE,TRUE,FALSE,"mrts"
"quantile",0.95,"score_quantile",0.95,NA,51,201,NA,NA,NA,0.998449750187276,0.996919906960157,-0.00152984322711869,0.998449750187276,0.996919906960157,-0.00152984322711869,"skew-t",1,0,"yes","yes",FALSE,TRUE,FALSE,"mrts"
"quantile",0.98,"score_quantile",0.98,NA,51,201,NA,NA,NA,0.99552558052283,0.993503607454595,-0.00202197306823582,0.99552558052283,0.993503607454595,-0.00202197306823582,"skew-t",1,0,"yes","yes",FALSE,TRUE,FALSE,"mrts"
"quantile",0.99,"score_quantile",0.99,NA,51,201,NA,NA,NA,0.992097572391021,0.989529360361699,-0.00256821202932178,0.992097572391021,0.989529360361699,-0.00256821202932178,"skew-t",1,0,"yes","yes",FALSE,TRUE,FALSE,"mrts"
"quantile",0.995,"score_quantile",0.995,NA,51,201,NA,NA,NA,0.986475458116869,0.982569344628992,-0.00390611348787717,0.986475458116869,0.982569344628992,-0.00390611348787717,"skew-t",1,0,"yes","yes",FALSE,TRUE,FALSE,"mrts"
"brier",0,"threshold_quantile",0,2,52,202,5.87941982152948,7.06435611106216,1.18493628953268,5.87941982152948,7.06435611106216,1.18493628953268,NA,NA,NA,"skew-t",1,50,"yes","yes",FALSE,TRUE,FALSE,"mrts"
"brier",0.1,"threshold_quantile",0.1,28.875,52,202,1.69271209177935,1.60712727335137,-0.0855848184279835,1.69271209177935,1.60712727335137,-0.0855848184279835,NA,NA,NA,"skew-t",1,50,"yes","yes",FALSE,TRUE,FALSE,"mrts"
"brier",0.2,"threshold_quantile",0.2,36,52,202,1.38133004704119,1.3475911382877,-0.0337389087534896,1.38133004704119,1.3475911382877,-0.0337389087534896,NA,NA,NA,"skew-t",1,50,"yes","yes",FALSE,TRUE,FALSE,"mrts"
"brier",0.3,"threshold_quantile",0.3,41.625,52,202,1.20234751315586,1.18872408023886,-0.0136234329169944,1.20234751315586,1.18872408023886,-0.0136234329169944,NA,NA,NA,"skew-t",1,50,"yes","yes",FALSE,TRUE,FALSE,"mrts"
"brier",0.4,"threshold_quantile",0.4,46.5,52,202,1.08484271143181,1.07980999708868,-0.00503271434313013,1.08484271143181,1.07980999708868,-0.00503271434313013,NA,NA,NA,"skew-t",1,50,"yes","yes",FALSE,TRUE,FALSE,"mrts"
"brier",0.5,"threshold_quantile",0.5,50.875,52,202,1.02141901824232,1.01866571217549,-0.00275330606683455,1.02141901824232,1.01866571217549,-0.00275330606683455,NA,NA,NA,"skew-t",1,50,"yes","yes",FALSE,TRUE,FALSE,"mrts"
"brier",0.6,"threshold_quantile",0.6,55.429,52,202,1.00494113084247,1.00362581556594,-0.00131531527653594,1.00494113084247,1.00362581556594,-0.00131531527653594,NA,NA,NA,"skew-t",1,50,"yes","yes",FALSE,TRUE,FALSE,"mrts"
"brier",0.7,"threshold_quantile",0.7,60.125,52,202,1.00018497090302,1.00017087039691,-1.41005061091715e-05,1.00018497090302,1.00017087039691,-1.41005061091715e-05,NA,NA,NA,"skew-t",1,50,"yes","yes",FALSE,TRUE,FALSE,"mrts"
"brier",0.8,"threshold_quantile",0.8,65.5,52,202,1.00005428308294,0.999496305860311,-0.000557977222632178,1.00005428308294,0.999496305860311,-0.000557977222632178,NA,NA,NA,"skew-t",1,50,"yes","yes",FALSE,TRUE,FALSE,"mrts"
"brier",0.9,"threshold_quantile",0.9,73.25,52,202,0.998753062533839,0.998408699752702,-0.000344362781136587,0.998753062533839,0.998408699752702,-0.000344362781136587,NA,NA,NA,"skew-t",1,50,"yes","yes",FALSE,TRUE,FALSE,"mrts"
"brier",0.95,"threshold_quantile",0.95,79.75,52,202,0.998690250354236,0.997588414264157,-0.00110183609007819,0.998690250354236,0.997588414264157,-0.00110183609007819,NA,NA,NA,"skew-t",1,50,"yes","yes",FALSE,TRUE,FALSE,"mrts"
"brier",0.98,"threshold_quantile",0.98,88.5,52,202,0.984513379283401,0.984009195649459,-0.00050418363394189,0.984513379283401,0.984009195649459,-0.00050418363394189,NA,NA,NA,"skew-t",1,50,"yes","yes",FALSE,TRUE,FALSE,"mrts"
"brier",0.99,"threshold_quantile",0.99,94.75,52,202,0.968021210938559,0.968233233864956,0.000212022926396882,0.968021210938559,0.968233233864956,0.000212022926396882,NA,NA,NA,"skew-t",1,50,"yes","yes",FALSE,TRUE,FALSE,"mrts"
"brier",0.995,"threshold_quantile",0.995,100.52,52,202,0.97396189823549,0.973918100848279,-4.379738721072e-05,0.97396189823549,0.973918100848279,-4.379738721072e-05,NA,NA,NA,"skew-t",1,50,"yes","yes",FALSE,TRUE,FALSE,"mrts"
"quantile",0,"score_quantile",0,NA,52,202,NA,NA,NA,NA,NA,NA,NA,NA,NA,"skew-t",1,50,"yes","yes",FALSE,TRUE,FALSE,"mrts"
"quantile",0.1,"score_quantile",0.1,NA,52,202,NA,NA,NA,1.09505990090534,1.09347366169346,-0.00158623921187662,1.09505990090534,1.09347366169346,-0.00158623921187662,"skew-t",1,50,"yes","yes",FALSE,TRUE,FALSE,"mrts"
"quantile",0.2,"score_quantile",0.2,NA,52,202,NA,NA,NA,1.03781210506422,1.03595371773554,-0.00185838732868393,1.03781210506422,1.03595371773554,-0.00185838732868393,"skew-t",1,50,"yes","yes",FALSE,TRUE,FALSE,"mrts"
"quantile",0.3,"score_quantile",0.3,NA,52,202,NA,NA,NA,1.02044442298802,1.01798812020957,-0.00245630277845166,1.02044442298802,1.01798812020957,-0.00245630277845166,"skew-t",1,50,"yes","yes",FALSE,TRUE,FALSE,"mrts"
"quantile",0.4,"score_quantile",0.4,NA,52,202,NA,NA,NA,1.01201752310971,1.00808316636992,-0.00393435673978693,1.01201752310971,1.00808316636992,-0.00393435673978693,"skew-t",1,50,"yes","yes",FALSE,TRUE,FALSE,"mrts"
"quantile",0.5,"score_quantile",0.5,NA,52,202,NA,NA,NA,1.00723366085067,1.00341921603377,-0.00381444481690152,1.00723366085067,1.00341921603377,-0.00381444481690152,"skew-t",1,50,"yes","yes",FALSE,TRUE,FALSE,"mrts"
"quantile",0.6,"score_quantile",0.6,NA,52,202,NA,NA,NA,1.00392994242712,1.00080296782897,-0.0031269745981477,1.00392994242712,1.00080296782897,-0.0031269745981477,"skew-t",1,50,"yes","yes",FALSE,TRUE,FALSE,"mrts"
"quantile",0.7,"score_quantile",0.7,NA,52,202,NA,NA,NA,1.00233007333454,0.999933917720553,-0.00239615561398832,1.00233007333454,0.999933917720553,-0.00239615561398832,"skew-t",1,50,"yes","yes",FALSE,TRUE,FALSE,"mrts"
"quantile",0.8,"score_quantile",0.8,NA,52,202,NA,NA,NA,1.00121530627107,0.999862624991376,-0.00135268127969501,1.00121530627107,0.999862624991376,-0.00135268127969501,"skew-t",1,50,"yes","yes",FALSE,TRUE,FALSE,"mrts"
"quantile",0.9,"score_quantile",0.9,NA,52,202,NA,NA,NA,1.00121060384522,0.999936265248522,-0.00127433859669268,1.00121060384522,0.999936265248522,-0.00127433859669268,"skew-t",1,50,"yes","yes",FALSE,TRUE,FALSE,"mrts"
"quantile",0.95,"score_quantile",0.95,NA,52,202,NA,NA,NA,0.999734077181074,0.99833347534247,-0.00140060183860491,0.999734077181074,0.99833347534247,-0.00140060183860491,"skew-t",1,50,"yes","yes",FALSE,TRUE,FALSE,"mrts"
"quantile",0.98,"score_quantile",0.98,NA,52,202,NA,NA,NA,0.994834914504267,0.993626140249811,-0.00120877425445642,0.994834914504267,0.993626140249811,-0.00120877425445642,"skew-t",1,50,"yes","yes",FALSE,TRUE,FALSE,"mrts"
"quantile",0.99,"score_quantile",0.99,NA,52,202,NA,NA,NA,0.985213598430482,0.984176598695136,-0.00103699973534555,0.985213598430482,0.984176598695136,-0.00103699973534555,"skew-t",1,50,"yes","yes",FALSE,TRUE,FALSE,"mrts"
"quantile",0.995,"score_quantile",0.995,NA,52,202,NA,NA,NA,0.965726243764581,0.965211540528251,-0.000514703236329628,0.965726243764581,0.965211540528251,-0.000514703236329628,"skew-t",1,50,"yes","yes",FALSE,TRUE,FALSE,"mrts"
"brier",0,"threshold_quantile",0,2,53,203,11.2448329465787,7.51745433039949,-3.72737861617925,11.2448329465787,7.51745433039949,-3.72737861617925,NA,NA,NA,"t",1,75,"yes","yes",FALSE,TRUE,FALSE,"mrts"
"brier",0.1,"threshold_quantile",0.1,28.875,53,203,2.25477313163863,1.9605269127254,-0.294246218913228,2.25477313163863,1.9605269127254,-0.294246218913228,NA,NA,NA,"t",1,75,"yes","yes",FALSE,TRUE,FALSE,"mrts"
"brier",0.2,"threshold_quantile",0.2,36,53,203,2.0752296333924,1.89775843032421,-0.17747120306819,2.0752296333924,1.89775843032421,-0.17747120306819,NA,NA,NA,"t",1,75,"yes","yes",FALSE,TRUE,FALSE,"mrts"
"brier",0.3,"threshold_quantile",0.3,41.625,53,203,1.98955796901922,1.88480675598275,-0.104751213036467,1.98955796901922,1.88480675598275,-0.104751213036467,NA,NA,NA,"t",1,75,"yes","yes",FALSE,TRUE,FALSE,"mrts"
"brier",0.4,"threshold_quantile",0.4,46.5,53,203,1.89603102438931,1.84032356021585,-0.0557074641734678,1.89603102438931,1.84032356021585,-0.0557074641734678,NA,NA,NA,"t",1,75,"yes","yes",FALSE,TRUE,FALSE,"mrts"
"brier",0.5,"threshold_quantile",0.5,50.875,53,203,1.75370753430879,1.73172753624319,-0.0219799980655924,1.75370753430879,1.73172753624319,-0.0219799980655924,NA,NA,NA,"t",1,75,"yes","yes",FALSE,TRUE,FALSE,"mrts"
"brier",0.6,"threshold_quantile",0.6,55.429,53,203,1.60745188035974,1.59883166245817,-0.00862021790156842,1.60745188035974,1.59883166245817,-0.00862021790156842,NA,NA,NA,"t",1,75,"yes","yes",FALSE,TRUE,FALSE,"mrts"
"brier",0.7,"threshold_quantile",0.7,60.125,53,203,1.44929762541618,1.44696709053367,-0.002330534882514,1.44929762541618,1.44696709053367,-0.002330534882514,NA,NA,NA,"t",1,75,"yes","yes",FALSE,TRUE,FALSE,"mrts"
"brier",0.8,"threshold_quantile",0.8,65.5,53,203,1.25744936339198,1.25712763834524,-0.000321725046733334,1.25744936339198,1.25712763834524,-0.000321725046733334,NA,NA,NA,"t",1,75,"yes","yes",FALSE,TRUE,FALSE,"mrts"
"brier",0.9,"threshold_quantile",0.9,73.25,53,203,1.08682530880556,1.08835579506521,0.00153048625965102,1.08682530880556,1.08835579506521,0.00153048625965102,NA,NA,NA,"t",1,75,"yes","yes",FALSE,TRUE,FALSE,"mrts"
"brier",0.95,"threshold_quantile",0.95,79.75,53,203,1.01228039582623,1.01175621723004,-0.000524178596193137,1.01228039582623,1.01175621723004,-0.000524178596193137,NA,NA,NA,"t",1,75,"yes","yes",FALSE,TRUE,FALSE,"mrts"
"brier",0.98,"threshold_quantile",0.98,88.5,53,203,0.987383198471936,0.987976781984751,0.000593583512815465,0.987383198471936,0.987976781984751,0.000593583512815465,NA,NA,NA,"t",1,75,"yes","yes",FALSE,TRUE,FALSE,"mrts"
"brier",0.99,"threshold_quantile",0.99,94.75,53,203,0.959330478602021,0.959855088337757,0.000524609735735315,0.959330478602021,0.959855088337757,0.000524609735735315,NA,NA,NA,"t",1,75,"yes","yes",FALSE,TRUE,FALSE,"mrts"
"brier",0.995,"threshold_quantile",0.995,100.52,53,203,0.964194728236206,0.963808108210753,-0.000386620025453532,0.964194728236206,0.963808108210753,-0.000386620025453532,NA,NA,NA,"t",1,75,"yes","yes",FALSE,TRUE,FALSE,"mrts"
"quantile",0,"score_quantile",0,NA,53,203,NA,NA,NA,NA,NA,NA,NA,NA,NA,"t",1,75,"yes","yes",FALSE,TRUE,FALSE,"mrts"
"quantile",0.1,"score_quantile",0.1,NA,53,203,NA,NA,NA,1.32663269040317,1.26408683819933,-0.0625458522038329,1.32663269040317,1.26408683819933,-0.0625458522038329,"t",1,75,"yes","yes",FALSE,TRUE,FALSE,"mrts"
"quantile",0.2,"score_quantile",0.2,NA,53,203,NA,NA,NA,1.24195940149446,1.18616301139665,-0.0557963900978067,1.24195940149446,1.18616301139665,-0.0557963900978067,"t",1,75,"yes","yes",FALSE,TRUE,FALSE,"mrts"
"quantile",0.3,"score_quantile",0.3,NA,53,203,NA,NA,NA,1.19177480357234,1.14565336502828,-0.0461214385440614,1.19177480357234,1.14565336502828,-0.0461214385440614,"t",1,75,"yes","yes",FALSE,TRUE,FALSE,"mrts"
"quantile",0.4,"score_quantile",0.4,NA,53,203,NA,NA,NA,1.15659866018534,1.11847033646361,-0.0381283237217349,1.15659866018534,1.11847033646361,-0.0381283237217349,"t",1,75,"yes","yes",FALSE,TRUE,FALSE,"mrts"
"quantile",0.5,"score_quantile",0.5,NA,53,203,NA,NA,NA,1.12551958195696,1.09733836002412,-0.0281812219328343,1.12551958195696,1.09733836002412,-0.0281812219328343,"t",1,75,"yes","yes",FALSE,TRUE,FALSE,"mrts"
"quantile",0.6,"score_quantile",0.6,NA,53,203,NA,NA,NA,1.09548382489298,1.07763656187725,-0.0178472630157258,1.09548382489298,1.07763656187725,-0.0178472630157258,"t",1,75,"yes","yes",FALSE,TRUE,FALSE,"mrts"
"quantile",0.7,"score_quantile",0.7,NA,53,203,NA,NA,NA,1.0680173089653,1.05994994913232,-0.00806735983298101,1.0680173089653,1.05994994913232,-0.00806735983298101,"t",1,75,"yes","yes",FALSE,TRUE,FALSE,"mrts"
"quantile",0.8,"score_quantile",0.8,NA,53,203,NA,NA,NA,1.04251825369911,1.04129648329725,-0.00122177040186,1.04251825369911,1.04129648329725,-0.00122177040186,"t",1,75,"yes","yes",FALSE,TRUE,FALSE,"mrts"
"quantile",0.9,"score_quantile",0.9,NA,53,203,NA,NA,NA,1.02263754058349,1.02310241595228,0.000464875368791695,1.02263754058349,1.02310241595228,0.000464875368791695,"t",1,75,"yes","yes",FALSE,TRUE,FALSE,"mrts"
"quantile",0.95,"score_quantile",0.95,NA,53,203,NA,NA,NA,1.01434150152749,1.01395219375612,-0.000389307771374581,1.01434150152749,1.01395219375612,-0.000389307771374581,"t",1,75,"yes","yes",FALSE,TRUE,FALSE,"mrts"
"quantile",0.98,"score_quantile",0.98,NA,53,203,NA,NA,NA,1.00638735252479,1.00374797384073,-0.00263937868405972,1.00638735252479,1.00374797384073,-0.00263937868405972,"t",1,75,"yes","yes",FALSE,TRUE,FALSE,"mrts"
"quantile",0.99,"score_quantile",0.99,NA,53,203,NA,NA,NA,0.993934843121405,0.992531446094646,-0.00140339702675862,0.993934843121405,0.992531446094646,-0.00140339702675862,"t",1,75,"yes","yes",FALSE,TRUE,FALSE,"mrts"
"quantile",0.995,"score_quantile",0.995,NA,53,203,NA,NA,NA,0.962959892170864,0.962431328432459,-0.000528563738404486,0.962959892170864,0.962431328432459,-0.000528563738404486,"t",1,75,"yes","yes",FALSE,TRUE,FALSE,"mrts"
"brier",0,"threshold_quantile",0,2,51,204,0.9502556604184,0.968129839250419,0.0178741788320196,0.9502556604184,0.968129839250419,0.0178741788320196,NA,NA,NA,"skew-t",1,0,"yes","yes",FALSE,TRUE,FALSE,"mrts"
"brier",0.1,"threshold_quantile",0.1,28.875,51,204,0.998665667904159,0.986025905060037,-0.0126397628441226,0.998665667904159,0.986025905060037,-0.0126397628441226,NA,NA,NA,"skew-t",1,0,"yes","yes",FALSE,TRUE,FALSE,"mrts"
"brier",0.2,"threshold_quantile",0.2,36,51,204,0.995899229544041,0.988287812744085,-0.00761141679995614,0.995899229544041,0.988287812744085,-0.00761141679995614,NA,NA,NA,"skew-t",1,0,"yes","yes",FALSE,TRUE,FALSE,"mrts"
"brier",0.3,"threshold_quantile",0.3,41.625,51,204,0.997746420987681,0.992994017516056,-0.00475240347162531,0.997746420987681,0.992994017516056,-0.00475240347162531,NA,NA,NA,"skew-t",1,0,"yes","yes",FALSE,TRUE,FALSE,"mrts"
"brier",0.4,"threshold_quantile",0.4,46.5,51,204,0.997813987511294,0.995444131700297,-0.00236985581099736,0.997813987511294,0.995444131700297,-0.00236985581099736,NA,NA,NA,"skew-t",1,0,"yes","yes",FALSE,TRUE,FALSE,"mrts"
"brier",0.5,"threshold_quantile",0.5,50.875,51,204,0.997713531060978,0.995627608414588,-0.00208592264639074,0.997713531060978,0.995627608414588,-0.00208592264639074,NA,NA,NA,"skew-t",1,0,"yes","yes",FALSE,TRUE,FALSE,"mrts"
"brier",0.6,"threshold_quantile",0.6,55.429,51,204,0.997566070126713,0.995786841028557,-0.00177922909815598,0.997566070126713,0.995786841028557,-0.00177922909815598,NA,NA,NA,"skew-t",1,0,"yes","yes",FALSE,TRUE,FALSE,"mrts"
"brier",0.7,"threshold_quantile",0.7,60.125,51,204,0.996668920389628,0.99627248827154,-0.000396432118087375,0.996668920389628,0.99627248827154,-0.000396432118087375,NA,NA,NA,"skew-t",1,0,"yes","yes",FALSE,TRUE,FALSE,"mrts"
"brier",0.8,"threshold_quantile",0.8,65.5,51,204,0.993713890841293,0.991975578082154,-0.00173831275913827,0.993713890841293,0.991975578082154,-0.00173831275913827,NA,NA,NA,"skew-t",1,0,"yes","yes",FALSE,TRUE,FALSE,"mrts"
"brier",0.9,"threshold_quantile",0.9,73.25,51,204,0.992240779164545,0.99157015287026,-0.000670626294284271,0.992240779164545,0.99157015287026,-0.000670626294284271,NA,NA,NA,"skew-t",1,0,"yes","yes",FALSE,TRUE,FALSE,"mrts"
"brier",0.95,"threshold_quantile",0.95,79.75,51,204,0.996953281494973,0.993893710742411,-0.00305957075256269,0.996953281494973,0.993893710742411,-0.00305957075256269,NA,NA,NA,"skew-t",1,0,"yes","yes",FALSE,TRUE,FALSE,"mrts"
"brier",0.98,"threshold_quantile",0.98,88.5,51,204,0.995100854502497,0.992380166377022,-0.00272068812547444,0.995100854502497,0.992380166377022,-0.00272068812547444,NA,NA,NA,"skew-t",1,0,"yes","yes",FALSE,TRUE,FALSE,"mrts"
"brier",0.99,"threshold_quantile",0.99,94.75,51,204,0.988390361004159,0.984524302209249,-0.00386605879491031,0.988390361004159,0.984524302209249,-0.00386605879491031,NA,NA,NA,"skew-t",1,0,"yes","yes",FALSE,TRUE,FALSE,"mrts"
"brier",0.995,"threshold_quantile",0.995,100.52,51,204,0.992113960124778,0.990231826145136,-0.00188213397964199,0.992113960124778,0.990231826145136,-0.00188213397964199,NA,NA,NA,"skew-t",1,0,"yes","yes",FALSE,TRUE,FALSE,"mrts"
"quantile",0,"score_quantile",0,NA,51,204,NA,NA,NA,NA,NA,NA,NA,NA,NA,"skew-t",1,0,"yes","yes",FALSE,TRUE,FALSE,"mrts"
"quantile",0.1,"score_quantile",0.1,NA,51,204,NA,NA,NA,0.999611866863614,0.998374978883458,-0.0012368879801552,0.999611866863614,0.998374978883458,-0.0012368879801552,"skew-t",1,0,"yes","yes",FALSE,TRUE,FALSE,"mrts"
"quantile",0.2,"score_quantile",0.2,NA,51,204,NA,NA,NA,0.99951343197031,0.998827115865528,-0.000686316104782536,0.99951343197031,0.998827115865528,-0.000686316104782536,"skew-t",1,0,"yes","yes",FALSE,TRUE,FALSE,"mrts"
"quantile",0.3,"score_quantile",0.3,NA,51,204,NA,NA,NA,0.999620248710055,0.999000536201747,-0.000619712508307835,0.999620248710055,0.999000536201747,-0.000619712508307835,"skew-t",1,0,"yes","yes",FALSE,TRUE,FALSE,"mrts"
"quantile",0.4,"score_quantile",0.4,NA,51,204,NA,NA,NA,0.999772140298926,0.998797315367176,-0.000974824931750273,0.999772140298926,0.998797315367176,-0.000974824931750273,"skew-t",1,0,"yes","yes",FALSE,TRUE,FALSE,"mrts"
"quantile",0.5,"score_quantile",0.5,NA,51,204,NA,NA,NA,0.99976422972223,0.99876208580624,-0.00100214391599029,0.99976422972223,0.99876208580624,-0.00100214391599029,"skew-t",1,0,"yes","yes",FALSE,TRUE,FALSE,"mrts"
"quantile",0.6,"score_quantile",0.6,NA,51,204,NA,NA,NA,0.999976525940446,0.999040857315156,-0.00093566862528971,0.999976525940446,0.999040857315156,-0.00093566862528971,"skew-t",1,0,"yes","yes",FALSE,TRUE,FALSE,"mrts"
"quantile",0.7,"score_quantile",0.7,NA,51,204,NA,NA,NA,1.00004256780274,0.999287379138979,-0.000755188663766004,1.00004256780274,0.999287379138979,-0.000755188663766004,"skew-t",1,0,"yes","yes",FALSE,TRUE,FALSE,"mrts"
"quantile",0.8,"score_quantile",0.8,NA,51,204,NA,NA,NA,0.999838067572919,0.999229031906477,-0.000609035666442215,0.999838067572919,0.999229031906477,-0.000609035666442215,"skew-t",1,0,"yes","yes",FALSE,TRUE,FALSE,"mrts"
"quantile",0.9,"score_quantile",0.9,NA,51,204,NA,NA,NA,0.999398136655813,0.998641433693781,-0.000756702962032119,0.999398136655813,0.998641433693781,-0.000756702962032119,"skew-t",1,0,"yes","yes",FALSE,TRUE,FALSE,"mrts"
"quantile",0.95,"score_quantile",0.95,NA,51,204,NA,NA,NA,0.998449750187276,0.997171840866163,-0.00127790932111294,0.998449750187276,0.997171840866163,-0.00127790932111294,"skew-t",1,0,"yes","yes",FALSE,TRUE,FALSE,"mrts"
"quantile",0.98,"score_quantile",0.98,NA,51,204,NA,NA,NA,0.99552558052283,0.994413684000824,-0.00111189652200661,0.99552558052283,0.994413684000824,-0.00111189652200661,"skew-t",1,0,"yes","yes",FALSE,TRUE,FALSE,"mrts"
"quantile",0.99,"score_quantile",0.99,NA,51,204,NA,NA,NA,0.992097572391021,0.990728983181291,-0.0013685892097306,0.992097572391021,0.990728983181291,-0.0013685892097306,"skew-t",1,0,"yes","yes",FALSE,TRUE,FALSE,"mrts"
"quantile",0.995,"score_quantile",0.995,NA,51,204,NA,NA,NA,0.986475458116869,0.985974499484265,-0.000500958632604576,0.986475458116869,0.985974499484265,-0.000500958632604576,"skew-t",1,0,"yes","yes",FALSE,TRUE,FALSE,"mrts"
"brier",0,"threshold_quantile",0,2,52,205,5.87941982152948,10.4276571431565,4.54823732162698,5.87941982152948,10.4276571431565,4.54823732162698,NA,NA,NA,"skew-t",1,50,"yes","yes",FALSE,TRUE,FALSE,"mrts"
"brier",0.1,"threshold_quantile",0.1,28.875,52,205,1.69271209177935,1.59809205990847,-0.0946200318708794,1.69271209177935,1.59809205990847,-0.0946200318708794,NA,NA,NA,"skew-t",1,50,"yes","yes",FALSE,TRUE,FALSE,"mrts"
"brier",0.2,"threshold_quantile",0.2,36,52,205,1.38133004704119,1.3383182118353,-0.0430118352058839,1.38133004704119,1.3383182118353,-0.0430118352058839,NA,NA,NA,"skew-t",1,50,"yes","yes",FALSE,TRUE,FALSE,"mrts"
"brier",0.3,"threshold_quantile",0.3,41.625,52,205,1.20234751315586,1.18359832906026,-0.0187491840955945,1.20234751315586,1.18359832906026,-0.0187491840955945,NA,NA,NA,"skew-t",1,50,"yes","yes",FALSE,TRUE,FALSE,"mrts"
"brier",0.4,"threshold_quantile",0.4,46.5,52,205,1.08484271143181,1.0763435401727,-0.00849917125910915,1.08484271143181,1.0763435401727,-0.00849917125910915,NA,NA,NA,"skew-t",1,50,"yes","yes",FALSE,TRUE,FALSE,"mrts"
"brier",0.5,"threshold_quantile",0.5,50.875,52,205,1.02141901824232,1.01587053206322,-0.00554848617910064,1.02141901824232,1.01587053206322,-0.00554848617910064,NA,NA,NA,"skew-t",1,50,"yes","yes",FALSE,TRUE,FALSE,"mrts"
"brier",0.6,"threshold_quantile",0.6,55.429,52,205,1.00494113084247,1.00121127181442,-0.00372985902804901,1.00494113084247,1.00121127181442,-0.00372985902804901,NA,NA,NA,"skew-t",1,50,"yes","yes",FALSE,TRUE,FALSE,"mrts"
"brier",0.7,"threshold_quantile",0.7,60.125,52,205,1.00018497090302,0.998748894293809,-0.0014360766092113,1.00018497090302,0.998748894293809,-0.0014360766092113,NA,NA,NA,"skew-t",1,50,"yes","yes",FALSE,TRUE,FALSE,"mrts"
"brier",0.8,"threshold_quantile",0.8,65.5,52,205,1.00005428308294,0.998302500150457,-0.00175178293248546,1.00005428308294,0.998302500150457,-0.00175178293248546,NA,NA,NA,"skew-t",1,50,"yes","yes",FALSE,TRUE,FALSE,"mrts"
"brier",0.9,"threshold_quantile",0.9,73.25,52,205,0.998753062533839,0.9971527050321,-0.00160035750173881,0.998753062533839,0.9971527050321,-0.00160035750173881,NA,NA,NA,"skew-t",1,50,"yes","yes",FALSE,TRUE,FALSE,"mrts"
"brier",0.95,"threshold_quantile",0.95,79.75,52,205,0.998690250354236,0.995666550929652,-0.00302369942458403,0.998690250354236,0.995666550929652,-0.00302369942458403,NA,NA,NA,"skew-t",1,50,"yes","yes",FALSE,TRUE,FALSE,"mrts"
"brier",0.98,"threshold_quantile",0.98,88.5,52,205,0.984513379283401,0.981116063965101,-0.00339731531830034,0.984513379283401,0.981116063965101,-0.00339731531830034,NA,NA,NA,"skew-t",1,50,"yes","yes",FALSE,TRUE,FALSE,"mrts"
"brier",0.99,"threshold_quantile",0.99,94.75,52,205,0.968021210938559,0.965347446767295,-0.00267376417126353,0.968021210938559,0.965347446767295,-0.00267376417126353,NA,NA,NA,"skew-t",1,50,"yes","yes",FALSE,TRUE,FALSE,"mrts"
"brier",0.995,"threshold_quantile",0.995,100.52,52,205,0.97396189823549,0.971337576928577,-0.0026243213069127,0.97396189823549,0.971337576928577,-0.0026243213069127,NA,NA,NA,"skew-t",1,50,"yes","yes",FALSE,TRUE,FALSE,"mrts"
"quantile",0,"score_quantile",0,NA,52,205,NA,NA,NA,NA,NA,NA,NA,NA,NA,"skew-t",1,50,"yes","yes",FALSE,TRUE,FALSE,"mrts"
"quantile",0.1,"score_quantile",0.1,NA,52,205,NA,NA,NA,1.09505990090534,1.10492120930365,0.00986130839831345,1.09505990090534,1.10492120930365,0.00986130839831345,"skew-t",1,50,"yes","yes",FALSE,TRUE,FALSE,"mrts"
"quantile",0.2,"score_quantile",0.2,NA,52,205,NA,NA,NA,1.03781210506422,1.04807036544285,0.0102582603786285,1.03781210506422,1.04807036544285,0.0102582603786285,"skew-t",1,50,"yes","yes",FALSE,TRUE,FALSE,"mrts"
"quantile",0.3,"score_quantile",0.3,NA,52,205,NA,NA,NA,1.02044442298802,1.02672376622316,0.00627934323514445,1.02044442298802,1.02672376622316,0.00627934323514445,"skew-t",1,50,"yes","yes",FALSE,TRUE,FALSE,"mrts"
"quantile",0.4,"score_quantile",0.4,NA,52,205,NA,NA,NA,1.01201752310971,1.01485812854827,0.00284060543855991,1.01201752310971,1.01485812854827,0.00284060543855991,"skew-t",1,50,"yes","yes",FALSE,TRUE,FALSE,"mrts"
"quantile",0.5,"score_quantile",0.5,NA,52,205,NA,NA,NA,1.00723366085067,1.00783425244929,0.00060059159861936,1.00723366085067,1.00783425244929,0.00060059159861936,"skew-t",1,50,"yes","yes",FALSE,TRUE,FALSE,"mrts"
"quantile",0.6,"score_quantile",0.6,NA,52,205,NA,NA,NA,1.00392994242712,1.00308547893757,-0.000844463489547698,1.00392994242712,1.00308547893757,-0.000844463489547698,"skew-t",1,50,"yes","yes",FALSE,TRUE,FALSE,"mrts"
"quantile",0.7,"score_quantile",0.7,NA,52,205,NA,NA,NA,1.00233007333454,1.00072165399242,-0.00160841934211642,1.00233007333454,1.00072165399242,-0.00160841934211642,"skew-t",1,50,"yes","yes",FALSE,TRUE,FALSE,"mrts"
"quantile",0.8,"score_quantile",0.8,NA,52,205,NA,NA,NA,1.00121530627107,1.00013347544804,-0.00108183082303115,1.00121530627107,1.00013347544804,-0.00108183082303115,"skew-t",1,50,"yes","yes",FALSE,TRUE,FALSE,"mrts"
"quantile",0.9,"score_quantile",0.9,NA,52,205,NA,NA,NA,1.00121060384522,0.999849660828258,-0.00136094301695744,1.00121060384522,0.999849660828258,-0.00136094301695744,"skew-t",1,50,"yes","yes",FALSE,TRUE,FALSE,"mrts"
"quantile",0.95,"score_quantile",0.95,NA,52,205,NA,NA,NA,0.999734077181074,0.997845586720565,-0.00188849046050898,0.999734077181074,0.997845586720565,-0.00188849046050898,"skew-t",1,50,"yes","yes",FALSE,TRUE,FALSE,"mrts"
"quantile",0.98,"score_quantile",0.98,NA,52,205,NA,NA,NA,0.994834914504267,0.99282099486725,-0.00201391963701736,0.994834914504267,0.99282099486725,-0.00201391963701736,"skew-t",1,50,"yes","yes",FALSE,TRUE,FALSE,"mrts"
"quantile",0.99,"score_quantile",0.99,NA,52,205,NA,NA,NA,0.985213598430482,0.983772841088081,-0.00144075734240046,0.985213598430482,0.983772841088081,-0.00144075734240046,"skew-t",1,50,"yes","yes",FALSE,TRUE,FALSE,"mrts"
"quantile",0.995,"score_quantile",0.995,NA,52,205,NA,NA,NA,0.965726243764581,0.966125561567998,0.000399317803416954,0.965726243764581,0.966125561567998,0.000399317803416954,"skew-t",1,50,"yes","yes",FALSE,TRUE,FALSE,"mrts"
"brier",0,"threshold_quantile",0,2,53,206,11.2448329465787,18.6102699609812,7.36543701440246,11.2448329465787,18.6102699609812,7.36543701440246,NA,NA,NA,"t",1,75,"yes","yes",FALSE,TRUE,FALSE,"mrts"
"brier",0.1,"threshold_quantile",0.1,28.875,53,206,2.25477313163863,2.09911284326006,-0.155660288378567,2.25477313163863,2.09911284326006,-0.155660288378567,NA,NA,NA,"t",1,75,"yes","yes",FALSE,TRUE,FALSE,"mrts"
"brier",0.2,"threshold_quantile",0.2,36,53,206,2.0752296333924,1.95973840147077,-0.115491231921631,2.0752296333924,1.95973840147077,-0.115491231921631,NA,NA,NA,"t",1,75,"yes","yes",FALSE,TRUE,FALSE,"mrts"
"brier",0.3,"threshold_quantile",0.3,41.625,53,206,1.98955796901922,1.91093163890133,-0.0786263301178833,1.98955796901922,1.91093163890133,-0.0786263301178833,NA,NA,NA,"t",1,75,"yes","yes",FALSE,TRUE,FALSE,"mrts"
"brier",0.4,"threshold_quantile",0.4,46.5,53,206,1.89603102438931,1.84774005821508,-0.0482909661742292,1.89603102438931,1.84774005821508,-0.0482909661742292,NA,NA,NA,"t",1,75,"yes","yes",FALSE,TRUE,FALSE,"mrts"
"brier",0.5,"threshold_quantile",0.5,50.875,53,206,1.75370753430879,1.7257642254401,-0.02794330886869,1.75370753430879,1.7257642254401,-0.02794330886869,NA,NA,NA,"t",1,75,"yes","yes",FALSE,TRUE,FALSE,"mrts"
"brier",0.6,"threshold_quantile",0.6,55.429,53,206,1.60745188035974,1.58971075409589,-0.0177411262638512,1.60745188035974,1.58971075409589,-0.0177411262638512,NA,NA,NA,"t",1,75,"yes","yes",FALSE,TRUE,FALSE,"mrts"
"brier",0.7,"threshold_quantile",0.7,60.125,53,206,1.44929762541618,1.43877436023411,-0.0105232651820744,1.44929762541618,1.43877436023411,-0.0105232651820744,NA,NA,NA,"t",1,75,"yes","yes",FALSE,TRUE,FALSE,"mrts"
"brier",0.8,"threshold_quantile",0.8,65.5,53,206,1.25744936339198,1.24893427402365,-0.00851508936833256,1.25744936339198,1.24893427402365,-0.00851508936833256,NA,NA,NA,"t",1,75,"yes","yes",FALSE,TRUE,FALSE,"mrts"
"brier",0.9,"threshold_quantile",0.9,73.25,53,206,1.08682530880556,1.08650778610017,-0.000317522705382656,1.08682530880556,1.08650778610017,-0.000317522705382656,NA,NA,NA,"t",1,75,"yes","yes",FALSE,TRUE,FALSE,"mrts"
"brier",0.95,"threshold_quantile",0.95,79.75,53,206,1.01228039582623,1.01049578942598,-0.00178460640025668,1.01228039582623,1.01049578942598,-0.00178460640025668,NA,NA,NA,"t",1,75,"yes","yes",FALSE,TRUE,FALSE,"mrts"
"brier",0.98,"threshold_quantile",0.98,88.5,53,206,0.987383198471936,0.985946504609288,-0.00143669386264755,0.987383198471936,0.985946504609288,-0.00143669386264755,NA,NA,NA,"t",1,75,"yes","yes",FALSE,TRUE,FALSE,"mrts"
"brier",0.99,"threshold_quantile",0.99,94.75,53,206,0.959330478602021,0.955930030398797,-0.0034004482032246,0.959330478602021,0.955930030398797,-0.0034004482032246,NA,NA,NA,"t",1,75,"yes","yes",FALSE,TRUE,FALSE,"mrts"
"brier",0.995,"threshold_quantile",0.995,100.52,53,206,0.964194728236206,0.961955877122691,-0.00223885111351552,0.964194728236206,0.961955877122691,-0.00223885111351552,NA,NA,NA,"t",1,75,"yes","yes",FALSE,TRUE,FALSE,"mrts"
"quantile",0,"score_quantile",0,NA,53,206,NA,NA,NA,NA,NA,NA,NA,NA,NA,"t",1,75,"yes","yes",FALSE,TRUE,FALSE,"mrts"
"quantile",0.1,"score_quantile",0.1,NA,53,206,NA,NA,NA,1.32663269040317,1.31676540588074,-0.00986728452242347,1.32663269040317,1.31676540588074,-0.00986728452242347,"t",1,75,"yes","yes",FALSE,TRUE,FALSE,"mrts"
"quantile",0.2,"score_quantile",0.2,NA,53,206,NA,NA,NA,1.24195940149446,1.23249723989821,-0.00946216159625135,1.24195940149446,1.23249723989821,-0.00946216159625135,"t",1,75,"yes","yes",FALSE,TRUE,FALSE,"mrts"
"quantile",0.3,"score_quantile",0.3,NA,53,206,NA,NA,NA,1.19177480357234,1.18394302297154,-0.0078317806007957,1.19177480357234,1.18394302297154,-0.0078317806007957,"t",1,75,"yes","yes",FALSE,TRUE,FALSE,"mrts"
"quantile",0.4,"score_quantile",0.4,NA,53,206,NA,NA,NA,1.15659866018534,1.1479942608447,-0.00860439934064572,1.15659866018534,1.1479942608447,-0.00860439934064572,"t",1,75,"yes","yes",FALSE,TRUE,FALSE,"mrts"
"quantile",0.5,"score_quantile",0.5,NA,53,206,NA,NA,NA,1.12551958195696,1.11821837495071,-0.00730120700625192,1.12551958195696,1.11821837495071,-0.00730120700625192,"t",1,75,"yes","yes",FALSE,TRUE,FALSE,"mrts"
"quantile",0.6,"score_quantile",0.6,NA,53,206,NA,NA,NA,1.09548382489298,1.09015442470884,-0.00532940018413952,1.09548382489298,1.09015442470884,-0.00532940018413952,"t",1,75,"yes","yes",FALSE,TRUE,FALSE,"mrts"
"quantile",0.7,"score_quantile",0.7,NA,53,206,NA,NA,NA,1.0680173089653,1.06479604471542,-0.00322126424987368,1.0680173089653,1.06479604471542,-0.00322126424987368,"t",1,75,"yes","yes",FALSE,TRUE,FALSE,"mrts"
"quantile",0.8,"score_quantile",0.8,NA,53,206,NA,NA,NA,1.04251825369911,1.04142819227606,-0.00109006142304735,1.04251825369911,1.04142819227606,-0.00109006142304735,"t",1,75,"yes","yes",FALSE,TRUE,FALSE,"mrts"
"quantile",0.9,"score_quantile",0.9,NA,53,206,NA,NA,NA,1.02263754058349,1.01901271063755,-0.00362482994593405,1.02263754058349,1.01901271063755,-0.00362482994593405,"t",1,75,"yes","yes",FALSE,TRUE,FALSE,"mrts"
"quantile",0.95,"score_quantile",0.95,NA,53,206,NA,NA,NA,1.01434150152749,1.00705243406283,-0.00728906746466529,1.01434150152749,1.00705243406283,-0.00728906746466529,"t",1,75,"yes","yes",FALSE,TRUE,FALSE,"mrts"
"quantile",0.98,"score_quantile",0.98,NA,53,206,NA,NA,NA,1.00638735252479,0.999338955895184,-0.00704839662960954,1.00638735252479,0.999338955895184,-0.00704839662960954,"t",1,75,"yes","yes",FALSE,TRUE,FALSE,"mrts"
"quantile",0.99,"score_quantile",0.99,NA,53,206,NA,NA,NA,0.993934843121405,0.988808091486924,-0.00512675163448162,0.993934843121405,0.988808091486924,-0.00512675163448162,"t",1,75,"yes","yes",FALSE,TRUE,FALSE,"mrts"
"quantile",0.995,"score_quantile",0.995,NA,53,206,NA,NA,NA,0.962959892170864,0.959766289497847,-0.00319360267301672,0.962959892170864,0.959766289497847,-0.00319360267301672,"t",1,75,"yes","yes",FALSE,TRUE,FALSE,"mrts"
"brier",0,"threshold_quantile",0,2,51,207,0.9502556604184,0.93565174607809,-0.0146039143403095,0.9502556604184,0.93565174607809,-0.0146039143403095,NA,NA,NA,"skew-t",1,0,"yes","yes",FALSE,TRUE,FALSE,"mrts"
"brier",0.1,"threshold_quantile",0.1,28.875,51,207,0.998665667904159,0.988962445868744,-0.00970322203541529,0.998665667904159,0.988962445868744,-0.00970322203541529,NA,NA,NA,"skew-t",1,0,"yes","yes",FALSE,TRUE,FALSE,"mrts"
"brier",0.2,"threshold_quantile",0.2,36,51,207,0.995899229544041,0.99071976612144,-0.00517946342260101,0.995899229544041,0.99071976612144,-0.00517946342260101,NA,NA,NA,"skew-t",1,0,"yes","yes",FALSE,TRUE,FALSE,"mrts"
"brier",0.3,"threshold_quantile",0.3,41.625,51,207,0.997746420987681,0.994554573484227,-0.00319184750345436,0.997746420987681,0.994554573484227,-0.00319184750345436,NA,NA,NA,"skew-t",1,0,"yes","yes",FALSE,TRUE,FALSE,"mrts"
"brier",0.4,"threshold_quantile",0.4,46.5,51,207,0.997813987511294,0.995937304578898,-0.0018766829323964,0.997813987511294,0.995937304578898,-0.0018766829323964,NA,NA,NA,"skew-t",1,0,"yes","yes",FALSE,TRUE,FALSE,"mrts"
"brier",0.5,"threshold_quantile",0.5,50.875,51,207,0.997713531060978,0.99689296981869,-0.000820561242288909,0.997713531060978,0.99689296981869,-0.000820561242288909,NA,NA,NA,"skew-t",1,0,"yes","yes",FALSE,TRUE,FALSE,"mrts"
"brier",0.6,"threshold_quantile",0.6,55.429,51,207,0.997566070126713,0.997454751047984,-0.000111319078729633,0.997566070126713,0.997454751047984,-0.000111319078729633,NA,NA,NA,"skew-t",1,0,"yes","yes",FALSE,TRUE,FALSE,"mrts"
"brier",0.7,"threshold_quantile",0.7,60.125,51,207,0.996668920389628,0.997903875648053,0.00123495525842554,0.996668920389628,0.997903875648053,0.00123495525842554,NA,NA,NA,"skew-t",1,0,"yes","yes",FALSE,TRUE,FALSE,"mrts"
"brier",0.8,"threshold_quantile",0.8,65.5,51,207,0.993713890841293,0.993176668679596,-0.000537222161696382,0.993713890841293,0.993176668679596,-0.000537222161696382,NA,NA,NA,"skew-t",1,0,"yes","yes",FALSE,TRUE,FALSE,"mrts"
"brier",0.9,"threshold_quantile",0.9,73.25,51,207,0.992240779164545,0.992656064736914,0.000415285572369806,0.992240779164545,0.992656064736914,0.000415285572369806,NA,NA,NA,"skew-t",1,0,"yes","yes",FALSE,TRUE,FALSE,"mrts"
"brier",0.95,"threshold_quantile",0.95,79.75,51,207,0.996953281494973,0.994387580283166,-0.00256570121180677,0.996953281494973,0.994387580283166,-0.00256570121180677,NA,NA,NA,"skew-t",1,0,"yes","yes",FALSE,TRUE,FALSE,"mrts"
"brier",0.98,"threshold_quantile",0.98,88.5,51,207,0.995100854502497,0.992825885184861,-0.00227496931763538,0.995100854502497,0.992825885184861,-0.00227496931763538,NA,NA,NA,"skew-t",1,0,"yes","yes",FALSE,TRUE,FALSE,"mrts"
"brier",0.99,"threshold_quantile",0.99,94.75,51,207,0.988390361004159,0.984408496322282,-0.00398186468187689,0.988390361004159,0.984408496322282,-0.00398186468187689,NA,NA,NA,"skew-t",1,0,"yes","yes",FALSE,TRUE,FALSE,"mrts"
"brier",0.995,"threshold_quantile",0.995,100.52,51,207,0.992113960124778,0.990195648331756,-0.00191831179302215,0.992113960124778,0.990195648331756,-0.00191831179302215,NA,NA,NA,"skew-t",1,0,"yes","yes",FALSE,TRUE,FALSE,"mrts"
"quantile",0,"score_quantile",0,NA,51,207,NA,NA,NA,NA,NA,NA,NA,NA,NA,"skew-t",1,0,"yes","yes",FALSE,TRUE,FALSE,"mrts"
"quantile",0.1,"score_quantile",0.1,NA,51,207,NA,NA,NA,0.999611866863614,0.998421842399994,-0.00119002446362004,0.999611866863614,0.998421842399994,-0.00119002446362004,"skew-t",1,0,"yes","yes",FALSE,TRUE,FALSE,"mrts"
"quantile",0.2,"score_quantile",0.2,NA,51,207,NA,NA,NA,0.99951343197031,0.999214675322911,-0.000298756647399645,0.99951343197031,0.999214675322911,-0.000298756647399645,"skew-t",1,0,"yes","yes",FALSE,TRUE,FALSE,"mrts"
"quantile",0.3,"score_quantile",0.3,NA,51,207,NA,NA,NA,0.999620248710055,0.999455887129118,-0.000164361580936356,0.999620248710055,0.999455887129118,-0.000164361580936356,"skew-t",1,0,"yes","yes",FALSE,TRUE,FALSE,"mrts"
"quantile",0.4,"score_quantile",0.4,NA,51,207,NA,NA,NA,0.999772140298926,0.99951815961575,-0.000253980683175947,0.999772140298926,0.99951815961575,-0.000253980683175947,"skew-t",1,0,"yes","yes",FALSE,TRUE,FALSE,"mrts"
"quantile",0.5,"score_quantile",0.5,NA,51,207,NA,NA,NA,0.99976422972223,0.999565154054162,-0.000199075668068205,0.99976422972223,0.999565154054162,-0.000199075668068205,"skew-t",1,0,"yes","yes",FALSE,TRUE,FALSE,"mrts"
"quantile",0.6,"score_quantile",0.6,NA,51,207,NA,NA,NA,0.999976525940446,0.999966396441839,-1.01294986066813e-05,0.999976525940446,0.999966396441839,-1.01294986066813e-05,"skew-t",1,0,"yes","yes",FALSE,TRUE,FALSE,"mrts"
"quantile",0.7,"score_quantile",0.7,NA,51,207,NA,NA,NA,1.00004256780274,0.999994279886831,-4.82879159143801e-05,1.00004256780274,0.999994279886831,-4.82879159143801e-05,"skew-t",1,0,"yes","yes",FALSE,TRUE,FALSE,"mrts"
"quantile",0.8,"score_quantile",0.8,NA,51,207,NA,NA,NA,0.999838067572919,0.999808767391752,-2.93001811668692e-05,0.999838067572919,0.999808767391752,-2.93001811668692e-05,"skew-t",1,0,"yes","yes",FALSE,TRUE,FALSE,"mrts"
"quantile",0.9,"score_quantile",0.9,NA,51,207,NA,NA,NA,0.999398136655813,0.999305467576014,-9.26690797992125e-05,0.999398136655813,0.999305467576014,-9.26690797992125e-05,"skew-t",1,0,"yes","yes",FALSE,TRUE,FALSE,"mrts"
"quantile",0.95,"score_quantile",0.95,NA,51,207,NA,NA,NA,0.998449750187276,0.997789113717803,-0.000660636469473119,0.998449750187276,0.997789113717803,-0.000660636469473119,"skew-t",1,0,"yes","yes",FALSE,TRUE,FALSE,"mrts"
"quantile",0.98,"score_quantile",0.98,NA,51,207,NA,NA,NA,0.99552558052283,0.995784154840558,0.000258574317727467,0.99552558052283,0.995784154840558,0.000258574317727467,"skew-t",1,0,"yes","yes",FALSE,TRUE,FALSE,"mrts"
"quantile",0.99,"score_quantile",0.99,NA,51,207,NA,NA,NA,0.992097572391021,0.993028322542944,0.000930750151922566,0.992097572391021,0.993028322542944,0.000930750151922566,"skew-t",1,0,"yes","yes",FALSE,TRUE,FALSE,"mrts"
"quantile",0.995,"score_quantile",0.995,NA,51,207,NA,NA,NA,0.986475458116869,0.988068231620094,0.0015927735032244,0.986475458116869,0.988068231620094,0.0015927735032244,"skew-t",1,0,"yes","yes",FALSE,TRUE,FALSE,"mrts"
"brier",0,"threshold_quantile",0,2,52,208,5.87941982152948,6.44302538244154,0.563605560912058,5.87941982152948,6.44302538244154,0.563605560912058,NA,NA,NA,"skew-t",1,50,"yes","yes",FALSE,TRUE,FALSE,"mrts"
"brier",0.1,"threshold_quantile",0.1,28.875,52,208,1.69271209177935,1.59777280208588,-0.094939289693478,1.69271209177935,1.59777280208588,-0.094939289693478,NA,NA,NA,"skew-t",1,50,"yes","yes",FALSE,TRUE,FALSE,"mrts"
"brier",0.2,"threshold_quantile",0.2,36,52,208,1.38133004704119,1.34714327748351,-0.0341867695576754,1.38133004704119,1.34714327748351,-0.0341867695576754,NA,NA,NA,"skew-t",1,50,"yes","yes",FALSE,TRUE,FALSE,"mrts"
"brier",0.3,"threshold_quantile",0.3,41.625,52,208,1.20234751315586,1.18866250034319,-0.0136850128126687,1.20234751315586,1.18866250034319,-0.0136850128126687,NA,NA,NA,"skew-t",1,50,"yes","yes",FALSE,TRUE,FALSE,"mrts"
"brier",0.4,"threshold_quantile",0.4,46.5,52,208,1.08484271143181,1.0804550313154,-0.00438768011641599,1.08484271143181,1.0804550313154,-0.00438768011641599,NA,NA,NA,"skew-t",1,50,"yes","yes",FALSE,TRUE,FALSE,"mrts"
"brier",0.5,"threshold_quantile",0.5,50.875,52,208,1.02141901824232,1.01873728600879,-0.0026817322335313,1.02141901824232,1.01873728600879,-0.0026817322335313,NA,NA,NA,"skew-t",1,50,"yes","yes",FALSE,TRUE,FALSE,"mrts"
"brier",0.6,"threshold_quantile",0.6,55.429,52,208,1.00494113084247,1.00400028709537,-0.000940843747104347,1.00494113084247,1.00400028709537,-0.000940843747104347,NA,NA,NA,"skew-t",1,50,"yes","yes",FALSE,TRUE,FALSE,"mrts"
"brier",0.7,"threshold_quantile",0.7,60.125,52,208,1.00018497090302,1.00163768279233,0.00145271188931351,1.00018497090302,1.00163768279233,0.00145271188931351,NA,NA,NA,"skew-t",1,50,"yes","yes",FALSE,TRUE,FALSE,"mrts"
"brier",0.8,"threshold_quantile",0.8,65.5,52,208,1.00005428308294,1.00067300875721,0.000618725674266907,1.00005428308294,1.00067300875721,0.000618725674266907,NA,NA,NA,"skew-t",1,50,"yes","yes",FALSE,TRUE,FALSE,"mrts"
"brier",0.9,"threshold_quantile",0.9,73.25,52,208,0.998753062533839,0.998000348769742,-0.000752713764096913,0.998753062533839,0.998000348769742,-0.000752713764096913,NA,NA,NA,"skew-t",1,50,"yes","yes",FALSE,TRUE,FALSE,"mrts"
"brier",0.95,"threshold_quantile",0.95,79.75,52,208,0.998690250354236,0.995803527915739,-0.00288672243849664,0.998690250354236,0.995803527915739,-0.00288672243849664,NA,NA,NA,"skew-t",1,50,"yes","yes",FALSE,TRUE,FALSE,"mrts"
"brier",0.98,"threshold_quantile",0.98,88.5,52,208,0.984513379283401,0.982143445277382,-0.00236993400601881,0.984513379283401,0.982143445277382,-0.00236993400601881,NA,NA,NA,"skew-t",1,50,"yes","yes",FALSE,TRUE,FALSE,"mrts"
"brier",0.99,"threshold_quantile",0.99,94.75,52,208,0.968021210938559,0.964805035266009,-0.00321617567254928,0.968021210938559,0.964805035266009,-0.00321617567254928,NA,NA,NA,"skew-t",1,50,"yes","yes",FALSE,TRUE,FALSE,"mrts"
"brier",0.995,"threshold_quantile",0.995,100.52,52,208,0.97396189823549,0.971069347065555,-0.00289255116993481,0.97396189823549,0.971069347065555,-0.00289255116993481,NA,NA,NA,"skew-t",1,50,"yes","yes",FALSE,TRUE,FALSE,"mrts"
"quantile",0,"score_quantile",0,NA,52,208,NA,NA,NA,NA,NA,NA,NA,NA,NA,"skew-t",1,50,"yes","yes",FALSE,TRUE,FALSE,"mrts"
"quantile",0.1,"score_quantile",0.1,NA,52,208,NA,NA,NA,1.09505990090534,1.0951146535213,5.47526159657696e-05,1.09505990090534,1.0951146535213,5.47526159657696e-05,"skew-t",1,50,"yes","yes",FALSE,TRUE,FALSE,"mrts"
"quantile",0.2,"score_quantile",0.2,NA,52,208,NA,NA,NA,1.03781210506422,1.04325479986308,0.00544269479885418,1.03781210506422,1.04325479986308,0.00544269479885418,"skew-t",1,50,"yes","yes",FALSE,TRUE,FALSE,"mrts"
"quantile",0.3,"score_quantile",0.3,NA,52,208,NA,NA,NA,1.02044442298802,1.02568868620322,0.00524426321520743,1.02044442298802,1.02568868620322,0.00524426321520743,"skew-t",1,50,"yes","yes",FALSE,TRUE,FALSE,"mrts"
"quantile",0.4,"score_quantile",0.4,NA,52,208,NA,NA,NA,1.01201752310971,1.01511839796553,0.00310087485582811,1.01201752310971,1.01511839796553,0.00310087485582811,"skew-t",1,50,"yes","yes",FALSE,TRUE,FALSE,"mrts"
"quantile",0.5,"score_quantile",0.5,NA,52,208,NA,NA,NA,1.00723366085067,1.00890235326166,0.00166869241098344,1.00723366085067,1.00890235326166,0.00166869241098344,"skew-t",1,50,"yes","yes",FALSE,TRUE,FALSE,"mrts"
"quantile",0.6,"score_quantile",0.6,NA,52,208,NA,NA,NA,1.00392994242712,1.00511479867741,0.00118485625029163,1.00392994242712,1.00511479867741,0.00118485625029163,"skew-t",1,50,"yes","yes",FALSE,TRUE,FALSE,"mrts"
"quantile",0.7,"score_quantile",0.7,NA,52,208,NA,NA,NA,1.00233007333454,1.00323185965609,0.00090178632154525,1.00233007333454,1.00323185965609,0.00090178632154525,"skew-t",1,50,"yes","yes",FALSE,TRUE,FALSE,"mrts"
"quantile",0.8,"score_quantile",0.8,NA,52,208,NA,NA,NA,1.00121530627107,1.00235051849757,0.00113521222650359,1.00121530627107,1.00235051849757,0.00113521222650359,"skew-t",1,50,"yes","yes",FALSE,TRUE,FALSE,"mrts"
"quantile",0.9,"score_quantile",0.9,NA,52,208,NA,NA,NA,1.00121060384522,1.0014309370539,0.000220333208682089,1.00121060384522,1.0014309370539,0.000220333208682089,"skew-t",1,50,"yes","yes",FALSE,TRUE,FALSE,"mrts"
"quantile",0.95,"score_quantile",0.95,NA,52,208,NA,NA,NA,0.999734077181074,0.999167220924411,-0.000566856256663084,0.999734077181074,0.999167220924411,-0.000566856256663084,"skew-t",1,50,"yes","yes",FALSE,TRUE,FALSE,"mrts"
"quantile",0.98,"score_quantile",0.98,NA,52,208,NA,NA,NA,0.994834914504267,0.995361350409995,0.000526435905728095,0.994834914504267,0.995361350409995,0.000526435905728095,"skew-t",1,50,"yes","yes",FALSE,TRUE,FALSE,"mrts"
"quantile",0.99,"score_quantile",0.99,NA,52,208,NA,NA,NA,0.985213598430482,0.987025215371521,0.00181161694103882,0.985213598430482,0.987025215371521,0.00181161694103882,"skew-t",1,50,"yes","yes",FALSE,TRUE,FALSE,"mrts"
"quantile",0.995,"score_quantile",0.995,NA,52,208,NA,NA,NA,0.965726243764581,0.970179486188912,0.00445324242433165,0.965726243764581,0.970179486188912,0.00445324242433165,"skew-t",1,50,"yes","yes",FALSE,TRUE,FALSE,"mrts"
"brier",0,"threshold_quantile",0,2,53,209,11.2448329465787,133.903292392821,122.658459446242,11.2448329465787,133.903292392821,122.658459446242,NA,NA,NA,"t",1,75,"yes","yes",FALSE,TRUE,FALSE,"mrts"
"brier",0.1,"threshold_quantile",0.1,28.875,53,209,2.25477313163863,2.6195176992479,0.364744567609272,2.25477313163863,2.6195176992479,0.364744567609272,NA,NA,NA,"t",1,75,"yes","yes",FALSE,TRUE,FALSE,"mrts"
"brier",0.2,"threshold_quantile",0.2,36,53,209,2.0752296333924,2.20135063905112,0.12612100565872,2.0752296333924,2.20135063905112,0.12612100565872,NA,NA,NA,"t",1,75,"yes","yes",FALSE,TRUE,FALSE,"mrts"
"brier",0.3,"threshold_quantile",0.3,41.625,53,209,1.98955796901922,2.05090920717303,0.0613512381538113,1.98955796901922,2.05090920717303,0.0613512381538113,NA,NA,NA,"t",1,75,"yes","yes",FALSE,TRUE,FALSE,"mrts"
"brier",0.4,"threshold_quantile",0.4,46.5,53,209,1.89603102438931,1.9404993780481,0.0444683536587858,1.89603102438931,1.9404993780481,0.0444683536587858,NA,NA,NA,"t",1,75,"yes","yes",FALSE,TRUE,FALSE,"mrts"
"brier",0.5,"threshold_quantile",0.5,50.875,53,209,1.75370753430879,1.78204658095251,0.0283390466437246,1.75370753430879,1.78204658095251,0.0283390466437246,NA,NA,NA,"t",1,75,"yes","yes",FALSE,TRUE,FALSE,"mrts"
"brier",0.6,"threshold_quantile",0.6,55.429,53,209,1.60745188035974,1.63007704234304,0.0226251619832931,1.60745188035974,1.63007704234304,0.0226251619832931,NA,NA,NA,"t",1,75,"yes","yes",FALSE,TRUE,FALSE,"mrts"
"brier",0.7,"threshold_quantile",0.7,60.125,53,209,1.44929762541618,1.46091737206308,0.0116197466468944,1.44929762541618,1.46091737206308,0.0116197466468944,NA,NA,NA,"t",1,75,"yes","yes",FALSE,TRUE,FALSE,"mrts"
"brier",0.8,"threshold_quantile",0.8,65.5,53,209,1.25744936339198,1.26542217595679,0.0079728125648082,1.25744936339198,1.26542217595679,0.0079728125648082,NA,NA,NA,"t",1,75,"yes","yes",FALSE,TRUE,FALSE,"mrts"
"brier",0.9,"threshold_quantile",0.9,73.25,53,209,1.08682530880556,1.09561631282929,0.00879100402373179,1.08682530880556,1.09561631282929,0.00879100402373179,NA,NA,NA,"t",1,75,"yes","yes",FALSE,TRUE,FALSE,"mrts"
"brier",0.95,"threshold_quantile",0.95,79.75,53,209,1.01228039582623,1.02005590136435,0.00777550553811301,1.01228039582623,1.02005590136435,0.00777550553811301,NA,NA,NA,"t",1,75,"yes","yes",FALSE,TRUE,FALSE,"mrts"
"brier",0.98,"threshold_quantile",0.98,88.5,53,209,0.987383198471936,0.991992818618041,0.00460962014610533,0.987383198471936,0.991992818618041,0.00460962014610533,NA,NA,NA,"t",1,75,"yes","yes",FALSE,TRUE,FALSE,"mrts"
"brier",0.99,"threshold_quantile",0.99,94.75,53,209,0.959330478602021,0.962970941987084,0.00364046338506274,0.959330478602021,0.962970941987084,0.00364046338506274,NA,NA,NA,"t",1,75,"yes","yes",FALSE,TRUE,FALSE,"mrts"
"brier",0.995,"threshold_quantile",0.995,100.52,53,209,0.964194728236206,0.962795386939122,-0.00139934129708386,0.964194728236206,0.962795386939122,-0.00139934129708386,NA,NA,NA,"t",1,75,"yes","yes",FALSE,TRUE,FALSE,"mrts"
"quantile",0,"score_quantile",0,NA,53,209,NA,NA,NA,NA,NA,NA,NA,NA,NA,"t",1,75,"yes","yes",FALSE,TRUE,FALSE,"mrts"
"quantile",0.1,"score_quantile",0.1,NA,53,209,NA,NA,NA,1.32663269040317,1.39522526347488,0.0685925730717134,1.32663269040317,1.39522526347488,0.0685925730717134,"t",1,75,"yes","yes",FALSE,TRUE,FALSE,"mrts"
"quantile",0.2,"score_quantile",0.2,NA,53,209,NA,NA,NA,1.24195940149446,1.32705248293737,0.0850930814429143,1.24195940149446,1.32705248293737,0.0850930814429143,"t",1,75,"yes","yes",FALSE,TRUE,FALSE,"mrts"
"quantile",0.3,"score_quantile",0.3,NA,53,209,NA,NA,NA,1.19177480357234,1.29267674744621,0.100901943873872,1.19177480357234,1.29267674744621,0.100901943873872,"t",1,75,"yes","yes",FALSE,TRUE,FALSE,"mrts"
"quantile",0.4,"score_quantile",0.4,NA,53,209,NA,NA,NA,1.15659866018534,1.26891069553396,0.112312035348618,1.15659866018534,1.26891069553396,0.112312035348618,"t",1,75,"yes","yes",FALSE,TRUE,FALSE,"mrts"
"quantile",0.5,"score_quantile",0.5,NA,53,209,NA,NA,NA,1.12551958195696,1.25171214298506,0.126192561028102,1.12551958195696,1.25171214298506,0.126192561028102,"t",1,75,"yes","yes",FALSE,TRUE,FALSE,"mrts"
"quantile",0.6,"score_quantile",0.6,NA,53,209,NA,NA,NA,1.09548382489298,1.23981202999508,0.1443282051021,1.09548382489298,1.23981202999508,0.1443282051021,"t",1,75,"yes","yes",FALSE,TRUE,FALSE,"mrts"
"quantile",0.7,"score_quantile",0.7,NA,53,209,NA,NA,NA,1.0680173089653,1.23603753523903,0.168020226273735,1.0680173089653,1.23603753523903,0.168020226273735,"t",1,75,"yes","yes",FALSE,TRUE,FALSE,"mrts"
"quantile",0.8,"score_quantile",0.8,NA,53,209,NA,NA,NA,1.04251825369911,1.24561631674708,0.203098063047972,1.04251825369911,1.24561631674708,0.203098063047972,"t",1,75,"yes","yes",FALSE,TRUE,FALSE,"mrts"
"quantile",0.9,"score_quantile",0.9,NA,53,209,NA,NA,NA,1.02263754058349,1.28374248983645,0.261104949252964,1.02263754058349,1.28374248983645,0.261104949252964,"t",1,75,"yes","yes",FALSE,TRUE,FALSE,"mrts"
"quantile",0.95,"score_quantile",0.95,NA,53,209,NA,NA,NA,1.01434150152749,1.34664628403448,0.332304782506983,1.01434150152749,1.34664628403448,0.332304782506983,"t",1,75,"yes","yes",FALSE,TRUE,FALSE,"mrts"
"quantile",0.98,"score_quantile",0.98,NA,53,209,NA,NA,NA,1.00638735252479,1.43918247121326,0.432795118688464,1.00638735252479,1.43918247121326,0.432795118688464,"t",1,75,"yes","yes",FALSE,TRUE,FALSE,"mrts"
"quantile",0.99,"score_quantile",0.99,NA,53,209,NA,NA,NA,0.993934843121405,1.51766248215148,0.523727639030073,0.993934843121405,1.51766248215148,0.523727639030073,"t",1,75,"yes","yes",FALSE,TRUE,FALSE,"mrts"
"quantile",0.995,"score_quantile",0.995,NA,53,209,NA,NA,NA,0.962959892170864,1.58262028114746,0.6196603889766,0.962959892170864,1.58262028114746,0.6196603889766,"t",1,75,"yes","yes",FALSE,TRUE,FALSE,"mrts"
