"band_type","event_quantile","event_threshold_value","score_mean","score_se","rel_to_gaussian","n_obs_total","n_obs_mean_per_fold","obs_share","score_direction","setting","method","knots","thresh","CMAQ","TS","ar2","is_baseline","is_proposed","mrts","is_ar2","is_mrts","model_lane"
"all",0.9,73.25,0.045044881630345,0.00123137598059925,1,23985,11992.5,1,"lower_better",1,"gaussian",1,0,"yes","no","",TRUE,FALSE,NA,FALSE,FALSE,"gaussian_reference"
"below_threshold",0.9,73.25,0.0180706832532135,0.000880078976855245,1,21603,10801.5,0.900687929956223,"lower_better",1,"gaussian",1,0,"yes","no","",TRUE,FALSE,NA,FALSE,FALSE,"gaussian_reference"
"above_threshold",0.9,73.25,0.289813550676462,0.00367026101903961,1,2382,1191,0.0993120700437774,"lower_better",1,"gaussian",1,0,"yes","no","",TRUE,FALSE,NA,FALSE,FALSE,"gaussian_reference"
"all",0.95,79.75,0.0270301315668394,0.00205895451591001,1,23985,11992.5,1,"lower_better",1,"gaussian",1,0,"yes","no","",TRUE,FALSE,NA,FALSE,FALSE,"gaussian_reference"
"below_threshold",0.95,79.75,0.00843169951156119,0.000588712028187025,1,22787,11393.5,0.950052115905774,"lower_better",1,"gaussian",1,0,"yes","no","",TRUE,FALSE,NA,FALSE,FALSE,"gaussian_reference"
"above_threshold",0.95,79.75,0.380242807656028,0.0112629304679786,1,1198,599,0.0499478840942256,"lower_better",1,"gaussian",1,0,"yes","no","",TRUE,FALSE,NA,FALSE,FALSE,"gaussian_reference"
"all",0.98,88.5,0.0129121358741124,0.00068324673182685,1,23985,11992.5,1,"lower_better",1,"gaussian",1,0,"yes","no","",TRUE,FALSE,NA,FALSE,FALSE,"gaussian_reference"
"below_threshold",0.98,88.5,0.00221427984637318,0.000206848790029169,1,23508,11754,0.980112570356473,"lower_better",1,"gaussian",1,0,"yes","no","",TRUE,FALSE,NA,FALSE,FALSE,"gaussian_reference"
"above_threshold",0.98,88.5,0.539962279153318,0.00479470610983979,1,477,238.5,0.0198874296435272,"lower_better",1,"gaussian",1,0,"yes","no","",TRUE,FALSE,NA,FALSE,FALSE,"gaussian_reference"
"all",0.99,94.75,0.00726353072383586,0.000585627911466105,1,23985,11992.5,1,"lower_better",1,"gaussian",1,0,"yes","no","",TRUE,FALSE,NA,FALSE,FALSE,"gaussian_reference"
"below_threshold",0.99,94.75,0.000752340992724027,9.2872373195407e-05,1,23746,11873,0.990035438815927,"lower_better",1,"gaussian",1,0,"yes","no","",TRUE,FALSE,NA,FALSE,FALSE,"gaussian_reference"
"above_threshold",0.99,94.75,0.653424700893933,0.0356442492700014,1,239,119.5,0.00996456118407338,"lower_better",1,"gaussian",1,0,"yes","no","",TRUE,FALSE,NA,FALSE,FALSE,"gaussian_reference"
"all",0.995,100.52,0.00403018868318556,5.64318006315892e-05,1,23985,11992.5,1,"lower_better",1,"gaussian",1,0,"yes","no","",TRUE,FALSE,NA,FALSE,FALSE,"gaussian_reference"
"below_threshold",0.995,100.52,0.000231575676146745,1.53424841318808e-06,1,23865,11932.5,0.994996873045654,"lower_better",1,"gaussian",1,0,"yes","no","",TRUE,FALSE,NA,FALSE,FALSE,"gaussian_reference"
"above_threshold",0.995,100.52,0.760676430278087,0.0360374483426029,1,120,60,0.00500312695434647,"lower_better",1,"gaussian",1,0,"yes","no","",TRUE,FALSE,NA,FALSE,FALSE,"gaussian_reference"
"all",0.9,73.25,0.900686820854363,0.00295575645663165,19.9953199621154,23985,11992.5,1,"lower_better",2,"max-stable",1,75,"yes","no","",TRUE,FALSE,NA,FALSE,FALSE,"morris_baseline"
"below_threshold",0.9,73.25,1,0,55.3382506896727,21603,10801.5,0.900687929956223,"lower_better",2,"max-stable",1,75,"yes","no","",TRUE,FALSE,NA,FALSE,FALSE,"morris_baseline"
"above_threshold",0.9,73.25,0,0,0,2382,1191,0.0993120700437774,"lower_better",2,"max-stable",1,75,"yes","no","",TRUE,FALSE,NA,FALSE,FALSE,"morris_baseline"
"all",0.95,79.75,0.0310895921878941,0.00153664851558715,1.15018279178614,23985,11992.5,1,"lower_better",2,"max-stable",1,75,"yes","no","",TRUE,FALSE,NA,FALSE,FALSE,"morris_baseline"
"below_threshold",0.95,79.75,0.00810341783651341,0.000219857400449939,0.961065776288913,22787,11393.5,0.950052115905774,"lower_better",2,"max-stable",1,75,"yes","no","",TRUE,FALSE,NA,FALSE,FALSE,"morris_baseline"
"above_threshold",0.95,79.75,0.468138905440876,0.00337029986384035,1.23115781814961,1198,599,0.0499478840942256,"lower_better",2,"max-stable",1,75,"yes","no","",TRUE,FALSE,NA,FALSE,FALSE,"morris_baseline"
"all",0.98,88.5,0.0147902457739024,0.00053843522765472,1.14545307748468,23985,11992.5,1,"lower_better",2,"max-stable",1,75,"yes","no","",TRUE,FALSE,NA,FALSE,FALSE,"morris_baseline"
"below_threshold",0.98,88.5,0.00289860423448448,2.04154771384238e-05,1.30905054265483,23508,11754,0.980112570356473,"lower_better",2,"max-stable",1,75,"yes","no","",TRUE,FALSE,NA,FALSE,FALSE,"morris_baseline"
"above_threshold",0.98,88.5,0.600601382541542,0.00655413829516521,1.11230248061644,477,238.5,0.0198874296435272,"lower_better",2,"max-stable",1,75,"yes","no","",TRUE,FALSE,NA,FALSE,FALSE,"morris_baseline"
"all",0.99,94.75,0.00830351372232075,0.000562769737898723,1.14317871542446,23985,11992.5,1,"lower_better",2,"max-stable",1,75,"yes","no","",TRUE,FALSE,NA,FALSE,FALSE,"morris_baseline"
"below_threshold",0.99,94.75,0.00132901797649402,2.13316224036912e-06,1.7665101188784,23746,11873,0.990035438815927,"lower_better",2,"max-stable",1,75,"yes","no","",TRUE,FALSE,NA,FALSE,FALSE,"morris_baseline"
"above_threshold",0.99,94.75,0.700372341720922,0.0413782050732489,1.07184858601574,239,119.5,0.00996456118407338,"lower_better",2,"max-stable",1,75,"yes","no","",TRUE,FALSE,NA,FALSE,FALSE,"morris_baseline"
"all",0.995,100.52,0.00456167816408734,3.22230952275312e-05,1.13187707144314,23985,11992.5,1,"lower_better",2,"max-stable",1,75,"yes","no","",TRUE,FALSE,NA,FALSE,FALSE,"morris_baseline"
"below_threshold",0.995,100.52,0.000637880487691373,3.12002490772348e-05,2.75452283376757,23865,11932.5,0.994996873045654,"lower_better",2,"max-stable",1,75,"yes","no","",TRUE,FALSE,NA,FALSE,FALSE,"morris_baseline"
"above_threshold",0.995,100.52,0.786187766049932,0.0385362520535163,1.0335376971816,120,60,0.00500312695434647,"lower_better",2,"max-stable",1,75,"yes","no","",TRUE,FALSE,NA,FALSE,FALSE,"morris_baseline"
"all",0.9,73.25,0.0447061506777583,0.0013408806702564,0.992480145571999,23985,11992.5,1,"lower_better",3,"skew-t",1,0,"yes","no","",TRUE,FALSE,NA,FALSE,FALSE,"morris_baseline"
"below_threshold",0.9,73.25,0.017849954001689,0.000881579980842172,0.98778522934459,21603,10801.5,0.900687929956223,"lower_better",3,"skew-t",1,0,"yes","no","",TRUE,FALSE,NA,FALSE,FALSE,"morris_baseline"
"above_threshold",0.9,73.25,0.288371195346501,0.00254489593377627,0.995023161178644,2382,1191,0.0993120700437774,"lower_better",3,"skew-t",1,0,"yes","no","",TRUE,FALSE,NA,FALSE,FALSE,"morris_baseline"
"all",0.95,79.75,0.0269511911426042,0.00212480392913418,0.997079539770645,23985,11992.5,1,"lower_better",3,"skew-t",1,0,"yes","no","",TRUE,FALSE,NA,FALSE,FALSE,"morris_baseline"
"below_threshold",0.95,79.75,0.00842753757369942,0.00061121466505399,0.99950639395343,22787,11393.5,0.950052115905774,"lower_better",3,"skew-t",1,0,"yes","no","",TRUE,FALSE,NA,FALSE,FALSE,"morris_baseline"
"above_threshold",0.95,79.75,0.378693822315892,0.0122312050926932,0.995926325734642,1198,599,0.0499478840942256,"lower_better",3,"skew-t",1,0,"yes","no","",TRUE,FALSE,NA,FALSE,FALSE,"morris_baseline"
"all",0.98,88.5,0.012833006120031,0.000698438771527216,0.993871675851858,23985,11992.5,1,"lower_better",3,"skew-t",1,0,"yes","no","",TRUE,FALSE,NA,FALSE,FALSE,"morris_baseline"
"below_threshold",0.98,88.5,0.00228132218398942,0.000220697739356122,1.03027726496542,23508,11754,0.980112570356473,"lower_better",3,"skew-t",1,0,"yes","no","",TRUE,FALSE,NA,FALSE,FALSE,"morris_baseline"
"above_threshold",0.98,88.5,0.532667466126386,0.00514121986551663,0.98649014327747,477,238.5,0.0198874296435272,"lower_better",3,"skew-t",1,0,"yes","no","",TRUE,FALSE,NA,FALSE,FALSE,"morris_baseline"
"all",0.99,94.75,0.00716202997168336,0.000581918980602258,0.986025976069817,23985,11992.5,1,"lower_better",3,"skew-t",1,0,"yes","no","",TRUE,FALSE,NA,FALSE,FALSE,"morris_baseline"
"below_threshold",0.99,94.75,0.000794665919569593,9.72290071116809e-05,1.05625763750068,23746,11873,0.990035438815927,"lower_better",3,"skew-t",1,0,"yes","no","",TRUE,FALSE,NA,FALSE,FALSE,"morris_baseline"
"above_threshold",0.99,94.75,0.639044118087432,0.035146331420765,0.977991981651708,239,119.5,0.00996456118407338,"lower_better",3,"skew-t",1,0,"yes","no","",TRUE,FALSE,NA,FALSE,FALSE,"morris_baseline"
"all",0.995,100.52,0.00399145806710186,4.93266042361443e-05,0.990389875232073,23985,11992.5,1,"lower_better",3,"skew-t",1,0,"yes","no","",TRUE,FALSE,NA,FALSE,FALSE,"morris_baseline"
"below_threshold",0.995,100.52,0.000254242577512097,4.94246523727467e-06,1.09788118399356,23865,11932.5,0.994996873045654,"lower_better",3,"skew-t",1,0,"yes","no","",TRUE,FALSE,NA,FALSE,FALSE,"morris_baseline"
"above_threshold",0.995,100.52,0.748344437363738,0.0335322709121246,0.983788122750378,120,60,0.00500312695434647,"lower_better",3,"skew-t",1,0,"yes","no","",TRUE,FALSE,NA,FALSE,FALSE,"morris_baseline"
"all",0.9,73.25,0.04497923967697,0.0012467169029432,0.998542743348431,23985,11992.5,1,"lower_better",4,"skew-t",1,50,"yes","no","",TRUE,FALSE,NA,FALSE,FALSE,"morris_baseline"
"below_threshold",0.9,73.25,0.0194500290808322,0.00072899080023079,1.07633058519652,21603,10801.5,0.900687929956223,"lower_better",4,"skew-t",1,50,"yes","no","",TRUE,FALSE,NA,FALSE,FALSE,"morris_baseline"
"above_threshold",0.9,73.25,0.276580268927364,0.00171064778543889,0.954338636967767,2382,1191,0.0993120700437774,"lower_better",4,"skew-t",1,50,"yes","no","",TRUE,FALSE,NA,FALSE,FALSE,"morris_baseline"
"all",0.95,79.75,0.0269937780348728,0.00209924515832036,0.998655073806182,23985,11992.5,1,"lower_better",4,"skew-t",1,50,"yes","no","",TRUE,FALSE,NA,FALSE,FALSE,"morris_baseline"
"below_threshold",0.95,79.75,0.00961663875747023,0.000486575166290667,1.14053385610864,22787,11393.5,0.950052115905774,"lower_better",4,"skew-t",1,50,"yes","no","",TRUE,FALSE,NA,FALSE,FALSE,"morris_baseline"
"above_threshold",0.95,79.75,0.356770211793652,0.0152564258534064,0.938269454701668,1198,599,0.0499478840942256,"lower_better",4,"skew-t",1,50,"yes","no","",TRUE,FALSE,NA,FALSE,FALSE,"morris_baseline"
"all",0.98,88.5,0.0127191685494234,0.000751979768894927,0.985055352067979,23985,11992.5,1,"lower_better",4,"skew-t",1,50,"yes","no","",TRUE,FALSE,NA,FALSE,FALSE,"morris_baseline"
"below_threshold",0.98,88.5,0.00289046293324186,0.000155898255753969,1.3053738162212,23508,11754,0.980112570356473,"lower_better",4,"skew-t",1,50,"yes","no","",TRUE,FALSE,NA,FALSE,FALSE,"morris_baseline"
"above_threshold",0.98,88.5,0.496661775478613,0.0123455092177434,0.919808280418028,477,238.5,0.0198874296435272,"lower_better",4,"skew-t",1,50,"yes","no","",TRUE,FALSE,NA,FALSE,FALSE,"morris_baseline"
"all",0.99,94.75,0.00702447491398375,0.000662543544474707,0.967088208346441,23985,11992.5,1,"lower_better",4,"skew-t",1,50,"yes","no","",TRUE,FALSE,NA,FALSE,FALSE,"morris_baseline"
"below_threshold",0.99,94.75,0.00110283023088206,0.000106350180377005,1.46586486918518,23746,11873,0.990035438815927,"lower_better",4,"skew-t",1,50,"yes","no","",TRUE,FALSE,NA,FALSE,FALSE,"morris_baseline"
"above_threshold",0.99,94.75,0.594449008929522,0.0432874051688384,0.90974370591787,239,119.5,0.00996456118407338,"lower_better",4,"skew-t",1,50,"yes","no","",TRUE,FALSE,NA,FALSE,FALSE,"morris_baseline"
"all",0.995,100.52,0.00392753665466667,9.57402422302274e-05,0.974529225158324,23985,11992.5,1,"lower_better",4,"skew-t",1,50,"yes","no","",TRUE,FALSE,NA,FALSE,FALSE,"morris_baseline"
"below_threshold",0.995,100.52,0.000417942386676785,6.42760829387738e-06,1.80477670898365,23865,11932.5,0.994996873045654,"lower_better",4,"skew-t",1,50,"yes","no","",TRUE,FALSE,NA,FALSE,FALSE,"morris_baseline"
"above_threshold",0.995,100.52,0.703258603759733,0.0410225927919911,0.924517410776928,120,60,0.00500312695434647,"lower_better",4,"skew-t",1,50,"yes","no","",TRUE,FALSE,NA,FALSE,FALSE,"morris_baseline"
"all",0.9,73.25,0.0490600013015867,0.000279944283998926,1.08913598006964,23985,11992.5,1,"lower_better",5,"t",1,75,"yes","no","",TRUE,FALSE,NA,FALSE,FALSE,"morris_baseline"
"below_threshold",0.9,73.25,0.0151239548617196,0.00036799294014369,0.836933205557134,21603,10801.5,0.900687929956223,"lower_better",5,"t",1,75,"yes","no","",TRUE,FALSE,NA,FALSE,FALSE,"morris_baseline"
"above_threshold",0.9,73.25,0.356939936406972,0.00401693030583042,1.23161921026063,2382,1191,0.0993120700437774,"lower_better",5,"t",1,75,"yes","no","",TRUE,FALSE,NA,FALSE,FALSE,"morris_baseline"
"all",0.95,79.75,0.0274888219991685,0.00108570778394799,1.01696959673299,23985,11992.5,1,"lower_better",5,"t",1,75,"yes","no","",TRUE,FALSE,NA,FALSE,FALSE,"morris_baseline"
"below_threshold",0.95,79.75,0.00908400113829226,9.45747574732153e-05,1.0773630068098,22787,11393.5,0.950052115905774,"lower_better",5,"t",1,75,"yes","no","",TRUE,FALSE,NA,FALSE,FALSE,"morris_baseline"
"above_threshold",0.95,79.75,0.377494251060489,0.00134838715890706,0.992771575056259,1198,599,0.0499478840942256,"lower_better",5,"t",1,75,"yes","no","",TRUE,FALSE,NA,FALSE,FALSE,"morris_baseline"
"all",0.98,88.5,0.0128013332378803,0.000619954506530788,0.991418721324465,23985,11992.5,1,"lower_better",5,"t",1,75,"yes","no","",TRUE,FALSE,NA,FALSE,FALSE,"morris_baseline"
"below_threshold",0.98,88.5,0.00348975189563792,0.000199397025237646,1.5760211616223,23508,11754,0.980112570356473,"lower_better",5,"t",1,75,"yes","no","",TRUE,FALSE,NA,FALSE,FALSE,"morris_baseline"
"above_threshold",0.98,88.5,0.471543342152438,0.00448945136982926,0.873289413645406,477,238.5,0.0198874296435272,"lower_better",5,"t",1,75,"yes","no","",TRUE,FALSE,NA,FALSE,FALSE,"morris_baseline"
"all",0.99,94.75,0.00698942508975968,0.000703806431761844,0.962262755607726,23985,11992.5,1,"lower_better",5,"t",1,75,"yes","no","",TRUE,FALSE,NA,FALSE,FALSE,"morris_baseline"
"below_threshold",0.99,94.75,0.00155823916176939,0.00017963538399161,2.07118736960938,23746,11873,0.990035438815927,"lower_better",5,"t",1,75,"yes","no","",TRUE,FALSE,NA,FALSE,FALSE,"morris_baseline"
"above_threshold",0.99,94.75,0.545730639679137,0.0411942793372566,0.83518520027256,239,119.5,0.00996456118407338,"lower_better",5,"t",1,75,"yes","no","",TRUE,FALSE,NA,FALSE,FALSE,"morris_baseline"
"all",0.995,100.52,0.00388544895669488,0.000144758480742558,0.964086116589391,23985,11992.5,1,"lower_better",5,"t",1,75,"yes","no","",TRUE,FALSE,NA,FALSE,FALSE,"morris_baseline"
"below_threshold",0.995,100.52,0.000725848862453827,2.79964921144886e-05,3.13439163616593,23865,11932.5,0.994996873045654,"lower_better",5,"t",1,75,"yes","no","",TRUE,FALSE,NA,FALSE,FALSE,"morris_baseline"
"above_threshold",0.995,100.52,0.633715510144605,0.0442284843381535,0.833094710076573,120,60,0.00500312695434647,"lower_better",5,"t",1,75,"yes","no","",TRUE,FALSE,NA,FALSE,FALSE,"morris_baseline"
"all",0.9,73.25,0.0590772940534533,0.0012969324530532,1.31152068592972,23985,11992.5,1,"lower_better",6,"skew-t",1,85,"yes","no","",FALSE,FALSE,NA,FALSE,FALSE,"other_numeric"
"below_threshold",0.9,73.25,0.0121048031186124,0.00189493504576353,0.669858629526908,21603,10801.5,0.900687929956223,"lower_better",6,"skew-t",1,85,"yes","no","",FALSE,FALSE,NA,FALSE,FALSE,"other_numeric"
"above_threshold",0.9,73.25,0.484540131340647,0.0161838712368408,1.6719029535012,2382,1191,0.0993120700437774,"lower_better",6,"skew-t",1,85,"yes","no","",FALSE,FALSE,NA,FALSE,FALSE,"other_numeric"
"all",0.95,79.75,0.0308516517752949,0.00112347004986357,1.14138000767794,23985,11992.5,1,"lower_better",6,"skew-t",1,85,"yes","no","",FALSE,FALSE,NA,FALSE,FALSE,"other_numeric"
"below_threshold",0.95,79.75,0.00696833752780134,0.000891059623056203,0.826445192721425,22787,11393.5,0.950052115905774,"lower_better",6,"skew-t",1,85,"yes","no","",FALSE,FALSE,NA,FALSE,FALSE,"other_numeric"
"above_threshold",0.95,79.75,0.484304203287725,0.0153555116884278,1.27367091115589,1198,599,0.0499478840942256,"lower_better",6,"skew-t",1,85,"yes","no","",FALSE,FALSE,NA,FALSE,FALSE,"other_numeric"
"all",0.98,88.5,0.013058693206416,0.000349439543000114,1.01135035548978,23985,11992.5,1,"lower_better",6,"skew-t",1,85,"yes","no","",FALSE,FALSE,NA,FALSE,FALSE,"other_numeric"
"below_threshold",0.98,88.5,0.00280993258589198,2.49358019723841e-05,1.26900517587894,23508,11754,0.980112570356473,"lower_better",6,"skew-t",1,85,"yes","no","",FALSE,FALSE,NA,FALSE,FALSE,"other_numeric"
"above_threshold",0.98,88.5,0.518132027698997,0.000240636916387926,0.959570784298948,477,238.5,0.0198874296435272,"lower_better",6,"skew-t",1,85,"yes","no","",FALSE,FALSE,NA,FALSE,FALSE,"other_numeric"
"all",0.99,94.75,0.00701081640321492,0.000522959012200497,0.96520778527285,23985,11992.5,1,"lower_better",6,"skew-t",1,85,"yes","no","",FALSE,FALSE,NA,FALSE,FALSE,"other_numeric"
"below_threshold",0.99,94.75,0.0013927806022291,0.000144692895158393,1.85126241385068,23746,11873,0.990035438815927,"lower_better",6,"skew-t",1,85,"yes","no","",FALSE,FALSE,NA,FALSE,FALSE,"other_numeric"
"above_threshold",0.99,94.75,0.564636935940871,0.0261109260263416,0.864119362442844,239,119.5,0.00996456118407338,"lower_better",6,"skew-t",1,85,"yes","no","",FALSE,FALSE,NA,FALSE,FALSE,"other_numeric"
"all",0.995,100.52,0.00387404344902041,9.82360838457862e-05,0.961256098302145,23985,11992.5,1,"lower_better",6,"skew-t",1,85,"yes","no","",FALSE,FALSE,NA,FALSE,FALSE,"other_numeric"
"below_threshold",0.995,100.52,0.000734309352978255,8.69417652111834e-05,3.17092608859722,23865,11932.5,0.994996873045654,"lower_better",6,"skew-t",1,85,"yes","no","",FALSE,FALSE,NA,FALSE,FALSE,"other_numeric"
"above_threshold",0.995,100.52,0.629053346051168,0.0230528815350389,0.82696573866657,120,60,0.00500312695434647,"lower_better",6,"skew-t",1,85,"yes","no","",FALSE,FALSE,NA,FALSE,FALSE,"other_numeric"
"all",0.9,73.25,0.044858337114828,0.00122637546108124,0.995858696731676,23985,11992.5,1,"lower_better",7,"skew-t",5,0,"yes","no","",TRUE,FALSE,NA,FALSE,FALSE,"morris_baseline"
"below_threshold",0.9,73.25,0.0180802805620139,0.000671757230217984,1.00053109828034,21603,10801.5,0.900687929956223,"lower_better",7,"skew-t",5,0,"yes","no","",TRUE,FALSE,NA,FALSE,FALSE,"morris_baseline"
"above_threshold",0.9,73.25,0.287785429286367,0.00177066285896127,0.993001978736464,2382,1191,0.0993120700437774,"lower_better",7,"skew-t",5,0,"yes","no","",TRUE,FALSE,NA,FALSE,FALSE,"morris_baseline"
"all",0.95,79.75,0.0270020669205565,0.00200137883853596,0.998961727351806,23985,11992.5,1,"lower_better",7,"skew-t",5,0,"yes","no","",TRUE,FALSE,NA,FALSE,FALSE,"morris_baseline"
"below_threshold",0.95,79.75,0.00907418324428938,0.000508713443799358,1.07619860407113,22787,11393.5,0.950052115905774,"lower_better",7,"skew-t",5,0,"yes","no","",TRUE,FALSE,NA,FALSE,FALSE,"morris_baseline"
"above_threshold",0.95,79.75,0.367403609370301,0.0123121049063289,0.966234211332298,1198,599,0.0499478840942256,"lower_better",7,"skew-t",5,0,"yes","no","",TRUE,FALSE,NA,FALSE,FALSE,"morris_baseline"
"all",0.98,88.5,0.0127851634917513,0.000593736628368803,0.990166430743989,23985,11992.5,1,"lower_better",7,"skew-t",5,0,"yes","no","",TRUE,FALSE,NA,FALSE,FALSE,"morris_baseline"
"below_threshold",0.98,88.5,0.00283034559706504,0.000193294454037931,1.27822397954844,23508,11754,0.980112570356473,"lower_better",7,"skew-t",5,0,"yes","no","",TRUE,FALSE,NA,FALSE,FALSE,"morris_baseline"
"above_threshold",0.98,88.5,0.503305852685795,0.00230425581622951,0.932112986623803,477,238.5,0.0198874296435272,"lower_better",7,"skew-t",5,0,"yes","no","",TRUE,FALSE,NA,FALSE,FALSE,"morris_baseline"
"all",0.99,94.75,0.00700461214300071,0.000490565541350302,0.964353619378867,23985,11992.5,1,"lower_better",7,"skew-t",5,0,"yes","no","",TRUE,FALSE,NA,FALSE,FALSE,"morris_baseline"
"below_threshold",0.99,94.75,0.00109155982237426,0.000121198721364156,1.45088441668187,23746,11873,0.990035438815927,"lower_better",7,"skew-t",5,0,"yes","no","",TRUE,FALSE,NA,FALSE,FALSE,"morris_baseline"
"above_threshold",0.99,94.75,0.593974512778478,0.0245631691887348,0.9090175378523,239,119.5,0.00996456118407338,"lower_better",7,"skew-t",5,0,"yes","no","",TRUE,FALSE,NA,FALSE,FALSE,"morris_baseline"
"all",0.995,100.52,0.00393850403943453,4.26509303126568e-06,0.977250533173907,23985,11992.5,1,"lower_better",7,"skew-t",5,0,"yes","no","",TRUE,FALSE,NA,FALSE,FALSE,"morris_baseline"
"below_threshold",0.995,100.52,0.000434507276062607,2.57566468208805e-05,1.87630792358032,23865,11932.5,0.994996873045654,"lower_better",7,"skew-t",5,0,"yes","no","",TRUE,FALSE,NA,FALSE,FALSE,"morris_baseline"
"above_threshold",0.995,100.52,0.701424402413793,0.0188336624137931,0.922106134085642,120,60,0.00500312695434647,"lower_better",7,"skew-t",5,0,"yes","no","",TRUE,FALSE,NA,FALSE,FALSE,"morris_baseline"
"all",0.9,73.25,0.0448217672813098,0.00110078246843993,0.995046843482326,23985,11992.5,1,"lower_better",8,"skew-t",5,50,"yes","no","",TRUE,FALSE,NA,FALSE,FALSE,"morris_baseline"
"below_threshold",0.9,73.25,0.0184486785983087,0.000598316952704087,1.02091760116641,21603,10801.5,0.900687929956223,"lower_better",8,"skew-t",5,50,"yes","no","",TRUE,FALSE,NA,FALSE,FALSE,"morris_baseline"
"above_threshold",0.9,73.25,0.284088169996416,0.00224823502088545,0.980244606690464,2382,1191,0.0993120700437774,"lower_better",8,"skew-t",5,50,"yes","no","",TRUE,FALSE,NA,FALSE,FALSE,"morris_baseline"
"all",0.95,79.75,0.0267588600719412,0.00200070061207619,0.989964107491395,23985,11992.5,1,"lower_better",8,"skew-t",5,50,"yes","no","",TRUE,FALSE,NA,FALSE,FALSE,"morris_baseline"
"below_threshold",0.95,79.75,0.00933786652360994,0.000584292659416733,1.10747145469383,22787,11393.5,0.950052115905774,"lower_better",8,"skew-t",5,50,"yes","no","",TRUE,FALSE,NA,FALSE,FALSE,"morris_baseline"
"above_threshold",0.95,79.75,0.357570432365039,0.0113704377780448,0.940373953604145,1198,599,0.0499478840942256,"lower_better",8,"skew-t",5,50,"yes","no","",TRUE,FALSE,NA,FALSE,FALSE,"morris_baseline"
"all",0.98,88.5,0.0126099411676993,0.000661105252053754,0.976596071373524,23985,11992.5,1,"lower_better",8,"skew-t",5,50,"yes","no","",TRUE,FALSE,NA,FALSE,FALSE,"morris_baseline"
"below_threshold",0.98,88.5,0.00308805075921991,0.0002754202977599,1.3946072644241,23508,11754,0.980112570356473,"lower_better",8,"skew-t",5,50,"yes","no","",TRUE,FALSE,NA,FALSE,FALSE,"morris_baseline"
"above_threshold",0.98,88.5,0.481793438289738,0.00242838681147686,0.892272399185381,477,238.5,0.0198874296435272,"lower_better",8,"skew-t",5,50,"yes","no","",TRUE,FALSE,NA,FALSE,FALSE,"morris_baseline"
"all",0.99,94.75,0.00690039069027893,0.000590571815560246,0.950005025467124,23985,11992.5,1,"lower_better",8,"skew-t",5,50,"yes","no","",TRUE,FALSE,NA,FALSE,FALSE,"morris_baseline"
"below_threshold",0.99,94.75,0.00127083112233323,0.000192933637484741,1.68916905316017,23746,11873,0.990035438815927,"lower_better",8,"skew-t",5,50,"yes","no","",TRUE,FALSE,NA,FALSE,FALSE,"morris_baseline"
"above_threshold",0.99,94.75,0.565630557944514,0.0280794902522069,0.865639999789861,239,119.5,0.00996456118407338,"lower_better",8,"skew-t",5,50,"yes","no","",TRUE,FALSE,NA,FALSE,FALSE,"morris_baseline"
"all",0.995,100.52,0.0038696091738763,7.43994914556966e-05,0.960155833403231,23985,11992.5,1,"lower_better",8,"skew-t",5,50,"yes","no","",TRUE,FALSE,NA,FALSE,FALSE,"morris_baseline"
"below_threshold",0.995,100.52,0.000552813741695289,4.29091116156915e-05,2.38718396894578,23865,11932.5,0.994996873045654,"lower_better",8,"skew-t",5,50,"yes","no","",TRUE,FALSE,NA,FALSE,FALSE,"morris_baseline"
"above_threshold",0.995,100.52,0.664434097508343,0.0282176652502781,0.87347796127381,120,60,0.00500312695434647,"lower_better",8,"skew-t",5,50,"yes","no","",TRUE,FALSE,NA,FALSE,FALSE,"morris_baseline"
"all",0.9,73.25,0.0486966424719481,0.000547836630487703,1.08106938478762,23985,11992.5,1,"lower_better",9,"t",5,75,"yes","no","",TRUE,FALSE,NA,FALSE,FALSE,"morris_baseline"
"below_threshold",0.9,73.25,0.0163078779703345,0.00098907907421856,0.902449439338963,21603,10801.5,0.900687929956223,"lower_better",9,"t",5,75,"yes","no","",TRUE,FALSE,NA,FALSE,FALSE,"morris_baseline"
"above_threshold",0.9,73.25,0.342263578699939,0.00478528081066512,1.18097852188433,2382,1191,0.0993120700437774,"lower_better",9,"t",5,75,"yes","no","",TRUE,FALSE,NA,FALSE,FALSE,"morris_baseline"
"all",0.95,79.75,0.0273386354919386,0.00121823046068074,1.0114133342021,23985,11992.5,1,"lower_better",9,"t",5,75,"yes","no","",TRUE,FALSE,NA,FALSE,FALSE,"morris_baseline"
"below_threshold",0.95,79.75,0.0092925852894653,3.2551754288547e-05,1.10210109797244,22787,11393.5,0.950052115905774,"lower_better",9,"t",5,75,"yes","no","",TRUE,FALSE,NA,FALSE,FALSE,"morris_baseline"
"above_threshold",0.95,79.75,0.370304707742532,0.00555455674077468,0.973863805669966,1198,599,0.0499478840942256,"lower_better",9,"t",5,75,"yes","no","",TRUE,FALSE,NA,FALSE,FALSE,"morris_baseline"
"all",0.98,88.5,0.0127781165120196,0.00060246008791362,0.989620666681376,23985,11992.5,1,"lower_better",9,"t",5,75,"yes","no","",TRUE,FALSE,NA,FALSE,FALSE,"morris_baseline"
"below_threshold",0.98,88.5,0.00351829996340016,0.000240157677345942,1.5889138715519,23508,11754,0.980112570356473,"lower_better",9,"t",5,75,"yes","no","",TRUE,FALSE,NA,FALSE,FALSE,"morris_baseline"
"above_threshold",0.98,88.5,0.469071284704101,0.00169106800844923,0.868711209678616,477,238.5,0.0198874296435272,"lower_better",9,"t",5,75,"yes","no","",TRUE,FALSE,NA,FALSE,FALSE,"morris_baseline"
"all",0.99,94.75,0.00702159507379598,0.000680560555166319,0.966691728962341,23985,11992.5,1,"lower_better",9,"t",5,75,"yes","no","",TRUE,FALSE,NA,FALSE,FALSE,"morris_baseline"
"below_threshold",0.99,94.75,0.00156690114210933,0.00025864003773223,2.08270073977493,23746,11873,0.990035438815927,"lower_better",9,"t",5,75,"yes","no","",TRUE,FALSE,NA,FALSE,FALSE,"morris_baseline"
"above_threshold",0.99,94.75,0.5483181342679,0.0309570299943954,0.839145097388819,239,119.5,0.00996456118407338,"lower_better",9,"t",5,75,"yes","no","",TRUE,FALSE,NA,FALSE,FALSE,"morris_baseline"
"all",0.995,100.52,0.00390577931619542,0.000141028771892673,0.969130634625322,23985,11992.5,1,"lower_better",9,"t",5,75,"yes","no","",TRUE,FALSE,NA,FALSE,FALSE,"morris_baseline"
"below_threshold",0.995,100.52,0.000738120846821513,8.88738790795771e-05,3.18738504450606,23865,11932.5,0.994996873045654,"lower_better",9,"t",5,75,"yes","no","",TRUE,FALSE,NA,FALSE,FALSE,"morris_baseline"
"above_threshold",0.995,100.52,0.63491414865406,0.031414959621802,0.834670463526718,120,60,0.00500312695434647,"lower_better",9,"t",5,75,"yes","no","",TRUE,FALSE,NA,FALSE,FALSE,"morris_baseline"
"all",0.9,73.25,0.0633723656680837,0.00330392566808368,1.40687162168925,23985,11992.5,1,"lower_better",10,"skew-t",5,85,"yes","no","",FALSE,FALSE,NA,FALSE,FALSE,"other_numeric"
"below_threshold",0.9,73.25,0.0107247188672611,0.00136401480306039,0.593487181252758,21603,10801.5,0.900687929956223,"lower_better",10,"skew-t",5,85,"yes","no","",FALSE,FALSE,NA,FALSE,FALSE,"other_numeric"
"above_threshold",0.9,73.25,0.542712244386392,0.0614712109769301,1.87262549704674,2382,1191,0.0993120700437774,"lower_better",10,"skew-t",5,85,"yes","no","",FALSE,FALSE,NA,FALSE,FALSE,"other_numeric"
"all",0.95,79.75,0.0319038224968054,0.00022453045810001,1.18030585304087,23985,11992.5,1,"lower_better",10,"skew-t",5,85,"yes","no","",FALSE,FALSE,NA,FALSE,FALSE,"other_numeric"
"below_threshold",0.95,79.75,0.00672446431660138,6.96466319460437e-05,0.79752181720673,22787,11393.5,0.950052115905774,"lower_better",10,"skew-t",5,85,"yes","no","",FALSE,FALSE,NA,FALSE,FALSE,"other_numeric"
"above_threshold",0.95,79.75,0.51227110532611,0.0286792470113243,1.34722102564926,1198,599,0.0499478840942256,"lower_better",10,"skew-t",5,85,"yes","no","",FALSE,FALSE,NA,FALSE,FALSE,"other_numeric"
"all",0.98,88.5,0.013486152701356,0.000218108663985316,1.04445560617082,23985,11992.5,1,"lower_better",10,"skew-t",5,85,"yes","no","",FALSE,FALSE,NA,FALSE,FALSE,"other_numeric"
"below_threshold",0.98,88.5,0.00329222823794813,0.000388813165978107,1.48681669272316,23508,11754,0.980112570356473,"lower_better",10,"skew-t",5,85,"yes","no","",FALSE,FALSE,NA,FALSE,FALSE,"other_numeric"
"above_threshold",0.98,88.5,0.516222753921845,0.0102781565129379,0.956034845121593,477,238.5,0.0198874296435272,"lower_better",10,"skew-t",5,85,"yes","no","",FALSE,FALSE,NA,FALSE,FALSE,"other_numeric"
"all",0.99,94.75,0.00739641042761316,3.10651446257461e-05,1.01829409261549,23985,11992.5,1,"lower_better",10,"skew-t",5,85,"yes","no","",FALSE,FALSE,NA,FALSE,FALSE,"other_numeric"
"below_threshold",0.99,94.75,0.00192902969370598,0.000416949518415233,2.56403640418619,23746,11873,0.990035438815927,"lower_better",10,"skew-t",5,85,"yes","no","",FALSE,FALSE,NA,FALSE,FALSE,"other_numeric"
"above_threshold",0.99,94.75,0.549898231106908,0.0328741770898136,0.841563274780715,239,119.5,0.00996456118407338,"lower_better",10,"skew-t",5,85,"yes","no","",FALSE,FALSE,NA,FALSE,FALSE,"other_numeric"
"all",0.995,100.52,0.00425026624298842,0.00033247132473684,1.05460725963552,23985,11992.5,1,"lower_better",10,"skew-t",5,85,"yes","no","",FALSE,FALSE,NA,FALSE,FALSE,"other_numeric"
"below_threshold",0.995,100.52,0.00124696400635884,0.000470781649275852,5.38469336291027,23865,11932.5,0.994996873045654,"lower_better",10,"skew-t",5,85,"yes","no","",FALSE,FALSE,NA,FALSE,FALSE,"other_numeric"
"above_threshold",0.995,100.52,0.603104339977753,0.0470106593325918,0.792852671611333,120,60,0.00500312695434647,"lower_better",10,"skew-t",5,85,"yes","no","",FALSE,FALSE,NA,FALSE,FALSE,"other_numeric"
"all",0.9,73.25,0.0450789621757304,0.0011626516547668,1.00075659085232,23985,11992.5,1,"lower_better",11,"skew-t",10,0,"yes","no","",TRUE,FALSE,NA,FALSE,FALSE,"morris_baseline"
"below_threshold",0.9,73.25,0.0179431927623641,0.000570775763932174,0.992944899256823,21603,10801.5,0.900687929956223,"lower_better",11,"skew-t",10,0,"yes","no","",TRUE,FALSE,NA,FALSE,FALSE,"morris_baseline"
"above_threshold",0.9,73.25,0.291242226538663,0.00160345221566183,1.00492963789604,2382,1191,0.0993120700437774,"lower_better",11,"skew-t",10,0,"yes","no","",TRUE,FALSE,NA,FALSE,FALSE,"morris_baseline"
"all",0.95,79.75,0.0269659629245399,0.00190877612117243,0.997626032927706,23985,11992.5,1,"lower_better",11,"skew-t",10,0,"yes","no","",TRUE,FALSE,NA,FALSE,FALSE,"morris_baseline"
"below_threshold",0.95,79.75,0.00902692237180166,0.00048291429339774,1.07059346213943,22787,11393.5,0.950052115905774,"lower_better",11,"skew-t",10,0,"yes","no","",TRUE,FALSE,NA,FALSE,FALSE,"morris_baseline"
"above_threshold",0.95,79.75,0.36764794124079,0.010934152558892,0.966876779358753,1198,599,0.0499478840942256,"lower_better",11,"skew-t",10,0,"yes","no","",TRUE,FALSE,NA,FALSE,FALSE,"morris_baseline"
"all",0.98,88.5,0.0127146648344894,0.000664317247592679,0.984706555015508,23985,11992.5,1,"lower_better",11,"skew-t",10,0,"yes","no","",TRUE,FALSE,NA,FALSE,FALSE,"morris_baseline"
"below_threshold",0.98,88.5,0.00287624057845232,0.000195967625278193,1.29895080026284,23508,11754,0.980112570356473,"lower_better",11,"skew-t",10,0,"yes","no","",TRUE,FALSE,NA,FALSE,FALSE,"morris_baseline"
"above_threshold",0.98,88.5,0.497368470796691,0.00593695705756031,0.921117066874716,477,238.5,0.0198874296435272,"lower_better",11,"skew-t",10,0,"yes","no","",TRUE,FALSE,NA,FALSE,FALSE,"morris_baseline"
"all",0.99,94.75,0.006953905087816,0.000430050140745897,0.957372571578199,23985,11992.5,1,"lower_better",11,"skew-t",10,0,"yes","no","",TRUE,FALSE,NA,FALSE,FALSE,"morris_baseline"
"below_threshold",0.99,94.75,0.00113010639692702,0.000105992959216583,1.50211992681032,23746,11873,0.990035438815927,"lower_better",11,"skew-t",10,0,"yes","no","",TRUE,FALSE,NA,FALSE,FALSE,"morris_baseline"
"above_threshold",0.99,94.75,0.585148836939891,0.020189690273224,0.895510739247176,239,119.5,0.00996456118407338,"lower_better",11,"skew-t",10,0,"yes","no","",TRUE,FALSE,NA,FALSE,FALSE,"morris_baseline"
"all",0.995,100.52,0.00391354718064776,1.63297596258423e-05,0.971058054173881,23985,11992.5,1,"lower_better",11,"skew-t",10,0,"yes","no","",TRUE,FALSE,NA,FALSE,FALSE,"morris_baseline"
"below_threshold",0.995,100.52,0.00047901987872982,1.76091774311188e-05,2.06852415029234,23865,11932.5,0.994996873045654,"lower_better",11,"skew-t",10,0,"yes","no","",TRUE,FALSE,NA,FALSE,FALSE,"morris_baseline"
"above_threshold",0.995,100.52,0.687701730656285,0.0224117196885428,0.904066043435677,120,60,0.00500312695434647,"lower_better",11,"skew-t",10,0,"yes","no","",TRUE,FALSE,NA,FALSE,FALSE,"morris_baseline"
"all",0.9,73.25,0.0452073113714665,0.000995507180418728,1.0036059533346,23985,11992.5,1,"lower_better",12,"skew-t",10,50,"yes","no","",TRUE,FALSE,NA,FALSE,FALSE,"morris_baseline"
"below_threshold",0.9,73.25,0.0183714858271841,0.000437289679227308,1.01664588824649,21603,10801.5,0.900687929956223,"lower_better",12,"skew-t",10,50,"yes","no","",TRUE,FALSE,NA,FALSE,FALSE,"morris_baseline"
"above_threshold",0.9,73.25,0.288657755720999,0.00198618410599072,0.996011936112837,2382,1191,0.0993120700437774,"lower_better",12,"skew-t",10,50,"yes","no","",TRUE,FALSE,NA,FALSE,FALSE,"morris_baseline"
"all",0.95,79.75,0.0269942762243276,0.00183297783306312,0.99867350469889,23985,11992.5,1,"lower_better",12,"skew-t",10,50,"yes","no","",TRUE,FALSE,NA,FALSE,FALSE,"morris_baseline"
"below_threshold",0.95,79.75,0.00946149680377385,0.0003888148926783,1.12213401234243,22787,11393.5,0.950052115905774,"lower_better",12,"skew-t",10,50,"yes","no","",TRUE,FALSE,NA,FALSE,FALSE,"morris_baseline"
"above_threshold",0.95,79.75,0.35990967360555,0.0116188336758489,0.946525920698357,1198,599,0.0499478840942256,"lower_better",12,"skew-t",10,50,"yes","no","",TRUE,FALSE,NA,FALSE,FALSE,"morris_baseline"
"all",0.98,88.5,0.0127539909008258,0.000644444034109128,0.987752222031393,23985,11992.5,1,"lower_better",12,"skew-t",10,50,"yes","no","",TRUE,FALSE,NA,FALSE,FALSE,"morris_baseline"
"below_threshold",0.98,88.5,0.00327015503853529,0.000191117149523648,1.47684812463589,23508,11754,0.980112570356473,"lower_better",12,"skew-t",10,50,"yes","no","",TRUE,FALSE,NA,FALSE,FALSE,"morris_baseline"
"above_threshold",0.98,88.5,0.479936935666608,0.00581869688399927,0.888834191194185,477,238.5,0.0198874296435272,"lower_better",12,"skew-t",10,50,"yes","no","",TRUE,FALSE,NA,FALSE,FALSE,"morris_baseline"
"all",0.99,94.75,0.00707079113374189,0.000536180311036217,0.973464751864891,23985,11992.5,1,"lower_better",12,"skew-t",10,50,"yes","no","",TRUE,FALSE,NA,FALSE,FALSE,"morris_baseline"
"below_threshold",0.99,94.75,0.0013970908924863,0.000145409498546905,1.85699158492987,23746,11873,0.990035438815927,"lower_better",12,"skew-t",10,50,"yes","no","",TRUE,FALSE,NA,FALSE,FALSE,"morris_baseline"
"above_threshold",0.99,94.75,0.570203241013031,0.0272481035771333,0.872638025824476,239,119.5,0.00996456118407338,"lower_better",12,"skew-t",10,50,"yes","no","",TRUE,FALSE,NA,FALSE,FALSE,"morris_baseline"
"all",0.995,100.52,0.00394914301045356,7.43006365267493e-05,0.979890352759381,23985,11992.5,1,"lower_better",12,"skew-t",10,50,"yes","no","",TRUE,FALSE,NA,FALSE,FALSE,"morris_baseline"
"below_threshold",0.995,100.52,0.000618045116976526,2.47513289580927e-05,2.6688688866653,23865,11932.5,0.994996873045654,"lower_better",12,"skew-t",10,50,"yes","no","",TRUE,FALSE,NA,FALSE,FALSE,"morris_baseline"
"above_threshold",0.995,100.52,0.667480272925473,0.0319073277641824,0.877482522603542,120,60,0.00500312695434647,"lower_better",12,"skew-t",10,50,"yes","no","",TRUE,FALSE,NA,FALSE,FALSE,"morris_baseline"
"all",0.9,73.25,0.0489472321846428,0.000662772072948167,1.08663249659133,23985,11992.5,1,"lower_better",13,"t",10,75,"yes","no","",TRUE,FALSE,NA,FALSE,FALSE,"morris_baseline"
"below_threshold",0.9,73.25,0.0167964862696049,0.0004679923762765,0.92948816789304,21603,10801.5,0.900687929956223,"lower_better",13,"t",10,75,"yes","no","",TRUE,FALSE,NA,FALSE,FALSE,"morris_baseline"
"above_threshold",0.9,73.25,0.340475238200974,0.00128453321827529,1.17480786321503,2382,1191,0.0993120700437774,"lower_better",13,"t",10,75,"yes","no","",TRUE,FALSE,NA,FALSE,FALSE,"morris_baseline"
"all",0.95,79.75,0.0273789999026396,0.00114710942335309,1.01290664586436,23985,11992.5,1,"lower_better",13,"t",10,75,"yes","no","",TRUE,FALSE,NA,FALSE,FALSE,"morris_baseline"
"below_threshold",0.95,79.75,0.00937658906493467,6.62396715021508e-05,1.11206395010613,22787,11393.5,0.950052115905774,"lower_better",13,"t",10,75,"yes","no","",TRUE,FALSE,NA,FALSE,FALSE,"morris_baseline"
"above_threshold",0.95,79.75,0.369484776365643,0.00605535056599452,0.97170746934912,1198,599,0.0499478840942256,"lower_better",13,"t",10,75,"yes","no","",TRUE,FALSE,NA,FALSE,FALSE,"morris_baseline"
"all",0.98,88.5,0.0127413231121619,0.000622485022639544,0.986771145872701,23985,11992.5,1,"lower_better",13,"t",10,75,"yes","no","",TRUE,FALSE,NA,FALSE,FALSE,"morris_baseline"
"below_threshold",0.98,88.5,0.00351651612378547,0.00015121838264499,1.58810826442974,23508,11754,0.980112570356473,"lower_better",13,"t",10,75,"yes","no","",TRUE,FALSE,NA,FALSE,FALSE,"morris_baseline"
"above_threshold",0.98,88.5,0.467109275059673,0.00715170097271606,0.865077604665493,477,238.5,0.0198874296435272,"lower_better",13,"t",10,75,"yes","no","",TRUE,FALSE,NA,FALSE,FALSE,"morris_baseline"
"all",0.99,94.75,0.00690449847710176,0.000656521476184862,0.950570561289716,23985,11992.5,1,"lower_better",13,"t",10,75,"yes","no","",TRUE,FALSE,NA,FALSE,FALSE,"morris_baseline"
"below_threshold",0.99,94.75,0.00151535159943272,0.000161191437816561,2.0141818857245,23746,11873,0.990035438815927,"lower_better",13,"t",10,75,"yes","no","",TRUE,FALSE,NA,FALSE,FALSE,"morris_baseline"
"above_threshold",0.99,94.75,0.541528680039232,0.0383700701247023,0.828754528713685,239,119.5,0.00996456118407338,"lower_better",13,"t",10,75,"yes","no","",TRUE,FALSE,NA,FALSE,FALSE,"morris_baseline"
"all",0.995,100.52,0.00385644162226743,0.000114616676030869,0.956888603840553,23985,11992.5,1,"lower_better",13,"t",10,75,"yes","no","",TRUE,FALSE,NA,FALSE,FALSE,"morris_baseline"
"below_threshold",0.995,100.52,0.000741691291517935,1.18544151040264e-05,3.20280309166814,23865,11932.5,0.994996873045654,"lower_better",13,"t",10,75,"yes","no","",TRUE,FALSE,NA,FALSE,FALSE,"morris_baseline"
"above_threshold",0.995,100.52,0.6246648210901,0.0411152927030033,0.821196498571326,120,60,0.00500312695434647,"lower_better",13,"t",10,75,"yes","no","",TRUE,FALSE,NA,FALSE,FALSE,"morris_baseline"
"all",0.9,73.25,0.065240129396114,0.00472457713385178,1.44833612687672,23985,11992.5,1,"lower_better",14,"skew-t",10,85,"yes","no","",FALSE,FALSE,NA,FALSE,FALSE,"other_numeric"
"below_threshold",0.9,73.25,0.00795154701799101,0.0040237421475916,0.440024702252306,21603,10801.5,0.900687929956223,"lower_better",14,"skew-t",10,85,"yes","no","",FALSE,FALSE,NA,FALSE,FALSE,"other_numeric"
"above_threshold",0.9,73.25,0.587934694959753,0.101325903344745,2.02866530425316,2382,1191,0.0993120700437774,"lower_better",14,"skew-t",10,85,"yes","no","",FALSE,FALSE,NA,FALSE,FALSE,"other_numeric"
"all",0.95,79.75,0.032123888560327,0.000321373395161854,1.18844736219252,23985,11992.5,1,"lower_better",14,"skew-t",10,85,"yes","no","",FALSE,FALSE,NA,FALSE,FALSE,"other_numeric"
"below_threshold",0.95,79.75,0.00525583569639724,0.00135830280875286,0.623342386572323,22787,11393.5,0.950052115905774,"lower_better",14,"skew-t",10,85,"yes","no","",FALSE,FALSE,NA,FALSE,FALSE,"other_numeric"
"above_threshold",0.95,79.75,0.546241525926499,0.0595665616657679,1.43655978476951,1198,599,0.0499478840942256,"lower_better",14,"skew-t",10,85,"yes","no","",FALSE,FALSE,NA,FALSE,FALSE,"other_numeric"
"all",0.98,88.5,0.0135852915642349,0.000234394647317985,1.05213356618033,23985,11992.5,1,"lower_better",14,"skew-t",10,85,"yes","no","",FALSE,FALSE,NA,FALSE,FALSE,"other_numeric"
"below_threshold",0.98,88.5,0.00317481247605743,0.000216236647763421,1.43379007908938,23508,11754,0.980112570356473,"lower_better",14,"skew-t",10,85,"yes","no","",FALSE,FALSE,NA,FALSE,FALSE,"other_numeric"
"above_threshold",0.98,88.5,0.527350803554656,0.0200070244453441,0.976643784046476,477,238.5,0.0198874296435272,"lower_better",14,"skew-t",10,85,"yes","no","",FALSE,FALSE,NA,FALSE,FALSE,"other_numeric"
"all",0.99,94.75,0.00751348824933335,7.52910821661874e-05,1.0344126754606,23985,11992.5,1,"lower_better",14,"skew-t",10,85,"yes","no","",FALSE,FALSE,NA,FALSE,FALSE,"other_numeric"
"below_threshold",0.99,94.75,0.00216484614253837,0.00060414423456601,2.87747997713116,23746,11873,0.990035438815927,"lower_better",14,"skew-t",10,85,"yes","no","",FALSE,FALSE,NA,FALSE,FALSE,"other_numeric"
"above_threshold",0.99,94.75,0.538039805055345,0.0410570703544907,0.823415160644015,239,119.5,0.00996456118407338,"lower_better",14,"skew-t",10,85,"yes","no","",FALSE,FALSE,NA,FALSE,FALSE,"other_numeric"
"all",0.995,100.52,0.00448586884452845,0.000528231553904492,1.1130667065897,23985,11992.5,1,"lower_better",14,"skew-t",10,85,"yes","no","",FALSE,FALSE,NA,FALSE,FALSE,"other_numeric"
"below_threshold",0.995,100.52,0.00159734924775687,0.000770440456474386,6.89774191458976,23865,11932.5,0.994996873045654,"lower_better",14,"skew-t",10,85,"yes","no","",FALSE,FALSE,NA,FALSE,FALSE,"other_numeric"
"above_threshold",0.995,100.52,0.581172505895439,0.0667435968631813,0.764020656829048,120,60,0.00500312695434647,"lower_better",14,"skew-t",10,85,"yes","no","",FALSE,FALSE,NA,FALSE,FALSE,"other_numeric"
"all",0.9,73.25,0.0452437802091652,0.000900559647358037,1.00441556446862,23985,11992.5,1,"lower_better",15,"skew-t",15,0,"yes","no","",TRUE,FALSE,NA,FALSE,FALSE,"morris_baseline"
"below_threshold",0.9,73.25,0.0180806924337704,0.000404966161286296,1.00055389054285,21603,10801.5,0.900687929956223,"lower_better",15,"skew-t",15,0,"yes","no","",TRUE,FALSE,NA,FALSE,FALSE,"morris_baseline"
"above_threshold",0.9,73.25,0.29168392225715,0.00274779795046201,1.0064537064479,2382,1191,0.0993120700437774,"lower_better",15,"skew-t",15,0,"yes","no","",TRUE,FALSE,NA,FALSE,FALSE,"morris_baseline"
"all",0.95,79.75,0.026975080821772,0.00168629668907217,0.997963356377631,23985,11992.5,1,"lower_better",15,"skew-t",15,0,"yes","no","",TRUE,FALSE,NA,FALSE,FALSE,"morris_baseline"
"below_threshold",0.95,79.75,0.00915084408964004,0.000318410298950506,1.08529058431136,22787,11393.5,0.950052115905774,"lower_better",15,"skew-t",15,0,"yes","no","",TRUE,FALSE,NA,FALSE,FALSE,"morris_baseline"
"above_threshold",0.95,79.75,0.365526283262019,0.0097222588683463,0.96129703416423,1198,599,0.0499478840942256,"lower_better",15,"skew-t",15,0,"yes","no","",TRUE,FALSE,NA,FALSE,FALSE,"morris_baseline"
"all",0.98,88.5,0.0127678227825725,0.000549453333543596,0.988823453149278,23985,11992.5,1,"lower_better",15,"skew-t",15,0,"yes","no","",TRUE,FALSE,NA,FALSE,FALSE,"morris_baseline"
"below_threshold",0.98,88.5,0.00294135645372152,9.6513618674356e-05,1.32835804766919,23508,11754,0.980112570356473,"lower_better",15,"skew-t",15,0,"yes","no","",TRUE,FALSE,NA,FALSE,FALSE,"morris_baseline"
"above_threshold",0.98,88.5,0.496859474924133,0.00508333301108962,0.920174416078153,477,238.5,0.0198874296435272,"lower_better",15,"skew-t",15,0,"yes","no","",TRUE,FALSE,NA,FALSE,FALSE,"morris_baseline"
"all",0.99,94.75,0.00691668377658979,0.000460757945131928,0.952248161337314,23985,11992.5,1,"lower_better",15,"skew-t",15,0,"yes","no","",TRUE,FALSE,NA,FALSE,FALSE,"morris_baseline"
"below_threshold",0.99,94.75,0.00113409449815788,6.16195183599009e-05,1.50742084922374,23746,11873,0.990035438815927,"lower_better",15,"skew-t",15,0,"yes","no","",TRUE,FALSE,NA,FALSE,FALSE,"morris_baseline"
"above_threshold",0.99,94.75,0.580854854489281,0.0277716114123582,0.88893923614248,239,119.5,0.00996456118407338,"lower_better",15,"skew-t",15,0,"yes","no","",TRUE,FALSE,NA,FALSE,FALSE,"morris_baseline"
"all",0.995,100.52,0.00387587803921201,1.30832777839106e-05,0.961711310287442,23985,11992.5,1,"lower_better",15,"skew-t",15,0,"yes","no","",TRUE,FALSE,NA,FALSE,FALSE,"morris_baseline"
"below_threshold",0.995,100.52,0.000468402729823566,1.35145521202968e-05,2.02267672329605,23865,11932.5,0.994996873045654,"lower_better",15,"skew-t",15,0,"yes","no","",TRUE,FALSE,NA,FALSE,FALSE,"morris_baseline"
"above_threshold",0.995,100.52,0.682289431446051,0.022544493381535,0.896950929840985,120,60,0.00500312695434647,"lower_better",15,"skew-t",15,0,"yes","no","",TRUE,FALSE,NA,FALSE,FALSE,"morris_baseline"
"all",0.9,73.25,0.044919565851389,0.000999931729525224,0.997217979614546,23985,11992.5,1,"lower_better",16,"skew-t",15,50,"yes","no","",TRUE,FALSE,NA,FALSE,FALSE,"morris_baseline"
"below_threshold",0.9,73.25,0.0183491464478196,0.000500785724639066,1.01540966607096,21603,10801.5,0.900687929956223,"lower_better",16,"skew-t",15,50,"yes","no","",TRUE,FALSE,NA,FALSE,FALSE,"morris_baseline"
"above_threshold",0.9,73.25,0.285978349087504,0.00243840866336076,0.986766658839775,2382,1191,0.0993120700437774,"lower_better",16,"skew-t",15,50,"yes","no","",TRUE,FALSE,NA,FALSE,FALSE,"morris_baseline"
"all",0.95,79.75,0.0267807262880923,0.0018877222104062,0.990773064565728,23985,11992.5,1,"lower_better",16,"skew-t",15,50,"yes","no","",TRUE,FALSE,NA,FALSE,FALSE,"morris_baseline"
"below_threshold",0.95,79.75,0.0095328987902663,0.000442561359394759,1.13060229164894,22787,11393.5,0.950052115905774,"lower_better",16,"skew-t",15,50,"yes","no","",TRUE,FALSE,NA,FALSE,FALSE,"morris_baseline"
"above_threshold",0.95,79.75,0.354260626485369,0.0119811998421351,0.931669499994428,1198,599,0.0499478840942256,"lower_better",16,"skew-t",15,50,"yes","no","",TRUE,FALSE,NA,FALSE,FALSE,"morris_baseline"
"all",0.98,88.5,0.0126242019459682,0.00071634156087195,0.97770051903485,23985,11992.5,1,"lower_better",16,"skew-t",15,50,"yes","no","",TRUE,FALSE,NA,FALSE,FALSE,"morris_baseline"
"below_threshold",0.98,88.5,0.00325836076248397,0.000214994018199106,1.47152166327166,23508,11754,0.980112570356473,"lower_better",16,"skew-t",15,50,"yes","no","",TRUE,FALSE,NA,FALSE,FALSE,"morris_baseline"
"above_threshold",0.98,88.5,0.473897315214927,0.0084742519105791,0.87764892754734,477,238.5,0.0198874296435272,"lower_better",16,"skew-t",15,50,"yes","no","",TRUE,FALSE,NA,FALSE,FALSE,"morris_baseline"
"all",0.99,94.75,0.00691438288220454,0.000588341075086089,0.951931387791123,23985,11992.5,1,"lower_better",16,"skew-t",15,50,"yes","no","",TRUE,FALSE,NA,FALSE,FALSE,"morris_baseline"
"below_threshold",0.99,94.75,0.00137803728891619,0.00015901304312494,1.83166583004693,23746,11873,0.990035438815927,"lower_better",16,"skew-t",15,50,"yes","no","",TRUE,FALSE,NA,FALSE,FALSE,"morris_baseline"
"above_threshold",0.99,94.75,0.556311290246602,0.0314265422124141,0.85137780908118,239,119.5,0.00996456118407338,"lower_better",16,"skew-t",15,50,"yes","no","",TRUE,FALSE,NA,FALSE,FALSE,"morris_baseline"
"all",0.995,100.52,0.00389196483049816,7.60377220543874e-05,0.965702883027764,23985,11992.5,1,"lower_better",16,"skew-t",15,50,"yes","no","",TRUE,FALSE,NA,FALSE,FALSE,"morris_baseline"
"below_threshold",0.995,100.52,0.000622181439450418,2.68664968446366e-05,2.68673053147496,23865,11932.5,0.994996873045654,"lower_better",16,"skew-t",15,50,"yes","no","",TRUE,FALSE,NA,FALSE,FALSE,"morris_baseline"
"above_threshold",0.995,100.52,0.655213201067853,0.0314294320355951,0.861355991835216,120,60,0.00500312695434647,"lower_better",16,"skew-t",15,50,"yes","no","",TRUE,FALSE,NA,FALSE,FALSE,"morris_baseline"
"all",0.9,73.25,0.0489031168014514,0.000409920312329084,1.08565313153153,23985,11992.5,1,"lower_better",17,"t",15,75,"yes","no","",TRUE,FALSE,NA,FALSE,FALSE,"morris_baseline"
"below_threshold",0.9,73.25,0.0168583866243508,0.000845178153806244,0.932913625241747,21603,10801.5,0.900687929956223,"lower_better",17,"t",15,75,"yes","no","",TRUE,FALSE,NA,FALSE,FALSE,"morris_baseline"
"above_threshold",0.9,73.25,0.339431409840452,0.00219219485775329,1.17120613942369,2382,1191,0.0993120700437774,"lower_better",17,"t",15,75,"yes","no","",TRUE,FALSE,NA,FALSE,FALSE,"morris_baseline"
"all",0.95,79.75,0.0273558536042782,0.00101587762361637,1.01205033118812,23985,11992.5,1,"lower_better",17,"t",15,75,"yes","no","",TRUE,FALSE,NA,FALSE,FALSE,"morris_baseline"
"below_threshold",0.95,79.75,0.00932825061070458,7.70170126765867e-05,1.10633100692382,22787,11393.5,0.950052115905774,"lower_better",17,"t",15,75,"yes","no","",TRUE,FALSE,NA,FALSE,FALSE,"morris_baseline"
"above_threshold",0.95,79.75,0.370064076921607,0.00360134679858398,0.97323097102831,1198,599,0.0499478840942256,"lower_better",17,"t",15,75,"yes","no","",TRUE,FALSE,NA,FALSE,FALSE,"morris_baseline"
"all",0.98,88.5,0.0126954567010046,0.00058154373276252,0.983218951905373,23985,11992.5,1,"lower_better",17,"t",15,75,"yes","no","",TRUE,FALSE,NA,FALSE,FALSE,"morris_baseline"
"below_threshold",0.98,88.5,0.00351337573501737,0.000192876107244787,1.58669002058254,23508,11754,0.980112570356473,"lower_better",17,"t",15,75,"yes","no","",TRUE,FALSE,NA,FALSE,FALSE,"morris_baseline"
"above_threshold",0.98,88.5,0.465104751094174,0.00311216518113008,0.861365263928206,477,238.5,0.0198874296435272,"lower_better",17,"t",15,75,"yes","no","",TRUE,FALSE,NA,FALSE,FALSE,"morris_baseline"
"all",0.99,94.75,0.00698072456248697,0.000591261249992178,0.961064918412082,23985,11992.5,1,"lower_better",17,"t",15,75,"yes","no","",TRUE,FALSE,NA,FALSE,FALSE,"morris_baseline"
"below_threshold",0.99,94.75,0.00157687317719983,0.000183604699085353,2.09595541443301,23746,11873,0.990035438815927,"lower_better",17,"t",15,75,"yes","no","",TRUE,FALSE,NA,FALSE,FALSE,"morris_baseline"
"above_threshold",0.99,94.75,0.543253992957825,0.0295585926159451,0.831394944535482,239,119.5,0.00996456118407338,"lower_better",17,"t",15,75,"yes","no","",TRUE,FALSE,NA,FALSE,FALSE,"morris_baseline"
"all",0.995,100.52,0.00389478971938055,0.000115335482487989,0.966403815193587,23985,11992.5,1,"lower_better",17,"t",15,75,"yes","no","",TRUE,FALSE,NA,FALSE,FALSE,"morris_baseline"
"below_threshold",0.995,100.52,0.00076073686927128,4.986103181841e-05,3.28504652098788,23865,11932.5,0.994996873045654,"lower_better",17,"t",15,75,"yes","no","",TRUE,FALSE,NA,FALSE,FALSE,"morris_baseline"
"above_threshold",0.995,100.52,0.628300294271413,0.0338194981423804,0.825975762180142,120,60,0.00500312695434647,"lower_better",17,"t",15,75,"yes","no","",TRUE,FALSE,NA,FALSE,FALSE,"morris_baseline"
"all",0.9,73.25,0.0723014905366882,0.00264550194809964,1.60509891290249,23985,11992.5,1,"lower_better",18,"skew-t",15,85,"yes","no","",FALSE,FALSE,NA,FALSE,FALSE,"other_numeric"
"below_threshold",0.9,73.25,0.00442752616310303,0.00278823925968084,0.24501155274888,21603,10801.5,0.900687929956223,"lower_better",18,"skew-t",15,85,"yes","no","",FALSE,FALSE,NA,FALSE,FALSE,"other_numeric"
"above_threshold",0.9,73.25,0.69009685610498,0.072331828600902,2.38117525731356,2382,1191,0.0993120700437774,"lower_better",18,"skew-t",15,85,"yes","no","",FALSE,FALSE,NA,FALSE,FALSE,"other_numeric"
"all",0.95,79.75,0.0342157752967922,0.000553783728900192,1.26583828170367,23985,11992.5,1,"lower_better",18,"skew-t",15,85,"yes","no","",FALSE,FALSE,NA,FALSE,FALSE,"other_numeric"
"below_threshold",0.95,79.75,0.00401408856972354,0.00183377620710541,0.476071112854483,22787,11393.5,0.950052115905774,"lower_better",18,"skew-t",15,85,"yes","no","",FALSE,FALSE,NA,FALSE,FALSE,"other_numeric"
"above_threshold",0.95,79.75,0.611506327646528,0.054444996009008,1.60819959071969,1198,599,0.0499478840942256,"lower_better",18,"skew-t",15,85,"yes","no","",FALSE,FALSE,NA,FALSE,FALSE,"other_numeric"
"all",0.98,88.5,0.0140665700228035,0.000454604104657296,1.08940690834935,23985,11992.5,1,"lower_better",18,"skew-t",15,85,"yes","no","",FALSE,FALSE,NA,FALSE,FALSE,"other_numeric"
"below_threshold",0.98,88.5,0.00319920519987924,0.000394953798502504,1.44480617710507,23508,11754,0.980112570356473,"lower_better",18,"skew-t",15,85,"yes","no","",FALSE,FALSE,NA,FALSE,FALSE,"other_numeric"
"above_threshold",0.98,88.5,0.55023723112621,0.0163068074824855,1.01902901808068,477,238.5,0.0198874296435272,"lower_better",18,"skew-t",15,85,"yes","no","",FALSE,FALSE,NA,FALSE,FALSE,"other_numeric"
"all",0.99,94.75,0.00789660284693546,0.000236813749661138,1.08715762996942,23985,11992.5,1,"lower_better",18,"skew-t",15,85,"yes","no","",FALSE,FALSE,NA,FALSE,FALSE,"other_numeric"
"below_threshold",0.99,94.75,0.00270010262492871,0.000285762031636949,3.58893460683613,23746,11873,0.990035438815927,"lower_better",18,"skew-t",15,85,"yes","no","",FALSE,FALSE,NA,FALSE,FALSE,"other_numeric"
"above_threshold",0.99,94.75,0.523313380290038,0.0410704941361917,0.800877866377115,239,119.5,0.00996456118407338,"lower_better",18,"skew-t",15,85,"yes","no","",FALSE,FALSE,NA,FALSE,FALSE,"other_numeric"
"all",0.995,100.52,0.00521821067610371,0.000510152628055662,1.29478073765497,23985,11992.5,1,"lower_better",18,"skew-t",15,85,"yes","no","",FALSE,FALSE,NA,FALSE,FALSE,"other_numeric"
"below_threshold",0.995,100.52,0.00244091212136499,0.00076812472488553,10.5404512338258,23865,11932.5,0.994996873045654,"lower_better",18,"skew-t",15,85,"yes","no","",FALSE,FALSE,NA,FALSE,FALSE,"other_numeric"
"above_threshold",0.995,100.52,0.559865269087875,0.0691665626362625,0.736009749747604,120,60,0.00500312695434647,"lower_better",18,"skew-t",15,85,"yes","no","",FALSE,FALSE,NA,FALSE,FALSE,"other_numeric"
"all",0.9,73.25,0.0490493678327302,0.000138549781550746,1.08889991620463,23985,11992.5,1,"lower_better",19,"t",1,75,"yes","no","",FALSE,FALSE,NA,FALSE,FALSE,"other_numeric"
"below_threshold",0.9,73.25,0.0152067214522245,0.000556057564471336,0.841513363891226,21603,10801.5,0.900687929956223,"lower_better",19,"t",1,75,"yes","no","",FALSE,FALSE,NA,FALSE,FALSE,"other_numeric"
"above_threshold",0.9,73.25,0.356067410946025,0.00370663476331728,1.22860856614509,2382,1191,0.0993120700437774,"lower_better",19,"t",1,75,"yes","no","",FALSE,FALSE,NA,FALSE,FALSE,"other_numeric"
"all",0.95,79.75,0.0275464212855654,0.00102493047619638,1.01910052555421,23985,11992.5,1,"lower_better",19,"t",1,75,"yes","no","",FALSE,FALSE,NA,FALSE,FALSE,"other_numeric"
"below_threshold",0.95,79.75,0.00906513980595383,4.58480908680737e-05,1.07512605181483,22787,11393.5,0.950052115905774,"lower_better",19,"t",1,75,"yes","no","",FALSE,FALSE,NA,FALSE,FALSE,"other_numeric"
"above_threshold",0.95,79.75,0.379022280494718,0.000980348122134322,0.996790137415527,1198,599,0.0499478840942256,"lower_better",19,"t",1,75,"yes","no","",FALSE,FALSE,NA,FALSE,FALSE,"other_numeric"
"all",0.98,88.5,0.0128219111180222,0.000613129529291732,0.993012406547621,23985,11992.5,1,"lower_better",19,"t",1,75,"yes","no","",FALSE,FALSE,NA,FALSE,FALSE,"other_numeric"
"below_threshold",0.98,88.5,0.0034373269749958,0.000201541853894414,1.55234532826818,23508,11754,0.980112570356473,"lower_better",19,"t",1,75,"yes","no","",FALSE,FALSE,NA,FALSE,FALSE,"other_numeric"
"above_threshold",0.98,88.5,0.475182700362612,0.00390761688435134,0.880029436700129,477,238.5,0.0198874296435272,"lower_better",19,"t",1,75,"yes","no","",FALSE,FALSE,NA,FALSE,FALSE,"other_numeric"
"all",0.99,94.75,0.00701295707472163,0.00069710635537513,0.965502500279657,23985,11992.5,1,"lower_better",19,"t",1,75,"yes","no","",FALSE,FALSE,NA,FALSE,FALSE,"other_numeric"
"below_threshold",0.99,94.75,0.00152284554341011,0.000182282415463983,2.02414272004014,23746,11873,0.990035438815927,"lower_better",19,"t",1,75,"yes","no","",FALSE,FALSE,NA,FALSE,FALSE,"other_numeric"
"above_threshold",0.99,94.75,0.551631383820933,0.0401324853593947,0.844215688611497,239,119.5,0.00996456118407338,"lower_better",19,"t",1,75,"yes","no","",FALSE,FALSE,NA,FALSE,FALSE,"other_numeric"
"all",0.995,100.52,0.00389122725951007,0.000147459927677115,0.965519871499999,23985,11992.5,1,"lower_better",19,"t",1,75,"yes","no","",FALSE,FALSE,NA,FALSE,FALSE,"other_numeric"
"below_threshold",0.995,100.52,0.000703237020227265,3.20975447350152e-05,3.03674821090293,23865,11932.5,0.994996873045654,"lower_better",19,"t",1,75,"yes","no","",FALSE,FALSE,NA,FALSE,FALSE,"other_numeric"
"above_threshold",0.995,100.52,0.639364389321468,0.0441397596440489,0.840520836287422,120,60,0.00500312695434647,"lower_better",19,"t",1,75,"yes","no","",FALSE,FALSE,NA,FALSE,FALSE,"other_numeric"
"all",0.9,73.25,0.0586303784211556,0.00179119904631188,1.3015991228992,23985,11992.5,1,"lower_better",20,"t",1,85,"yes","no","",FALSE,FALSE,NA,FALSE,FALSE,"other_numeric"
"below_threshold",0.9,73.25,0.0122088266265564,0.00200166615824201,0.675615108487132,21603,10801.5,0.900687929956223,"lower_better",20,"t",1,85,"yes","no","",FALSE,FALSE,NA,FALSE,FALSE,"other_numeric"
"above_threshold",0.9,73.25,0.4789114784492,0.0222992962000655,1.65248131887332,2382,1191,0.0993120700437774,"lower_better",20,"t",1,85,"yes","no","",FALSE,FALSE,NA,FALSE,FALSE,"other_numeric"
"all",0.95,79.75,0.03071239289857,0.00109263024457316,1.13622802103738,23985,11992.5,1,"lower_better",20,"t",1,85,"yes","no","",FALSE,FALSE,NA,FALSE,FALSE,"other_numeric"
"below_threshold",0.95,79.75,0.00714973105498553,0.000813080145574495,0.847958474466758,22787,11393.5,0.950052115905774,"lower_better",20,"t",1,85,"yes","no","",FALSE,FALSE,NA,FALSE,FALSE,"other_numeric"
"above_threshold",0.95,79.75,0.478159801534614,0.0135740613588674,1.25751175803216,1198,599,0.0499478840942256,"lower_better",20,"t",1,85,"yes","no","",FALSE,FALSE,NA,FALSE,FALSE,"other_numeric"
"all",0.98,88.5,0.0131307404338772,0.000307425171728368,1.01693016259247,23985,11992.5,1,"lower_better",20,"t",1,85,"yes","no","",FALSE,FALSE,NA,FALSE,FALSE,"other_numeric"
"below_threshold",0.98,88.5,0.00293210450693329,3.30580379947366e-05,1.32417973804705,23508,11754,0.980112570356473,"lower_better",20,"t",1,85,"yes","no","",FALSE,FALSE,NA,FALSE,FALSE,"other_numeric"
"above_threshold",0.98,88.5,0.515911877248724,0.0046456592730153,0.955459107361525,477,238.5,0.0198874296435272,"lower_better",20,"t",1,85,"yes","no","",FALSE,FALSE,NA,FALSE,FALSE,"other_numeric"
"all",0.99,94.75,0.00709387944814657,0.000523555977278854,0.976643414595526,23985,11992.5,1,"lower_better",20,"t",1,85,"yes","no","",FALSE,FALSE,NA,FALSE,FALSE,"other_numeric"
"below_threshold",0.99,94.75,0.00145575292309805,0.000172730849023978,1.93496424783017,23746,11873,0.990035438815927,"lower_better",20,"t",1,85,"yes","no","",FALSE,FALSE,NA,FALSE,FALSE,"other_numeric"
"above_threshold",0.99,94.75,0.566775695676054,0.0233409226846014,0.867392516537351,239,119.5,0.00996456118407338,"lower_better",20,"t",1,85,"yes","no","",FALSE,FALSE,NA,FALSE,FALSE,"other_numeric"
"all",0.995,100.52,0.0039385853233053,0.00011037549751552,0.977270701924592,23985,11992.5,1,"lower_better",20,"t",1,85,"yes","no","",FALSE,FALSE,NA,FALSE,FALSE,"other_numeric"
"below_threshold",0.995,100.52,0.000758225465874633,9.75966196241095e-05,3.27420167131094,23865,11932.5,0.994996873045654,"lower_better",20,"t",1,85,"yes","no","",FALSE,FALSE,NA,FALSE,FALSE,"other_numeric"
"above_threshold",0.995,100.52,0.637216057296997,0.0236285089098999,0.837696597308851,120,60,0.00500312695434647,"lower_better",20,"t",1,85,"yes","no","",FALSE,FALSE,NA,FALSE,FALSE,"other_numeric"
"all",0.9,73.25,0.0489244085270667,0.000416026854982012,1.08612580955498,23985,11992.5,1,"lower_better",21,"t",5,75,"yes","no","",FALSE,FALSE,NA,FALSE,FALSE,"other_numeric"
"below_threshold",0.9,73.25,0.0166544838233755,0.000548631944542579,0.921630000925053,21603,10801.5,0.900687929956223,"lower_better",21,"t",5,75,"yes","no","",FALSE,FALSE,NA,FALSE,FALSE,"other_numeric"
"above_threshold",0.9,73.25,0.341584151938507,0.000505879964607686,1.1786341637277,2382,1191,0.0993120700437774,"lower_better",21,"t",5,75,"yes","no","",FALSE,FALSE,NA,FALSE,FALSE,"other_numeric"
"all",0.95,79.75,0.0273815058175255,0.00115686148310852,1.01299935406593,23985,11992.5,1,"lower_better",21,"t",5,75,"yes","no","",FALSE,FALSE,NA,FALSE,FALSE,"other_numeric"
"below_threshold",0.95,79.75,0.00922878587917654,1.77033507849566e-05,1.09453448459856,22787,11393.5,0.950052115905774,"lower_better",21,"t",5,75,"yes","no","",FALSE,FALSE,NA,FALSE,FALSE,"other_numeric"
"above_threshold",0.95,79.75,0.372393195414486,0.00517319689076029,0.979356316323431,1198,599,0.0499478840942256,"lower_better",21,"t",5,75,"yes","no","",FALSE,FALSE,NA,FALSE,FALSE,"other_numeric"
"all",0.98,88.5,0.0127317286173508,0.000633316350950851,0.986028085630408,23985,11992.5,1,"lower_better",21,"t",5,75,"yes","no","",FALSE,FALSE,NA,FALSE,FALSE,"other_numeric"
"below_threshold",0.98,88.5,0.0034226149082306,0.000144790103267568,1.54570115147667,23508,11754,0.980112570356473,"lower_better",21,"t",5,75,"yes","no","",FALSE,FALSE,NA,FALSE,FALSE,"other_numeric"
"above_threshold",0.98,88.5,0.471228722766766,0.0078613858972012,0.872706744451985,477,238.5,0.0198874296435272,"lower_better",21,"t",5,75,"yes","no","",FALSE,FALSE,NA,FALSE,FALSE,"other_numeric"
"all",0.99,94.75,0.00695231330451231,0.000662325414206404,0.957153424256572,23985,11992.5,1,"lower_better",21,"t",5,75,"yes","no","",FALSE,FALSE,NA,FALSE,FALSE,"other_numeric"
"below_threshold",0.99,94.75,0.00150601767317935,0.000152919094054768,2.0017753754537,23746,11873,0.990035438815927,"lower_better",21,"t",5,75,"yes","no","",FALSE,FALSE,NA,FALSE,FALSE,"other_numeric"
"above_threshold",0.99,94.75,0.547227006338798,0.0396528730054645,0.837475237146914,239,119.5,0.00996456118407338,"lower_better",21,"t",5,75,"yes","no","",FALSE,FALSE,NA,FALSE,FALSE,"other_numeric"
"all",0.995,100.52,0.00389073197560151,0.000138897200241001,0.965396978020934,23985,11992.5,1,"lower_better",21,"t",5,75,"yes","no","",FALSE,FALSE,NA,FALSE,FALSE,"other_numeric"
"below_threshold",0.995,100.52,0.000719941729748768,2.84600908715166e-05,3.10888320279612,23865,11932.5,0.994996873045654,"lower_better",21,"t",5,75,"yes","no","",FALSE,FALSE,NA,FALSE,FALSE,"other_numeric"
"above_threshold",0.995,100.52,0.63590698298109,0.043037169432703,0.835975662803982,120,60,0.00500312695434647,"lower_better",21,"t",5,75,"yes","no","",FALSE,FALSE,NA,FALSE,FALSE,"other_numeric"
"all",0.9,73.25,0.0584246265260096,0.00161002959344315,1.2970314142562,23985,11992.5,1,"lower_better",22,"t",5,85,"yes","no","",FALSE,FALSE,NA,FALSE,FALSE,"other_numeric"
"below_threshold",0.9,73.25,0.0125315451416879,0.000758851950831211,0.693473786579677,21603,10801.5,0.900687929956223,"lower_better",22,"t",5,85,"yes","no","",FALSE,FALSE,NA,FALSE,FALSE,"other_numeric"
"above_threshold",0.9,73.25,0.474335342703845,0.00934959484917333,1.63669138864171,2382,1191,0.0993120700437774,"lower_better",22,"t",5,85,"yes","no","",FALSE,FALSE,NA,FALSE,FALSE,"other_numeric"
"all",0.95,79.75,0.0304651815728982,0.00119738510711512,1.12708225254342,23985,11992.5,1,"lower_better",22,"t",5,85,"yes","no","",FALSE,FALSE,NA,FALSE,FALSE,"other_numeric"
"below_threshold",0.95,79.75,0.00741044728751813,0.000555178830787785,0.878879433186303,22787,11393.5,0.950052115905774,"lower_better",22,"t",5,85,"yes","no","",FALSE,FALSE,NA,FALSE,FALSE,"other_numeric"
"above_threshold",0.95,79.75,0.468380705296884,0.0112724822388873,1.23179372723491,1198,599,0.0499478840942256,"lower_better",22,"t",5,85,"yes","no","",FALSE,FALSE,NA,FALSE,FALSE,"other_numeric"
"all",0.98,88.5,0.0129968889784846,0.000304745439266473,1.0065638330636,23985,11992.5,1,"lower_better",22,"t",5,85,"yes","no","",FALSE,FALSE,NA,FALSE,FALSE,"other_numeric"
"below_threshold",0.98,88.5,0.00310834908813404,4.61321594226866e-05,1.40377427596845,23508,11754,0.980112570356473,"lower_better",22,"t",5,85,"yes","no","",FALSE,FALSE,NA,FALSE,FALSE,"other_numeric"
"above_threshold",0.98,88.5,0.500336786882591,0.00031045311740896,0.926614332518076,477,238.5,0.0198874296435272,"lower_better",22,"t",5,85,"yes","no","",FALSE,FALSE,NA,FALSE,FALSE,"other_numeric"
"all",0.99,94.75,0.00698109710443877,0.00047276555155055,0.961116207787177,23985,11992.5,1,"lower_better",22,"t",5,85,"yes","no","",FALSE,FALSE,NA,FALSE,FALSE,"other_numeric"
"below_threshold",0.99,94.75,0.0015349392853236,7.00335210138352e-05,2.04021753455968,23746,11873,0.990035438815927,"lower_better",22,"t",5,85,"yes","no","",FALSE,FALSE,NA,FALSE,FALSE,"other_numeric"
"above_threshold",0.99,94.75,0.547470170061651,0.0288601430531036,0.837847374475852,239,119.5,0.00996456118407338,"lower_better",22,"t",5,85,"yes","no","",FALSE,FALSE,NA,FALSE,FALSE,"other_numeric"
"all",0.995,100.52,0.00388382129018866,7.11339083432018e-05,0.96368224802785,23985,11992.5,1,"lower_better",22,"t",5,85,"yes","no","",FALSE,FALSE,NA,FALSE,FALSE,"other_numeric"
"below_threshold",0.995,100.52,0.000818636890473721,2.04142310686096e-05,3.53507287162131,23865,11932.5,0.994996873045654,"lower_better",22,"t",5,85,"yes","no","",FALSE,FALSE,NA,FALSE,FALSE,"other_numeric"
"above_threshold",0.995,100.52,0.61448066839822,0.0303835219466073,0.807808213767817,120,60,0.00500312695434647,"lower_better",22,"t",5,85,"yes","no","",FALSE,FALSE,NA,FALSE,FALSE,"other_numeric"
"all",0.9,73.25,0.0488851792899251,0.000492172094792968,1.08525491733101,23985,11992.5,1,"lower_better",23,"t",10,75,"yes","no","",FALSE,FALSE,NA,FALSE,FALSE,"other_numeric"
"below_threshold",0.9,73.25,0.0167832719350758,0.000751961855164978,0.928756909736172,21603,10801.5,0.900687929956223,"lower_better",23,"t",10,75,"yes","no","",FALSE,FALSE,NA,FALSE,FALSE,"other_numeric"
"above_threshold",0.9,73.25,0.339935820288191,0.00215775990756786,1.17294660479034,2382,1191,0.0993120700437774,"lower_better",23,"t",10,75,"yes","no","",FALSE,FALSE,NA,FALSE,FALSE,"other_numeric"
"all",0.95,79.75,0.0274489269185815,0.001114846908579,1.01549364829048,23985,11992.5,1,"lower_better",23,"t",10,75,"yes","no","",FALSE,FALSE,NA,FALSE,FALSE,"other_numeric"
"below_threshold",0.95,79.75,0.0093305169004066,0.000159868846880763,1.10659978900019,22787,11393.5,0.950052115905774,"lower_better",23,"t",10,75,"yes","no","",FALSE,FALSE,NA,FALSE,FALSE,"other_numeric"
"above_threshold",0.95,79.75,0.371704842151656,0.00707596770525928,0.977546017091019,1198,599,0.0499478840942256,"lower_better",23,"t",10,75,"yes","no","",FALSE,FALSE,NA,FALSE,FALSE,"other_numeric"
"all",0.98,88.5,0.0128610424399794,0.000541809211672287,0.996042991288878,23985,11992.5,1,"lower_better",23,"t",10,75,"yes","no","",FALSE,FALSE,NA,FALSE,FALSE,"other_numeric"
"below_threshold",0.98,88.5,0.00355128887951373,4.1996138798169e-05,1.60381213121298,23508,11754,0.980112570356473,"lower_better",23,"t",10,75,"yes","no","",FALSE,FALSE,NA,FALSE,FALSE,"other_numeric"
"above_threshold",0.98,88.5,0.471369146153142,0.0083256967618377,0.872966805926272,477,238.5,0.0198874296435272,"lower_better",23,"t",10,75,"yes","no","",FALSE,FALSE,NA,FALSE,FALSE,"other_numeric"
"all",0.99,94.75,0.00702406922297641,0.000553088121034262,0.967032355205212,23985,11992.5,1,"lower_better",23,"t",10,75,"yes","no","",FALSE,FALSE,NA,FALSE,FALSE,"other_numeric"
"below_threshold",0.99,94.75,0.00157794025974533,0.000109911993752061,2.09737376403222,23746,11873,0.990035438815927,"lower_better",23,"t",10,75,"yes","no","",FALSE,FALSE,NA,FALSE,FALSE,"other_numeric"
"above_threshold",0.99,94.75,0.547423801049461,0.0329606858357854,0.837776411422073,239,119.5,0.00996456118407338,"lower_better",23,"t",10,75,"yes","no","",FALSE,FALSE,NA,FALSE,FALSE,"other_numeric"
"all",0.995,100.52,0.00392517584951418,0.00010175451084618,0.973943444854206,23985,11992.5,1,"lower_better",23,"t",10,75,"yes","no","",FALSE,FALSE,NA,FALSE,FALSE,"other_numeric"
"below_threshold",0.995,100.52,0.00077185437389169,2.26705850353848e-05,3.33305460545252,23865,11932.5,0.994996873045654,"lower_better",23,"t",10,75,"yes","no","",FALSE,FALSE,NA,FALSE,FALSE,"other_numeric"
"above_threshold",0.995,100.52,0.63225671621802,0.0366425665406007,0.831176951265442,120,60,0.00500312695434647,"lower_better",23,"t",10,75,"yes","no","",FALSE,FALSE,NA,FALSE,FALSE,"other_numeric"
"all",0.9,73.25,0.0582655979652245,0.00174493732339741,1.293500967399,23985,11992.5,1,"lower_better",24,"t",10,85,"yes","no","",FALSE,FALSE,NA,FALSE,FALSE,"other_numeric"
"below_threshold",0.9,73.25,0.0121259974858453,0.00104546978839134,0.671031488734051,21603,10801.5,0.900687929956223,"lower_better",24,"t",10,85,"yes","no","",FALSE,FALSE,NA,FALSE,FALSE,"other_numeric"
"above_threshold",0.9,73.25,0.47628780125671,0.0132372052359489,1.64342833571789,2382,1191,0.0993120700437774,"lower_better",24,"t",10,85,"yes","no","",FALSE,FALSE,NA,FALSE,FALSE,"other_numeric"
"all",0.95,79.75,0.0304925620018005,0.00125825479833297,1.12809521205619,23985,11992.5,1,"lower_better",24,"t",10,85,"yes","no","",FALSE,FALSE,NA,FALSE,FALSE,"other_numeric"
"below_threshold",0.95,79.75,0.00730850800830181,0.000649476156906445,0.866789429376687,22787,11393.5,0.950052115905774,"lower_better",24,"t",10,85,"yes","no","",FALSE,FALSE,NA,FALSE,FALSE,"other_numeric"
"above_threshold",0.95,79.75,0.47071727019891,0.0141616630284352,1.23793865583048,1198,599,0.0499478840942256,"lower_better",24,"t",10,85,"yes","no","",FALSE,FALSE,NA,FALSE,FALSE,"other_numeric"
"all",0.98,88.5,0.0130302798709963,0.000419402871746465,1.00914984151621,23985,11992.5,1,"lower_better",24,"t",10,85,"yes","no","",FALSE,FALSE,NA,FALSE,FALSE,"other_numeric"
"below_threshold",0.98,88.5,0.00307063746404702,1.59851993336215e-05,1.3867431747963,23508,11754,0.980112570356473,"lower_better",24,"t",10,85,"yes","no","",FALSE,FALSE,NA,FALSE,FALSE,"other_numeric"
"above_threshold",0.98,88.5,0.503725682476325,0.00384567169371591,0.932890503511071,477,238.5,0.0198874296435272,"lower_better",24,"t",10,85,"yes","no","",FALSE,FALSE,NA,FALSE,FALSE,"other_numeric"
"all",0.99,94.75,0.00701645898397272,0.000585547842854107,0.965984622457456,23985,11992.5,1,"lower_better",24,"t",10,85,"yes","no","",FALSE,FALSE,NA,FALSE,FALSE,"other_numeric"
"below_threshold",0.99,94.75,0.0015432986916851,0.000130015196735601,2.05132872807744,23746,11873,0.990035438815927,"lower_better",24,"t",10,85,"yes","no","",FALSE,FALSE,NA,FALSE,FALSE,"other_numeric"
"above_threshold",0.99,94.75,0.550076695879221,0.0341635929732381,0.841836396950828,239,119.5,0.00996456118407338,"lower_better",24,"t",10,85,"yes","no","",FALSE,FALSE,NA,FALSE,FALSE,"other_numeric"
"all",0.995,100.52,0.00390509150357159,0.0001215770182836,0.968959969508154,23985,11992.5,1,"lower_better",24,"t",10,85,"yes","no","",FALSE,FALSE,NA,FALSE,FALSE,"other_numeric"
"below_threshold",0.995,100.52,0.0008338969714797,4.40848726108275e-05,3.6009696068048,23865,11932.5,0.994996873045654,"lower_better",24,"t",10,85,"yes","no","",FALSE,FALSE,NA,FALSE,FALSE,"other_numeric"
"above_threshold",0.995,100.52,0.615875084694105,0.0358038608231368,0.809641340496056,120,60,0.00500312695434647,"lower_better",24,"t",10,85,"yes","no","",FALSE,FALSE,NA,FALSE,FALSE,"other_numeric"
"all",0.9,73.25,0.0488260428699993,0.000446959659196583,1.08394208404595,23985,11992.5,1,"lower_better",25,"t",15,75,"yes","no","",FALSE,FALSE,NA,FALSE,FALSE,"other_numeric"
"below_threshold",0.9,73.25,0.0166870399805177,0.000846419504769666,0.923431601710478,21603,10801.5,0.900687929956223,"lower_better",25,"t",15,75,"yes","no","",FALSE,FALSE,NA,FALSE,FALSE,"other_numeric"
"above_threshold",0.9,73.25,0.340198669455822,0.00254847308903966,1.17385356434078,2382,1191,0.0993120700437774,"lower_better",25,"t",15,75,"yes","no","",FALSE,FALSE,NA,FALSE,FALSE,"other_numeric"
"all",0.95,79.75,0.0274846196094557,0.0011594547549087,1.01681412617221,23985,11992.5,1,"lower_better",25,"t",15,75,"yes","no","",FALSE,FALSE,NA,FALSE,FALSE,"other_numeric"
"below_threshold",0.95,79.75,0.00957040205290965,1.08339080024033e-05,1.1350501805463,22787,11393.5,0.950052115905774,"lower_better",25,"t",15,75,"yes","no","",FALSE,FALSE,NA,FALSE,FALSE,"other_numeric"
"above_threshold",0.95,79.75,0.367973964548576,0.00492254451342688,0.967734187575876,1198,599,0.0499478840942256,"lower_better",25,"t",15,75,"yes","no","",FALSE,FALSE,NA,FALSE,FALSE,"other_numeric"
"all",0.98,88.5,0.012777681627952,0.000611916269945865,0.989586986423373,23985,11992.5,1,"lower_better",25,"t",15,75,"yes","no","",FALSE,FALSE,NA,FALSE,FALSE,"other_numeric"
"below_threshold",0.98,88.5,0.00364398775906184,0.000228124616374664,1.64567625227245,23508,11754,0.980112570356473,"lower_better",25,"t",15,75,"yes","no","",FALSE,FALSE,NA,FALSE,FALSE,"other_numeric"
"above_threshold",0.98,88.5,0.462808028162295,0.00298965685794755,0.857111776192953,477,238.5,0.0198874296435272,"lower_better",25,"t",15,75,"yes","no","",FALSE,FALSE,NA,FALSE,FALSE,"other_numeric"
"all",0.99,94.75,0.00702219595205608,0.000682034451680988,0.966774454331442,23985,11992.5,1,"lower_better",25,"t",15,75,"yes","no","",FALSE,FALSE,NA,FALSE,FALSE,"other_numeric"
"below_threshold",0.99,94.75,0.00164338897260316,0.000253470245330432,2.18436717990453,23746,11873,0.990035438815927,"lower_better",25,"t",15,75,"yes","no","",FALSE,FALSE,NA,FALSE,FALSE,"other_numeric"
"above_threshold",0.99,94.75,0.540761338625473,0.0317811417023959,0.82758019077894,239,119.5,0.00996456118407338,"lower_better",25,"t",15,75,"yes","no","",FALSE,FALSE,NA,FALSE,FALSE,"other_numeric"
"all",0.995,100.52,0.00389910182115599,0.000191286714045879,0.967473765539445,23985,11992.5,1,"lower_better",25,"t",15,75,"yes","no","",FALSE,FALSE,NA,FALSE,FALSE,"other_numeric"
"below_threshold",0.995,100.52,0.00079668066343434,9.29985721063135e-05,3.44026055193076,23865,11932.5,0.994996873045654,"lower_better",25,"t",15,75,"yes","no","",FALSE,FALSE,NA,FALSE,FALSE,"other_numeric"
"above_threshold",0.995,100.52,0.622223300667408,0.0402198800222469,0.817986828433657,120,60,0.00500312695434647,"lower_better",25,"t",15,75,"yes","no","",FALSE,FALSE,NA,FALSE,FALSE,"other_numeric"
"all",0.9,73.25,0.0593637613031736,0.00111704184664284,1.3178802819449,23985,11992.5,1,"lower_better",26,"t",15,85,"yes","no","",FALSE,FALSE,NA,FALSE,FALSE,"other_numeric"
"below_threshold",0.9,73.25,0.0108687433891203,0.000871185761595171,0.601457246348863,21603,10801.5,0.900687929956223,"lower_better",26,"t",15,85,"yes","no","",FALSE,FALSE,NA,FALSE,FALSE,"other_numeric"
"above_threshold",0.9,73.25,0.499531863927166,0.0111968307787161,1.72363184109644,2382,1191,0.0993120700437774,"lower_better",26,"t",15,85,"yes","no","",FALSE,FALSE,NA,FALSE,FALSE,"other_numeric"
"all",0.95,79.75,0.0306203558307232,0.00128270665509596,1.13282304065025,23985,11992.5,1,"lower_better",26,"t",15,85,"yes","no","",FALSE,FALSE,NA,FALSE,FALSE,"other_numeric"
"below_threshold",0.95,79.75,0.00700707459824206,0.000165188262925295,0.831039411287636,22787,11393.5,0.950052115905774,"lower_better",26,"t",15,85,"yes","no","",FALSE,FALSE,NA,FALSE,FALSE,"other_numeric"
"above_threshold",0.95,79.75,0.47983141198689,0.00131920333824159,1.26190792389938,1198,599,0.0499478840942256,"lower_better",26,"t",15,85,"yes","no","",FALSE,FALSE,NA,FALSE,FALSE,"other_numeric"
"all",0.98,88.5,0.0130755690767449,0.000398669525190356,1.01265733293282,23985,11992.5,1,"lower_better",26,"t",15,85,"yes","no","",FALSE,FALSE,NA,FALSE,FALSE,"other_numeric"
"below_threshold",0.98,88.5,0.00324818256252143,7.47122982229691e-05,1.46692504465581,23508,11754,0.980112570356473,"lower_better",26,"t",15,85,"yes","no","",FALSE,FALSE,NA,FALSE,FALSE,"other_numeric"
"above_threshold",0.98,88.5,0.497446504893857,0.00143410084527373,0.921261584557114,477,238.5,0.0198874296435272,"lower_better",26,"t",15,85,"yes","no","",FALSE,FALSE,NA,FALSE,FALSE,"other_numeric"
"all",0.99,94.75,0.00708708199288936,0.00059343105015368,0.975707581112382,23985,11992.5,1,"lower_better",26,"t",15,85,"yes","no","",FALSE,FALSE,NA,FALSE,FALSE,"other_numeric"
"below_threshold",0.99,94.75,0.00174297443810031,9.20347950026702e-05,2.31673463888956,23746,11873,0.990035438815927,"lower_better",26,"t",15,85,"yes","no","",FALSE,FALSE,NA,FALSE,FALSE,"other_numeric"
"above_threshold",0.99,94.75,0.537221367745551,0.0390062617626454,0.822162625640863,239,119.5,0.00996456118407338,"lower_better",26,"t",15,85,"yes","no","",FALSE,FALSE,NA,FALSE,FALSE,"other_numeric"
"all",0.995,100.52,0.00396395854717558,0.000110479334038965,0.983566492485501,23985,11992.5,1,"lower_better",26,"t",15,85,"yes","no","",FALSE,FALSE,NA,FALSE,FALSE,"other_numeric"
"below_threshold",0.995,100.52,0.000975633344764583,1.31254386455553e-05,4.21302168258096,23865,11932.5,0.994996873045654,"lower_better",26,"t",15,85,"yes","no","",FALSE,FALSE,NA,FALSE,FALSE,"other_numeric"
"above_threshold",0.995,100.52,0.599739201657397,0.0444270397219133,0.788428795457939,120,60,0.00500312695434647,"lower_better",26,"t",15,85,"yes","no","",FALSE,FALSE,NA,FALSE,FALSE,"other_numeric"
"all",0.9,73.25,0.0447602859957657,0.00130087204894567,0.993681953991692,23985,11992.5,1,"lower_better",27,"skew-t",2,0,"yes","no","",FALSE,FALSE,NA,FALSE,FALSE,"other_numeric"
"below_threshold",0.9,73.25,0.0178865771319478,0.000864908119864087,0.989811889307897,21603,10801.5,0.900687929956223,"lower_better",27,"skew-t",2,0,"yes","no","",FALSE,FALSE,NA,FALSE,FALSE,"other_numeric"
"above_threshold",0.9,73.25,0.288591307489797,0.00280201029566993,0.995782656870902,2382,1191,0.0993120700437774,"lower_better",27,"skew-t",2,0,"yes","no","",FALSE,FALSE,NA,FALSE,FALSE,"other_numeric"
"all",0.95,79.75,0.026947769145049,0.00211766488898501,0.996952940403316,23985,11992.5,1,"lower_better",27,"skew-t",2,0,"yes","no","",FALSE,FALSE,NA,FALSE,FALSE,"other_numeric"
"below_threshold",0.95,79.75,0.00842807620433599,0.000620785336292587,0.999570275574902,22787,11393.5,0.950052115905774,"lower_better",27,"skew-t",2,0,"yes","no","",FALSE,FALSE,NA,FALSE,FALSE,"other_numeric"
"above_threshold",0.95,79.75,0.378631787889835,0.0119093964662854,0.995763181488893,1198,599,0.0499478840942256,"lower_better",27,"skew-t",2,0,"yes","no","",FALSE,FALSE,NA,FALSE,FALSE,"other_numeric"
"all",0.98,88.5,0.0128526483505336,0.000705911949766721,0.995392898265723,23985,11992.5,1,"lower_better",27,"skew-t",2,0,"yes","no","",FALSE,FALSE,NA,FALSE,FALSE,"other_numeric"
"below_threshold",0.98,88.5,0.00228383367126883,0.000221762468753318,1.03141148803281,23508,11754,0.980112570356473,"lower_better",27,"skew-t",2,0,"yes","no","",FALSE,FALSE,NA,FALSE,FALSE,"other_numeric"
"above_threshold",0.98,88.5,0.533520850147157,0.00543387292976588,0.988070594456595,477,238.5,0.0198874296435272,"lower_better",27,"skew-t",2,0,"yes","no","",FALSE,FALSE,NA,FALSE,FALSE,"other_numeric"
"all",0.99,94.75,0.00716018881840831,0.000584729947023793,0.98577249696371,23985,11992.5,1,"lower_better",27,"skew-t",2,0,"yes","no","",FALSE,FALSE,NA,FALSE,FALSE,"other_numeric"
"below_threshold",0.99,94.75,0.000791000580052732,0.000101489566584719,1.05138572496061,23746,11873,0.990035438815927,"lower_better",27,"skew-t",2,0,"yes","no","",FALSE,FALSE,NA,FALSE,FALSE,"other_numeric"
"above_threshold",0.99,94.75,0.639226701087292,0.0350011520274625,0.978271406349932,239,119.5,0.00996456118407338,"lower_better",27,"skew-t",2,0,"yes","no","",FALSE,FALSE,NA,FALSE,FALSE,"other_numeric"
"all",0.995,100.52,0.00399709635304347,5.73141941704147e-05,0.991788888128201,23985,11992.5,1,"lower_better",27,"skew-t",2,0,"yes","no","",FALSE,FALSE,NA,FALSE,FALSE,"other_numeric"
"below_threshold",0.995,100.52,0.000256311663892606,8.39575940999216e-06,1.10681600139294,23865,11932.5,0.994996873045654,"lower_better",27,"skew-t",2,0,"yes","no","",FALSE,FALSE,NA,FALSE,FALSE,"other_numeric"
"above_threshold",0.995,100.52,0.749090587719689,0.0344665515906563,0.984769026491116,120,60,0.00500312695434647,"lower_better",27,"skew-t",2,0,"yes","no","",FALSE,FALSE,NA,FALSE,FALSE,"other_numeric"
"all",0.9,73.25,0.0489693255820324,0.000115156116332636,1.08712297179273,23985,11992.5,1,"lower_better",28,"skew-t",2,75,"yes","no","",FALSE,FALSE,NA,FALSE,FALSE,"other_numeric"
"below_threshold",0.9,73.25,0.0151533929427113,0.000433877703908059,0.838562257462873,21603,10801.5,0.900687929956223,"lower_better",28,"skew-t",2,75,"yes","no","",FALSE,FALSE,NA,FALSE,FALSE,"other_numeric"
"above_threshold",0.9,73.25,0.355788522970303,0.00504354450374528,1.22764626477902,2382,1191,0.0993120700437774,"lower_better",28,"skew-t",2,75,"yes","no","",FALSE,FALSE,NA,FALSE,FALSE,"other_numeric"
"all",0.95,79.75,0.0274347428809843,0.00104505782305311,1.01496889917625,23985,11992.5,1,"lower_better",28,"skew-t",2,75,"yes","no","",FALSE,FALSE,NA,FALSE,FALSE,"other_numeric"
"below_threshold",0.95,79.75,0.00905801160025173,8.51289121173195e-05,1.07428064624833,22787,11393.5,0.950052115905774,"lower_better",28,"skew-t",2,75,"yes","no","",FALSE,FALSE,NA,FALSE,FALSE,"other_numeric"
"above_threshold",0.95,79.75,0.376936061471692,0.000741073281885218,0.991303593078538,1198,599,0.0499478840942256,"lower_better",28,"skew-t",2,75,"yes","no","",FALSE,FALSE,NA,FALSE,FALSE,"other_numeric"
"all",0.98,88.5,0.0128018875940807,0.000624256002849561,0.99146165428349,23985,11992.5,1,"lower_better",28,"skew-t",2,75,"yes","no","",FALSE,FALSE,NA,FALSE,FALSE,"other_numeric"
"below_threshold",0.98,88.5,0.00346872387939586,0.000202439878376055,1.56652461299205,23508,11754,0.980112570356473,"lower_better",28,"skew-t",2,75,"yes","no","",FALSE,FALSE,NA,FALSE,FALSE,"other_numeric"
"above_threshold",0.98,88.5,0.472606653474036,0.00451673016968843,0.875258646243034,477,238.5,0.0198874296435272,"lower_better",28,"skew-t",2,75,"yes","no","",FALSE,FALSE,NA,FALSE,FALSE,"other_numeric"
"all",0.99,94.75,0.00699385528988729,0.000709009771841108,0.96287267938943,23985,11992.5,1,"lower_better",28,"skew-t",2,75,"yes","no","",FALSE,FALSE,NA,FALSE,FALSE,"other_numeric"
"below_threshold",0.99,94.75,0.00154000554468075,0.000182315999226208,2.04695152806283,23746,11873,0.990035438815927,"lower_better",28,"skew-t",2,75,"yes","no","",FALSE,FALSE,NA,FALSE,FALSE,"other_numeric"
"above_threshold",0.99,94.75,0.547982468088833,0.0414017853537901,0.838631394465426,239,119.5,0.00996456118407338,"lower_better",28,"skew-t",2,75,"yes","no","",FALSE,FALSE,NA,FALSE,FALSE,"other_numeric"
"all",0.995,100.52,0.00387928005471088,0.00015183469337054,0.962555443345793,23985,11992.5,1,"lower_better",28,"skew-t",2,75,"yes","no","",FALSE,FALSE,NA,FALSE,FALSE,"other_numeric"
"below_threshold",0.995,100.52,0.000715924614414977,3.24646026847716e-05,3.09153632336286,23865,11932.5,0.994996873045654,"lower_better",28,"skew-t",2,75,"yes","no","",FALSE,FALSE,NA,FALSE,FALSE,"other_numeric"
"above_threshold",0.995,100.52,0.634474211201335,0.0447795860400445,0.834092113212164,120,60,0.00500312695434647,"lower_better",28,"skew-t",2,75,"yes","no","",FALSE,FALSE,NA,FALSE,FALSE,"other_numeric"
"all",0.9,73.25,0.0447098689917299,0.00131239184911093,0.992562692441633,23985,11992.5,1,"lower_better",29,"skew-t",3,0,"yes","no","",FALSE,FALSE,NA,FALSE,FALSE,"other_numeric"
"below_threshold",0.9,73.25,0.0178578306063812,0.000873283413317785,0.98822110686963,21603,10801.5,0.900687929956223,"lower_better",29,"skew-t",3,0,"yes","no","",FALSE,FALSE,NA,FALSE,FALSE,"other_numeric"
"above_threshold",0.9,73.25,0.288343220887207,0.00275544447611439,0.994926635466759,2382,1191,0.0993120700437774,"lower_better",29,"skew-t",3,0,"yes","no","",FALSE,FALSE,NA,FALSE,FALSE,"other_numeric"
"all",0.95,79.75,0.0269526723028818,0.00213135829104548,0.997134336406536,23985,11992.5,1,"lower_better",29,"skew-t",3,0,"yes","no","",FALSE,FALSE,NA,FALSE,FALSE,"other_numeric"
"below_threshold",0.95,79.75,0.00843916809852538,0.000614435088374874,1.00088577480186,22787,11393.5,0.950052115905774,"lower_better",29,"skew-t",3,0,"yes","no","",FALSE,FALSE,NA,FALSE,FALSE,"other_numeric"
"above_threshold",0.95,79.75,0.378498362441681,0.01231162191444,0.995412286099241,1198,599,0.0499478840942256,"lower_better",29,"skew-t",3,0,"yes","no","",FALSE,FALSE,NA,FALSE,FALSE,"other_numeric"
"all",0.98,88.5,0.0128491116320146,0.00071502820782523,0.995118991721256,23985,11992.5,1,"lower_better",29,"skew-t",3,0,"yes","no","",FALSE,FALSE,NA,FALSE,FALSE,"other_numeric"
"below_threshold",0.98,88.5,0.00229032736249113,0.000219826055446009,1.03434413054995,23508,11754,0.980112570356473,"lower_better",29,"skew-t",3,0,"yes","no","",FALSE,FALSE,NA,FALSE,FALSE,"other_numeric"
"above_threshold",0.98,88.5,0.533002295350467,0.00600659987220559,0.987110240712064,477,238.5,0.0198874296435272,"lower_better",29,"skew-t",3,0,"yes","no","",FALSE,FALSE,NA,FALSE,FALSE,"other_numeric"
"all",0.99,94.75,0.00716031130704598,0.000588508833094159,0.985789360475731,23985,11992.5,1,"lower_better",29,"skew-t",3,0,"yes","no","",FALSE,FALSE,NA,FALSE,FALSE,"other_numeric"
"below_threshold",0.99,94.75,0.000791910999694683,0.000101577053566737,1.05259584065383,23746,11873,0.990035438815927,"lower_better",29,"skew-t",3,0,"yes","no","",FALSE,FALSE,NA,FALSE,FALSE,"other_numeric"
"above_threshold",0.99,94.75,0.639140610417542,0.035373542041474,0.978139653342078,239,119.5,0.00996456118407338,"lower_better",29,"skew-t",3,0,"yes","no","",FALSE,FALSE,NA,FALSE,FALSE,"other_numeric"
"all",0.995,100.52,0.00399563119090959,4.64082184998198e-05,0.991425341344402,23985,11992.5,1,"lower_better",29,"skew-t",3,0,"yes","no","",FALSE,FALSE,NA,FALSE,FALSE,"other_numeric"
"below_threshold",0.995,100.52,0.000254795300156513,5.4796470354403e-06,1.10026797458233,23865,11932.5,0.994996873045654,"lower_better",29,"skew-t",3,0,"yes","no","",FALSE,FALSE,NA,FALSE,FALSE,"other_numeric"
"above_threshold",0.995,100.52,0.749046624760845,0.0328652428253615,0.984711231932098,120,60,0.00500312695434647,"lower_better",29,"skew-t",3,0,"yes","no","",FALSE,FALSE,NA,FALSE,FALSE,"other_numeric"
"all",0.9,73.25,0.0491090124222647,8.35808910485888e-05,1.09022403089593,23985,11992.5,1,"lower_better",30,"skew-t",3,75,"yes","no","",FALSE,FALSE,NA,FALSE,FALSE,"other_numeric"
"below_threshold",0.9,73.25,0.0150708340479176,0.000419684339684975,0.833993592646122,21603,10801.5,0.900687929956223,"lower_better",30,"skew-t",3,75,"yes","no","",FALSE,FALSE,NA,FALSE,FALSE,"other_numeric"
"above_threshold",0.9,73.25,0.357959503258804,0.00555727203531331,1.23513721985491,2382,1191,0.0993120700437774,"lower_better",30,"skew-t",3,75,"yes","no","",FALSE,FALSE,NA,FALSE,FALSE,"other_numeric"
"all",0.95,79.75,0.0274789666135841,0.000998780757119962,1.01660498934808,23985,11992.5,1,"lower_better",30,"skew-t",3,75,"yes","no","",FALSE,FALSE,NA,FALSE,FALSE,"other_numeric"
"below_threshold",0.95,79.75,0.00904468831683597,5.82787788590729e-05,1.07270050414324,22787,11393.5,0.950052115905774,"lower_better",30,"skew-t",3,75,"yes","no","",FALSE,FALSE,NA,FALSE,FALSE,"other_numeric"
"above_threshold",0.95,79.75,0.378097473324523,0.000266011953696688,0.994357988400281,1198,599,0.0499478840942256,"lower_better",30,"skew-t",3,75,"yes","no","",FALSE,FALSE,NA,FALSE,FALSE,"other_numeric"
"all",0.98,88.5,0.0127922551637284,0.000610620224993686,0.990715656065516,23985,11992.5,1,"lower_better",30,"skew-t",3,75,"yes","no","",FALSE,FALSE,NA,FALSE,FALSE,"other_numeric"
"below_threshold",0.98,88.5,0.00347731727065757,0.000177724562235711,1.57040550965279,23508,11754,0.980112570356473,"lower_better",30,"skew-t",3,75,"yes","no","",FALSE,FALSE,NA,FALSE,FALSE,"other_numeric"
"above_threshold",0.98,88.5,0.471677530004577,0.0050828910480549,0.873537927027394,477,238.5,0.0198874296435272,"lower_better",30,"skew-t",3,75,"yes","no","",FALSE,FALSE,NA,FALSE,FALSE,"other_numeric"
"all",0.99,94.75,0.00699621923785751,0.000691620001381727,0.963198133780704,23985,11992.5,1,"lower_better",30,"skew-t",3,75,"yes","no","",FALSE,FALSE,NA,FALSE,FALSE,"other_numeric"
"below_threshold",0.99,94.75,0.00155164609527944,0.00015922989325924,2.06242396770292,23746,11873,0.990035438815927,"lower_better",30,"skew-t",3,75,"yes","no","",FALSE,FALSE,NA,FALSE,FALSE,"other_numeric"
"above_threshold",0.99,94.75,0.547050554986689,0.0419704476362618,0.837205196311501,239,119.5,0.00996456118407338,"lower_better",30,"skew-t",3,75,"yes","no","",FALSE,FALSE,NA,FALSE,FALSE,"other_numeric"
"all",0.995,100.52,0.00388260671660157,0.000144148632080443,0.963380879113745,23985,11992.5,1,"lower_better",30,"skew-t",3,75,"yes","no","",FALSE,FALSE,NA,FALSE,FALSE,"other_numeric"
"below_threshold",0.995,100.52,0.000722721871370876,1.85080531890574e-05,3.12088852938467,23865,11932.5,0.994996873045654,"lower_better",30,"skew-t",3,75,"yes","no","",FALSE,FALSE,NA,FALSE,FALSE,"other_numeric"
"above_threshold",0.995,100.52,0.633827913125695,0.0459974337708565,0.83324247721726,120,60,0.00500312695434647,"lower_better",30,"skew-t",3,75,"yes","no","",FALSE,FALSE,NA,FALSE,FALSE,"other_numeric"
"all",0.9,73.25,0.0447258003657496,0.00128248138933883,0.992916370227945,23985,11992.5,1,"lower_better",31,"skew-t",4,0,"yes","no","",FALSE,FALSE,NA,FALSE,FALSE,"other_numeric"
"below_threshold",0.9,73.25,0.0178528426877094,0.000845715728941768,0.987945084175754,21603,10801.5,0.900687929956223,"lower_better",31,"skew-t",4,0,"yes","no","",FALSE,FALSE,NA,FALSE,FALSE,"other_numeric"
"above_threshold",0.9,73.25,0.288549762057949,0.00281289745762234,0.995639304595787,2382,1191,0.0993120700437774,"lower_better",31,"skew-t",4,0,"yes","no","",FALSE,FALSE,NA,FALSE,FALSE,"other_numeric"
"all",0.95,79.75,0.0269743779417302,0.00211603248870025,0.997937352803061,23985,11992.5,1,"lower_better",31,"skew-t",4,0,"yes","no","",FALSE,FALSE,NA,FALSE,FALSE,"other_numeric"
"below_threshold",0.95,79.75,0.00842901067018753,0.000602140022655151,0.999681103273429,22787,11393.5,0.950052115905774,"lower_better",31,"skew-t",4,0,"yes","no","",FALSE,FALSE,NA,FALSE,FALSE,"other_numeric"
"above_threshold",0.95,79.75,0.379130816898304,0.0122062252638579,0.997075577143514,1198,599,0.0499478840942256,"lower_better",31,"skew-t",4,0,"yes","no","",FALSE,FALSE,NA,FALSE,FALSE,"other_numeric"
"all",0.98,88.5,0.0128384866667793,0.000705051411298771,0.994296125129788,23985,11992.5,1,"lower_better",31,"skew-t",4,0,"yes","no","",FALSE,FALSE,NA,FALSE,FALSE,"other_numeric"
"below_threshold",0.98,88.5,0.00228003773139398,0.000218653446529532,1.02969718806252,23508,11754,0.980112570356473,"lower_better",31,"skew-t",4,0,"yes","no","",FALSE,FALSE,NA,FALSE,FALSE,"other_numeric"
"above_threshold",0.98,88.5,0.532991086438655,0.00556276522126386,0.987089482017903,477,238.5,0.0198874296435272,"lower_better",31,"skew-t",4,0,"yes","no","",FALSE,FALSE,NA,FALSE,FALSE,"other_numeric"
"all",0.99,94.75,0.00716886079441782,0.000583626012388983,0.986966403390107,23985,11992.5,1,"lower_better",31,"skew-t",4,0,"yes","no","",FALSE,FALSE,NA,FALSE,FALSE,"other_numeric"
"below_threshold",0.99,94.75,0.000794886478523081,0.000104125643506246,1.05655080104702,23746,11873,0.990035438815927,"lower_better",31,"skew-t",4,0,"yes","no","",FALSE,FALSE,NA,FALSE,FALSE,"other_numeric"
"above_threshold",0.99,94.75,0.639719107437299,0.0346180564971276,0.979024984152138,239,119.5,0.00996456118407338,"lower_better",31,"skew-t",4,0,"yes","no","",FALSE,FALSE,NA,FALSE,FALSE,"other_numeric"
"all",0.995,100.52,0.0039986988553282,5.28227829767755e-05,0.992186512758387,23985,11992.5,1,"lower_better",31,"skew-t",4,0,"yes","no","",FALSE,FALSE,NA,FALSE,FALSE,"other_numeric"
"below_threshold",0.995,100.52,0.000256193152424192,8.42052066885065e-06,1.10630424009578,23865,11932.5,0.994996873045654,"lower_better",31,"skew-t",4,0,"yes","no","",FALSE,FALSE,NA,FALSE,FALSE,"other_numeric"
"above_threshold",0.995,100.52,0.749405051779755,0.0335742633926585,0.985182427048238,120,60,0.00500312695434647,"lower_better",31,"skew-t",4,0,"yes","no","",FALSE,FALSE,NA,FALSE,FALSE,"other_numeric"
"all",0.9,73.25,0.0489980880699204,0.000147933004487358,1.0877615013403,23985,11992.5,1,"lower_better",32,"skew-t",4,75,"yes","no","",FALSE,FALSE,NA,FALSE,FALSE,"other_numeric"
"below_threshold",0.9,73.25,0.0150671507107034,0.000190513375635534,0.833789763207983,21603,10801.5,0.900687929956223,"lower_better",32,"skew-t",4,75,"yes","no","",FALSE,FALSE,NA,FALSE,FALSE,"other_numeric"
"above_threshold",0.9,73.25,0.356924472339083,0.00695699302423838,1.23156585158277,2382,1191,0.0993120700437774,"lower_better",32,"skew-t",4,75,"yes","no","",FALSE,FALSE,NA,FALSE,FALSE,"other_numeric"
"all",0.95,79.75,0.0274008650875244,0.00107330714137118,1.01371556478622,23985,11992.5,1,"lower_better",32,"skew-t",4,75,"yes","no","",FALSE,FALSE,NA,FALSE,FALSE,"other_numeric"
"below_threshold",0.95,79.75,0.00901704759181165,7.93471682904731e-05,1.06942231271974,22787,11393.5,0.950052115905774,"lower_better",32,"skew-t",4,75,"yes","no","",FALSE,FALSE,NA,FALSE,FALSE,"other_numeric"
"above_threshold",0.95,79.75,0.377002863518627,0.00141117241142102,0.991479275683415,1198,599,0.0499478840942256,"lower_better",32,"skew-t",4,75,"yes","no","",FALSE,FALSE,NA,FALSE,FALSE,"other_numeric"
"all",0.98,88.5,0.0127835488043683,0.00061106141918863,0.990041378823935,23985,11992.5,1,"lower_better",32,"skew-t",4,75,"yes","no","",FALSE,FALSE,NA,FALSE,FALSE,"other_numeric"
"below_threshold",0.98,88.5,0.00344032855628573,0.000127282352495467,1.55370088470105,23508,11754,0.980112570356473,"lower_better",32,"skew-t",4,75,"yes","no","",FALSE,FALSE,NA,FALSE,FALSE,"other_numeric"
"above_threshold",0.98,88.5,0.472972227926069,0.00754302583911281,0.875935683262372,477,238.5,0.0198874296435272,"lower_better",32,"skew-t",4,75,"yes","no","",FALSE,FALSE,NA,FALSE,FALSE,"other_numeric"
"all",0.99,94.75,0.00697905918517417,0.000700599600277948,0.960835639102045,23985,11992.5,1,"lower_better",32,"skew-t",4,75,"yes","no","",FALSE,FALSE,NA,FALSE,FALSE,"other_numeric"
"below_threshold",0.99,94.75,0.00151537604373274,0.000127795319827013,2.01421437670964,23746,11873,0.990035438815927,"lower_better",32,"skew-t",4,75,"yes","no","",FALSE,FALSE,NA,FALSE,FALSE,"other_numeric"
"above_threshold",0.99,94.75,0.548846527186493,0.0459557524856382,0.839953748971581,239,119.5,0.00996456118407338,"lower_better",32,"skew-t",4,75,"yes","no","",FALSE,FALSE,NA,FALSE,FALSE,"other_numeric"
"all",0.995,100.52,0.0038680783201456,0.000136305410251462,0.959775986738213,23985,11992.5,1,"lower_better",32,"skew-t",4,75,"yes","no","",FALSE,FALSE,NA,FALSE,FALSE,"other_numeric"
"below_threshold",0.995,100.52,0.000695939470885711,7.3214625034809e-06,3.00523562088061,23865,11932.5,0.994996873045654,"lower_better",32,"skew-t",4,75,"yes","no","",FALSE,FALSE,NA,FALSE,FALSE,"other_numeric"
"above_threshold",0.995,100.52,0.636371710055617,0.0496513816685206,0.836586602036524,120,60,0.00500312695434647,"lower_better",32,"skew-t",4,75,"yes","no","",FALSE,FALSE,NA,FALSE,FALSE,"other_numeric"
"all",0.9,73.25,0.0448462015570885,0.00122008741855384,0.99558928637249,23985,11992.5,1,"lower_better",33,"skew-t",6,0,"yes","no","",TRUE,FALSE,NA,FALSE,FALSE,"morris_baseline"
"below_threshold",0.9,73.25,0.0179861257158125,0.000563963527822488,0.995320733797603,21603,10801.5,0.900687929956223,"lower_better",33,"skew-t",6,0,"yes","no","",TRUE,FALSE,NA,FALSE,FALSE,"morris_baseline"
"above_threshold",0.9,73.25,0.288487425735308,0.000880075164345739,0.995424213470838,2382,1191,0.0993120700437774,"lower_better",33,"skew-t",6,0,"yes","no","",TRUE,FALSE,NA,FALSE,FALSE,"morris_baseline"
"all",0.95,79.75,0.0267970238257049,0.00194731328140218,0.991376004198941,23985,11992.5,1,"lower_better",33,"skew-t",6,0,"yes","no","",TRUE,FALSE,NA,FALSE,FALSE,"morris_baseline"
"below_threshold",0.95,79.75,0.00905862239010139,0.000530100916527713,1.07435308595623,22787,11393.5,0.950052115905774,"lower_better",33,"skew-t",6,0,"yes","no","",TRUE,FALSE,NA,FALSE,FALSE,"morris_baseline"
"above_threshold",0.95,79.75,0.363661254850922,0.0110109314765815,0.956392198691881,1198,599,0.0499478840942256,"lower_better",33,"skew-t",6,0,"yes","no","",TRUE,FALSE,NA,FALSE,FALSE,"morris_baseline"
"all",0.98,88.5,0.0127710534640429,0.000697477229984423,0.989073658189088,23985,11992.5,1,"lower_better",33,"skew-t",6,0,"yes","no","",TRUE,FALSE,NA,FALSE,FALSE,"morris_baseline"
"below_threshold",0.98,88.5,0.00288203882078975,0.000281039966366366,1.30156936825772,23508,11754,0.980112570356473,"lower_better",33,"skew-t",6,0,"yes","no","",TRUE,FALSE,NA,FALSE,FALSE,"morris_baseline"
"above_threshold",0.98,88.5,0.500015504663968,0.00331663266396762,0.926019323883164,477,238.5,0.0198874296435272,"lower_better",33,"skew-t",6,0,"yes","no","",TRUE,FALSE,NA,FALSE,FALSE,"morris_baseline"
"all",0.99,94.75,0.00699179951422665,0.00049314541403494,0.962589652341181,23985,11992.5,1,"lower_better",33,"skew-t",6,0,"yes","no","",TRUE,FALSE,NA,FALSE,FALSE,"morris_baseline"
"below_threshold",0.99,94.75,0.0011252292645677,0.000161736887463318,1.49563731798468,23746,11873,0.990035438815927,"lower_better",33,"skew-t",6,0,"yes","no","",TRUE,FALSE,NA,FALSE,FALSE,"morris_baseline"
"above_threshold",0.99,94.75,0.589422522701415,0.0208920628723553,0.902051180334998,239,119.5,0.00996456118407338,"lower_better",33,"skew-t",6,0,"yes","no","",TRUE,FALSE,NA,FALSE,FALSE,"morris_baseline"
"all",0.995,100.52,0.00394474168961284,3.77183737838862e-05,0.978798264724128,23985,11992.5,1,"lower_better",33,"skew-t",6,0,"yes","no","",TRUE,FALSE,NA,FALSE,FALSE,"morris_baseline"
"below_threshold",0.995,100.52,0.00047488901023531,5.70218531343464e-05,2.05068605708996,23865,11932.5,0.994996873045654,"lower_better",33,"skew-t",6,0,"yes","no","",TRUE,FALSE,NA,FALSE,FALSE,"morris_baseline"
"above_threshold",0.995,100.52,0.694647159521691,0.019077575650723,0.91319663903316,120,60,0.00500312695434647,"lower_better",33,"skew-t",6,0,"yes","no","",TRUE,FALSE,NA,FALSE,FALSE,"morris_baseline"
"all",0.9,73.25,0.0448622067753437,0.00139276295772266,0.995944603506778,23985,11992.5,1,"lower_better",34,"skew-t",7,0,"yes","no","",TRUE,FALSE,NA,FALSE,FALSE,"morris_baseline"
"below_threshold",0.9,73.25,0.0178331096881423,0.000562480923268214,0.98685309449885,21603,10801.5,0.900687929956223,"lower_better",34,"skew-t",7,0,"yes","no","",TRUE,FALSE,NA,FALSE,FALSE,"morris_baseline"
"above_threshold",0.9,73.25,0.289985582382802,0.000822925773805161,1.00059359441937,2382,1191,0.0993120700437774,"lower_better",34,"skew-t",7,0,"yes","no","",TRUE,FALSE,NA,FALSE,FALSE,"morris_baseline"
"all",0.95,79.75,0.0269302258951437,0.00197871722464275,0.996303914709085,23985,11992.5,1,"lower_better",34,"skew-t",7,0,"yes","no","",TRUE,FALSE,NA,FALSE,FALSE,"morris_baseline"
"below_threshold",0.95,79.75,0.00896703800883028,0.000424261263993034,1.06349117358073,22787,11393.5,0.950052115905774,"lower_better",34,"skew-t",7,0,"yes","no","",TRUE,FALSE,NA,FALSE,FALSE,"morris_baseline"
"above_threshold",0.95,79.75,0.36794249632362,0.013432132738383,0.967651429337397,1198,599,0.0499478840942256,"lower_better",34,"skew-t",7,0,"yes","no","",TRUE,FALSE,NA,FALSE,FALSE,"morris_baseline"
"all",0.98,88.5,0.0127557574379568,0.000669483266080534,0.987889034186117,23985,11992.5,1,"lower_better",34,"skew-t",7,0,"yes","no","",TRUE,FALSE,NA,FALSE,FALSE,"morris_baseline"
"below_threshold",0.98,88.5,0.00287142295359807,0.000159339737825147,1.29677509295008,23508,11754,0.980112570356473,"lower_better",34,"skew-t",7,0,"yes","no","",TRUE,FALSE,NA,FALSE,FALSE,"morris_baseline"
"above_threshold",0.98,88.5,0.499599342984334,0.00792130802781199,0.925248600268384,477,238.5,0.0198874296435272,"lower_better",34,"skew-t",7,0,"yes","no","",TRUE,FALSE,NA,FALSE,FALSE,"morris_baseline"
"all",0.99,94.75,0.00693149554623641,0.000516186275585413,0.954287358280202,23985,11992.5,1,"lower_better",34,"skew-t",7,0,"yes","no","",TRUE,FALSE,NA,FALSE,FALSE,"morris_baseline"
"below_threshold",0.99,94.75,0.00111352518338364,0.000104951759141218,1.48008043447409,23746,11873,0.990035438815927,"lower_better",34,"skew-t",7,0,"yes","no","",TRUE,FALSE,NA,FALSE,FALSE,"morris_baseline"
"above_threshold",0.99,94.75,0.584360696988931,0.0289537479291019,0.894304571268093,239,119.5,0.00996456118407338,"lower_better",34,"skew-t",7,0,"yes","no","",TRUE,FALSE,NA,FALSE,FALSE,"morris_baseline"
"all",0.995,100.52,0.00390633852083516,3.78780257113828e-05,0.969269388585424,23985,11992.5,1,"lower_better",34,"skew-t",7,0,"yes","no","",TRUE,FALSE,NA,FALSE,FALSE,"morris_baseline"
"below_threshold",0.995,100.52,0.000460949436058898,1.62103091213197e-05,1.99049159103741,23865,11932.5,0.994996873045654,"lower_better",34,"skew-t",7,0,"yes","no","",TRUE,FALSE,NA,FALSE,FALSE,"morris_baseline"
"above_threshold",0.995,100.52,0.690008379176863,0.0270735553058954,0.907098408352959,120,60,0.00500312695434647,"lower_better",34,"skew-t",7,0,"yes","no","",TRUE,FALSE,NA,FALSE,FALSE,"morris_baseline"
"all",0.9,73.25,0.0448453831441694,0.00118487032263071,0.995571117539774,23985,11992.5,1,"lower_better",35,"skew-t",8,0,"yes","no","",TRUE,FALSE,NA,FALSE,FALSE,"morris_baseline"
"below_threshold",0.9,73.25,0.0179276484753821,0.000678820426309085,0.992084705607021,21603,10801.5,0.900687929956223,"lower_better",35,"skew-t",8,0,"yes","no","",TRUE,FALSE,NA,FALSE,FALSE,"morris_baseline"
"above_threshold",0.9,73.25,0.289055052749426,0.00229497098759857,0.997382807238426,2382,1191,0.0993120700437774,"lower_better",35,"skew-t",8,0,"yes","no","",TRUE,FALSE,NA,FALSE,FALSE,"morris_baseline"
"all",0.95,79.75,0.0268405290168914,0.00188142557102989,0.992985511392011,23985,11992.5,1,"lower_better",35,"skew-t",8,0,"yes","no","",TRUE,FALSE,NA,FALSE,FALSE,"morris_baseline"
"below_threshold",0.95,79.75,0.00910272372416264,0.000517046702811569,1.07958350646644,22787,11393.5,0.950052115905774,"lower_better",35,"skew-t",8,0,"yes","no","",TRUE,FALSE,NA,FALSE,FALSE,"morris_baseline"
"above_threshold",0.95,79.75,0.363746898697182,0.00993802867960691,0.956617433317059,1198,599,0.0499478840942256,"lower_better",35,"skew-t",8,0,"yes","no","",TRUE,FALSE,NA,FALSE,FALSE,"morris_baseline"
"all",0.98,88.5,0.0127370807919372,0.000627297179367414,0.98644259293103,23985,11992.5,1,"lower_better",35,"skew-t",8,0,"yes","no","",TRUE,FALSE,NA,FALSE,FALSE,"morris_baseline"
"below_threshold",0.98,88.5,0.00291180025807732,0.000165336418526034,1.31501005297349,23508,11754,0.980112570356473,"lower_better",35,"skew-t",8,0,"yes","no","",TRUE,FALSE,NA,FALSE,FALSE,"morris_baseline"
"above_threshold",0.98,88.5,0.496753859531773,0.00560849431438129,0.919978818355056,477,238.5,0.0198874296435272,"lower_better",35,"skew-t",8,0,"yes","no","",TRUE,FALSE,NA,FALSE,FALSE,"morris_baseline"
"all",0.99,94.75,0.00698167482224035,0.000457347937185748,0.96119574456117,23985,11992.5,1,"lower_better",35,"skew-t",8,0,"yes","no","",TRUE,FALSE,NA,FALSE,FALSE,"morris_baseline"
"below_threshold",0.99,94.75,0.00114698221989233,9.00138259529392e-05,1.52455100942914,23746,11873,0.990035438815927,"lower_better",35,"skew-t",8,0,"yes","no","",TRUE,FALSE,NA,FALSE,FALSE,"morris_baseline"
"above_threshold",0.99,94.75,0.586166935917052,0.0244954391649152,0.897068836110928,239,119.5,0.00996456118407338,"lower_better",35,"skew-t",8,0,"yes","no","",TRUE,FALSE,NA,FALSE,FALSE,"morris_baseline"
"all",0.995,100.52,0.00390222204708084,1.74310259922338e-05,0.968247978900191,23985,11992.5,1,"lower_better",35,"skew-t",8,0,"yes","no","",TRUE,FALSE,NA,FALSE,FALSE,"morris_baseline"
"below_threshold",0.995,100.52,0.00046324979213756,1.05938725732532e-05,2.00042508714951,23865,11932.5,0.994996873045654,"lower_better",35,"skew-t",8,0,"yes","no","",TRUE,FALSE,NA,FALSE,FALSE,"morris_baseline"
"above_threshold",0.995,100.52,0.688628900066741,0.0240581020022247,0.905284918339054,120,60,0.00500312695434647,"lower_better",35,"skew-t",8,0,"yes","no","",TRUE,FALSE,NA,FALSE,FALSE,"morris_baseline"
"all",0.9,73.25,0.0448831915570872,0.0012623751929962,0.996410467351547,23985,11992.5,1,"lower_better",36,"skew-t",9,0,"yes","no","",TRUE,FALSE,NA,FALSE,FALSE,"morris_baseline"
"below_threshold",0.9,73.25,0.0179894026674608,0.0004822484196977,0.995502074569414,21603,10801.5,0.900687929956223,"lower_better",36,"skew-t",9,0,"yes","no","",TRUE,FALSE,NA,FALSE,FALSE,"morris_baseline"
"above_threshold",0.9,73.25,0.288793271737047,0.000277809176493143,0.996479533351585,2382,1191,0.0993120700437774,"lower_better",36,"skew-t",9,0,"yes","no","",TRUE,FALSE,NA,FALSE,FALSE,"morris_baseline"
"all",0.95,79.75,0.0268108455150011,0.00207967970021409,0.991887347965879,23985,11992.5,1,"lower_better",36,"skew-t",9,0,"yes","no","",TRUE,FALSE,NA,FALSE,FALSE,"morris_baseline"
"below_threshold",0.95,79.75,0.00908105574658188,0.000396028077698431,1.07701368319997,22787,11393.5,0.950052115905774,"lower_better",36,"skew-t",9,0,"yes","no","",TRUE,FALSE,NA,FALSE,FALSE,"morris_baseline"
"above_threshold",0.95,79.75,0.363240997325517,0.0162334400671694,0.955286964044589,1198,599,0.0499478840942256,"lower_better",36,"skew-t",9,0,"yes","no","",TRUE,FALSE,NA,FALSE,FALSE,"morris_baseline"
"all",0.98,88.5,0.0127304387953658,0.000673345205301576,0.985928193405171,23985,11992.5,1,"lower_better",36,"skew-t",9,0,"yes","no","",TRUE,FALSE,NA,FALSE,FALSE,"morris_baseline"
"below_threshold",0.98,88.5,0.00292002863541897,0.00017762313189216,1.31872610420122,23508,11754,0.980112570356473,"lower_better",36,"skew-t",9,0,"yes","no","",TRUE,FALSE,NA,FALSE,FALSE,"morris_baseline"
"above_threshold",0.98,88.5,0.495952182690371,0.00734754686428446,0.918494127901015,477,238.5,0.0198874296435272,"lower_better",36,"skew-t",9,0,"yes","no","",TRUE,FALSE,NA,FALSE,FALSE,"morris_baseline"
"all",0.99,94.75,0.0070011539192656,0.000472017065052049,0.96387751156483,23985,11992.5,1,"lower_better",36,"skew-t",9,0,"yes","no","",TRUE,FALSE,NA,FALSE,FALSE,"morris_baseline"
"below_threshold",0.99,94.75,0.00115579545908946,0.000137183681311684,1.5362654305259,23746,11873,0.990035438815927,"lower_better",36,"skew-t",9,0,"yes","no","",TRUE,FALSE,NA,FALSE,FALSE,"morris_baseline"
"above_threshold",0.99,94.75,0.587316094577554,0.0212567191929382,0.898827506480949,239,119.5,0.00996456118407338,"lower_better",36,"skew-t",9,0,"yes","no","",TRUE,FALSE,NA,FALSE,FALSE,"morris_baseline"
"all",0.995,100.52,0.00391940548253179,5.78109472313022e-05,0.972511659040688,23985,11992.5,1,"lower_better",36,"skew-t",9,0,"yes","no","",TRUE,FALSE,NA,FALSE,FALSE,"morris_baseline"
"below_threshold",0.995,100.52,0.000481112487364675,4.97181915959281e-05,2.07756054249758,23865,11932.5,0.994996873045654,"lower_better",36,"skew-t",9,0,"yes","no","",TRUE,FALSE,NA,FALSE,FALSE,"morris_baseline"
"above_threshold",0.995,100.52,0.688519126874305,0.0243439862291435,0.905140608369576,120,60,0.00500312695434647,"lower_better",36,"skew-t",9,0,"yes","no","",TRUE,FALSE,NA,FALSE,FALSE,"morris_baseline"
"all",0.9,73.25,0.0451008906540624,0.0011265086318902,1.00124340483736,23985,11992.5,1,"lower_better",37,"skew-t",11,0,"yes","no","",FALSE,FALSE,NA,FALSE,FALSE,"other_numeric"
"below_threshold",0.9,73.25,0.0180140275907499,0.000558443581894609,0.996864774747598,21603,10801.5,0.900687929956223,"lower_better",37,"skew-t",11,0,"yes","no","",FALSE,FALSE,NA,FALSE,FALSE,"other_numeric"
"above_threshold",0.9,73.25,0.290827320975237,0.00184108290019588,1.00349800862109,2382,1191,0.0993120700437774,"lower_better",37,"skew-t",11,0,"yes","no","",FALSE,FALSE,NA,FALSE,FALSE,"other_numeric"
"all",0.95,79.75,0.0270700316276855,0.00188756778172396,1.00147613269093,23985,11992.5,1,"lower_better",37,"skew-t",11,0,"yes","no","",FALSE,FALSE,NA,FALSE,FALSE,"other_numeric"
"below_threshold",0.95,79.75,0.00912990728588791,0.00042916932648994,1.08280747829893,22787,11393.5,0.950052115905774,"lower_better",37,"skew-t",11,0,"yes","no","",FALSE,FALSE,NA,FALSE,FALSE,"other_numeric"
"above_threshold",0.95,79.75,0.367739727486875,0.0115323718453986,0.967118167872189,1198,599,0.0499478840942256,"lower_better",37,"skew-t",11,0,"yes","no","",FALSE,FALSE,NA,FALSE,FALSE,"other_numeric"
"all",0.98,88.5,0.012778301191862,0.000673760756753252,0.989634969492637,23985,11992.5,1,"lower_better",37,"skew-t",11,0,"yes","no","",FALSE,FALSE,NA,FALSE,FALSE,"other_numeric"
"below_threshold",0.98,88.5,0.00295248781039947,0.000194807956570971,1.33338512529725,23508,11754,0.980112570356473,"lower_better",37,"skew-t",11,0,"yes","no","",FALSE,FALSE,NA,FALSE,FALSE,"other_numeric"
"above_threshold",0.98,88.5,0.496790564257349,0.00649250877908819,0.920046794817475,477,238.5,0.0198874296435272,"lower_better",37,"skew-t",11,0,"yes","no","",FALSE,FALSE,NA,FALSE,FALSE,"other_numeric"
"all",0.99,94.75,0.00699617837084897,0.000467056090278826,0.963192507452394,23985,11992.5,1,"lower_better",37,"skew-t",11,0,"yes","no","",FALSE,FALSE,NA,FALSE,FALSE,"other_numeric"
"below_threshold",0.99,94.75,0.00118353185100343,0.000120792423394005,1.57313221325104,23746,11873,0.990035438815927,"lower_better",37,"skew-t",11,0,"yes","no","",FALSE,FALSE,NA,FALSE,FALSE,"other_numeric"
"above_threshold",0.99,94.75,0.584035100888328,0.0224578735379011,0.89380627957487,239,119.5,0.00996456118407338,"lower_better",37,"skew-t",11,0,"yes","no","",FALSE,FALSE,NA,FALSE,FALSE,"other_numeric"
"all",0.995,100.52,0.00394234938239565,1.95351955155957e-05,0.978204667896472,23985,11992.5,1,"lower_better",37,"skew-t",11,0,"yes","no","",FALSE,FALSE,NA,FALSE,FALSE,"other_numeric"
"below_threshold",0.995,100.52,0.000499847351289167,3.01837031953256e-05,2.15846223405788,23865,11932.5,0.994996873045654,"lower_better",37,"skew-t",11,0,"yes","no","",FALSE,FALSE,NA,FALSE,FALSE,"other_numeric"
"above_threshold",0.995,100.52,0.689256472658509,0.0206021797552837,0.906109937449399,120,60,0.00500312695434647,"lower_better",37,"skew-t",11,0,"yes","no","",FALSE,FALSE,NA,FALSE,FALSE,"other_numeric"
"all",0.9,73.25,0.0449799798210664,0.00113360536411881,0.998559174606979,23985,11992.5,1,"lower_better",38,"skew-t",6,50,"yes","no","",TRUE,FALSE,NA,FALSE,FALSE,"morris_baseline"
"below_threshold",0.9,73.25,0.0186256905302264,0.000665032461782525,1.03071313182993,21603,10801.5,0.900687929956223,"lower_better",38,"skew-t",6,50,"yes","no","",TRUE,FALSE,NA,FALSE,FALSE,"morris_baseline"
"above_threshold",0.9,73.25,0.28408588595088,0.00251745335707876,0.980236725604399,2382,1191,0.0993120700437774,"lower_better",38,"skew-t",6,50,"yes","no","",TRUE,FALSE,NA,FALSE,FALSE,"morris_baseline"
"all",0.95,79.75,0.0268812073074625,0.00203023438756586,0.994490435275587,23985,11992.5,1,"lower_better",38,"skew-t",6,50,"yes","no","",TRUE,FALSE,NA,FALSE,FALSE,"morris_baseline"
"below_threshold",0.95,79.75,0.00959056050318089,0.000502704724391955,1.13744097379546,22787,11393.5,0.950052115905774,"lower_better",38,"skew-t",6,50,"yes","no","",TRUE,FALSE,NA,FALSE,FALSE,"morris_baseline"
"above_threshold",0.95,79.75,0.355094319349764,0.0136512503163724,0.933862027631005,1198,599,0.0499478840942256,"lower_better",38,"skew-t",6,50,"yes","no","",TRUE,FALSE,NA,FALSE,FALSE,"morris_baseline"
"all",0.98,88.5,0.0126084309197445,0.000710330007849811,0.97647910792382,23985,11992.5,1,"lower_better",38,"skew-t",6,50,"yes","no","",TRUE,FALSE,NA,FALSE,FALSE,"morris_baseline"
"below_threshold",0.98,88.5,0.00317028547324402,0.000217720962323649,1.43174562078804,23508,11754,0.980112570356473,"lower_better",38,"skew-t",6,50,"yes","no","",TRUE,FALSE,NA,FALSE,FALSE,"morris_baseline"
"above_threshold",0.98,88.5,0.477465433911987,0.00790591199894386,0.88425701636172,477,238.5,0.0198874296435272,"lower_better",38,"skew-t",6,50,"yes","no","",TRUE,FALSE,NA,FALSE,FALSE,"morris_baseline"
"all",0.99,94.75,0.00693467104700474,0.00056827360097657,0.954724542466387,23985,11992.5,1,"lower_better",38,"skew-t",6,50,"yes","no","",TRUE,FALSE,NA,FALSE,FALSE,"morris_baseline"
"below_threshold",0.99,94.75,0.00131530472841823,0.000162068644243151,1.74828268184067,23746,11873,0.990035438815927,"lower_better",38,"skew-t",6,50,"yes","no","",TRUE,FALSE,NA,FALSE,FALSE,"morris_baseline"
"above_threshold",0.99,94.75,0.564633308972958,0.0289305270926159,0.8641138117376,239,119.5,0.00996456118407338,"lower_better",38,"skew-t",6,50,"yes","no","",TRUE,FALSE,NA,FALSE,FALSE,"morris_baseline"
"all",0.995,100.52,0.00389060011094991,0.000110829014842549,0.965364258795616,23985,11992.5,1,"lower_better",38,"skew-t",6,50,"yes","no","",TRUE,FALSE,NA,FALSE,FALSE,"morris_baseline"
"below_threshold",0.995,100.52,0.000571727380595718,4.75395833606946e-05,2.46885765426169,23865,11932.5,0.994996873045654,"lower_better",38,"skew-t",6,50,"yes","no","",TRUE,FALSE,NA,FALSE,FALSE,"morris_baseline"
"above_threshold",0.995,100.52,0.665078377030033,0.0345988209010011,0.874324943638513,120,60,0.00500312695434647,"lower_better",38,"skew-t",6,50,"yes","no","",TRUE,FALSE,NA,FALSE,FALSE,"morris_baseline"
"all",0.9,73.25,0.0450417577749217,0.00126707905524179,0.999930650158015,23985,11992.5,1,"lower_better",39,"skew-t",7,50,"yes","no","",TRUE,FALSE,NA,FALSE,FALSE,"morris_baseline"
"below_threshold",0.9,73.25,0.0184965412693523,0.00060517622553714,1.02356623765529,21603,10801.5,0.900687929956223,"lower_better",39,"skew-t",7,50,"yes","no","",TRUE,FALSE,NA,FALSE,FALSE,"morris_baseline"
"above_threshold",0.9,73.25,0.285822929102999,0.000686181762052873,0.986230383071639,2382,1191,0.0993120700437774,"lower_better",39,"skew-t",7,50,"yes","no","",TRUE,FALSE,NA,FALSE,FALSE,"morris_baseline"
"all",0.95,79.75,0.0269203989087362,0.00200602511528783,0.995940357973032,23985,11992.5,1,"lower_better",39,"skew-t",7,50,"yes","no","",TRUE,FALSE,NA,FALSE,FALSE,"morris_baseline"
"below_threshold",0.95,79.75,0.00948196361165338,0.000552526068776236,1.12456137681995,22787,11393.5,0.950052115905774,"lower_better",39,"skew-t",7,50,"yes","no","",TRUE,FALSE,NA,FALSE,FALSE,"morris_baseline"
"above_threshold",0.95,79.75,0.358027048446526,0.0120654840177032,0.941574807564542,1198,599,0.0499478840942256,"lower_better",39,"skew-t",7,50,"yes","no","",TRUE,FALSE,NA,FALSE,FALSE,"morris_baseline"
"all",0.98,88.5,0.0126234514204314,0.000747497671994325,0.977642393443228,23985,11992.5,1,"lower_better",39,"skew-t",7,50,"yes","no","",TRUE,FALSE,NA,FALSE,FALSE,"morris_baseline"
"below_threshold",0.98,88.5,0.0031621471558425,0.000244119213291301,1.42807024189912,23508,11754,0.980112570356473,"lower_better",39,"skew-t",7,50,"yes","no","",TRUE,FALSE,NA,FALSE,FALSE,"morris_baseline"
"above_threshold",0.98,88.5,0.47860376005492,0.00843253257665902,0.886365174999612,477,238.5,0.0198874296435272,"lower_better",39,"skew-t",7,50,"yes","no","",TRUE,FALSE,NA,FALSE,FALSE,"morris_baseline"
"all",0.99,94.75,0.00695347607168434,0.00061432214987055,0.957313507171649,23985,11992.5,1,"lower_better",39,"skew-t",7,50,"yes","no","",TRUE,FALSE,NA,FALSE,FALSE,"morris_baseline"
"below_threshold",0.99,94.75,0.00132355784970583,0.000159655651052635,1.75925260288368,23746,11873,0.990035438815927,"lower_better",39,"skew-t",7,50,"yes","no","",TRUE,FALSE,NA,FALSE,FALSE,"morris_baseline"
"above_threshold",0.99,94.75,0.565597362376349,0.0337711104105366,0.865589197351386,239,119.5,0.00996456118407338,"lower_better",39,"skew-t",7,50,"yes","no","",TRUE,FALSE,NA,FALSE,FALSE,"morris_baseline"
"all",0.995,100.52,0.0039022028930606,9.83988953945193e-05,0.968243226264088,23985,11992.5,1,"lower_better",39,"skew-t",7,50,"yes","no","",TRUE,FALSE,NA,FALSE,FALSE,"morris_baseline"
"below_threshold",0.995,100.52,0.000573483795945557,1.95500481449708e-05,2.47644228222895,23865,11932.5,0.994996873045654,"lower_better",39,"skew-t",7,50,"yes","no","",TRUE,FALSE,NA,FALSE,FALSE,"morris_baseline"
"above_threshold",0.995,100.52,0.667152952169077,0.0377491250723025,0.877052220383876,120,60,0.00500312695434647,"lower_better",39,"skew-t",7,50,"yes","no","",TRUE,FALSE,NA,FALSE,FALSE,"morris_baseline"
"all",0.9,73.25,0.0449581040995071,0.00104898518644551,0.998073531826545,23985,11992.5,1,"lower_better",40,"skew-t",8,50,"yes","no","",TRUE,FALSE,NA,FALSE,FALSE,"morris_baseline"
"below_threshold",0.9,73.25,0.0184356432535416,0.00054723856024764,1.02019624798986,21603,10801.5,0.900687929956223,"lower_better",40,"skew-t",8,50,"yes","no","",TRUE,FALSE,NA,FALSE,FALSE,"morris_baseline"
"above_threshold",0.9,73.25,0.285580735481804,0.00235136168082548,0.985394695366114,2382,1191,0.0993120700437774,"lower_better",40,"skew-t",8,50,"yes","no","",TRUE,FALSE,NA,FALSE,FALSE,"morris_baseline"
"all",0.95,79.75,0.0268899184078264,0.00194568574632772,0.994812708970126,23985,11992.5,1,"lower_better",40,"skew-t",8,50,"yes","no","",TRUE,FALSE,NA,FALSE,FALSE,"morris_baseline"
"below_threshold",0.95,79.75,0.00949966395468255,0.000471227468858256,1.12666063842254,22787,11393.5,0.950052115905774,"lower_better",40,"skew-t",8,50,"yes","no","",TRUE,FALSE,NA,FALSE,FALSE,"morris_baseline"
"above_threshold",0.95,79.75,0.357056455766818,0.01245366652253,0.939022247305242,1198,599,0.0499478840942256,"lower_better",40,"skew-t",8,50,"yes","no","",TRUE,FALSE,NA,FALSE,FALSE,"morris_baseline"
"all",0.98,88.5,0.0127094084794547,0.000725002191215972,0.984299468605796,23985,11992.5,1,"lower_better",40,"skew-t",8,50,"yes","no","",TRUE,FALSE,NA,FALSE,FALSE,"morris_baseline"
"below_threshold",0.98,88.5,0.00319534772710312,0.000199684951544354,1.44306408800895,23508,11754,0.980112570356473,"lower_better",40,"skew-t",8,50,"yes","no","",TRUE,FALSE,NA,FALSE,FALSE,"morris_baseline"
"above_threshold",0.98,88.5,0.481253345327583,0.00939700463193099,0.891272157162917,477,238.5,0.0198874296435272,"lower_better",40,"skew-t",8,50,"yes","no","",TRUE,FALSE,NA,FALSE,FALSE,"morris_baseline"
"all",0.99,94.75,0.00699751649842015,0.000680886067479082,0.963376732951268,23985,11992.5,1,"lower_better",40,"skew-t",8,50,"yes","no","",TRUE,FALSE,NA,FALSE,FALSE,"morris_baseline"
"below_threshold",0.99,94.75,0.00135103823197535,0.000151426891908012,1.79577910155288,23746,11873,0.990035438815927,"lower_better",40,"skew-t",8,50,"yes","no","",TRUE,FALSE,NA,FALSE,FALSE,"morris_baseline"
"above_threshold",0.99,94.75,0.567127564520106,0.0412366879389099,0.867931015990418,239,119.5,0.00996456118407338,"lower_better",40,"skew-t",8,50,"yes","no","",TRUE,FALSE,NA,FALSE,FALSE,"morris_baseline"
"all",0.995,100.52,0.00392228065624514,9.87577821932961e-05,0.97322506824789,23985,11992.5,1,"lower_better",40,"skew-t",8,50,"yes","no","",TRUE,FALSE,NA,FALSE,FALSE,"morris_baseline"
"below_threshold",0.995,100.52,0.000601863803213902,2.34873995458079e-06,2.59899404474809,23865,11932.5,0.994996873045654,"lower_better",40,"skew-t",8,50,"yes","no","",TRUE,FALSE,NA,FALSE,FALSE,"morris_baseline"
"above_threshold",0.995,100.52,0.665635902536151,0.0411908760845384,0.875057877490445,120,60,0.00500312695434647,"lower_better",40,"skew-t",8,50,"yes","no","",TRUE,FALSE,NA,FALSE,FALSE,"morris_baseline"
"all",0.9,73.25,0.0449553849738573,0.00110168866311298,0.998013167018128,23985,11992.5,1,"lower_better",41,"skew-t",9,50,"yes","no","",TRUE,FALSE,NA,FALSE,FALSE,"morris_baseline"
"below_threshold",0.9,73.25,0.0182949011966872,0.00045426470927826,1.01240782876507,21603,10801.5,0.900687929956223,"lower_better",41,"skew-t",9,50,"yes","no","",TRUE,FALSE,NA,FALSE,FALSE,"morris_baseline"
"above_threshold",0.9,73.25,0.286787305122067,0.00101758629661827,0.989557957012943,2382,1191,0.0993120700437774,"lower_better",41,"skew-t",9,50,"yes","no","",TRUE,FALSE,NA,FALSE,FALSE,"morris_baseline"
"all",0.95,79.75,0.0268170740025009,0.00193779888705535,0.992117775534622,23985,11992.5,1,"lower_better",41,"skew-t",9,50,"yes","no","",TRUE,FALSE,NA,FALSE,FALSE,"morris_baseline"
"below_threshold",0.95,79.75,0.00939585382219912,0.000406987339875005,1.11434875131827,22787,11393.5,0.950052115905774,"lower_better",41,"skew-t",9,50,"yes","no","",TRUE,FALSE,NA,FALSE,FALSE,"morris_baseline"
"above_threshold",0.95,79.75,0.357517104285766,0.013489165094202,0.940233706166983,1198,599,0.0499478840942256,"lower_better",41,"skew-t",9,50,"yes","no","",TRUE,FALSE,NA,FALSE,FALSE,"morris_baseline"
"all",0.98,88.5,0.0127320916524426,0.000675311537413883,0.986056201435213,23985,11992.5,1,"lower_better",41,"skew-t",9,50,"yes","no","",TRUE,FALSE,NA,FALSE,FALSE,"morris_baseline"
"below_threshold",0.98,88.5,0.00321710848493323,0.000149283992709217,1.45289155307203,23508,11754,0.980112570356473,"lower_better",41,"skew-t",9,50,"yes","no","",TRUE,FALSE,NA,FALSE,FALSE,"morris_baseline"
"above_threshold",0.98,88.5,0.481320259567682,0.00938069330681218,0.891396081078869,477,238.5,0.0198874296435272,"lower_better",41,"skew-t",9,50,"yes","no","",TRUE,FALSE,NA,FALSE,FALSE,"morris_baseline"
"all",0.99,94.75,0.00700618803120575,0.000575983163322112,0.964570578357214,23985,11992.5,1,"lower_better",41,"skew-t",9,50,"yes","no","",TRUE,FALSE,NA,FALSE,FALSE,"morris_baseline"
"below_threshold",0.99,94.75,0.00135238745637083,0.000108735641556017,1.79757246973104,23746,11873,0.990035438815927,"lower_better",41,"skew-t",9,50,"yes","no","",TRUE,FALSE,NA,FALSE,FALSE,"morris_baseline"
"above_threshold",0.99,94.75,0.567997089970576,0.0349322674064733,0.86926173619319,239,119.5,0.00996456118407338,"lower_better",41,"skew-t",9,50,"yes","no","",TRUE,FALSE,NA,FALSE,FALSE,"morris_baseline"
"all",0.995,100.52,0.00389846711303201,8.16740080891096e-05,0.967316277100596,23985,11992.5,1,"lower_better",41,"skew-t",9,50,"yes","no","",TRUE,FALSE,NA,FALSE,FALSE,"morris_baseline"
"below_threshold",0.995,100.52,0.000595940918384755,1.05554504333511e-05,2.57341758988158,23865,11932.5,0.994996873045654,"lower_better",41,"skew-t",9,50,"yes","no","",TRUE,FALSE,NA,FALSE,FALSE,"morris_baseline"
"above_threshold",0.995,100.52,0.661883365061179,0.0360206018353726,0.870124718888962,120,60,0.00500312695434647,"lower_better",41,"skew-t",9,50,"yes","no","",TRUE,FALSE,NA,FALSE,FALSE,"morris_baseline"
"all",0.9,73.25,0.0452099888542443,0.00122087433894885,1.0036653936679,23985,11992.5,1,"lower_better",42,"skew-t",11,50,"yes","no","",FALSE,FALSE,NA,FALSE,FALSE,"other_numeric"
"below_threshold",0.9,73.25,0.0185934454564686,0.000581782735317364,1.02892874585481,21603,10801.5,0.900687929956223,"lower_better",42,"skew-t",11,50,"yes","no","",FALSE,FALSE,NA,FALSE,FALSE,"other_numeric"
"above_threshold",0.9,73.25,0.286645513783762,0.000960862756029968,0.98906870681062,2382,1191,0.0993120700437774,"lower_better",42,"skew-t",11,50,"yes","no","",FALSE,FALSE,NA,FALSE,FALSE,"other_numeric"
"all",0.95,79.75,0.0269338005815067,0.001921700826568,0.996436162913434,23985,11992.5,1,"lower_better",42,"skew-t",11,50,"yes","no","",FALSE,FALSE,NA,FALSE,FALSE,"other_numeric"
"below_threshold",0.95,79.75,0.00953988184661487,0.000451722301637619,1.13143048249456,22787,11393.5,0.950052115905774,"lower_better",42,"skew-t",11,50,"yes","no","",FALSE,FALSE,NA,FALSE,FALSE,"other_numeric"
"above_threshold",0.95,79.75,0.357174758571169,0.0123405345289898,0.93933337167622,1198,599,0.0499478840942256,"lower_better",42,"skew-t",11,50,"yes","no","",FALSE,FALSE,NA,FALSE,FALSE,"other_numeric"
"all",0.98,88.5,0.0126049056856682,0.000668927861212049,0.976206090809482,23985,11992.5,1,"lower_better",42,"skew-t",11,50,"yes","no","",FALSE,FALSE,NA,FALSE,FALSE,"other_numeric"
"below_threshold",0.98,88.5,0.00319894099963905,0.000219376135187622,1.44468686055138,23508,11754,0.980112570356473,"lower_better",42,"skew-t",11,50,"yes","no","",FALSE,FALSE,NA,FALSE,FALSE,"other_numeric"
"above_threshold",0.98,88.5,0.47595193680514,0.00579808376166166,0.881454048144717,477,238.5,0.0198874296435272,"lower_better",42,"skew-t",11,50,"yes","no","",FALSE,FALSE,NA,FALSE,FALSE,"other_numeric"
"all",0.99,94.75,0.00693758606104479,0.000526199351033955,0.955125864378675,23985,11992.5,1,"lower_better",42,"skew-t",11,50,"yes","no","",FALSE,FALSE,NA,FALSE,FALSE,"other_numeric"
"below_threshold",0.99,94.75,0.00135900794938315,0.000132963289450491,1.80637232654643,23746,11873,0.990035438815927,"lower_better",42,"skew-t",11,50,"yes","no","",FALSE,FALSE,NA,FALSE,FALSE,"other_numeric"
"above_threshold",0.99,94.75,0.56060958936528,0.0276865483396385,0.857955918407009,239,119.5,0.00996456118407338,"lower_better",42,"skew-t",11,50,"yes","no","",FALSE,FALSE,NA,FALSE,FALSE,"other_numeric"
"all",0.995,100.52,0.00388385611050661,4.31256112151163e-05,0.96369088790074,23985,11992.5,1,"lower_better",42,"skew-t",11,50,"yes","no","",FALSE,FALSE,NA,FALSE,FALSE,"other_numeric"
"below_threshold",0.995,100.52,0.000628148245127017,2.06600874814013e-06,2.71249664722547,23865,11932.5,0.994996873045654,"lower_better",42,"skew-t",11,50,"yes","no","",FALSE,FALSE,NA,FALSE,FALSE,"other_numeric"
"above_threshold",0.995,100.52,0.652376483181313,0.0305113754393771,0.857626787440775,120,60,0.00500312695434647,"lower_better",42,"skew-t",11,50,"yes","no","",FALSE,FALSE,NA,FALSE,FALSE,"other_numeric"
"all",0.9,73.25,0.0489184525084587,0.000382290597981078,1.0859935854622,23985,11992.5,1,"lower_better",43,"t",6,75,"yes","no","",TRUE,FALSE,NA,FALSE,FALSE,"morris_baseline"
"below_threshold",0.9,73.25,0.0163796689486907,0.000885448372589614,0.906422226496494,21603,10801.5,0.900687929956223,"lower_better",43,"t",6,75,"yes","no","",TRUE,FALSE,NA,FALSE,FALSE,"morris_baseline"
"above_threshold",0.9,73.25,0.343928012210102,0.00213112850767963,1.18672164019705,2382,1191,0.0993120700437774,"lower_better",43,"t",6,75,"yes","no","",TRUE,FALSE,NA,FALSE,FALSE,"morris_baseline"
"all",0.95,79.75,0.027320055569747,0.00112917337586524,1.01072595603875,23985,11992.5,1,"lower_better",43,"t",6,75,"yes","no","",TRUE,FALSE,NA,FALSE,FALSE,"morris_baseline"
"below_threshold",0.95,79.75,0.00915108809228768,8.20881310234847e-05,1.08531952303804,22787,11393.5,0.950052115905774,"lower_better",43,"t",6,75,"yes","no","",TRUE,FALSE,NA,FALSE,FALSE,"morris_baseline"
"above_threshold",0.95,79.75,0.372604446390147,0.00582891774339833,0.979911884953283,1198,599,0.0499478840942256,"lower_better",43,"t",6,75,"yes","no","",TRUE,FALSE,NA,FALSE,FALSE,"morris_baseline"
"all",0.98,88.5,0.0126790605831037,0.000616009527006376,0.98194912961875,23985,11992.5,1,"lower_better",43,"t",6,75,"yes","no","",TRUE,FALSE,NA,FALSE,FALSE,"morris_baseline"
"below_threshold",0.98,88.5,0.00341705355973562,0.000169566240962784,1.54318956808124,23508,11754,0.980112570356473,"lower_better",43,"t",6,75,"yes","no","",TRUE,FALSE,NA,FALSE,FALSE,"morris_baseline"
"above_threshold",0.98,88.5,0.468927756920261,0.00585279935504312,0.868445398918527,477,238.5,0.0198874296435272,"lower_better",43,"t",6,75,"yes","no","",TRUE,FALSE,NA,FALSE,FALSE,"morris_baseline"
"all",0.99,94.75,0.0069171775320269,0.000642571740579039,0.952316138668984,23985,11992.5,1,"lower_better",43,"t",6,75,"yes","no","",TRUE,FALSE,NA,FALSE,FALSE,"morris_baseline"
"below_threshold",0.99,94.75,0.00150622839370189,0.00018121406036856,2.00205546190995,23746,11873,0.990035438815927,"lower_better",43,"t",6,75,"yes","no","",TRUE,FALSE,NA,FALSE,FALSE,"morris_baseline"
"above_threshold",0.99,94.75,0.54378114778058,0.0349326400882723,0.832201701338574,239,119.5,0.00996456118407338,"lower_better",43,"t",6,75,"yes","no","",TRUE,FALSE,NA,FALSE,FALSE,"morris_baseline"
"all",0.995,100.52,0.00386124024857816,0.000131991349686771,0.958079274225479,23985,11992.5,1,"lower_better",43,"t",6,75,"yes","no","",TRUE,FALSE,NA,FALSE,FALSE,"morris_baseline"
"below_threshold",0.995,100.52,0.000723315282382112,4.4258809822414e-05,3.12345102222119,23865,11932.5,0.994996873045654,"lower_better",43,"t",6,75,"yes","no","",TRUE,FALSE,NA,FALSE,FALSE,"morris_baseline"
"above_threshold",0.995,100.52,0.62918445134594,0.038293160378198,0.827138092231836,120,60,0.00500312695434647,"lower_better",43,"t",6,75,"yes","no","",TRUE,FALSE,NA,FALSE,FALSE,"morris_baseline"
"all",0.9,73.25,0.0489866096722779,0.000441785509570587,1.0875066799882,23985,11992.5,1,"lower_better",44,"t",7,75,"yes","no","",TRUE,FALSE,NA,FALSE,FALSE,"morris_baseline"
"below_threshold",0.9,73.25,0.0163854430252692,0.000700039052029984,0.906741753793694,21603,10801.5,0.900687929956223,"lower_better",44,"t",7,75,"yes","no","",TRUE,FALSE,NA,FALSE,FALSE,"morris_baseline"
"above_threshold",0.9,73.25,0.344600255512257,0.00102885042575229,1.18904121186851,2382,1191,0.0993120700437774,"lower_better",44,"t",7,75,"yes","no","",TRUE,FALSE,NA,FALSE,FALSE,"morris_baseline"
"all",0.95,79.75,0.0274244500437897,0.00112062003295368,1.01458810794077,23985,11992.5,1,"lower_better",44,"t",7,75,"yes","no","",TRUE,FALSE,NA,FALSE,FALSE,"morris_baseline"
"below_threshold",0.95,79.75,0.00935023107219059,6.92846085934467e-05,1.10893789079769,22787,11393.5,0.950052115905774,"lower_better",44,"t",7,75,"yes","no","",TRUE,FALSE,NA,FALSE,FALSE,"morris_baseline"
"above_threshold",0.95,79.75,0.370923465649104,0.00550901320622185,0.975491076177425,1198,599,0.0499478840942256,"lower_better",44,"t",7,75,"yes","no","",TRUE,FALSE,NA,FALSE,FALSE,"morris_baseline"
"all",0.98,88.5,0.0127920128637778,0.00061378418994263,0.990696890777342,23985,11992.5,1,"lower_better",44,"t",7,75,"yes","no","",TRUE,FALSE,NA,FALSE,FALSE,"morris_baseline"
"below_threshold",0.98,88.5,0.00355968223352315,0.000162754833166224,1.60760268823005,23508,11754,0.980112570356473,"lower_better",44,"t",7,75,"yes","no","",TRUE,FALSE,NA,FALSE,FALSE,"morris_baseline"
"above_threshold",0.98,88.5,0.467567933606407,0.00613069586727688,0.865927031680013,477,238.5,0.0198874296435272,"lower_better",44,"t",7,75,"yes","no","",TRUE,FALSE,NA,FALSE,FALSE,"morris_baseline"
"all",0.99,94.75,0.00698787412095767,0.000631287907737695,0.962049227385573,23985,11992.5,1,"lower_better",44,"t",7,75,"yes","no","",TRUE,FALSE,NA,FALSE,FALSE,"morris_baseline"
"below_threshold",0.99,94.75,0.00157932998492595,0.000171210146542111,2.09922096522697,23746,11873,0.990035438815927,"lower_better",44,"t",7,75,"yes","no","",TRUE,FALSE,NA,FALSE,FALSE,"morris_baseline"
"above_threshold",0.99,94.75,0.5436155228051,0.0347992739162113,0.831948229170697,239,119.5,0.00996456118407338,"lower_better",44,"t",7,75,"yes","no","",TRUE,FALSE,NA,FALSE,FALSE,"morris_baseline"
"all",0.995,100.52,0.00388221566095853,0.000128274232268027,0.963283847517018,23985,11992.5,1,"lower_better",44,"t",7,75,"yes","no","",TRUE,FALSE,NA,FALSE,FALSE,"morris_baseline"
"below_threshold",0.995,100.52,0.000754626484500601,3.59465213669601e-05,3.25866039584576,23865,11932.5,0.994996873045654,"lower_better",44,"t",7,75,"yes","no","",TRUE,FALSE,NA,FALSE,FALSE,"morris_baseline"
"above_threshold",0.995,100.52,0.627177928843159,0.039136155294772,0.824500278803008,120,60,0.00500312695434647,"lower_better",44,"t",7,75,"yes","no","",TRUE,FALSE,NA,FALSE,FALSE,"morris_baseline"
"all",0.9,73.25,0.048970643597715,0.000424592354904291,1.08715223184703,23985,11992.5,1,"lower_better",45,"t",8,75,"yes","no","",TRUE,FALSE,NA,FALSE,FALSE,"morris_baseline"
"below_threshold",0.9,73.25,0.0163762087104929,0.000796706673696757,0.906230742967657,21603,10801.5,0.900687929956223,"lower_better",45,"t",8,75,"yes","no","",TRUE,FALSE,NA,FALSE,FALSE,"morris_baseline"
"above_threshold",0.9,73.25,0.344499340091755,0.00173515230628765,1.18869300378691,2382,1191,0.0993120700437774,"lower_better",45,"t",8,75,"yes","no","",TRUE,FALSE,NA,FALSE,FALSE,"morris_baseline"
"all",0.95,79.75,0.0273471944973581,0.00107263768148744,1.01172998103005,23985,11992.5,1,"lower_better",45,"t",8,75,"yes","no","",TRUE,FALSE,NA,FALSE,FALSE,"morris_baseline"
"below_threshold",0.95,79.75,0.00920246020598618,0.000100157770912668,1.09141225839087,22787,11393.5,0.950052115905774,"lower_better",45,"t",8,75,"yes","no","",TRUE,FALSE,NA,FALSE,FALSE,"morris_baseline"
"above_threshold",0.95,79.75,0.372208377073157,0.00506331577262986,0.978870262839689,1198,599,0.0499478840942256,"lower_better",45,"t",8,75,"yes","no","",TRUE,FALSE,NA,FALSE,FALSE,"morris_baseline"
"all",0.98,88.5,0.0127127942816998,0.000595569618867429,0.984561687209916,23985,11992.5,1,"lower_better",45,"t",8,75,"yes","no","",TRUE,FALSE,NA,FALSE,FALSE,"morris_baseline"
"below_threshold",0.98,88.5,0.00349595642689264,0.000160660130470445,1.57882321542092,23508,11754,0.980112570356473,"lower_better",45,"t",8,75,"yes","no","",TRUE,FALSE,NA,FALSE,FALSE,"morris_baseline"
"above_threshold",0.98,88.5,0.466753412101039,0.00534509575321246,0.864418553149539,477,238.5,0.0198874296435272,"lower_better",45,"t",8,75,"yes","no","",TRUE,FALSE,NA,FALSE,FALSE,"morris_baseline"
"all",0.99,94.75,0.00693128805947107,0.000643007379301031,0.9542587927281,23985,11992.5,1,"lower_better",45,"t",8,75,"yes","no","",TRUE,FALSE,NA,FALSE,FALSE,"morris_baseline"
"below_threshold",0.99,94.75,0.00155888649587935,0.000158029367933223,2.0720477960865,23746,11873,0.990035438815927,"lower_better",45,"t",8,75,"yes","no","",TRUE,FALSE,NA,FALSE,FALSE,"morris_baseline"
"above_threshold",0.99,94.75,0.539913112562701,0.0373633635028723,0.826282067121216,239,119.5,0.00996456118407338,"lower_better",45,"t",8,75,"yes","no","",TRUE,FALSE,NA,FALSE,FALSE,"morris_baseline"
"all",0.995,100.52,0.00388468590817374,0.000103967505239673,0.963896783389106,23985,11992.5,1,"lower_better",45,"t",8,75,"yes","no","",TRUE,FALSE,NA,FALSE,FALSE,"morris_baseline"
"below_threshold",0.995,100.52,0.000759119827577501,1.72890274099261e-05,3.27806374230971,23865,11932.5,0.994996873045654,"lower_better",45,"t",8,75,"yes","no","",TRUE,FALSE,NA,FALSE,FALSE,"morris_baseline"
"above_threshold",0.995,100.52,0.626740355450501,0.0379737735150167,0.823925036327704,120,60,0.00500312695434647,"lower_better",45,"t",8,75,"yes","no","",TRUE,FALSE,NA,FALSE,FALSE,"morris_baseline"
"all",0.9,73.25,0.0489763028930155,0.000488098775319457,1.08727786865849,23985,11992.5,1,"lower_better",46,"t",9,75,"yes","no","",TRUE,FALSE,NA,FALSE,FALSE,"morris_baseline"
"below_threshold",0.9,73.25,0.0166401193299661,0.000924876895474363,0.920835094987732,21603,10801.5,0.900687929956223,"lower_better",46,"t",9,75,"yes","no","",TRUE,FALSE,NA,FALSE,FALSE,"morris_baseline"
"above_threshold",0.9,73.25,0.342103079976179,0.00361617623915511,1.18042472195543,2382,1191,0.0993120700437774,"lower_better",46,"t",9,75,"yes","no","",TRUE,FALSE,NA,FALSE,FALSE,"morris_baseline"
"all",0.95,79.75,0.0274354733253308,0.00112994089555672,1.01499592251296,23985,11992.5,1,"lower_better",46,"t",9,75,"yes","no","",TRUE,FALSE,NA,FALSE,FALSE,"morris_baseline"
"below_threshold",0.95,79.75,0.00935774994589442,0.000192080911648453,1.10982962960948,22787,11393.5,0.950052115905774,"lower_better",46,"t",9,75,"yes","no","",TRUE,FALSE,NA,FALSE,FALSE,"morris_baseline"
"above_threshold",0.95,79.75,0.370867519592513,0.00803446946949016,0.975343943725569,1198,599,0.0499478840942256,"lower_better",46,"t",9,75,"yes","no","",TRUE,FALSE,NA,FALSE,FALSE,"morris_baseline"
"all",0.98,88.5,0.0127693510698295,0.000656996651224868,0.988941813680169,23985,11992.5,1,"lower_better",46,"t",9,75,"yes","no","",TRUE,FALSE,NA,FALSE,FALSE,"morris_baseline"
"below_threshold",0.98,88.5,0.00352769128836187,0.000121594108112022,1.59315512632243,23508,11754,0.980112570356473,"lower_better",46,"t",9,75,"yes","no","",TRUE,FALSE,NA,FALSE,FALSE,"morris_baseline"
"above_threshold",0.98,88.5,0.467852655570146,0.0103206101788417,0.866454331409515,477,238.5,0.0198874296435272,"lower_better",46,"t",9,75,"yes","no","",TRUE,FALSE,NA,FALSE,FALSE,"morris_baseline"
"all",0.99,94.75,0.00700535627175062,0.000662655326514311,0.964456066629136,23985,11992.5,1,"lower_better",46,"t",9,75,"yes","no","",TRUE,FALSE,NA,FALSE,FALSE,"morris_baseline"
"below_threshold",0.99,94.75,0.00156306122957197,0.000157439815430557,2.0775967874787,23746,11873,0.990035438815927,"lower_better",46,"t",9,75,"yes","no","",TRUE,FALSE,NA,FALSE,FALSE,"morris_baseline"
"above_threshold",0.99,94.75,0.546891349529214,0.0392451885035729,0.83696154856256,239,119.5,0.00996456118407338,"lower_better",46,"t",9,75,"yes","no","",TRUE,FALSE,NA,FALSE,FALSE,"morris_baseline"
"all",0.995,100.52,0.00388123528014887,0.000140874930061344,0.963040588233959,23985,11992.5,1,"lower_better",46,"t",9,75,"yes","no","",TRUE,FALSE,NA,FALSE,FALSE,"morris_baseline"
"below_threshold",0.995,100.52,0.000746374881726985,2.80224829000056e-05,3.22302797144387,23865,11932.5,0.994996873045654,"lower_better",46,"t",9,75,"yes","no","",TRUE,FALSE,NA,FALSE,FALSE,"morris_baseline"
"above_threshold",0.995,100.52,0.628759968242492,0.0432830772747497,0.826580058504811,120,60,0.00500312695434647,"lower_better",46,"t",9,75,"yes","no","",TRUE,FALSE,NA,FALSE,FALSE,"morris_baseline"
"all",0.9,73.25,0.0583319425872246,0.00134325273142735,1.29497382335063,23985,11992.5,1,"lower_better",47,"skew-t",6,85,"yes","no","",FALSE,FALSE,NA,FALSE,FALSE,"other_numeric"
"below_threshold",0.9,73.25,0.0129868449664342,0.00134543734331582,0.71866928242045,21603,10801.5,0.900687929956223,"lower_better",47,"skew-t",6,85,"yes","no","",FALSE,FALSE,NA,FALSE,FALSE,"other_numeric"
"above_threshold",0.9,73.25,0.469172091583849,0.012150430961012,1.61887562016594,2382,1191,0.0993120700437774,"lower_better",47,"skew-t",6,85,"yes","no","",FALSE,FALSE,NA,FALSE,FALSE,"other_numeric"
"all",0.95,79.75,0.0305690509398308,0.00112553242686923,1.13092497771387,23985,11992.5,1,"lower_better",47,"skew-t",6,85,"yes","no","",FALSE,FALSE,NA,FALSE,FALSE,"other_numeric"
"below_threshold",0.95,79.75,0.00722455846057163,0.000672473608031797,0.856833008655683,22787,11393.5,0.950052115905774,"lower_better",47,"skew-t",6,85,"yes","no","",FALSE,FALSE,NA,FALSE,FALSE,"other_numeric"
"above_threshold",0.95,79.75,0.473964702155233,0.0117738249671837,1.24647907235102,1198,599,0.0499478840942256,"lower_better",47,"skew-t",6,85,"yes","no","",FALSE,FALSE,NA,FALSE,FALSE,"other_numeric"
"all",0.98,88.5,0.01302219791559,0.000369098380706288,1.00852392218845,23985,11992.5,1,"lower_better",47,"skew-t",6,85,"yes","no","",FALSE,FALSE,NA,FALSE,FALSE,"other_numeric"
"below_threshold",0.98,88.5,0.00283307064177761,1.74879580009451e-05,1.27945464816381,23508,11754,0.980112570356473,"lower_better",47,"skew-t",6,85,"yes","no","",FALSE,FALSE,NA,FALSE,FALSE,"other_numeric"
"above_threshold",0.98,88.5,0.515194045408907,0.000754970591093085,0.954129696275731,477,238.5,0.0198874296435272,"lower_better",47,"skew-t",6,85,"yes","no","",FALSE,FALSE,NA,FALSE,FALSE,"other_numeric"
"all",0.99,94.75,0.00699721915086755,0.000528903728678666,0.963335795896836,23985,11992.5,1,"lower_better",47,"skew-t",6,85,"yes","no","",FALSE,FALSE,NA,FALSE,FALSE,"other_numeric"
"below_threshold",0.99,94.75,0.00136751097830771,0.000139737921068656,1.81767442095149,23746,11873,0.990035438815927,"lower_better",47,"skew-t",6,85,"yes","no","",FALSE,FALSE,NA,FALSE,FALSE,"other_numeric"
"above_threshold",0.99,94.75,0.565760272393162,0.0271753476068376,0.865838514551349,239,119.5,0.00996456118407338,"lower_better",47,"skew-t",6,85,"yes","no","",FALSE,FALSE,NA,FALSE,FALSE,"other_numeric"
"all",0.995,100.52,0.00387496913717669,0.000100772798091915,0.961485786842569,23985,11992.5,1,"lower_better",47,"skew-t",6,85,"yes","no","",FALSE,FALSE,NA,FALSE,FALSE,"other_numeric"
"below_threshold",0.995,100.52,0.000702308645726661,6.83900533512941e-05,3.03273926438467,23865,11932.5,0.994996873045654,"lower_better",47,"skew-t",6,85,"yes","no","",FALSE,FALSE,NA,FALSE,FALSE,"other_numeric"
"above_threshold",0.995,100.52,0.635748821290323,0.0274711587096774,0.835767740375374,120,60,0.00500312695434647,"lower_better",47,"skew-t",6,85,"yes","no","",FALSE,FALSE,NA,FALSE,FALSE,"other_numeric"
"all",0.9,73.25,0.0587519667117167,0.00101562005838672,1.30429839274209,23985,11992.5,1,"lower_better",48,"skew-t",7,85,"yes","no","",FALSE,FALSE,NA,FALSE,FALSE,"other_numeric"
"below_threshold",0.9,73.25,0.0126788030979314,0.0016270581694794,0.701622784278324,21603,10801.5,0.900687929956223,"lower_better",48,"skew-t",7,85,"yes","no","",FALSE,FALSE,NA,FALSE,FALSE,"other_numeric"
"above_threshold",0.9,73.25,0.476215360904621,0.0111867200741715,1.64317838069708,2382,1191,0.0993120700437774,"lower_better",48,"skew-t",7,85,"yes","no","",FALSE,FALSE,NA,FALSE,FALSE,"other_numeric"
"all",0.95,79.75,0.0307492682253709,0.00107204283569015,1.13759225142264,23985,11992.5,1,"lower_better",48,"skew-t",7,85,"yes","no","",FALSE,FALSE,NA,FALSE,FALSE,"other_numeric"
"below_threshold",0.95,79.75,0.0071666294349513,0.000783799213981145,0.849962623208372,22787,11393.5,0.950052115905774,"lower_better",48,"skew-t",7,85,"yes","no","",FALSE,FALSE,NA,FALSE,FALSE,"other_numeric"
"above_threshold",0.95,79.75,0.478628174055786,0.0125821733527987,1.25874353023597,1198,599,0.0499478840942256,"lower_better",48,"skew-t",7,85,"yes","no","",FALSE,FALSE,NA,FALSE,FALSE,"other_numeric"
"all",0.98,88.5,0.0130722626419593,0.000384100821504175,1.01240126106231,23985,11992.5,1,"lower_better",48,"skew-t",7,85,"yes","no","",FALSE,FALSE,NA,FALSE,FALSE,"other_numeric"
"below_threshold",0.98,88.5,0.00280391177880941,8.77629801560985e-06,1.26628609450698,23508,11754,0.980112570356473,"lower_better",48,"skew-t",7,85,"yes","no","",FALSE,FALSE,NA,FALSE,FALSE,"other_numeric"
"above_threshold",0.98,88.5,0.519078781458546,0.00115279554550252,0.96132415448072,477,238.5,0.0198874296435272,"lower_better",48,"skew-t",7,85,"yes","no","",FALSE,FALSE,NA,FALSE,FALSE,"other_numeric"
"all",0.99,94.75,0.00701550994633794,0.000539686990599001,0.965853964562437,23985,11992.5,1,"lower_better",48,"skew-t",7,85,"yes","no","",FALSE,FALSE,NA,FALSE,FALSE,"other_numeric"
"below_threshold",0.99,94.75,0.00135365707975508,0.000131526847431844,1.79926003347743,23746,11873,0.990035438815927,"lower_better",48,"skew-t",7,85,"yes","no","",FALSE,FALSE,NA,FALSE,FALSE,"other_numeric"
"above_threshold",0.99,94.75,0.568933146464901,0.0290054469777217,0.870694275387139,239,119.5,0.00996456118407338,"lower_better",48,"skew-t",7,85,"yes","no","",FALSE,FALSE,NA,FALSE,FALSE,"other_numeric"
"all",0.995,100.52,0.00389195242026097,0.000109111106599222,0.965699803708613,23985,11992.5,1,"lower_better",48,"skew-t",7,85,"yes","no","",FALSE,FALSE,NA,FALSE,FALSE,"other_numeric"
"below_threshold",0.995,100.52,0.000699938258127023,6.52420402803535e-05,3.02250335516018,23865,11932.5,0.994996873045654,"lower_better",48,"skew-t",7,85,"yes","no","",FALSE,FALSE,NA,FALSE,FALSE,"other_numeric"
"above_threshold",0.995,100.52,0.639694770611791,0.0298939983537264,0.840955161944392,120,60,0.00500312695434647,"lower_better",48,"skew-t",7,85,"yes","no","",FALSE,FALSE,NA,FALSE,FALSE,"other_numeric"
"all",0.9,73.25,0.0584205398103079,0.000883212248417461,1.29694068883849,23985,11992.5,1,"lower_better",49,"skew-t",8,85,"yes","no","",FALSE,FALSE,NA,FALSE,FALSE,"other_numeric"
"below_threshold",0.9,73.25,0.0134125604317577,0.000778790794143922,0.742227631562995,21603,10801.5,0.900687929956223,"lower_better",49,"skew-t",8,85,"yes","no","",FALSE,FALSE,NA,FALSE,FALSE,"other_numeric"
"above_threshold",0.9,73.25,0.466508249391133,0.00247115586172153,1.60968404790681,2382,1191,0.0993120700437774,"lower_better",49,"skew-t",8,85,"yes","no","",FALSE,FALSE,NA,FALSE,FALSE,"other_numeric"
"all",0.95,79.75,0.0305935027984749,0.00107806015781473,1.13182959257243,23985,11992.5,1,"lower_better",49,"skew-t",8,85,"yes","no","",FALSE,FALSE,NA,FALSE,FALSE,"other_numeric"
"below_threshold",0.95,79.75,0.00732032292552694,0.00049268660894978,0.868190679173235,22787,11393.5,0.950052115905774,"lower_better",49,"skew-t",8,85,"yes","no","",FALSE,FALSE,NA,FALSE,FALSE,"other_numeric"
"above_threshold",0.95,79.75,0.472859269951467,0.00746437996904173,1.24357189782593,1198,599,0.0499478840942256,"lower_better",49,"skew-t",8,85,"yes","no","",FALSE,FALSE,NA,FALSE,FALSE,"other_numeric"
"all",0.98,88.5,0.0130241489889064,0.000387242102184705,1.00867502602869,23985,11992.5,1,"lower_better",49,"skew-t",8,85,"yes","no","",FALSE,FALSE,NA,FALSE,FALSE,"other_numeric"
"below_threshold",0.98,88.5,0.00281206184613379,8.47234949806551e-06,1.26996677982673,23508,11754,0.980112570356473,"lower_better",49,"skew-t",8,85,"yes","no","",FALSE,FALSE,NA,FALSE,FALSE,"other_numeric"
"above_threshold",0.98,88.5,0.516249041185355,0.00139797144622428,0.956083528639914,477,238.5,0.0198874296435272,"lower_better",49,"skew-t",8,85,"yes","no","",FALSE,FALSE,NA,FALSE,FALSE,"other_numeric"
"all",0.99,94.75,0.00698489114095341,0.000535619529717264,0.961638548320849,23985,11992.5,1,"lower_better",49,"skew-t",8,85,"yes","no","",FALSE,FALSE,NA,FALSE,FALSE,"other_numeric"
"below_threshold",0.99,94.75,0.00134073035147673,8.61432976046775e-05,1.78207802637778,23746,11873,0.990035438815927,"lower_better",49,"skew-t",8,85,"yes","no","",FALSE,FALSE,NA,FALSE,FALSE,"other_numeric"
"above_threshold",0.99,94.75,0.567055591265238,0.0331460415216477,0.867820868249186,239,119.5,0.00996456118407338,"lower_better",49,"skew-t",8,85,"yes","no","",FALSE,FALSE,NA,FALSE,FALSE,"other_numeric"
"all",0.995,100.52,0.00387577238510203,0.00010118851913554,0.961685094614112,23985,11992.5,1,"lower_better",49,"skew-t",8,85,"yes","no","",FALSE,FALSE,NA,FALSE,FALSE,"other_numeric"
"below_threshold",0.995,100.52,0.000682730196683559,2.00127706257456e-05,2.94819476744581,23865,11932.5,0.994996873045654,"lower_better",49,"skew-t",8,85,"yes","no","",FALSE,FALSE,NA,FALSE,FALSE,"other_numeric"
"above_threshold",0.995,100.52,0.640129296429366,0.0373204228809789,0.841526398018338,120,60,0.00500312695434647,"lower_better",49,"skew-t",8,85,"yes","no","",FALSE,FALSE,NA,FALSE,FALSE,"other_numeric"
"all",0.9,73.25,0.0584707021062986,0.000938068841315684,1.29805429584943,23985,11992.5,1,"lower_better",50,"skew-t",9,85,"yes","no","",FALSE,FALSE,NA,FALSE,FALSE,"other_numeric"
"below_threshold",0.9,73.25,0.0129244577299535,0.00210410860525546,0.715216881888243,21603,10801.5,0.900687929956223,"lower_better",50,"skew-t",9,85,"yes","no","",FALSE,FALSE,NA,FALSE,FALSE,"other_numeric"
"above_threshold",0.9,73.25,0.471030851935599,0.0148939024200286,1.62528926213475,2382,1191,0.0993120700437774,"lower_better",50,"skew-t",9,85,"yes","no","",FALSE,FALSE,NA,FALSE,FALSE,"other_numeric"
"all",0.95,79.75,0.0305780693080139,0.00101270585715123,1.13125861901195,23985,11992.5,1,"lower_better",50,"skew-t",9,85,"yes","no","",FALSE,FALSE,NA,FALSE,FALSE,"other_numeric"
"below_threshold",0.95,79.75,0.00734283990857299,0.000798916570250953,0.870861194531991,22787,11393.5,0.950052115905774,"lower_better",50,"skew-t",9,85,"yes","no","",FALSE,FALSE,NA,FALSE,FALSE,"other_numeric"
"above_threshold",0.95,79.75,0.471876109511066,0.012031342762384,1.24098628563129,1198,599,0.0499478840942256,"lower_better",50,"skew-t",9,85,"yes","no","",FALSE,FALSE,NA,FALSE,FALSE,"other_numeric"
"all",0.98,88.5,0.0130402237966436,0.000359195832986024,1.00991996396104,23985,11992.5,1,"lower_better",50,"skew-t",9,85,"yes","no","",FALSE,FALSE,NA,FALSE,FALSE,"other_numeric"
"below_threshold",0.98,88.5,0.00288618217245625,4.60411577541205e-05,1.30344056429163,23508,11754,0.980112570356473,"lower_better",50,"skew-t",9,85,"yes","no","",FALSE,FALSE,NA,FALSE,FALSE,"other_numeric"
"above_threshold",0.98,88.5,0.513550406288682,0.00259895527653581,0.951085707494139,477,238.5,0.0198874296435272,"lower_better",50,"skew-t",9,85,"yes","no","",FALSE,FALSE,NA,FALSE,FALSE,"other_numeric"
"all",0.99,94.75,0.00703918758772776,0.00055977462782112,0.969113762350877,23985,11992.5,1,"lower_better",50,"skew-t",9,85,"yes","no","",FALSE,FALSE,NA,FALSE,FALSE,"other_numeric"
"below_threshold",0.99,94.75,0.0014098422674858,0.000179923122704658,1.87394051516605,23746,11873,0.990035438815927,"lower_better",50,"skew-t",9,85,"yes","no","",FALSE,FALSE,NA,FALSE,FALSE,"other_numeric"
"above_threshold",0.99,94.75,0.565786087926299,0.0262811491228808,0.865878022597344,239,119.5,0.00996456118407338,"lower_better",50,"skew-t",9,85,"yes","no","",FALSE,FALSE,NA,FALSE,FALSE,"other_numeric"
"all",0.995,100.52,0.00390644271547491,0.000124454518425653,0.969295242124288,23985,11992.5,1,"lower_better",50,"skew-t",9,85,"yes","no","",FALSE,FALSE,NA,FALSE,FALSE,"other_numeric"
"below_threshold",0.995,100.52,0.000725217505064981,9.59596751529573e-05,3.13166528165689,23865,11932.5,0.994996873045654,"lower_better",50,"skew-t",9,85,"yes","no","",FALSE,FALSE,NA,FALSE,FALSE,"other_numeric"
"above_threshold",0.995,100.52,0.637459846073415,0.0267772622024471,0.838017086766279,120,60,0.00500312695434647,"lower_better",50,"skew-t",9,85,"yes","no","",FALSE,FALSE,NA,FALSE,FALSE,"other_numeric"
"all",0.9,73.25,0.0446953684462682,0.00130112263814953,0.992240779164545,23985,11992.5,1,"lower_better",51,"skew-t",1,0,"yes","yes","",TRUE,FALSE,NA,FALSE,FALSE,"morris_baseline"
"below_threshold",0.9,73.25,0.0178247733929626,0.000867941875574877,0.986391778506371,21603,10801.5,0.900687929956223,"lower_better",51,"skew-t",1,0,"yes","yes","",TRUE,FALSE,NA,FALSE,FALSE,"morris_baseline"
"above_threshold",0.9,73.25,0.288498957300191,0.00282609155794014,0.995464003069552,2382,1191,0.0993120700437774,"lower_better",51,"skew-t",1,0,"yes","yes","",TRUE,FALSE,NA,FALSE,FALSE,"morris_baseline"
"all",0.95,79.75,0.0269477783648014,0.00212720441798137,0.996953281494973,23985,11992.5,1,"lower_better",51,"skew-t",1,0,"yes","yes","",TRUE,FALSE,NA,FALSE,FALSE,"morris_baseline"
"below_threshold",0.95,79.75,0.00841724095013713,0.000609011170648153,0.998285213864151,22787,11393.5,0.950052115905774,"lower_better",51,"skew-t",1,0,"yes","yes","",TRUE,FALSE,NA,FALSE,FALSE,"morris_baseline"
"above_threshold",0.95,79.75,0.378817032664508,0.0123144391319946,0.996250356449057,1198,599,0.0499478840942256,"lower_better",51,"skew-t",1,0,"yes","yes","",TRUE,FALSE,NA,FALSE,FALSE,"morris_baseline"
"all",0.98,88.5,0.0128488774417816,0.000707977903563728,0.995100854502497,23985,11992.5,1,"lower_better",51,"skew-t",1,0,"yes","yes","",TRUE,FALSE,NA,FALSE,FALSE,"morris_baseline"
"below_threshold",0.98,88.5,0.00227770357254206,0.000215693204563812,1.02864304901332,23508,11754,0.980112570356473,"lower_better",51,"skew-t",1,0,"yes","yes","",TRUE,FALSE,NA,FALSE,FALSE,"morris_baseline"
"above_threshold",0.98,88.5,0.533618748691428,0.0058331149522971,0.988251900721959,477,238.5,0.0198874296435272,"lower_better",51,"skew-t",1,0,"yes","yes","",TRUE,FALSE,NA,FALSE,FALSE,"morris_baseline"
"all",0.99,94.75,0.00717920375429693,0.00058581853465869,0.988390361004159,23985,11992.5,1,"lower_better",51,"skew-t",1,0,"yes","yes","",TRUE,FALSE,NA,FALSE,FALSE,"morris_baseline"
"below_threshold",0.99,94.75,0.00078751287118786,0.000100745659066648,1.04674991633313,23746,11873,0.990035438815927,"lower_better",51,"skew-t",1,0,"yes","yes","",TRUE,FALSE,NA,FALSE,FALSE,"morris_baseline"
"above_threshold",0.99,94.75,0.641478569397506,0.0351362787992154,0.981717661606481,239,119.5,0.00996456118407338,"lower_better",51,"skew-t",1,0,"yes","yes","",TRUE,FALSE,NA,FALSE,FALSE,"morris_baseline"
"all",0.995,100.52,0.00399840645452529,5.01701987946938e-05,0.992113960124778,23985,11992.5,1,"lower_better",51,"skew-t",1,0,"yes","yes","",TRUE,FALSE,NA,FALSE,FALSE,"morris_baseline"
"below_threshold",0.995,100.52,0.000250865068889146,5.64580789207816e-06,1.08329628164479,23865,11932.5,0.994996873045654,"lower_better",51,"skew-t",1,0,"yes","yes","",TRUE,FALSE,NA,FALSE,FALSE,"morris_baseline"
"above_threshold",0.995,100.52,0.750408143181313,0.0336291354393771,0.986501110474765,120,60,0.00500312695434647,"lower_better",51,"skew-t",1,0,"yes","yes","",TRUE,FALSE,NA,FALSE,FALSE,"morris_baseline"
"all",0.9,73.25,0.0449887134797814,0.00123126361731574,0.998753062533839,23985,11992.5,1,"lower_better",52,"skew-t",1,50,"yes","yes","",TRUE,FALSE,NA,FALSE,FALSE,"morris_baseline"
"below_threshold",0.9,73.25,0.0193968808651353,0.000723204171103352,1.07338945591257,21603,10801.5,0.900687929956223,"lower_better",52,"skew-t",1,50,"yes","yes","",TRUE,FALSE,NA,FALSE,FALSE,"morris_baseline"
"above_threshold",0.9,73.25,0.277161130126329,0.00183263887021115,0.956342895214523,2382,1191,0.0993120700437774,"lower_better",52,"skew-t",1,50,"yes","yes","",TRUE,FALSE,NA,FALSE,FALSE,"morris_baseline"
"all",0.95,79.75,0.0269947288615948,0.00208604726119468,0.998690250354236,23985,11992.5,1,"lower_better",52,"skew-t",1,50,"yes","yes","",TRUE,FALSE,NA,FALSE,FALSE,"morris_baseline"
"below_threshold",0.95,79.75,0.00958217290656224,0.000498280316432738,1.13644620440085,22787,11393.5,0.950052115905774,"lower_better",52,"skew-t",1,50,"yes","yes","",TRUE,FALSE,NA,FALSE,FALSE,"morris_baseline"
"above_threshold",0.95,79.75,0.357471836008505,0.0147324183635139,0.940114655191265,1198,599,0.0499478840942256,"lower_better",52,"skew-t",1,50,"yes","yes","",TRUE,FALSE,NA,FALSE,FALSE,"morris_baseline"
"all",0.98,88.5,0.0127121705231889,0.000740026520521521,0.984513379283401,23985,11992.5,1,"lower_better",52,"skew-t",1,50,"yes","yes","",TRUE,FALSE,NA,FALSE,FALSE,"morris_baseline"
"below_threshold",0.98,88.5,0.00286981308484409,0.00016761071210677,1.29604805352161,23508,11754,0.980112570356473,"lower_better",52,"skew-t",1,50,"yes","yes","",TRUE,FALSE,NA,FALSE,FALSE,"morris_baseline"
"above_threshold",0.98,88.5,0.497371374000704,0.0111409553920084,0.921122443554024,477,238.5,0.0198874296435272,"lower_better",52,"skew-t",1,50,"yes","yes","",TRUE,FALSE,NA,FALSE,FALSE,"morris_baseline"
"all",0.99,94.75,0.00703125180697702,0.000653025593757048,0.968021210938559,23985,11992.5,1,"lower_better",52,"skew-t",1,50,"yes","yes","",TRUE,FALSE,NA,FALSE,FALSE,"morris_baseline"
"below_threshold",0.99,94.75,0.00109439076783283,0.000112726639886703,1.45464726555751,23746,11873,0.990035438815927,"lower_better",52,"skew-t",1,50,"yes","yes","",TRUE,FALSE,NA,FALSE,FALSE,"morris_baseline"
"above_threshold",0.99,94.75,0.596002280941572,0.0416654429928542,0.912120830642302,239,119.5,0.00996456118407338,"lower_better",52,"skew-t",1,50,"yes","yes","",TRUE,FALSE,NA,FALSE,FALSE,"morris_baseline"
"all",0.995,100.52,0.0039252502201226,8.46499600575818e-05,0.97396189823549,23985,11992.5,1,"lower_better",52,"skew-t",1,50,"yes","yes","",TRUE,FALSE,NA,FALSE,FALSE,"morris_baseline"
"below_threshold",0.995,100.52,0.000410176428807058,5.51069608816407e-06,1.77124141719935,23865,11932.5,0.994996873045654,"lower_better",52,"skew-t",1,50,"yes","yes","",TRUE,FALSE,NA,FALSE,FALSE,"morris_baseline"
"above_threshold",0.995,100.52,0.704280170456062,0.0390221736818688,0.925860382184568,120,60,0.00500312695434647,"lower_better",52,"skew-t",1,50,"yes","yes","",TRUE,FALSE,NA,FALSE,FALSE,"morris_baseline"
"all",0.9,73.25,0.0489559173880094,0.000403692378423685,1.08682530880556,23985,11992.5,1,"lower_better",53,"t",1,75,"yes","yes","",TRUE,FALSE,NA,FALSE,FALSE,"morris_baseline"
"below_threshold",0.9,73.25,0.0145279287028804,0.000408277362980718,0.803950160561685,21603,10801.5,0.900687929956223,"lower_better",53,"t",1,75,"yes","yes","",TRUE,FALSE,NA,FALSE,FALSE,"morris_baseline"
"above_threshold",0.9,73.25,0.361252544993791,0.00255163621728186,1.24649984153805,2382,1191,0.0993120700437774,"lower_better",53,"t",1,75,"yes","yes","",TRUE,FALSE,NA,FALSE,FALSE,"morris_baseline"
"all",0.95,79.75,0.0273620722817153,0.00108378632689328,1.01228039582623,23985,11992.5,1,"lower_better",53,"t",1,75,"yes","yes","",TRUE,FALSE,NA,FALSE,FALSE,"morris_baseline"
"below_threshold",0.95,79.75,0.00894575555875322,9.01518450675378e-05,1.06096707389621,22787,11393.5,0.950052115905774,"lower_better",53,"t",1,75,"yes","yes","",TRUE,FALSE,NA,FALSE,FALSE,"morris_baseline"
"above_threshold",0.95,79.75,0.377584212330561,0.00138252979980499,0.993008164067966,1198,599,0.0499478840942256,"lower_better",53,"t",1,75,"yes","yes","",TRUE,FALSE,NA,FALSE,FALSE,"morris_baseline"
"all",0.98,88.5,0.0127492260184854,0.000609401485685485,0.987383198471936,23985,11992.5,1,"lower_better",53,"t",1,75,"yes","yes","",TRUE,FALSE,NA,FALSE,FALSE,"morris_baseline"
"below_threshold",0.98,88.5,0.00353784364704359,0.00020195133464451,1.5977400746515,23508,11754,0.980112570356473,"lower_better",53,"t",1,75,"yes","yes","",TRUE,FALSE,NA,FALSE,FALSE,"morris_baseline"
"above_threshold",0.98,88.5,0.466570418649534,0.00401376612779442,0.864079652714138,477,238.5,0.0198874296435272,"lower_better",53,"t",1,75,"yes","yes","",TRUE,FALSE,NA,FALSE,FALSE,"morris_baseline"
"all",0.99,94.75,0.00696812640563795,0.000713946580681707,0.959330478602021,23985,11992.5,1,"lower_better",53,"t",1,75,"yes","yes","",TRUE,FALSE,NA,FALSE,FALSE,"morris_baseline"
"below_threshold",0.99,94.75,0.00161189693849842,0.000189435827387306,2.14250845572321,23746,11873,0.990035438815927,"lower_better",53,"t",1,75,"yes","yes","",TRUE,FALSE,NA,FALSE,FALSE,"morris_baseline"
"above_threshold",0.99,94.75,0.538257914110971,0.0413984494955864,0.823748954354793,239,119.5,0.00996456118407338,"lower_better",53,"t",1,75,"yes","yes","",TRUE,FALSE,NA,FALSE,FALSE,"morris_baseline"
"all",0.995,100.52,0.00388588668212474,0.000158963417975365,0.964194728236206,23985,11992.5,1,"lower_better",53,"t",1,75,"yes","yes","",TRUE,FALSE,NA,FALSE,FALSE,"morris_baseline"
"below_threshold",0.995,100.52,0.000758741261551903,4.26013872326738e-05,3.2764290022891,23865,11932.5,0.994996873045654,"lower_better",53,"t",1,75,"yes","yes","",TRUE,FALSE,NA,FALSE,FALSE,"morris_baseline"
"above_threshold",0.995,100.52,0.627251752558398,0.0439490267519466,0.824597328891982,120,60,0.00500312695434647,"lower_better",53,"t",1,75,"yes","yes","",TRUE,FALSE,NA,FALSE,FALSE,"morris_baseline"
"all",0.9,73.25,0.044917066388464,0.00128543636762544,0.997162491336309,23985,11992.5,1,"lower_better",54,"skew-t",5,0,"yes","yes","",TRUE,FALSE,NA,FALSE,FALSE,"morris_baseline"
"below_threshold",0.9,73.25,0.0178060428268371,0.00055794820456974,0.985355261742558,21603,10801.5,0.900687929956223,"lower_better",54,"skew-t",5,0,"yes","yes","",TRUE,FALSE,NA,FALSE,FALSE,"morris_baseline"
"above_threshold",0.9,73.25,0.290815009785078,0.000242145543642075,1.00345552892982,2382,1191,0.0993120700437774,"lower_better",54,"skew-t",5,0,"yes","yes","",TRUE,FALSE,NA,FALSE,FALSE,"morris_baseline"
"all",0.95,79.75,0.0269695936282043,0.00195118360903289,0.997760353534153,23985,11992.5,1,"lower_better",54,"skew-t",5,0,"yes","yes","",TRUE,FALSE,NA,FALSE,FALSE,"morris_baseline"
"below_threshold",0.95,79.75,0.00882476396401522,0.000466133449489492,1.04661746447618,22787,11393.5,0.950052115905774,"lower_better",54,"skew-t",5,0,"yes","yes","",TRUE,FALSE,NA,FALSE,FALSE,"morris_baseline"
"above_threshold",0.95,79.75,0.37151635369714,0.0118969591804438,0.977050311582009,1198,599,0.0499478840942256,"lower_better",54,"skew-t",5,0,"yes","yes","",TRUE,FALSE,NA,FALSE,FALSE,"morris_baseline"
"all",0.98,88.5,0.0127330381640443,0.000672076066853299,0.986129505465689,23985,11992.5,1,"lower_better",54,"skew-t",5,0,"yes","yes","",TRUE,FALSE,NA,FALSE,FALSE,"morris_baseline"
"below_threshold",0.98,88.5,0.00267658416433173,0.00017960211963045,1.20878314848765,23508,11754,0.980112570356473,"lower_better",54,"skew-t",5,0,"yes","yes","",TRUE,FALSE,NA,FALSE,FALSE,"morris_baseline"
"above_threshold",0.98,88.5,0.508102354792466,0.00673985670550958,0.940996018442604,477,238.5,0.0198874296435272,"lower_better",54,"skew-t",5,0,"yes","yes","",TRUE,FALSE,NA,FALSE,FALSE,"morris_baseline"
"all",0.99,94.75,0.00697528891702155,0.000503666084646788,0.96031657085604,23985,11992.5,1,"lower_better",54,"skew-t",5,0,"yes","yes","",TRUE,FALSE,NA,FALSE,FALSE,"morris_baseline"
"below_threshold",0.99,94.75,0.00100753890356342,8.97660012065143e-05,1.33920511218641,23746,11873,0.990035438815927,"lower_better",54,"skew-t",5,0,"yes","yes","",TRUE,FALSE,NA,FALSE,FALSE,"morris_baseline"
"above_threshold",0.99,94.75,0.599286945088973,0.0288859447470926,0.917147674811045,239,119.5,0.00996456118407338,"lower_better",54,"skew-t",5,0,"yes","yes","",TRUE,FALSE,NA,FALSE,FALSE,"morris_baseline"
"all",0.995,100.52,0.00389289687582932,2.88451962427545e-05,0.965934148957085,23985,11992.5,1,"lower_better",54,"skew-t",5,0,"yes","yes","",TRUE,FALSE,NA,FALSE,FALSE,"morris_baseline"
"below_threshold",0.995,100.52,0.000382190440536561,6.16468100576924e-06,1.65039112438724,23865,11932.5,0.994996873045654,"lower_better",54,"skew-t",5,0,"yes","yes","",TRUE,FALSE,NA,FALSE,FALSE,"morris_baseline"
"above_threshold",0.995,100.52,0.703005963403782,0.0276969221134594,0.924185284861236,120,60,0.00500312695434647,"lower_better",54,"skew-t",5,0,"yes","yes","",TRUE,FALSE,NA,FALSE,FALSE,"morris_baseline"
"all",0.9,73.25,0.0448997776060081,0.00120781778938729,0.996778678973392,23985,11992.5,1,"lower_better",55,"skew-t",5,50,"yes","yes","",TRUE,FALSE,NA,FALSE,FALSE,"morris_baseline"
"below_threshold",0.9,73.25,0.01834661220744,0.000546212624375677,1.01526942564152,21603,10801.5,0.900687929956223,"lower_better",55,"skew-t",5,50,"yes","yes","",TRUE,FALSE,NA,FALSE,FALSE,"morris_baseline"
"above_threshold",0.9,73.25,0.285753198934984,0.000750529473320272,0.98598977952549,2382,1191,0.0993120700437774,"lower_better",55,"skew-t",5,50,"yes","yes","",TRUE,FALSE,NA,FALSE,FALSE,"morris_baseline"
"all",0.95,79.75,0.0267982764999358,0.00210192566222637,0.991422347822086,23985,11992.5,1,"lower_better",55,"skew-t",5,50,"yes","yes","",TRUE,FALSE,NA,FALSE,FALSE,"morris_baseline"
"below_threshold",0.95,79.75,0.00927756857784614,0.000464677440289261,1.10032011519447,22787,11393.5,0.950052115905774,"lower_better",55,"skew-t",5,50,"yes","yes","",TRUE,FALSE,NA,FALSE,FALSE,"morris_baseline"
"above_threshold",0.95,79.75,0.359287900702038,0.0155824506493136,0.944890721054884,1198,599,0.0499478840942256,"lower_better",55,"skew-t",5,50,"yes","yes","",TRUE,FALSE,NA,FALSE,FALSE,"morris_baseline"
"all",0.98,88.5,0.0125719292291754,0.000688417974695125,0.973652178984649,23985,11992.5,1,"lower_better",55,"skew-t",5,50,"yes","yes","",TRUE,FALSE,NA,FALSE,FALSE,"morris_baseline"
"below_threshold",0.98,88.5,0.00301634422437993,0.000150397950903262,1.36222358222718,23508,11754,0.980112570356473,"lower_better",55,"skew-t",5,50,"yes","yes","",TRUE,FALSE,NA,FALSE,FALSE,"morris_baseline"
"above_threshold",0.98,88.5,0.483141956942792,0.0099119798993135,0.894769830404407,477,238.5,0.0198874296435272,"lower_better",55,"skew-t",5,50,"yes","yes","",TRUE,FALSE,NA,FALSE,FALSE,"morris_baseline"
"all",0.99,94.75,0.00696449074772572,0.000520522689044383,0.958829942698691,23985,11992.5,1,"lower_better",55,"skew-t",5,50,"yes","yes","",TRUE,FALSE,NA,FALSE,FALSE,"morris_baseline"
"below_threshold",0.99,94.75,0.00123181610280001,0.000120781220645128,1.63731089321603,23746,11873,0.990035438815927,"lower_better",55,"skew-t",5,50,"yes","yes","",TRUE,FALSE,NA,FALSE,FALSE,"morris_baseline"
"above_threshold",0.99,94.75,0.575939838653496,0.0279980403628975,0.881417304649744,239,119.5,0.00996456118407338,"lower_better",55,"skew-t",5,50,"yes","yes","",TRUE,FALSE,NA,FALSE,FALSE,"morris_baseline"
"all",0.995,100.52,0.00390661270909694,7.60030766888417e-05,0.969337422189638,23985,11992.5,1,"lower_better",55,"skew-t",5,50,"yes","yes","",TRUE,FALSE,NA,FALSE,FALSE,"morris_baseline"
"below_threshold",0.995,100.52,0.000518683450599802,2.47817128536769e-05,2.23980108459717,23865,11932.5,0.994996873045654,"lower_better",55,"skew-t",5,50,"yes","yes","",TRUE,FALSE,NA,FALSE,FALSE,"morris_baseline"
"above_threshold",0.995,100.52,0.678763600367075,0.0326167210122358,0.892315803868056,120,60,0.00500312695434647,"lower_better",55,"skew-t",5,50,"yes","yes","",TRUE,FALSE,NA,FALSE,FALSE,"morris_baseline"
"all",0.9,73.25,0.0490108741519852,0.00030315726276289,1.0880453533919,23985,11992.5,1,"lower_better",56,"t",5,75,"yes","yes","",TRUE,FALSE,NA,FALSE,FALSE,"morris_baseline"
"below_threshold",0.9,73.25,0.0156206145095062,0.000797166470108273,0.864417481653791,21603,10801.5,0.900687929956223,"lower_better",56,"t",5,75,"yes","yes","",TRUE,FALSE,NA,FALSE,FALSE,"morris_baseline"
"above_threshold",0.9,73.25,0.351800420390783,0.000276790702202018,1.21388533962486,2382,1191,0.0993120700437774,"lower_better",56,"t",5,75,"yes","yes","",TRUE,FALSE,NA,FALSE,FALSE,"morris_baseline"
"all",0.95,79.75,0.0271903881909829,0.00116893341395534,1.00592881406246,23985,11992.5,1,"lower_better",56,"t",5,75,"yes","yes","",TRUE,FALSE,NA,FALSE,FALSE,"morris_baseline"
"below_threshold",0.95,79.75,0.00902287339838197,1.29868014606387e-06,1.07011325368156,22787,11393.5,0.950052115905774,"lower_better",56,"t",5,75,"yes","yes","",TRUE,FALSE,NA,FALSE,FALSE,"morris_baseline"
"above_threshold",0.95,79.75,0.372491257777654,0.00503811703951654,0.979614210387941,1198,599,0.0499478840942256,"lower_better",56,"t",5,75,"yes","yes","",TRUE,FALSE,NA,FALSE,FALSE,"morris_baseline"
"all",0.98,88.5,0.0126468703673466,0.000569622311999422,0.979456109403429,23985,11992.5,1,"lower_better",56,"t",5,75,"yes","yes","",TRUE,FALSE,NA,FALSE,FALSE,"morris_baseline"
"below_threshold",0.98,88.5,0.00346997685863061,0.000164592026472877,1.56709047608149,23508,11754,0.980112570356473,"lower_better",56,"t",5,75,"yes","yes","",TRUE,FALSE,NA,FALSE,FALSE,"morris_baseline"
"above_threshold",0.98,88.5,0.464770506741771,0.00391710848090124,0.860746249664975,477,238.5,0.0198874296435272,"lower_better",56,"t",5,75,"yes","yes","",TRUE,FALSE,NA,FALSE,FALSE,"morris_baseline"
"all",0.99,94.75,0.00695134997851815,0.000630314973100132,0.957020799224644,23985,11992.5,1,"lower_better",56,"t",5,75,"yes","yes","",TRUE,FALSE,NA,FALSE,FALSE,"morris_baseline"
"below_threshold",0.99,94.75,0.00155729041331967,0.000187716763488018,2.06992630785827,23746,11873,0.990035438815927,"lower_better",56,"t",5,75,"yes","yes","",TRUE,FALSE,NA,FALSE,FALSE,"morris_baseline"
"above_threshold",0.99,94.75,0.542176599578254,0.0330917961594507,0.829746103623748,239,119.5,0.00996456118407338,"lower_better",56,"t",5,75,"yes","yes","",TRUE,FALSE,NA,FALSE,FALSE,"morris_baseline"
"all",0.995,100.52,0.00387709981272095,0.000121494234659766,0.962014465699009,23985,11992.5,1,"lower_better",56,"t",5,75,"yes","yes","",TRUE,FALSE,NA,FALSE,FALSE,"morris_baseline"
"below_threshold",0.995,100.52,0.000741268106931546,4.78823842671133e-05,3.20097567786791,23865,11932.5,0.994996873045654,"lower_better",56,"t",5,75,"yes","yes","",TRUE,FALSE,NA,FALSE,FALSE,"morris_baseline"
"above_threshold",0.995,100.52,0.628690430077864,0.0354575023359288,0.826488642283854,120,60,0.00500312695434647,"lower_better",56,"t",5,75,"yes","yes","",TRUE,FALSE,NA,FALSE,FALSE,"morris_baseline"
"all",0.9,73.25,0.0449756725376552,0.000862317295511315,0.998463552568352,23985,11992.5,1,"lower_better",57,"skew-t",6,0,"yes","yes","",TRUE,FALSE,NA,FALSE,FALSE,"morris_baseline"
"below_threshold",0.9,73.25,0.0178395303031907,0.000360025567465262,0.987208400103983,21603,10801.5,0.900687929956223,"lower_better",57,"skew-t",6,0,"yes","yes","",TRUE,FALSE,NA,FALSE,FALSE,"morris_baseline"
"above_threshold",0.9,73.25,0.291169191606541,0.00271715095401254,1.00467763128023,2382,1191,0.0993120700437774,"lower_better",57,"skew-t",6,0,"yes","yes","",TRUE,FALSE,NA,FALSE,FALSE,"morris_baseline"
"all",0.95,79.75,0.0270725713858632,0.00180706332551481,1.00157009295049,23985,11992.5,1,"lower_better",57,"skew-t",6,0,"yes","yes","",TRUE,FALSE,NA,FALSE,FALSE,"morris_baseline"
"below_threshold",0.95,79.75,0.00889458990828888,0.000465141451866062,1.05489882509368,22787,11393.5,0.950052115905774,"lower_better",57,"skew-t",6,0,"yes","yes","",TRUE,FALSE,NA,FALSE,FALSE,"morris_baseline"
"above_threshold",0.95,79.75,0.372396544957349,0.00898957968494079,0.979365125281273,1198,599,0.0499478840942256,"lower_better",57,"skew-t",6,0,"yes","yes","",TRUE,FALSE,NA,FALSE,FALSE,"morris_baseline"
"all",0.98,88.5,0.0127625896947072,0.000633718616937767,0.988418168700886,23985,11992.5,1,"lower_better",57,"skew-t",6,0,"yes","yes","",TRUE,FALSE,NA,FALSE,FALSE,"morris_baseline"
"below_threshold",0.98,88.5,0.00269576459712821,0.000200350357304974,1.21744530238292,23508,11754,0.980112570356473,"lower_better",57,"skew-t",6,0,"yes","yes","",TRUE,FALSE,NA,FALSE,FALSE,"morris_baseline"
"above_threshold",0.98,88.5,0.508750867645837,0.00376596781975003,0.942197052067374,477,238.5,0.0198874296435272,"lower_better",57,"skew-t",6,0,"yes","yes","",TRUE,FALSE,NA,FALSE,FALSE,"morris_baseline"
"all",0.99,94.75,0.00701073591469689,0.000477483778329468,0.965196704089183,23985,11992.5,1,"lower_better",57,"skew-t",6,0,"yes","yes","",TRUE,FALSE,NA,FALSE,FALSE,"morris_baseline"
"below_threshold",0.99,94.75,0.00102603493347742,0.000100023596777086,1.36378974879785,23746,11873,0.990035438815927,"lower_better",57,"skew-t",6,0,"yes","yes","",TRUE,FALSE,NA,FALSE,FALSE,"morris_baseline"
"above_threshold",0.99,94.75,0.601085236237915,0.0252013798276587,0.919899776386761,239,119.5,0.00996456118407338,"lower_better",57,"skew-t",6,0,"yes","yes","",TRUE,FALSE,NA,FALSE,FALSE,"morris_baseline"
"all",0.995,100.52,0.00392131033286725,2.12015356679512e-05,0.97298430448863,23985,11992.5,1,"lower_better",57,"skew-t",6,0,"yes","yes","",TRUE,FALSE,NA,FALSE,FALSE,"morris_baseline"
"below_threshold",0.995,100.52,0.000394068476609997,3.75085951741249e-06,1.70168336833565,23865,11932.5,0.994996873045654,"lower_better",57,"skew-t",6,0,"yes","yes","",TRUE,FALSE,NA,FALSE,FALSE,"morris_baseline"
"above_threshold",0.995,100.52,0.706292003759733,0.0267570927919911,0.928505177295329,120,60,0.00500312695434647,"lower_better",57,"skew-t",6,0,"yes","yes","",TRUE,FALSE,NA,FALSE,FALSE,"morris_baseline"
"all",0.9,73.25,0.0448431337595823,0.00109777150901965,0.99552118102078,23985,11992.5,1,"lower_better",58,"skew-t",6,50,"yes","yes","",TRUE,FALSE,NA,FALSE,FALSE,"morris_baseline"
"below_threshold",0.9,73.25,0.0182147911282917,0.000435359297279777,1.00797467771743,21603,10801.5,0.900687929956223,"lower_better",58,"skew-t",6,50,"yes","yes","",TRUE,FALSE,NA,FALSE,FALSE,"morris_baseline"
"above_threshold",0.9,73.25,0.286378778252595,0.00087579825259515,0.98814833738502,2382,1191,0.0993120700437774,"lower_better",58,"skew-t",6,50,"yes","yes","",TRUE,FALSE,NA,FALSE,FALSE,"morris_baseline"
"all",0.95,79.75,0.0268048054159911,0.00204239361637456,0.991663889970676,23985,11992.5,1,"lower_better",58,"skew-t",6,50,"yes","yes","",TRUE,FALSE,NA,FALSE,FALSE,"morris_baseline"
"below_threshold",0.95,79.75,0.00922134016584587,0.000423404625068827,1.09365142261082,22787,11393.5,0.950052115905774,"lower_better",58,"skew-t",6,50,"yes","yes","",TRUE,FALSE,NA,FALSE,FALSE,"morris_baseline"
"above_threshold",0.95,79.75,0.360509804067996,0.0151111274423374,0.948104202917937,1198,599,0.0499478840942256,"lower_better",58,"skew-t",6,50,"yes","yes","",TRUE,FALSE,NA,FALSE,FALSE,"morris_baseline"
"all",0.98,88.5,0.0125690773671446,0.000702658995885107,0.97343131219246,23985,11992.5,1,"lower_better",58,"skew-t",6,50,"yes","yes","",TRUE,FALSE,NA,FALSE,FALSE,"morris_baseline"
"below_threshold",0.98,88.5,0.00302993375511687,0.000159684434134467,1.36836080592057,23508,11754,0.980112570356473,"lower_better",58,"skew-t",6,50,"yes","yes","",TRUE,FALSE,NA,FALSE,FALSE,"morris_baseline"
"above_threshold",0.98,88.5,0.482318777420172,0.0102005276810421,0.893245317388591,477,238.5,0.0198874296435272,"lower_better",58,"skew-t",6,50,"yes","yes","",TRUE,FALSE,NA,FALSE,FALSE,"morris_baseline"
"all",0.99,94.75,0.0069432346671703,0.000597303564394602,0.95590353110031,23985,11992.5,1,"lower_better",58,"skew-t",6,50,"yes","yes","",TRUE,FALSE,NA,FALSE,FALSE,"morris_baseline"
"below_threshold",0.99,94.75,0.00125356377560395,0.000116089677960855,1.66621756321576,23746,11873,0.990035438815927,"lower_better",58,"skew-t",6,50,"yes","yes","",TRUE,FALSE,NA,FALSE,FALSE,"morris_baseline"
"above_threshold",0.99,94.75,0.571469798409696,0.0362651560165336,0.874576363011504,239,119.5,0.00996456118407338,"lower_better",58,"skew-t",6,50,"yes","yes","",TRUE,FALSE,NA,FALSE,FALSE,"morris_baseline"
"all",0.995,100.52,0.00389735839664245,5.97803854729948e-05,0.967041174251396,23985,11992.5,1,"lower_better",58,"skew-t",6,50,"yes","yes","",TRUE,FALSE,NA,FALSE,FALSE,"morris_baseline"
"below_threshold",0.995,100.52,0.000526083442973974,3.5826852204119e-06,2.2717560485092,23865,11932.5,0.994996873045654,"lower_better",58,"skew-t",6,50,"yes","yes","",TRUE,FALSE,NA,FALSE,FALSE,"morris_baseline"
"above_threshold",0.995,100.52,0.675518632569522,0.0349080170856507,0.888049906216454,120,60,0.00500312695434647,"lower_better",58,"skew-t",6,50,"yes","yes","",TRUE,FALSE,NA,FALSE,FALSE,"morris_baseline"
"all",0.9,73.25,0.0488727908862138,0.000181649537543294,1.08497989377088,23985,11992.5,1,"lower_better",59,"t",6,75,"yes","yes","",TRUE,FALSE,NA,FALSE,FALSE,"morris_baseline"
"below_threshold",0.9,73.25,0.0159262083467408,0.000680749941239989,0.881328510027902,21603,10801.5,0.900687929956223,"lower_better",59,"t",6,75,"yes","yes","",TRUE,FALSE,NA,FALSE,FALSE,"morris_baseline"
"above_threshold",0.9,73.25,0.347705963000192,0.00187153523510219,1.19975743780303,2382,1191,0.0993120700437774,"lower_better",59,"t",6,75,"yes","yes","",TRUE,FALSE,NA,FALSE,FALSE,"morris_baseline"
"all",0.95,79.75,0.0272714247672591,0.00119311585669816,1.00892682300947,23985,11992.5,1,"lower_better",59,"t",6,75,"yes","yes","",TRUE,FALSE,NA,FALSE,FALSE,"morris_baseline"
"below_threshold",0.95,79.75,0.00915881278337513,5.97833668087612e-06,1.08623567180222,22787,11393.5,0.950052115905774,"lower_better",59,"t",6,75,"yes","yes","",TRUE,FALSE,NA,FALSE,FALSE,"morris_baseline"
"above_threshold",0.95,79.75,0.37149334932174,0.00571788520926178,0.976989812409015,1198,599,0.0499478840942256,"lower_better",59,"t",6,75,"yes","yes","",TRUE,FALSE,NA,FALSE,FALSE,"morris_baseline"
"all",0.98,88.5,0.012703627869346,0.000593560695885934,0.983851780464571,23985,11992.5,1,"lower_better",59,"t",6,75,"yes","yes","",TRUE,FALSE,NA,FALSE,FALSE,"morris_baseline"
"below_threshold",0.98,88.5,0.00350208439968495,0.000136507222834431,1.58159069433843,23508,11754,0.980112570356473,"lower_better",59,"t",6,75,"yes","yes","",TRUE,FALSE,NA,FALSE,FALSE,"morris_baseline"
"above_threshold",0.98,88.5,0.465949351757437,0.00646357245308926,0.862929448494187,477,238.5,0.0198874296435272,"lower_better",59,"t",6,75,"yes","yes","",TRUE,FALSE,NA,FALSE,FALSE,"morris_baseline"
"all",0.99,94.75,0.00692225987870967,0.000603572316819195,0.95301584613578,23985,11992.5,1,"lower_better",59,"t",6,75,"yes","yes","",TRUE,FALSE,NA,FALSE,FALSE,"morris_baseline"
"below_threshold",0.99,94.75,0.00155383108045055,0.000156908312773785,2.06532821616505,23746,11873,0.990035438815927,"lower_better",59,"t",6,75,"yes","yes","",TRUE,FALSE,NA,FALSE,FALSE,"morris_baseline"
"above_threshold",0.99,94.75,0.539591108541404,0.0335239957208911,0.825789272739772,239,119.5,0.00996456118407338,"lower_better",59,"t",6,75,"yes","yes","",TRUE,FALSE,NA,FALSE,FALSE,"morris_baseline"
"all",0.995,100.52,0.00387547178365412,0.000100632327123322,0.961610507176268,23985,11992.5,1,"lower_better",59,"t",6,75,"yes","yes","",TRUE,FALSE,NA,FALSE,FALSE,"morris_baseline"
"below_threshold",0.995,100.52,0.000739396806497615,2.68134131168023e-05,3.19289494821155,23865,11932.5,0.994996873045654,"lower_better",59,"t",6,75,"yes","yes","",TRUE,FALSE,NA,FALSE,FALSE,"morris_baseline"
"above_threshold",0.995,100.52,0.628738601668521,0.0354794700556174,0.826551969591943,120,60,0.00500312695434647,"lower_better",59,"t",6,75,"yes","yes","",TRUE,FALSE,NA,FALSE,FALSE,"morris_baseline"
"all",0.9,73.25,0.0449277379959905,0.000950843759097934,0.997399401882863,23985,11992.5,1,"lower_better",60,"skew-t",7,0,"yes","yes","",TRUE,FALSE,NA,FALSE,FALSE,"morris_baseline"
"below_threshold",0.9,73.25,0.0176669596064842,0.00032695264402686,0.977658639627944,21603,10801.5,0.900687929956223,"lower_better",60,"skew-t",7,0,"yes","yes","",TRUE,FALSE,NA,FALSE,FALSE,"morris_baseline"
"above_threshold",0.9,73.25,0.29221624157891,0.00156211887091676,1.00829047122483,2382,1191,0.0993120700437774,"lower_better",60,"skew-t",7,0,"yes","yes","",TRUE,FALSE,NA,FALSE,FALSE,"morris_baseline"
"all",0.95,79.75,0.0269394944928074,0.00177835666501711,0.996646813434559,23985,11992.5,1,"lower_better",60,"skew-t",7,0,"yes","yes","",TRUE,FALSE,NA,FALSE,FALSE,"morris_baseline"
"below_threshold",0.95,79.75,0.00876611785479253,0.000328117060252805,1.03966203287638,22787,11393.5,0.950052115905774,"lower_better",60,"skew-t",7,0,"yes","yes","",TRUE,FALSE,NA,FALSE,FALSE,"morris_baseline"
"above_threshold",0.95,79.75,0.372065945770031,0.0110313281250402,0.978495682965309,1198,599,0.0499478840942256,"lower_better",60,"skew-t",7,0,"yes","yes","",TRUE,FALSE,NA,FALSE,FALSE,"morris_baseline"
"all",0.98,88.5,0.012726423734511,0.000572603582806363,0.985617240911025,23985,11992.5,1,"lower_better",60,"skew-t",7,0,"yes","yes","",TRUE,FALSE,NA,FALSE,FALSE,"morris_baseline"
"below_threshold",0.98,88.5,0.00269513338763249,0.000179126017869595,1.21716023927459,23508,11754,0.980112570356473,"lower_better",60,"skew-t",7,0,"yes","yes","",TRUE,FALSE,NA,FALSE,FALSE,"morris_baseline"
"above_threshold",0.98,88.5,0.507033476492519,0.00180077370991022,0.939016475905626,477,238.5,0.0198874296435272,"lower_better",60,"skew-t",7,0,"yes","yes","",TRUE,FALSE,NA,FALSE,FALSE,"morris_baseline"
"all",0.99,94.75,0.00695860090943407,0.000445925864006041,0.958019064557523,23985,11992.5,1,"lower_better",60,"skew-t",7,0,"yes","yes","",TRUE,FALSE,NA,FALSE,FALSE,"morris_baseline"
"below_threshold",0.99,94.75,0.00103022915984385,0.000123219260853947,1.36936464955028,23746,11873,0.990035438815927,"lower_better",60,"skew-t",7,0,"yes","yes","",TRUE,FALSE,NA,FALSE,FALSE,"morris_baseline"
"above_threshold",0.99,94.75,0.595551022006445,0.0198477320919154,0.91143022477064,239,119.5,0.00996456118407338,"lower_better",60,"skew-t",7,0,"yes","yes","",TRUE,FALSE,NA,FALSE,FALSE,"morris_baseline"
"all",0.995,100.52,0.00389756508924278,1.75272354374862e-06,0.967092460336634,23985,11992.5,1,"lower_better",60,"skew-t",7,0,"yes","yes","",TRUE,FALSE,NA,FALSE,FALSE,"morris_baseline"
"below_threshold",0.995,100.52,0.000413546132585312,3.64268296946544e-05,1.78579261633357,23865,11932.5,0.994996873045654,"lower_better",60,"skew-t",7,0,"yes","yes","",TRUE,FALSE,NA,FALSE,FALSE,"morris_baseline"
"above_threshold",0.995,100.52,0.697295931001112,0.0153734000333704,0.916678765432756,120,60,0.00500312695434647,"lower_better",60,"skew-t",7,0,"yes","yes","",TRUE,FALSE,NA,FALSE,FALSE,"morris_baseline"
"all",0.9,73.25,0.0448764645831178,0.00107062956436306,0.996261127987651,23985,11992.5,1,"lower_better",61,"skew-t",7,50,"yes","yes","",TRUE,FALSE,NA,FALSE,FALSE,"morris_baseline"
"below_threshold",0.9,73.25,0.0181697054839719,0.000458928230950969,1.00547971702956,21603,10801.5,0.900687929956223,"lower_better",61,"skew-t",7,50,"yes","yes","",TRUE,FALSE,NA,FALSE,FALSE,"morris_baseline"
"above_threshold",0.9,73.25,0.287139190765507,0.00138681833483859,0.990772136414214,2382,1191,0.0993120700437774,"lower_better",61,"skew-t",7,50,"yes","yes","",TRUE,FALSE,NA,FALSE,FALSE,"morris_baseline"
"all",0.95,79.75,0.0267622007194053,0.00194538832630705,0.990087697251064,23985,11992.5,1,"lower_better",61,"skew-t",7,50,"yes","yes","",TRUE,FALSE,NA,FALSE,FALSE,"morris_baseline"
"below_threshold",0.95,79.75,0.00917928643829013,0.000436911149525695,1.08866384833851,22787,11393.5,0.950052115905774,"lower_better",61,"skew-t",7,50,"yes","yes","",TRUE,FALSE,NA,FALSE,FALSE,"morris_baseline"
"above_threshold",0.95,79.75,0.360568614289203,0.0129070440255825,0.948258867832097,1198,599,0.0499478840942256,"lower_better",61,"skew-t",7,50,"yes","yes","",TRUE,FALSE,NA,FALSE,FALSE,"morris_baseline"
"all",0.98,88.5,0.0126192439515535,0.000716664223288054,0.977316539617106,23985,11992.5,1,"lower_better",61,"skew-t",7,50,"yes","yes","",TRUE,FALSE,NA,FALSE,FALSE,"morris_baseline"
"below_threshold",0.98,88.5,0.0030058897769506,0.000195752175182947,1.35750220636024,23508,11754,0.980112570356473,"lower_better",61,"skew-t",7,50,"yes","yes","",TRUE,FALSE,NA,FALSE,FALSE,"morris_baseline"
"above_threshold",0.98,88.5,0.486071064598486,0.00899123920718184,0.900194482771398,477,238.5,0.0198874296435272,"lower_better",61,"skew-t",7,50,"yes","yes","",TRUE,FALSE,NA,FALSE,FALSE,"morris_baseline"
"all",0.99,94.75,0.00697044387338702,0.000570598131951656,0.959649533871033,23985,11992.5,1,"lower_better",61,"skew-t",7,50,"yes","yes","",TRUE,FALSE,NA,FALSE,FALSE,"morris_baseline"
"below_threshold",0.99,94.75,0.00123755033230757,0.000130485069681307,1.64493274230177,23746,11873,0.990035438815927,"lower_better",61,"skew-t",7,50,"yes","yes","",TRUE,FALSE,NA,FALSE,FALSE,"morris_baseline"
"above_threshold",0.99,94.75,0.575881232311896,0.0320605994913829,0.881327613608803,239,119.5,0.00996456118407338,"lower_better",61,"skew-t",7,50,"yes","yes","",TRUE,FALSE,NA,FALSE,FALSE,"morris_baseline"
"all",0.995,100.52,0.00388279760391424,8.78499870100157e-05,0.963428243474989,23985,11992.5,1,"lower_better",61,"skew-t",7,50,"yes","yes","",TRUE,FALSE,NA,FALSE,FALSE,"morris_baseline"
"below_threshold",0.995,100.52,0.000520654831719453,2.93997969477728e-05,2.24831398695571,23865,11932.5,0.994996873045654,"lower_better",61,"skew-t",7,50,"yes","yes","",TRUE,FALSE,NA,FALSE,FALSE,"morris_baseline"
"above_threshold",0.995,100.52,0.673653502080089,0.0338977324026696,0.885597969472797,120,60,0.00500312695434647,"lower_better",61,"skew-t",7,50,"yes","yes","",TRUE,FALSE,NA,FALSE,FALSE,"morris_baseline"
"all",0.9,73.25,0.0490453006124404,0.000287892153659035,1.08880962358663,23985,11992.5,1,"lower_better",62,"t",7,75,"yes","yes","",TRUE,FALSE,NA,FALSE,FALSE,"morris_baseline"
"below_threshold",0.9,73.25,0.0164332087206497,3.78961037324124e-05,0.909385023819027,21603,10801.5,0.900687929956223,"lower_better",62,"t",7,75,"yes","yes","",TRUE,FALSE,NA,FALSE,FALSE,"morris_baseline"
"above_threshold",0.9,73.25,0.345025625080352,0.00722441401999357,1.19050894713176,2382,1191,0.0993120700437774,"lower_better",62,"t",7,75,"yes","yes","",TRUE,FALSE,NA,FALSE,FALSE,"morris_baseline"
"all",0.95,79.75,0.0272908221596277,0.00105812207460649,1.00964444409542,23985,11992.5,1,"lower_better",62,"t",7,75,"yes","yes","",TRUE,FALSE,NA,FALSE,FALSE,"morris_baseline"
"below_threshold",0.95,79.75,0.00906687911771262,0.000138522096848108,1.07533233427976,22787,11393.5,0.950052115905774,"lower_better",62,"t",7,75,"yes","yes","",TRUE,FALSE,NA,FALSE,FALSE,"morris_baseline"
"above_threshold",0.95,79.75,0.373638488424005,0.00542341313402309,0.982631310575645,1198,599,0.0499478840942256,"lower_better",62,"t",7,75,"yes","yes","",TRUE,FALSE,NA,FALSE,FALSE,"morris_baseline"
"all",0.98,88.5,0.0126639253385656,0.000557689499605883,0.980776957587285,23985,11992.5,1,"lower_better",62,"t",7,75,"yes","yes","",TRUE,FALSE,NA,FALSE,FALSE,"morris_baseline"
"below_threshold",0.98,88.5,0.00335076258827732,4.55536452571375e-05,1.51325163066701,23508,11754,0.980112570356473,"lower_better",62,"t",7,75,"yes","yes","",TRUE,FALSE,NA,FALSE,FALSE,"morris_baseline"
"above_threshold",0.98,88.5,0.47115272219398,0.0134394254983277,0.872565992818546,477,238.5,0.0198874296435272,"lower_better",62,"t",7,75,"yes","yes","",TRUE,FALSE,NA,FALSE,FALSE,"morris_baseline"
"all",0.99,94.75,0.0069212677201833,0.000597300955158709,0.952879251611148,23985,11992.5,1,"lower_better",62,"t",7,75,"yes","yes","",TRUE,FALSE,NA,FALSE,FALSE,"morris_baseline"
"below_threshold",0.99,94.75,0.00147337615310956,2.80779813923833e-05,1.95838877232364,23746,11873,0.990035438815927,"lower_better",62,"t",7,75,"yes","yes","",TRUE,FALSE,NA,FALSE,FALSE,"morris_baseline"
"above_threshold",0.99,94.75,0.547226704386997,0.0455302343015273,0.837474775040416,239,119.5,0.00996456118407338,"lower_better",62,"t",7,75,"yes","yes","",TRUE,FALSE,NA,FALSE,FALSE,"morris_baseline"
"all",0.995,100.52,0.00385845096286084,9.2487135237263e-05,0.957387176178317,23985,11992.5,1,"lower_better",62,"t",7,75,"yes","yes","",TRUE,FALSE,NA,FALSE,FALSE,"morris_baseline"
"below_threshold",0.995,100.52,0.00069930198767001,5.06288510396669e-05,3.01975578482982,23865,11932.5,0.994996873045654,"lower_better",62,"t",7,75,"yes","yes","",TRUE,FALSE,NA,FALSE,FALSE,"morris_baseline"
"above_threshold",0.995,100.52,0.633772496751947,0.0494201825583982,0.833169625776696,120,60,0.00500312695434647,"lower_better",62,"t",7,75,"yes","yes","",TRUE,FALSE,NA,FALSE,FALSE,"morris_baseline"
"all",0.9,73.25,0.0449278059331687,0.0011294918946591,0.997400910093691,23985,11992.5,1,"lower_better",63,"skew-t",8,0,"yes","yes","",TRUE,FALSE,NA,FALSE,FALSE,"morris_baseline"
"below_threshold",0.9,73.25,0.0176948681147602,0.000477395483084111,0.979203047655294,21603,10801.5,0.900687929956223,"lower_better",63,"skew-t",8,0,"yes","yes","",TRUE,FALSE,NA,FALSE,FALSE,"morris_baseline"
"above_threshold",0.9,73.25,0.291955110472575,0.00111907008105805,1.00738943983507,2382,1191,0.0993120700437774,"lower_better",63,"skew-t",8,0,"yes","yes","",TRUE,FALSE,NA,FALSE,FALSE,"morris_baseline"
"all",0.95,79.75,0.0270957284660767,0.00195617987226161,1.00242680650944,23985,11992.5,1,"lower_better",63,"skew-t",8,0,"yes","yes","",TRUE,FALSE,NA,FALSE,FALSE,"morris_baseline"
"below_threshold",0.95,79.75,0.00896561593054937,0.000390698107658223,1.06332251502275,22787,11393.5,0.950052115905774,"lower_better",63,"skew-t",8,0,"yes","yes","",TRUE,FALSE,NA,FALSE,FALSE,"morris_baseline"
"above_threshold",0.95,79.75,0.371280350960741,0.0134508191505472,0.976429648333033,1198,599,0.0499478840942256,"lower_better",63,"skew-t",8,0,"yes","yes","",TRUE,FALSE,NA,FALSE,FALSE,"morris_baseline"
"all",0.98,88.5,0.012834916828529,0.000638579140773682,0.994019653577354,23985,11992.5,1,"lower_better",63,"skew-t",8,0,"yes","yes","",TRUE,FALSE,NA,FALSE,FALSE,"morris_baseline"
"below_threshold",0.98,88.5,0.00281375852230444,0.000115453166648797,1.27073302270856,23508,11754,0.980112570356473,"lower_better",63,"skew-t",8,0,"yes","yes","",TRUE,FALSE,NA,FALSE,FALSE,"morris_baseline"
"above_threshold",0.98,88.5,0.506406895113888,0.00828296415736668,0.937856058960182,477,238.5,0.0198874296435272,"lower_better",63,"skew-t",8,0,"yes","yes","",TRUE,FALSE,NA,FALSE,FALSE,"morris_baseline"
"all",0.99,94.75,0.00706828820674888,0.000505835430221419,0.973120163662793,23985,11992.5,1,"lower_better",63,"skew-t",8,0,"yes","yes","",TRUE,FALSE,NA,FALSE,FALSE,"morris_baseline"
"below_threshold",0.99,94.75,0.00112442871490908,7.30731593535218e-05,1.49457323977233,23746,11873,0.990035438815927,"lower_better",63,"skew-t",8,0,"yes","yes","",TRUE,FALSE,NA,FALSE,FALSE,"morris_baseline"
"above_threshold",0.99,94.75,0.596964888565223,0.0308141025823175,0.913594003637346,239,119.5,0.00996456118407338,"lower_better",63,"skew-t",8,0,"yes","yes","",TRUE,FALSE,NA,FALSE,FALSE,"morris_baseline"
"all",0.995,100.52,0.00394726934188627,3.57916824714186e-05,0.979425444360648,23985,11992.5,1,"lower_better",63,"skew-t",8,0,"yes","yes","",TRUE,FALSE,NA,FALSE,FALSE,"morris_baseline"
"below_threshold",0.995,100.52,0.000455534545991823,1.23981029542878e-07,1.96710878090305,23865,11932.5,0.994996873045654,"lower_better",63,"skew-t",8,0,"yes","yes","",TRUE,FALSE,NA,FALSE,FALSE,"morris_baseline"
"above_threshold",0.995,100.52,0.699370464115684,0.0302138034705228,0.919405986931933,120,60,0.00500312695434647,"lower_better",63,"skew-t",8,0,"yes","yes","",TRUE,FALSE,NA,FALSE,FALSE,"morris_baseline"
"all",0.9,73.25,0.0449826507668359,0.00110272472865964,0.998618469818173,23985,11992.5,1,"lower_better",64,"skew-t",8,50,"yes","yes","",TRUE,FALSE,NA,FALSE,FALSE,"morris_baseline"
"below_threshold",0.9,73.25,0.0182263021774344,0.000497535938157538,1.00861167904059,21603,10801.5,0.900687929956223,"lower_better",64,"skew-t",8,50,"yes","yes","",TRUE,FALSE,NA,FALSE,FALSE,"morris_baseline"
"above_threshold",0.9,73.25,0.287697507902849,0.00142871863694349,0.992698606505203,2382,1191,0.0993120700437774,"lower_better",64,"skew-t",8,50,"yes","yes","",TRUE,FALSE,NA,FALSE,FALSE,"morris_baseline"
"all",0.95,79.75,0.0269567842426948,0.00192998900388511,0.997286460705408,23985,11992.5,1,"lower_better",64,"skew-t",8,50,"yes","yes","",TRUE,FALSE,NA,FALSE,FALSE,"morris_baseline"
"below_threshold",0.95,79.75,0.00932858527802341,0.000402055222020609,1.10637069848522,22787,11393.5,0.950052115905774,"lower_better",64,"skew-t",8,50,"yes","yes","",TRUE,FALSE,NA,FALSE,FALSE,"morris_baseline"
"above_threshold",0.95,79.75,0.361607143759811,0.0132168502624469,0.950990094957759,1198,599,0.0499478840942256,"lower_better",64,"skew-t",8,50,"yes","yes","",TRUE,FALSE,NA,FALSE,FALSE,"morris_baseline"
"all",0.98,88.5,0.0126773731381669,0.000692346548186095,0.981818442879294,23985,11992.5,1,"lower_better",64,"skew-t",8,50,"yes","yes","",TRUE,FALSE,NA,FALSE,FALSE,"morris_baseline"
"below_threshold",0.98,88.5,0.00305865561510192,0.000174463069848249,1.38133200286846,23508,11754,0.980112570356473,"lower_better",64,"skew-t",8,50,"yes","yes","",TRUE,FALSE,NA,FALSE,FALSE,"morris_baseline"
"above_threshold",0.98,88.5,0.486399353869389,0.00880774378243268,0.900802468335533,477,238.5,0.0198874296435272,"lower_better",64,"skew-t",8,50,"yes","yes","",TRUE,FALSE,NA,FALSE,FALSE,"morris_baseline"
"all",0.99,94.75,0.00697889730731732,0.000588604000657321,0.960813352715024,23985,11992.5,1,"lower_better",64,"skew-t",8,50,"yes","yes","",TRUE,FALSE,NA,FALSE,FALSE,"morris_baseline"
"below_threshold",0.99,94.75,0.00126291966959527,0.000140408157810761,1.67865327266374,23746,11873,0.990035438815927,"lower_better",64,"skew-t",8,50,"yes","yes","",TRUE,FALSE,NA,FALSE,FALSE,"morris_baseline"
"above_threshold",0.99,94.75,0.574190956895054,0.0329182044164215,0.878740819117365,239,119.5,0.00996456118407338,"lower_better",64,"skew-t",8,50,"yes","yes","",TRUE,FALSE,NA,FALSE,FALSE,"morris_baseline"
"all",0.995,100.52,0.00392673649839512,7.83193341040464e-05,0.974330684510614,23985,11992.5,1,"lower_better",64,"skew-t",8,50,"yes","yes","",TRUE,FALSE,NA,FALSE,FALSE,"morris_baseline"
"below_threshold",0.995,100.52,0.000544466731812546,1.65349412804971e-05,2.35113955348025,23865,11932.5,0.994996873045654,"lower_better",64,"skew-t",8,50,"yes","yes","",TRUE,FALSE,NA,FALSE,FALSE,"morris_baseline"
"above_threshold",0.995,100.52,0.677726609944383,0.0346847583314794,0.890952556130365,120,60,0.00500312695434647,"lower_better",64,"skew-t",8,50,"yes","yes","",TRUE,FALSE,NA,FALSE,FALSE,"morris_baseline"
"all",0.9,73.25,0.0486765481581544,0.000432090370374127,1.08062328940305,23985,11992.5,1,"lower_better",65,"t",8,75,"yes","yes","",TRUE,FALSE,NA,FALSE,FALSE,"morris_baseline"
"below_threshold",0.9,73.25,0.0154213711317458,0.000157195454362453,0.853391701667033,21603,10801.5,0.900687929956223,"lower_better",65,"t",8,75,"yes","yes","",TRUE,FALSE,NA,FALSE,FALSE,"morris_baseline"
"above_threshold",0.9,73.25,0.350393085660939,0.00419300406224424,1.20902933918403,2382,1191,0.0993120700437774,"lower_better",65,"t",8,75,"yes","yes","",TRUE,FALSE,NA,FALSE,FALSE,"morris_baseline"
"all",0.95,79.75,0.0272029841368801,0.0011443025631533,1.00639481053258,23985,11992.5,1,"lower_better",65,"t",8,75,"yes","yes","",TRUE,FALSE,NA,FALSE,FALSE,"morris_baseline"
"below_threshold",0.95,79.75,0.00906665581043565,0.000102792933291792,1.07530585002511,22787,11393.5,0.950052115905774,"lower_better",65,"t",8,75,"yes","yes","",TRUE,FALSE,NA,FALSE,FALSE,"morris_baseline"
"above_threshold",0.95,79.75,0.372036813601303,0.0026396644273137,0.978419068317663,1198,599,0.0499478840942256,"lower_better",65,"t",8,75,"yes","yes","",TRUE,FALSE,NA,FALSE,FALSE,"morris_baseline"
"all",0.98,88.5,0.0126659739106286,0.000612956269551623,0.980935612366239,23985,11992.5,1,"lower_better",65,"t",8,75,"yes","yes","",TRUE,FALSE,NA,FALSE,FALSE,"morris_baseline"
"below_threshold",0.98,88.5,0.00348833215916313,0.000169319907952112,1.57537998861198,23508,11754,0.980112570356473,"lower_better",65,"t",8,75,"yes","yes","",TRUE,FALSE,NA,FALSE,FALSE,"morris_baseline"
"above_threshold",0.98,88.5,0.464756532669952,0.00586420449603942,0.860720369946413,477,238.5,0.0198874296435272,"lower_better",65,"t",8,75,"yes","yes","",TRUE,FALSE,NA,FALSE,FALSE,"morris_baseline"
"all",0.99,94.75,0.00695287393455596,0.000634182258303565,0.957230608489001,23985,11992.5,1,"lower_better",65,"t",8,75,"yes","yes","",TRUE,FALSE,NA,FALSE,FALSE,"morris_baseline"
"below_threshold",0.99,94.75,0.00157665451271806,0.000158327071640615,2.09566476898914,23746,11873,0.990035438815927,"lower_better",65,"t",8,75,"yes","yes","",TRUE,FALSE,NA,FALSE,FALSE,"morris_baseline"
"above_threshold",0.99,94.75,0.540333700350287,0.0364395632562701,0.826925733923237,239,119.5,0.00996456118407338,"lower_better",65,"t",8,75,"yes","yes","",TRUE,FALSE,NA,FALSE,FALSE,"morris_baseline"
"all",0.995,100.52,0.00386830731564022,0.000137391736745497,0.959832806781298,23985,11992.5,1,"lower_better",65,"t",8,75,"yes","yes","",TRUE,FALSE,NA,FALSE,FALSE,"morris_baseline"
"below_threshold",0.995,100.52,0.000750551865364606,2.76853852640613e-05,3.24106520103172,23865,11932.5,0.994996873045654,"lower_better",65,"t",8,75,"yes","yes","",TRUE,FALSE,NA,FALSE,FALSE,"morris_baseline"
"above_threshold",0.995,100.52,0.625320785617353,0.0425404185205784,0.822058842271147,120,60,0.00500312695434647,"lower_better",65,"t",8,75,"yes","yes","",TRUE,FALSE,NA,FALSE,FALSE,"morris_baseline"
"all",0.9,73.25,0.0451742570220395,0.00119716817982899,1.0028721441152,23985,11992.5,1,"lower_better",66,"skew-t",9,0,"yes","yes","",TRUE,FALSE,NA,FALSE,FALSE,"morris_baseline"
"below_threshold",0.9,73.25,0.0177927222705917,0.000467865969512416,0.984618125461724,21603,10801.5,0.900687929956223,"lower_better",66,"skew-t",9,0,"yes","yes","",TRUE,FALSE,NA,FALSE,FALSE,"morris_baseline"
"above_threshold",0.9,73.25,0.29352737960741,0.000395083783593098,1.01281454549754,2382,1191,0.0993120700437774,"lower_better",66,"skew-t",9,0,"yes","yes","",TRUE,FALSE,NA,FALSE,FALSE,"morris_baseline"
"all",0.95,79.75,0.0270229820080208,0.0018824602642515,0.999735496706668,23985,11992.5,1,"lower_better",66,"skew-t",9,0,"yes","yes","",TRUE,FALSE,NA,FALSE,FALSE,"morris_baseline"
"below_threshold",0.95,79.75,0.00893122217073234,0.000350156006924146,1.0592434133221,22787,11393.5,0.950052115905774,"lower_better",66,"skew-t",9,0,"yes","yes","",TRUE,FALSE,NA,FALSE,FALSE,"morris_baseline"
"above_threshold",0.95,79.75,0.370509758628112,0.0127831940586922,0.974403068692044,1198,599,0.0499478840942256,"lower_better",66,"skew-t",9,0,"yes","yes","",TRUE,FALSE,NA,FALSE,FALSE,"morris_baseline"
"all",0.98,88.5,0.0127560103416219,0.000644209311364378,0.987908620695086,23985,11992.5,1,"lower_better",66,"skew-t",9,0,"yes","yes","",TRUE,FALSE,NA,FALSE,FALSE,"morris_baseline"
"below_threshold",0.98,88.5,0.00282340570529923,0.000145467699010455,1.27508982657443,23508,11754,0.980112570356473,"lower_better",66,"skew-t",9,0,"yes","yes","",TRUE,FALSE,NA,FALSE,FALSE,"morris_baseline"
"above_threshold",0.98,88.5,0.50200228830734,0.00724585161168811,0.929698809877052,477,238.5,0.0198874296435272,"lower_better",66,"skew-t",9,0,"yes","yes","",TRUE,FALSE,NA,FALSE,FALSE,"morris_baseline"
"all",0.99,94.75,0.0069764139101442,0.000504417200966909,0.960471453263154,23985,11992.5,1,"lower_better",66,"skew-t",9,0,"yes","yes","",TRUE,FALSE,NA,FALSE,FALSE,"morris_baseline"
"below_threshold",0.99,94.75,0.0010826147549153,9.1497872760415e-05,1.4389947715004,23746,11873,0.990035438815927,"lower_better",66,"skew-t",9,0,"yes","yes","",TRUE,FALSE,NA,FALSE,FALSE,"morris_baseline"
"above_threshold",0.99,94.75,0.591939423734062,0.0289473215118397,0.905903041198542,239,119.5,0.00996456118407338,"lower_better",66,"skew-t",9,0,"yes","yes","",TRUE,FALSE,NA,FALSE,FALSE,"morris_baseline"
"all",0.995,100.52,0.00391685557352802,4.27967854976755e-05,0.971878956900856,23985,11992.5,1,"lower_better",66,"skew-t",9,0,"yes","yes","",TRUE,FALSE,NA,FALSE,FALSE,"morris_baseline"
"below_threshold",0.995,100.52,0.00042445196092694,1.03535042868064e-05,1.83288663122794,23865,11932.5,0.994996873045654,"lower_better",66,"skew-t",9,0,"yes","yes","",TRUE,FALSE,NA,FALSE,FALSE,"morris_baseline"
"above_threshold",0.995,100.52,0.699450308531702,0.0295338859510567,0.919510951951013,120,60,0.00500312695434647,"lower_better",66,"skew-t",9,0,"yes","yes","",TRUE,FALSE,NA,FALSE,FALSE,"morris_baseline"
"all",0.9,73.25,0.0449247679335187,0.000976787271686537,0.997333466256787,23985,11992.5,1,"lower_better",67,"skew-t",9,50,"yes","yes","",TRUE,FALSE,NA,FALSE,FALSE,"morris_baseline"
"below_threshold",0.9,73.25,0.0180716757878255,0.000371758536649457,1.00005492512918,21603,10801.5,0.900687929956223,"lower_better",67,"skew-t",9,50,"yes","yes","",TRUE,FALSE,NA,FALSE,FALSE,"morris_baseline"
"above_threshold",0.9,73.25,0.288517919206438,0.00158512671051667,0.995529431018668,2382,1191,0.0993120700437774,"lower_better",67,"skew-t",9,50,"yes","yes","",TRUE,FALSE,NA,FALSE,FALSE,"morris_baseline"
"all",0.95,79.75,0.0267455598473154,0.00188224642896084,0.989472055701235,23985,11992.5,1,"lower_better",67,"skew-t",9,50,"yes","yes","",TRUE,FALSE,NA,FALSE,FALSE,"morris_baseline"
"below_threshold",0.95,79.75,0.00923242340825343,0.000315292809723504,1.094965895736,22787,11393.5,0.950052115905774,"lower_better",67,"skew-t",9,50,"yes","yes","",TRUE,FALSE,NA,FALSE,FALSE,"morris_baseline"
"above_threshold",0.95,79.75,0.359161975910489,0.0140298096538987,0.944559551630997,1198,599,0.0499478840942256,"lower_better",67,"skew-t",9,50,"yes","yes","",TRUE,FALSE,NA,FALSE,FALSE,"morris_baseline"
"all",0.98,88.5,0.0125913535714709,0.000701343525626151,0.975156526714948,23985,11992.5,1,"lower_better",67,"skew-t",9,50,"yes","yes","",TRUE,FALSE,NA,FALSE,FALSE,"morris_baseline"
"below_threshold",0.98,88.5,0.00305815425722714,0.000124072265215582,1.38110558258305,23508,11754,0.980112570356473,"lower_better",67,"skew-t",9,50,"yes","yes","",TRUE,FALSE,NA,FALSE,FALSE,"morris_baseline"
"above_threshold",0.98,88.5,0.48198552880514,0.0119024517616617,0.892628147212268,477,238.5,0.0198874296435272,"lower_better",67,"skew-t",9,50,"yes","yes","",TRUE,FALSE,NA,FALSE,FALSE,"morris_baseline"
"all",0.99,94.75,0.00697030113755291,0.000583384911829809,0.95962988284462,23985,11992.5,1,"lower_better",67,"skew-t",9,50,"yes","yes","",TRUE,FALSE,NA,FALSE,FALSE,"morris_baseline"
"below_threshold",0.99,94.75,0.00126559662152084,0.000110246759567982,1.6822114357194,23746,11873,0.990035438815927,"lower_better",67,"skew-t",9,50,"yes","yes","",TRUE,FALSE,NA,FALSE,FALSE,"morris_baseline"
"above_threshold",0.99,94.75,0.573008479431134,0.0354163631918173,0.876931157709857,239,119.5,0.00996456118407338,"lower_better",67,"skew-t",9,50,"yes","yes","",TRUE,FALSE,NA,FALSE,FALSE,"morris_baseline"
"all",0.995,100.52,0.00389313005418021,7.62343902642327e-05,0.965992006881173,23985,11992.5,1,"lower_better",67,"skew-t",9,50,"yes","yes","",TRUE,FALSE,NA,FALSE,FALSE,"morris_baseline"
"below_threshold",0.995,100.52,0.000544222061041735,7.61735220218763e-06,2.35008300568179,23865,11932.5,0.994996873045654,"lower_better",67,"skew-t",9,50,"yes","yes","",TRUE,FALSE,NA,FALSE,FALSE,"morris_baseline"
"above_threshold",0.995,100.52,0.671095907085651,0.0358230025695217,0.882235705450099,120,60,0.00500312695434647,"lower_better",67,"skew-t",9,50,"yes","yes","",TRUE,FALSE,NA,FALSE,FALSE,"morris_baseline"
"all",0.9,73.25,0.0489526989164458,0.000314047883687638,1.08675385847764,23985,11992.5,1,"lower_better",68,"t",9,75,"yes","yes","",TRUE,FALSE,NA,FALSE,FALSE,"morris_baseline"
"below_threshold",0.9,73.25,0.0159339263953491,0.000819249636382327,0.88175561333662,21603,10801.5,0.900687929956223,"lower_better",68,"t",9,75,"yes","yes","",TRUE,FALSE,NA,FALSE,FALSE,"morris_baseline"
"above_threshold",0.9,73.25,0.348359963587468,0.000698445352173505,1.20201406309108,2382,1191,0.0993120700437774,"lower_better",68,"t",9,75,"yes","yes","",TRUE,FALSE,NA,FALSE,FALSE,"morris_baseline"
"all",0.95,79.75,0.0272793953710462,0.00115232161594077,1.0092217014775,23985,11992.5,1,"lower_better",68,"t",9,75,"yes","yes","",TRUE,FALSE,NA,FALSE,FALSE,"morris_baseline"
"below_threshold",0.95,79.75,0.00914249323710045,7.75131332180663e-05,1.08430017276643,22787,11393.5,0.950052115905774,"lower_better",68,"t",9,75,"yes","yes","",TRUE,FALSE,NA,FALSE,FALSE,"morris_baseline"
"above_threshold",0.95,79.75,0.37193343869774,0.00623876200178261,0.978147202810989,1198,599,0.0499478840942256,"lower_better",68,"t",9,75,"yes","yes","",TRUE,FALSE,NA,FALSE,FALSE,"morris_baseline"
"all",0.98,88.5,0.0126281450464343,0.000639162080692846,0.978005898447249,23985,11992.5,1,"lower_better",68,"t",9,75,"yes","yes","",TRUE,FALSE,NA,FALSE,FALSE,"morris_baseline"
"below_threshold",0.98,88.5,0.00345984683816401,0.000147631983060756,1.56251561600534,23508,11754,0.980112570356473,"lower_better",68,"t",9,75,"yes","yes","",TRUE,FALSE,NA,FALSE,FALSE,"morris_baseline"
"above_threshold",0.98,88.5,0.464170779710262,0.00827079518852314,0.859635566466051,477,238.5,0.0198874296435272,"lower_better",68,"t",9,75,"yes","yes","",TRUE,FALSE,NA,FALSE,FALSE,"morris_baseline"
"all",0.99,94.75,0.00687592204870412,0.000689344240918838,0.946636327446131,23985,11992.5,1,"lower_better",68,"t",9,75,"yes","yes","",TRUE,FALSE,NA,FALSE,FALSE,"morris_baseline"
"below_threshold",0.99,94.75,0.00153558598030533,0.000157837737881086,2.04107711151745,23746,11873,0.990035438815927,"lower_better",68,"t",9,75,"yes","yes","",TRUE,FALSE,NA,FALSE,FALSE,"morris_baseline"
"above_threshold",0.99,94.75,0.536570942411377,0.0421032087361636,0.821167215866356,239,119.5,0.00996456118407338,"lower_better",68,"t",9,75,"yes","yes","",TRUE,FALSE,NA,FALSE,FALSE,"morris_baseline"
"all",0.995,100.52,0.00385141448511652,0.000118816168870796,0.955641233668561,23985,11992.5,1,"lower_better",68,"t",9,75,"yes","yes","",TRUE,FALSE,NA,FALSE,FALSE,"morris_baseline"
"below_threshold",0.995,100.52,0.000740748781800413,1.10635333714227e-05,3.19873310585096,23865,11932.5,0.994996873045654,"lower_better",68,"t",9,75,"yes","yes","",TRUE,FALSE,NA,FALSE,FALSE,"morris_baseline"
"above_threshold",0.995,100.52,0.623879476418242,0.0420861125472748,0.820164069222134,120,60,0.00500312695434647,"lower_better",68,"t",9,75,"yes","yes","",TRUE,FALSE,NA,FALSE,FALSE,"morris_baseline"
"all",0.9,73.25,0.0448298073592973,0.00103935030503372,0.995225333861176,23985,11992.5,1,"lower_better",69,"skew-t",10,0,"yes","yes","",TRUE,FALSE,NA,FALSE,FALSE,"morris_baseline"
"below_threshold",0.9,73.25,0.0177514401805833,0.000429647862531411,0.982333646815845,21603,10801.5,0.900687929956223,"lower_better",69,"skew-t",10,0,"yes","yes","",TRUE,FALSE,NA,FALSE,FALSE,"morris_baseline"
"above_threshold",0.9,73.25,0.290466622453219,0.00154770519383937,1.00225342043266,2382,1191,0.0993120700437774,"lower_better",69,"skew-t",10,0,"yes","yes","",TRUE,FALSE,NA,FALSE,FALSE,"morris_baseline"
"all",0.95,79.75,0.0269180653082227,0.00183812196905458,0.995854024670964,23985,11992.5,1,"lower_better",69,"skew-t",10,0,"yes","yes","",TRUE,FALSE,NA,FALSE,FALSE,"morris_baseline"
"below_threshold",0.95,79.75,0.00894938954008227,0.000313145070358787,1.06139806427058,22787,11393.5,0.950052115905774,"lower_better",69,"skew-t",10,0,"yes","yes","",TRUE,FALSE,NA,FALSE,FALSE,"morris_baseline"
"above_threshold",0.95,79.75,0.3680648538103,0.01272376692102,0.967973217111461,1198,599,0.0499478840942256,"lower_better",69,"skew-t",10,0,"yes","yes","",TRUE,FALSE,NA,FALSE,FALSE,"morris_baseline"
"all",0.98,88.5,0.0127757636038589,0.000603799839584521,0.989438442130483,23985,11992.5,1,"lower_better",69,"skew-t",10,0,"yes","yes","",TRUE,FALSE,NA,FALSE,FALSE,"morris_baseline"
"below_threshold",0.98,88.5,0.00280429589649095,0.000112499027280448,1.26645956746803,23508,11754,0.980112570356473,"lower_better",69,"skew-t",10,0,"yes","yes","",TRUE,FALSE,NA,FALSE,FALSE,"morris_baseline"
"above_threshold",0.98,88.5,0.503953334327055,0.00676778858792465,0.933312110463111,477,238.5,0.0198874296435272,"lower_better",69,"skew-t",10,0,"yes","yes","",TRUE,FALSE,NA,FALSE,FALSE,"morris_baseline"
"all",0.99,94.75,0.00700776133474059,0.000450068194788937,0.964787181493438,23985,11992.5,1,"lower_better",69,"skew-t",10,0,"yes","yes","",TRUE,FALSE,NA,FALSE,FALSE,"morris_baseline"
"below_threshold",0.99,94.75,0.00107473926648359,6.88272799516033e-05,1.42852679420304,23746,11873,0.990035438815927,"lower_better",69,"skew-t",10,0,"yes","yes","",TRUE,FALSE,NA,FALSE,FALSE,"morris_baseline"
"above_threshold",0.99,94.75,0.595937274636402,0.0256602643799916,0.912021345108497,239,119.5,0.00996456118407338,"lower_better",69,"skew-t",10,0,"yes","yes","",TRUE,FALSE,NA,FALSE,FALSE,"morris_baseline"
"all",0.995,100.52,0.0039067246122429,1.11760717744502e-05,0.969365188419647,23985,11992.5,1,"lower_better",69,"skew-t",10,0,"yes","yes","",TRUE,FALSE,NA,FALSE,FALSE,"morris_baseline"
"below_threshold",0.995,100.52,0.000422712600452788,7.66038843399796e-07,1.82537565035511,23865,11932.5,0.994996873045654,"lower_better",69,"skew-t",10,0,"yes","yes","",TRUE,FALSE,NA,FALSE,FALSE,"morris_baseline"
"above_threshold",0.995,100.52,0.697634251568409,0.0253652470522803,0.917123528217339,120,60,0.00500312695434647,"lower_better",69,"skew-t",10,0,"yes","yes","",TRUE,FALSE,NA,FALSE,FALSE,"morris_baseline"
"all",0.9,73.25,0.045099100526881,0.00101183747111703,1.00120366386976,23985,11992.5,1,"lower_better",70,"skew-t",10,50,"yes","yes","",TRUE,FALSE,NA,FALSE,FALSE,"morris_baseline"
"below_threshold",0.9,73.25,0.0181099635280116,0.000380279185238759,1.00217370169393,21603,10801.5,0.900687929956223,"lower_better",70,"skew-t",10,50,"yes","yes","",TRUE,FALSE,NA,FALSE,FALSE,"morris_baseline"
"above_threshold",0.9,73.25,0.289919321031543,0.00135004481620823,1.00036496000561,2382,1191,0.0993120700437774,"lower_better",70,"skew-t",10,50,"yes","yes","",TRUE,FALSE,NA,FALSE,FALSE,"morris_baseline"
"all",0.95,79.75,0.0268880786239478,0.00187150170971922,0.994744644785011,23985,11992.5,1,"lower_better",70,"skew-t",10,50,"yes","yes","",TRUE,FALSE,NA,FALSE,FALSE,"morris_baseline"
"below_threshold",0.95,79.75,0.00921723299879705,0.000331052515772897,1.09316431238551,22787,11393.5,0.950052115905774,"lower_better",70,"skew-t",10,50,"yes","yes","",TRUE,FALSE,NA,FALSE,FALSE,"morris_baseline"
"above_threshold",0.95,79.75,0.362339102605804,0.0133538606374388,0.95291507244913,1198,599,0.0499478840942256,"lower_better",70,"skew-t",10,50,"yes","yes","",TRUE,FALSE,NA,FALSE,FALSE,"morris_baseline"
"all",0.98,88.5,0.0126072806093628,0.000672872840753983,0.976390020386881,23985,11992.5,1,"lower_better",70,"skew-t",10,50,"yes","yes","",TRUE,FALSE,NA,FALSE,FALSE,"morris_baseline"
"below_threshold",0.98,88.5,0.00306393970472193,0.000143603792424824,1.38371837224659,23508,11754,0.980112570356473,"lower_better",70,"skew-t",10,50,"yes","yes","",TRUE,FALSE,NA,FALSE,FALSE,"morris_baseline"
"above_threshold",0.98,88.5,0.482588958377398,0.00948679611652878,0.893745687447124,477,238.5,0.0198874296435272,"lower_better",70,"skew-t",10,50,"yes","yes","",TRUE,FALSE,NA,FALSE,FALSE,"morris_baseline"
"all",0.99,94.75,0.00695680821958618,0.000592811863830572,0.957772257609767,23985,11992.5,1,"lower_better",70,"skew-t",10,50,"yes","yes","",TRUE,FALSE,NA,FALSE,FALSE,"morris_baseline"
"below_threshold",0.99,94.75,0.00129105794426256,0.000135524604195219,1.71605423172275,23746,11873,0.990035438815927,"lower_better",70,"skew-t",10,50,"yes","yes","",TRUE,FALSE,NA,FALSE,FALSE,"morris_baseline"
"above_threshold",0.99,94.75,0.569156810777638,0.0339334928289197,0.871036570853519,239,119.5,0.00996456118407338,"lower_better",70,"skew-t",10,50,"yes","yes","",TRUE,FALSE,NA,FALSE,FALSE,"morris_baseline"
"all",0.995,100.52,0.00392721837692406,7.36500581777074e-05,0.974450251748484,23985,11992.5,1,"lower_better",70,"skew-t",10,50,"yes","yes","",TRUE,FALSE,NA,FALSE,FALSE,"morris_baseline"
"below_threshold",0.995,100.52,0.00057471617660624,2.33589415831984e-05,2.48176400116415,23865,11932.5,0.994996873045654,"lower_better",70,"skew-t",10,50,"yes","yes","",TRUE,FALSE,NA,FALSE,FALSE,"morris_baseline"
"above_threshold",0.995,100.52,0.671724727174638,0.0321955252391546,0.883062364544502,120,60,0.00500312695434647,"lower_better",70,"skew-t",10,50,"yes","yes","",TRUE,FALSE,NA,FALSE,FALSE,"morris_baseline"
"all",0.9,73.25,0.0489155286315573,0.000273598655730001,1.0859286751595,23985,11992.5,1,"lower_better",71,"t",10,75,"yes","yes","",TRUE,FALSE,NA,FALSE,FALSE,"morris_baseline"
"below_threshold",0.9,73.25,0.015535212497729,0.000517202677992844,0.859691483716661,21603,10801.5,0.900687929956223,"lower_better",71,"t",10,75,"yes","yes","",TRUE,FALSE,NA,FALSE,FALSE,"morris_baseline"
"above_threshold",0.9,73.25,0.351707646155472,0.00255965574764191,1.21356522265623,2382,1191,0.0993120700437774,"lower_better",71,"t",10,75,"yes","yes","",TRUE,FALSE,NA,FALSE,FALSE,"morris_baseline"
"all",0.95,79.75,0.0272926066814038,0.00110702371899657,1.00971046381759,23985,11992.5,1,"lower_better",71,"t",10,75,"yes","yes","",TRUE,FALSE,NA,FALSE,FALSE,"morris_baseline"
"below_threshold",0.95,79.75,0.00921688222993565,8.38044413979224e-05,1.09312271118033,22787,11393.5,0.950052115905774,"lower_better",71,"t",10,75,"yes","yes","",TRUE,FALSE,NA,FALSE,FALSE,"morris_baseline"
"above_threshold",0.95,79.75,0.370819398873208,0.00551150516494783,0.975217391116719,1198,599,0.0499478840942256,"lower_better",71,"t",10,75,"yes","yes","",TRUE,FALSE,NA,FALSE,FALSE,"morris_baseline"
"all",0.98,88.5,0.0127381659719071,0.000565315132530631,0.986526636344179,23985,11992.5,1,"lower_better",71,"t",10,75,"yes","yes","",TRUE,FALSE,NA,FALSE,FALSE,"morris_baseline"
"below_threshold",0.98,88.5,0.00363305991220049,8.67113849632982e-05,1.64074108254707,23508,11754,0.980112570356473,"lower_better",71,"t",10,75,"yes","yes","",TRUE,FALSE,NA,FALSE,FALSE,"morris_baseline"
"above_threshold",0.98,88.5,0.461185855581764,0.00767364514698116,0.854107543039712,477,238.5,0.0198874296435272,"lower_better",71,"t",10,75,"yes","yes","",TRUE,FALSE,NA,FALSE,FALSE,"morris_baseline"
"all",0.99,94.75,0.00694902211752763,0.000622680988912143,0.956700313075548,23985,11992.5,1,"lower_better",71,"t",10,75,"yes","yes","",TRUE,FALSE,NA,FALSE,FALSE,"morris_baseline"
"below_threshold",0.99,94.75,0.00164622690763611,0.00012640776622197,2.18813931921423,23746,11873,0.990035438815927,"lower_better",71,"t",10,75,"yes","yes","",TRUE,FALSE,NA,FALSE,FALSE,"morris_baseline"
"above_threshold",0.99,94.75,0.532987798628275,0.0386146095684461,0.815683578994043,239,119.5,0.00996456118407338,"lower_better",71,"t",10,75,"yes","yes","",TRUE,FALSE,NA,FALSE,FALSE,"morris_baseline"
"all",0.995,100.52,0.00387160670446265,0.000120169615190334,0.960651475355352,23985,11992.5,1,"lower_better",71,"t",10,75,"yes","yes","",TRUE,FALSE,NA,FALSE,FALSE,"morris_baseline"
"below_threshold",0.995,100.52,0.000797025067528745,7.74331470092791e-06,3.44174777243741,23865,11932.5,0.994996873045654,"lower_better",71,"t",10,75,"yes","yes","",TRUE,FALSE,NA,FALSE,FALSE,"morris_baseline"
"above_threshold",0.995,100.52,0.616746339677419,0.0427800003225806,0.810786709208211,120,60,0.00500312695434647,"lower_better",71,"t",10,75,"yes","yes","",TRUE,FALSE,NA,FALSE,FALSE,"morris_baseline"
"all",0.9,73.25,0.045004806049379,0.00119988159493202,0.999110318874963,23985,11992.5,1,"lower_better",72,"skew-t",15,0,"yes","yes","",TRUE,FALSE,NA,FALSE,FALSE,"morris_baseline"
"below_threshold",0.9,73.25,0.0175873879737613,0.00047359844511999,0.973255284668536,21603,10801.5,0.900687929956223,"lower_better",72,"skew-t",15,0,"yes","yes","",TRUE,FALSE,NA,FALSE,FALSE,"morris_baseline"
"above_threshold",0.9,73.25,0.29368458601348,0.000430540630119047,1.01335698530307,2382,1191,0.0993120700437774,"lower_better",72,"skew-t",15,0,"yes","yes","",TRUE,FALSE,NA,FALSE,FALSE,"morris_baseline"
"all",0.95,79.75,0.0268951884762757,0.00192410260814203,0.995007679106926,23985,11992.5,1,"lower_better",72,"skew-t",15,0,"yes","yes","",TRUE,FALSE,NA,FALSE,FALSE,"morris_baseline"
"below_threshold",0.95,79.75,0.00882752005840907,0.000409472043008304,1.04694433741444,22787,11393.5,0.950052115905774,"lower_better",72,"skew-t",15,0,"yes","yes","",TRUE,FALSE,NA,FALSE,FALSE,"morris_baseline"
"above_threshold",0.95,79.75,0.369940402738914,0.0125121699796871,0.972905720477339,1198,599,0.0499478840942256,"lower_better",72,"skew-t",15,0,"yes","yes","",TRUE,FALSE,NA,FALSE,FALSE,"morris_baseline"
"all",0.98,88.5,0.0127008714038495,0.000692189036590979,0.983638301802065,23985,11992.5,1,"lower_better",72,"skew-t",15,0,"yes","yes","",TRUE,FALSE,NA,FALSE,FALSE,"morris_baseline"
"below_threshold",0.98,88.5,0.00278273818227591,0.000204727267004389,1.25672379976443,23508,11754,0.980112570356473,"lower_better",72,"skew-t",15,0,"yes","yes","",TRUE,FALSE,NA,FALSE,FALSE,"morris_baseline"
"above_threshold",0.98,88.5,0.501253472116177,0.00676343768139412,0.928312016354479,477,238.5,0.0198874296435272,"lower_better",72,"skew-t",15,0,"yes","yes","",TRUE,FALSE,NA,FALSE,FALSE,"morris_baseline"
"all",0.99,94.75,0.00702111139276686,0.000495799501460701,0.966625138615648,23985,11992.5,1,"lower_better",72,"skew-t",15,0,"yes","yes","",TRUE,FALSE,NA,FALSE,FALSE,"morris_baseline"
"below_threshold",0.99,94.75,0.00111899881245343,9.78714656520823e-05,1.48735589749248,23746,11873,0.990035438815927,"lower_better",72,"skew-t",15,0,"yes","yes","",TRUE,FALSE,NA,FALSE,FALSE,"morris_baseline"
"above_threshold",0.99,94.75,0.592842531445986,0.0274307888818832,0.907285155634511,239,119.5,0.00996456118407338,"lower_better",72,"skew-t",15,0,"yes","yes","",TRUE,FALSE,NA,FALSE,FALSE,"morris_baseline"
"all",0.995,100.52,0.00391307813385654,3.37689498938799e-05,0.970941670840965,23985,11992.5,1,"lower_better",72,"skew-t",15,0,"yes","yes","",TRUE,FALSE,NA,FALSE,FALSE,"morris_baseline"
"below_threshold",0.995,100.52,0.000462160718030854,2.45916126503896e-06,1.99572220071158,23865,11932.5,0.994996873045654,"lower_better",72,"skew-t",15,0,"yes","yes","",TRUE,FALSE,NA,FALSE,FALSE,"morris_baseline"
"above_threshold",0.995,100.52,0.691179368709677,0.0290255912903226,0.908637813921745,120,60,0.00500312695434647,"lower_better",72,"skew-t",15,0,"yes","yes","",TRUE,FALSE,NA,FALSE,FALSE,"morris_baseline"
"all",0.9,73.25,0.0450885824077891,0.00102560564693225,1.00097016077881,23985,11992.5,1,"lower_better",73,"skew-t",15,50,"yes","yes","",TRUE,FALSE,NA,FALSE,FALSE,"morris_baseline"
"below_threshold",0.9,73.25,0.0177367999526146,0.000352951599141626,0.981523482210359,21603,10801.5,0.900687929956223,"lower_better",73,"skew-t",15,50,"yes","yes","",TRUE,FALSE,NA,FALSE,FALSE,"morris_baseline"
"above_threshold",0.9,73.25,0.293188602407892,0.00107197907999682,1.0116455967071,2382,1191,0.0993120700437774,"lower_better",73,"skew-t",15,50,"yes","yes","",TRUE,FALSE,NA,FALSE,FALSE,"morris_baseline"
"all",0.95,79.75,0.0268163771891734,0.00200185803605181,0.992091996402703,23985,11992.5,1,"lower_better",73,"skew-t",15,50,"yes","yes","",TRUE,FALSE,NA,FALSE,FALSE,"morris_baseline"
"below_threshold",0.95,79.75,0.00913761789033183,0.000386478072340936,1.08372195638646,22787,11393.5,0.950052115905774,"lower_better",73,"skew-t",15,50,"yes","yes","",TRUE,FALSE,NA,FALSE,FALSE,"morris_baseline"
"above_threshold",0.95,79.75,0.362342440071025,0.0149052512485296,0.952923849644,1198,599,0.0499478840942256,"lower_better",73,"skew-t",15,50,"yes","yes","",TRUE,FALSE,NA,FALSE,FALSE,"morris_baseline"
"all",0.98,88.5,0.0126419043142567,0.000687819716440622,0.979071505869337,23985,11992.5,1,"lower_better",73,"skew-t",15,50,"yes","yes","",TRUE,FALSE,NA,FALSE,FALSE,"morris_baseline"
"below_threshold",0.98,88.5,0.00307200350598645,0.000150249951129643,1.38736009859736,23508,11754,0.980112570356473,"lower_better",73,"skew-t",15,50,"yes","yes","",TRUE,FALSE,NA,FALSE,FALSE,"morris_baseline"
"above_threshold",0.98,88.5,0.483919199583524,0.0098632046270023,0.896209269177707,477,238.5,0.0198874296435272,"lower_better",73,"skew-t",15,50,"yes","yes","",TRUE,FALSE,NA,FALSE,FALSE,"morris_baseline"
"all",0.99,94.75,0.00703629251134981,0.000534169413908782,0.968715185338123,23985,11992.5,1,"lower_better",73,"skew-t",15,50,"yes","yes","",TRUE,FALSE,NA,FALSE,FALSE,"morris_baseline"
"below_threshold",0.99,94.75,0.00127932100835281,0.000112401738992544,1.70045367821941,23746,11873,0.990035438815927,"lower_better",73,"skew-t",15,50,"yes","yes","",TRUE,FALSE,NA,FALSE,FALSE,"morris_baseline"
"above_threshold",0.99,94.75,0.57837966343842,0.0301491516435477,0.885151208160869,239,119.5,0.00996456118407338,"lower_better",73,"skew-t",15,50,"yes","yes","",TRUE,FALSE,NA,FALSE,FALSE,"morris_baseline"
"all",0.995,100.52,0.00391563672527491,2.23617465302261e-05,0.971576527325241,23985,11992.5,1,"lower_better",73,"skew-t",15,50,"yes","yes","",TRUE,FALSE,NA,FALSE,FALSE,"morris_baseline"
"below_threshold",0.995,100.52,0.000540564667351198,1.61073273258932e-06,2.33428949165047,23865,11932.5,0.994996873045654,"lower_better",73,"skew-t",15,50,"yes","yes","",TRUE,FALSE,NA,FALSE,FALSE,"morris_baseline"
"above_threshold",0.995,100.52,0.676033120556173,0.0270531766852058,0.888726262109936,120,60,0.00500312695434647,"lower_better",73,"skew-t",15,50,"yes","yes","",TRUE,FALSE,NA,FALSE,FALSE,"morris_baseline"
"all",0.9,73.25,0.0489914266720697,0.000208294399001403,1.08761361777153,23985,11992.5,1,"lower_better",74,"t",15,75,"yes","yes","",TRUE,FALSE,NA,FALSE,FALSE,"morris_baseline"
"below_threshold",0.9,73.25,0.0157207594258903,0.0011987645884995,0.869959326141954,21603,10801.5,0.900687929956223,"lower_better",74,"t",15,75,"yes","yes","",TRUE,FALSE,NA,FALSE,FALSE,"morris_baseline"
"above_threshold",0.9,73.25,0.350603299787618,0.00300236722706412,1.20975468182652,2382,1191,0.0993120700437774,"lower_better",74,"t",15,75,"yes","yes","",TRUE,FALSE,NA,FALSE,FALSE,"morris_baseline"
"all",0.95,79.75,0.0274208555712527,0.00098097738837362,1.01445512773207,23985,11992.5,1,"lower_better",74,"t",15,75,"yes","yes","",TRUE,FALSE,NA,FALSE,FALSE,"morris_baseline"
"below_threshold",0.95,79.75,0.00930891809515493,9.70899377467117e-05,1.10403816957553,22787,11393.5,0.950052115905774,"lower_better",74,"t",15,75,"yes","yes","",TRUE,FALSE,NA,FALSE,FALSE,"morris_baseline"
"above_threshold",0.95,79.75,0.371752488266532,0.00319825494491494,0.977671321538378,1198,599,0.0499478840942256,"lower_better",74,"t",15,75,"yes","yes","",TRUE,FALSE,NA,FALSE,FALSE,"morris_baseline"
"all",0.98,88.5,0.0127265088807938,0.000621145093180201,0.985623835194391,23985,11992.5,1,"lower_better",74,"t",15,75,"yes","yes","",TRUE,FALSE,NA,FALSE,FALSE,"morris_baseline"
"below_threshold",0.98,88.5,0.00360508848979237,0.000227028386112583,1.6281087937901,23508,11754,0.980112570356473,"lower_better",74,"t",15,75,"yes","yes","",TRUE,FALSE,NA,FALSE,FALSE,"morris_baseline"
"above_threshold",0.98,88.5,0.462132466552015,0.00353065733462418,0.855860648778387,477,238.5,0.0198874296435272,"lower_better",74,"t",15,75,"yes","yes","",TRUE,FALSE,NA,FALSE,FALSE,"morris_baseline"
"all",0.99,94.75,0.00693165136471931,0.000730918088066811,0.954308810448414,23985,11992.5,1,"lower_better",74,"t",15,75,"yes","yes","",TRUE,FALSE,NA,FALSE,FALSE,"morris_baseline"
"below_threshold",0.99,94.75,0.00162017846766303,0.000240778080457647,2.15351613607654,23746,11873,0.990035438815927,"lower_better",74,"t",15,75,"yes","yes","",TRUE,FALSE,NA,FALSE,FALSE,"morris_baseline"
"above_threshold",0.99,94.75,0.533846106586801,0.0380946491509037,0.816997131967097,239,119.5,0.00996456118407338,"lower_better",74,"t",15,75,"yes","yes","",TRUE,FALSE,NA,FALSE,FALSE,"morris_baseline"
"all",0.995,100.52,0.00389691710981799,0.000156542109401224,0.96693167892521,23985,11992.5,1,"lower_better",74,"t",15,75,"yes","yes","",TRUE,FALSE,NA,FALSE,FALSE,"morris_baseline"
"below_threshold",0.995,100.52,0.000787403010726234,5.7498196314839e-05,3.40019739476987,23865,11932.5,0.994996873045654,"lower_better",74,"t",15,75,"yes","yes","",TRUE,FALSE,NA,FALSE,FALSE,"morris_baseline"
"above_threshold",0.995,100.52,0.62363826807564,0.040382382269188,0.819846972053086,120,60,0.00500312695434647,"lower_better",74,"t",15,75,"yes","yes","",TRUE,FALSE,NA,FALSE,FALSE,"morris_baseline"
"all",0.9,73.25,0.0447036491865784,0.0013114200092841,0.992424612266342,23985,11992.5,1,"lower_better",101,"skew-t",1,0,"yes","yes","yes",FALSE,TRUE,NA,TRUE,FALSE,"ar2"
"below_threshold",0.9,73.25,0.0178150641446772,0.00086829667673145,0.985854485690747,21603,10801.5,0.900687929956223,"lower_better",101,"skew-t",1,0,"yes","yes","yes",FALSE,TRUE,NA,TRUE,FALSE,"ar2"
"above_threshold",0.9,73.25,0.288667570456742,0.00273093068512675,0.996045801802416,2382,1191,0.0993120700437774,"lower_better",101,"skew-t",1,0,"yes","yes","yes",FALSE,TRUE,NA,TRUE,FALSE,"ar2"
"all",0.95,79.75,0.0269468581202258,0.00211941929051833,0.99691923635637,23985,11992.5,1,"lower_better",101,"skew-t",1,0,"yes","yes","yes",FALSE,TRUE,NA,TRUE,FALSE,"ar2"
"below_threshold",0.95,79.75,0.00841194820163325,0.000606061313288835,0.997657493616695,22787,11393.5,0.950052115905774,"lower_better",101,"skew-t",1,0,"yes","yes","yes",FALSE,TRUE,NA,TRUE,FALSE,"ar2"
"above_threshold",0.95,79.75,0.378904400031014,0.0122100093807506,0.996480123757596,1198,599,0.0499478840942256,"lower_better",101,"skew-t",1,0,"yes","yes","yes",FALSE,TRUE,NA,TRUE,FALSE,"ar2"
"all",0.98,88.5,0.0128369048461227,0.000700432694751516,0.994173618623348,23985,11992.5,1,"lower_better",101,"skew-t",1,0,"yes","yes","yes",FALSE,TRUE,NA,TRUE,FALSE,"ar2"
"below_threshold",0.98,88.5,0.00228310589337456,0.000220060824962895,1.03108281327408,23508,11754,0.980112570356473,"lower_better",101,"skew-t",1,0,"yes","yes","yes",FALSE,TRUE,NA,TRUE,FALSE,"ar2"
"above_threshold",0.98,88.5,0.532770965628939,0.00526920441154727,0.986681822412381,477,238.5,0.0198874296435272,"lower_better",101,"skew-t",1,0,"yes","yes","yes",FALSE,TRUE,NA,TRUE,FALSE,"ar2"
"all",0.99,94.75,0.00716651242705571,0.000591515881252595,0.986643094044914,23985,11992.5,1,"lower_better",101,"skew-t",1,0,"yes","yes","yes",FALSE,TRUE,NA,TRUE,FALSE,"ar2"
"below_threshold",0.99,94.75,0.000793074153669398,0.00010144664525189,1.0541418869094,23746,11873,0.990035438815927,"lower_better",101,"skew-t",1,0,"yes","yes","yes",FALSE,TRUE,NA,TRUE,FALSE,"ar2"
"above_threshold",0.99,94.75,0.639640879124282,0.0356776418593246,0.978905263681043,239,119.5,0.00996456118407338,"lower_better",101,"skew-t",1,0,"yes","yes","yes",FALSE,TRUE,NA,TRUE,FALSE,"ar2"
"all",0.995,100.52,0.0039958410010811,5.33389922455587e-05,0.991477400984286,23985,11992.5,1,"lower_better",101,"skew-t",1,0,"yes","yes","yes",FALSE,TRUE,NA,TRUE,FALSE,"ar2"
"below_threshold",0.995,100.52,0.000254721689150965,7.79831755481897e-06,1.09995010438641,23865,11932.5,0.994996873045654,"lower_better",101,"skew-t",1,0,"yes","yes","yes",FALSE,TRUE,NA,TRUE,FALSE,"ar2"
"above_threshold",0.995,100.52,0.749133678286986,0.0337922886095662,0.984825674187274,120,60,0.00500312695434647,"lower_better",101,"skew-t",1,0,"yes","yes","yes",FALSE,TRUE,NA,TRUE,FALSE,"ar2"
"all",0.9,73.25,0.044965436886365,0.00124325327379517,0.998236320285355,23985,11992.5,1,"lower_better",102,"skew-t",1,50,"yes","yes","yes",FALSE,TRUE,NA,TRUE,FALSE,"ar2"
"below_threshold",0.9,73.25,0.0193605481789567,0.000692525443046687,1.07137886861659,21603,10801.5,0.900687929956223,"lower_better",102,"skew-t",1,50,"yes","yes","yes",FALSE,TRUE,NA,TRUE,FALSE,"ar2"
"above_threshold",0.9,73.25,0.277243579726683,0.00143721812798817,0.956627387089254,2382,1191,0.0993120700437774,"lower_better",102,"skew-t",1,50,"yes","yes","yes",FALSE,TRUE,NA,TRUE,FALSE,"ar2"
"all",0.95,79.75,0.027002103526317,0.00207499985706637,0.998963081609385,23985,11992.5,1,"lower_better",102,"skew-t",1,50,"yes","yes","yes",FALSE,TRUE,NA,TRUE,FALSE,"ar2"
"below_threshold",0.95,79.75,0.00958021270063816,0.000461527093357793,1.13621372387645,22787,11393.5,0.950052115905774,"lower_better",102,"skew-t",1,50,"yes","yes","yes",FALSE,TRUE,NA,TRUE,FALSE,"ar2"
"above_threshold",0.95,79.75,0.357631207490563,0.0152021677717581,0.940533786017277,1198,599,0.0499478840942256,"lower_better",102,"skew-t",1,50,"yes","yes","yes",FALSE,TRUE,NA,TRUE,FALSE,"ar2"
"all",0.98,88.5,0.0127192615832324,0.000738314869887392,0.985062557212806,23985,11992.5,1,"lower_better",102,"skew-t",1,50,"yes","yes","yes",FALSE,TRUE,NA,TRUE,FALSE,"ar2"
"below_threshold",0.98,88.5,0.00286618176643987,0.000147835594943314,1.29440809892862,23508,11754,0.980112570356473,"lower_better",102,"skew-t",1,50,"yes","yes","yes",FALSE,TRUE,NA,TRUE,FALSE,"ar2"
"above_threshold",0.98,88.5,0.49787483595705,0.0120111910874846,0.922054845641694,477,238.5,0.0198874296435272,"lower_better",102,"skew-t",1,50,"yes","yes","yes",FALSE,TRUE,NA,TRUE,FALSE,"ar2"
"all",0.99,94.75,0.00703179709161399,0.000654186929073359,0.968096282506052,23985,11992.5,1,"lower_better",102,"skew-t",1,50,"yes","yes","yes",FALSE,TRUE,NA,TRUE,FALSE,"ar2"
"below_threshold",0.99,94.75,0.00109320940182515,9.99582671450161e-05,1.45307701214968,23746,11873,0.990035438815927,"lower_better",102,"skew-t",1,50,"yes","yes","yes",FALSE,TRUE,NA,TRUE,FALSE,"ar2"
"above_threshold",0.99,94.75,0.596144673078324,0.043047530856102,0.912338747315114,239,119.5,0.00996456118407338,"lower_better",102,"skew-t",1,50,"yes","yes","yes",FALSE,TRUE,NA,TRUE,FALSE,"ar2"
"all",0.995,100.52,0.00391868120399594,8.10886491905761e-05,0.972331945733747,23985,11992.5,1,"lower_better",102,"skew-t",1,50,"yes","yes","yes",FALSE,TRUE,NA,TRUE,FALSE,"ar2"
"below_threshold",0.995,100.52,0.000407797716540172,6.69537572721435e-08,1.76096956004032,23865,11932.5,0.994996873045654,"lower_better",102,"skew-t",1,50,"yes","yes","yes",FALSE,TRUE,NA,TRUE,FALSE,"ar2"
"above_threshold",0.995,100.52,0.703452631023359,0.0393924207007786,0.924772482783767,120,60,0.00500312695434647,"lower_better",102,"skew-t",1,50,"yes","yes","yes",FALSE,TRUE,NA,TRUE,FALSE,"ar2"
"all",0.9,73.25,0.048998337917346,0.000219700838076136,1.08776704797327,23985,11992.5,1,"lower_better",103,"t",1,75,"yes","yes","yes",FALSE,TRUE,NA,TRUE,FALSE,"ar2"
"below_threshold",0.9,73.25,0.0149761105090856,0.00038827534461798,0.828751757708018,21603,10801.5,0.900687929956223,"lower_better",103,"t",1,75,"yes","yes","yes",FALSE,TRUE,NA,TRUE,FALSE,"ar2"
"above_threshold",0.9,73.25,0.357672617154332,0.00446579288027005,1.2341473209913,2382,1191,0.0993120700437774,"lower_better",103,"t",1,75,"yes","yes","yes",FALSE,TRUE,NA,TRUE,FALSE,"ar2"
"all",0.95,79.75,0.0274487711344227,0.00104016656994829,1.01548788493863,23985,11992.5,1,"lower_better",103,"t",1,75,"yes","yes","yes",FALSE,TRUE,NA,TRUE,FALSE,"ar2"
"below_threshold",0.95,79.75,0.00905465821207646,9.11860664691835e-05,1.07388293423658,22787,11393.5,0.950052115905774,"lower_better",103,"t",1,75,"yes","yes","yes",FALSE,TRUE,NA,TRUE,FALSE,"ar2"
"above_threshold",0.95,79.75,0.377292673476576,0.000509774917700712,0.992241446465121,1198,599,0.0499478840942256,"lower_better",103,"t",1,75,"yes","yes","yes",FALSE,TRUE,NA,TRUE,FALSE,"ar2"
"all",0.98,88.5,0.0128279118825828,0.000629380416382875,0.993477144885183,23985,11992.5,1,"lower_better",103,"t",1,75,"yes","yes","yes",FALSE,TRUE,NA,TRUE,FALSE,"ar2"
"below_threshold",0.98,88.5,0.00352695223308286,0.000201819050453469,1.59282135853773,23508,11754,0.980112570356473,"lower_better",103,"t",1,75,"yes","yes","yes",FALSE,TRUE,NA,TRUE,FALSE,"ar2"
"above_threshold",0.98,88.5,0.471033065672241,0.00486376202006689,0.872344391187546,477,238.5,0.0198874296435272,"lower_better",103,"t",1,75,"yes","yes","yes",FALSE,TRUE,NA,TRUE,FALSE,"ar2"
"all",0.99,94.75,0.00699920576463811,0.000712233871664863,0.963609301144641,23985,11992.5,1,"lower_better",103,"t",1,75,"yes","yes","yes",FALSE,TRUE,NA,TRUE,FALSE,"ar2"
"below_threshold",0.99,94.75,0.00157710833507132,0.000177074614532595,2.09626798263514,23746,11873,0.990035438815927,"lower_better",103,"t",1,75,"yes","yes","yes",FALSE,TRUE,NA,TRUE,FALSE,"ar2"
"above_threshold",0.99,94.75,0.544813526466302,0.0423143709107468,0.833781651842909,239,119.5,0.00996456118407338,"lower_better",103,"t",1,75,"yes","yes","yes",FALSE,TRUE,NA,TRUE,FALSE,"ar2"
"all",0.995,100.52,0.00388607363805541,0.000148774306555869,0.96424111711409,23985,11992.5,1,"lower_better",103,"t",1,75,"yes","yes","yes",FALSE,TRUE,NA,TRUE,FALSE,"ar2"
"below_threshold",0.995,100.52,0.000731661037199612,2.721855374758e-05,3.15949001801024,23865,11932.5,0.994996873045654,"lower_better",103,"t",1,75,"yes","yes","yes",FALSE,TRUE,NA,TRUE,FALSE,"ar2"
"above_threshold",0.995,100.52,0.632714945773081,0.045152703192436,0.831779348732778,120,60,0.00500312695434647,"lower_better",103,"t",1,75,"yes","yes","yes",FALSE,TRUE,NA,TRUE,FALSE,"ar2"
"all",0.9,73.25,0.0449115309165755,0.0012053193403481,0.997039603414571,23985,11992.5,1,"lower_better",104,"skew-t",5,0,"yes","yes","yes",FALSE,TRUE,NA,TRUE,FALSE,"ar2"
"below_threshold",0.9,73.25,0.0176734719813302,0.000399742945263393,0.978019023059756,21603,10801.5,0.900687929956223,"lower_better",104,"skew-t",5,0,"yes","yes","yes",FALSE,TRUE,NA,TRUE,FALSE,"ar2"
"above_threshold",0.9,73.25,0.291939290031526,0.000348525498653746,1.00733485149367,2382,1191,0.0993120700437774,"lower_better",104,"skew-t",5,0,"yes","yes","yes",FALSE,TRUE,NA,TRUE,FALSE,"ar2"
"all",0.95,79.75,0.0270217493273957,0.00187015306499673,0.999689892761971,23985,11992.5,1,"lower_better",104,"skew-t",5,0,"yes","yes","yes",FALSE,TRUE,NA,TRUE,FALSE,"ar2"
"below_threshold",0.95,79.75,0.00885147591027522,0.000311678948427129,1.04978550268999,22787,11393.5,0.950052115905774,"lower_better",104,"skew-t",5,0,"yes","yes","yes",FALSE,TRUE,NA,TRUE,FALSE,"ar2"
"above_threshold",0.95,79.75,0.371979400849229,0.0131904717103892,0.978268078605516,1198,599,0.0499478840942256,"lower_better",104,"skew-t",5,0,"yes","yes","yes",FALSE,TRUE,NA,TRUE,FALSE,"ar2"
"all",0.98,88.5,0.01279843654934,0.000553350657867169,0.99119438287508,23985,11992.5,1,"lower_better",104,"skew-t",5,0,"yes","yes","yes",FALSE,TRUE,NA,TRUE,FALSE,"ar2"
"below_threshold",0.98,88.5,0.00275112477710488,0.000132790006985057,1.24244674023973,23508,11754,0.980112570356473,"lower_better",104,"skew-t",5,0,"yes","yes","yes",FALSE,TRUE,NA,TRUE,FALSE,"ar2"
"above_threshold",0.98,88.5,0.50784700104031,0.00308895669248371,0.94052310808939,477,238.5,0.0198874296435272,"lower_better",104,"skew-t",5,0,"yes","yes","yes",FALSE,TRUE,NA,TRUE,FALSE,"ar2"
"all",0.99,94.75,0.00698571025860069,0.000443301393050966,0.961751319599505,23985,11992.5,1,"lower_better",104,"skew-t",5,0,"yes","yes","yes",FALSE,TRUE,NA,TRUE,FALSE,"ar2"
"below_threshold",0.99,94.75,0.00104351172495249,9.62900515518122e-05,1.3870196294558,23746,11873,0.990035438815927,"lower_better",104,"skew-t",5,0,"yes","yes","yes",FALSE,TRUE,NA,TRUE,FALSE,"ar2"
"above_threshold",0.99,94.75,0.596900553368362,0.0222314449922937,0.913495545166502,239,119.5,0.00996456118407338,"lower_better",104,"skew-t",5,0,"yes","yes","yes",FALSE,TRUE,NA,TRUE,FALSE,"ar2"
"all",0.995,100.52,0.00391812287547988,1.93787094383705e-05,0.972193409163886,23985,11992.5,1,"lower_better",104,"skew-t",5,0,"yes","yes","yes",FALSE,TRUE,NA,TRUE,FALSE,"ar2"
"below_threshold",0.995,100.52,0.000416388178718126,2.28410216171628e-05,1.7980652616308,23865,11932.5,0.994996873045654,"lower_better",104,"skew-t",5,0,"yes","yes","yes",FALSE,TRUE,NA,TRUE,FALSE,"ar2"
"above_threshold",0.995,100.52,0.701072555228031,0.0224233868409344,0.921643588945873,120,60,0.00500312695434647,"lower_better",104,"skew-t",5,0,"yes","yes","yes",FALSE,TRUE,NA,TRUE,FALSE,"ar2"
"all",0.9,73.25,0.0449447867924601,0.00103180635068302,0.997777886537558,23985,11992.5,1,"lower_better",105,"skew-t",5,50,"yes","yes","yes",FALSE,TRUE,NA,TRUE,FALSE,"ar2"
"below_threshold",0.9,73.25,0.018291375269573,0.000483443399819297,1.01221271012651,21603,10801.5,0.900687929956223,"lower_better",105,"skew-t",5,50,"yes","yes","yes",FALSE,TRUE,NA,TRUE,FALSE,"ar2"
"above_threshold",0.9,73.25,0.28674221714547,0.00198463143584504,0.989402381207423,2382,1191,0.0993120700437774,"lower_better",105,"skew-t",5,50,"yes","yes","yes",FALSE,TRUE,NA,TRUE,FALSE,"ar2"
"all",0.95,79.75,0.0267579188198939,0.00194217946172104,0.989929285165617,23985,11992.5,1,"lower_better",105,"skew-t",5,50,"yes","yes","yes",FALSE,TRUE,NA,TRUE,FALSE,"ar2"
"below_threshold",0.95,79.75,0.00926864912545682,0.000428658866443872,1.09926226767783,22787,11393.5,0.950052115905774,"lower_better",105,"skew-t",5,50,"yes","yes","yes",FALSE,TRUE,NA,TRUE,FALSE,"ar2"
"above_threshold",0.95,79.75,0.358773273320387,0.0130948613695966,0.943537303261599,1198,599,0.0499478840942256,"lower_better",105,"skew-t",5,50,"yes","yes","yes",FALSE,TRUE,NA,TRUE,FALSE,"ar2"
"all",0.98,88.5,0.0125891350652541,0.000698340013157694,0.974984711126998,23985,11992.5,1,"lower_better",105,"skew-t",5,50,"yes","yes","yes",FALSE,TRUE,NA,TRUE,FALSE,"ar2"
"below_threshold",0.98,88.5,0.00306389996143977,0.000197832827930808,1.38370042361999,23508,11754,0.980112570356473,"lower_better",105,"skew-t",5,50,"yes","yes","yes",FALSE,TRUE,NA,TRUE,FALSE,"ar2"
"above_threshold",0.98,88.5,0.481729486093646,0.00812576313712374,0.8921539609193,477,238.5,0.0198874296435272,"lower_better",105,"skew-t",5,50,"yes","yes","yes",FALSE,TRUE,NA,TRUE,FALSE,"ar2"
"all",0.99,94.75,0.00695518141983819,0.000574026091005984,0.957548289430952,23985,11992.5,1,"lower_better",105,"skew-t",5,50,"yes","yes","yes",FALSE,TRUE,NA,TRUE,FALSE,"ar2"
"below_threshold",0.99,94.75,0.0012672587206508,0.000149384326711409,1.6844206721508,23746,11873,0.990035438815927,"lower_better",105,"skew-t",5,50,"yes","yes","yes",FALSE,TRUE,NA,TRUE,FALSE,"ar2"
"above_threshold",0.99,94.75,0.571428930084069,0.0306223259815048,0.874513818198657,239,119.5,0.00996456118407338,"lower_better",105,"skew-t",5,50,"yes","yes","yes",FALSE,TRUE,NA,TRUE,FALSE,"ar2"
"all",0.995,100.52,0.00389013702814843,7.1153348895282e-05,0.965249355291616,23985,11992.5,1,"lower_better",105,"skew-t",5,50,"yes","yes","yes",FALSE,TRUE,NA,TRUE,FALSE,"ar2"
"below_threshold",0.995,100.52,0.000543122252098981,2.74292684374814e-05,2.34533376361521,23865,11932.5,0.994996873045654,"lower_better",105,"skew-t",5,50,"yes","yes","yes",FALSE,TRUE,NA,TRUE,FALSE,"ar2"
"above_threshold",0.995,100.52,0.670551819566185,0.0308493769855395,0.881520437436251,120,60,0.00500312695434647,"lower_better",105,"skew-t",5,50,"yes","yes","yes",FALSE,TRUE,NA,TRUE,FALSE,"ar2"
"all",0.9,73.25,0.0490332510624728,0.000407837045635281,1.08854212260691,23985,11992.5,1,"lower_better",106,"t",5,75,"yes","yes","yes",FALSE,TRUE,NA,TRUE,FALSE,"ar2"
"below_threshold",0.9,73.25,0.0166580952161977,0.000846019297223551,0.921829849086387,21603,10801.5,0.900687929956223,"lower_better",106,"t",5,75,"yes","yes","yes",FALSE,TRUE,NA,TRUE,FALSE,"ar2"
"above_threshold",0.9,73.25,0.342561548644959,0.00207972639582404,1.18200666547639,2382,1191,0.0993120700437774,"lower_better",106,"t",5,75,"yes","yes","yes",FALSE,TRUE,NA,TRUE,FALSE,"ar2"
"all",0.95,79.75,0.0274351684385986,0.00107613775426089,1.01498464299952,23985,11992.5,1,"lower_better",106,"t",5,75,"yes","yes","yes",FALSE,TRUE,NA,TRUE,FALSE,"ar2"
"below_threshold",0.95,79.75,0.00924366166213355,4.49545646777887e-05,1.09629875322988,22787,11393.5,0.950052115905774,"lower_better",106,"t",5,75,"yes","yes","yes",FALSE,TRUE,NA,TRUE,FALSE,"ar2"
"above_threshold",0.95,79.75,0.373240739974462,0.00403338517657117,0.98158527251382,1198,599,0.0499478840942256,"lower_better",106,"t",5,75,"yes","yes","yes",FALSE,TRUE,NA,TRUE,FALSE,"ar2"
"all",0.98,88.5,0.0127725503607358,0.00060144913876367,0.989189587630003,23985,11992.5,1,"lower_better",106,"t",5,75,"yes","yes","yes",FALSE,TRUE,NA,TRUE,FALSE,"ar2"
"below_threshold",0.98,88.5,0.00341772255411429,0.000199747773796451,1.54349169537547,23508,11754,0.980112570356473,"lower_better",106,"t",5,75,"yes","yes","yes",FALSE,TRUE,NA,TRUE,FALSE,"ar2"
"above_threshold",0.98,88.5,0.473682860729097,0.00346202542474916,0.877251761867237,477,238.5,0.0198874296435272,"lower_better",106,"t",5,75,"yes","yes","yes",FALSE,TRUE,NA,TRUE,FALSE,"ar2"
"all",0.99,94.75,0.00698108906564229,0.000641426603360049,0.961115101053166,23985,11992.5,1,"lower_better",106,"t",5,75,"yes","yes","yes",FALSE,TRUE,NA,TRUE,FALSE,"ar2"
"below_threshold",0.99,94.75,0.00148567290164866,0.000208408753500509,1.97473342010706,23746,11873,0.990035438815927,"lower_better",106,"t",5,75,"yes","yes","yes",FALSE,TRUE,NA,TRUE,FALSE,"ar2"
"above_threshold",0.99,94.75,0.55230170653636,0.0319339075620009,0.845241549302881,239,119.5,0.00996456118407338,"lower_better",106,"t",5,75,"yes","yes","yes",FALSE,TRUE,NA,TRUE,FALSE,"ar2"
"all",0.995,100.52,0.00387581633651281,0.00013350125107478,0.961696000160783,23985,11992.5,1,"lower_better",106,"t",5,75,"yes","yes","yes",FALSE,TRUE,NA,TRUE,FALSE,"ar2"
"below_threshold",0.995,100.52,0.000697593703977011,5.37890822761318e-05,3.01237900104396,23865,11932.5,0.994996873045654,"lower_better",106,"t",5,75,"yes","yes","yes",FALSE,TRUE,NA,TRUE,FALSE,"ar2"
"above_threshold",0.995,100.52,0.637169191401557,0.0369636120467186,0.837634986493038,120,60,0.00500312695434647,"lower_better",106,"t",5,75,"yes","yes","yes",FALSE,TRUE,NA,TRUE,FALSE,"ar2"
"all",0.9,73.25,0.0450633351678185,0.00119011112514114,1.00040967001811,23985,11992.5,1,"lower_better",107,"skew-t",6,0,"yes","yes","yes",FALSE,TRUE,NA,TRUE,FALSE,"ar2"
"below_threshold",0.9,73.25,0.0179475314862771,0.000521425038532421,0.993184996648396,21603,10801.5,0.900687929956223,"lower_better",107,"skew-t",6,0,"yes","yes","yes",FALSE,TRUE,NA,TRUE,FALSE,"ar2"
"above_threshold",0.9,73.25,0.291022310206512,0.000872714741585151,1.00417081784902,2382,1191,0.0993120700437774,"lower_better",107,"skew-t",6,0,"yes","yes","yes",FALSE,TRUE,NA,TRUE,FALSE,"ar2"
"all",0.95,79.75,0.026979431211255,0.0019648357723953,0.99812430230097,23985,11992.5,1,"lower_better",107,"skew-t",6,0,"yes","yes","yes",FALSE,TRUE,NA,TRUE,FALSE,"ar2"
"below_threshold",0.95,79.75,0.00902274719387373,0.000386298359432013,1.07009828582033,22787,11393.5,0.950052115905774,"lower_better",107,"skew-t",6,0,"yes","yes","yes",FALSE,TRUE,NA,TRUE,FALSE,"ar2"
"above_threshold",0.95,79.75,0.36784327359918,0.0138841098030461,0.967390483640482,1198,599,0.0499478840942256,"lower_better",107,"skew-t",6,0,"yes","yes","yes",FALSE,TRUE,NA,TRUE,FALSE,"ar2"
"all",0.98,88.5,0.0127714136512794,0.000643353993031541,0.989101553437404,23985,11992.5,1,"lower_better",107,"skew-t",6,0,"yes","yes","yes",FALSE,TRUE,NA,TRUE,FALSE,"ar2"
"below_threshold",0.98,88.5,0.00278378151312542,0.000174665021241333,1.25719498268705,23508,11754,0.980112570356473,"lower_better",107,"skew-t",6,0,"yes","yes","yes",FALSE,TRUE,NA,TRUE,FALSE,"ar2"
"above_threshold",0.98,88.5,0.504787661335328,0.00566219194402393,0.934857268412999,477,238.5,0.0198874296435272,"lower_better",107,"skew-t",6,0,"yes","yes","yes",FALSE,TRUE,NA,TRUE,FALSE,"ar2"
"all",0.99,94.75,0.00699468051452928,0.000451771220539119,0.962986291443041,23985,11992.5,1,"lower_better",107,"skew-t",6,0,"yes","yes","yes",FALSE,TRUE,NA,TRUE,FALSE,"ar2"
"below_threshold",0.99,94.75,0.00107690152446256,0.000108345706280741,1.43140083403323,23746,11873,0.990035438815927,"lower_better",107,"skew-t",6,0,"yes","yes","yes",FALSE,TRUE,NA,TRUE,FALSE,"ar2"
"above_threshold",0.99,94.75,0.594489878551212,0.0219356932520667,0.909806252714209,239,119.5,0.00996456118407338,"lower_better",107,"skew-t",6,0,"yes","yes","yes",FALSE,TRUE,NA,TRUE,FALSE,"ar2"
"all",0.995,100.52,0.00393840265927843,1.24253258009183e-06,0.977225377985386,23985,11992.5,1,"lower_better",107,"skew-t",6,0,"yes","yes","yes",FALSE,TRUE,NA,TRUE,FALSE,"ar2"
"below_threshold",0.995,100.52,0.000441422745098397,2.01703546501358e-05,1.90617059806694,23865,11932.5,0.994996873045654,"lower_better",107,"skew-t",6,0,"yes","yes","yes",FALSE,TRUE,NA,TRUE,FALSE,"ar2"
"above_threshold",0.995,100.52,0.700044190022247,0.0192947906674082,0.920291680085744,120,60,0.00500312695434647,"lower_better",107,"skew-t",6,0,"yes","yes","yes",FALSE,TRUE,NA,TRUE,FALSE,"ar2"
"all",0.9,73.25,0.0449639413452725,0.000944996262335101,0.998203119152654,23985,11992.5,1,"lower_better",108,"skew-t",6,50,"yes","yes","yes",FALSE,TRUE,NA,TRUE,FALSE,"ar2"
"below_threshold",0.9,73.25,0.0182323291282684,0.000287201999774715,1.00894519995674,21603,10801.5,0.900687929956223,"lower_better",108,"skew-t",6,50,"yes","yes","yes",FALSE,TRUE,NA,TRUE,FALSE,"ar2"
"above_threshold",0.9,73.25,0.287438460935498,0.00110147069079969,0.991804766425102,2382,1191,0.0993120700437774,"lower_better",108,"skew-t",6,50,"yes","yes","yes",FALSE,TRUE,NA,TRUE,FALSE,"ar2"
"all",0.95,79.75,0.0268947765175766,0.00192410378606038,0.994992438385728,23985,11992.5,1,"lower_better",108,"skew-t",6,50,"yes","yes","yes",FALSE,TRUE,NA,TRUE,FALSE,"ar2"
"below_threshold",0.95,79.75,0.0092857886847198,0.000307219111741154,1.10129502029662,22787,11393.5,0.950052115905774,"lower_better",108,"skew-t",6,50,"yes","yes","yes",FALSE,TRUE,NA,TRUE,FALSE,"ar2"
"above_threshold",0.95,79.75,0.361088662612845,0.0149268564968525,0.949626542152746,1198,599,0.0499478840942256,"lower_better",108,"skew-t",6,50,"yes","yes","yes",FALSE,TRUE,NA,TRUE,FALSE,"ar2"
"all",0.98,88.5,0.0126232717452186,0.000689978785311943,0.977628478223112,23985,11992.5,1,"lower_better",108,"skew-t",6,50,"yes","yes","yes",FALSE,TRUE,NA,TRUE,FALSE,"ar2"
"below_threshold",0.98,88.5,0.00304953436298008,0.000148587882143844,1.37721271680044,23508,11754,0.980112570356473,"lower_better",108,"skew-t",6,50,"yes","yes","yes",FALSE,TRUE,NA,TRUE,FALSE,"ar2"
"above_threshold",0.98,88.5,0.484082964295019,0.0100469712515402,0.896512558347741,477,238.5,0.0198874296435272,"lower_better",108,"skew-t",6,50,"yes","yes","yes",FALSE,TRUE,NA,TRUE,FALSE,"ar2"
"all",0.99,94.75,0.00695520330113559,0.000609864193025233,0.957551301918712,23985,11992.5,1,"lower_better",108,"skew-t",6,50,"yes","yes","yes",FALSE,TRUE,NA,TRUE,FALSE,"ar2"
"below_threshold",0.99,94.75,0.00127437355952723,0.000128650323836999,1.69387760583544,23746,11873,0.990035438815927,"lower_better",108,"skew-t",6,50,"yes","yes","yes",FALSE,TRUE,NA,TRUE,FALSE,"ar2"
"above_threshold",0.99,94.75,0.570602953430013,0.0362966180453972,0.873249744996456,239,119.5,0.00996456118407338,"lower_better",108,"skew-t",6,50,"yes","yes","yes",FALSE,TRUE,NA,TRUE,FALSE,"ar2"
"all",0.995,100.52,0.00393718472232047,0.000109031650719236,0.97692317452701,23985,11992.5,1,"lower_better",108,"skew-t",6,50,"yes","yes","yes",FALSE,TRUE,NA,TRUE,FALSE,"ar2"
"below_threshold",0.995,100.52,0.000565702631376789,2.49475614144933e-05,2.44284132422576,23865,11932.5,0.994996873045654,"lower_better",108,"skew-t",6,50,"yes","yes","yes",FALSE,TRUE,NA,TRUE,FALSE,"ar2"
"above_threshold",0.995,100.52,0.675736350400445,0.0390840820133482,0.888336122302896,120,60,0.00500312695434647,"lower_better",108,"skew-t",6,50,"yes","yes","yes",FALSE,TRUE,NA,TRUE,FALSE,"ar2"
"all",0.9,73.25,0.0487596289478989,0.000306088372755101,1.0824676896265,23985,11992.5,1,"lower_better",109,"t",6,75,"yes","yes","yes",FALSE,TRUE,NA,TRUE,FALSE,"ar2"
"below_threshold",0.9,73.25,0.0163830297314914,0.000965107222664083,0.906608206337635,21603,10801.5,0.900687929956223,"lower_better",109,"t",6,75,"yes","yes","yes",FALSE,TRUE,NA,TRUE,FALSE,"ar2"
"above_threshold",0.9,73.25,0.342295828766207,0.00213495198420047,1.18108980055365,2382,1191,0.0993120700437774,"lower_better",109,"t",6,75,"yes","yes","yes",FALSE,TRUE,NA,TRUE,FALSE,"ar2"
"all",0.95,79.75,0.0273800907845505,0.00109168304928334,1.01294700385922,23985,11992.5,1,"lower_better",109,"t",6,75,"yes","yes","yes",FALSE,TRUE,NA,TRUE,FALSE,"ar2"
"below_threshold",0.95,79.75,0.00924642686841154,5.30734711054375e-05,1.09662670683807,22787,11393.5,0.950052115905774,"lower_better",109,"t",6,75,"yes","yes","yes",FALSE,TRUE,NA,TRUE,FALSE,"ar2"
"above_threshold",0.95,79.75,0.372058540610392,0.00455882581250122,0.978476208146877,1198,599,0.0499478840942256,"lower_better",109,"t",6,75,"yes","yes","yes",FALSE,TRUE,NA,TRUE,FALSE,"ar2"
"all",0.98,88.5,0.0126931939312794,0.000613377970622535,0.983043708262704,23985,11992.5,1,"lower_better",109,"t",6,75,"yes","yes","yes",FALSE,TRUE,NA,TRUE,FALSE,"ar2"
"below_threshold",0.98,88.5,0.00347958344543548,0.000219435203742612,1.57142894613559,23508,11754,0.980112570356473,"lower_better",109,"t",6,75,"yes","yes","yes",FALSE,TRUE,NA,TRUE,FALSE,"ar2"
"above_threshold",0.98,88.5,0.466648830723816,0.0033471449846858,0.864224870403058,477,238.5,0.0198874296435272,"lower_better",109,"t",6,75,"yes","yes","yes",FALSE,TRUE,NA,TRUE,FALSE,"ar2"
"all",0.99,94.75,0.00694253203697696,0.000656665210270285,0.955806797126153,23985,11992.5,1,"lower_better",109,"t",6,75,"yes","yes","yes",FALSE,TRUE,NA,TRUE,FALSE,"ar2"
"below_threshold",0.99,94.75,0.00155236945412834,0.000210509837966723,2.06338544508604,23746,11873,0.990035438815927,"lower_better",109,"t",6,75,"yes","yes","yes",FALSE,TRUE,NA,TRUE,FALSE,"ar2"
"above_threshold",0.99,94.75,0.541772814606978,0.0334800617864649,0.82912815182192,239,119.5,0.00996456118407338,"lower_better",109,"t",6,75,"yes","yes","yes",FALSE,TRUE,NA,TRUE,FALSE,"ar2"
"all",0.995,100.52,0.00389296803062502,0.000123632726799067,0.965951804407313,23985,11992.5,1,"lower_better",109,"t",6,75,"yes","yes","yes",FALSE,TRUE,NA,TRUE,FALSE,"ar2"
"below_threshold",0.995,100.52,0.000750341092134645,5.59927586616666e-05,3.24015503104553,23865,11932.5,0.994996873045654,"lower_better",109,"t",6,75,"yes","yes","yes",FALSE,TRUE,NA,TRUE,FALSE,"ar2"
"above_threshold",0.995,100.52,0.630019810444939,0.0343154833481646,0.82823627151773,120,60,0.00500312695434647,"lower_better",109,"t",6,75,"yes","yes","yes",FALSE,TRUE,NA,TRUE,FALSE,"ar2"
"all",0.9,73.25,0.0449083698266734,0.00117208586234897,0.996969426964158,23985,11992.5,1,"lower_better",110,"skew-t",7,0,"yes","yes","yes",FALSE,TRUE,NA,TRUE,FALSE,"ar2"
"below_threshold",0.9,73.25,0.0177333201220979,0.000483044527595506,0.981330914476869,21603,10801.5,0.900687929956223,"lower_better",110,"skew-t",7,0,"yes","yes","yes",FALSE,TRUE,NA,TRUE,FALSE,"ar2"
"above_threshold",0.9,73.25,0.291399079810084,0.000723723823134292,1.00547085921249,2382,1191,0.0993120700437774,"lower_better",110,"skew-t",7,0,"yes","yes","yes",FALSE,TRUE,NA,TRUE,FALSE,"ar2"
"all",0.95,79.75,0.0268609331011669,0.00202526127654411,0.993740375800462,23985,11992.5,1,"lower_better",110,"skew-t",7,0,"yes","yes","yes",FALSE,TRUE,NA,TRUE,FALSE,"ar2"
"below_threshold",0.95,79.75,0.00881422846803312,0.000369657116965563,1.04536795410551,22787,11393.5,0.950052115905774,"lower_better",110,"skew-t",7,0,"yes","yes","yes",FALSE,TRUE,NA,TRUE,FALSE,"ar2"
"above_threshold",0.95,79.75,0.3693635611606,0.0153231508266811,0.971388685659851,1198,599,0.0499478840942256,"lower_better",110,"skew-t",7,0,"yes","yes","yes",FALSE,TRUE,NA,TRUE,FALSE,"ar2"
"all",0.98,88.5,0.0127444664780872,0.000666141880271118,0.987014588627328,23985,11992.5,1,"lower_better",110,"skew-t",7,0,"yes","yes","yes",FALSE,TRUE,NA,TRUE,FALSE,"ar2"
"below_threshold",0.98,88.5,0.00273488292257655,9.48409203669809e-05,1.23511168972435,23508,11754,0.980112570356473,"lower_better",110,"skew-t",7,0,"yes","yes","yes",FALSE,TRUE,NA,TRUE,FALSE,"ar2"
"above_threshold",0.98,88.5,0.505657905869741,0.0107088364784369,0.936468944946733,477,238.5,0.0198874296435272,"lower_better",110,"skew-t",7,0,"yes","yes","yes",FALSE,TRUE,NA,TRUE,FALSE,"ar2"
"all",0.99,94.75,0.0070052919332248,0.000509237599641402,0.964447208880987,23985,11992.5,1,"lower_better",110,"skew-t",7,0,"yes","yes","yes",FALSE,TRUE,NA,TRUE,FALSE,"ar2"
"below_threshold",0.99,94.75,0.00105086486771331,5.52591943126415e-05,1.39679331297423,23746,11873,0.990035438815927,"lower_better",110,"skew-t",7,0,"yes","yes","yes",FALSE,TRUE,NA,TRUE,FALSE,"ar2"
"above_threshold",0.99,94.75,0.597906951251226,0.0329038021913969,0.915035734696355,239,119.5,0.00996456118407338,"lower_better",110,"skew-t",7,0,"yes","yes","yes",FALSE,TRUE,NA,TRUE,FALSE,"ar2"
"all",0.995,100.52,0.00392055983635423,2.44038840328201e-05,0.97279808578474,23985,11992.5,1,"lower_better",110,"skew-t",7,0,"yes","yes","yes",FALSE,TRUE,NA,TRUE,FALSE,"ar2"
"below_threshold",0.995,100.52,0.000412719750781949,6.85517755964375e-07,1.78222409904751,23865,11932.5,0.994996873045654,"lower_better",110,"skew-t",7,0,"yes","yes","yes",FALSE,TRUE,NA,TRUE,FALSE,"ar2"
"above_threshold",0.995,100.52,0.702478837152392,0.0281531745717464,0.923492314459619,120,60,0.00500312695434647,"lower_better",110,"skew-t",7,0,"yes","yes","yes",FALSE,TRUE,NA,TRUE,FALSE,"ar2"
"all",0.9,73.25,0.0447276016381072,0.00115834777797552,0.992956358619354,23985,11992.5,1,"lower_better",111,"skew-t",7,50,"yes","yes","yes",FALSE,TRUE,NA,TRUE,FALSE,"ar2"
"below_threshold",0.9,73.25,0.018111051431976,0.000552765126284594,1.00223390439624,21603,10801.5,0.900687929956223,"lower_better",111,"skew-t",7,50,"yes","yes","yes",FALSE,TRUE,NA,TRUE,FALSE,"ar2"
"above_threshold",0.9,73.25,0.286173239173276,0.00132758843918107,0.987439125966714,2382,1191,0.0993120700437774,"lower_better",111,"skew-t",7,50,"yes","yes","yes",FALSE,TRUE,NA,TRUE,FALSE,"ar2"
"all",0.95,79.75,0.0266400412497031,0.00199102379200531,0.985568316004244,23985,11992.5,1,"lower_better",111,"skew-t",7,50,"yes","yes","yes",FALSE,TRUE,NA,TRUE,FALSE,"ar2"
"below_threshold",0.95,79.75,0.0091844464521266,0.000473087313169646,1.08927582624752,22787,11393.5,0.950052115905774,"lower_better",111,"skew-t",7,50,"yes","yes","yes",FALSE,TRUE,NA,TRUE,FALSE,"ar2"
"above_threshold",0.95,79.75,0.35800868962607,0.0132620284661401,0.941526525729656,1198,599,0.0499478840942256,"lower_better",111,"skew-t",7,50,"yes","yes","yes",FALSE,TRUE,NA,TRUE,FALSE,"ar2"
"all",0.98,88.5,0.0126497501278635,0.000614090756354003,0.979679136836305,23985,11992.5,1,"lower_better",111,"skew-t",7,50,"yes","yes","yes",FALSE,TRUE,NA,TRUE,FALSE,"ar2"
"below_threshold",0.98,88.5,0.00300254715476083,0.000184745927600127,1.35599263104832,23508,11754,0.980112570356473,"lower_better",111,"skew-t",7,50,"yes","yes","yes",FALSE,TRUE,NA,TRUE,FALSE,"ar2"
"above_threshold",0.98,88.5,0.487937961414188,0.00430866384897025,0.903651940612025,477,238.5,0.0198874296435272,"lower_better",111,"skew-t",7,50,"yes","yes","yes",FALSE,TRUE,NA,TRUE,FALSE,"ar2"
"all",0.99,94.75,0.0069140406812201,0.00064270434046825,0.951884275581174,23985,11992.5,1,"lower_better",111,"skew-t",7,50,"yes","yes","yes",FALSE,TRUE,NA,TRUE,FALSE,"ar2"
"below_threshold",0.99,94.75,0.00121049505344983,0.000143667087119864,1.60897128450618,23746,11873,0.990035438815927,"lower_better",111,"skew-t",7,50,"yes","yes","yes",FALSE,TRUE,NA,TRUE,FALSE,"ar2"
"above_threshold",0.99,94.75,0.5727816506095,0.03805254086591,0.876584019284689,239,119.5,0.00996456118407338,"lower_better",111,"skew-t",7,50,"yes","yes","yes",FALSE,TRUE,NA,TRUE,FALSE,"ar2"
"all",0.995,100.52,0.00385460047690852,9.54354056406995e-05,0.956431765339023,23985,11992.5,1,"lower_better",111,"skew-t",7,50,"yes","yes","yes",FALSE,TRUE,NA,TRUE,FALSE,"ar2"
"below_threshold",0.995,100.52,0.000514487270752339,7.59130091572435e-06,2.22168096111406,23865,11932.5,0.994996873045654,"lower_better",111,"skew-t",7,50,"yes","yes","yes",FALSE,TRUE,NA,TRUE,FALSE,"ar2"
"above_threshold",0.995,100.52,0.669433180100111,0.0396122130033371,0.880049852281319,120,60,0.00500312695434647,"lower_better",111,"skew-t",7,50,"yes","yes","yes",FALSE,TRUE,NA,TRUE,FALSE,"ar2"
"all",0.9,73.25,0.0488796176228554,0.000530920465232676,1.08513144787414,23985,11992.5,1,"lower_better",112,"t",7,75,"yes","yes","yes",FALSE,TRUE,NA,TRUE,FALSE,"ar2"
"below_threshold",0.9,73.25,0.0165819686205919,6.75368272449774e-05,0.917617136454603,21603,10801.5,0.900687929956223,"lower_better",112,"t",7,75,"yes","yes","yes",FALSE,TRUE,NA,TRUE,FALSE,"ar2"
"above_threshold",0.9,73.25,0.341900884378009,0.00372371012026054,1.17972704719972,2382,1191,0.0993120700437774,"lower_better",112,"t",7,75,"yes","yes","yes",FALSE,TRUE,NA,TRUE,FALSE,"ar2"
"all",0.95,79.75,0.0273726904574655,0.00115202025658191,1.0126732232057,23985,11992.5,1,"lower_better",112,"t",7,75,"yes","yes","yes",FALSE,TRUE,NA,TRUE,FALSE,"ar2"
"below_threshold",0.95,79.75,0.00927680528709986,3.1134573178198e-07,1.10022958887231,22787,11393.5,0.950052115905774,"lower_better",112,"t",7,75,"yes","yes","yes",FALSE,TRUE,NA,TRUE,FALSE,"ar2"
"above_threshold",0.95,79.75,0.371322967697659,0.00480189297006714,0.976541726026709,1198,599,0.0499478840942256,"lower_better",112,"t",7,75,"yes","yes","yes",FALSE,TRUE,NA,TRUE,FALSE,"ar2"
"all",0.98,88.5,0.0127327450385582,0.000561318868682386,0.986106803916624,23985,11992.5,1,"lower_better",112,"t",7,75,"yes","yes","yes",FALSE,TRUE,NA,TRUE,FALSE,"ar2"
"below_threshold",0.98,88.5,0.00345394693111812,5.02252586442517e-05,1.55985113479464,23508,11754,0.980112570356473,"lower_better",112,"t",7,75,"yes","yes","yes",FALSE,TRUE,NA,TRUE,FALSE,"ar2"
"above_threshold",0.98,88.5,0.469692815971484,0.00895800362365781,0.869862273912875,477,238.5,0.0198874296435272,"lower_better",112,"t",7,75,"yes","yes","yes",FALSE,TRUE,NA,TRUE,FALSE,"ar2"
"all",0.99,94.75,0.00692214232150255,0.000608851248734356,0.952999661553985,23985,11992.5,1,"lower_better",112,"t",7,75,"yes","yes","yes",FALSE,TRUE,NA,TRUE,FALSE,"ar2"
"below_threshold",0.99,94.75,0.00150878504070794,0.000102795475051373,2.00545371752911,23746,11873,0.990035438815927,"lower_better",112,"t",7,75,"yes","yes","yes",FALSE,TRUE,NA,TRUE,FALSE,"ar2"
"above_threshold",0.99,94.75,0.543929914598571,0.0393367781883144,0.832429373812215,239,119.5,0.00996456118407338,"lower_better",112,"t",7,75,"yes","yes","yes",FALSE,TRUE,NA,TRUE,FALSE,"ar2"
"all",0.995,100.52,0.00386717426477115,0.000124588948442065,0.959551665882412,23985,11992.5,1,"lower_better",112,"t",7,75,"yes","yes","yes",FALSE,TRUE,NA,TRUE,FALSE,"ar2"
"below_threshold",0.995,100.52,0.000719301902586341,2.69895539438799e-06,3.10612027374815,23865,11932.5,0.994996873045654,"lower_better",112,"t",7,75,"yes","yes","yes",FALSE,TRUE,NA,TRUE,FALSE,"ar2"
"above_threshold",0.995,100.52,0.631431721256952,0.0462266277085651,0.830092396876441,120,60,0.00500312695434647,"lower_better",112,"t",7,75,"yes","yes","yes",FALSE,TRUE,NA,TRUE,FALSE,"ar2"
"all",0.9,73.25,0.0448580209302801,0.00128174808540223,0.995851677409248,23985,11992.5,1,"lower_better",113,"skew-t",8,0,"yes","yes","yes",FALSE,TRUE,NA,TRUE,FALSE,"ar2"
"below_threshold",0.9,73.25,0.0176554432101817,0.000502088475378621,0.977021342402314,21603,10801.5,0.900687929956223,"lower_better",113,"skew-t",8,0,"yes","yes","yes",FALSE,TRUE,NA,TRUE,FALSE,"ar2"
"above_threshold",0.9,73.25,0.291571452170391,0.000200321858972535,1.00606562905643,2382,1191,0.0993120700437774,"lower_better",113,"skew-t",8,0,"yes","yes","yes",FALSE,TRUE,NA,TRUE,FALSE,"ar2"
"all",0.95,79.75,0.0269475926187152,0.00195651554277959,0.996946409679136,23985,11992.5,1,"lower_better",113,"skew-t",8,0,"yes","yes","yes",FALSE,TRUE,NA,TRUE,FALSE,"ar2"
"below_threshold",0.95,79.75,0.00892753270908045,0.000421771620526026,1.05880584297856,22787,11393.5,0.950052115905774,"lower_better",113,"skew-t",8,0,"yes","yes","yes",FALSE,TRUE,NA,TRUE,FALSE,"ar2"
"above_threshold",0.95,79.75,0.36906446672862,0.012976392985211,0.970602097653562,1198,599,0.0499478840942256,"lower_better",113,"skew-t",8,0,"yes","yes","yes",FALSE,TRUE,NA,TRUE,FALSE,"ar2"
"all",0.98,88.5,0.0127635241881416,0.000707832508555067,0.988490541966125,23985,11992.5,1,"lower_better",113,"skew-t",8,0,"yes","yes","yes",FALSE,TRUE,NA,TRUE,FALSE,"ar2"
"below_threshold",0.98,88.5,0.00279659735947607,0.000232709483211944,1.26298279960263,23508,11754,0.980112570356473,"lower_better",113,"skew-t",8,0,"yes","yes","yes",FALSE,TRUE,NA,TRUE,FALSE,"ar2"
"above_threshold",0.98,88.5,0.503746347279352,0.00608171927935225,0.932928774338174,477,238.5,0.0198874296435272,"lower_better",113,"skew-t",8,0,"yes","yes","yes",FALSE,TRUE,NA,TRUE,FALSE,"ar2"
"all",0.99,94.75,0.00703264821737842,0.000499245980152445,0.968213460473185,23985,11992.5,1,"lower_better",113,"skew-t",8,0,"yes","yes","yes",FALSE,TRUE,NA,TRUE,FALSE,"ar2"
"below_threshold",0.99,94.75,0.00109412665917788,0.00013873205985128,1.45429621642221,23746,11873,0.990035438815927,"lower_better",113,"skew-t",8,0,"yes","yes","yes",FALSE,TRUE,NA,TRUE,FALSE,"ar2"
"above_threshold",0.99,94.75,0.59655312893933,0.023637412700014,0.912963847438277,239,119.5,0.00996456118407338,"lower_better",113,"skew-t",8,0,"yes","yes","yes",FALSE,TRUE,NA,TRUE,FALSE,"ar2"
"all",0.995,100.52,0.00393112408973615,1.02769246115332e-05,0.975419365881622,23985,11992.5,1,"lower_better",113,"skew-t",8,0,"yes","yes","yes",FALSE,TRUE,NA,TRUE,FALSE,"ar2"
"below_threshold",0.995,100.52,0.000442985021202792,2.51782009262943e-05,1.91291688563216,23865,11932.5,0.994996873045654,"lower_better",113,"skew-t",8,0,"yes","yes","yes",FALSE,TRUE,NA,TRUE,FALSE,"ar2"
"above_threshold",0.995,100.52,0.698303299187987,0.0200471856395996,0.918003071204273,120,60,0.00500312695434647,"lower_better",113,"skew-t",8,0,"yes","yes","yes",FALSE,TRUE,NA,TRUE,FALSE,"ar2"
"all",0.9,73.25,0.044738636534544,0.0010799334487726,0.993201334208975,23985,11992.5,1,"lower_better",114,"skew-t",8,50,"yes","yes","yes",FALSE,TRUE,NA,TRUE,FALSE,"ar2"
"below_threshold",0.9,73.25,0.0180545517495353,0.000401353483692695,0.999107310805455,21603,10801.5,0.900687929956223,"lower_better",114,"skew-t",8,50,"yes","yes","yes",FALSE,TRUE,NA,TRUE,FALSE,"ar2"
"above_threshold",0.9,73.25,0.286775463565002,0.00076358359762807,0.989517097787977,2382,1191,0.0993120700437774,"lower_better",114,"skew-t",8,50,"yes","yes","yes",FALSE,TRUE,NA,TRUE,FALSE,"ar2"
"all",0.95,79.75,0.0267520267207918,0.00186997535461693,0.989711302538062,23985,11992.5,1,"lower_better",114,"skew-t",8,50,"yes","yes","yes",FALSE,TRUE,NA,TRUE,FALSE,"ar2"
"below_threshold",0.95,79.75,0.00923668166325935,0.000350193343343349,1.09547092500087,22787,11393.5,0.950052115905774,"lower_better",114,"skew-t",8,50,"yes","yes","yes",FALSE,TRUE,NA,TRUE,FALSE,"ar2"
"above_threshold",0.95,79.75,0.359258338523502,0.0131156641474039,0.94481297552508,1198,599,0.0499478840942256,"lower_better",114,"skew-t",8,50,"yes","yes","yes",FALSE,TRUE,NA,TRUE,FALSE,"ar2"
"all",0.98,88.5,0.0126499774991245,0.000662066277985913,0.979696745949406,23985,11992.5,1,"lower_better",114,"skew-t",8,50,"yes","yes","yes",FALSE,TRUE,NA,TRUE,FALSE,"ar2"
"below_threshold",0.98,88.5,0.00307748464678239,0.000138527560014308,1.38983545906497,23508,11754,0.980112570356473,"lower_better",114,"skew-t",8,50,"yes","yes","yes",FALSE,TRUE,NA,TRUE,FALSE,"ar2"
"above_threshold",0.98,88.5,0.484080625521563,0.00914035213025876,0.896508226983226,477,238.5,0.0198874296435272,"lower_better",114,"skew-t",8,50,"yes","yes","yes",FALSE,TRUE,NA,TRUE,FALSE,"ar2"
"all",0.99,94.75,0.00700816439236561,0.000516270098792216,0.964842672086145,23985,11992.5,1,"lower_better",114,"skew-t",8,50,"yes","yes","yes",FALSE,TRUE,NA,TRUE,FALSE,"ar2"
"below_threshold",0.99,94.75,0.00130119525309786,9.09542901349015e-05,1.72952858568371,23746,11873,0.990035438815927,"lower_better",114,"skew-t",8,50,"yes","yes","yes",FALSE,TRUE,NA,TRUE,FALSE,"ar2"
"above_threshold",0.99,94.75,0.573373695243099,0.0305908473798515,0.877490083338879,239,119.5,0.00996456118407338,"lower_better",114,"skew-t",8,50,"yes","yes","yes",FALSE,TRUE,NA,TRUE,FALSE,"ar2"
"all",0.995,100.52,0.00391189709019347,6.68475878178752e-05,0.970648621617737,23985,11992.5,1,"lower_better",114,"skew-t",8,50,"yes","yes","yes",FALSE,TRUE,NA,TRUE,FALSE,"ar2"
"below_threshold",0.995,100.52,0.000566707751718146,2.50904928729981e-06,2.44718167791955,23865,11932.5,0.994996873045654,"lower_better",114,"skew-t",8,50,"yes","yes","yes",FALSE,TRUE,NA,TRUE,FALSE,"ar2"
"above_threshold",0.995,100.52,0.670379186740823,0.0359363422246941,0.881293490973221,120,60,0.00500312695434647,"lower_better",114,"skew-t",8,50,"yes","yes","yes",FALSE,TRUE,NA,TRUE,FALSE,"ar2"
"all",0.9,73.25,0.0489275852193842,0.000460489658827369,1.08619633238027,23985,11992.5,1,"lower_better",115,"t",8,75,"yes","yes","yes",FALSE,TRUE,NA,TRUE,FALSE,"ar2"
"below_threshold",0.9,73.25,0.016585841037378,0.000788290500303067,0.917831429225483,21603,10801.5,0.900687929956223,"lower_better",115,"t",8,75,"yes","yes","yes",FALSE,TRUE,NA,TRUE,FALSE,"ar2"
"above_threshold",0.9,73.25,0.342154091476769,0.00209631860479689,1.18060073684663,2382,1191,0.0993120700437774,"lower_better",115,"t",8,75,"yes","yes","yes",FALSE,TRUE,NA,TRUE,FALSE,"ar2"
"all",0.95,79.75,0.0273528427212371,0.00108626987469215,1.01193894131073,23985,11992.5,1,"lower_better",115,"t",8,75,"yes","yes","yes",FALSE,TRUE,NA,TRUE,FALSE,"ar2"
"below_threshold",0.95,79.75,0.00925865178413941,8.74834031199534e-05,1.09807658247834,22787,11393.5,0.950052115905774,"lower_better",115,"t",8,75,"yes","yes","yes",FALSE,TRUE,NA,TRUE,FALSE,"ar2"
"above_threshold",0.95,79.75,0.371249113060763,0.00514640388677315,0.976347495825875,1198,599,0.0499478840942256,"lower_better",115,"t",8,75,"yes","yes","yes",FALSE,TRUE,NA,TRUE,FALSE,"ar2"
"all",0.98,88.5,0.0127307103473679,0.00057542240204821,0.98594922416296,23985,11992.5,1,"lower_better",115,"t",8,75,"yes","yes","yes",FALSE,TRUE,NA,TRUE,FALSE,"ar2"
"below_threshold",0.98,88.5,0.00350774099448678,0.000122019169042737,1.584145292309,23508,11754,0.980112570356473,"lower_better",115,"t",8,75,"yes","yes","yes",FALSE,TRUE,NA,TRUE,FALSE,"ar2"
"above_threshold",0.98,88.5,0.46704036975286,0.00622645340503433,0.864949993331382,477,238.5,0.0198874296435272,"lower_better",115,"t",8,75,"yes","yes","yes",FALSE,TRUE,NA,TRUE,FALSE,"ar2"
"all",0.99,94.75,0.0069292721887604,0.000648036379808165,0.953981259557619,23985,11992.5,1,"lower_better",115,"t",8,75,"yes","yes","yes",FALSE,TRUE,NA,TRUE,FALSE,"ar2"
"below_threshold",0.99,94.75,0.00155248828185303,0.000161870062997808,2.06354338905804,23746,11873,0.990035438815927,"lower_better",115,"t",8,75,"yes","yes","yes",FALSE,TRUE,NA,TRUE,FALSE,"ar2"
"above_threshold",0.99,94.75,0.540344162579515,0.0374771406991733,0.826941745300238,239,119.5,0.00996456118407338,"lower_better",115,"t",8,75,"yes","yes","yes",FALSE,TRUE,NA,TRUE,FALSE,"ar2"
"all",0.995,100.52,0.00387344159420235,0.000127870771496678,0.961106761666724,23985,11992.5,1,"lower_better",115,"t",8,75,"yes","yes","yes",FALSE,TRUE,NA,TRUE,FALSE,"ar2"
"below_threshold",0.995,100.52,0.000755647202236479,1.67362747123898e-05,3.2630681028764,23865,11932.5,0.994996873045654,"lower_better",115,"t",8,75,"yes","yes","yes",FALSE,TRUE,NA,TRUE,FALSE,"ar2"
"above_threshold",0.995,100.52,0.625343091357063,0.0428154907119021,0.822088165829526,120,60,0.00500312695434647,"lower_better",115,"t",8,75,"yes","yes","yes",FALSE,TRUE,NA,TRUE,FALSE,"ar2"
"all",0.9,73.25,0.0449930120247667,0.00100533044770577,0.998848490578708,23985,11992.5,1,"lower_better",116,"skew-t",9,0,"yes","yes","yes",FALSE,TRUE,NA,TRUE,FALSE,"ar2"
"below_threshold",0.9,73.25,0.0179077449409756,0.000435468859433278,0.990983278830424,21603,10801.5,0.900687929956223,"lower_better",116,"skew-t",9,0,"yes","yes","yes",FALSE,TRUE,NA,TRUE,FALSE,"ar2"
"above_threshold",0.9,73.25,0.290704415049476,0.00194547325502239,1.0030739224268,2382,1191,0.0993120700437774,"lower_better",116,"skew-t",9,0,"yes","yes","yes",FALSE,TRUE,NA,TRUE,FALSE,"ar2"
"all",0.95,79.75,0.0268892451798961,0.00201706220081797,0.994787802397671,23985,11992.5,1,"lower_better",116,"skew-t",9,0,"yes","yes","yes",FALSE,TRUE,NA,TRUE,FALSE,"ar2"
"below_threshold",0.95,79.75,0.00895607871288775,0.000412462472075712,1.06219140051274,22787,11393.5,0.950052115905774,"lower_better",116,"skew-t",9,0,"yes","yes","yes",FALSE,TRUE,NA,TRUE,FALSE,"ar2"
"above_threshold",0.95,79.75,0.367278175398839,0.0144572038698411,0.965904332715436,1198,599,0.0499478840942256,"lower_better",116,"skew-t",9,0,"yes","yes","yes",FALSE,TRUE,NA,TRUE,FALSE,"ar2"
"all",0.98,88.5,0.0126544093640239,0.000615635123797216,0.980039978466676,23985,11992.5,1,"lower_better",116,"skew-t",9,0,"yes","yes","yes",FALSE,TRUE,NA,TRUE,FALSE,"ar2"
"below_threshold",0.98,88.5,0.00280692765842397,0.000120333624260636,1.26764810826486,23508,11754,0.980112570356473,"lower_better",116,"skew-t",9,0,"yes","yes","yes",FALSE,TRUE,NA,TRUE,FALSE,"ar2"
"above_threshold",0.98,88.5,0.49770630919134,0.00720186327829606,0.921742737236687,477,238.5,0.0198874296435272,"lower_better",116,"skew-t",9,0,"yes","yes","yes",FALSE,TRUE,NA,TRUE,FALSE,"ar2"
"all",0.99,94.75,0.00699547350623191,0.000421094108049034,0.963095465855978,23985,11992.5,1,"lower_better",116,"skew-t",9,0,"yes","yes","yes",FALSE,TRUE,NA,TRUE,FALSE,"ar2"
"below_threshold",0.99,94.75,0.00110877893722465,4.89630954738122e-05,1.47377179755959,23746,11873,0.990035438815927,"lower_better",116,"skew-t",9,0,"yes","yes","yes",FALSE,TRUE,NA,TRUE,FALSE,"ar2"
"above_threshold",0.99,94.75,0.59133949358554,0.0248248146111812,0.904984909166342,239,119.5,0.00996456118407338,"lower_better",116,"skew-t",9,0,"yes","yes","yes",FALSE,TRUE,NA,TRUE,FALSE,"ar2"
"all",0.995,100.52,0.00390196021642798,3.47663875428523e-07,0.968183011556614,23985,11992.5,1,"lower_better",116,"skew-t",9,0,"yes","yes","yes",FALSE,TRUE,NA,TRUE,FALSE,"ar2"
"below_threshold",0.995,100.52,0.00044508254065557,1.76334509657122e-05,1.92197448394161,23865,11932.5,0.994996873045654,"lower_better",116,"skew-t",9,0,"yes","yes","yes",FALSE,TRUE,NA,TRUE,FALSE,"ar2"
"above_threshold",0.995,100.52,0.692262421846496,0.0262386753948832,0.910061616597507,120,60,0.00500312695434647,"lower_better",116,"skew-t",9,0,"yes","yes","yes",FALSE,TRUE,NA,TRUE,FALSE,"ar2"
"all",0.9,73.25,0.0450503295329288,0.00119505858852601,1.00012094387612,23985,11992.5,1,"lower_better",117,"skew-t",9,50,"yes","yes","yes",FALSE,TRUE,NA,TRUE,FALSE,"ar2"
"below_threshold",0.9,73.25,0.0181060454868779,0.000566716620537118,1.00195688415146,21603,10801.5,0.900687929956223,"lower_better",117,"skew-t",9,50,"yes","yes","yes",FALSE,TRUE,NA,TRUE,FALSE,"ar2"
"above_threshold",0.9,73.25,0.289464335879079,0.00118256834237426,0.998795036337783,2382,1191,0.0993120700437774,"lower_better",117,"skew-t",9,50,"yes","yes","yes",FALSE,TRUE,NA,TRUE,FALSE,"ar2"
"all",0.95,79.75,0.0268926370408718,0.00208349614564802,0.99491328683963,23985,11992.5,1,"lower_better",117,"skew-t",9,50,"yes","yes","yes",FALSE,TRUE,NA,TRUE,FALSE,"ar2"
"below_threshold",0.95,79.75,0.00924547108899476,0.000486863549617793,1.0965133513496,22787,11393.5,0.950052115905774,"lower_better",117,"skew-t",9,50,"yes","yes","yes",FALSE,TRUE,NA,TRUE,FALSE,"ar2"
"above_threshold",0.95,79.75,0.3618351512549,0.014661343943828,0.951589731533385,1198,599,0.0499478840942256,"lower_better",117,"skew-t",9,50,"yes","yes","yes",FALSE,TRUE,NA,TRUE,FALSE,"ar2"
"all",0.98,88.5,0.0127055665341974,0.000713929191528363,0.984001923312377,23985,11992.5,1,"lower_better",117,"skew-t",9,50,"yes","yes","yes",FALSE,TRUE,NA,TRUE,FALSE,"ar2"
"below_threshold",0.98,88.5,0.00310408302776419,0.000178149872329499,1.40184766295391,23508,11754,0.980112570356473,"lower_better",117,"skew-t",9,50,"yes","yes","yes",FALSE,TRUE,NA,TRUE,FALSE,"ar2"
"above_threshold",0.98,88.5,0.485544639950009,0.00974369316740009,0.89921955420916,477,238.5,0.0198874296435272,"lower_better",117,"skew-t",9,50,"yes","yes","yes",FALSE,TRUE,NA,TRUE,FALSE,"ar2"
"all",0.99,94.75,0.00699638635600967,0.000588803210223226,0.963221141620626,23985,11992.5,1,"lower_better",117,"skew-t",9,50,"yes","yes","yes",FALSE,TRUE,NA,TRUE,FALSE,"ar2"
"below_threshold",0.99,94.75,0.00130669603261873,0.000130133611743311,1.73684013666135,23746,11873,0.990035438815927,"lower_better",117,"skew-t",9,50,"yes","yes","yes",FALSE,TRUE,NA,TRUE,FALSE,"ar2"
"above_threshold",0.99,94.75,0.571573083193218,0.0340157033641586,0.874734429860494,239,119.5,0.00996456118407338,"lower_better",117,"skew-t",9,50,"yes","yes","yes",FALSE,TRUE,NA,TRUE,FALSE,"ar2"
"all",0.995,100.52,0.00392152756492426,8.67960787193796e-05,0.973038205701226,23985,11992.5,1,"lower_better",117,"skew-t",9,50,"yes","yes","yes",FALSE,TRUE,NA,TRUE,FALSE,"ar2"
"below_threshold",0.995,100.52,0.000564412113875417,2.7843527365153e-05,2.43726855629587,23865,11932.5,0.994996873045654,"lower_better",117,"skew-t",9,50,"yes","yes","yes",FALSE,TRUE,NA,TRUE,FALSE,"ar2"
"above_threshold",0.995,100.52,0.672694631390434,0.0339635417130145,0.884337419452462,120,60,0.00500312695434647,"lower_better",117,"skew-t",9,50,"yes","yes","yes",FALSE,TRUE,NA,TRUE,FALSE,"ar2"
"all",0.9,73.25,0.048909067614714,0.000422055435002393,1.08578524006523,23985,11992.5,1,"lower_better",118,"t",9,75,"yes","yes","yes",FALSE,TRUE,NA,TRUE,FALSE,"ar2"
"below_threshold",0.9,73.25,0.0166982795906674,0.000867576238130689,0.924053582074598,21603,10801.5,0.900687929956223,"lower_better",118,"t",9,75,"yes","yes","yes",FALSE,TRUE,NA,TRUE,FALSE,"ar2"
"above_threshold",0.9,73.25,0.340934489717426,0.00246801732988255,1.17639250794741,2382,1191,0.0993120700437774,"lower_better",118,"t",9,75,"yes","yes","yes",FALSE,TRUE,NA,TRUE,FALSE,"ar2"
"all",0.95,79.75,0.0273059092741854,0.00118642903745957,1.01020260321945,23985,11992.5,1,"lower_better",118,"t",9,75,"yes","yes","yes",FALSE,TRUE,NA,TRUE,FALSE,"ar2"
"below_threshold",0.95,79.75,0.00928752044494731,0.000165204941822032,1.10150040714955,22787,11393.5,0.950052115905774,"lower_better",118,"t",9,75,"yes","yes","yes",FALSE,TRUE,NA,TRUE,FALSE,"ar2"
"above_threshold",0.95,79.75,0.369576361020841,0.0087158009505422,0.97194832769898,1198,599,0.0499478840942256,"lower_better",118,"t",9,75,"yes","yes","yes",FALSE,TRUE,NA,TRUE,FALSE,"ar2"
"all",0.98,88.5,0.0127031093173018,0.000581926164847018,0.983811620412878,23985,11992.5,1,"lower_better",118,"t",9,75,"yes","yes","yes",FALSE,TRUE,NA,TRUE,FALSE,"ar2"
"below_threshold",0.98,88.5,0.00349218162349038,8.78678850693699e-05,1.57711846097967,23508,11754,0.980112570356473,"lower_better",118,"t",9,75,"yes","yes","yes",FALSE,TRUE,NA,TRUE,FALSE,"ar2"
"above_threshold",0.98,88.5,0.466344824369301,0.0082610221084316,0.863661856344017,477,238.5,0.0198874296435272,"lower_better",118,"t",9,75,"yes","yes","yes",FALSE,TRUE,NA,TRUE,FALSE,"ar2"
"all",0.99,94.75,0.00691405134621243,0.000603059878345462,0.951885743874313,23985,11992.5,1,"lower_better",118,"t",9,75,"yes","yes","yes",FALSE,TRUE,NA,TRUE,FALSE,"ar2"
"below_threshold",0.99,94.75,0.00154592359900057,0.000137981561963531,2.0548177142431,23746,11873,0.990035438815927,"lower_better",118,"t",9,75,"yes","yes","yes",FALSE,TRUE,NA,TRUE,FALSE,"ar2"
"above_threshold",0.99,94.75,0.539513604088553,0.0353545165671851,0.825670660062986,239,119.5,0.00996456118407338,"lower_better",118,"t",9,75,"yes","yes","yes",FALSE,TRUE,NA,TRUE,FALSE,"ar2"
"all",0.995,100.52,0.00385578333640467,0.000134244851783516,0.956725265120085,23985,11992.5,1,"lower_better",118,"t",9,75,"yes","yes","yes",FALSE,TRUE,NA,TRUE,FALSE,"ar2"
"below_threshold",0.995,100.52,0.000749777821451836,1.59497896127073e-05,3.23772269146573,23865,11932.5,0.994996873045654,"lower_better",118,"t",9,75,"yes","yes","yes",FALSE,TRUE,NA,TRUE,FALSE,"ar2"
"above_threshold",0.995,100.52,0.623025551357063,0.0441697507119021,0.819041482761992,120,60,0.00500312695434647,"lower_better",118,"t",9,75,"yes","yes","yes",FALSE,TRUE,NA,TRUE,FALSE,"ar2"
"all",0.9,73.25,0.0448393404899974,0.00130806362078007,0.995436970130494,23985,11992.5,1,"lower_better",119,"skew-t",10,0,"yes","yes","yes",FALSE,TRUE,NA,TRUE,FALSE,"ar2"
"below_threshold",0.9,73.25,0.0176498604407204,0.000528947606111045,0.976712401706323,21603,10801.5,0.900687929956223,"lower_better",119,"skew-t",10,0,"yes","yes","yes",FALSE,TRUE,NA,TRUE,FALSE,"ar2"
"above_threshold",0.9,73.25,0.291434033022347,0.00022563115383531,1.0055914650716,2382,1191,0.0993120700437774,"lower_better",119,"skew-t",10,0,"yes","yes","yes",FALSE,TRUE,NA,TRUE,FALSE,"ar2"
"all",0.95,79.75,0.0269027542713356,0.00191171533160067,0.995287581372335,23985,11992.5,1,"lower_better",119,"skew-t",10,0,"yes","yes","yes",FALSE,TRUE,NA,TRUE,FALSE,"ar2"
"below_threshold",0.95,79.75,0.00895124255607483,0.00041310558372621,1.06161783206354,22787,11393.5,0.950052115905774,"lower_better",119,"skew-t",10,0,"yes","yes","yes",FALSE,TRUE,NA,TRUE,FALSE,"ar2"
"above_threshold",0.95,79.75,0.367748900769878,0.0123118799614418,0.967142292675652,1198,599,0.0499478840942256,"lower_better",119,"skew-t",10,0,"yes","yes","yes",FALSE,TRUE,NA,TRUE,FALSE,"ar2"
"all",0.98,88.5,0.0127467955554567,0.000613453069835277,0.987194967566347,23985,11992.5,1,"lower_better",119,"skew-t",10,0,"yes","yes","yes",FALSE,TRUE,NA,TRUE,FALSE,"ar2"
"below_threshold",0.98,88.5,0.00283367780278093,0.000190308760544168,1.27972885063389,23508,11754,0.980112570356473,"lower_better",119,"skew-t",10,0,"yes","yes","yes",FALSE,TRUE,NA,TRUE,FALSE,"ar2"
"above_threshold",0.98,88.5,0.501168516947368,0.00351988094736844,0.928154680977383,477,238.5,0.0198874296435272,"lower_better",119,"skew-t",10,0,"yes","yes","yes",FALSE,TRUE,NA,TRUE,FALSE,"ar2"
"all",0.99,94.75,0.00698567293639226,0.000446224374251721,0.961746181298333,23985,11992.5,1,"lower_better",119,"skew-t",10,0,"yes","yes","yes",FALSE,TRUE,NA,TRUE,FALSE,"ar2"
"below_threshold",0.99,94.75,0.00111857560808319,0.00011577639596198,1.48679338079549,23746,11873,0.990035438815927,"lower_better",119,"skew-t",10,0,"yes","yes","yes",FALSE,TRUE,NA,TRUE,FALSE,"ar2"
"above_threshold",0.99,94.75,0.589470841672972,0.0207485360319462,0.902125127603123,239,119.5,0.00996456118407338,"lower_better",119,"skew-t",10,0,"yes","yes","yes",FALSE,TRUE,NA,TRUE,FALSE,"ar2"
"all",0.995,100.52,0.0039266236438076,6.77147497209598e-06,0.97430268220194,23985,11992.5,1,"lower_better",119,"skew-t",10,0,"yes","yes","yes",FALSE,TRUE,NA,TRUE,FALSE,"ar2"
"below_threshold",0.995,100.52,0.000461977228999214,1.66740132472238e-05,1.99492985051879,23865,11932.5,0.994996873045654,"lower_better",119,"skew-t",10,0,"yes","yes","yes",FALSE,TRUE,NA,TRUE,FALSE,"ar2"
"above_threshold",0.995,100.52,0.693565185294772,0.0181740988431591,0.911774254713295,120,60,0.00500312695434647,"lower_better",119,"skew-t",10,0,"yes","yes","yes",FALSE,TRUE,NA,TRUE,FALSE,"ar2"
"all",0.9,73.25,0.044986770414314,0.00111226081358052,0.998709926323975,23985,11992.5,1,"lower_better",120,"skew-t",10,50,"yes","yes","yes",FALSE,TRUE,NA,TRUE,FALSE,"ar2"
"below_threshold",0.9,73.25,0.0179530692831947,0.000451484112085006,0.99349144864249,21603,10801.5,0.900687929956223,"lower_better",120,"skew-t",10,50,"yes","yes","yes",FALSE,TRUE,NA,TRUE,FALSE,"ar2"
"above_threshold",0.9,73.25,0.290202783974864,0.000997740973232797,1.00134304727123,2382,1191,0.0993120700437774,"lower_better",120,"skew-t",10,50,"yes","yes","yes",FALSE,TRUE,NA,TRUE,FALSE,"ar2"
"all",0.95,79.75,0.0267230946818524,0.0020421315810772,0.988640940047673,23985,11992.5,1,"lower_better",120,"skew-t",10,50,"yes","yes","yes",FALSE,TRUE,NA,TRUE,FALSE,"ar2"
"below_threshold",0.95,79.75,0.00916477940910704,0.000417063700321603,1.08694331392392,22787,11393.5,0.950052115905774,"lower_better",120,"skew-t",10,50,"yes","yes","yes",FALSE,TRUE,NA,TRUE,FALSE,"ar2"
"above_threshold",0.95,79.75,0.359942286748905,0.0152522705801884,0.946611689956049,1198,599,0.0499478840942256,"lower_better",120,"skew-t",10,50,"yes","yes","yes",FALSE,TRUE,NA,TRUE,FALSE,"ar2"
"all",0.98,88.5,0.0126849046913342,0.000734269072429519,0.982401735468587,23985,11992.5,1,"lower_better",120,"skew-t",10,50,"yes","yes","yes",FALSE,TRUE,NA,TRUE,FALSE,"ar2"
"below_threshold",0.98,88.5,0.00303863300650907,0.000142129115967723,1.37228951050885,23508,11754,0.980112570356473,"lower_better",120,"skew-t",10,50,"yes","yes","yes",FALSE,TRUE,NA,TRUE,FALSE,"ar2"
"above_threshold",0.98,88.5,0.487631974364372,0.0124640863643725,0.903085258342487,477,238.5,0.0198874296435272,"lower_better",120,"skew-t",10,50,"yes","yes","yes",FALSE,TRUE,NA,TRUE,FALSE,"ar2"
"all",0.99,94.75,0.00702016550478085,0.000611145796520451,0.966494914345665,23985,11992.5,1,"lower_better",120,"skew-t",10,50,"yes","yes","yes",FALSE,TRUE,NA,TRUE,FALSE,"ar2"
"below_threshold",0.99,94.75,0.00125546213084154,0.000101114211649616,1.66874082760776,23746,11873,0.990035438815927,"lower_better",120,"skew-t",10,50,"yes","yes","yes",FALSE,TRUE,NA,TRUE,FALSE,"ar2"
"above_threshold",0.99,94.75,0.578943371743029,0.0389830626832002,0.886013906347575,239,119.5,0.00996456118407338,"lower_better",120,"skew-t",10,50,"yes","yes","yes",FALSE,TRUE,NA,TRUE,FALSE,"ar2"
"all",0.995,100.52,0.00391432746436109,7.7705855625568e-05,0.971251663896566,23985,11992.5,1,"lower_better",120,"skew-t",10,50,"yes","yes","yes",FALSE,TRUE,NA,TRUE,FALSE,"ar2"
"below_threshold",0.995,100.52,0.00054459805315956,6.15626942108532e-06,2.35170663094365,23865,11932.5,0.994996873045654,"lower_better",120,"skew-t",10,50,"yes","yes","yes",FALSE,TRUE,NA,TRUE,FALSE,"ar2"
"above_threshold",0.995,100.52,0.675363079855395,0.0389970056618465,0.887845413599179,120,60,0.00500312695434647,"lower_better",120,"skew-t",10,50,"yes","yes","yes",FALSE,TRUE,NA,TRUE,FALSE,"ar2"
"all",0.9,73.25,0.0490631247639788,0.000467220447899763,1.0892053211863,23985,11992.5,1,"lower_better",121,"t",10,75,"yes","yes","yes",FALSE,TRUE,NA,TRUE,FALSE,"ar2"
"below_threshold",0.9,73.25,0.0162589342918984,0.000807766735682083,0.89974098179199,21603,10801.5,0.900687929956223,"lower_better",121,"t",10,75,"yes","yes","yes",FALSE,TRUE,NA,TRUE,FALSE,"ar2"
"above_threshold",0.9,73.25,0.346479896650711,0.00220225111437877,1.19552690287249,2382,1191,0.0993120700437774,"lower_better",121,"t",10,75,"yes","yes","yes",FALSE,TRUE,NA,TRUE,FALSE,"ar2"
"all",0.95,79.75,0.0273680107635655,0.00117995601321126,1.01250009441836,23985,11992.5,1,"lower_better",121,"t",10,75,"yes","yes","yes",FALSE,TRUE,NA,TRUE,FALSE,"ar2"
"below_threshold",0.95,79.75,0.0092700985393456,8.89892183795517e-05,1.09943416824032,22787,11393.5,0.950052115905774,"lower_better",121,"t",10,75,"yes","yes","yes",FALSE,TRUE,NA,TRUE,FALSE,"ar2"
"above_threshold",0.95,79.75,0.371419095428345,0.00365745128071729,0.976794532204104,1198,599,0.0499478840942256,"lower_better",121,"t",10,75,"yes","yes","yes",FALSE,TRUE,NA,TRUE,FALSE,"ar2"
"all",0.98,88.5,0.0127410456762589,0.000645576118869558,0.986749659427257,23985,11992.5,1,"lower_better",121,"t",10,75,"yes","yes","yes",FALSE,TRUE,NA,TRUE,FALSE,"ar2"
"below_threshold",0.98,88.5,0.00355391726970256,0.000284248314148897,1.6049991492826,23508,11754,0.980112570356473,"lower_better",121,"t",10,75,"yes","yes","yes",FALSE,TRUE,NA,TRUE,FALSE,"ar2"
"above_threshold",0.98,88.5,0.465448992692836,0.00181788973631405,0.862002792903752,477,238.5,0.0198874296435272,"lower_better",121,"t",10,75,"yes","yes","yes",FALSE,TRUE,NA,TRUE,FALSE,"ar2"
"all",0.99,94.75,0.00704265947044944,0.000698773192213219,0.969591750653492,23985,11992.5,1,"lower_better",121,"t",10,75,"yes","yes","yes",FALSE,TRUE,NA,TRUE,FALSE,"ar2"
"below_threshold",0.99,94.75,0.00163332777424989,0.000269591952701065,2.17099399081797,23746,11873,0.990035438815927,"lower_better",121,"t",10,75,"yes","yes","yes",FALSE,TRUE,NA,TRUE,FALSE,"ar2"
"above_threshold",0.99,94.75,0.54381465126804,0.0317939493876979,0.83225297501619,239,119.5,0.00996456118407338,"lower_better",121,"t",10,75,"yes","yes","yes",FALSE,TRUE,NA,TRUE,FALSE,"ar2"
"all",0.995,100.52,0.00392677628594711,0.000167886493499,0.974340556890079,23985,11992.5,1,"lower_better",121,"t",10,75,"yes","yes","yes",FALSE,TRUE,NA,TRUE,FALSE,"ar2"
"below_threshold",0.995,100.52,0.000797739995996757,9.67768925195887e-05,3.44483500715872,23865,11932.5,0.994996873045654,"lower_better",121,"t",10,75,"yes","yes","yes",FALSE,TRUE,NA,TRUE,FALSE,"ar2"
"above_threshold",0.995,100.52,0.627370672502781,0.034960895083426,0.824753663359108,120,60,0.00500312695434647,"lower_better",121,"t",10,75,"yes","yes","yes",FALSE,TRUE,NA,TRUE,FALSE,"ar2"
"all",0.9,73.25,0.0451608554128948,0.00104118203121601,1.00257462731285,23985,11992.5,1,"lower_better",122,"skew-t",15,0,"yes","yes","yes",FALSE,TRUE,NA,TRUE,FALSE,"ar2"
"below_threshold",0.9,73.25,0.017628536119494,0.000402804423156043,0.97553235107251,21603,10801.5,0.900687929956223,"lower_better",122,"skew-t",15,0,"yes","yes","yes",FALSE,TRUE,NA,TRUE,FALSE,"ar2"
"above_threshold",0.9,73.25,0.29491008499523,0.00142171798054833,1.01758556253451,2382,1191,0.0993120700437774,"lower_better",122,"skew-t",15,0,"yes","yes","yes",FALSE,TRUE,NA,TRUE,FALSE,"ar2"
"all",0.95,79.75,0.0269521119953011,0.00165270303306057,0.99711360740715,23985,11992.5,1,"lower_better",122,"skew-t",15,0,"yes","yes","yes",FALSE,TRUE,NA,TRUE,FALSE,"ar2"
"below_threshold",0.95,79.75,0.00893869735772578,0.000331876094162596,1.06012997088777,22787,11393.5,0.950052115905774,"lower_better",122,"skew-t",15,0,"yes","yes","yes",FALSE,TRUE,NA,TRUE,FALSE,"ar2"
"above_threshold",0.95,79.75,0.369158898362061,0.00859957337084835,0.97085044326731,1198,599,0.0499478840942256,"lower_better",122,"skew-t",15,0,"yes","yes","yes",FALSE,TRUE,NA,TRUE,FALSE,"ar2"
"all",0.98,88.5,0.0128180512822149,0.000564467102836771,0.992713475693351,23985,11992.5,1,"lower_better",122,"skew-t",15,0,"yes","yes","yes",FALSE,TRUE,NA,TRUE,FALSE,"ar2"
"below_threshold",0.98,88.5,0.00294097038673714,0.000135457362176926,1.32818369437549,23508,11754,0.980112570356473,"lower_better",122,"skew-t",15,0,"yes","yes","yes",FALSE,TRUE,NA,TRUE,FALSE,"ar2"
"above_threshold",0.98,88.5,0.499450803406795,0.00382568323288157,0.924973507760492,477,238.5,0.0198874296435272,"lower_better",122,"skew-t",15,0,"yes","yes","yes",FALSE,TRUE,NA,TRUE,FALSE,"ar2"
"all",0.99,94.75,0.00699213886736073,0.000475721516356316,0.962636372475918,23985,11992.5,1,"lower_better",122,"skew-t",15,0,"yes","yes","yes",FALSE,TRUE,NA,TRUE,FALSE,"ar2"
"below_threshold",0.99,94.75,0.00116565329932138,8.16918346749137e-05,1.54936831914589,23746,11873,0.990035438815927,"lower_better",122,"skew-t",15,0,"yes","yes","yes",FALSE,TRUE,NA,TRUE,FALSE,"ar2"
"above_threshold",0.99,94.75,0.585304540295642,0.027184909868292,0.895749027385868,239,119.5,0.00996456118407338,"lower_better",122,"skew-t",15,0,"yes","yes","yes",FALSE,TRUE,NA,TRUE,FALSE,"ar2"
"all",0.995,100.52,0.00389399025054061,2.91110240673283e-05,0.966205445116457,23985,11992.5,1,"lower_better",122,"skew-t",15,0,"yes","yes","yes",FALSE,TRUE,NA,TRUE,FALSE,"ar2"
"below_threshold",0.995,100.52,0.000485457705345138,7.47638765863294e-06,2.0963242488279,23865,11932.5,0.994996873045654,"lower_better",122,"skew-t",15,0,"yes","yes","yes",FALSE,TRUE,NA,TRUE,FALSE,"ar2"
"above_threshold",0.995,100.52,0.682756477330367,0.0297921599110122,0.897564917425884,120,60,0.00500312695434647,"lower_better",122,"skew-t",15,0,"yes","yes","yes",FALSE,TRUE,NA,TRUE,FALSE,"ar2"
"all",0.9,73.25,0.0451217586800016,0.00111068664866041,1.00170667669387,23985,11992.5,1,"lower_better",123,"skew-t",15,50,"yes","yes","yes",FALSE,TRUE,NA,TRUE,FALSE,"ar2"
"below_threshold",0.9,73.25,0.0178815656714685,0.000263003553582651,0.989534563851567,21603,10801.5,0.900687929956223,"lower_better",123,"skew-t",15,50,"yes","yes","yes",FALSE,TRUE,NA,TRUE,FALSE,"ar2"
"above_threshold",0.9,73.25,0.292156261452356,0.000635500864120536,1.008083510141,2382,1191,0.0993120700437774,"lower_better",123,"skew-t",15,50,"yes","yes","yes",FALSE,TRUE,NA,TRUE,FALSE,"ar2"
"all",0.95,79.75,0.026908418868765,0.00192696970314025,0.995497147404797,23985,11992.5,1,"lower_better",123,"skew-t",15,50,"yes","yes","yes",FALSE,TRUE,NA,TRUE,FALSE,"ar2"
"below_threshold",0.95,79.75,0.00916011946638139,0.000342198846850411,1.08639064447463,22787,11393.5,0.950052115905774,"lower_better",123,"skew-t",15,50,"yes","yes","yes",FALSE,TRUE,NA,TRUE,FALSE,"ar2"
"above_threshold",0.95,79.75,0.363791722074428,0.0141761705805795,0.956735314250885,1198,599,0.0499478840942256,"lower_better",123,"skew-t",15,50,"yes","yes","yes",FALSE,TRUE,NA,TRUE,FALSE,"ar2"
"all",0.98,88.5,0.0126849413692788,0.00063562468344063,0.982404576047781,23985,11992.5,1,"lower_better",123,"skew-t",15,50,"yes","yes","yes",FALSE,TRUE,NA,TRUE,FALSE,"ar2"
"below_threshold",0.98,88.5,0.00307257202773102,0.000143602611567169,1.38761685103337,23508,11754,0.980112570356473,"lower_better",123,"skew-t",15,50,"yes","yes","yes",FALSE,TRUE,NA,TRUE,FALSE,"ar2"
"above_threshold",0.98,88.5,0.486140546950537,0.00748633321140646,0.900323162782453,477,238.5,0.0198874296435272,"lower_better",123,"skew-t",15,50,"yes","yes","yes",FALSE,TRUE,NA,TRUE,FALSE,"ar2"
"all",0.99,94.75,0.00704300036937037,0.000536806594259926,0.96963868360303,23985,11992.5,1,"lower_better",123,"skew-t",15,50,"yes","yes","yes",FALSE,TRUE,NA,TRUE,FALSE,"ar2"
"below_threshold",0.99,94.75,0.00129809629369372,0.000129510717936146,1.72540949682093,23746,11873,0.990035438815927,"lower_better",123,"skew-t",15,50,"yes","yes","yes",FALSE,TRUE,NA,TRUE,FALSE,"ar2"
"above_threshold",0.99,94.75,0.57721780636542,0.028739087732941,0.883373104162948,239,119.5,0.00996456118407338,"lower_better",123,"skew-t",15,50,"yes","yes","yes",FALSE,TRUE,NA,TRUE,FALSE,"ar2"
"all",0.995,100.52,0.00393123261798683,6.78469348993904e-05,0.975446294707841,23985,11992.5,1,"lower_better",123,"skew-t",15,50,"yes","yes","yes",FALSE,TRUE,NA,TRUE,FALSE,"ar2"
"below_threshold",0.995,100.52,0.000565493952270805,1.83941885506539e-05,2.44194019717538,23865,11932.5,0.994996873045654,"lower_better",123,"skew-t",15,50,"yes","yes","yes",FALSE,TRUE,NA,TRUE,FALSE,"ar2"
"above_threshold",0.995,100.52,0.674358524304783,0.0321100991434928,0.886524805373886,120,60,0.00500312695434647,"lower_better",123,"skew-t",15,50,"yes","yes","yes",FALSE,TRUE,NA,TRUE,FALSE,"ar2"
"all",0.9,73.25,0.0488825204509536,0.000362432902399776,1.0851958908917,23985,11992.5,1,"lower_better",124,"t",15,75,"yes","yes","yes",FALSE,TRUE,NA,TRUE,FALSE,"ar2"
"below_threshold",0.9,73.25,0.0168926208679922,0.000310781629932352,0.934808088398549,21603,10801.5,0.900687929956223,"lower_better",124,"t",15,75,"yes","yes","yes",FALSE,TRUE,NA,TRUE,FALSE,"ar2"
"above_threshold",0.9,73.25,0.339087589167857,0.00312123768335432,1.17001978815822,2382,1191,0.0993120700437774,"lower_better",124,"t",15,75,"yes","yes","yes",FALSE,TRUE,NA,TRUE,FALSE,"ar2"
"all",0.95,79.75,0.0272649995355408,0.00103737999398874,1.00868911674072,23985,11992.5,1,"lower_better",124,"t",15,75,"yes","yes","yes",FALSE,TRUE,NA,TRUE,FALSE,"ar2"
"below_threshold",0.95,79.75,0.00929598542828011,0.000158975156249119,1.10250435461248,22787,11393.5,0.950052115905774,"lower_better",124,"t",15,75,"yes","yes","yes",FALSE,TRUE,NA,TRUE,FALSE,"ar2"
"above_threshold",0.95,79.75,0.368751058128645,0.00565534269806456,0.969777864837936,1198,599,0.0499478840942256,"lower_better",124,"t",15,75,"yes","yes","yes",FALSE,TRUE,NA,TRUE,FALSE,"ar2"
"all",0.98,88.5,0.0126766897029863,0.00056938734739741,0.981765513202338,23985,11992.5,1,"lower_better",124,"t",15,75,"yes","yes","yes",FALSE,TRUE,NA,TRUE,FALSE,"ar2"
"below_threshold",0.98,88.5,0.00350170914627339,8.93497712254948e-06,1.58142122460669,23508,11754,0.980112570356473,"lower_better",124,"t",15,75,"yes","yes","yes",FALSE,TRUE,NA,TRUE,FALSE,"ar2"
"above_threshold",0.98,88.5,0.464391708378102,0.0124718955085372,0.860044722209645,477,238.5,0.0198874296435272,"lower_better",124,"t",15,75,"yes","yes","yes",FALSE,TRUE,NA,TRUE,FALSE,"ar2"
"all",0.99,94.75,0.00690101415885753,0.000615146688656649,0.950090860937821,23985,11992.5,1,"lower_better",124,"t",15,75,"yes","yes","yes",FALSE,TRUE,NA,TRUE,FALSE,"ar2"
"below_threshold",0.99,94.75,0.00152914337315199,5.46442048018245e-05,2.03251369783185,23746,11873,0.990035438815927,"lower_better",124,"t",15,75,"yes","yes","yes",FALSE,TRUE,NA,TRUE,FALSE,"ar2"
"above_threshold",0.99,94.75,0.539668601531456,0.0448437987964131,0.82590786787391,239,119.5,0.00996456118407338,"lower_better",124,"t",15,75,"yes","yes","yes",FALSE,TRUE,NA,TRUE,FALSE,"ar2"
"all",0.995,100.52,0.00384227886745836,0.000104501776518954,0.953374437154472,23985,11992.5,1,"lower_better",124,"t",15,75,"yes","yes","yes",FALSE,TRUE,NA,TRUE,FALSE,"ar2"
"below_threshold",0.995,100.52,0.000745774341455586,4.58922324866006e-05,3.22043469273087,23865,11932.5,0.994996873045654,"lower_better",124,"t",15,75,"yes","yes","yes",FALSE,TRUE,NA,TRUE,FALSE,"ar2"
"above_threshold",0.995,100.52,0.621332136151279,0.050468084538376,0.816815286263219,120,60,0.00500312695434647,"lower_better",124,"t",15,75,"yes","yes","yes",FALSE,TRUE,NA,TRUE,FALSE,"ar2"
"all",0.9,73.25,0.0447185619438668,0.00126961596070439,0.992755676679183,23985,11992.5,1,"lower_better",201,"skew-t",1,0,"yes","yes","",FALSE,TRUE,5,FALSE,TRUE,"mrts"
"below_threshold",0.9,73.25,0.0177288094110126,0.000882616026638428,0.981081299616042,21603,10801.5,0.900687929956223,"lower_better",201,"skew-t",1,0,"yes","yes","",FALSE,TRUE,5,FALSE,TRUE,"mrts"
"above_threshold",0.9,73.25,0.289617724053184,0.00331257220979131,0.999324301355749,2382,1191,0.0993120700437774,"lower_better",201,"skew-t",1,0,"yes","yes","",FALSE,TRUE,5,FALSE,TRUE,"mrts"
"all",0.95,79.75,0.0269243506876156,0.00213502694001203,0.996086556997984,23985,11992.5,1,"lower_better",201,"skew-t",1,0,"yes","yes","",FALSE,TRUE,5,FALSE,TRUE,"mrts"
"below_threshold",0.95,79.75,0.00836549606250834,0.00063004139677505,0.992148267503831,22787,11393.5,0.950052115905774,"lower_better",201,"skew-t",1,0,"yes","yes","",FALSE,TRUE,5,FALSE,TRUE,"mrts"
"above_threshold",0.95,79.75,0.379347035577324,0.012041690972755,0.997644210329118,1198,599,0.0499478840942256,"lower_better",201,"skew-t",1,0,"yes","yes","",FALSE,TRUE,5,FALSE,TRUE,"mrts"
"all",0.98,88.5,0.0128229661345679,0.000720948623523499,0.993094113908507,23985,11992.5,1,"lower_better",201,"skew-t",1,0,"yes","yes","",FALSE,TRUE,5,FALSE,TRUE,"mrts"
"below_threshold",0.98,88.5,0.00227771945146205,0.000228633268067807,1.02865022015748,23508,11754,0.980112570356473,"lower_better",201,"skew-t",1,0,"yes","yes","",FALSE,TRUE,5,FALSE,TRUE,"mrts"
"above_threshold",0.98,88.5,0.532313336316846,0.00589461040380212,0.985834301521087,477,238.5,0.0198874296435272,"lower_better",201,"skew-t",1,0,"yes","yes","",FALSE,TRUE,5,FALSE,TRUE,"mrts"
"all",0.99,94.75,0.00716561137526123,0.000590808404518547,0.986519042556907,23985,11992.5,1,"lower_better",201,"skew-t",1,0,"yes","yes","",FALSE,TRUE,5,FALSE,TRUE,"mrts"
"below_threshold",0.99,94.75,0.000798462355471395,0.000103172358838398,1.06130380132601,23746,11873,0.990035438815927,"lower_better",201,"skew-t",1,0,"yes","yes","",FALSE,TRUE,5,FALSE,TRUE,"mrts"
"above_threshold",0.99,94.75,0.639020026249124,0.0354485212918593,0.977955111545214,239,119.5,0.00996456118407338,"lower_better",201,"skew-t",1,0,"yes","yes","",FALSE,TRUE,5,FALSE,TRUE,"mrts"
"all",0.995,100.52,0.00399196895908912,5.28848613980323e-05,0.990516641502197,23985,11992.5,1,"lower_better",201,"skew-t",1,0,"yes","yes","",FALSE,TRUE,5,FALSE,TRUE,"mrts"
"below_threshold",0.995,100.52,0.000257471189363593,8.09083243020399e-06,1.11182311392859,23865,11932.5,0.994996873045654,"lower_better",201,"skew-t",1,0,"yes","yes","",FALSE,TRUE,5,FALSE,TRUE,"mrts"
"above_threshold",0.995,100.52,0.747806567441602,0.0335995132480534,0.983081028510664,120,60,0.00500312695434647,"lower_better",201,"skew-t",1,0,"yes","yes","",FALSE,TRUE,5,FALSE,TRUE,"mrts"
"all",0.9,73.25,0.0449732016990672,0.00126028801397922,0.998408699752702,23985,11992.5,1,"lower_better",202,"skew-t",1,50,"yes","yes","",FALSE,TRUE,5,FALSE,TRUE,"mrts"
"below_threshold",0.9,73.25,0.0193393971846548,0.000748782532869866,1.07020840959158,21603,10801.5,0.900687929956223,"lower_better",202,"skew-t",1,50,"yes","yes","",FALSE,TRUE,5,FALSE,TRUE,"mrts"
"above_threshold",0.9,73.25,0.277525609160377,0.00178492028598928,0.957600528038102,2382,1191,0.0993120700437774,"lower_better",202,"skew-t",1,50,"yes","yes","",FALSE,TRUE,5,FALSE,TRUE,"mrts"
"all",0.95,79.75,0.0269649460871149,0.00212541993891115,0.997588414264157,23985,11992.5,1,"lower_better",202,"skew-t",1,50,"yes","yes","",FALSE,TRUE,5,FALSE,TRUE,"mrts"
"below_threshold",0.95,79.75,0.00954890164524711,0.000504540728201257,1.13250023108082,22787,11393.5,0.950052115905774,"lower_better",202,"skew-t",1,50,"yes","yes","",FALSE,TRUE,5,FALSE,TRUE,"mrts"
"above_threshold",0.95,79.75,0.357475049201539,0.0153997616092718,0.940123105562894,1198,599,0.0499478840942256,"lower_better",202,"skew-t",1,50,"yes","yes","",FALSE,TRUE,5,FALSE,TRUE,"mrts"
"all",0.98,88.5,0.0127056604356019,0.000749989767934977,0.984009195649459,23985,11992.5,1,"lower_better",202,"skew-t",1,50,"yes","yes","",FALSE,TRUE,5,FALSE,TRUE,"mrts"
"below_threshold",0.98,88.5,0.0028730963956382,0.000168128794720376,1.29753084297096,23508,11754,0.980112570356473,"lower_better",202,"skew-t",1,50,"yes","yes","",FALSE,TRUE,5,FALSE,TRUE,"mrts"
"above_threshold",0.98,88.5,0.496864456562929,0.0116347729107552,0.920183641979643,477,238.5,0.0198874296435272,"lower_better",202,"skew-t",1,50,"yes","yes","",FALSE,TRUE,5,FALSE,TRUE,"mrts"
"all",0.99,94.75,0.00703279184201706,0.000663303419911534,0.968233233864956,23985,11992.5,1,"lower_better",202,"skew-t",1,50,"yes","yes","",FALSE,TRUE,5,FALSE,TRUE,"mrts"
"below_threshold",0.99,94.75,0.00110258447314427,0.000114878520282322,1.46553821180488,23746,11873,0.990035438815927,"lower_better",202,"skew-t",1,50,"yes","yes","",FALSE,TRUE,5,FALSE,TRUE,"mrts"
"above_threshold",0.99,94.75,0.595325069686143,0.0424976690023819,0.91108442774155,239,119.5,0.00996456118407338,"lower_better",202,"skew-t",1,50,"yes","yes","",FALSE,TRUE,5,FALSE,TRUE,"mrts"
"all",0.995,100.52,0.00392507370838831,9.09306326193661e-05,0.973918100848279,23985,11992.5,1,"lower_better",202,"skew-t",1,50,"yes","yes","",FALSE,TRUE,5,FALSE,TRUE,"mrts"
"below_threshold",0.995,100.52,0.000414123539697249,5.81497497165247e-06,1.7882860004469,23865,11932.5,0.994996873045654,"lower_better",202,"skew-t",1,50,"yes","yes","",FALSE,TRUE,5,FALSE,TRUE,"mrts"
"above_threshold",0.995,100.52,0.703498415294772,0.0401911288431591,0.92483267167564,120,60,0.00500312695434647,"lower_better",202,"skew-t",1,50,"yes","yes","",FALSE,TRUE,5,FALSE,TRUE,"mrts"
"all",0.9,73.25,0.0490248579604123,0.000194460054269072,1.08835579506521,23985,11992.5,1,"lower_better",203,"t",1,75,"yes","yes","",FALSE,TRUE,5,FALSE,TRUE,"mrts"
"below_threshold",0.9,73.25,0.01457344292423,0.000568500099476269,0.806468837952678,21603,10801.5,0.900687929956223,"lower_better",203,"t",1,75,"yes","yes","",FALSE,TRUE,5,FALSE,TRUE,"mrts"
"above_threshold",0.9,73.25,0.361548852065343,0.00321280828067758,1.24752224739472,2382,1191,0.0993120700437774,"lower_better",203,"t",1,75,"yes","yes","",FALSE,TRUE,5,FALSE,TRUE,"mrts"
"all",0.95,79.75,0.0273479036652957,0.00109185912416042,1.01175621723004,23985,11992.5,1,"lower_better",203,"t",1,75,"yes","yes","",FALSE,TRUE,5,FALSE,TRUE,"mrts"
"below_threshold",0.95,79.75,0.00896792783398007,7.64236652716294e-05,1.06359670688971,22787,11393.5,0.950052115905774,"lower_better",203,"t",1,75,"yes","yes","",FALSE,TRUE,5,FALSE,TRUE,"mrts"
"above_threshold",0.95,79.75,0.376854885770143,0.00184318678947531,0.991090109220555,1198,599,0.0499478840942256,"lower_better",203,"t",1,75,"yes","yes","",FALSE,TRUE,5,FALSE,TRUE,"mrts"
"all",0.98,88.5,0.0127568904494555,0.000647643354348347,0.987976781984751,23985,11992.5,1,"lower_better",203,"t",1,75,"yes","yes","",FALSE,TRUE,5,FALSE,TRUE,"mrts"
"below_threshold",0.98,88.5,0.00358923034276232,0.000246326832946734,1.62094703099123,23508,11754,0.980112570356473,"lower_better",203,"t",1,75,"yes","yes","",FALSE,TRUE,5,FALSE,TRUE,"mrts"
"above_threshold",0.98,88.5,0.464431614115473,0.00382860628938569,0.860118626885788,477,238.5,0.0198874296435272,"lower_better",203,"t",1,75,"yes","yes","",FALSE,TRUE,5,FALSE,TRUE,"mrts"
"all",0.99,94.75,0.00697193692457148,0.00070896620522498,0.959855088337757,23985,11992.5,1,"lower_better",203,"t",1,75,"yes","yes","",FALSE,TRUE,5,FALSE,TRUE,"mrts"
"below_threshold",0.99,94.75,0.00164558516507028,0.000223300697056809,2.187286324931,23746,11873,0.990035438815927,"lower_better",203,"t",1,75,"yes","yes","",FALSE,TRUE,5,FALSE,TRUE,"mrts"
"above_threshold",0.99,94.75,0.535374923554715,0.0375961180846294,0.819336830735481,239,119.5,0.00996456118407338,"lower_better",203,"t",1,75,"yes","yes","",FALSE,TRUE,5,FALSE,TRUE,"mrts"
"all",0.995,100.52,0.00388432853047346,0.000170653711768783,0.963808108210753,23985,11992.5,1,"lower_better",203,"t",1,75,"yes","yes","",FALSE,TRUE,5,FALSE,TRUE,"mrts"
"below_threshold",0.995,100.52,0.000780805344012395,7.07469711594411e-05,3.37170706787709,23865,11932.5,0.994996873045654,"lower_better",203,"t",1,75,"yes","yes","",FALSE,TRUE,5,FALSE,TRUE,"mrts"
"above_threshold",0.995,100.52,0.622438609977753,0.0405287693325918,0.818269878232198,120,60,0.00500312695434647,"lower_better",203,"t",1,75,"yes","yes","",FALSE,TRUE,5,FALSE,TRUE,"mrts"
"all",0.9,73.25,0.044665160164224,0.00126021543470827,0.99157015287026,23985,11992.5,1,"lower_better",204,"skew-t",1,0,"yes","yes","",FALSE,TRUE,10,FALSE,TRUE,"mrts"
"below_threshold",0.9,73.25,0.0176392198961314,0.000942982482608637,0.976123572582381,21603,10801.5,0.900687929956223,"lower_better",204,"skew-t",1,0,"yes","yes","",FALSE,TRUE,10,FALSE,TRUE,"mrts"
"above_threshold",0.9,73.25,0.289913763739649,0.00396617754062781,1.0003457846017,2382,1191,0.0993120700437774,"lower_better",204,"skew-t",1,0,"yes","yes","",FALSE,TRUE,10,FALSE,TRUE,"mrts"
"all",0.95,79.75,0.0268650777648216,0.00214691436063721,0.993893710742411,23985,11992.5,1,"lower_better",204,"skew-t",1,0,"yes","yes","",FALSE,TRUE,10,FALSE,TRUE,"mrts"
"below_threshold",0.95,79.75,0.00823370608342727,0.000619959464596326,0.976517969139858,22787,11393.5,0.950052115905774,"lower_better",204,"skew-t",1,0,"yes","yes","",FALSE,TRUE,10,FALSE,TRUE,"mrts"
"above_threshold",0.95,79.75,0.380648528448035,0.0123991259875776,1.00106700451353,1198,599,0.0499478840942256,"lower_better",204,"skew-t",1,0,"yes","yes","",FALSE,TRUE,10,FALSE,TRUE,"mrts"
"all",0.98,88.5,0.0128137475470344,0.000708368402248209,0.992380166377022,23985,11992.5,1,"lower_better",204,"skew-t",1,0,"yes","yes","",FALSE,TRUE,10,FALSE,TRUE,"mrts"
"below_threshold",0.98,88.5,0.00220776606005398,0.00020807614418757,0.997058282253765,23508,11754,0.980112570356473,"lower_better",204,"skew-t",1,0,"yes","yes","",FALSE,TRUE,10,FALSE,TRUE,"mrts"
"above_threshold",0.98,88.5,0.535286773097342,0.00616554544516806,0.991341050594669,477,238.5,0.0198874296435272,"lower_better",204,"skew-t",1,0,"yes","yes","",FALSE,TRUE,10,FALSE,TRUE,"mrts"
"all",0.99,94.75,0.00715112251745995,0.000569037919643825,0.984524302209249,23985,11992.5,1,"lower_better",204,"skew-t",1,0,"yes","yes","",FALSE,TRUE,10,FALSE,TRUE,"mrts"
"below_threshold",0.99,94.75,0.00076030054099311,8.65576015991705e-05,1.01057970833181,23746,11873,0.990035438815927,"lower_better",204,"skew-t",1,0,"yes","yes","",FALSE,TRUE,10,FALSE,TRUE,"mrts"
"above_threshold",0.99,94.75,0.641369661615525,0.0348636547779179,0.981550989330651,239,119.5,0.00996456118407338,"lower_better",204,"skew-t",1,0,"yes","yes","",FALSE,TRUE,10,FALSE,TRUE,"mrts"
"all",0.995,100.52,0.0039908210994603,4.7132283923083e-05,0.990231826145136,23985,11992.5,1,"lower_better",204,"skew-t",1,0,"yes","yes","",FALSE,TRUE,10,FALSE,TRUE,"mrts"
"below_threshold",0.995,100.52,0.000241427309533232,2.16440211806687e-06,1.04254174510213,23865,11932.5,0.994996873045654,"lower_better",204,"skew-t",1,0,"yes","yes","",FALSE,TRUE,10,FALSE,TRUE,"mrts"
"above_threshold",0.995,100.52,0.750772286685206,0.0337266105561735,0.986979820593021,120,60,0.00500312695434647,"lower_better",204,"skew-t",1,0,"yes","yes","",FALSE,TRUE,10,FALSE,TRUE,"mrts"
"all",0.9,73.25,0.0449166255655493,0.0012321632999829,0.9971527050321,23985,11992.5,1,"lower_better",205,"skew-t",1,50,"yes","yes","",FALSE,TRUE,10,FALSE,TRUE,"mrts"
"below_threshold",0.9,73.25,0.0193278081162574,0.000763245765920673,1.06956709081934,21603,10801.5,0.900687929956223,"lower_better",205,"skew-t",1,50,"yes","yes","",FALSE,TRUE,10,FALSE,TRUE,"mrts"
"above_threshold",0.9,73.25,0.277073410657496,0.00218616837364596,0.956040219688731,2382,1191,0.0993120700437774,"lower_better",205,"skew-t",1,50,"yes","yes","",FALSE,TRUE,10,FALSE,TRUE,"mrts"
"all",0.95,79.75,0.0269129978683297,0.00210124354308172,0.995666550929652,23985,11992.5,1,"lower_better",205,"skew-t",1,50,"yes","yes","",FALSE,TRUE,10,FALSE,TRUE,"mrts"
"below_threshold",0.95,79.75,0.00946280405037285,0.000480254722406448,1.12228905185697,22787,11393.5,0.950052115905774,"lower_better",205,"skew-t",1,50,"yes","yes","",FALSE,TRUE,10,FALSE,TRUE,"mrts"
"above_threshold",0.95,79.75,0.358074272907927,0.0153430902717232,0.94169900310605,1198,599,0.0499478840942256,"lower_better",205,"skew-t",1,50,"yes","yes","",FALSE,TRUE,10,FALSE,TRUE,"mrts"
"all",0.98,88.5,0.0126683039261918,0.00074084330103547,0.981116063965101,23985,11992.5,1,"lower_better",205,"skew-t",1,50,"yes","yes","",FALSE,TRUE,10,FALSE,TRUE,"mrts"
"below_threshold",0.98,88.5,0.0027997752817729,0.000145813996823468,1.26441799412062,23508,11754,0.980112570356473,"lower_better",205,"skew-t",1,50,"yes","yes","",FALSE,TRUE,10,FALSE,TRUE,"mrts"
"above_threshold",0.98,88.5,0.49857799126175,0.012210240479141,0.92335707606009,477,238.5,0.0198874296435272,"lower_better",205,"skew-t",1,50,"yes","yes","",FALSE,TRUE,10,FALSE,TRUE,"mrts"
"all",0.99,94.75,0.00701183083877075,0.000642118657392076,0.965347446767295,23985,11992.5,1,"lower_better",205,"skew-t",1,50,"yes","yes","",FALSE,TRUE,10,FALSE,TRUE,"mrts"
"below_threshold",0.99,94.75,0.00105987180492861,9.20228453326454e-05,1.40876519447796,23746,11873,0.990035438815927,"lower_better",205,"skew-t",1,50,"yes","yes","",FALSE,TRUE,10,FALSE,TRUE,"mrts"
"above_threshold",0.99,94.75,0.597462659859885,0.0425960666974919,0.914355791941309,239,119.5,0.00996456118407338,"lower_better",205,"skew-t",1,50,"yes","yes","",FALSE,TRUE,10,FALSE,TRUE,"mrts"
"all",0.995,100.52,0.00391467371009044,7.74818354551097e-05,0.971337576928577,23985,11992.5,1,"lower_better",205,"skew-t",1,50,"yes","yes","",FALSE,TRUE,10,FALSE,TRUE,"mrts"
"below_threshold",0.995,100.52,0.000395020578497456,3.22683164079247e-06,1.70579477547175,23865,11932.5,0.994996873045654,"lower_better",205,"skew-t",1,50,"yes","yes","",FALSE,TRUE,10,FALSE,TRUE,"mrts"
"above_threshold",0.995,100.52,0.705191666852058,0.0393576655617353,0.927058653038921,120,60,0.00500312695434647,"lower_better",205,"skew-t",1,50,"yes","yes","",FALSE,TRUE,10,FALSE,TRUE,"mrts"
"all",0.9,73.25,0.0489416146153305,0.000213469855807294,1.08650778610017,23985,11992.5,1,"lower_better",206,"t",1,75,"yes","yes","",FALSE,TRUE,10,FALSE,TRUE,"mrts"
"below_threshold",0.9,73.25,0.0146350870260818,0.000467025513351828,0.809880114714492,21603,10801.5,0.900687929956223,"lower_better",206,"t",1,75,"yes","yes","",FALSE,TRUE,10,FALSE,TRUE,"mrts"
"above_threshold",0.9,73.25,0.360175043100357,0.00389896264358733,1.24278192741389,2382,1191,0.0993120700437774,"lower_better",206,"t",1,75,"yes","yes","",FALSE,TRUE,10,FALSE,TRUE,"mrts"
"all",0.95,79.75,0.0273138341359214,0.00108979445266722,1.01049578942598,23985,11992.5,1,"lower_better",206,"t",1,75,"yes","yes","",FALSE,TRUE,10,FALSE,TRUE,"mrts"
"below_threshold",0.95,79.75,0.008977526862973,6.50392255911319e-05,1.06473515222683,22787,11393.5,0.950052115905774,"lower_better",206,"t",1,75,"yes","yes","",FALSE,TRUE,10,FALSE,TRUE,"mrts"
"above_threshold",0.95,79.75,0.375978548596567,0.00206309102187474,0.988785431378052,1198,599,0.0499478840942256,"lower_better",206,"t",1,75,"yes","yes","",FALSE,TRUE,10,FALSE,TRUE,"mrts"
"all",0.98,88.5,0.0127306752321213,0.000629320270047491,0.985946504609288,23985,11992.5,1,"lower_better",206,"t",1,75,"yes","yes","",FALSE,TRUE,10,FALSE,TRUE,"mrts"
"below_threshold",0.98,88.5,0.00356864934219765,0.000215088322396509,1.61165236094382,23508,11754,0.980112570356473,"lower_better",206,"t",1,75,"yes","yes","",FALSE,TRUE,10,FALSE,TRUE,"mrts"
"above_threshold",0.98,88.5,0.464103944973772,0.00445784514768527,0.859511789789289,477,238.5,0.0198874296435272,"lower_better",206,"t",1,75,"yes","yes","",FALSE,TRUE,10,FALSE,TRUE,"mrts"
"all",0.99,94.75,0.00694342714563901,0.00069792535019015,0.955930030398797,23985,11992.5,1,"lower_better",206,"t",1,75,"yes","yes","",FALSE,TRUE,10,FALSE,TRUE,"mrts"
"below_threshold",0.99,94.75,0.00162472702526416,0.000193678708765843,2.15956200842048,23746,11873,0.990035438815927,"lower_better",206,"t",1,75,"yes","yes","",FALSE,TRUE,10,FALSE,TRUE,"mrts"
"above_threshold",0.99,94.75,0.534546109942553,0.0394484087459717,0.818068415857641,239,119.5,0.00996456118407338,"lower_better",206,"t",1,75,"yes","yes","",FALSE,TRUE,10,FALSE,TRUE,"mrts"
"all",0.995,100.52,0.00387686368970371,0.000148359727046376,0.961955877122691,23985,11992.5,1,"lower_better",206,"t",1,75,"yes","yes","",FALSE,TRUE,10,FALSE,TRUE,"mrts"
"below_threshold",0.995,100.52,0.00077085681156839,4.64816159253233e-05,3.32874688911591,23865,11932.5,0.994996873045654,"lower_better",206,"t",1,75,"yes","yes","",FALSE,TRUE,10,FALSE,TRUE,"mrts"
"above_threshold",0.995,100.52,0.622938636151279,0.040915344538376,0.818927222345441,120,60,0.00500312695434647,"lower_better",206,"t",1,75,"yes","yes","",FALSE,TRUE,10,FALSE,TRUE,"mrts"
"all",0.9,73.25,0.0447140749357184,0.00123942813401799,0.992656064736914,23985,11992.5,1,"lower_better",207,"skew-t",1,0,"yes","yes","",FALSE,TRUE,15,FALSE,TRUE,"mrts"
"below_threshold",0.9,73.25,0.017655606341785,0.000937511918761331,0.977030369819876,21603,10801.5,0.900687929956223,"lower_better",207,"skew-t",1,0,"yes","yes","",FALSE,TRUE,15,FALSE,TRUE,"mrts"
"above_threshold",0.9,73.25,0.290262567543732,0.00413576813100811,1.00154933013388,2382,1191,0.0993120700437774,"lower_better",207,"skew-t",1,0,"yes","yes","",FALSE,TRUE,15,FALSE,TRUE,"mrts"
"all",0.95,79.75,0.0268784271234851,0.00212869742105947,0.994387580283166,23985,11992.5,1,"lower_better",207,"skew-t",1,0,"yes","yes","",FALSE,TRUE,15,FALSE,TRUE,"mrts"
"below_threshold",0.95,79.75,0.00821942674265945,0.00062021891276796,0.974824438583149,22787,11393.5,0.950052115905774,"lower_better",207,"skew-t",1,0,"yes","yes","",FALSE,TRUE,15,FALSE,TRUE,"mrts"
"above_threshold",0.95,79.75,0.381207513347825,0.0120005534884228,1.00253707807846,1198,599,0.0499478840942256,"lower_better",207,"skew-t",1,0,"yes","yes","",FALSE,TRUE,15,FALSE,TRUE,"mrts"
"all",0.98,88.5,0.0128195027288429,0.000711692366252223,0.992825885184861,23985,11992.5,1,"lower_better",207,"skew-t",1,0,"yes","yes","",FALSE,TRUE,15,FALSE,TRUE,"mrts"
"below_threshold",0.98,88.5,0.00218704477464333,0.000217227781357016,0.987700257591891,23508,11754,0.980112570356473,"lower_better",207,"skew-t",1,0,"yes","yes","",FALSE,TRUE,15,FALSE,TRUE,"mrts"
"above_threshold",0.98,88.5,0.536609646387256,0.00583327960464708,0.993790987082803,477,238.5,0.0198874296435272,"lower_better",207,"skew-t",1,0,"yes","yes","",FALSE,TRUE,15,FALSE,TRUE,"mrts"
"all",0.99,94.75,0.00715028135784196,0.000562538648831377,0.984408496322282,23985,11992.5,1,"lower_better",207,"skew-t",1,0,"yes","yes","",FALSE,TRUE,15,FALSE,TRUE,"mrts"
"below_threshold",0.99,94.75,0.000745675666657019,8.78786026839552e-05,0.991140551782412,23746,11873,0.990035438815927,"lower_better",207,"skew-t",1,0,"yes","yes","",FALSE,TRUE,15,FALSE,TRUE,"mrts"
"above_threshold",0.99,94.75,0.642755647305591,0.03405034679277,0.983672099365472,239,119.5,0.00996456118407338,"lower_better",207,"skew-t",1,0,"yes","yes","",FALSE,TRUE,15,FALSE,TRUE,"mrts"
"all",0.995,100.52,0.00399067529604623,4.42595187685811e-05,0.990195648331756,23985,11992.5,1,"lower_better",207,"skew-t",1,0,"yes","yes","",FALSE,TRUE,15,FALSE,TRUE,"mrts"
"below_threshold",0.995,100.52,0.000233817722448117,2.01324486118753e-06,1.00968170033519,23865,11932.5,0.994996873045654,"lower_better",207,"skew-t",1,0,"yes","yes","",FALSE,TRUE,15,FALSE,TRUE,"mrts"
"above_threshold",0.995,100.52,0.752240193070078,0.0332311021023359,0.988909558818689,120,60,0.00500312695434647,"lower_better",207,"skew-t",1,0,"yes","yes","",FALSE,TRUE,15,FALSE,TRUE,"mrts"
"all",0.9,73.25,0.0449548075773761,0.00119708259613076,0.998000348769742,23985,11992.5,1,"lower_better",208,"skew-t",1,50,"yes","yes","",FALSE,TRUE,15,FALSE,TRUE,"mrts"
"below_threshold",0.9,73.25,0.0193328470322638,0.000784141746773543,1.06984593561651,21603,10801.5,0.900687929956223,"lower_better",208,"skew-t",1,50,"yes","yes","",FALSE,TRUE,15,FALSE,TRUE,"mrts"
"above_threshold",0.9,73.25,0.277429258330379,0.00273935118519167,0.957268070049946,2382,1191,0.0993120700437774,"lower_better",208,"skew-t",1,50,"yes","yes","",FALSE,TRUE,15,FALSE,TRUE,"mrts"
"all",0.95,79.75,0.0269167003742853,0.00207932413689258,0.995803527915739,23985,11992.5,1,"lower_better",208,"skew-t",1,50,"yes","yes","",FALSE,TRUE,15,FALSE,TRUE,"mrts"
"below_threshold",0.95,79.75,0.0094267904844473,0.000492928247835471,1.11801784106771,22787,11393.5,0.950052115905774,"lower_better",208,"skew-t",1,50,"yes","yes","",FALSE,TRUE,15,FALSE,TRUE,"mrts"
"above_threshold",0.95,79.75,0.358870458690755,0.0146212054745865,0.943792890924038,1198,599,0.0499478840942256,"lower_better",208,"skew-t",1,50,"yes","yes","",FALSE,TRUE,15,FALSE,TRUE,"mrts"
"all",0.98,88.5,0.0126815696132905,0.000740032752408573,0.982143445277382,23985,11992.5,1,"lower_better",208,"skew-t",1,50,"yes","yes","",FALSE,TRUE,15,FALSE,TRUE,"mrts"
"below_threshold",0.98,88.5,0.00277094788691192,0.000161832520208427,1.25139913613472,23508,11754,0.980112570356473,"lower_better",208,"skew-t",1,50,"yes","yes","",FALSE,TRUE,15,FALSE,TRUE,"mrts"
"above_threshold",0.98,88.5,0.500698966206654,0.0113026305544799,0.927285081824177,477,238.5,0.0198874296435272,"lower_better",208,"skew-t",1,50,"yes","yes","",FALSE,TRUE,15,FALSE,TRUE,"mrts"
"all",0.99,94.75,0.0070078910161662,0.000638620305155118,0.964805035266009,23985,11992.5,1,"lower_better",208,"skew-t",1,50,"yes","yes","",FALSE,TRUE,15,FALSE,TRUE,"mrts"
"below_threshold",0.99,94.75,0.00103308735782739,9.49256406556718e-05,1.3731637220602,23746,11873,0.990035438815927,"lower_better",208,"skew-t",1,50,"yes","yes","",FALSE,TRUE,15,FALSE,TRUE,"mrts"
"above_threshold",0.99,94.75,0.599743170540843,0.0419074481476811,0.917845881431098,239,119.5,0.00996456118407338,"lower_better",208,"skew-t",1,50,"yes","yes","",FALSE,TRUE,15,FALSE,TRUE,"mrts"
"all",0.995,100.52,0.00391359269313199,8.02027523134541e-05,0.971069347065555,23985,11992.5,1,"lower_better",208,"skew-t",1,50,"yes","yes","",FALSE,TRUE,15,FALSE,TRUE,"mrts"
"below_threshold",0.995,100.52,0.0003794031939301,9.71371633368937e-07,1.63835511675103,23865,11932.5,0.994996873045654,"lower_better",208,"skew-t",1,50,"yes","yes","",FALSE,TRUE,15,FALSE,TRUE,"mrts"
"above_threshold",0.995,100.52,0.708087771045606,0.0395489213681869,0.930865927825245,120,60,0.00500312695434647,"lower_better",208,"skew-t",1,50,"yes","yes","",FALSE,TRUE,15,FALSE,TRUE,"mrts"
"all",0.9,73.25,0.0493519071236703,0.000219786529743044,1.09561631282929,23985,11992.5,1,"lower_better",209,"t",1,75,"yes","yes","",FALSE,TRUE,15,FALSE,TRUE,"mrts"
"below_threshold",0.9,73.25,0.0148669938905196,0.000688850419045917,0.822713434915407,21603,10801.5,0.900687929956223,"lower_better",209,"t",1,75,"yes","yes","",FALSE,TRUE,15,FALSE,TRUE,"mrts"
"above_threshold",0.9,73.25,0.362268153005329,0.00630511740989631,1.25000419117653,2382,1191,0.0993120700437774,"lower_better",209,"t",1,75,"yes","yes","",FALSE,TRUE,15,FALSE,TRUE,"mrts"
"all",0.95,79.75,0.0275722452194092,0.000735203058869071,1.02005590136435,23985,11992.5,1,"lower_better",209,"t",1,75,"yes","yes","",FALSE,TRUE,15,FALSE,TRUE,"mrts"
"below_threshold",0.95,79.75,0.00912927049473059,2.38690351576079e-05,1.0827319548346,22787,11393.5,0.950052115905774,"lower_better",209,"t",1,75,"yes","yes","",FALSE,TRUE,15,FALSE,TRUE,"mrts"
"above_threshold",0.95,79.75,0.378588700502988,0.00437697070966553,0.995649866033664,1198,599,0.0499478840942256,"lower_better",209,"t",1,75,"yes","yes","",FALSE,TRUE,15,FALSE,TRUE,"mrts"
"all",0.98,88.5,0.0128087460601399,0.000522330272859757,0.991992818618041,23985,11992.5,1,"lower_better",209,"t",1,75,"yes","yes","",FALSE,TRUE,15,FALSE,TRUE,"mrts"
"below_threshold",0.98,88.5,0.00360150886099717,0.000270920935442655,1.62649218295337,23508,11754,0.980112570356473,"lower_better",209,"t",1,75,"yes","yes","",FALSE,TRUE,15,FALSE,TRUE,"mrts"
"above_threshold",0.98,88.5,0.466708321835592,0.00376603503397291,0.864335046824769,477,238.5,0.0198874296435272,"lower_better",209,"t",1,75,"yes","yes","",FALSE,TRUE,15,FALSE,TRUE,"mrts"
"all",0.99,94.75,0.00699456902328435,0.000653469275013949,0.962970941987084,23985,11992.5,1,"lower_better",209,"t",1,75,"yes","yes","",FALSE,TRUE,15,FALSE,TRUE,"mrts"
"below_threshold",0.99,94.75,0.00163622788539505,0.000231226185058348,2.17484877365342,23746,11873,0.990035438815927,"lower_better",209,"t",1,75,"yes","yes","",FALSE,TRUE,15,FALSE,TRUE,"mrts"
"above_threshold",0.99,94.75,0.538712914375788,0.0311680128373266,0.82444528595076,239,119.5,0.00996456118407338,"lower_better",209,"t",1,75,"yes","yes","",FALSE,TRUE,15,FALSE,TRUE,"mrts"
"all",0.995,100.52,0.00388024707266531,0.000129110875282635,0.962795386939122,23985,11992.5,1,"lower_better",209,"t",1,75,"yes","yes","",FALSE,TRUE,15,FALSE,TRUE,"mrts"
"below_threshold",0.995,100.52,0.000757858204390153,6.96015542016321e-05,3.2726157470438,23865,11932.5,0.994996873045654,"lower_better",209,"t",1,75,"yes","yes","",FALSE,TRUE,15,FALSE,TRUE,"mrts"
"above_threshold",0.995,100.52,0.625924174171301,0.0325687251390434,0.822852068575961,120,60,0.00500312695434647,"lower_better",209,"t",1,75,"yes","yes","",FALSE,TRUE,15,FALSE,TRUE,"mrts"
